,PERMNO,NAMEENDT,SHRCD,EXCHCD,SICCD,NCUSIP,TICKER,COMNAM,TSYMBOL,NAICS,PRIMEXCH,TRDSTAT,SECSTAT,PERMCO,HEXCD,HSICCD,CUSIP,DLSTCD,NEXTDT,HSICMG,HSICIG,DISTCD,DIVAMT,FACPR,ACPERM,NWPERM,DLPRC,PRC,RET,SHROUT,CFACPR,OPENPRC,MARKETCAP,TAQ_TICKER,pNYSE_size,pNYSE_value,pNYSE_prof,pNYSE_dur,pNYSE_valprof,pNYSE_fscore,pNYSE_debtiss,pNYSE_repurch,pNYSE_nissa,pNYSE_accruals,pNYSE_growth,pNYSE_aturnover,pNYSE_gmargins,pNYSE_divp,pNYSE_ep,pNYSE_cfp,pNYSE_noa,pNYSE_inv,pNYSE_invcap,pNYSE_igrowth,pNYSE_sgrowth,pNYSE_lev,pNYSE_roaa,pNYSE_roea,pNYSE_sp,pNYSE_gltnoa,pNYSE_divg,pNYSE_invaci,pNYSE_mom,pNYSE_indmom,pNYSE_valmom,pNYSE_valmomprof,pNYSE_shortint,pNYSE_mom12,pNYSE_momrev,pNYSE_lrrev,pNYSE_valuem,pNYSE_nissm,pNYSE_sue,pNYSE_roe,pNYSE_rome,pNYSE_roa,pNYSE_strev,pNYSE_ivol,pNYSE_betaarb,pNYSE_season,pNYSE_indrrev,pNYSE_indrrevlv,pNYSE_indmomrev,pNYSE_ciss,pNYSE_price,pNYSE_age,pNYSE_shvol,pNYSE_exchsw,pNYSE_ipo
2005-01-03,53663,,11,1,4911.0,90274810,UIL,U I L HOLDINGS CORP,UIL,221119.0,N,A,R,21819,1,4931.0,90274810.0,,,49.0,493.0,,,,,,,50.15,-0.022417,14556.0,1.666667,51.55,729983.4,UIL,8.0,10.0,1.0,,6.0,1,1.0,1.0,7.0,2.0,6.0,3.0,2.0,10.0,5.0,9.0,7.0,8.0,8.0,7.0,10.0,8.0,4.0,3.0,8.0,1.0,4.0,,8.0,9.0,10.0,8.0,4.0,7.0,10.0,7.0,10.0,6.0,,4.0,9.0,5.0,9.0,10.0,9.0,5.0,9.0,9.0,10.0,10.0,9.0,3,7.0,10,1
2005-01-04,53663,,11,1,4911.0,90274810,UIL,U I L HOLDINGS CORP,UIL,221119.0,N,A,R,21819,1,4931.0,90274810.0,,,49.0,493.0,,,,,,,49.8,-0.006979,14556.0,1.666667,50.05,724888.8,UIL,8.0,10.0,1.0,,6.0,1,1.0,1.0,7.0,2.0,6.0,3.0,2.0,10.0,5.0,9.0,7.0,8.0,8.0,7.0,10.0,8.0,4.0,3.0,8.0,1.0,4.0,,8.0,9.0,10.0,8.0,4.0,7.0,10.0,7.0,10.0,6.0,,4.0,9.0,5.0,9.0,10.0,9.0,5.0,9.0,9.0,10.0,10.0,9.0,3,7.0,10,1
2005-01-05,53663,,11,1,4911.0,90274810,UIL,U I L HOLDINGS CORP,UIL,221119.0,N,A,R,21819,1,4931.0,90274810.0,,,49.0,493.0,,,,,,,48.87,-0.018675,14556.0,1.666667,49.55,711351.72,UIL,8.0,10.0,1.0,,6.0,1,1.0,1.0,7.0,2.0,6.0,3.0,2.0,10.0,5.0,9.0,7.0,8.0,8.0,7.0,10.0,8.0,4.0,3.0,8.0,1.0,4.0,,8.0,9.0,10.0,8.0,4.0,7.0,10.0,7.0,10.0,6.0,,4.0,9.0,5.0,9.0,10.0,9.0,5.0,9.0,9.0,10.0,10.0,9.0,3,7.0,10,1
2005-01-06,53663,,11,1,4911.0,90274810,UIL,U I L HOLDINGS CORP,UIL,221119.0,N,A,R,21819,1,4931.0,90274810.0,,,49.0,493.0,,,,,,,48.55,-0.006548,14556.0,1.666667,48.77,706693.8,UIL,8.0,10.0,1.0,,6.0,1,1.0,1.0,7.0,2.0,6.0,3.0,2.0,10.0,5.0,9.0,7.0,8.0,8.0,7.0,10.0,8.0,4.0,3.0,8.0,1.0,4.0,,8.0,9.0,10.0,8.0,4.0,7.0,10.0,7.0,10.0,6.0,,4.0,9.0,5.0,9.0,10.0,9.0,5.0,9.0,9.0,10.0,10.0,9.0,3,7.0,10,1
2005-01-07,53663,,11,1,4911.0,90274810,UIL,U I L HOLDINGS CORP,UIL,221119.0,N,A,R,21819,1,4931.0,90274810.0,,,49.0,493.0,,,,,,,48.37,-0.003708,14556.0,1.666667,48.6,704073.72,UIL,8.0,10.0,1.0,,6.0,1,1.0,1.0,7.0,2.0,6.0,3.0,2.0,10.0,5.0,9.0,7.0,8.0,8.0,7.0,10.0,8.0,4.0,3.0,8.0,1.0,4.0,,8.0,9.0,10.0,8.0,4.0,7.0,10.0,7.0,10.0,6.0,,4.0,9.0,5.0,9.0,10.0,9.0,5.0,9.0,9.0,10.0,10.0,9.0,3,7.0,10,1
2005-01-10,53663,,11,1,4911.0,90274810,UIL,U I L HOLDINGS CORP,UIL,221119.0,N,A,R,21819,1,4931.0,90274810.0,,,49.0,493.0,,,,,,,48.61,0.004962,14556.0,1.666667,48.36,707567.16,UIL,8.0,10.0,1.0,,6.0,1,1.0,1.0,7.0,2.0,6.0,3.0,2.0,10.0,5.0,9.0,7.0,8.0,8.0,7.0,10.0,8.0,4.0,3.0,8.0,1.0,4.0,,8.0,9.0,10.0,8.0,4.0,7.0,10.0,7.0,10.0,6.0,,4.0,9.0,5.0,9.0,10.0,9.0,5.0,9.0,9.0,10.0,10.0,9.0,3,7.0,10,1
2005-01-11,53663,,11,1,4911.0,90274810,UIL,U I L HOLDINGS CORP,UIL,221119.0,N,A,R,21819,1,4931.0,90274810.0,,,49.0,493.0,,,,,,,48.37,-0.004937,14556.0,1.666667,48.62,704073.72,UIL,8.0,10.0,1.0,,6.0,1,1.0,1.0,7.0,2.0,6.0,3.0,2.0,10.0,5.0,9.0,7.0,8.0,8.0,7.0,10.0,8.0,4.0,3.0,8.0,1.0,4.0,,8.0,9.0,10.0,8.0,4.0,7.0,10.0,7.0,10.0,6.0,,4.0,9.0,5.0,9.0,10.0,9.0,5.0,9.0,9.0,10.0,10.0,9.0,3,7.0,10,1
2005-01-12,53663,,11,1,4911.0,90274810,UIL,U I L HOLDINGS CORP,UIL,221119.0,N,A,R,21819,1,4931.0,90274810.0,,,49.0,493.0,,,,,,,48.28,-0.001861,14556.0,1.666667,48.45,702763.68,UIL,8.0,10.0,1.0,,6.0,1,1.0,1.0,7.0,2.0,6.0,3.0,2.0,10.0,5.0,9.0,7.0,8.0,8.0,7.0,10.0,8.0,4.0,3.0,8.0,1.0,4.0,,8.0,9.0,10.0,8.0,4.0,7.0,10.0,7.0,10.0,6.0,,4.0,9.0,5.0,9.0,10.0,9.0,5.0,9.0,9.0,10.0,10.0,9.0,3,7.0,10,1
2005-01-13,53663,,11,1,4911.0,90274810,UIL,U I L HOLDINGS CORP,UIL,221119.0,N,A,R,21819,1,4931.0,90274810.0,,,49.0,493.0,,,,,,,48.21,-0.00145,14556.0,1.666667,48.2,701744.76,UIL,8.0,10.0,1.0,,6.0,1,1.0,1.0,7.0,2.0,6.0,3.0,2.0,10.0,5.0,9.0,7.0,8.0,8.0,7.0,10.0,8.0,4.0,3.0,8.0,1.0,4.0,,8.0,9.0,10.0,8.0,4.0,7.0,10.0,7.0,10.0,6.0,,4.0,9.0,5.0,9.0,10.0,9.0,5.0,9.0,9.0,10.0,10.0,9.0,3,7.0,10,1
2005-01-14,53663,,11,1,4911.0,90274810,UIL,U I L HOLDINGS CORP,UIL,221119.0,N,A,R,21819,1,4931.0,90274810.0,,,49.0,493.0,,,,,,,48.44,0.004771,14556.0,1.666667,48.17,705092.64,UIL,8.0,10.0,1.0,,6.0,1,1.0,1.0,7.0,2.0,6.0,3.0,2.0,10.0,5.0,9.0,7.0,8.0,8.0,7.0,10.0,8.0,4.0,3.0,8.0,1.0,4.0,,8.0,9.0,10.0,8.0,4.0,7.0,10.0,7.0,10.0,6.0,,4.0,9.0,5.0,9.0,10.0,9.0,5.0,9.0,9.0,10.0,10.0,9.0,3,7.0,10,1
2005-01-18,53663,,11,1,4911.0,90274810,UIL,U I L HOLDINGS CORP,UIL,221119.0,N,A,R,21819,1,4931.0,90274810.0,,,49.0,493.0,,,,,,,48.98,0.011148,14556.0,1.666667,48.31,712952.88,UIL,8.0,10.0,1.0,,6.0,1,1.0,1.0,7.0,2.0,6.0,3.0,2.0,10.0,5.0,9.0,7.0,8.0,8.0,7.0,10.0,8.0,4.0,3.0,8.0,1.0,4.0,,8.0,9.0,10.0,8.0,4.0,7.0,10.0,7.0,10.0,6.0,,4.0,9.0,5.0,9.0,10.0,9.0,5.0,9.0,9.0,10.0,10.0,9.0,3,7.0,10,1
2005-01-19,53663,,11,1,4911.0,90274810,UIL,U I L HOLDINGS CORP,UIL,221119.0,N,A,R,21819,1,4931.0,90274810.0,,,49.0,493.0,,,,,,,48.52,-0.009392,14556.0,1.666667,49.15,706257.12,UIL,8.0,10.0,1.0,,6.0,1,1.0,1.0,7.0,2.0,6.0,3.0,2.0,10.0,5.0,9.0,7.0,8.0,8.0,7.0,10.0,8.0,4.0,3.0,8.0,1.0,4.0,,8.0,9.0,10.0,8.0,4.0,7.0,10.0,7.0,10.0,6.0,,4.0,9.0,5.0,9.0,10.0,9.0,5.0,9.0,9.0,10.0,10.0,9.0,3,7.0,10,1
2005-01-20,53663,,11,1,4911.0,90274810,UIL,U I L HOLDINGS CORP,UIL,221119.0,N,A,R,21819,1,4931.0,90274810.0,,,49.0,493.0,,,,,,,48.25,-0.005565,14556.0,1.666667,48.42,702327.0,UIL,8.0,10.0,1.0,,6.0,1,1.0,1.0,7.0,2.0,6.0,3.0,2.0,10.0,5.0,9.0,7.0,8.0,8.0,7.0,10.0,8.0,4.0,3.0,8.0,1.0,4.0,,8.0,9.0,10.0,8.0,4.0,7.0,10.0,7.0,10.0,6.0,,4.0,9.0,5.0,9.0,10.0,9.0,5.0,9.0,9.0,10.0,10.0,9.0,3,7.0,10,1
2005-01-21,53663,,11,1,4911.0,90274810,UIL,U I L HOLDINGS CORP,UIL,221119.0,N,A,R,21819,1,4931.0,90274810.0,,,49.0,493.0,,,,,,,48.25,0.0,14556.0,1.666667,48.25,702327.0,UIL,8.0,10.0,1.0,,6.0,1,1.0,1.0,7.0,2.0,6.0,3.0,2.0,10.0,5.0,9.0,7.0,8.0,8.0,7.0,10.0,8.0,4.0,3.0,8.0,1.0,4.0,,8.0,9.0,10.0,8.0,4.0,7.0,10.0,7.0,10.0,6.0,,4.0,9.0,5.0,9.0,10.0,9.0,5.0,9.0,9.0,10.0,10.0,9.0,3,7.0,10,1
2005-01-24,53663,,11,1,4911.0,90274810,UIL,U I L HOLDINGS CORP,UIL,221119.0,N,A,R,21819,1,4931.0,90274810.0,,,49.0,493.0,,,,,,,48.22,-0.000622,14556.0,1.666667,48.3,701890.32,UIL,8.0,10.0,1.0,,6.0,1,1.0,1.0,7.0,2.0,6.0,3.0,2.0,10.0,5.0,9.0,7.0,8.0,8.0,7.0,10.0,8.0,4.0,3.0,8.0,1.0,4.0,,8.0,9.0,10.0,8.0,4.0,7.0,10.0,7.0,10.0,6.0,,4.0,9.0,5.0,9.0,10.0,9.0,5.0,9.0,9.0,10.0,10.0,9.0,3,7.0,10,1
2005-01-25,53663,,11,1,4911.0,90274810,UIL,U I L HOLDINGS CORP,UIL,221119.0,N,A,R,21819,1,4931.0,90274810.0,,,49.0,493.0,,,,,,,48.23,0.000207,14556.0,1.666667,48.22,702035.88,UIL,8.0,10.0,1.0,,6.0,1,1.0,1.0,7.0,2.0,6.0,3.0,2.0,10.0,5.0,9.0,7.0,8.0,8.0,7.0,10.0,8.0,4.0,3.0,8.0,1.0,4.0,,8.0,9.0,10.0,8.0,4.0,7.0,10.0,7.0,10.0,6.0,,4.0,9.0,5.0,9.0,10.0,9.0,5.0,9.0,9.0,10.0,10.0,9.0,3,7.0,10,1
2005-01-26,53663,,11,1,4911.0,90274810,UIL,U I L HOLDINGS CORP,UIL,221119.0,N,A,R,21819,1,4931.0,90274810.0,,,49.0,493.0,,,,,,,48.7,0.009745,14556.0,1.666667,48.1,708877.2,UIL,8.0,10.0,1.0,,6.0,1,1.0,1.0,7.0,2.0,6.0,3.0,2.0,10.0,5.0,9.0,7.0,8.0,8.0,7.0,10.0,8.0,4.0,3.0,8.0,1.0,4.0,,8.0,9.0,10.0,8.0,4.0,7.0,10.0,7.0,10.0,6.0,,4.0,9.0,5.0,9.0,10.0,9.0,5.0,9.0,9.0,10.0,10.0,9.0,3,7.0,10,1
2005-01-27,53663,,11,1,4911.0,90274810,UIL,U I L HOLDINGS CORP,UIL,221119.0,N,A,R,21819,1,4931.0,90274810.0,,,49.0,493.0,,,,,,,48.96,0.005339,14556.0,1.666667,48.7,712661.76,UIL,8.0,10.0,1.0,,6.0,1,1.0,1.0,7.0,2.0,6.0,3.0,2.0,10.0,5.0,9.0,7.0,8.0,8.0,7.0,10.0,8.0,4.0,3.0,8.0,1.0,4.0,,8.0,9.0,10.0,8.0,4.0,7.0,10.0,7.0,10.0,6.0,,4.0,9.0,5.0,9.0,10.0,9.0,5.0,9.0,9.0,10.0,10.0,9.0,3,7.0,10,1
2005-01-28,53663,,11,1,4911.0,90274810,UIL,U I L HOLDINGS CORP,UIL,221119.0,N,A,R,21819,1,4931.0,90274810.0,,,49.0,493.0,,,,,,,48.82,-0.002859,14556.0,1.666667,48.96,710623.92,UIL,8.0,10.0,1.0,,6.0,1,1.0,1.0,7.0,2.0,6.0,3.0,2.0,10.0,5.0,9.0,7.0,8.0,8.0,7.0,10.0,8.0,4.0,3.0,8.0,1.0,4.0,,8.0,9.0,10.0,8.0,4.0,7.0,10.0,7.0,10.0,6.0,,4.0,9.0,5.0,9.0,10.0,9.0,5.0,9.0,9.0,10.0,10.0,9.0,3,7.0,10,1
2005-01-31,53663,,11,1,4911.0,90274810,UIL,U I L HOLDINGS CORP,UIL,221119.0,N,A,R,21819,1,4931.0,90274810.0,,,49.0,493.0,,,,,,,49.35,0.010856,14556.0,1.666667,49.35,718338.6,UIL,8.0,10.0,1.0,,6.0,1,1.0,1.0,7.0,2.0,6.0,3.0,2.0,10.0,5.0,9.0,7.0,8.0,8.0,7.0,10.0,8.0,4.0,3.0,8.0,1.0,4.0,,8.0,9.0,10.0,8.0,4.0,7.0,10.0,7.0,10.0,6.0,,4.0,9.0,5.0,9.0,10.0,9.0,5.0,9.0,9.0,10.0,10.0,9.0,3,7.0,10,1
2005-02-01,53663,,11,1,4911.0,90274810,UIL,U I L HOLDINGS CORP,UIL,221119.0,N,A,R,21819,1,4931.0,90274810.0,,,49.0,493.0,,,,,,,49.61,0.005269,14556.0,1.666667,49.3,722123.16,UIL,8.0,10.0,1.0,,6.0,1,1.0,1.0,7.0,2.0,6.0,3.0,2.0,10.0,5.0,9.0,7.0,8.0,8.0,7.0,10.0,8.0,4.0,3.0,8.0,1.0,4.0,,4.0,9.0,8.0,5.0,2.0,5.0,7.0,7.0,10.0,6.0,,,,,7.0,10.0,9.0,4.0,9.0,9.0,10.0,7.0,9.0,3,6.0,10,1
2005-02-02,53663,,11,1,4911.0,90274810,UIL,U I L HOLDINGS CORP,UIL,221119.0,N,A,R,21819,1,4931.0,90274810.0,,,49.0,493.0,,,,,,,50.0,0.007861,14556.0,1.666667,49.7,727800.0,UIL,8.0,10.0,1.0,,6.0,1,1.0,1.0,7.0,2.0,6.0,3.0,2.0,10.0,5.0,9.0,7.0,8.0,8.0,7.0,10.0,8.0,4.0,3.0,8.0,1.0,4.0,,4.0,9.0,8.0,5.0,2.0,5.0,7.0,7.0,10.0,6.0,,,,,7.0,10.0,9.0,4.0,9.0,9.0,10.0,7.0,9.0,3,6.0,10,1
2005-02-03,53663,,11,1,4911.0,90274810,UIL,U I L HOLDINGS CORP,UIL,221119.0,N,A,R,21819,1,4931.0,90274810.0,,,49.0,493.0,,,,,,,49.76,-0.0048,14556.0,1.666667,49.85,724306.56,UIL,8.0,10.0,1.0,,6.0,1,1.0,1.0,7.0,2.0,6.0,3.0,2.0,10.0,5.0,9.0,7.0,8.0,8.0,7.0,10.0,8.0,4.0,3.0,8.0,1.0,4.0,,4.0,9.0,8.0,5.0,2.0,5.0,7.0,7.0,10.0,6.0,,,,,7.0,10.0,9.0,4.0,9.0,9.0,10.0,7.0,9.0,3,6.0,10,1
2005-02-04,53663,,11,1,4911.0,90274810,UIL,U I L HOLDINGS CORP,UIL,221119.0,N,A,R,21819,1,4931.0,90274810.0,,,49.0,493.0,,,,,,,50.23,0.009445,14556.0,1.666667,49.85,731147.88,UIL,8.0,10.0,1.0,,6.0,1,1.0,1.0,7.0,2.0,6.0,3.0,2.0,10.0,5.0,9.0,7.0,8.0,8.0,7.0,10.0,8.0,4.0,3.0,8.0,1.0,4.0,,4.0,9.0,8.0,5.0,2.0,5.0,7.0,7.0,10.0,6.0,,,,,7.0,10.0,9.0,4.0,9.0,9.0,10.0,7.0,9.0,3,6.0,10,1
2005-02-07,53663,,11,1,4911.0,90274810,UIL,U I L HOLDINGS CORP,UIL,221119.0,N,A,R,21819,1,4931.0,90274810.0,,,49.0,493.0,,,,,,,49.81,-0.008362,14556.0,1.666667,50.23,725034.36,UIL,8.0,10.0,1.0,,6.0,1,1.0,1.0,7.0,2.0,6.0,3.0,2.0,10.0,5.0,9.0,7.0,8.0,8.0,7.0,10.0,8.0,4.0,3.0,8.0,1.0,4.0,,4.0,9.0,8.0,5.0,2.0,5.0,7.0,7.0,10.0,6.0,,,,,7.0,10.0,9.0,4.0,9.0,9.0,10.0,7.0,9.0,3,6.0,10,1
2005-02-08,53663,,11,1,4911.0,90274810,UIL,U I L HOLDINGS CORP,UIL,221119.0,N,A,R,21819,1,4931.0,90274810.0,,,49.0,493.0,,,,,,,49.86,0.001004,14556.0,1.666667,49.66,725762.16,UIL,8.0,10.0,1.0,,6.0,1,1.0,1.0,7.0,2.0,6.0,3.0,2.0,10.0,5.0,9.0,7.0,8.0,8.0,7.0,10.0,8.0,4.0,3.0,8.0,1.0,4.0,,4.0,9.0,8.0,5.0,2.0,5.0,7.0,7.0,10.0,6.0,,,,,7.0,10.0,9.0,4.0,9.0,9.0,10.0,7.0,9.0,3,6.0,10,1
2005-02-09,53663,,11,1,4911.0,90274810,UIL,U I L HOLDINGS CORP,UIL,221119.0,N,A,R,21819,1,4931.0,90274810.0,,,49.0,493.0,,,,,,,49.58,-0.005616,14556.0,1.666667,50.85,721686.48,UIL,8.0,10.0,1.0,,6.0,1,1.0,1.0,7.0,2.0,6.0,3.0,2.0,10.0,5.0,9.0,7.0,8.0,8.0,7.0,10.0,8.0,4.0,3.0,8.0,1.0,4.0,,4.0,9.0,8.0,5.0,2.0,5.0,7.0,7.0,10.0,6.0,,,,,7.0,10.0,9.0,4.0,9.0,9.0,10.0,7.0,9.0,3,6.0,10,1
2005-02-10,53663,,11,1,4911.0,90274810,UIL,U I L HOLDINGS CORP,UIL,221119.0,N,A,R,21819,1,4931.0,90274810.0,,,49.0,493.0,,,,,,,49.53,-0.001009,14556.0,1.666667,49.58,720958.68,UIL,8.0,10.0,1.0,,6.0,1,1.0,1.0,7.0,2.0,6.0,3.0,2.0,10.0,5.0,9.0,7.0,8.0,8.0,7.0,10.0,8.0,4.0,3.0,8.0,1.0,4.0,,4.0,9.0,8.0,5.0,2.0,5.0,7.0,7.0,10.0,6.0,,,,,7.0,10.0,9.0,4.0,9.0,9.0,10.0,7.0,9.0,3,6.0,10,1
2005-02-11,53663,,11,1,4911.0,90274810,UIL,U I L HOLDINGS CORP,UIL,221119.0,N,A,R,21819,1,4931.0,90274810.0,,,49.0,493.0,,,,,,,49.4,-0.002625,14556.0,1.666667,49.43,719066.4,UIL,8.0,10.0,1.0,,6.0,1,1.0,1.0,7.0,2.0,6.0,3.0,2.0,10.0,5.0,9.0,7.0,8.0,8.0,7.0,10.0,8.0,4.0,3.0,8.0,1.0,4.0,,4.0,9.0,8.0,5.0,2.0,5.0,7.0,7.0,10.0,6.0,,,,,7.0,10.0,9.0,4.0,9.0,9.0,10.0,7.0,9.0,3,6.0,10,1
2005-02-14,53663,,11,1,4911.0,90274810,UIL,U I L HOLDINGS CORP,UIL,221119.0,N,A,R,21819,1,4931.0,90274810.0,,,49.0,493.0,,,,,,,48.99,-0.0083,14556.0,1.666667,49.3,713098.44,UIL,8.0,10.0,1.0,,6.0,1,1.0,1.0,7.0,2.0,6.0,3.0,2.0,10.0,5.0,9.0,7.0,8.0,8.0,7.0,10.0,8.0,4.0,3.0,8.0,1.0,4.0,,4.0,9.0,8.0,5.0,2.0,5.0,7.0,7.0,10.0,6.0,,,,,7.0,10.0,9.0,4.0,9.0,9.0,10.0,7.0,9.0,3,6.0,10,1
2005-02-15,53663,,11,1,4911.0,90274810,UIL,U I L HOLDINGS CORP,UIL,221119.0,N,A,R,21819,1,4931.0,90274810.0,,,49.0,493.0,,,,,,,48.9,-0.001837,14556.0,1.666667,49.0,711788.4,UIL,8.0,10.0,1.0,,6.0,1,1.0,1.0,7.0,2.0,6.0,3.0,2.0,10.0,5.0,9.0,7.0,8.0,8.0,7.0,10.0,8.0,4.0,3.0,8.0,1.0,4.0,,4.0,9.0,8.0,5.0,2.0,5.0,7.0,7.0,10.0,6.0,,,,,7.0,10.0,9.0,4.0,9.0,9.0,10.0,7.0,9.0,3,6.0,10,1
2005-02-16,53663,,11,1,4911.0,90274810,UIL,U I L HOLDINGS CORP,UIL,221119.0,N,A,R,21819,1,4931.0,90274810.0,,,49.0,493.0,,,,,,,49.51,0.012474,14556.0,1.666667,48.75,720667.56,UIL,8.0,10.0,1.0,,6.0,1,1.0,1.0,7.0,2.0,6.0,3.0,2.0,10.0,5.0,9.0,7.0,8.0,8.0,7.0,10.0,8.0,4.0,3.0,8.0,1.0,4.0,,4.0,9.0,8.0,5.0,2.0,5.0,7.0,7.0,10.0,6.0,,,,,7.0,10.0,9.0,4.0,9.0,9.0,10.0,7.0,9.0,3,6.0,10,1
2005-02-17,53663,,11,1,4911.0,90274810,UIL,U I L HOLDINGS CORP,UIL,221119.0,N,A,R,21819,1,4931.0,90274810.0,,,49.0,493.0,,,,,,,49.83,0.006463,14556.0,1.666667,49.73,725325.48,UIL,8.0,10.0,1.0,,6.0,1,1.0,1.0,7.0,2.0,6.0,3.0,2.0,10.0,5.0,9.0,7.0,8.0,8.0,7.0,10.0,8.0,4.0,3.0,8.0,1.0,4.0,,4.0,9.0,8.0,5.0,2.0,5.0,7.0,7.0,10.0,6.0,,,,,7.0,10.0,9.0,4.0,9.0,9.0,10.0,7.0,9.0,3,6.0,10,1
2005-02-18,53663,,11,1,4911.0,90274810,UIL,U I L HOLDINGS CORP,UIL,221119.0,N,A,R,21819,1,4931.0,90274810.0,,,49.0,493.0,,,,,,,49.8,-0.000602,14556.0,1.666667,49.9,724888.8,UIL,8.0,10.0,1.0,,6.0,1,1.0,1.0,7.0,2.0,6.0,3.0,2.0,10.0,5.0,9.0,7.0,8.0,8.0,7.0,10.0,8.0,4.0,3.0,8.0,1.0,4.0,,4.0,9.0,8.0,5.0,2.0,5.0,7.0,7.0,10.0,6.0,,,,,7.0,10.0,9.0,4.0,9.0,9.0,10.0,7.0,9.0,3,6.0,10,1
2005-02-22,53663,,11,1,4911.0,90274810,UIL,U I L HOLDINGS CORP,UIL,221119.0,N,A,R,21819,1,4931.0,90274810.0,,,49.0,493.0,,,,,,,49.25,-0.011044,14556.0,1.666667,49.75,716883.0,UIL,8.0,10.0,1.0,,6.0,1,1.0,1.0,7.0,2.0,6.0,3.0,2.0,10.0,5.0,9.0,7.0,8.0,8.0,7.0,10.0,8.0,4.0,3.0,8.0,1.0,4.0,,4.0,9.0,8.0,5.0,2.0,5.0,7.0,7.0,10.0,6.0,,,,,7.0,10.0,9.0,4.0,9.0,9.0,10.0,7.0,9.0,3,6.0,10,1
2005-02-23,53663,,11,1,4911.0,90274810,UIL,U I L HOLDINGS CORP,UIL,221119.0,N,A,R,21819,1,4931.0,90274810.0,,,49.0,493.0,,,,,,,48.6,-0.013198,14556.0,1.666667,49.3,707421.6,UIL,8.0,10.0,1.0,,6.0,1,1.0,1.0,7.0,2.0,6.0,3.0,2.0,10.0,5.0,9.0,7.0,8.0,8.0,7.0,10.0,8.0,4.0,3.0,8.0,1.0,4.0,,4.0,9.0,8.0,5.0,2.0,5.0,7.0,7.0,10.0,6.0,,,,,7.0,10.0,9.0,4.0,9.0,9.0,10.0,7.0,9.0,3,6.0,10,1
2005-02-24,53663,,11,1,4911.0,90274810,UIL,U I L HOLDINGS CORP,UIL,221119.0,N,A,R,21819,1,4931.0,90274810.0,,,49.0,493.0,,,,,,,48.68,0.001646,14556.0,1.666667,48.62,708586.08,UIL,8.0,10.0,1.0,,6.0,1,1.0,1.0,7.0,2.0,6.0,3.0,2.0,10.0,5.0,9.0,7.0,8.0,8.0,7.0,10.0,8.0,4.0,3.0,8.0,1.0,4.0,,4.0,9.0,8.0,5.0,2.0,5.0,7.0,7.0,10.0,6.0,,,,,7.0,10.0,9.0,4.0,9.0,9.0,10.0,7.0,9.0,3,6.0,10,1
2005-02-25,53663,,11,1,4911.0,90274810,UIL,U I L HOLDINGS CORP,UIL,221119.0,N,A,R,21819,1,4931.0,90274810.0,,,49.0,493.0,,,,,,,50.02,0.027527,14556.0,1.666667,49.03,728091.12,UIL,8.0,10.0,1.0,,6.0,1,1.0,1.0,7.0,2.0,6.0,3.0,2.0,10.0,5.0,9.0,7.0,8.0,8.0,7.0,10.0,8.0,4.0,3.0,8.0,1.0,4.0,,4.0,9.0,8.0,5.0,2.0,5.0,7.0,7.0,10.0,6.0,,,,,7.0,10.0,9.0,4.0,9.0,9.0,10.0,7.0,9.0,3,6.0,10,1
2005-02-28,53663,,11,1,4911.0,90274810,UIL,U I L HOLDINGS CORP,UIL,221119.0,N,A,R,21819,1,4931.0,90274810.0,,,49.0,493.0,,,,,,,50.1,0.001599,14639.0,1.666667,50.01,733413.9,UIL,8.0,10.0,1.0,,6.0,1,1.0,1.0,7.0,2.0,6.0,3.0,2.0,10.0,5.0,9.0,7.0,8.0,8.0,7.0,10.0,8.0,4.0,3.0,8.0,1.0,4.0,,4.0,9.0,8.0,5.0,2.0,5.0,7.0,7.0,10.0,6.0,,,,,7.0,10.0,9.0,4.0,9.0,9.0,10.0,7.0,9.0,3,6.0,10,1
2005-03-01,53663,,11,1,4911.0,90274810,UIL,U I L HOLDINGS CORP,UIL,221119.0,N,A,R,21819,1,4931.0,90274810.0,,,49.0,493.0,,,,,,,50.28,0.003593,14639.0,1.666667,50.1,736048.92,UIL,8.0,10.0,1.0,,6.0,1,1.0,1.0,7.0,2.0,6.0,3.0,2.0,10.0,5.0,9.0,7.0,8.0,8.0,7.0,10.0,8.0,4.0,3.0,8.0,1.0,4.0,,5.0,7.0,8.0,5.0,2.0,5.0,3.0,6.0,10.0,5.0,,2.0,2.0,2.0,6.0,10.0,9.0,5.0,6.0,6.0,8.0,8.0,9.0,3,6.0,10,1
2005-03-02,53663,,11,1,4911.0,90274810,UIL,U I L HOLDINGS CORP,UIL,221119.0,N,A,R,21819,1,4931.0,90274810.0,,,49.0,493.0,,,,,,,49.95,-0.006563,14639.0,1.666667,50.1,731218.05,UIL,8.0,10.0,1.0,,6.0,1,1.0,1.0,7.0,2.0,6.0,3.0,2.0,10.0,5.0,9.0,7.0,8.0,8.0,7.0,10.0,8.0,4.0,3.0,8.0,1.0,4.0,,5.0,7.0,8.0,5.0,2.0,5.0,3.0,6.0,10.0,5.0,,2.0,2.0,2.0,6.0,10.0,9.0,5.0,6.0,6.0,8.0,8.0,9.0,3,6.0,10,1
2005-03-03,53663,,11,1,4911.0,90274810,UIL,U I L HOLDINGS CORP,UIL,221119.0,N,A,R,21819,1,4931.0,90274810.0,,,49.0,493.0,,,,,,,50.95,0.02002,14639.0,1.666667,50.2,745857.05,UIL,8.0,10.0,1.0,,6.0,1,1.0,1.0,7.0,2.0,6.0,3.0,2.0,10.0,5.0,9.0,7.0,8.0,8.0,7.0,10.0,8.0,4.0,3.0,8.0,1.0,4.0,,5.0,7.0,8.0,5.0,2.0,5.0,3.0,6.0,10.0,5.0,,2.0,2.0,2.0,6.0,10.0,9.0,5.0,6.0,6.0,8.0,8.0,9.0,3,6.0,10,1
2005-03-04,53663,,11,1,4911.0,90274810,UIL,U I L HOLDINGS CORP,UIL,221119.0,N,A,R,21819,1,4931.0,90274810.0,,,49.0,493.0,1232.0,0.72,0.0,,,,51.4,0.022964,14639.0,1.666667,50.03,752444.6,UIL,8.0,10.0,1.0,,6.0,1,1.0,1.0,7.0,2.0,6.0,3.0,2.0,10.0,5.0,9.0,7.0,8.0,8.0,7.0,10.0,8.0,4.0,3.0,8.0,1.0,4.0,,5.0,7.0,8.0,5.0,2.0,5.0,3.0,6.0,10.0,5.0,,2.0,2.0,2.0,6.0,10.0,9.0,5.0,6.0,6.0,8.0,8.0,9.0,3,6.0,10,1
2005-03-07,53663,,11,1,4911.0,90274810,UIL,U I L HOLDINGS CORP,UIL,221119.0,N,A,R,21819,1,4931.0,90274810.0,,,49.0,493.0,,,,,,,51.75,0.006809,14639.0,1.666667,51.41,757568.25,UIL,8.0,10.0,1.0,,6.0,1,1.0,1.0,7.0,2.0,6.0,3.0,2.0,10.0,5.0,9.0,7.0,8.0,8.0,7.0,10.0,8.0,4.0,3.0,8.0,1.0,4.0,,5.0,7.0,8.0,5.0,2.0,5.0,3.0,6.0,10.0,5.0,,2.0,2.0,2.0,6.0,10.0,9.0,5.0,6.0,6.0,8.0,8.0,9.0,3,6.0,10,1
2005-03-08,53663,,11,1,4911.0,90274810,UIL,U I L HOLDINGS CORP,UIL,221119.0,N,A,R,21819,1,4931.0,90274810.0,,,49.0,493.0,,,,,,,51.67,-0.001546,14639.0,1.666667,51.76,756397.13,UIL,8.0,10.0,1.0,,6.0,1,1.0,1.0,7.0,2.0,6.0,3.0,2.0,10.0,5.0,9.0,7.0,8.0,8.0,7.0,10.0,8.0,4.0,3.0,8.0,1.0,4.0,,5.0,7.0,8.0,5.0,2.0,5.0,3.0,6.0,10.0,5.0,,2.0,2.0,2.0,6.0,10.0,9.0,5.0,6.0,6.0,8.0,8.0,9.0,3,6.0,10,1
2005-03-09,53663,,11,1,4911.0,90274810,UIL,U I L HOLDINGS CORP,UIL,221119.0,N,A,R,21819,1,4931.0,90274810.0,,,49.0,493.0,,,,,,,50.86,-0.015676,14639.0,1.666667,51.6,744539.54,UIL,8.0,10.0,1.0,,6.0,1,1.0,1.0,7.0,2.0,6.0,3.0,2.0,10.0,5.0,9.0,7.0,8.0,8.0,7.0,10.0,8.0,4.0,3.0,8.0,1.0,4.0,,5.0,7.0,8.0,5.0,2.0,5.0,3.0,6.0,10.0,5.0,,2.0,2.0,2.0,6.0,10.0,9.0,5.0,6.0,6.0,8.0,8.0,9.0,3,6.0,10,1
2005-03-10,53663,,11,1,4911.0,90274810,UIL,U I L HOLDINGS CORP,UIL,221119.0,N,A,R,21819,1,4931.0,90274810.0,,,49.0,493.0,,,,,,,50.72,-0.002753,14639.0,1.666667,50.9,742490.08,UIL,8.0,10.0,1.0,,6.0,1,1.0,1.0,7.0,2.0,6.0,3.0,2.0,10.0,5.0,9.0,7.0,8.0,8.0,7.0,10.0,8.0,4.0,3.0,8.0,1.0,4.0,,5.0,7.0,8.0,5.0,2.0,5.0,3.0,6.0,10.0,5.0,,2.0,2.0,2.0,6.0,10.0,9.0,5.0,6.0,6.0,8.0,8.0,9.0,3,6.0,10,1
2005-03-11,53663,,11,1,4911.0,90274810,UIL,U I L HOLDINGS CORP,UIL,221119.0,N,A,R,21819,1,4931.0,90274810.0,,,49.0,493.0,,,,,,,50.63,-0.001774,14639.0,1.666667,50.55,741172.57,UIL,8.0,10.0,1.0,,6.0,1,1.0,1.0,7.0,2.0,6.0,3.0,2.0,10.0,5.0,9.0,7.0,8.0,8.0,7.0,10.0,8.0,4.0,3.0,8.0,1.0,4.0,,5.0,7.0,8.0,5.0,2.0,5.0,3.0,6.0,10.0,5.0,,2.0,2.0,2.0,6.0,10.0,9.0,5.0,6.0,6.0,8.0,8.0,9.0,3,6.0,10,1
2005-03-14,53663,,11,1,4911.0,90274810,UIL,U I L HOLDINGS CORP,UIL,221119.0,N,A,R,21819,1,4931.0,90274810.0,,,49.0,493.0,,,,,,,51.35,0.014221,14639.0,1.666667,50.6,751712.65,UIL,8.0,10.0,1.0,,6.0,1,1.0,1.0,7.0,2.0,6.0,3.0,2.0,10.0,5.0,9.0,7.0,8.0,8.0,7.0,10.0,8.0,4.0,3.0,8.0,1.0,4.0,,5.0,7.0,8.0,5.0,2.0,5.0,3.0,6.0,10.0,5.0,,2.0,2.0,2.0,6.0,10.0,9.0,5.0,6.0,6.0,8.0,8.0,9.0,3,6.0,10,1
2005-03-15,53663,,11,1,4911.0,90274810,UIL,U I L HOLDINGS CORP,UIL,221119.0,N,A,R,21819,1,4931.0,90274810.0,,,49.0,493.0,,,,,,,51.0,-0.006816,14639.0,1.666667,51.43,746589.0,UIL,8.0,10.0,1.0,,6.0,1,1.0,1.0,7.0,2.0,6.0,3.0,2.0,10.0,5.0,9.0,7.0,8.0,8.0,7.0,10.0,8.0,4.0,3.0,8.0,1.0,4.0,,5.0,7.0,8.0,5.0,2.0,5.0,3.0,6.0,10.0,5.0,,2.0,2.0,2.0,6.0,10.0,9.0,5.0,6.0,6.0,8.0,8.0,9.0,3,6.0,10,1
2005-03-16,53663,,11,1,4911.0,90274810,UIL,U I L HOLDINGS CORP,UIL,221119.0,N,A,R,21819,1,4931.0,90274810.0,,,49.0,493.0,,,,,,,50.65,-0.006863,14639.0,1.666667,51.01,741465.35,UIL,8.0,10.0,1.0,,6.0,1,1.0,1.0,7.0,2.0,6.0,3.0,2.0,10.0,5.0,9.0,7.0,8.0,8.0,7.0,10.0,8.0,4.0,3.0,8.0,1.0,4.0,,5.0,7.0,8.0,5.0,2.0,5.0,3.0,6.0,10.0,5.0,,2.0,2.0,2.0,6.0,10.0,9.0,5.0,6.0,6.0,8.0,8.0,9.0,3,6.0,10,1
2005-03-17,53663,,11,1,4911.0,90274810,UIL,U I L HOLDINGS CORP,UIL,221119.0,N,A,R,21819,1,4931.0,90274810.0,,,49.0,493.0,,,,,,,50.98,0.006515,14639.0,1.666667,50.4,746296.22,UIL,8.0,10.0,1.0,,6.0,1,1.0,1.0,7.0,2.0,6.0,3.0,2.0,10.0,5.0,9.0,7.0,8.0,8.0,7.0,10.0,8.0,4.0,3.0,8.0,1.0,4.0,,5.0,7.0,8.0,5.0,2.0,5.0,3.0,6.0,10.0,5.0,,2.0,2.0,2.0,6.0,10.0,9.0,5.0,6.0,6.0,8.0,8.0,9.0,3,6.0,10,1
2005-03-18,53663,,11,1,4911.0,90274810,UIL,U I L HOLDINGS CORP,UIL,221119.0,N,A,R,21819,1,4931.0,90274810.0,,,49.0,493.0,,,,,,,50.25,-0.014319,14639.0,1.666667,50.99,735609.75,UIL,8.0,10.0,1.0,,6.0,1,1.0,1.0,7.0,2.0,6.0,3.0,2.0,10.0,5.0,9.0,7.0,8.0,8.0,7.0,10.0,8.0,4.0,3.0,8.0,1.0,4.0,,5.0,7.0,8.0,5.0,2.0,5.0,3.0,6.0,10.0,5.0,,2.0,2.0,2.0,6.0,10.0,9.0,5.0,6.0,6.0,8.0,8.0,9.0,3,6.0,10,1
2005-03-21,53663,,11,1,4911.0,90274810,UIL,U I L HOLDINGS CORP,UIL,221119.0,N,A,R,21819,1,4931.0,90274810.0,,,49.0,493.0,,,,,,,50.7,0.008955,14639.0,1.666667,50.28,742197.3,UIL,8.0,10.0,1.0,,6.0,1,1.0,1.0,7.0,2.0,6.0,3.0,2.0,10.0,5.0,9.0,7.0,8.0,8.0,7.0,10.0,8.0,4.0,3.0,8.0,1.0,4.0,,5.0,7.0,8.0,5.0,2.0,5.0,3.0,6.0,10.0,5.0,,2.0,2.0,2.0,6.0,10.0,9.0,5.0,6.0,6.0,8.0,8.0,9.0,3,6.0,10,1
2005-03-22,53663,,11,1,4911.0,90274810,UIL,U I L HOLDINGS CORP,UIL,221119.0,N,A,R,21819,1,4931.0,90274810.0,,,49.0,493.0,,,,,,,49.91,-0.015582,14639.0,1.666667,50.5,730632.49,UIL,8.0,10.0,1.0,,6.0,1,1.0,1.0,7.0,2.0,6.0,3.0,2.0,10.0,5.0,9.0,7.0,8.0,8.0,7.0,10.0,8.0,4.0,3.0,8.0,1.0,4.0,,5.0,7.0,8.0,5.0,2.0,5.0,3.0,6.0,10.0,5.0,,2.0,2.0,2.0,6.0,10.0,9.0,5.0,6.0,6.0,8.0,8.0,9.0,3,6.0,10,1
2005-03-23,53663,,11,1,4911.0,90274810,UIL,U I L HOLDINGS CORP,UIL,221119.0,N,A,R,21819,1,4931.0,90274810.0,,,49.0,493.0,,,,,,,49.24,-0.013424,14639.0,1.666667,49.66,720824.36,UIL,8.0,10.0,1.0,,6.0,1,1.0,1.0,7.0,2.0,6.0,3.0,2.0,10.0,5.0,9.0,7.0,8.0,8.0,7.0,10.0,8.0,4.0,3.0,8.0,1.0,4.0,,5.0,7.0,8.0,5.0,2.0,5.0,3.0,6.0,10.0,5.0,,2.0,2.0,2.0,6.0,10.0,9.0,5.0,6.0,6.0,8.0,8.0,9.0,3,6.0,10,1
2005-03-24,53663,,11,1,4911.0,90274810,UIL,U I L HOLDINGS CORP,UIL,221119.0,N,A,R,21819,1,4931.0,90274810.0,,,49.0,493.0,,,,,,,50.27,0.020918,14639.0,1.666667,49.3,735902.53,UIL,8.0,10.0,1.0,,6.0,1,1.0,1.0,7.0,2.0,6.0,3.0,2.0,10.0,5.0,9.0,7.0,8.0,8.0,7.0,10.0,8.0,4.0,3.0,8.0,1.0,4.0,,5.0,7.0,8.0,5.0,2.0,5.0,3.0,6.0,10.0,5.0,,2.0,2.0,2.0,6.0,10.0,9.0,5.0,6.0,6.0,8.0,8.0,9.0,3,6.0,10,1
2005-03-28,53663,,11,1,4911.0,90274810,UIL,U I L HOLDINGS CORP,UIL,221119.0,N,A,R,21819,1,4931.0,90274810.0,,,49.0,493.0,,,,,,,50.43,0.003183,14639.0,1.666667,50.35,738244.77,UIL,8.0,10.0,1.0,,6.0,1,1.0,1.0,7.0,2.0,6.0,3.0,2.0,10.0,5.0,9.0,7.0,8.0,8.0,7.0,10.0,8.0,4.0,3.0,8.0,1.0,4.0,,5.0,7.0,8.0,5.0,2.0,5.0,3.0,6.0,10.0,5.0,,2.0,2.0,2.0,6.0,10.0,9.0,5.0,6.0,6.0,8.0,8.0,9.0,3,6.0,10,1
2005-03-29,53663,,11,1,4911.0,90274810,UIL,U I L HOLDINGS CORP,UIL,221119.0,N,A,R,21819,1,4931.0,90274810.0,,,49.0,493.0,,,,,,,49.77,-0.013087,14639.0,1.666667,50.46,728583.03,UIL,8.0,10.0,1.0,,6.0,1,1.0,1.0,7.0,2.0,6.0,3.0,2.0,10.0,5.0,9.0,7.0,8.0,8.0,7.0,10.0,8.0,4.0,3.0,8.0,1.0,4.0,,5.0,7.0,8.0,5.0,2.0,5.0,3.0,6.0,10.0,5.0,,2.0,2.0,2.0,6.0,10.0,9.0,5.0,6.0,6.0,8.0,8.0,9.0,3,6.0,10,1
2005-03-30,53663,,11,1,4911.0,90274810,UIL,U I L HOLDINGS CORP,UIL,221119.0,N,A,R,21819,1,4931.0,90274810.0,,,49.0,493.0,,,,,,,50.59,0.016476,14639.0,1.666667,49.76,740587.01,UIL,8.0,10.0,1.0,,6.0,1,1.0,1.0,7.0,2.0,6.0,3.0,2.0,10.0,5.0,9.0,7.0,8.0,8.0,7.0,10.0,8.0,4.0,3.0,8.0,1.0,4.0,,5.0,7.0,8.0,5.0,2.0,5.0,3.0,6.0,10.0,5.0,,2.0,2.0,2.0,6.0,10.0,9.0,5.0,6.0,6.0,8.0,8.0,9.0,3,6.0,10,1
2005-03-31,53663,,11,1,4911.0,90274810,UIL,U I L HOLDINGS CORP,UIL,221119.0,N,A,R,21819,1,4931.0,90274810.0,,,49.0,493.0,,,,,,,50.65,0.001186,14639.0,1.666667,50.59,741465.35,UIL,8.0,10.0,1.0,,6.0,1,1.0,1.0,7.0,2.0,6.0,3.0,2.0,10.0,5.0,9.0,7.0,8.0,8.0,7.0,10.0,8.0,4.0,3.0,8.0,1.0,4.0,,5.0,7.0,8.0,5.0,2.0,5.0,3.0,6.0,10.0,5.0,,2.0,2.0,2.0,6.0,10.0,9.0,5.0,6.0,6.0,8.0,8.0,9.0,3,6.0,10,1
2005-04-01,53663,,11,1,4911.0,90274810,UIL,U I L HOLDINGS CORP,UIL,221119.0,N,A,R,21819,1,4931.0,90274810.0,,,49.0,493.0,,,,,,,50.79,0.002764,14639.0,1.666667,50.85,743514.81,UIL,8.0,10.0,1.0,,6.0,1,1.0,1.0,7.0,2.0,6.0,3.0,2.0,10.0,5.0,9.0,7.0,8.0,8.0,7.0,10.0,8.0,4.0,3.0,8.0,1.0,4.0,,3.0,9.0,7.0,4.0,4.0,5.0,2.0,5.0,10.0,5.0,,2.0,3.0,2.0,3.0,10.0,9.0,5.0,4.0,4.0,8.0,10.0,9.0,3,6.0,10,1
2005-04-04,53663,,11,1,4911.0,90274810,UIL,U I L HOLDINGS CORP,UIL,221119.0,N,A,R,21819,1,4931.0,90274810.0,,,49.0,493.0,,,,,,,51.2,0.008072,14639.0,1.666667,50.89,749516.8,UIL,8.0,10.0,1.0,,6.0,1,1.0,1.0,7.0,2.0,6.0,3.0,2.0,10.0,5.0,9.0,7.0,8.0,8.0,7.0,10.0,8.0,4.0,3.0,8.0,1.0,4.0,,3.0,9.0,7.0,4.0,4.0,5.0,2.0,5.0,10.0,5.0,,2.0,3.0,2.0,3.0,10.0,9.0,5.0,4.0,4.0,8.0,10.0,9.0,3,6.0,10,1
2005-04-05,53663,,11,1,4911.0,90274810,UIL,U I L HOLDINGS CORP,UIL,221119.0,N,A,R,21819,1,4931.0,90274810.0,,,49.0,493.0,,,,,,,51.66,0.008984,14639.0,1.666667,51.19,756250.74,UIL,8.0,10.0,1.0,,6.0,1,1.0,1.0,7.0,2.0,6.0,3.0,2.0,10.0,5.0,9.0,7.0,8.0,8.0,7.0,10.0,8.0,4.0,3.0,8.0,1.0,4.0,,3.0,9.0,7.0,4.0,4.0,5.0,2.0,5.0,10.0,5.0,,2.0,3.0,2.0,3.0,10.0,9.0,5.0,4.0,4.0,8.0,10.0,9.0,3,6.0,10,1
2005-04-06,53663,,11,1,4911.0,90274810,UIL,U I L HOLDINGS CORP,UIL,221119.0,N,A,R,21819,1,4931.0,90274810.0,,,49.0,493.0,,,,,,,51.68,0.000387,14639.0,1.666667,51.8,756543.52,UIL,8.0,10.0,1.0,,6.0,1,1.0,1.0,7.0,2.0,6.0,3.0,2.0,10.0,5.0,9.0,7.0,8.0,8.0,7.0,10.0,8.0,4.0,3.0,8.0,1.0,4.0,,3.0,9.0,7.0,4.0,4.0,5.0,2.0,5.0,10.0,5.0,,2.0,3.0,2.0,3.0,10.0,9.0,5.0,4.0,4.0,8.0,10.0,9.0,3,6.0,10,1
2005-04-07,53663,,11,1,4911.0,90274810,UIL,U I L HOLDINGS CORP,UIL,221119.0,N,A,R,21819,1,4931.0,90274810.0,,,49.0,493.0,,,,,,,52.29,0.011803,14639.0,1.666667,51.68,765473.31,UIL,8.0,10.0,1.0,,6.0,1,1.0,1.0,7.0,2.0,6.0,3.0,2.0,10.0,5.0,9.0,7.0,8.0,8.0,7.0,10.0,8.0,4.0,3.0,8.0,1.0,4.0,,3.0,9.0,7.0,4.0,4.0,5.0,2.0,5.0,10.0,5.0,,2.0,3.0,2.0,3.0,10.0,9.0,5.0,4.0,4.0,8.0,10.0,9.0,3,6.0,10,1
2005-04-08,53663,,11,1,4911.0,90274810,UIL,U I L HOLDINGS CORP,UIL,221119.0,N,A,R,21819,1,4931.0,90274810.0,,,49.0,493.0,,,,,,,51.97,-0.00612,14639.0,1.666667,52.19,760788.83,UIL,8.0,10.0,1.0,,6.0,1,1.0,1.0,7.0,2.0,6.0,3.0,2.0,10.0,5.0,9.0,7.0,8.0,8.0,7.0,10.0,8.0,4.0,3.0,8.0,1.0,4.0,,3.0,9.0,7.0,4.0,4.0,5.0,2.0,5.0,10.0,5.0,,2.0,3.0,2.0,3.0,10.0,9.0,5.0,4.0,4.0,8.0,10.0,9.0,3,6.0,10,1
2005-04-11,53663,,11,1,4911.0,90274810,UIL,U I L HOLDINGS CORP,UIL,221119.0,N,A,R,21819,1,4931.0,90274810.0,,,49.0,493.0,,,,,,,52.5,0.010198,14639.0,1.666667,52.37,768547.5,UIL,8.0,10.0,1.0,,6.0,1,1.0,1.0,7.0,2.0,6.0,3.0,2.0,10.0,5.0,9.0,7.0,8.0,8.0,7.0,10.0,8.0,4.0,3.0,8.0,1.0,4.0,,3.0,9.0,7.0,4.0,4.0,5.0,2.0,5.0,10.0,5.0,,2.0,3.0,2.0,3.0,10.0,9.0,5.0,4.0,4.0,8.0,10.0,9.0,3,6.0,10,1
2005-04-12,53663,,11,1,4911.0,90274810,UIL,U I L HOLDINGS CORP,UIL,221119.0,N,A,R,21819,1,4931.0,90274810.0,,,49.0,493.0,,,,,,,53.05,0.010476,14639.0,1.666667,52.7,776598.95,UIL,8.0,10.0,1.0,,6.0,1,1.0,1.0,7.0,2.0,6.0,3.0,2.0,10.0,5.0,9.0,7.0,8.0,8.0,7.0,10.0,8.0,4.0,3.0,8.0,1.0,4.0,,3.0,9.0,7.0,4.0,4.0,5.0,2.0,5.0,10.0,5.0,,2.0,3.0,2.0,3.0,10.0,9.0,5.0,4.0,4.0,8.0,10.0,9.0,3,6.0,10,1
2005-04-13,53663,,11,1,4911.0,90274810,UIL,U I L HOLDINGS CORP,UIL,221119.0,N,A,R,21819,1,4931.0,90274810.0,,,49.0,493.0,,,,,,,52.67,-0.007163,14639.0,1.666667,52.9,771036.13,UIL,8.0,10.0,1.0,,6.0,1,1.0,1.0,7.0,2.0,6.0,3.0,2.0,10.0,5.0,9.0,7.0,8.0,8.0,7.0,10.0,8.0,4.0,3.0,8.0,1.0,4.0,,3.0,9.0,7.0,4.0,4.0,5.0,2.0,5.0,10.0,5.0,,2.0,3.0,2.0,3.0,10.0,9.0,5.0,4.0,4.0,8.0,10.0,9.0,3,6.0,10,1
2005-04-14,53663,,11,1,4911.0,90274810,UIL,U I L HOLDINGS CORP,UIL,221119.0,N,A,R,21819,1,4931.0,90274810.0,,,49.0,493.0,,,,,,,51.87,-0.015189,14639.0,1.666667,52.68,759324.93,UIL,8.0,10.0,1.0,,6.0,1,1.0,1.0,7.0,2.0,6.0,3.0,2.0,10.0,5.0,9.0,7.0,8.0,8.0,7.0,10.0,8.0,4.0,3.0,8.0,1.0,4.0,,3.0,9.0,7.0,4.0,4.0,5.0,2.0,5.0,10.0,5.0,,2.0,3.0,2.0,3.0,10.0,9.0,5.0,4.0,4.0,8.0,10.0,9.0,3,6.0,10,1
2005-04-15,53663,,11,1,4911.0,90274810,UIL,U I L HOLDINGS CORP,UIL,221119.0,N,A,R,21819,1,4931.0,90274810.0,,,49.0,493.0,,,,,,,50.86,-0.019472,14639.0,1.666667,51.87,744539.54,UIL,8.0,10.0,1.0,,6.0,1,1.0,1.0,7.0,2.0,6.0,3.0,2.0,10.0,5.0,9.0,7.0,8.0,8.0,7.0,10.0,8.0,4.0,3.0,8.0,1.0,4.0,,3.0,9.0,7.0,4.0,4.0,5.0,2.0,5.0,10.0,5.0,,2.0,3.0,2.0,3.0,10.0,9.0,5.0,4.0,4.0,8.0,10.0,9.0,3,6.0,10,1
2005-04-18,53663,,11,1,4911.0,90274810,UIL,U I L HOLDINGS CORP,UIL,221119.0,N,A,R,21819,1,4931.0,90274810.0,,,49.0,493.0,,,,,,,51.04,0.003539,14639.0,1.666667,50.86,747174.56,UIL,8.0,10.0,1.0,,6.0,1,1.0,1.0,7.0,2.0,6.0,3.0,2.0,10.0,5.0,9.0,7.0,8.0,8.0,7.0,10.0,8.0,4.0,3.0,8.0,1.0,4.0,,3.0,9.0,7.0,4.0,4.0,5.0,2.0,5.0,10.0,5.0,,2.0,3.0,2.0,3.0,10.0,9.0,5.0,4.0,4.0,8.0,10.0,9.0,3,6.0,10,1
2005-04-19,53663,,11,1,4911.0,90274810,UIL,U I L HOLDINGS CORP,UIL,221119.0,N,A,R,21819,1,4931.0,90274810.0,,,49.0,493.0,,,,,,,51.39,0.006857,14639.0,1.666667,51.08,752298.21,UIL,8.0,10.0,1.0,,6.0,1,1.0,1.0,7.0,2.0,6.0,3.0,2.0,10.0,5.0,9.0,7.0,8.0,8.0,7.0,10.0,8.0,4.0,3.0,8.0,1.0,4.0,,3.0,9.0,7.0,4.0,4.0,5.0,2.0,5.0,10.0,5.0,,2.0,3.0,2.0,3.0,10.0,9.0,5.0,4.0,4.0,8.0,10.0,9.0,3,6.0,10,1
2005-04-20,53663,,11,1,4911.0,90274810,UIL,U I L HOLDINGS CORP,UIL,221119.0,N,A,R,21819,1,4931.0,90274810.0,,,49.0,493.0,,,,,,,50.85,-0.010508,14639.0,1.666667,51.4,744393.15,UIL,8.0,10.0,1.0,,6.0,1,1.0,1.0,7.0,2.0,6.0,3.0,2.0,10.0,5.0,9.0,7.0,8.0,8.0,7.0,10.0,8.0,4.0,3.0,8.0,1.0,4.0,,3.0,9.0,7.0,4.0,4.0,5.0,2.0,5.0,10.0,5.0,,2.0,3.0,2.0,3.0,10.0,9.0,5.0,4.0,4.0,8.0,10.0,9.0,3,6.0,10,1
2005-04-21,53663,,11,1,4911.0,90274810,UIL,U I L HOLDINGS CORP,UIL,221119.0,N,A,R,21819,1,4931.0,90274810.0,,,49.0,493.0,,,,,,,51.53,0.013373,14639.0,1.666667,51.1,754347.67,UIL,8.0,10.0,1.0,,6.0,1,1.0,1.0,7.0,2.0,6.0,3.0,2.0,10.0,5.0,9.0,7.0,8.0,8.0,7.0,10.0,8.0,4.0,3.0,8.0,1.0,4.0,,3.0,9.0,7.0,4.0,4.0,5.0,2.0,5.0,10.0,5.0,,2.0,3.0,2.0,3.0,10.0,9.0,5.0,4.0,4.0,8.0,10.0,9.0,3,6.0,10,1
2005-04-22,53663,,11,1,4911.0,90274810,UIL,U I L HOLDINGS CORP,UIL,221119.0,N,A,R,21819,1,4931.0,90274810.0,,,49.0,493.0,,,,,,,51.85,0.00621,14639.0,1.666667,51.6,759032.15,UIL,8.0,10.0,1.0,,6.0,1,1.0,1.0,7.0,2.0,6.0,3.0,2.0,10.0,5.0,9.0,7.0,8.0,8.0,7.0,10.0,8.0,4.0,3.0,8.0,1.0,4.0,,3.0,9.0,7.0,4.0,4.0,5.0,2.0,5.0,10.0,5.0,,2.0,3.0,2.0,3.0,10.0,9.0,5.0,4.0,4.0,8.0,10.0,9.0,3,6.0,10,1
2005-04-25,53663,,11,1,4911.0,90274810,UIL,U I L HOLDINGS CORP,UIL,221119.0,N,A,R,21819,1,4931.0,90274810.0,,,49.0,493.0,,,,,,,52.25,0.007715,14639.0,1.666667,51.95,764887.75,UIL,8.0,10.0,1.0,,6.0,1,1.0,1.0,7.0,2.0,6.0,3.0,2.0,10.0,5.0,9.0,7.0,8.0,8.0,7.0,10.0,8.0,4.0,3.0,8.0,1.0,4.0,,3.0,9.0,7.0,4.0,4.0,5.0,2.0,5.0,10.0,5.0,,2.0,3.0,2.0,3.0,10.0,9.0,5.0,4.0,4.0,8.0,10.0,9.0,3,6.0,10,1
2005-04-26,53663,,11,1,4911.0,90274810,UIL,U I L HOLDINGS CORP,UIL,221119.0,N,A,R,21819,1,4931.0,90274810.0,,,49.0,493.0,,,,,,,51.64,-0.011675,14639.0,1.666667,52.1,755957.96,UIL,8.0,10.0,1.0,,6.0,1,1.0,1.0,7.0,2.0,6.0,3.0,2.0,10.0,5.0,9.0,7.0,8.0,8.0,7.0,10.0,8.0,4.0,3.0,8.0,1.0,4.0,,3.0,9.0,7.0,4.0,4.0,5.0,2.0,5.0,10.0,5.0,,2.0,3.0,2.0,3.0,10.0,9.0,5.0,4.0,4.0,8.0,10.0,9.0,3,6.0,10,1
2005-04-27,53663,,11,1,4911.0,90274810,UIL,U I L HOLDINGS CORP,UIL,221119.0,N,A,R,21819,1,4931.0,90274810.0,,,49.0,493.0,,,,,,,51.4,-0.004648,14639.0,1.666667,51.64,752444.6,UIL,8.0,10.0,1.0,,6.0,1,1.0,1.0,7.0,2.0,6.0,3.0,2.0,10.0,5.0,9.0,7.0,8.0,8.0,7.0,10.0,8.0,4.0,3.0,8.0,1.0,4.0,,3.0,9.0,7.0,4.0,4.0,5.0,2.0,5.0,10.0,5.0,,2.0,3.0,2.0,3.0,10.0,9.0,5.0,4.0,4.0,8.0,10.0,9.0,3,6.0,10,1
2005-04-28,53663,,11,1,4911.0,90274810,UIL,U I L HOLDINGS CORP,UIL,221119.0,N,A,R,21819,1,4931.0,90274810.0,,,49.0,493.0,,,,,,,50.91,-0.009533,14639.0,1.666667,51.3,745271.49,UIL,8.0,10.0,1.0,,6.0,1,1.0,1.0,7.0,2.0,6.0,3.0,2.0,10.0,5.0,9.0,7.0,8.0,8.0,7.0,10.0,8.0,4.0,3.0,8.0,1.0,4.0,,3.0,9.0,7.0,4.0,4.0,5.0,2.0,5.0,10.0,5.0,,2.0,3.0,2.0,3.0,10.0,9.0,5.0,4.0,4.0,8.0,10.0,9.0,3,6.0,10,1
2005-04-29,53663,,11,1,4911.0,90274810,UIL,U I L HOLDINGS CORP,UIL,221119.0,N,A,R,21819,1,4931.0,90274810.0,,,49.0,493.0,,,,,,,51.34,0.008446,14639.0,1.666667,51.11,751566.26,UIL,8.0,10.0,1.0,,6.0,1,1.0,1.0,7.0,2.0,6.0,3.0,2.0,10.0,5.0,9.0,7.0,8.0,8.0,7.0,10.0,8.0,4.0,3.0,8.0,1.0,4.0,,3.0,9.0,7.0,4.0,4.0,5.0,2.0,5.0,10.0,5.0,,2.0,3.0,2.0,3.0,10.0,9.0,5.0,4.0,4.0,8.0,10.0,9.0,3,6.0,10,1
2005-05-02,53663,,11,1,4911.0,90274810,UIL,U I L HOLDINGS CORP,UIL,221119.0,N,A,R,21819,1,4931.0,90274810.0,,,49.0,493.0,,,,,,,51.65,0.006038,14639.0,1.666667,51.44,756104.35,UIL,8.0,10.0,1.0,,6.0,1,1.0,1.0,7.0,2.0,6.0,3.0,2.0,10.0,5.0,9.0,7.0,8.0,8.0,7.0,10.0,8.0,4.0,3.0,8.0,1.0,4.0,,4.0,9.0,8.0,5.0,5.0,6.0,2.0,7.0,10.0,5.0,,2.0,3.0,,2.0,10.0,9.0,7.0,5.0,6.0,9.0,10.0,9.0,3,6.0,10,1
2005-05-03,53663,,11,1,4911.0,90274810,UIL,U I L HOLDINGS CORP,UIL,221119.0,N,A,R,21819,1,4931.0,90274810.0,,,49.0,493.0,,,,,,,51.35,-0.005808,14639.0,1.666667,51.5,751712.65,UIL,8.0,10.0,1.0,,6.0,1,1.0,1.0,7.0,2.0,6.0,3.0,2.0,10.0,5.0,9.0,7.0,8.0,8.0,7.0,10.0,8.0,4.0,3.0,8.0,1.0,4.0,,4.0,9.0,8.0,5.0,5.0,6.0,2.0,7.0,10.0,5.0,,2.0,3.0,,2.0,10.0,9.0,7.0,5.0,6.0,9.0,10.0,9.0,3,6.0,10,1
2005-05-04,53663,,11,1,4911.0,90274810,UIL,U I L HOLDINGS CORP,UIL,221119.0,N,A,R,21819,1,4931.0,90274810.0,,,49.0,493.0,,,,,,,51.22,-0.002532,14639.0,1.666667,51.35,749809.58,UIL,8.0,10.0,1.0,,6.0,1,1.0,1.0,7.0,2.0,6.0,3.0,2.0,10.0,5.0,9.0,7.0,8.0,8.0,7.0,10.0,8.0,4.0,3.0,8.0,1.0,4.0,,4.0,9.0,8.0,5.0,5.0,6.0,2.0,7.0,10.0,5.0,,2.0,3.0,,2.0,10.0,9.0,7.0,5.0,6.0,9.0,10.0,9.0,3,6.0,10,1
2005-05-05,53663,,11,1,4911.0,90274810,UIL,U I L HOLDINGS CORP,UIL,221119.0,N,A,R,21819,1,4931.0,90274810.0,,,49.0,493.0,,,,,,,51.39,0.003319,14639.0,1.666667,51.22,752298.21,UIL,8.0,10.0,1.0,,6.0,1,1.0,1.0,7.0,2.0,6.0,3.0,2.0,10.0,5.0,9.0,7.0,8.0,8.0,7.0,10.0,8.0,4.0,3.0,8.0,1.0,4.0,,4.0,9.0,8.0,5.0,5.0,6.0,2.0,7.0,10.0,5.0,,2.0,3.0,,2.0,10.0,9.0,7.0,5.0,6.0,9.0,10.0,9.0,3,6.0,10,1
2005-05-06,53663,,11,1,4911.0,90274810,UIL,U I L HOLDINGS CORP,UIL,221119.0,N,A,R,21819,1,4931.0,90274810.0,,,49.0,493.0,,,,,,,51.4,0.000195,14639.0,1.666667,51.63,752444.6,UIL,8.0,10.0,1.0,,6.0,1,1.0,1.0,7.0,2.0,6.0,3.0,2.0,10.0,5.0,9.0,7.0,8.0,8.0,7.0,10.0,8.0,4.0,3.0,8.0,1.0,4.0,,4.0,9.0,8.0,5.0,5.0,6.0,2.0,7.0,10.0,5.0,,2.0,3.0,,2.0,10.0,9.0,7.0,5.0,6.0,9.0,10.0,9.0,3,6.0,10,1
2005-05-09,53663,,11,1,4911.0,90274810,UIL,U I L HOLDINGS CORP,UIL,221119.0,N,A,R,21819,1,4931.0,90274810.0,,,49.0,493.0,,,,,,,51.95,0.0107,14639.0,1.666667,51.43,760496.05,UIL,8.0,10.0,1.0,,6.0,1,1.0,1.0,7.0,2.0,6.0,3.0,2.0,10.0,5.0,9.0,7.0,8.0,8.0,7.0,10.0,8.0,4.0,3.0,8.0,1.0,4.0,,4.0,9.0,8.0,5.0,5.0,6.0,2.0,7.0,10.0,5.0,,2.0,3.0,,2.0,10.0,9.0,7.0,5.0,6.0,9.0,10.0,9.0,3,6.0,10,1
2005-05-10,53663,,11,1,4911.0,90274810,UIL,U I L HOLDINGS CORP,UIL,221119.0,N,A,R,21819,1,4931.0,90274810.0,,,49.0,493.0,,,,,,,51.55,-0.0077,14639.0,1.666667,51.97,754640.45,UIL,8.0,10.0,1.0,,6.0,1,1.0,1.0,7.0,2.0,6.0,3.0,2.0,10.0,5.0,9.0,7.0,8.0,8.0,7.0,10.0,8.0,4.0,3.0,8.0,1.0,4.0,,4.0,9.0,8.0,5.0,5.0,6.0,2.0,7.0,10.0,5.0,,2.0,3.0,,2.0,10.0,9.0,7.0,5.0,6.0,9.0,10.0,9.0,3,6.0,10,1
2005-05-11,53663,,11,1,4911.0,90274810,UIL,U I L HOLDINGS CORP,UIL,221119.0,N,A,R,21819,1,4931.0,90274810.0,,,49.0,493.0,,,,,,,51.5,-0.00097,14639.0,1.666667,51.65,753908.5,UIL,8.0,10.0,1.0,,6.0,1,1.0,1.0,7.0,2.0,6.0,3.0,2.0,10.0,5.0,9.0,7.0,8.0,8.0,7.0,10.0,8.0,4.0,3.0,8.0,1.0,4.0,,4.0,9.0,8.0,5.0,5.0,6.0,2.0,7.0,10.0,5.0,,2.0,3.0,,2.0,10.0,9.0,7.0,5.0,6.0,9.0,10.0,9.0,3,6.0,10,1
2005-05-12,53663,,11,1,4911.0,90274810,UIL,U I L HOLDINGS CORP,UIL,221119.0,N,A,R,21819,1,4931.0,90274810.0,,,49.0,493.0,,,,,,,51.33,-0.003301,14639.0,1.666667,51.65,751419.87,UIL,8.0,10.0,1.0,,6.0,1,1.0,1.0,7.0,2.0,6.0,3.0,2.0,10.0,5.0,9.0,7.0,8.0,8.0,7.0,10.0,8.0,4.0,3.0,8.0,1.0,4.0,,4.0,9.0,8.0,5.0,5.0,6.0,2.0,7.0,10.0,5.0,,2.0,3.0,,2.0,10.0,9.0,7.0,5.0,6.0,9.0,10.0,9.0,3,6.0,10,1
2005-05-13,53663,,11,1,4911.0,90274810,UIL,U I L HOLDINGS CORP,UIL,221119.0,N,A,R,21819,1,4931.0,90274810.0,,,49.0,493.0,,,,,,,51.15,-0.003507,14639.0,1.666667,51.43,748784.85,UIL,8.0,10.0,1.0,,6.0,1,1.0,1.0,7.0,2.0,6.0,3.0,2.0,10.0,5.0,9.0,7.0,8.0,8.0,7.0,10.0,8.0,4.0,3.0,8.0,1.0,4.0,,4.0,9.0,8.0,5.0,5.0,6.0,2.0,7.0,10.0,5.0,,2.0,3.0,,2.0,10.0,9.0,7.0,5.0,6.0,9.0,10.0,9.0,3,6.0,10,1
2005-05-16,53663,,11,1,4911.0,90274810,UIL,U I L HOLDINGS CORP,UIL,221119.0,N,A,R,21819,1,4931.0,90274810.0,,,49.0,493.0,,,,,,,51.88,0.014272,14639.0,1.666667,51.17,759471.32,UIL,8.0,10.0,1.0,,6.0,1,1.0,1.0,7.0,2.0,6.0,3.0,2.0,10.0,5.0,9.0,7.0,8.0,8.0,7.0,10.0,8.0,4.0,3.0,8.0,1.0,4.0,,4.0,9.0,8.0,5.0,5.0,6.0,2.0,7.0,10.0,5.0,,2.0,3.0,,2.0,10.0,9.0,7.0,5.0,6.0,9.0,10.0,9.0,3,6.0,10,1
2005-05-17,53663,,11,1,4911.0,90274810,UIL,U I L HOLDINGS CORP,UIL,221119.0,N,A,R,21819,1,4931.0,90274810.0,,,49.0,493.0,,,,,,,52.34,0.008867,14639.0,1.666667,51.98,766205.26,UIL,8.0,10.0,1.0,,6.0,1,1.0,1.0,7.0,2.0,6.0,3.0,2.0,10.0,5.0,9.0,7.0,8.0,8.0,7.0,10.0,8.0,4.0,3.0,8.0,1.0,4.0,,4.0,9.0,8.0,5.0,5.0,6.0,2.0,7.0,10.0,5.0,,2.0,3.0,,2.0,10.0,9.0,7.0,5.0,6.0,9.0,10.0,9.0,3,6.0,10,1
2005-05-18,53663,,11,1,4911.0,90274810,UIL,U I L HOLDINGS CORP,UIL,221119.0,N,A,R,21819,1,4931.0,90274810.0,,,49.0,493.0,,,,,,,52.87,0.010126,14639.0,1.666667,52.44,773963.93,UIL,8.0,10.0,1.0,,6.0,1,1.0,1.0,7.0,2.0,6.0,3.0,2.0,10.0,5.0,9.0,7.0,8.0,8.0,7.0,10.0,8.0,4.0,3.0,8.0,1.0,4.0,,4.0,9.0,8.0,5.0,5.0,6.0,2.0,7.0,10.0,5.0,,2.0,3.0,,2.0,10.0,9.0,7.0,5.0,6.0,9.0,10.0,9.0,3,6.0,10,1
2005-05-19,53663,,11,1,4911.0,90274810,UIL,U I L HOLDINGS CORP,UIL,221119.0,N,A,R,21819,1,4931.0,90274810.0,,,49.0,493.0,,,,,,,52.85,-0.000378,14639.0,1.666667,52.93,773671.15,UIL,8.0,10.0,1.0,,6.0,1,1.0,1.0,7.0,2.0,6.0,3.0,2.0,10.0,5.0,9.0,7.0,8.0,8.0,7.0,10.0,8.0,4.0,3.0,8.0,1.0,4.0,,4.0,9.0,8.0,5.0,5.0,6.0,2.0,7.0,10.0,5.0,,2.0,3.0,,2.0,10.0,9.0,7.0,5.0,6.0,9.0,10.0,9.0,3,6.0,10,1
2005-05-20,53663,,11,1,4911.0,90274810,UIL,U I L HOLDINGS CORP,UIL,221119.0,N,A,R,21819,1,4931.0,90274810.0,,,49.0,493.0,,,,,,,52.96,0.002081,14639.0,1.666667,52.95,775281.44,UIL,8.0,10.0,1.0,,6.0,1,1.0,1.0,7.0,2.0,6.0,3.0,2.0,10.0,5.0,9.0,7.0,8.0,8.0,7.0,10.0,8.0,4.0,3.0,8.0,1.0,4.0,,4.0,9.0,8.0,5.0,5.0,6.0,2.0,7.0,10.0,5.0,,2.0,3.0,,2.0,10.0,9.0,7.0,5.0,6.0,9.0,10.0,9.0,3,6.0,10,1
2005-05-23,53663,,11,1,4911.0,90274810,UIL,U I L HOLDINGS CORP,UIL,221119.0,N,A,R,21819,1,4931.0,90274810.0,,,49.0,493.0,,,,,,,52.7,-0.004909,14639.0,1.666667,53.0,771475.3,UIL,8.0,10.0,1.0,,6.0,1,1.0,1.0,7.0,2.0,6.0,3.0,2.0,10.0,5.0,9.0,7.0,8.0,8.0,7.0,10.0,8.0,4.0,3.0,8.0,1.0,4.0,,4.0,9.0,8.0,5.0,5.0,6.0,2.0,7.0,10.0,5.0,,2.0,3.0,,2.0,10.0,9.0,7.0,5.0,6.0,9.0,10.0,9.0,3,6.0,10,1
2005-05-24,53663,,11,1,4911.0,90274810,UIL,U I L HOLDINGS CORP,UIL,221119.0,N,A,R,21819,1,4931.0,90274810.0,,,49.0,493.0,,,,,,,52.7,0.0,14639.0,1.666667,52.79,771475.3,UIL,8.0,10.0,1.0,,6.0,1,1.0,1.0,7.0,2.0,6.0,3.0,2.0,10.0,5.0,9.0,7.0,8.0,8.0,7.0,10.0,8.0,4.0,3.0,8.0,1.0,4.0,,4.0,9.0,8.0,5.0,5.0,6.0,2.0,7.0,10.0,5.0,,2.0,3.0,,2.0,10.0,9.0,7.0,5.0,6.0,9.0,10.0,9.0,3,6.0,10,1
2005-05-25,53663,,11,1,4911.0,90274810,UIL,U I L HOLDINGS CORP,UIL,221119.0,N,A,R,21819,1,4931.0,90274810.0,,,49.0,493.0,,,,,,,52.14,-0.010626,14639.0,1.666667,52.6,763277.46,UIL,8.0,10.0,1.0,,6.0,1,1.0,1.0,7.0,2.0,6.0,3.0,2.0,10.0,5.0,9.0,7.0,8.0,8.0,7.0,10.0,8.0,4.0,3.0,8.0,1.0,4.0,,4.0,9.0,8.0,5.0,5.0,6.0,2.0,7.0,10.0,5.0,,2.0,3.0,,2.0,10.0,9.0,7.0,5.0,6.0,9.0,10.0,9.0,3,6.0,10,1
2005-05-26,53663,,11,1,4911.0,90274810,UIL,U I L HOLDINGS CORP,UIL,221119.0,N,A,R,21819,1,4931.0,90274810.0,,,49.0,493.0,,,,,,,51.95,-0.003644,14639.0,1.666667,52.3,760496.05,UIL,8.0,10.0,1.0,,6.0,1,1.0,1.0,7.0,2.0,6.0,3.0,2.0,10.0,5.0,9.0,7.0,8.0,8.0,7.0,10.0,8.0,4.0,3.0,8.0,1.0,4.0,,4.0,9.0,8.0,5.0,5.0,6.0,2.0,7.0,10.0,5.0,,2.0,3.0,,2.0,10.0,9.0,7.0,5.0,6.0,9.0,10.0,9.0,3,6.0,10,1
2005-05-27,53663,,11,1,4911.0,90274810,UIL,U I L HOLDINGS CORP,UIL,221119.0,N,A,R,21819,1,4931.0,90274810.0,,,49.0,493.0,,,,,,,52.1,0.002887,14639.0,1.666667,51.95,762691.9,UIL,8.0,10.0,1.0,,6.0,1,1.0,1.0,7.0,2.0,6.0,3.0,2.0,10.0,5.0,9.0,7.0,8.0,8.0,7.0,10.0,8.0,4.0,3.0,8.0,1.0,4.0,,4.0,9.0,8.0,5.0,5.0,6.0,2.0,7.0,10.0,5.0,,2.0,3.0,,2.0,10.0,9.0,7.0,5.0,6.0,9.0,10.0,9.0,3,6.0,10,1
2005-05-31,53663,,11,1,4911.0,90274810,UIL,U I L HOLDINGS CORP,UIL,221119.0,N,A,R,21819,1,4931.0,90274810.0,,,49.0,493.0,,,,,,,51.84,-0.00499,14645.0,1.666667,52.09,759196.8,UIL,8.0,10.0,1.0,,6.0,1,1.0,1.0,7.0,2.0,6.0,3.0,2.0,10.0,5.0,9.0,7.0,8.0,8.0,7.0,10.0,8.0,4.0,3.0,8.0,1.0,4.0,,4.0,9.0,8.0,5.0,5.0,6.0,2.0,7.0,10.0,5.0,,2.0,3.0,,2.0,10.0,9.0,7.0,5.0,6.0,9.0,10.0,9.0,3,6.0,10,1
2005-06-01,53663,,11,1,4911.0,90274810,UIL,U I L HOLDINGS CORP,UIL,221119.0,N,A,R,21819,1,4931.0,90274810.0,,,49.0,493.0,,,,,,,53.0,0.022377,14645.0,1.666667,51.94,776185.0,UIL,8.0,10.0,1.0,,6.0,1,1.0,1.0,7.0,2.0,6.0,3.0,2.0,10.0,5.0,9.0,7.0,8.0,8.0,7.0,10.0,8.0,4.0,3.0,8.0,1.0,4.0,,5.0,9.0,9.0,6.0,5.0,7.0,3.0,7.0,10.0,5.0,,3.0,3.0,2.0,8.0,10.0,9.0,6.0,6.0,6.0,9.0,9.0,9.0,3,7.0,10,1
2005-06-02,53663,,11,1,4911.0,90274810,UIL,U I L HOLDINGS CORP,UIL,221119.0,N,A,R,21819,1,4931.0,90274810.0,,,49.0,493.0,,,,,,,52.8,-0.003774,14645.0,1.666667,52.85,773256.0,UIL,8.0,10.0,1.0,,6.0,1,1.0,1.0,7.0,2.0,6.0,3.0,2.0,10.0,5.0,9.0,7.0,8.0,8.0,7.0,10.0,8.0,4.0,3.0,8.0,1.0,4.0,,5.0,9.0,9.0,6.0,5.0,7.0,3.0,7.0,10.0,5.0,,3.0,3.0,2.0,8.0,10.0,9.0,6.0,6.0,6.0,9.0,9.0,9.0,3,7.0,10,1
2005-06-03,53663,,11,1,4911.0,90274810,UIL,U I L HOLDINGS CORP,UIL,221119.0,N,A,R,21819,1,4931.0,90274810.0,,,49.0,493.0,1232.0,0.72,0.0,,,,52.0,-0.001515,14645.0,1.666667,52.25,761540.0,UIL,8.0,10.0,1.0,,6.0,1,1.0,1.0,7.0,2.0,6.0,3.0,2.0,10.0,5.0,9.0,7.0,8.0,8.0,7.0,10.0,8.0,4.0,3.0,8.0,1.0,4.0,,5.0,9.0,9.0,6.0,5.0,7.0,3.0,7.0,10.0,5.0,,3.0,3.0,2.0,8.0,10.0,9.0,6.0,6.0,6.0,9.0,9.0,9.0,3,7.0,10,1
2005-06-06,53663,,11,1,4911.0,90274810,UIL,U I L HOLDINGS CORP,UIL,221119.0,N,A,R,21819,1,4931.0,90274810.0,,,49.0,493.0,,,,,,,52.39,0.0075,14645.0,1.666667,51.9,767251.55,UIL,8.0,10.0,1.0,,6.0,1,1.0,1.0,7.0,2.0,6.0,3.0,2.0,10.0,5.0,9.0,7.0,8.0,8.0,7.0,10.0,8.0,4.0,3.0,8.0,1.0,4.0,,5.0,9.0,9.0,6.0,5.0,7.0,3.0,7.0,10.0,5.0,,3.0,3.0,2.0,8.0,10.0,9.0,6.0,6.0,6.0,9.0,9.0,9.0,3,7.0,10,1
2005-06-07,53663,,11,1,4911.0,90274810,UIL,U I L HOLDINGS CORP,UIL,221119.0,N,A,R,21819,1,4931.0,90274810.0,,,49.0,493.0,,,,,,,52.75,0.006872,14645.0,1.666667,52.52,772523.75,UIL,8.0,10.0,1.0,,6.0,1,1.0,1.0,7.0,2.0,6.0,3.0,2.0,10.0,5.0,9.0,7.0,8.0,8.0,7.0,10.0,8.0,4.0,3.0,8.0,1.0,4.0,,5.0,9.0,9.0,6.0,5.0,7.0,3.0,7.0,10.0,5.0,,3.0,3.0,2.0,8.0,10.0,9.0,6.0,6.0,6.0,9.0,9.0,9.0,3,7.0,10,1
2005-06-08,53663,,11,1,4911.0,90274810,UIL,U I L HOLDINGS CORP,UIL,221119.0,N,A,R,21819,1,4931.0,90274810.0,,,49.0,493.0,,,,,,,52.05,-0.01327,14645.0,1.666667,52.81,762272.25,UIL,8.0,10.0,1.0,,6.0,1,1.0,1.0,7.0,2.0,6.0,3.0,2.0,10.0,5.0,9.0,7.0,8.0,8.0,7.0,10.0,8.0,4.0,3.0,8.0,1.0,4.0,,5.0,9.0,9.0,6.0,5.0,7.0,3.0,7.0,10.0,5.0,,3.0,3.0,2.0,8.0,10.0,9.0,6.0,6.0,6.0,9.0,9.0,9.0,3,7.0,10,1
2005-06-09,53663,,11,1,4911.0,90274810,UIL,U I L HOLDINGS CORP,UIL,221119.0,N,A,R,21819,1,4931.0,90274810.0,,,49.0,493.0,,,,,,,52.55,0.009606,14645.0,1.666667,51.95,769594.75,UIL,8.0,10.0,1.0,,6.0,1,1.0,1.0,7.0,2.0,6.0,3.0,2.0,10.0,5.0,9.0,7.0,8.0,8.0,7.0,10.0,8.0,4.0,3.0,8.0,1.0,4.0,,5.0,9.0,9.0,6.0,5.0,7.0,3.0,7.0,10.0,5.0,,3.0,3.0,2.0,8.0,10.0,9.0,6.0,6.0,6.0,9.0,9.0,9.0,3,7.0,10,1
2005-06-10,53663,,11,1,4911.0,90274810,UIL,U I L HOLDINGS CORP,UIL,221119.0,N,A,R,21819,1,4931.0,90274810.0,,,49.0,493.0,,,,,,,52.37,-0.003425,14645.0,1.666667,52.55,766958.65,UIL,8.0,10.0,1.0,,6.0,1,1.0,1.0,7.0,2.0,6.0,3.0,2.0,10.0,5.0,9.0,7.0,8.0,8.0,7.0,10.0,8.0,4.0,3.0,8.0,1.0,4.0,,5.0,9.0,9.0,6.0,5.0,7.0,3.0,7.0,10.0,5.0,,3.0,3.0,2.0,8.0,10.0,9.0,6.0,6.0,6.0,9.0,9.0,9.0,3,7.0,10,1
2005-06-13,53663,,11,1,4911.0,90274810,UIL,U I L HOLDINGS CORP,UIL,221119.0,N,A,R,21819,1,4931.0,90274810.0,,,49.0,493.0,,,,,,,53.29,0.017567,14645.0,1.666667,52.37,780432.05,UIL,8.0,10.0,1.0,,6.0,1,1.0,1.0,7.0,2.0,6.0,3.0,2.0,10.0,5.0,9.0,7.0,8.0,8.0,7.0,10.0,8.0,4.0,3.0,8.0,1.0,4.0,,5.0,9.0,9.0,6.0,5.0,7.0,3.0,7.0,10.0,5.0,,3.0,3.0,2.0,8.0,10.0,9.0,6.0,6.0,6.0,9.0,9.0,9.0,3,7.0,10,1
2005-06-14,53663,,11,1,4911.0,90274810,UIL,U I L HOLDINGS CORP,UIL,221119.0,N,A,R,21819,1,4931.0,90274810.0,,,49.0,493.0,,,,,,,53.65,0.006756,14645.0,1.666667,53.18,785704.25,UIL,8.0,10.0,1.0,,6.0,1,1.0,1.0,7.0,2.0,6.0,3.0,2.0,10.0,5.0,9.0,7.0,8.0,8.0,7.0,10.0,8.0,4.0,3.0,8.0,1.0,4.0,,5.0,9.0,9.0,6.0,5.0,7.0,3.0,7.0,10.0,5.0,,3.0,3.0,2.0,8.0,10.0,9.0,6.0,6.0,6.0,9.0,9.0,9.0,3,7.0,10,1
2005-06-15,53663,,11,1,4911.0,90274810,UIL,U I L HOLDINGS CORP,UIL,221119.0,N,A,R,21819,1,4931.0,90274810.0,,,49.0,493.0,,,,,,,53.65,0.0,14645.0,1.666667,53.78,785704.25,UIL,8.0,10.0,1.0,,6.0,1,1.0,1.0,7.0,2.0,6.0,3.0,2.0,10.0,5.0,9.0,7.0,8.0,8.0,7.0,10.0,8.0,4.0,3.0,8.0,1.0,4.0,,5.0,9.0,9.0,6.0,5.0,7.0,3.0,7.0,10.0,5.0,,3.0,3.0,2.0,8.0,10.0,9.0,6.0,6.0,6.0,9.0,9.0,9.0,3,7.0,10,1
2005-06-16,53663,,11,1,4911.0,90274810,UIL,U I L HOLDINGS CORP,UIL,221119.0,N,A,R,21819,1,4931.0,90274810.0,,,49.0,493.0,,,,,,,53.64,-0.000186,14645.0,1.666667,53.68,785557.8,UIL,8.0,10.0,1.0,,6.0,1,1.0,1.0,7.0,2.0,6.0,3.0,2.0,10.0,5.0,9.0,7.0,8.0,8.0,7.0,10.0,8.0,4.0,3.0,8.0,1.0,4.0,,5.0,9.0,9.0,6.0,5.0,7.0,3.0,7.0,10.0,5.0,,3.0,3.0,2.0,8.0,10.0,9.0,6.0,6.0,6.0,9.0,9.0,9.0,3,7.0,10,1
2005-06-17,53663,,11,1,4911.0,90274810,UIL,U I L HOLDINGS CORP,UIL,221119.0,N,A,R,21819,1,4931.0,90274810.0,,,49.0,493.0,,,,,,,53.86,0.004101,14645.0,1.666667,53.84,788779.7,UIL,8.0,10.0,1.0,,6.0,1,1.0,1.0,7.0,2.0,6.0,3.0,2.0,10.0,5.0,9.0,7.0,8.0,8.0,7.0,10.0,8.0,4.0,3.0,8.0,1.0,4.0,,5.0,9.0,9.0,6.0,5.0,7.0,3.0,7.0,10.0,5.0,,3.0,3.0,2.0,8.0,10.0,9.0,6.0,6.0,6.0,9.0,9.0,9.0,3,7.0,10,1
2005-06-20,53663,,11,1,4911.0,90274810,UIL,U I L HOLDINGS CORP,UIL,221119.0,N,A,R,21819,1,4931.0,90274810.0,,,49.0,493.0,,,,,,,53.58,-0.005199,14645.0,1.666667,53.65,784679.1,UIL,8.0,10.0,1.0,,6.0,1,1.0,1.0,7.0,2.0,6.0,3.0,2.0,10.0,5.0,9.0,7.0,8.0,8.0,7.0,10.0,8.0,4.0,3.0,8.0,1.0,4.0,,5.0,9.0,9.0,6.0,5.0,7.0,3.0,7.0,10.0,5.0,,3.0,3.0,2.0,8.0,10.0,9.0,6.0,6.0,6.0,9.0,9.0,9.0,3,7.0,10,1
2005-06-21,53663,,11,1,4911.0,90274810,UIL,U I L HOLDINGS CORP,UIL,221119.0,N,A,R,21819,1,4931.0,90274810.0,,,49.0,493.0,,,,,,,53.41,-0.003173,14645.0,1.666667,53.53,782189.45,UIL,8.0,10.0,1.0,,6.0,1,1.0,1.0,7.0,2.0,6.0,3.0,2.0,10.0,5.0,9.0,7.0,8.0,8.0,7.0,10.0,8.0,4.0,3.0,8.0,1.0,4.0,,5.0,9.0,9.0,6.0,5.0,7.0,3.0,7.0,10.0,5.0,,3.0,3.0,2.0,8.0,10.0,9.0,6.0,6.0,6.0,9.0,9.0,9.0,3,7.0,10,1
2005-06-22,53663,,11,1,4911.0,90274810,UIL,U I L HOLDINGS CORP,UIL,221119.0,N,A,R,21819,1,4931.0,90274810.0,,,49.0,493.0,,,,,,,53.75,0.006366,14645.0,1.666667,53.49,787168.75,UIL,8.0,10.0,1.0,,6.0,1,1.0,1.0,7.0,2.0,6.0,3.0,2.0,10.0,5.0,9.0,7.0,8.0,8.0,7.0,10.0,8.0,4.0,3.0,8.0,1.0,4.0,,5.0,9.0,9.0,6.0,5.0,7.0,3.0,7.0,10.0,5.0,,3.0,3.0,2.0,8.0,10.0,9.0,6.0,6.0,6.0,9.0,9.0,9.0,3,7.0,10,1
2005-06-23,53663,,11,1,4911.0,90274810,UIL,U I L HOLDINGS CORP,UIL,221119.0,N,A,R,21819,1,4931.0,90274810.0,,,49.0,493.0,,,,,,,53.3,-0.008372,14645.0,1.666667,53.6,780578.5,UIL,8.0,10.0,1.0,,6.0,1,1.0,1.0,7.0,2.0,6.0,3.0,2.0,10.0,5.0,9.0,7.0,8.0,8.0,7.0,10.0,8.0,4.0,3.0,8.0,1.0,4.0,,5.0,9.0,9.0,6.0,5.0,7.0,3.0,7.0,10.0,5.0,,3.0,3.0,2.0,8.0,10.0,9.0,6.0,6.0,6.0,9.0,9.0,9.0,3,7.0,10,1
2005-06-24,53663,,11,1,4911.0,90274810,UIL,U I L HOLDINGS CORP,UIL,221119.0,N,A,R,21819,1,4931.0,90274810.0,,,49.0,493.0,,,,,,,52.98,-0.006004,14645.0,1.666667,53.2,775892.1,UIL,8.0,10.0,1.0,,6.0,1,1.0,1.0,7.0,2.0,6.0,3.0,2.0,10.0,5.0,9.0,7.0,8.0,8.0,7.0,10.0,8.0,4.0,3.0,8.0,1.0,4.0,,5.0,9.0,9.0,6.0,5.0,7.0,3.0,7.0,10.0,5.0,,3.0,3.0,2.0,8.0,10.0,9.0,6.0,6.0,6.0,9.0,9.0,9.0,3,7.0,10,1
2005-06-27,53663,,11,1,4911.0,90274810,UIL,U I L HOLDINGS CORP,UIL,221119.0,N,A,R,21819,1,4931.0,90274810.0,,,49.0,493.0,,,,,,,52.73,-0.004719,14645.0,1.666667,52.9,772230.85,UIL,8.0,10.0,1.0,,6.0,1,1.0,1.0,7.0,2.0,6.0,3.0,2.0,10.0,5.0,9.0,7.0,8.0,8.0,7.0,10.0,8.0,4.0,3.0,8.0,1.0,4.0,,5.0,9.0,9.0,6.0,5.0,7.0,3.0,7.0,10.0,5.0,,3.0,3.0,2.0,8.0,10.0,9.0,6.0,6.0,6.0,9.0,9.0,9.0,3,7.0,10,1
2005-06-28,53663,,11,1,4911.0,90274810,UIL,U I L HOLDINGS CORP,UIL,221119.0,N,A,R,21819,1,4931.0,90274810.0,,,49.0,493.0,,,,,,,53.68,0.018016,14645.0,1.666667,52.9,786143.6,UIL,8.0,10.0,1.0,,6.0,1,1.0,1.0,7.0,2.0,6.0,3.0,2.0,10.0,5.0,9.0,7.0,8.0,8.0,7.0,10.0,8.0,4.0,3.0,8.0,1.0,4.0,,5.0,9.0,9.0,6.0,5.0,7.0,3.0,7.0,10.0,5.0,,3.0,3.0,2.0,8.0,10.0,9.0,6.0,6.0,6.0,9.0,9.0,9.0,3,7.0,10,1
2005-06-29,53663,,11,1,4911.0,90274810,UIL,U I L HOLDINGS CORP,UIL,221119.0,N,A,R,21819,1,4931.0,90274810.0,,,49.0,493.0,,,,,,,54.01,0.006148,14645.0,1.666667,53.84,790976.45,UIL,8.0,10.0,1.0,,6.0,1,1.0,1.0,7.0,2.0,6.0,3.0,2.0,10.0,5.0,9.0,7.0,8.0,8.0,7.0,10.0,8.0,4.0,3.0,8.0,1.0,4.0,,5.0,9.0,9.0,6.0,5.0,7.0,3.0,7.0,10.0,5.0,,3.0,3.0,2.0,8.0,10.0,9.0,6.0,6.0,6.0,9.0,9.0,9.0,3,7.0,10,1
2005-06-30,53663,,11,1,4911.0,90274810,UIL,U I L HOLDINGS CORP,UIL,221119.0,N,A,R,21819,1,4931.0,90274810.0,,,49.0,493.0,,,,,,,53.81,-0.003703,14645.0,1.666667,54.1,788047.45,UIL,8.0,10.0,1.0,,6.0,1,1.0,1.0,7.0,2.0,6.0,3.0,2.0,10.0,5.0,9.0,7.0,8.0,8.0,7.0,10.0,8.0,4.0,3.0,8.0,1.0,4.0,,5.0,9.0,9.0,6.0,5.0,7.0,3.0,7.0,10.0,5.0,,3.0,3.0,2.0,8.0,10.0,9.0,6.0,6.0,6.0,9.0,9.0,9.0,3,7.0,10,1
2005-07-01,53663,,11,1,4911.0,90274810,UIL,U I L HOLDINGS CORP,UIL,221119.0,N,A,R,21819,1,4931.0,90274810.0,,,49.0,493.0,,,,,,,55.08,0.023602,14645.0,1.666667,54.01,806646.6,UIL,8.0,10.0,1.0,,6.0,10,10.0,1.0,5.0,7.0,9.0,3.0,1.0,10.0,6.0,9.0,8.0,8.0,9.0,8.0,4.0,9.0,4.0,2.0,8.0,2.0,3.0,,5.0,9.0,9.0,5.0,5.0,6.0,4.0,6.0,10.0,5.0,,2.0,2.0,2.0,4.0,10.0,9.0,3.0,7.0,6.0,9.0,10.0,9.0,3,8.0,10,1
2005-07-05,53663,,11,1,4911.0,90274810,UIL,U I L HOLDINGS CORP,UIL,221119.0,N,A,R,21819,1,4931.0,90274810.0,,,49.0,493.0,,,,,,,56.1,0.018518,14645.0,1.666667,55.04,821584.5,UIL,8.0,10.0,1.0,,6.0,10,10.0,1.0,5.0,7.0,9.0,3.0,1.0,10.0,6.0,9.0,8.0,8.0,9.0,8.0,4.0,9.0,4.0,2.0,8.0,2.0,3.0,,5.0,9.0,9.0,5.0,5.0,6.0,4.0,6.0,10.0,5.0,,2.0,2.0,2.0,4.0,10.0,9.0,3.0,7.0,6.0,9.0,10.0,9.0,3,8.0,10,1
2005-07-06,53663,,11,1,4911.0,90274810,UIL,U I L HOLDINGS CORP,UIL,221119.0,N,A,R,21819,1,4931.0,90274810.0,,,49.0,493.0,,,,,,,54.65,-0.025847,14645.0,1.666667,55.9,800349.25,UIL,8.0,10.0,1.0,,6.0,10,10.0,1.0,5.0,7.0,9.0,3.0,1.0,10.0,6.0,9.0,8.0,8.0,9.0,8.0,4.0,9.0,4.0,2.0,8.0,2.0,3.0,,5.0,9.0,9.0,5.0,5.0,6.0,4.0,6.0,10.0,5.0,,2.0,2.0,2.0,4.0,10.0,9.0,3.0,7.0,6.0,9.0,10.0,9.0,3,8.0,10,1
2005-07-07,53663,,11,1,4911.0,90274810,UIL,U I L HOLDINGS CORP,UIL,221119.0,N,A,R,21819,1,4931.0,90274810.0,,,49.0,493.0,,,,,,,54.31,-0.006221,14645.0,1.666667,54.55,795369.95,UIL,8.0,10.0,1.0,,6.0,10,10.0,1.0,5.0,7.0,9.0,3.0,1.0,10.0,6.0,9.0,8.0,8.0,9.0,8.0,4.0,9.0,4.0,2.0,8.0,2.0,3.0,,5.0,9.0,9.0,5.0,5.0,6.0,4.0,6.0,10.0,5.0,,2.0,2.0,2.0,4.0,10.0,9.0,3.0,7.0,6.0,9.0,10.0,9.0,3,8.0,10,1
2005-07-08,53663,,11,1,4911.0,90274810,UIL,U I L HOLDINGS CORP,UIL,221119.0,N,A,R,21819,1,4931.0,90274810.0,,,49.0,493.0,,,,,,,55.08,0.014178,14645.0,1.666667,54.33,806646.6,UIL,8.0,10.0,1.0,,6.0,10,10.0,1.0,5.0,7.0,9.0,3.0,1.0,10.0,6.0,9.0,8.0,8.0,9.0,8.0,4.0,9.0,4.0,2.0,8.0,2.0,3.0,,5.0,9.0,9.0,5.0,5.0,6.0,4.0,6.0,10.0,5.0,,2.0,2.0,2.0,4.0,10.0,9.0,3.0,7.0,6.0,9.0,10.0,9.0,3,8.0,10,1
2005-07-11,53663,,11,1,4911.0,90274810,UIL,U I L HOLDINGS CORP,UIL,221119.0,N,A,R,21819,1,4931.0,90274810.0,,,49.0,493.0,,,,,,,55.97,0.016158,14645.0,1.666667,55.25,819680.65,UIL,8.0,10.0,1.0,,6.0,10,10.0,1.0,5.0,7.0,9.0,3.0,1.0,10.0,6.0,9.0,8.0,8.0,9.0,8.0,4.0,9.0,4.0,2.0,8.0,2.0,3.0,,5.0,9.0,9.0,5.0,5.0,6.0,4.0,6.0,10.0,5.0,,2.0,2.0,2.0,4.0,10.0,9.0,3.0,7.0,6.0,9.0,10.0,9.0,3,8.0,10,1
2005-07-12,53663,,11,1,4911.0,90274810,UIL,U I L HOLDINGS CORP,UIL,221119.0,N,A,R,21819,1,4931.0,90274810.0,,,49.0,493.0,,,,,,,55.81,-0.002859,14645.0,1.666667,55.97,817337.45,UIL,8.0,10.0,1.0,,6.0,10,10.0,1.0,5.0,7.0,9.0,3.0,1.0,10.0,6.0,9.0,8.0,8.0,9.0,8.0,4.0,9.0,4.0,2.0,8.0,2.0,3.0,,5.0,9.0,9.0,5.0,5.0,6.0,4.0,6.0,10.0,5.0,,2.0,2.0,2.0,4.0,10.0,9.0,3.0,7.0,6.0,9.0,10.0,9.0,3,8.0,10,1
2005-07-13,53663,,11,1,4911.0,90274810,UIL,U I L HOLDINGS CORP,UIL,221119.0,N,A,R,21819,1,4931.0,90274810.0,,,49.0,493.0,,,,,,,55.56,-0.004479,14645.0,1.666667,55.7,813676.2,UIL,8.0,10.0,1.0,,6.0,10,10.0,1.0,5.0,7.0,9.0,3.0,1.0,10.0,6.0,9.0,8.0,8.0,9.0,8.0,4.0,9.0,4.0,2.0,8.0,2.0,3.0,,5.0,9.0,9.0,5.0,5.0,6.0,4.0,6.0,10.0,5.0,,2.0,2.0,2.0,4.0,10.0,9.0,3.0,7.0,6.0,9.0,10.0,9.0,3,8.0,10,1
2005-07-14,53663,,11,1,4911.0,90274810,UIL,U I L HOLDINGS CORP,UIL,221119.0,N,A,R,21819,1,4931.0,90274810.0,,,49.0,493.0,,,,,,,55.4,-0.00288,14645.0,1.666667,55.4,811333.0,UIL,8.0,10.0,1.0,,6.0,10,10.0,1.0,5.0,7.0,9.0,3.0,1.0,10.0,6.0,9.0,8.0,8.0,9.0,8.0,4.0,9.0,4.0,2.0,8.0,2.0,3.0,,5.0,9.0,9.0,5.0,5.0,6.0,4.0,6.0,10.0,5.0,,2.0,2.0,2.0,4.0,10.0,9.0,3.0,7.0,6.0,9.0,10.0,9.0,3,8.0,10,1
2005-07-15,53663,,11,1,4911.0,90274810,UIL,U I L HOLDINGS CORP,UIL,221119.0,N,A,R,21819,1,4931.0,90274810.0,,,49.0,493.0,,,,,,,54.93,-0.008484,14645.0,1.666667,55.3,804449.85,UIL,8.0,10.0,1.0,,6.0,10,10.0,1.0,5.0,7.0,9.0,3.0,1.0,10.0,6.0,9.0,8.0,8.0,9.0,8.0,4.0,9.0,4.0,2.0,8.0,2.0,3.0,,5.0,9.0,9.0,5.0,5.0,6.0,4.0,6.0,10.0,5.0,,2.0,2.0,2.0,4.0,10.0,9.0,3.0,7.0,6.0,9.0,10.0,9.0,3,8.0,10,1
2005-07-18,53663,,11,1,4911.0,90274810,UIL,U I L HOLDINGS CORP,UIL,221119.0,N,A,R,21819,1,4931.0,90274810.0,,,49.0,493.0,,,,,,,54.23,-0.012744,14645.0,1.666667,54.75,794198.35,UIL,8.0,10.0,1.0,,6.0,10,10.0,1.0,5.0,7.0,9.0,3.0,1.0,10.0,6.0,9.0,8.0,8.0,9.0,8.0,4.0,9.0,4.0,2.0,8.0,2.0,3.0,,5.0,9.0,9.0,5.0,5.0,6.0,4.0,6.0,10.0,5.0,,2.0,2.0,2.0,4.0,10.0,9.0,3.0,7.0,6.0,9.0,10.0,9.0,3,8.0,10,1
2005-07-19,53663,,11,1,4911.0,90274810,UIL,U I L HOLDINGS CORP,UIL,221119.0,N,A,R,21819,1,4931.0,90274810.0,,,49.0,493.0,,,,,,,54.76,0.009773,14645.0,1.666667,54.4,801960.2,UIL,8.0,10.0,1.0,,6.0,10,10.0,1.0,5.0,7.0,9.0,3.0,1.0,10.0,6.0,9.0,8.0,8.0,9.0,8.0,4.0,9.0,4.0,2.0,8.0,2.0,3.0,,5.0,9.0,9.0,5.0,5.0,6.0,4.0,6.0,10.0,5.0,,2.0,2.0,2.0,4.0,10.0,9.0,3.0,7.0,6.0,9.0,10.0,9.0,3,8.0,10,1
2005-07-20,53663,,11,1,4911.0,90274810,UIL,U I L HOLDINGS CORP,UIL,221119.0,N,A,R,21819,1,4931.0,90274810.0,,,49.0,493.0,,,,,,,55.11,0.006392,14645.0,1.666667,54.54,807085.95,UIL,8.0,10.0,1.0,,6.0,10,10.0,1.0,5.0,7.0,9.0,3.0,1.0,10.0,6.0,9.0,8.0,8.0,9.0,8.0,4.0,9.0,4.0,2.0,8.0,2.0,3.0,,5.0,9.0,9.0,5.0,5.0,6.0,4.0,6.0,10.0,5.0,,2.0,2.0,2.0,4.0,10.0,9.0,3.0,7.0,6.0,9.0,10.0,9.0,3,8.0,10,1
2005-07-21,53663,,11,1,4911.0,90274810,UIL,U I L HOLDINGS CORP,UIL,221119.0,N,A,R,21819,1,4931.0,90274810.0,,,49.0,493.0,,,,,,,53.7,-0.025585,14645.0,1.666667,55.15,786436.5,UIL,8.0,10.0,1.0,,6.0,10,10.0,1.0,5.0,7.0,9.0,3.0,1.0,10.0,6.0,9.0,8.0,8.0,9.0,8.0,4.0,9.0,4.0,2.0,8.0,2.0,3.0,,5.0,9.0,9.0,5.0,5.0,6.0,4.0,6.0,10.0,5.0,,2.0,2.0,2.0,4.0,10.0,9.0,3.0,7.0,6.0,9.0,10.0,9.0,3,8.0,10,1
2005-07-22,53663,,11,1,4911.0,90274810,UIL,U I L HOLDINGS CORP,UIL,221119.0,N,A,R,21819,1,4931.0,90274810.0,,,49.0,493.0,,,,,,,55.35,0.030726,14645.0,1.666667,53.85,810600.75,UIL,8.0,10.0,1.0,,6.0,10,10.0,1.0,5.0,7.0,9.0,3.0,1.0,10.0,6.0,9.0,8.0,8.0,9.0,8.0,4.0,9.0,4.0,2.0,8.0,2.0,3.0,,5.0,9.0,9.0,5.0,5.0,6.0,4.0,6.0,10.0,5.0,,2.0,2.0,2.0,4.0,10.0,9.0,3.0,7.0,6.0,9.0,10.0,9.0,3,8.0,10,1
2005-07-25,53663,,11,1,4911.0,90274810,UIL,U I L HOLDINGS CORP,UIL,221119.0,N,A,R,21819,1,4931.0,90274810.0,,,49.0,493.0,,,,,,,54.97,-0.006865,14645.0,1.666667,55.25,805035.65,UIL,8.0,10.0,1.0,,6.0,10,10.0,1.0,5.0,7.0,9.0,3.0,1.0,10.0,6.0,9.0,8.0,8.0,9.0,8.0,4.0,9.0,4.0,2.0,8.0,2.0,3.0,,5.0,9.0,9.0,5.0,5.0,6.0,4.0,6.0,10.0,5.0,,2.0,2.0,2.0,4.0,10.0,9.0,3.0,7.0,6.0,9.0,10.0,9.0,3,8.0,10,1
2005-07-26,53663,,11,1,4911.0,90274810,UIL,U I L HOLDINGS CORP,UIL,221119.0,N,A,R,21819,1,4931.0,90274810.0,,,49.0,493.0,,,,,,,54.85,-0.002183,14645.0,1.666667,55.22,803278.25,UIL,8.0,10.0,1.0,,6.0,10,10.0,1.0,5.0,7.0,9.0,3.0,1.0,10.0,6.0,9.0,8.0,8.0,9.0,8.0,4.0,9.0,4.0,2.0,8.0,2.0,3.0,,5.0,9.0,9.0,5.0,5.0,6.0,4.0,6.0,10.0,5.0,,2.0,2.0,2.0,4.0,10.0,9.0,3.0,7.0,6.0,9.0,10.0,9.0,3,8.0,10,1
2005-07-27,53663,,11,1,4911.0,90274810,UIL,U I L HOLDINGS CORP,UIL,221119.0,N,A,R,21819,1,4931.0,90274810.0,,,49.0,493.0,,,,,,,54.43,-0.007657,14645.0,1.666667,54.85,797127.35,UIL,8.0,10.0,1.0,,6.0,10,10.0,1.0,5.0,7.0,9.0,3.0,1.0,10.0,6.0,9.0,8.0,8.0,9.0,8.0,4.0,9.0,4.0,2.0,8.0,2.0,3.0,,5.0,9.0,9.0,5.0,5.0,6.0,4.0,6.0,10.0,5.0,,2.0,2.0,2.0,4.0,10.0,9.0,3.0,7.0,6.0,9.0,10.0,9.0,3,8.0,10,1
2005-07-28,53663,,11,1,4911.0,90274810,UIL,U I L HOLDINGS CORP,UIL,221119.0,N,A,R,21819,1,4931.0,90274810.0,,,49.0,493.0,,,,,,,54.45,0.000367,14645.0,1.666667,54.43,797420.25,UIL,8.0,10.0,1.0,,6.0,10,10.0,1.0,5.0,7.0,9.0,3.0,1.0,10.0,6.0,9.0,8.0,8.0,9.0,8.0,4.0,9.0,4.0,2.0,8.0,2.0,3.0,,5.0,9.0,9.0,5.0,5.0,6.0,4.0,6.0,10.0,5.0,,2.0,2.0,2.0,4.0,10.0,9.0,3.0,7.0,6.0,9.0,10.0,9.0,3,8.0,10,1
2005-07-29,53663,,11,1,4911.0,90274810,UIL,U I L HOLDINGS CORP,UIL,221119.0,N,A,R,21819,1,4931.0,90274810.0,,,49.0,493.0,,,,,,,54.48,0.000551,14645.0,1.666667,54.45,797859.6,UIL,8.0,10.0,1.0,,6.0,10,10.0,1.0,5.0,7.0,9.0,3.0,1.0,10.0,6.0,9.0,8.0,8.0,9.0,8.0,4.0,9.0,4.0,2.0,8.0,2.0,3.0,,5.0,9.0,9.0,5.0,5.0,6.0,4.0,6.0,10.0,5.0,,2.0,2.0,2.0,4.0,10.0,9.0,3.0,7.0,6.0,9.0,10.0,9.0,3,8.0,10,1
2005-08-01,53663,,11,1,4911.0,90274810,UIL,U I L HOLDINGS CORP,UIL,221119.0,N,A,R,21819,1,4931.0,90274810.0,,,49.0,493.0,,,,,,,54.46,-0.000367,14645.0,1.666667,54.45,797566.7,UIL,8.0,10.0,1.0,,6.0,10,10.0,1.0,5.0,7.0,9.0,3.0,1.0,10.0,6.0,9.0,8.0,8.0,9.0,8.0,4.0,9.0,4.0,2.0,8.0,2.0,3.0,,7.0,9.0,10.0,7.0,3.0,7.0,4.0,7.0,10.0,5.0,,2.0,2.0,2.0,8.0,10.0,9.0,5.0,7.0,7.0,9.0,10.0,9.0,3,9.0,10,1
2005-08-02,53663,,11,1,4911.0,90274810,UIL,U I L HOLDINGS CORP,UIL,221119.0,N,A,R,21819,1,4931.0,90274810.0,,,49.0,493.0,,,,,,,54.99,0.009732,14645.0,1.666667,54.47,805328.55,UIL,8.0,10.0,1.0,,6.0,10,10.0,1.0,5.0,7.0,9.0,3.0,1.0,10.0,6.0,9.0,8.0,8.0,9.0,8.0,4.0,9.0,4.0,2.0,8.0,2.0,3.0,,7.0,9.0,10.0,7.0,3.0,7.0,4.0,7.0,10.0,5.0,,2.0,2.0,2.0,8.0,10.0,9.0,5.0,7.0,7.0,9.0,10.0,9.0,3,9.0,10,1
2005-08-03,53663,,11,1,4911.0,90274810,UIL,U I L HOLDINGS CORP,UIL,221119.0,N,A,R,21819,1,4931.0,90274810.0,,,49.0,493.0,,,,,,,54.97,-0.000364,14645.0,1.666667,55.0,805035.65,UIL,8.0,10.0,1.0,,6.0,10,10.0,1.0,5.0,7.0,9.0,3.0,1.0,10.0,6.0,9.0,8.0,8.0,9.0,8.0,4.0,9.0,4.0,2.0,8.0,2.0,3.0,,7.0,9.0,10.0,7.0,3.0,7.0,4.0,7.0,10.0,5.0,,2.0,2.0,2.0,8.0,10.0,9.0,5.0,7.0,7.0,9.0,10.0,9.0,3,9.0,10,1
2005-08-04,53663,,11,1,4911.0,90274810,UIL,U I L HOLDINGS CORP,UIL,221119.0,N,A,R,21819,1,4931.0,90274810.0,,,49.0,493.0,,,,,,,53.7,-0.023104,14645.0,1.666667,54.97,786436.5,UIL,8.0,10.0,1.0,,6.0,10,10.0,1.0,5.0,7.0,9.0,3.0,1.0,10.0,6.0,9.0,8.0,8.0,9.0,8.0,4.0,9.0,4.0,2.0,8.0,2.0,3.0,,7.0,9.0,10.0,7.0,3.0,7.0,4.0,7.0,10.0,5.0,,2.0,2.0,2.0,8.0,10.0,9.0,5.0,7.0,7.0,9.0,10.0,9.0,3,9.0,10,1
2005-08-05,53663,,11,1,4911.0,90274810,UIL,U I L HOLDINGS CORP,UIL,221119.0,N,A,R,21819,1,4931.0,90274810.0,,,49.0,493.0,,,,,,,49.97,-0.06946,14645.0,1.666667,53.2,731810.65,UIL,8.0,10.0,1.0,,6.0,10,10.0,1.0,5.0,7.0,9.0,3.0,1.0,10.0,6.0,9.0,8.0,8.0,9.0,8.0,4.0,9.0,4.0,2.0,8.0,2.0,3.0,,7.0,9.0,10.0,7.0,3.0,7.0,4.0,7.0,10.0,5.0,,2.0,2.0,2.0,8.0,10.0,9.0,5.0,7.0,7.0,9.0,10.0,9.0,3,9.0,10,1
2005-08-08,53663,,11,1,4911.0,90274810,UIL,U I L HOLDINGS CORP,UIL,221119.0,N,A,R,21819,1,4931.0,90274810.0,,,49.0,493.0,,,,,,,49.52,-0.009005,14645.0,1.666667,49.87,725220.4,UIL,8.0,10.0,1.0,,6.0,10,10.0,1.0,5.0,7.0,9.0,3.0,1.0,10.0,6.0,9.0,8.0,8.0,9.0,8.0,4.0,9.0,4.0,2.0,8.0,2.0,3.0,,7.0,9.0,10.0,7.0,3.0,7.0,4.0,7.0,10.0,5.0,,2.0,2.0,2.0,8.0,10.0,9.0,5.0,7.0,7.0,9.0,10.0,9.0,3,9.0,10,1
2005-08-09,53663,,11,1,4911.0,90274810,UIL,U I L HOLDINGS CORP,UIL,221119.0,N,A,R,21819,1,4931.0,90274810.0,,,49.0,493.0,,,,,,,48.95,-0.01151,14645.0,1.666667,49.62,716872.75,UIL,8.0,10.0,1.0,,6.0,10,10.0,1.0,5.0,7.0,9.0,3.0,1.0,10.0,6.0,9.0,8.0,8.0,9.0,8.0,4.0,9.0,4.0,2.0,8.0,2.0,3.0,,7.0,9.0,10.0,7.0,3.0,7.0,4.0,7.0,10.0,5.0,,2.0,2.0,2.0,8.0,10.0,9.0,5.0,7.0,7.0,9.0,10.0,9.0,3,9.0,10,1
2005-08-10,53663,,11,1,4911.0,90274810,UIL,U I L HOLDINGS CORP,UIL,221119.0,N,A,R,21819,1,4931.0,90274810.0,,,49.0,493.0,,,,,,,48.57,-0.007763,14645.0,1.666667,49.05,711307.65,UIL,8.0,10.0,1.0,,6.0,10,10.0,1.0,5.0,7.0,9.0,3.0,1.0,10.0,6.0,9.0,8.0,8.0,9.0,8.0,4.0,9.0,4.0,2.0,8.0,2.0,3.0,,7.0,9.0,10.0,7.0,3.0,7.0,4.0,7.0,10.0,5.0,,2.0,2.0,2.0,8.0,10.0,9.0,5.0,7.0,7.0,9.0,10.0,9.0,3,9.0,10,1
2005-08-11,53663,,11,1,4911.0,90274810,UIL,U I L HOLDINGS CORP,UIL,221119.0,N,A,R,21819,1,4931.0,90274810.0,,,49.0,493.0,,,,,,,49.37,0.016471,14645.0,1.666667,48.77,723023.65,UIL,8.0,10.0,1.0,,6.0,10,10.0,1.0,5.0,7.0,9.0,3.0,1.0,10.0,6.0,9.0,8.0,8.0,9.0,8.0,4.0,9.0,4.0,2.0,8.0,2.0,3.0,,7.0,9.0,10.0,7.0,3.0,7.0,4.0,7.0,10.0,5.0,,2.0,2.0,2.0,8.0,10.0,9.0,5.0,7.0,7.0,9.0,10.0,9.0,3,9.0,10,1
2005-08-12,53663,,11,1,4911.0,90274810,UIL,U I L HOLDINGS CORP,UIL,221119.0,N,A,R,21819,1,4931.0,90274810.0,,,49.0,493.0,,,,,,,48.63,-0.014989,14645.0,1.666667,49.43,712186.35,UIL,8.0,10.0,1.0,,6.0,10,10.0,1.0,5.0,7.0,9.0,3.0,1.0,10.0,6.0,9.0,8.0,8.0,9.0,8.0,4.0,9.0,4.0,2.0,8.0,2.0,3.0,,7.0,9.0,10.0,7.0,3.0,7.0,4.0,7.0,10.0,5.0,,2.0,2.0,2.0,8.0,10.0,9.0,5.0,7.0,7.0,9.0,10.0,9.0,3,9.0,10,1
2005-08-15,53663,,11,1,4911.0,90274810,UIL,U I L HOLDINGS CORP,UIL,221119.0,N,A,R,21819,1,4931.0,90274810.0,,,49.0,493.0,,,,,,,49.35,0.014806,14645.0,1.666667,48.7,722730.75,UIL,8.0,10.0,1.0,,6.0,10,10.0,1.0,5.0,7.0,9.0,3.0,1.0,10.0,6.0,9.0,8.0,8.0,9.0,8.0,4.0,9.0,4.0,2.0,8.0,2.0,3.0,,7.0,9.0,10.0,7.0,3.0,7.0,4.0,7.0,10.0,5.0,,2.0,2.0,2.0,8.0,10.0,9.0,5.0,7.0,7.0,9.0,10.0,9.0,3,9.0,10,1
2005-08-16,53663,,11,1,4911.0,90274810,UIL,U I L HOLDINGS CORP,UIL,221119.0,N,A,R,21819,1,4931.0,90274810.0,,,49.0,493.0,,,,,,,49.21,-0.002837,14645.0,1.666667,49.4,720680.45,UIL,8.0,10.0,1.0,,6.0,10,10.0,1.0,5.0,7.0,9.0,3.0,1.0,10.0,6.0,9.0,8.0,8.0,9.0,8.0,4.0,9.0,4.0,2.0,8.0,2.0,3.0,,7.0,9.0,10.0,7.0,3.0,7.0,4.0,7.0,10.0,5.0,,2.0,2.0,2.0,8.0,10.0,9.0,5.0,7.0,7.0,9.0,10.0,9.0,3,9.0,10,1
2005-08-17,53663,,11,1,4911.0,90274810,UIL,U I L HOLDINGS CORP,UIL,221119.0,N,A,R,21819,1,4931.0,90274810.0,,,49.0,493.0,,,,,,,49.09,-0.002439,14645.0,1.666667,49.17,718923.05,UIL,8.0,10.0,1.0,,6.0,10,10.0,1.0,5.0,7.0,9.0,3.0,1.0,10.0,6.0,9.0,8.0,8.0,9.0,8.0,4.0,9.0,4.0,2.0,8.0,2.0,3.0,,7.0,9.0,10.0,7.0,3.0,7.0,4.0,7.0,10.0,5.0,,2.0,2.0,2.0,8.0,10.0,9.0,5.0,7.0,7.0,9.0,10.0,9.0,3,9.0,10,1
2005-08-18,53663,,11,1,4911.0,90274810,UIL,U I L HOLDINGS CORP,UIL,221119.0,N,A,R,21819,1,4931.0,90274810.0,,,49.0,493.0,,,,,,,49.0,-0.001833,14645.0,1.666667,49.0,717605.0,UIL,8.0,10.0,1.0,,6.0,10,10.0,1.0,5.0,7.0,9.0,3.0,1.0,10.0,6.0,9.0,8.0,8.0,9.0,8.0,4.0,9.0,4.0,2.0,8.0,2.0,3.0,,7.0,9.0,10.0,7.0,3.0,7.0,4.0,7.0,10.0,5.0,,2.0,2.0,2.0,8.0,10.0,9.0,5.0,7.0,7.0,9.0,10.0,9.0,3,9.0,10,1
2005-08-19,53663,,11,1,4911.0,90274810,UIL,U I L HOLDINGS CORP,UIL,221119.0,N,A,R,21819,1,4931.0,90274810.0,,,49.0,493.0,,,,,,,49.85,0.017347,14645.0,1.666667,49.0,730053.25,UIL,8.0,10.0,1.0,,6.0,10,10.0,1.0,5.0,7.0,9.0,3.0,1.0,10.0,6.0,9.0,8.0,8.0,9.0,8.0,4.0,9.0,4.0,2.0,8.0,2.0,3.0,,7.0,9.0,10.0,7.0,3.0,7.0,4.0,7.0,10.0,5.0,,2.0,2.0,2.0,8.0,10.0,9.0,5.0,7.0,7.0,9.0,10.0,9.0,3,9.0,10,1
2005-08-22,53663,,11,1,4911.0,90274810,UIL,U I L HOLDINGS CORP,UIL,221119.0,N,A,R,21819,1,4931.0,90274810.0,,,49.0,493.0,,,,,,,50.3,0.009027,14645.0,1.666667,49.95,736643.5,UIL,8.0,10.0,1.0,,6.0,10,10.0,1.0,5.0,7.0,9.0,3.0,1.0,10.0,6.0,9.0,8.0,8.0,9.0,8.0,4.0,9.0,4.0,2.0,8.0,2.0,3.0,,7.0,9.0,10.0,7.0,3.0,7.0,4.0,7.0,10.0,5.0,,2.0,2.0,2.0,8.0,10.0,9.0,5.0,7.0,7.0,9.0,10.0,9.0,3,9.0,10,1
2005-08-23,53663,,11,1,4911.0,90274810,UIL,U I L HOLDINGS CORP,UIL,221119.0,N,A,R,21819,1,4931.0,90274810.0,,,49.0,493.0,,,,,,,50.14,-0.003181,14645.0,1.666667,50.39,734300.3,UIL,8.0,10.0,1.0,,6.0,10,10.0,1.0,5.0,7.0,9.0,3.0,1.0,10.0,6.0,9.0,8.0,8.0,9.0,8.0,4.0,9.0,4.0,2.0,8.0,2.0,3.0,,7.0,9.0,10.0,7.0,3.0,7.0,4.0,7.0,10.0,5.0,,2.0,2.0,2.0,8.0,10.0,9.0,5.0,7.0,7.0,9.0,10.0,9.0,3,9.0,10,1
2005-08-24,53663,,11,1,4911.0,90274810,UIL,U I L HOLDINGS CORP,UIL,221119.0,N,A,R,21819,1,4931.0,90274810.0,,,49.0,493.0,,,,,,,51.5,0.027124,14645.0,1.666667,50.2,754217.5,UIL,8.0,10.0,1.0,,6.0,10,10.0,1.0,5.0,7.0,9.0,3.0,1.0,10.0,6.0,9.0,8.0,8.0,9.0,8.0,4.0,9.0,4.0,2.0,8.0,2.0,3.0,,7.0,9.0,10.0,7.0,3.0,7.0,4.0,7.0,10.0,5.0,,2.0,2.0,2.0,8.0,10.0,9.0,5.0,7.0,7.0,9.0,10.0,9.0,3,9.0,10,1
2005-08-25,53663,,11,1,4911.0,90274810,UIL,U I L HOLDINGS CORP,UIL,221119.0,N,A,R,21819,1,4931.0,90274810.0,,,49.0,493.0,,,,,,,51.64,0.002718,14645.0,1.666667,51.6,756267.8,UIL,8.0,10.0,1.0,,6.0,10,10.0,1.0,5.0,7.0,9.0,3.0,1.0,10.0,6.0,9.0,8.0,8.0,9.0,8.0,4.0,9.0,4.0,2.0,8.0,2.0,3.0,,7.0,9.0,10.0,7.0,3.0,7.0,4.0,7.0,10.0,5.0,,2.0,2.0,2.0,8.0,10.0,9.0,5.0,7.0,7.0,9.0,10.0,9.0,3,9.0,10,1
2005-08-26,53663,,11,1,4911.0,90274810,UIL,U I L HOLDINGS CORP,UIL,221119.0,N,A,R,21819,1,4931.0,90274810.0,,,49.0,493.0,,,,,,,51.02,-0.012006,14645.0,1.666667,51.89,747187.9,UIL,8.0,10.0,1.0,,6.0,10,10.0,1.0,5.0,7.0,9.0,3.0,1.0,10.0,6.0,9.0,8.0,8.0,9.0,8.0,4.0,9.0,4.0,2.0,8.0,2.0,3.0,,7.0,9.0,10.0,7.0,3.0,7.0,4.0,7.0,10.0,5.0,,2.0,2.0,2.0,8.0,10.0,9.0,5.0,7.0,7.0,9.0,10.0,9.0,3,9.0,10,1
2005-08-29,53663,,11,1,4911.0,90274810,UIL,U I L HOLDINGS CORP,UIL,221119.0,N,A,R,21819,1,4931.0,90274810.0,,,49.0,493.0,,,,,,,51.62,0.01176,14645.0,1.666667,51.0,755974.9,UIL,8.0,10.0,1.0,,6.0,10,10.0,1.0,5.0,7.0,9.0,3.0,1.0,10.0,6.0,9.0,8.0,8.0,9.0,8.0,4.0,9.0,4.0,2.0,8.0,2.0,3.0,,7.0,9.0,10.0,7.0,3.0,7.0,4.0,7.0,10.0,5.0,,2.0,2.0,2.0,8.0,10.0,9.0,5.0,7.0,7.0,9.0,10.0,9.0,3,9.0,10,1
2005-08-30,53663,,11,1,4911.0,90274810,UIL,U I L HOLDINGS CORP,UIL,221119.0,N,A,R,21819,1,4931.0,90274810.0,,,49.0,493.0,,,,,,,51.68,0.001162,14645.0,1.666667,51.7,756853.6,UIL,8.0,10.0,1.0,,6.0,10,10.0,1.0,5.0,7.0,9.0,3.0,1.0,10.0,6.0,9.0,8.0,8.0,9.0,8.0,4.0,9.0,4.0,2.0,8.0,2.0,3.0,,7.0,9.0,10.0,7.0,3.0,7.0,4.0,7.0,10.0,5.0,,2.0,2.0,2.0,8.0,10.0,9.0,5.0,7.0,7.0,9.0,10.0,9.0,3,9.0,10,1
2005-08-31,53663,,11,1,4911.0,90274810,UIL,U I L HOLDINGS CORP,UIL,221119.0,N,A,R,21819,1,4931.0,90274810.0,,,49.0,493.0,,,,,,,52.96,0.024768,14699.0,1.666667,51.52,778459.04,UIL,8.0,10.0,1.0,,6.0,10,10.0,1.0,5.0,7.0,9.0,3.0,1.0,10.0,6.0,9.0,8.0,8.0,9.0,8.0,4.0,9.0,4.0,2.0,8.0,2.0,3.0,,7.0,9.0,10.0,7.0,3.0,7.0,4.0,7.0,10.0,5.0,,2.0,2.0,2.0,8.0,10.0,9.0,5.0,7.0,7.0,9.0,10.0,9.0,3,9.0,10,1
2005-09-01,53663,,11,1,4911.0,90274810,UIL,U I L HOLDINGS CORP,UIL,221119.0,N,A,R,21819,1,4931.0,90274810.0,,,49.0,493.0,,,,,,,52.72,-0.004532,14699.0,1.666667,52.76,774931.28,UIL,8.0,10.0,1.0,,6.0,10,10.0,1.0,5.0,7.0,9.0,3.0,1.0,10.0,6.0,9.0,8.0,8.0,9.0,8.0,4.0,9.0,4.0,2.0,8.0,2.0,3.0,,7.0,10.0,10.0,7.0,6.0,5.0,5.0,7.0,10.0,5.0,,2.0,3.0,3.0,7.0,7.0,9.0,6.0,8.0,9.0,10.0,10.0,9.0,3,8.0,10,1
2005-09-02,53663,,11,1,4911.0,90274810,UIL,U I L HOLDINGS CORP,UIL,221119.0,N,A,R,21819,1,4931.0,90274810.0,,,49.0,493.0,1232.0,0.72,0.0,,,,52.55,0.010432,14699.0,1.666667,52.0,772432.45,UIL,8.0,10.0,1.0,,6.0,10,10.0,1.0,5.0,7.0,9.0,3.0,1.0,10.0,6.0,9.0,8.0,8.0,9.0,8.0,4.0,9.0,4.0,2.0,8.0,2.0,3.0,,7.0,10.0,10.0,7.0,6.0,5.0,5.0,7.0,10.0,5.0,,2.0,3.0,3.0,7.0,7.0,9.0,6.0,8.0,9.0,10.0,10.0,9.0,3,8.0,10,1
2005-09-06,53663,,11,1,4911.0,90274810,UIL,U I L HOLDINGS CORP,UIL,221119.0,N,A,R,21819,1,4931.0,90274810.0,,,49.0,493.0,,,,,,,52.85,0.005709,14699.0,1.666667,52.55,776842.15,UIL,8.0,10.0,1.0,,6.0,10,10.0,1.0,5.0,7.0,9.0,3.0,1.0,10.0,6.0,9.0,8.0,8.0,9.0,8.0,4.0,9.0,4.0,2.0,8.0,2.0,3.0,,7.0,10.0,10.0,7.0,6.0,5.0,5.0,7.0,10.0,5.0,,2.0,3.0,3.0,7.0,7.0,9.0,6.0,8.0,9.0,10.0,10.0,9.0,3,8.0,10,1
2005-09-07,53663,,11,1,4911.0,90274810,UIL,U I L HOLDINGS CORP,UIL,221119.0,N,A,R,21819,1,4931.0,90274810.0,,,49.0,493.0,,,,,,,52.55,-0.005676,14699.0,1.666667,52.85,772432.45,UIL,8.0,10.0,1.0,,6.0,10,10.0,1.0,5.0,7.0,9.0,3.0,1.0,10.0,6.0,9.0,8.0,8.0,9.0,8.0,4.0,9.0,4.0,2.0,8.0,2.0,3.0,,7.0,10.0,10.0,7.0,6.0,5.0,5.0,7.0,10.0,5.0,,2.0,3.0,3.0,7.0,7.0,9.0,6.0,8.0,9.0,10.0,10.0,9.0,3,8.0,10,1
2005-09-08,53663,,11,1,4911.0,90274810,UIL,U I L HOLDINGS CORP,UIL,221119.0,N,A,R,21819,1,4931.0,90274810.0,,,49.0,493.0,,,,,,,52.66,0.002093,14699.0,1.666667,52.5,774049.34,UIL,8.0,10.0,1.0,,6.0,10,10.0,1.0,5.0,7.0,9.0,3.0,1.0,10.0,6.0,9.0,8.0,8.0,9.0,8.0,4.0,9.0,4.0,2.0,8.0,2.0,3.0,,7.0,10.0,10.0,7.0,6.0,5.0,5.0,7.0,10.0,5.0,,2.0,3.0,3.0,7.0,7.0,9.0,6.0,8.0,9.0,10.0,10.0,9.0,3,8.0,10,1
2005-09-09,53663,,11,1,4911.0,90274810,UIL,U I L HOLDINGS CORP,UIL,221119.0,N,A,R,21819,1,4931.0,90274810.0,,,49.0,493.0,,,,,,,52.75,0.001709,14699.0,1.666667,52.73,775372.25,UIL,8.0,10.0,1.0,,6.0,10,10.0,1.0,5.0,7.0,9.0,3.0,1.0,10.0,6.0,9.0,8.0,8.0,9.0,8.0,4.0,9.0,4.0,2.0,8.0,2.0,3.0,,7.0,10.0,10.0,7.0,6.0,5.0,5.0,7.0,10.0,5.0,,2.0,3.0,3.0,7.0,7.0,9.0,6.0,8.0,9.0,10.0,10.0,9.0,3,8.0,10,1
2005-09-12,53663,,11,1,4911.0,90274810,UIL,U I L HOLDINGS CORP,UIL,221119.0,N,A,R,21819,1,4931.0,90274810.0,,,49.0,493.0,,,,,,,53.48,0.013839,14699.0,1.666667,52.77,786102.52,UIL,8.0,10.0,1.0,,6.0,10,10.0,1.0,5.0,7.0,9.0,3.0,1.0,10.0,6.0,9.0,8.0,8.0,9.0,8.0,4.0,9.0,4.0,2.0,8.0,2.0,3.0,,7.0,10.0,10.0,7.0,6.0,5.0,5.0,7.0,10.0,5.0,,2.0,3.0,3.0,7.0,7.0,9.0,6.0,8.0,9.0,10.0,10.0,9.0,3,8.0,10,1
2005-09-13,53663,,11,1,4911.0,90274810,UIL,U I L HOLDINGS CORP,UIL,221119.0,N,A,R,21819,1,4931.0,90274810.0,,,49.0,493.0,,,,,,,53.05,-0.00804,14699.0,1.666667,53.4,779781.95,UIL,8.0,10.0,1.0,,6.0,10,10.0,1.0,5.0,7.0,9.0,3.0,1.0,10.0,6.0,9.0,8.0,8.0,9.0,8.0,4.0,9.0,4.0,2.0,8.0,2.0,3.0,,7.0,10.0,10.0,7.0,6.0,5.0,5.0,7.0,10.0,5.0,,2.0,3.0,3.0,7.0,7.0,9.0,6.0,8.0,9.0,10.0,10.0,9.0,3,8.0,10,1
2005-09-14,53663,,11,1,4911.0,90274810,UIL,U I L HOLDINGS CORP,UIL,221119.0,N,A,R,21819,1,4931.0,90274810.0,,,49.0,493.0,,,,,,,53.32,0.00509,14699.0,1.666667,53.12,783750.68,UIL,8.0,10.0,1.0,,6.0,10,10.0,1.0,5.0,7.0,9.0,3.0,1.0,10.0,6.0,9.0,8.0,8.0,9.0,8.0,4.0,9.0,4.0,2.0,8.0,2.0,3.0,,7.0,10.0,10.0,7.0,6.0,5.0,5.0,7.0,10.0,5.0,,2.0,3.0,3.0,7.0,7.0,9.0,6.0,8.0,9.0,10.0,10.0,9.0,3,8.0,10,1
2005-09-15,53663,,11,1,4911.0,90274810,UIL,U I L HOLDINGS CORP,UIL,221119.0,N,A,R,21819,1,4931.0,90274810.0,,,49.0,493.0,,,,,,,53.1,-0.004126,14699.0,1.666667,53.4,780516.9,UIL,8.0,10.0,1.0,,6.0,10,10.0,1.0,5.0,7.0,9.0,3.0,1.0,10.0,6.0,9.0,8.0,8.0,9.0,8.0,4.0,9.0,4.0,2.0,8.0,2.0,3.0,,7.0,10.0,10.0,7.0,6.0,5.0,5.0,7.0,10.0,5.0,,2.0,3.0,3.0,7.0,7.0,9.0,6.0,8.0,9.0,10.0,10.0,9.0,3,8.0,10,1
2005-09-16,53663,,11,1,4911.0,90274810,UIL,U I L HOLDINGS CORP,UIL,221119.0,N,A,R,21819,1,4931.0,90274810.0,,,49.0,493.0,,,,,,,53.34,0.00452,14699.0,1.666667,53.5,784044.66,UIL,8.0,10.0,1.0,,6.0,10,10.0,1.0,5.0,7.0,9.0,3.0,1.0,10.0,6.0,9.0,8.0,8.0,9.0,8.0,4.0,9.0,4.0,2.0,8.0,2.0,3.0,,7.0,10.0,10.0,7.0,6.0,5.0,5.0,7.0,10.0,5.0,,2.0,3.0,3.0,7.0,7.0,9.0,6.0,8.0,9.0,10.0,10.0,9.0,3,8.0,10,1
2005-09-19,53663,,11,1,4911.0,90274810,UIL,U I L HOLDINGS CORP,UIL,221119.0,N,A,R,21819,1,4931.0,90274810.0,,,49.0,493.0,,,,,,,52.95,-0.007312,14699.0,1.666667,53.44,778312.05,UIL,8.0,10.0,1.0,,6.0,10,10.0,1.0,5.0,7.0,9.0,3.0,1.0,10.0,6.0,9.0,8.0,8.0,9.0,8.0,4.0,9.0,4.0,2.0,8.0,2.0,3.0,,7.0,10.0,10.0,7.0,6.0,5.0,5.0,7.0,10.0,5.0,,2.0,3.0,3.0,7.0,7.0,9.0,6.0,8.0,9.0,10.0,10.0,9.0,3,8.0,10,1
2005-09-20,53663,,11,1,4911.0,90274810,UIL,U I L HOLDINGS CORP,UIL,221119.0,N,A,R,21819,1,4931.0,90274810.0,,,49.0,493.0,,,,,,,53.07,0.002266,14699.0,1.666667,52.99,780075.93,UIL,8.0,10.0,1.0,,6.0,10,10.0,1.0,5.0,7.0,9.0,3.0,1.0,10.0,6.0,9.0,8.0,8.0,9.0,8.0,4.0,9.0,4.0,2.0,8.0,2.0,3.0,,7.0,10.0,10.0,7.0,6.0,5.0,5.0,7.0,10.0,5.0,,2.0,3.0,3.0,7.0,7.0,9.0,6.0,8.0,9.0,10.0,10.0,9.0,3,8.0,10,1
2005-09-21,53663,,11,1,4911.0,90274810,UIL,U I L HOLDINGS CORP,UIL,221119.0,N,A,R,21819,1,4931.0,90274810.0,,,49.0,493.0,,,,,,,51.37,-0.032033,14699.0,1.666667,52.99,755087.63,UIL,8.0,10.0,1.0,,6.0,10,10.0,1.0,5.0,7.0,9.0,3.0,1.0,10.0,6.0,9.0,8.0,8.0,9.0,8.0,4.0,9.0,4.0,2.0,8.0,2.0,3.0,,7.0,10.0,10.0,7.0,6.0,5.0,5.0,7.0,10.0,5.0,,2.0,3.0,3.0,7.0,7.0,9.0,6.0,8.0,9.0,10.0,10.0,9.0,3,8.0,10,1
2005-09-22,53663,,11,1,4911.0,90274810,UIL,U I L HOLDINGS CORP,UIL,221119.0,N,A,R,21819,1,4931.0,90274810.0,,,49.0,493.0,,,,,,,51.4,0.000584,14699.0,1.666667,51.3,755528.6,UIL,8.0,10.0,1.0,,6.0,10,10.0,1.0,5.0,7.0,9.0,3.0,1.0,10.0,6.0,9.0,8.0,8.0,9.0,8.0,4.0,9.0,4.0,2.0,8.0,2.0,3.0,,7.0,10.0,10.0,7.0,6.0,5.0,5.0,7.0,10.0,5.0,,2.0,3.0,3.0,7.0,7.0,9.0,6.0,8.0,9.0,10.0,10.0,9.0,3,8.0,10,1
2005-09-23,53663,,11,1,4911.0,90274810,UIL,U I L HOLDINGS CORP,UIL,221119.0,N,A,R,21819,1,4931.0,90274810.0,,,49.0,493.0,,,,,,,51.46,0.001167,14699.0,1.666667,51.5,756410.54,UIL,8.0,10.0,1.0,,6.0,10,10.0,1.0,5.0,7.0,9.0,3.0,1.0,10.0,6.0,9.0,8.0,8.0,9.0,8.0,4.0,9.0,4.0,2.0,8.0,2.0,3.0,,7.0,10.0,10.0,7.0,6.0,5.0,5.0,7.0,10.0,5.0,,2.0,3.0,3.0,7.0,7.0,9.0,6.0,8.0,9.0,10.0,10.0,9.0,3,8.0,10,1
2005-09-26,53663,,11,1,4911.0,90274810,UIL,U I L HOLDINGS CORP,UIL,221119.0,N,A,R,21819,1,4931.0,90274810.0,,,49.0,493.0,,,,,,,52.16,0.013603,14699.0,1.666667,51.65,766699.84,UIL,8.0,10.0,1.0,,6.0,10,10.0,1.0,5.0,7.0,9.0,3.0,1.0,10.0,6.0,9.0,8.0,8.0,9.0,8.0,4.0,9.0,4.0,2.0,8.0,2.0,3.0,,7.0,10.0,10.0,7.0,6.0,5.0,5.0,7.0,10.0,5.0,,2.0,3.0,3.0,7.0,7.0,9.0,6.0,8.0,9.0,10.0,10.0,9.0,3,8.0,10,1
2005-09-27,53663,,11,1,4911.0,90274810,UIL,U I L HOLDINGS CORP,UIL,221119.0,N,A,R,21819,1,4931.0,90274810.0,,,49.0,493.0,,,,,,,51.84,-0.006135,14699.0,1.666667,52.28,761996.16,UIL,8.0,10.0,1.0,,6.0,10,10.0,1.0,5.0,7.0,9.0,3.0,1.0,10.0,6.0,9.0,8.0,8.0,9.0,8.0,4.0,9.0,4.0,2.0,8.0,2.0,3.0,,7.0,10.0,10.0,7.0,6.0,5.0,5.0,7.0,10.0,5.0,,2.0,3.0,3.0,7.0,7.0,9.0,6.0,8.0,9.0,10.0,10.0,9.0,3,8.0,10,1
2005-09-28,53663,,11,1,4911.0,90274810,UIL,U I L HOLDINGS CORP,UIL,221119.0,N,A,R,21819,1,4931.0,90274810.0,,,49.0,493.0,,,,,,,51.0,-0.016204,14699.0,1.666667,52.08,749649.0,UIL,8.0,10.0,1.0,,6.0,10,10.0,1.0,5.0,7.0,9.0,3.0,1.0,10.0,6.0,9.0,8.0,8.0,9.0,8.0,4.0,9.0,4.0,2.0,8.0,2.0,3.0,,7.0,10.0,10.0,7.0,6.0,5.0,5.0,7.0,10.0,5.0,,2.0,3.0,3.0,7.0,7.0,9.0,6.0,8.0,9.0,10.0,10.0,9.0,3,8.0,10,1
2005-09-29,53663,,11,1,4911.0,90274810,UIL,U I L HOLDINGS CORP,UIL,221119.0,N,A,R,21819,1,4931.0,90274810.0,,,49.0,493.0,,,,,,,51.93,0.018235,14699.0,1.666667,51.15,763319.07,UIL,8.0,10.0,1.0,,6.0,10,10.0,1.0,5.0,7.0,9.0,3.0,1.0,10.0,6.0,9.0,8.0,8.0,9.0,8.0,4.0,9.0,4.0,2.0,8.0,2.0,3.0,,7.0,10.0,10.0,7.0,6.0,5.0,5.0,7.0,10.0,5.0,,2.0,3.0,3.0,7.0,7.0,9.0,6.0,8.0,9.0,10.0,10.0,9.0,3,8.0,10,1
2005-09-30,53663,,11,1,4911.0,90274810,UIL,U I L HOLDINGS CORP,UIL,221119.0,N,A,R,21819,1,4931.0,90274810.0,,,49.0,493.0,,,,,,,52.31,0.007318,14699.0,1.666667,51.99,768904.69,UIL,8.0,10.0,1.0,,6.0,10,10.0,1.0,5.0,7.0,9.0,3.0,1.0,10.0,6.0,9.0,8.0,8.0,9.0,8.0,4.0,9.0,4.0,2.0,8.0,2.0,3.0,,7.0,10.0,10.0,7.0,6.0,5.0,5.0,7.0,10.0,5.0,,2.0,3.0,3.0,7.0,7.0,9.0,6.0,8.0,9.0,10.0,10.0,9.0,3,8.0,10,1
2005-10-03,53663,,11,1,4911.0,90274810,UIL,U I L HOLDINGS CORP,UIL,221119.0,N,A,R,21819,1,4931.0,90274810.0,,,49.0,493.0,,,,,,,53.36,0.020073,14699.0,1.666667,52.41,784338.64,UIL,8.0,10.0,1.0,,6.0,10,10.0,1.0,5.0,7.0,9.0,3.0,1.0,10.0,6.0,9.0,8.0,8.0,9.0,8.0,4.0,9.0,4.0,2.0,8.0,2.0,3.0,,6.0,10.0,9.0,7.0,5.0,5.0,4.0,7.0,10.0,5.0,,2.0,3.0,3.0,6.0,7.0,9.0,2.0,8.0,8.0,10.0,8.0,9.0,3,8.0,10,1
2005-10-04,53663,,11,1,4911.0,90274810,UIL,U I L HOLDINGS CORP,UIL,221119.0,N,A,R,21819,1,4931.0,90274810.0,,,49.0,493.0,,,,,,,52.08,-0.023988,14699.0,1.666667,53.35,765523.92,UIL,8.0,10.0,1.0,,6.0,10,10.0,1.0,5.0,7.0,9.0,3.0,1.0,10.0,6.0,9.0,8.0,8.0,9.0,8.0,4.0,9.0,4.0,2.0,8.0,2.0,3.0,,6.0,10.0,9.0,7.0,5.0,5.0,4.0,7.0,10.0,5.0,,2.0,3.0,3.0,6.0,7.0,9.0,2.0,8.0,8.0,10.0,8.0,9.0,3,8.0,10,1
2005-10-05,53663,,11,1,4911.0,90274810,UIL,U I L HOLDINGS CORP,UIL,221119.0,N,A,R,21819,1,4931.0,90274810.0,,,49.0,493.0,,,,,,,50.08,-0.038402,14699.0,1.666667,52.07,736125.92,UIL,8.0,10.0,1.0,,6.0,10,10.0,1.0,5.0,7.0,9.0,3.0,1.0,10.0,6.0,9.0,8.0,8.0,9.0,8.0,4.0,9.0,4.0,2.0,8.0,2.0,3.0,,6.0,10.0,9.0,7.0,5.0,5.0,4.0,7.0,10.0,5.0,,2.0,3.0,3.0,6.0,7.0,9.0,2.0,8.0,8.0,10.0,8.0,9.0,3,8.0,10,1
2005-10-06,53663,,11,1,4911.0,90274810,UIL,U I L HOLDINGS CORP,UIL,221119.0,N,A,R,21819,1,4931.0,90274810.0,,,49.0,493.0,,,,,,,50.62,0.010783,14699.0,1.666667,50.18,744063.38,UIL,8.0,10.0,1.0,,6.0,10,10.0,1.0,5.0,7.0,9.0,3.0,1.0,10.0,6.0,9.0,8.0,8.0,9.0,8.0,4.0,9.0,4.0,2.0,8.0,2.0,3.0,,6.0,10.0,9.0,7.0,5.0,5.0,4.0,7.0,10.0,5.0,,2.0,3.0,3.0,6.0,7.0,9.0,2.0,8.0,8.0,10.0,8.0,9.0,3,8.0,10,1
2005-10-07,53663,,11,1,4911.0,90274810,UIL,U I L HOLDINGS CORP,UIL,221119.0,N,A,R,21819,1,4931.0,90274810.0,,,49.0,493.0,,,,,,,50.99,0.007309,14699.0,1.666667,50.75,749502.01,UIL,8.0,10.0,1.0,,6.0,10,10.0,1.0,5.0,7.0,9.0,3.0,1.0,10.0,6.0,9.0,8.0,8.0,9.0,8.0,4.0,9.0,4.0,2.0,8.0,2.0,3.0,,6.0,10.0,9.0,7.0,5.0,5.0,4.0,7.0,10.0,5.0,,2.0,3.0,3.0,6.0,7.0,9.0,2.0,8.0,8.0,10.0,8.0,9.0,3,8.0,10,1
2005-10-10,53663,,11,1,4911.0,90274810,UIL,U I L HOLDINGS CORP,UIL,221119.0,N,A,R,21819,1,4931.0,90274810.0,,,49.0,493.0,,,,,,,50.9,-0.001765,14699.0,1.666667,51.1,748179.1,UIL,8.0,10.0,1.0,,6.0,10,10.0,1.0,5.0,7.0,9.0,3.0,1.0,10.0,6.0,9.0,8.0,8.0,9.0,8.0,4.0,9.0,4.0,2.0,8.0,2.0,3.0,,6.0,10.0,9.0,7.0,5.0,5.0,4.0,7.0,10.0,5.0,,2.0,3.0,3.0,6.0,7.0,9.0,2.0,8.0,8.0,10.0,8.0,9.0,3,8.0,10,1
2005-10-11,53663,,11,1,4911.0,90274810,UIL,U I L HOLDINGS CORP,UIL,221119.0,N,A,R,21819,1,4931.0,90274810.0,,,49.0,493.0,,,,,,,50.22,-0.01336,14699.0,1.666667,50.9,738183.78,UIL,8.0,10.0,1.0,,6.0,10,10.0,1.0,5.0,7.0,9.0,3.0,1.0,10.0,6.0,9.0,8.0,8.0,9.0,8.0,4.0,9.0,4.0,2.0,8.0,2.0,3.0,,6.0,10.0,9.0,7.0,5.0,5.0,4.0,7.0,10.0,5.0,,2.0,3.0,3.0,6.0,7.0,9.0,2.0,8.0,8.0,10.0,8.0,9.0,3,8.0,10,1
2005-10-12,53663,,11,1,4911.0,90274810,UIL,U I L HOLDINGS CORP,UIL,221119.0,N,A,R,21819,1,4931.0,90274810.0,,,49.0,493.0,,,,,,,49.31,-0.01812,14699.0,1.666667,50.02,724807.69,UIL,8.0,10.0,1.0,,6.0,10,10.0,1.0,5.0,7.0,9.0,3.0,1.0,10.0,6.0,9.0,8.0,8.0,9.0,8.0,4.0,9.0,4.0,2.0,8.0,2.0,3.0,,6.0,10.0,9.0,7.0,5.0,5.0,4.0,7.0,10.0,5.0,,2.0,3.0,3.0,6.0,7.0,9.0,2.0,8.0,8.0,10.0,8.0,9.0,3,8.0,10,1
2005-10-13,53663,,11,1,4911.0,90274810,UIL,U I L HOLDINGS CORP,UIL,221119.0,N,A,R,21819,1,4931.0,90274810.0,,,49.0,493.0,,,,,,,48.77,-0.010951,14699.0,1.666667,49.22,716870.23,UIL,8.0,10.0,1.0,,6.0,10,10.0,1.0,5.0,7.0,9.0,3.0,1.0,10.0,6.0,9.0,8.0,8.0,9.0,8.0,4.0,9.0,4.0,2.0,8.0,2.0,3.0,,6.0,10.0,9.0,7.0,5.0,5.0,4.0,7.0,10.0,5.0,,2.0,3.0,3.0,6.0,7.0,9.0,2.0,8.0,8.0,10.0,8.0,9.0,3,8.0,10,1
2005-10-14,53663,,11,1,4911.0,90274810,UIL,U I L HOLDINGS CORP,UIL,221119.0,N,A,R,21819,1,4931.0,90274810.0,,,49.0,493.0,,,,,,,49.61,0.017224,14699.0,1.666667,48.9,729217.39,UIL,8.0,10.0,1.0,,6.0,10,10.0,1.0,5.0,7.0,9.0,3.0,1.0,10.0,6.0,9.0,8.0,8.0,9.0,8.0,4.0,9.0,4.0,2.0,8.0,2.0,3.0,,6.0,10.0,9.0,7.0,5.0,5.0,4.0,7.0,10.0,5.0,,2.0,3.0,3.0,6.0,7.0,9.0,2.0,8.0,8.0,10.0,8.0,9.0,3,8.0,10,1
2005-10-17,53663,,11,1,4911.0,90274810,UIL,U I L HOLDINGS CORP,UIL,221119.0,N,A,R,21819,1,4931.0,90274810.0,,,49.0,493.0,,,,,,,49.45,-0.003225,14699.0,1.666667,49.68,726865.55,UIL,8.0,10.0,1.0,,6.0,10,10.0,1.0,5.0,7.0,9.0,3.0,1.0,10.0,6.0,9.0,8.0,8.0,9.0,8.0,4.0,9.0,4.0,2.0,8.0,2.0,3.0,,6.0,10.0,9.0,7.0,5.0,5.0,4.0,7.0,10.0,5.0,,2.0,3.0,3.0,6.0,7.0,9.0,2.0,8.0,8.0,10.0,8.0,9.0,3,8.0,10,1
2005-10-18,53663,,11,1,4911.0,90274810,UIL,U I L HOLDINGS CORP,UIL,221119.0,N,A,R,21819,1,4931.0,90274810.0,,,49.0,493.0,,,,,,,48.8,-0.013145,14699.0,1.666667,49.3,717311.2,UIL,8.0,10.0,1.0,,6.0,10,10.0,1.0,5.0,7.0,9.0,3.0,1.0,10.0,6.0,9.0,8.0,8.0,9.0,8.0,4.0,9.0,4.0,2.0,8.0,2.0,3.0,,6.0,10.0,9.0,7.0,5.0,5.0,4.0,7.0,10.0,5.0,,2.0,3.0,3.0,6.0,7.0,9.0,2.0,8.0,8.0,10.0,8.0,9.0,3,8.0,10,1
2005-10-19,53663,,11,1,4911.0,90274810,UIL,U I L HOLDINGS CORP,UIL,221119.0,N,A,R,21819,1,4931.0,90274810.0,,,49.0,493.0,,,,,,,48.98,0.003689,14699.0,1.666667,48.76,719957.02,UIL,8.0,10.0,1.0,,6.0,10,10.0,1.0,5.0,7.0,9.0,3.0,1.0,10.0,6.0,9.0,8.0,8.0,9.0,8.0,4.0,9.0,4.0,2.0,8.0,2.0,3.0,,6.0,10.0,9.0,7.0,5.0,5.0,4.0,7.0,10.0,5.0,,2.0,3.0,3.0,6.0,7.0,9.0,2.0,8.0,8.0,10.0,8.0,9.0,3,8.0,10,1
2005-10-20,53663,,11,1,4911.0,90274810,UIL,U I L HOLDINGS CORP,UIL,221119.0,N,A,R,21819,1,4931.0,90274810.0,,,49.0,493.0,,,,,,,48.12,-0.017558,14699.0,1.666667,49.1,707315.88,UIL,8.0,10.0,1.0,,6.0,10,10.0,1.0,5.0,7.0,9.0,3.0,1.0,10.0,6.0,9.0,8.0,8.0,9.0,8.0,4.0,9.0,4.0,2.0,8.0,2.0,3.0,,6.0,10.0,9.0,7.0,5.0,5.0,4.0,7.0,10.0,5.0,,2.0,3.0,3.0,6.0,7.0,9.0,2.0,8.0,8.0,10.0,8.0,9.0,3,8.0,10,1
2005-10-21,53663,,11,1,4911.0,90274810,UIL,U I L HOLDINGS CORP,UIL,221119.0,N,A,R,21819,1,4931.0,90274810.0,,,49.0,493.0,,,,,,,48.39,0.005611,14699.0,1.666667,48.12,711284.61,UIL,8.0,10.0,1.0,,6.0,10,10.0,1.0,5.0,7.0,9.0,3.0,1.0,10.0,6.0,9.0,8.0,8.0,9.0,8.0,4.0,9.0,4.0,2.0,8.0,2.0,3.0,,6.0,10.0,9.0,7.0,5.0,5.0,4.0,7.0,10.0,5.0,,2.0,3.0,3.0,6.0,7.0,9.0,2.0,8.0,8.0,10.0,8.0,9.0,3,8.0,10,1
2005-10-24,53663,,11,1,4911.0,90274810,UIL,U I L HOLDINGS CORP,UIL,221119.0,N,A,R,21819,1,4931.0,90274810.0,,,49.0,493.0,,,,,,,49.32,0.019219,14699.0,1.666667,48.31,724954.68,UIL,8.0,10.0,1.0,,6.0,10,10.0,1.0,5.0,7.0,9.0,3.0,1.0,10.0,6.0,9.0,8.0,8.0,9.0,8.0,4.0,9.0,4.0,2.0,8.0,2.0,3.0,,6.0,10.0,9.0,7.0,5.0,5.0,4.0,7.0,10.0,5.0,,2.0,3.0,3.0,6.0,7.0,9.0,2.0,8.0,8.0,10.0,8.0,9.0,3,8.0,10,1
2005-10-25,53663,,11,1,4911.0,90274810,UIL,U I L HOLDINGS CORP,UIL,221119.0,N,A,R,21819,1,4931.0,90274810.0,,,49.0,493.0,,,,,,,49.1,-0.004461,14699.0,1.666667,49.32,721720.9,UIL,8.0,10.0,1.0,,6.0,10,10.0,1.0,5.0,7.0,9.0,3.0,1.0,10.0,6.0,9.0,8.0,8.0,9.0,8.0,4.0,9.0,4.0,2.0,8.0,2.0,3.0,,6.0,10.0,9.0,7.0,5.0,5.0,4.0,7.0,10.0,5.0,,2.0,3.0,3.0,6.0,7.0,9.0,2.0,8.0,8.0,10.0,8.0,9.0,3,8.0,10,1
2005-10-26,53663,,11,1,4911.0,90274810,UIL,U I L HOLDINGS CORP,UIL,221119.0,N,A,R,21819,1,4931.0,90274810.0,,,49.0,493.0,,,,,,,48.56,-0.010998,14699.0,1.666667,49.08,713783.44,UIL,8.0,10.0,1.0,,6.0,10,10.0,1.0,5.0,7.0,9.0,3.0,1.0,10.0,6.0,9.0,8.0,8.0,9.0,8.0,4.0,9.0,4.0,2.0,8.0,2.0,3.0,,6.0,10.0,9.0,7.0,5.0,5.0,4.0,7.0,10.0,5.0,,2.0,3.0,3.0,6.0,7.0,9.0,2.0,8.0,8.0,10.0,8.0,9.0,3,8.0,10,1
2005-10-27,53663,,11,1,4911.0,90274810,UIL,U I L HOLDINGS CORP,UIL,221119.0,N,A,R,21819,1,4931.0,90274810.0,,,49.0,493.0,,,,,,,47.08,-0.030478,14699.0,1.666667,48.46,692028.92,UIL,8.0,10.0,1.0,,6.0,10,10.0,1.0,5.0,7.0,9.0,3.0,1.0,10.0,6.0,9.0,8.0,8.0,9.0,8.0,4.0,9.0,4.0,2.0,8.0,2.0,3.0,,6.0,10.0,9.0,7.0,5.0,5.0,4.0,7.0,10.0,5.0,,2.0,3.0,3.0,6.0,7.0,9.0,2.0,8.0,8.0,10.0,8.0,9.0,3,8.0,10,1
2005-10-28,53663,,11,1,4911.0,90274810,UIL,U I L HOLDINGS CORP,UIL,221119.0,N,A,R,21819,1,4931.0,90274810.0,,,49.0,493.0,,,,,,,48.67,0.033772,14699.0,1.666667,47.3,715400.33,UIL,8.0,10.0,1.0,,6.0,10,10.0,1.0,5.0,7.0,9.0,3.0,1.0,10.0,6.0,9.0,8.0,8.0,9.0,8.0,4.0,9.0,4.0,2.0,8.0,2.0,3.0,,6.0,10.0,9.0,7.0,5.0,5.0,4.0,7.0,10.0,5.0,,2.0,3.0,3.0,6.0,7.0,9.0,2.0,8.0,8.0,10.0,8.0,9.0,3,8.0,10,1
2005-10-31,53663,,11,1,4911.0,90274810,UIL,U I L HOLDINGS CORP,UIL,221119.0,N,A,R,21819,1,4931.0,90274810.0,,,49.0,493.0,,,,,,,49.5,0.017054,14699.0,1.666667,48.77,727600.5,UIL,8.0,10.0,1.0,,6.0,10,10.0,1.0,5.0,7.0,9.0,3.0,1.0,10.0,6.0,9.0,8.0,8.0,9.0,8.0,4.0,9.0,4.0,2.0,8.0,2.0,3.0,,6.0,10.0,9.0,7.0,5.0,5.0,4.0,7.0,10.0,5.0,,2.0,3.0,3.0,6.0,7.0,9.0,2.0,8.0,8.0,10.0,8.0,9.0,3,8.0,10,1
2005-11-01,53663,,11,1,4911.0,90274810,UIL,U I L HOLDINGS CORP,UIL,221119.0,N,A,R,21819,1,4931.0,90274810.0,,,49.0,493.0,,,,,,,48.3,-0.024242,14699.0,1.666667,50.0,709961.7,UIL,8.0,10.0,1.0,,6.0,10,10.0,1.0,5.0,7.0,9.0,3.0,1.0,10.0,6.0,9.0,8.0,8.0,9.0,8.0,4.0,9.0,4.0,2.0,8.0,2.0,3.0,,5.0,7.0,9.0,6.0,5.0,5.0,5.0,6.0,10.0,5.0,,3.0,3.0,3.0,7.0,7.0,9.0,6.0,4.0,4.0,5.0,10.0,9.0,3,8.0,10,1
2005-11-02,53663,,11,1,4911.0,90274810,UIL,U I L HOLDINGS CORP,UIL,221119.0,N,A,R,21819,1,4931.0,90274810.0,,,49.0,493.0,,,,,,,48.88,0.012008,14699.0,1.666667,48.31,718487.12,UIL,8.0,10.0,1.0,,6.0,10,10.0,1.0,5.0,7.0,9.0,3.0,1.0,10.0,6.0,9.0,8.0,8.0,9.0,8.0,4.0,9.0,4.0,2.0,8.0,2.0,3.0,,5.0,7.0,9.0,6.0,5.0,5.0,5.0,6.0,10.0,5.0,,3.0,3.0,3.0,7.0,7.0,9.0,6.0,4.0,4.0,5.0,10.0,9.0,3,8.0,10,1
2005-11-03,53663,,11,1,4911.0,90274810,UIL,U I L HOLDINGS CORP,UIL,221119.0,N,A,R,21819,1,4931.0,90274810.0,,,49.0,493.0,,,,,,,49.02,0.002864,14699.0,1.666667,48.98,720544.98,UIL,8.0,10.0,1.0,,6.0,10,10.0,1.0,5.0,7.0,9.0,3.0,1.0,10.0,6.0,9.0,8.0,8.0,9.0,8.0,4.0,9.0,4.0,2.0,8.0,2.0,3.0,,5.0,7.0,9.0,6.0,5.0,5.0,5.0,6.0,10.0,5.0,,3.0,3.0,3.0,7.0,7.0,9.0,6.0,4.0,4.0,5.0,10.0,9.0,3,8.0,10,1
2005-11-04,53663,,11,1,4911.0,90274810,UIL,U I L HOLDINGS CORP,UIL,221119.0,N,A,R,21819,1,4931.0,90274810.0,,,49.0,493.0,,,,,,,49.19,0.003468,14699.0,1.666667,48.92,723043.81,UIL,8.0,10.0,1.0,,6.0,10,10.0,1.0,5.0,7.0,9.0,3.0,1.0,10.0,6.0,9.0,8.0,8.0,9.0,8.0,4.0,9.0,4.0,2.0,8.0,2.0,3.0,,5.0,7.0,9.0,6.0,5.0,5.0,5.0,6.0,10.0,5.0,,3.0,3.0,3.0,7.0,7.0,9.0,6.0,4.0,4.0,5.0,10.0,9.0,3,8.0,10,1
2005-11-07,53663,,11,1,4911.0,90274810,UIL,U I L HOLDINGS CORP,UIL,221119.0,N,A,R,21819,1,4931.0,90274810.0,,,49.0,493.0,,,,,,,49.11,-0.001626,14699.0,1.666667,49.18,721867.89,UIL,8.0,10.0,1.0,,6.0,10,10.0,1.0,5.0,7.0,9.0,3.0,1.0,10.0,6.0,9.0,8.0,8.0,9.0,8.0,4.0,9.0,4.0,2.0,8.0,2.0,3.0,,5.0,7.0,9.0,6.0,5.0,5.0,5.0,6.0,10.0,5.0,,3.0,3.0,3.0,7.0,7.0,9.0,6.0,4.0,4.0,5.0,10.0,9.0,3,8.0,10,1
2005-11-08,53663,,11,1,4911.0,90274810,UIL,U I L HOLDINGS CORP,UIL,221119.0,N,A,R,21819,1,4931.0,90274810.0,,,49.0,493.0,,,,,,,49.11,0.0,14699.0,1.666667,49.1,721867.89,UIL,8.0,10.0,1.0,,6.0,10,10.0,1.0,5.0,7.0,9.0,3.0,1.0,10.0,6.0,9.0,8.0,8.0,9.0,8.0,4.0,9.0,4.0,2.0,8.0,2.0,3.0,,5.0,7.0,9.0,6.0,5.0,5.0,5.0,6.0,10.0,5.0,,3.0,3.0,3.0,7.0,7.0,9.0,6.0,4.0,4.0,5.0,10.0,9.0,3,8.0,10,1
2005-11-09,53663,,11,1,4911.0,90274810,UIL,U I L HOLDINGS CORP,UIL,221119.0,N,A,R,21819,1,4931.0,90274810.0,,,49.0,493.0,,,,,,,48.97,-0.002851,14699.0,1.666667,49.2,719810.03,UIL,8.0,10.0,1.0,,6.0,10,10.0,1.0,5.0,7.0,9.0,3.0,1.0,10.0,6.0,9.0,8.0,8.0,9.0,8.0,4.0,9.0,4.0,2.0,8.0,2.0,3.0,,5.0,7.0,9.0,6.0,5.0,5.0,5.0,6.0,10.0,5.0,,3.0,3.0,3.0,7.0,7.0,9.0,6.0,4.0,4.0,5.0,10.0,9.0,3,8.0,10,1
2005-11-10,53663,,11,1,4911.0,90274810,UIL,U I L HOLDINGS CORP,UIL,221119.0,N,A,R,21819,1,4931.0,90274810.0,,,49.0,493.0,,,,,,,48.89,-0.001634,14699.0,1.666667,49.08,718634.11,UIL,8.0,10.0,1.0,,6.0,10,10.0,1.0,5.0,7.0,9.0,3.0,1.0,10.0,6.0,9.0,8.0,8.0,9.0,8.0,4.0,9.0,4.0,2.0,8.0,2.0,3.0,,5.0,7.0,9.0,6.0,5.0,5.0,5.0,6.0,10.0,5.0,,3.0,3.0,3.0,7.0,7.0,9.0,6.0,4.0,4.0,5.0,10.0,9.0,3,8.0,10,1
2005-11-11,53663,,11,1,4911.0,90274810,UIL,U I L HOLDINGS CORP,UIL,221119.0,N,A,R,21819,1,4931.0,90274810.0,,,49.0,493.0,,,,,,,48.45,-0.009,14699.0,1.666667,48.74,712166.55,UIL,8.0,10.0,1.0,,6.0,10,10.0,1.0,5.0,7.0,9.0,3.0,1.0,10.0,6.0,9.0,8.0,8.0,9.0,8.0,4.0,9.0,4.0,2.0,8.0,2.0,3.0,,5.0,7.0,9.0,6.0,5.0,5.0,5.0,6.0,10.0,5.0,,3.0,3.0,3.0,7.0,7.0,9.0,6.0,4.0,4.0,5.0,10.0,9.0,3,8.0,10,1
2005-11-14,53663,,11,1,4911.0,90274810,UIL,U I L HOLDINGS CORP,UIL,221119.0,N,A,R,21819,1,4931.0,90274810.0,,,49.0,493.0,,,,,,,48.1,-0.007224,14699.0,1.666667,48.49,707021.9,UIL,8.0,10.0,1.0,,6.0,10,10.0,1.0,5.0,7.0,9.0,3.0,1.0,10.0,6.0,9.0,8.0,8.0,9.0,8.0,4.0,9.0,4.0,2.0,8.0,2.0,3.0,,5.0,7.0,9.0,6.0,5.0,5.0,5.0,6.0,10.0,5.0,,3.0,3.0,3.0,7.0,7.0,9.0,6.0,4.0,4.0,5.0,10.0,9.0,3,8.0,10,1
2005-11-15,53663,,11,1,4911.0,90274810,UIL,U I L HOLDINGS CORP,UIL,221119.0,N,A,R,21819,1,4931.0,90274810.0,,,49.0,493.0,,,,,,,47.49,-0.012682,14699.0,1.666667,48.02,698055.51,UIL,8.0,10.0,1.0,,6.0,10,10.0,1.0,5.0,7.0,9.0,3.0,1.0,10.0,6.0,9.0,8.0,8.0,9.0,8.0,4.0,9.0,4.0,2.0,8.0,2.0,3.0,,5.0,7.0,9.0,6.0,5.0,5.0,5.0,6.0,10.0,5.0,,3.0,3.0,3.0,7.0,7.0,9.0,6.0,4.0,4.0,5.0,10.0,9.0,3,8.0,10,1
2005-11-16,53663,,11,1,4911.0,90274810,UIL,U I L HOLDINGS CORP,UIL,221119.0,N,A,R,21819,1,4931.0,90274810.0,,,49.0,493.0,,,,,,,47.6,0.002316,14699.0,1.666667,47.45,699672.4,UIL,8.0,10.0,1.0,,6.0,10,10.0,1.0,5.0,7.0,9.0,3.0,1.0,10.0,6.0,9.0,8.0,8.0,9.0,8.0,4.0,9.0,4.0,2.0,8.0,2.0,3.0,,5.0,7.0,9.0,6.0,5.0,5.0,5.0,6.0,10.0,5.0,,3.0,3.0,3.0,7.0,7.0,9.0,6.0,4.0,4.0,5.0,10.0,9.0,3,8.0,10,1
2005-11-17,53663,,11,1,4911.0,90274810,UIL,U I L HOLDINGS CORP,UIL,221119.0,N,A,R,21819,1,4931.0,90274810.0,,,49.0,493.0,,,,,,,48.59,0.020798,14699.0,1.666667,47.6,714224.41,UIL,8.0,10.0,1.0,,6.0,10,10.0,1.0,5.0,7.0,9.0,3.0,1.0,10.0,6.0,9.0,8.0,8.0,9.0,8.0,4.0,9.0,4.0,2.0,8.0,2.0,3.0,,5.0,7.0,9.0,6.0,5.0,5.0,5.0,6.0,10.0,5.0,,3.0,3.0,3.0,7.0,7.0,9.0,6.0,4.0,4.0,5.0,10.0,9.0,3,8.0,10,1
2005-11-18,53663,,11,1,4911.0,90274810,UIL,U I L HOLDINGS CORP,UIL,221119.0,N,A,R,21819,1,4931.0,90274810.0,,,49.0,493.0,,,,,,,48.74,0.003087,14699.0,1.666667,49.03,716429.26,UIL,8.0,10.0,1.0,,6.0,10,10.0,1.0,5.0,7.0,9.0,3.0,1.0,10.0,6.0,9.0,8.0,8.0,9.0,8.0,4.0,9.0,4.0,2.0,8.0,2.0,3.0,,5.0,7.0,9.0,6.0,5.0,5.0,5.0,6.0,10.0,5.0,,3.0,3.0,3.0,7.0,7.0,9.0,6.0,4.0,4.0,5.0,10.0,9.0,3,8.0,10,1
2005-11-21,53663,,11,1,4911.0,90274810,UIL,U I L HOLDINGS CORP,UIL,221119.0,N,A,R,21819,1,4931.0,90274810.0,,,49.0,493.0,,,,,,,49.22,0.009848,14699.0,1.666667,48.64,723484.78,UIL,8.0,10.0,1.0,,6.0,10,10.0,1.0,5.0,7.0,9.0,3.0,1.0,10.0,6.0,9.0,8.0,8.0,9.0,8.0,4.0,9.0,4.0,2.0,8.0,2.0,3.0,,5.0,7.0,9.0,6.0,5.0,5.0,5.0,6.0,10.0,5.0,,3.0,3.0,3.0,7.0,7.0,9.0,6.0,4.0,4.0,5.0,10.0,9.0,3,8.0,10,1
2005-11-22,53663,,11,1,4911.0,90274810,UIL,U I L HOLDINGS CORP,UIL,221119.0,N,A,R,21819,1,4931.0,90274810.0,,,49.0,493.0,,,,,,,49.3,0.001625,14699.0,1.666667,49.23,724660.7,UIL,8.0,10.0,1.0,,6.0,10,10.0,1.0,5.0,7.0,9.0,3.0,1.0,10.0,6.0,9.0,8.0,8.0,9.0,8.0,4.0,9.0,4.0,2.0,8.0,2.0,3.0,,5.0,7.0,9.0,6.0,5.0,5.0,5.0,6.0,10.0,5.0,,3.0,3.0,3.0,7.0,7.0,9.0,6.0,4.0,4.0,5.0,10.0,9.0,3,8.0,10,1
2005-11-23,53663,,11,1,4911.0,90274810,UIL,U I L HOLDINGS CORP,UIL,221119.0,N,A,R,21819,1,4931.0,90274810.0,,,49.0,493.0,,,,,,,49.56,0.005274,14699.0,1.666667,49.1,728482.44,UIL,8.0,10.0,1.0,,6.0,10,10.0,1.0,5.0,7.0,9.0,3.0,1.0,10.0,6.0,9.0,8.0,8.0,9.0,8.0,4.0,9.0,4.0,2.0,8.0,2.0,3.0,,5.0,7.0,9.0,6.0,5.0,5.0,5.0,6.0,10.0,5.0,,3.0,3.0,3.0,7.0,7.0,9.0,6.0,4.0,4.0,5.0,10.0,9.0,3,8.0,10,1
2005-11-25,53663,,11,1,4911.0,90274810,UIL,U I L HOLDINGS CORP,UIL,221119.0,N,A,R,21819,1,4931.0,90274810.0,,,49.0,493.0,,,,,,,49.68,0.002421,14699.0,1.666667,49.57,730246.32,UIL,8.0,10.0,1.0,,6.0,10,10.0,1.0,5.0,7.0,9.0,3.0,1.0,10.0,6.0,9.0,8.0,8.0,9.0,8.0,4.0,9.0,4.0,2.0,8.0,2.0,3.0,,5.0,7.0,9.0,6.0,5.0,5.0,5.0,6.0,10.0,5.0,,3.0,3.0,3.0,7.0,7.0,9.0,6.0,4.0,4.0,5.0,10.0,9.0,3,8.0,10,1
2005-11-28,53663,,11,1,4911.0,90274810,UIL,U I L HOLDINGS CORP,UIL,221119.0,N,A,R,21819,1,4931.0,90274810.0,,,49.0,493.0,,,,,,,48.69,-0.019928,14699.0,1.666667,49.68,715694.31,UIL,8.0,10.0,1.0,,6.0,10,10.0,1.0,5.0,7.0,9.0,3.0,1.0,10.0,6.0,9.0,8.0,8.0,9.0,8.0,4.0,9.0,4.0,2.0,8.0,2.0,3.0,,5.0,7.0,9.0,6.0,5.0,5.0,5.0,6.0,10.0,5.0,,3.0,3.0,3.0,7.0,7.0,9.0,6.0,4.0,4.0,5.0,10.0,9.0,3,8.0,10,1
2005-11-29,53663,,11,1,4911.0,90274810,UIL,U I L HOLDINGS CORP,UIL,221119.0,N,A,R,21819,1,4931.0,90274810.0,,,49.0,493.0,,,,,,,48.27,-0.008626,14699.0,1.666667,48.69,709520.73,UIL,8.0,10.0,1.0,,6.0,10,10.0,1.0,5.0,7.0,9.0,3.0,1.0,10.0,6.0,9.0,8.0,8.0,9.0,8.0,4.0,9.0,4.0,2.0,8.0,2.0,3.0,,5.0,7.0,9.0,6.0,5.0,5.0,5.0,6.0,10.0,5.0,,3.0,3.0,3.0,7.0,7.0,9.0,6.0,4.0,4.0,5.0,10.0,9.0,3,8.0,10,1
2005-11-30,53663,,11,1,4911.0,90274810,UIL,U I L HOLDINGS CORP,UIL,221119.0,N,A,R,21819,1,4931.0,90274810.0,,,49.0,493.0,,,,,,,48.32,0.001036,14710.0,1.666667,48.3,710787.2,UIL,8.0,10.0,1.0,,6.0,10,10.0,1.0,5.0,7.0,9.0,3.0,1.0,10.0,6.0,9.0,8.0,8.0,9.0,8.0,4.0,9.0,4.0,2.0,8.0,2.0,3.0,,5.0,7.0,9.0,6.0,5.0,5.0,5.0,6.0,10.0,5.0,,3.0,3.0,3.0,7.0,7.0,9.0,6.0,4.0,4.0,5.0,10.0,9.0,3,8.0,10,1
2005-12-01,53663,,11,1,4911.0,90274810,UIL,U I L HOLDINGS CORP,UIL,221119.0,N,A,R,21819,1,4931.0,90274810.0,,,49.0,493.0,,,,,,,48.98,0.013659,14710.0,1.666667,48.57,720495.8,UIL,8.0,10.0,1.0,,6.0,10,10.0,1.0,5.0,7.0,9.0,3.0,1.0,10.0,6.0,9.0,8.0,8.0,9.0,8.0,4.0,9.0,4.0,2.0,8.0,2.0,3.0,,3.0,6.0,7.0,4.0,5.0,4.0,3.0,6.0,10.0,5.0,,4.0,9.0,5.0,9.0,9.0,9.0,8.0,7.0,7.0,7.0,10.0,8.0,3,8.0,10,1
2005-12-02,53663,,11,1,4911.0,90274810,UIL,U I L HOLDINGS CORP,UIL,221119.0,N,A,R,21819,1,4931.0,90274810.0,,,49.0,493.0,,,,,,,48.96,-0.000408,14710.0,1.666667,49.22,720201.6,UIL,8.0,10.0,1.0,,6.0,10,10.0,1.0,5.0,7.0,9.0,3.0,1.0,10.0,6.0,9.0,8.0,8.0,9.0,8.0,4.0,9.0,4.0,2.0,8.0,2.0,3.0,,3.0,6.0,7.0,4.0,5.0,4.0,3.0,6.0,10.0,5.0,,4.0,9.0,5.0,9.0,9.0,9.0,8.0,7.0,7.0,7.0,10.0,8.0,3,8.0,10,1
2005-12-05,53663,,11,1,4911.0,90274810,UIL,U I L HOLDINGS CORP,UIL,221119.0,N,A,R,21819,1,4931.0,90274810.0,,,49.0,493.0,1232.0,0.72,0.0,,,,47.48,-0.015523,14710.0,1.666667,48.6,698430.8,UIL,8.0,10.0,1.0,,6.0,10,10.0,1.0,5.0,7.0,9.0,3.0,1.0,10.0,6.0,9.0,8.0,8.0,9.0,8.0,4.0,9.0,4.0,2.0,8.0,2.0,3.0,,3.0,6.0,7.0,4.0,5.0,4.0,3.0,6.0,10.0,5.0,,4.0,9.0,5.0,9.0,9.0,9.0,8.0,7.0,7.0,7.0,10.0,8.0,3,8.0,10,1
2005-12-06,53663,,11,1,4911.0,90274810,UIL,U I L HOLDINGS CORP,UIL,221119.0,N,A,R,21819,1,4931.0,90274810.0,,,49.0,493.0,,,,,,,47.25,-0.004844,14710.0,1.666667,47.45,695047.5,UIL,8.0,10.0,1.0,,6.0,10,10.0,1.0,5.0,7.0,9.0,3.0,1.0,10.0,6.0,9.0,8.0,8.0,9.0,8.0,4.0,9.0,4.0,2.0,8.0,2.0,3.0,,3.0,6.0,7.0,4.0,5.0,4.0,3.0,6.0,10.0,5.0,,4.0,9.0,5.0,9.0,9.0,9.0,8.0,7.0,7.0,7.0,10.0,8.0,3,8.0,10,1
2005-12-07,53663,,11,1,4911.0,90274810,UIL,U I L HOLDINGS CORP,UIL,221119.0,N,A,R,21819,1,4931.0,90274810.0,,,49.0,493.0,,,,,,,47.05,-0.004233,14710.0,1.666667,47.2,692105.5,UIL,8.0,10.0,1.0,,6.0,10,10.0,1.0,5.0,7.0,9.0,3.0,1.0,10.0,6.0,9.0,8.0,8.0,9.0,8.0,4.0,9.0,4.0,2.0,8.0,2.0,3.0,,3.0,6.0,7.0,4.0,5.0,4.0,3.0,6.0,10.0,5.0,,4.0,9.0,5.0,9.0,9.0,9.0,8.0,7.0,7.0,7.0,10.0,8.0,3,8.0,10,1
2005-12-08,53663,,11,1,4911.0,90274810,UIL,U I L HOLDINGS CORP,UIL,221119.0,N,A,R,21819,1,4931.0,90274810.0,,,49.0,493.0,,,,,,,47.48,0.009139,14710.0,1.666667,47.15,698430.8,UIL,8.0,10.0,1.0,,6.0,10,10.0,1.0,5.0,7.0,9.0,3.0,1.0,10.0,6.0,9.0,8.0,8.0,9.0,8.0,4.0,9.0,4.0,2.0,8.0,2.0,3.0,,3.0,6.0,7.0,4.0,5.0,4.0,3.0,6.0,10.0,5.0,,4.0,9.0,5.0,9.0,9.0,9.0,8.0,7.0,7.0,7.0,10.0,8.0,3,8.0,10,1
2005-12-09,53663,,11,1,4911.0,90274810,UIL,U I L HOLDINGS CORP,UIL,221119.0,N,A,R,21819,1,4931.0,90274810.0,,,49.0,493.0,,,,,,,47.7,0.004634,14710.0,1.666667,47.68,701667.0,UIL,8.0,10.0,1.0,,6.0,10,10.0,1.0,5.0,7.0,9.0,3.0,1.0,10.0,6.0,9.0,8.0,8.0,9.0,8.0,4.0,9.0,4.0,2.0,8.0,2.0,3.0,,3.0,6.0,7.0,4.0,5.0,4.0,3.0,6.0,10.0,5.0,,4.0,9.0,5.0,9.0,9.0,9.0,8.0,7.0,7.0,7.0,10.0,8.0,3,8.0,10,1
2005-12-12,53663,,11,1,4911.0,90274810,UIL,U I L HOLDINGS CORP,UIL,221119.0,N,A,R,21819,1,4931.0,90274810.0,,,49.0,493.0,,,,,,,47.47,-0.004822,14710.0,1.666667,47.55,698283.7,UIL,8.0,10.0,1.0,,6.0,10,10.0,1.0,5.0,7.0,9.0,3.0,1.0,10.0,6.0,9.0,8.0,8.0,9.0,8.0,4.0,9.0,4.0,2.0,8.0,2.0,3.0,,3.0,6.0,7.0,4.0,5.0,4.0,3.0,6.0,10.0,5.0,,4.0,9.0,5.0,9.0,9.0,9.0,8.0,7.0,7.0,7.0,10.0,8.0,3,8.0,10,1
2005-12-13,53663,,11,1,4911.0,90274810,UIL,U I L HOLDINGS CORP,UIL,221119.0,N,A,R,21819,1,4931.0,90274810.0,,,49.0,493.0,,,,,,,47.62,0.00316,14710.0,1.666667,47.48,700490.2,UIL,8.0,10.0,1.0,,6.0,10,10.0,1.0,5.0,7.0,9.0,3.0,1.0,10.0,6.0,9.0,8.0,8.0,9.0,8.0,4.0,9.0,4.0,2.0,8.0,2.0,3.0,,3.0,6.0,7.0,4.0,5.0,4.0,3.0,6.0,10.0,5.0,,4.0,9.0,5.0,9.0,9.0,9.0,8.0,7.0,7.0,7.0,10.0,8.0,3,8.0,10,1
2005-12-14,53663,,11,1,4911.0,90274810,UIL,U I L HOLDINGS CORP,UIL,221119.0,N,A,R,21819,1,4931.0,90274810.0,,,49.0,493.0,,,,,,,48.01,0.00819,14710.0,1.666667,47.76,706227.1,UIL,8.0,10.0,1.0,,6.0,10,10.0,1.0,5.0,7.0,9.0,3.0,1.0,10.0,6.0,9.0,8.0,8.0,9.0,8.0,4.0,9.0,4.0,2.0,8.0,2.0,3.0,,3.0,6.0,7.0,4.0,5.0,4.0,3.0,6.0,10.0,5.0,,4.0,9.0,5.0,9.0,9.0,9.0,8.0,7.0,7.0,7.0,10.0,8.0,3,8.0,10,1
2005-12-15,53663,,11,1,4911.0,90274810,UIL,U I L HOLDINGS CORP,UIL,221119.0,N,A,R,21819,1,4931.0,90274810.0,,,49.0,493.0,,,,,,,48.0,-0.000208,14710.0,1.666667,48.01,706080.0,UIL,8.0,10.0,1.0,,6.0,10,10.0,1.0,5.0,7.0,9.0,3.0,1.0,10.0,6.0,9.0,8.0,8.0,9.0,8.0,4.0,9.0,4.0,2.0,8.0,2.0,3.0,,3.0,6.0,7.0,4.0,5.0,4.0,3.0,6.0,10.0,5.0,,4.0,9.0,5.0,9.0,9.0,9.0,8.0,7.0,7.0,7.0,10.0,8.0,3,8.0,10,1
2005-12-16,53663,,11,1,4911.0,90274810,UIL,U I L HOLDINGS CORP,UIL,221119.0,N,A,R,21819,1,4931.0,90274810.0,,,49.0,493.0,,,,,,,47.46,-0.01125,14710.0,1.666667,48.12,698136.6,UIL,8.0,10.0,1.0,,6.0,10,10.0,1.0,5.0,7.0,9.0,3.0,1.0,10.0,6.0,9.0,8.0,8.0,9.0,8.0,4.0,9.0,4.0,2.0,8.0,2.0,3.0,,3.0,6.0,7.0,4.0,5.0,4.0,3.0,6.0,10.0,5.0,,4.0,9.0,5.0,9.0,9.0,9.0,8.0,7.0,7.0,7.0,10.0,8.0,3,8.0,10,1
2005-12-19,53663,,11,1,4911.0,90274810,UIL,U I L HOLDINGS CORP,UIL,221119.0,N,A,R,21819,1,4931.0,90274810.0,,,49.0,493.0,,,,,,,46.78,-0.014328,14710.0,1.666667,47.46,688133.8,UIL,8.0,10.0,1.0,,6.0,10,10.0,1.0,5.0,7.0,9.0,3.0,1.0,10.0,6.0,9.0,8.0,8.0,9.0,8.0,4.0,9.0,4.0,2.0,8.0,2.0,3.0,,3.0,6.0,7.0,4.0,5.0,4.0,3.0,6.0,10.0,5.0,,4.0,9.0,5.0,9.0,9.0,9.0,8.0,7.0,7.0,7.0,10.0,8.0,3,8.0,10,1
2005-12-20,53663,,11,1,4911.0,90274810,UIL,U I L HOLDINGS CORP,UIL,221119.0,N,A,R,21819,1,4931.0,90274810.0,,,49.0,493.0,,,,,,,46.67,-0.002351,14710.0,1.666667,46.89,686515.7,UIL,8.0,10.0,1.0,,6.0,10,10.0,1.0,5.0,7.0,9.0,3.0,1.0,10.0,6.0,9.0,8.0,8.0,9.0,8.0,4.0,9.0,4.0,2.0,8.0,2.0,3.0,,3.0,6.0,7.0,4.0,5.0,4.0,3.0,6.0,10.0,5.0,,4.0,9.0,5.0,9.0,9.0,9.0,8.0,7.0,7.0,7.0,10.0,8.0,3,8.0,10,1
2005-12-21,53663,,11,1,4911.0,90274810,UIL,U I L HOLDINGS CORP,UIL,221119.0,N,A,R,21819,1,4931.0,90274810.0,,,49.0,493.0,,,,,,,46.06,-0.01307,14710.0,1.666667,46.35,677542.6,UIL,8.0,10.0,1.0,,6.0,10,10.0,1.0,5.0,7.0,9.0,3.0,1.0,10.0,6.0,9.0,8.0,8.0,9.0,8.0,4.0,9.0,4.0,2.0,8.0,2.0,3.0,,3.0,6.0,7.0,4.0,5.0,4.0,3.0,6.0,10.0,5.0,,4.0,9.0,5.0,9.0,9.0,9.0,8.0,7.0,7.0,7.0,10.0,8.0,3,8.0,10,1
2005-12-22,53663,,11,1,4911.0,90274810,UIL,U I L HOLDINGS CORP,UIL,221119.0,N,A,R,21819,1,4931.0,90274810.0,,,49.0,493.0,,,,,,,46.72,0.014329,14710.0,1.666667,45.95,687251.2,UIL,8.0,10.0,1.0,,6.0,10,10.0,1.0,5.0,7.0,9.0,3.0,1.0,10.0,6.0,9.0,8.0,8.0,9.0,8.0,4.0,9.0,4.0,2.0,8.0,2.0,3.0,,3.0,6.0,7.0,4.0,5.0,4.0,3.0,6.0,10.0,5.0,,4.0,9.0,5.0,9.0,9.0,9.0,8.0,7.0,7.0,7.0,10.0,8.0,3,8.0,10,1
2005-12-23,53663,,11,1,4911.0,90274810,UIL,U I L HOLDINGS CORP,UIL,221119.0,N,A,R,21819,1,4931.0,90274810.0,,,49.0,493.0,,,,,,,46.73,0.000214,14710.0,1.666667,46.87,687398.3,UIL,8.0,10.0,1.0,,6.0,10,10.0,1.0,5.0,7.0,9.0,3.0,1.0,10.0,6.0,9.0,8.0,8.0,9.0,8.0,4.0,9.0,4.0,2.0,8.0,2.0,3.0,,3.0,6.0,7.0,4.0,5.0,4.0,3.0,6.0,10.0,5.0,,4.0,9.0,5.0,9.0,9.0,9.0,8.0,7.0,7.0,7.0,10.0,8.0,3,8.0,10,1
2005-12-27,53663,,11,1,4911.0,90274810,UIL,U I L HOLDINGS CORP,UIL,221119.0,N,A,R,21819,1,4931.0,90274810.0,,,49.0,493.0,,,,,,,46.33,-0.00856,14710.0,1.666667,46.8,681514.3,UIL,8.0,10.0,1.0,,6.0,10,10.0,1.0,5.0,7.0,9.0,3.0,1.0,10.0,6.0,9.0,8.0,8.0,9.0,8.0,4.0,9.0,4.0,2.0,8.0,2.0,3.0,,3.0,6.0,7.0,4.0,5.0,4.0,3.0,6.0,10.0,5.0,,4.0,9.0,5.0,9.0,9.0,9.0,8.0,7.0,7.0,7.0,10.0,8.0,3,8.0,10,1
2005-12-28,53663,,11,1,4911.0,90274810,UIL,U I L HOLDINGS CORP,UIL,221119.0,N,A,R,21819,1,4931.0,90274810.0,,,49.0,493.0,,,,,,,46.26,-0.001511,14710.0,1.666667,46.53,680484.6,UIL,8.0,10.0,1.0,,6.0,10,10.0,1.0,5.0,7.0,9.0,3.0,1.0,10.0,6.0,9.0,8.0,8.0,9.0,8.0,4.0,9.0,4.0,2.0,8.0,2.0,3.0,,3.0,6.0,7.0,4.0,5.0,4.0,3.0,6.0,10.0,5.0,,4.0,9.0,5.0,9.0,9.0,9.0,8.0,7.0,7.0,7.0,10.0,8.0,3,8.0,10,1
2005-12-29,53663,,11,1,4911.0,90274810,UIL,U I L HOLDINGS CORP,UIL,221119.0,N,A,R,21819,1,4931.0,90274810.0,,,49.0,493.0,,,,,,,45.95,-0.006701,14710.0,1.666667,46.24,675924.5,UIL,8.0,10.0,1.0,,6.0,10,10.0,1.0,5.0,7.0,9.0,3.0,1.0,10.0,6.0,9.0,8.0,8.0,9.0,8.0,4.0,9.0,4.0,2.0,8.0,2.0,3.0,,3.0,6.0,7.0,4.0,5.0,4.0,3.0,6.0,10.0,5.0,,4.0,9.0,5.0,9.0,9.0,9.0,8.0,7.0,7.0,7.0,10.0,8.0,3,8.0,10,1
2005-12-30,53663,,11,1,4911.0,90274810,UIL,U I L HOLDINGS CORP,UIL,221119.0,N,A,R,21819,1,4931.0,90274810.0,,,49.0,493.0,,,,,,,45.99,0.000871,14710.0,1.666667,45.91,676512.9,UIL,8.0,10.0,1.0,,6.0,10,10.0,1.0,5.0,7.0,9.0,3.0,1.0,10.0,6.0,9.0,8.0,8.0,9.0,8.0,4.0,9.0,4.0,2.0,8.0,2.0,3.0,,3.0,6.0,7.0,4.0,5.0,4.0,3.0,6.0,10.0,5.0,,4.0,9.0,5.0,9.0,9.0,9.0,8.0,7.0,7.0,7.0,10.0,8.0,3,8.0,10,1
2006-01-03,53663,,11,1,4911.0,90274810,UIL,U I L HOLDINGS CORP,UIL,221119.0,N,A,R,21819,1,4931.0,90274810.0,,,49.0,493.0,,,,,,,47.77,0.038704,14710.0,1.666667,46.35,702696.7,UIL,8.0,10.0,1.0,,6.0,10,10.0,1.0,5.0,7.0,9.0,3.0,1.0,10.0,6.0,9.0,8.0,8.0,9.0,8.0,4.0,9.0,4.0,2.0,8.0,2.0,3.0,,3.0,5.0,7.0,4.0,5.0,4.0,3.0,7.0,10.0,5.0,,4.0,9.0,5.0,8.0,10.0,9.0,4.0,9.0,9.0,8.0,9.0,8.0,3,9.0,10,1
2006-01-04,53663,,11,1,4911.0,90274810,UIL,U I L HOLDINGS CORP,UIL,221119.0,N,A,R,21819,1,4931.0,90274810.0,,,49.0,493.0,,,,,,,48.5,0.015282,14710.0,1.666667,47.84,713435.0,UIL,8.0,10.0,1.0,,6.0,10,10.0,1.0,5.0,7.0,9.0,3.0,1.0,10.0,6.0,9.0,8.0,8.0,9.0,8.0,4.0,9.0,4.0,2.0,8.0,2.0,3.0,,3.0,5.0,7.0,4.0,5.0,4.0,3.0,7.0,10.0,5.0,,4.0,9.0,5.0,8.0,10.0,9.0,4.0,9.0,9.0,8.0,9.0,8.0,3,9.0,10,1
2006-01-05,53663,,11,1,4911.0,90274810,UIL,U I L HOLDINGS CORP,UIL,221119.0,N,A,R,21819,1,4931.0,90274810.0,,,49.0,493.0,,,,,,,48.39,-0.002268,14710.0,1.666667,48.4,711816.9,UIL,8.0,10.0,1.0,,6.0,10,10.0,1.0,5.0,7.0,9.0,3.0,1.0,10.0,6.0,9.0,8.0,8.0,9.0,8.0,4.0,9.0,4.0,2.0,8.0,2.0,3.0,,3.0,5.0,7.0,4.0,5.0,4.0,3.0,7.0,10.0,5.0,,4.0,9.0,5.0,8.0,10.0,9.0,4.0,9.0,9.0,8.0,9.0,8.0,3,9.0,10,1
2006-01-06,53663,,11,1,4911.0,90274810,UIL,U I L HOLDINGS CORP,UIL,221119.0,N,A,R,21819,1,4931.0,90274810.0,,,49.0,493.0,,,,,,,48.76,0.007646,14710.0,1.666667,48.45,717259.6,UIL,8.0,10.0,1.0,,6.0,10,10.0,1.0,5.0,7.0,9.0,3.0,1.0,10.0,6.0,9.0,8.0,8.0,9.0,8.0,4.0,9.0,4.0,2.0,8.0,2.0,3.0,,3.0,5.0,7.0,4.0,5.0,4.0,3.0,7.0,10.0,5.0,,4.0,9.0,5.0,8.0,10.0,9.0,4.0,9.0,9.0,8.0,9.0,8.0,3,9.0,10,1
2006-01-09,53663,,11,1,4911.0,90274810,UIL,U I L HOLDINGS CORP,UIL,221119.0,N,A,R,21819,1,4931.0,90274810.0,,,49.0,493.0,,,,,,,48.71,-0.001025,14710.0,1.666667,48.7,716524.1,UIL,8.0,10.0,1.0,,6.0,10,10.0,1.0,5.0,7.0,9.0,3.0,1.0,10.0,6.0,9.0,8.0,8.0,9.0,8.0,4.0,9.0,4.0,2.0,8.0,2.0,3.0,,3.0,5.0,7.0,4.0,5.0,4.0,3.0,7.0,10.0,5.0,,4.0,9.0,5.0,8.0,10.0,9.0,4.0,9.0,9.0,8.0,9.0,8.0,3,9.0,10,1
2006-01-10,53663,,11,1,4911.0,90274810,UIL,U I L HOLDINGS CORP,UIL,221119.0,N,A,R,21819,1,4931.0,90274810.0,,,49.0,493.0,,,,,,,48.67,-0.000821,14710.0,1.666667,48.51,715935.7,UIL,8.0,10.0,1.0,,6.0,10,10.0,1.0,5.0,7.0,9.0,3.0,1.0,10.0,6.0,9.0,8.0,8.0,9.0,8.0,4.0,9.0,4.0,2.0,8.0,2.0,3.0,,3.0,5.0,7.0,4.0,5.0,4.0,3.0,7.0,10.0,5.0,,4.0,9.0,5.0,8.0,10.0,9.0,4.0,9.0,9.0,8.0,9.0,8.0,3,9.0,10,1
2006-01-11,53663,,11,1,4911.0,90274810,UIL,U I L HOLDINGS CORP,UIL,221119.0,N,A,R,21819,1,4931.0,90274810.0,,,49.0,493.0,,,,,,,48.31,-0.007397,14710.0,1.666667,48.67,710640.1,UIL,8.0,10.0,1.0,,6.0,10,10.0,1.0,5.0,7.0,9.0,3.0,1.0,10.0,6.0,9.0,8.0,8.0,9.0,8.0,4.0,9.0,4.0,2.0,8.0,2.0,3.0,,3.0,5.0,7.0,4.0,5.0,4.0,3.0,7.0,10.0,5.0,,4.0,9.0,5.0,8.0,10.0,9.0,4.0,9.0,9.0,8.0,9.0,8.0,3,9.0,10,1
2006-01-12,53663,,11,1,4911.0,90274810,UIL,U I L HOLDINGS CORP,UIL,221119.0,N,A,R,21819,1,4931.0,90274810.0,,,49.0,493.0,,,,,,,48.0,-0.006417,14710.0,1.666667,48.06,706080.0,UIL,8.0,10.0,1.0,,6.0,10,10.0,1.0,5.0,7.0,9.0,3.0,1.0,10.0,6.0,9.0,8.0,8.0,9.0,8.0,4.0,9.0,4.0,2.0,8.0,2.0,3.0,,3.0,5.0,7.0,4.0,5.0,4.0,3.0,7.0,10.0,5.0,,4.0,9.0,5.0,8.0,10.0,9.0,4.0,9.0,9.0,8.0,9.0,8.0,3,9.0,10,1
2006-01-13,53663,,11,1,4911.0,90274810,UIL,U I L HOLDINGS CORP,UIL,221119.0,N,A,R,21819,1,4931.0,90274810.0,,,49.0,493.0,,,,,,,48.13,0.002708,14710.0,1.666667,48.0,707992.3,UIL,8.0,10.0,1.0,,6.0,10,10.0,1.0,5.0,7.0,9.0,3.0,1.0,10.0,6.0,9.0,8.0,8.0,9.0,8.0,4.0,9.0,4.0,2.0,8.0,2.0,3.0,,3.0,5.0,7.0,4.0,5.0,4.0,3.0,7.0,10.0,5.0,,4.0,9.0,5.0,8.0,10.0,9.0,4.0,9.0,9.0,8.0,9.0,8.0,3,9.0,10,1
2006-01-17,53663,,11,1,4911.0,90274810,UIL,U I L HOLDINGS CORP,UIL,221119.0,N,A,R,21819,1,4931.0,90274810.0,,,49.0,493.0,,,,,,,47.99,-0.002909,14710.0,1.666667,47.77,705932.9,UIL,8.0,10.0,1.0,,6.0,10,10.0,1.0,5.0,7.0,9.0,3.0,1.0,10.0,6.0,9.0,8.0,8.0,9.0,8.0,4.0,9.0,4.0,2.0,8.0,2.0,3.0,,3.0,5.0,7.0,4.0,5.0,4.0,3.0,7.0,10.0,5.0,,4.0,9.0,5.0,8.0,10.0,9.0,4.0,9.0,9.0,8.0,9.0,8.0,3,9.0,10,1
2006-01-18,53663,,11,1,4911.0,90274810,UIL,U I L HOLDINGS CORP,UIL,221119.0,N,A,R,21819,1,4931.0,90274810.0,,,49.0,493.0,,,,,,,48.16,0.003542,14710.0,1.666667,48.0,708433.6,UIL,8.0,10.0,1.0,,6.0,10,10.0,1.0,5.0,7.0,9.0,3.0,1.0,10.0,6.0,9.0,8.0,8.0,9.0,8.0,4.0,9.0,4.0,2.0,8.0,2.0,3.0,,3.0,5.0,7.0,4.0,5.0,4.0,3.0,7.0,10.0,5.0,,4.0,9.0,5.0,8.0,10.0,9.0,4.0,9.0,9.0,8.0,9.0,8.0,3,9.0,10,1
2006-01-19,53663,,11,1,4911.0,90274810,UIL,U I L HOLDINGS CORP,UIL,221119.0,N,A,R,21819,1,4931.0,90274810.0,,,49.0,493.0,,,,,,,48.62,0.009551,14710.0,1.666667,48.3,715200.2,UIL,8.0,10.0,1.0,,6.0,10,10.0,1.0,5.0,7.0,9.0,3.0,1.0,10.0,6.0,9.0,8.0,8.0,9.0,8.0,4.0,9.0,4.0,2.0,8.0,2.0,3.0,,3.0,5.0,7.0,4.0,5.0,4.0,3.0,7.0,10.0,5.0,,4.0,9.0,5.0,8.0,10.0,9.0,4.0,9.0,9.0,8.0,9.0,8.0,3,9.0,10,1
2006-01-20,53663,,11,1,4911.0,90274810,UIL,U I L HOLDINGS CORP,UIL,221119.0,N,A,R,21819,1,4931.0,90274810.0,,,49.0,493.0,,,,,,,48.32,-0.00617,14710.0,1.666667,48.87,710787.2,UIL,8.0,10.0,1.0,,6.0,10,10.0,1.0,5.0,7.0,9.0,3.0,1.0,10.0,6.0,9.0,8.0,8.0,9.0,8.0,4.0,9.0,4.0,2.0,8.0,2.0,3.0,,3.0,5.0,7.0,4.0,5.0,4.0,3.0,7.0,10.0,5.0,,4.0,9.0,5.0,8.0,10.0,9.0,4.0,9.0,9.0,8.0,9.0,8.0,3,9.0,10,1
2006-01-23,53663,,11,1,4911.0,90274810,UIL,U I L HOLDINGS CORP,UIL,221119.0,N,A,R,21819,1,4931.0,90274810.0,,,49.0,493.0,,,,,,,48.84,0.010762,14710.0,1.666667,48.45,718436.4,UIL,8.0,10.0,1.0,,6.0,10,10.0,1.0,5.0,7.0,9.0,3.0,1.0,10.0,6.0,9.0,8.0,8.0,9.0,8.0,4.0,9.0,4.0,2.0,8.0,2.0,3.0,,3.0,5.0,7.0,4.0,5.0,4.0,3.0,7.0,10.0,5.0,,4.0,9.0,5.0,8.0,10.0,9.0,4.0,9.0,9.0,8.0,9.0,8.0,3,9.0,10,1
2006-01-24,53663,,11,1,4911.0,90274810,UIL,U I L HOLDINGS CORP,UIL,221119.0,N,A,R,21819,1,4931.0,90274810.0,,,49.0,493.0,,,,,,,49.07,0.004709,14710.0,1.666667,48.89,721819.7,UIL,8.0,10.0,1.0,,6.0,10,10.0,1.0,5.0,7.0,9.0,3.0,1.0,10.0,6.0,9.0,8.0,8.0,9.0,8.0,4.0,9.0,4.0,2.0,8.0,2.0,3.0,,3.0,5.0,7.0,4.0,5.0,4.0,3.0,7.0,10.0,5.0,,4.0,9.0,5.0,8.0,10.0,9.0,4.0,9.0,9.0,8.0,9.0,8.0,3,9.0,10,1
2006-01-25,53663,,11,1,4911.0,90274810,UIL,U I L HOLDINGS CORP,UIL,221119.0,N,A,R,21819,1,4931.0,90274810.0,,,49.0,493.0,,,,,,,48.9,-0.003464,14710.0,1.666667,49.05,719319.0,UIL,8.0,10.0,1.0,,6.0,10,10.0,1.0,5.0,7.0,9.0,3.0,1.0,10.0,6.0,9.0,8.0,8.0,9.0,8.0,4.0,9.0,4.0,2.0,8.0,2.0,3.0,,3.0,5.0,7.0,4.0,5.0,4.0,3.0,7.0,10.0,5.0,,4.0,9.0,5.0,8.0,10.0,9.0,4.0,9.0,9.0,8.0,9.0,8.0,3,9.0,10,1
2006-01-26,53663,,11,1,4911.0,90274810,UIL,U I L HOLDINGS CORP,UIL,221119.0,N,A,R,21819,1,4931.0,90274810.0,,,49.0,493.0,,,,,,,48.75,-0.003068,14710.0,1.666667,49.0,717112.5,UIL,8.0,10.0,1.0,,6.0,10,10.0,1.0,5.0,7.0,9.0,3.0,1.0,10.0,6.0,9.0,8.0,8.0,9.0,8.0,4.0,9.0,4.0,2.0,8.0,2.0,3.0,,3.0,5.0,7.0,4.0,5.0,4.0,3.0,7.0,10.0,5.0,,4.0,9.0,5.0,8.0,10.0,9.0,4.0,9.0,9.0,8.0,9.0,8.0,3,9.0,10,1
2006-01-27,53663,,11,1,4911.0,90274810,UIL,U I L HOLDINGS CORP,UIL,221119.0,N,A,R,21819,1,4931.0,90274810.0,,,49.0,493.0,,,,,,,49.06,0.006359,14710.0,1.666667,48.75,721672.6,UIL,8.0,10.0,1.0,,6.0,10,10.0,1.0,5.0,7.0,9.0,3.0,1.0,10.0,6.0,9.0,8.0,8.0,9.0,8.0,4.0,9.0,4.0,2.0,8.0,2.0,3.0,,3.0,5.0,7.0,4.0,5.0,4.0,3.0,7.0,10.0,5.0,,4.0,9.0,5.0,8.0,10.0,9.0,4.0,9.0,9.0,8.0,9.0,8.0,3,9.0,10,1
2006-01-30,53663,,11,1,4911.0,90274810,UIL,U I L HOLDINGS CORP,UIL,221119.0,N,A,R,21819,1,4931.0,90274810.0,,,49.0,493.0,,,,,,,48.53,-0.010803,14710.0,1.666667,48.82,713876.3,UIL,8.0,10.0,1.0,,6.0,10,10.0,1.0,5.0,7.0,9.0,3.0,1.0,10.0,6.0,9.0,8.0,8.0,9.0,8.0,4.0,9.0,4.0,2.0,8.0,2.0,3.0,,3.0,5.0,7.0,4.0,5.0,4.0,3.0,7.0,10.0,5.0,,4.0,9.0,5.0,8.0,10.0,9.0,4.0,9.0,9.0,8.0,9.0,8.0,3,9.0,10,1
2006-01-31,53663,,11,1,4911.0,90274810,UIL,U I L HOLDINGS CORP,UIL,221119.0,N,A,R,21819,1,4931.0,90274810.0,,,49.0,493.0,,,,,,,48.34,-0.003915,14710.0,1.666667,48.3,711081.4,UIL,8.0,10.0,1.0,,6.0,10,10.0,1.0,5.0,7.0,9.0,3.0,1.0,10.0,6.0,9.0,8.0,8.0,9.0,8.0,4.0,9.0,4.0,2.0,8.0,2.0,3.0,,3.0,5.0,7.0,4.0,5.0,4.0,3.0,7.0,10.0,5.0,,4.0,9.0,5.0,8.0,10.0,9.0,4.0,9.0,9.0,8.0,9.0,8.0,3,9.0,10,1
2006-02-01,53663,,11,1,4911.0,90274810,UIL,U I L HOLDINGS CORP,UIL,221119.0,N,A,R,21819,1,4931.0,90274810.0,,,49.0,493.0,,,,,,,48.27,-0.001448,14710.0,1.666667,48.25,710051.7,UIL,8.0,10.0,1.0,,6.0,10,10.0,1.0,5.0,7.0,9.0,3.0,1.0,10.0,6.0,9.0,8.0,8.0,9.0,8.0,4.0,9.0,4.0,2.0,8.0,2.0,3.0,,2.0,5.0,6.0,3.0,5.0,4.0,6.0,7.0,10.0,5.0,,5.0,9.0,5.0,5.0,10.0,9.0,7.0,5.0,4.0,3.0,10.0,8.0,3,9.0,10,1
2006-02-02,53663,,11,1,4911.0,90274810,UIL,U I L HOLDINGS CORP,UIL,221119.0,N,A,R,21819,1,4931.0,90274810.0,,,49.0,493.0,,,,,,,46.68,-0.03294,14710.0,1.666667,48.23,686662.8,UIL,8.0,10.0,1.0,,6.0,10,10.0,1.0,5.0,7.0,9.0,3.0,1.0,10.0,6.0,9.0,8.0,8.0,9.0,8.0,4.0,9.0,4.0,2.0,8.0,2.0,3.0,,2.0,5.0,6.0,3.0,5.0,4.0,6.0,7.0,10.0,5.0,,5.0,9.0,5.0,5.0,10.0,9.0,7.0,5.0,4.0,3.0,10.0,8.0,3,9.0,10,1
2006-02-03,53663,,11,1,4911.0,90274810,UIL,U I L HOLDINGS CORP,UIL,221119.0,N,A,R,21819,1,4931.0,90274810.0,,,49.0,493.0,,,,,,,47.05,0.007926,14710.0,1.666667,46.68,692105.5,UIL,8.0,10.0,1.0,,6.0,10,10.0,1.0,5.0,7.0,9.0,3.0,1.0,10.0,6.0,9.0,8.0,8.0,9.0,8.0,4.0,9.0,4.0,2.0,8.0,2.0,3.0,,2.0,5.0,6.0,3.0,5.0,4.0,6.0,7.0,10.0,5.0,,5.0,9.0,5.0,5.0,10.0,9.0,7.0,5.0,4.0,3.0,10.0,8.0,3,9.0,10,1
2006-02-06,53663,,11,1,4911.0,90274810,UIL,U I L HOLDINGS CORP,UIL,221119.0,N,A,R,21819,1,4931.0,90274810.0,,,49.0,493.0,,,,,,,47.62,0.012115,14710.0,1.666667,46.95,700490.2,UIL,8.0,10.0,1.0,,6.0,10,10.0,1.0,5.0,7.0,9.0,3.0,1.0,10.0,6.0,9.0,8.0,8.0,9.0,8.0,4.0,9.0,4.0,2.0,8.0,2.0,3.0,,2.0,5.0,6.0,3.0,5.0,4.0,6.0,7.0,10.0,5.0,,5.0,9.0,5.0,5.0,10.0,9.0,7.0,5.0,4.0,3.0,10.0,8.0,3,9.0,10,1
2006-02-07,53663,,11,1,4911.0,90274810,UIL,U I L HOLDINGS CORP,UIL,221119.0,N,A,R,21819,1,4931.0,90274810.0,,,49.0,493.0,,,,,,,47.6,-0.00042,14710.0,1.666667,47.78,700196.0,UIL,8.0,10.0,1.0,,6.0,10,10.0,1.0,5.0,7.0,9.0,3.0,1.0,10.0,6.0,9.0,8.0,8.0,9.0,8.0,4.0,9.0,4.0,2.0,8.0,2.0,3.0,,2.0,5.0,6.0,3.0,5.0,4.0,6.0,7.0,10.0,5.0,,5.0,9.0,5.0,5.0,10.0,9.0,7.0,5.0,4.0,3.0,10.0,8.0,3,9.0,10,1
2006-02-08,53663,,11,1,4911.0,90274810,UIL,U I L HOLDINGS CORP,UIL,221119.0,N,A,R,21819,1,4931.0,90274810.0,,,49.0,493.0,,,,,,,47.94,0.007143,14710.0,1.666667,47.85,705197.4,UIL,8.0,10.0,1.0,,6.0,10,10.0,1.0,5.0,7.0,9.0,3.0,1.0,10.0,6.0,9.0,8.0,8.0,9.0,8.0,4.0,9.0,4.0,2.0,8.0,2.0,3.0,,2.0,5.0,6.0,3.0,5.0,4.0,6.0,7.0,10.0,5.0,,5.0,9.0,5.0,5.0,10.0,9.0,7.0,5.0,4.0,3.0,10.0,8.0,3,9.0,10,1
2006-02-09,53663,,11,1,4911.0,90274810,UIL,U I L HOLDINGS CORP,UIL,221119.0,N,A,R,21819,1,4931.0,90274810.0,,,49.0,493.0,,,,,,,47.88,-0.001252,14710.0,1.666667,48.19,704314.8,UIL,8.0,10.0,1.0,,6.0,10,10.0,1.0,5.0,7.0,9.0,3.0,1.0,10.0,6.0,9.0,8.0,8.0,9.0,8.0,4.0,9.0,4.0,2.0,8.0,2.0,3.0,,2.0,5.0,6.0,3.0,5.0,4.0,6.0,7.0,10.0,5.0,,5.0,9.0,5.0,5.0,10.0,9.0,7.0,5.0,4.0,3.0,10.0,8.0,3,9.0,10,1
2006-02-10,53663,,11,1,4911.0,90274810,UIL,U I L HOLDINGS CORP,UIL,221119.0,N,A,R,21819,1,4931.0,90274810.0,,,49.0,493.0,,,,,,,48.11,0.004804,14710.0,1.666667,47.74,707698.1,UIL,8.0,10.0,1.0,,6.0,10,10.0,1.0,5.0,7.0,9.0,3.0,1.0,10.0,6.0,9.0,8.0,8.0,9.0,8.0,4.0,9.0,4.0,2.0,8.0,2.0,3.0,,2.0,5.0,6.0,3.0,5.0,4.0,6.0,7.0,10.0,5.0,,5.0,9.0,5.0,5.0,10.0,9.0,7.0,5.0,4.0,3.0,10.0,8.0,3,9.0,10,1
2006-02-13,53663,,11,1,4911.0,90274810,UIL,U I L HOLDINGS CORP,UIL,221119.0,N,A,R,21819,1,4931.0,90274810.0,,,49.0,493.0,,,,,,,48.7,0.012264,14710.0,1.666667,48.11,716377.0,UIL,8.0,10.0,1.0,,6.0,10,10.0,1.0,5.0,7.0,9.0,3.0,1.0,10.0,6.0,9.0,8.0,8.0,9.0,8.0,4.0,9.0,4.0,2.0,8.0,2.0,3.0,,2.0,5.0,6.0,3.0,5.0,4.0,6.0,7.0,10.0,5.0,,5.0,9.0,5.0,5.0,10.0,9.0,7.0,5.0,4.0,3.0,10.0,8.0,3,9.0,10,1
2006-02-14,53663,,11,1,4911.0,90274810,UIL,U I L HOLDINGS CORP,UIL,221119.0,N,A,R,21819,1,4931.0,90274810.0,,,49.0,493.0,,,,,,,49.01,0.006365,14710.0,1.666667,48.05,720937.1,UIL,8.0,10.0,1.0,,6.0,10,10.0,1.0,5.0,7.0,9.0,3.0,1.0,10.0,6.0,9.0,8.0,8.0,9.0,8.0,4.0,9.0,4.0,2.0,8.0,2.0,3.0,,2.0,5.0,6.0,3.0,5.0,4.0,6.0,7.0,10.0,5.0,,5.0,9.0,5.0,5.0,10.0,9.0,7.0,5.0,4.0,3.0,10.0,8.0,3,9.0,10,1
2006-02-15,53663,,11,1,4911.0,90274810,UIL,U I L HOLDINGS CORP,UIL,221119.0,N,A,R,21819,1,4931.0,90274810.0,,,49.0,493.0,,,,,,,48.99,-0.000408,14710.0,1.666667,48.905,720642.9,UIL,8.0,10.0,1.0,,6.0,10,10.0,1.0,5.0,7.0,9.0,3.0,1.0,10.0,6.0,9.0,8.0,8.0,9.0,8.0,4.0,9.0,4.0,2.0,8.0,2.0,3.0,,2.0,5.0,6.0,3.0,5.0,4.0,6.0,7.0,10.0,5.0,,5.0,9.0,5.0,5.0,10.0,9.0,7.0,5.0,4.0,3.0,10.0,8.0,3,9.0,10,1
2006-02-16,53663,,11,1,4911.0,90274810,UIL,U I L HOLDINGS CORP,UIL,221119.0,N,A,R,21819,1,4931.0,90274810.0,,,49.0,493.0,,,,,,,49.05,0.001225,14710.0,1.666667,48.97,721525.5,UIL,8.0,10.0,1.0,,6.0,10,10.0,1.0,5.0,7.0,9.0,3.0,1.0,10.0,6.0,9.0,8.0,8.0,9.0,8.0,4.0,9.0,4.0,2.0,8.0,2.0,3.0,,2.0,5.0,6.0,3.0,5.0,4.0,6.0,7.0,10.0,5.0,,5.0,9.0,5.0,5.0,10.0,9.0,7.0,5.0,4.0,3.0,10.0,8.0,3,9.0,10,1
2006-02-17,53663,,11,1,4911.0,90274810,UIL,U I L HOLDINGS CORP,UIL,221119.0,N,A,R,21819,1,4931.0,90274810.0,,,49.0,493.0,,,,,,,50.06,0.020591,14710.0,1.666667,49.09,736382.6,UIL,8.0,10.0,1.0,,6.0,10,10.0,1.0,5.0,7.0,9.0,3.0,1.0,10.0,6.0,9.0,8.0,8.0,9.0,8.0,4.0,9.0,4.0,2.0,8.0,2.0,3.0,,2.0,5.0,6.0,3.0,5.0,4.0,6.0,7.0,10.0,5.0,,5.0,9.0,5.0,5.0,10.0,9.0,7.0,5.0,4.0,3.0,10.0,8.0,3,9.0,10,1
2006-02-21,53663,,11,1,4911.0,90274810,UIL,U I L HOLDINGS CORP,UIL,221119.0,N,A,R,21819,1,4931.0,90274810.0,,,49.0,493.0,,,,,,,49.74,-0.006392,14710.0,1.666667,49.89,731675.4,UIL,8.0,10.0,1.0,,6.0,10,10.0,1.0,5.0,7.0,9.0,3.0,1.0,10.0,6.0,9.0,8.0,8.0,9.0,8.0,4.0,9.0,4.0,2.0,8.0,2.0,3.0,,2.0,5.0,6.0,3.0,5.0,4.0,6.0,7.0,10.0,5.0,,5.0,9.0,5.0,5.0,10.0,9.0,7.0,5.0,4.0,3.0,10.0,8.0,3,9.0,10,1
2006-02-22,53663,,11,1,4911.0,90274810,UIL,U I L HOLDINGS CORP,UIL,221119.0,N,A,R,21819,1,4931.0,90274810.0,,,49.0,493.0,,,,,,,50.84,0.022115,14710.0,1.666667,49.88,747856.4,UIL,8.0,10.0,1.0,,6.0,10,10.0,1.0,5.0,7.0,9.0,3.0,1.0,10.0,6.0,9.0,8.0,8.0,9.0,8.0,4.0,9.0,4.0,2.0,8.0,2.0,3.0,,2.0,5.0,6.0,3.0,5.0,4.0,6.0,7.0,10.0,5.0,,5.0,9.0,5.0,5.0,10.0,9.0,7.0,5.0,4.0,3.0,10.0,8.0,3,9.0,10,1
2006-02-23,53663,,11,1,4911.0,90274810,UIL,U I L HOLDINGS CORP,UIL,221119.0,N,A,R,21819,1,4931.0,90274810.0,,,49.0,493.0,,,,,,,50.0,-0.016522,14710.0,1.666667,50.59,735500.0,UIL,8.0,10.0,1.0,,6.0,10,10.0,1.0,5.0,7.0,9.0,3.0,1.0,10.0,6.0,9.0,8.0,8.0,9.0,8.0,4.0,9.0,4.0,2.0,8.0,2.0,3.0,,2.0,5.0,6.0,3.0,5.0,4.0,6.0,7.0,10.0,5.0,,5.0,9.0,5.0,5.0,10.0,9.0,7.0,5.0,4.0,3.0,10.0,8.0,3,9.0,10,1
2006-02-24,53663,,11,1,4911.0,90274810,UIL,U I L HOLDINGS CORP,UIL,221119.0,N,A,R,21819,1,4931.0,90274810.0,,,49.0,493.0,,,,,,,50.68,0.0136,14710.0,1.666667,50.0,745502.8,UIL,8.0,10.0,1.0,,6.0,10,10.0,1.0,5.0,7.0,9.0,3.0,1.0,10.0,6.0,9.0,8.0,8.0,9.0,8.0,4.0,9.0,4.0,2.0,8.0,2.0,3.0,,2.0,5.0,6.0,3.0,5.0,4.0,6.0,7.0,10.0,5.0,,5.0,9.0,5.0,5.0,10.0,9.0,7.0,5.0,4.0,3.0,10.0,8.0,3,9.0,10,1
2006-02-27,53663,,11,1,4911.0,90274810,UIL,U I L HOLDINGS CORP,UIL,221119.0,N,A,R,21819,1,4931.0,90274810.0,,,49.0,493.0,,,,,,,51.65,0.01914,14710.0,1.666667,50.68,759771.5,UIL,8.0,10.0,1.0,,6.0,10,10.0,1.0,5.0,7.0,9.0,3.0,1.0,10.0,6.0,9.0,8.0,8.0,9.0,8.0,4.0,9.0,4.0,2.0,8.0,2.0,3.0,,2.0,5.0,6.0,3.0,5.0,4.0,6.0,7.0,10.0,5.0,,5.0,9.0,5.0,5.0,10.0,9.0,7.0,5.0,4.0,3.0,10.0,8.0,3,9.0,10,1
2006-02-28,53663,,11,1,4911.0,90274810,UIL,U I L HOLDINGS CORP,UIL,221119.0,N,A,R,21819,1,4931.0,90274810.0,,,49.0,493.0,,,,,,,51.25,-0.007744,14721.0,1.666667,51.62,754451.25,UIL,8.0,10.0,1.0,,6.0,10,10.0,1.0,5.0,7.0,9.0,3.0,1.0,10.0,6.0,9.0,8.0,8.0,9.0,8.0,4.0,9.0,4.0,2.0,8.0,2.0,3.0,,2.0,5.0,6.0,3.0,5.0,4.0,6.0,7.0,10.0,5.0,,5.0,9.0,5.0,5.0,10.0,9.0,7.0,5.0,4.0,3.0,10.0,8.0,3,9.0,10,1
2006-03-01,53663,,11,1,4911.0,90274810,UIL,U I L HOLDINGS CORP,UIL,221119.0,N,A,R,21819,1,4931.0,90274810.0,,,49.0,493.0,,,,,,,51.24,-0.000195,14721.0,1.666667,51.25,754304.04,UIL,8.0,10.0,1.0,,6.0,10,10.0,1.0,5.0,7.0,9.0,3.0,1.0,10.0,6.0,9.0,8.0,8.0,9.0,8.0,4.0,9.0,4.0,2.0,8.0,2.0,3.0,,2.0,3.0,7.0,3.0,4.0,4.0,6.0,7.0,10.0,6.0,,2.0,2.0,2.0,2.0,9.0,9.0,8.0,2.0,2.0,1.0,10.0,8.0,3,9.0,10,1
2006-03-02,53663,,11,1,4911.0,90274810,UIL,U I L HOLDINGS CORP,UIL,221119.0,N,A,R,21819,1,4931.0,90274810.0,,,49.0,493.0,,,,,,,51.25,0.000195,14721.0,1.666667,51.35,754451.25,UIL,8.0,10.0,1.0,,6.0,10,10.0,1.0,5.0,7.0,9.0,3.0,1.0,10.0,6.0,9.0,8.0,8.0,9.0,8.0,4.0,9.0,4.0,2.0,8.0,2.0,3.0,,2.0,3.0,7.0,3.0,4.0,4.0,6.0,7.0,10.0,6.0,,2.0,2.0,2.0,2.0,9.0,9.0,8.0,2.0,2.0,1.0,10.0,8.0,3,9.0,10,1
2006-03-03,53663,,11,1,4911.0,90274810,UIL,U I L HOLDINGS CORP,UIL,221119.0,N,A,R,21819,1,4931.0,90274810.0,,,49.0,493.0,1232.0,0.72,0.0,,,,49.92,-0.011902,14721.0,1.666667,50.53,734872.32,UIL,8.0,10.0,1.0,,6.0,10,10.0,1.0,5.0,7.0,9.0,3.0,1.0,10.0,6.0,9.0,8.0,8.0,9.0,8.0,4.0,9.0,4.0,2.0,8.0,2.0,3.0,,2.0,3.0,7.0,3.0,4.0,4.0,6.0,7.0,10.0,6.0,,2.0,2.0,2.0,2.0,9.0,9.0,8.0,2.0,2.0,1.0,10.0,8.0,3,9.0,10,1
2006-03-06,53663,,11,1,4911.0,90274810,UIL,U I L HOLDINGS CORP,UIL,221119.0,N,A,R,21819,1,4931.0,90274810.0,,,49.0,493.0,,,,,,,48.9,-0.020433,14721.0,1.666667,49.92,719856.9,UIL,8.0,10.0,1.0,,6.0,10,10.0,1.0,5.0,7.0,9.0,3.0,1.0,10.0,6.0,9.0,8.0,8.0,9.0,8.0,4.0,9.0,4.0,2.0,8.0,2.0,3.0,,2.0,3.0,7.0,3.0,4.0,4.0,6.0,7.0,10.0,6.0,,2.0,2.0,2.0,2.0,9.0,9.0,8.0,2.0,2.0,1.0,10.0,8.0,3,9.0,10,1
2006-03-07,53663,,11,1,4911.0,90274810,UIL,U I L HOLDINGS CORP,UIL,221119.0,N,A,R,21819,1,4931.0,90274810.0,,,49.0,493.0,,,,,,,48.08,-0.016769,14721.0,1.666667,48.8,707785.68,UIL,8.0,10.0,1.0,,6.0,10,10.0,1.0,5.0,7.0,9.0,3.0,1.0,10.0,6.0,9.0,8.0,8.0,9.0,8.0,4.0,9.0,4.0,2.0,8.0,2.0,3.0,,2.0,3.0,7.0,3.0,4.0,4.0,6.0,7.0,10.0,6.0,,2.0,2.0,2.0,2.0,9.0,9.0,8.0,2.0,2.0,1.0,10.0,8.0,3,9.0,10,1
2006-03-08,53663,,11,1,4911.0,90274810,UIL,U I L HOLDINGS CORP,UIL,221119.0,N,A,R,21819,1,4931.0,90274810.0,,,49.0,493.0,,,,,,,47.88,-0.00416,14721.0,1.666667,48.08,704841.48,UIL,8.0,10.0,1.0,,6.0,10,10.0,1.0,5.0,7.0,9.0,3.0,1.0,10.0,6.0,9.0,8.0,8.0,9.0,8.0,4.0,9.0,4.0,2.0,8.0,2.0,3.0,,2.0,3.0,7.0,3.0,4.0,4.0,6.0,7.0,10.0,6.0,,2.0,2.0,2.0,2.0,9.0,9.0,8.0,2.0,2.0,1.0,10.0,8.0,3,9.0,10,1
2006-03-09,53663,,11,1,4911.0,90274810,UIL,U I L HOLDINGS CORP,UIL,221119.0,N,A,R,21819,1,4931.0,90274810.0,,,49.0,493.0,,,,,,,47.69,-0.003968,14721.0,1.666667,47.88,702044.49,UIL,8.0,10.0,1.0,,6.0,10,10.0,1.0,5.0,7.0,9.0,3.0,1.0,10.0,6.0,9.0,8.0,8.0,9.0,8.0,4.0,9.0,4.0,2.0,8.0,2.0,3.0,,2.0,3.0,7.0,3.0,4.0,4.0,6.0,7.0,10.0,6.0,,2.0,2.0,2.0,2.0,9.0,9.0,8.0,2.0,2.0,1.0,10.0,8.0,3,9.0,10,1
2006-03-10,53663,,11,1,4911.0,90274810,UIL,U I L HOLDINGS CORP,UIL,221119.0,N,A,R,21819,1,4931.0,90274810.0,,,49.0,493.0,,,,,,,47.95,0.005452,14721.0,1.666667,47.69,705871.95,UIL,8.0,10.0,1.0,,6.0,10,10.0,1.0,5.0,7.0,9.0,3.0,1.0,10.0,6.0,9.0,8.0,8.0,9.0,8.0,4.0,9.0,4.0,2.0,8.0,2.0,3.0,,2.0,3.0,7.0,3.0,4.0,4.0,6.0,7.0,10.0,6.0,,2.0,2.0,2.0,2.0,9.0,9.0,8.0,2.0,2.0,1.0,10.0,8.0,3,9.0,10,1
2006-03-13,53663,,11,1,4911.0,90274810,UIL,U I L HOLDINGS CORP,UIL,221119.0,N,A,R,21819,1,4931.0,90274810.0,,,49.0,493.0,,,,,,,47.97,0.000417,14721.0,1.666667,47.95,706166.37,UIL,8.0,10.0,1.0,,6.0,10,10.0,1.0,5.0,7.0,9.0,3.0,1.0,10.0,6.0,9.0,8.0,8.0,9.0,8.0,4.0,9.0,4.0,2.0,8.0,2.0,3.0,,2.0,3.0,7.0,3.0,4.0,4.0,6.0,7.0,10.0,6.0,,2.0,2.0,2.0,2.0,9.0,9.0,8.0,2.0,2.0,1.0,10.0,8.0,3,9.0,10,1
2006-03-14,53663,,11,1,4911.0,90274810,UIL,U I L HOLDINGS CORP,UIL,221119.0,N,A,R,21819,1,4931.0,90274810.0,,,49.0,493.0,,,,,,,48.0,0.000625,14721.0,1.666667,48.1,706608.0,UIL,8.0,10.0,1.0,,6.0,10,10.0,1.0,5.0,7.0,9.0,3.0,1.0,10.0,6.0,9.0,8.0,8.0,9.0,8.0,4.0,9.0,4.0,2.0,8.0,2.0,3.0,,2.0,3.0,7.0,3.0,4.0,4.0,6.0,7.0,10.0,6.0,,2.0,2.0,2.0,2.0,9.0,9.0,8.0,2.0,2.0,1.0,10.0,8.0,3,9.0,10,1
2006-03-15,53663,,11,1,4911.0,90274810,UIL,U I L HOLDINGS CORP,UIL,221119.0,N,A,R,21819,1,4931.0,90274810.0,,,49.0,493.0,,,,,,,47.99,-0.000208,14721.0,1.666667,47.9,706460.79,UIL,8.0,10.0,1.0,,6.0,10,10.0,1.0,5.0,7.0,9.0,3.0,1.0,10.0,6.0,9.0,8.0,8.0,9.0,8.0,4.0,9.0,4.0,2.0,8.0,2.0,3.0,,2.0,3.0,7.0,3.0,4.0,4.0,6.0,7.0,10.0,6.0,,2.0,2.0,2.0,2.0,9.0,9.0,8.0,2.0,2.0,1.0,10.0,8.0,3,9.0,10,1
2006-03-16,53663,,11,1,4911.0,90274810,UIL,U I L HOLDINGS CORP,UIL,221119.0,N,A,R,21819,1,4931.0,90274810.0,,,49.0,493.0,,,,,,,48.5,0.010627,14721.0,1.666667,48.24,713968.5,UIL,8.0,10.0,1.0,,6.0,10,10.0,1.0,5.0,7.0,9.0,3.0,1.0,10.0,6.0,9.0,8.0,8.0,9.0,8.0,4.0,9.0,4.0,2.0,8.0,2.0,3.0,,2.0,3.0,7.0,3.0,4.0,4.0,6.0,7.0,10.0,6.0,,2.0,2.0,2.0,2.0,9.0,9.0,8.0,2.0,2.0,1.0,10.0,8.0,3,9.0,10,1
2006-03-17,53663,,11,1,4911.0,90274810,UIL,U I L HOLDINGS CORP,UIL,221119.0,N,A,R,21819,1,4931.0,90274810.0,,,49.0,493.0,,,,,,,48.88,0.007835,14721.0,1.666667,48.7,719562.48,UIL,8.0,10.0,1.0,,6.0,10,10.0,1.0,5.0,7.0,9.0,3.0,1.0,10.0,6.0,9.0,8.0,8.0,9.0,8.0,4.0,9.0,4.0,2.0,8.0,2.0,3.0,,2.0,3.0,7.0,3.0,4.0,4.0,6.0,7.0,10.0,6.0,,2.0,2.0,2.0,2.0,9.0,9.0,8.0,2.0,2.0,1.0,10.0,8.0,3,9.0,10,1
2006-03-20,53663,,11,1,4911.0,90274810,UIL,U I L HOLDINGS CORP,UIL,221119.0,N,A,R,21819,1,4931.0,90274810.0,,,49.0,493.0,,,,,,,50.24,0.027823,14721.0,1.666667,48.88,739583.04,UIL,8.0,10.0,1.0,,6.0,10,10.0,1.0,5.0,7.0,9.0,3.0,1.0,10.0,6.0,9.0,8.0,8.0,9.0,8.0,4.0,9.0,4.0,2.0,8.0,2.0,3.0,,2.0,3.0,7.0,3.0,4.0,4.0,6.0,7.0,10.0,6.0,,2.0,2.0,2.0,2.0,9.0,9.0,8.0,2.0,2.0,1.0,10.0,8.0,3,9.0,10,1
2006-03-21,53663,,11,1,4911.0,90274810,UIL,U I L HOLDINGS CORP,UIL,221119.0,N,A,R,21819,1,4931.0,90274810.0,,,49.0,493.0,,,,,,,50.34,0.00199,14721.0,1.666667,50.23,741055.14,UIL,8.0,10.0,1.0,,6.0,10,10.0,1.0,5.0,7.0,9.0,3.0,1.0,10.0,6.0,9.0,8.0,8.0,9.0,8.0,4.0,9.0,4.0,2.0,8.0,2.0,3.0,,2.0,3.0,7.0,3.0,4.0,4.0,6.0,7.0,10.0,6.0,,2.0,2.0,2.0,2.0,9.0,9.0,8.0,2.0,2.0,1.0,10.0,8.0,3,9.0,10,1
2006-03-22,53663,,11,1,4911.0,90274810,UIL,U I L HOLDINGS CORP,UIL,221119.0,N,A,R,21819,1,4931.0,90274810.0,,,49.0,493.0,,,,,,,51.54,0.023838,14721.0,1.666667,50.34,758720.34,UIL,8.0,10.0,1.0,,6.0,10,10.0,1.0,5.0,7.0,9.0,3.0,1.0,10.0,6.0,9.0,8.0,8.0,9.0,8.0,4.0,9.0,4.0,2.0,8.0,2.0,3.0,,2.0,3.0,7.0,3.0,4.0,4.0,6.0,7.0,10.0,6.0,,2.0,2.0,2.0,2.0,9.0,9.0,8.0,2.0,2.0,1.0,10.0,8.0,3,9.0,10,1
2006-03-23,53663,,11,1,4911.0,90274810,UIL,U I L HOLDINGS CORP,UIL,221119.0,N,A,R,21819,1,4931.0,90274810.0,,,49.0,493.0,,,,,,,51.35,-0.003687,14721.0,1.666667,51.53,755923.35,UIL,8.0,10.0,1.0,,6.0,10,10.0,1.0,5.0,7.0,9.0,3.0,1.0,10.0,6.0,9.0,8.0,8.0,9.0,8.0,4.0,9.0,4.0,2.0,8.0,2.0,3.0,,2.0,3.0,7.0,3.0,4.0,4.0,6.0,7.0,10.0,6.0,,2.0,2.0,2.0,2.0,9.0,9.0,8.0,2.0,2.0,1.0,10.0,8.0,3,9.0,10,1
2006-03-24,53663,,11,1,4911.0,90274810,UIL,U I L HOLDINGS CORP,UIL,221119.0,N,A,R,21819,1,4931.0,90274810.0,,,49.0,493.0,,,,,,,50.99,-0.007011,14721.0,1.666667,51.45,750623.79,UIL,8.0,10.0,1.0,,6.0,10,10.0,1.0,5.0,7.0,9.0,3.0,1.0,10.0,6.0,9.0,8.0,8.0,9.0,8.0,4.0,9.0,4.0,2.0,8.0,2.0,3.0,,2.0,3.0,7.0,3.0,4.0,4.0,6.0,7.0,10.0,6.0,,2.0,2.0,2.0,2.0,9.0,9.0,8.0,2.0,2.0,1.0,10.0,8.0,3,9.0,10,1
2006-03-27,53663,,11,1,4911.0,90274810,UIL,U I L HOLDINGS CORP,UIL,221119.0,N,A,R,21819,1,4931.0,90274810.0,,,49.0,493.0,,,,,,,51.0,0.000196,14721.0,1.666667,50.99,750771.0,UIL,8.0,10.0,1.0,,6.0,10,10.0,1.0,5.0,7.0,9.0,3.0,1.0,10.0,6.0,9.0,8.0,8.0,9.0,8.0,4.0,9.0,4.0,2.0,8.0,2.0,3.0,,2.0,3.0,7.0,3.0,4.0,4.0,6.0,7.0,10.0,6.0,,2.0,2.0,2.0,2.0,9.0,9.0,8.0,2.0,2.0,1.0,10.0,8.0,3,9.0,10,1
2006-03-28,53663,,11,1,4911.0,90274810,UIL,U I L HOLDINGS CORP,UIL,221119.0,N,A,R,21819,1,4931.0,90274810.0,,,49.0,493.0,,,,,,,50.92,-0.001569,14721.0,1.666667,51.0,749593.32,UIL,8.0,10.0,1.0,,6.0,10,10.0,1.0,5.0,7.0,9.0,3.0,1.0,10.0,6.0,9.0,8.0,8.0,9.0,8.0,4.0,9.0,4.0,2.0,8.0,2.0,3.0,,2.0,3.0,7.0,3.0,4.0,4.0,6.0,7.0,10.0,6.0,,2.0,2.0,2.0,2.0,9.0,9.0,8.0,2.0,2.0,1.0,10.0,8.0,3,9.0,10,1
2006-03-29,53663,,11,1,4911.0,90274810,UIL,U I L HOLDINGS CORP,UIL,221119.0,N,A,R,21819,1,4931.0,90274810.0,,,49.0,493.0,,,,,,,51.95,0.020228,14721.0,1.666667,51.08,764755.95,UIL,8.0,10.0,1.0,,6.0,10,10.0,1.0,5.0,7.0,9.0,3.0,1.0,10.0,6.0,9.0,8.0,8.0,9.0,8.0,4.0,9.0,4.0,2.0,8.0,2.0,3.0,,2.0,3.0,7.0,3.0,4.0,4.0,6.0,7.0,10.0,6.0,,2.0,2.0,2.0,2.0,9.0,9.0,8.0,2.0,2.0,1.0,10.0,8.0,3,9.0,10,1
2006-03-30,53663,,11,1,4911.0,90274810,UIL,U I L HOLDINGS CORP,UIL,221119.0,N,A,R,21819,1,4931.0,90274810.0,,,49.0,493.0,,,,,,,52.03,0.00154,14721.0,1.666667,51.95,765933.63,UIL,8.0,10.0,1.0,,6.0,10,10.0,1.0,5.0,7.0,9.0,3.0,1.0,10.0,6.0,9.0,8.0,8.0,9.0,8.0,4.0,9.0,4.0,2.0,8.0,2.0,3.0,,2.0,3.0,7.0,3.0,4.0,4.0,6.0,7.0,10.0,6.0,,2.0,2.0,2.0,2.0,9.0,9.0,8.0,2.0,2.0,1.0,10.0,8.0,3,9.0,10,1
2006-03-31,53663,,11,1,4911.0,90274810,UIL,U I L HOLDINGS CORP,UIL,221119.0,N,A,R,21819,1,4931.0,90274810.0,,,49.0,493.0,,,,,,,52.35,0.00615,14721.0,1.666667,52.03,770644.35,UIL,8.0,10.0,1.0,,6.0,10,10.0,1.0,5.0,7.0,9.0,3.0,1.0,10.0,6.0,9.0,8.0,8.0,9.0,8.0,4.0,9.0,4.0,2.0,8.0,2.0,3.0,,2.0,3.0,7.0,3.0,4.0,4.0,6.0,7.0,10.0,6.0,,2.0,2.0,2.0,2.0,9.0,9.0,8.0,2.0,2.0,1.0,10.0,8.0,3,9.0,10,1
2006-04-03,53663,,11,1,4911.0,90274810,UIL,U I L HOLDINGS CORP,UIL,221119.0,N,A,R,21819,1,4931.0,90274810.0,,,49.0,493.0,,,,,,,52.42,0.001337,14721.0,1.666667,52.55,771674.82,UIL,8.0,10.0,1.0,,6.0,10,10.0,1.0,5.0,7.0,9.0,3.0,1.0,10.0,6.0,9.0,8.0,8.0,9.0,8.0,4.0,9.0,4.0,2.0,8.0,2.0,3.0,,4.0,1.0,8.0,5.0,4.0,4.0,8.0,7.0,10.0,6.0,,2.0,3.0,2.0,5.0,8.0,9.0,3.0,2.0,2.0,1.0,10.0,8.0,3,8.0,10,1
2006-04-04,53663,,11,1,4911.0,90274810,UIL,U I L HOLDINGS CORP,UIL,221119.0,N,A,R,21819,1,4931.0,90274810.0,,,49.0,493.0,,,,,,,52.95,0.010111,14721.0,1.666667,52.67,779476.95,UIL,8.0,10.0,1.0,,6.0,10,10.0,1.0,5.0,7.0,9.0,3.0,1.0,10.0,6.0,9.0,8.0,8.0,9.0,8.0,4.0,9.0,4.0,2.0,8.0,2.0,3.0,,4.0,1.0,8.0,5.0,4.0,4.0,8.0,7.0,10.0,6.0,,2.0,3.0,2.0,5.0,8.0,9.0,3.0,2.0,2.0,1.0,10.0,8.0,3,8.0,10,1
2006-04-05,53663,,11,1,4911.0,90274810,UIL,U I L HOLDINGS CORP,UIL,221119.0,N,A,R,21819,1,4931.0,90274810.0,,,49.0,493.0,,,,,,,52.82,-0.002455,14721.0,1.666667,52.95,777563.22,UIL,8.0,10.0,1.0,,6.0,10,10.0,1.0,5.0,7.0,9.0,3.0,1.0,10.0,6.0,9.0,8.0,8.0,9.0,8.0,4.0,9.0,4.0,2.0,8.0,2.0,3.0,,4.0,1.0,8.0,5.0,4.0,4.0,8.0,7.0,10.0,6.0,,2.0,3.0,2.0,5.0,8.0,9.0,3.0,2.0,2.0,1.0,10.0,8.0,3,8.0,10,1
2006-04-06,53663,,11,1,4911.0,90274810,UIL,U I L HOLDINGS CORP,UIL,221119.0,N,A,R,21819,1,4931.0,90274810.0,,,49.0,493.0,,,,,,,52.73,-0.001704,14721.0,1.666667,52.81,776238.33,UIL,8.0,10.0,1.0,,6.0,10,10.0,1.0,5.0,7.0,9.0,3.0,1.0,10.0,6.0,9.0,8.0,8.0,9.0,8.0,4.0,9.0,4.0,2.0,8.0,2.0,3.0,,4.0,1.0,8.0,5.0,4.0,4.0,8.0,7.0,10.0,6.0,,2.0,3.0,2.0,5.0,8.0,9.0,3.0,2.0,2.0,1.0,10.0,8.0,3,8.0,10,1
2006-04-07,53663,,11,1,4911.0,90274810,UIL,U I L HOLDINGS CORP,UIL,221119.0,N,A,R,21819,1,4931.0,90274810.0,,,49.0,493.0,,,,,,,51.56,-0.022188,14721.0,1.666667,52.76,759014.76,UIL,8.0,10.0,1.0,,6.0,10,10.0,1.0,5.0,7.0,9.0,3.0,1.0,10.0,6.0,9.0,8.0,8.0,9.0,8.0,4.0,9.0,4.0,2.0,8.0,2.0,3.0,,4.0,1.0,8.0,5.0,4.0,4.0,8.0,7.0,10.0,6.0,,2.0,3.0,2.0,5.0,8.0,9.0,3.0,2.0,2.0,1.0,10.0,8.0,3,8.0,10,1
2006-04-10,53663,,11,1,4911.0,90274810,UIL,U I L HOLDINGS CORP,UIL,221119.0,N,A,R,21819,1,4931.0,90274810.0,,,49.0,493.0,,,,,,,51.74,0.003491,14721.0,1.666667,51.56,761664.54,UIL,8.0,10.0,1.0,,6.0,10,10.0,1.0,5.0,7.0,9.0,3.0,1.0,10.0,6.0,9.0,8.0,8.0,9.0,8.0,4.0,9.0,4.0,2.0,8.0,2.0,3.0,,4.0,1.0,8.0,5.0,4.0,4.0,8.0,7.0,10.0,6.0,,2.0,3.0,2.0,5.0,8.0,9.0,3.0,2.0,2.0,1.0,10.0,8.0,3,8.0,10,1
2006-04-11,53663,,11,1,4911.0,90274810,UIL,U I L HOLDINGS CORP,UIL,221119.0,N,A,R,21819,1,4931.0,90274810.0,,,49.0,493.0,,,,,,,50.86,-0.017008,14721.0,1.666667,51.75,748710.06,UIL,8.0,10.0,1.0,,6.0,10,10.0,1.0,5.0,7.0,9.0,3.0,1.0,10.0,6.0,9.0,8.0,8.0,9.0,8.0,4.0,9.0,4.0,2.0,8.0,2.0,3.0,,4.0,1.0,8.0,5.0,4.0,4.0,8.0,7.0,10.0,6.0,,2.0,3.0,2.0,5.0,8.0,9.0,3.0,2.0,2.0,1.0,10.0,8.0,3,8.0,10,1
2006-04-12,53663,,11,1,4911.0,90274810,UIL,U I L HOLDINGS CORP,UIL,221119.0,N,A,R,21819,1,4931.0,90274810.0,,,49.0,493.0,,,,,,,50.89,0.00059,14721.0,1.666667,50.85,749151.69,UIL,8.0,10.0,1.0,,6.0,10,10.0,1.0,5.0,7.0,9.0,3.0,1.0,10.0,6.0,9.0,8.0,8.0,9.0,8.0,4.0,9.0,4.0,2.0,8.0,2.0,3.0,,4.0,1.0,8.0,5.0,4.0,4.0,8.0,7.0,10.0,6.0,,2.0,3.0,2.0,5.0,8.0,9.0,3.0,2.0,2.0,1.0,10.0,8.0,3,8.0,10,1
2006-04-13,53663,,11,1,4911.0,90274810,UIL,U I L HOLDINGS CORP,UIL,221119.0,N,A,R,21819,1,4931.0,90274810.0,,,49.0,493.0,,,,,,,50.81,-0.001572,14721.0,1.666667,50.89,747974.01,UIL,8.0,10.0,1.0,,6.0,10,10.0,1.0,5.0,7.0,9.0,3.0,1.0,10.0,6.0,9.0,8.0,8.0,9.0,8.0,4.0,9.0,4.0,2.0,8.0,2.0,3.0,,4.0,1.0,8.0,5.0,4.0,4.0,8.0,7.0,10.0,6.0,,2.0,3.0,2.0,5.0,8.0,9.0,3.0,2.0,2.0,1.0,10.0,8.0,3,8.0,10,1
2006-04-17,53663,,11,1,4911.0,90274810,UIL,U I L HOLDINGS CORP,UIL,221119.0,N,A,R,21819,1,4931.0,90274810.0,,,49.0,493.0,,,,,,,51.21,0.007872,14721.0,1.666667,50.81,753862.41,UIL,8.0,10.0,1.0,,6.0,10,10.0,1.0,5.0,7.0,9.0,3.0,1.0,10.0,6.0,9.0,8.0,8.0,9.0,8.0,4.0,9.0,4.0,2.0,8.0,2.0,3.0,,4.0,1.0,8.0,5.0,4.0,4.0,8.0,7.0,10.0,6.0,,2.0,3.0,2.0,5.0,8.0,9.0,3.0,2.0,2.0,1.0,10.0,8.0,3,8.0,10,1
2006-04-18,53663,,11,1,4911.0,90274810,UIL,U I L HOLDINGS CORP,UIL,221119.0,N,A,R,21819,1,4931.0,90274810.0,,,49.0,493.0,,,,,,,52.54,0.025972,14721.0,1.666667,51.22,773441.34,UIL,8.0,10.0,1.0,,6.0,10,10.0,1.0,5.0,7.0,9.0,3.0,1.0,10.0,6.0,9.0,8.0,8.0,9.0,8.0,4.0,9.0,4.0,2.0,8.0,2.0,3.0,,4.0,1.0,8.0,5.0,4.0,4.0,8.0,7.0,10.0,6.0,,2.0,3.0,2.0,5.0,8.0,9.0,3.0,2.0,2.0,1.0,10.0,8.0,3,8.0,10,1
2006-04-19,53663,,11,1,4911.0,90274810,UIL,U I L HOLDINGS CORP,UIL,221119.0,N,A,R,21819,1,4931.0,90274810.0,,,49.0,493.0,,,,,,,52.86,0.006091,14721.0,1.666667,52.29,778152.06,UIL,8.0,10.0,1.0,,6.0,10,10.0,1.0,5.0,7.0,9.0,3.0,1.0,10.0,6.0,9.0,8.0,8.0,9.0,8.0,4.0,9.0,4.0,2.0,8.0,2.0,3.0,,4.0,1.0,8.0,5.0,4.0,4.0,8.0,7.0,10.0,6.0,,2.0,3.0,2.0,5.0,8.0,9.0,3.0,2.0,2.0,1.0,10.0,8.0,3,8.0,10,1
2006-04-20,53663,,11,1,4911.0,90274810,UIL,U I L HOLDINGS CORP,UIL,221119.0,N,A,R,21819,1,4931.0,90274810.0,,,49.0,493.0,,,,,,,52.9,0.000757,14721.0,1.666667,52.86,778740.9,UIL,8.0,10.0,1.0,,6.0,10,10.0,1.0,5.0,7.0,9.0,3.0,1.0,10.0,6.0,9.0,8.0,8.0,9.0,8.0,4.0,9.0,4.0,2.0,8.0,2.0,3.0,,4.0,1.0,8.0,5.0,4.0,4.0,8.0,7.0,10.0,6.0,,2.0,3.0,2.0,5.0,8.0,9.0,3.0,2.0,2.0,1.0,10.0,8.0,3,8.0,10,1
2006-04-21,53663,,11,1,4911.0,90274810,UIL,U I L HOLDINGS CORP,UIL,221119.0,N,A,R,21819,1,4931.0,90274810.0,,,49.0,493.0,,,,,,,52.69,-0.00397,14721.0,1.666667,53.3,775649.49,UIL,8.0,10.0,1.0,,6.0,10,10.0,1.0,5.0,7.0,9.0,3.0,1.0,10.0,6.0,9.0,8.0,8.0,9.0,8.0,4.0,9.0,4.0,2.0,8.0,2.0,3.0,,4.0,1.0,8.0,5.0,4.0,4.0,8.0,7.0,10.0,6.0,,2.0,3.0,2.0,5.0,8.0,9.0,3.0,2.0,2.0,1.0,10.0,8.0,3,8.0,10,1
2006-04-24,53663,,11,1,4911.0,90274810,UIL,U I L HOLDINGS CORP,UIL,221119.0,N,A,R,21819,1,4931.0,90274810.0,,,49.0,493.0,,,,,,,52.21,-0.00911,14721.0,1.666667,52.0,768583.41,UIL,8.0,10.0,1.0,,6.0,10,10.0,1.0,5.0,7.0,9.0,3.0,1.0,10.0,6.0,9.0,8.0,8.0,9.0,8.0,4.0,9.0,4.0,2.0,8.0,2.0,3.0,,4.0,1.0,8.0,5.0,4.0,4.0,8.0,7.0,10.0,6.0,,2.0,3.0,2.0,5.0,8.0,9.0,3.0,2.0,2.0,1.0,10.0,8.0,3,8.0,10,1
2006-04-25,53663,,11,1,4911.0,90274810,UIL,U I L HOLDINGS CORP,UIL,221119.0,N,A,R,21819,1,4931.0,90274810.0,,,49.0,493.0,,,,,,,52.12,-0.001724,14721.0,1.666667,52.21,767258.52,UIL,8.0,10.0,1.0,,6.0,10,10.0,1.0,5.0,7.0,9.0,3.0,1.0,10.0,6.0,9.0,8.0,8.0,9.0,8.0,4.0,9.0,4.0,2.0,8.0,2.0,3.0,,4.0,1.0,8.0,5.0,4.0,4.0,8.0,7.0,10.0,6.0,,2.0,3.0,2.0,5.0,8.0,9.0,3.0,2.0,2.0,1.0,10.0,8.0,3,8.0,10,1
2006-04-26,53663,,11,1,4911.0,90274810,UIL,U I L HOLDINGS CORP,UIL,221119.0,N,A,R,21819,1,4931.0,90274810.0,,,49.0,493.0,,,,,,,53.39,0.024367,14721.0,1.666667,53.0,785954.19,UIL,8.0,10.0,1.0,,6.0,10,10.0,1.0,5.0,7.0,9.0,3.0,1.0,10.0,6.0,9.0,8.0,8.0,9.0,8.0,4.0,9.0,4.0,2.0,8.0,2.0,3.0,,4.0,1.0,8.0,5.0,4.0,4.0,8.0,7.0,10.0,6.0,,2.0,3.0,2.0,5.0,8.0,9.0,3.0,2.0,2.0,1.0,10.0,8.0,3,8.0,10,1
2006-04-27,53663,,11,1,4911.0,90274810,UIL,U I L HOLDINGS CORP,UIL,221119.0,N,A,R,21819,1,4931.0,90274810.0,,,49.0,493.0,,,,,,,55.1,0.032028,14721.0,1.666667,53.39,811127.1,UIL,8.0,10.0,1.0,,6.0,10,10.0,1.0,5.0,7.0,9.0,3.0,1.0,10.0,6.0,9.0,8.0,8.0,9.0,8.0,4.0,9.0,4.0,2.0,8.0,2.0,3.0,,4.0,1.0,8.0,5.0,4.0,4.0,8.0,7.0,10.0,6.0,,2.0,3.0,2.0,5.0,8.0,9.0,3.0,2.0,2.0,1.0,10.0,8.0,3,8.0,10,1
2006-04-28,53663,,11,1,4911.0,90274810,UIL,U I L HOLDINGS CORP,UIL,221119.0,N,A,R,21819,1,4931.0,90274810.0,,,49.0,493.0,,,,,,,55.55,0.008167,14721.0,1.666667,55.1,817751.55,UIL,8.0,10.0,1.0,,6.0,10,10.0,1.0,5.0,7.0,9.0,3.0,1.0,10.0,6.0,9.0,8.0,8.0,9.0,8.0,4.0,9.0,4.0,2.0,8.0,2.0,3.0,,4.0,1.0,8.0,5.0,4.0,4.0,8.0,7.0,10.0,6.0,,2.0,3.0,2.0,5.0,8.0,9.0,3.0,2.0,2.0,1.0,10.0,8.0,3,8.0,10,1
2006-05-01,53663,,11,1,4911.0,90274810,UIL,U I L HOLDINGS CORP,UIL,221119.0,N,A,R,21819,1,4931.0,90274810.0,,,49.0,493.0,,,,,,,55.58,0.00054,14721.0,1.666667,55.74,818193.18,UIL,8.0,10.0,1.0,,6.0,10,10.0,1.0,5.0,7.0,9.0,3.0,1.0,10.0,6.0,9.0,8.0,8.0,9.0,8.0,4.0,9.0,4.0,2.0,8.0,2.0,3.0,,4.0,1.0,8.0,5.0,4.0,4.0,7.0,6.0,10.0,6.0,,4.0,3.0,2.0,3.0,8.0,9.0,6.0,3.0,2.0,1.0,9.0,9.0,3,7.0,10,1
2006-05-02,53663,,11,1,4911.0,90274810,UIL,U I L HOLDINGS CORP,UIL,221119.0,N,A,R,21819,1,4931.0,90274810.0,,,49.0,493.0,,,,,,,54.9,-0.012235,14721.0,1.666667,55.58,808182.9,UIL,8.0,10.0,1.0,,6.0,10,10.0,1.0,5.0,7.0,9.0,3.0,1.0,10.0,6.0,9.0,8.0,8.0,9.0,8.0,4.0,9.0,4.0,2.0,8.0,2.0,3.0,,4.0,1.0,8.0,5.0,4.0,4.0,7.0,6.0,10.0,6.0,,4.0,3.0,2.0,3.0,8.0,9.0,6.0,3.0,2.0,1.0,9.0,9.0,3,7.0,10,1
2006-05-03,53663,,11,1,4911.0,90274810,UIL,U I L HOLDINGS CORP,UIL,221119.0,N,A,R,21819,1,4931.0,90274810.0,,,49.0,493.0,,,,,,,54.35,-0.010018,14721.0,1.666667,54.7,800086.35,UIL,8.0,10.0,1.0,,6.0,10,10.0,1.0,5.0,7.0,9.0,3.0,1.0,10.0,6.0,9.0,8.0,8.0,9.0,8.0,4.0,9.0,4.0,2.0,8.0,2.0,3.0,,4.0,1.0,8.0,5.0,4.0,4.0,7.0,6.0,10.0,6.0,,4.0,3.0,2.0,3.0,8.0,9.0,6.0,3.0,2.0,1.0,9.0,9.0,3,7.0,10,1
2006-05-04,53663,,11,1,4911.0,90274810,UIL,U I L HOLDINGS CORP,UIL,221119.0,N,A,R,21819,1,4931.0,90274810.0,,,49.0,493.0,,,,,,,55.41,0.019503,14721.0,1.666667,54.35,815690.61,UIL,8.0,10.0,1.0,,6.0,10,10.0,1.0,5.0,7.0,9.0,3.0,1.0,10.0,6.0,9.0,8.0,8.0,9.0,8.0,4.0,9.0,4.0,2.0,8.0,2.0,3.0,,4.0,1.0,8.0,5.0,4.0,4.0,7.0,6.0,10.0,6.0,,4.0,3.0,2.0,3.0,8.0,9.0,6.0,3.0,2.0,1.0,9.0,9.0,3,7.0,10,1
2006-05-05,53663,,11,1,4911.0,90274810,UIL,U I L HOLDINGS CORP,UIL,221119.0,N,A,R,21819,1,4931.0,90274810.0,,,49.0,493.0,,,,,,,56.71,0.023461,14721.0,1.666667,55.99,834827.91,UIL,8.0,10.0,1.0,,6.0,10,10.0,1.0,5.0,7.0,9.0,3.0,1.0,10.0,6.0,9.0,8.0,8.0,9.0,8.0,4.0,9.0,4.0,2.0,8.0,2.0,3.0,,4.0,1.0,8.0,5.0,4.0,4.0,7.0,6.0,10.0,6.0,,4.0,3.0,2.0,3.0,8.0,9.0,6.0,3.0,2.0,1.0,9.0,9.0,3,7.0,10,1
2006-05-08,53663,,11,1,4911.0,90274810,UIL,U I L HOLDINGS CORP,UIL,221119.0,N,A,R,21819,1,4931.0,90274810.0,,,49.0,493.0,,,,,,,56.34,-0.006524,14721.0,1.666667,56.5,829381.14,UIL,8.0,10.0,1.0,,6.0,10,10.0,1.0,5.0,7.0,9.0,3.0,1.0,10.0,6.0,9.0,8.0,8.0,9.0,8.0,4.0,9.0,4.0,2.0,8.0,2.0,3.0,,4.0,1.0,8.0,5.0,4.0,4.0,7.0,6.0,10.0,6.0,,4.0,3.0,2.0,3.0,8.0,9.0,6.0,3.0,2.0,1.0,9.0,9.0,3,7.0,10,1
2006-05-09,53663,,11,1,4911.0,90274810,UIL,U I L HOLDINGS CORP,UIL,221119.0,N,A,R,21819,1,4931.0,90274810.0,,,49.0,493.0,,,,,,,55.42,-0.016329,14721.0,1.666667,56.34,815837.82,UIL,8.0,10.0,1.0,,6.0,10,10.0,1.0,5.0,7.0,9.0,3.0,1.0,10.0,6.0,9.0,8.0,8.0,9.0,8.0,4.0,9.0,4.0,2.0,8.0,2.0,3.0,,4.0,1.0,8.0,5.0,4.0,4.0,7.0,6.0,10.0,6.0,,4.0,3.0,2.0,3.0,8.0,9.0,6.0,3.0,2.0,1.0,9.0,9.0,3,7.0,10,1
2006-05-10,53663,,11,1,4911.0,90274810,UIL,U I L HOLDINGS CORP,UIL,221119.0,N,A,R,21819,1,4931.0,90274810.0,,,49.0,493.0,,,,,,,55.2,-0.00397,14721.0,1.666667,55.17,812599.2,UIL,8.0,10.0,1.0,,6.0,10,10.0,1.0,5.0,7.0,9.0,3.0,1.0,10.0,6.0,9.0,8.0,8.0,9.0,8.0,4.0,9.0,4.0,2.0,8.0,2.0,3.0,,4.0,1.0,8.0,5.0,4.0,4.0,7.0,6.0,10.0,6.0,,4.0,3.0,2.0,3.0,8.0,9.0,6.0,3.0,2.0,1.0,9.0,9.0,3,7.0,10,1
2006-05-11,53663,,11,1,4911.0,90274810,UIL,U I L HOLDINGS CORP,UIL,221119.0,N,A,R,21819,1,4931.0,90274810.0,,,49.0,493.0,,,,,,,54.9,-0.005435,14721.0,1.666667,54.95,808182.9,UIL,8.0,10.0,1.0,,6.0,10,10.0,1.0,5.0,7.0,9.0,3.0,1.0,10.0,6.0,9.0,8.0,8.0,9.0,8.0,4.0,9.0,4.0,2.0,8.0,2.0,3.0,,4.0,1.0,8.0,5.0,4.0,4.0,7.0,6.0,10.0,6.0,,4.0,3.0,2.0,3.0,8.0,9.0,6.0,3.0,2.0,1.0,9.0,9.0,3,7.0,10,1
2006-05-12,53663,,11,1,4911.0,90274810,UIL,U I L HOLDINGS CORP,UIL,221119.0,N,A,R,21819,1,4931.0,90274810.0,,,49.0,493.0,,,,,,,55.6,0.01275,14721.0,1.666667,54.9,818487.6,UIL,8.0,10.0,1.0,,6.0,10,10.0,1.0,5.0,7.0,9.0,3.0,1.0,10.0,6.0,9.0,8.0,8.0,9.0,8.0,4.0,9.0,4.0,2.0,8.0,2.0,3.0,,4.0,1.0,8.0,5.0,4.0,4.0,7.0,6.0,10.0,6.0,,4.0,3.0,2.0,3.0,8.0,9.0,6.0,3.0,2.0,1.0,9.0,9.0,3,7.0,10,1
2006-05-15,53663,,11,1,4911.0,90274810,UIL,U I L HOLDINGS CORP,UIL,221119.0,N,A,R,21819,1,4931.0,90274810.0,,,49.0,493.0,,,,,,,55.89,0.005216,14721.0,1.666667,55.4,822756.69,UIL,8.0,10.0,1.0,,6.0,10,10.0,1.0,5.0,7.0,9.0,3.0,1.0,10.0,6.0,9.0,8.0,8.0,9.0,8.0,4.0,9.0,4.0,2.0,8.0,2.0,3.0,,4.0,1.0,8.0,5.0,4.0,4.0,7.0,6.0,10.0,6.0,,4.0,3.0,2.0,3.0,8.0,9.0,6.0,3.0,2.0,1.0,9.0,9.0,3,7.0,10,1
2006-05-16,53663,,11,1,4911.0,90274810,UIL,U I L HOLDINGS CORP,UIL,221119.0,N,A,R,21819,1,4931.0,90274810.0,,,49.0,493.0,,,,,,,55.64,-0.004473,14721.0,1.666667,55.77,819076.44,UIL,8.0,10.0,1.0,,6.0,10,10.0,1.0,5.0,7.0,9.0,3.0,1.0,10.0,6.0,9.0,8.0,8.0,9.0,8.0,4.0,9.0,4.0,2.0,8.0,2.0,3.0,,4.0,1.0,8.0,5.0,4.0,4.0,7.0,6.0,10.0,6.0,,4.0,3.0,2.0,3.0,8.0,9.0,6.0,3.0,2.0,1.0,9.0,9.0,3,7.0,10,1
2006-05-17,53663,,11,1,4911.0,90274810,UIL,U I L HOLDINGS CORP,UIL,221119.0,N,A,R,21819,1,4931.0,90274810.0,,,49.0,493.0,,,,,,,54.7,-0.016894,14721.0,1.666667,55.4,805238.7,UIL,8.0,10.0,1.0,,6.0,10,10.0,1.0,5.0,7.0,9.0,3.0,1.0,10.0,6.0,9.0,8.0,8.0,9.0,8.0,4.0,9.0,4.0,2.0,8.0,2.0,3.0,,4.0,1.0,8.0,5.0,4.0,4.0,7.0,6.0,10.0,6.0,,4.0,3.0,2.0,3.0,8.0,9.0,6.0,3.0,2.0,1.0,9.0,9.0,3,7.0,10,1
2006-05-18,53663,,11,1,4911.0,90274810,UIL,U I L HOLDINGS CORP,UIL,221119.0,N,A,R,21819,1,4931.0,90274810.0,,,49.0,493.0,,,,,,,54.54,-0.002925,14721.0,1.666667,54.62,802883.34,UIL,8.0,10.0,1.0,,6.0,10,10.0,1.0,5.0,7.0,9.0,3.0,1.0,10.0,6.0,9.0,8.0,8.0,9.0,8.0,4.0,9.0,4.0,2.0,8.0,2.0,3.0,,4.0,1.0,8.0,5.0,4.0,4.0,7.0,6.0,10.0,6.0,,4.0,3.0,2.0,3.0,8.0,9.0,6.0,3.0,2.0,1.0,9.0,9.0,3,7.0,10,1
2006-05-19,53663,,11,1,4911.0,90274810,UIL,U I L HOLDINGS CORP,UIL,221119.0,N,A,R,21819,1,4931.0,90274810.0,,,49.0,493.0,,,,,,,54.67,0.002384,14721.0,1.666667,54.4,804797.07,UIL,8.0,10.0,1.0,,6.0,10,10.0,1.0,5.0,7.0,9.0,3.0,1.0,10.0,6.0,9.0,8.0,8.0,9.0,8.0,4.0,9.0,4.0,2.0,8.0,2.0,3.0,,4.0,1.0,8.0,5.0,4.0,4.0,7.0,6.0,10.0,6.0,,4.0,3.0,2.0,3.0,8.0,9.0,6.0,3.0,2.0,1.0,9.0,9.0,3,7.0,10,1
2006-05-22,53663,,11,1,4911.0,90274810,UIL,U I L HOLDINGS CORP,UIL,221119.0,N,A,R,21819,1,4931.0,90274810.0,,,49.0,493.0,,,,,,,55.06,0.007134,14721.0,1.666667,54.42,810538.26,UIL,8.0,10.0,1.0,,6.0,10,10.0,1.0,5.0,7.0,9.0,3.0,1.0,10.0,6.0,9.0,8.0,8.0,9.0,8.0,4.0,9.0,4.0,2.0,8.0,2.0,3.0,,4.0,1.0,8.0,5.0,4.0,4.0,7.0,6.0,10.0,6.0,,4.0,3.0,2.0,3.0,8.0,9.0,6.0,3.0,2.0,1.0,9.0,9.0,3,7.0,10,1
2006-05-23,53663,,11,1,4911.0,90274810,UIL,U I L HOLDINGS CORP,UIL,221119.0,N,A,R,21819,1,4931.0,90274810.0,,,49.0,493.0,,,,,,,54.43,-0.011442,14721.0,1.666667,55.31,801264.03,UIL,8.0,10.0,1.0,,6.0,10,10.0,1.0,5.0,7.0,9.0,3.0,1.0,10.0,6.0,9.0,8.0,8.0,9.0,8.0,4.0,9.0,4.0,2.0,8.0,2.0,3.0,,4.0,1.0,8.0,5.0,4.0,4.0,7.0,6.0,10.0,6.0,,4.0,3.0,2.0,3.0,8.0,9.0,6.0,3.0,2.0,1.0,9.0,9.0,3,7.0,10,1
2006-05-24,53663,,11,1,4911.0,90274810,UIL,U I L HOLDINGS CORP,UIL,221119.0,N,A,R,21819,1,4931.0,90274810.0,,,49.0,493.0,,,,,,,54.05,-0.006981,14721.0,1.666667,54.45,795670.05,UIL,8.0,10.0,1.0,,6.0,10,10.0,1.0,5.0,7.0,9.0,3.0,1.0,10.0,6.0,9.0,8.0,8.0,9.0,8.0,4.0,9.0,4.0,2.0,8.0,2.0,3.0,,4.0,1.0,8.0,5.0,4.0,4.0,7.0,6.0,10.0,6.0,,4.0,3.0,2.0,3.0,8.0,9.0,6.0,3.0,2.0,1.0,9.0,9.0,3,7.0,10,1
2006-05-25,53663,,11,1,4911.0,90274810,UIL,U I L HOLDINGS CORP,UIL,221119.0,N,A,R,21819,1,4931.0,90274810.0,,,49.0,493.0,,,,,,,54.81,0.014061,14721.0,1.666667,54.3,806858.01,UIL,8.0,10.0,1.0,,6.0,10,10.0,1.0,5.0,7.0,9.0,3.0,1.0,10.0,6.0,9.0,8.0,8.0,9.0,8.0,4.0,9.0,4.0,2.0,8.0,2.0,3.0,,4.0,1.0,8.0,5.0,4.0,4.0,7.0,6.0,10.0,6.0,,4.0,3.0,2.0,3.0,8.0,9.0,6.0,3.0,2.0,1.0,9.0,9.0,3,7.0,10,1
2006-05-26,53663,,11,1,4911.0,90274810,UIL,U I L HOLDINGS CORP,UIL,221119.0,N,A,R,21819,1,4931.0,90274810.0,,,49.0,493.0,,,,,,,55.46,0.011859,14721.0,1.666667,55.06,816426.66,UIL,8.0,10.0,1.0,,6.0,10,10.0,1.0,5.0,7.0,9.0,3.0,1.0,10.0,6.0,9.0,8.0,8.0,9.0,8.0,4.0,9.0,4.0,2.0,8.0,2.0,3.0,,4.0,1.0,8.0,5.0,4.0,4.0,7.0,6.0,10.0,6.0,,4.0,3.0,2.0,3.0,8.0,9.0,6.0,3.0,2.0,1.0,9.0,9.0,3,7.0,10,1
2006-05-30,53663,,11,1,4911.0,90274810,UIL,U I L HOLDINGS CORP,UIL,221119.0,N,A,R,21819,1,4931.0,90274810.0,,,49.0,493.0,,,,,,,54.99,-0.008475,14721.0,1.666667,55.47,809507.79,UIL,8.0,10.0,1.0,,6.0,10,10.0,1.0,5.0,7.0,9.0,3.0,1.0,10.0,6.0,9.0,8.0,8.0,9.0,8.0,4.0,9.0,4.0,2.0,8.0,2.0,3.0,,4.0,1.0,8.0,5.0,4.0,4.0,7.0,6.0,10.0,6.0,,4.0,3.0,2.0,3.0,8.0,9.0,6.0,3.0,2.0,1.0,9.0,9.0,3,7.0,10,1
2006-05-31,53663,,11,1,4911.0,90274810,UIL,U I L HOLDINGS CORP,UIL,221119.0,N,A,R,21819,1,4931.0,90274810.0,,,49.0,493.0,,,,,,,55.23,0.004364,14728.0,1.666667,55.2,813427.44,UIL,8.0,10.0,1.0,,6.0,10,10.0,1.0,5.0,7.0,9.0,3.0,1.0,10.0,6.0,9.0,8.0,8.0,9.0,8.0,4.0,9.0,4.0,2.0,8.0,2.0,3.0,,4.0,1.0,8.0,5.0,4.0,4.0,7.0,6.0,10.0,6.0,,4.0,3.0,2.0,3.0,8.0,9.0,6.0,3.0,2.0,1.0,9.0,9.0,3,7.0,10,1
2006-06-01,53663,,11,1,4911.0,90274810,UIL,U I L HOLDINGS CORP,UIL,221119.0,N,A,R,21819,1,4931.0,90274810.0,,,49.0,493.0,,,,,,,55.72,0.008872,14728.0,1.666667,55.37,820644.16,UIL,8.0,10.0,1.0,,6.0,10,10.0,1.0,5.0,7.0,9.0,3.0,1.0,10.0,6.0,9.0,8.0,8.0,9.0,8.0,4.0,9.0,4.0,2.0,8.0,2.0,3.0,,6.0,5.0,9.0,6.0,4.0,5.0,6.0,6.0,10.0,6.0,,4.0,9.0,4.0,4.0,8.0,9.0,7.0,7.0,7.0,6.0,10.0,9.0,3,6.0,10,1
2006-06-02,53663,,11,1,4911.0,90274810,UIL,U I L HOLDINGS CORP,UIL,221119.0,N,A,R,21819,1,4931.0,90274810.0,,,49.0,493.0,1232.0,0.72,0.0,,,,56.0,0.017947,14728.0,1.666667,55.5,824768.0,UIL,8.0,10.0,1.0,,6.0,10,10.0,1.0,5.0,7.0,9.0,3.0,1.0,10.0,6.0,9.0,8.0,8.0,9.0,8.0,4.0,9.0,4.0,2.0,8.0,2.0,3.0,,6.0,5.0,9.0,6.0,4.0,5.0,6.0,6.0,10.0,6.0,,4.0,9.0,4.0,4.0,8.0,9.0,7.0,7.0,7.0,6.0,10.0,9.0,3,6.0,10,1
2006-06-05,53663,,11,1,4911.0,90274810,UIL,U I L HOLDINGS CORP,UIL,221119.0,N,A,R,21819,1,4931.0,90274810.0,,,49.0,493.0,,,,,,,54.52,-0.026429,14728.0,1.666667,55.75,802970.56,UIL,8.0,10.0,1.0,,6.0,10,10.0,1.0,5.0,7.0,9.0,3.0,1.0,10.0,6.0,9.0,8.0,8.0,9.0,8.0,4.0,9.0,4.0,2.0,8.0,2.0,3.0,,6.0,5.0,9.0,6.0,4.0,5.0,6.0,6.0,10.0,6.0,,4.0,9.0,4.0,4.0,8.0,9.0,7.0,7.0,7.0,6.0,10.0,9.0,3,6.0,10,1
2006-06-06,53663,,11,1,4911.0,90274810,UIL,U I L HOLDINGS CORP,UIL,221119.0,N,A,R,21819,1,4931.0,90274810.0,,,49.0,493.0,,,,,,,54.72,0.003668,14728.0,1.666667,54.53,805916.16,UIL,8.0,10.0,1.0,,6.0,10,10.0,1.0,5.0,7.0,9.0,3.0,1.0,10.0,6.0,9.0,8.0,8.0,9.0,8.0,4.0,9.0,4.0,2.0,8.0,2.0,3.0,,6.0,5.0,9.0,6.0,4.0,5.0,6.0,6.0,10.0,6.0,,4.0,9.0,4.0,4.0,8.0,9.0,7.0,7.0,7.0,6.0,10.0,9.0,3,6.0,10,1
2006-06-07,53663,,11,1,4911.0,90274810,UIL,U I L HOLDINGS CORP,UIL,221119.0,N,A,R,21819,1,4931.0,90274810.0,,,49.0,493.0,,,,,,,54.62,-0.001828,14728.0,1.666667,54.92,804443.36,UIL,8.0,10.0,1.0,,6.0,10,10.0,1.0,5.0,7.0,9.0,3.0,1.0,10.0,6.0,9.0,8.0,8.0,9.0,8.0,4.0,9.0,4.0,2.0,8.0,2.0,3.0,,6.0,5.0,9.0,6.0,4.0,5.0,6.0,6.0,10.0,6.0,,4.0,9.0,4.0,4.0,8.0,9.0,7.0,7.0,7.0,6.0,10.0,9.0,3,6.0,10,1
2006-06-08,53663,,11,1,4911.0,90274810,UIL,U I L HOLDINGS CORP,UIL,221119.0,N,A,R,21819,1,4931.0,90274810.0,,,49.0,493.0,,,,,,,55.63,0.018491,14728.0,1.666667,54.42,819318.64,UIL,8.0,10.0,1.0,,6.0,10,10.0,1.0,5.0,7.0,9.0,3.0,1.0,10.0,6.0,9.0,8.0,8.0,9.0,8.0,4.0,9.0,4.0,2.0,8.0,2.0,3.0,,6.0,5.0,9.0,6.0,4.0,5.0,6.0,6.0,10.0,6.0,,4.0,9.0,4.0,4.0,8.0,9.0,7.0,7.0,7.0,6.0,10.0,9.0,3,6.0,10,1
2006-06-09,53663,,11,1,4911.0,90274810,UIL,U I L HOLDINGS CORP,UIL,221119.0,N,A,R,21819,1,4931.0,90274810.0,,,49.0,493.0,,,,,,,55.2,-0.00773,14728.0,1.666667,55.38,812985.6,UIL,8.0,10.0,1.0,,6.0,10,10.0,1.0,5.0,7.0,9.0,3.0,1.0,10.0,6.0,9.0,8.0,8.0,9.0,8.0,4.0,9.0,4.0,2.0,8.0,2.0,3.0,,6.0,5.0,9.0,6.0,4.0,5.0,6.0,6.0,10.0,6.0,,4.0,9.0,4.0,4.0,8.0,9.0,7.0,7.0,7.0,6.0,10.0,9.0,3,6.0,10,1
2006-06-12,53663,,11,1,4911.0,90274810,UIL,U I L HOLDINGS CORP,UIL,221119.0,N,A,R,21819,1,4931.0,90274810.0,,,49.0,493.0,,,,,,,54.77,-0.00779,14728.0,1.666667,55.13,806652.56,UIL,8.0,10.0,1.0,,6.0,10,10.0,1.0,5.0,7.0,9.0,3.0,1.0,10.0,6.0,9.0,8.0,8.0,9.0,8.0,4.0,9.0,4.0,2.0,8.0,2.0,3.0,,6.0,5.0,9.0,6.0,4.0,5.0,6.0,6.0,10.0,6.0,,4.0,9.0,4.0,4.0,8.0,9.0,7.0,7.0,7.0,6.0,10.0,9.0,3,6.0,10,1
2006-06-13,53663,,11,1,4911.0,90274810,UIL,U I L HOLDINGS CORP,UIL,221119.0,N,A,R,21819,1,4931.0,90274810.0,,,49.0,493.0,,,,,,,54.83,0.001096,14728.0,1.666667,54.77,807536.24,UIL,8.0,10.0,1.0,,6.0,10,10.0,1.0,5.0,7.0,9.0,3.0,1.0,10.0,6.0,9.0,8.0,8.0,9.0,8.0,4.0,9.0,4.0,2.0,8.0,2.0,3.0,,6.0,5.0,9.0,6.0,4.0,5.0,6.0,6.0,10.0,6.0,,4.0,9.0,4.0,4.0,8.0,9.0,7.0,7.0,7.0,6.0,10.0,9.0,3,6.0,10,1
2006-06-14,53663,,11,1,4911.0,90274810,UIL,U I L HOLDINGS CORP,UIL,221119.0,N,A,R,21819,1,4931.0,90274810.0,,,49.0,493.0,,,,,,,54.35,-0.008754,14728.0,1.666667,54.7,800466.8,UIL,8.0,10.0,1.0,,6.0,10,10.0,1.0,5.0,7.0,9.0,3.0,1.0,10.0,6.0,9.0,8.0,8.0,9.0,8.0,4.0,9.0,4.0,2.0,8.0,2.0,3.0,,6.0,5.0,9.0,6.0,4.0,5.0,6.0,6.0,10.0,6.0,,4.0,9.0,4.0,4.0,8.0,9.0,7.0,7.0,7.0,6.0,10.0,9.0,3,6.0,10,1
2006-06-15,53663,,11,1,4911.0,90274810,UIL,U I L HOLDINGS CORP,UIL,221119.0,N,A,R,21819,1,4931.0,90274810.0,,,49.0,493.0,,,,,,,55.57,0.022447,14728.0,1.666667,54.35,818434.96,UIL,8.0,10.0,1.0,,6.0,10,10.0,1.0,5.0,7.0,9.0,3.0,1.0,10.0,6.0,9.0,8.0,8.0,9.0,8.0,4.0,9.0,4.0,2.0,8.0,2.0,3.0,,6.0,5.0,9.0,6.0,4.0,5.0,6.0,6.0,10.0,6.0,,4.0,9.0,4.0,4.0,8.0,9.0,7.0,7.0,7.0,6.0,10.0,9.0,3,6.0,10,1
2006-06-16,53663,,11,1,4911.0,90274810,UIL,U I L HOLDINGS CORP,UIL,221119.0,N,A,R,21819,1,4931.0,90274810.0,,,49.0,493.0,,,,,,,55.19,-0.006838,14728.0,1.666667,55.58,812838.32,UIL,8.0,10.0,1.0,,6.0,10,10.0,1.0,5.0,7.0,9.0,3.0,1.0,10.0,6.0,9.0,8.0,8.0,9.0,8.0,4.0,9.0,4.0,2.0,8.0,2.0,3.0,,6.0,5.0,9.0,6.0,4.0,5.0,6.0,6.0,10.0,6.0,,4.0,9.0,4.0,4.0,8.0,9.0,7.0,7.0,7.0,6.0,10.0,9.0,3,6.0,10,1
2006-06-19,53663,,11,1,4911.0,90274810,UIL,U I L HOLDINGS CORP,UIL,221119.0,N,A,R,21819,1,4931.0,90274810.0,,,49.0,493.0,,,,,,,54.23,-0.017394,14728.0,1.666667,55.34,798699.44,UIL,8.0,10.0,1.0,,6.0,10,10.0,1.0,5.0,7.0,9.0,3.0,1.0,10.0,6.0,9.0,8.0,8.0,9.0,8.0,4.0,9.0,4.0,2.0,8.0,2.0,3.0,,6.0,5.0,9.0,6.0,4.0,5.0,6.0,6.0,10.0,6.0,,4.0,9.0,4.0,4.0,8.0,9.0,7.0,7.0,7.0,6.0,10.0,9.0,3,6.0,10,1
2006-06-20,53663,,11,1,4911.0,90274810,UIL,U I L HOLDINGS CORP,UIL,221119.0,N,A,R,21819,1,4931.0,90274810.0,,,49.0,493.0,,,,,,,54.36,0.002397,14728.0,1.666667,54.36,800614.08,UIL,8.0,10.0,1.0,,6.0,10,10.0,1.0,5.0,7.0,9.0,3.0,1.0,10.0,6.0,9.0,8.0,8.0,9.0,8.0,4.0,9.0,4.0,2.0,8.0,2.0,3.0,,6.0,5.0,9.0,6.0,4.0,5.0,6.0,6.0,10.0,6.0,,4.0,9.0,4.0,4.0,8.0,9.0,7.0,7.0,7.0,6.0,10.0,9.0,3,6.0,10,1
2006-06-21,53663,,11,1,4911.0,90274810,UIL,U I L HOLDINGS CORP,UIL,221119.0,N,A,R,21819,1,4931.0,90274810.0,,,49.0,493.0,,,,,,,54.7,0.006255,14728.0,1.666667,54.3,805621.6,UIL,8.0,10.0,1.0,,6.0,10,10.0,1.0,5.0,7.0,9.0,3.0,1.0,10.0,6.0,9.0,8.0,8.0,9.0,8.0,4.0,9.0,4.0,2.0,8.0,2.0,3.0,,6.0,5.0,9.0,6.0,4.0,5.0,6.0,6.0,10.0,6.0,,4.0,9.0,4.0,4.0,8.0,9.0,7.0,7.0,7.0,6.0,10.0,9.0,3,6.0,10,1
2006-06-22,53663,,11,1,4911.0,90274810,UIL,U I L HOLDINGS CORP,UIL,221119.0,N,A,R,21819,1,4931.0,90274810.0,,,49.0,493.0,,,,,,,54.82,0.002194,14728.0,1.666667,54.53,807388.96,UIL,8.0,10.0,1.0,,6.0,10,10.0,1.0,5.0,7.0,9.0,3.0,1.0,10.0,6.0,9.0,8.0,8.0,9.0,8.0,4.0,9.0,4.0,2.0,8.0,2.0,3.0,,6.0,5.0,9.0,6.0,4.0,5.0,6.0,6.0,10.0,6.0,,4.0,9.0,4.0,4.0,8.0,9.0,7.0,7.0,7.0,6.0,10.0,9.0,3,6.0,10,1
2006-06-23,53663,,11,1,4911.0,90274810,UIL,U I L HOLDINGS CORP,UIL,221119.0,N,A,R,21819,1,4931.0,90274810.0,,,49.0,493.0,,,,,,,55.27,0.008209,14728.0,1.666667,54.65,814016.56,UIL,8.0,10.0,1.0,,6.0,10,10.0,1.0,5.0,7.0,9.0,3.0,1.0,10.0,6.0,9.0,8.0,8.0,9.0,8.0,4.0,9.0,4.0,2.0,8.0,2.0,3.0,,6.0,5.0,9.0,6.0,4.0,5.0,6.0,6.0,10.0,6.0,,4.0,9.0,4.0,4.0,8.0,9.0,7.0,7.0,7.0,6.0,10.0,9.0,3,6.0,10,1
2006-06-26,53663,,11,1,4911.0,90274810,UIL,U I L HOLDINGS CORP,UIL,221119.0,N,A,R,21819,1,4931.0,90274810.0,,,49.0,493.0,,,,,,,56.2,0.016826,14728.0,1.666667,55.47,827713.6,UIL,8.0,10.0,1.0,,6.0,10,10.0,1.0,5.0,7.0,9.0,3.0,1.0,10.0,6.0,9.0,8.0,8.0,9.0,8.0,4.0,9.0,4.0,2.0,8.0,2.0,3.0,,6.0,5.0,9.0,6.0,4.0,5.0,6.0,6.0,10.0,6.0,,4.0,9.0,4.0,4.0,8.0,9.0,7.0,7.0,7.0,6.0,10.0,9.0,3,6.0,10,1
2006-06-27,53663,,11,1,4911.0,90274810,UIL,U I L HOLDINGS CORP,UIL,221119.0,N,A,R,21819,1,4931.0,90274810.0,,,49.0,493.0,,,,,,,56.03,-0.003025,14728.0,1.666667,56.07,825209.84,UIL,8.0,10.0,1.0,,6.0,10,10.0,1.0,5.0,7.0,9.0,3.0,1.0,10.0,6.0,9.0,8.0,8.0,9.0,8.0,4.0,9.0,4.0,2.0,8.0,2.0,3.0,,6.0,5.0,9.0,6.0,4.0,5.0,6.0,6.0,10.0,6.0,,4.0,9.0,4.0,4.0,8.0,9.0,7.0,7.0,7.0,6.0,10.0,9.0,3,6.0,10,1
2006-06-28,53663,,11,1,4911.0,90274810,UIL,U I L HOLDINGS CORP,UIL,221119.0,N,A,R,21819,1,4931.0,90274810.0,,,49.0,493.0,,,,,,,55.69,-0.006068,14728.0,1.666667,56.28,820202.32,UIL,8.0,10.0,1.0,,6.0,10,10.0,1.0,5.0,7.0,9.0,3.0,1.0,10.0,6.0,9.0,8.0,8.0,9.0,8.0,4.0,9.0,4.0,2.0,8.0,2.0,3.0,,6.0,5.0,9.0,6.0,4.0,5.0,6.0,6.0,10.0,6.0,,4.0,9.0,4.0,4.0,8.0,9.0,7.0,7.0,7.0,6.0,10.0,9.0,3,6.0,10,1
2006-06-29,53663,,11,1,4911.0,90274810,UIL,U I L HOLDINGS CORP,UIL,221119.0,N,A,R,21819,1,4931.0,90274810.0,,,49.0,493.0,,,,,,,56.6,0.01634,14728.0,1.666667,55.94,833604.8,UIL,8.0,10.0,1.0,,6.0,10,10.0,1.0,5.0,7.0,9.0,3.0,1.0,10.0,6.0,9.0,8.0,8.0,9.0,8.0,4.0,9.0,4.0,2.0,8.0,2.0,3.0,,6.0,5.0,9.0,6.0,4.0,5.0,6.0,6.0,10.0,6.0,,4.0,9.0,4.0,4.0,8.0,9.0,7.0,7.0,7.0,6.0,10.0,9.0,3,6.0,10,1
2006-06-30,53663,20140108.0,11,1,4911.0,90274810,UIL,U I L HOLDINGS CORP,UIL,221111.0,N,A,R,21819,1,4931.0,90274810.0,,,49.0,493.0,,,,,,,56.29,-0.005477,14728.0,1.666667,56.8,829039.12,UIL,8.0,10.0,1.0,,6.0,10,10.0,1.0,5.0,7.0,9.0,3.0,1.0,10.0,6.0,9.0,8.0,8.0,9.0,8.0,4.0,9.0,4.0,2.0,8.0,2.0,3.0,,6.0,5.0,9.0,6.0,4.0,5.0,6.0,6.0,10.0,6.0,,4.0,9.0,4.0,4.0,8.0,9.0,7.0,7.0,7.0,6.0,10.0,9.0,3,6.0,10,1
2006-07-03,53663,,11,1,4911.0,90274810,UIL,U I L HOLDINGS CORP,UIL,221111.0,N,A,R,21819,1,4931.0,90274810.0,,,49.0,493.0,,,,,,,57.65,0.024161,14728.0,1.666667,56.29,849069.2,UIL,8.0,10.0,1.0,,6.0,10,1.0,1.0,6.0,2.0,7.0,3.0,1.0,10.0,4.0,9.0,7.0,6.0,9.0,6.0,6.0,9.0,3.0,2.0,9.0,2.0,2.0,,8.0,6.0,10.0,8.0,4.0,5.0,6.0,6.0,10.0,6.0,,3.0,9.0,5.0,3.0,9.0,9.0,1.0,5.0,4.0,5.0,10.0,9.0,3,9.0,10,1
2006-07-05,53663,,11,1,4911.0,90274810,UIL,U I L HOLDINGS CORP,UIL,221111.0,N,A,R,21819,1,4931.0,90274810.0,,,49.0,493.0,5523.0,0.0,0.66667,,,,33.94,-0.018792,24547.0,1.0,34.59,833125.18,UIL,8.0,10.0,1.0,,6.0,10,1.0,1.0,6.0,2.0,7.0,3.0,1.0,10.0,4.0,9.0,7.0,6.0,9.0,6.0,6.0,9.0,3.0,2.0,9.0,2.0,2.0,,8.0,6.0,10.0,8.0,4.0,5.0,6.0,6.0,10.0,6.0,,3.0,9.0,5.0,3.0,9.0,9.0,1.0,5.0,4.0,5.0,10.0,9.0,3,9.0,10,1
2006-07-06,53663,,11,1,4911.0,90274810,UIL,U I L HOLDINGS CORP,UIL,221111.0,N,A,R,21819,1,4931.0,90274810.0,,,49.0,493.0,,,,,,,34.0,0.001768,24547.0,1.0,33.9,834598.0,UIL,8.0,10.0,1.0,,6.0,10,1.0,1.0,6.0,2.0,7.0,3.0,1.0,10.0,4.0,9.0,7.0,6.0,9.0,6.0,6.0,9.0,3.0,2.0,9.0,2.0,2.0,,8.0,6.0,10.0,8.0,4.0,5.0,6.0,6.0,10.0,6.0,,3.0,9.0,5.0,3.0,9.0,9.0,1.0,5.0,4.0,5.0,10.0,9.0,3,9.0,10,1
2006-07-07,53663,,11,1,4911.0,90274810,UIL,U I L HOLDINGS CORP,UIL,221111.0,N,A,R,21819,1,4931.0,90274810.0,,,49.0,493.0,,,,,,,34.2,0.005882,24547.0,1.0,33.85,839507.4,UIL,8.0,10.0,1.0,,6.0,10,1.0,1.0,6.0,2.0,7.0,3.0,1.0,10.0,4.0,9.0,7.0,6.0,9.0,6.0,6.0,9.0,3.0,2.0,9.0,2.0,2.0,,8.0,6.0,10.0,8.0,4.0,5.0,6.0,6.0,10.0,6.0,,3.0,9.0,5.0,3.0,9.0,9.0,1.0,5.0,4.0,5.0,10.0,9.0,3,9.0,10,1
2006-07-10,53663,,11,1,4911.0,90274810,UIL,U I L HOLDINGS CORP,UIL,221111.0,N,A,R,21819,1,4931.0,90274810.0,,,49.0,493.0,,,,,,,34.73,0.015497,24547.0,1.0,34.0,852517.31,UIL,8.0,10.0,1.0,,6.0,10,1.0,1.0,6.0,2.0,7.0,3.0,1.0,10.0,4.0,9.0,7.0,6.0,9.0,6.0,6.0,9.0,3.0,2.0,9.0,2.0,2.0,,8.0,6.0,10.0,8.0,4.0,5.0,6.0,6.0,10.0,6.0,,3.0,9.0,5.0,3.0,9.0,9.0,1.0,5.0,4.0,5.0,10.0,9.0,3,9.0,10,1
2006-07-11,53663,,11,1,4911.0,90274810,UIL,U I L HOLDINGS CORP,UIL,221111.0,N,A,R,21819,1,4931.0,90274810.0,,,49.0,493.0,,,,,,,35.22,0.014109,24547.0,1.0,34.59,864545.34,UIL,8.0,10.0,1.0,,6.0,10,1.0,1.0,6.0,2.0,7.0,3.0,1.0,10.0,4.0,9.0,7.0,6.0,9.0,6.0,6.0,9.0,3.0,2.0,9.0,2.0,2.0,,8.0,6.0,10.0,8.0,4.0,5.0,6.0,6.0,10.0,6.0,,3.0,9.0,5.0,3.0,9.0,9.0,1.0,5.0,4.0,5.0,10.0,9.0,3,9.0,10,1
2006-07-12,53663,,11,1,4911.0,90274810,UIL,U I L HOLDINGS CORP,UIL,221111.0,N,A,R,21819,1,4931.0,90274810.0,,,49.0,493.0,,,,,,,33.63,-0.045145,24547.0,1.0,34.39,825515.61,UIL,8.0,10.0,1.0,,6.0,10,1.0,1.0,6.0,2.0,7.0,3.0,1.0,10.0,4.0,9.0,7.0,6.0,9.0,6.0,6.0,9.0,3.0,2.0,9.0,2.0,2.0,,8.0,6.0,10.0,8.0,4.0,5.0,6.0,6.0,10.0,6.0,,3.0,9.0,5.0,3.0,9.0,9.0,1.0,5.0,4.0,5.0,10.0,9.0,3,9.0,10,1
2006-07-13,53663,,11,1,4911.0,90274810,UIL,U I L HOLDINGS CORP,UIL,221111.0,N,A,R,21819,1,4931.0,90274810.0,,,49.0,493.0,,,,,,,33.36,-0.008029,24547.0,1.0,33.5,818887.92,UIL,8.0,10.0,1.0,,6.0,10,1.0,1.0,6.0,2.0,7.0,3.0,1.0,10.0,4.0,9.0,7.0,6.0,9.0,6.0,6.0,9.0,3.0,2.0,9.0,2.0,2.0,,8.0,6.0,10.0,8.0,4.0,5.0,6.0,6.0,10.0,6.0,,3.0,9.0,5.0,3.0,9.0,9.0,1.0,5.0,4.0,5.0,10.0,9.0,3,9.0,10,1
2006-07-14,53663,,11,1,4911.0,90274810,UIL,U I L HOLDINGS CORP,UIL,221111.0,N,A,R,21819,1,4931.0,90274810.0,,,49.0,493.0,,,,,,,33.28,-0.002398,24547.0,1.0,33.22,816924.16,UIL,8.0,10.0,1.0,,6.0,10,1.0,1.0,6.0,2.0,7.0,3.0,1.0,10.0,4.0,9.0,7.0,6.0,9.0,6.0,6.0,9.0,3.0,2.0,9.0,2.0,2.0,,8.0,6.0,10.0,8.0,4.0,5.0,6.0,6.0,10.0,6.0,,3.0,9.0,5.0,3.0,9.0,9.0,1.0,5.0,4.0,5.0,10.0,9.0,3,9.0,10,1
2006-07-17,53663,,11,1,4911.0,90274810,UIL,U I L HOLDINGS CORP,UIL,221111.0,N,A,R,21819,1,4931.0,90274810.0,,,49.0,493.0,,,,,,,33.5,0.006611,24547.0,1.0,33.35,822324.5,UIL,8.0,10.0,1.0,,6.0,10,1.0,1.0,6.0,2.0,7.0,3.0,1.0,10.0,4.0,9.0,7.0,6.0,9.0,6.0,6.0,9.0,3.0,2.0,9.0,2.0,2.0,,8.0,6.0,10.0,8.0,4.0,5.0,6.0,6.0,10.0,6.0,,3.0,9.0,5.0,3.0,9.0,9.0,1.0,5.0,4.0,5.0,10.0,9.0,3,9.0,10,1
2006-07-18,53663,,11,1,4911.0,90274810,UIL,U I L HOLDINGS CORP,UIL,221111.0,N,A,R,21819,1,4931.0,90274810.0,,,49.0,493.0,,,,,,,34.04,0.016119,24547.0,1.0,33.4,835579.88,UIL,8.0,10.0,1.0,,6.0,10,1.0,1.0,6.0,2.0,7.0,3.0,1.0,10.0,4.0,9.0,7.0,6.0,9.0,6.0,6.0,9.0,3.0,2.0,9.0,2.0,2.0,,8.0,6.0,10.0,8.0,4.0,5.0,6.0,6.0,10.0,6.0,,3.0,9.0,5.0,3.0,9.0,9.0,1.0,5.0,4.0,5.0,10.0,9.0,3,9.0,10,1
2006-07-19,53663,,11,1,4911.0,90274810,UIL,U I L HOLDINGS CORP,UIL,221111.0,N,A,R,21819,1,4931.0,90274810.0,,,49.0,493.0,,,,,,,34.83,0.023208,24547.0,1.0,34.15,854972.01,UIL,8.0,10.0,1.0,,6.0,10,1.0,1.0,6.0,2.0,7.0,3.0,1.0,10.0,4.0,9.0,7.0,6.0,9.0,6.0,6.0,9.0,3.0,2.0,9.0,2.0,2.0,,8.0,6.0,10.0,8.0,4.0,5.0,6.0,6.0,10.0,6.0,,3.0,9.0,5.0,3.0,9.0,9.0,1.0,5.0,4.0,5.0,10.0,9.0,3,9.0,10,1
2006-07-20,53663,,11,1,4911.0,90274810,UIL,U I L HOLDINGS CORP,UIL,221111.0,N,A,R,21819,1,4931.0,90274810.0,,,49.0,493.0,,,,,,,34.89,0.001723,24547.0,1.0,34.93,856444.83,UIL,8.0,10.0,1.0,,6.0,10,1.0,1.0,6.0,2.0,7.0,3.0,1.0,10.0,4.0,9.0,7.0,6.0,9.0,6.0,6.0,9.0,3.0,2.0,9.0,2.0,2.0,,8.0,6.0,10.0,8.0,4.0,5.0,6.0,6.0,10.0,6.0,,3.0,9.0,5.0,3.0,9.0,9.0,1.0,5.0,4.0,5.0,10.0,9.0,3,9.0,10,1
2006-07-21,53663,,11,1,4911.0,90274810,UIL,U I L HOLDINGS CORP,UIL,221111.0,N,A,R,21819,1,4931.0,90274810.0,,,49.0,493.0,,,,,,,34.53,-0.010318,24547.0,1.0,34.9,847607.91,UIL,8.0,10.0,1.0,,6.0,10,1.0,1.0,6.0,2.0,7.0,3.0,1.0,10.0,4.0,9.0,7.0,6.0,9.0,6.0,6.0,9.0,3.0,2.0,9.0,2.0,2.0,,8.0,6.0,10.0,8.0,4.0,5.0,6.0,6.0,10.0,6.0,,3.0,9.0,5.0,3.0,9.0,9.0,1.0,5.0,4.0,5.0,10.0,9.0,3,9.0,10,1
2006-07-24,53663,,11,1,4911.0,90274810,UIL,U I L HOLDINGS CORP,UIL,221111.0,N,A,R,21819,1,4931.0,90274810.0,,,49.0,493.0,,,,,,,35.47,0.027223,24547.0,1.0,34.75,870682.09,UIL,8.0,10.0,1.0,,6.0,10,1.0,1.0,6.0,2.0,7.0,3.0,1.0,10.0,4.0,9.0,7.0,6.0,9.0,6.0,6.0,9.0,3.0,2.0,9.0,2.0,2.0,,8.0,6.0,10.0,8.0,4.0,5.0,6.0,6.0,10.0,6.0,,3.0,9.0,5.0,3.0,9.0,9.0,1.0,5.0,4.0,5.0,10.0,9.0,3,9.0,10,1
2006-07-25,53663,,11,1,4911.0,90274810,UIL,U I L HOLDINGS CORP,UIL,221111.0,N,A,R,21819,1,4931.0,90274810.0,,,49.0,493.0,,,,,,,35.21,-0.00733,24547.0,1.0,35.46,864299.87,UIL,8.0,10.0,1.0,,6.0,10,1.0,1.0,6.0,2.0,7.0,3.0,1.0,10.0,4.0,9.0,7.0,6.0,9.0,6.0,6.0,9.0,3.0,2.0,9.0,2.0,2.0,,8.0,6.0,10.0,8.0,4.0,5.0,6.0,6.0,10.0,6.0,,3.0,9.0,5.0,3.0,9.0,9.0,1.0,5.0,4.0,5.0,10.0,9.0,3,9.0,10,1
2006-07-26,53663,,11,1,4911.0,90274810,UIL,U I L HOLDINGS CORP,UIL,221111.0,N,A,R,21819,1,4931.0,90274810.0,,,49.0,493.0,,,,,,,35.02,-0.005396,24547.0,1.0,35.05,859635.94,UIL,8.0,10.0,1.0,,6.0,10,1.0,1.0,6.0,2.0,7.0,3.0,1.0,10.0,4.0,9.0,7.0,6.0,9.0,6.0,6.0,9.0,3.0,2.0,9.0,2.0,2.0,,8.0,6.0,10.0,8.0,4.0,5.0,6.0,6.0,10.0,6.0,,3.0,9.0,5.0,3.0,9.0,9.0,1.0,5.0,4.0,5.0,10.0,9.0,3,9.0,10,1
2006-07-27,53663,,11,1,4911.0,90274810,UIL,U I L HOLDINGS CORP,UIL,221111.0,N,A,R,21819,1,4931.0,90274810.0,,,49.0,493.0,,,,,,,34.78,-0.006853,24547.0,1.0,35.19,853744.66,UIL,8.0,10.0,1.0,,6.0,10,1.0,1.0,6.0,2.0,7.0,3.0,1.0,10.0,4.0,9.0,7.0,6.0,9.0,6.0,6.0,9.0,3.0,2.0,9.0,2.0,2.0,,8.0,6.0,10.0,8.0,4.0,5.0,6.0,6.0,10.0,6.0,,3.0,9.0,5.0,3.0,9.0,9.0,1.0,5.0,4.0,5.0,10.0,9.0,3,9.0,10,1
2006-07-28,53663,,11,1,4911.0,90274810,UIL,U I L HOLDINGS CORP,UIL,221111.0,N,A,R,21819,1,4931.0,90274810.0,,,49.0,493.0,,,,,,,35.19,0.011788,24547.0,1.0,34.85,863808.93,UIL,8.0,10.0,1.0,,6.0,10,1.0,1.0,6.0,2.0,7.0,3.0,1.0,10.0,4.0,9.0,7.0,6.0,9.0,6.0,6.0,9.0,3.0,2.0,9.0,2.0,2.0,,8.0,6.0,10.0,8.0,4.0,5.0,6.0,6.0,10.0,6.0,,3.0,9.0,5.0,3.0,9.0,9.0,1.0,5.0,4.0,5.0,10.0,9.0,3,9.0,10,1
2006-07-31,53663,,11,1,4911.0,90274810,UIL,U I L HOLDINGS CORP,UIL,221111.0,N,A,R,21819,1,4931.0,90274810.0,,,49.0,493.0,,,,,,,34.83,-0.01023,24547.0,1.0,35.03,854972.01,UIL,8.0,10.0,1.0,,6.0,10,1.0,1.0,6.0,2.0,7.0,3.0,1.0,10.0,4.0,9.0,7.0,6.0,9.0,6.0,6.0,9.0,3.0,2.0,9.0,2.0,2.0,,8.0,6.0,10.0,8.0,4.0,5.0,6.0,6.0,10.0,6.0,,3.0,9.0,5.0,3.0,9.0,9.0,1.0,5.0,4.0,5.0,10.0,9.0,3,9.0,10,1
2006-08-01,53663,,11,1,4911.0,90274810,UIL,U I L HOLDINGS CORP,UIL,221111.0,N,A,R,21819,1,4931.0,90274810.0,,,49.0,493.0,,,,,,,34.86,0.000861,24547.0,1.0,34.66,855708.42,UIL,8.0,10.0,1.0,,6.0,10,1.0,1.0,6.0,2.0,7.0,3.0,1.0,10.0,4.0,9.0,7.0,6.0,9.0,6.0,6.0,9.0,3.0,2.0,9.0,2.0,2.0,,9.0,8.0,10.0,9.0,4.0,6.0,4.0,6.0,10.0,6.0,,4.0,8.0,4.0,3.0,9.0,9.0,5.0,6.0,7.0,9.0,10.0,6.0,3,9.0,10,1
2006-08-02,53663,,11,1,4911.0,90274810,UIL,U I L HOLDINGS CORP,UIL,221111.0,N,A,R,21819,1,4931.0,90274810.0,,,49.0,493.0,,,,,,,34.48,-0.010901,24547.0,1.0,34.86,846380.56,UIL,8.0,10.0,1.0,,6.0,10,1.0,1.0,6.0,2.0,7.0,3.0,1.0,10.0,4.0,9.0,7.0,6.0,9.0,6.0,6.0,9.0,3.0,2.0,9.0,2.0,2.0,,9.0,8.0,10.0,9.0,4.0,6.0,4.0,6.0,10.0,6.0,,4.0,8.0,4.0,3.0,9.0,9.0,5.0,6.0,7.0,9.0,10.0,6.0,3,9.0,10,1
2006-08-03,53663,,11,1,4911.0,90274810,UIL,U I L HOLDINGS CORP,UIL,221111.0,N,A,R,21819,1,4931.0,90274810.0,,,49.0,493.0,,,,,,,34.82,0.009861,24547.0,1.0,34.27,854726.54,UIL,8.0,10.0,1.0,,6.0,10,1.0,1.0,6.0,2.0,7.0,3.0,1.0,10.0,4.0,9.0,7.0,6.0,9.0,6.0,6.0,9.0,3.0,2.0,9.0,2.0,2.0,,9.0,8.0,10.0,9.0,4.0,6.0,4.0,6.0,10.0,6.0,,4.0,8.0,4.0,3.0,9.0,9.0,5.0,6.0,7.0,9.0,10.0,6.0,3,9.0,10,1
2006-08-04,53663,,11,1,4911.0,90274810,UIL,U I L HOLDINGS CORP,UIL,221111.0,N,A,R,21819,1,4931.0,90274810.0,,,49.0,493.0,,,,,,,34.58,-0.006893,24547.0,1.0,35.07,848835.26,UIL,8.0,10.0,1.0,,6.0,10,1.0,1.0,6.0,2.0,7.0,3.0,1.0,10.0,4.0,9.0,7.0,6.0,9.0,6.0,6.0,9.0,3.0,2.0,9.0,2.0,2.0,,9.0,8.0,10.0,9.0,4.0,6.0,4.0,6.0,10.0,6.0,,4.0,8.0,4.0,3.0,9.0,9.0,5.0,6.0,7.0,9.0,10.0,6.0,3,9.0,10,1
2006-08-07,53663,,11,1,4911.0,90274810,UIL,U I L HOLDINGS CORP,UIL,221111.0,N,A,R,21819,1,4931.0,90274810.0,,,49.0,493.0,,,,,,,34.12,-0.013303,24547.0,1.0,34.45,837543.64,UIL,8.0,10.0,1.0,,6.0,10,1.0,1.0,6.0,2.0,7.0,3.0,1.0,10.0,4.0,9.0,7.0,6.0,9.0,6.0,6.0,9.0,3.0,2.0,9.0,2.0,2.0,,9.0,8.0,10.0,9.0,4.0,6.0,4.0,6.0,10.0,6.0,,4.0,8.0,4.0,3.0,9.0,9.0,5.0,6.0,7.0,9.0,10.0,6.0,3,9.0,10,1
2006-08-08,53663,,11,1,4911.0,90274810,UIL,U I L HOLDINGS CORP,UIL,221111.0,N,A,R,21819,1,4931.0,90274810.0,,,49.0,493.0,,,,,,,34.19,0.002052,24547.0,1.0,34.22,839261.93,UIL,8.0,10.0,1.0,,6.0,10,1.0,1.0,6.0,2.0,7.0,3.0,1.0,10.0,4.0,9.0,7.0,6.0,9.0,6.0,6.0,9.0,3.0,2.0,9.0,2.0,2.0,,9.0,8.0,10.0,9.0,4.0,6.0,4.0,6.0,10.0,6.0,,4.0,8.0,4.0,3.0,9.0,9.0,5.0,6.0,7.0,9.0,10.0,6.0,3,9.0,10,1
2006-08-09,53663,,11,1,4911.0,90274810,UIL,U I L HOLDINGS CORP,UIL,221111.0,N,A,R,21819,1,4931.0,90274810.0,,,49.0,493.0,,,,,,,34.36,0.004972,24547.0,1.0,34.4,843434.92,UIL,8.0,10.0,1.0,,6.0,10,1.0,1.0,6.0,2.0,7.0,3.0,1.0,10.0,4.0,9.0,7.0,6.0,9.0,6.0,6.0,9.0,3.0,2.0,9.0,2.0,2.0,,9.0,8.0,10.0,9.0,4.0,6.0,4.0,6.0,10.0,6.0,,4.0,8.0,4.0,3.0,9.0,9.0,5.0,6.0,7.0,9.0,10.0,6.0,3,9.0,10,1
2006-08-10,53663,,11,1,4911.0,90274810,UIL,U I L HOLDINGS CORP,UIL,221111.0,N,A,R,21819,1,4931.0,90274810.0,,,49.0,493.0,,,,,,,34.53,0.004948,24547.0,1.0,34.22,847607.91,UIL,8.0,10.0,1.0,,6.0,10,1.0,1.0,6.0,2.0,7.0,3.0,1.0,10.0,4.0,9.0,7.0,6.0,9.0,6.0,6.0,9.0,3.0,2.0,9.0,2.0,2.0,,9.0,8.0,10.0,9.0,4.0,6.0,4.0,6.0,10.0,6.0,,4.0,8.0,4.0,3.0,9.0,9.0,5.0,6.0,7.0,9.0,10.0,6.0,3,9.0,10,1
2006-08-11,53663,,11,1,4911.0,90274810,UIL,U I L HOLDINGS CORP,UIL,221111.0,N,A,R,21819,1,4931.0,90274810.0,,,49.0,493.0,,,,,,,34.2,-0.009557,24547.0,1.0,34.4,839507.4,UIL,8.0,10.0,1.0,,6.0,10,1.0,1.0,6.0,2.0,7.0,3.0,1.0,10.0,4.0,9.0,7.0,6.0,9.0,6.0,6.0,9.0,3.0,2.0,9.0,2.0,2.0,,9.0,8.0,10.0,9.0,4.0,6.0,4.0,6.0,10.0,6.0,,4.0,8.0,4.0,3.0,9.0,9.0,5.0,6.0,7.0,9.0,10.0,6.0,3,9.0,10,1
2006-08-14,53663,,11,1,4911.0,90274810,UIL,U I L HOLDINGS CORP,UIL,221111.0,N,A,R,21819,1,4931.0,90274810.0,,,49.0,493.0,,,,,,,34.59,0.011403,24547.0,1.0,34.45,849080.73,UIL,8.0,10.0,1.0,,6.0,10,1.0,1.0,6.0,2.0,7.0,3.0,1.0,10.0,4.0,9.0,7.0,6.0,9.0,6.0,6.0,9.0,3.0,2.0,9.0,2.0,2.0,,9.0,8.0,10.0,9.0,4.0,6.0,4.0,6.0,10.0,6.0,,4.0,8.0,4.0,3.0,9.0,9.0,5.0,6.0,7.0,9.0,10.0,6.0,3,9.0,10,1
2006-08-15,53663,,11,1,4911.0,90274810,UIL,U I L HOLDINGS CORP,UIL,221111.0,N,A,R,21819,1,4931.0,90274810.0,,,49.0,493.0,,,,,,,35.17,0.016768,24547.0,1.0,34.78,863317.99,UIL,8.0,10.0,1.0,,6.0,10,1.0,1.0,6.0,2.0,7.0,3.0,1.0,10.0,4.0,9.0,7.0,6.0,9.0,6.0,6.0,9.0,3.0,2.0,9.0,2.0,2.0,,9.0,8.0,10.0,9.0,4.0,6.0,4.0,6.0,10.0,6.0,,4.0,8.0,4.0,3.0,9.0,9.0,5.0,6.0,7.0,9.0,10.0,6.0,3,9.0,10,1
2006-08-16,53663,,11,1,4911.0,90274810,UIL,U I L HOLDINGS CORP,UIL,221111.0,N,A,R,21819,1,4931.0,90274810.0,,,49.0,493.0,,,,,,,35.06,-0.003128,24547.0,1.0,35.3,860617.82,UIL,8.0,10.0,1.0,,6.0,10,1.0,1.0,6.0,2.0,7.0,3.0,1.0,10.0,4.0,9.0,7.0,6.0,9.0,6.0,6.0,9.0,3.0,2.0,9.0,2.0,2.0,,9.0,8.0,10.0,9.0,4.0,6.0,4.0,6.0,10.0,6.0,,4.0,8.0,4.0,3.0,9.0,9.0,5.0,6.0,7.0,9.0,10.0,6.0,3,9.0,10,1
2006-08-17,53663,,11,1,4911.0,90274810,UIL,U I L HOLDINGS CORP,UIL,221111.0,N,A,R,21819,1,4931.0,90274810.0,,,49.0,493.0,,,,,,,34.83,-0.00656,24547.0,1.0,35.05,854972.01,UIL,8.0,10.0,1.0,,6.0,10,1.0,1.0,6.0,2.0,7.0,3.0,1.0,10.0,4.0,9.0,7.0,6.0,9.0,6.0,6.0,9.0,3.0,2.0,9.0,2.0,2.0,,9.0,8.0,10.0,9.0,4.0,6.0,4.0,6.0,10.0,6.0,,4.0,8.0,4.0,3.0,9.0,9.0,5.0,6.0,7.0,9.0,10.0,6.0,3,9.0,10,1
2006-08-18,53663,,11,1,4911.0,90274810,UIL,U I L HOLDINGS CORP,UIL,221111.0,N,A,R,21819,1,4931.0,90274810.0,,,49.0,493.0,,,,,,,34.98,0.004307,24547.0,1.0,34.9,858654.06,UIL,8.0,10.0,1.0,,6.0,10,1.0,1.0,6.0,2.0,7.0,3.0,1.0,10.0,4.0,9.0,7.0,6.0,9.0,6.0,6.0,9.0,3.0,2.0,9.0,2.0,2.0,,9.0,8.0,10.0,9.0,4.0,6.0,4.0,6.0,10.0,6.0,,4.0,8.0,4.0,3.0,9.0,9.0,5.0,6.0,7.0,9.0,10.0,6.0,3,9.0,10,1
2006-08-21,53663,,11,1,4911.0,90274810,UIL,U I L HOLDINGS CORP,UIL,221111.0,N,A,R,21819,1,4931.0,90274810.0,,,49.0,493.0,,,,,,,35.65,0.019154,24547.0,1.0,34.84,875100.55,UIL,8.0,10.0,1.0,,6.0,10,1.0,1.0,6.0,2.0,7.0,3.0,1.0,10.0,4.0,9.0,7.0,6.0,9.0,6.0,6.0,9.0,3.0,2.0,9.0,2.0,2.0,,9.0,8.0,10.0,9.0,4.0,6.0,4.0,6.0,10.0,6.0,,4.0,8.0,4.0,3.0,9.0,9.0,5.0,6.0,7.0,9.0,10.0,6.0,3,9.0,10,1
2006-08-22,53663,,11,1,4911.0,90274810,UIL,U I L HOLDINGS CORP,UIL,221111.0,N,A,R,21819,1,4931.0,90274810.0,,,49.0,493.0,,,,,,,35.99,0.009537,24547.0,1.0,35.6,883446.53,UIL,8.0,10.0,1.0,,6.0,10,1.0,1.0,6.0,2.0,7.0,3.0,1.0,10.0,4.0,9.0,7.0,6.0,9.0,6.0,6.0,9.0,3.0,2.0,9.0,2.0,2.0,,9.0,8.0,10.0,9.0,4.0,6.0,4.0,6.0,10.0,6.0,,4.0,8.0,4.0,3.0,9.0,9.0,5.0,6.0,7.0,9.0,10.0,6.0,3,9.0,10,1
2006-08-23,53663,,11,1,4911.0,90274810,UIL,U I L HOLDINGS CORP,UIL,221111.0,N,A,R,21819,1,4931.0,90274810.0,,,49.0,493.0,,,,,,,35.19,-0.022228,24547.0,1.0,36.02,863808.93,UIL,8.0,10.0,1.0,,6.0,10,1.0,1.0,6.0,2.0,7.0,3.0,1.0,10.0,4.0,9.0,7.0,6.0,9.0,6.0,6.0,9.0,3.0,2.0,9.0,2.0,2.0,,9.0,8.0,10.0,9.0,4.0,6.0,4.0,6.0,10.0,6.0,,4.0,8.0,4.0,3.0,9.0,9.0,5.0,6.0,7.0,9.0,10.0,6.0,3,9.0,10,1
2006-08-24,53663,,11,1,4911.0,90274810,UIL,U I L HOLDINGS CORP,UIL,221111.0,N,A,R,21819,1,4931.0,90274810.0,,,49.0,493.0,,,,,,,35.44,0.007104,24547.0,1.0,35.3,869945.68,UIL,8.0,10.0,1.0,,6.0,10,1.0,1.0,6.0,2.0,7.0,3.0,1.0,10.0,4.0,9.0,7.0,6.0,9.0,6.0,6.0,9.0,3.0,2.0,9.0,2.0,2.0,,9.0,8.0,10.0,9.0,4.0,6.0,4.0,6.0,10.0,6.0,,4.0,8.0,4.0,3.0,9.0,9.0,5.0,6.0,7.0,9.0,10.0,6.0,3,9.0,10,1
2006-08-25,53663,,11,1,4911.0,90274810,UIL,U I L HOLDINGS CORP,UIL,221111.0,N,A,R,21819,1,4931.0,90274810.0,,,49.0,493.0,,,,,,,35.43,-0.000282,24547.0,1.0,35.29,869700.21,UIL,8.0,10.0,1.0,,6.0,10,1.0,1.0,6.0,2.0,7.0,3.0,1.0,10.0,4.0,9.0,7.0,6.0,9.0,6.0,6.0,9.0,3.0,2.0,9.0,2.0,2.0,,9.0,8.0,10.0,9.0,4.0,6.0,4.0,6.0,10.0,6.0,,4.0,8.0,4.0,3.0,9.0,9.0,5.0,6.0,7.0,9.0,10.0,6.0,3,9.0,10,1
2006-08-28,53663,,11,1,4911.0,90274810,UIL,U I L HOLDINGS CORP,UIL,221111.0,N,A,R,21819,1,4931.0,90274810.0,,,49.0,493.0,,,,,,,35.76,0.009314,24547.0,1.0,35.3,877800.72,UIL,8.0,10.0,1.0,,6.0,10,1.0,1.0,6.0,2.0,7.0,3.0,1.0,10.0,4.0,9.0,7.0,6.0,9.0,6.0,6.0,9.0,3.0,2.0,9.0,2.0,2.0,,9.0,8.0,10.0,9.0,4.0,6.0,4.0,6.0,10.0,6.0,,4.0,8.0,4.0,3.0,9.0,9.0,5.0,6.0,7.0,9.0,10.0,6.0,3,9.0,10,1
2006-08-29,53663,,11,1,4911.0,90274810,UIL,U I L HOLDINGS CORP,UIL,221111.0,N,A,R,21819,1,4931.0,90274810.0,,,49.0,493.0,,,,,,,36.48,0.020134,24547.0,1.0,35.91,895474.56,UIL,8.0,10.0,1.0,,6.0,10,1.0,1.0,6.0,2.0,7.0,3.0,1.0,10.0,4.0,9.0,7.0,6.0,9.0,6.0,6.0,9.0,3.0,2.0,9.0,2.0,2.0,,9.0,8.0,10.0,9.0,4.0,6.0,4.0,6.0,10.0,6.0,,4.0,8.0,4.0,3.0,9.0,9.0,5.0,6.0,7.0,9.0,10.0,6.0,3,9.0,10,1
2006-08-30,53663,,11,1,4911.0,90274810,UIL,U I L HOLDINGS CORP,UIL,221111.0,N,A,R,21819,1,4931.0,90274810.0,,,49.0,493.0,,,,,,,36.19,-0.00795,24547.0,1.0,36.51,888355.93,UIL,8.0,10.0,1.0,,6.0,10,1.0,1.0,6.0,2.0,7.0,3.0,1.0,10.0,4.0,9.0,7.0,6.0,9.0,6.0,6.0,9.0,3.0,2.0,9.0,2.0,2.0,,9.0,8.0,10.0,9.0,4.0,6.0,4.0,6.0,10.0,6.0,,4.0,8.0,4.0,3.0,9.0,9.0,5.0,6.0,7.0,9.0,10.0,6.0,3,9.0,10,1
2006-08-31,53663,,11,1,4911.0,90274810,UIL,U I L HOLDINGS CORP,UIL,221111.0,N,A,R,21819,1,4931.0,90274810.0,,,49.0,493.0,,,,,,,36.54,0.009671,24636.0,1.0,36.25,900199.44,UIL,8.0,10.0,1.0,,6.0,10,1.0,1.0,6.0,2.0,7.0,3.0,1.0,10.0,4.0,9.0,7.0,6.0,9.0,6.0,6.0,9.0,3.0,2.0,9.0,2.0,2.0,,9.0,8.0,10.0,9.0,4.0,6.0,4.0,6.0,10.0,6.0,,4.0,8.0,4.0,3.0,9.0,9.0,5.0,6.0,7.0,9.0,10.0,6.0,3,9.0,10,1
2006-09-01,53663,,11,1,4911.0,90274810,UIL,U I L HOLDINGS CORP,UIL,221111.0,N,A,R,21819,1,4931.0,90274810.0,,,49.0,493.0,1232.0,0.432,0.0,,,,36.28,0.004707,24636.0,1.0,36.27,893794.08,UIL,8.0,10.0,1.0,,6.0,10,1.0,1.0,6.0,2.0,7.0,3.0,1.0,10.0,4.0,9.0,7.0,6.0,9.0,6.0,6.0,9.0,3.0,2.0,9.0,2.0,2.0,,10.0,9.0,10.0,9.0,3.0,7.0,4.0,6.0,9.0,5.0,,2.0,5.0,3.0,4.0,8.0,9.0,6.0,4.0,3.0,6.0,10.0,7.0,3,9.0,10,1
2006-09-05,53663,,11,1,4911.0,90274810,UIL,U I L HOLDINGS CORP,UIL,221111.0,N,A,R,21819,1,4931.0,90274810.0,,,49.0,493.0,,,,,,,36.3,0.000551,24636.0,1.0,36.18,894286.8,UIL,8.0,10.0,1.0,,6.0,10,1.0,1.0,6.0,2.0,7.0,3.0,1.0,10.0,4.0,9.0,7.0,6.0,9.0,6.0,6.0,9.0,3.0,2.0,9.0,2.0,2.0,,10.0,9.0,10.0,9.0,3.0,7.0,4.0,6.0,9.0,5.0,,2.0,5.0,3.0,4.0,8.0,9.0,6.0,4.0,3.0,6.0,10.0,7.0,3,9.0,10,1
2006-09-06,53663,,11,1,4911.0,90274810,UIL,U I L HOLDINGS CORP,UIL,221111.0,N,A,R,21819,1,4931.0,90274810.0,,,49.0,493.0,,,,,,,36.17,-0.003581,24636.0,1.0,36.2,891084.12,UIL,8.0,10.0,1.0,,6.0,10,1.0,1.0,6.0,2.0,7.0,3.0,1.0,10.0,4.0,9.0,7.0,6.0,9.0,6.0,6.0,9.0,3.0,2.0,9.0,2.0,2.0,,10.0,9.0,10.0,9.0,3.0,7.0,4.0,6.0,9.0,5.0,,2.0,5.0,3.0,4.0,8.0,9.0,6.0,4.0,3.0,6.0,10.0,7.0,3,9.0,10,1
2006-09-07,53663,,11,1,4911.0,90274810,UIL,U I L HOLDINGS CORP,UIL,221111.0,N,A,R,21819,1,4931.0,90274810.0,,,49.0,493.0,,,,,,,36.04,-0.003594,24636.0,1.0,35.97,887881.44,UIL,8.0,10.0,1.0,,6.0,10,1.0,1.0,6.0,2.0,7.0,3.0,1.0,10.0,4.0,9.0,7.0,6.0,9.0,6.0,6.0,9.0,3.0,2.0,9.0,2.0,2.0,,10.0,9.0,10.0,9.0,3.0,7.0,4.0,6.0,9.0,5.0,,2.0,5.0,3.0,4.0,8.0,9.0,6.0,4.0,3.0,6.0,10.0,7.0,3,9.0,10,1
2006-09-08,53663,,11,1,4911.0,90274810,UIL,U I L HOLDINGS CORP,UIL,221111.0,N,A,R,21819,1,4931.0,90274810.0,,,49.0,493.0,,,,,,,36.02,-0.000555,24636.0,1.0,36.03,887388.72,UIL,8.0,10.0,1.0,,6.0,10,1.0,1.0,6.0,2.0,7.0,3.0,1.0,10.0,4.0,9.0,7.0,6.0,9.0,6.0,6.0,9.0,3.0,2.0,9.0,2.0,2.0,,10.0,9.0,10.0,9.0,3.0,7.0,4.0,6.0,9.0,5.0,,2.0,5.0,3.0,4.0,8.0,9.0,6.0,4.0,3.0,6.0,10.0,7.0,3,9.0,10,1
2006-09-11,53663,,11,1,4911.0,90274810,UIL,U I L HOLDINGS CORP,UIL,221111.0,N,A,R,21819,1,4931.0,90274810.0,,,49.0,493.0,,,,,,,35.82,-0.005552,24636.0,1.0,35.81,882461.52,UIL,8.0,10.0,1.0,,6.0,10,1.0,1.0,6.0,2.0,7.0,3.0,1.0,10.0,4.0,9.0,7.0,6.0,9.0,6.0,6.0,9.0,3.0,2.0,9.0,2.0,2.0,,10.0,9.0,10.0,9.0,3.0,7.0,4.0,6.0,9.0,5.0,,2.0,5.0,3.0,4.0,8.0,9.0,6.0,4.0,3.0,6.0,10.0,7.0,3,9.0,10,1
2006-09-12,53663,,11,1,4911.0,90274810,UIL,U I L HOLDINGS CORP,UIL,221111.0,N,A,R,21819,1,4931.0,90274810.0,,,49.0,493.0,,,,,,,36.19,0.010329,24636.0,1.0,35.88,891576.84,UIL,8.0,10.0,1.0,,6.0,10,1.0,1.0,6.0,2.0,7.0,3.0,1.0,10.0,4.0,9.0,7.0,6.0,9.0,6.0,6.0,9.0,3.0,2.0,9.0,2.0,2.0,,10.0,9.0,10.0,9.0,3.0,7.0,4.0,6.0,9.0,5.0,,2.0,5.0,3.0,4.0,8.0,9.0,6.0,4.0,3.0,6.0,10.0,7.0,3,9.0,10,1
2006-09-13,53663,,11,1,4911.0,90274810,UIL,U I L HOLDINGS CORP,UIL,221111.0,N,A,R,21819,1,4931.0,90274810.0,,,49.0,493.0,,,,,,,36.73,0.014921,24636.0,1.0,36.27,904880.28,UIL,8.0,10.0,1.0,,6.0,10,1.0,1.0,6.0,2.0,7.0,3.0,1.0,10.0,4.0,9.0,7.0,6.0,9.0,6.0,6.0,9.0,3.0,2.0,9.0,2.0,2.0,,10.0,9.0,10.0,9.0,3.0,7.0,4.0,6.0,9.0,5.0,,2.0,5.0,3.0,4.0,8.0,9.0,6.0,4.0,3.0,6.0,10.0,7.0,3,9.0,10,1
2006-09-14,53663,,11,1,4911.0,90274810,UIL,U I L HOLDINGS CORP,UIL,221111.0,N,A,R,21819,1,4931.0,90274810.0,,,49.0,493.0,,,,,,,37.78,0.028587,24636.0,1.0,36.58,930748.08,UIL,8.0,10.0,1.0,,6.0,10,1.0,1.0,6.0,2.0,7.0,3.0,1.0,10.0,4.0,9.0,7.0,6.0,9.0,6.0,6.0,9.0,3.0,2.0,9.0,2.0,2.0,,10.0,9.0,10.0,9.0,3.0,7.0,4.0,6.0,9.0,5.0,,2.0,5.0,3.0,4.0,8.0,9.0,6.0,4.0,3.0,6.0,10.0,7.0,3,9.0,10,1
2006-09-15,53663,,11,1,4911.0,90274810,UIL,U I L HOLDINGS CORP,UIL,221111.0,N,A,R,21819,1,4931.0,90274810.0,,,49.0,493.0,,,,,,,38.53,0.019852,24636.0,1.0,38.03,949225.08,UIL,8.0,10.0,1.0,,6.0,10,1.0,1.0,6.0,2.0,7.0,3.0,1.0,10.0,4.0,9.0,7.0,6.0,9.0,6.0,6.0,9.0,3.0,2.0,9.0,2.0,2.0,,10.0,9.0,10.0,9.0,3.0,7.0,4.0,6.0,9.0,5.0,,2.0,5.0,3.0,4.0,8.0,9.0,6.0,4.0,3.0,6.0,10.0,7.0,3,9.0,10,1
2006-09-18,53663,,11,1,4911.0,90274810,UIL,U I L HOLDINGS CORP,UIL,221111.0,N,A,R,21819,1,4931.0,90274810.0,,,49.0,493.0,,,,,,,37.83,-0.018168,24636.0,1.0,38.53,931979.88,UIL,8.0,10.0,1.0,,6.0,10,1.0,1.0,6.0,2.0,7.0,3.0,1.0,10.0,4.0,9.0,7.0,6.0,9.0,6.0,6.0,9.0,3.0,2.0,9.0,2.0,2.0,,10.0,9.0,10.0,9.0,3.0,7.0,4.0,6.0,9.0,5.0,,2.0,5.0,3.0,4.0,8.0,9.0,6.0,4.0,3.0,6.0,10.0,7.0,3,9.0,10,1
2006-09-19,53663,,11,1,4911.0,90274810,UIL,U I L HOLDINGS CORP,UIL,221111.0,N,A,R,21819,1,4931.0,90274810.0,,,49.0,493.0,,,,,,,37.73,-0.002643,24636.0,1.0,37.83,929516.28,UIL,8.0,10.0,1.0,,6.0,10,1.0,1.0,6.0,2.0,7.0,3.0,1.0,10.0,4.0,9.0,7.0,6.0,9.0,6.0,6.0,9.0,3.0,2.0,9.0,2.0,2.0,,10.0,9.0,10.0,9.0,3.0,7.0,4.0,6.0,9.0,5.0,,2.0,5.0,3.0,4.0,8.0,9.0,6.0,4.0,3.0,6.0,10.0,7.0,3,9.0,10,1
2006-09-20,53663,,11,1,4911.0,90274810,UIL,U I L HOLDINGS CORP,UIL,221111.0,N,A,R,21819,1,4931.0,90274810.0,,,49.0,493.0,,,,,,,38.35,0.016433,24636.0,1.0,37.9,944790.6,UIL,8.0,10.0,1.0,,6.0,10,1.0,1.0,6.0,2.0,7.0,3.0,1.0,10.0,4.0,9.0,7.0,6.0,9.0,6.0,6.0,9.0,3.0,2.0,9.0,2.0,2.0,,10.0,9.0,10.0,9.0,3.0,7.0,4.0,6.0,9.0,5.0,,2.0,5.0,3.0,4.0,8.0,9.0,6.0,4.0,3.0,6.0,10.0,7.0,3,9.0,10,1
2006-09-21,53663,,11,1,4911.0,90274810,UIL,U I L HOLDINGS CORP,UIL,221111.0,N,A,R,21819,1,4931.0,90274810.0,,,49.0,493.0,,,,,,,37.26,-0.028422,24636.0,1.0,38.42,917937.36,UIL,8.0,10.0,1.0,,6.0,10,1.0,1.0,6.0,2.0,7.0,3.0,1.0,10.0,4.0,9.0,7.0,6.0,9.0,6.0,6.0,9.0,3.0,2.0,9.0,2.0,2.0,,10.0,9.0,10.0,9.0,3.0,7.0,4.0,6.0,9.0,5.0,,2.0,5.0,3.0,4.0,8.0,9.0,6.0,4.0,3.0,6.0,10.0,7.0,3,9.0,10,1
2006-09-22,53663,,11,1,4911.0,90274810,UIL,U I L HOLDINGS CORP,UIL,221111.0,N,A,R,21819,1,4931.0,90274810.0,,,49.0,493.0,,,,,,,36.92,-0.009125,24636.0,1.0,37.17,909561.12,UIL,8.0,10.0,1.0,,6.0,10,1.0,1.0,6.0,2.0,7.0,3.0,1.0,10.0,4.0,9.0,7.0,6.0,9.0,6.0,6.0,9.0,3.0,2.0,9.0,2.0,2.0,,10.0,9.0,10.0,9.0,3.0,7.0,4.0,6.0,9.0,5.0,,2.0,5.0,3.0,4.0,8.0,9.0,6.0,4.0,3.0,6.0,10.0,7.0,3,9.0,10,1
2006-09-25,53663,,11,1,4911.0,90274810,UIL,U I L HOLDINGS CORP,UIL,221111.0,N,A,R,21819,1,4931.0,90274810.0,,,49.0,493.0,,,,,,,37.41,0.013272,24636.0,1.0,36.92,921632.76,UIL,8.0,10.0,1.0,,6.0,10,1.0,1.0,6.0,2.0,7.0,3.0,1.0,10.0,4.0,9.0,7.0,6.0,9.0,6.0,6.0,9.0,3.0,2.0,9.0,2.0,2.0,,10.0,9.0,10.0,9.0,3.0,7.0,4.0,6.0,9.0,5.0,,2.0,5.0,3.0,4.0,8.0,9.0,6.0,4.0,3.0,6.0,10.0,7.0,3,9.0,10,1
2006-09-26,53663,,11,1,4911.0,90274810,UIL,U I L HOLDINGS CORP,UIL,221111.0,N,A,R,21819,1,4931.0,90274810.0,,,49.0,493.0,,,,,,,37.58,0.004544,24636.0,1.0,37.41,925820.88,UIL,8.0,10.0,1.0,,6.0,10,1.0,1.0,6.0,2.0,7.0,3.0,1.0,10.0,4.0,9.0,7.0,6.0,9.0,6.0,6.0,9.0,3.0,2.0,9.0,2.0,2.0,,10.0,9.0,10.0,9.0,3.0,7.0,4.0,6.0,9.0,5.0,,2.0,5.0,3.0,4.0,8.0,9.0,6.0,4.0,3.0,6.0,10.0,7.0,3,9.0,10,1
2006-09-27,53663,,11,1,4911.0,90274810,UIL,U I L HOLDINGS CORP,UIL,221111.0,N,A,R,21819,1,4931.0,90274810.0,,,49.0,493.0,,,,,,,38.07,0.013039,24636.0,1.0,37.62,937892.52,UIL,8.0,10.0,1.0,,6.0,10,1.0,1.0,6.0,2.0,7.0,3.0,1.0,10.0,4.0,9.0,7.0,6.0,9.0,6.0,6.0,9.0,3.0,2.0,9.0,2.0,2.0,,10.0,9.0,10.0,9.0,3.0,7.0,4.0,6.0,9.0,5.0,,2.0,5.0,3.0,4.0,8.0,9.0,6.0,4.0,3.0,6.0,10.0,7.0,3,9.0,10,1
2006-09-28,53663,,11,1,4911.0,90274810,UIL,U I L HOLDINGS CORP,UIL,221111.0,N,A,R,21819,1,4931.0,90274810.0,,,49.0,493.0,,,,,,,38.0,-0.001839,24636.0,1.0,38.12,936168.0,UIL,8.0,10.0,1.0,,6.0,10,1.0,1.0,6.0,2.0,7.0,3.0,1.0,10.0,4.0,9.0,7.0,6.0,9.0,6.0,6.0,9.0,3.0,2.0,9.0,2.0,2.0,,10.0,9.0,10.0,9.0,3.0,7.0,4.0,6.0,9.0,5.0,,2.0,5.0,3.0,4.0,8.0,9.0,6.0,4.0,3.0,6.0,10.0,7.0,3,9.0,10,1
2006-09-29,53663,,11,1,4911.0,90274810,UIL,U I L HOLDINGS CORP,UIL,221111.0,N,A,R,21819,1,4931.0,90274810.0,,,49.0,493.0,,,,,,,37.5,-0.013158,24636.0,1.0,38.06,923850.0,UIL,8.0,10.0,1.0,,6.0,10,1.0,1.0,6.0,2.0,7.0,3.0,1.0,10.0,4.0,9.0,7.0,6.0,9.0,6.0,6.0,9.0,3.0,2.0,9.0,2.0,2.0,,10.0,9.0,10.0,9.0,3.0,7.0,4.0,6.0,9.0,5.0,,2.0,5.0,3.0,4.0,8.0,9.0,6.0,4.0,3.0,6.0,10.0,7.0,3,9.0,10,1
2006-10-02,53663,,11,1,4911.0,90274810,UIL,U I L HOLDINGS CORP,UIL,221111.0,N,A,R,21819,1,4931.0,90274810.0,,,49.0,493.0,,,,,,,38.22,0.0192,24636.0,1.0,37.5,941587.92,UIL,8.0,10.0,1.0,,6.0,10,1.0,1.0,6.0,2.0,7.0,3.0,1.0,10.0,4.0,9.0,7.0,6.0,9.0,6.0,6.0,9.0,3.0,2.0,9.0,2.0,2.0,,9.0,10.0,10.0,9.0,3.0,8.0,4.0,7.0,9.0,5.0,,2.0,5.0,3.0,4.0,8.0,9.0,2.0,2.0,1.0,5.0,10.0,7.0,3,8.0,10,1
2006-10-03,53663,,11,1,4911.0,90274810,UIL,U I L HOLDINGS CORP,UIL,221111.0,N,A,R,21819,1,4931.0,90274810.0,,,49.0,493.0,,,,,,,38.39,0.004448,24636.0,1.0,38.22,945776.04,UIL,8.0,10.0,1.0,,6.0,10,1.0,1.0,6.0,2.0,7.0,3.0,1.0,10.0,4.0,9.0,7.0,6.0,9.0,6.0,6.0,9.0,3.0,2.0,9.0,2.0,2.0,,9.0,10.0,10.0,9.0,3.0,8.0,4.0,7.0,9.0,5.0,,2.0,5.0,3.0,4.0,8.0,9.0,2.0,2.0,1.0,5.0,10.0,7.0,3,8.0,10,1
2006-10-04,53663,,11,1,4911.0,90274810,UIL,U I L HOLDINGS CORP,UIL,221111.0,N,A,R,21819,1,4931.0,90274810.0,,,49.0,493.0,,,,,,,38.75,0.009377,24636.0,1.0,38.39,954645.0,UIL,8.0,10.0,1.0,,6.0,10,1.0,1.0,6.0,2.0,7.0,3.0,1.0,10.0,4.0,9.0,7.0,6.0,9.0,6.0,6.0,9.0,3.0,2.0,9.0,2.0,2.0,,9.0,10.0,10.0,9.0,3.0,8.0,4.0,7.0,9.0,5.0,,2.0,5.0,3.0,4.0,8.0,9.0,2.0,2.0,1.0,5.0,10.0,7.0,3,8.0,10,1
2006-10-05,53663,,11,1,4911.0,90274810,UIL,U I L HOLDINGS CORP,UIL,221111.0,N,A,R,21819,1,4931.0,90274810.0,,,49.0,493.0,,,,,,,38.87,0.003097,24636.0,1.0,38.55,957601.32,UIL,8.0,10.0,1.0,,6.0,10,1.0,1.0,6.0,2.0,7.0,3.0,1.0,10.0,4.0,9.0,7.0,6.0,9.0,6.0,6.0,9.0,3.0,2.0,9.0,2.0,2.0,,9.0,10.0,10.0,9.0,3.0,8.0,4.0,7.0,9.0,5.0,,2.0,5.0,3.0,4.0,8.0,9.0,2.0,2.0,1.0,5.0,10.0,7.0,3,8.0,10,1
2006-10-06,53663,,11,1,4911.0,90274810,UIL,U I L HOLDINGS CORP,UIL,221111.0,N,A,R,21819,1,4931.0,90274810.0,,,49.0,493.0,,,,,,,38.42,-0.011577,24636.0,1.0,38.8,946515.12,UIL,8.0,10.0,1.0,,6.0,10,1.0,1.0,6.0,2.0,7.0,3.0,1.0,10.0,4.0,9.0,7.0,6.0,9.0,6.0,6.0,9.0,3.0,2.0,9.0,2.0,2.0,,9.0,10.0,10.0,9.0,3.0,8.0,4.0,7.0,9.0,5.0,,2.0,5.0,3.0,4.0,8.0,9.0,2.0,2.0,1.0,5.0,10.0,7.0,3,8.0,10,1
2006-10-09,53663,,11,1,4911.0,90274810,UIL,U I L HOLDINGS CORP,UIL,221111.0,N,A,R,21819,1,4931.0,90274810.0,,,49.0,493.0,,,,,,,38.37,-0.001301,24636.0,1.0,38.37,945283.32,UIL,8.0,10.0,1.0,,6.0,10,1.0,1.0,6.0,2.0,7.0,3.0,1.0,10.0,4.0,9.0,7.0,6.0,9.0,6.0,6.0,9.0,3.0,2.0,9.0,2.0,2.0,,9.0,10.0,10.0,9.0,3.0,8.0,4.0,7.0,9.0,5.0,,2.0,5.0,3.0,4.0,8.0,9.0,2.0,2.0,1.0,5.0,10.0,7.0,3,8.0,10,1
2006-10-10,53663,,11,1,4911.0,90274810,UIL,U I L HOLDINGS CORP,UIL,221111.0,N,A,R,21819,1,4931.0,90274810.0,,,49.0,493.0,,,,,,,38.43,0.001564,24636.0,1.0,38.37,946761.48,UIL,8.0,10.0,1.0,,6.0,10,1.0,1.0,6.0,2.0,7.0,3.0,1.0,10.0,4.0,9.0,7.0,6.0,9.0,6.0,6.0,9.0,3.0,2.0,9.0,2.0,2.0,,9.0,10.0,10.0,9.0,3.0,8.0,4.0,7.0,9.0,5.0,,2.0,5.0,3.0,4.0,8.0,9.0,2.0,2.0,1.0,5.0,10.0,7.0,3,8.0,10,1
2006-10-11,53663,,11,1,4911.0,90274810,UIL,U I L HOLDINGS CORP,UIL,221111.0,N,A,R,21819,1,4931.0,90274810.0,,,49.0,493.0,,,,,,,38.37,-0.001561,24636.0,1.0,38.35,945283.32,UIL,8.0,10.0,1.0,,6.0,10,1.0,1.0,6.0,2.0,7.0,3.0,1.0,10.0,4.0,9.0,7.0,6.0,9.0,6.0,6.0,9.0,3.0,2.0,9.0,2.0,2.0,,9.0,10.0,10.0,9.0,3.0,8.0,4.0,7.0,9.0,5.0,,2.0,5.0,3.0,4.0,8.0,9.0,2.0,2.0,1.0,5.0,10.0,7.0,3,8.0,10,1
2006-10-12,53663,,11,1,4911.0,90274810,UIL,U I L HOLDINGS CORP,UIL,221111.0,N,A,R,21819,1,4931.0,90274810.0,,,49.0,493.0,,,,,,,39.04,0.017462,24636.0,1.0,38.5,961789.44,UIL,8.0,10.0,1.0,,6.0,10,1.0,1.0,6.0,2.0,7.0,3.0,1.0,10.0,4.0,9.0,7.0,6.0,9.0,6.0,6.0,9.0,3.0,2.0,9.0,2.0,2.0,,9.0,10.0,10.0,9.0,3.0,8.0,4.0,7.0,9.0,5.0,,2.0,5.0,3.0,4.0,8.0,9.0,2.0,2.0,1.0,5.0,10.0,7.0,3,8.0,10,1
2006-10-13,53663,,11,1,4911.0,90274810,UIL,U I L HOLDINGS CORP,UIL,221111.0,N,A,R,21819,1,4931.0,90274810.0,,,49.0,493.0,,,,,,,38.9,-0.003586,24636.0,1.0,39.04,958340.4,UIL,8.0,10.0,1.0,,6.0,10,1.0,1.0,6.0,2.0,7.0,3.0,1.0,10.0,4.0,9.0,7.0,6.0,9.0,6.0,6.0,9.0,3.0,2.0,9.0,2.0,2.0,,9.0,10.0,10.0,9.0,3.0,8.0,4.0,7.0,9.0,5.0,,2.0,5.0,3.0,4.0,8.0,9.0,2.0,2.0,1.0,5.0,10.0,7.0,3,8.0,10,1
2006-10-16,53663,,11,1,4911.0,90274810,UIL,U I L HOLDINGS CORP,UIL,221111.0,N,A,R,21819,1,4931.0,90274810.0,,,49.0,493.0,,,,,,,39.17,0.006941,24636.0,1.0,38.9,964992.12,UIL,8.0,10.0,1.0,,6.0,10,1.0,1.0,6.0,2.0,7.0,3.0,1.0,10.0,4.0,9.0,7.0,6.0,9.0,6.0,6.0,9.0,3.0,2.0,9.0,2.0,2.0,,9.0,10.0,10.0,9.0,3.0,8.0,4.0,7.0,9.0,5.0,,2.0,5.0,3.0,4.0,8.0,9.0,2.0,2.0,1.0,5.0,10.0,7.0,3,8.0,10,1
2006-10-17,53663,,11,1,4911.0,90274810,UIL,U I L HOLDINGS CORP,UIL,221111.0,N,A,R,21819,1,4931.0,90274810.0,,,49.0,493.0,,,,,,,39.27,0.002553,24636.0,1.0,39.0,967455.72,UIL,8.0,10.0,1.0,,6.0,10,1.0,1.0,6.0,2.0,7.0,3.0,1.0,10.0,4.0,9.0,7.0,6.0,9.0,6.0,6.0,9.0,3.0,2.0,9.0,2.0,2.0,,9.0,10.0,10.0,9.0,3.0,8.0,4.0,7.0,9.0,5.0,,2.0,5.0,3.0,4.0,8.0,9.0,2.0,2.0,1.0,5.0,10.0,7.0,3,8.0,10,1
2006-10-18,53663,,11,1,4911.0,90274810,UIL,U I L HOLDINGS CORP,UIL,221111.0,N,A,R,21819,1,4931.0,90274810.0,,,49.0,493.0,,,,,,,39.45,0.004584,24636.0,1.0,39.47,971890.2,UIL,8.0,10.0,1.0,,6.0,10,1.0,1.0,6.0,2.0,7.0,3.0,1.0,10.0,4.0,9.0,7.0,6.0,9.0,6.0,6.0,9.0,3.0,2.0,9.0,2.0,2.0,,9.0,10.0,10.0,9.0,3.0,8.0,4.0,7.0,9.0,5.0,,2.0,5.0,3.0,4.0,8.0,9.0,2.0,2.0,1.0,5.0,10.0,7.0,3,8.0,10,1
2006-10-19,53663,,11,1,4911.0,90274810,UIL,U I L HOLDINGS CORP,UIL,221111.0,N,A,R,21819,1,4931.0,90274810.0,,,49.0,493.0,,,,,,,39.74,0.007351,24636.0,1.0,39.45,979034.64,UIL,8.0,10.0,1.0,,6.0,10,1.0,1.0,6.0,2.0,7.0,3.0,1.0,10.0,4.0,9.0,7.0,6.0,9.0,6.0,6.0,9.0,3.0,2.0,9.0,2.0,2.0,,9.0,10.0,10.0,9.0,3.0,8.0,4.0,7.0,9.0,5.0,,2.0,5.0,3.0,4.0,8.0,9.0,2.0,2.0,1.0,5.0,10.0,7.0,3,8.0,10,1
2006-10-20,53663,,11,1,4911.0,90274810,UIL,U I L HOLDINGS CORP,UIL,221111.0,N,A,R,21819,1,4931.0,90274810.0,,,49.0,493.0,,,,,,,39.61,-0.003271,24636.0,1.0,39.85,975831.96,UIL,8.0,10.0,1.0,,6.0,10,1.0,1.0,6.0,2.0,7.0,3.0,1.0,10.0,4.0,9.0,7.0,6.0,9.0,6.0,6.0,9.0,3.0,2.0,9.0,2.0,2.0,,9.0,10.0,10.0,9.0,3.0,8.0,4.0,7.0,9.0,5.0,,2.0,5.0,3.0,4.0,8.0,9.0,2.0,2.0,1.0,5.0,10.0,7.0,3,8.0,10,1
2006-10-23,53663,,11,1,4911.0,90274810,UIL,U I L HOLDINGS CORP,UIL,221111.0,N,A,R,21819,1,4931.0,90274810.0,,,49.0,493.0,,,,,,,39.55,-0.001515,24636.0,1.0,39.41,974353.8,UIL,8.0,10.0,1.0,,6.0,10,1.0,1.0,6.0,2.0,7.0,3.0,1.0,10.0,4.0,9.0,7.0,6.0,9.0,6.0,6.0,9.0,3.0,2.0,9.0,2.0,2.0,,9.0,10.0,10.0,9.0,3.0,8.0,4.0,7.0,9.0,5.0,,2.0,5.0,3.0,4.0,8.0,9.0,2.0,2.0,1.0,5.0,10.0,7.0,3,8.0,10,1
2006-10-24,53663,,11,1,4911.0,90274810,UIL,U I L HOLDINGS CORP,UIL,221111.0,N,A,R,21819,1,4931.0,90274810.0,,,49.0,493.0,,,,,,,39.76,0.00531,24636.0,1.0,39.42,979527.36,UIL,8.0,10.0,1.0,,6.0,10,1.0,1.0,6.0,2.0,7.0,3.0,1.0,10.0,4.0,9.0,7.0,6.0,9.0,6.0,6.0,9.0,3.0,2.0,9.0,2.0,2.0,,9.0,10.0,10.0,9.0,3.0,8.0,4.0,7.0,9.0,5.0,,2.0,5.0,3.0,4.0,8.0,9.0,2.0,2.0,1.0,5.0,10.0,7.0,3,8.0,10,1
2006-10-25,53663,,11,1,4911.0,90274810,UIL,U I L HOLDINGS CORP,UIL,221111.0,N,A,R,21819,1,4931.0,90274810.0,,,49.0,493.0,,,,,,,40.15,0.009809,24636.0,1.0,39.85,989135.4,UIL,8.0,10.0,1.0,,6.0,10,1.0,1.0,6.0,2.0,7.0,3.0,1.0,10.0,4.0,9.0,7.0,6.0,9.0,6.0,6.0,9.0,3.0,2.0,9.0,2.0,2.0,,9.0,10.0,10.0,9.0,3.0,8.0,4.0,7.0,9.0,5.0,,2.0,5.0,3.0,4.0,8.0,9.0,2.0,2.0,1.0,5.0,10.0,7.0,3,8.0,10,1
2006-10-26,53663,,11,1,4911.0,90274810,UIL,U I L HOLDINGS CORP,UIL,221111.0,N,A,R,21819,1,4931.0,90274810.0,,,49.0,493.0,,,,,,,40.34,0.004732,24636.0,1.0,40.21,993816.24,UIL,8.0,10.0,1.0,,6.0,10,1.0,1.0,6.0,2.0,7.0,3.0,1.0,10.0,4.0,9.0,7.0,6.0,9.0,6.0,6.0,9.0,3.0,2.0,9.0,2.0,2.0,,9.0,10.0,10.0,9.0,3.0,8.0,4.0,7.0,9.0,5.0,,2.0,5.0,3.0,4.0,8.0,9.0,2.0,2.0,1.0,5.0,10.0,7.0,3,8.0,10,1
2006-10-27,53663,,11,1,4911.0,90274810,UIL,U I L HOLDINGS CORP,UIL,221111.0,N,A,R,21819,1,4931.0,90274810.0,,,49.0,493.0,,,,,,,39.86,-0.011899,24636.0,1.0,40.2,981990.96,UIL,8.0,10.0,1.0,,6.0,10,1.0,1.0,6.0,2.0,7.0,3.0,1.0,10.0,4.0,9.0,7.0,6.0,9.0,6.0,6.0,9.0,3.0,2.0,9.0,2.0,2.0,,9.0,10.0,10.0,9.0,3.0,8.0,4.0,7.0,9.0,5.0,,2.0,5.0,3.0,4.0,8.0,9.0,2.0,2.0,1.0,5.0,10.0,7.0,3,8.0,10,1
2006-10-30,53663,,11,1,4911.0,90274810,UIL,U I L HOLDINGS CORP,UIL,221111.0,N,A,R,21819,1,4931.0,90274810.0,,,49.0,493.0,,,,,,,40.17,0.007777,24636.0,1.0,39.82,989628.12,UIL,8.0,10.0,1.0,,6.0,10,1.0,1.0,6.0,2.0,7.0,3.0,1.0,10.0,4.0,9.0,7.0,6.0,9.0,6.0,6.0,9.0,3.0,2.0,9.0,2.0,2.0,,9.0,10.0,10.0,9.0,3.0,8.0,4.0,7.0,9.0,5.0,,2.0,5.0,3.0,4.0,8.0,9.0,2.0,2.0,1.0,5.0,10.0,7.0,3,8.0,10,1
2006-10-31,53663,,11,1,4911.0,90274810,UIL,U I L HOLDINGS CORP,UIL,221111.0,N,A,R,21819,1,4931.0,90274810.0,,,49.0,493.0,,,,,,,39.75,-0.010456,24636.0,1.0,40.27,979281.0,UIL,8.0,10.0,1.0,,6.0,10,1.0,1.0,6.0,2.0,7.0,3.0,1.0,10.0,4.0,9.0,7.0,6.0,9.0,6.0,6.0,9.0,3.0,2.0,9.0,2.0,2.0,,9.0,10.0,10.0,9.0,3.0,8.0,4.0,7.0,9.0,5.0,,2.0,5.0,3.0,4.0,8.0,9.0,2.0,2.0,1.0,5.0,10.0,7.0,3,8.0,10,1
2006-11-01,53663,,11,1,4911.0,90274810,UIL,U I L HOLDINGS CORP,UIL,221111.0,N,A,R,21819,1,4931.0,90274810.0,,,49.0,493.0,,,,,,,39.06,-0.017358,24636.0,1.0,39.75,962282.16,UIL,8.0,10.0,1.0,,6.0,10,1.0,1.0,6.0,2.0,7.0,3.0,1.0,10.0,4.0,9.0,7.0,6.0,9.0,6.0,6.0,9.0,3.0,2.0,9.0,2.0,2.0,,10.0,10.0,10.0,9.0,3.0,9.0,6.0,7.0,9.0,5.0,,3.0,4.0,3.0,5.0,8.0,9.0,5.0,5.0,5.0,8.0,9.0,7.0,3,8.0,10,1
2006-11-02,53663,,11,1,4911.0,90274810,UIL,U I L HOLDINGS CORP,UIL,221111.0,N,A,R,21819,1,4931.0,90274810.0,,,49.0,493.0,,,,,,,38.66,-0.010241,24636.0,1.0,38.84,952427.76,UIL,8.0,10.0,1.0,,6.0,10,1.0,1.0,6.0,2.0,7.0,3.0,1.0,10.0,4.0,9.0,7.0,6.0,9.0,6.0,6.0,9.0,3.0,2.0,9.0,2.0,2.0,,10.0,10.0,10.0,9.0,3.0,9.0,6.0,7.0,9.0,5.0,,3.0,4.0,3.0,5.0,8.0,9.0,5.0,5.0,5.0,8.0,9.0,7.0,3,8.0,10,1
2006-11-03,53663,,11,1,4911.0,90274810,UIL,U I L HOLDINGS CORP,UIL,221111.0,N,A,R,21819,1,4931.0,90274810.0,,,49.0,493.0,,,,,,,38.69,0.000776,24636.0,1.0,38.91,953166.84,UIL,8.0,10.0,1.0,,6.0,10,1.0,1.0,6.0,2.0,7.0,3.0,1.0,10.0,4.0,9.0,7.0,6.0,9.0,6.0,6.0,9.0,3.0,2.0,9.0,2.0,2.0,,10.0,10.0,10.0,9.0,3.0,9.0,6.0,7.0,9.0,5.0,,3.0,4.0,3.0,5.0,8.0,9.0,5.0,5.0,5.0,8.0,9.0,7.0,3,8.0,10,1
2006-11-06,53663,,11,1,4911.0,90274810,UIL,U I L HOLDINGS CORP,UIL,221111.0,N,A,R,21819,1,4931.0,90274810.0,,,49.0,493.0,,,,,,,39.51,0.021194,24636.0,1.0,38.87,973368.36,UIL,8.0,10.0,1.0,,6.0,10,1.0,1.0,6.0,2.0,7.0,3.0,1.0,10.0,4.0,9.0,7.0,6.0,9.0,6.0,6.0,9.0,3.0,2.0,9.0,2.0,2.0,,10.0,10.0,10.0,9.0,3.0,9.0,6.0,7.0,9.0,5.0,,3.0,4.0,3.0,5.0,8.0,9.0,5.0,5.0,5.0,8.0,9.0,7.0,3,8.0,10,1
2006-11-07,53663,,11,1,4911.0,90274810,UIL,U I L HOLDINGS CORP,UIL,221111.0,N,A,R,21819,1,4931.0,90274810.0,,,49.0,493.0,,,,,,,40.14,0.015945,24636.0,1.0,39.44,988889.04,UIL,8.0,10.0,1.0,,6.0,10,1.0,1.0,6.0,2.0,7.0,3.0,1.0,10.0,4.0,9.0,7.0,6.0,9.0,6.0,6.0,9.0,3.0,2.0,9.0,2.0,2.0,,10.0,10.0,10.0,9.0,3.0,9.0,6.0,7.0,9.0,5.0,,3.0,4.0,3.0,5.0,8.0,9.0,5.0,5.0,5.0,8.0,9.0,7.0,3,8.0,10,1
2006-11-08,53663,,11,1,4911.0,90274810,UIL,U I L HOLDINGS CORP,UIL,221111.0,N,A,R,21819,1,4931.0,90274810.0,,,49.0,493.0,,,,,,,40.84,0.017439,24636.0,1.0,39.94,1006134.24,UIL,8.0,10.0,1.0,,6.0,10,1.0,1.0,6.0,2.0,7.0,3.0,1.0,10.0,4.0,9.0,7.0,6.0,9.0,6.0,6.0,9.0,3.0,2.0,9.0,2.0,2.0,,10.0,10.0,10.0,9.0,3.0,9.0,6.0,7.0,9.0,5.0,,3.0,4.0,3.0,5.0,8.0,9.0,5.0,5.0,5.0,8.0,9.0,7.0,3,8.0,10,1
2006-11-09,53663,,11,1,4911.0,90274810,UIL,U I L HOLDINGS CORP,UIL,221111.0,N,A,R,21819,1,4931.0,90274810.0,,,49.0,493.0,,,,,,,40.34,-0.012243,24636.0,1.0,40.88,993816.24,UIL,8.0,10.0,1.0,,6.0,10,1.0,1.0,6.0,2.0,7.0,3.0,1.0,10.0,4.0,9.0,7.0,6.0,9.0,6.0,6.0,9.0,3.0,2.0,9.0,2.0,2.0,,10.0,10.0,10.0,9.0,3.0,9.0,6.0,7.0,9.0,5.0,,3.0,4.0,3.0,5.0,8.0,9.0,5.0,5.0,5.0,8.0,9.0,7.0,3,8.0,10,1
2006-11-10,53663,,11,1,4911.0,90274810,UIL,U I L HOLDINGS CORP,UIL,221111.0,N,A,R,21819,1,4931.0,90274810.0,,,49.0,493.0,,,,,,,41.03,0.017105,24636.0,1.0,40.27,1010815.08,UIL,8.0,10.0,1.0,,6.0,10,1.0,1.0,6.0,2.0,7.0,3.0,1.0,10.0,4.0,9.0,7.0,6.0,9.0,6.0,6.0,9.0,3.0,2.0,9.0,2.0,2.0,,10.0,10.0,10.0,9.0,3.0,9.0,6.0,7.0,9.0,5.0,,3.0,4.0,3.0,5.0,8.0,9.0,5.0,5.0,5.0,8.0,9.0,7.0,3,8.0,10,1
2006-11-13,53663,,11,1,4911.0,90274810,UIL,U I L HOLDINGS CORP,UIL,221111.0,N,A,R,21819,1,4931.0,90274810.0,,,49.0,493.0,,,,,,,41.66,0.015355,24636.0,1.0,41.03,1026335.76,UIL,8.0,10.0,1.0,,6.0,10,1.0,1.0,6.0,2.0,7.0,3.0,1.0,10.0,4.0,9.0,7.0,6.0,9.0,6.0,6.0,9.0,3.0,2.0,9.0,2.0,2.0,,10.0,10.0,10.0,9.0,3.0,9.0,6.0,7.0,9.0,5.0,,3.0,4.0,3.0,5.0,8.0,9.0,5.0,5.0,5.0,8.0,9.0,7.0,3,8.0,10,1
2006-11-14,53663,,11,1,4911.0,90274810,UIL,U I L HOLDINGS CORP,UIL,221111.0,N,A,R,21819,1,4931.0,90274810.0,,,49.0,493.0,,,,,,,42.43,0.018483,24636.0,1.0,41.75,1045305.48,UIL,8.0,10.0,1.0,,6.0,10,1.0,1.0,6.0,2.0,7.0,3.0,1.0,10.0,4.0,9.0,7.0,6.0,9.0,6.0,6.0,9.0,3.0,2.0,9.0,2.0,2.0,,10.0,10.0,10.0,9.0,3.0,9.0,6.0,7.0,9.0,5.0,,3.0,4.0,3.0,5.0,8.0,9.0,5.0,5.0,5.0,8.0,9.0,7.0,3,8.0,10,1
2006-11-15,53663,,11,1,4911.0,90274810,UIL,U I L HOLDINGS CORP,UIL,221111.0,N,A,R,21819,1,4931.0,90274810.0,,,49.0,493.0,,,,,,,43.0,0.013434,24636.0,1.0,42.43,1059348.0,UIL,8.0,10.0,1.0,,6.0,10,1.0,1.0,6.0,2.0,7.0,3.0,1.0,10.0,4.0,9.0,7.0,6.0,9.0,6.0,6.0,9.0,3.0,2.0,9.0,2.0,2.0,,10.0,10.0,10.0,9.0,3.0,9.0,6.0,7.0,9.0,5.0,,3.0,4.0,3.0,5.0,8.0,9.0,5.0,5.0,5.0,8.0,9.0,7.0,3,8.0,10,1
2006-11-16,53663,,11,1,4911.0,90274810,UIL,U I L HOLDINGS CORP,UIL,221111.0,N,A,R,21819,1,4931.0,90274810.0,,,49.0,493.0,,,,,,,43.17,0.003953,24636.0,1.0,43.2,1063536.12,UIL,8.0,10.0,1.0,,6.0,10,1.0,1.0,6.0,2.0,7.0,3.0,1.0,10.0,4.0,9.0,7.0,6.0,9.0,6.0,6.0,9.0,3.0,2.0,9.0,2.0,2.0,,10.0,10.0,10.0,9.0,3.0,9.0,6.0,7.0,9.0,5.0,,3.0,4.0,3.0,5.0,8.0,9.0,5.0,5.0,5.0,8.0,9.0,7.0,3,8.0,10,1
2006-11-17,53663,,11,1,4911.0,90274810,UIL,U I L HOLDINGS CORP,UIL,221111.0,N,A,R,21819,1,4931.0,90274810.0,,,49.0,493.0,,,,,,,43.07,-0.002316,24636.0,1.0,43.16,1061072.52,UIL,8.0,10.0,1.0,,6.0,10,1.0,1.0,6.0,2.0,7.0,3.0,1.0,10.0,4.0,9.0,7.0,6.0,9.0,6.0,6.0,9.0,3.0,2.0,9.0,2.0,2.0,,10.0,10.0,10.0,9.0,3.0,9.0,6.0,7.0,9.0,5.0,,3.0,4.0,3.0,5.0,8.0,9.0,5.0,5.0,5.0,8.0,9.0,7.0,3,8.0,10,1
2006-11-20,53663,,11,1,4911.0,90274810,UIL,U I L HOLDINGS CORP,UIL,221111.0,N,A,R,21819,1,4931.0,90274810.0,,,49.0,493.0,,,,,,,43.31,0.005572,24636.0,1.0,43.12,1066985.16,UIL,8.0,10.0,1.0,,6.0,10,1.0,1.0,6.0,2.0,7.0,3.0,1.0,10.0,4.0,9.0,7.0,6.0,9.0,6.0,6.0,9.0,3.0,2.0,9.0,2.0,2.0,,10.0,10.0,10.0,9.0,3.0,9.0,6.0,7.0,9.0,5.0,,3.0,4.0,3.0,5.0,8.0,9.0,5.0,5.0,5.0,8.0,9.0,7.0,3,8.0,10,1
2006-11-21,53663,,11,1,4911.0,90274810,UIL,U I L HOLDINGS CORP,UIL,221111.0,N,A,R,21819,1,4931.0,90274810.0,,,49.0,493.0,,,,,,,43.35,0.000924,24636.0,1.0,43.3,1067970.6,UIL,8.0,10.0,1.0,,6.0,10,1.0,1.0,6.0,2.0,7.0,3.0,1.0,10.0,4.0,9.0,7.0,6.0,9.0,6.0,6.0,9.0,3.0,2.0,9.0,2.0,2.0,,10.0,10.0,10.0,9.0,3.0,9.0,6.0,7.0,9.0,5.0,,3.0,4.0,3.0,5.0,8.0,9.0,5.0,5.0,5.0,8.0,9.0,7.0,3,8.0,10,1
2006-11-22,53663,,11,1,4911.0,90274810,UIL,U I L HOLDINGS CORP,UIL,221111.0,N,A,R,21819,1,4931.0,90274810.0,,,49.0,493.0,,,,,,,43.34,-0.000231,24636.0,1.0,43.35,1067724.24,UIL,8.0,10.0,1.0,,6.0,10,1.0,1.0,6.0,2.0,7.0,3.0,1.0,10.0,4.0,9.0,7.0,6.0,9.0,6.0,6.0,9.0,3.0,2.0,9.0,2.0,2.0,,10.0,10.0,10.0,9.0,3.0,9.0,6.0,7.0,9.0,5.0,,3.0,4.0,3.0,5.0,8.0,9.0,5.0,5.0,5.0,8.0,9.0,7.0,3,8.0,10,1
2006-11-24,53663,,11,1,4911.0,90274810,UIL,U I L HOLDINGS CORP,UIL,221111.0,N,A,R,21819,1,4931.0,90274810.0,,,49.0,493.0,,,,,,,43.22,-0.002769,24636.0,1.0,43.12,1064767.92,UIL,8.0,10.0,1.0,,6.0,10,1.0,1.0,6.0,2.0,7.0,3.0,1.0,10.0,4.0,9.0,7.0,6.0,9.0,6.0,6.0,9.0,3.0,2.0,9.0,2.0,2.0,,10.0,10.0,10.0,9.0,3.0,9.0,6.0,7.0,9.0,5.0,,3.0,4.0,3.0,5.0,8.0,9.0,5.0,5.0,5.0,8.0,9.0,7.0,3,8.0,10,1
2006-11-27,53663,,11,1,4911.0,90274810,UIL,U I L HOLDINGS CORP,UIL,221111.0,N,A,R,21819,1,4931.0,90274810.0,,,49.0,493.0,,,,,,,43.44,0.00509,24636.0,1.0,43.02,1070187.84,UIL,8.0,10.0,1.0,,6.0,10,1.0,1.0,6.0,2.0,7.0,3.0,1.0,10.0,4.0,9.0,7.0,6.0,9.0,6.0,6.0,9.0,3.0,2.0,9.0,2.0,2.0,,10.0,10.0,10.0,9.0,3.0,9.0,6.0,7.0,9.0,5.0,,3.0,4.0,3.0,5.0,8.0,9.0,5.0,5.0,5.0,8.0,9.0,7.0,3,8.0,10,1
2006-11-28,53663,,11,1,4911.0,90274810,UIL,U I L HOLDINGS CORP,UIL,221111.0,N,A,R,21819,1,4931.0,90274810.0,,,49.0,493.0,,,,,,,43.1,-0.007827,24636.0,1.0,43.44,1061811.6,UIL,8.0,10.0,1.0,,6.0,10,1.0,1.0,6.0,2.0,7.0,3.0,1.0,10.0,4.0,9.0,7.0,6.0,9.0,6.0,6.0,9.0,3.0,2.0,9.0,2.0,2.0,,10.0,10.0,10.0,9.0,3.0,9.0,6.0,7.0,9.0,5.0,,3.0,4.0,3.0,5.0,8.0,9.0,5.0,5.0,5.0,8.0,9.0,7.0,3,8.0,10,1
2006-11-29,53663,,11,1,4911.0,90274810,UIL,U I L HOLDINGS CORP,UIL,221111.0,N,A,R,21819,1,4931.0,90274810.0,,,49.0,493.0,,,,,,,43.02,-0.001856,24636.0,1.0,43.25,1059840.72,UIL,8.0,10.0,1.0,,6.0,10,1.0,1.0,6.0,2.0,7.0,3.0,1.0,10.0,4.0,9.0,7.0,6.0,9.0,6.0,6.0,9.0,3.0,2.0,9.0,2.0,2.0,,10.0,10.0,10.0,9.0,3.0,9.0,6.0,7.0,9.0,5.0,,3.0,4.0,3.0,5.0,8.0,9.0,5.0,5.0,5.0,8.0,9.0,7.0,3,8.0,10,1
2006-11-30,53663,,11,1,4911.0,90274810,UIL,U I L HOLDINGS CORP,UIL,221111.0,N,A,R,21819,1,4931.0,90274810.0,,,49.0,493.0,,,,,,,42.97,-0.001162,24688.0,1.0,43.1,1060843.36,UIL,8.0,10.0,1.0,,6.0,10,1.0,1.0,6.0,2.0,7.0,3.0,1.0,10.0,4.0,9.0,7.0,6.0,9.0,6.0,6.0,9.0,3.0,2.0,9.0,2.0,2.0,,10.0,10.0,10.0,9.0,3.0,9.0,6.0,7.0,9.0,5.0,,3.0,4.0,3.0,5.0,8.0,9.0,5.0,5.0,5.0,8.0,9.0,7.0,3,8.0,10,1
2006-12-01,53663,,11,1,4911.0,90274810,UIL,U I L HOLDINGS CORP,UIL,221111.0,N,A,R,21819,1,4931.0,90274810.0,,,49.0,493.0,,,,,,,42.51,-0.010705,24688.0,1.0,42.97,1049486.88,UIL,8.0,10.0,1.0,,6.0,10,1.0,1.0,6.0,2.0,7.0,3.0,1.0,10.0,4.0,9.0,7.0,6.0,9.0,6.0,6.0,9.0,3.0,2.0,9.0,2.0,2.0,,10.0,8.0,10.0,9.0,3.0,9.0,8.0,7.0,9.0,5.0,,6.0,10.0,7.0,3.0,8.0,9.0,7.0,3.0,2.0,4.0,10.0,7.0,3,8.0,10,1
2006-12-04,53663,,11,1,4911.0,90274810,UIL,U I L HOLDINGS CORP,UIL,221111.0,N,A,R,21819,1,4931.0,90274810.0,,,49.0,493.0,1232.0,0.432,0.0,,,,42.98,0.021219,24688.0,1.0,41.29,1061090.24,UIL,8.0,10.0,1.0,,6.0,10,1.0,1.0,6.0,2.0,7.0,3.0,1.0,10.0,4.0,9.0,7.0,6.0,9.0,6.0,6.0,9.0,3.0,2.0,9.0,2.0,2.0,,10.0,8.0,10.0,9.0,3.0,9.0,8.0,7.0,9.0,5.0,,6.0,10.0,7.0,3.0,8.0,9.0,7.0,3.0,2.0,4.0,10.0,7.0,3,8.0,10,1
2006-12-05,53663,,11,1,4911.0,90274810,UIL,U I L HOLDINGS CORP,UIL,221111.0,N,A,R,21819,1,4931.0,90274810.0,,,49.0,493.0,,,,,,,43.15,0.003955,24688.0,1.0,42.99,1065287.2,UIL,8.0,10.0,1.0,,6.0,10,1.0,1.0,6.0,2.0,7.0,3.0,1.0,10.0,4.0,9.0,7.0,6.0,9.0,6.0,6.0,9.0,3.0,2.0,9.0,2.0,2.0,,10.0,8.0,10.0,9.0,3.0,9.0,8.0,7.0,9.0,5.0,,6.0,10.0,7.0,3.0,8.0,9.0,7.0,3.0,2.0,4.0,10.0,7.0,3,8.0,10,1
2006-12-06,53663,,11,1,4911.0,90274810,UIL,U I L HOLDINGS CORP,UIL,221111.0,N,A,R,21819,1,4931.0,90274810.0,,,49.0,493.0,,,,,,,42.98,-0.00394,24688.0,1.0,43.0,1061090.24,UIL,8.0,10.0,1.0,,6.0,10,1.0,1.0,6.0,2.0,7.0,3.0,1.0,10.0,4.0,9.0,7.0,6.0,9.0,6.0,6.0,9.0,3.0,2.0,9.0,2.0,2.0,,10.0,8.0,10.0,9.0,3.0,9.0,8.0,7.0,9.0,5.0,,6.0,10.0,7.0,3.0,8.0,9.0,7.0,3.0,2.0,4.0,10.0,7.0,3,8.0,10,1
2006-12-07,53663,,11,1,4911.0,90274810,UIL,U I L HOLDINGS CORP,UIL,221111.0,N,A,R,21819,1,4931.0,90274810.0,,,49.0,493.0,,,,,,,42.64,-0.007911,24688.0,1.0,43.08,1052696.32,UIL,8.0,10.0,1.0,,6.0,10,1.0,1.0,6.0,2.0,7.0,3.0,1.0,10.0,4.0,9.0,7.0,6.0,9.0,6.0,6.0,9.0,3.0,2.0,9.0,2.0,2.0,,10.0,8.0,10.0,9.0,3.0,9.0,8.0,7.0,9.0,5.0,,6.0,10.0,7.0,3.0,8.0,9.0,7.0,3.0,2.0,4.0,10.0,7.0,3,8.0,10,1
2006-12-08,53663,,11,1,4911.0,90274810,UIL,U I L HOLDINGS CORP,UIL,221111.0,N,A,R,21819,1,4931.0,90274810.0,,,49.0,493.0,,,,,,,42.42,-0.00516,24688.0,1.0,42.6,1047264.96,UIL,8.0,10.0,1.0,,6.0,10,1.0,1.0,6.0,2.0,7.0,3.0,1.0,10.0,4.0,9.0,7.0,6.0,9.0,6.0,6.0,9.0,3.0,2.0,9.0,2.0,2.0,,10.0,8.0,10.0,9.0,3.0,9.0,8.0,7.0,9.0,5.0,,6.0,10.0,7.0,3.0,8.0,9.0,7.0,3.0,2.0,4.0,10.0,7.0,3,8.0,10,1
2006-12-11,53663,,11,1,4911.0,90274810,UIL,U I L HOLDINGS CORP,UIL,221111.0,N,A,R,21819,1,4931.0,90274810.0,,,49.0,493.0,,,,,,,42.59,0.004008,24688.0,1.0,42.35,1051461.92,UIL,8.0,10.0,1.0,,6.0,10,1.0,1.0,6.0,2.0,7.0,3.0,1.0,10.0,4.0,9.0,7.0,6.0,9.0,6.0,6.0,9.0,3.0,2.0,9.0,2.0,2.0,,10.0,8.0,10.0,9.0,3.0,9.0,8.0,7.0,9.0,5.0,,6.0,10.0,7.0,3.0,8.0,9.0,7.0,3.0,2.0,4.0,10.0,7.0,3,8.0,10,1
2006-12-12,53663,,11,1,4911.0,90274810,UIL,U I L HOLDINGS CORP,UIL,221111.0,N,A,R,21819,1,4931.0,90274810.0,,,49.0,493.0,,,,,,,42.9,0.007279,24688.0,1.0,42.72,1059115.2,UIL,8.0,10.0,1.0,,6.0,10,1.0,1.0,6.0,2.0,7.0,3.0,1.0,10.0,4.0,9.0,7.0,6.0,9.0,6.0,6.0,9.0,3.0,2.0,9.0,2.0,2.0,,10.0,8.0,10.0,9.0,3.0,9.0,8.0,7.0,9.0,5.0,,6.0,10.0,7.0,3.0,8.0,9.0,7.0,3.0,2.0,4.0,10.0,7.0,3,8.0,10,1
2006-12-13,53663,,11,1,4911.0,90274810,UIL,U I L HOLDINGS CORP,UIL,221111.0,N,A,R,21819,1,4931.0,90274810.0,,,49.0,493.0,,,,,,,42.9,0.0,24688.0,1.0,42.9,1059115.2,UIL,8.0,10.0,1.0,,6.0,10,1.0,1.0,6.0,2.0,7.0,3.0,1.0,10.0,4.0,9.0,7.0,6.0,9.0,6.0,6.0,9.0,3.0,2.0,9.0,2.0,2.0,,10.0,8.0,10.0,9.0,3.0,9.0,8.0,7.0,9.0,5.0,,6.0,10.0,7.0,3.0,8.0,9.0,7.0,3.0,2.0,4.0,10.0,7.0,3,8.0,10,1
2006-12-14,53663,,11,1,4911.0,90274810,UIL,U I L HOLDINGS CORP,UIL,221111.0,N,A,R,21819,1,4931.0,90274810.0,,,49.0,493.0,,,,,,,42.93,0.000699,24688.0,1.0,42.99,1059855.84,UIL,8.0,10.0,1.0,,6.0,10,1.0,1.0,6.0,2.0,7.0,3.0,1.0,10.0,4.0,9.0,7.0,6.0,9.0,6.0,6.0,9.0,3.0,2.0,9.0,2.0,2.0,,10.0,8.0,10.0,9.0,3.0,9.0,8.0,7.0,9.0,5.0,,6.0,10.0,7.0,3.0,8.0,9.0,7.0,3.0,2.0,4.0,10.0,7.0,3,8.0,10,1
2006-12-15,53663,,11,1,4911.0,90274810,UIL,U I L HOLDINGS CORP,UIL,221111.0,N,A,R,21819,1,4931.0,90274810.0,,,49.0,493.0,,,,,,,42.51,-0.009783,24688.0,1.0,42.94,1049486.88,UIL,8.0,10.0,1.0,,6.0,10,1.0,1.0,6.0,2.0,7.0,3.0,1.0,10.0,4.0,9.0,7.0,6.0,9.0,6.0,6.0,9.0,3.0,2.0,9.0,2.0,2.0,,10.0,8.0,10.0,9.0,3.0,9.0,8.0,7.0,9.0,5.0,,6.0,10.0,7.0,3.0,8.0,9.0,7.0,3.0,2.0,4.0,10.0,7.0,3,8.0,10,1
2006-12-18,53663,,11,1,4911.0,90274810,UIL,U I L HOLDINGS CORP,UIL,221111.0,N,A,R,21819,1,4931.0,90274810.0,,,49.0,493.0,,,,,,,41.84,-0.015761,24688.0,1.0,42.52,1032945.92,UIL,8.0,10.0,1.0,,6.0,10,1.0,1.0,6.0,2.0,7.0,3.0,1.0,10.0,4.0,9.0,7.0,6.0,9.0,6.0,6.0,9.0,3.0,2.0,9.0,2.0,2.0,,10.0,8.0,10.0,9.0,3.0,9.0,8.0,7.0,9.0,5.0,,6.0,10.0,7.0,3.0,8.0,9.0,7.0,3.0,2.0,4.0,10.0,7.0,3,8.0,10,1
2006-12-19,53663,,11,1,4911.0,90274810,UIL,U I L HOLDINGS CORP,UIL,221111.0,N,A,R,21819,1,4931.0,90274810.0,,,49.0,493.0,,,,,,,42.28,0.010516,24688.0,1.0,41.7,1043808.64,UIL,8.0,10.0,1.0,,6.0,10,1.0,1.0,6.0,2.0,7.0,3.0,1.0,10.0,4.0,9.0,7.0,6.0,9.0,6.0,6.0,9.0,3.0,2.0,9.0,2.0,2.0,,10.0,8.0,10.0,9.0,3.0,9.0,8.0,7.0,9.0,5.0,,6.0,10.0,7.0,3.0,8.0,9.0,7.0,3.0,2.0,4.0,10.0,7.0,3,8.0,10,1
2006-12-20,53663,,11,1,4911.0,90274810,UIL,U I L HOLDINGS CORP,UIL,221111.0,N,A,R,21819,1,4931.0,90274810.0,,,49.0,493.0,,,,,,,42.21,-0.001656,24688.0,1.0,42.28,1042080.48,UIL,8.0,10.0,1.0,,6.0,10,1.0,1.0,6.0,2.0,7.0,3.0,1.0,10.0,4.0,9.0,7.0,6.0,9.0,6.0,6.0,9.0,3.0,2.0,9.0,2.0,2.0,,10.0,8.0,10.0,9.0,3.0,9.0,8.0,7.0,9.0,5.0,,6.0,10.0,7.0,3.0,8.0,9.0,7.0,3.0,2.0,4.0,10.0,7.0,3,8.0,10,1
2006-12-21,53663,,11,1,4911.0,90274810,UIL,U I L HOLDINGS CORP,UIL,221111.0,N,A,R,21819,1,4931.0,90274810.0,,,49.0,493.0,,,,,,,42.17,-0.000948,24688.0,1.0,42.3,1041092.96,UIL,8.0,10.0,1.0,,6.0,10,1.0,1.0,6.0,2.0,7.0,3.0,1.0,10.0,4.0,9.0,7.0,6.0,9.0,6.0,6.0,9.0,3.0,2.0,9.0,2.0,2.0,,10.0,8.0,10.0,9.0,3.0,9.0,8.0,7.0,9.0,5.0,,6.0,10.0,7.0,3.0,8.0,9.0,7.0,3.0,2.0,4.0,10.0,7.0,3,8.0,10,1
2006-12-22,53663,,11,1,4911.0,90274810,UIL,U I L HOLDINGS CORP,UIL,221111.0,N,A,R,21819,1,4931.0,90274810.0,,,49.0,493.0,,,,,,,41.67,-0.011857,24688.0,1.0,42.17,1028748.96,UIL,8.0,10.0,1.0,,6.0,10,1.0,1.0,6.0,2.0,7.0,3.0,1.0,10.0,4.0,9.0,7.0,6.0,9.0,6.0,6.0,9.0,3.0,2.0,9.0,2.0,2.0,,10.0,8.0,10.0,9.0,3.0,9.0,8.0,7.0,9.0,5.0,,6.0,10.0,7.0,3.0,8.0,9.0,7.0,3.0,2.0,4.0,10.0,7.0,3,8.0,10,1
2006-12-26,53663,,11,1,4911.0,90274810,UIL,U I L HOLDINGS CORP,UIL,221111.0,N,A,R,21819,1,4931.0,90274810.0,,,49.0,493.0,,,,,,,42.37,0.016799,24688.0,1.0,41.67,1046030.56,UIL,8.0,10.0,1.0,,6.0,10,1.0,1.0,6.0,2.0,7.0,3.0,1.0,10.0,4.0,9.0,7.0,6.0,9.0,6.0,6.0,9.0,3.0,2.0,9.0,2.0,2.0,,10.0,8.0,10.0,9.0,3.0,9.0,8.0,7.0,9.0,5.0,,6.0,10.0,7.0,3.0,8.0,9.0,7.0,3.0,2.0,4.0,10.0,7.0,3,8.0,10,1
2006-12-27,53663,,11,1,4911.0,90274810,UIL,U I L HOLDINGS CORP,UIL,221111.0,N,A,R,21819,1,4931.0,90274810.0,,,49.0,493.0,,,,,,,43.01,0.015105,24688.0,1.0,42.57,1061830.88,UIL,8.0,10.0,1.0,,6.0,10,1.0,1.0,6.0,2.0,7.0,3.0,1.0,10.0,4.0,9.0,7.0,6.0,9.0,6.0,6.0,9.0,3.0,2.0,9.0,2.0,2.0,,10.0,8.0,10.0,9.0,3.0,9.0,8.0,7.0,9.0,5.0,,6.0,10.0,7.0,3.0,8.0,9.0,7.0,3.0,2.0,4.0,10.0,7.0,3,8.0,10,1
2006-12-28,53663,,11,1,4911.0,90274810,UIL,U I L HOLDINGS CORP,UIL,221111.0,N,A,R,21819,1,4931.0,90274810.0,,,49.0,493.0,,,,,,,42.68,-0.007673,24688.0,1.0,43.0,1053683.84,UIL,8.0,10.0,1.0,,6.0,10,1.0,1.0,6.0,2.0,7.0,3.0,1.0,10.0,4.0,9.0,7.0,6.0,9.0,6.0,6.0,9.0,3.0,2.0,9.0,2.0,2.0,,10.0,8.0,10.0,9.0,3.0,9.0,8.0,7.0,9.0,5.0,,6.0,10.0,7.0,3.0,8.0,9.0,7.0,3.0,2.0,4.0,10.0,7.0,3,8.0,10,1
2006-12-29,53663,,11,1,4911.0,90274810,UIL,U I L HOLDINGS CORP,UIL,221111.0,N,A,R,21819,1,4931.0,90274810.0,,,49.0,493.0,,,,,,,42.19,-0.011481,24688.0,1.0,42.58,1041586.72,UIL,8.0,10.0,1.0,,6.0,10,1.0,1.0,6.0,2.0,7.0,3.0,1.0,10.0,4.0,9.0,7.0,6.0,9.0,6.0,6.0,9.0,3.0,2.0,9.0,2.0,2.0,,10.0,8.0,10.0,9.0,3.0,9.0,8.0,7.0,9.0,5.0,,6.0,10.0,7.0,3.0,8.0,9.0,7.0,3.0,2.0,4.0,10.0,7.0,3,8.0,10,1
2007-01-03,53663,,11,1,4911.0,90274810,UIL,U I L HOLDINGS CORP,UIL,221111.0,N,A,R,21819,1,4931.0,90274810.0,,,49.0,493.0,,,,,,,42.48,0.006874,24688.0,1.0,42.2,1048746.24,UIL,8.0,10.0,1.0,,6.0,10,1.0,1.0,6.0,2.0,7.0,3.0,1.0,10.0,4.0,9.0,7.0,6.0,9.0,6.0,6.0,9.0,3.0,2.0,9.0,2.0,2.0,,10.0,8.0,10.0,9.0,4.0,10.0,8.0,8.0,9.0,5.0,,6.0,10.0,7.0,7.0,9.0,9.0,5.0,7.0,7.0,8.0,10.0,7.0,3,8.0,10,1
2007-01-04,53663,,11,1,4911.0,90274810,UIL,U I L HOLDINGS CORP,UIL,221111.0,N,A,R,21819,1,4931.0,90274810.0,,,49.0,493.0,,,,,,,42.53,0.001177,24688.0,1.0,42.51,1049980.64,UIL,8.0,10.0,1.0,,6.0,10,1.0,1.0,6.0,2.0,7.0,3.0,1.0,10.0,4.0,9.0,7.0,6.0,9.0,6.0,6.0,9.0,3.0,2.0,9.0,2.0,2.0,,10.0,8.0,10.0,9.0,4.0,10.0,8.0,8.0,9.0,5.0,,6.0,10.0,7.0,7.0,9.0,9.0,5.0,7.0,7.0,8.0,10.0,7.0,3,8.0,10,1
2007-01-05,53663,,11,1,4911.0,90274810,UIL,U I L HOLDINGS CORP,UIL,221111.0,N,A,R,21819,1,4931.0,90274810.0,,,49.0,493.0,,,,,,,41.29,-0.029156,24688.0,1.0,41.92,1019367.52,UIL,8.0,10.0,1.0,,6.0,10,1.0,1.0,6.0,2.0,7.0,3.0,1.0,10.0,4.0,9.0,7.0,6.0,9.0,6.0,6.0,9.0,3.0,2.0,9.0,2.0,2.0,,10.0,8.0,10.0,9.0,4.0,10.0,8.0,8.0,9.0,5.0,,6.0,10.0,7.0,7.0,9.0,9.0,5.0,7.0,7.0,8.0,10.0,7.0,3,8.0,10,1
2007-01-08,53663,,11,1,4911.0,90274810,UIL,U I L HOLDINGS CORP,UIL,221111.0,N,A,R,21819,1,4931.0,90274810.0,,,49.0,493.0,,,,,,,40.96,-0.007992,24688.0,1.0,41.2,1011220.48,UIL,8.0,10.0,1.0,,6.0,10,1.0,1.0,6.0,2.0,7.0,3.0,1.0,10.0,4.0,9.0,7.0,6.0,9.0,6.0,6.0,9.0,3.0,2.0,9.0,2.0,2.0,,10.0,8.0,10.0,9.0,4.0,10.0,8.0,8.0,9.0,5.0,,6.0,10.0,7.0,7.0,9.0,9.0,5.0,7.0,7.0,8.0,10.0,7.0,3,8.0,10,1
2007-01-09,53663,,11,1,4911.0,90274810,UIL,U I L HOLDINGS CORP,UIL,221111.0,N,A,R,21819,1,4931.0,90274810.0,,,49.0,493.0,,,,,,,41.17,0.005127,24688.0,1.0,40.96,1016404.96,UIL,8.0,10.0,1.0,,6.0,10,1.0,1.0,6.0,2.0,7.0,3.0,1.0,10.0,4.0,9.0,7.0,6.0,9.0,6.0,6.0,9.0,3.0,2.0,9.0,2.0,2.0,,10.0,8.0,10.0,9.0,4.0,10.0,8.0,8.0,9.0,5.0,,6.0,10.0,7.0,7.0,9.0,9.0,5.0,7.0,7.0,8.0,10.0,7.0,3,8.0,10,1
2007-01-10,53663,,11,1,4911.0,90274810,UIL,U I L HOLDINGS CORP,UIL,221111.0,N,A,R,21819,1,4931.0,90274810.0,,,49.0,493.0,,,,,,,41.01,-0.003886,24688.0,1.0,41.07,1012454.88,UIL,8.0,10.0,1.0,,6.0,10,1.0,1.0,6.0,2.0,7.0,3.0,1.0,10.0,4.0,9.0,7.0,6.0,9.0,6.0,6.0,9.0,3.0,2.0,9.0,2.0,2.0,,10.0,8.0,10.0,9.0,4.0,10.0,8.0,8.0,9.0,5.0,,6.0,10.0,7.0,7.0,9.0,9.0,5.0,7.0,7.0,8.0,10.0,7.0,3,8.0,10,1
2007-01-11,53663,,11,1,4911.0,90274810,UIL,U I L HOLDINGS CORP,UIL,221111.0,N,A,R,21819,1,4931.0,90274810.0,,,49.0,493.0,,,,,,,41.19,0.004389,24688.0,1.0,41.06,1016898.72,UIL,8.0,10.0,1.0,,6.0,10,1.0,1.0,6.0,2.0,7.0,3.0,1.0,10.0,4.0,9.0,7.0,6.0,9.0,6.0,6.0,9.0,3.0,2.0,9.0,2.0,2.0,,10.0,8.0,10.0,9.0,4.0,10.0,8.0,8.0,9.0,5.0,,6.0,10.0,7.0,7.0,9.0,9.0,5.0,7.0,7.0,8.0,10.0,7.0,3,8.0,10,1
2007-01-12,53663,,11,1,4911.0,90274810,UIL,U I L HOLDINGS CORP,UIL,221111.0,N,A,R,21819,1,4931.0,90274810.0,,,49.0,493.0,,,,,,,41.4,0.005098,24688.0,1.0,41.2,1022083.2,UIL,8.0,10.0,1.0,,6.0,10,1.0,1.0,6.0,2.0,7.0,3.0,1.0,10.0,4.0,9.0,7.0,6.0,9.0,6.0,6.0,9.0,3.0,2.0,9.0,2.0,2.0,,10.0,8.0,10.0,9.0,4.0,10.0,8.0,8.0,9.0,5.0,,6.0,10.0,7.0,7.0,9.0,9.0,5.0,7.0,7.0,8.0,10.0,7.0,3,8.0,10,1
2007-01-16,53663,,11,1,4911.0,90274810,UIL,U I L HOLDINGS CORP,UIL,221111.0,N,A,R,21819,1,4931.0,90274810.0,,,49.0,493.0,,,,,,,39.96,-0.034783,24688.0,1.0,41.2,986532.48,UIL,8.0,10.0,1.0,,6.0,10,1.0,1.0,6.0,2.0,7.0,3.0,1.0,10.0,4.0,9.0,7.0,6.0,9.0,6.0,6.0,9.0,3.0,2.0,9.0,2.0,2.0,,10.0,8.0,10.0,9.0,4.0,10.0,8.0,8.0,9.0,5.0,,6.0,10.0,7.0,7.0,9.0,9.0,5.0,7.0,7.0,8.0,10.0,7.0,3,8.0,10,1
2007-01-17,53663,,11,1,4911.0,90274810,UIL,U I L HOLDINGS CORP,UIL,221111.0,N,A,R,21819,1,4931.0,90274810.0,,,49.0,493.0,,,,,,,38.94,-0.025526,24688.0,1.0,39.9,961350.72,UIL,8.0,10.0,1.0,,6.0,10,1.0,1.0,6.0,2.0,7.0,3.0,1.0,10.0,4.0,9.0,7.0,6.0,9.0,6.0,6.0,9.0,3.0,2.0,9.0,2.0,2.0,,10.0,8.0,10.0,9.0,4.0,10.0,8.0,8.0,9.0,5.0,,6.0,10.0,7.0,7.0,9.0,9.0,5.0,7.0,7.0,8.0,10.0,7.0,3,8.0,10,1
2007-01-18,53663,,11,1,4911.0,90274810,UIL,U I L HOLDINGS CORP,UIL,221111.0,N,A,R,21819,1,4931.0,90274810.0,,,49.0,493.0,,,,,,,38.94,0.0,24688.0,1.0,38.94,961350.72,UIL,8.0,10.0,1.0,,6.0,10,1.0,1.0,6.0,2.0,7.0,3.0,1.0,10.0,4.0,9.0,7.0,6.0,9.0,6.0,6.0,9.0,3.0,2.0,9.0,2.0,2.0,,10.0,8.0,10.0,9.0,4.0,10.0,8.0,8.0,9.0,5.0,,6.0,10.0,7.0,7.0,9.0,9.0,5.0,7.0,7.0,8.0,10.0,7.0,3,8.0,10,1
2007-01-19,53663,,11,1,4911.0,90274810,UIL,U I L HOLDINGS CORP,UIL,221111.0,N,A,R,21819,1,4931.0,90274810.0,,,49.0,493.0,,,,,,,38.96,0.000514,24688.0,1.0,39.0,961844.48,UIL,8.0,10.0,1.0,,6.0,10,1.0,1.0,6.0,2.0,7.0,3.0,1.0,10.0,4.0,9.0,7.0,6.0,9.0,6.0,6.0,9.0,3.0,2.0,9.0,2.0,2.0,,10.0,8.0,10.0,9.0,4.0,10.0,8.0,8.0,9.0,5.0,,6.0,10.0,7.0,7.0,9.0,9.0,5.0,7.0,7.0,8.0,10.0,7.0,3,8.0,10,1
2007-01-22,53663,,11,1,4911.0,90274810,UIL,U I L HOLDINGS CORP,UIL,221111.0,N,A,R,21819,1,4931.0,90274810.0,,,49.0,493.0,,,,,,,38.28,-0.017454,24688.0,1.0,38.95,945056.64,UIL,8.0,10.0,1.0,,6.0,10,1.0,1.0,6.0,2.0,7.0,3.0,1.0,10.0,4.0,9.0,7.0,6.0,9.0,6.0,6.0,9.0,3.0,2.0,9.0,2.0,2.0,,10.0,8.0,10.0,9.0,4.0,10.0,8.0,8.0,9.0,5.0,,6.0,10.0,7.0,7.0,9.0,9.0,5.0,7.0,7.0,8.0,10.0,7.0,3,8.0,10,1
2007-01-23,53663,,11,1,4911.0,90274810,UIL,U I L HOLDINGS CORP,UIL,221111.0,N,A,R,21819,1,4931.0,90274810.0,,,49.0,493.0,,,,,,,38.64,0.009404,24688.0,1.0,38.25,953944.32,UIL,8.0,10.0,1.0,,6.0,10,1.0,1.0,6.0,2.0,7.0,3.0,1.0,10.0,4.0,9.0,7.0,6.0,9.0,6.0,6.0,9.0,3.0,2.0,9.0,2.0,2.0,,10.0,8.0,10.0,9.0,4.0,10.0,8.0,8.0,9.0,5.0,,6.0,10.0,7.0,7.0,9.0,9.0,5.0,7.0,7.0,8.0,10.0,7.0,3,8.0,10,1
2007-01-24,53663,,11,1,4911.0,90274810,UIL,U I L HOLDINGS CORP,UIL,221111.0,N,A,R,21819,1,4931.0,90274810.0,,,49.0,493.0,,,,,,,38.69,0.001294,24688.0,1.0,38.47,955178.72,UIL,8.0,10.0,1.0,,6.0,10,1.0,1.0,6.0,2.0,7.0,3.0,1.0,10.0,4.0,9.0,7.0,6.0,9.0,6.0,6.0,9.0,3.0,2.0,9.0,2.0,2.0,,10.0,8.0,10.0,9.0,4.0,10.0,8.0,8.0,9.0,5.0,,6.0,10.0,7.0,7.0,9.0,9.0,5.0,7.0,7.0,8.0,10.0,7.0,3,8.0,10,1
2007-01-25,53663,,11,1,4911.0,90274810,UIL,U I L HOLDINGS CORP,UIL,221111.0,N,A,R,21819,1,4931.0,90274810.0,,,49.0,493.0,,,,,,,37.89,-0.020677,24688.0,1.0,38.65,935428.32,UIL,8.0,10.0,1.0,,6.0,10,1.0,1.0,6.0,2.0,7.0,3.0,1.0,10.0,4.0,9.0,7.0,6.0,9.0,6.0,6.0,9.0,3.0,2.0,9.0,2.0,2.0,,10.0,8.0,10.0,9.0,4.0,10.0,8.0,8.0,9.0,5.0,,6.0,10.0,7.0,7.0,9.0,9.0,5.0,7.0,7.0,8.0,10.0,7.0,3,8.0,10,1
2007-01-26,53663,,11,1,4911.0,90274810,UIL,U I L HOLDINGS CORP,UIL,221111.0,N,A,R,21819,1,4931.0,90274810.0,,,49.0,493.0,,,,,,,38.05,0.004223,24688.0,1.0,37.85,939378.4,UIL,8.0,10.0,1.0,,6.0,10,1.0,1.0,6.0,2.0,7.0,3.0,1.0,10.0,4.0,9.0,7.0,6.0,9.0,6.0,6.0,9.0,3.0,2.0,9.0,2.0,2.0,,10.0,8.0,10.0,9.0,4.0,10.0,8.0,8.0,9.0,5.0,,6.0,10.0,7.0,7.0,9.0,9.0,5.0,7.0,7.0,8.0,10.0,7.0,3,8.0,10,1
2007-01-29,53663,,11,1,4911.0,90274810,UIL,U I L HOLDINGS CORP,UIL,221111.0,N,A,R,21819,1,4931.0,90274810.0,,,49.0,493.0,,,,,,,38.44,0.01025,24688.0,1.0,37.8,949006.72,UIL,8.0,10.0,1.0,,6.0,10,1.0,1.0,6.0,2.0,7.0,3.0,1.0,10.0,4.0,9.0,7.0,6.0,9.0,6.0,6.0,9.0,3.0,2.0,9.0,2.0,2.0,,10.0,8.0,10.0,9.0,4.0,10.0,8.0,8.0,9.0,5.0,,6.0,10.0,7.0,7.0,9.0,9.0,5.0,7.0,7.0,8.0,10.0,7.0,3,8.0,10,1
2007-01-30,53663,,11,1,4911.0,90274810,UIL,U I L HOLDINGS CORP,UIL,221111.0,N,A,R,21819,1,4931.0,90274810.0,,,49.0,493.0,,,,,,,38.79,0.009105,24688.0,1.0,38.5,957647.52,UIL,8.0,10.0,1.0,,6.0,10,1.0,1.0,6.0,2.0,7.0,3.0,1.0,10.0,4.0,9.0,7.0,6.0,9.0,6.0,6.0,9.0,3.0,2.0,9.0,2.0,2.0,,10.0,8.0,10.0,9.0,4.0,10.0,8.0,8.0,9.0,5.0,,6.0,10.0,7.0,7.0,9.0,9.0,5.0,7.0,7.0,8.0,10.0,7.0,3,8.0,10,1
2007-01-31,53663,,11,1,4911.0,90274810,UIL,U I L HOLDINGS CORP,UIL,221111.0,N,A,R,21819,1,4931.0,90274810.0,,,49.0,493.0,,,,,,,38.81,0.000516,24688.0,1.0,38.64,958141.28,UIL,8.0,10.0,1.0,,6.0,10,1.0,1.0,6.0,2.0,7.0,3.0,1.0,10.0,4.0,9.0,7.0,6.0,9.0,6.0,6.0,9.0,3.0,2.0,9.0,2.0,2.0,,10.0,8.0,10.0,9.0,4.0,10.0,8.0,8.0,9.0,5.0,,6.0,10.0,7.0,7.0,9.0,9.0,5.0,7.0,7.0,8.0,10.0,7.0,3,8.0,10,1
2007-02-01,53663,,11,1,4911.0,90274810,UIL,U I L HOLDINGS CORP,UIL,221111.0,N,A,R,21819,1,4931.0,90274810.0,,,49.0,493.0,,,,,,,38.99,0.004638,24688.0,1.0,38.8,962585.12,UIL,8.0,10.0,1.0,,6.0,10,1.0,1.0,6.0,2.0,7.0,3.0,1.0,10.0,4.0,9.0,7.0,6.0,9.0,6.0,6.0,9.0,3.0,2.0,9.0,2.0,2.0,,9.0,3.0,10.0,9.0,3.0,10.0,9.0,8.0,9.0,5.0,,6.0,10.0,7.0,10.0,8.0,9.0,8.0,10.0,10.0,8.0,10.0,6.0,3,8.0,10,1
2007-02-02,53663,,11,1,4911.0,90274810,UIL,U I L HOLDINGS CORP,UIL,221111.0,N,A,R,21819,1,4931.0,90274810.0,,,49.0,493.0,,,,,,,38.82,-0.00436,24688.0,1.0,39.09,958388.16,UIL,8.0,10.0,1.0,,6.0,10,1.0,1.0,6.0,2.0,7.0,3.0,1.0,10.0,4.0,9.0,7.0,6.0,9.0,6.0,6.0,9.0,3.0,2.0,9.0,2.0,2.0,,9.0,3.0,10.0,9.0,3.0,10.0,9.0,8.0,9.0,5.0,,6.0,10.0,7.0,10.0,8.0,9.0,8.0,10.0,10.0,8.0,10.0,6.0,3,8.0,10,1
2007-02-05,53663,,11,1,4911.0,90274810,UIL,U I L HOLDINGS CORP,UIL,221111.0,N,A,R,21819,1,4931.0,90274810.0,,,49.0,493.0,,,,,,,38.92,0.002576,24688.0,1.0,38.8,960856.96,UIL,8.0,10.0,1.0,,6.0,10,1.0,1.0,6.0,2.0,7.0,3.0,1.0,10.0,4.0,9.0,7.0,6.0,9.0,6.0,6.0,9.0,3.0,2.0,9.0,2.0,2.0,,9.0,3.0,10.0,9.0,3.0,10.0,9.0,8.0,9.0,5.0,,6.0,10.0,7.0,10.0,8.0,9.0,8.0,10.0,10.0,8.0,10.0,6.0,3,8.0,10,1
2007-02-06,53663,,11,1,4911.0,90274810,UIL,U I L HOLDINGS CORP,UIL,221111.0,N,A,R,21819,1,4931.0,90274810.0,,,49.0,493.0,,,,,,,38.89,-0.000771,24688.0,1.0,38.92,960116.32,UIL,8.0,10.0,1.0,,6.0,10,1.0,1.0,6.0,2.0,7.0,3.0,1.0,10.0,4.0,9.0,7.0,6.0,9.0,6.0,6.0,9.0,3.0,2.0,9.0,2.0,2.0,,9.0,3.0,10.0,9.0,3.0,10.0,9.0,8.0,9.0,5.0,,6.0,10.0,7.0,10.0,8.0,9.0,8.0,10.0,10.0,8.0,10.0,6.0,3,8.0,10,1
2007-02-07,53663,,11,1,4911.0,90274810,UIL,U I L HOLDINGS CORP,UIL,221111.0,N,A,R,21819,1,4931.0,90274810.0,,,49.0,493.0,,,,,,,39.24,0.009,24688.0,1.0,38.89,968757.12,UIL,8.0,10.0,1.0,,6.0,10,1.0,1.0,6.0,2.0,7.0,3.0,1.0,10.0,4.0,9.0,7.0,6.0,9.0,6.0,6.0,9.0,3.0,2.0,9.0,2.0,2.0,,9.0,3.0,10.0,9.0,3.0,10.0,9.0,8.0,9.0,5.0,,6.0,10.0,7.0,10.0,8.0,9.0,8.0,10.0,10.0,8.0,10.0,6.0,3,8.0,10,1
2007-02-08,53663,,11,1,4911.0,90274810,UIL,U I L HOLDINGS CORP,UIL,221111.0,N,A,R,21819,1,4931.0,90274810.0,,,49.0,493.0,,,,,,,39.0,-0.006116,24688.0,1.0,39.14,962832.0,UIL,8.0,10.0,1.0,,6.0,10,1.0,1.0,6.0,2.0,7.0,3.0,1.0,10.0,4.0,9.0,7.0,6.0,9.0,6.0,6.0,9.0,3.0,2.0,9.0,2.0,2.0,,9.0,3.0,10.0,9.0,3.0,10.0,9.0,8.0,9.0,5.0,,6.0,10.0,7.0,10.0,8.0,9.0,8.0,10.0,10.0,8.0,10.0,6.0,3,8.0,10,1
2007-02-09,53663,,11,1,4911.0,90274810,UIL,U I L HOLDINGS CORP,UIL,221111.0,N,A,R,21819,1,4931.0,90274810.0,,,49.0,493.0,,,,,,,38.95,-0.001282,24688.0,1.0,38.97,961597.6,UIL,8.0,10.0,1.0,,6.0,10,1.0,1.0,6.0,2.0,7.0,3.0,1.0,10.0,4.0,9.0,7.0,6.0,9.0,6.0,6.0,9.0,3.0,2.0,9.0,2.0,2.0,,9.0,3.0,10.0,9.0,3.0,10.0,9.0,8.0,9.0,5.0,,6.0,10.0,7.0,10.0,8.0,9.0,8.0,10.0,10.0,8.0,10.0,6.0,3,8.0,10,1
2007-02-12,53663,,11,1,4911.0,90274810,UIL,U I L HOLDINGS CORP,UIL,221111.0,N,A,R,21819,1,4931.0,90274810.0,,,49.0,493.0,,,,,,,38.99,0.001027,24688.0,1.0,38.9,962585.12,UIL,8.0,10.0,1.0,,6.0,10,1.0,1.0,6.0,2.0,7.0,3.0,1.0,10.0,4.0,9.0,7.0,6.0,9.0,6.0,6.0,9.0,3.0,2.0,9.0,2.0,2.0,,9.0,3.0,10.0,9.0,3.0,10.0,9.0,8.0,9.0,5.0,,6.0,10.0,7.0,10.0,8.0,9.0,8.0,10.0,10.0,8.0,10.0,6.0,3,8.0,10,1
2007-02-13,53663,,11,1,4911.0,90274810,UIL,U I L HOLDINGS CORP,UIL,221111.0,N,A,R,21819,1,4931.0,90274810.0,,,49.0,493.0,,,,,,,39.1,0.002821,24688.0,1.0,39.01,965300.8,UIL,8.0,10.0,1.0,,6.0,10,1.0,1.0,6.0,2.0,7.0,3.0,1.0,10.0,4.0,9.0,7.0,6.0,9.0,6.0,6.0,9.0,3.0,2.0,9.0,2.0,2.0,,9.0,3.0,10.0,9.0,3.0,10.0,9.0,8.0,9.0,5.0,,6.0,10.0,7.0,10.0,8.0,9.0,8.0,10.0,10.0,8.0,10.0,6.0,3,8.0,10,1
2007-02-14,53663,,11,1,4911.0,90274810,UIL,U I L HOLDINGS CORP,UIL,221111.0,N,A,R,21819,1,4931.0,90274810.0,,,49.0,493.0,,,,,,,38.74,-0.009207,24688.0,1.0,39.3,956413.12,UIL,8.0,10.0,1.0,,6.0,10,1.0,1.0,6.0,2.0,7.0,3.0,1.0,10.0,4.0,9.0,7.0,6.0,9.0,6.0,6.0,9.0,3.0,2.0,9.0,2.0,2.0,,9.0,3.0,10.0,9.0,3.0,10.0,9.0,8.0,9.0,5.0,,6.0,10.0,7.0,10.0,8.0,9.0,8.0,10.0,10.0,8.0,10.0,6.0,3,8.0,10,1
2007-02-15,53663,,11,1,4911.0,90274810,UIL,U I L HOLDINGS CORP,UIL,221111.0,N,A,R,21819,1,4931.0,90274810.0,,,49.0,493.0,,,,,,,39.07,0.008518,24688.0,1.0,38.69,964560.16,UIL,8.0,10.0,1.0,,6.0,10,1.0,1.0,6.0,2.0,7.0,3.0,1.0,10.0,4.0,9.0,7.0,6.0,9.0,6.0,6.0,9.0,3.0,2.0,9.0,2.0,2.0,,9.0,3.0,10.0,9.0,3.0,10.0,9.0,8.0,9.0,5.0,,6.0,10.0,7.0,10.0,8.0,9.0,8.0,10.0,10.0,8.0,10.0,6.0,3,8.0,10,1
2007-02-16,53663,,11,1,4911.0,90274810,UIL,U I L HOLDINGS CORP,UIL,221111.0,N,A,R,21819,1,4931.0,90274810.0,,,49.0,493.0,,,,,,,38.97,-0.002559,24688.0,1.0,39.07,962091.36,UIL,8.0,10.0,1.0,,6.0,10,1.0,1.0,6.0,2.0,7.0,3.0,1.0,10.0,4.0,9.0,7.0,6.0,9.0,6.0,6.0,9.0,3.0,2.0,9.0,2.0,2.0,,9.0,3.0,10.0,9.0,3.0,10.0,9.0,8.0,9.0,5.0,,6.0,10.0,7.0,10.0,8.0,9.0,8.0,10.0,10.0,8.0,10.0,6.0,3,8.0,10,1
2007-02-20,53663,,11,1,4911.0,90274810,UIL,U I L HOLDINGS CORP,UIL,221111.0,N,A,R,21819,1,4931.0,90274810.0,,,49.0,493.0,,,,,,,39.42,0.011547,24688.0,1.0,38.94,973200.96,UIL,8.0,10.0,1.0,,6.0,10,1.0,1.0,6.0,2.0,7.0,3.0,1.0,10.0,4.0,9.0,7.0,6.0,9.0,6.0,6.0,9.0,3.0,2.0,9.0,2.0,2.0,,9.0,3.0,10.0,9.0,3.0,10.0,9.0,8.0,9.0,5.0,,6.0,10.0,7.0,10.0,8.0,9.0,8.0,10.0,10.0,8.0,10.0,6.0,3,8.0,10,1
2007-02-21,53663,,11,1,4911.0,90274810,UIL,U I L HOLDINGS CORP,UIL,221111.0,N,A,R,21819,1,4931.0,90274810.0,,,49.0,493.0,,,,,,,39.75,0.008371,24688.0,1.0,39.4,981348.0,UIL,8.0,10.0,1.0,,6.0,10,1.0,1.0,6.0,2.0,7.0,3.0,1.0,10.0,4.0,9.0,7.0,6.0,9.0,6.0,6.0,9.0,3.0,2.0,9.0,2.0,2.0,,9.0,3.0,10.0,9.0,3.0,10.0,9.0,8.0,9.0,5.0,,6.0,10.0,7.0,10.0,8.0,9.0,8.0,10.0,10.0,8.0,10.0,6.0,3,8.0,10,1
2007-02-22,53663,,11,1,4911.0,90274810,UIL,U I L HOLDINGS CORP,UIL,221111.0,N,A,R,21819,1,4931.0,90274810.0,,,49.0,493.0,,,,,,,39.1,-0.016352,24688.0,1.0,39.75,965300.8,UIL,8.0,10.0,1.0,,6.0,10,1.0,1.0,6.0,2.0,7.0,3.0,1.0,10.0,4.0,9.0,7.0,6.0,9.0,6.0,6.0,9.0,3.0,2.0,9.0,2.0,2.0,,9.0,3.0,10.0,9.0,3.0,10.0,9.0,8.0,9.0,5.0,,6.0,10.0,7.0,10.0,8.0,9.0,8.0,10.0,10.0,8.0,10.0,6.0,3,8.0,10,1
2007-02-23,53663,,11,1,4911.0,90274810,UIL,U I L HOLDINGS CORP,UIL,221111.0,N,A,R,21819,1,4931.0,90274810.0,,,49.0,493.0,,,,,,,38.68,-0.010742,24688.0,1.0,39.1,954931.84,UIL,8.0,10.0,1.0,,6.0,10,1.0,1.0,6.0,2.0,7.0,3.0,1.0,10.0,4.0,9.0,7.0,6.0,9.0,6.0,6.0,9.0,3.0,2.0,9.0,2.0,2.0,,9.0,3.0,10.0,9.0,3.0,10.0,9.0,8.0,9.0,5.0,,6.0,10.0,7.0,10.0,8.0,9.0,8.0,10.0,10.0,8.0,10.0,6.0,3,8.0,10,1
2007-02-26,53663,,11,1,4911.0,90274810,UIL,U I L HOLDINGS CORP,UIL,221111.0,N,A,R,21819,1,4931.0,90274810.0,,,49.0,493.0,,,,,,,38.42,-0.006722,24688.0,1.0,38.68,948512.96,UIL,8.0,10.0,1.0,,6.0,10,1.0,1.0,6.0,2.0,7.0,3.0,1.0,10.0,4.0,9.0,7.0,6.0,9.0,6.0,6.0,9.0,3.0,2.0,9.0,2.0,2.0,,9.0,3.0,10.0,9.0,3.0,10.0,9.0,8.0,9.0,5.0,,6.0,10.0,7.0,10.0,8.0,9.0,8.0,10.0,10.0,8.0,10.0,6.0,3,8.0,10,1
2007-02-27,53663,,11,1,4911.0,90274810,UIL,U I L HOLDINGS CORP,UIL,221111.0,N,A,R,21819,1,4931.0,90274810.0,,,49.0,493.0,,,,,,,37.49,-0.024206,24688.0,1.0,38.37,925553.12,UIL,8.0,10.0,1.0,,6.0,10,1.0,1.0,6.0,2.0,7.0,3.0,1.0,10.0,4.0,9.0,7.0,6.0,9.0,6.0,6.0,9.0,3.0,2.0,9.0,2.0,2.0,,9.0,3.0,10.0,9.0,3.0,10.0,9.0,8.0,9.0,5.0,,6.0,10.0,7.0,10.0,8.0,9.0,8.0,10.0,10.0,8.0,10.0,6.0,3,8.0,10,1
2007-02-28,53663,,11,1,4911.0,90274810,UIL,U I L HOLDINGS CORP,UIL,221111.0,N,A,R,21819,1,4931.0,90274810.0,,,49.0,493.0,,,,,,,36.43,-0.028274,25058.0,1.0,37.49,912862.94,UIL,8.0,10.0,1.0,,6.0,10,1.0,1.0,6.0,2.0,7.0,3.0,1.0,10.0,4.0,9.0,7.0,6.0,9.0,6.0,6.0,9.0,3.0,2.0,9.0,2.0,2.0,,9.0,3.0,10.0,9.0,3.0,10.0,9.0,8.0,9.0,5.0,,6.0,10.0,7.0,10.0,8.0,9.0,8.0,10.0,10.0,8.0,10.0,6.0,3,8.0,10,1
2007-03-01,53663,,11,1,4911.0,90274810,UIL,U I L HOLDINGS CORP,UIL,221111.0,N,A,R,21819,1,4931.0,90274810.0,,,49.0,493.0,,,,,,,36.09,-0.009333,25058.0,1.0,36.0,904343.22,UIL,8.0,10.0,1.0,,6.0,10,1.0,1.0,6.0,2.0,7.0,3.0,1.0,10.0,4.0,9.0,7.0,6.0,9.0,6.0,6.0,9.0,3.0,2.0,9.0,2.0,2.0,,5.0,5.0,9.0,6.0,3.0,9.0,9.0,8.0,10.0,3.0,3.0,2.0,2.0,2.0,9.0,8.0,9.0,8.0,10.0,10.0,9.0,10.0,6.0,3,7.0,10,1
2007-03-02,53663,,11,1,4911.0,90274810,UIL,U I L HOLDINGS CORP,UIL,221111.0,N,A,R,21819,1,4931.0,90274810.0,,,49.0,493.0,1232.0,0.432,0.0,,,,35.85,0.00532,25058.0,1.0,35.7,898329.3,UIL,8.0,10.0,1.0,,6.0,10,1.0,1.0,6.0,2.0,7.0,3.0,1.0,10.0,4.0,9.0,7.0,6.0,9.0,6.0,6.0,9.0,3.0,2.0,9.0,2.0,2.0,,5.0,5.0,9.0,6.0,3.0,9.0,9.0,8.0,10.0,3.0,3.0,2.0,2.0,2.0,9.0,8.0,9.0,8.0,10.0,10.0,9.0,10.0,6.0,3,7.0,10,1
2007-03-05,53663,,11,1,4911.0,90274810,UIL,U I L HOLDINGS CORP,UIL,221111.0,N,A,R,21819,1,4931.0,90274810.0,,,49.0,493.0,,,,,,,34.87,-0.027336,25058.0,1.0,35.3,873772.46,UIL,8.0,10.0,1.0,,6.0,10,1.0,1.0,6.0,2.0,7.0,3.0,1.0,10.0,4.0,9.0,7.0,6.0,9.0,6.0,6.0,9.0,3.0,2.0,9.0,2.0,2.0,,5.0,5.0,9.0,6.0,3.0,9.0,9.0,8.0,10.0,3.0,3.0,2.0,2.0,2.0,9.0,8.0,9.0,8.0,10.0,10.0,9.0,10.0,6.0,3,7.0,10,1
2007-03-06,53663,,11,1,4911.0,90274810,UIL,U I L HOLDINGS CORP,UIL,221111.0,N,A,R,21819,1,4931.0,90274810.0,,,49.0,493.0,,,,,,,35.5,0.018067,25058.0,1.0,35.1,889559.0,UIL,8.0,10.0,1.0,,6.0,10,1.0,1.0,6.0,2.0,7.0,3.0,1.0,10.0,4.0,9.0,7.0,6.0,9.0,6.0,6.0,9.0,3.0,2.0,9.0,2.0,2.0,,5.0,5.0,9.0,6.0,3.0,9.0,9.0,8.0,10.0,3.0,3.0,2.0,2.0,2.0,9.0,8.0,9.0,8.0,10.0,10.0,9.0,10.0,6.0,3,7.0,10,1
2007-03-07,53663,,11,1,4911.0,90274810,UIL,U I L HOLDINGS CORP,UIL,221111.0,N,A,R,21819,1,4931.0,90274810.0,,,49.0,493.0,,,,,,,35.28,-0.006197,25058.0,1.0,35.51,884046.24,UIL,8.0,10.0,1.0,,6.0,10,1.0,1.0,6.0,2.0,7.0,3.0,1.0,10.0,4.0,9.0,7.0,6.0,9.0,6.0,6.0,9.0,3.0,2.0,9.0,2.0,2.0,,5.0,5.0,9.0,6.0,3.0,9.0,9.0,8.0,10.0,3.0,3.0,2.0,2.0,2.0,9.0,8.0,9.0,8.0,10.0,10.0,9.0,10.0,6.0,3,7.0,10,1
2007-03-08,53663,,11,1,4911.0,90274810,UIL,U I L HOLDINGS CORP,UIL,221111.0,N,A,R,21819,1,4931.0,90274810.0,,,49.0,493.0,,,,,,,34.97,-0.008787,25058.0,1.0,35.48,876278.26,UIL,8.0,10.0,1.0,,6.0,10,1.0,1.0,6.0,2.0,7.0,3.0,1.0,10.0,4.0,9.0,7.0,6.0,9.0,6.0,6.0,9.0,3.0,2.0,9.0,2.0,2.0,,5.0,5.0,9.0,6.0,3.0,9.0,9.0,8.0,10.0,3.0,3.0,2.0,2.0,2.0,9.0,8.0,9.0,8.0,10.0,10.0,9.0,10.0,6.0,3,7.0,10,1
2007-03-09,53663,,11,1,4911.0,90274810,UIL,U I L HOLDINGS CORP,UIL,221111.0,N,A,R,21819,1,4931.0,90274810.0,,,49.0,493.0,,,,,,,34.95,-0.000572,25058.0,1.0,35.15,875777.1,UIL,8.0,10.0,1.0,,6.0,10,1.0,1.0,6.0,2.0,7.0,3.0,1.0,10.0,4.0,9.0,7.0,6.0,9.0,6.0,6.0,9.0,3.0,2.0,9.0,2.0,2.0,,5.0,5.0,9.0,6.0,3.0,9.0,9.0,8.0,10.0,3.0,3.0,2.0,2.0,2.0,9.0,8.0,9.0,8.0,10.0,10.0,9.0,10.0,6.0,3,7.0,10,1
2007-03-12,53663,,11,1,4911.0,90274810,UIL,U I L HOLDINGS CORP,UIL,221111.0,N,A,R,21819,1,4931.0,90274810.0,,,49.0,493.0,,,,,,,35.0,0.001431,25058.0,1.0,35.0,877030.0,UIL,8.0,10.0,1.0,,6.0,10,1.0,1.0,6.0,2.0,7.0,3.0,1.0,10.0,4.0,9.0,7.0,6.0,9.0,6.0,6.0,9.0,3.0,2.0,9.0,2.0,2.0,,5.0,5.0,9.0,6.0,3.0,9.0,9.0,8.0,10.0,3.0,3.0,2.0,2.0,2.0,9.0,8.0,9.0,8.0,10.0,10.0,9.0,10.0,6.0,3,7.0,10,1
2007-03-13,53663,,11,1,4911.0,90274810,UIL,U I L HOLDINGS CORP,UIL,221111.0,N,A,R,21819,1,4931.0,90274810.0,,,49.0,493.0,,,,,,,34.05,-0.027143,25058.0,1.0,34.84,853224.9,UIL,8.0,10.0,1.0,,6.0,10,1.0,1.0,6.0,2.0,7.0,3.0,1.0,10.0,4.0,9.0,7.0,6.0,9.0,6.0,6.0,9.0,3.0,2.0,9.0,2.0,2.0,,5.0,5.0,9.0,6.0,3.0,9.0,9.0,8.0,10.0,3.0,3.0,2.0,2.0,2.0,9.0,8.0,9.0,8.0,10.0,10.0,9.0,10.0,6.0,3,7.0,10,1
2007-03-14,53663,,11,1,4911.0,90274810,UIL,U I L HOLDINGS CORP,UIL,221111.0,N,A,R,21819,1,4931.0,90274810.0,,,49.0,493.0,,,,,,,34.65,0.017621,25058.0,1.0,34.1,868259.7,UIL,8.0,10.0,1.0,,6.0,10,1.0,1.0,6.0,2.0,7.0,3.0,1.0,10.0,4.0,9.0,7.0,6.0,9.0,6.0,6.0,9.0,3.0,2.0,9.0,2.0,2.0,,5.0,5.0,9.0,6.0,3.0,9.0,9.0,8.0,10.0,3.0,3.0,2.0,2.0,2.0,9.0,8.0,9.0,8.0,10.0,10.0,9.0,10.0,6.0,3,7.0,10,1
2007-03-15,53663,,11,1,4911.0,90274810,UIL,U I L HOLDINGS CORP,UIL,221111.0,N,A,R,21819,1,4931.0,90274810.0,,,49.0,493.0,,,,,,,35.06,0.011833,25058.0,1.0,34.71,878533.48,UIL,8.0,10.0,1.0,,6.0,10,1.0,1.0,6.0,2.0,7.0,3.0,1.0,10.0,4.0,9.0,7.0,6.0,9.0,6.0,6.0,9.0,3.0,2.0,9.0,2.0,2.0,,5.0,5.0,9.0,6.0,3.0,9.0,9.0,8.0,10.0,3.0,3.0,2.0,2.0,2.0,9.0,8.0,9.0,8.0,10.0,10.0,9.0,10.0,6.0,3,7.0,10,1
2007-03-16,53663,,11,1,4911.0,90274810,UIL,U I L HOLDINGS CORP,UIL,221111.0,N,A,R,21819,1,4931.0,90274810.0,,,49.0,493.0,,,,,,,35.48,0.011979,25058.0,1.0,35.06,889057.84,UIL,8.0,10.0,1.0,,6.0,10,1.0,1.0,6.0,2.0,7.0,3.0,1.0,10.0,4.0,9.0,7.0,6.0,9.0,6.0,6.0,9.0,3.0,2.0,9.0,2.0,2.0,,5.0,5.0,9.0,6.0,3.0,9.0,9.0,8.0,10.0,3.0,3.0,2.0,2.0,2.0,9.0,8.0,9.0,8.0,10.0,10.0,9.0,10.0,6.0,3,7.0,10,1
2007-03-19,53663,,11,1,4911.0,90274810,UIL,U I L HOLDINGS CORP,UIL,221111.0,N,A,R,21819,1,4931.0,90274810.0,,,49.0,493.0,,,,,,,35.78,0.008455,25058.0,1.0,35.65,896575.24,UIL,8.0,10.0,1.0,,6.0,10,1.0,1.0,6.0,2.0,7.0,3.0,1.0,10.0,4.0,9.0,7.0,6.0,9.0,6.0,6.0,9.0,3.0,2.0,9.0,2.0,2.0,,5.0,5.0,9.0,6.0,3.0,9.0,9.0,8.0,10.0,3.0,3.0,2.0,2.0,2.0,9.0,8.0,9.0,8.0,10.0,10.0,9.0,10.0,6.0,3,7.0,10,1
2007-03-20,53663,,11,1,4911.0,90274810,UIL,U I L HOLDINGS CORP,UIL,221111.0,N,A,R,21819,1,4931.0,90274810.0,,,49.0,493.0,,,,,,,35.79,0.00028,25058.0,1.0,35.7,896825.82,UIL,8.0,10.0,1.0,,6.0,10,1.0,1.0,6.0,2.0,7.0,3.0,1.0,10.0,4.0,9.0,7.0,6.0,9.0,6.0,6.0,9.0,3.0,2.0,9.0,2.0,2.0,,5.0,5.0,9.0,6.0,3.0,9.0,9.0,8.0,10.0,3.0,3.0,2.0,2.0,2.0,9.0,8.0,9.0,8.0,10.0,10.0,9.0,10.0,6.0,3,7.0,10,1
2007-03-21,53663,,11,1,4911.0,90274810,UIL,U I L HOLDINGS CORP,UIL,221111.0,N,A,R,21819,1,4931.0,90274810.0,,,49.0,493.0,,,,,,,36.26,0.013132,25058.0,1.0,35.79,908603.08,UIL,8.0,10.0,1.0,,6.0,10,1.0,1.0,6.0,2.0,7.0,3.0,1.0,10.0,4.0,9.0,7.0,6.0,9.0,6.0,6.0,9.0,3.0,2.0,9.0,2.0,2.0,,5.0,5.0,9.0,6.0,3.0,9.0,9.0,8.0,10.0,3.0,3.0,2.0,2.0,2.0,9.0,8.0,9.0,8.0,10.0,10.0,9.0,10.0,6.0,3,7.0,10,1
2007-03-22,53663,,11,1,4911.0,90274810,UIL,U I L HOLDINGS CORP,UIL,221111.0,N,A,R,21819,1,4931.0,90274810.0,,,49.0,493.0,,,,,,,35.99,-0.007446,25058.0,1.0,36.36,901837.42,UIL,8.0,10.0,1.0,,6.0,10,1.0,1.0,6.0,2.0,7.0,3.0,1.0,10.0,4.0,9.0,7.0,6.0,9.0,6.0,6.0,9.0,3.0,2.0,9.0,2.0,2.0,,5.0,5.0,9.0,6.0,3.0,9.0,9.0,8.0,10.0,3.0,3.0,2.0,2.0,2.0,9.0,8.0,9.0,8.0,10.0,10.0,9.0,10.0,6.0,3,7.0,10,1
2007-03-23,53663,,11,1,4911.0,90274810,UIL,U I L HOLDINGS CORP,UIL,221111.0,N,A,R,21819,1,4931.0,90274810.0,,,49.0,493.0,,,,,,,35.7,-0.008058,25058.0,1.0,35.97,894570.6,UIL,8.0,10.0,1.0,,6.0,10,1.0,1.0,6.0,2.0,7.0,3.0,1.0,10.0,4.0,9.0,7.0,6.0,9.0,6.0,6.0,9.0,3.0,2.0,9.0,2.0,2.0,,5.0,5.0,9.0,6.0,3.0,9.0,9.0,8.0,10.0,3.0,3.0,2.0,2.0,2.0,9.0,8.0,9.0,8.0,10.0,10.0,9.0,10.0,6.0,3,7.0,10,1
2007-03-26,53663,,11,1,4911.0,90274810,UIL,U I L HOLDINGS CORP,UIL,221111.0,N,A,R,21819,1,4931.0,90274810.0,,,49.0,493.0,,,,,,,35.54,-0.004482,25058.0,1.0,35.75,890561.32,UIL,8.0,10.0,1.0,,6.0,10,1.0,1.0,6.0,2.0,7.0,3.0,1.0,10.0,4.0,9.0,7.0,6.0,9.0,6.0,6.0,9.0,3.0,2.0,9.0,2.0,2.0,,5.0,5.0,9.0,6.0,3.0,9.0,9.0,8.0,10.0,3.0,3.0,2.0,2.0,2.0,9.0,8.0,9.0,8.0,10.0,10.0,9.0,10.0,6.0,3,7.0,10,1
2007-03-27,53663,,11,1,4911.0,90274810,UIL,U I L HOLDINGS CORP,UIL,221111.0,N,A,R,21819,1,4931.0,90274810.0,,,49.0,493.0,,,,,,,35.35,-0.005346,25058.0,1.0,35.49,885800.3,UIL,8.0,10.0,1.0,,6.0,10,1.0,1.0,6.0,2.0,7.0,3.0,1.0,10.0,4.0,9.0,7.0,6.0,9.0,6.0,6.0,9.0,3.0,2.0,9.0,2.0,2.0,,5.0,5.0,9.0,6.0,3.0,9.0,9.0,8.0,10.0,3.0,3.0,2.0,2.0,2.0,9.0,8.0,9.0,8.0,10.0,10.0,9.0,10.0,6.0,3,7.0,10,1
2007-03-28,53663,,11,1,4911.0,90274810,UIL,U I L HOLDINGS CORP,UIL,221111.0,N,A,R,21819,1,4931.0,90274810.0,,,49.0,493.0,,,,,,,35.15,-0.005658,25058.0,1.0,35.32,880788.7,UIL,8.0,10.0,1.0,,6.0,10,1.0,1.0,6.0,2.0,7.0,3.0,1.0,10.0,4.0,9.0,7.0,6.0,9.0,6.0,6.0,9.0,3.0,2.0,9.0,2.0,2.0,,5.0,5.0,9.0,6.0,3.0,9.0,9.0,8.0,10.0,3.0,3.0,2.0,2.0,2.0,9.0,8.0,9.0,8.0,10.0,10.0,9.0,10.0,6.0,3,7.0,10,1
2007-03-29,53663,,11,1,4911.0,90274810,UIL,U I L HOLDINGS CORP,UIL,221111.0,N,A,R,21819,1,4931.0,90274810.0,,,49.0,493.0,,,,,,,34.91,-0.006828,25058.0,1.0,35.4,874774.78,UIL,8.0,10.0,1.0,,6.0,10,1.0,1.0,6.0,2.0,7.0,3.0,1.0,10.0,4.0,9.0,7.0,6.0,9.0,6.0,6.0,9.0,3.0,2.0,9.0,2.0,2.0,,5.0,5.0,9.0,6.0,3.0,9.0,9.0,8.0,10.0,3.0,3.0,2.0,2.0,2.0,9.0,8.0,9.0,8.0,10.0,10.0,9.0,10.0,6.0,3,7.0,10,1
2007-03-30,53663,,11,1,4911.0,90274810,UIL,U I L HOLDINGS CORP,UIL,221111.0,N,A,R,21819,1,4931.0,90274810.0,,,49.0,493.0,,,,,,,34.7,-0.006015,25058.0,1.0,35.01,869512.6,UIL,8.0,10.0,1.0,,6.0,10,1.0,1.0,6.0,2.0,7.0,3.0,1.0,10.0,4.0,9.0,7.0,6.0,9.0,6.0,6.0,9.0,3.0,2.0,9.0,2.0,2.0,,5.0,5.0,9.0,6.0,3.0,9.0,9.0,8.0,10.0,3.0,3.0,2.0,2.0,2.0,9.0,8.0,9.0,8.0,10.0,10.0,9.0,10.0,6.0,3,7.0,10,1
2007-04-02,53663,,11,1,4911.0,90274810,UIL,U I L HOLDINGS CORP,UIL,221111.0,N,A,R,21819,1,4931.0,90274810.0,,,49.0,493.0,,,,,,,34.6,-0.002882,25058.0,1.0,34.7,867006.8,UIL,8.0,10.0,1.0,,6.0,10,1.0,1.0,6.0,2.0,7.0,3.0,1.0,10.0,4.0,9.0,7.0,6.0,9.0,6.0,6.0,9.0,3.0,2.0,9.0,2.0,2.0,,3.0,9.0,7.0,4.0,5.0,7.0,7.0,8.0,10.0,3.0,3.0,2.0,2.0,2.0,9.0,8.0,9.0,5.0,10.0,10.0,10.0,9.0,6.0,3,6.0,10,1
2007-04-03,53663,,11,1,4911.0,90274810,UIL,U I L HOLDINGS CORP,UIL,221111.0,N,A,R,21819,1,4931.0,90274810.0,,,49.0,493.0,,,,,,,34.59,-0.000289,25058.0,1.0,34.77,866756.22,UIL,8.0,10.0,1.0,,6.0,10,1.0,1.0,6.0,2.0,7.0,3.0,1.0,10.0,4.0,9.0,7.0,6.0,9.0,6.0,6.0,9.0,3.0,2.0,9.0,2.0,2.0,,3.0,9.0,7.0,4.0,5.0,7.0,7.0,8.0,10.0,3.0,3.0,2.0,2.0,2.0,9.0,8.0,9.0,5.0,10.0,10.0,10.0,9.0,6.0,3,6.0,10,1
2007-04-04,53663,,11,1,4911.0,90274810,UIL,U I L HOLDINGS CORP,UIL,221111.0,N,A,R,21819,1,4931.0,90274810.0,,,49.0,493.0,,,,,,,34.38,-0.006071,25058.0,1.0,34.52,861494.04,UIL,8.0,10.0,1.0,,6.0,10,1.0,1.0,6.0,2.0,7.0,3.0,1.0,10.0,4.0,9.0,7.0,6.0,9.0,6.0,6.0,9.0,3.0,2.0,9.0,2.0,2.0,,3.0,9.0,7.0,4.0,5.0,7.0,7.0,8.0,10.0,3.0,3.0,2.0,2.0,2.0,9.0,8.0,9.0,5.0,10.0,10.0,10.0,9.0,6.0,3,6.0,10,1
2007-04-05,53663,,11,1,4911.0,90274810,UIL,U I L HOLDINGS CORP,UIL,221111.0,N,A,R,21819,1,4931.0,90274810.0,,,49.0,493.0,,,,,,,34.45,0.002036,25058.0,1.0,34.4,863248.1,UIL,8.0,10.0,1.0,,6.0,10,1.0,1.0,6.0,2.0,7.0,3.0,1.0,10.0,4.0,9.0,7.0,6.0,9.0,6.0,6.0,9.0,3.0,2.0,9.0,2.0,2.0,,3.0,9.0,7.0,4.0,5.0,7.0,7.0,8.0,10.0,3.0,3.0,2.0,2.0,2.0,9.0,8.0,9.0,5.0,10.0,10.0,10.0,9.0,6.0,3,6.0,10,1
2007-04-09,53663,,11,1,4911.0,90274810,UIL,U I L HOLDINGS CORP,UIL,221111.0,N,A,R,21819,1,4931.0,90274810.0,,,49.0,493.0,,,,,,,34.61,0.004644,25058.0,1.0,34.41,867257.38,UIL,8.0,10.0,1.0,,6.0,10,1.0,1.0,6.0,2.0,7.0,3.0,1.0,10.0,4.0,9.0,7.0,6.0,9.0,6.0,6.0,9.0,3.0,2.0,9.0,2.0,2.0,,3.0,9.0,7.0,4.0,5.0,7.0,7.0,8.0,10.0,3.0,3.0,2.0,2.0,2.0,9.0,8.0,9.0,5.0,10.0,10.0,10.0,9.0,6.0,3,6.0,10,1
2007-04-10,53663,,11,1,4911.0,90274810,UIL,U I L HOLDINGS CORP,UIL,221111.0,N,A,R,21819,1,4931.0,90274810.0,,,49.0,493.0,,,,,,,34.98,0.010691,25058.0,1.0,34.55,876528.84,UIL,8.0,10.0,1.0,,6.0,10,1.0,1.0,6.0,2.0,7.0,3.0,1.0,10.0,4.0,9.0,7.0,6.0,9.0,6.0,6.0,9.0,3.0,2.0,9.0,2.0,2.0,,3.0,9.0,7.0,4.0,5.0,7.0,7.0,8.0,10.0,3.0,3.0,2.0,2.0,2.0,9.0,8.0,9.0,5.0,10.0,10.0,10.0,9.0,6.0,3,6.0,10,1
2007-04-11,53663,,11,1,4911.0,90274810,UIL,U I L HOLDINGS CORP,UIL,221111.0,N,A,R,21819,1,4931.0,90274810.0,,,49.0,493.0,,,,,,,34.43,-0.015723,25058.0,1.0,34.97,862746.94,UIL,8.0,10.0,1.0,,6.0,10,1.0,1.0,6.0,2.0,7.0,3.0,1.0,10.0,4.0,9.0,7.0,6.0,9.0,6.0,6.0,9.0,3.0,2.0,9.0,2.0,2.0,,3.0,9.0,7.0,4.0,5.0,7.0,7.0,8.0,10.0,3.0,3.0,2.0,2.0,2.0,9.0,8.0,9.0,5.0,10.0,10.0,10.0,9.0,6.0,3,6.0,10,1
2007-04-12,53663,,11,1,4911.0,90274810,UIL,U I L HOLDINGS CORP,UIL,221111.0,N,A,R,21819,1,4931.0,90274810.0,,,49.0,493.0,,,,,,,34.3,-0.003776,25058.0,1.0,34.39,859489.4,UIL,8.0,10.0,1.0,,6.0,10,1.0,1.0,6.0,2.0,7.0,3.0,1.0,10.0,4.0,9.0,7.0,6.0,9.0,6.0,6.0,9.0,3.0,2.0,9.0,2.0,2.0,,3.0,9.0,7.0,4.0,5.0,7.0,7.0,8.0,10.0,3.0,3.0,2.0,2.0,2.0,9.0,8.0,9.0,5.0,10.0,10.0,10.0,9.0,6.0,3,6.0,10,1
2007-04-13,53663,,11,1,4911.0,90274810,UIL,U I L HOLDINGS CORP,UIL,221111.0,N,A,R,21819,1,4931.0,90274810.0,,,49.0,493.0,,,,,,,34.32,0.000583,25058.0,1.0,34.25,859990.56,UIL,8.0,10.0,1.0,,6.0,10,1.0,1.0,6.0,2.0,7.0,3.0,1.0,10.0,4.0,9.0,7.0,6.0,9.0,6.0,6.0,9.0,3.0,2.0,9.0,2.0,2.0,,3.0,9.0,7.0,4.0,5.0,7.0,7.0,8.0,10.0,3.0,3.0,2.0,2.0,2.0,9.0,8.0,9.0,5.0,10.0,10.0,10.0,9.0,6.0,3,6.0,10,1
2007-04-16,53663,,11,1,4911.0,90274810,UIL,U I L HOLDINGS CORP,UIL,221111.0,N,A,R,21819,1,4931.0,90274810.0,,,49.0,493.0,,,,,,,34.76,0.01282,25058.0,1.0,34.45,871016.08,UIL,8.0,10.0,1.0,,6.0,10,1.0,1.0,6.0,2.0,7.0,3.0,1.0,10.0,4.0,9.0,7.0,6.0,9.0,6.0,6.0,9.0,3.0,2.0,9.0,2.0,2.0,,3.0,9.0,7.0,4.0,5.0,7.0,7.0,8.0,10.0,3.0,3.0,2.0,2.0,2.0,9.0,8.0,9.0,5.0,10.0,10.0,10.0,9.0,6.0,3,6.0,10,1
2007-04-17,53663,,11,1,4911.0,90274810,UIL,U I L HOLDINGS CORP,UIL,221111.0,N,A,R,21819,1,4931.0,90274810.0,,,49.0,493.0,,,,,,,34.46,-0.008631,25058.0,1.0,34.74,863498.68,UIL,8.0,10.0,1.0,,6.0,10,1.0,1.0,6.0,2.0,7.0,3.0,1.0,10.0,4.0,9.0,7.0,6.0,9.0,6.0,6.0,9.0,3.0,2.0,9.0,2.0,2.0,,3.0,9.0,7.0,4.0,5.0,7.0,7.0,8.0,10.0,3.0,3.0,2.0,2.0,2.0,9.0,8.0,9.0,5.0,10.0,10.0,10.0,9.0,6.0,3,6.0,10,1
2007-04-18,53663,,11,1,4911.0,90274810,UIL,U I L HOLDINGS CORP,UIL,221111.0,N,A,R,21819,1,4931.0,90274810.0,,,49.0,493.0,,,,,,,34.56,0.002902,25058.0,1.0,34.39,866004.48,UIL,8.0,10.0,1.0,,6.0,10,1.0,1.0,6.0,2.0,7.0,3.0,1.0,10.0,4.0,9.0,7.0,6.0,9.0,6.0,6.0,9.0,3.0,2.0,9.0,2.0,2.0,,3.0,9.0,7.0,4.0,5.0,7.0,7.0,8.0,10.0,3.0,3.0,2.0,2.0,2.0,9.0,8.0,9.0,5.0,10.0,10.0,10.0,9.0,6.0,3,6.0,10,1
2007-04-19,53663,,11,1,4911.0,90274810,UIL,U I L HOLDINGS CORP,UIL,221111.0,N,A,R,21819,1,4931.0,90274810.0,,,49.0,493.0,,,,,,,34.17,-0.011285,25058.0,1.0,34.42,856231.86,UIL,8.0,10.0,1.0,,6.0,10,1.0,1.0,6.0,2.0,7.0,3.0,1.0,10.0,4.0,9.0,7.0,6.0,9.0,6.0,6.0,9.0,3.0,2.0,9.0,2.0,2.0,,3.0,9.0,7.0,4.0,5.0,7.0,7.0,8.0,10.0,3.0,3.0,2.0,2.0,2.0,9.0,8.0,9.0,5.0,10.0,10.0,10.0,9.0,6.0,3,6.0,10,1
2007-04-20,53663,,11,1,4911.0,90274810,UIL,U I L HOLDINGS CORP,UIL,221111.0,N,A,R,21819,1,4931.0,90274810.0,,,49.0,493.0,,,,,,,35.12,0.027802,25058.0,1.0,34.54,880036.96,UIL,8.0,10.0,1.0,,6.0,10,1.0,1.0,6.0,2.0,7.0,3.0,1.0,10.0,4.0,9.0,7.0,6.0,9.0,6.0,6.0,9.0,3.0,2.0,9.0,2.0,2.0,,3.0,9.0,7.0,4.0,5.0,7.0,7.0,8.0,10.0,3.0,3.0,2.0,2.0,2.0,9.0,8.0,9.0,5.0,10.0,10.0,10.0,9.0,6.0,3,6.0,10,1
2007-04-23,53663,,11,1,4911.0,90274810,UIL,U I L HOLDINGS CORP,UIL,221111.0,N,A,R,21819,1,4931.0,90274810.0,,,49.0,493.0,,,,,,,35.1,-0.000569,25058.0,1.0,35.12,879535.8,UIL,8.0,10.0,1.0,,6.0,10,1.0,1.0,6.0,2.0,7.0,3.0,1.0,10.0,4.0,9.0,7.0,6.0,9.0,6.0,6.0,9.0,3.0,2.0,9.0,2.0,2.0,,3.0,9.0,7.0,4.0,5.0,7.0,7.0,8.0,10.0,3.0,3.0,2.0,2.0,2.0,9.0,8.0,9.0,5.0,10.0,10.0,10.0,9.0,6.0,3,6.0,10,1
2007-04-24,53663,,11,1,4911.0,90274810,UIL,U I L HOLDINGS CORP,UIL,221111.0,N,A,R,21819,1,4931.0,90274810.0,,,49.0,493.0,,,,,,,35.0,-0.002849,25058.0,1.0,35.1,877030.0,UIL,8.0,10.0,1.0,,6.0,10,1.0,1.0,6.0,2.0,7.0,3.0,1.0,10.0,4.0,9.0,7.0,6.0,9.0,6.0,6.0,9.0,3.0,2.0,9.0,2.0,2.0,,3.0,9.0,7.0,4.0,5.0,7.0,7.0,8.0,10.0,3.0,3.0,2.0,2.0,2.0,9.0,8.0,9.0,5.0,10.0,10.0,10.0,9.0,6.0,3,6.0,10,1
2007-04-25,53663,,11,1,4911.0,90274810,UIL,U I L HOLDINGS CORP,UIL,221111.0,N,A,R,21819,1,4931.0,90274810.0,,,49.0,493.0,,,,,,,35.26,0.007429,25058.0,1.0,35.2,883545.08,UIL,8.0,10.0,1.0,,6.0,10,1.0,1.0,6.0,2.0,7.0,3.0,1.0,10.0,4.0,9.0,7.0,6.0,9.0,6.0,6.0,9.0,3.0,2.0,9.0,2.0,2.0,,3.0,9.0,7.0,4.0,5.0,7.0,7.0,8.0,10.0,3.0,3.0,2.0,2.0,2.0,9.0,8.0,9.0,5.0,10.0,10.0,10.0,9.0,6.0,3,6.0,10,1
2007-04-26,53663,,11,1,4911.0,90274810,UIL,U I L HOLDINGS CORP,UIL,221111.0,N,A,R,21819,1,4931.0,90274810.0,,,49.0,493.0,,,,,,,34.87,-0.011061,25058.0,1.0,35.2,873772.46,UIL,8.0,10.0,1.0,,6.0,10,1.0,1.0,6.0,2.0,7.0,3.0,1.0,10.0,4.0,9.0,7.0,6.0,9.0,6.0,6.0,9.0,3.0,2.0,9.0,2.0,2.0,,3.0,9.0,7.0,4.0,5.0,7.0,7.0,8.0,10.0,3.0,3.0,2.0,2.0,2.0,9.0,8.0,9.0,5.0,10.0,10.0,10.0,9.0,6.0,3,6.0,10,1
2007-04-27,53663,,11,1,4911.0,90274810,UIL,U I L HOLDINGS CORP,UIL,221111.0,N,A,R,21819,1,4931.0,90274810.0,,,49.0,493.0,,,,,,,34.7,-0.004875,25058.0,1.0,34.87,869512.6,UIL,8.0,10.0,1.0,,6.0,10,1.0,1.0,6.0,2.0,7.0,3.0,1.0,10.0,4.0,9.0,7.0,6.0,9.0,6.0,6.0,9.0,3.0,2.0,9.0,2.0,2.0,,3.0,9.0,7.0,4.0,5.0,7.0,7.0,8.0,10.0,3.0,3.0,2.0,2.0,2.0,9.0,8.0,9.0,5.0,10.0,10.0,10.0,9.0,6.0,3,6.0,10,1
2007-04-30,53663,,11,1,4911.0,90274810,UIL,U I L HOLDINGS CORP,UIL,221111.0,N,A,R,21819,1,4931.0,90274810.0,,,49.0,493.0,,,,,,,34.15,-0.01585,25131.0,1.0,34.7,858223.65,UIL,8.0,10.0,1.0,,6.0,10,1.0,1.0,6.0,2.0,7.0,3.0,1.0,10.0,4.0,9.0,7.0,6.0,9.0,6.0,6.0,9.0,3.0,2.0,9.0,2.0,2.0,,3.0,9.0,7.0,4.0,5.0,7.0,7.0,8.0,10.0,3.0,3.0,2.0,2.0,2.0,9.0,8.0,9.0,5.0,10.0,10.0,10.0,9.0,6.0,3,6.0,10,1
2007-05-01,53663,,11,1,4911.0,90274810,UIL,U I L HOLDINGS CORP,UIL,221111.0,N,A,R,21819,1,4931.0,90274810.0,,,49.0,493.0,,,,,,,35.11,0.028111,25131.0,1.0,34.14,882349.41,UIL,8.0,10.0,1.0,,6.0,10,1.0,1.0,6.0,2.0,7.0,3.0,1.0,10.0,4.0,9.0,7.0,6.0,9.0,6.0,6.0,9.0,3.0,2.0,9.0,2.0,2.0,,2.0,9.0,6.0,2.0,5.0,6.0,7.0,7.0,10.0,3.0,4.0,4.0,2.0,2.0,8.0,9.0,9.0,8.0,8.0,9.0,10.0,10.0,6.0,3,7.0,10,1
2007-05-02,53663,,11,1,4911.0,90274810,UIL,U I L HOLDINGS CORP,UIL,221111.0,N,A,R,21819,1,4931.0,90274810.0,,,49.0,493.0,,,,,,,35.51,0.011393,25131.0,1.0,35.12,892401.81,UIL,8.0,10.0,1.0,,6.0,10,1.0,1.0,6.0,2.0,7.0,3.0,1.0,10.0,4.0,9.0,7.0,6.0,9.0,6.0,6.0,9.0,3.0,2.0,9.0,2.0,2.0,,2.0,9.0,6.0,2.0,5.0,6.0,7.0,7.0,10.0,3.0,4.0,4.0,2.0,2.0,8.0,9.0,9.0,8.0,8.0,9.0,10.0,10.0,6.0,3,7.0,10,1
2007-05-03,53663,,11,1,4911.0,90274810,UIL,U I L HOLDINGS CORP,UIL,221111.0,N,A,R,21819,1,4931.0,90274810.0,,,49.0,493.0,,,,,,,35.35,-0.004506,25131.0,1.0,35.47,888380.85,UIL,8.0,10.0,1.0,,6.0,10,1.0,1.0,6.0,2.0,7.0,3.0,1.0,10.0,4.0,9.0,7.0,6.0,9.0,6.0,6.0,9.0,3.0,2.0,9.0,2.0,2.0,,2.0,9.0,6.0,2.0,5.0,6.0,7.0,7.0,10.0,3.0,4.0,4.0,2.0,2.0,8.0,9.0,9.0,8.0,8.0,9.0,10.0,10.0,6.0,3,7.0,10,1
2007-05-04,53663,,11,1,4911.0,90274810,UIL,U I L HOLDINGS CORP,UIL,221111.0,N,A,R,21819,1,4931.0,90274810.0,,,49.0,493.0,,,,,,,35.91,0.015842,25131.0,1.0,35.35,902454.21,UIL,8.0,10.0,1.0,,6.0,10,1.0,1.0,6.0,2.0,7.0,3.0,1.0,10.0,4.0,9.0,7.0,6.0,9.0,6.0,6.0,9.0,3.0,2.0,9.0,2.0,2.0,,2.0,9.0,6.0,2.0,5.0,6.0,7.0,7.0,10.0,3.0,4.0,4.0,2.0,2.0,8.0,9.0,9.0,8.0,8.0,9.0,10.0,10.0,6.0,3,7.0,10,1
2007-05-07,53663,,11,1,4911.0,90274810,UIL,U I L HOLDINGS CORP,UIL,221111.0,N,A,R,21819,1,4931.0,90274810.0,,,49.0,493.0,,,,,,,35.78,-0.00362,25131.0,1.0,35.85,899187.18,UIL,8.0,10.0,1.0,,6.0,10,1.0,1.0,6.0,2.0,7.0,3.0,1.0,10.0,4.0,9.0,7.0,6.0,9.0,6.0,6.0,9.0,3.0,2.0,9.0,2.0,2.0,,2.0,9.0,6.0,2.0,5.0,6.0,7.0,7.0,10.0,3.0,4.0,4.0,2.0,2.0,8.0,9.0,9.0,8.0,8.0,9.0,10.0,10.0,6.0,3,7.0,10,1
2007-05-08,53663,,11,1,4911.0,90274810,UIL,U I L HOLDINGS CORP,UIL,221111.0,N,A,R,21819,1,4931.0,90274810.0,,,49.0,493.0,,,,,,,35.48,-0.008385,25131.0,1.0,35.62,891647.88,UIL,8.0,10.0,1.0,,6.0,10,1.0,1.0,6.0,2.0,7.0,3.0,1.0,10.0,4.0,9.0,7.0,6.0,9.0,6.0,6.0,9.0,3.0,2.0,9.0,2.0,2.0,,2.0,9.0,6.0,2.0,5.0,6.0,7.0,7.0,10.0,3.0,4.0,4.0,2.0,2.0,8.0,9.0,9.0,8.0,8.0,9.0,10.0,10.0,6.0,3,7.0,10,1
2007-05-09,53663,,11,1,4911.0,90274810,UIL,U I L HOLDINGS CORP,UIL,221111.0,N,A,R,21819,1,4931.0,90274810.0,,,49.0,493.0,,,,,,,34.91,-0.016065,25131.0,1.0,35.35,877323.21,UIL,8.0,10.0,1.0,,6.0,10,1.0,1.0,6.0,2.0,7.0,3.0,1.0,10.0,4.0,9.0,7.0,6.0,9.0,6.0,6.0,9.0,3.0,2.0,9.0,2.0,2.0,,2.0,9.0,6.0,2.0,5.0,6.0,7.0,7.0,10.0,3.0,4.0,4.0,2.0,2.0,8.0,9.0,9.0,8.0,8.0,9.0,10.0,10.0,6.0,3,7.0,10,1
2007-05-10,53663,,11,1,4911.0,90274810,UIL,U I L HOLDINGS CORP,UIL,221111.0,N,A,R,21819,1,4931.0,90274810.0,,,49.0,493.0,,,,,,,34.08,-0.023775,25131.0,1.0,34.68,856464.48,UIL,8.0,10.0,1.0,,6.0,10,1.0,1.0,6.0,2.0,7.0,3.0,1.0,10.0,4.0,9.0,7.0,6.0,9.0,6.0,6.0,9.0,3.0,2.0,9.0,2.0,2.0,,2.0,9.0,6.0,2.0,5.0,6.0,7.0,7.0,10.0,3.0,4.0,4.0,2.0,2.0,8.0,9.0,9.0,8.0,8.0,9.0,10.0,10.0,6.0,3,7.0,10,1
2007-05-11,53663,,11,1,4911.0,90274810,UIL,U I L HOLDINGS CORP,UIL,221111.0,N,A,R,21819,1,4931.0,90274810.0,,,49.0,493.0,,,,,,,35.14,0.031103,25131.0,1.0,34.22,883103.34,UIL,8.0,10.0,1.0,,6.0,10,1.0,1.0,6.0,2.0,7.0,3.0,1.0,10.0,4.0,9.0,7.0,6.0,9.0,6.0,6.0,9.0,3.0,2.0,9.0,2.0,2.0,,2.0,9.0,6.0,2.0,5.0,6.0,7.0,7.0,10.0,3.0,4.0,4.0,2.0,2.0,8.0,9.0,9.0,8.0,8.0,9.0,10.0,10.0,6.0,3,7.0,10,1
2007-05-14,53663,,11,1,4911.0,90274810,UIL,U I L HOLDINGS CORP,UIL,221111.0,N,A,R,21819,1,4931.0,90274810.0,,,49.0,493.0,,,,,,,34.76,-0.010814,25131.0,1.0,35.11,873553.56,UIL,8.0,10.0,1.0,,6.0,10,1.0,1.0,6.0,2.0,7.0,3.0,1.0,10.0,4.0,9.0,7.0,6.0,9.0,6.0,6.0,9.0,3.0,2.0,9.0,2.0,2.0,,2.0,9.0,6.0,2.0,5.0,6.0,7.0,7.0,10.0,3.0,4.0,4.0,2.0,2.0,8.0,9.0,9.0,8.0,8.0,9.0,10.0,10.0,6.0,3,7.0,10,1
2007-05-15,53663,,11,1,4911.0,90274810,UIL,U I L HOLDINGS CORP,UIL,221111.0,N,A,R,21819,1,4931.0,90274810.0,,,49.0,493.0,,,,,,,34.74,-0.000575,25131.0,1.0,34.76,873050.94,UIL,8.0,10.0,1.0,,6.0,10,1.0,1.0,6.0,2.0,7.0,3.0,1.0,10.0,4.0,9.0,7.0,6.0,9.0,6.0,6.0,9.0,3.0,2.0,9.0,2.0,2.0,,2.0,9.0,6.0,2.0,5.0,6.0,7.0,7.0,10.0,3.0,4.0,4.0,2.0,2.0,8.0,9.0,9.0,8.0,8.0,9.0,10.0,10.0,6.0,3,7.0,10,1
2007-05-16,53663,,11,1,4911.0,90274810,UIL,U I L HOLDINGS CORP,UIL,221111.0,N,A,R,21819,1,4931.0,90274810.0,,,49.0,493.0,,,,,,,35.41,0.019286,25131.0,1.0,34.78,889888.71,UIL,8.0,10.0,1.0,,6.0,10,1.0,1.0,6.0,2.0,7.0,3.0,1.0,10.0,4.0,9.0,7.0,6.0,9.0,6.0,6.0,9.0,3.0,2.0,9.0,2.0,2.0,,2.0,9.0,6.0,2.0,5.0,6.0,7.0,7.0,10.0,3.0,4.0,4.0,2.0,2.0,8.0,9.0,9.0,8.0,8.0,9.0,10.0,10.0,6.0,3,7.0,10,1
2007-05-17,53663,,11,1,4911.0,90274810,UIL,U I L HOLDINGS CORP,UIL,221111.0,N,A,R,21819,1,4931.0,90274810.0,,,49.0,493.0,,,,,,,34.86,-0.015532,25131.0,1.0,35.35,876066.66,UIL,8.0,10.0,1.0,,6.0,10,1.0,1.0,6.0,2.0,7.0,3.0,1.0,10.0,4.0,9.0,7.0,6.0,9.0,6.0,6.0,9.0,3.0,2.0,9.0,2.0,2.0,,2.0,9.0,6.0,2.0,5.0,6.0,7.0,7.0,10.0,3.0,4.0,4.0,2.0,2.0,8.0,9.0,9.0,8.0,8.0,9.0,10.0,10.0,6.0,3,7.0,10,1
2007-05-18,53663,,11,1,4911.0,90274810,UIL,U I L HOLDINGS CORP,UIL,221111.0,N,A,R,21819,1,4931.0,90274810.0,,,49.0,493.0,,,,,,,35.36,0.014343,25131.0,1.0,34.87,888632.16,UIL,8.0,10.0,1.0,,6.0,10,1.0,1.0,6.0,2.0,7.0,3.0,1.0,10.0,4.0,9.0,7.0,6.0,9.0,6.0,6.0,9.0,3.0,2.0,9.0,2.0,2.0,,2.0,9.0,6.0,2.0,5.0,6.0,7.0,7.0,10.0,3.0,4.0,4.0,2.0,2.0,8.0,9.0,9.0,8.0,8.0,9.0,10.0,10.0,6.0,3,7.0,10,1
2007-05-21,53663,,11,1,4911.0,90274810,UIL,U I L HOLDINGS CORP,UIL,221111.0,N,A,R,21819,1,4931.0,90274810.0,,,49.0,493.0,,,,,,,35.22,-0.003959,25131.0,1.0,35.26,885113.82,UIL,8.0,10.0,1.0,,6.0,10,1.0,1.0,6.0,2.0,7.0,3.0,1.0,10.0,4.0,9.0,7.0,6.0,9.0,6.0,6.0,9.0,3.0,2.0,9.0,2.0,2.0,,2.0,9.0,6.0,2.0,5.0,6.0,7.0,7.0,10.0,3.0,4.0,4.0,2.0,2.0,8.0,9.0,9.0,8.0,8.0,9.0,10.0,10.0,6.0,3,7.0,10,1
2007-05-22,53663,,11,1,4911.0,90274810,UIL,U I L HOLDINGS CORP,UIL,221111.0,N,A,R,21819,1,4931.0,90274810.0,,,49.0,493.0,,,,,,,33.5,-0.048836,25131.0,1.0,35.16,841888.5,UIL,8.0,10.0,1.0,,6.0,10,1.0,1.0,6.0,2.0,7.0,3.0,1.0,10.0,4.0,9.0,7.0,6.0,9.0,6.0,6.0,9.0,3.0,2.0,9.0,2.0,2.0,,2.0,9.0,6.0,2.0,5.0,6.0,7.0,7.0,10.0,3.0,4.0,4.0,2.0,2.0,8.0,9.0,9.0,8.0,8.0,9.0,10.0,10.0,6.0,3,7.0,10,1
2007-05-23,53663,,11,1,4911.0,90274810,UIL,U I L HOLDINGS CORP,UIL,221111.0,N,A,R,21819,1,4931.0,90274810.0,,,49.0,493.0,,,,,,,33.6,0.002985,25131.0,1.0,33.65,844401.6,UIL,8.0,10.0,1.0,,6.0,10,1.0,1.0,6.0,2.0,7.0,3.0,1.0,10.0,4.0,9.0,7.0,6.0,9.0,6.0,6.0,9.0,3.0,2.0,9.0,2.0,2.0,,2.0,9.0,6.0,2.0,5.0,6.0,7.0,7.0,10.0,3.0,4.0,4.0,2.0,2.0,8.0,9.0,9.0,8.0,8.0,9.0,10.0,10.0,6.0,3,7.0,10,1
2007-05-24,53663,,11,1,4911.0,90274810,UIL,U I L HOLDINGS CORP,UIL,221111.0,N,A,R,21819,1,4931.0,90274810.0,,,49.0,493.0,,,,,,,33.2,-0.011905,25131.0,1.0,33.61,834349.2,UIL,8.0,10.0,1.0,,6.0,10,1.0,1.0,6.0,2.0,7.0,3.0,1.0,10.0,4.0,9.0,7.0,6.0,9.0,6.0,6.0,9.0,3.0,2.0,9.0,2.0,2.0,,2.0,9.0,6.0,2.0,5.0,6.0,7.0,7.0,10.0,3.0,4.0,4.0,2.0,2.0,8.0,9.0,9.0,8.0,8.0,9.0,10.0,10.0,6.0,3,7.0,10,1
2007-05-25,53663,,11,1,4911.0,90274810,UIL,U I L HOLDINGS CORP,UIL,221111.0,N,A,R,21819,1,4931.0,90274810.0,,,49.0,493.0,,,,,,,33.17,-0.000904,25131.0,1.0,33.24,833595.27,UIL,8.0,10.0,1.0,,6.0,10,1.0,1.0,6.0,2.0,7.0,3.0,1.0,10.0,4.0,9.0,7.0,6.0,9.0,6.0,6.0,9.0,3.0,2.0,9.0,2.0,2.0,,2.0,9.0,6.0,2.0,5.0,6.0,7.0,7.0,10.0,3.0,4.0,4.0,2.0,2.0,8.0,9.0,9.0,8.0,8.0,9.0,10.0,10.0,6.0,3,7.0,10,1
2007-05-29,53663,,11,1,4911.0,90274810,UIL,U I L HOLDINGS CORP,UIL,221111.0,N,A,R,21819,1,4931.0,90274810.0,,,49.0,493.0,,,,,,,33.41,0.007236,25131.0,1.0,33.34,839626.71,UIL,8.0,10.0,1.0,,6.0,10,1.0,1.0,6.0,2.0,7.0,3.0,1.0,10.0,4.0,9.0,7.0,6.0,9.0,6.0,6.0,9.0,3.0,2.0,9.0,2.0,2.0,,2.0,9.0,6.0,2.0,5.0,6.0,7.0,7.0,10.0,3.0,4.0,4.0,2.0,2.0,8.0,9.0,9.0,8.0,8.0,9.0,10.0,10.0,6.0,3,7.0,10,1
2007-05-30,53663,,11,1,4911.0,90274810,UIL,U I L HOLDINGS CORP,UIL,221111.0,N,A,R,21819,1,4931.0,90274810.0,,,49.0,493.0,,,,,,,33.08,-0.009877,25131.0,1.0,33.23,831333.48,UIL,8.0,10.0,1.0,,6.0,10,1.0,1.0,6.0,2.0,7.0,3.0,1.0,10.0,4.0,9.0,7.0,6.0,9.0,6.0,6.0,9.0,3.0,2.0,9.0,2.0,2.0,,2.0,9.0,6.0,2.0,5.0,6.0,7.0,7.0,10.0,3.0,4.0,4.0,2.0,2.0,8.0,9.0,9.0,8.0,8.0,9.0,10.0,10.0,6.0,3,7.0,10,1
2007-05-31,53663,,11,1,4911.0,90274810,UIL,U I L HOLDINGS CORP,UIL,221111.0,N,A,R,21819,1,4931.0,90274810.0,,,49.0,493.0,,,,,,,32.8,-0.008464,25155.0,1.0,33.07,825084.0,UIL,8.0,10.0,1.0,,6.0,10,1.0,1.0,6.0,2.0,7.0,3.0,1.0,10.0,4.0,9.0,7.0,6.0,9.0,6.0,6.0,9.0,3.0,2.0,9.0,2.0,2.0,,2.0,9.0,6.0,2.0,5.0,6.0,7.0,7.0,10.0,3.0,4.0,4.0,2.0,2.0,8.0,9.0,9.0,8.0,8.0,9.0,10.0,10.0,6.0,3,7.0,10,1
2007-06-01,53663,,11,1,4911.0,90274810,UIL,U I L HOLDINGS CORP,UIL,221111.0,N,A,R,21819,1,4931.0,90274810.0,,,49.0,493.0,1232.0,0.432,0.0,,,,32.58,0.006463,25155.0,1.0,32.58,819549.9,UIL,8.0,10.0,1.0,,6.0,10,1.0,1.0,6.0,2.0,7.0,3.0,1.0,10.0,4.0,9.0,7.0,6.0,9.0,6.0,6.0,9.0,3.0,2.0,9.0,2.0,2.0,,1.0,7.0,5.0,2.0,4.0,4.0,5.0,7.0,10.0,2.0,2.0,3.0,3.0,3.0,9.0,7.0,9.0,7.0,8.0,9.0,10.0,10.0,5.0,3,6.0,10,1
2007-06-04,53663,,11,1,4911.0,90274810,UIL,U I L HOLDINGS CORP,UIL,221111.0,N,A,R,21819,1,4931.0,90274810.0,,,49.0,493.0,,,,,,,32.55,-0.000921,25155.0,1.0,32.52,818795.25,UIL,8.0,10.0,1.0,,6.0,10,1.0,1.0,6.0,2.0,7.0,3.0,1.0,10.0,4.0,9.0,7.0,6.0,9.0,6.0,6.0,9.0,3.0,2.0,9.0,2.0,2.0,,1.0,7.0,5.0,2.0,4.0,4.0,5.0,7.0,10.0,2.0,2.0,3.0,3.0,3.0,9.0,7.0,9.0,7.0,8.0,9.0,10.0,10.0,5.0,3,6.0,10,1
2007-06-05,53663,,11,1,4911.0,90274810,UIL,U I L HOLDINGS CORP,UIL,221111.0,N,A,R,21819,1,4931.0,90274810.0,,,49.0,493.0,,,,,,,32.5,-0.001536,25155.0,1.0,32.45,817537.5,UIL,8.0,10.0,1.0,,6.0,10,1.0,1.0,6.0,2.0,7.0,3.0,1.0,10.0,4.0,9.0,7.0,6.0,9.0,6.0,6.0,9.0,3.0,2.0,9.0,2.0,2.0,,1.0,7.0,5.0,2.0,4.0,4.0,5.0,7.0,10.0,2.0,2.0,3.0,3.0,3.0,9.0,7.0,9.0,7.0,8.0,9.0,10.0,10.0,5.0,3,6.0,10,1
2007-06-06,53663,,11,1,4911.0,90274810,UIL,U I L HOLDINGS CORP,UIL,221111.0,N,A,R,21819,1,4931.0,90274810.0,,,49.0,493.0,,,,,,,32.63,0.004,25155.0,1.0,32.4,820807.65,UIL,8.0,10.0,1.0,,6.0,10,1.0,1.0,6.0,2.0,7.0,3.0,1.0,10.0,4.0,9.0,7.0,6.0,9.0,6.0,6.0,9.0,3.0,2.0,9.0,2.0,2.0,,1.0,7.0,5.0,2.0,4.0,4.0,5.0,7.0,10.0,2.0,2.0,3.0,3.0,3.0,9.0,7.0,9.0,7.0,8.0,9.0,10.0,10.0,5.0,3,6.0,10,1
2007-06-07,53663,,11,1,4911.0,90274810,UIL,U I L HOLDINGS CORP,UIL,221111.0,N,A,R,21819,1,4931.0,90274810.0,,,49.0,493.0,,,,,,,32.5,-0.003984,25155.0,1.0,32.54,817537.5,UIL,8.0,10.0,1.0,,6.0,10,1.0,1.0,6.0,2.0,7.0,3.0,1.0,10.0,4.0,9.0,7.0,6.0,9.0,6.0,6.0,9.0,3.0,2.0,9.0,2.0,2.0,,1.0,7.0,5.0,2.0,4.0,4.0,5.0,7.0,10.0,2.0,2.0,3.0,3.0,3.0,9.0,7.0,9.0,7.0,8.0,9.0,10.0,10.0,5.0,3,6.0,10,1
2007-06-08,53663,,11,1,4911.0,90274810,UIL,U I L HOLDINGS CORP,UIL,221111.0,N,A,R,21819,1,4931.0,90274810.0,,,49.0,493.0,,,,,,,32.99,0.015077,25155.0,1.0,32.4,829863.45,UIL,8.0,10.0,1.0,,6.0,10,1.0,1.0,6.0,2.0,7.0,3.0,1.0,10.0,4.0,9.0,7.0,6.0,9.0,6.0,6.0,9.0,3.0,2.0,9.0,2.0,2.0,,1.0,7.0,5.0,2.0,4.0,4.0,5.0,7.0,10.0,2.0,2.0,3.0,3.0,3.0,9.0,7.0,9.0,7.0,8.0,9.0,10.0,10.0,5.0,3,6.0,10,1
2007-06-11,53663,,11,1,4911.0,90274810,UIL,U I L HOLDINGS CORP,UIL,221111.0,N,A,R,21819,1,4931.0,90274810.0,,,49.0,493.0,,,,,,,32.56,-0.013034,25155.0,1.0,32.99,819046.8,UIL,8.0,10.0,1.0,,6.0,10,1.0,1.0,6.0,2.0,7.0,3.0,1.0,10.0,4.0,9.0,7.0,6.0,9.0,6.0,6.0,9.0,3.0,2.0,9.0,2.0,2.0,,1.0,7.0,5.0,2.0,4.0,4.0,5.0,7.0,10.0,2.0,2.0,3.0,3.0,3.0,9.0,7.0,9.0,7.0,8.0,9.0,10.0,10.0,5.0,3,6.0,10,1
2007-06-12,53663,,11,1,4911.0,90274810,UIL,U I L HOLDINGS CORP,UIL,221111.0,N,A,R,21819,1,4931.0,90274810.0,,,49.0,493.0,,,,,,,32.11,-0.013821,25155.0,1.0,32.47,807727.05,UIL,8.0,10.0,1.0,,6.0,10,1.0,1.0,6.0,2.0,7.0,3.0,1.0,10.0,4.0,9.0,7.0,6.0,9.0,6.0,6.0,9.0,3.0,2.0,9.0,2.0,2.0,,1.0,7.0,5.0,2.0,4.0,4.0,5.0,7.0,10.0,2.0,2.0,3.0,3.0,3.0,9.0,7.0,9.0,7.0,8.0,9.0,10.0,10.0,5.0,3,6.0,10,1
2007-06-13,53663,,11,1,4911.0,90274810,UIL,U I L HOLDINGS CORP,UIL,221111.0,N,A,R,21819,1,4931.0,90274810.0,,,49.0,493.0,,,,,,,32.28,0.005294,25155.0,1.0,32.12,812003.4,UIL,8.0,10.0,1.0,,6.0,10,1.0,1.0,6.0,2.0,7.0,3.0,1.0,10.0,4.0,9.0,7.0,6.0,9.0,6.0,6.0,9.0,3.0,2.0,9.0,2.0,2.0,,1.0,7.0,5.0,2.0,4.0,4.0,5.0,7.0,10.0,2.0,2.0,3.0,3.0,3.0,9.0,7.0,9.0,7.0,8.0,9.0,10.0,10.0,5.0,3,6.0,10,1
2007-06-14,53663,,11,1,4911.0,90274810,UIL,U I L HOLDINGS CORP,UIL,221111.0,N,A,R,21819,1,4931.0,90274810.0,,,49.0,493.0,,,,,,,32.16,-0.003717,25155.0,1.0,32.23,808984.8,UIL,8.0,10.0,1.0,,6.0,10,1.0,1.0,6.0,2.0,7.0,3.0,1.0,10.0,4.0,9.0,7.0,6.0,9.0,6.0,6.0,9.0,3.0,2.0,9.0,2.0,2.0,,1.0,7.0,5.0,2.0,4.0,4.0,5.0,7.0,10.0,2.0,2.0,3.0,3.0,3.0,9.0,7.0,9.0,7.0,8.0,9.0,10.0,10.0,5.0,3,6.0,10,1
2007-06-15,53663,,11,1,4911.0,90274810,UIL,U I L HOLDINGS CORP,UIL,221111.0,N,A,R,21819,1,4931.0,90274810.0,,,49.0,493.0,,,,,,,32.73,0.017724,25155.0,1.0,32.95,823323.15,UIL,8.0,10.0,1.0,,6.0,10,1.0,1.0,6.0,2.0,7.0,3.0,1.0,10.0,4.0,9.0,7.0,6.0,9.0,6.0,6.0,9.0,3.0,2.0,9.0,2.0,2.0,,1.0,7.0,5.0,2.0,4.0,4.0,5.0,7.0,10.0,2.0,2.0,3.0,3.0,3.0,9.0,7.0,9.0,7.0,8.0,9.0,10.0,10.0,5.0,3,6.0,10,1
2007-06-18,53663,,11,1,4911.0,90274810,UIL,U I L HOLDINGS CORP,UIL,221111.0,N,A,R,21819,1,4931.0,90274810.0,,,49.0,493.0,,,,,,,32.3,-0.013138,25155.0,1.0,32.72,812506.5,UIL,8.0,10.0,1.0,,6.0,10,1.0,1.0,6.0,2.0,7.0,3.0,1.0,10.0,4.0,9.0,7.0,6.0,9.0,6.0,6.0,9.0,3.0,2.0,9.0,2.0,2.0,,1.0,7.0,5.0,2.0,4.0,4.0,5.0,7.0,10.0,2.0,2.0,3.0,3.0,3.0,9.0,7.0,9.0,7.0,8.0,9.0,10.0,10.0,5.0,3,6.0,10,1
2007-06-19,53663,,11,1,4911.0,90274810,UIL,U I L HOLDINGS CORP,UIL,221111.0,N,A,R,21819,1,4931.0,90274810.0,,,49.0,493.0,,,,,,,32.24,-0.001858,25155.0,1.0,32.14,810997.2,UIL,8.0,10.0,1.0,,6.0,10,1.0,1.0,6.0,2.0,7.0,3.0,1.0,10.0,4.0,9.0,7.0,6.0,9.0,6.0,6.0,9.0,3.0,2.0,9.0,2.0,2.0,,1.0,7.0,5.0,2.0,4.0,4.0,5.0,7.0,10.0,2.0,2.0,3.0,3.0,3.0,9.0,7.0,9.0,7.0,8.0,9.0,10.0,10.0,5.0,3,6.0,10,1
2007-06-20,53663,,11,1,4911.0,90274810,UIL,U I L HOLDINGS CORP,UIL,221111.0,N,A,R,21819,1,4931.0,90274810.0,,,49.0,493.0,,,,,,,31.6,-0.019851,25155.0,1.0,32.38,794898.0,UIL,8.0,10.0,1.0,,6.0,10,1.0,1.0,6.0,2.0,7.0,3.0,1.0,10.0,4.0,9.0,7.0,6.0,9.0,6.0,6.0,9.0,3.0,2.0,9.0,2.0,2.0,,1.0,7.0,5.0,2.0,4.0,4.0,5.0,7.0,10.0,2.0,2.0,3.0,3.0,3.0,9.0,7.0,9.0,7.0,8.0,9.0,10.0,10.0,5.0,3,6.0,10,1
2007-06-21,53663,,11,1,4911.0,90274810,UIL,U I L HOLDINGS CORP,UIL,221111.0,N,A,R,21819,1,4931.0,90274810.0,,,49.0,493.0,,,,,,,31.58,-0.000633,25155.0,1.0,31.51,794394.9,UIL,8.0,10.0,1.0,,6.0,10,1.0,1.0,6.0,2.0,7.0,3.0,1.0,10.0,4.0,9.0,7.0,6.0,9.0,6.0,6.0,9.0,3.0,2.0,9.0,2.0,2.0,,1.0,7.0,5.0,2.0,4.0,4.0,5.0,7.0,10.0,2.0,2.0,3.0,3.0,3.0,9.0,7.0,9.0,7.0,8.0,9.0,10.0,10.0,5.0,3,6.0,10,1
2007-06-22,53663,,11,1,4911.0,90274810,UIL,U I L HOLDINGS CORP,UIL,221111.0,N,A,R,21819,1,4931.0,90274810.0,,,49.0,493.0,,,,,,,31.6,0.000633,25155.0,1.0,31.45,794898.0,UIL,8.0,10.0,1.0,,6.0,10,1.0,1.0,6.0,2.0,7.0,3.0,1.0,10.0,4.0,9.0,7.0,6.0,9.0,6.0,6.0,9.0,3.0,2.0,9.0,2.0,2.0,,1.0,7.0,5.0,2.0,4.0,4.0,5.0,7.0,10.0,2.0,2.0,3.0,3.0,3.0,9.0,7.0,9.0,7.0,8.0,9.0,10.0,10.0,5.0,3,6.0,10,1
2007-06-25,53663,,11,1,4911.0,90274810,UIL,U I L HOLDINGS CORP,UIL,221111.0,N,A,R,21819,1,4931.0,90274810.0,,,49.0,493.0,,,,,,,31.86,0.008228,25155.0,1.0,31.6,801438.3,UIL,8.0,10.0,1.0,,6.0,10,1.0,1.0,6.0,2.0,7.0,3.0,1.0,10.0,4.0,9.0,7.0,6.0,9.0,6.0,6.0,9.0,3.0,2.0,9.0,2.0,2.0,,1.0,7.0,5.0,2.0,4.0,4.0,5.0,7.0,10.0,2.0,2.0,3.0,3.0,3.0,9.0,7.0,9.0,7.0,8.0,9.0,10.0,10.0,5.0,3,6.0,10,1
2007-06-26,53663,,11,1,4911.0,90274810,UIL,U I L HOLDINGS CORP,UIL,221111.0,N,A,R,21819,1,4931.0,90274810.0,,,49.0,493.0,,,,,,,32.45,0.018519,25155.0,1.0,31.98,816279.75,UIL,8.0,10.0,1.0,,6.0,10,1.0,1.0,6.0,2.0,7.0,3.0,1.0,10.0,4.0,9.0,7.0,6.0,9.0,6.0,6.0,9.0,3.0,2.0,9.0,2.0,2.0,,1.0,7.0,5.0,2.0,4.0,4.0,5.0,7.0,10.0,2.0,2.0,3.0,3.0,3.0,9.0,7.0,9.0,7.0,8.0,9.0,10.0,10.0,5.0,3,6.0,10,1
2007-06-27,53663,,11,1,4911.0,90274810,UIL,U I L HOLDINGS CORP,UIL,221111.0,N,A,R,21819,1,4931.0,90274810.0,,,49.0,493.0,,,,,,,33.02,0.017565,25155.0,1.0,32.44,830618.1,UIL,8.0,10.0,1.0,,6.0,10,1.0,1.0,6.0,2.0,7.0,3.0,1.0,10.0,4.0,9.0,7.0,6.0,9.0,6.0,6.0,9.0,3.0,2.0,9.0,2.0,2.0,,1.0,7.0,5.0,2.0,4.0,4.0,5.0,7.0,10.0,2.0,2.0,3.0,3.0,3.0,9.0,7.0,9.0,7.0,8.0,9.0,10.0,10.0,5.0,3,6.0,10,1
2007-06-28,53663,,11,1,4911.0,90274810,UIL,U I L HOLDINGS CORP,UIL,221111.0,N,A,R,21819,1,4931.0,90274810.0,,,49.0,493.0,,,,,,,32.93,-0.002726,25155.0,1.0,32.96,828354.15,UIL,8.0,10.0,1.0,,6.0,10,1.0,1.0,6.0,2.0,7.0,3.0,1.0,10.0,4.0,9.0,7.0,6.0,9.0,6.0,6.0,9.0,3.0,2.0,9.0,2.0,2.0,,1.0,7.0,5.0,2.0,4.0,4.0,5.0,7.0,10.0,2.0,2.0,3.0,3.0,3.0,9.0,7.0,9.0,7.0,8.0,9.0,10.0,10.0,5.0,3,6.0,10,1
2007-06-29,53663,,11,1,4911.0,90274810,UIL,U I L HOLDINGS CORP,UIL,221111.0,N,A,R,21819,1,4931.0,90274810.0,,,49.0,493.0,,,,,,,33.1,0.005162,25155.0,1.0,33.1,832630.5,UIL,8.0,10.0,1.0,,6.0,10,1.0,1.0,6.0,2.0,7.0,3.0,1.0,10.0,4.0,9.0,7.0,6.0,9.0,6.0,6.0,9.0,3.0,2.0,9.0,2.0,2.0,,1.0,7.0,5.0,2.0,4.0,4.0,5.0,7.0,10.0,2.0,2.0,3.0,3.0,3.0,9.0,7.0,9.0,7.0,8.0,9.0,10.0,10.0,5.0,3,6.0,10,1
2007-07-02,53663,,11,1,4911.0,90274810,UIL,U I L HOLDINGS CORP,UIL,221111.0,N,A,R,21819,1,4931.0,90274810.0,,,49.0,493.0,,,,,,,33.48,0.01148,25155.0,1.0,33.27,842189.4,UIL,8.0,9.0,1.0,,4.0,10,10.0,1.0,2.0,8.0,10.0,3.0,2.0,10.0,6.0,8.0,8.0,7.0,8.0,3.0,10.0,7.0,4.0,3.0,5.0,5.0,2.0,,1.0,6.0,3.0,1.0,4.0,2.0,3.0,7.0,10.0,2.0,2.0,2.0,3.0,3.0,3.0,6.0,9.0,2.0,2.0,1.0,2.0,8.0,5.0,3,6.0,10,1
2007-07-03,53663,,11,1,4911.0,90274810,UIL,U I L HOLDINGS CORP,UIL,221111.0,N,A,R,21819,1,4931.0,90274810.0,,,49.0,493.0,,,,,,,33.06,-0.012545,25155.0,1.0,32.65,831624.3,UIL,8.0,9.0,1.0,,4.0,10,10.0,1.0,2.0,8.0,10.0,3.0,2.0,10.0,6.0,8.0,8.0,7.0,8.0,3.0,10.0,7.0,4.0,3.0,5.0,5.0,2.0,,1.0,6.0,3.0,1.0,4.0,2.0,3.0,7.0,10.0,2.0,2.0,2.0,3.0,3.0,3.0,6.0,9.0,2.0,2.0,1.0,2.0,8.0,5.0,3,6.0,10,1
2007-07-05,53663,,11,1,4911.0,90274810,UIL,U I L HOLDINGS CORP,UIL,221111.0,N,A,R,21819,1,4931.0,90274810.0,,,49.0,493.0,,,,,,,32.8,-0.007865,25155.0,1.0,33.1,825084.0,UIL,8.0,9.0,1.0,,4.0,10,10.0,1.0,2.0,8.0,10.0,3.0,2.0,10.0,6.0,8.0,8.0,7.0,8.0,3.0,10.0,7.0,4.0,3.0,5.0,5.0,2.0,,1.0,6.0,3.0,1.0,4.0,2.0,3.0,7.0,10.0,2.0,2.0,2.0,3.0,3.0,3.0,6.0,9.0,2.0,2.0,1.0,2.0,8.0,5.0,3,6.0,10,1
2007-07-06,53663,,11,1,4911.0,90274810,UIL,U I L HOLDINGS CORP,UIL,221111.0,N,A,R,21819,1,4931.0,90274810.0,,,49.0,493.0,,,,,,,32.63,-0.005183,25155.0,1.0,32.82,820807.65,UIL,8.0,9.0,1.0,,4.0,10,10.0,1.0,2.0,8.0,10.0,3.0,2.0,10.0,6.0,8.0,8.0,7.0,8.0,3.0,10.0,7.0,4.0,3.0,5.0,5.0,2.0,,1.0,6.0,3.0,1.0,4.0,2.0,3.0,7.0,10.0,2.0,2.0,2.0,3.0,3.0,3.0,6.0,9.0,2.0,2.0,1.0,2.0,8.0,5.0,3,6.0,10,1
2007-07-09,53663,,11,1,4911.0,90274810,UIL,U I L HOLDINGS CORP,UIL,221111.0,N,A,R,21819,1,4931.0,90274810.0,,,49.0,493.0,,,,,,,32.71,0.002452,25155.0,1.0,32.58,822820.05,UIL,8.0,9.0,1.0,,4.0,10,10.0,1.0,2.0,8.0,10.0,3.0,2.0,10.0,6.0,8.0,8.0,7.0,8.0,3.0,10.0,7.0,4.0,3.0,5.0,5.0,2.0,,1.0,6.0,3.0,1.0,4.0,2.0,3.0,7.0,10.0,2.0,2.0,2.0,3.0,3.0,3.0,6.0,9.0,2.0,2.0,1.0,2.0,8.0,5.0,3,6.0,10,1
2007-07-10,53663,,11,1,4911.0,90274810,UIL,U I L HOLDINGS CORP,UIL,221111.0,N,A,R,21819,1,4931.0,90274810.0,,,49.0,493.0,,,,,,,32.07,-0.019566,25155.0,1.0,32.51,806720.85,UIL,8.0,9.0,1.0,,4.0,10,10.0,1.0,2.0,8.0,10.0,3.0,2.0,10.0,6.0,8.0,8.0,7.0,8.0,3.0,10.0,7.0,4.0,3.0,5.0,5.0,2.0,,1.0,6.0,3.0,1.0,4.0,2.0,3.0,7.0,10.0,2.0,2.0,2.0,3.0,3.0,3.0,6.0,9.0,2.0,2.0,1.0,2.0,8.0,5.0,3,6.0,10,1
2007-07-11,53663,,11,1,4911.0,90274810,UIL,U I L HOLDINGS CORP,UIL,221111.0,N,A,R,21819,1,4931.0,90274810.0,,,49.0,493.0,,,,,,,32.13,0.001871,25155.0,1.0,32.0,808230.15,UIL,8.0,9.0,1.0,,4.0,10,10.0,1.0,2.0,8.0,10.0,3.0,2.0,10.0,6.0,8.0,8.0,7.0,8.0,3.0,10.0,7.0,4.0,3.0,5.0,5.0,2.0,,1.0,6.0,3.0,1.0,4.0,2.0,3.0,7.0,10.0,2.0,2.0,2.0,3.0,3.0,3.0,6.0,9.0,2.0,2.0,1.0,2.0,8.0,5.0,3,6.0,10,1
2007-07-12,53663,,11,1,4911.0,90274810,UIL,U I L HOLDINGS CORP,UIL,221111.0,N,A,R,21819,1,4931.0,90274810.0,,,49.0,493.0,,,,,,,32.92,0.024588,25155.0,1.0,32.25,828102.6,UIL,8.0,9.0,1.0,,4.0,10,10.0,1.0,2.0,8.0,10.0,3.0,2.0,10.0,6.0,8.0,8.0,7.0,8.0,3.0,10.0,7.0,4.0,3.0,5.0,5.0,2.0,,1.0,6.0,3.0,1.0,4.0,2.0,3.0,7.0,10.0,2.0,2.0,2.0,3.0,3.0,3.0,6.0,9.0,2.0,2.0,1.0,2.0,8.0,5.0,3,6.0,10,1
2007-07-13,53663,,11,1,4911.0,90274810,UIL,U I L HOLDINGS CORP,UIL,221111.0,N,A,R,21819,1,4931.0,90274810.0,,,49.0,493.0,,,,,,,33.01,0.002734,25155.0,1.0,32.85,830366.55,UIL,8.0,9.0,1.0,,4.0,10,10.0,1.0,2.0,8.0,10.0,3.0,2.0,10.0,6.0,8.0,8.0,7.0,8.0,3.0,10.0,7.0,4.0,3.0,5.0,5.0,2.0,,1.0,6.0,3.0,1.0,4.0,2.0,3.0,7.0,10.0,2.0,2.0,2.0,3.0,3.0,3.0,6.0,9.0,2.0,2.0,1.0,2.0,8.0,5.0,3,6.0,10,1
2007-07-16,53663,,11,1,4911.0,90274810,UIL,U I L HOLDINGS CORP,UIL,221111.0,N,A,R,21819,1,4931.0,90274810.0,,,49.0,493.0,,,,,,,32.27,-0.022417,25155.0,1.0,32.96,811751.85,UIL,8.0,9.0,1.0,,4.0,10,10.0,1.0,2.0,8.0,10.0,3.0,2.0,10.0,6.0,8.0,8.0,7.0,8.0,3.0,10.0,7.0,4.0,3.0,5.0,5.0,2.0,,1.0,6.0,3.0,1.0,4.0,2.0,3.0,7.0,10.0,2.0,2.0,2.0,3.0,3.0,3.0,6.0,9.0,2.0,2.0,1.0,2.0,8.0,5.0,3,6.0,10,1
2007-07-17,53663,,11,1,4911.0,90274810,UIL,U I L HOLDINGS CORP,UIL,221111.0,N,A,R,21819,1,4931.0,90274810.0,,,49.0,493.0,,,,,,,32.04,-0.007127,25155.0,1.0,32.37,805966.2,UIL,8.0,9.0,1.0,,4.0,10,10.0,1.0,2.0,8.0,10.0,3.0,2.0,10.0,6.0,8.0,8.0,7.0,8.0,3.0,10.0,7.0,4.0,3.0,5.0,5.0,2.0,,1.0,6.0,3.0,1.0,4.0,2.0,3.0,7.0,10.0,2.0,2.0,2.0,3.0,3.0,3.0,6.0,9.0,2.0,2.0,1.0,2.0,8.0,5.0,3,6.0,10,1
2007-07-18,53663,,11,1,4911.0,90274810,UIL,U I L HOLDINGS CORP,UIL,221111.0,N,A,R,21819,1,4931.0,90274810.0,,,49.0,493.0,,,,,,,32.14,0.003121,25155.0,1.0,31.9,808481.7,UIL,8.0,9.0,1.0,,4.0,10,10.0,1.0,2.0,8.0,10.0,3.0,2.0,10.0,6.0,8.0,8.0,7.0,8.0,3.0,10.0,7.0,4.0,3.0,5.0,5.0,2.0,,1.0,6.0,3.0,1.0,4.0,2.0,3.0,7.0,10.0,2.0,2.0,2.0,3.0,3.0,3.0,6.0,9.0,2.0,2.0,1.0,2.0,8.0,5.0,3,6.0,10,1
2007-07-19,53663,,11,1,4911.0,90274810,UIL,U I L HOLDINGS CORP,UIL,221111.0,N,A,R,21819,1,4931.0,90274810.0,,,49.0,493.0,,,,,,,32.26,0.003734,25155.0,1.0,32.03,811500.3,UIL,8.0,9.0,1.0,,4.0,10,10.0,1.0,2.0,8.0,10.0,3.0,2.0,10.0,6.0,8.0,8.0,7.0,8.0,3.0,10.0,7.0,4.0,3.0,5.0,5.0,2.0,,1.0,6.0,3.0,1.0,4.0,2.0,3.0,7.0,10.0,2.0,2.0,2.0,3.0,3.0,3.0,6.0,9.0,2.0,2.0,1.0,2.0,8.0,5.0,3,6.0,10,1
2007-07-20,53663,,11,1,4911.0,90274810,UIL,U I L HOLDINGS CORP,UIL,221111.0,N,A,R,21819,1,4931.0,90274810.0,,,49.0,493.0,,,,,,,31.48,-0.024179,25155.0,1.0,32.19,791879.4,UIL,8.0,9.0,1.0,,4.0,10,10.0,1.0,2.0,8.0,10.0,3.0,2.0,10.0,6.0,8.0,8.0,7.0,8.0,3.0,10.0,7.0,4.0,3.0,5.0,5.0,2.0,,1.0,6.0,3.0,1.0,4.0,2.0,3.0,7.0,10.0,2.0,2.0,2.0,3.0,3.0,3.0,6.0,9.0,2.0,2.0,1.0,2.0,8.0,5.0,3,6.0,10,1
2007-07-23,53663,,11,1,4911.0,90274810,UIL,U I L HOLDINGS CORP,UIL,221111.0,N,A,R,21819,1,4931.0,90274810.0,,,49.0,493.0,,,,,,,31.57,0.002859,25155.0,1.0,31.58,794143.35,UIL,8.0,9.0,1.0,,4.0,10,10.0,1.0,2.0,8.0,10.0,3.0,2.0,10.0,6.0,8.0,8.0,7.0,8.0,3.0,10.0,7.0,4.0,3.0,5.0,5.0,2.0,,1.0,6.0,3.0,1.0,4.0,2.0,3.0,7.0,10.0,2.0,2.0,2.0,3.0,3.0,3.0,6.0,9.0,2.0,2.0,1.0,2.0,8.0,5.0,3,6.0,10,1
2007-07-24,53663,,11,1,4911.0,90274810,UIL,U I L HOLDINGS CORP,UIL,221111.0,N,A,R,21819,1,4931.0,90274810.0,,,49.0,493.0,,,,,,,30.52,-0.033259,25155.0,1.0,31.19,767730.6,UIL,8.0,9.0,1.0,,4.0,10,10.0,1.0,2.0,8.0,10.0,3.0,2.0,10.0,6.0,8.0,8.0,7.0,8.0,3.0,10.0,7.0,4.0,3.0,5.0,5.0,2.0,,1.0,6.0,3.0,1.0,4.0,2.0,3.0,7.0,10.0,2.0,2.0,2.0,3.0,3.0,3.0,6.0,9.0,2.0,2.0,1.0,2.0,8.0,5.0,3,6.0,10,1
2007-07-25,53663,,11,1,4911.0,90274810,UIL,U I L HOLDINGS CORP,UIL,221111.0,N,A,R,21819,1,4931.0,90274810.0,,,49.0,493.0,,,,,,,31.23,0.023263,25155.0,1.0,30.68,785590.65,UIL,8.0,9.0,1.0,,4.0,10,10.0,1.0,2.0,8.0,10.0,3.0,2.0,10.0,6.0,8.0,8.0,7.0,8.0,3.0,10.0,7.0,4.0,3.0,5.0,5.0,2.0,,1.0,6.0,3.0,1.0,4.0,2.0,3.0,7.0,10.0,2.0,2.0,2.0,3.0,3.0,3.0,6.0,9.0,2.0,2.0,1.0,2.0,8.0,5.0,3,6.0,10,1
2007-07-26,53663,,11,1,4911.0,90274810,UIL,U I L HOLDINGS CORP,UIL,221111.0,N,A,R,21819,1,4931.0,90274810.0,,,49.0,493.0,,,,,,,30.49,-0.023695,25155.0,1.0,30.65,766975.95,UIL,8.0,9.0,1.0,,4.0,10,10.0,1.0,2.0,8.0,10.0,3.0,2.0,10.0,6.0,8.0,8.0,7.0,8.0,3.0,10.0,7.0,4.0,3.0,5.0,5.0,2.0,,1.0,6.0,3.0,1.0,4.0,2.0,3.0,7.0,10.0,2.0,2.0,2.0,3.0,3.0,3.0,6.0,9.0,2.0,2.0,1.0,2.0,8.0,5.0,3,6.0,10,1
2007-07-27,53663,,11,1,4911.0,90274810,UIL,U I L HOLDINGS CORP,UIL,221111.0,N,A,R,21819,1,4931.0,90274810.0,,,49.0,493.0,,,,,,,29.68,-0.026566,25155.0,1.0,30.31,746600.4,UIL,8.0,9.0,1.0,,4.0,10,10.0,1.0,2.0,8.0,10.0,3.0,2.0,10.0,6.0,8.0,8.0,7.0,8.0,3.0,10.0,7.0,4.0,3.0,5.0,5.0,2.0,,1.0,6.0,3.0,1.0,4.0,2.0,3.0,7.0,10.0,2.0,2.0,2.0,3.0,3.0,3.0,6.0,9.0,2.0,2.0,1.0,2.0,8.0,5.0,3,6.0,10,1
2007-07-30,53663,,11,1,4911.0,90274810,UIL,U I L HOLDINGS CORP,UIL,221111.0,N,A,R,21819,1,4931.0,90274810.0,,,49.0,493.0,,,,,,,29.97,0.009771,25155.0,1.0,29.63,753895.35,UIL,8.0,9.0,1.0,,4.0,10,10.0,1.0,2.0,8.0,10.0,3.0,2.0,10.0,6.0,8.0,8.0,7.0,8.0,3.0,10.0,7.0,4.0,3.0,5.0,5.0,2.0,,1.0,6.0,3.0,1.0,4.0,2.0,3.0,7.0,10.0,2.0,2.0,2.0,3.0,3.0,3.0,6.0,9.0,2.0,2.0,1.0,2.0,8.0,5.0,3,6.0,10,1
2007-07-31,53663,,11,1,4911.0,90274810,UIL,U I L HOLDINGS CORP,UIL,221111.0,N,A,R,21819,1,4931.0,90274810.0,,,49.0,493.0,,,,,,,29.58,-0.013013,25155.0,1.0,30.28,744084.9,UIL,8.0,9.0,1.0,,4.0,10,10.0,1.0,2.0,8.0,10.0,3.0,2.0,10.0,6.0,8.0,8.0,7.0,8.0,3.0,10.0,7.0,4.0,3.0,5.0,5.0,2.0,,1.0,6.0,3.0,1.0,4.0,2.0,3.0,7.0,10.0,2.0,2.0,2.0,3.0,3.0,3.0,6.0,9.0,2.0,2.0,1.0,2.0,8.0,5.0,3,6.0,10,1
2007-08-01,53663,,11,1,4911.0,90274810,UIL,U I L HOLDINGS CORP,UIL,221111.0,N,A,R,21819,1,4931.0,90274810.0,,,49.0,493.0,,,,,,,30.76,0.039892,25155.0,1.0,29.49,773767.8,UIL,8.0,9.0,1.0,,4.0,10,10.0,1.0,2.0,8.0,10.0,3.0,2.0,10.0,6.0,8.0,8.0,7.0,8.0,3.0,10.0,7.0,4.0,3.0,5.0,5.0,2.0,,1.0,7.0,3.0,1.0,4.0,2.0,2.0,6.0,10.0,2.0,2.0,3.0,3.0,3.0,8.0,7.0,9.0,4.0,8.0,9.0,10.0,9.0,5.0,3,6.0,10,1
2007-08-02,53663,,11,1,4911.0,90274810,UIL,U I L HOLDINGS CORP,UIL,221111.0,N,A,R,21819,1,4931.0,90274810.0,,,49.0,493.0,,,,,,,30.43,-0.010728,25155.0,1.0,30.71,765466.65,UIL,8.0,9.0,1.0,,4.0,10,10.0,1.0,2.0,8.0,10.0,3.0,2.0,10.0,6.0,8.0,8.0,7.0,8.0,3.0,10.0,7.0,4.0,3.0,5.0,5.0,2.0,,1.0,7.0,3.0,1.0,4.0,2.0,2.0,6.0,10.0,2.0,2.0,3.0,3.0,3.0,8.0,7.0,9.0,4.0,8.0,9.0,10.0,9.0,5.0,3,6.0,10,1
2007-08-03,53663,,11,1,4911.0,90274810,UIL,U I L HOLDINGS CORP,UIL,221111.0,N,A,R,21819,1,4931.0,90274810.0,,,49.0,493.0,,,,,,,27.96,-0.08117,25155.0,1.0,30.42,703333.8,UIL,8.0,9.0,1.0,,4.0,10,10.0,1.0,2.0,8.0,10.0,3.0,2.0,10.0,6.0,8.0,8.0,7.0,8.0,3.0,10.0,7.0,4.0,3.0,5.0,5.0,2.0,,1.0,7.0,3.0,1.0,4.0,2.0,2.0,6.0,10.0,2.0,2.0,3.0,3.0,3.0,8.0,7.0,9.0,4.0,8.0,9.0,10.0,9.0,5.0,3,6.0,10,1
2007-08-06,53663,,11,1,4911.0,90274810,UIL,U I L HOLDINGS CORP,UIL,221111.0,N,A,R,21819,1,4931.0,90274810.0,,,49.0,493.0,,,,,,,28.66,0.025036,25155.0,1.0,27.45,720942.3,UIL,8.0,9.0,1.0,,4.0,10,10.0,1.0,2.0,8.0,10.0,3.0,2.0,10.0,6.0,8.0,8.0,7.0,8.0,3.0,10.0,7.0,4.0,3.0,5.0,5.0,2.0,,1.0,7.0,3.0,1.0,4.0,2.0,2.0,6.0,10.0,2.0,2.0,3.0,3.0,3.0,8.0,7.0,9.0,4.0,8.0,9.0,10.0,9.0,5.0,3,6.0,10,1
2007-08-07,53663,,11,1,4911.0,90274810,UIL,U I L HOLDINGS CORP,UIL,221111.0,N,A,R,21819,1,4931.0,90274810.0,,,49.0,493.0,,,,,,,28.54,-0.004187,25155.0,1.0,28.6,717923.7,UIL,8.0,9.0,1.0,,4.0,10,10.0,1.0,2.0,8.0,10.0,3.0,2.0,10.0,6.0,8.0,8.0,7.0,8.0,3.0,10.0,7.0,4.0,3.0,5.0,5.0,2.0,,1.0,7.0,3.0,1.0,4.0,2.0,2.0,6.0,10.0,2.0,2.0,3.0,3.0,3.0,8.0,7.0,9.0,4.0,8.0,9.0,10.0,9.0,5.0,3,6.0,10,1
2007-08-08,53663,,11,1,4911.0,90274810,UIL,U I L HOLDINGS CORP,UIL,221111.0,N,A,R,21819,1,4931.0,90274810.0,,,49.0,493.0,,,,,,,30.34,0.063069,25155.0,1.0,28.81,763202.7,UIL,8.0,9.0,1.0,,4.0,10,10.0,1.0,2.0,8.0,10.0,3.0,2.0,10.0,6.0,8.0,8.0,7.0,8.0,3.0,10.0,7.0,4.0,3.0,5.0,5.0,2.0,,1.0,7.0,3.0,1.0,4.0,2.0,2.0,6.0,10.0,2.0,2.0,3.0,3.0,3.0,8.0,7.0,9.0,4.0,8.0,9.0,10.0,9.0,5.0,3,6.0,10,1
2007-08-09,53663,,11,1,4911.0,90274810,UIL,U I L HOLDINGS CORP,UIL,221111.0,N,A,R,21819,1,4931.0,90274810.0,,,49.0,493.0,,,,,,,29.97,-0.012195,25155.0,1.0,30.57,753895.35,UIL,8.0,9.0,1.0,,4.0,10,10.0,1.0,2.0,8.0,10.0,3.0,2.0,10.0,6.0,8.0,8.0,7.0,8.0,3.0,10.0,7.0,4.0,3.0,5.0,5.0,2.0,,1.0,7.0,3.0,1.0,4.0,2.0,2.0,6.0,10.0,2.0,2.0,3.0,3.0,3.0,8.0,7.0,9.0,4.0,8.0,9.0,10.0,9.0,5.0,3,6.0,10,1
2007-08-10,53663,,11,1,4911.0,90274810,UIL,U I L HOLDINGS CORP,UIL,221111.0,N,A,R,21819,1,4931.0,90274810.0,,,49.0,493.0,,,,,,,30.78,0.027027,25155.0,1.0,29.87,774270.9,UIL,8.0,9.0,1.0,,4.0,10,10.0,1.0,2.0,8.0,10.0,3.0,2.0,10.0,6.0,8.0,8.0,7.0,8.0,3.0,10.0,7.0,4.0,3.0,5.0,5.0,2.0,,1.0,7.0,3.0,1.0,4.0,2.0,2.0,6.0,10.0,2.0,2.0,3.0,3.0,3.0,8.0,7.0,9.0,4.0,8.0,9.0,10.0,9.0,5.0,3,6.0,10,1
2007-08-13,53663,,11,1,4911.0,90274810,UIL,U I L HOLDINGS CORP,UIL,221111.0,N,A,R,21819,1,4931.0,90274810.0,,,49.0,493.0,,,,,,,29.58,-0.038986,25155.0,1.0,31.03,744084.9,UIL,8.0,9.0,1.0,,4.0,10,10.0,1.0,2.0,8.0,10.0,3.0,2.0,10.0,6.0,8.0,8.0,7.0,8.0,3.0,10.0,7.0,4.0,3.0,5.0,5.0,2.0,,1.0,7.0,3.0,1.0,4.0,2.0,2.0,6.0,10.0,2.0,2.0,3.0,3.0,3.0,8.0,7.0,9.0,4.0,8.0,9.0,10.0,9.0,5.0,3,6.0,10,1
2007-08-14,53663,,11,1,4911.0,90274810,UIL,U I L HOLDINGS CORP,UIL,221111.0,N,A,R,21819,1,4931.0,90274810.0,,,49.0,493.0,,,,,,,29.36,-0.007437,25155.0,1.0,29.58,738550.8,UIL,8.0,9.0,1.0,,4.0,10,10.0,1.0,2.0,8.0,10.0,3.0,2.0,10.0,6.0,8.0,8.0,7.0,8.0,3.0,10.0,7.0,4.0,3.0,5.0,5.0,2.0,,1.0,7.0,3.0,1.0,4.0,2.0,2.0,6.0,10.0,2.0,2.0,3.0,3.0,3.0,8.0,7.0,9.0,4.0,8.0,9.0,10.0,9.0,5.0,3,6.0,10,1
2007-08-15,53663,,11,1,4911.0,90274810,UIL,U I L HOLDINGS CORP,UIL,221111.0,N,A,R,21819,1,4931.0,90274810.0,,,49.0,493.0,,,,,,,30.09,0.024864,25155.0,1.0,29.45,756913.95,UIL,8.0,9.0,1.0,,4.0,10,10.0,1.0,2.0,8.0,10.0,3.0,2.0,10.0,6.0,8.0,8.0,7.0,8.0,3.0,10.0,7.0,4.0,3.0,5.0,5.0,2.0,,1.0,7.0,3.0,1.0,4.0,2.0,2.0,6.0,10.0,2.0,2.0,3.0,3.0,3.0,8.0,7.0,9.0,4.0,8.0,9.0,10.0,9.0,5.0,3,6.0,10,1
2007-08-16,53663,,11,1,4911.0,90274810,UIL,U I L HOLDINGS CORP,UIL,221111.0,N,A,R,21819,1,4931.0,90274810.0,,,49.0,493.0,,,,,,,31.6,0.050183,25155.0,1.0,30.09,794898.0,UIL,8.0,9.0,1.0,,4.0,10,10.0,1.0,2.0,8.0,10.0,3.0,2.0,10.0,6.0,8.0,8.0,7.0,8.0,3.0,10.0,7.0,4.0,3.0,5.0,5.0,2.0,,1.0,7.0,3.0,1.0,4.0,2.0,2.0,6.0,10.0,2.0,2.0,3.0,3.0,3.0,8.0,7.0,9.0,4.0,8.0,9.0,10.0,9.0,5.0,3,6.0,10,1
2007-08-17,53663,,11,1,4911.0,90274810,UIL,U I L HOLDINGS CORP,UIL,221111.0,N,A,R,21819,1,4931.0,90274810.0,,,49.0,493.0,,,,,,,32.7,0.03481,25155.0,1.0,31.6,822568.5,UIL,8.0,9.0,1.0,,4.0,10,10.0,1.0,2.0,8.0,10.0,3.0,2.0,10.0,6.0,8.0,8.0,7.0,8.0,3.0,10.0,7.0,4.0,3.0,5.0,5.0,2.0,,1.0,7.0,3.0,1.0,4.0,2.0,2.0,6.0,10.0,2.0,2.0,3.0,3.0,3.0,8.0,7.0,9.0,4.0,8.0,9.0,10.0,9.0,5.0,3,6.0,10,1
2007-08-20,53663,,11,1,4911.0,90274810,UIL,U I L HOLDINGS CORP,UIL,221111.0,N,A,R,21819,1,4931.0,90274810.0,,,49.0,493.0,,,,,,,33.18,0.014679,25155.0,1.0,32.78,834642.9,UIL,8.0,9.0,1.0,,4.0,10,10.0,1.0,2.0,8.0,10.0,3.0,2.0,10.0,6.0,8.0,8.0,7.0,8.0,3.0,10.0,7.0,4.0,3.0,5.0,5.0,2.0,,1.0,7.0,3.0,1.0,4.0,2.0,2.0,6.0,10.0,2.0,2.0,3.0,3.0,3.0,8.0,7.0,9.0,4.0,8.0,9.0,10.0,9.0,5.0,3,6.0,10,1
2007-08-21,53663,,11,1,4911.0,90274810,UIL,U I L HOLDINGS CORP,UIL,221111.0,N,A,R,21819,1,4931.0,90274810.0,,,49.0,493.0,,,,,,,32.26,-0.027728,25155.0,1.0,33.0,811500.3,UIL,8.0,9.0,1.0,,4.0,10,10.0,1.0,2.0,8.0,10.0,3.0,2.0,10.0,6.0,8.0,8.0,7.0,8.0,3.0,10.0,7.0,4.0,3.0,5.0,5.0,2.0,,1.0,7.0,3.0,1.0,4.0,2.0,2.0,6.0,10.0,2.0,2.0,3.0,3.0,3.0,8.0,7.0,9.0,4.0,8.0,9.0,10.0,9.0,5.0,3,6.0,10,1
2007-08-22,53663,,11,1,4911.0,90274810,UIL,U I L HOLDINGS CORP,UIL,221111.0,N,A,R,21819,1,4931.0,90274810.0,,,49.0,493.0,,,,,,,31.97,-0.008989,25155.0,1.0,32.44,804205.35,UIL,8.0,9.0,1.0,,4.0,10,10.0,1.0,2.0,8.0,10.0,3.0,2.0,10.0,6.0,8.0,8.0,7.0,8.0,3.0,10.0,7.0,4.0,3.0,5.0,5.0,2.0,,1.0,7.0,3.0,1.0,4.0,2.0,2.0,6.0,10.0,2.0,2.0,3.0,3.0,3.0,8.0,7.0,9.0,4.0,8.0,9.0,10.0,9.0,5.0,3,6.0,10,1
2007-08-23,53663,,11,1,4911.0,90274810,UIL,U I L HOLDINGS CORP,UIL,221111.0,N,A,R,21819,1,4931.0,90274810.0,,,49.0,493.0,,,,,,,31.59,-0.011886,25155.0,1.0,32.17,794646.45,UIL,8.0,9.0,1.0,,4.0,10,10.0,1.0,2.0,8.0,10.0,3.0,2.0,10.0,6.0,8.0,8.0,7.0,8.0,3.0,10.0,7.0,4.0,3.0,5.0,5.0,2.0,,1.0,7.0,3.0,1.0,4.0,2.0,2.0,6.0,10.0,2.0,2.0,3.0,3.0,3.0,8.0,7.0,9.0,4.0,8.0,9.0,10.0,9.0,5.0,3,6.0,10,1
2007-08-24,53663,,11,1,4911.0,90274810,UIL,U I L HOLDINGS CORP,UIL,221111.0,N,A,R,21819,1,4931.0,90274810.0,,,49.0,493.0,,,,,,,31.54,-0.001583,25155.0,1.0,31.52,793388.7,UIL,8.0,9.0,1.0,,4.0,10,10.0,1.0,2.0,8.0,10.0,3.0,2.0,10.0,6.0,8.0,8.0,7.0,8.0,3.0,10.0,7.0,4.0,3.0,5.0,5.0,2.0,,1.0,7.0,3.0,1.0,4.0,2.0,2.0,6.0,10.0,2.0,2.0,3.0,3.0,3.0,8.0,7.0,9.0,4.0,8.0,9.0,10.0,9.0,5.0,3,6.0,10,1
2007-08-27,53663,,11,1,4911.0,90274810,UIL,U I L HOLDINGS CORP,UIL,221111.0,N,A,R,21819,1,4931.0,90274810.0,,,49.0,493.0,,,,,,,30.66,-0.027901,25155.0,1.0,31.5,771252.3,UIL,8.0,9.0,1.0,,4.0,10,10.0,1.0,2.0,8.0,10.0,3.0,2.0,10.0,6.0,8.0,8.0,7.0,8.0,3.0,10.0,7.0,4.0,3.0,5.0,5.0,2.0,,1.0,7.0,3.0,1.0,4.0,2.0,2.0,6.0,10.0,2.0,2.0,3.0,3.0,3.0,8.0,7.0,9.0,4.0,8.0,9.0,10.0,9.0,5.0,3,6.0,10,1
2007-08-28,53663,,11,1,4911.0,90274810,UIL,U I L HOLDINGS CORP,UIL,221111.0,N,A,R,21819,1,4931.0,90274810.0,,,49.0,493.0,,,,,,,29.41,-0.04077,25155.0,1.0,30.3,739808.55,UIL,8.0,9.0,1.0,,4.0,10,10.0,1.0,2.0,8.0,10.0,3.0,2.0,10.0,6.0,8.0,8.0,7.0,8.0,3.0,10.0,7.0,4.0,3.0,5.0,5.0,2.0,,1.0,7.0,3.0,1.0,4.0,2.0,2.0,6.0,10.0,2.0,2.0,3.0,3.0,3.0,8.0,7.0,9.0,4.0,8.0,9.0,10.0,9.0,5.0,3,6.0,10,1
2007-08-29,53663,,11,1,4911.0,90274810,UIL,U I L HOLDINGS CORP,UIL,221111.0,N,A,R,21819,1,4931.0,90274810.0,,,49.0,493.0,,,,,,,30.74,0.045223,25155.0,1.0,29.51,773264.7,UIL,8.0,9.0,1.0,,4.0,10,10.0,1.0,2.0,8.0,10.0,3.0,2.0,10.0,6.0,8.0,8.0,7.0,8.0,3.0,10.0,7.0,4.0,3.0,5.0,5.0,2.0,,1.0,7.0,3.0,1.0,4.0,2.0,2.0,6.0,10.0,2.0,2.0,3.0,3.0,3.0,8.0,7.0,9.0,4.0,8.0,9.0,10.0,9.0,5.0,3,6.0,10,1
2007-08-30,53663,,11,1,4911.0,90274810,UIL,U I L HOLDINGS CORP,UIL,221111.0,N,A,R,21819,1,4931.0,90274810.0,,,49.0,493.0,,,,,,,30.83,0.002928,25155.0,1.0,30.32,775528.65,UIL,8.0,9.0,1.0,,4.0,10,10.0,1.0,2.0,8.0,10.0,3.0,2.0,10.0,6.0,8.0,8.0,7.0,8.0,3.0,10.0,7.0,4.0,3.0,5.0,5.0,2.0,,1.0,7.0,3.0,1.0,4.0,2.0,2.0,6.0,10.0,2.0,2.0,3.0,3.0,3.0,8.0,7.0,9.0,4.0,8.0,9.0,10.0,9.0,5.0,3,6.0,10,1
2007-08-31,53663,,11,1,4911.0,90274810,UIL,U I L HOLDINGS CORP,UIL,221111.0,N,A,R,21819,1,4931.0,90274810.0,,,49.0,493.0,,,,,,,30.99,0.00519,25160.0,1.0,31.23,779708.4,UIL,8.0,9.0,1.0,,4.0,10,10.0,1.0,2.0,8.0,10.0,3.0,2.0,10.0,6.0,8.0,8.0,7.0,8.0,3.0,10.0,7.0,4.0,3.0,5.0,5.0,2.0,,1.0,7.0,3.0,1.0,4.0,2.0,2.0,6.0,10.0,2.0,2.0,3.0,3.0,3.0,8.0,7.0,9.0,4.0,8.0,9.0,10.0,9.0,5.0,3,6.0,10,1
2007-09-04,53663,,11,1,4911.0,90274810,UIL,U I L HOLDINGS CORP,UIL,221111.0,N,A,R,21819,1,4931.0,90274810.0,,,49.0,493.0,1232.0,0.432,0.0,,,,30.93,0.012004,25160.0,1.0,30.74,778198.8,UIL,8.0,9.0,1.0,,4.0,10,10.0,1.0,2.0,8.0,10.0,3.0,2.0,10.0,6.0,8.0,8.0,7.0,8.0,3.0,10.0,7.0,4.0,3.0,5.0,5.0,2.0,,2.0,5.0,4.0,1.0,4.0,2.0,1.0,5.0,10.0,3.0,4.0,3.0,5.0,3.0,3.0,7.0,8.0,4.0,4.0,3.0,3.0,9.0,5.0,3,7.0,10,1
2007-09-05,53663,,11,1,4911.0,90274810,UIL,U I L HOLDINGS CORP,UIL,221111.0,N,A,R,21819,1,4931.0,90274810.0,,,49.0,493.0,,,,,,,31.25,0.010346,25160.0,1.0,30.85,786250.0,UIL,8.0,9.0,1.0,,4.0,10,10.0,1.0,2.0,8.0,10.0,3.0,2.0,10.0,6.0,8.0,8.0,7.0,8.0,3.0,10.0,7.0,4.0,3.0,5.0,5.0,2.0,,2.0,5.0,4.0,1.0,4.0,2.0,1.0,5.0,10.0,3.0,4.0,3.0,5.0,3.0,3.0,7.0,8.0,4.0,4.0,3.0,3.0,9.0,5.0,3,7.0,10,1
2007-09-06,53663,,11,1,4911.0,90274810,UIL,U I L HOLDINGS CORP,UIL,221111.0,N,A,R,21819,1,4931.0,90274810.0,,,49.0,493.0,,,,,,,31.25,0.0,25160.0,1.0,31.35,786250.0,UIL,8.0,9.0,1.0,,4.0,10,10.0,1.0,2.0,8.0,10.0,3.0,2.0,10.0,6.0,8.0,8.0,7.0,8.0,3.0,10.0,7.0,4.0,3.0,5.0,5.0,2.0,,2.0,5.0,4.0,1.0,4.0,2.0,1.0,5.0,10.0,3.0,4.0,3.0,5.0,3.0,3.0,7.0,8.0,4.0,4.0,3.0,3.0,9.0,5.0,3,7.0,10,1
2007-09-07,53663,,11,1,4911.0,90274810,UIL,U I L HOLDINGS CORP,UIL,221111.0,N,A,R,21819,1,4931.0,90274810.0,,,49.0,493.0,,,,,,,30.97,-0.00896,25160.0,1.0,30.73,779205.2,UIL,8.0,9.0,1.0,,4.0,10,10.0,1.0,2.0,8.0,10.0,3.0,2.0,10.0,6.0,8.0,8.0,7.0,8.0,3.0,10.0,7.0,4.0,3.0,5.0,5.0,2.0,,2.0,5.0,4.0,1.0,4.0,2.0,1.0,5.0,10.0,3.0,4.0,3.0,5.0,3.0,3.0,7.0,8.0,4.0,4.0,3.0,3.0,9.0,5.0,3,7.0,10,1
2007-09-10,53663,,11,1,4911.0,90274810,UIL,U I L HOLDINGS CORP,UIL,221111.0,N,A,R,21819,1,4931.0,90274810.0,,,49.0,493.0,,,,,,,31.26,0.009364,25160.0,1.0,31.1,786501.6,UIL,8.0,9.0,1.0,,4.0,10,10.0,1.0,2.0,8.0,10.0,3.0,2.0,10.0,6.0,8.0,8.0,7.0,8.0,3.0,10.0,7.0,4.0,3.0,5.0,5.0,2.0,,2.0,5.0,4.0,1.0,4.0,2.0,1.0,5.0,10.0,3.0,4.0,3.0,5.0,3.0,3.0,7.0,8.0,4.0,4.0,3.0,3.0,9.0,5.0,3,7.0,10,1
2007-09-11,53663,,11,1,4911.0,90274810,UIL,U I L HOLDINGS CORP,UIL,221111.0,N,A,R,21819,1,4931.0,90274810.0,,,49.0,493.0,,,,,,,31.54,0.008957,25160.0,1.0,31.36,793546.4,UIL,8.0,9.0,1.0,,4.0,10,10.0,1.0,2.0,8.0,10.0,3.0,2.0,10.0,6.0,8.0,8.0,7.0,8.0,3.0,10.0,7.0,4.0,3.0,5.0,5.0,2.0,,2.0,5.0,4.0,1.0,4.0,2.0,1.0,5.0,10.0,3.0,4.0,3.0,5.0,3.0,3.0,7.0,8.0,4.0,4.0,3.0,3.0,9.0,5.0,3,7.0,10,1
2007-09-12,53663,,11,1,4911.0,90274810,UIL,U I L HOLDINGS CORP,UIL,221111.0,N,A,R,21819,1,4931.0,90274810.0,,,49.0,493.0,,,,,,,31.14,-0.012682,25160.0,1.0,31.43,783482.4,UIL,8.0,9.0,1.0,,4.0,10,10.0,1.0,2.0,8.0,10.0,3.0,2.0,10.0,6.0,8.0,8.0,7.0,8.0,3.0,10.0,7.0,4.0,3.0,5.0,5.0,2.0,,2.0,5.0,4.0,1.0,4.0,2.0,1.0,5.0,10.0,3.0,4.0,3.0,5.0,3.0,3.0,7.0,8.0,4.0,4.0,3.0,3.0,9.0,5.0,3,7.0,10,1
2007-09-13,53663,,11,1,4911.0,90274810,UIL,U I L HOLDINGS CORP,UIL,221111.0,N,A,R,21819,1,4931.0,90274810.0,,,49.0,493.0,,,,,,,31.05,-0.00289,25160.0,1.0,31.22,781218.0,UIL,8.0,9.0,1.0,,4.0,10,10.0,1.0,2.0,8.0,10.0,3.0,2.0,10.0,6.0,8.0,8.0,7.0,8.0,3.0,10.0,7.0,4.0,3.0,5.0,5.0,2.0,,2.0,5.0,4.0,1.0,4.0,2.0,1.0,5.0,10.0,3.0,4.0,3.0,5.0,3.0,3.0,7.0,8.0,4.0,4.0,3.0,3.0,9.0,5.0,3,7.0,10,1
2007-09-14,53663,,11,1,4911.0,90274810,UIL,U I L HOLDINGS CORP,UIL,221111.0,N,A,R,21819,1,4931.0,90274810.0,,,49.0,493.0,,,,,,,31.19,0.004509,25160.0,1.0,30.74,784740.4,UIL,8.0,9.0,1.0,,4.0,10,10.0,1.0,2.0,8.0,10.0,3.0,2.0,10.0,6.0,8.0,8.0,7.0,8.0,3.0,10.0,7.0,4.0,3.0,5.0,5.0,2.0,,2.0,5.0,4.0,1.0,4.0,2.0,1.0,5.0,10.0,3.0,4.0,3.0,5.0,3.0,3.0,7.0,8.0,4.0,4.0,3.0,3.0,9.0,5.0,3,7.0,10,1
2007-09-17,53663,,11,1,4911.0,90274810,UIL,U I L HOLDINGS CORP,UIL,221111.0,N,A,R,21819,1,4931.0,90274810.0,,,49.0,493.0,,,,,,,31.28,0.002886,25160.0,1.0,31.23,787004.8,UIL,8.0,9.0,1.0,,4.0,10,10.0,1.0,2.0,8.0,10.0,3.0,2.0,10.0,6.0,8.0,8.0,7.0,8.0,3.0,10.0,7.0,4.0,3.0,5.0,5.0,2.0,,2.0,5.0,4.0,1.0,4.0,2.0,1.0,5.0,10.0,3.0,4.0,3.0,5.0,3.0,3.0,7.0,8.0,4.0,4.0,3.0,3.0,9.0,5.0,3,7.0,10,1
2007-09-18,53663,,11,1,4911.0,90274810,UIL,U I L HOLDINGS CORP,UIL,221111.0,N,A,R,21819,1,4931.0,90274810.0,,,49.0,493.0,,,,,,,32.75,0.046995,25160.0,1.0,31.39,823990.0,UIL,8.0,9.0,1.0,,4.0,10,10.0,1.0,2.0,8.0,10.0,3.0,2.0,10.0,6.0,8.0,8.0,7.0,8.0,3.0,10.0,7.0,4.0,3.0,5.0,5.0,2.0,,2.0,5.0,4.0,1.0,4.0,2.0,1.0,5.0,10.0,3.0,4.0,3.0,5.0,3.0,3.0,7.0,8.0,4.0,4.0,3.0,3.0,9.0,5.0,3,7.0,10,1
2007-09-19,53663,,11,1,4911.0,90274810,UIL,U I L HOLDINGS CORP,UIL,221111.0,N,A,R,21819,1,4931.0,90274810.0,,,49.0,493.0,,,,,,,33.55,0.024427,25160.0,1.0,32.96,844118.0,UIL,8.0,9.0,1.0,,4.0,10,10.0,1.0,2.0,8.0,10.0,3.0,2.0,10.0,6.0,8.0,8.0,7.0,8.0,3.0,10.0,7.0,4.0,3.0,5.0,5.0,2.0,,2.0,5.0,4.0,1.0,4.0,2.0,1.0,5.0,10.0,3.0,4.0,3.0,5.0,3.0,3.0,7.0,8.0,4.0,4.0,3.0,3.0,9.0,5.0,3,7.0,10,1
2007-09-20,53663,,11,1,4911.0,90274810,UIL,U I L HOLDINGS CORP,UIL,221111.0,N,A,R,21819,1,4931.0,90274810.0,,,49.0,493.0,,,,,,,32.75,-0.023845,25160.0,1.0,33.4,823990.0,UIL,8.0,9.0,1.0,,4.0,10,10.0,1.0,2.0,8.0,10.0,3.0,2.0,10.0,6.0,8.0,8.0,7.0,8.0,3.0,10.0,7.0,4.0,3.0,5.0,5.0,2.0,,2.0,5.0,4.0,1.0,4.0,2.0,1.0,5.0,10.0,3.0,4.0,3.0,5.0,3.0,3.0,7.0,8.0,4.0,4.0,3.0,3.0,9.0,5.0,3,7.0,10,1
2007-09-21,53663,,11,1,4911.0,90274810,UIL,U I L HOLDINGS CORP,UIL,221111.0,N,A,R,21819,1,4931.0,90274810.0,,,49.0,493.0,,,,,,,32.61,-0.004275,25160.0,1.0,33.06,820467.6,UIL,8.0,9.0,1.0,,4.0,10,10.0,1.0,2.0,8.0,10.0,3.0,2.0,10.0,6.0,8.0,8.0,7.0,8.0,3.0,10.0,7.0,4.0,3.0,5.0,5.0,2.0,,2.0,5.0,4.0,1.0,4.0,2.0,1.0,5.0,10.0,3.0,4.0,3.0,5.0,3.0,3.0,7.0,8.0,4.0,4.0,3.0,3.0,9.0,5.0,3,7.0,10,1
2007-09-24,53663,,11,1,4911.0,90274810,UIL,U I L HOLDINGS CORP,UIL,221111.0,N,A,R,21819,1,4931.0,90274810.0,,,49.0,493.0,,,,,,,32.28,-0.01012,25160.0,1.0,32.51,812164.8,UIL,8.0,9.0,1.0,,4.0,10,10.0,1.0,2.0,8.0,10.0,3.0,2.0,10.0,6.0,8.0,8.0,7.0,8.0,3.0,10.0,7.0,4.0,3.0,5.0,5.0,2.0,,2.0,5.0,4.0,1.0,4.0,2.0,1.0,5.0,10.0,3.0,4.0,3.0,5.0,3.0,3.0,7.0,8.0,4.0,4.0,3.0,3.0,9.0,5.0,3,7.0,10,1
2007-09-25,53663,,11,1,4911.0,90274810,UIL,U I L HOLDINGS CORP,UIL,221111.0,N,A,R,21819,1,4931.0,90274810.0,,,49.0,493.0,,,,,,,31.82,-0.01425,25160.0,1.0,32.12,800591.2,UIL,8.0,9.0,1.0,,4.0,10,10.0,1.0,2.0,8.0,10.0,3.0,2.0,10.0,6.0,8.0,8.0,7.0,8.0,3.0,10.0,7.0,4.0,3.0,5.0,5.0,2.0,,2.0,5.0,4.0,1.0,4.0,2.0,1.0,5.0,10.0,3.0,4.0,3.0,5.0,3.0,3.0,7.0,8.0,4.0,4.0,3.0,3.0,9.0,5.0,3,7.0,10,1
2007-09-26,53663,,11,1,4911.0,90274810,UIL,U I L HOLDINGS CORP,UIL,221111.0,N,A,R,21819,1,4931.0,90274810.0,,,49.0,493.0,,,,,,,32.33,0.016028,25160.0,1.0,32.1,813422.8,UIL,8.0,9.0,1.0,,4.0,10,10.0,1.0,2.0,8.0,10.0,3.0,2.0,10.0,6.0,8.0,8.0,7.0,8.0,3.0,10.0,7.0,4.0,3.0,5.0,5.0,2.0,,2.0,5.0,4.0,1.0,4.0,2.0,1.0,5.0,10.0,3.0,4.0,3.0,5.0,3.0,3.0,7.0,8.0,4.0,4.0,3.0,3.0,9.0,5.0,3,7.0,10,1
2007-09-27,53663,,11,1,4911.0,90274810,UIL,U I L HOLDINGS CORP,UIL,221111.0,N,A,R,21819,1,4931.0,90274810.0,,,49.0,493.0,,,,,,,32.05,-0.008661,25160.0,1.0,32.43,806378.0,UIL,8.0,9.0,1.0,,4.0,10,10.0,1.0,2.0,8.0,10.0,3.0,2.0,10.0,6.0,8.0,8.0,7.0,8.0,3.0,10.0,7.0,4.0,3.0,5.0,5.0,2.0,,2.0,5.0,4.0,1.0,4.0,2.0,1.0,5.0,10.0,3.0,4.0,3.0,5.0,3.0,3.0,7.0,8.0,4.0,4.0,3.0,3.0,9.0,5.0,3,7.0,10,1
2007-09-28,53663,,11,1,4911.0,90274810,UIL,U I L HOLDINGS CORP,UIL,221111.0,N,A,R,21819,1,4931.0,90274810.0,,,49.0,493.0,,,,,,,31.5,-0.017161,25160.0,1.0,32.14,792540.0,UIL,8.0,9.0,1.0,,4.0,10,10.0,1.0,2.0,8.0,10.0,3.0,2.0,10.0,6.0,8.0,8.0,7.0,8.0,3.0,10.0,7.0,4.0,3.0,5.0,5.0,2.0,,2.0,5.0,4.0,1.0,4.0,2.0,1.0,5.0,10.0,3.0,4.0,3.0,5.0,3.0,3.0,7.0,8.0,4.0,4.0,3.0,3.0,9.0,5.0,3,7.0,10,1
2007-10-01,53663,,11,1,4911.0,90274810,UIL,U I L HOLDINGS CORP,UIL,221111.0,N,A,R,21819,1,4931.0,90274810.0,,,49.0,493.0,,,,,,,32.89,0.044127,25160.0,1.0,31.5,827512.4,UIL,8.0,9.0,1.0,,4.0,10,10.0,1.0,2.0,8.0,10.0,3.0,2.0,10.0,6.0,8.0,8.0,7.0,8.0,3.0,10.0,7.0,4.0,3.0,5.0,5.0,2.0,,3.0,4.0,5.0,2.0,5.0,2.0,1.0,4.0,9.0,3.0,4.0,3.0,5.0,4.0,5.0,7.0,8.0,2.0,5.0,5.0,4.0,6.0,5.0,3,8.0,10,1
2007-10-02,53663,,11,1,4911.0,90274810,UIL,U I L HOLDINGS CORP,UIL,221111.0,N,A,R,21819,1,4931.0,90274810.0,,,49.0,493.0,,,,,,,32.61,-0.008513,25160.0,1.0,33.0,820467.6,UIL,8.0,9.0,1.0,,4.0,10,10.0,1.0,2.0,8.0,10.0,3.0,2.0,10.0,6.0,8.0,8.0,7.0,8.0,3.0,10.0,7.0,4.0,3.0,5.0,5.0,2.0,,3.0,4.0,5.0,2.0,5.0,2.0,1.0,4.0,9.0,3.0,4.0,3.0,5.0,4.0,5.0,7.0,8.0,2.0,5.0,5.0,4.0,6.0,5.0,3,8.0,10,1
2007-10-03,53663,,11,1,4911.0,90274810,UIL,U I L HOLDINGS CORP,UIL,221111.0,N,A,R,21819,1,4931.0,90274810.0,,,49.0,493.0,,,,,,,32.58,-0.00092,25160.0,1.0,32.49,819712.8,UIL,8.0,9.0,1.0,,4.0,10,10.0,1.0,2.0,8.0,10.0,3.0,2.0,10.0,6.0,8.0,8.0,7.0,8.0,3.0,10.0,7.0,4.0,3.0,5.0,5.0,2.0,,3.0,4.0,5.0,2.0,5.0,2.0,1.0,4.0,9.0,3.0,4.0,3.0,5.0,4.0,5.0,7.0,8.0,2.0,5.0,5.0,4.0,6.0,5.0,3,8.0,10,1
2007-10-04,53663,,11,1,4911.0,90274810,UIL,U I L HOLDINGS CORP,UIL,221111.0,N,A,R,21819,1,4931.0,90274810.0,,,49.0,493.0,,,,,,,33.13,0.016881,25160.0,1.0,32.65,833550.8,UIL,8.0,9.0,1.0,,4.0,10,10.0,1.0,2.0,8.0,10.0,3.0,2.0,10.0,6.0,8.0,8.0,7.0,8.0,3.0,10.0,7.0,4.0,3.0,5.0,5.0,2.0,,3.0,4.0,5.0,2.0,5.0,2.0,1.0,4.0,9.0,3.0,4.0,3.0,5.0,4.0,5.0,7.0,8.0,2.0,5.0,5.0,4.0,6.0,5.0,3,8.0,10,1
2007-10-05,53663,,11,1,4911.0,90274810,UIL,U I L HOLDINGS CORP,UIL,221111.0,N,A,R,21819,1,4931.0,90274810.0,,,49.0,493.0,,,,,,,33.23,0.003018,25160.0,1.0,33.5,836066.8,UIL,8.0,9.0,1.0,,4.0,10,10.0,1.0,2.0,8.0,10.0,3.0,2.0,10.0,6.0,8.0,8.0,7.0,8.0,3.0,10.0,7.0,4.0,3.0,5.0,5.0,2.0,,3.0,4.0,5.0,2.0,5.0,2.0,1.0,4.0,9.0,3.0,4.0,3.0,5.0,4.0,5.0,7.0,8.0,2.0,5.0,5.0,4.0,6.0,5.0,3,8.0,10,1
2007-10-08,53663,,11,1,4911.0,90274810,UIL,U I L HOLDINGS CORP,UIL,221111.0,N,A,R,21819,1,4931.0,90274810.0,,,49.0,493.0,,,,,,,32.45,-0.023473,25160.0,1.0,33.22,816442.0,UIL,8.0,9.0,1.0,,4.0,10,10.0,1.0,2.0,8.0,10.0,3.0,2.0,10.0,6.0,8.0,8.0,7.0,8.0,3.0,10.0,7.0,4.0,3.0,5.0,5.0,2.0,,3.0,4.0,5.0,2.0,5.0,2.0,1.0,4.0,9.0,3.0,4.0,3.0,5.0,4.0,5.0,7.0,8.0,2.0,5.0,5.0,4.0,6.0,5.0,3,8.0,10,1
2007-10-09,53663,,11,1,4911.0,90274810,UIL,U I L HOLDINGS CORP,UIL,221111.0,N,A,R,21819,1,4931.0,90274810.0,,,49.0,493.0,,,,,,,33.22,0.023729,25160.0,1.0,32.48,835815.2,UIL,8.0,9.0,1.0,,4.0,10,10.0,1.0,2.0,8.0,10.0,3.0,2.0,10.0,6.0,8.0,8.0,7.0,8.0,3.0,10.0,7.0,4.0,3.0,5.0,5.0,2.0,,3.0,4.0,5.0,2.0,5.0,2.0,1.0,4.0,9.0,3.0,4.0,3.0,5.0,4.0,5.0,7.0,8.0,2.0,5.0,5.0,4.0,6.0,5.0,3,8.0,10,1
2007-10-10,53663,,11,1,4911.0,90274810,UIL,U I L HOLDINGS CORP,UIL,221111.0,N,A,R,21819,1,4931.0,90274810.0,,,49.0,493.0,,,,,,,33.39,0.005117,25160.0,1.0,33.22,840092.4,UIL,8.0,9.0,1.0,,4.0,10,10.0,1.0,2.0,8.0,10.0,3.0,2.0,10.0,6.0,8.0,8.0,7.0,8.0,3.0,10.0,7.0,4.0,3.0,5.0,5.0,2.0,,3.0,4.0,5.0,2.0,5.0,2.0,1.0,4.0,9.0,3.0,4.0,3.0,5.0,4.0,5.0,7.0,8.0,2.0,5.0,5.0,4.0,6.0,5.0,3,8.0,10,1
2007-10-11,53663,,11,1,4911.0,90274810,UIL,U I L HOLDINGS CORP,UIL,221111.0,N,A,R,21819,1,4931.0,90274810.0,,,49.0,493.0,,,,,,,32.81,-0.01737,25160.0,1.0,33.55,825499.6,UIL,8.0,9.0,1.0,,4.0,10,10.0,1.0,2.0,8.0,10.0,3.0,2.0,10.0,6.0,8.0,8.0,7.0,8.0,3.0,10.0,7.0,4.0,3.0,5.0,5.0,2.0,,3.0,4.0,5.0,2.0,5.0,2.0,1.0,4.0,9.0,3.0,4.0,3.0,5.0,4.0,5.0,7.0,8.0,2.0,5.0,5.0,4.0,6.0,5.0,3,8.0,10,1
2007-10-12,53663,,11,1,4911.0,90274810,UIL,U I L HOLDINGS CORP,UIL,221111.0,N,A,R,21819,1,4931.0,90274810.0,,,49.0,493.0,,,,,,,33.35,0.016458,25160.0,1.0,32.79,839086.0,UIL,8.0,9.0,1.0,,4.0,10,10.0,1.0,2.0,8.0,10.0,3.0,2.0,10.0,6.0,8.0,8.0,7.0,8.0,3.0,10.0,7.0,4.0,3.0,5.0,5.0,2.0,,3.0,4.0,5.0,2.0,5.0,2.0,1.0,4.0,9.0,3.0,4.0,3.0,5.0,4.0,5.0,7.0,8.0,2.0,5.0,5.0,4.0,6.0,5.0,3,8.0,10,1
2007-10-15,53663,,11,1,4911.0,90274810,UIL,U I L HOLDINGS CORP,UIL,221111.0,N,A,R,21819,1,4931.0,90274810.0,,,49.0,493.0,,,,,,,32.36,-0.029685,25160.0,1.0,33.29,814177.6,UIL,8.0,9.0,1.0,,4.0,10,10.0,1.0,2.0,8.0,10.0,3.0,2.0,10.0,6.0,8.0,8.0,7.0,8.0,3.0,10.0,7.0,4.0,3.0,5.0,5.0,2.0,,3.0,4.0,5.0,2.0,5.0,2.0,1.0,4.0,9.0,3.0,4.0,3.0,5.0,4.0,5.0,7.0,8.0,2.0,5.0,5.0,4.0,6.0,5.0,3,8.0,10,1
2007-10-16,53663,,11,1,4911.0,90274810,UIL,U I L HOLDINGS CORP,UIL,221111.0,N,A,R,21819,1,4931.0,90274810.0,,,49.0,493.0,,,,,,,32.29,-0.002163,25160.0,1.0,32.34,812416.4,UIL,8.0,9.0,1.0,,4.0,10,10.0,1.0,2.0,8.0,10.0,3.0,2.0,10.0,6.0,8.0,8.0,7.0,8.0,3.0,10.0,7.0,4.0,3.0,5.0,5.0,2.0,,3.0,4.0,5.0,2.0,5.0,2.0,1.0,4.0,9.0,3.0,4.0,3.0,5.0,4.0,5.0,7.0,8.0,2.0,5.0,5.0,4.0,6.0,5.0,3,8.0,10,1
2007-10-17,53663,,11,1,4911.0,90274810,UIL,U I L HOLDINGS CORP,UIL,221111.0,N,A,R,21819,1,4931.0,90274810.0,,,49.0,493.0,,,,,,,32.56,0.008362,25160.0,1.0,32.72,819209.6,UIL,8.0,9.0,1.0,,4.0,10,10.0,1.0,2.0,8.0,10.0,3.0,2.0,10.0,6.0,8.0,8.0,7.0,8.0,3.0,10.0,7.0,4.0,3.0,5.0,5.0,2.0,,3.0,4.0,5.0,2.0,5.0,2.0,1.0,4.0,9.0,3.0,4.0,3.0,5.0,4.0,5.0,7.0,8.0,2.0,5.0,5.0,4.0,6.0,5.0,3,8.0,10,1
2007-10-18,53663,,11,1,4911.0,90274810,UIL,U I L HOLDINGS CORP,UIL,221111.0,N,A,R,21819,1,4931.0,90274810.0,,,49.0,493.0,,,,,,,32.19,-0.011364,25160.0,1.0,32.43,809900.4,UIL,8.0,9.0,1.0,,4.0,10,10.0,1.0,2.0,8.0,10.0,3.0,2.0,10.0,6.0,8.0,8.0,7.0,8.0,3.0,10.0,7.0,4.0,3.0,5.0,5.0,2.0,,3.0,4.0,5.0,2.0,5.0,2.0,1.0,4.0,9.0,3.0,4.0,3.0,5.0,4.0,5.0,7.0,8.0,2.0,5.0,5.0,4.0,6.0,5.0,3,8.0,10,1
2007-10-19,53663,,11,1,4911.0,90274810,UIL,U I L HOLDINGS CORP,UIL,221111.0,N,A,R,21819,1,4931.0,90274810.0,,,49.0,493.0,,,,,,,31.1,-0.033861,25160.0,1.0,32.13,782476.0,UIL,8.0,9.0,1.0,,4.0,10,10.0,1.0,2.0,8.0,10.0,3.0,2.0,10.0,6.0,8.0,8.0,7.0,8.0,3.0,10.0,7.0,4.0,3.0,5.0,5.0,2.0,,3.0,4.0,5.0,2.0,5.0,2.0,1.0,4.0,9.0,3.0,4.0,3.0,5.0,4.0,5.0,7.0,8.0,2.0,5.0,5.0,4.0,6.0,5.0,3,8.0,10,1
2007-10-22,53663,,11,1,4911.0,90274810,UIL,U I L HOLDINGS CORP,UIL,221111.0,N,A,R,21819,1,4931.0,90274810.0,,,49.0,493.0,,,,,,,32.3,0.038585,25160.0,1.0,31.0,812668.0,UIL,8.0,9.0,1.0,,4.0,10,10.0,1.0,2.0,8.0,10.0,3.0,2.0,10.0,6.0,8.0,8.0,7.0,8.0,3.0,10.0,7.0,4.0,3.0,5.0,5.0,2.0,,3.0,4.0,5.0,2.0,5.0,2.0,1.0,4.0,9.0,3.0,4.0,3.0,5.0,4.0,5.0,7.0,8.0,2.0,5.0,5.0,4.0,6.0,5.0,3,8.0,10,1
2007-10-23,53663,,11,1,4911.0,90274810,UIL,U I L HOLDINGS CORP,UIL,221111.0,N,A,R,21819,1,4931.0,90274810.0,,,49.0,493.0,,,,,,,32.38,0.002477,25160.0,1.0,32.69,814680.8,UIL,8.0,9.0,1.0,,4.0,10,10.0,1.0,2.0,8.0,10.0,3.0,2.0,10.0,6.0,8.0,8.0,7.0,8.0,3.0,10.0,7.0,4.0,3.0,5.0,5.0,2.0,,3.0,4.0,5.0,2.0,5.0,2.0,1.0,4.0,9.0,3.0,4.0,3.0,5.0,4.0,5.0,7.0,8.0,2.0,5.0,5.0,4.0,6.0,5.0,3,8.0,10,1
2007-10-24,53663,,11,1,4911.0,90274810,UIL,U I L HOLDINGS CORP,UIL,221111.0,N,A,R,21819,1,4931.0,90274810.0,,,49.0,493.0,,,,,,,32.95,0.017603,25160.0,1.0,32.19,829022.0,UIL,8.0,9.0,1.0,,4.0,10,10.0,1.0,2.0,8.0,10.0,3.0,2.0,10.0,6.0,8.0,8.0,7.0,8.0,3.0,10.0,7.0,4.0,3.0,5.0,5.0,2.0,,3.0,4.0,5.0,2.0,5.0,2.0,1.0,4.0,9.0,3.0,4.0,3.0,5.0,4.0,5.0,7.0,8.0,2.0,5.0,5.0,4.0,6.0,5.0,3,8.0,10,1
2007-10-25,53663,,11,1,4911.0,90274810,UIL,U I L HOLDINGS CORP,UIL,221111.0,N,A,R,21819,1,4931.0,90274810.0,,,49.0,493.0,,,,,,,33.15,0.00607,25160.0,1.0,33.07,834054.0,UIL,8.0,9.0,1.0,,4.0,10,10.0,1.0,2.0,8.0,10.0,3.0,2.0,10.0,6.0,8.0,8.0,7.0,8.0,3.0,10.0,7.0,4.0,3.0,5.0,5.0,2.0,,3.0,4.0,5.0,2.0,5.0,2.0,1.0,4.0,9.0,3.0,4.0,3.0,5.0,4.0,5.0,7.0,8.0,2.0,5.0,5.0,4.0,6.0,5.0,3,8.0,10,1
2007-10-26,53663,,11,1,4911.0,90274810,UIL,U I L HOLDINGS CORP,UIL,221111.0,N,A,R,21819,1,4931.0,90274810.0,,,49.0,493.0,,,,,,,34.41,0.038009,25160.0,1.0,33.54,865755.6,UIL,8.0,9.0,1.0,,4.0,10,10.0,1.0,2.0,8.0,10.0,3.0,2.0,10.0,6.0,8.0,8.0,7.0,8.0,3.0,10.0,7.0,4.0,3.0,5.0,5.0,2.0,,3.0,4.0,5.0,2.0,5.0,2.0,1.0,4.0,9.0,3.0,4.0,3.0,5.0,4.0,5.0,7.0,8.0,2.0,5.0,5.0,4.0,6.0,5.0,3,8.0,10,1
2007-10-29,53663,,11,1,4911.0,90274810,UIL,U I L HOLDINGS CORP,UIL,221111.0,N,A,R,21819,1,4931.0,90274810.0,,,49.0,493.0,,,,,,,34.22,-0.005522,25160.0,1.0,34.63,860975.2,UIL,8.0,9.0,1.0,,4.0,10,10.0,1.0,2.0,8.0,10.0,3.0,2.0,10.0,6.0,8.0,8.0,7.0,8.0,3.0,10.0,7.0,4.0,3.0,5.0,5.0,2.0,,3.0,4.0,5.0,2.0,5.0,2.0,1.0,4.0,9.0,3.0,4.0,3.0,5.0,4.0,5.0,7.0,8.0,2.0,5.0,5.0,4.0,6.0,5.0,3,8.0,10,1
2007-10-30,53663,,11,1,4911.0,90274810,UIL,U I L HOLDINGS CORP,UIL,221111.0,N,A,R,21819,1,4931.0,90274810.0,,,49.0,493.0,,,,,,,34.22,0.0,25160.0,1.0,34.13,860975.2,UIL,8.0,9.0,1.0,,4.0,10,10.0,1.0,2.0,8.0,10.0,3.0,2.0,10.0,6.0,8.0,8.0,7.0,8.0,3.0,10.0,7.0,4.0,3.0,5.0,5.0,2.0,,3.0,4.0,5.0,2.0,5.0,2.0,1.0,4.0,9.0,3.0,4.0,3.0,5.0,4.0,5.0,7.0,8.0,2.0,5.0,5.0,4.0,6.0,5.0,3,8.0,10,1
2007-10-31,53663,,11,1,4911.0,90274810,UIL,U I L HOLDINGS CORP,UIL,221111.0,N,A,R,21819,1,4931.0,90274810.0,,,49.0,493.0,,,,,,,35.18,0.028054,25160.0,1.0,34.4,885128.8,UIL,8.0,9.0,1.0,,4.0,10,10.0,1.0,2.0,8.0,10.0,3.0,2.0,10.0,6.0,8.0,8.0,7.0,8.0,3.0,10.0,7.0,4.0,3.0,5.0,5.0,2.0,,3.0,4.0,5.0,2.0,5.0,2.0,1.0,4.0,9.0,3.0,4.0,3.0,5.0,4.0,5.0,7.0,8.0,2.0,5.0,5.0,4.0,6.0,5.0,3,8.0,10,1
2007-11-01,53663,,11,1,4911.0,90274810,UIL,U I L HOLDINGS CORP,UIL,221111.0,N,A,R,21819,1,4931.0,90274810.0,,,49.0,493.0,,,,,,,33.87,-0.037237,25160.0,1.0,34.8,852169.2,UIL,8.0,9.0,1.0,,4.0,10,10.0,1.0,2.0,8.0,10.0,3.0,2.0,10.0,6.0,8.0,8.0,7.0,8.0,3.0,10.0,7.0,4.0,3.0,5.0,5.0,2.0,,4.0,5.0,7.0,3.0,5.0,2.0,1.0,3.0,9.0,3.0,4.0,3.0,5.0,4.0,2.0,7.0,7.0,7.0,3.0,3.0,3.0,10.0,6.0,3,8.0,10,1
2007-11-02,53663,,11,1,4911.0,90274810,UIL,U I L HOLDINGS CORP,UIL,221111.0,N,A,R,21819,1,4931.0,90274810.0,,,49.0,493.0,,,,,,,33.53,-0.010038,25160.0,1.0,34.07,843614.8,UIL,8.0,9.0,1.0,,4.0,10,10.0,1.0,2.0,8.0,10.0,3.0,2.0,10.0,6.0,8.0,8.0,7.0,8.0,3.0,10.0,7.0,4.0,3.0,5.0,5.0,2.0,,4.0,5.0,7.0,3.0,5.0,2.0,1.0,3.0,9.0,3.0,4.0,3.0,5.0,4.0,2.0,7.0,7.0,7.0,3.0,3.0,3.0,10.0,6.0,3,8.0,10,1
2007-11-05,53663,,11,1,4911.0,90274810,UIL,U I L HOLDINGS CORP,UIL,221111.0,N,A,R,21819,1,4931.0,90274810.0,,,49.0,493.0,,,,,,,34.39,0.025649,25160.0,1.0,32.87,865252.4,UIL,8.0,9.0,1.0,,4.0,10,10.0,1.0,2.0,8.0,10.0,3.0,2.0,10.0,6.0,8.0,8.0,7.0,8.0,3.0,10.0,7.0,4.0,3.0,5.0,5.0,2.0,,4.0,5.0,7.0,3.0,5.0,2.0,1.0,3.0,9.0,3.0,4.0,3.0,5.0,4.0,2.0,7.0,7.0,7.0,3.0,3.0,3.0,10.0,6.0,3,8.0,10,1
2007-11-06,53663,,11,1,4911.0,90274810,UIL,U I L HOLDINGS CORP,UIL,221111.0,N,A,R,21819,1,4931.0,90274810.0,,,49.0,493.0,,,,,,,34.8,0.011922,25160.0,1.0,35.76,875568.0,UIL,8.0,9.0,1.0,,4.0,10,10.0,1.0,2.0,8.0,10.0,3.0,2.0,10.0,6.0,8.0,8.0,7.0,8.0,3.0,10.0,7.0,4.0,3.0,5.0,5.0,2.0,,4.0,5.0,7.0,3.0,5.0,2.0,1.0,3.0,9.0,3.0,4.0,3.0,5.0,4.0,2.0,7.0,7.0,7.0,3.0,3.0,3.0,10.0,6.0,3,8.0,10,1
2007-11-07,53663,,11,1,4911.0,90274810,UIL,U I L HOLDINGS CORP,UIL,221111.0,N,A,R,21819,1,4931.0,90274810.0,,,49.0,493.0,,,,,,,33.93,-0.025,25160.0,1.0,34.4,853678.8,UIL,8.0,9.0,1.0,,4.0,10,10.0,1.0,2.0,8.0,10.0,3.0,2.0,10.0,6.0,8.0,8.0,7.0,8.0,3.0,10.0,7.0,4.0,3.0,5.0,5.0,2.0,,4.0,5.0,7.0,3.0,5.0,2.0,1.0,3.0,9.0,3.0,4.0,3.0,5.0,4.0,2.0,7.0,7.0,7.0,3.0,3.0,3.0,10.0,6.0,3,8.0,10,1
2007-11-08,53663,,11,1,4911.0,90274810,UIL,U I L HOLDINGS CORP,UIL,221111.0,N,A,R,21819,1,4931.0,90274810.0,,,49.0,493.0,,,,,,,34.95,0.030062,25160.0,1.0,34.32,879342.0,UIL,8.0,9.0,1.0,,4.0,10,10.0,1.0,2.0,8.0,10.0,3.0,2.0,10.0,6.0,8.0,8.0,7.0,8.0,3.0,10.0,7.0,4.0,3.0,5.0,5.0,2.0,,4.0,5.0,7.0,3.0,5.0,2.0,1.0,3.0,9.0,3.0,4.0,3.0,5.0,4.0,2.0,7.0,7.0,7.0,3.0,3.0,3.0,10.0,6.0,3,8.0,10,1
2007-11-09,53663,,11,1,4911.0,90274810,UIL,U I L HOLDINGS CORP,UIL,221111.0,N,A,R,21819,1,4931.0,90274810.0,,,49.0,493.0,,,,,,,34.65,-0.008584,25160.0,1.0,34.4,871794.0,UIL,8.0,9.0,1.0,,4.0,10,10.0,1.0,2.0,8.0,10.0,3.0,2.0,10.0,6.0,8.0,8.0,7.0,8.0,3.0,10.0,7.0,4.0,3.0,5.0,5.0,2.0,,4.0,5.0,7.0,3.0,5.0,2.0,1.0,3.0,9.0,3.0,4.0,3.0,5.0,4.0,2.0,7.0,7.0,7.0,3.0,3.0,3.0,10.0,6.0,3,8.0,10,1
2007-11-12,53663,,11,1,4911.0,90274810,UIL,U I L HOLDINGS CORP,UIL,221111.0,N,A,R,21819,1,4931.0,90274810.0,,,49.0,493.0,,,,,,,34.97,0.009235,25160.0,1.0,34.68,879845.2,UIL,8.0,9.0,1.0,,4.0,10,10.0,1.0,2.0,8.0,10.0,3.0,2.0,10.0,6.0,8.0,8.0,7.0,8.0,3.0,10.0,7.0,4.0,3.0,5.0,5.0,2.0,,4.0,5.0,7.0,3.0,5.0,2.0,1.0,3.0,9.0,3.0,4.0,3.0,5.0,4.0,2.0,7.0,7.0,7.0,3.0,3.0,3.0,10.0,6.0,3,8.0,10,1
2007-11-13,53663,,11,1,4911.0,90274810,UIL,U I L HOLDINGS CORP,UIL,221111.0,N,A,R,21819,1,4931.0,90274810.0,,,49.0,493.0,,,,,,,35.35,0.010866,25160.0,1.0,35.24,889406.0,UIL,8.0,9.0,1.0,,4.0,10,10.0,1.0,2.0,8.0,10.0,3.0,2.0,10.0,6.0,8.0,8.0,7.0,8.0,3.0,10.0,7.0,4.0,3.0,5.0,5.0,2.0,,4.0,5.0,7.0,3.0,5.0,2.0,1.0,3.0,9.0,3.0,4.0,3.0,5.0,4.0,2.0,7.0,7.0,7.0,3.0,3.0,3.0,10.0,6.0,3,8.0,10,1
2007-11-14,53663,,11,1,4911.0,90274810,UIL,U I L HOLDINGS CORP,UIL,221111.0,N,A,R,21819,1,4931.0,90274810.0,,,49.0,493.0,,,,,,,34.68,-0.018953,25160.0,1.0,35.41,872548.8,UIL,8.0,9.0,1.0,,4.0,10,10.0,1.0,2.0,8.0,10.0,3.0,2.0,10.0,6.0,8.0,8.0,7.0,8.0,3.0,10.0,7.0,4.0,3.0,5.0,5.0,2.0,,4.0,5.0,7.0,3.0,5.0,2.0,1.0,3.0,9.0,3.0,4.0,3.0,5.0,4.0,2.0,7.0,7.0,7.0,3.0,3.0,3.0,10.0,6.0,3,8.0,10,1
2007-11-15,53663,,11,1,4911.0,90274810,UIL,U I L HOLDINGS CORP,UIL,221111.0,N,A,R,21819,1,4931.0,90274810.0,,,49.0,493.0,,,,,,,35.44,0.021915,25160.0,1.0,34.95,891670.4,UIL,8.0,9.0,1.0,,4.0,10,10.0,1.0,2.0,8.0,10.0,3.0,2.0,10.0,6.0,8.0,8.0,7.0,8.0,3.0,10.0,7.0,4.0,3.0,5.0,5.0,2.0,,4.0,5.0,7.0,3.0,5.0,2.0,1.0,3.0,9.0,3.0,4.0,3.0,5.0,4.0,2.0,7.0,7.0,7.0,3.0,3.0,3.0,10.0,6.0,3,8.0,10,1
2007-11-16,53663,,11,1,4911.0,90274810,UIL,U I L HOLDINGS CORP,UIL,221111.0,N,A,R,21819,1,4931.0,90274810.0,,,49.0,493.0,,,,,,,35.77,0.009312,25160.0,1.0,35.59,899973.2,UIL,8.0,9.0,1.0,,4.0,10,10.0,1.0,2.0,8.0,10.0,3.0,2.0,10.0,6.0,8.0,8.0,7.0,8.0,3.0,10.0,7.0,4.0,3.0,5.0,5.0,2.0,,4.0,5.0,7.0,3.0,5.0,2.0,1.0,3.0,9.0,3.0,4.0,3.0,5.0,4.0,2.0,7.0,7.0,7.0,3.0,3.0,3.0,10.0,6.0,3,8.0,10,1
2007-11-19,53663,,11,1,4911.0,90274810,UIL,U I L HOLDINGS CORP,UIL,221111.0,N,A,R,21819,1,4931.0,90274810.0,,,49.0,493.0,,,,,,,35.09,-0.01901,25160.0,1.0,35.39,882864.4,UIL,8.0,9.0,1.0,,4.0,10,10.0,1.0,2.0,8.0,10.0,3.0,2.0,10.0,6.0,8.0,8.0,7.0,8.0,3.0,10.0,7.0,4.0,3.0,5.0,5.0,2.0,,4.0,5.0,7.0,3.0,5.0,2.0,1.0,3.0,9.0,3.0,4.0,3.0,5.0,4.0,2.0,7.0,7.0,7.0,3.0,3.0,3.0,10.0,6.0,3,8.0,10,1
2007-11-20,53663,,11,1,4911.0,90274810,UIL,U I L HOLDINGS CORP,UIL,221111.0,N,A,R,21819,1,4931.0,90274810.0,,,49.0,493.0,,,,,,,36.09,0.028498,25160.0,1.0,34.94,908024.4,UIL,8.0,9.0,1.0,,4.0,10,10.0,1.0,2.0,8.0,10.0,3.0,2.0,10.0,6.0,8.0,8.0,7.0,8.0,3.0,10.0,7.0,4.0,3.0,5.0,5.0,2.0,,4.0,5.0,7.0,3.0,5.0,2.0,1.0,3.0,9.0,3.0,4.0,3.0,5.0,4.0,2.0,7.0,7.0,7.0,3.0,3.0,3.0,10.0,6.0,3,8.0,10,1
2007-11-21,53663,,11,1,4911.0,90274810,UIL,U I L HOLDINGS CORP,UIL,221111.0,N,A,R,21819,1,4931.0,90274810.0,,,49.0,493.0,,,,,,,36.1,0.000277,25160.0,1.0,35.95,908276.0,UIL,8.0,9.0,1.0,,4.0,10,10.0,1.0,2.0,8.0,10.0,3.0,2.0,10.0,6.0,8.0,8.0,7.0,8.0,3.0,10.0,7.0,4.0,3.0,5.0,5.0,2.0,,4.0,5.0,7.0,3.0,5.0,2.0,1.0,3.0,9.0,3.0,4.0,3.0,5.0,4.0,2.0,7.0,7.0,7.0,3.0,3.0,3.0,10.0,6.0,3,8.0,10,1
2007-11-23,53663,,11,1,4911.0,90274810,UIL,U I L HOLDINGS CORP,UIL,221111.0,N,A,R,21819,1,4931.0,90274810.0,,,49.0,493.0,,,,,,,35.92,-0.004986,25160.0,1.0,36.25,903747.2,UIL,8.0,9.0,1.0,,4.0,10,10.0,1.0,2.0,8.0,10.0,3.0,2.0,10.0,6.0,8.0,8.0,7.0,8.0,3.0,10.0,7.0,4.0,3.0,5.0,5.0,2.0,,4.0,5.0,7.0,3.0,5.0,2.0,1.0,3.0,9.0,3.0,4.0,3.0,5.0,4.0,2.0,7.0,7.0,7.0,3.0,3.0,3.0,10.0,6.0,3,8.0,10,1
2007-11-26,53663,,11,1,4911.0,90274810,UIL,U I L HOLDINGS CORP,UIL,221111.0,N,A,R,21819,1,4931.0,90274810.0,,,49.0,493.0,,,,,,,35.34,-0.016147,25160.0,1.0,35.82,889154.4,UIL,8.0,9.0,1.0,,4.0,10,10.0,1.0,2.0,8.0,10.0,3.0,2.0,10.0,6.0,8.0,8.0,7.0,8.0,3.0,10.0,7.0,4.0,3.0,5.0,5.0,2.0,,4.0,5.0,7.0,3.0,5.0,2.0,1.0,3.0,9.0,3.0,4.0,3.0,5.0,4.0,2.0,7.0,7.0,7.0,3.0,3.0,3.0,10.0,6.0,3,8.0,10,1
2007-11-27,53663,,11,1,4911.0,90274810,UIL,U I L HOLDINGS CORP,UIL,221111.0,N,A,R,21819,1,4931.0,90274810.0,,,49.0,493.0,,,,,,,35.74,0.011319,25160.0,1.0,35.34,899218.4,UIL,8.0,9.0,1.0,,4.0,10,10.0,1.0,2.0,8.0,10.0,3.0,2.0,10.0,6.0,8.0,8.0,7.0,8.0,3.0,10.0,7.0,4.0,3.0,5.0,5.0,2.0,,4.0,5.0,7.0,3.0,5.0,2.0,1.0,3.0,9.0,3.0,4.0,3.0,5.0,4.0,2.0,7.0,7.0,7.0,3.0,3.0,3.0,10.0,6.0,3,8.0,10,1
2007-11-28,53663,,11,1,4911.0,90274810,UIL,U I L HOLDINGS CORP,UIL,221111.0,N,A,R,21819,1,4931.0,90274810.0,,,49.0,493.0,,,,,,,36.01,0.007554,25160.0,1.0,36.19,906011.6,UIL,8.0,9.0,1.0,,4.0,10,10.0,1.0,2.0,8.0,10.0,3.0,2.0,10.0,6.0,8.0,8.0,7.0,8.0,3.0,10.0,7.0,4.0,3.0,5.0,5.0,2.0,,4.0,5.0,7.0,3.0,5.0,2.0,1.0,3.0,9.0,3.0,4.0,3.0,5.0,4.0,2.0,7.0,7.0,7.0,3.0,3.0,3.0,10.0,6.0,3,8.0,10,1
2007-11-29,53663,,11,1,4911.0,90274810,UIL,U I L HOLDINGS CORP,UIL,221111.0,N,A,R,21819,1,4931.0,90274810.0,,,49.0,493.0,,,,,,,36.03,0.000555,25160.0,1.0,35.71,906514.8,UIL,8.0,9.0,1.0,,4.0,10,10.0,1.0,2.0,8.0,10.0,3.0,2.0,10.0,6.0,8.0,8.0,7.0,8.0,3.0,10.0,7.0,4.0,3.0,5.0,5.0,2.0,,4.0,5.0,7.0,3.0,5.0,2.0,1.0,3.0,9.0,3.0,4.0,3.0,5.0,4.0,2.0,7.0,7.0,7.0,3.0,3.0,3.0,10.0,6.0,3,8.0,10,1
2007-11-30,53663,,11,1,4911.0,90274810,UIL,U I L HOLDINGS CORP,UIL,221111.0,N,A,R,21819,1,4931.0,90274810.0,,,49.0,493.0,,,,,,,35.82,-0.005828,25160.0,1.0,36.07,901231.2,UIL,8.0,9.0,1.0,,4.0,10,10.0,1.0,2.0,8.0,10.0,3.0,2.0,10.0,6.0,8.0,8.0,7.0,8.0,3.0,10.0,7.0,4.0,3.0,5.0,5.0,2.0,,4.0,5.0,7.0,3.0,5.0,2.0,1.0,3.0,9.0,3.0,4.0,3.0,5.0,4.0,2.0,7.0,7.0,7.0,3.0,3.0,3.0,10.0,6.0,3,8.0,10,1
2007-12-03,53663,,11,1,4911.0,90274810,UIL,U I L HOLDINGS CORP,UIL,221111.0,N,A,R,21819,1,4931.0,90274810.0,,,49.0,493.0,1232.0,0.432,0.0,,,,35.51,0.003406,25160.0,1.0,35.47,893431.6,UIL,8.0,9.0,1.0,,4.0,10,10.0,1.0,2.0,8.0,10.0,3.0,2.0,10.0,6.0,8.0,8.0,7.0,8.0,3.0,10.0,7.0,4.0,3.0,5.0,5.0,2.0,,7.0,7.0,9.0,6.0,5.0,3.0,1.0,3.0,9.0,3.0,3.0,5.0,10.0,6.0,2.0,8.0,7.0,7.0,4.0,4.0,6.0,10.0,6.0,3,8.0,10,1
2007-12-04,53663,,11,1,4911.0,90274810,UIL,U I L HOLDINGS CORP,UIL,221111.0,N,A,R,21819,1,4931.0,90274810.0,,,49.0,493.0,,,,,,,35.51,0.0,25160.0,1.0,35.15,893431.6,UIL,8.0,9.0,1.0,,4.0,10,10.0,1.0,2.0,8.0,10.0,3.0,2.0,10.0,6.0,8.0,8.0,7.0,8.0,3.0,10.0,7.0,4.0,3.0,5.0,5.0,2.0,,7.0,7.0,9.0,6.0,5.0,3.0,1.0,3.0,9.0,3.0,3.0,5.0,10.0,6.0,2.0,8.0,7.0,7.0,4.0,4.0,6.0,10.0,6.0,3,8.0,10,1
2007-12-05,53663,,11,1,4911.0,90274810,UIL,U I L HOLDINGS CORP,UIL,221111.0,N,A,R,21819,1,4931.0,90274810.0,,,49.0,493.0,,,,,,,36.06,0.015489,25160.0,1.0,36.04,907269.6,UIL,8.0,9.0,1.0,,4.0,10,10.0,1.0,2.0,8.0,10.0,3.0,2.0,10.0,6.0,8.0,8.0,7.0,8.0,3.0,10.0,7.0,4.0,3.0,5.0,5.0,2.0,,7.0,7.0,9.0,6.0,5.0,3.0,1.0,3.0,9.0,3.0,3.0,5.0,10.0,6.0,2.0,8.0,7.0,7.0,4.0,4.0,6.0,10.0,6.0,3,8.0,10,1
2007-12-06,53663,,11,1,4911.0,90274810,UIL,U I L HOLDINGS CORP,UIL,221111.0,N,A,R,21819,1,4931.0,90274810.0,,,49.0,493.0,,,,,,,36.26,0.005546,25160.0,1.0,36.04,912301.6,UIL,8.0,9.0,1.0,,4.0,10,10.0,1.0,2.0,8.0,10.0,3.0,2.0,10.0,6.0,8.0,8.0,7.0,8.0,3.0,10.0,7.0,4.0,3.0,5.0,5.0,2.0,,7.0,7.0,9.0,6.0,5.0,3.0,1.0,3.0,9.0,3.0,3.0,5.0,10.0,6.0,2.0,8.0,7.0,7.0,4.0,4.0,6.0,10.0,6.0,3,8.0,10,1
2007-12-07,53663,,11,1,4911.0,90274810,UIL,U I L HOLDINGS CORP,UIL,221111.0,N,A,R,21819,1,4931.0,90274810.0,,,49.0,493.0,,,,,,,35.98,-0.007722,25160.0,1.0,36.04,905256.8,UIL,8.0,9.0,1.0,,4.0,10,10.0,1.0,2.0,8.0,10.0,3.0,2.0,10.0,6.0,8.0,8.0,7.0,8.0,3.0,10.0,7.0,4.0,3.0,5.0,5.0,2.0,,7.0,7.0,9.0,6.0,5.0,3.0,1.0,3.0,9.0,3.0,3.0,5.0,10.0,6.0,2.0,8.0,7.0,7.0,4.0,4.0,6.0,10.0,6.0,3,8.0,10,1
2007-12-10,53663,,11,1,4911.0,90274810,UIL,U I L HOLDINGS CORP,UIL,221111.0,N,A,R,21819,1,4931.0,90274810.0,,,49.0,493.0,,,,,,,36.05,0.001946,25160.0,1.0,35.89,907018.0,UIL,8.0,9.0,1.0,,4.0,10,10.0,1.0,2.0,8.0,10.0,3.0,2.0,10.0,6.0,8.0,8.0,7.0,8.0,3.0,10.0,7.0,4.0,3.0,5.0,5.0,2.0,,7.0,7.0,9.0,6.0,5.0,3.0,1.0,3.0,9.0,3.0,3.0,5.0,10.0,6.0,2.0,8.0,7.0,7.0,4.0,4.0,6.0,10.0,6.0,3,8.0,10,1
2007-12-11,53663,,11,1,4911.0,90274810,UIL,U I L HOLDINGS CORP,UIL,221111.0,N,A,R,21819,1,4931.0,90274810.0,,,49.0,493.0,,,,,,,34.82,-0.034119,25160.0,1.0,35.96,876071.2,UIL,8.0,9.0,1.0,,4.0,10,10.0,1.0,2.0,8.0,10.0,3.0,2.0,10.0,6.0,8.0,8.0,7.0,8.0,3.0,10.0,7.0,4.0,3.0,5.0,5.0,2.0,,7.0,7.0,9.0,6.0,5.0,3.0,1.0,3.0,9.0,3.0,3.0,5.0,10.0,6.0,2.0,8.0,7.0,7.0,4.0,4.0,6.0,10.0,6.0,3,8.0,10,1
2007-12-12,53663,,11,1,4911.0,90274810,UIL,U I L HOLDINGS CORP,UIL,221111.0,N,A,R,21819,1,4931.0,90274810.0,,,49.0,493.0,,,,,,,35.44,0.017806,25160.0,1.0,35.35,891670.4,UIL,8.0,9.0,1.0,,4.0,10,10.0,1.0,2.0,8.0,10.0,3.0,2.0,10.0,6.0,8.0,8.0,7.0,8.0,3.0,10.0,7.0,4.0,3.0,5.0,5.0,2.0,,7.0,7.0,9.0,6.0,5.0,3.0,1.0,3.0,9.0,3.0,3.0,5.0,10.0,6.0,2.0,8.0,7.0,7.0,4.0,4.0,6.0,10.0,6.0,3,8.0,10,1
2007-12-13,53663,,11,1,4911.0,90274810,UIL,U I L HOLDINGS CORP,UIL,221111.0,N,A,R,21819,1,4931.0,90274810.0,,,49.0,493.0,,,,,,,35.7,0.007336,25160.0,1.0,35.1,898212.0,UIL,8.0,9.0,1.0,,4.0,10,10.0,1.0,2.0,8.0,10.0,3.0,2.0,10.0,6.0,8.0,8.0,7.0,8.0,3.0,10.0,7.0,4.0,3.0,5.0,5.0,2.0,,7.0,7.0,9.0,6.0,5.0,3.0,1.0,3.0,9.0,3.0,3.0,5.0,10.0,6.0,2.0,8.0,7.0,7.0,4.0,4.0,6.0,10.0,6.0,3,8.0,10,1
2007-12-14,53663,,11,1,4911.0,90274810,UIL,U I L HOLDINGS CORP,UIL,221111.0,N,A,R,21819,1,4931.0,90274810.0,,,49.0,493.0,,,,,,,34.99,-0.019888,25160.0,1.0,35.33,880348.4,UIL,8.0,9.0,1.0,,4.0,10,10.0,1.0,2.0,8.0,10.0,3.0,2.0,10.0,6.0,8.0,8.0,7.0,8.0,3.0,10.0,7.0,4.0,3.0,5.0,5.0,2.0,,7.0,7.0,9.0,6.0,5.0,3.0,1.0,3.0,9.0,3.0,3.0,5.0,10.0,6.0,2.0,8.0,7.0,7.0,4.0,4.0,6.0,10.0,6.0,3,8.0,10,1
2007-12-17,53663,,11,1,4911.0,90274810,UIL,U I L HOLDINGS CORP,UIL,221111.0,N,A,R,21819,1,4931.0,90274810.0,,,49.0,493.0,,,,,,,34.85,-0.004001,25160.0,1.0,34.84,876826.0,UIL,8.0,9.0,1.0,,4.0,10,10.0,1.0,2.0,8.0,10.0,3.0,2.0,10.0,6.0,8.0,8.0,7.0,8.0,3.0,10.0,7.0,4.0,3.0,5.0,5.0,2.0,,7.0,7.0,9.0,6.0,5.0,3.0,1.0,3.0,9.0,3.0,3.0,5.0,10.0,6.0,2.0,8.0,7.0,7.0,4.0,4.0,6.0,10.0,6.0,3,8.0,10,1
2007-12-18,53663,,11,1,4911.0,90274810,UIL,U I L HOLDINGS CORP,UIL,221111.0,N,A,R,21819,1,4931.0,90274810.0,,,49.0,493.0,,,,,,,35.87,0.029268,25160.0,1.0,35.12,902489.2,UIL,8.0,9.0,1.0,,4.0,10,10.0,1.0,2.0,8.0,10.0,3.0,2.0,10.0,6.0,8.0,8.0,7.0,8.0,3.0,10.0,7.0,4.0,3.0,5.0,5.0,2.0,,7.0,7.0,9.0,6.0,5.0,3.0,1.0,3.0,9.0,3.0,3.0,5.0,10.0,6.0,2.0,8.0,7.0,7.0,4.0,4.0,6.0,10.0,6.0,3,8.0,10,1
2007-12-19,53663,,11,1,4911.0,90274810,UIL,U I L HOLDINGS CORP,UIL,221111.0,N,A,R,21819,1,4931.0,90274810.0,,,49.0,493.0,,,,,,,35.72,-0.004182,25160.0,1.0,35.8,898715.2,UIL,8.0,9.0,1.0,,4.0,10,10.0,1.0,2.0,8.0,10.0,3.0,2.0,10.0,6.0,8.0,8.0,7.0,8.0,3.0,10.0,7.0,4.0,3.0,5.0,5.0,2.0,,7.0,7.0,9.0,6.0,5.0,3.0,1.0,3.0,9.0,3.0,3.0,5.0,10.0,6.0,2.0,8.0,7.0,7.0,4.0,4.0,6.0,10.0,6.0,3,8.0,10,1
2007-12-20,53663,,11,1,4911.0,90274810,UIL,U I L HOLDINGS CORP,UIL,221111.0,N,A,R,21819,1,4931.0,90274810.0,,,49.0,493.0,,,,,,,36.66,0.026316,25160.0,1.0,36.03,922365.6,UIL,8.0,9.0,1.0,,4.0,10,10.0,1.0,2.0,8.0,10.0,3.0,2.0,10.0,6.0,8.0,8.0,7.0,8.0,3.0,10.0,7.0,4.0,3.0,5.0,5.0,2.0,,7.0,7.0,9.0,6.0,5.0,3.0,1.0,3.0,9.0,3.0,3.0,5.0,10.0,6.0,2.0,8.0,7.0,7.0,4.0,4.0,6.0,10.0,6.0,3,8.0,10,1
2007-12-21,53663,,11,1,4911.0,90274810,UIL,U I L HOLDINGS CORP,UIL,221111.0,N,A,R,21819,1,4931.0,90274810.0,,,49.0,493.0,,,,,,,36.85,0.005183,25160.0,1.0,37.32,927146.0,UIL,8.0,9.0,1.0,,4.0,10,10.0,1.0,2.0,8.0,10.0,3.0,2.0,10.0,6.0,8.0,8.0,7.0,8.0,3.0,10.0,7.0,4.0,3.0,5.0,5.0,2.0,,7.0,7.0,9.0,6.0,5.0,3.0,1.0,3.0,9.0,3.0,3.0,5.0,10.0,6.0,2.0,8.0,7.0,7.0,4.0,4.0,6.0,10.0,6.0,3,8.0,10,1
2007-12-24,53663,,11,1,4911.0,90274810,UIL,U I L HOLDINGS CORP,UIL,221111.0,N,A,R,21819,1,4931.0,90274810.0,,,49.0,493.0,,,,,,,37.18,0.008955,25160.0,1.0,37.14,935448.8,UIL,8.0,9.0,1.0,,4.0,10,10.0,1.0,2.0,8.0,10.0,3.0,2.0,10.0,6.0,8.0,8.0,7.0,8.0,3.0,10.0,7.0,4.0,3.0,5.0,5.0,2.0,,7.0,7.0,9.0,6.0,5.0,3.0,1.0,3.0,9.0,3.0,3.0,5.0,10.0,6.0,2.0,8.0,7.0,7.0,4.0,4.0,6.0,10.0,6.0,3,8.0,10,1
2007-12-26,53663,,11,1,4911.0,90274810,UIL,U I L HOLDINGS CORP,UIL,221111.0,N,A,R,21819,1,4931.0,90274810.0,,,49.0,493.0,,,,,,,37.16,-0.000538,25160.0,1.0,37.0,934945.6,UIL,8.0,9.0,1.0,,4.0,10,10.0,1.0,2.0,8.0,10.0,3.0,2.0,10.0,6.0,8.0,8.0,7.0,8.0,3.0,10.0,7.0,4.0,3.0,5.0,5.0,2.0,,7.0,7.0,9.0,6.0,5.0,3.0,1.0,3.0,9.0,3.0,3.0,5.0,10.0,6.0,2.0,8.0,7.0,7.0,4.0,4.0,6.0,10.0,6.0,3,8.0,10,1
2007-12-27,53663,,11,1,4911.0,90274810,UIL,U I L HOLDINGS CORP,UIL,221111.0,N,A,R,21819,1,4931.0,90274810.0,,,49.0,493.0,,,,,,,37.12,-0.001076,25160.0,1.0,37.13,933939.2,UIL,8.0,9.0,1.0,,4.0,10,10.0,1.0,2.0,8.0,10.0,3.0,2.0,10.0,6.0,8.0,8.0,7.0,8.0,3.0,10.0,7.0,4.0,3.0,5.0,5.0,2.0,,7.0,7.0,9.0,6.0,5.0,3.0,1.0,3.0,9.0,3.0,3.0,5.0,10.0,6.0,2.0,8.0,7.0,7.0,4.0,4.0,6.0,10.0,6.0,3,8.0,10,1
2007-12-28,53663,,11,1,4911.0,90274810,UIL,U I L HOLDINGS CORP,UIL,221111.0,N,A,R,21819,1,4931.0,90274810.0,,,49.0,493.0,,,,,,,37.1,-0.000539,25160.0,1.0,37.26,933436.0,UIL,8.0,9.0,1.0,,4.0,10,10.0,1.0,2.0,8.0,10.0,3.0,2.0,10.0,6.0,8.0,8.0,7.0,8.0,3.0,10.0,7.0,4.0,3.0,5.0,5.0,2.0,,7.0,7.0,9.0,6.0,5.0,3.0,1.0,3.0,9.0,3.0,3.0,5.0,10.0,6.0,2.0,8.0,7.0,7.0,4.0,4.0,6.0,10.0,6.0,3,8.0,10,1
2007-12-31,53663,,11,1,4911.0,90274810,UIL,U I L HOLDINGS CORP,UIL,221111.0,N,A,R,21819,1,4931.0,90274810.0,,,49.0,493.0,,,,,,,36.95,-0.004043,25160.0,1.0,37.01,929662.0,UIL,8.0,9.0,1.0,,4.0,10,10.0,1.0,2.0,8.0,10.0,3.0,2.0,10.0,6.0,8.0,8.0,7.0,8.0,3.0,10.0,7.0,4.0,3.0,5.0,5.0,2.0,,7.0,7.0,9.0,6.0,5.0,3.0,1.0,3.0,9.0,3.0,3.0,5.0,10.0,6.0,2.0,8.0,7.0,7.0,4.0,4.0,6.0,10.0,6.0,3,8.0,10,1
2008-01-02,53663,,11,1,4911.0,90274810,UIL,U I L HOLDINGS CORP,UIL,221111.0,N,A,R,21819,1,4931.0,90274810.0,,,49.0,493.0,,,,,,,37.14,0.005142,25160.0,1.0,36.96,934442.4,UIL,8.0,9.0,1.0,,4.0,10,10.0,1.0,2.0,8.0,10.0,3.0,2.0,10.0,6.0,8.0,8.0,7.0,8.0,3.0,10.0,7.0,4.0,3.0,5.0,5.0,2.0,,9.0,8.0,10.0,8.0,4.0,4.0,1.0,3.0,8.0,3.0,3.0,5.0,10.0,6.0,3.0,8.0,7.0,2.0,3.0,3.0,5.0,9.0,7.0,3,8.0,10,1
2008-01-03,53663,,11,1,4911.0,90274810,UIL,U I L HOLDINGS CORP,UIL,221111.0,N,A,R,21819,1,4931.0,90274810.0,,,49.0,493.0,,,,,,,37.02,-0.003231,25160.0,1.0,37.35,931423.2,UIL,8.0,9.0,1.0,,4.0,10,10.0,1.0,2.0,8.0,10.0,3.0,2.0,10.0,6.0,8.0,8.0,7.0,8.0,3.0,10.0,7.0,4.0,3.0,5.0,5.0,2.0,,9.0,8.0,10.0,8.0,4.0,4.0,1.0,3.0,8.0,3.0,3.0,5.0,10.0,6.0,3.0,8.0,7.0,2.0,3.0,3.0,5.0,9.0,7.0,3,8.0,10,1
2008-01-04,53663,,11,1,4911.0,90274810,UIL,U I L HOLDINGS CORP,UIL,221111.0,N,A,R,21819,1,4931.0,90274810.0,,,49.0,493.0,,,,,,,36.92,-0.002701,25160.0,1.0,36.6,928907.2,UIL,8.0,9.0,1.0,,4.0,10,10.0,1.0,2.0,8.0,10.0,3.0,2.0,10.0,6.0,8.0,8.0,7.0,8.0,3.0,10.0,7.0,4.0,3.0,5.0,5.0,2.0,,9.0,8.0,10.0,8.0,4.0,4.0,1.0,3.0,8.0,3.0,3.0,5.0,10.0,6.0,3.0,8.0,7.0,2.0,3.0,3.0,5.0,9.0,7.0,3,8.0,10,1
2008-01-07,53663,,11,1,4911.0,90274810,UIL,U I L HOLDINGS CORP,UIL,221111.0,N,A,R,21819,1,4931.0,90274810.0,,,49.0,493.0,,,,,,,37.16,0.006501,25160.0,1.0,37.16,934945.6,UIL,8.0,9.0,1.0,,4.0,10,10.0,1.0,2.0,8.0,10.0,3.0,2.0,10.0,6.0,8.0,8.0,7.0,8.0,3.0,10.0,7.0,4.0,3.0,5.0,5.0,2.0,,9.0,8.0,10.0,8.0,4.0,4.0,1.0,3.0,8.0,3.0,3.0,5.0,10.0,6.0,3.0,8.0,7.0,2.0,3.0,3.0,5.0,9.0,7.0,3,8.0,10,1
2008-01-08,53663,,11,1,4911.0,90274810,UIL,U I L HOLDINGS CORP,UIL,221111.0,N,A,R,21819,1,4931.0,90274810.0,,,49.0,493.0,,,,,,,37.03,-0.003498,25160.0,1.0,37.24,931674.8,UIL,8.0,9.0,1.0,,4.0,10,10.0,1.0,2.0,8.0,10.0,3.0,2.0,10.0,6.0,8.0,8.0,7.0,8.0,3.0,10.0,7.0,4.0,3.0,5.0,5.0,2.0,,9.0,8.0,10.0,8.0,4.0,4.0,1.0,3.0,8.0,3.0,3.0,5.0,10.0,6.0,3.0,8.0,7.0,2.0,3.0,3.0,5.0,9.0,7.0,3,8.0,10,1
2008-01-09,53663,,11,1,4911.0,90274810,UIL,U I L HOLDINGS CORP,UIL,221111.0,N,A,R,21819,1,4931.0,90274810.0,,,49.0,493.0,,,,,,,37.23,0.005401,25160.0,1.0,36.98,936706.8,UIL,8.0,9.0,1.0,,4.0,10,10.0,1.0,2.0,8.0,10.0,3.0,2.0,10.0,6.0,8.0,8.0,7.0,8.0,3.0,10.0,7.0,4.0,3.0,5.0,5.0,2.0,,9.0,8.0,10.0,8.0,4.0,4.0,1.0,3.0,8.0,3.0,3.0,5.0,10.0,6.0,3.0,8.0,7.0,2.0,3.0,3.0,5.0,9.0,7.0,3,8.0,10,1
2008-01-10,53663,,11,1,4911.0,90274810,UIL,U I L HOLDINGS CORP,UIL,221111.0,N,A,R,21819,1,4931.0,90274810.0,,,49.0,493.0,,,,,,,37.08,-0.004029,25160.0,1.0,36.8,932932.8,UIL,8.0,9.0,1.0,,4.0,10,10.0,1.0,2.0,8.0,10.0,3.0,2.0,10.0,6.0,8.0,8.0,7.0,8.0,3.0,10.0,7.0,4.0,3.0,5.0,5.0,2.0,,9.0,8.0,10.0,8.0,4.0,4.0,1.0,3.0,8.0,3.0,3.0,5.0,10.0,6.0,3.0,8.0,7.0,2.0,3.0,3.0,5.0,9.0,7.0,3,8.0,10,1
2008-01-11,53663,,11,1,4911.0,90274810,UIL,U I L HOLDINGS CORP,UIL,221111.0,N,A,R,21819,1,4931.0,90274810.0,,,49.0,493.0,,,,,,,36.07,-0.027238,25160.0,1.0,36.74,907521.2,UIL,8.0,9.0,1.0,,4.0,10,10.0,1.0,2.0,8.0,10.0,3.0,2.0,10.0,6.0,8.0,8.0,7.0,8.0,3.0,10.0,7.0,4.0,3.0,5.0,5.0,2.0,,9.0,8.0,10.0,8.0,4.0,4.0,1.0,3.0,8.0,3.0,3.0,5.0,10.0,6.0,3.0,8.0,7.0,2.0,3.0,3.0,5.0,9.0,7.0,3,8.0,10,1
2008-01-14,53663,,11,1,4911.0,90274810,UIL,U I L HOLDINGS CORP,UIL,221111.0,N,A,R,21819,1,4931.0,90274810.0,,,49.0,493.0,,,,,,,35.94,-0.003604,25160.0,1.0,36.31,904250.4,UIL,8.0,9.0,1.0,,4.0,10,10.0,1.0,2.0,8.0,10.0,3.0,2.0,10.0,6.0,8.0,8.0,7.0,8.0,3.0,10.0,7.0,4.0,3.0,5.0,5.0,2.0,,9.0,8.0,10.0,8.0,4.0,4.0,1.0,3.0,8.0,3.0,3.0,5.0,10.0,6.0,3.0,8.0,7.0,2.0,3.0,3.0,5.0,9.0,7.0,3,8.0,10,1
2008-01-15,53663,,11,1,4911.0,90274810,UIL,U I L HOLDINGS CORP,UIL,221111.0,N,A,R,21819,1,4931.0,90274810.0,,,49.0,493.0,,,,,,,35.12,-0.022816,25160.0,1.0,35.46,883619.2,UIL,8.0,9.0,1.0,,4.0,10,10.0,1.0,2.0,8.0,10.0,3.0,2.0,10.0,6.0,8.0,8.0,7.0,8.0,3.0,10.0,7.0,4.0,3.0,5.0,5.0,2.0,,9.0,8.0,10.0,8.0,4.0,4.0,1.0,3.0,8.0,3.0,3.0,5.0,10.0,6.0,3.0,8.0,7.0,2.0,3.0,3.0,5.0,9.0,7.0,3,8.0,10,1
2008-01-16,53663,,11,1,4911.0,90274810,UIL,U I L HOLDINGS CORP,UIL,221111.0,N,A,R,21819,1,4931.0,90274810.0,,,49.0,493.0,,,,,,,34.98,-0.003986,25160.0,1.0,35.09,880096.8,UIL,8.0,9.0,1.0,,4.0,10,10.0,1.0,2.0,8.0,10.0,3.0,2.0,10.0,6.0,8.0,8.0,7.0,8.0,3.0,10.0,7.0,4.0,3.0,5.0,5.0,2.0,,9.0,8.0,10.0,8.0,4.0,4.0,1.0,3.0,8.0,3.0,3.0,5.0,10.0,6.0,3.0,8.0,7.0,2.0,3.0,3.0,5.0,9.0,7.0,3,8.0,10,1
2008-01-17,53663,,11,1,4911.0,90274810,UIL,U I L HOLDINGS CORP,UIL,221111.0,N,A,R,21819,1,4931.0,90274810.0,,,49.0,493.0,,,,,,,33.91,-0.030589,25160.0,1.0,35.07,853175.6,UIL,8.0,9.0,1.0,,4.0,10,10.0,1.0,2.0,8.0,10.0,3.0,2.0,10.0,6.0,8.0,8.0,7.0,8.0,3.0,10.0,7.0,4.0,3.0,5.0,5.0,2.0,,9.0,8.0,10.0,8.0,4.0,4.0,1.0,3.0,8.0,3.0,3.0,5.0,10.0,6.0,3.0,8.0,7.0,2.0,3.0,3.0,5.0,9.0,7.0,3,8.0,10,1
2008-01-18,53663,,11,1,4911.0,90274810,UIL,U I L HOLDINGS CORP,UIL,221111.0,N,A,R,21819,1,4931.0,90274810.0,,,49.0,493.0,,,,,,,33.61,-0.008847,25160.0,1.0,34.11,845627.6,UIL,8.0,9.0,1.0,,4.0,10,10.0,1.0,2.0,8.0,10.0,3.0,2.0,10.0,6.0,8.0,8.0,7.0,8.0,3.0,10.0,7.0,4.0,3.0,5.0,5.0,2.0,,9.0,8.0,10.0,8.0,4.0,4.0,1.0,3.0,8.0,3.0,3.0,5.0,10.0,6.0,3.0,8.0,7.0,2.0,3.0,3.0,5.0,9.0,7.0,3,8.0,10,1
2008-01-22,53663,,11,1,4911.0,90274810,UIL,U I L HOLDINGS CORP,UIL,221111.0,N,A,R,21819,1,4931.0,90274810.0,,,49.0,493.0,,,,,,,32.37,-0.036894,25160.0,1.0,32.24,814429.2,UIL,8.0,9.0,1.0,,4.0,10,10.0,1.0,2.0,8.0,10.0,3.0,2.0,10.0,6.0,8.0,8.0,7.0,8.0,3.0,10.0,7.0,4.0,3.0,5.0,5.0,2.0,,9.0,8.0,10.0,8.0,4.0,4.0,1.0,3.0,8.0,3.0,3.0,5.0,10.0,6.0,3.0,8.0,7.0,2.0,3.0,3.0,5.0,9.0,7.0,3,8.0,10,1
2008-01-23,53663,,11,1,4911.0,90274810,UIL,U I L HOLDINGS CORP,UIL,221111.0,N,A,R,21819,1,4931.0,90274810.0,,,49.0,493.0,,,,,,,33.96,0.04912,25160.0,1.0,31.55,854433.6,UIL,8.0,9.0,1.0,,4.0,10,10.0,1.0,2.0,8.0,10.0,3.0,2.0,10.0,6.0,8.0,8.0,7.0,8.0,3.0,10.0,7.0,4.0,3.0,5.0,5.0,2.0,,9.0,8.0,10.0,8.0,4.0,4.0,1.0,3.0,8.0,3.0,3.0,5.0,10.0,6.0,3.0,8.0,7.0,2.0,3.0,3.0,5.0,9.0,7.0,3,8.0,10,1
2008-01-24,53663,,11,1,4911.0,90274810,UIL,U I L HOLDINGS CORP,UIL,221111.0,N,A,R,21819,1,4931.0,90274810.0,,,49.0,493.0,,,,,,,32.94,-0.030035,25160.0,1.0,34.06,828770.4,UIL,8.0,9.0,1.0,,4.0,10,10.0,1.0,2.0,8.0,10.0,3.0,2.0,10.0,6.0,8.0,8.0,7.0,8.0,3.0,10.0,7.0,4.0,3.0,5.0,5.0,2.0,,9.0,8.0,10.0,8.0,4.0,4.0,1.0,3.0,8.0,3.0,3.0,5.0,10.0,6.0,3.0,8.0,7.0,2.0,3.0,3.0,5.0,9.0,7.0,3,8.0,10,1
2008-01-25,53663,,11,1,4911.0,90274810,UIL,U I L HOLDINGS CORP,UIL,221111.0,N,A,R,21819,1,4931.0,90274810.0,,,49.0,493.0,,,,,,,32.37,-0.017304,25160.0,1.0,33.34,814429.2,UIL,8.0,9.0,1.0,,4.0,10,10.0,1.0,2.0,8.0,10.0,3.0,2.0,10.0,6.0,8.0,8.0,7.0,8.0,3.0,10.0,7.0,4.0,3.0,5.0,5.0,2.0,,9.0,8.0,10.0,8.0,4.0,4.0,1.0,3.0,8.0,3.0,3.0,5.0,10.0,6.0,3.0,8.0,7.0,2.0,3.0,3.0,5.0,9.0,7.0,3,8.0,10,1
2008-01-28,53663,,11,1,4911.0,90274810,UIL,U I L HOLDINGS CORP,UIL,221111.0,N,A,R,21819,1,4931.0,90274810.0,,,49.0,493.0,,,,,,,32.94,0.017609,25160.0,1.0,32.18,828770.4,UIL,8.0,9.0,1.0,,4.0,10,10.0,1.0,2.0,8.0,10.0,3.0,2.0,10.0,6.0,8.0,8.0,7.0,8.0,3.0,10.0,7.0,4.0,3.0,5.0,5.0,2.0,,9.0,8.0,10.0,8.0,4.0,4.0,1.0,3.0,8.0,3.0,3.0,5.0,10.0,6.0,3.0,8.0,7.0,2.0,3.0,3.0,5.0,9.0,7.0,3,8.0,10,1
2008-01-29,53663,,11,1,4911.0,90274810,UIL,U I L HOLDINGS CORP,UIL,221111.0,N,A,R,21819,1,4931.0,90274810.0,,,49.0,493.0,,,,,,,32.8,-0.00425,25160.0,1.0,32.97,825248.0,UIL,8.0,9.0,1.0,,4.0,10,10.0,1.0,2.0,8.0,10.0,3.0,2.0,10.0,6.0,8.0,8.0,7.0,8.0,3.0,10.0,7.0,4.0,3.0,5.0,5.0,2.0,,9.0,8.0,10.0,8.0,4.0,4.0,1.0,3.0,8.0,3.0,3.0,5.0,10.0,6.0,3.0,8.0,7.0,2.0,3.0,3.0,5.0,9.0,7.0,3,8.0,10,1
2008-01-30,53663,,11,1,4911.0,90274810,UIL,U I L HOLDINGS CORP,UIL,221111.0,N,A,R,21819,1,4931.0,90274810.0,,,49.0,493.0,,,,,,,32.38,-0.012805,25160.0,1.0,32.53,814680.8,UIL,8.0,9.0,1.0,,4.0,10,10.0,1.0,2.0,8.0,10.0,3.0,2.0,10.0,6.0,8.0,8.0,7.0,8.0,3.0,10.0,7.0,4.0,3.0,5.0,5.0,2.0,,9.0,8.0,10.0,8.0,4.0,4.0,1.0,3.0,8.0,3.0,3.0,5.0,10.0,6.0,3.0,8.0,7.0,2.0,3.0,3.0,5.0,9.0,7.0,3,8.0,10,1
2008-01-31,53663,,11,1,4911.0,90274810,UIL,U I L HOLDINGS CORP,UIL,221111.0,N,A,R,21819,1,4931.0,90274810.0,,,49.0,493.0,,,,,,,34.11,0.053428,25160.0,1.0,31.92,858207.6,UIL,8.0,9.0,1.0,,4.0,10,10.0,1.0,2.0,8.0,10.0,3.0,2.0,10.0,6.0,8.0,8.0,7.0,8.0,3.0,10.0,7.0,4.0,3.0,5.0,5.0,2.0,,9.0,8.0,10.0,8.0,4.0,4.0,1.0,3.0,8.0,3.0,3.0,5.0,10.0,6.0,3.0,8.0,7.0,2.0,3.0,3.0,5.0,9.0,7.0,3,8.0,10,1
2008-02-01,53663,,11,1,4911.0,90274810,UIL,U I L HOLDINGS CORP,UIL,221111.0,N,A,R,21819,1,4931.0,90274810.0,,,49.0,493.0,,,,,,,34.22,0.003225,25160.0,1.0,34.22,860975.2,UIL,8.0,9.0,1.0,,4.0,10,10.0,1.0,2.0,8.0,10.0,3.0,2.0,10.0,6.0,8.0,8.0,7.0,8.0,3.0,10.0,7.0,4.0,3.0,5.0,5.0,2.0,,9.0,9.0,10.0,8.0,5.0,6.0,2.0,4.0,9.0,3.0,4.0,6.0,10.0,6.0,7.0,9.0,8.0,7.0,6.0,7.0,9.0,10.0,6.0,3,9.0,10,1
2008-02-04,53663,,11,1,4911.0,90274810,UIL,U I L HOLDINGS CORP,UIL,221111.0,N,A,R,21819,1,4931.0,90274810.0,,,49.0,493.0,,,,,,,34.88,0.019287,25160.0,1.0,34.1,877580.8,UIL,8.0,9.0,1.0,,4.0,10,10.0,1.0,2.0,8.0,10.0,3.0,2.0,10.0,6.0,8.0,8.0,7.0,8.0,3.0,10.0,7.0,4.0,3.0,5.0,5.0,2.0,,9.0,9.0,10.0,8.0,5.0,6.0,2.0,4.0,9.0,3.0,4.0,6.0,10.0,6.0,7.0,9.0,8.0,7.0,6.0,7.0,9.0,10.0,6.0,3,9.0,10,1
2008-02-05,53663,,11,1,4911.0,90274810,UIL,U I L HOLDINGS CORP,UIL,221111.0,N,A,R,21819,1,4931.0,90274810.0,,,49.0,493.0,,,,,,,34.85,-0.00086,25160.0,1.0,34.31,876826.0,UIL,8.0,9.0,1.0,,4.0,10,10.0,1.0,2.0,8.0,10.0,3.0,2.0,10.0,6.0,8.0,8.0,7.0,8.0,3.0,10.0,7.0,4.0,3.0,5.0,5.0,2.0,,9.0,9.0,10.0,8.0,5.0,6.0,2.0,4.0,9.0,3.0,4.0,6.0,10.0,6.0,7.0,9.0,8.0,7.0,6.0,7.0,9.0,10.0,6.0,3,9.0,10,1
2008-02-06,53663,,11,1,4911.0,90274810,UIL,U I L HOLDINGS CORP,UIL,221111.0,N,A,R,21819,1,4931.0,90274810.0,,,49.0,493.0,,,,,,,35.45,0.017217,25160.0,1.0,35.06,891922.0,UIL,8.0,9.0,1.0,,4.0,10,10.0,1.0,2.0,8.0,10.0,3.0,2.0,10.0,6.0,8.0,8.0,7.0,8.0,3.0,10.0,7.0,4.0,3.0,5.0,5.0,2.0,,9.0,9.0,10.0,8.0,5.0,6.0,2.0,4.0,9.0,3.0,4.0,6.0,10.0,6.0,7.0,9.0,8.0,7.0,6.0,7.0,9.0,10.0,6.0,3,9.0,10,1
2008-02-07,53663,,11,1,4911.0,90274810,UIL,U I L HOLDINGS CORP,UIL,221111.0,N,A,R,21819,1,4931.0,90274810.0,,,49.0,493.0,,,,,,,35.2,-0.007052,25160.0,1.0,35.19,885632.0,UIL,8.0,9.0,1.0,,4.0,10,10.0,1.0,2.0,8.0,10.0,3.0,2.0,10.0,6.0,8.0,8.0,7.0,8.0,3.0,10.0,7.0,4.0,3.0,5.0,5.0,2.0,,9.0,9.0,10.0,8.0,5.0,6.0,2.0,4.0,9.0,3.0,4.0,6.0,10.0,6.0,7.0,9.0,8.0,7.0,6.0,7.0,9.0,10.0,6.0,3,9.0,10,1
2008-02-08,53663,,11,1,4911.0,90274810,UIL,U I L HOLDINGS CORP,UIL,221111.0,N,A,R,21819,1,4931.0,90274810.0,,,49.0,493.0,,,,,,,34.7,-0.014205,25160.0,1.0,35.12,873052.0,UIL,8.0,9.0,1.0,,4.0,10,10.0,1.0,2.0,8.0,10.0,3.0,2.0,10.0,6.0,8.0,8.0,7.0,8.0,3.0,10.0,7.0,4.0,3.0,5.0,5.0,2.0,,9.0,9.0,10.0,8.0,5.0,6.0,2.0,4.0,9.0,3.0,4.0,6.0,10.0,6.0,7.0,9.0,8.0,7.0,6.0,7.0,9.0,10.0,6.0,3,9.0,10,1
2008-02-11,53663,,11,1,4911.0,90274810,UIL,U I L HOLDINGS CORP,UIL,221111.0,N,A,R,21819,1,4931.0,90274810.0,,,49.0,493.0,,,,,,,34.04,-0.01902,25160.0,1.0,34.55,856446.4,UIL,8.0,9.0,1.0,,4.0,10,10.0,1.0,2.0,8.0,10.0,3.0,2.0,10.0,6.0,8.0,8.0,7.0,8.0,3.0,10.0,7.0,4.0,3.0,5.0,5.0,2.0,,9.0,9.0,10.0,8.0,5.0,6.0,2.0,4.0,9.0,3.0,4.0,6.0,10.0,6.0,7.0,9.0,8.0,7.0,6.0,7.0,9.0,10.0,6.0,3,9.0,10,1
2008-02-12,53663,,11,1,4911.0,90274810,UIL,U I L HOLDINGS CORP,UIL,221111.0,N,A,R,21819,1,4931.0,90274810.0,,,49.0,493.0,,,,,,,33.94,-0.002938,25160.0,1.0,34.15,853930.4,UIL,8.0,9.0,1.0,,4.0,10,10.0,1.0,2.0,8.0,10.0,3.0,2.0,10.0,6.0,8.0,8.0,7.0,8.0,3.0,10.0,7.0,4.0,3.0,5.0,5.0,2.0,,9.0,9.0,10.0,8.0,5.0,6.0,2.0,4.0,9.0,3.0,4.0,6.0,10.0,6.0,7.0,9.0,8.0,7.0,6.0,7.0,9.0,10.0,6.0,3,9.0,10,1
2008-02-13,53663,,11,1,4911.0,90274810,UIL,U I L HOLDINGS CORP,UIL,221111.0,N,A,R,21819,1,4931.0,90274810.0,,,49.0,493.0,,,,,,,34.27,0.009723,25160.0,1.0,34.2,862233.2,UIL,8.0,9.0,1.0,,4.0,10,10.0,1.0,2.0,8.0,10.0,3.0,2.0,10.0,6.0,8.0,8.0,7.0,8.0,3.0,10.0,7.0,4.0,3.0,5.0,5.0,2.0,,9.0,9.0,10.0,8.0,5.0,6.0,2.0,4.0,9.0,3.0,4.0,6.0,10.0,6.0,7.0,9.0,8.0,7.0,6.0,7.0,9.0,10.0,6.0,3,9.0,10,1
2008-02-14,53663,,11,1,4911.0,90274810,UIL,U I L HOLDINGS CORP,UIL,221111.0,N,A,R,21819,1,4931.0,90274810.0,,,49.0,493.0,,,,,,,33.38,-0.02597,25160.0,1.0,34.41,839840.8,UIL,8.0,9.0,1.0,,4.0,10,10.0,1.0,2.0,8.0,10.0,3.0,2.0,10.0,6.0,8.0,8.0,7.0,8.0,3.0,10.0,7.0,4.0,3.0,5.0,5.0,2.0,,9.0,9.0,10.0,8.0,5.0,6.0,2.0,4.0,9.0,3.0,4.0,6.0,10.0,6.0,7.0,9.0,8.0,7.0,6.0,7.0,9.0,10.0,6.0,3,9.0,10,1
2008-02-15,53663,,11,1,4911.0,90274810,UIL,U I L HOLDINGS CORP,UIL,221111.0,N,A,R,21819,1,4931.0,90274810.0,,,49.0,493.0,,,,,,,33.52,0.004194,25160.0,1.0,33.2,843363.2,UIL,8.0,9.0,1.0,,4.0,10,10.0,1.0,2.0,8.0,10.0,3.0,2.0,10.0,6.0,8.0,8.0,7.0,8.0,3.0,10.0,7.0,4.0,3.0,5.0,5.0,2.0,,9.0,9.0,10.0,8.0,5.0,6.0,2.0,4.0,9.0,3.0,4.0,6.0,10.0,6.0,7.0,9.0,8.0,7.0,6.0,7.0,9.0,10.0,6.0,3,9.0,10,1
2008-02-19,53663,,11,1,4911.0,90274810,UIL,U I L HOLDINGS CORP,UIL,221111.0,N,A,R,21819,1,4931.0,90274810.0,,,49.0,493.0,,,,,,,34.06,0.01611,25160.0,1.0,33.89,856949.6,UIL,8.0,9.0,1.0,,4.0,10,10.0,1.0,2.0,8.0,10.0,3.0,2.0,10.0,6.0,8.0,8.0,7.0,8.0,3.0,10.0,7.0,4.0,3.0,5.0,5.0,2.0,,9.0,9.0,10.0,8.0,5.0,6.0,2.0,4.0,9.0,3.0,4.0,6.0,10.0,6.0,7.0,9.0,8.0,7.0,6.0,7.0,9.0,10.0,6.0,3,9.0,10,1
2008-02-20,53663,,11,1,4911.0,90274810,UIL,U I L HOLDINGS CORP,UIL,221111.0,N,A,R,21819,1,4931.0,90274810.0,,,49.0,493.0,,,,,,,33.93,-0.003817,25160.0,1.0,34.05,853678.8,UIL,8.0,9.0,1.0,,4.0,10,10.0,1.0,2.0,8.0,10.0,3.0,2.0,10.0,6.0,8.0,8.0,7.0,8.0,3.0,10.0,7.0,4.0,3.0,5.0,5.0,2.0,,9.0,9.0,10.0,8.0,5.0,6.0,2.0,4.0,9.0,3.0,4.0,6.0,10.0,6.0,7.0,9.0,8.0,7.0,6.0,7.0,9.0,10.0,6.0,3,9.0,10,1
2008-02-21,53663,,11,1,4911.0,90274810,UIL,U I L HOLDINGS CORP,UIL,221111.0,N,A,R,21819,1,4931.0,90274810.0,,,49.0,493.0,,,,,,,31.8,-0.062776,25160.0,1.0,35.41,800088.0,UIL,8.0,9.0,1.0,,4.0,10,10.0,1.0,2.0,8.0,10.0,3.0,2.0,10.0,6.0,8.0,8.0,7.0,8.0,3.0,10.0,7.0,4.0,3.0,5.0,5.0,2.0,,9.0,9.0,10.0,8.0,5.0,6.0,2.0,4.0,9.0,3.0,4.0,6.0,10.0,6.0,7.0,9.0,8.0,7.0,6.0,7.0,9.0,10.0,6.0,3,9.0,10,1
2008-02-22,53663,,11,1,4911.0,90274810,UIL,U I L HOLDINGS CORP,UIL,221111.0,N,A,R,21819,1,4931.0,90274810.0,,,49.0,493.0,,,,,,,30.71,-0.034277,25160.0,1.0,31.94,772663.6,UIL,8.0,9.0,1.0,,4.0,10,10.0,1.0,2.0,8.0,10.0,3.0,2.0,10.0,6.0,8.0,8.0,7.0,8.0,3.0,10.0,7.0,4.0,3.0,5.0,5.0,2.0,,9.0,9.0,10.0,8.0,5.0,6.0,2.0,4.0,9.0,3.0,4.0,6.0,10.0,6.0,7.0,9.0,8.0,7.0,6.0,7.0,9.0,10.0,6.0,3,9.0,10,1
2008-02-25,53663,,11,1,4911.0,90274810,UIL,U I L HOLDINGS CORP,UIL,221111.0,N,A,R,21819,1,4931.0,90274810.0,,,49.0,493.0,,,,,,,30.28,-0.014002,25160.0,1.0,30.64,761844.8,UIL,8.0,9.0,1.0,,4.0,10,10.0,1.0,2.0,8.0,10.0,3.0,2.0,10.0,6.0,8.0,8.0,7.0,8.0,3.0,10.0,7.0,4.0,3.0,5.0,5.0,2.0,,9.0,9.0,10.0,8.0,5.0,6.0,2.0,4.0,9.0,3.0,4.0,6.0,10.0,6.0,7.0,9.0,8.0,7.0,6.0,7.0,9.0,10.0,6.0,3,9.0,10,1
2008-02-26,53663,,11,1,4911.0,90274810,UIL,U I L HOLDINGS CORP,UIL,221111.0,N,A,R,21819,1,4931.0,90274810.0,,,49.0,493.0,,,,,,,30.22,-0.001982,25160.0,1.0,30.14,760335.2,UIL,8.0,9.0,1.0,,4.0,10,10.0,1.0,2.0,8.0,10.0,3.0,2.0,10.0,6.0,8.0,8.0,7.0,8.0,3.0,10.0,7.0,4.0,3.0,5.0,5.0,2.0,,9.0,9.0,10.0,8.0,5.0,6.0,2.0,4.0,9.0,3.0,4.0,6.0,10.0,6.0,7.0,9.0,8.0,7.0,6.0,7.0,9.0,10.0,6.0,3,9.0,10,1
2008-02-27,53663,,11,1,4911.0,90274810,UIL,U I L HOLDINGS CORP,UIL,221111.0,N,A,R,21819,1,4931.0,90274810.0,,,49.0,493.0,,,,,,,29.47,-0.024818,25160.0,1.0,29.98,741465.2,UIL,8.0,9.0,1.0,,4.0,10,10.0,1.0,2.0,8.0,10.0,3.0,2.0,10.0,6.0,8.0,8.0,7.0,8.0,3.0,10.0,7.0,4.0,3.0,5.0,5.0,2.0,,9.0,9.0,10.0,8.0,5.0,6.0,2.0,4.0,9.0,3.0,4.0,6.0,10.0,6.0,7.0,9.0,8.0,7.0,6.0,7.0,9.0,10.0,6.0,3,9.0,10,1
2008-02-28,53663,,11,1,4911.0,90274810,UIL,U I L HOLDINGS CORP,UIL,221111.0,N,A,R,21819,1,4931.0,90274810.0,,,49.0,493.0,,,,,,,29.82,0.011876,25160.0,1.0,29.32,750271.2,UIL,8.0,9.0,1.0,,4.0,10,10.0,1.0,2.0,8.0,10.0,3.0,2.0,10.0,6.0,8.0,8.0,7.0,8.0,3.0,10.0,7.0,4.0,3.0,5.0,5.0,2.0,,9.0,9.0,10.0,8.0,5.0,6.0,2.0,4.0,9.0,3.0,4.0,6.0,10.0,6.0,7.0,9.0,8.0,7.0,6.0,7.0,9.0,10.0,6.0,3,9.0,10,1
2008-02-29,53663,,11,1,4911.0,90274810,UIL,U I L HOLDINGS CORP,UIL,221111.0,N,A,R,21819,1,4931.0,90274810.0,,,49.0,493.0,,,,,,,29.39,-0.01442,25160.0,1.0,29.53,739452.4,UIL,8.0,9.0,1.0,,4.0,10,10.0,1.0,2.0,8.0,10.0,3.0,2.0,10.0,6.0,8.0,8.0,7.0,8.0,3.0,10.0,7.0,4.0,3.0,5.0,5.0,2.0,,9.0,9.0,10.0,8.0,5.0,6.0,2.0,4.0,9.0,3.0,4.0,6.0,10.0,6.0,7.0,9.0,8.0,7.0,6.0,7.0,9.0,10.0,6.0,3,9.0,10,1
2008-03-03,53663,,11,1,4911.0,90274810,UIL,U I L HOLDINGS CORP,UIL,221111.0,N,A,R,21819,1,4931.0,90274810.0,,,49.0,493.0,,,,,,,29.36,-0.001021,25160.0,1.0,29.47,738697.6,UIL,8.0,9.0,1.0,,4.0,10,10.0,1.0,2.0,8.0,10.0,3.0,2.0,10.0,6.0,8.0,8.0,7.0,8.0,3.0,10.0,7.0,4.0,3.0,5.0,5.0,2.0,,10.0,8.0,10.0,9.0,5.0,7.0,6.0,5.0,9.0,5.0,7.0,3.0,4.0,3.0,9.0,8.0,8.0,8.0,9.0,10.0,10.0,10.0,6.0,3,9.0,10,1
2008-03-04,53663,,11,1,4911.0,90274810,UIL,U I L HOLDINGS CORP,UIL,221111.0,N,A,R,21819,1,4931.0,90274810.0,,,49.0,493.0,,,,,,,29.28,-0.002725,25160.0,1.0,29.17,736684.8,UIL,8.0,9.0,1.0,,4.0,10,10.0,1.0,2.0,8.0,10.0,3.0,2.0,10.0,6.0,8.0,8.0,7.0,8.0,3.0,10.0,7.0,4.0,3.0,5.0,5.0,2.0,,10.0,8.0,10.0,9.0,5.0,7.0,6.0,5.0,9.0,5.0,7.0,3.0,4.0,3.0,9.0,8.0,8.0,8.0,9.0,10.0,10.0,10.0,6.0,3,9.0,10,1
2008-03-05,53663,,11,1,4911.0,90274810,UIL,U I L HOLDINGS CORP,UIL,221111.0,N,A,R,21819,1,4931.0,90274810.0,,,49.0,493.0,,,,,,,29.46,0.006147,25160.0,1.0,29.4,741213.6,UIL,8.0,9.0,1.0,,4.0,10,10.0,1.0,2.0,8.0,10.0,3.0,2.0,10.0,6.0,8.0,8.0,7.0,8.0,3.0,10.0,7.0,4.0,3.0,5.0,5.0,2.0,,10.0,8.0,10.0,9.0,5.0,7.0,6.0,5.0,9.0,5.0,7.0,3.0,4.0,3.0,9.0,8.0,8.0,8.0,9.0,10.0,10.0,10.0,6.0,3,9.0,10,1
2008-03-06,53663,,11,1,4911.0,90274810,UIL,U I L HOLDINGS CORP,UIL,221111.0,N,A,R,21819,1,4931.0,90274810.0,,,49.0,493.0,,,,,,,29.39,-0.002376,25160.0,1.0,29.42,739452.4,UIL,8.0,9.0,1.0,,4.0,10,10.0,1.0,2.0,8.0,10.0,3.0,2.0,10.0,6.0,8.0,8.0,7.0,8.0,3.0,10.0,7.0,4.0,3.0,5.0,5.0,2.0,,10.0,8.0,10.0,9.0,5.0,7.0,6.0,5.0,9.0,5.0,7.0,3.0,4.0,3.0,9.0,8.0,8.0,8.0,9.0,10.0,10.0,10.0,6.0,3,9.0,10,1
2008-03-07,53663,,11,1,4911.0,90274810,UIL,U I L HOLDINGS CORP,UIL,221111.0,N,A,R,21819,1,4931.0,90274810.0,,,49.0,493.0,,,,,,,29.4,0.00034,25160.0,1.0,29.25,739704.0,UIL,8.0,9.0,1.0,,4.0,10,10.0,1.0,2.0,8.0,10.0,3.0,2.0,10.0,6.0,8.0,8.0,7.0,8.0,3.0,10.0,7.0,4.0,3.0,5.0,5.0,2.0,,10.0,8.0,10.0,9.0,5.0,7.0,6.0,5.0,9.0,5.0,7.0,3.0,4.0,3.0,9.0,8.0,8.0,8.0,9.0,10.0,10.0,10.0,6.0,3,9.0,10,1
2008-03-10,53663,,11,1,4911.0,90274810,UIL,U I L HOLDINGS CORP,UIL,221111.0,N,A,R,21819,1,4931.0,90274810.0,,,49.0,493.0,,,,,,,29.37,-0.00102,25160.0,1.0,29.52,738949.2,UIL,8.0,9.0,1.0,,4.0,10,10.0,1.0,2.0,8.0,10.0,3.0,2.0,10.0,6.0,8.0,8.0,7.0,8.0,3.0,10.0,7.0,4.0,3.0,5.0,5.0,2.0,,10.0,8.0,10.0,9.0,5.0,7.0,6.0,5.0,9.0,5.0,7.0,3.0,4.0,3.0,9.0,8.0,8.0,8.0,9.0,10.0,10.0,10.0,6.0,3,9.0,10,1
2008-03-11,53663,,11,1,4911.0,90274810,UIL,U I L HOLDINGS CORP,UIL,221111.0,N,A,R,21819,1,4931.0,90274810.0,,,49.0,493.0,1232.0,0.432,0.0,,,,29.88,0.032073,25160.0,1.0,29.56,751780.8,UIL,8.0,9.0,1.0,,4.0,10,10.0,1.0,2.0,8.0,10.0,3.0,2.0,10.0,6.0,8.0,8.0,7.0,8.0,3.0,10.0,7.0,4.0,3.0,5.0,5.0,2.0,,10.0,8.0,10.0,9.0,5.0,7.0,6.0,5.0,9.0,5.0,7.0,3.0,4.0,3.0,9.0,8.0,8.0,8.0,9.0,10.0,10.0,10.0,6.0,3,9.0,10,1
2008-03-12,53663,,11,1,4911.0,90274810,UIL,U I L HOLDINGS CORP,UIL,221111.0,N,A,R,21819,1,4931.0,90274810.0,,,49.0,493.0,,,,,,,29.18,-0.023427,25160.0,1.0,29.91,734168.8,UIL,8.0,9.0,1.0,,4.0,10,10.0,1.0,2.0,8.0,10.0,3.0,2.0,10.0,6.0,8.0,8.0,7.0,8.0,3.0,10.0,7.0,4.0,3.0,5.0,5.0,2.0,,10.0,8.0,10.0,9.0,5.0,7.0,6.0,5.0,9.0,5.0,7.0,3.0,4.0,3.0,9.0,8.0,8.0,8.0,9.0,10.0,10.0,10.0,6.0,3,9.0,10,1
2008-03-13,53663,,11,1,4911.0,90274810,UIL,U I L HOLDINGS CORP,UIL,221111.0,N,A,R,21819,1,4931.0,90274810.0,,,49.0,493.0,,,,,,,30.4,0.041809,25160.0,1.0,29.03,764864.0,UIL,8.0,9.0,1.0,,4.0,10,10.0,1.0,2.0,8.0,10.0,3.0,2.0,10.0,6.0,8.0,8.0,7.0,8.0,3.0,10.0,7.0,4.0,3.0,5.0,5.0,2.0,,10.0,8.0,10.0,9.0,5.0,7.0,6.0,5.0,9.0,5.0,7.0,3.0,4.0,3.0,9.0,8.0,8.0,8.0,9.0,10.0,10.0,10.0,6.0,3,9.0,10,1
2008-03-14,53663,,11,1,4911.0,90274810,UIL,U I L HOLDINGS CORP,UIL,221111.0,N,A,R,21819,1,4931.0,90274810.0,,,49.0,493.0,,,,,,,29.69,-0.023355,25160.0,1.0,30.47,747000.4,UIL,8.0,9.0,1.0,,4.0,10,10.0,1.0,2.0,8.0,10.0,3.0,2.0,10.0,6.0,8.0,8.0,7.0,8.0,3.0,10.0,7.0,4.0,3.0,5.0,5.0,2.0,,10.0,8.0,10.0,9.0,5.0,7.0,6.0,5.0,9.0,5.0,7.0,3.0,4.0,3.0,9.0,8.0,8.0,8.0,9.0,10.0,10.0,10.0,6.0,3,9.0,10,1
2008-03-17,53663,,11,1,4911.0,90274810,UIL,U I L HOLDINGS CORP,UIL,221111.0,N,A,R,21819,1,4931.0,90274810.0,,,49.0,493.0,,,,,,,29.79,0.003368,25160.0,1.0,29.4,749516.4,UIL,8.0,9.0,1.0,,4.0,10,10.0,1.0,2.0,8.0,10.0,3.0,2.0,10.0,6.0,8.0,8.0,7.0,8.0,3.0,10.0,7.0,4.0,3.0,5.0,5.0,2.0,,10.0,8.0,10.0,9.0,5.0,7.0,6.0,5.0,9.0,5.0,7.0,3.0,4.0,3.0,9.0,8.0,8.0,8.0,9.0,10.0,10.0,10.0,6.0,3,9.0,10,1
2008-03-18,53663,,11,1,4911.0,90274810,UIL,U I L HOLDINGS CORP,UIL,221111.0,N,A,R,21819,1,4931.0,90274810.0,,,49.0,493.0,,,,,,,29.95,0.005371,25160.0,1.0,30.29,753542.0,UIL,8.0,9.0,1.0,,4.0,10,10.0,1.0,2.0,8.0,10.0,3.0,2.0,10.0,6.0,8.0,8.0,7.0,8.0,3.0,10.0,7.0,4.0,3.0,5.0,5.0,2.0,,10.0,8.0,10.0,9.0,5.0,7.0,6.0,5.0,9.0,5.0,7.0,3.0,4.0,3.0,9.0,8.0,8.0,8.0,9.0,10.0,10.0,10.0,6.0,3,9.0,10,1
2008-03-19,53663,,11,1,4911.0,90274810,UIL,U I L HOLDINGS CORP,UIL,221111.0,N,A,R,21819,1,4931.0,90274810.0,,,49.0,493.0,,,,,,,29.41,-0.01803,25160.0,1.0,30.11,739955.6,UIL,8.0,9.0,1.0,,4.0,10,10.0,1.0,2.0,8.0,10.0,3.0,2.0,10.0,6.0,8.0,8.0,7.0,8.0,3.0,10.0,7.0,4.0,3.0,5.0,5.0,2.0,,10.0,8.0,10.0,9.0,5.0,7.0,6.0,5.0,9.0,5.0,7.0,3.0,4.0,3.0,9.0,8.0,8.0,8.0,9.0,10.0,10.0,10.0,6.0,3,9.0,10,1
2008-03-20,53663,,11,1,4911.0,90274810,UIL,U I L HOLDINGS CORP,UIL,221111.0,N,A,R,21819,1,4931.0,90274810.0,,,49.0,493.0,,,,,,,30.32,0.030942,25160.0,1.0,29.99,762851.2,UIL,8.0,9.0,1.0,,4.0,10,10.0,1.0,2.0,8.0,10.0,3.0,2.0,10.0,6.0,8.0,8.0,7.0,8.0,3.0,10.0,7.0,4.0,3.0,5.0,5.0,2.0,,10.0,8.0,10.0,9.0,5.0,7.0,6.0,5.0,9.0,5.0,7.0,3.0,4.0,3.0,9.0,8.0,8.0,8.0,9.0,10.0,10.0,10.0,6.0,3,9.0,10,1
2008-03-24,53663,,11,1,4911.0,90274810,UIL,U I L HOLDINGS CORP,UIL,221111.0,N,A,R,21819,1,4931.0,90274810.0,,,49.0,493.0,,,,,,,29.75,-0.018799,25160.0,1.0,30.25,748510.0,UIL,8.0,9.0,1.0,,4.0,10,10.0,1.0,2.0,8.0,10.0,3.0,2.0,10.0,6.0,8.0,8.0,7.0,8.0,3.0,10.0,7.0,4.0,3.0,5.0,5.0,2.0,,10.0,8.0,10.0,9.0,5.0,7.0,6.0,5.0,9.0,5.0,7.0,3.0,4.0,3.0,9.0,8.0,8.0,8.0,9.0,10.0,10.0,10.0,6.0,3,9.0,10,1
2008-03-25,53663,,11,1,4911.0,90274810,UIL,U I L HOLDINGS CORP,UIL,221111.0,N,A,R,21819,1,4931.0,90274810.0,,,49.0,493.0,,,,,,,29.8,0.001681,25160.0,1.0,29.7,749768.0,UIL,8.0,9.0,1.0,,4.0,10,10.0,1.0,2.0,8.0,10.0,3.0,2.0,10.0,6.0,8.0,8.0,7.0,8.0,3.0,10.0,7.0,4.0,3.0,5.0,5.0,2.0,,10.0,8.0,10.0,9.0,5.0,7.0,6.0,5.0,9.0,5.0,7.0,3.0,4.0,3.0,9.0,8.0,8.0,8.0,9.0,10.0,10.0,10.0,6.0,3,9.0,10,1
2008-03-26,53663,,11,1,4911.0,90274810,UIL,U I L HOLDINGS CORP,UIL,221111.0,N,A,R,21819,1,4931.0,90274810.0,,,49.0,493.0,,,,,,,29.91,0.003691,25160.0,1.0,29.62,752535.6,UIL,8.0,9.0,1.0,,4.0,10,10.0,1.0,2.0,8.0,10.0,3.0,2.0,10.0,6.0,8.0,8.0,7.0,8.0,3.0,10.0,7.0,4.0,3.0,5.0,5.0,2.0,,10.0,8.0,10.0,9.0,5.0,7.0,6.0,5.0,9.0,5.0,7.0,3.0,4.0,3.0,9.0,8.0,8.0,8.0,9.0,10.0,10.0,10.0,6.0,3,9.0,10,1
2008-03-27,53663,,11,1,4911.0,90274810,UIL,U I L HOLDINGS CORP,UIL,221111.0,N,A,R,21819,1,4931.0,90274810.0,,,49.0,493.0,,,,,,,29.92,0.000334,25160.0,1.0,30.07,752787.2,UIL,8.0,9.0,1.0,,4.0,10,10.0,1.0,2.0,8.0,10.0,3.0,2.0,10.0,6.0,8.0,8.0,7.0,8.0,3.0,10.0,7.0,4.0,3.0,5.0,5.0,2.0,,10.0,8.0,10.0,9.0,5.0,7.0,6.0,5.0,9.0,5.0,7.0,3.0,4.0,3.0,9.0,8.0,8.0,8.0,9.0,10.0,10.0,10.0,6.0,3,9.0,10,1
2008-03-28,53663,,11,1,4911.0,90274810,UIL,U I L HOLDINGS CORP,UIL,221111.0,N,A,R,21819,1,4931.0,90274810.0,,,49.0,493.0,,,,,,,29.61,-0.010361,25160.0,1.0,29.91,744987.6,UIL,8.0,9.0,1.0,,4.0,10,10.0,1.0,2.0,8.0,10.0,3.0,2.0,10.0,6.0,8.0,8.0,7.0,8.0,3.0,10.0,7.0,4.0,3.0,5.0,5.0,2.0,,10.0,8.0,10.0,9.0,5.0,7.0,6.0,5.0,9.0,5.0,7.0,3.0,4.0,3.0,9.0,8.0,8.0,8.0,9.0,10.0,10.0,10.0,6.0,3,9.0,10,1
2008-03-31,53663,,11,1,4911.0,90274810,UIL,U I L HOLDINGS CORP,UIL,221111.0,N,A,R,21819,1,4931.0,90274810.0,,,49.0,493.0,,,,,,,30.13,0.017562,25160.0,1.0,29.71,758070.8,UIL,8.0,9.0,1.0,,4.0,10,10.0,1.0,2.0,8.0,10.0,3.0,2.0,10.0,6.0,8.0,8.0,7.0,8.0,3.0,10.0,7.0,4.0,3.0,5.0,5.0,2.0,,10.0,8.0,10.0,9.0,5.0,7.0,6.0,5.0,9.0,5.0,7.0,3.0,4.0,3.0,9.0,8.0,8.0,8.0,9.0,10.0,10.0,10.0,6.0,3,9.0,10,1
2008-04-01,53663,,11,1,4911.0,90274810,UIL,U I L HOLDINGS CORP,UIL,221111.0,N,A,R,21819,1,4931.0,90274810.0,,,49.0,493.0,,,,,,,30.41,0.009293,25160.0,1.0,30.46,765115.6,UIL,8.0,9.0,1.0,,4.0,10,10.0,1.0,2.0,8.0,10.0,3.0,2.0,10.0,6.0,8.0,8.0,7.0,8.0,3.0,10.0,7.0,4.0,3.0,5.0,5.0,2.0,,7.0,8.0,9.0,7.0,5.0,6.0,8.0,6.0,9.0,5.0,7.0,3.0,4.0,4.0,3.0,8.0,8.0,5.0,4.0,4.0,7.0,8.0,6.0,3,8.0,10,1
2008-04-02,53663,,11,1,4911.0,90274810,UIL,U I L HOLDINGS CORP,UIL,221111.0,N,A,R,21819,1,4931.0,90274810.0,,,49.0,493.0,,,,,,,30.62,0.006906,25160.0,1.0,30.51,770399.2,UIL,8.0,9.0,1.0,,4.0,10,10.0,1.0,2.0,8.0,10.0,3.0,2.0,10.0,6.0,8.0,8.0,7.0,8.0,3.0,10.0,7.0,4.0,3.0,5.0,5.0,2.0,,7.0,8.0,9.0,7.0,5.0,6.0,8.0,6.0,9.0,5.0,7.0,3.0,4.0,4.0,3.0,8.0,8.0,5.0,4.0,4.0,7.0,8.0,6.0,3,8.0,10,1
2008-04-03,53663,,11,1,4911.0,90274810,UIL,U I L HOLDINGS CORP,UIL,221111.0,N,A,R,21819,1,4931.0,90274810.0,,,49.0,493.0,,,,,,,30.29,-0.010777,25160.0,1.0,30.26,762096.4,UIL,8.0,9.0,1.0,,4.0,10,10.0,1.0,2.0,8.0,10.0,3.0,2.0,10.0,6.0,8.0,8.0,7.0,8.0,3.0,10.0,7.0,4.0,3.0,5.0,5.0,2.0,,7.0,8.0,9.0,7.0,5.0,6.0,8.0,6.0,9.0,5.0,7.0,3.0,4.0,4.0,3.0,8.0,8.0,5.0,4.0,4.0,7.0,8.0,6.0,3,8.0,10,1
2008-04-04,53663,,11,1,4911.0,90274810,UIL,U I L HOLDINGS CORP,UIL,221111.0,N,A,R,21819,1,4931.0,90274810.0,,,49.0,493.0,,,,,,,30.4,0.003632,25160.0,1.0,30.36,764864.0,UIL,8.0,9.0,1.0,,4.0,10,10.0,1.0,2.0,8.0,10.0,3.0,2.0,10.0,6.0,8.0,8.0,7.0,8.0,3.0,10.0,7.0,4.0,3.0,5.0,5.0,2.0,,7.0,8.0,9.0,7.0,5.0,6.0,8.0,6.0,9.0,5.0,7.0,3.0,4.0,4.0,3.0,8.0,8.0,5.0,4.0,4.0,7.0,8.0,6.0,3,8.0,10,1
2008-04-07,53663,,11,1,4911.0,90274810,UIL,U I L HOLDINGS CORP,UIL,221111.0,N,A,R,21819,1,4931.0,90274810.0,,,49.0,493.0,,,,,,,30.12,-0.00921,25160.0,1.0,30.56,757819.2,UIL,8.0,9.0,1.0,,4.0,10,10.0,1.0,2.0,8.0,10.0,3.0,2.0,10.0,6.0,8.0,8.0,7.0,8.0,3.0,10.0,7.0,4.0,3.0,5.0,5.0,2.0,,7.0,8.0,9.0,7.0,5.0,6.0,8.0,6.0,9.0,5.0,7.0,3.0,4.0,4.0,3.0,8.0,8.0,5.0,4.0,4.0,7.0,8.0,6.0,3,8.0,10,1
2008-04-08,53663,,11,1,4911.0,90274810,UIL,U I L HOLDINGS CORP,UIL,221111.0,N,A,R,21819,1,4931.0,90274810.0,,,49.0,493.0,,,,,,,30.42,0.00996,25160.0,1.0,29.94,765367.2,UIL,8.0,9.0,1.0,,4.0,10,10.0,1.0,2.0,8.0,10.0,3.0,2.0,10.0,6.0,8.0,8.0,7.0,8.0,3.0,10.0,7.0,4.0,3.0,5.0,5.0,2.0,,7.0,8.0,9.0,7.0,5.0,6.0,8.0,6.0,9.0,5.0,7.0,3.0,4.0,4.0,3.0,8.0,8.0,5.0,4.0,4.0,7.0,8.0,6.0,3,8.0,10,1
2008-04-09,53663,,11,1,4911.0,90274810,UIL,U I L HOLDINGS CORP,UIL,221111.0,N,A,R,21819,1,4931.0,90274810.0,,,49.0,493.0,,,,,,,30.08,-0.011177,25160.0,1.0,30.52,756812.8,UIL,8.0,9.0,1.0,,4.0,10,10.0,1.0,2.0,8.0,10.0,3.0,2.0,10.0,6.0,8.0,8.0,7.0,8.0,3.0,10.0,7.0,4.0,3.0,5.0,5.0,2.0,,7.0,8.0,9.0,7.0,5.0,6.0,8.0,6.0,9.0,5.0,7.0,3.0,4.0,4.0,3.0,8.0,8.0,5.0,4.0,4.0,7.0,8.0,6.0,3,8.0,10,1
2008-04-10,53663,,11,1,4911.0,90274810,UIL,U I L HOLDINGS CORP,UIL,221111.0,N,A,R,21819,1,4931.0,90274810.0,,,49.0,493.0,,,,,,,30.14,0.001995,25160.0,1.0,30.05,758322.4,UIL,8.0,9.0,1.0,,4.0,10,10.0,1.0,2.0,8.0,10.0,3.0,2.0,10.0,6.0,8.0,8.0,7.0,8.0,3.0,10.0,7.0,4.0,3.0,5.0,5.0,2.0,,7.0,8.0,9.0,7.0,5.0,6.0,8.0,6.0,9.0,5.0,7.0,3.0,4.0,4.0,3.0,8.0,8.0,5.0,4.0,4.0,7.0,8.0,6.0,3,8.0,10,1
2008-04-11,53663,,11,1,4911.0,90274810,UIL,U I L HOLDINGS CORP,UIL,221111.0,N,A,R,21819,1,4931.0,90274810.0,,,49.0,493.0,,,,,,,29.59,-0.018248,25160.0,1.0,29.85,744484.4,UIL,8.0,9.0,1.0,,4.0,10,10.0,1.0,2.0,8.0,10.0,3.0,2.0,10.0,6.0,8.0,8.0,7.0,8.0,3.0,10.0,7.0,4.0,3.0,5.0,5.0,2.0,,7.0,8.0,9.0,7.0,5.0,6.0,8.0,6.0,9.0,5.0,7.0,3.0,4.0,4.0,3.0,8.0,8.0,5.0,4.0,4.0,7.0,8.0,6.0,3,8.0,10,1
2008-04-14,53663,,11,1,4911.0,90274810,UIL,U I L HOLDINGS CORP,UIL,221111.0,N,A,R,21819,1,4931.0,90274810.0,,,49.0,493.0,,,,,,,29.73,0.004731,25160.0,1.0,29.53,748006.8,UIL,8.0,9.0,1.0,,4.0,10,10.0,1.0,2.0,8.0,10.0,3.0,2.0,10.0,6.0,8.0,8.0,7.0,8.0,3.0,10.0,7.0,4.0,3.0,5.0,5.0,2.0,,7.0,8.0,9.0,7.0,5.0,6.0,8.0,6.0,9.0,5.0,7.0,3.0,4.0,4.0,3.0,8.0,8.0,5.0,4.0,4.0,7.0,8.0,6.0,3,8.0,10,1
2008-04-15,53663,,11,1,4911.0,90274810,UIL,U I L HOLDINGS CORP,UIL,221111.0,N,A,R,21819,1,4931.0,90274810.0,,,49.0,493.0,,,,,,,30.45,0.024218,25160.0,1.0,29.87,766122.0,UIL,8.0,9.0,1.0,,4.0,10,10.0,1.0,2.0,8.0,10.0,3.0,2.0,10.0,6.0,8.0,8.0,7.0,8.0,3.0,10.0,7.0,4.0,3.0,5.0,5.0,2.0,,7.0,8.0,9.0,7.0,5.0,6.0,8.0,6.0,9.0,5.0,7.0,3.0,4.0,4.0,3.0,8.0,8.0,5.0,4.0,4.0,7.0,8.0,6.0,3,8.0,10,1
2008-04-16,53663,,11,1,4911.0,90274810,UIL,U I L HOLDINGS CORP,UIL,221111.0,N,A,R,21819,1,4931.0,90274810.0,,,49.0,493.0,,,,,,,30.64,0.00624,25160.0,1.0,30.68,770902.4,UIL,8.0,9.0,1.0,,4.0,10,10.0,1.0,2.0,8.0,10.0,3.0,2.0,10.0,6.0,8.0,8.0,7.0,8.0,3.0,10.0,7.0,4.0,3.0,5.0,5.0,2.0,,7.0,8.0,9.0,7.0,5.0,6.0,8.0,6.0,9.0,5.0,7.0,3.0,4.0,4.0,3.0,8.0,8.0,5.0,4.0,4.0,7.0,8.0,6.0,3,8.0,10,1
2008-04-17,53663,,11,1,4911.0,90274810,UIL,U I L HOLDINGS CORP,UIL,221111.0,N,A,R,21819,1,4931.0,90274810.0,,,49.0,493.0,,,,,,,30.53,-0.00359,25160.0,1.0,30.57,768134.8,UIL,8.0,9.0,1.0,,4.0,10,10.0,1.0,2.0,8.0,10.0,3.0,2.0,10.0,6.0,8.0,8.0,7.0,8.0,3.0,10.0,7.0,4.0,3.0,5.0,5.0,2.0,,7.0,8.0,9.0,7.0,5.0,6.0,8.0,6.0,9.0,5.0,7.0,3.0,4.0,4.0,3.0,8.0,8.0,5.0,4.0,4.0,7.0,8.0,6.0,3,8.0,10,1
2008-04-18,53663,,11,1,4911.0,90274810,UIL,U I L HOLDINGS CORP,UIL,221111.0,N,A,R,21819,1,4931.0,90274810.0,,,49.0,493.0,,,,,,,31.04,0.016705,25160.0,1.0,30.85,780966.4,UIL,8.0,9.0,1.0,,4.0,10,10.0,1.0,2.0,8.0,10.0,3.0,2.0,10.0,6.0,8.0,8.0,7.0,8.0,3.0,10.0,7.0,4.0,3.0,5.0,5.0,2.0,,7.0,8.0,9.0,7.0,5.0,6.0,8.0,6.0,9.0,5.0,7.0,3.0,4.0,4.0,3.0,8.0,8.0,5.0,4.0,4.0,7.0,8.0,6.0,3,8.0,10,1
2008-04-21,53663,,11,1,4911.0,90274810,UIL,U I L HOLDINGS CORP,UIL,221111.0,N,A,R,21819,1,4931.0,90274810.0,,,49.0,493.0,,,,,,,30.23,-0.026095,25160.0,1.0,30.75,760586.8,UIL,8.0,9.0,1.0,,4.0,10,10.0,1.0,2.0,8.0,10.0,3.0,2.0,10.0,6.0,8.0,8.0,7.0,8.0,3.0,10.0,7.0,4.0,3.0,5.0,5.0,2.0,,7.0,8.0,9.0,7.0,5.0,6.0,8.0,6.0,9.0,5.0,7.0,3.0,4.0,4.0,3.0,8.0,8.0,5.0,4.0,4.0,7.0,8.0,6.0,3,8.0,10,1
2008-04-22,53663,,11,1,4911.0,90274810,UIL,U I L HOLDINGS CORP,UIL,221111.0,N,A,R,21819,1,4931.0,90274810.0,,,49.0,493.0,,,,,,,30.12,-0.003639,25160.0,1.0,30.06,757819.2,UIL,8.0,9.0,1.0,,4.0,10,10.0,1.0,2.0,8.0,10.0,3.0,2.0,10.0,6.0,8.0,8.0,7.0,8.0,3.0,10.0,7.0,4.0,3.0,5.0,5.0,2.0,,7.0,8.0,9.0,7.0,5.0,6.0,8.0,6.0,9.0,5.0,7.0,3.0,4.0,4.0,3.0,8.0,8.0,5.0,4.0,4.0,7.0,8.0,6.0,3,8.0,10,1
2008-04-23,53663,,11,1,4911.0,90274810,UIL,U I L HOLDINGS CORP,UIL,221111.0,N,A,R,21819,1,4931.0,90274810.0,,,49.0,493.0,,,,,,,29.8,-0.010624,25160.0,1.0,30.25,749768.0,UIL,8.0,9.0,1.0,,4.0,10,10.0,1.0,2.0,8.0,10.0,3.0,2.0,10.0,6.0,8.0,8.0,7.0,8.0,3.0,10.0,7.0,4.0,3.0,5.0,5.0,2.0,,7.0,8.0,9.0,7.0,5.0,6.0,8.0,6.0,9.0,5.0,7.0,3.0,4.0,4.0,3.0,8.0,8.0,5.0,4.0,4.0,7.0,8.0,6.0,3,8.0,10,1
2008-04-24,53663,,11,1,4911.0,90274810,UIL,U I L HOLDINGS CORP,UIL,221111.0,N,A,R,21819,1,4931.0,90274810.0,,,49.0,493.0,,,,,,,30.45,0.021812,25160.0,1.0,29.91,766122.0,UIL,8.0,9.0,1.0,,4.0,10,10.0,1.0,2.0,8.0,10.0,3.0,2.0,10.0,6.0,8.0,8.0,7.0,8.0,3.0,10.0,7.0,4.0,3.0,5.0,5.0,2.0,,7.0,8.0,9.0,7.0,5.0,6.0,8.0,6.0,9.0,5.0,7.0,3.0,4.0,4.0,3.0,8.0,8.0,5.0,4.0,4.0,7.0,8.0,6.0,3,8.0,10,1
2008-04-25,53663,,11,1,4911.0,90274810,UIL,U I L HOLDINGS CORP,UIL,221111.0,N,A,R,21819,1,4931.0,90274810.0,,,49.0,493.0,,,,,,,30.03,-0.013793,25160.0,1.0,30.57,755554.8,UIL,8.0,9.0,1.0,,4.0,10,10.0,1.0,2.0,8.0,10.0,3.0,2.0,10.0,6.0,8.0,8.0,7.0,8.0,3.0,10.0,7.0,4.0,3.0,5.0,5.0,2.0,,7.0,8.0,9.0,7.0,5.0,6.0,8.0,6.0,9.0,5.0,7.0,3.0,4.0,4.0,3.0,8.0,8.0,5.0,4.0,4.0,7.0,8.0,6.0,3,8.0,10,1
2008-04-28,53663,,11,1,4911.0,90274810,UIL,U I L HOLDINGS CORP,UIL,221111.0,N,A,R,21819,1,4931.0,90274810.0,,,49.0,493.0,,,,,,,31.02,0.032967,25160.0,1.0,30.27,780463.2,UIL,8.0,9.0,1.0,,4.0,10,10.0,1.0,2.0,8.0,10.0,3.0,2.0,10.0,6.0,8.0,8.0,7.0,8.0,3.0,10.0,7.0,4.0,3.0,5.0,5.0,2.0,,7.0,8.0,9.0,7.0,5.0,6.0,8.0,6.0,9.0,5.0,7.0,3.0,4.0,4.0,3.0,8.0,8.0,5.0,4.0,4.0,7.0,8.0,6.0,3,8.0,10,1
2008-04-29,53663,,11,1,4911.0,90274810,UIL,U I L HOLDINGS CORP,UIL,221111.0,N,A,R,21819,1,4931.0,90274810.0,,,49.0,493.0,,,,,,,31.0,-0.000645,25160.0,1.0,30.9,779960.0,UIL,8.0,9.0,1.0,,4.0,10,10.0,1.0,2.0,8.0,10.0,3.0,2.0,10.0,6.0,8.0,8.0,7.0,8.0,3.0,10.0,7.0,4.0,3.0,5.0,5.0,2.0,,7.0,8.0,9.0,7.0,5.0,6.0,8.0,6.0,9.0,5.0,7.0,3.0,4.0,4.0,3.0,8.0,8.0,5.0,4.0,4.0,7.0,8.0,6.0,3,8.0,10,1
2008-04-30,53663,,11,1,4911.0,90274810,UIL,U I L HOLDINGS CORP,UIL,221111.0,N,A,R,21819,1,4931.0,90274810.0,,,49.0,493.0,,,,,,,31.3,0.009677,25198.0,1.0,31.15,788697.4,UIL,8.0,9.0,1.0,,4.0,10,10.0,1.0,2.0,8.0,10.0,3.0,2.0,10.0,6.0,8.0,8.0,7.0,8.0,3.0,10.0,7.0,4.0,3.0,5.0,5.0,2.0,,7.0,8.0,9.0,7.0,5.0,6.0,8.0,6.0,9.0,5.0,7.0,3.0,4.0,4.0,3.0,8.0,8.0,5.0,4.0,4.0,7.0,8.0,6.0,3,8.0,10,1
2008-05-01,53663,,11,1,4911.0,90274810,UIL,U I L HOLDINGS CORP,UIL,221111.0,N,A,R,21819,1,4931.0,90274810.0,,,49.0,493.0,,,,,,,32.07,0.024601,25198.0,1.0,31.34,808099.86,UIL,8.0,9.0,1.0,,4.0,10,10.0,1.0,2.0,8.0,10.0,3.0,2.0,10.0,6.0,8.0,8.0,7.0,8.0,3.0,10.0,7.0,4.0,3.0,5.0,5.0,2.0,,8.0,8.0,9.0,6.0,5.0,7.0,9.0,6.0,9.0,5.0,8.0,5.0,4.0,4.0,6.0,8.0,8.0,6.0,6.0,7.0,8.0,10.0,6.0,3,9.0,10,1
2008-05-02,53663,,11,1,4911.0,90274810,UIL,U I L HOLDINGS CORP,UIL,221111.0,N,A,R,21819,1,4931.0,90274810.0,,,49.0,493.0,,,,,,,32.06,-0.000312,25198.0,1.0,32.21,807847.88,UIL,8.0,9.0,1.0,,4.0,10,10.0,1.0,2.0,8.0,10.0,3.0,2.0,10.0,6.0,8.0,8.0,7.0,8.0,3.0,10.0,7.0,4.0,3.0,5.0,5.0,2.0,,8.0,8.0,9.0,6.0,5.0,7.0,9.0,6.0,9.0,5.0,8.0,5.0,4.0,4.0,6.0,8.0,8.0,6.0,6.0,7.0,8.0,10.0,6.0,3,9.0,10,1
2008-05-05,53663,,11,1,4911.0,90274810,UIL,U I L HOLDINGS CORP,UIL,221111.0,N,A,R,21819,1,4931.0,90274810.0,,,49.0,493.0,,,,,,,31.67,-0.012165,25198.0,1.0,32.05,798020.66,UIL,8.0,9.0,1.0,,4.0,10,10.0,1.0,2.0,8.0,10.0,3.0,2.0,10.0,6.0,8.0,8.0,7.0,8.0,3.0,10.0,7.0,4.0,3.0,5.0,5.0,2.0,,8.0,8.0,9.0,6.0,5.0,7.0,9.0,6.0,9.0,5.0,8.0,5.0,4.0,4.0,6.0,8.0,8.0,6.0,6.0,7.0,8.0,10.0,6.0,3,9.0,10,1
2008-05-06,53663,,11,1,4911.0,90274810,UIL,U I L HOLDINGS CORP,UIL,221111.0,N,A,R,21819,1,4931.0,90274810.0,,,49.0,493.0,,,,,,,31.67,0.0,25198.0,1.0,31.45,798020.66,UIL,8.0,9.0,1.0,,4.0,10,10.0,1.0,2.0,8.0,10.0,3.0,2.0,10.0,6.0,8.0,8.0,7.0,8.0,3.0,10.0,7.0,4.0,3.0,5.0,5.0,2.0,,8.0,8.0,9.0,6.0,5.0,7.0,9.0,6.0,9.0,5.0,8.0,5.0,4.0,4.0,6.0,8.0,8.0,6.0,6.0,7.0,8.0,10.0,6.0,3,9.0,10,1
2008-05-07,53663,,11,1,4911.0,90274810,UIL,U I L HOLDINGS CORP,UIL,221111.0,N,A,R,21819,1,4931.0,90274810.0,,,49.0,493.0,,,,,,,31.63,-0.001263,25198.0,1.0,32.5,797012.74,UIL,8.0,9.0,1.0,,4.0,10,10.0,1.0,2.0,8.0,10.0,3.0,2.0,10.0,6.0,8.0,8.0,7.0,8.0,3.0,10.0,7.0,4.0,3.0,5.0,5.0,2.0,,8.0,8.0,9.0,6.0,5.0,7.0,9.0,6.0,9.0,5.0,8.0,5.0,4.0,4.0,6.0,8.0,8.0,6.0,6.0,7.0,8.0,10.0,6.0,3,9.0,10,1
2008-05-08,53663,,11,1,4911.0,90274810,UIL,U I L HOLDINGS CORP,UIL,221111.0,N,A,R,21819,1,4931.0,90274810.0,,,49.0,493.0,,,,,,,31.81,0.005691,25198.0,1.0,31.67,801548.38,UIL,8.0,9.0,1.0,,4.0,10,10.0,1.0,2.0,8.0,10.0,3.0,2.0,10.0,6.0,8.0,8.0,7.0,8.0,3.0,10.0,7.0,4.0,3.0,5.0,5.0,2.0,,8.0,8.0,9.0,6.0,5.0,7.0,9.0,6.0,9.0,5.0,8.0,5.0,4.0,4.0,6.0,8.0,8.0,6.0,6.0,7.0,8.0,10.0,6.0,3,9.0,10,1
2008-05-09,53663,,11,1,4911.0,90274810,UIL,U I L HOLDINGS CORP,UIL,221111.0,N,A,R,21819,1,4931.0,90274810.0,,,49.0,493.0,,,,,,,32.41,0.018862,25198.0,1.0,31.4,816667.18,UIL,8.0,9.0,1.0,,4.0,10,10.0,1.0,2.0,8.0,10.0,3.0,2.0,10.0,6.0,8.0,8.0,7.0,8.0,3.0,10.0,7.0,4.0,3.0,5.0,5.0,2.0,,8.0,8.0,9.0,6.0,5.0,7.0,9.0,6.0,9.0,5.0,8.0,5.0,4.0,4.0,6.0,8.0,8.0,6.0,6.0,7.0,8.0,10.0,6.0,3,9.0,10,1
2008-05-12,53663,,11,1,4911.0,90274810,UIL,U I L HOLDINGS CORP,UIL,221111.0,N,A,R,21819,1,4931.0,90274810.0,,,49.0,493.0,,,,,,,32.11,-0.009256,25198.0,1.0,32.53,809107.78,UIL,8.0,9.0,1.0,,4.0,10,10.0,1.0,2.0,8.0,10.0,3.0,2.0,10.0,6.0,8.0,8.0,7.0,8.0,3.0,10.0,7.0,4.0,3.0,5.0,5.0,2.0,,8.0,8.0,9.0,6.0,5.0,7.0,9.0,6.0,9.0,5.0,8.0,5.0,4.0,4.0,6.0,8.0,8.0,6.0,6.0,7.0,8.0,10.0,6.0,3,9.0,10,1
2008-05-13,53663,,11,1,4911.0,90274810,UIL,U I L HOLDINGS CORP,UIL,221111.0,N,A,R,21819,1,4931.0,90274810.0,,,49.0,493.0,,,,,,,32.28,0.005294,25198.0,1.0,32.19,813391.44,UIL,8.0,9.0,1.0,,4.0,10,10.0,1.0,2.0,8.0,10.0,3.0,2.0,10.0,6.0,8.0,8.0,7.0,8.0,3.0,10.0,7.0,4.0,3.0,5.0,5.0,2.0,,8.0,8.0,9.0,6.0,5.0,7.0,9.0,6.0,9.0,5.0,8.0,5.0,4.0,4.0,6.0,8.0,8.0,6.0,6.0,7.0,8.0,10.0,6.0,3,9.0,10,1
2008-05-14,53663,,11,1,4911.0,90274810,UIL,U I L HOLDINGS CORP,UIL,221111.0,N,A,R,21819,1,4931.0,90274810.0,,,49.0,493.0,,,,,,,31.68,-0.018587,25198.0,1.0,32.21,798272.64,UIL,8.0,9.0,1.0,,4.0,10,10.0,1.0,2.0,8.0,10.0,3.0,2.0,10.0,6.0,8.0,8.0,7.0,8.0,3.0,10.0,7.0,4.0,3.0,5.0,5.0,2.0,,8.0,8.0,9.0,6.0,5.0,7.0,9.0,6.0,9.0,5.0,8.0,5.0,4.0,4.0,6.0,8.0,8.0,6.0,6.0,7.0,8.0,10.0,6.0,3,9.0,10,1
2008-05-15,53663,,11,1,4911.0,90274810,UIL,U I L HOLDINGS CORP,UIL,221111.0,N,A,R,21819,1,4931.0,90274810.0,,,49.0,493.0,,,,,,,31.1,-0.018308,25198.0,1.0,31.54,783657.8,UIL,8.0,9.0,1.0,,4.0,10,10.0,1.0,2.0,8.0,10.0,3.0,2.0,10.0,6.0,8.0,8.0,7.0,8.0,3.0,10.0,7.0,4.0,3.0,5.0,5.0,2.0,,8.0,8.0,9.0,6.0,5.0,7.0,9.0,6.0,9.0,5.0,8.0,5.0,4.0,4.0,6.0,8.0,8.0,6.0,6.0,7.0,8.0,10.0,6.0,3,9.0,10,1
2008-05-16,53663,,11,1,4911.0,90274810,UIL,U I L HOLDINGS CORP,UIL,221111.0,N,A,R,21819,1,4931.0,90274810.0,,,49.0,493.0,,,,,,,31.2,0.003215,25198.0,1.0,31.38,786177.6,UIL,8.0,9.0,1.0,,4.0,10,10.0,1.0,2.0,8.0,10.0,3.0,2.0,10.0,6.0,8.0,8.0,7.0,8.0,3.0,10.0,7.0,4.0,3.0,5.0,5.0,2.0,,8.0,8.0,9.0,6.0,5.0,7.0,9.0,6.0,9.0,5.0,8.0,5.0,4.0,4.0,6.0,8.0,8.0,6.0,6.0,7.0,8.0,10.0,6.0,3,9.0,10,1
2008-05-19,53663,,11,1,4911.0,90274810,UIL,U I L HOLDINGS CORP,UIL,221111.0,N,A,R,21819,1,4931.0,90274810.0,,,49.0,493.0,,,,,,,31.37,0.005449,25198.0,1.0,31.1,790461.26,UIL,8.0,9.0,1.0,,4.0,10,10.0,1.0,2.0,8.0,10.0,3.0,2.0,10.0,6.0,8.0,8.0,7.0,8.0,3.0,10.0,7.0,4.0,3.0,5.0,5.0,2.0,,8.0,8.0,9.0,6.0,5.0,7.0,9.0,6.0,9.0,5.0,8.0,5.0,4.0,4.0,6.0,8.0,8.0,6.0,6.0,7.0,8.0,10.0,6.0,3,9.0,10,1
2008-05-20,53663,,11,1,4911.0,90274810,UIL,U I L HOLDINGS CORP,UIL,221111.0,N,A,R,21819,1,4931.0,90274810.0,,,49.0,493.0,,,,,,,31.11,-0.008288,25198.0,1.0,31.14,783909.78,UIL,8.0,9.0,1.0,,4.0,10,10.0,1.0,2.0,8.0,10.0,3.0,2.0,10.0,6.0,8.0,8.0,7.0,8.0,3.0,10.0,7.0,4.0,3.0,5.0,5.0,2.0,,8.0,8.0,9.0,6.0,5.0,7.0,9.0,6.0,9.0,5.0,8.0,5.0,4.0,4.0,6.0,8.0,8.0,6.0,6.0,7.0,8.0,10.0,6.0,3,9.0,10,1
2008-05-21,53663,,11,1,4911.0,90274810,UIL,U I L HOLDINGS CORP,UIL,221111.0,N,A,R,21819,1,4931.0,90274810.0,,,49.0,493.0,,,,,,,31.87,0.024429,25198.0,1.0,31.25,803060.26,UIL,8.0,9.0,1.0,,4.0,10,10.0,1.0,2.0,8.0,10.0,3.0,2.0,10.0,6.0,8.0,8.0,7.0,8.0,3.0,10.0,7.0,4.0,3.0,5.0,5.0,2.0,,8.0,8.0,9.0,6.0,5.0,7.0,9.0,6.0,9.0,5.0,8.0,5.0,4.0,4.0,6.0,8.0,8.0,6.0,6.0,7.0,8.0,10.0,6.0,3,9.0,10,1
2008-05-22,53663,,11,1,4911.0,90274810,UIL,U I L HOLDINGS CORP,UIL,221111.0,N,A,R,21819,1,4931.0,90274810.0,,,49.0,493.0,,,,,,,32.1,0.007217,25198.0,1.0,31.94,808855.8,UIL,8.0,9.0,1.0,,4.0,10,10.0,1.0,2.0,8.0,10.0,3.0,2.0,10.0,6.0,8.0,8.0,7.0,8.0,3.0,10.0,7.0,4.0,3.0,5.0,5.0,2.0,,8.0,8.0,9.0,6.0,5.0,7.0,9.0,6.0,9.0,5.0,8.0,5.0,4.0,4.0,6.0,8.0,8.0,6.0,6.0,7.0,8.0,10.0,6.0,3,9.0,10,1
2008-05-23,53663,,11,1,4911.0,90274810,UIL,U I L HOLDINGS CORP,UIL,221111.0,N,A,R,21819,1,4931.0,90274810.0,,,49.0,493.0,,,,,,,31.62,-0.014953,25198.0,1.0,31.88,796760.76,UIL,8.0,9.0,1.0,,4.0,10,10.0,1.0,2.0,8.0,10.0,3.0,2.0,10.0,6.0,8.0,8.0,7.0,8.0,3.0,10.0,7.0,4.0,3.0,5.0,5.0,2.0,,8.0,8.0,9.0,6.0,5.0,7.0,9.0,6.0,9.0,5.0,8.0,5.0,4.0,4.0,6.0,8.0,8.0,6.0,6.0,7.0,8.0,10.0,6.0,3,9.0,10,1
2008-05-27,53663,,11,1,4911.0,90274810,UIL,U I L HOLDINGS CORP,UIL,221111.0,N,A,R,21819,1,4931.0,90274810.0,,,49.0,493.0,,,,,,,32.0,0.012018,25198.0,1.0,31.65,806336.0,UIL,8.0,9.0,1.0,,4.0,10,10.0,1.0,2.0,8.0,10.0,3.0,2.0,10.0,6.0,8.0,8.0,7.0,8.0,3.0,10.0,7.0,4.0,3.0,5.0,5.0,2.0,,8.0,8.0,9.0,6.0,5.0,7.0,9.0,6.0,9.0,5.0,8.0,5.0,4.0,4.0,6.0,8.0,8.0,6.0,6.0,7.0,8.0,10.0,6.0,3,9.0,10,1
2008-05-28,53663,,11,1,4911.0,90274810,UIL,U I L HOLDINGS CORP,UIL,221111.0,N,A,R,21819,1,4931.0,90274810.0,,,49.0,493.0,,,,,,,31.99,-0.000313,25198.0,1.0,32.18,806084.02,UIL,8.0,9.0,1.0,,4.0,10,10.0,1.0,2.0,8.0,10.0,3.0,2.0,10.0,6.0,8.0,8.0,7.0,8.0,3.0,10.0,7.0,4.0,3.0,5.0,5.0,2.0,,8.0,8.0,9.0,6.0,5.0,7.0,9.0,6.0,9.0,5.0,8.0,5.0,4.0,4.0,6.0,8.0,8.0,6.0,6.0,7.0,8.0,10.0,6.0,3,9.0,10,1
2008-05-29,53663,,11,1,4911.0,90274810,UIL,U I L HOLDINGS CORP,UIL,221111.0,N,A,R,21819,1,4931.0,90274810.0,,,49.0,493.0,,,,,,,32.37,0.011879,25198.0,1.0,32.01,815659.26,UIL,8.0,9.0,1.0,,4.0,10,10.0,1.0,2.0,8.0,10.0,3.0,2.0,10.0,6.0,8.0,8.0,7.0,8.0,3.0,10.0,7.0,4.0,3.0,5.0,5.0,2.0,,8.0,8.0,9.0,6.0,5.0,7.0,9.0,6.0,9.0,5.0,8.0,5.0,4.0,4.0,6.0,8.0,8.0,6.0,6.0,7.0,8.0,10.0,6.0,3,9.0,10,1
2008-05-30,53663,,11,1,4911.0,90274810,UIL,U I L HOLDINGS CORP,UIL,221111.0,N,A,R,21819,1,4931.0,90274810.0,,,49.0,493.0,,,,,,,32.4,0.000927,25214.0,1.0,32.43,816933.6,UIL,8.0,9.0,1.0,,4.0,10,10.0,1.0,2.0,8.0,10.0,3.0,2.0,10.0,6.0,8.0,8.0,7.0,8.0,3.0,10.0,7.0,4.0,3.0,5.0,5.0,2.0,,8.0,8.0,9.0,6.0,5.0,7.0,9.0,6.0,9.0,5.0,8.0,5.0,4.0,4.0,6.0,8.0,8.0,6.0,6.0,7.0,8.0,10.0,6.0,3,9.0,10,1
2008-06-02,53663,,11,1,4911.0,90274810,UIL,U I L HOLDINGS CORP,UIL,221111.0,N,A,R,21819,1,4931.0,90274810.0,,,49.0,493.0,,,,,,,32.31,-0.002778,25214.0,1.0,32.33,814664.34,UIL,8.0,9.0,1.0,,4.0,10,10.0,1.0,2.0,8.0,10.0,3.0,2.0,10.0,6.0,8.0,8.0,7.0,8.0,3.0,10.0,7.0,4.0,3.0,5.0,5.0,2.0,,6.0,7.0,8.0,5.0,5.0,8.0,10.0,7.0,9.0,5.0,6.0,4.0,4.0,4.0,5.0,9.0,8.0,8.0,6.0,6.0,8.0,7.0,6.0,3,9.0,10,1
2008-06-03,53663,,11,1,4911.0,90274810,UIL,U I L HOLDINGS CORP,UIL,221111.0,N,A,R,21819,1,4931.0,90274810.0,,,49.0,493.0,,,,,,,31.8,-0.015785,25214.0,1.0,32.31,801805.2,UIL,8.0,9.0,1.0,,4.0,10,10.0,1.0,2.0,8.0,10.0,3.0,2.0,10.0,6.0,8.0,8.0,7.0,8.0,3.0,10.0,7.0,4.0,3.0,5.0,5.0,2.0,,6.0,7.0,8.0,5.0,5.0,8.0,10.0,7.0,9.0,5.0,6.0,4.0,4.0,4.0,5.0,9.0,8.0,8.0,6.0,6.0,8.0,7.0,6.0,3,9.0,10,1
2008-06-04,53663,,11,1,4911.0,90274810,UIL,U I L HOLDINGS CORP,UIL,221111.0,N,A,R,21819,1,4931.0,90274810.0,,,49.0,493.0,,,,,,,32.44,0.020126,25214.0,1.0,31.68,817942.16,UIL,8.0,9.0,1.0,,4.0,10,10.0,1.0,2.0,8.0,10.0,3.0,2.0,10.0,6.0,8.0,8.0,7.0,8.0,3.0,10.0,7.0,4.0,3.0,5.0,5.0,2.0,,6.0,7.0,8.0,5.0,5.0,8.0,10.0,7.0,9.0,5.0,6.0,4.0,4.0,4.0,5.0,9.0,8.0,8.0,6.0,6.0,8.0,7.0,6.0,3,9.0,10,1
2008-06-05,53663,,11,1,4911.0,90274810,UIL,U I L HOLDINGS CORP,UIL,221111.0,N,A,R,21819,1,4931.0,90274810.0,,,49.0,493.0,,,,,,,33.01,0.017571,25214.0,1.0,32.41,832314.14,UIL,8.0,9.0,1.0,,4.0,10,10.0,1.0,2.0,8.0,10.0,3.0,2.0,10.0,6.0,8.0,8.0,7.0,8.0,3.0,10.0,7.0,4.0,3.0,5.0,5.0,2.0,,6.0,7.0,8.0,5.0,5.0,8.0,10.0,7.0,9.0,5.0,6.0,4.0,4.0,4.0,5.0,9.0,8.0,8.0,6.0,6.0,8.0,7.0,6.0,3,9.0,10,1
2008-06-06,53663,,11,1,4911.0,90274810,UIL,U I L HOLDINGS CORP,UIL,221111.0,N,A,R,21819,1,4931.0,90274810.0,,,49.0,493.0,,,,,,,31.96,-0.031809,25214.0,1.0,32.74,805839.44,UIL,8.0,9.0,1.0,,4.0,10,10.0,1.0,2.0,8.0,10.0,3.0,2.0,10.0,6.0,8.0,8.0,7.0,8.0,3.0,10.0,7.0,4.0,3.0,5.0,5.0,2.0,,6.0,7.0,8.0,5.0,5.0,8.0,10.0,7.0,9.0,5.0,6.0,4.0,4.0,4.0,5.0,9.0,8.0,8.0,6.0,6.0,8.0,7.0,6.0,3,9.0,10,1
2008-06-09,53663,,11,1,4911.0,90274810,UIL,U I L HOLDINGS CORP,UIL,221111.0,N,A,R,21819,1,4931.0,90274810.0,,,49.0,493.0,,,,,,,31.98,0.000626,25214.0,1.0,31.91,806343.72,UIL,8.0,9.0,1.0,,4.0,10,10.0,1.0,2.0,8.0,10.0,3.0,2.0,10.0,6.0,8.0,8.0,7.0,8.0,3.0,10.0,7.0,4.0,3.0,5.0,5.0,2.0,,6.0,7.0,8.0,5.0,5.0,8.0,10.0,7.0,9.0,5.0,6.0,4.0,4.0,4.0,5.0,9.0,8.0,8.0,6.0,6.0,8.0,7.0,6.0,3,9.0,10,1
2008-06-10,53663,,11,1,4911.0,90274810,UIL,U I L HOLDINGS CORP,UIL,221111.0,N,A,R,21819,1,4931.0,90274810.0,,,49.0,493.0,1232.0,0.432,0.0,,,,31.82,0.008505,25214.0,1.0,31.57,802309.48,UIL,8.0,9.0,1.0,,4.0,10,10.0,1.0,2.0,8.0,10.0,3.0,2.0,10.0,6.0,8.0,8.0,7.0,8.0,3.0,10.0,7.0,4.0,3.0,5.0,5.0,2.0,,6.0,7.0,8.0,5.0,5.0,8.0,10.0,7.0,9.0,5.0,6.0,4.0,4.0,4.0,5.0,9.0,8.0,8.0,6.0,6.0,8.0,7.0,6.0,3,9.0,10,1
2008-06-11,53663,,11,1,4911.0,90274810,UIL,U I L HOLDINGS CORP,UIL,221111.0,N,A,R,21819,1,4931.0,90274810.0,,,49.0,493.0,,,,,,,31.94,0.003771,25214.0,1.0,31.53,805335.16,UIL,8.0,9.0,1.0,,4.0,10,10.0,1.0,2.0,8.0,10.0,3.0,2.0,10.0,6.0,8.0,8.0,7.0,8.0,3.0,10.0,7.0,4.0,3.0,5.0,5.0,2.0,,6.0,7.0,8.0,5.0,5.0,8.0,10.0,7.0,9.0,5.0,6.0,4.0,4.0,4.0,5.0,9.0,8.0,8.0,6.0,6.0,8.0,7.0,6.0,3,9.0,10,1
2008-06-12,53663,,11,1,4911.0,90274810,UIL,U I L HOLDINGS CORP,UIL,221111.0,N,A,R,21819,1,4931.0,90274810.0,,,49.0,493.0,,,,,,,31.92,-0.000626,25214.0,1.0,32.14,804830.88,UIL,8.0,9.0,1.0,,4.0,10,10.0,1.0,2.0,8.0,10.0,3.0,2.0,10.0,6.0,8.0,8.0,7.0,8.0,3.0,10.0,7.0,4.0,3.0,5.0,5.0,2.0,,6.0,7.0,8.0,5.0,5.0,8.0,10.0,7.0,9.0,5.0,6.0,4.0,4.0,4.0,5.0,9.0,8.0,8.0,6.0,6.0,8.0,7.0,6.0,3,9.0,10,1
2008-06-13,53663,,11,1,4911.0,90274810,UIL,U I L HOLDINGS CORP,UIL,221111.0,N,A,R,21819,1,4931.0,90274810.0,,,49.0,493.0,,,,,,,32.16,0.007519,25214.0,1.0,32.29,810882.24,UIL,8.0,9.0,1.0,,4.0,10,10.0,1.0,2.0,8.0,10.0,3.0,2.0,10.0,6.0,8.0,8.0,7.0,8.0,3.0,10.0,7.0,4.0,3.0,5.0,5.0,2.0,,6.0,7.0,8.0,5.0,5.0,8.0,10.0,7.0,9.0,5.0,6.0,4.0,4.0,4.0,5.0,9.0,8.0,8.0,6.0,6.0,8.0,7.0,6.0,3,9.0,10,1
2008-06-16,53663,,11,1,4911.0,90274810,UIL,U I L HOLDINGS CORP,UIL,221111.0,N,A,R,21819,1,4931.0,90274810.0,,,49.0,493.0,,,,,,,32.51,0.010883,25214.0,1.0,32.1,819707.14,UIL,8.0,9.0,1.0,,4.0,10,10.0,1.0,2.0,8.0,10.0,3.0,2.0,10.0,6.0,8.0,8.0,7.0,8.0,3.0,10.0,7.0,4.0,3.0,5.0,5.0,2.0,,6.0,7.0,8.0,5.0,5.0,8.0,10.0,7.0,9.0,5.0,6.0,4.0,4.0,4.0,5.0,9.0,8.0,8.0,6.0,6.0,8.0,7.0,6.0,3,9.0,10,1
2008-06-17,53663,,11,1,4911.0,90274810,UIL,U I L HOLDINGS CORP,UIL,221111.0,N,A,R,21819,1,4931.0,90274810.0,,,49.0,493.0,,,,,,,32.56,0.001538,25214.0,1.0,32.47,820967.84,UIL,8.0,9.0,1.0,,4.0,10,10.0,1.0,2.0,8.0,10.0,3.0,2.0,10.0,6.0,8.0,8.0,7.0,8.0,3.0,10.0,7.0,4.0,3.0,5.0,5.0,2.0,,6.0,7.0,8.0,5.0,5.0,8.0,10.0,7.0,9.0,5.0,6.0,4.0,4.0,4.0,5.0,9.0,8.0,8.0,6.0,6.0,8.0,7.0,6.0,3,9.0,10,1
2008-06-18,53663,,11,1,4911.0,90274810,UIL,U I L HOLDINGS CORP,UIL,221111.0,N,A,R,21819,1,4931.0,90274810.0,,,49.0,493.0,,,,,,,32.28,-0.0086,25214.0,1.0,32.35,813907.92,UIL,8.0,9.0,1.0,,4.0,10,10.0,1.0,2.0,8.0,10.0,3.0,2.0,10.0,6.0,8.0,8.0,7.0,8.0,3.0,10.0,7.0,4.0,3.0,5.0,5.0,2.0,,6.0,7.0,8.0,5.0,5.0,8.0,10.0,7.0,9.0,5.0,6.0,4.0,4.0,4.0,5.0,9.0,8.0,8.0,6.0,6.0,8.0,7.0,6.0,3,9.0,10,1
2008-06-19,53663,,11,1,4911.0,90274810,UIL,U I L HOLDINGS CORP,UIL,221111.0,N,A,R,21819,1,4931.0,90274810.0,,,49.0,493.0,,,,,,,32.07,-0.006506,25214.0,1.0,32.27,808612.98,UIL,8.0,9.0,1.0,,4.0,10,10.0,1.0,2.0,8.0,10.0,3.0,2.0,10.0,6.0,8.0,8.0,7.0,8.0,3.0,10.0,7.0,4.0,3.0,5.0,5.0,2.0,,6.0,7.0,8.0,5.0,5.0,8.0,10.0,7.0,9.0,5.0,6.0,4.0,4.0,4.0,5.0,9.0,8.0,8.0,6.0,6.0,8.0,7.0,6.0,3,9.0,10,1
2008-06-20,53663,,11,1,4911.0,90274810,UIL,U I L HOLDINGS CORP,UIL,221111.0,N,A,R,21819,1,4931.0,90274810.0,,,49.0,493.0,,,,,,,31.74,-0.01029,25214.0,1.0,31.91,800292.36,UIL,8.0,9.0,1.0,,4.0,10,10.0,1.0,2.0,8.0,10.0,3.0,2.0,10.0,6.0,8.0,8.0,7.0,8.0,3.0,10.0,7.0,4.0,3.0,5.0,5.0,2.0,,6.0,7.0,8.0,5.0,5.0,8.0,10.0,7.0,9.0,5.0,6.0,4.0,4.0,4.0,5.0,9.0,8.0,8.0,6.0,6.0,8.0,7.0,6.0,3,9.0,10,1
2008-06-23,53663,,11,1,4911.0,90274810,UIL,U I L HOLDINGS CORP,UIL,221111.0,N,A,R,21819,1,4931.0,90274810.0,,,49.0,493.0,,,,,,,30.99,-0.023629,25214.0,1.0,31.87,781381.86,UIL,8.0,9.0,1.0,,4.0,10,10.0,1.0,2.0,8.0,10.0,3.0,2.0,10.0,6.0,8.0,8.0,7.0,8.0,3.0,10.0,7.0,4.0,3.0,5.0,5.0,2.0,,6.0,7.0,8.0,5.0,5.0,8.0,10.0,7.0,9.0,5.0,6.0,4.0,4.0,4.0,5.0,9.0,8.0,8.0,6.0,6.0,8.0,7.0,6.0,3,9.0,10,1
2008-06-24,53663,,11,1,4911.0,90274810,UIL,U I L HOLDINGS CORP,UIL,221111.0,N,A,R,21819,1,4931.0,90274810.0,,,49.0,493.0,,,,,,,30.26,-0.023556,25214.0,1.0,30.88,762975.64,UIL,8.0,9.0,1.0,,4.0,10,10.0,1.0,2.0,8.0,10.0,3.0,2.0,10.0,6.0,8.0,8.0,7.0,8.0,3.0,10.0,7.0,4.0,3.0,5.0,5.0,2.0,,6.0,7.0,8.0,5.0,5.0,8.0,10.0,7.0,9.0,5.0,6.0,4.0,4.0,4.0,5.0,9.0,8.0,8.0,6.0,6.0,8.0,7.0,6.0,3,9.0,10,1
2008-06-25,53663,,11,1,4911.0,90274810,UIL,U I L HOLDINGS CORP,UIL,221111.0,N,A,R,21819,1,4931.0,90274810.0,,,49.0,493.0,,,,,,,30.54,0.009253,25214.0,1.0,30.19,770035.56,UIL,8.0,9.0,1.0,,4.0,10,10.0,1.0,2.0,8.0,10.0,3.0,2.0,10.0,6.0,8.0,8.0,7.0,8.0,3.0,10.0,7.0,4.0,3.0,5.0,5.0,2.0,,6.0,7.0,8.0,5.0,5.0,8.0,10.0,7.0,9.0,5.0,6.0,4.0,4.0,4.0,5.0,9.0,8.0,8.0,6.0,6.0,8.0,7.0,6.0,3,9.0,10,1
2008-06-26,53663,,11,1,4911.0,90274810,UIL,U I L HOLDINGS CORP,UIL,221111.0,N,A,R,21819,1,4931.0,90274810.0,,,49.0,493.0,,,,,,,29.93,-0.019974,25214.0,1.0,30.29,754655.02,UIL,8.0,9.0,1.0,,4.0,10,10.0,1.0,2.0,8.0,10.0,3.0,2.0,10.0,6.0,8.0,8.0,7.0,8.0,3.0,10.0,7.0,4.0,3.0,5.0,5.0,2.0,,6.0,7.0,8.0,5.0,5.0,8.0,10.0,7.0,9.0,5.0,6.0,4.0,4.0,4.0,5.0,9.0,8.0,8.0,6.0,6.0,8.0,7.0,6.0,3,9.0,10,1
2008-06-27,53663,,11,1,4911.0,90274810,UIL,U I L HOLDINGS CORP,UIL,221111.0,N,A,R,21819,1,4931.0,90274810.0,,,49.0,493.0,,,,,,,29.52,-0.013699,25214.0,1.0,29.96,744317.28,UIL,8.0,9.0,1.0,,4.0,10,10.0,1.0,2.0,8.0,10.0,3.0,2.0,10.0,6.0,8.0,8.0,7.0,8.0,3.0,10.0,7.0,4.0,3.0,5.0,5.0,2.0,,6.0,7.0,8.0,5.0,5.0,8.0,10.0,7.0,9.0,5.0,6.0,4.0,4.0,4.0,5.0,9.0,8.0,8.0,6.0,6.0,8.0,7.0,6.0,3,9.0,10,1
2008-06-30,53663,,11,1,4911.0,90274810,UIL,U I L HOLDINGS CORP,UIL,221111.0,N,A,R,21819,1,4931.0,90274810.0,,,49.0,493.0,,,,,,,29.41,-0.003726,25214.0,1.0,29.63,741543.74,UIL,8.0,9.0,1.0,,4.0,10,10.0,1.0,2.0,8.0,10.0,3.0,2.0,10.0,6.0,8.0,8.0,7.0,8.0,3.0,10.0,7.0,4.0,3.0,5.0,5.0,2.0,,6.0,7.0,8.0,5.0,5.0,8.0,10.0,7.0,9.0,5.0,6.0,4.0,4.0,4.0,5.0,9.0,8.0,8.0,6.0,6.0,8.0,7.0,6.0,3,9.0,10,1
2008-07-01,53663,,11,1,4911.0,90274810,UIL,U I L HOLDINGS CORP,UIL,221111.0,N,A,R,21819,1,4931.0,90274810.0,,,49.0,493.0,,,,,,,30.02,0.020741,25214.0,1.0,29.35,756924.28,UIL,8.0,8.0,1.0,,4.0,10,1.0,1.0,5.0,8.0,5.0,3.0,2.0,9.0,5.0,9.0,6.0,2.0,3.0,1.0,3.0,7.0,4.0,3.0,6.0,1.0,3.0,,4.0,8.0,7.0,4.0,4.0,7.0,10.0,6.0,9.0,5.0,6.0,3.0,4.0,4.0,5.0,9.0,8.0,2.0,8.0,9.0,10.0,6.0,6.0,3,9.0,10,1
2008-07-02,53663,,11,1,4911.0,90274810,UIL,U I L HOLDINGS CORP,UIL,221111.0,N,A,R,21819,1,4931.0,90274810.0,,,49.0,493.0,,,,,,,29.61,-0.013658,25214.0,1.0,30.06,746586.54,UIL,8.0,8.0,1.0,,4.0,10,1.0,1.0,5.0,8.0,5.0,3.0,2.0,9.0,5.0,9.0,6.0,2.0,3.0,1.0,3.0,7.0,4.0,3.0,6.0,1.0,3.0,,4.0,8.0,7.0,4.0,4.0,7.0,10.0,6.0,9.0,5.0,6.0,3.0,4.0,4.0,5.0,9.0,8.0,2.0,8.0,9.0,10.0,6.0,6.0,3,9.0,10,1
2008-07-03,53663,,11,1,4911.0,90274810,UIL,U I L HOLDINGS CORP,UIL,221111.0,N,A,R,21819,1,4931.0,90274810.0,,,49.0,493.0,,,,,,,29.41,-0.006755,25214.0,1.0,29.59,741543.74,UIL,8.0,8.0,1.0,,4.0,10,1.0,1.0,5.0,8.0,5.0,3.0,2.0,9.0,5.0,9.0,6.0,2.0,3.0,1.0,3.0,7.0,4.0,3.0,6.0,1.0,3.0,,4.0,8.0,7.0,4.0,4.0,7.0,10.0,6.0,9.0,5.0,6.0,3.0,4.0,4.0,5.0,9.0,8.0,2.0,8.0,9.0,10.0,6.0,6.0,3,9.0,10,1
2008-07-07,53663,,11,1,4911.0,90274810,UIL,U I L HOLDINGS CORP,UIL,221111.0,N,A,R,21819,1,4931.0,90274810.0,,,49.0,493.0,,,,,,,28.64,-0.026182,25214.0,1.0,29.59,722128.96,UIL,8.0,8.0,1.0,,4.0,10,1.0,1.0,5.0,8.0,5.0,3.0,2.0,9.0,5.0,9.0,6.0,2.0,3.0,1.0,3.0,7.0,4.0,3.0,6.0,1.0,3.0,,4.0,8.0,7.0,4.0,4.0,7.0,10.0,6.0,9.0,5.0,6.0,3.0,4.0,4.0,5.0,9.0,8.0,2.0,8.0,9.0,10.0,6.0,6.0,3,9.0,10,1
2008-07-08,53663,,11,1,4911.0,90274810,UIL,U I L HOLDINGS CORP,UIL,221111.0,N,A,R,21819,1,4931.0,90274810.0,,,49.0,493.0,,,,,,,29.12,0.01676,25214.0,1.0,28.72,734231.68,UIL,8.0,8.0,1.0,,4.0,10,1.0,1.0,5.0,8.0,5.0,3.0,2.0,9.0,5.0,9.0,6.0,2.0,3.0,1.0,3.0,7.0,4.0,3.0,6.0,1.0,3.0,,4.0,8.0,7.0,4.0,4.0,7.0,10.0,6.0,9.0,5.0,6.0,3.0,4.0,4.0,5.0,9.0,8.0,2.0,8.0,9.0,10.0,6.0,6.0,3,9.0,10,1
2008-07-09,53663,,11,1,4911.0,90274810,UIL,U I L HOLDINGS CORP,UIL,221111.0,N,A,R,21819,1,4931.0,90274810.0,,,49.0,493.0,,,,,,,30.27,0.039492,25214.0,1.0,29.19,763227.78,UIL,8.0,8.0,1.0,,4.0,10,1.0,1.0,5.0,8.0,5.0,3.0,2.0,9.0,5.0,9.0,6.0,2.0,3.0,1.0,3.0,7.0,4.0,3.0,6.0,1.0,3.0,,4.0,8.0,7.0,4.0,4.0,7.0,10.0,6.0,9.0,5.0,6.0,3.0,4.0,4.0,5.0,9.0,8.0,2.0,8.0,9.0,10.0,6.0,6.0,3,9.0,10,1
2008-07-10,53663,,11,1,4911.0,90274810,UIL,U I L HOLDINGS CORP,UIL,221111.0,N,A,R,21819,1,4931.0,90274810.0,,,49.0,493.0,,,,,,,30.55,0.00925,25214.0,1.0,30.12,770287.7,UIL,8.0,8.0,1.0,,4.0,10,1.0,1.0,5.0,8.0,5.0,3.0,2.0,9.0,5.0,9.0,6.0,2.0,3.0,1.0,3.0,7.0,4.0,3.0,6.0,1.0,3.0,,4.0,8.0,7.0,4.0,4.0,7.0,10.0,6.0,9.0,5.0,6.0,3.0,4.0,4.0,5.0,9.0,8.0,2.0,8.0,9.0,10.0,6.0,6.0,3,9.0,10,1
2008-07-11,53663,,11,1,4911.0,90274810,UIL,U I L HOLDINGS CORP,UIL,221111.0,N,A,R,21819,1,4931.0,90274810.0,,,49.0,493.0,,,,,,,30.7,0.00491,25214.0,1.0,30.2,774069.8,UIL,8.0,8.0,1.0,,4.0,10,1.0,1.0,5.0,8.0,5.0,3.0,2.0,9.0,5.0,9.0,6.0,2.0,3.0,1.0,3.0,7.0,4.0,3.0,6.0,1.0,3.0,,4.0,8.0,7.0,4.0,4.0,7.0,10.0,6.0,9.0,5.0,6.0,3.0,4.0,4.0,5.0,9.0,8.0,2.0,8.0,9.0,10.0,6.0,6.0,3,9.0,10,1
2008-07-14,53663,,11,1,4911.0,90274810,UIL,U I L HOLDINGS CORP,UIL,221111.0,N,A,R,21819,1,4931.0,90274810.0,,,49.0,493.0,,,,,,,30.56,-0.00456,25214.0,1.0,30.69,770539.84,UIL,8.0,8.0,1.0,,4.0,10,1.0,1.0,5.0,8.0,5.0,3.0,2.0,9.0,5.0,9.0,6.0,2.0,3.0,1.0,3.0,7.0,4.0,3.0,6.0,1.0,3.0,,4.0,8.0,7.0,4.0,4.0,7.0,10.0,6.0,9.0,5.0,6.0,3.0,4.0,4.0,5.0,9.0,8.0,2.0,8.0,9.0,10.0,6.0,6.0,3,9.0,10,1
2008-07-15,53663,,11,1,4911.0,90274810,UIL,U I L HOLDINGS CORP,UIL,221111.0,N,A,R,21819,1,4931.0,90274810.0,,,49.0,493.0,,,,,,,30.55,-0.000327,25214.0,1.0,30.41,770287.7,UIL,8.0,8.0,1.0,,4.0,10,1.0,1.0,5.0,8.0,5.0,3.0,2.0,9.0,5.0,9.0,6.0,2.0,3.0,1.0,3.0,7.0,4.0,3.0,6.0,1.0,3.0,,4.0,8.0,7.0,4.0,4.0,7.0,10.0,6.0,9.0,5.0,6.0,3.0,4.0,4.0,5.0,9.0,8.0,2.0,8.0,9.0,10.0,6.0,6.0,3,9.0,10,1
2008-07-16,53663,,11,1,4911.0,90274810,UIL,U I L HOLDINGS CORP,UIL,221111.0,N,A,R,21819,1,4931.0,90274810.0,,,49.0,493.0,,,,,,,30.46,-0.002946,25214.0,1.0,30.61,768018.44,UIL,8.0,8.0,1.0,,4.0,10,1.0,1.0,5.0,8.0,5.0,3.0,2.0,9.0,5.0,9.0,6.0,2.0,3.0,1.0,3.0,7.0,4.0,3.0,6.0,1.0,3.0,,4.0,8.0,7.0,4.0,4.0,7.0,10.0,6.0,9.0,5.0,6.0,3.0,4.0,4.0,5.0,9.0,8.0,2.0,8.0,9.0,10.0,6.0,6.0,3,9.0,10,1
2008-07-17,53663,,11,1,4911.0,90274810,UIL,U I L HOLDINGS CORP,UIL,221111.0,N,A,R,21819,1,4931.0,90274810.0,,,49.0,493.0,,,,,,,30.02,-0.014445,25214.0,1.0,30.37,756924.28,UIL,8.0,8.0,1.0,,4.0,10,1.0,1.0,5.0,8.0,5.0,3.0,2.0,9.0,5.0,9.0,6.0,2.0,3.0,1.0,3.0,7.0,4.0,3.0,6.0,1.0,3.0,,4.0,8.0,7.0,4.0,4.0,7.0,10.0,6.0,9.0,5.0,6.0,3.0,4.0,4.0,5.0,9.0,8.0,2.0,8.0,9.0,10.0,6.0,6.0,3,9.0,10,1
2008-07-18,53663,,11,1,4911.0,90274810,UIL,U I L HOLDINGS CORP,UIL,221111.0,N,A,R,21819,1,4931.0,90274810.0,,,49.0,493.0,,,,,,,29.51,-0.016989,25214.0,1.0,29.88,744065.14,UIL,8.0,8.0,1.0,,4.0,10,1.0,1.0,5.0,8.0,5.0,3.0,2.0,9.0,5.0,9.0,6.0,2.0,3.0,1.0,3.0,7.0,4.0,3.0,6.0,1.0,3.0,,4.0,8.0,7.0,4.0,4.0,7.0,10.0,6.0,9.0,5.0,6.0,3.0,4.0,4.0,5.0,9.0,8.0,2.0,8.0,9.0,10.0,6.0,6.0,3,9.0,10,1
2008-07-21,53663,,11,1,4911.0,90274810,UIL,U I L HOLDINGS CORP,UIL,221111.0,N,A,R,21819,1,4931.0,90274810.0,,,49.0,493.0,,,,,,,29.44,-0.002372,25214.0,1.0,29.74,742300.16,UIL,8.0,8.0,1.0,,4.0,10,1.0,1.0,5.0,8.0,5.0,3.0,2.0,9.0,5.0,9.0,6.0,2.0,3.0,1.0,3.0,7.0,4.0,3.0,6.0,1.0,3.0,,4.0,8.0,7.0,4.0,4.0,7.0,10.0,6.0,9.0,5.0,6.0,3.0,4.0,4.0,5.0,9.0,8.0,2.0,8.0,9.0,10.0,6.0,6.0,3,9.0,10,1
2008-07-22,53663,,11,1,4911.0,90274810,UIL,U I L HOLDINGS CORP,UIL,221111.0,N,A,R,21819,1,4931.0,90274810.0,,,49.0,493.0,,,,,,,30.25,0.027514,25214.0,1.0,29.23,762723.5,UIL,8.0,8.0,1.0,,4.0,10,1.0,1.0,5.0,8.0,5.0,3.0,2.0,9.0,5.0,9.0,6.0,2.0,3.0,1.0,3.0,7.0,4.0,3.0,6.0,1.0,3.0,,4.0,8.0,7.0,4.0,4.0,7.0,10.0,6.0,9.0,5.0,6.0,3.0,4.0,4.0,5.0,9.0,8.0,2.0,8.0,9.0,10.0,6.0,6.0,3,9.0,10,1
2008-07-23,53663,,11,1,4911.0,90274810,UIL,U I L HOLDINGS CORP,UIL,221111.0,N,A,R,21819,1,4931.0,90274810.0,,,49.0,493.0,,,,,,,30.11,-0.004628,25214.0,1.0,30.26,759193.54,UIL,8.0,8.0,1.0,,4.0,10,1.0,1.0,5.0,8.0,5.0,3.0,2.0,9.0,5.0,9.0,6.0,2.0,3.0,1.0,3.0,7.0,4.0,3.0,6.0,1.0,3.0,,4.0,8.0,7.0,4.0,4.0,7.0,10.0,6.0,9.0,5.0,6.0,3.0,4.0,4.0,5.0,9.0,8.0,2.0,8.0,9.0,10.0,6.0,6.0,3,9.0,10,1
2008-07-24,53663,,11,1,4911.0,90274810,UIL,U I L HOLDINGS CORP,UIL,221111.0,N,A,R,21819,1,4931.0,90274810.0,,,49.0,493.0,,,,,,,30.44,0.01096,25214.0,1.0,30.13,767514.16,UIL,8.0,8.0,1.0,,4.0,10,1.0,1.0,5.0,8.0,5.0,3.0,2.0,9.0,5.0,9.0,6.0,2.0,3.0,1.0,3.0,7.0,4.0,3.0,6.0,1.0,3.0,,4.0,8.0,7.0,4.0,4.0,7.0,10.0,6.0,9.0,5.0,6.0,3.0,4.0,4.0,5.0,9.0,8.0,2.0,8.0,9.0,10.0,6.0,6.0,3,9.0,10,1
2008-07-25,53663,,11,1,4911.0,90274810,UIL,U I L HOLDINGS CORP,UIL,221111.0,N,A,R,21819,1,4931.0,90274810.0,,,49.0,493.0,,,,,,,30.55,0.003614,25214.0,1.0,30.52,770287.7,UIL,8.0,8.0,1.0,,4.0,10,1.0,1.0,5.0,8.0,5.0,3.0,2.0,9.0,5.0,9.0,6.0,2.0,3.0,1.0,3.0,7.0,4.0,3.0,6.0,1.0,3.0,,4.0,8.0,7.0,4.0,4.0,7.0,10.0,6.0,9.0,5.0,6.0,3.0,4.0,4.0,5.0,9.0,8.0,2.0,8.0,9.0,10.0,6.0,6.0,3,9.0,10,1
2008-07-28,53663,,11,1,4911.0,90274810,UIL,U I L HOLDINGS CORP,UIL,221111.0,N,A,R,21819,1,4931.0,90274810.0,,,49.0,493.0,,,,,,,30.46,-0.002946,25214.0,1.0,30.43,768018.44,UIL,8.0,8.0,1.0,,4.0,10,1.0,1.0,5.0,8.0,5.0,3.0,2.0,9.0,5.0,9.0,6.0,2.0,3.0,1.0,3.0,7.0,4.0,3.0,6.0,1.0,3.0,,4.0,8.0,7.0,4.0,4.0,7.0,10.0,6.0,9.0,5.0,6.0,3.0,4.0,4.0,5.0,9.0,8.0,2.0,8.0,9.0,10.0,6.0,6.0,3,9.0,10,1
2008-07-29,53663,,11,1,4911.0,90274810,UIL,U I L HOLDINGS CORP,UIL,221111.0,N,A,R,21819,1,4931.0,90274810.0,,,49.0,493.0,,,,,,,30.96,0.016415,25214.0,1.0,31.12,780625.44,UIL,8.0,8.0,1.0,,4.0,10,1.0,1.0,5.0,8.0,5.0,3.0,2.0,9.0,5.0,9.0,6.0,2.0,3.0,1.0,3.0,7.0,4.0,3.0,6.0,1.0,3.0,,4.0,8.0,7.0,4.0,4.0,7.0,10.0,6.0,9.0,5.0,6.0,3.0,4.0,4.0,5.0,9.0,8.0,2.0,8.0,9.0,10.0,6.0,6.0,3,9.0,10,1
2008-07-30,53663,,11,1,4911.0,90274810,UIL,U I L HOLDINGS CORP,UIL,221111.0,N,A,R,21819,1,4931.0,90274810.0,,,49.0,493.0,,,,,,,31.43,0.015181,25214.0,1.0,30.98,792476.02,UIL,8.0,8.0,1.0,,4.0,10,1.0,1.0,5.0,8.0,5.0,3.0,2.0,9.0,5.0,9.0,6.0,2.0,3.0,1.0,3.0,7.0,4.0,3.0,6.0,1.0,3.0,,4.0,8.0,7.0,4.0,4.0,7.0,10.0,6.0,9.0,5.0,6.0,3.0,4.0,4.0,5.0,9.0,8.0,2.0,8.0,9.0,10.0,6.0,6.0,3,9.0,10,1
2008-07-31,53663,,11,1,4911.0,90274810,UIL,U I L HOLDINGS CORP,UIL,221111.0,N,A,R,21819,1,4931.0,90274810.0,,,49.0,493.0,,,,,,,31.28,-0.004772,25214.0,1.0,31.1,788693.92,UIL,8.0,8.0,1.0,,4.0,10,1.0,1.0,5.0,8.0,5.0,3.0,2.0,9.0,5.0,9.0,6.0,2.0,3.0,1.0,3.0,7.0,4.0,3.0,6.0,1.0,3.0,,4.0,8.0,7.0,4.0,4.0,7.0,10.0,6.0,9.0,5.0,6.0,3.0,4.0,4.0,5.0,9.0,8.0,2.0,8.0,9.0,10.0,6.0,6.0,3,9.0,10,1
2008-08-01,53663,,11,1,4911.0,90274810,UIL,U I L HOLDINGS CORP,UIL,221111.0,N,A,R,21819,1,4931.0,90274810.0,,,49.0,493.0,,,,,,,30.81,-0.015026,25214.0,1.0,31.4,776843.34,UIL,8.0,8.0,1.0,,4.0,10,1.0,1.0,5.0,8.0,5.0,3.0,2.0,9.0,5.0,9.0,6.0,2.0,3.0,1.0,3.0,7.0,4.0,3.0,6.0,1.0,3.0,,4.0,7.0,6.0,3.0,4.0,8.0,10.0,6.0,8.0,5.0,6.0,3.0,4.0,4.0,4.0,9.0,8.0,8.0,2.0,1.0,3.0,8.0,6.0,3,9.0,10,1
2008-08-04,53663,,11,1,4911.0,90274810,UIL,U I L HOLDINGS CORP,UIL,221111.0,N,A,R,21819,1,4931.0,90274810.0,,,49.0,493.0,,,,,,,30.85,0.001298,25214.0,1.0,30.85,777851.9,UIL,8.0,8.0,1.0,,4.0,10,1.0,1.0,5.0,8.0,5.0,3.0,2.0,9.0,5.0,9.0,6.0,2.0,3.0,1.0,3.0,7.0,4.0,3.0,6.0,1.0,3.0,,4.0,7.0,6.0,3.0,4.0,8.0,10.0,6.0,8.0,5.0,6.0,3.0,4.0,4.0,4.0,9.0,8.0,8.0,2.0,1.0,3.0,8.0,6.0,3,9.0,10,1
2008-08-05,53663,,11,1,4911.0,90274810,UIL,U I L HOLDINGS CORP,UIL,221111.0,N,A,R,21819,1,4931.0,90274810.0,,,49.0,493.0,,,,,,,31.34,0.015883,25214.0,1.0,30.82,790206.76,UIL,8.0,8.0,1.0,,4.0,10,1.0,1.0,5.0,8.0,5.0,3.0,2.0,9.0,5.0,9.0,6.0,2.0,3.0,1.0,3.0,7.0,4.0,3.0,6.0,1.0,3.0,,4.0,7.0,6.0,3.0,4.0,8.0,10.0,6.0,8.0,5.0,6.0,3.0,4.0,4.0,4.0,9.0,8.0,8.0,2.0,1.0,3.0,8.0,6.0,3,9.0,10,1
2008-08-06,53663,,11,1,4911.0,90274810,UIL,U I L HOLDINGS CORP,UIL,221111.0,N,A,R,21819,1,4931.0,90274810.0,,,49.0,493.0,,,,,,,31.55,0.006701,25214.0,1.0,31.17,795501.7,UIL,8.0,8.0,1.0,,4.0,10,1.0,1.0,5.0,8.0,5.0,3.0,2.0,9.0,5.0,9.0,6.0,2.0,3.0,1.0,3.0,7.0,4.0,3.0,6.0,1.0,3.0,,4.0,7.0,6.0,3.0,4.0,8.0,10.0,6.0,8.0,5.0,6.0,3.0,4.0,4.0,4.0,9.0,8.0,8.0,2.0,1.0,3.0,8.0,6.0,3,9.0,10,1
2008-08-07,53663,,11,1,4911.0,90274810,UIL,U I L HOLDINGS CORP,UIL,221111.0,N,A,R,21819,1,4931.0,90274810.0,,,49.0,493.0,,,,,,,30.96,-0.0187,25214.0,1.0,31.42,780625.44,UIL,8.0,8.0,1.0,,4.0,10,1.0,1.0,5.0,8.0,5.0,3.0,2.0,9.0,5.0,9.0,6.0,2.0,3.0,1.0,3.0,7.0,4.0,3.0,6.0,1.0,3.0,,4.0,7.0,6.0,3.0,4.0,8.0,10.0,6.0,8.0,5.0,6.0,3.0,4.0,4.0,4.0,9.0,8.0,8.0,2.0,1.0,3.0,8.0,6.0,3,9.0,10,1
2008-08-08,53663,,11,1,4911.0,90274810,UIL,U I L HOLDINGS CORP,UIL,221111.0,N,A,R,21819,1,4931.0,90274810.0,,,49.0,493.0,,,,,,,32.36,0.04522,25214.0,1.0,31.02,815925.04,UIL,8.0,8.0,1.0,,4.0,10,1.0,1.0,5.0,8.0,5.0,3.0,2.0,9.0,5.0,9.0,6.0,2.0,3.0,1.0,3.0,7.0,4.0,3.0,6.0,1.0,3.0,,4.0,7.0,6.0,3.0,4.0,8.0,10.0,6.0,8.0,5.0,6.0,3.0,4.0,4.0,4.0,9.0,8.0,8.0,2.0,1.0,3.0,8.0,6.0,3,9.0,10,1
2008-08-11,53663,,11,1,4911.0,90274810,UIL,U I L HOLDINGS CORP,UIL,221111.0,N,A,R,21819,1,4931.0,90274810.0,,,49.0,493.0,,,,,,,33.54,0.036465,25214.0,1.0,32.49,845677.56,UIL,8.0,8.0,1.0,,4.0,10,1.0,1.0,5.0,8.0,5.0,3.0,2.0,9.0,5.0,9.0,6.0,2.0,3.0,1.0,3.0,7.0,4.0,3.0,6.0,1.0,3.0,,4.0,7.0,6.0,3.0,4.0,8.0,10.0,6.0,8.0,5.0,6.0,3.0,4.0,4.0,4.0,9.0,8.0,8.0,2.0,1.0,3.0,8.0,6.0,3,9.0,10,1
2008-08-12,53663,,11,1,4911.0,90274810,UIL,U I L HOLDINGS CORP,UIL,221111.0,N,A,R,21819,1,4931.0,90274810.0,,,49.0,493.0,,,,,,,33.82,0.008348,25214.0,1.0,33.57,852737.48,UIL,8.0,8.0,1.0,,4.0,10,1.0,1.0,5.0,8.0,5.0,3.0,2.0,9.0,5.0,9.0,6.0,2.0,3.0,1.0,3.0,7.0,4.0,3.0,6.0,1.0,3.0,,4.0,7.0,6.0,3.0,4.0,8.0,10.0,6.0,8.0,5.0,6.0,3.0,4.0,4.0,4.0,9.0,8.0,8.0,2.0,1.0,3.0,8.0,6.0,3,9.0,10,1
2008-08-13,53663,,11,1,4911.0,90274810,UIL,U I L HOLDINGS CORP,UIL,221111.0,N,A,R,21819,1,4931.0,90274810.0,,,49.0,493.0,,,,,,,34.36,0.015967,25214.0,1.0,33.84,866353.04,UIL,8.0,8.0,1.0,,4.0,10,1.0,1.0,5.0,8.0,5.0,3.0,2.0,9.0,5.0,9.0,6.0,2.0,3.0,1.0,3.0,7.0,4.0,3.0,6.0,1.0,3.0,,4.0,7.0,6.0,3.0,4.0,8.0,10.0,6.0,8.0,5.0,6.0,3.0,4.0,4.0,4.0,9.0,8.0,8.0,2.0,1.0,3.0,8.0,6.0,3,9.0,10,1
2008-08-14,53663,,11,1,4911.0,90274810,UIL,U I L HOLDINGS CORP,UIL,221111.0,N,A,R,21819,1,4931.0,90274810.0,,,49.0,493.0,,,,,,,34.18,-0.005239,25214.0,1.0,34.13,861814.52,UIL,8.0,8.0,1.0,,4.0,10,1.0,1.0,5.0,8.0,5.0,3.0,2.0,9.0,5.0,9.0,6.0,2.0,3.0,1.0,3.0,7.0,4.0,3.0,6.0,1.0,3.0,,4.0,7.0,6.0,3.0,4.0,8.0,10.0,6.0,8.0,5.0,6.0,3.0,4.0,4.0,4.0,9.0,8.0,8.0,2.0,1.0,3.0,8.0,6.0,3,9.0,10,1
2008-08-15,53663,,11,1,4911.0,90274810,UIL,U I L HOLDINGS CORP,UIL,221111.0,N,A,R,21819,1,4931.0,90274810.0,,,49.0,493.0,,,,,,,33.9,-0.008192,25214.0,1.0,34.45,854754.6,UIL,8.0,8.0,1.0,,4.0,10,1.0,1.0,5.0,8.0,5.0,3.0,2.0,9.0,5.0,9.0,6.0,2.0,3.0,1.0,3.0,7.0,4.0,3.0,6.0,1.0,3.0,,4.0,7.0,6.0,3.0,4.0,8.0,10.0,6.0,8.0,5.0,6.0,3.0,4.0,4.0,4.0,9.0,8.0,8.0,2.0,1.0,3.0,8.0,6.0,3,9.0,10,1
2008-08-18,53663,,11,1,4911.0,90274810,UIL,U I L HOLDINGS CORP,UIL,221111.0,N,A,R,21819,1,4931.0,90274810.0,,,49.0,493.0,,,,,,,33.97,0.002065,25214.0,1.0,34.07,856519.58,UIL,8.0,8.0,1.0,,4.0,10,1.0,1.0,5.0,8.0,5.0,3.0,2.0,9.0,5.0,9.0,6.0,2.0,3.0,1.0,3.0,7.0,4.0,3.0,6.0,1.0,3.0,,4.0,7.0,6.0,3.0,4.0,8.0,10.0,6.0,8.0,5.0,6.0,3.0,4.0,4.0,4.0,9.0,8.0,8.0,2.0,1.0,3.0,8.0,6.0,3,9.0,10,1
2008-08-19,53663,,11,1,4911.0,90274810,UIL,U I L HOLDINGS CORP,UIL,221111.0,N,A,R,21819,1,4931.0,90274810.0,,,49.0,493.0,,,,,,,34.0,0.000883,25214.0,1.0,33.75,857276.0,UIL,8.0,8.0,1.0,,4.0,10,1.0,1.0,5.0,8.0,5.0,3.0,2.0,9.0,5.0,9.0,6.0,2.0,3.0,1.0,3.0,7.0,4.0,3.0,6.0,1.0,3.0,,4.0,7.0,6.0,3.0,4.0,8.0,10.0,6.0,8.0,5.0,6.0,3.0,4.0,4.0,4.0,9.0,8.0,8.0,2.0,1.0,3.0,8.0,6.0,3,9.0,10,1
2008-08-20,53663,,11,1,4911.0,90274810,UIL,U I L HOLDINGS CORP,UIL,221111.0,N,A,R,21819,1,4931.0,90274810.0,,,49.0,493.0,,,,,,,33.96,-0.001176,25214.0,1.0,34.1,856267.44,UIL,8.0,8.0,1.0,,4.0,10,1.0,1.0,5.0,8.0,5.0,3.0,2.0,9.0,5.0,9.0,6.0,2.0,3.0,1.0,3.0,7.0,4.0,3.0,6.0,1.0,3.0,,4.0,7.0,6.0,3.0,4.0,8.0,10.0,6.0,8.0,5.0,6.0,3.0,4.0,4.0,4.0,9.0,8.0,8.0,2.0,1.0,3.0,8.0,6.0,3,9.0,10,1
2008-08-21,53663,,11,1,4911.0,90274810,UIL,U I L HOLDINGS CORP,UIL,221111.0,N,A,R,21819,1,4931.0,90274810.0,,,49.0,493.0,,,,,,,33.71,-0.007362,25214.0,1.0,33.77,849963.94,UIL,8.0,8.0,1.0,,4.0,10,1.0,1.0,5.0,8.0,5.0,3.0,2.0,9.0,5.0,9.0,6.0,2.0,3.0,1.0,3.0,7.0,4.0,3.0,6.0,1.0,3.0,,4.0,7.0,6.0,3.0,4.0,8.0,10.0,6.0,8.0,5.0,6.0,3.0,4.0,4.0,4.0,9.0,8.0,8.0,2.0,1.0,3.0,8.0,6.0,3,9.0,10,1
2008-08-22,53663,,11,1,4911.0,90274810,UIL,U I L HOLDINGS CORP,UIL,221111.0,N,A,R,21819,1,4931.0,90274810.0,,,49.0,493.0,,,,,,,33.69,-0.000593,25214.0,1.0,33.75,849459.66,UIL,8.0,8.0,1.0,,4.0,10,1.0,1.0,5.0,8.0,5.0,3.0,2.0,9.0,5.0,9.0,6.0,2.0,3.0,1.0,3.0,7.0,4.0,3.0,6.0,1.0,3.0,,4.0,7.0,6.0,3.0,4.0,8.0,10.0,6.0,8.0,5.0,6.0,3.0,4.0,4.0,4.0,9.0,8.0,8.0,2.0,1.0,3.0,8.0,6.0,3,9.0,10,1
2008-08-25,53663,,11,1,4911.0,90274810,UIL,U I L HOLDINGS CORP,UIL,221111.0,N,A,R,21819,1,4931.0,90274810.0,,,49.0,493.0,,,,,,,33.21,-0.014248,25214.0,1.0,33.65,837356.94,UIL,8.0,8.0,1.0,,4.0,10,1.0,1.0,5.0,8.0,5.0,3.0,2.0,9.0,5.0,9.0,6.0,2.0,3.0,1.0,3.0,7.0,4.0,3.0,6.0,1.0,3.0,,4.0,7.0,6.0,3.0,4.0,8.0,10.0,6.0,8.0,5.0,6.0,3.0,4.0,4.0,4.0,9.0,8.0,8.0,2.0,1.0,3.0,8.0,6.0,3,9.0,10,1
2008-08-26,53663,,11,1,4911.0,90274810,UIL,U I L HOLDINGS CORP,UIL,221111.0,N,A,R,21819,1,4931.0,90274810.0,,,49.0,493.0,,,,,,,32.85,-0.01084,25214.0,1.0,33.21,828279.9,UIL,8.0,8.0,1.0,,4.0,10,1.0,1.0,5.0,8.0,5.0,3.0,2.0,9.0,5.0,9.0,6.0,2.0,3.0,1.0,3.0,7.0,4.0,3.0,6.0,1.0,3.0,,4.0,7.0,6.0,3.0,4.0,8.0,10.0,6.0,8.0,5.0,6.0,3.0,4.0,4.0,4.0,9.0,8.0,8.0,2.0,1.0,3.0,8.0,6.0,3,9.0,10,1
2008-08-27,53663,,11,1,4911.0,90274810,UIL,U I L HOLDINGS CORP,UIL,221111.0,N,A,R,21819,1,4931.0,90274810.0,,,49.0,493.0,,,,,,,32.99,0.004262,25214.0,1.0,32.85,831809.86,UIL,8.0,8.0,1.0,,4.0,10,1.0,1.0,5.0,8.0,5.0,3.0,2.0,9.0,5.0,9.0,6.0,2.0,3.0,1.0,3.0,7.0,4.0,3.0,6.0,1.0,3.0,,4.0,7.0,6.0,3.0,4.0,8.0,10.0,6.0,8.0,5.0,6.0,3.0,4.0,4.0,4.0,9.0,8.0,8.0,2.0,1.0,3.0,8.0,6.0,3,9.0,10,1
2008-08-28,53663,,11,1,4911.0,90274810,UIL,U I L HOLDINGS CORP,UIL,221111.0,N,A,R,21819,1,4931.0,90274810.0,,,49.0,493.0,,,,,,,33.01,0.000606,25214.0,1.0,32.98,832314.14,UIL,8.0,8.0,1.0,,4.0,10,1.0,1.0,5.0,8.0,5.0,3.0,2.0,9.0,5.0,9.0,6.0,2.0,3.0,1.0,3.0,7.0,4.0,3.0,6.0,1.0,3.0,,4.0,7.0,6.0,3.0,4.0,8.0,10.0,6.0,8.0,5.0,6.0,3.0,4.0,4.0,4.0,9.0,8.0,8.0,2.0,1.0,3.0,8.0,6.0,3,9.0,10,1
2008-08-29,53663,,11,1,4911.0,90274810,UIL,U I L HOLDINGS CORP,UIL,221111.0,N,A,R,21819,1,4931.0,90274810.0,,,49.0,493.0,,,,,,,32.6,-0.01242,25250.0,1.0,32.93,823150.0,UIL,8.0,8.0,1.0,,4.0,10,1.0,1.0,5.0,8.0,5.0,3.0,2.0,9.0,5.0,9.0,6.0,2.0,3.0,1.0,3.0,7.0,4.0,3.0,6.0,1.0,3.0,,4.0,7.0,6.0,3.0,4.0,8.0,10.0,6.0,8.0,5.0,6.0,3.0,4.0,4.0,4.0,9.0,8.0,8.0,2.0,1.0,3.0,8.0,6.0,3,9.0,10,1
2008-09-02,53663,,11,1,4911.0,90274810,UIL,U I L HOLDINGS CORP,UIL,221111.0,N,A,R,21819,1,4931.0,90274810.0,,,49.0,493.0,,,,,,,32.76,0.004908,25250.0,1.0,33.07,827190.0,UIL,8.0,8.0,1.0,,4.0,10,1.0,1.0,5.0,8.0,5.0,3.0,2.0,9.0,5.0,9.0,6.0,2.0,3.0,1.0,3.0,7.0,4.0,3.0,6.0,1.0,3.0,,5.0,6.0,8.0,4.0,4.0,8.0,9.0,5.0,8.0,5.0,6.0,4.0,6.0,4.0,5.0,9.0,8.0,6.0,4.0,3.0,4.0,9.0,6.0,3,10.0,10,1
2008-09-03,53663,,11,1,4911.0,90274810,UIL,U I L HOLDINGS CORP,UIL,221111.0,N,A,R,21819,1,4931.0,90274810.0,,,49.0,493.0,,,,,,,32.5,-0.007936,25250.0,1.0,32.65,820625.0,UIL,8.0,8.0,1.0,,4.0,10,1.0,1.0,5.0,8.0,5.0,3.0,2.0,9.0,5.0,9.0,6.0,2.0,3.0,1.0,3.0,7.0,4.0,3.0,6.0,1.0,3.0,,5.0,6.0,8.0,4.0,4.0,8.0,9.0,5.0,8.0,5.0,6.0,4.0,6.0,4.0,5.0,9.0,8.0,6.0,4.0,3.0,4.0,9.0,6.0,3,10.0,10,1
2008-09-04,53663,,11,1,4911.0,90274810,UIL,U I L HOLDINGS CORP,UIL,221111.0,N,A,R,21819,1,4931.0,90274810.0,,,49.0,493.0,,,,,,,32.07,-0.013231,25250.0,1.0,32.35,809767.5,UIL,8.0,8.0,1.0,,4.0,10,1.0,1.0,5.0,8.0,5.0,3.0,2.0,9.0,5.0,9.0,6.0,2.0,3.0,1.0,3.0,7.0,4.0,3.0,6.0,1.0,3.0,,5.0,6.0,8.0,4.0,4.0,8.0,9.0,5.0,8.0,5.0,6.0,4.0,6.0,4.0,5.0,9.0,8.0,6.0,4.0,3.0,4.0,9.0,6.0,3,10.0,10,1
2008-09-05,53663,,11,1,4911.0,90274810,UIL,U I L HOLDINGS CORP,UIL,221111.0,N,A,R,21819,1,4931.0,90274810.0,,,49.0,493.0,,,,,,,31.51,-0.017462,25250.0,1.0,32.05,795627.5,UIL,8.0,8.0,1.0,,4.0,10,1.0,1.0,5.0,8.0,5.0,3.0,2.0,9.0,5.0,9.0,6.0,2.0,3.0,1.0,3.0,7.0,4.0,3.0,6.0,1.0,3.0,,5.0,6.0,8.0,4.0,4.0,8.0,9.0,5.0,8.0,5.0,6.0,4.0,6.0,4.0,5.0,9.0,8.0,6.0,4.0,3.0,4.0,9.0,6.0,3,10.0,10,1
2008-09-08,53663,,11,1,4911.0,90274810,UIL,U I L HOLDINGS CORP,UIL,221111.0,N,A,R,21819,1,4931.0,90274810.0,,,49.0,493.0,,,,,,,32.48,0.030784,25250.0,1.0,32.01,820120.0,UIL,8.0,8.0,1.0,,4.0,10,1.0,1.0,5.0,8.0,5.0,3.0,2.0,9.0,5.0,9.0,6.0,2.0,3.0,1.0,3.0,7.0,4.0,3.0,6.0,1.0,3.0,,5.0,6.0,8.0,4.0,4.0,8.0,9.0,5.0,8.0,5.0,6.0,4.0,6.0,4.0,5.0,9.0,8.0,6.0,4.0,3.0,4.0,9.0,6.0,3,10.0,10,1
2008-09-09,53663,,11,1,4911.0,90274810,UIL,U I L HOLDINGS CORP,UIL,221111.0,N,A,R,21819,1,4931.0,90274810.0,,,49.0,493.0,,,,,,,32.06,-0.012931,25250.0,1.0,32.56,809515.0,UIL,8.0,8.0,1.0,,4.0,10,1.0,1.0,5.0,8.0,5.0,3.0,2.0,9.0,5.0,9.0,6.0,2.0,3.0,1.0,3.0,7.0,4.0,3.0,6.0,1.0,3.0,,5.0,6.0,8.0,4.0,4.0,8.0,9.0,5.0,8.0,5.0,6.0,4.0,6.0,4.0,5.0,9.0,8.0,6.0,4.0,3.0,4.0,9.0,6.0,3,10.0,10,1
2008-09-10,53663,,11,1,4911.0,90274810,UIL,U I L HOLDINGS CORP,UIL,221111.0,N,A,R,21819,1,4931.0,90274810.0,,,49.0,493.0,1232.0,0.432,0.0,,,,31.87,0.007548,25250.0,1.0,31.93,804717.5,UIL,8.0,8.0,1.0,,4.0,10,1.0,1.0,5.0,8.0,5.0,3.0,2.0,9.0,5.0,9.0,6.0,2.0,3.0,1.0,3.0,7.0,4.0,3.0,6.0,1.0,3.0,,5.0,6.0,8.0,4.0,4.0,8.0,9.0,5.0,8.0,5.0,6.0,4.0,6.0,4.0,5.0,9.0,8.0,6.0,4.0,3.0,4.0,9.0,6.0,3,10.0,10,1
2008-09-11,53663,,11,1,4911.0,90274810,UIL,U I L HOLDINGS CORP,UIL,221111.0,N,A,R,21819,1,4931.0,90274810.0,,,49.0,493.0,,,,,,,31.8,-0.002196,25250.0,1.0,31.86,802950.0,UIL,8.0,8.0,1.0,,4.0,10,1.0,1.0,5.0,8.0,5.0,3.0,2.0,9.0,5.0,9.0,6.0,2.0,3.0,1.0,3.0,7.0,4.0,3.0,6.0,1.0,3.0,,5.0,6.0,8.0,4.0,4.0,8.0,9.0,5.0,8.0,5.0,6.0,4.0,6.0,4.0,5.0,9.0,8.0,6.0,4.0,3.0,4.0,9.0,6.0,3,10.0,10,1
2008-09-12,53663,,11,1,4911.0,90274810,UIL,U I L HOLDINGS CORP,UIL,221111.0,N,A,R,21819,1,4931.0,90274810.0,,,49.0,493.0,,,,,,,32.44,0.020126,25250.0,1.0,31.76,819110.0,UIL,8.0,8.0,1.0,,4.0,10,1.0,1.0,5.0,8.0,5.0,3.0,2.0,9.0,5.0,9.0,6.0,2.0,3.0,1.0,3.0,7.0,4.0,3.0,6.0,1.0,3.0,,5.0,6.0,8.0,4.0,4.0,8.0,9.0,5.0,8.0,5.0,6.0,4.0,6.0,4.0,5.0,9.0,8.0,6.0,4.0,3.0,4.0,9.0,6.0,3,10.0,10,1
2008-09-15,53663,,11,1,4911.0,90274810,UIL,U I L HOLDINGS CORP,UIL,221111.0,N,A,R,21819,1,4931.0,90274810.0,,,49.0,493.0,,,,,,,31.87,-0.017571,25250.0,1.0,32.19,804717.5,UIL,8.0,8.0,1.0,,4.0,10,1.0,1.0,5.0,8.0,5.0,3.0,2.0,9.0,5.0,9.0,6.0,2.0,3.0,1.0,3.0,7.0,4.0,3.0,6.0,1.0,3.0,,5.0,6.0,8.0,4.0,4.0,8.0,9.0,5.0,8.0,5.0,6.0,4.0,6.0,4.0,5.0,9.0,8.0,6.0,4.0,3.0,4.0,9.0,6.0,3,10.0,10,1
2008-09-16,53663,,11,1,4911.0,90274810,UIL,U I L HOLDINGS CORP,UIL,221111.0,N,A,R,21819,1,4931.0,90274810.0,,,49.0,493.0,,,,,,,32.15,0.008786,25250.0,1.0,31.35,811787.5,UIL,8.0,8.0,1.0,,4.0,10,1.0,1.0,5.0,8.0,5.0,3.0,2.0,9.0,5.0,9.0,6.0,2.0,3.0,1.0,3.0,7.0,4.0,3.0,6.0,1.0,3.0,,5.0,6.0,8.0,4.0,4.0,8.0,9.0,5.0,8.0,5.0,6.0,4.0,6.0,4.0,5.0,9.0,8.0,6.0,4.0,3.0,4.0,9.0,6.0,3,10.0,10,1
2008-09-17,53663,,11,1,4911.0,90274810,UIL,U I L HOLDINGS CORP,UIL,221111.0,N,A,R,21819,1,4931.0,90274810.0,,,49.0,493.0,,,,,,,30.55,-0.049767,25250.0,1.0,31.66,771387.5,UIL,8.0,8.0,1.0,,4.0,10,1.0,1.0,5.0,8.0,5.0,3.0,2.0,9.0,5.0,9.0,6.0,2.0,3.0,1.0,3.0,7.0,4.0,3.0,6.0,1.0,3.0,,5.0,6.0,8.0,4.0,4.0,8.0,9.0,5.0,8.0,5.0,6.0,4.0,6.0,4.0,5.0,9.0,8.0,6.0,4.0,3.0,4.0,9.0,6.0,3,10.0,10,1
2008-09-18,53663,,11,1,4911.0,90274810,UIL,U I L HOLDINGS CORP,UIL,221111.0,N,A,R,21819,1,4931.0,90274810.0,,,49.0,493.0,,,,,,,33.24,0.088052,25250.0,1.0,31.08,839310.0,UIL,8.0,8.0,1.0,,4.0,10,1.0,1.0,5.0,8.0,5.0,3.0,2.0,9.0,5.0,9.0,6.0,2.0,3.0,1.0,3.0,7.0,4.0,3.0,6.0,1.0,3.0,,5.0,6.0,8.0,4.0,4.0,8.0,9.0,5.0,8.0,5.0,6.0,4.0,6.0,4.0,5.0,9.0,8.0,6.0,4.0,3.0,4.0,9.0,6.0,3,10.0,10,1
2008-09-19,53663,,11,1,4911.0,90274810,UIL,U I L HOLDINGS CORP,UIL,221111.0,N,A,R,21819,1,4931.0,90274810.0,,,49.0,493.0,,,,,,,35.3,0.061973,25250.0,1.0,33.55,891325.0,UIL,8.0,8.0,1.0,,4.0,10,1.0,1.0,5.0,8.0,5.0,3.0,2.0,9.0,5.0,9.0,6.0,2.0,3.0,1.0,3.0,7.0,4.0,3.0,6.0,1.0,3.0,,5.0,6.0,8.0,4.0,4.0,8.0,9.0,5.0,8.0,5.0,6.0,4.0,6.0,4.0,5.0,9.0,8.0,6.0,4.0,3.0,4.0,9.0,6.0,3,10.0,10,1
2008-09-22,53663,,11,1,4911.0,90274810,UIL,U I L HOLDINGS CORP,UIL,221111.0,N,A,R,21819,1,4931.0,90274810.0,,,49.0,493.0,,,,,,,34.59,-0.020113,25250.0,1.0,35.41,873397.5,UIL,8.0,8.0,1.0,,4.0,10,1.0,1.0,5.0,8.0,5.0,3.0,2.0,9.0,5.0,9.0,6.0,2.0,3.0,1.0,3.0,7.0,4.0,3.0,6.0,1.0,3.0,,5.0,6.0,8.0,4.0,4.0,8.0,9.0,5.0,8.0,5.0,6.0,4.0,6.0,4.0,5.0,9.0,8.0,6.0,4.0,3.0,4.0,9.0,6.0,3,10.0,10,1
2008-09-23,53663,,11,1,4911.0,90274810,UIL,U I L HOLDINGS CORP,UIL,221111.0,N,A,R,21819,1,4931.0,90274810.0,,,49.0,493.0,,,,,,,34.63,0.001156,25250.0,1.0,34.54,874407.5,UIL,8.0,8.0,1.0,,4.0,10,1.0,1.0,5.0,8.0,5.0,3.0,2.0,9.0,5.0,9.0,6.0,2.0,3.0,1.0,3.0,7.0,4.0,3.0,6.0,1.0,3.0,,5.0,6.0,8.0,4.0,4.0,8.0,9.0,5.0,8.0,5.0,6.0,4.0,6.0,4.0,5.0,9.0,8.0,6.0,4.0,3.0,4.0,9.0,6.0,3,10.0,10,1
2008-09-24,53663,,11,1,4911.0,90274810,UIL,U I L HOLDINGS CORP,UIL,221111.0,N,A,R,21819,1,4931.0,90274810.0,,,49.0,493.0,,,,,,,33.96,-0.019347,25250.0,1.0,34.56,857490.0,UIL,8.0,8.0,1.0,,4.0,10,1.0,1.0,5.0,8.0,5.0,3.0,2.0,9.0,5.0,9.0,6.0,2.0,3.0,1.0,3.0,7.0,4.0,3.0,6.0,1.0,3.0,,5.0,6.0,8.0,4.0,4.0,8.0,9.0,5.0,8.0,5.0,6.0,4.0,6.0,4.0,5.0,9.0,8.0,6.0,4.0,3.0,4.0,9.0,6.0,3,10.0,10,1
2008-09-25,53663,,11,1,4911.0,90274810,UIL,U I L HOLDINGS CORP,UIL,221111.0,N,A,R,21819,1,4931.0,90274810.0,,,49.0,493.0,,,,,,,34.36,0.011779,25250.0,1.0,34.0,867590.0,UIL,8.0,8.0,1.0,,4.0,10,1.0,1.0,5.0,8.0,5.0,3.0,2.0,9.0,5.0,9.0,6.0,2.0,3.0,1.0,3.0,7.0,4.0,3.0,6.0,1.0,3.0,,5.0,6.0,8.0,4.0,4.0,8.0,9.0,5.0,8.0,5.0,6.0,4.0,6.0,4.0,5.0,9.0,8.0,6.0,4.0,3.0,4.0,9.0,6.0,3,10.0,10,1
2008-09-26,53663,,11,1,4911.0,90274810,UIL,U I L HOLDINGS CORP,UIL,221111.0,N,A,R,21819,1,4931.0,90274810.0,,,49.0,493.0,,,,,,,35.0,0.018626,25250.0,1.0,33.81,883750.0,UIL,8.0,8.0,1.0,,4.0,10,1.0,1.0,5.0,8.0,5.0,3.0,2.0,9.0,5.0,9.0,6.0,2.0,3.0,1.0,3.0,7.0,4.0,3.0,6.0,1.0,3.0,,5.0,6.0,8.0,4.0,4.0,8.0,9.0,5.0,8.0,5.0,6.0,4.0,6.0,4.0,5.0,9.0,8.0,6.0,4.0,3.0,4.0,9.0,6.0,3,10.0,10,1
2008-09-29,53663,,11,1,4911.0,90274810,UIL,U I L HOLDINGS CORP,UIL,221111.0,N,A,R,21819,1,4931.0,90274810.0,,,49.0,493.0,,,,,,,34.05,-0.027143,25250.0,1.0,34.57,859762.5,UIL,8.0,8.0,1.0,,4.0,10,1.0,1.0,5.0,8.0,5.0,3.0,2.0,9.0,5.0,9.0,6.0,2.0,3.0,1.0,3.0,7.0,4.0,3.0,6.0,1.0,3.0,,5.0,6.0,8.0,4.0,4.0,8.0,9.0,5.0,8.0,5.0,6.0,4.0,6.0,4.0,5.0,9.0,8.0,6.0,4.0,3.0,4.0,9.0,6.0,3,10.0,10,1
2008-09-30,53663,,11,1,4911.0,90274810,UIL,U I L HOLDINGS CORP,UIL,221111.0,N,A,R,21819,1,4931.0,90274810.0,,,49.0,493.0,,,,,,,34.33,0.008223,25250.0,1.0,34.31,866832.5,UIL,8.0,8.0,1.0,,4.0,10,1.0,1.0,5.0,8.0,5.0,3.0,2.0,9.0,5.0,9.0,6.0,2.0,3.0,1.0,3.0,7.0,4.0,3.0,6.0,1.0,3.0,,5.0,6.0,8.0,4.0,4.0,8.0,9.0,5.0,8.0,5.0,6.0,4.0,6.0,4.0,5.0,9.0,8.0,6.0,4.0,3.0,4.0,9.0,6.0,3,10.0,10,1
2008-10-01,53663,,11,1,4911.0,90274810,UIL,U I L HOLDINGS CORP,UIL,221111.0,N,A,R,21819,1,4931.0,90274810.0,,,49.0,493.0,,,,,,,35.28,0.027672,25250.0,1.0,34.25,890820.0,UIL,8.0,8.0,1.0,,4.0,10,1.0,1.0,5.0,8.0,5.0,3.0,2.0,9.0,5.0,9.0,6.0,2.0,3.0,1.0,3.0,7.0,4.0,3.0,6.0,1.0,3.0,,7.0,5.0,9.0,6.0,5.0,8.0,8.0,5.0,8.0,5.0,6.0,4.0,6.0,4.0,1.0,9.0,8.0,8.0,1.0,1.0,2.0,9.0,7.0,3,9.0,10,1
2008-10-02,53663,,11,1,4911.0,90274810,UIL,U I L HOLDINGS CORP,UIL,221111.0,N,A,R,21819,1,4931.0,90274810.0,,,49.0,493.0,,,,,,,34.91,-0.010487,25250.0,1.0,35.21,881477.5,UIL,8.0,8.0,1.0,,4.0,10,1.0,1.0,5.0,8.0,5.0,3.0,2.0,9.0,5.0,9.0,6.0,2.0,3.0,1.0,3.0,7.0,4.0,3.0,6.0,1.0,3.0,,7.0,5.0,9.0,6.0,5.0,8.0,8.0,5.0,8.0,5.0,6.0,4.0,6.0,4.0,1.0,9.0,8.0,8.0,1.0,1.0,2.0,9.0,7.0,3,9.0,10,1
2008-10-03,53663,,11,1,4911.0,90274810,UIL,U I L HOLDINGS CORP,UIL,221111.0,N,A,R,21819,1,4931.0,90274810.0,,,49.0,493.0,,,,,,,34.26,-0.018619,25250.0,1.0,35.28,865065.0,UIL,8.0,8.0,1.0,,4.0,10,1.0,1.0,5.0,8.0,5.0,3.0,2.0,9.0,5.0,9.0,6.0,2.0,3.0,1.0,3.0,7.0,4.0,3.0,6.0,1.0,3.0,,7.0,5.0,9.0,6.0,5.0,8.0,8.0,5.0,8.0,5.0,6.0,4.0,6.0,4.0,1.0,9.0,8.0,8.0,1.0,1.0,2.0,9.0,7.0,3,9.0,10,1
2008-10-06,53663,,11,1,4911.0,90274810,UIL,U I L HOLDINGS CORP,UIL,221111.0,N,A,R,21819,1,4931.0,90274810.0,,,49.0,493.0,,,,,,,34.45,0.005546,25250.0,1.0,33.82,869862.5,UIL,8.0,8.0,1.0,,4.0,10,1.0,1.0,5.0,8.0,5.0,3.0,2.0,9.0,5.0,9.0,6.0,2.0,3.0,1.0,3.0,7.0,4.0,3.0,6.0,1.0,3.0,,7.0,5.0,9.0,6.0,5.0,8.0,8.0,5.0,8.0,5.0,6.0,4.0,6.0,4.0,1.0,9.0,8.0,8.0,1.0,1.0,2.0,9.0,7.0,3,9.0,10,1
2008-10-07,53663,,11,1,4911.0,90274810,UIL,U I L HOLDINGS CORP,UIL,221111.0,N,A,R,21819,1,4931.0,90274810.0,,,49.0,493.0,,,,,,,33.74,-0.02061,25250.0,1.0,34.83,851935.0,UIL,8.0,8.0,1.0,,4.0,10,1.0,1.0,5.0,8.0,5.0,3.0,2.0,9.0,5.0,9.0,6.0,2.0,3.0,1.0,3.0,7.0,4.0,3.0,6.0,1.0,3.0,,7.0,5.0,9.0,6.0,5.0,8.0,8.0,5.0,8.0,5.0,6.0,4.0,6.0,4.0,1.0,9.0,8.0,8.0,1.0,1.0,2.0,9.0,7.0,3,9.0,10,1
2008-10-08,53663,,11,1,4911.0,90274810,UIL,U I L HOLDINGS CORP,UIL,221111.0,N,A,R,21819,1,4931.0,90274810.0,,,49.0,493.0,,,,,,,32.51,-0.036455,25250.0,1.0,33.15,820877.5,UIL,8.0,8.0,1.0,,4.0,10,1.0,1.0,5.0,8.0,5.0,3.0,2.0,9.0,5.0,9.0,6.0,2.0,3.0,1.0,3.0,7.0,4.0,3.0,6.0,1.0,3.0,,7.0,5.0,9.0,6.0,5.0,8.0,8.0,5.0,8.0,5.0,6.0,4.0,6.0,4.0,1.0,9.0,8.0,8.0,1.0,1.0,2.0,9.0,7.0,3,9.0,10,1
2008-10-09,53663,,11,1,4911.0,90274810,UIL,U I L HOLDINGS CORP,UIL,221111.0,N,A,R,21819,1,4931.0,90274810.0,,,49.0,493.0,,,,,,,29.95,-0.078745,25250.0,1.0,32.53,756237.5,UIL,8.0,8.0,1.0,,4.0,10,1.0,1.0,5.0,8.0,5.0,3.0,2.0,9.0,5.0,9.0,6.0,2.0,3.0,1.0,3.0,7.0,4.0,3.0,6.0,1.0,3.0,,7.0,5.0,9.0,6.0,5.0,8.0,8.0,5.0,8.0,5.0,6.0,4.0,6.0,4.0,1.0,9.0,8.0,8.0,1.0,1.0,2.0,9.0,7.0,3,9.0,10,1
2008-10-10,53663,,11,1,4911.0,90274810,UIL,U I L HOLDINGS CORP,UIL,221111.0,N,A,R,21819,1,4931.0,90274810.0,,,49.0,493.0,,,,,,,31.06,0.037062,25250.0,1.0,29.29,784265.0,UIL,8.0,8.0,1.0,,4.0,10,1.0,1.0,5.0,8.0,5.0,3.0,2.0,9.0,5.0,9.0,6.0,2.0,3.0,1.0,3.0,7.0,4.0,3.0,6.0,1.0,3.0,,7.0,5.0,9.0,6.0,5.0,8.0,8.0,5.0,8.0,5.0,6.0,4.0,6.0,4.0,1.0,9.0,8.0,8.0,1.0,1.0,2.0,9.0,7.0,3,9.0,10,1
2008-10-13,53663,,11,1,4911.0,90274810,UIL,U I L HOLDINGS CORP,UIL,221111.0,N,A,R,21819,1,4931.0,90274810.0,,,49.0,493.0,,,,,,,33.0,0.06246,25250.0,1.0,32.1,833250.0,UIL,8.0,8.0,1.0,,4.0,10,1.0,1.0,5.0,8.0,5.0,3.0,2.0,9.0,5.0,9.0,6.0,2.0,3.0,1.0,3.0,7.0,4.0,3.0,6.0,1.0,3.0,,7.0,5.0,9.0,6.0,5.0,8.0,8.0,5.0,8.0,5.0,6.0,4.0,6.0,4.0,1.0,9.0,8.0,8.0,1.0,1.0,2.0,9.0,7.0,3,9.0,10,1
2008-10-14,53663,,11,1,4911.0,90274810,UIL,U I L HOLDINGS CORP,UIL,221111.0,N,A,R,21819,1,4931.0,90274810.0,,,49.0,493.0,,,,,,,32.7,-0.009091,25250.0,1.0,33.75,825675.0,UIL,8.0,8.0,1.0,,4.0,10,1.0,1.0,5.0,8.0,5.0,3.0,2.0,9.0,5.0,9.0,6.0,2.0,3.0,1.0,3.0,7.0,4.0,3.0,6.0,1.0,3.0,,7.0,5.0,9.0,6.0,5.0,8.0,8.0,5.0,8.0,5.0,6.0,4.0,6.0,4.0,1.0,9.0,8.0,8.0,1.0,1.0,2.0,9.0,7.0,3,9.0,10,1
2008-10-15,53663,,11,1,4911.0,90274810,UIL,U I L HOLDINGS CORP,UIL,221111.0,N,A,R,21819,1,4931.0,90274810.0,,,49.0,493.0,,,,,,,30.2,-0.076453,25250.0,1.0,32.35,762550.0,UIL,8.0,8.0,1.0,,4.0,10,1.0,1.0,5.0,8.0,5.0,3.0,2.0,9.0,5.0,9.0,6.0,2.0,3.0,1.0,3.0,7.0,4.0,3.0,6.0,1.0,3.0,,7.0,5.0,9.0,6.0,5.0,8.0,8.0,5.0,8.0,5.0,6.0,4.0,6.0,4.0,1.0,9.0,8.0,8.0,1.0,1.0,2.0,9.0,7.0,3,9.0,10,1
2008-10-16,53663,,11,1,4911.0,90274810,UIL,U I L HOLDINGS CORP,UIL,221111.0,N,A,R,21819,1,4931.0,90274810.0,,,49.0,493.0,,,,,,,32.77,0.085099,25250.0,1.0,30.38,827442.5,UIL,8.0,8.0,1.0,,4.0,10,1.0,1.0,5.0,8.0,5.0,3.0,2.0,9.0,5.0,9.0,6.0,2.0,3.0,1.0,3.0,7.0,4.0,3.0,6.0,1.0,3.0,,7.0,5.0,9.0,6.0,5.0,8.0,8.0,5.0,8.0,5.0,6.0,4.0,6.0,4.0,1.0,9.0,8.0,8.0,1.0,1.0,2.0,9.0,7.0,3,9.0,10,1
2008-10-17,53663,,11,1,4911.0,90274810,UIL,U I L HOLDINGS CORP,UIL,221111.0,N,A,R,21819,1,4931.0,90274810.0,,,49.0,493.0,,,,,,,31.58,-0.036314,25250.0,1.0,31.92,797395.0,UIL,8.0,8.0,1.0,,4.0,10,1.0,1.0,5.0,8.0,5.0,3.0,2.0,9.0,5.0,9.0,6.0,2.0,3.0,1.0,3.0,7.0,4.0,3.0,6.0,1.0,3.0,,7.0,5.0,9.0,6.0,5.0,8.0,8.0,5.0,8.0,5.0,6.0,4.0,6.0,4.0,1.0,9.0,8.0,8.0,1.0,1.0,2.0,9.0,7.0,3,9.0,10,1
2008-10-20,53663,,11,1,4911.0,90274810,UIL,U I L HOLDINGS CORP,UIL,221111.0,N,A,R,21819,1,4931.0,90274810.0,,,49.0,493.0,,,,,,,33.05,0.046548,25250.0,1.0,31.94,834512.5,UIL,8.0,8.0,1.0,,4.0,10,1.0,1.0,5.0,8.0,5.0,3.0,2.0,9.0,5.0,9.0,6.0,2.0,3.0,1.0,3.0,7.0,4.0,3.0,6.0,1.0,3.0,,7.0,5.0,9.0,6.0,5.0,8.0,8.0,5.0,8.0,5.0,6.0,4.0,6.0,4.0,1.0,9.0,8.0,8.0,1.0,1.0,2.0,9.0,7.0,3,9.0,10,1
2008-10-21,53663,,11,1,4911.0,90274810,UIL,U I L HOLDINGS CORP,UIL,221111.0,N,A,R,21819,1,4931.0,90274810.0,,,49.0,493.0,,,,,,,31.85,-0.036309,25250.0,1.0,32.85,804212.5,UIL,8.0,8.0,1.0,,4.0,10,1.0,1.0,5.0,8.0,5.0,3.0,2.0,9.0,5.0,9.0,6.0,2.0,3.0,1.0,3.0,7.0,4.0,3.0,6.0,1.0,3.0,,7.0,5.0,9.0,6.0,5.0,8.0,8.0,5.0,8.0,5.0,6.0,4.0,6.0,4.0,1.0,9.0,8.0,8.0,1.0,1.0,2.0,9.0,7.0,3,9.0,10,1
2008-10-22,53663,,11,1,4911.0,90274810,UIL,U I L HOLDINGS CORP,UIL,221111.0,N,A,R,21819,1,4931.0,90274810.0,,,49.0,493.0,,,,,,,30.77,-0.033909,25250.0,1.0,31.18,776942.5,UIL,8.0,8.0,1.0,,4.0,10,1.0,1.0,5.0,8.0,5.0,3.0,2.0,9.0,5.0,9.0,6.0,2.0,3.0,1.0,3.0,7.0,4.0,3.0,6.0,1.0,3.0,,7.0,5.0,9.0,6.0,5.0,8.0,8.0,5.0,8.0,5.0,6.0,4.0,6.0,4.0,1.0,9.0,8.0,8.0,1.0,1.0,2.0,9.0,7.0,3,9.0,10,1
2008-10-23,53663,,11,1,4911.0,90274810,UIL,U I L HOLDINGS CORP,UIL,221111.0,N,A,R,21819,1,4931.0,90274810.0,,,49.0,493.0,,,,,,,29.46,-0.042574,25250.0,1.0,31.06,743865.0,UIL,8.0,8.0,1.0,,4.0,10,1.0,1.0,5.0,8.0,5.0,3.0,2.0,9.0,5.0,9.0,6.0,2.0,3.0,1.0,3.0,7.0,4.0,3.0,6.0,1.0,3.0,,7.0,5.0,9.0,6.0,5.0,8.0,8.0,5.0,8.0,5.0,6.0,4.0,6.0,4.0,1.0,9.0,8.0,8.0,1.0,1.0,2.0,9.0,7.0,3,9.0,10,1
2008-10-24,53663,,11,1,4911.0,90274810,UIL,U I L HOLDINGS CORP,UIL,221111.0,N,A,R,21819,1,4931.0,90274810.0,,,49.0,493.0,,,,,,,29.08,-0.012899,25250.0,1.0,27.7,734270.0,UIL,8.0,8.0,1.0,,4.0,10,1.0,1.0,5.0,8.0,5.0,3.0,2.0,9.0,5.0,9.0,6.0,2.0,3.0,1.0,3.0,7.0,4.0,3.0,6.0,1.0,3.0,,7.0,5.0,9.0,6.0,5.0,8.0,8.0,5.0,8.0,5.0,6.0,4.0,6.0,4.0,1.0,9.0,8.0,8.0,1.0,1.0,2.0,9.0,7.0,3,9.0,10,1
2008-10-27,53663,,11,1,4911.0,90274810,UIL,U I L HOLDINGS CORP,UIL,221111.0,N,A,R,21819,1,4931.0,90274810.0,,,49.0,493.0,,,,,,,28.27,-0.027854,25250.0,1.0,28.21,713817.5,UIL,8.0,8.0,1.0,,4.0,10,1.0,1.0,5.0,8.0,5.0,3.0,2.0,9.0,5.0,9.0,6.0,2.0,3.0,1.0,3.0,7.0,4.0,3.0,6.0,1.0,3.0,,7.0,5.0,9.0,6.0,5.0,8.0,8.0,5.0,8.0,5.0,6.0,4.0,6.0,4.0,1.0,9.0,8.0,8.0,1.0,1.0,2.0,9.0,7.0,3,9.0,10,1
2008-10-28,53663,,11,1,4911.0,90274810,UIL,U I L HOLDINGS CORP,UIL,221111.0,N,A,R,21819,1,4931.0,90274810.0,,,49.0,493.0,,,,,,,30.78,0.088787,25250.0,1.0,28.75,777195.0,UIL,8.0,8.0,1.0,,4.0,10,1.0,1.0,5.0,8.0,5.0,3.0,2.0,9.0,5.0,9.0,6.0,2.0,3.0,1.0,3.0,7.0,4.0,3.0,6.0,1.0,3.0,,7.0,5.0,9.0,6.0,5.0,8.0,8.0,5.0,8.0,5.0,6.0,4.0,6.0,4.0,1.0,9.0,8.0,8.0,1.0,1.0,2.0,9.0,7.0,3,9.0,10,1
2008-10-29,53663,,11,1,4911.0,90274810,UIL,U I L HOLDINGS CORP,UIL,221111.0,N,A,R,21819,1,4931.0,90274810.0,,,49.0,493.0,,,,,,,30.99,0.006823,25250.0,1.0,30.84,782497.5,UIL,8.0,8.0,1.0,,4.0,10,1.0,1.0,5.0,8.0,5.0,3.0,2.0,9.0,5.0,9.0,6.0,2.0,3.0,1.0,3.0,7.0,4.0,3.0,6.0,1.0,3.0,,7.0,5.0,9.0,6.0,5.0,8.0,8.0,5.0,8.0,5.0,6.0,4.0,6.0,4.0,1.0,9.0,8.0,8.0,1.0,1.0,2.0,9.0,7.0,3,9.0,10,1
2008-10-30,53663,,11,1,4911.0,90274810,UIL,U I L HOLDINGS CORP,UIL,221111.0,N,A,R,21819,1,4931.0,90274810.0,,,49.0,493.0,,,,,,,32.2,0.039045,25250.0,1.0,31.21,813050.0,UIL,8.0,8.0,1.0,,4.0,10,1.0,1.0,5.0,8.0,5.0,3.0,2.0,9.0,5.0,9.0,6.0,2.0,3.0,1.0,3.0,7.0,4.0,3.0,6.0,1.0,3.0,,7.0,5.0,9.0,6.0,5.0,8.0,8.0,5.0,8.0,5.0,6.0,4.0,6.0,4.0,1.0,9.0,8.0,8.0,1.0,1.0,2.0,9.0,7.0,3,9.0,10,1
2008-10-31,53663,,11,1,4911.0,90274810,UIL,U I L HOLDINGS CORP,UIL,221111.0,N,A,R,21819,1,4931.0,90274810.0,,,49.0,493.0,,,,,,,33.0,0.024845,25250.0,1.0,32.2,833250.0,UIL,8.0,8.0,1.0,,4.0,10,1.0,1.0,5.0,8.0,5.0,3.0,2.0,9.0,5.0,9.0,6.0,2.0,3.0,1.0,3.0,7.0,4.0,3.0,6.0,1.0,3.0,,7.0,5.0,9.0,6.0,5.0,8.0,8.0,5.0,8.0,5.0,6.0,4.0,6.0,4.0,1.0,9.0,8.0,8.0,1.0,1.0,2.0,9.0,7.0,3,9.0,10,1
2008-11-03,53663,,11,1,4911.0,90274810,UIL,U I L HOLDINGS CORP,UIL,221111.0,N,A,R,21819,1,4931.0,90274810.0,,,49.0,493.0,,,,,,,33.0,0.0,25250.0,1.0,33.04,833250.0,UIL,8.0,8.0,1.0,,4.0,10,1.0,1.0,5.0,8.0,5.0,3.0,2.0,9.0,5.0,9.0,6.0,2.0,3.0,1.0,3.0,7.0,4.0,3.0,6.0,1.0,3.0,,9.0,7.0,10.0,8.0,5.0,9.0,7.0,4.0,6.0,5.0,6.0,4.0,5.0,4.0,1.0,10.0,8.0,8.0,3.0,3.0,4.0,9.0,8.0,3,9.0,10,1
2008-11-04,53663,,11,1,4911.0,90274810,UIL,U I L HOLDINGS CORP,UIL,221111.0,N,A,R,21819,1,4931.0,90274810.0,,,49.0,493.0,,,,,,,32.75,-0.007576,25250.0,1.0,33.15,826937.5,UIL,8.0,8.0,1.0,,4.0,10,1.0,1.0,5.0,8.0,5.0,3.0,2.0,9.0,5.0,9.0,6.0,2.0,3.0,1.0,3.0,7.0,4.0,3.0,6.0,1.0,3.0,,9.0,7.0,10.0,8.0,5.0,9.0,7.0,4.0,6.0,5.0,6.0,4.0,5.0,4.0,1.0,10.0,8.0,8.0,3.0,3.0,4.0,9.0,8.0,3,9.0,10,1
2008-11-05,53663,,11,1,4911.0,90274810,UIL,U I L HOLDINGS CORP,UIL,221111.0,N,A,R,21819,1,4931.0,90274810.0,,,49.0,493.0,,,,,,,31.52,-0.037557,25250.0,1.0,32.82,795880.0,UIL,8.0,8.0,1.0,,4.0,10,1.0,1.0,5.0,8.0,5.0,3.0,2.0,9.0,5.0,9.0,6.0,2.0,3.0,1.0,3.0,7.0,4.0,3.0,6.0,1.0,3.0,,9.0,7.0,10.0,8.0,5.0,9.0,7.0,4.0,6.0,5.0,6.0,4.0,5.0,4.0,1.0,10.0,8.0,8.0,3.0,3.0,4.0,9.0,8.0,3,9.0,10,1
2008-11-06,53663,,11,1,4911.0,90274810,UIL,U I L HOLDINGS CORP,UIL,221111.0,N,A,R,21819,1,4931.0,90274810.0,,,49.0,493.0,,,,,,,31.58,0.001904,25250.0,1.0,31.5,797395.0,UIL,8.0,8.0,1.0,,4.0,10,1.0,1.0,5.0,8.0,5.0,3.0,2.0,9.0,5.0,9.0,6.0,2.0,3.0,1.0,3.0,7.0,4.0,3.0,6.0,1.0,3.0,,9.0,7.0,10.0,8.0,5.0,9.0,7.0,4.0,6.0,5.0,6.0,4.0,5.0,4.0,1.0,10.0,8.0,8.0,3.0,3.0,4.0,9.0,8.0,3,9.0,10,1
2008-11-07,53663,,11,1,4911.0,90274810,UIL,U I L HOLDINGS CORP,UIL,221111.0,N,A,R,21819,1,4931.0,90274810.0,,,49.0,493.0,,,,,,,32.31,0.023116,25250.0,1.0,31.89,815827.5,UIL,8.0,8.0,1.0,,4.0,10,1.0,1.0,5.0,8.0,5.0,3.0,2.0,9.0,5.0,9.0,6.0,2.0,3.0,1.0,3.0,7.0,4.0,3.0,6.0,1.0,3.0,,9.0,7.0,10.0,8.0,5.0,9.0,7.0,4.0,6.0,5.0,6.0,4.0,5.0,4.0,1.0,10.0,8.0,8.0,3.0,3.0,4.0,9.0,8.0,3,9.0,10,1
2008-11-10,53663,,11,1,4911.0,90274810,UIL,U I L HOLDINGS CORP,UIL,221111.0,N,A,R,21819,1,4931.0,90274810.0,,,49.0,493.0,,,,,,,31.66,-0.020118,25250.0,1.0,32.79,799415.0,UIL,8.0,8.0,1.0,,4.0,10,1.0,1.0,5.0,8.0,5.0,3.0,2.0,9.0,5.0,9.0,6.0,2.0,3.0,1.0,3.0,7.0,4.0,3.0,6.0,1.0,3.0,,9.0,7.0,10.0,8.0,5.0,9.0,7.0,4.0,6.0,5.0,6.0,4.0,5.0,4.0,1.0,10.0,8.0,8.0,3.0,3.0,4.0,9.0,8.0,3,9.0,10,1
2008-11-11,53663,,11,1,4911.0,90274810,UIL,U I L HOLDINGS CORP,UIL,221111.0,N,A,R,21819,1,4931.0,90274810.0,,,49.0,493.0,,,,,,,31.49,-0.00537,25250.0,1.0,31.48,795122.5,UIL,8.0,8.0,1.0,,4.0,10,1.0,1.0,5.0,8.0,5.0,3.0,2.0,9.0,5.0,9.0,6.0,2.0,3.0,1.0,3.0,7.0,4.0,3.0,6.0,1.0,3.0,,9.0,7.0,10.0,8.0,5.0,9.0,7.0,4.0,6.0,5.0,6.0,4.0,5.0,4.0,1.0,10.0,8.0,8.0,3.0,3.0,4.0,9.0,8.0,3,9.0,10,1
2008-11-12,53663,,11,1,4911.0,90274810,UIL,U I L HOLDINGS CORP,UIL,221111.0,N,A,R,21819,1,4931.0,90274810.0,,,49.0,493.0,,,,,,,30.64,-0.026993,25250.0,1.0,31.09,773660.0,UIL,8.0,8.0,1.0,,4.0,10,1.0,1.0,5.0,8.0,5.0,3.0,2.0,9.0,5.0,9.0,6.0,2.0,3.0,1.0,3.0,7.0,4.0,3.0,6.0,1.0,3.0,,9.0,7.0,10.0,8.0,5.0,9.0,7.0,4.0,6.0,5.0,6.0,4.0,5.0,4.0,1.0,10.0,8.0,8.0,3.0,3.0,4.0,9.0,8.0,3,9.0,10,1
2008-11-13,53663,,11,1,4911.0,90274810,UIL,U I L HOLDINGS CORP,UIL,221111.0,N,A,R,21819,1,4931.0,90274810.0,,,49.0,493.0,,,,,,,32.14,0.048956,25250.0,1.0,30.79,811535.0,UIL,8.0,8.0,1.0,,4.0,10,1.0,1.0,5.0,8.0,5.0,3.0,2.0,9.0,5.0,9.0,6.0,2.0,3.0,1.0,3.0,7.0,4.0,3.0,6.0,1.0,3.0,,9.0,7.0,10.0,8.0,5.0,9.0,7.0,4.0,6.0,5.0,6.0,4.0,5.0,4.0,1.0,10.0,8.0,8.0,3.0,3.0,4.0,9.0,8.0,3,9.0,10,1
2008-11-14,53663,,11,1,4911.0,90274810,UIL,U I L HOLDINGS CORP,UIL,221111.0,N,A,R,21819,1,4931.0,90274810.0,,,49.0,493.0,,,,,,,30.64,-0.046671,25250.0,1.0,31.57,773660.0,UIL,8.0,8.0,1.0,,4.0,10,1.0,1.0,5.0,8.0,5.0,3.0,2.0,9.0,5.0,9.0,6.0,2.0,3.0,1.0,3.0,7.0,4.0,3.0,6.0,1.0,3.0,,9.0,7.0,10.0,8.0,5.0,9.0,7.0,4.0,6.0,5.0,6.0,4.0,5.0,4.0,1.0,10.0,8.0,8.0,3.0,3.0,4.0,9.0,8.0,3,9.0,10,1
2008-11-17,53663,,11,1,4911.0,90274810,UIL,U I L HOLDINGS CORP,UIL,221111.0,N,A,R,21819,1,4931.0,90274810.0,,,49.0,493.0,,,,,,,31.23,0.019256,25250.0,1.0,30.51,788557.5,UIL,8.0,8.0,1.0,,4.0,10,1.0,1.0,5.0,8.0,5.0,3.0,2.0,9.0,5.0,9.0,6.0,2.0,3.0,1.0,3.0,7.0,4.0,3.0,6.0,1.0,3.0,,9.0,7.0,10.0,8.0,5.0,9.0,7.0,4.0,6.0,5.0,6.0,4.0,5.0,4.0,1.0,10.0,8.0,8.0,3.0,3.0,4.0,9.0,8.0,3,9.0,10,1
2008-11-18,53663,,11,1,4911.0,90274810,UIL,U I L HOLDINGS CORP,UIL,221111.0,N,A,R,21819,1,4931.0,90274810.0,,,49.0,493.0,,,,,,,30.92,-0.009926,25250.0,1.0,31.25,780730.0,UIL,8.0,8.0,1.0,,4.0,10,1.0,1.0,5.0,8.0,5.0,3.0,2.0,9.0,5.0,9.0,6.0,2.0,3.0,1.0,3.0,7.0,4.0,3.0,6.0,1.0,3.0,,9.0,7.0,10.0,8.0,5.0,9.0,7.0,4.0,6.0,5.0,6.0,4.0,5.0,4.0,1.0,10.0,8.0,8.0,3.0,3.0,4.0,9.0,8.0,3,9.0,10,1
2008-11-19,53663,,11,1,4911.0,90274810,UIL,U I L HOLDINGS CORP,UIL,221111.0,N,A,R,21819,1,4931.0,90274810.0,,,49.0,493.0,,,,,,,29.33,-0.051423,25250.0,1.0,30.66,740582.5,UIL,8.0,8.0,1.0,,4.0,10,1.0,1.0,5.0,8.0,5.0,3.0,2.0,9.0,5.0,9.0,6.0,2.0,3.0,1.0,3.0,7.0,4.0,3.0,6.0,1.0,3.0,,9.0,7.0,10.0,8.0,5.0,9.0,7.0,4.0,6.0,5.0,6.0,4.0,5.0,4.0,1.0,10.0,8.0,8.0,3.0,3.0,4.0,9.0,8.0,3,9.0,10,1
2008-11-20,53663,,11,1,4911.0,90274810,UIL,U I L HOLDINGS CORP,UIL,221111.0,N,A,R,21819,1,4931.0,90274810.0,,,49.0,493.0,,,,,,,27.52,-0.061712,25250.0,1.0,29.04,694880.0,UIL,8.0,8.0,1.0,,4.0,10,1.0,1.0,5.0,8.0,5.0,3.0,2.0,9.0,5.0,9.0,6.0,2.0,3.0,1.0,3.0,7.0,4.0,3.0,6.0,1.0,3.0,,9.0,7.0,10.0,8.0,5.0,9.0,7.0,4.0,6.0,5.0,6.0,4.0,5.0,4.0,1.0,10.0,8.0,8.0,3.0,3.0,4.0,9.0,8.0,3,9.0,10,1
2008-11-21,53663,,11,1,4911.0,90274810,UIL,U I L HOLDINGS CORP,UIL,221111.0,N,A,R,21819,1,4931.0,90274810.0,,,49.0,493.0,,,,,,,28.0,0.017442,25250.0,1.0,27.89,707000.0,UIL,8.0,8.0,1.0,,4.0,10,1.0,1.0,5.0,8.0,5.0,3.0,2.0,9.0,5.0,9.0,6.0,2.0,3.0,1.0,3.0,7.0,4.0,3.0,6.0,1.0,3.0,,9.0,7.0,10.0,8.0,5.0,9.0,7.0,4.0,6.0,5.0,6.0,4.0,5.0,4.0,1.0,10.0,8.0,8.0,3.0,3.0,4.0,9.0,8.0,3,9.0,10,1
2008-11-24,53663,,11,1,4911.0,90274810,UIL,U I L HOLDINGS CORP,UIL,221111.0,N,A,R,21819,1,4931.0,90274810.0,,,49.0,493.0,,,,,,,29.24,0.044286,25250.0,1.0,28.56,738310.0,UIL,8.0,8.0,1.0,,4.0,10,1.0,1.0,5.0,8.0,5.0,3.0,2.0,9.0,5.0,9.0,6.0,2.0,3.0,1.0,3.0,7.0,4.0,3.0,6.0,1.0,3.0,,9.0,7.0,10.0,8.0,5.0,9.0,7.0,4.0,6.0,5.0,6.0,4.0,5.0,4.0,1.0,10.0,8.0,8.0,3.0,3.0,4.0,9.0,8.0,3,9.0,10,1
2008-11-25,53663,,11,1,4911.0,90274810,UIL,U I L HOLDINGS CORP,UIL,221111.0,N,A,R,21819,1,4931.0,90274810.0,,,49.0,493.0,,,,,,,29.39,0.00513,25250.0,1.0,29.5,742097.5,UIL,8.0,8.0,1.0,,4.0,10,1.0,1.0,5.0,8.0,5.0,3.0,2.0,9.0,5.0,9.0,6.0,2.0,3.0,1.0,3.0,7.0,4.0,3.0,6.0,1.0,3.0,,9.0,7.0,10.0,8.0,5.0,9.0,7.0,4.0,6.0,5.0,6.0,4.0,5.0,4.0,1.0,10.0,8.0,8.0,3.0,3.0,4.0,9.0,8.0,3,9.0,10,1
2008-11-26,53663,,11,1,4911.0,90274810,UIL,U I L HOLDINGS CORP,UIL,221111.0,N,A,R,21819,1,4931.0,90274810.0,,,49.0,493.0,,,,,,,29.34,-0.001701,25250.0,1.0,28.21,740835.0,UIL,8.0,8.0,1.0,,4.0,10,1.0,1.0,5.0,8.0,5.0,3.0,2.0,9.0,5.0,9.0,6.0,2.0,3.0,1.0,3.0,7.0,4.0,3.0,6.0,1.0,3.0,,9.0,7.0,10.0,8.0,5.0,9.0,7.0,4.0,6.0,5.0,6.0,4.0,5.0,4.0,1.0,10.0,8.0,8.0,3.0,3.0,4.0,9.0,8.0,3,9.0,10,1
2008-11-28,53663,,11,1,4911.0,90274810,UIL,U I L HOLDINGS CORP,UIL,221111.0,N,A,R,21819,1,4931.0,90274810.0,,,49.0,493.0,,,,,,,29.79,0.015337,25258.0,1.0,29.12,752435.82,UIL,8.0,8.0,1.0,,4.0,10,1.0,1.0,5.0,8.0,5.0,3.0,2.0,9.0,5.0,9.0,6.0,2.0,3.0,1.0,3.0,7.0,4.0,3.0,6.0,1.0,3.0,,9.0,7.0,10.0,8.0,5.0,9.0,7.0,4.0,6.0,5.0,6.0,4.0,5.0,4.0,1.0,10.0,8.0,8.0,3.0,3.0,4.0,9.0,8.0,3,9.0,10,1
2008-12-01,53663,,11,1,4911.0,90274810,UIL,U I L HOLDINGS CORP,UIL,221111.0,N,A,R,21819,1,4931.0,90274810.0,,,49.0,493.0,,,,,,,27.2,-0.086942,25258.0,1.0,29.16,687017.6,UIL,8.0,8.0,1.0,,4.0,10,1.0,1.0,5.0,8.0,5.0,3.0,2.0,9.0,5.0,9.0,6.0,2.0,3.0,1.0,3.0,7.0,4.0,3.0,6.0,1.0,3.0,,10.0,9.0,10.0,9.0,5.0,9.0,4.0,4.0,6.0,5.0,6.0,6.0,9.0,6.0,5.0,10.0,9.0,6.0,7.0,9.0,10.0,9.0,8.0,3,9.0,10,1
2008-12-02,53663,,11,1,4911.0,90274810,UIL,U I L HOLDINGS CORP,UIL,221111.0,N,A,R,21819,1,4931.0,90274810.0,,,49.0,493.0,,,,,,,28.64,0.052941,25258.0,1.0,27.79,723389.12,UIL,8.0,8.0,1.0,,4.0,10,1.0,1.0,5.0,8.0,5.0,3.0,2.0,9.0,5.0,9.0,6.0,2.0,3.0,1.0,3.0,7.0,4.0,3.0,6.0,1.0,3.0,,10.0,9.0,10.0,9.0,5.0,9.0,4.0,4.0,6.0,5.0,6.0,6.0,9.0,6.0,5.0,10.0,9.0,6.0,7.0,9.0,10.0,9.0,8.0,3,9.0,10,1
2008-12-03,53663,,11,1,4911.0,90274810,UIL,U I L HOLDINGS CORP,UIL,221111.0,N,A,R,21819,1,4931.0,90274810.0,,,49.0,493.0,,,,,,,29.32,0.023743,25258.0,1.0,28.21,740564.56,UIL,8.0,8.0,1.0,,4.0,10,1.0,1.0,5.0,8.0,5.0,3.0,2.0,9.0,5.0,9.0,6.0,2.0,3.0,1.0,3.0,7.0,4.0,3.0,6.0,1.0,3.0,,10.0,9.0,10.0,9.0,5.0,9.0,4.0,4.0,6.0,5.0,6.0,6.0,9.0,6.0,5.0,10.0,9.0,6.0,7.0,9.0,10.0,9.0,8.0,3,9.0,10,1
2008-12-04,53663,,11,1,4911.0,90274810,UIL,U I L HOLDINGS CORP,UIL,221111.0,N,A,R,21819,1,4931.0,90274810.0,,,49.0,493.0,,,,,,,28.03,-0.043997,25258.0,1.0,29.09,707981.74,UIL,8.0,8.0,1.0,,4.0,10,1.0,1.0,5.0,8.0,5.0,3.0,2.0,9.0,5.0,9.0,6.0,2.0,3.0,1.0,3.0,7.0,4.0,3.0,6.0,1.0,3.0,,10.0,9.0,10.0,9.0,5.0,9.0,4.0,4.0,6.0,5.0,6.0,6.0,9.0,6.0,5.0,10.0,9.0,6.0,7.0,9.0,10.0,9.0,8.0,3,9.0,10,1
2008-12-05,53663,,11,1,4911.0,90274810,UIL,U I L HOLDINGS CORP,UIL,221111.0,N,A,R,21819,1,4931.0,90274810.0,,,49.0,493.0,,,,,,,29.28,0.044595,25258.0,1.0,27.46,739554.24,UIL,8.0,8.0,1.0,,4.0,10,1.0,1.0,5.0,8.0,5.0,3.0,2.0,9.0,5.0,9.0,6.0,2.0,3.0,1.0,3.0,7.0,4.0,3.0,6.0,1.0,3.0,,10.0,9.0,10.0,9.0,5.0,9.0,4.0,4.0,6.0,5.0,6.0,6.0,9.0,6.0,5.0,10.0,9.0,6.0,7.0,9.0,10.0,9.0,8.0,3,9.0,10,1
2008-12-08,53663,,11,1,4911.0,90274810,UIL,U I L HOLDINGS CORP,UIL,221111.0,N,A,R,21819,1,4931.0,90274810.0,,,49.0,493.0,,,,,,,29.41,0.00444,25258.0,1.0,29.99,742837.78,UIL,8.0,8.0,1.0,,4.0,10,1.0,1.0,5.0,8.0,5.0,3.0,2.0,9.0,5.0,9.0,6.0,2.0,3.0,1.0,3.0,7.0,4.0,3.0,6.0,1.0,3.0,,10.0,9.0,10.0,9.0,5.0,9.0,4.0,4.0,6.0,5.0,6.0,6.0,9.0,6.0,5.0,10.0,9.0,6.0,7.0,9.0,10.0,9.0,8.0,3,9.0,10,1
2008-12-09,53663,,11,1,4911.0,90274810,UIL,U I L HOLDINGS CORP,UIL,221111.0,N,A,R,21819,1,4931.0,90274810.0,,,49.0,493.0,,,,,,,29.37,-0.00136,25258.0,1.0,29.21,741827.46,UIL,8.0,8.0,1.0,,4.0,10,1.0,1.0,5.0,8.0,5.0,3.0,2.0,9.0,5.0,9.0,6.0,2.0,3.0,1.0,3.0,7.0,4.0,3.0,6.0,1.0,3.0,,10.0,9.0,10.0,9.0,5.0,9.0,4.0,4.0,6.0,5.0,6.0,6.0,9.0,6.0,5.0,10.0,9.0,6.0,7.0,9.0,10.0,9.0,8.0,3,9.0,10,1
2008-12-10,53663,,11,1,4911.0,90274810,UIL,U I L HOLDINGS CORP,UIL,221111.0,N,A,R,21819,1,4931.0,90274810.0,,,49.0,493.0,1232.0,0.432,0.0,,,,29.2,0.008921,25258.0,1.0,29.46,737533.6,UIL,8.0,8.0,1.0,,4.0,10,1.0,1.0,5.0,8.0,5.0,3.0,2.0,9.0,5.0,9.0,6.0,2.0,3.0,1.0,3.0,7.0,4.0,3.0,6.0,1.0,3.0,,10.0,9.0,10.0,9.0,5.0,9.0,4.0,4.0,6.0,5.0,6.0,6.0,9.0,6.0,5.0,10.0,9.0,6.0,7.0,9.0,10.0,9.0,8.0,3,9.0,10,1
2008-12-11,53663,,11,1,4911.0,90274810,UIL,U I L HOLDINGS CORP,UIL,221111.0,N,A,R,21819,1,4931.0,90274810.0,,,49.0,493.0,,,,,,,28.78,-0.014384,25258.0,1.0,28.84,726925.24,UIL,8.0,8.0,1.0,,4.0,10,1.0,1.0,5.0,8.0,5.0,3.0,2.0,9.0,5.0,9.0,6.0,2.0,3.0,1.0,3.0,7.0,4.0,3.0,6.0,1.0,3.0,,10.0,9.0,10.0,9.0,5.0,9.0,4.0,4.0,6.0,5.0,6.0,6.0,9.0,6.0,5.0,10.0,9.0,6.0,7.0,9.0,10.0,9.0,8.0,3,9.0,10,1
2008-12-12,53663,,11,1,4911.0,90274810,UIL,U I L HOLDINGS CORP,UIL,221111.0,N,A,R,21819,1,4931.0,90274810.0,,,49.0,493.0,,,,,,,29.84,0.036831,25258.0,1.0,28.56,753698.72,UIL,8.0,8.0,1.0,,4.0,10,1.0,1.0,5.0,8.0,5.0,3.0,2.0,9.0,5.0,9.0,6.0,2.0,3.0,1.0,3.0,7.0,4.0,3.0,6.0,1.0,3.0,,10.0,9.0,10.0,9.0,5.0,9.0,4.0,4.0,6.0,5.0,6.0,6.0,9.0,6.0,5.0,10.0,9.0,6.0,7.0,9.0,10.0,9.0,8.0,3,9.0,10,1
2008-12-15,53663,,11,1,4911.0,90274810,UIL,U I L HOLDINGS CORP,UIL,221111.0,N,A,R,21819,1,4931.0,90274810.0,,,49.0,493.0,,,,,,,28.38,-0.048928,25258.0,1.0,29.91,716822.04,UIL,8.0,8.0,1.0,,4.0,10,1.0,1.0,5.0,8.0,5.0,3.0,2.0,9.0,5.0,9.0,6.0,2.0,3.0,1.0,3.0,7.0,4.0,3.0,6.0,1.0,3.0,,10.0,9.0,10.0,9.0,5.0,9.0,4.0,4.0,6.0,5.0,6.0,6.0,9.0,6.0,5.0,10.0,9.0,6.0,7.0,9.0,10.0,9.0,8.0,3,9.0,10,1
2008-12-16,53663,,11,1,4911.0,90274810,UIL,U I L HOLDINGS CORP,UIL,221111.0,N,A,R,21819,1,4931.0,90274810.0,,,49.0,493.0,,,,,,,30.16,0.06272,25258.0,1.0,28.74,761781.28,UIL,8.0,8.0,1.0,,4.0,10,1.0,1.0,5.0,8.0,5.0,3.0,2.0,9.0,5.0,9.0,6.0,2.0,3.0,1.0,3.0,7.0,4.0,3.0,6.0,1.0,3.0,,10.0,9.0,10.0,9.0,5.0,9.0,4.0,4.0,6.0,5.0,6.0,6.0,9.0,6.0,5.0,10.0,9.0,6.0,7.0,9.0,10.0,9.0,8.0,3,9.0,10,1
2008-12-17,53663,,11,1,4911.0,90274810,UIL,U I L HOLDINGS CORP,UIL,221111.0,N,A,R,21819,1,4931.0,90274810.0,,,49.0,493.0,,,,,,,29.97,-0.0063,25258.0,1.0,30.05,756982.26,UIL,8.0,8.0,1.0,,4.0,10,1.0,1.0,5.0,8.0,5.0,3.0,2.0,9.0,5.0,9.0,6.0,2.0,3.0,1.0,3.0,7.0,4.0,3.0,6.0,1.0,3.0,,10.0,9.0,10.0,9.0,5.0,9.0,4.0,4.0,6.0,5.0,6.0,6.0,9.0,6.0,5.0,10.0,9.0,6.0,7.0,9.0,10.0,9.0,8.0,3,9.0,10,1
2008-12-18,53663,,11,1,4911.0,90274810,UIL,U I L HOLDINGS CORP,UIL,221111.0,N,A,R,21819,1,4931.0,90274810.0,,,49.0,493.0,,,,,,,29.89,-0.002669,25258.0,1.0,29.99,754961.62,UIL,8.0,8.0,1.0,,4.0,10,1.0,1.0,5.0,8.0,5.0,3.0,2.0,9.0,5.0,9.0,6.0,2.0,3.0,1.0,3.0,7.0,4.0,3.0,6.0,1.0,3.0,,10.0,9.0,10.0,9.0,5.0,9.0,4.0,4.0,6.0,5.0,6.0,6.0,9.0,6.0,5.0,10.0,9.0,6.0,7.0,9.0,10.0,9.0,8.0,3,9.0,10,1
2008-12-19,53663,,11,1,4911.0,90274810,UIL,U I L HOLDINGS CORP,UIL,221111.0,N,A,R,21819,1,4931.0,90274810.0,,,49.0,493.0,,,,,,,29.86,-0.001004,25258.0,1.0,30.27,754203.88,UIL,8.0,8.0,1.0,,4.0,10,1.0,1.0,5.0,8.0,5.0,3.0,2.0,9.0,5.0,9.0,6.0,2.0,3.0,1.0,3.0,7.0,4.0,3.0,6.0,1.0,3.0,,10.0,9.0,10.0,9.0,5.0,9.0,4.0,4.0,6.0,5.0,6.0,6.0,9.0,6.0,5.0,10.0,9.0,6.0,7.0,9.0,10.0,9.0,8.0,3,9.0,10,1
2008-12-22,53663,,11,1,4911.0,90274810,UIL,U I L HOLDINGS CORP,UIL,221111.0,N,A,R,21819,1,4931.0,90274810.0,,,49.0,493.0,,,,,,,29.63,-0.007703,25258.0,1.0,29.86,748394.54,UIL,8.0,8.0,1.0,,4.0,10,1.0,1.0,5.0,8.0,5.0,3.0,2.0,9.0,5.0,9.0,6.0,2.0,3.0,1.0,3.0,7.0,4.0,3.0,6.0,1.0,3.0,,10.0,9.0,10.0,9.0,5.0,9.0,4.0,4.0,6.0,5.0,6.0,6.0,9.0,6.0,5.0,10.0,9.0,6.0,7.0,9.0,10.0,9.0,8.0,3,9.0,10,1
2008-12-23,53663,,11,1,4911.0,90274810,UIL,U I L HOLDINGS CORP,UIL,221111.0,N,A,R,21819,1,4931.0,90274810.0,,,49.0,493.0,,,,,,,28.95,-0.02295,25258.0,1.0,29.8,731219.1,UIL,8.0,8.0,1.0,,4.0,10,1.0,1.0,5.0,8.0,5.0,3.0,2.0,9.0,5.0,9.0,6.0,2.0,3.0,1.0,3.0,7.0,4.0,3.0,6.0,1.0,3.0,,10.0,9.0,10.0,9.0,5.0,9.0,4.0,4.0,6.0,5.0,6.0,6.0,9.0,6.0,5.0,10.0,9.0,6.0,7.0,9.0,10.0,9.0,8.0,3,9.0,10,1
2008-12-24,53663,,11,1,4911.0,90274810,UIL,U I L HOLDINGS CORP,UIL,221111.0,N,A,R,21819,1,4931.0,90274810.0,,,49.0,493.0,,,,,,,29.15,0.006908,25258.0,1.0,28.95,736270.7,UIL,8.0,8.0,1.0,,4.0,10,1.0,1.0,5.0,8.0,5.0,3.0,2.0,9.0,5.0,9.0,6.0,2.0,3.0,1.0,3.0,7.0,4.0,3.0,6.0,1.0,3.0,,10.0,9.0,10.0,9.0,5.0,9.0,4.0,4.0,6.0,5.0,6.0,6.0,9.0,6.0,5.0,10.0,9.0,6.0,7.0,9.0,10.0,9.0,8.0,3,9.0,10,1
2008-12-26,53663,,11,1,4911.0,90274810,UIL,U I L HOLDINGS CORP,UIL,221111.0,N,A,R,21819,1,4931.0,90274810.0,,,49.0,493.0,,,,,,,29.82,0.022985,25258.0,1.0,29.3,753193.56,UIL,8.0,8.0,1.0,,4.0,10,1.0,1.0,5.0,8.0,5.0,3.0,2.0,9.0,5.0,9.0,6.0,2.0,3.0,1.0,3.0,7.0,4.0,3.0,6.0,1.0,3.0,,10.0,9.0,10.0,9.0,5.0,9.0,4.0,4.0,6.0,5.0,6.0,6.0,9.0,6.0,5.0,10.0,9.0,6.0,7.0,9.0,10.0,9.0,8.0,3,9.0,10,1
2008-12-29,53663,,11,1,4911.0,90274810,UIL,U I L HOLDINGS CORP,UIL,221111.0,N,A,R,21819,1,4931.0,90274810.0,,,49.0,493.0,,,,,,,29.44,-0.012743,25258.0,1.0,29.94,743595.52,UIL,8.0,8.0,1.0,,4.0,10,1.0,1.0,5.0,8.0,5.0,3.0,2.0,9.0,5.0,9.0,6.0,2.0,3.0,1.0,3.0,7.0,4.0,3.0,6.0,1.0,3.0,,10.0,9.0,10.0,9.0,5.0,9.0,4.0,4.0,6.0,5.0,6.0,6.0,9.0,6.0,5.0,10.0,9.0,6.0,7.0,9.0,10.0,9.0,8.0,3,9.0,10,1
2008-12-30,53663,,11,1,4911.0,90274810,UIL,U I L HOLDINGS CORP,UIL,221111.0,N,A,R,21819,1,4931.0,90274810.0,,,49.0,493.0,,,,,,,29.82,0.012908,25258.0,1.0,29.74,753193.56,UIL,8.0,8.0,1.0,,4.0,10,1.0,1.0,5.0,8.0,5.0,3.0,2.0,9.0,5.0,9.0,6.0,2.0,3.0,1.0,3.0,7.0,4.0,3.0,6.0,1.0,3.0,,10.0,9.0,10.0,9.0,5.0,9.0,4.0,4.0,6.0,5.0,6.0,6.0,9.0,6.0,5.0,10.0,9.0,6.0,7.0,9.0,10.0,9.0,8.0,3,9.0,10,1
2008-12-31,53663,,11,1,4911.0,90274810,UIL,U I L HOLDINGS CORP,UIL,221111.0,N,A,R,21819,1,4931.0,90274810.0,,,49.0,493.0,,,,,,,30.03,0.007042,25258.0,1.0,30.04,758497.74,UIL,8.0,8.0,1.0,,4.0,10,1.0,1.0,5.0,8.0,5.0,3.0,2.0,9.0,5.0,9.0,6.0,2.0,3.0,1.0,3.0,7.0,4.0,3.0,6.0,1.0,3.0,,10.0,9.0,10.0,9.0,5.0,9.0,4.0,4.0,6.0,5.0,6.0,6.0,9.0,6.0,5.0,10.0,9.0,6.0,7.0,9.0,10.0,9.0,8.0,3,9.0,10,1
2009-01-02,53663,,11,1,4911.0,90274810,UIL,U I L HOLDINGS CORP,UIL,221111.0,N,A,R,21819,1,4931.0,90274810.0,,,49.0,493.0,,,,,,,30.08,0.001665,25258.0,1.0,30.24,759760.64,UIL,8.0,8.0,1.0,,4.0,10,1.0,1.0,5.0,8.0,5.0,3.0,2.0,9.0,5.0,9.0,6.0,2.0,3.0,1.0,3.0,7.0,4.0,3.0,6.0,1.0,3.0,,9.0,6.0,10.0,9.0,5.0,9.0,2.0,4.0,6.0,5.0,5.0,6.0,8.0,6.0,6.0,10.0,9.0,2.0,5.0,4.0,4.0,9.0,8.0,3,9.0,10,1
2009-01-05,53663,,11,1,4911.0,90274810,UIL,U I L HOLDINGS CORP,UIL,221111.0,N,A,R,21819,1,4931.0,90274810.0,,,49.0,493.0,,,,,,,30.0,-0.00266,25258.0,1.0,30.16,757740.0,UIL,8.0,8.0,1.0,,4.0,10,1.0,1.0,5.0,8.0,5.0,3.0,2.0,9.0,5.0,9.0,6.0,2.0,3.0,1.0,3.0,7.0,4.0,3.0,6.0,1.0,3.0,,9.0,6.0,10.0,9.0,5.0,9.0,2.0,4.0,6.0,5.0,5.0,6.0,8.0,6.0,6.0,10.0,9.0,2.0,5.0,4.0,4.0,9.0,8.0,3,9.0,10,1
2009-01-06,53663,,11,1,4911.0,90274810,UIL,U I L HOLDINGS CORP,UIL,221111.0,N,A,R,21819,1,4931.0,90274810.0,,,49.0,493.0,,,,,,,29.96,-0.001333,25258.0,1.0,29.9,756729.68,UIL,8.0,8.0,1.0,,4.0,10,1.0,1.0,5.0,8.0,5.0,3.0,2.0,9.0,5.0,9.0,6.0,2.0,3.0,1.0,3.0,7.0,4.0,3.0,6.0,1.0,3.0,,9.0,6.0,10.0,9.0,5.0,9.0,2.0,4.0,6.0,5.0,5.0,6.0,8.0,6.0,6.0,10.0,9.0,2.0,5.0,4.0,4.0,9.0,8.0,3,9.0,10,1
2009-01-07,53663,,11,1,4911.0,90274810,UIL,U I L HOLDINGS CORP,UIL,221111.0,N,A,R,21819,1,4931.0,90274810.0,,,49.0,493.0,,,,,,,29.36,-0.020027,25258.0,1.0,29.55,741574.88,UIL,8.0,8.0,1.0,,4.0,10,1.0,1.0,5.0,8.0,5.0,3.0,2.0,9.0,5.0,9.0,6.0,2.0,3.0,1.0,3.0,7.0,4.0,3.0,6.0,1.0,3.0,,9.0,6.0,10.0,9.0,5.0,9.0,2.0,4.0,6.0,5.0,5.0,6.0,8.0,6.0,6.0,10.0,9.0,2.0,5.0,4.0,4.0,9.0,8.0,3,9.0,10,1
2009-01-08,53663,,11,1,4911.0,90274810,UIL,U I L HOLDINGS CORP,UIL,221111.0,N,A,R,21819,1,4931.0,90274810.0,,,49.0,493.0,,,,,,,29.8,0.014986,25258.0,1.0,29.4,752688.4,UIL,8.0,8.0,1.0,,4.0,10,1.0,1.0,5.0,8.0,5.0,3.0,2.0,9.0,5.0,9.0,6.0,2.0,3.0,1.0,3.0,7.0,4.0,3.0,6.0,1.0,3.0,,9.0,6.0,10.0,9.0,5.0,9.0,2.0,4.0,6.0,5.0,5.0,6.0,8.0,6.0,6.0,10.0,9.0,2.0,5.0,4.0,4.0,9.0,8.0,3,9.0,10,1
2009-01-09,53663,,11,1,4911.0,90274810,UIL,U I L HOLDINGS CORP,UIL,221111.0,N,A,R,21819,1,4931.0,90274810.0,,,49.0,493.0,,,,,,,29.58,-0.007383,25258.0,1.0,29.89,747131.64,UIL,8.0,8.0,1.0,,4.0,10,1.0,1.0,5.0,8.0,5.0,3.0,2.0,9.0,5.0,9.0,6.0,2.0,3.0,1.0,3.0,7.0,4.0,3.0,6.0,1.0,3.0,,9.0,6.0,10.0,9.0,5.0,9.0,2.0,4.0,6.0,5.0,5.0,6.0,8.0,6.0,6.0,10.0,9.0,2.0,5.0,4.0,4.0,9.0,8.0,3,9.0,10,1
2009-01-12,53663,,11,1,4911.0,90274810,UIL,U I L HOLDINGS CORP,UIL,221111.0,N,A,R,21819,1,4931.0,90274810.0,,,49.0,493.0,,,,,,,30.16,0.019608,25258.0,1.0,29.46,761781.28,UIL,8.0,8.0,1.0,,4.0,10,1.0,1.0,5.0,8.0,5.0,3.0,2.0,9.0,5.0,9.0,6.0,2.0,3.0,1.0,3.0,7.0,4.0,3.0,6.0,1.0,3.0,,9.0,6.0,10.0,9.0,5.0,9.0,2.0,4.0,6.0,5.0,5.0,6.0,8.0,6.0,6.0,10.0,9.0,2.0,5.0,4.0,4.0,9.0,8.0,3,9.0,10,1
2009-01-13,53663,,11,1,4911.0,90274810,UIL,U I L HOLDINGS CORP,UIL,221111.0,N,A,R,21819,1,4931.0,90274810.0,,,49.0,493.0,,,,,,,30.18,0.000663,25258.0,1.0,30.17,762286.44,UIL,8.0,8.0,1.0,,4.0,10,1.0,1.0,5.0,8.0,5.0,3.0,2.0,9.0,5.0,9.0,6.0,2.0,3.0,1.0,3.0,7.0,4.0,3.0,6.0,1.0,3.0,,9.0,6.0,10.0,9.0,5.0,9.0,2.0,4.0,6.0,5.0,5.0,6.0,8.0,6.0,6.0,10.0,9.0,2.0,5.0,4.0,4.0,9.0,8.0,3,9.0,10,1
2009-01-14,53663,,11,1,4911.0,90274810,UIL,U I L HOLDINGS CORP,UIL,221111.0,N,A,R,21819,1,4931.0,90274810.0,,,49.0,493.0,,,,,,,30.0,-0.005964,25258.0,1.0,29.76,757740.0,UIL,8.0,8.0,1.0,,4.0,10,1.0,1.0,5.0,8.0,5.0,3.0,2.0,9.0,5.0,9.0,6.0,2.0,3.0,1.0,3.0,7.0,4.0,3.0,6.0,1.0,3.0,,9.0,6.0,10.0,9.0,5.0,9.0,2.0,4.0,6.0,5.0,5.0,6.0,8.0,6.0,6.0,10.0,9.0,2.0,5.0,4.0,4.0,9.0,8.0,3,9.0,10,1
2009-01-15,53663,,11,1,4911.0,90274810,UIL,U I L HOLDINGS CORP,UIL,221111.0,N,A,R,21819,1,4931.0,90274810.0,,,49.0,493.0,,,,,,,30.59,0.019667,25258.0,1.0,30.35,772642.22,UIL,8.0,8.0,1.0,,4.0,10,1.0,1.0,5.0,8.0,5.0,3.0,2.0,9.0,5.0,9.0,6.0,2.0,3.0,1.0,3.0,7.0,4.0,3.0,6.0,1.0,3.0,,9.0,6.0,10.0,9.0,5.0,9.0,2.0,4.0,6.0,5.0,5.0,6.0,8.0,6.0,6.0,10.0,9.0,2.0,5.0,4.0,4.0,9.0,8.0,3,9.0,10,1
2009-01-16,53663,,11,1,4911.0,90274810,UIL,U I L HOLDINGS CORP,UIL,221111.0,N,A,R,21819,1,4931.0,90274810.0,,,49.0,493.0,,,,,,,30.93,0.011115,25258.0,1.0,30.78,781229.94,UIL,8.0,8.0,1.0,,4.0,10,1.0,1.0,5.0,8.0,5.0,3.0,2.0,9.0,5.0,9.0,6.0,2.0,3.0,1.0,3.0,7.0,4.0,3.0,6.0,1.0,3.0,,9.0,6.0,10.0,9.0,5.0,9.0,2.0,4.0,6.0,5.0,5.0,6.0,8.0,6.0,6.0,10.0,9.0,2.0,5.0,4.0,4.0,9.0,8.0,3,9.0,10,1
2009-01-20,53663,,11,1,4911.0,90274810,UIL,U I L HOLDINGS CORP,UIL,221111.0,N,A,R,21819,1,4931.0,90274810.0,,,49.0,493.0,,,,,,,29.42,-0.04882,25258.0,1.0,30.72,743090.36,UIL,8.0,8.0,1.0,,4.0,10,1.0,1.0,5.0,8.0,5.0,3.0,2.0,9.0,5.0,9.0,6.0,2.0,3.0,1.0,3.0,7.0,4.0,3.0,6.0,1.0,3.0,,9.0,6.0,10.0,9.0,5.0,9.0,2.0,4.0,6.0,5.0,5.0,6.0,8.0,6.0,6.0,10.0,9.0,2.0,5.0,4.0,4.0,9.0,8.0,3,9.0,10,1
2009-01-21,53663,,11,1,4911.0,90274810,UIL,U I L HOLDINGS CORP,UIL,221111.0,N,A,R,21819,1,4931.0,90274810.0,,,49.0,493.0,,,,,,,29.07,-0.011897,25258.0,1.0,29.5,734250.06,UIL,8.0,8.0,1.0,,4.0,10,1.0,1.0,5.0,8.0,5.0,3.0,2.0,9.0,5.0,9.0,6.0,2.0,3.0,1.0,3.0,7.0,4.0,3.0,6.0,1.0,3.0,,9.0,6.0,10.0,9.0,5.0,9.0,2.0,4.0,6.0,5.0,5.0,6.0,8.0,6.0,6.0,10.0,9.0,2.0,5.0,4.0,4.0,9.0,8.0,3,9.0,10,1
2009-01-22,53663,,11,1,4911.0,90274810,UIL,U I L HOLDINGS CORP,UIL,221111.0,N,A,R,21819,1,4931.0,90274810.0,,,49.0,493.0,,,,,,,27.59,-0.050912,25258.0,1.0,28.34,696868.22,UIL,8.0,8.0,1.0,,4.0,10,1.0,1.0,5.0,8.0,5.0,3.0,2.0,9.0,5.0,9.0,6.0,2.0,3.0,1.0,3.0,7.0,4.0,3.0,6.0,1.0,3.0,,9.0,6.0,10.0,9.0,5.0,9.0,2.0,4.0,6.0,5.0,5.0,6.0,8.0,6.0,6.0,10.0,9.0,2.0,5.0,4.0,4.0,9.0,8.0,3,9.0,10,1
2009-01-23,53663,,11,1,4911.0,90274810,UIL,U I L HOLDINGS CORP,UIL,221111.0,N,A,R,21819,1,4931.0,90274810.0,,,49.0,493.0,,,,,,,27.06,-0.01921,25258.0,1.0,27.03,683481.48,UIL,8.0,8.0,1.0,,4.0,10,1.0,1.0,5.0,8.0,5.0,3.0,2.0,9.0,5.0,9.0,6.0,2.0,3.0,1.0,3.0,7.0,4.0,3.0,6.0,1.0,3.0,,9.0,6.0,10.0,9.0,5.0,9.0,2.0,4.0,6.0,5.0,5.0,6.0,8.0,6.0,6.0,10.0,9.0,2.0,5.0,4.0,4.0,9.0,8.0,3,9.0,10,1
2009-01-26,53663,,11,1,4911.0,90274810,UIL,U I L HOLDINGS CORP,UIL,221111.0,N,A,R,21819,1,4931.0,90274810.0,,,49.0,493.0,,,,,,,27.36,0.011087,25258.0,1.0,27.19,691058.88,UIL,8.0,8.0,1.0,,4.0,10,1.0,1.0,5.0,8.0,5.0,3.0,2.0,9.0,5.0,9.0,6.0,2.0,3.0,1.0,3.0,7.0,4.0,3.0,6.0,1.0,3.0,,9.0,6.0,10.0,9.0,5.0,9.0,2.0,4.0,6.0,5.0,5.0,6.0,8.0,6.0,6.0,10.0,9.0,2.0,5.0,4.0,4.0,9.0,8.0,3,9.0,10,1
2009-01-27,53663,,11,1,4911.0,90274810,UIL,U I L HOLDINGS CORP,UIL,221111.0,N,A,R,21819,1,4931.0,90274810.0,,,49.0,493.0,,,,,,,27.77,0.014985,25258.0,1.0,27.19,701414.66,UIL,8.0,8.0,1.0,,4.0,10,1.0,1.0,5.0,8.0,5.0,3.0,2.0,9.0,5.0,9.0,6.0,2.0,3.0,1.0,3.0,7.0,4.0,3.0,6.0,1.0,3.0,,9.0,6.0,10.0,9.0,5.0,9.0,2.0,4.0,6.0,5.0,5.0,6.0,8.0,6.0,6.0,10.0,9.0,2.0,5.0,4.0,4.0,9.0,8.0,3,9.0,10,1
2009-01-28,53663,,11,1,4911.0,90274810,UIL,U I L HOLDINGS CORP,UIL,221111.0,N,A,R,21819,1,4931.0,90274810.0,,,49.0,493.0,,,,,,,27.72,-0.001801,25258.0,1.0,28.17,700151.76,UIL,8.0,8.0,1.0,,4.0,10,1.0,1.0,5.0,8.0,5.0,3.0,2.0,9.0,5.0,9.0,6.0,2.0,3.0,1.0,3.0,7.0,4.0,3.0,6.0,1.0,3.0,,9.0,6.0,10.0,9.0,5.0,9.0,2.0,4.0,6.0,5.0,5.0,6.0,8.0,6.0,6.0,10.0,9.0,2.0,5.0,4.0,4.0,9.0,8.0,3,9.0,10,1
2009-01-29,53663,,11,1,4911.0,90274810,UIL,U I L HOLDINGS CORP,UIL,221111.0,N,A,R,21819,1,4931.0,90274810.0,,,49.0,493.0,,,,,,,26.5,-0.044012,25258.0,1.0,27.33,669337.0,UIL,8.0,8.0,1.0,,4.0,10,1.0,1.0,5.0,8.0,5.0,3.0,2.0,9.0,5.0,9.0,6.0,2.0,3.0,1.0,3.0,7.0,4.0,3.0,6.0,1.0,3.0,,9.0,6.0,10.0,9.0,5.0,9.0,2.0,4.0,6.0,5.0,5.0,6.0,8.0,6.0,6.0,10.0,9.0,2.0,5.0,4.0,4.0,9.0,8.0,3,9.0,10,1
2009-01-30,53663,,11,1,4911.0,90274810,UIL,U I L HOLDINGS CORP,UIL,221111.0,N,A,R,21819,1,4931.0,90274810.0,,,49.0,493.0,,,,,,,26.43,-0.002641,25258.0,1.0,26.78,667568.94,UIL,8.0,8.0,1.0,,4.0,10,1.0,1.0,5.0,8.0,5.0,3.0,2.0,9.0,5.0,9.0,6.0,2.0,3.0,1.0,3.0,7.0,4.0,3.0,6.0,1.0,3.0,,9.0,6.0,10.0,9.0,5.0,9.0,2.0,4.0,6.0,5.0,5.0,6.0,8.0,6.0,6.0,10.0,9.0,2.0,5.0,4.0,4.0,9.0,8.0,3,9.0,10,1
2009-02-02,53663,,11,1,4911.0,90274810,UIL,U I L HOLDINGS CORP,UIL,221111.0,N,A,R,21819,1,4931.0,90274810.0,,,49.0,493.0,,,,,,,27.1,0.02535,25258.0,1.0,26.12,684491.8,UIL,8.0,8.0,1.0,,4.0,10,1.0,1.0,5.0,8.0,5.0,3.0,2.0,9.0,5.0,9.0,6.0,2.0,3.0,1.0,3.0,7.0,4.0,3.0,6.0,1.0,3.0,,9.0,8.0,10.0,8.0,5.0,9.0,2.0,5.0,6.0,5.0,6.0,7.0,8.0,6.0,7.0,10.0,9.0,3.0,8.0,9.0,10.0,8.0,8.0,3,9.0,10,1
2009-02-03,53663,,11,1,4911.0,90274810,UIL,U I L HOLDINGS CORP,UIL,221111.0,N,A,R,21819,1,4931.0,90274810.0,,,49.0,493.0,,,,,,,27.04,-0.002214,25258.0,1.0,27.21,682976.32,UIL,8.0,8.0,1.0,,4.0,10,1.0,1.0,5.0,8.0,5.0,3.0,2.0,9.0,5.0,9.0,6.0,2.0,3.0,1.0,3.0,7.0,4.0,3.0,6.0,1.0,3.0,,9.0,8.0,10.0,8.0,5.0,9.0,2.0,5.0,6.0,5.0,6.0,7.0,8.0,6.0,7.0,10.0,9.0,3.0,8.0,9.0,10.0,8.0,8.0,3,9.0,10,1
2009-02-04,53663,,11,1,4911.0,90274810,UIL,U I L HOLDINGS CORP,UIL,221111.0,N,A,R,21819,1,4931.0,90274810.0,,,49.0,493.0,,,,,,,27.45,0.015163,25258.0,1.0,26.97,693332.1,UIL,8.0,8.0,1.0,,4.0,10,1.0,1.0,5.0,8.0,5.0,3.0,2.0,9.0,5.0,9.0,6.0,2.0,3.0,1.0,3.0,7.0,4.0,3.0,6.0,1.0,3.0,,9.0,8.0,10.0,8.0,5.0,9.0,2.0,5.0,6.0,5.0,6.0,7.0,8.0,6.0,7.0,10.0,9.0,3.0,8.0,9.0,10.0,8.0,8.0,3,9.0,10,1
2009-02-05,53663,,11,1,4911.0,90274810,UIL,U I L HOLDINGS CORP,UIL,221111.0,N,A,R,21819,1,4931.0,90274810.0,,,49.0,493.0,,,,,,,27.08,-0.013479,25258.0,1.0,27.19,683986.64,UIL,8.0,8.0,1.0,,4.0,10,1.0,1.0,5.0,8.0,5.0,3.0,2.0,9.0,5.0,9.0,6.0,2.0,3.0,1.0,3.0,7.0,4.0,3.0,6.0,1.0,3.0,,9.0,8.0,10.0,8.0,5.0,9.0,2.0,5.0,6.0,5.0,6.0,7.0,8.0,6.0,7.0,10.0,9.0,3.0,8.0,9.0,10.0,8.0,8.0,3,9.0,10,1
2009-02-06,53663,,11,1,4911.0,90274810,UIL,U I L HOLDINGS CORP,UIL,221111.0,N,A,R,21819,1,4931.0,90274810.0,,,49.0,493.0,,,,,,,27.89,0.029911,25258.0,1.0,27.12,704445.62,UIL,8.0,8.0,1.0,,4.0,10,1.0,1.0,5.0,8.0,5.0,3.0,2.0,9.0,5.0,9.0,6.0,2.0,3.0,1.0,3.0,7.0,4.0,3.0,6.0,1.0,3.0,,9.0,8.0,10.0,8.0,5.0,9.0,2.0,5.0,6.0,5.0,6.0,7.0,8.0,6.0,7.0,10.0,9.0,3.0,8.0,9.0,10.0,8.0,8.0,3,9.0,10,1
2009-02-09,53663,,11,1,4911.0,90274810,UIL,U I L HOLDINGS CORP,UIL,221111.0,N,A,R,21819,1,4931.0,90274810.0,,,49.0,493.0,,,,,,,27.32,-0.020437,25258.0,1.0,27.64,690048.56,UIL,8.0,8.0,1.0,,4.0,10,1.0,1.0,5.0,8.0,5.0,3.0,2.0,9.0,5.0,9.0,6.0,2.0,3.0,1.0,3.0,7.0,4.0,3.0,6.0,1.0,3.0,,9.0,8.0,10.0,8.0,5.0,9.0,2.0,5.0,6.0,5.0,6.0,7.0,8.0,6.0,7.0,10.0,9.0,3.0,8.0,9.0,10.0,8.0,8.0,3,9.0,10,1
2009-02-10,53663,,11,1,4911.0,90274810,UIL,U I L HOLDINGS CORP,UIL,221111.0,N,A,R,21819,1,4931.0,90274810.0,,,49.0,493.0,,,,,,,26.47,-0.031113,25258.0,1.0,27.18,668579.26,UIL,8.0,8.0,1.0,,4.0,10,1.0,1.0,5.0,8.0,5.0,3.0,2.0,9.0,5.0,9.0,6.0,2.0,3.0,1.0,3.0,7.0,4.0,3.0,6.0,1.0,3.0,,9.0,8.0,10.0,8.0,5.0,9.0,2.0,5.0,6.0,5.0,6.0,7.0,8.0,6.0,7.0,10.0,9.0,3.0,8.0,9.0,10.0,8.0,8.0,3,9.0,10,1
2009-02-11,53663,,11,1,4911.0,90274810,UIL,U I L HOLDINGS CORP,UIL,221111.0,N,A,R,21819,1,4931.0,90274810.0,,,49.0,493.0,,,,,,,25.95,-0.019645,25258.0,1.0,26.47,655445.1,UIL,8.0,8.0,1.0,,4.0,10,1.0,1.0,5.0,8.0,5.0,3.0,2.0,9.0,5.0,9.0,6.0,2.0,3.0,1.0,3.0,7.0,4.0,3.0,6.0,1.0,3.0,,9.0,8.0,10.0,8.0,5.0,9.0,2.0,5.0,6.0,5.0,6.0,7.0,8.0,6.0,7.0,10.0,9.0,3.0,8.0,9.0,10.0,8.0,8.0,3,9.0,10,1
2009-02-12,53663,,11,1,4911.0,90274810,UIL,U I L HOLDINGS CORP,UIL,221111.0,N,A,R,21819,1,4931.0,90274810.0,,,49.0,493.0,,,,,,,25.46,-0.018883,25258.0,1.0,25.63,643068.68,UIL,8.0,8.0,1.0,,4.0,10,1.0,1.0,5.0,8.0,5.0,3.0,2.0,9.0,5.0,9.0,6.0,2.0,3.0,1.0,3.0,7.0,4.0,3.0,6.0,1.0,3.0,,9.0,8.0,10.0,8.0,5.0,9.0,2.0,5.0,6.0,5.0,6.0,7.0,8.0,6.0,7.0,10.0,9.0,3.0,8.0,9.0,10.0,8.0,8.0,3,9.0,10,1
2009-02-13,53663,,11,1,4911.0,90274810,UIL,U I L HOLDINGS CORP,UIL,221111.0,N,A,R,21819,1,4931.0,90274810.0,,,49.0,493.0,,,,,,,25.38,-0.003142,25258.0,1.0,25.61,641048.04,UIL,8.0,8.0,1.0,,4.0,10,1.0,1.0,5.0,8.0,5.0,3.0,2.0,9.0,5.0,9.0,6.0,2.0,3.0,1.0,3.0,7.0,4.0,3.0,6.0,1.0,3.0,,9.0,8.0,10.0,8.0,5.0,9.0,2.0,5.0,6.0,5.0,6.0,7.0,8.0,6.0,7.0,10.0,9.0,3.0,8.0,9.0,10.0,8.0,8.0,3,9.0,10,1
2009-02-17,53663,,11,1,4911.0,90274810,UIL,U I L HOLDINGS CORP,UIL,221111.0,N,A,R,21819,1,4931.0,90274810.0,,,49.0,493.0,,,,,,,24.29,-0.042947,25258.0,1.0,24.8,613516.82,UIL,8.0,8.0,1.0,,4.0,10,1.0,1.0,5.0,8.0,5.0,3.0,2.0,9.0,5.0,9.0,6.0,2.0,3.0,1.0,3.0,7.0,4.0,3.0,6.0,1.0,3.0,,9.0,8.0,10.0,8.0,5.0,9.0,2.0,5.0,6.0,5.0,6.0,7.0,8.0,6.0,7.0,10.0,9.0,3.0,8.0,9.0,10.0,8.0,8.0,3,9.0,10,1
2009-02-18,53663,,11,1,4911.0,90274810,UIL,U I L HOLDINGS CORP,UIL,221111.0,N,A,R,21819,1,4931.0,90274810.0,,,49.0,493.0,,,,,,,23.75,-0.022231,25258.0,1.0,24.43,599877.5,UIL,8.0,8.0,1.0,,4.0,10,1.0,1.0,5.0,8.0,5.0,3.0,2.0,9.0,5.0,9.0,6.0,2.0,3.0,1.0,3.0,7.0,4.0,3.0,6.0,1.0,3.0,,9.0,8.0,10.0,8.0,5.0,9.0,2.0,5.0,6.0,5.0,6.0,7.0,8.0,6.0,7.0,10.0,9.0,3.0,8.0,9.0,10.0,8.0,8.0,3,9.0,10,1
2009-02-19,53663,,11,1,4911.0,90274810,UIL,U I L HOLDINGS CORP,UIL,221111.0,N,A,R,21819,1,4931.0,90274810.0,,,49.0,493.0,,,,,,,23.78,0.001263,25258.0,1.0,23.94,600635.24,UIL,8.0,8.0,1.0,,4.0,10,1.0,1.0,5.0,8.0,5.0,3.0,2.0,9.0,5.0,9.0,6.0,2.0,3.0,1.0,3.0,7.0,4.0,3.0,6.0,1.0,3.0,,9.0,8.0,10.0,8.0,5.0,9.0,2.0,5.0,6.0,5.0,6.0,7.0,8.0,6.0,7.0,10.0,9.0,3.0,8.0,9.0,10.0,8.0,8.0,3,9.0,10,1
2009-02-20,53663,,11,1,4911.0,90274810,UIL,U I L HOLDINGS CORP,UIL,221111.0,N,A,R,21819,1,4931.0,90274810.0,,,49.0,493.0,,,,,,,22.52,-0.052986,25258.0,1.0,23.39,568810.16,UIL,8.0,8.0,1.0,,4.0,10,1.0,1.0,5.0,8.0,5.0,3.0,2.0,9.0,5.0,9.0,6.0,2.0,3.0,1.0,3.0,7.0,4.0,3.0,6.0,1.0,3.0,,9.0,8.0,10.0,8.0,5.0,9.0,2.0,5.0,6.0,5.0,6.0,7.0,8.0,6.0,7.0,10.0,9.0,3.0,8.0,9.0,10.0,8.0,8.0,3,9.0,10,1
2009-02-23,53663,,11,1,4911.0,90274810,UIL,U I L HOLDINGS CORP,UIL,221111.0,N,A,R,21819,1,4931.0,90274810.0,,,49.0,493.0,,,,,,,21.15,-0.060835,25258.0,1.0,22.67,534206.7,UIL,8.0,8.0,1.0,,4.0,10,1.0,1.0,5.0,8.0,5.0,3.0,2.0,9.0,5.0,9.0,6.0,2.0,3.0,1.0,3.0,7.0,4.0,3.0,6.0,1.0,3.0,,9.0,8.0,10.0,8.0,5.0,9.0,2.0,5.0,6.0,5.0,6.0,7.0,8.0,6.0,7.0,10.0,9.0,3.0,8.0,9.0,10.0,8.0,8.0,3,9.0,10,1
2009-02-24,53663,,11,1,4911.0,90274810,UIL,U I L HOLDINGS CORP,UIL,221111.0,N,A,R,21819,1,4931.0,90274810.0,,,49.0,493.0,,,,,,,21.87,0.034043,25258.0,1.0,21.53,552392.46,UIL,8.0,8.0,1.0,,4.0,10,1.0,1.0,5.0,8.0,5.0,3.0,2.0,9.0,5.0,9.0,6.0,2.0,3.0,1.0,3.0,7.0,4.0,3.0,6.0,1.0,3.0,,9.0,8.0,10.0,8.0,5.0,9.0,2.0,5.0,6.0,5.0,6.0,7.0,8.0,6.0,7.0,10.0,9.0,3.0,8.0,9.0,10.0,8.0,8.0,3,9.0,10,1
2009-02-25,53663,,11,1,4911.0,90274810,UIL,U I L HOLDINGS CORP,UIL,221111.0,N,A,R,21819,1,4931.0,90274810.0,,,49.0,493.0,,,,,,,20.4,-0.067215,25258.0,1.0,21.73,515263.2,UIL,8.0,8.0,1.0,,4.0,10,1.0,1.0,5.0,8.0,5.0,3.0,2.0,9.0,5.0,9.0,6.0,2.0,3.0,1.0,3.0,7.0,4.0,3.0,6.0,1.0,3.0,,9.0,8.0,10.0,8.0,5.0,9.0,2.0,5.0,6.0,5.0,6.0,7.0,8.0,6.0,7.0,10.0,9.0,3.0,8.0,9.0,10.0,8.0,8.0,3,9.0,10,1
2009-02-26,53663,,11,1,4911.0,90274810,UIL,U I L HOLDINGS CORP,UIL,221111.0,N,A,R,21819,1,4931.0,90274810.0,,,49.0,493.0,,,,,,,20.51,0.005392,25258.0,1.0,20.53,518041.58,UIL,8.0,8.0,1.0,,4.0,10,1.0,1.0,5.0,8.0,5.0,3.0,2.0,9.0,5.0,9.0,6.0,2.0,3.0,1.0,3.0,7.0,4.0,3.0,6.0,1.0,3.0,,9.0,8.0,10.0,8.0,5.0,9.0,2.0,5.0,6.0,5.0,6.0,7.0,8.0,6.0,7.0,10.0,9.0,3.0,8.0,9.0,10.0,8.0,8.0,3,9.0,10,1
2009-02-27,53663,,11,1,4911.0,90274810,UIL,U I L HOLDINGS CORP,UIL,221111.0,N,A,R,21819,1,4931.0,90274810.0,,,49.0,493.0,,,,,,,20.52,0.000488,25274.0,1.0,20.28,518622.48,UIL,8.0,8.0,1.0,,4.0,10,1.0,1.0,5.0,8.0,5.0,3.0,2.0,9.0,5.0,9.0,6.0,2.0,3.0,1.0,3.0,7.0,4.0,3.0,6.0,1.0,3.0,,9.0,8.0,10.0,8.0,5.0,9.0,2.0,5.0,6.0,5.0,6.0,7.0,8.0,6.0,7.0,10.0,9.0,3.0,8.0,9.0,10.0,8.0,8.0,3,9.0,10,1
2009-03-02,53663,,11,1,4911.0,90274810,UIL,U I L HOLDINGS CORP,UIL,221111.0,N,A,R,21819,1,4931.0,90274810.0,,,49.0,493.0,,,,,,,19.72,-0.038986,25274.0,1.0,20.11,498403.28,UIL,8.0,8.0,1.0,,4.0,10,1.0,1.0,5.0,8.0,5.0,3.0,2.0,9.0,5.0,9.0,6.0,2.0,3.0,1.0,3.0,7.0,4.0,3.0,6.0,1.0,3.0,,9.0,9.0,10.0,8.0,5.0,9.0,1.0,6.0,7.0,5.0,8.0,5.0,5.0,5.0,8.0,9.0,9.0,7.0,8.0,9.0,10.0,8.0,7.0,3,9.0,10,1
2009-03-03,53663,,11,1,4911.0,90274810,UIL,U I L HOLDINGS CORP,UIL,221111.0,N,A,R,21819,1,4931.0,90274810.0,,,49.0,493.0,,,,,,,18.07,-0.083671,25274.0,1.0,20.01,456701.18,UIL,8.0,8.0,1.0,,4.0,10,1.0,1.0,5.0,8.0,5.0,3.0,2.0,9.0,5.0,9.0,6.0,2.0,3.0,1.0,3.0,7.0,4.0,3.0,6.0,1.0,3.0,,9.0,9.0,10.0,8.0,5.0,9.0,1.0,6.0,7.0,5.0,8.0,5.0,5.0,5.0,8.0,9.0,9.0,7.0,8.0,9.0,10.0,8.0,7.0,3,9.0,10,1
2009-03-04,53663,,11,1,4911.0,90274810,UIL,U I L HOLDINGS CORP,UIL,221111.0,N,A,R,21819,1,4931.0,90274810.0,,,49.0,493.0,,,,,,,18.46,0.021583,25274.0,1.0,18.27,466558.04,UIL,8.0,8.0,1.0,,4.0,10,1.0,1.0,5.0,8.0,5.0,3.0,2.0,9.0,5.0,9.0,6.0,2.0,3.0,1.0,3.0,7.0,4.0,3.0,6.0,1.0,3.0,,9.0,9.0,10.0,8.0,5.0,9.0,1.0,6.0,7.0,5.0,8.0,5.0,5.0,5.0,8.0,9.0,9.0,7.0,8.0,9.0,10.0,8.0,7.0,3,9.0,10,1
2009-03-05,53663,,11,1,4911.0,90274810,UIL,U I L HOLDINGS CORP,UIL,221111.0,N,A,R,21819,1,4931.0,90274810.0,,,49.0,493.0,,,,,,,17.66,-0.043337,25274.0,1.0,18.06,446338.84,UIL,8.0,8.0,1.0,,4.0,10,1.0,1.0,5.0,8.0,5.0,3.0,2.0,9.0,5.0,9.0,6.0,2.0,3.0,1.0,3.0,7.0,4.0,3.0,6.0,1.0,3.0,,9.0,9.0,10.0,8.0,5.0,9.0,1.0,6.0,7.0,5.0,8.0,5.0,5.0,5.0,8.0,9.0,9.0,7.0,8.0,9.0,10.0,8.0,7.0,3,9.0,10,1
2009-03-06,53663,,11,1,4911.0,90274810,UIL,U I L HOLDINGS CORP,UIL,221111.0,N,A,R,21819,1,4931.0,90274810.0,,,49.0,493.0,,,,,,,17.57,-0.005096,25274.0,1.0,17.75,444064.18,UIL,8.0,8.0,1.0,,4.0,10,1.0,1.0,5.0,8.0,5.0,3.0,2.0,9.0,5.0,9.0,6.0,2.0,3.0,1.0,3.0,7.0,4.0,3.0,6.0,1.0,3.0,,9.0,9.0,10.0,8.0,5.0,9.0,1.0,6.0,7.0,5.0,8.0,5.0,5.0,5.0,8.0,9.0,9.0,7.0,8.0,9.0,10.0,8.0,7.0,3,9.0,10,1
2009-03-09,53663,,11,1,4911.0,90274810,UIL,U I L HOLDINGS CORP,UIL,221111.0,N,A,R,21819,1,4931.0,90274810.0,,,49.0,493.0,,,,,,,17.15,-0.023904,25274.0,1.0,17.32,433449.1,UIL,8.0,8.0,1.0,,4.0,10,1.0,1.0,5.0,8.0,5.0,3.0,2.0,9.0,5.0,9.0,6.0,2.0,3.0,1.0,3.0,7.0,4.0,3.0,6.0,1.0,3.0,,9.0,9.0,10.0,8.0,5.0,9.0,1.0,6.0,7.0,5.0,8.0,5.0,5.0,5.0,8.0,9.0,9.0,7.0,8.0,9.0,10.0,8.0,7.0,3,9.0,10,1
2009-03-10,53663,,11,1,4911.0,90274810,UIL,U I L HOLDINGS CORP,UIL,221111.0,N,A,R,21819,1,4931.0,90274810.0,,,49.0,493.0,,,,,,,18.01,0.050146,25274.0,1.0,17.53,455184.74,UIL,8.0,8.0,1.0,,4.0,10,1.0,1.0,5.0,8.0,5.0,3.0,2.0,9.0,5.0,9.0,6.0,2.0,3.0,1.0,3.0,7.0,4.0,3.0,6.0,1.0,3.0,,9.0,9.0,10.0,8.0,5.0,9.0,1.0,6.0,7.0,5.0,8.0,5.0,5.0,5.0,8.0,9.0,9.0,7.0,8.0,9.0,10.0,8.0,7.0,3,9.0,10,1
2009-03-11,53663,,11,1,4911.0,90274810,UIL,U I L HOLDINGS CORP,UIL,221111.0,N,A,R,21819,1,4931.0,90274810.0,,,49.0,493.0,,,,,,,17.8,-0.01166,25274.0,1.0,18.17,449877.2,UIL,8.0,8.0,1.0,,4.0,10,1.0,1.0,5.0,8.0,5.0,3.0,2.0,9.0,5.0,9.0,6.0,2.0,3.0,1.0,3.0,7.0,4.0,3.0,6.0,1.0,3.0,,9.0,9.0,10.0,8.0,5.0,9.0,1.0,6.0,7.0,5.0,8.0,5.0,5.0,5.0,8.0,9.0,9.0,7.0,8.0,9.0,10.0,8.0,7.0,3,9.0,10,1
2009-03-12,53663,,11,1,4911.0,90274810,UIL,U I L HOLDINGS CORP,UIL,221111.0,N,A,R,21819,1,4931.0,90274810.0,,,49.0,493.0,,,,,,,19.28,0.083146,25274.0,1.0,18.01,487282.72,UIL,8.0,8.0,1.0,,4.0,10,1.0,1.0,5.0,8.0,5.0,3.0,2.0,9.0,5.0,9.0,6.0,2.0,3.0,1.0,3.0,7.0,4.0,3.0,6.0,1.0,3.0,,9.0,9.0,10.0,8.0,5.0,9.0,1.0,6.0,7.0,5.0,8.0,5.0,5.0,5.0,8.0,9.0,9.0,7.0,8.0,9.0,10.0,8.0,7.0,3,9.0,10,1
2009-03-13,53663,,11,1,4911.0,90274810,UIL,U I L HOLDINGS CORP,UIL,221111.0,N,A,R,21819,1,4931.0,90274810.0,,,49.0,493.0,,,,,,,20.04,0.039419,25274.0,1.0,19.29,506490.96,UIL,8.0,8.0,1.0,,4.0,10,1.0,1.0,5.0,8.0,5.0,3.0,2.0,9.0,5.0,9.0,6.0,2.0,3.0,1.0,3.0,7.0,4.0,3.0,6.0,1.0,3.0,,9.0,9.0,10.0,8.0,5.0,9.0,1.0,6.0,7.0,5.0,8.0,5.0,5.0,5.0,8.0,9.0,9.0,7.0,8.0,9.0,10.0,8.0,7.0,3,9.0,10,1
2009-03-16,53663,,11,1,4911.0,90274810,UIL,U I L HOLDINGS CORP,UIL,221111.0,N,A,R,21819,1,4931.0,90274810.0,,,49.0,493.0,1232.0,0.432,0.0,,,,19.35,-0.012874,25274.0,1.0,19.92,489051.9,UIL,8.0,8.0,1.0,,4.0,10,1.0,1.0,5.0,8.0,5.0,3.0,2.0,9.0,5.0,9.0,6.0,2.0,3.0,1.0,3.0,7.0,4.0,3.0,6.0,1.0,3.0,,9.0,9.0,10.0,8.0,5.0,9.0,1.0,6.0,7.0,5.0,8.0,5.0,5.0,5.0,8.0,9.0,9.0,7.0,8.0,9.0,10.0,8.0,7.0,3,9.0,10,1
2009-03-17,53663,,11,1,4911.0,90274810,UIL,U I L HOLDINGS CORP,UIL,221111.0,N,A,R,21819,1,4931.0,90274810.0,,,49.0,493.0,,,,,,,19.83,0.024806,25274.0,1.0,19.39,501183.42,UIL,8.0,8.0,1.0,,4.0,10,1.0,1.0,5.0,8.0,5.0,3.0,2.0,9.0,5.0,9.0,6.0,2.0,3.0,1.0,3.0,7.0,4.0,3.0,6.0,1.0,3.0,,9.0,9.0,10.0,8.0,5.0,9.0,1.0,6.0,7.0,5.0,8.0,5.0,5.0,5.0,8.0,9.0,9.0,7.0,8.0,9.0,10.0,8.0,7.0,3,9.0,10,1
2009-03-18,53663,,11,1,4911.0,90274810,UIL,U I L HOLDINGS CORP,UIL,221111.0,N,A,R,21819,1,4931.0,90274810.0,,,49.0,493.0,,,,,,,21.48,0.083207,25274.0,1.0,19.86,542885.52,UIL,8.0,8.0,1.0,,4.0,10,1.0,1.0,5.0,8.0,5.0,3.0,2.0,9.0,5.0,9.0,6.0,2.0,3.0,1.0,3.0,7.0,4.0,3.0,6.0,1.0,3.0,,9.0,9.0,10.0,8.0,5.0,9.0,1.0,6.0,7.0,5.0,8.0,5.0,5.0,5.0,8.0,9.0,9.0,7.0,8.0,9.0,10.0,8.0,7.0,3,9.0,10,1
2009-03-19,53663,,11,1,4911.0,90274810,UIL,U I L HOLDINGS CORP,UIL,221111.0,N,A,R,21819,1,4931.0,90274810.0,,,49.0,493.0,,,,,,,21.63,0.006983,25274.0,1.0,21.74,546676.62,UIL,8.0,8.0,1.0,,4.0,10,1.0,1.0,5.0,8.0,5.0,3.0,2.0,9.0,5.0,9.0,6.0,2.0,3.0,1.0,3.0,7.0,4.0,3.0,6.0,1.0,3.0,,9.0,9.0,10.0,8.0,5.0,9.0,1.0,6.0,7.0,5.0,8.0,5.0,5.0,5.0,8.0,9.0,9.0,7.0,8.0,9.0,10.0,8.0,7.0,3,9.0,10,1
2009-03-20,53663,,11,1,4911.0,90274810,UIL,U I L HOLDINGS CORP,UIL,221111.0,N,A,R,21819,1,4931.0,90274810.0,,,49.0,493.0,,,,,,,21.53,-0.004623,25274.0,1.0,21.81,544149.22,UIL,8.0,8.0,1.0,,4.0,10,1.0,1.0,5.0,8.0,5.0,3.0,2.0,9.0,5.0,9.0,6.0,2.0,3.0,1.0,3.0,7.0,4.0,3.0,6.0,1.0,3.0,,9.0,9.0,10.0,8.0,5.0,9.0,1.0,6.0,7.0,5.0,8.0,5.0,5.0,5.0,8.0,9.0,9.0,7.0,8.0,9.0,10.0,8.0,7.0,3,9.0,10,1
2009-03-23,53663,,11,1,4911.0,90274810,UIL,U I L HOLDINGS CORP,UIL,221111.0,N,A,R,21819,1,4931.0,90274810.0,,,49.0,493.0,,,,,,,22.98,0.067348,25274.0,1.0,22.09,580796.52,UIL,8.0,8.0,1.0,,4.0,10,1.0,1.0,5.0,8.0,5.0,3.0,2.0,9.0,5.0,9.0,6.0,2.0,3.0,1.0,3.0,7.0,4.0,3.0,6.0,1.0,3.0,,9.0,9.0,10.0,8.0,5.0,9.0,1.0,6.0,7.0,5.0,8.0,5.0,5.0,5.0,8.0,9.0,9.0,7.0,8.0,9.0,10.0,8.0,7.0,3,9.0,10,1
2009-03-24,53663,,11,1,4911.0,90274810,UIL,U I L HOLDINGS CORP,UIL,221111.0,N,A,R,21819,1,4931.0,90274810.0,,,49.0,493.0,,,,,,,22.21,-0.033507,25274.0,1.0,22.69,561335.54,UIL,8.0,8.0,1.0,,4.0,10,1.0,1.0,5.0,8.0,5.0,3.0,2.0,9.0,5.0,9.0,6.0,2.0,3.0,1.0,3.0,7.0,4.0,3.0,6.0,1.0,3.0,,9.0,9.0,10.0,8.0,5.0,9.0,1.0,6.0,7.0,5.0,8.0,5.0,5.0,5.0,8.0,9.0,9.0,7.0,8.0,9.0,10.0,8.0,7.0,3,9.0,10,1
2009-03-25,53663,,11,1,4911.0,90274810,UIL,U I L HOLDINGS CORP,UIL,221111.0,N,A,R,21819,1,4931.0,90274810.0,,,49.0,493.0,,,,,,,23.25,0.046826,25274.0,1.0,22.42,587620.5,UIL,8.0,8.0,1.0,,4.0,10,1.0,1.0,5.0,8.0,5.0,3.0,2.0,9.0,5.0,9.0,6.0,2.0,3.0,1.0,3.0,7.0,4.0,3.0,6.0,1.0,3.0,,9.0,9.0,10.0,8.0,5.0,9.0,1.0,6.0,7.0,5.0,8.0,5.0,5.0,5.0,8.0,9.0,9.0,7.0,8.0,9.0,10.0,8.0,7.0,3,9.0,10,1
2009-03-26,53663,,11,1,4911.0,90274810,UIL,U I L HOLDINGS CORP,UIL,221111.0,N,A,R,21819,1,4931.0,90274810.0,,,49.0,493.0,,,,,,,23.46,0.009032,25274.0,1.0,23.55,592928.04,UIL,8.0,8.0,1.0,,4.0,10,1.0,1.0,5.0,8.0,5.0,3.0,2.0,9.0,5.0,9.0,6.0,2.0,3.0,1.0,3.0,7.0,4.0,3.0,6.0,1.0,3.0,,9.0,9.0,10.0,8.0,5.0,9.0,1.0,6.0,7.0,5.0,8.0,5.0,5.0,5.0,8.0,9.0,9.0,7.0,8.0,9.0,10.0,8.0,7.0,3,9.0,10,1
2009-03-27,53663,,11,1,4911.0,90274810,UIL,U I L HOLDINGS CORP,UIL,221111.0,N,A,R,21819,1,4931.0,90274810.0,,,49.0,493.0,,,,,,,22.88,-0.024723,25274.0,1.0,23.41,578269.12,UIL,8.0,8.0,1.0,,4.0,10,1.0,1.0,5.0,8.0,5.0,3.0,2.0,9.0,5.0,9.0,6.0,2.0,3.0,1.0,3.0,7.0,4.0,3.0,6.0,1.0,3.0,,9.0,9.0,10.0,8.0,5.0,9.0,1.0,6.0,7.0,5.0,8.0,5.0,5.0,5.0,8.0,9.0,9.0,7.0,8.0,9.0,10.0,8.0,7.0,3,9.0,10,1
2009-03-30,53663,,11,1,4911.0,90274810,UIL,U I L HOLDINGS CORP,UIL,221111.0,N,A,R,21819,1,4931.0,90274810.0,,,49.0,493.0,,,,,,,21.99,-0.038899,25274.0,1.0,22.36,555775.26,UIL,8.0,8.0,1.0,,4.0,10,1.0,1.0,5.0,8.0,5.0,3.0,2.0,9.0,5.0,9.0,6.0,2.0,3.0,1.0,3.0,7.0,4.0,3.0,6.0,1.0,3.0,,9.0,9.0,10.0,8.0,5.0,9.0,1.0,6.0,7.0,5.0,8.0,5.0,5.0,5.0,8.0,9.0,9.0,7.0,8.0,9.0,10.0,8.0,7.0,3,9.0,10,1
2009-03-31,53663,,11,1,4911.0,90274810,UIL,U I L HOLDINGS CORP,UIL,221111.0,N,A,R,21819,1,4931.0,90274810.0,,,49.0,493.0,,,,,,,22.32,0.015007,25274.0,1.0,22.3,564115.68,UIL,8.0,8.0,1.0,,4.0,10,1.0,1.0,5.0,8.0,5.0,3.0,2.0,9.0,5.0,9.0,6.0,2.0,3.0,1.0,3.0,7.0,4.0,3.0,6.0,1.0,3.0,,9.0,9.0,10.0,8.0,5.0,9.0,1.0,6.0,7.0,5.0,8.0,5.0,5.0,5.0,8.0,9.0,9.0,7.0,8.0,9.0,10.0,8.0,7.0,3,9.0,10,1
2009-04-01,53663,,11,1,4911.0,90274810,UIL,U I L HOLDINGS CORP,UIL,221111.0,N,A,R,21819,1,4931.0,90274810.0,,,49.0,493.0,,,,,,,22.86,0.024194,25274.0,1.0,22.05,577763.64,UIL,8.0,8.0,1.0,,4.0,10,1.0,1.0,5.0,8.0,5.0,3.0,2.0,9.0,5.0,9.0,6.0,2.0,3.0,1.0,3.0,7.0,4.0,3.0,6.0,1.0,3.0,,7.0,9.0,9.0,6.0,5.0,8.0,4.0,6.0,7.0,5.0,8.0,5.0,6.0,6.0,5.0,9.0,9.0,6.0,3.0,2.0,5.0,7.0,7.0,3,9.0,10,1
2009-04-02,53663,,11,1,4911.0,90274810,UIL,U I L HOLDINGS CORP,UIL,221111.0,N,A,R,21819,1,4931.0,90274810.0,,,49.0,493.0,,,,,,,23.56,0.030621,25274.0,1.0,23.53,595455.44,UIL,8.0,8.0,1.0,,4.0,10,1.0,1.0,5.0,8.0,5.0,3.0,2.0,9.0,5.0,9.0,6.0,2.0,3.0,1.0,3.0,7.0,4.0,3.0,6.0,1.0,3.0,,7.0,9.0,9.0,6.0,5.0,8.0,4.0,6.0,7.0,5.0,8.0,5.0,6.0,6.0,5.0,9.0,9.0,6.0,3.0,2.0,5.0,7.0,7.0,3,9.0,10,1
2009-04-03,53663,,11,1,4911.0,90274810,UIL,U I L HOLDINGS CORP,UIL,221111.0,N,A,R,21819,1,4931.0,90274810.0,,,49.0,493.0,,,,,,,23.38,-0.00764,25274.0,1.0,23.57,590906.12,UIL,8.0,8.0,1.0,,4.0,10,1.0,1.0,5.0,8.0,5.0,3.0,2.0,9.0,5.0,9.0,6.0,2.0,3.0,1.0,3.0,7.0,4.0,3.0,6.0,1.0,3.0,,7.0,9.0,9.0,6.0,5.0,8.0,4.0,6.0,7.0,5.0,8.0,5.0,6.0,6.0,5.0,9.0,9.0,6.0,3.0,2.0,5.0,7.0,7.0,3,9.0,10,1
2009-04-06,53663,,11,1,4911.0,90274810,UIL,U I L HOLDINGS CORP,UIL,221111.0,N,A,R,21819,1,4931.0,90274810.0,,,49.0,493.0,,,,,,,22.72,-0.028229,25274.0,1.0,23.13,574225.28,UIL,8.0,8.0,1.0,,4.0,10,1.0,1.0,5.0,8.0,5.0,3.0,2.0,9.0,5.0,9.0,6.0,2.0,3.0,1.0,3.0,7.0,4.0,3.0,6.0,1.0,3.0,,7.0,9.0,9.0,6.0,5.0,8.0,4.0,6.0,7.0,5.0,8.0,5.0,6.0,6.0,5.0,9.0,9.0,6.0,3.0,2.0,5.0,7.0,7.0,3,9.0,10,1
2009-04-07,53663,,11,1,4911.0,90274810,UIL,U I L HOLDINGS CORP,UIL,221111.0,N,A,R,21819,1,4931.0,90274810.0,,,49.0,493.0,,,,,,,22.51,-0.009243,25274.0,1.0,22.44,568917.74,UIL,8.0,8.0,1.0,,4.0,10,1.0,1.0,5.0,8.0,5.0,3.0,2.0,9.0,5.0,9.0,6.0,2.0,3.0,1.0,3.0,7.0,4.0,3.0,6.0,1.0,3.0,,7.0,9.0,9.0,6.0,5.0,8.0,4.0,6.0,7.0,5.0,8.0,5.0,6.0,6.0,5.0,9.0,9.0,6.0,3.0,2.0,5.0,7.0,7.0,3,9.0,10,1
2009-04-08,53663,,11,1,4911.0,90274810,UIL,U I L HOLDINGS CORP,UIL,221111.0,N,A,R,21819,1,4931.0,90274810.0,,,49.0,493.0,,,,,,,23.07,0.024878,25274.0,1.0,22.75,583071.18,UIL,8.0,8.0,1.0,,4.0,10,1.0,1.0,5.0,8.0,5.0,3.0,2.0,9.0,5.0,9.0,6.0,2.0,3.0,1.0,3.0,7.0,4.0,3.0,6.0,1.0,3.0,,7.0,9.0,9.0,6.0,5.0,8.0,4.0,6.0,7.0,5.0,8.0,5.0,6.0,6.0,5.0,9.0,9.0,6.0,3.0,2.0,5.0,7.0,7.0,3,9.0,10,1
2009-04-09,53663,,11,1,4911.0,90274810,UIL,U I L HOLDINGS CORP,UIL,221111.0,N,A,R,21819,1,4931.0,90274810.0,,,49.0,493.0,,,,,,,23.56,0.02124,25274.0,1.0,23.68,595455.44,UIL,8.0,8.0,1.0,,4.0,10,1.0,1.0,5.0,8.0,5.0,3.0,2.0,9.0,5.0,9.0,6.0,2.0,3.0,1.0,3.0,7.0,4.0,3.0,6.0,1.0,3.0,,7.0,9.0,9.0,6.0,5.0,8.0,4.0,6.0,7.0,5.0,8.0,5.0,6.0,6.0,5.0,9.0,9.0,6.0,3.0,2.0,5.0,7.0,7.0,3,9.0,10,1
2009-04-13,53663,,11,1,4911.0,90274810,UIL,U I L HOLDINGS CORP,UIL,221111.0,N,A,R,21819,1,4931.0,90274810.0,,,49.0,493.0,,,,,,,23.28,-0.011884,25274.0,1.0,23.32,588378.72,UIL,8.0,8.0,1.0,,4.0,10,1.0,1.0,5.0,8.0,5.0,3.0,2.0,9.0,5.0,9.0,6.0,2.0,3.0,1.0,3.0,7.0,4.0,3.0,6.0,1.0,3.0,,7.0,9.0,9.0,6.0,5.0,8.0,4.0,6.0,7.0,5.0,8.0,5.0,6.0,6.0,5.0,9.0,9.0,6.0,3.0,2.0,5.0,7.0,7.0,3,9.0,10,1
2009-04-14,53663,,11,1,4911.0,90274810,UIL,U I L HOLDINGS CORP,UIL,221111.0,N,A,R,21819,1,4931.0,90274810.0,,,49.0,493.0,,,,,,,22.01,-0.054553,25274.0,1.0,22.96,556280.74,UIL,8.0,8.0,1.0,,4.0,10,1.0,1.0,5.0,8.0,5.0,3.0,2.0,9.0,5.0,9.0,6.0,2.0,3.0,1.0,3.0,7.0,4.0,3.0,6.0,1.0,3.0,,7.0,9.0,9.0,6.0,5.0,8.0,4.0,6.0,7.0,5.0,8.0,5.0,6.0,6.0,5.0,9.0,9.0,6.0,3.0,2.0,5.0,7.0,7.0,3,9.0,10,1
2009-04-15,53663,,11,1,4911.0,90274810,UIL,U I L HOLDINGS CORP,UIL,221111.0,N,A,R,21819,1,4931.0,90274810.0,,,49.0,493.0,,,,,,,23.04,0.046797,25274.0,1.0,22.79,582312.96,UIL,8.0,8.0,1.0,,4.0,10,1.0,1.0,5.0,8.0,5.0,3.0,2.0,9.0,5.0,9.0,6.0,2.0,3.0,1.0,3.0,7.0,4.0,3.0,6.0,1.0,3.0,,7.0,9.0,9.0,6.0,5.0,8.0,4.0,6.0,7.0,5.0,8.0,5.0,6.0,6.0,5.0,9.0,9.0,6.0,3.0,2.0,5.0,7.0,7.0,3,9.0,10,1
2009-04-16,53663,,11,1,4911.0,90274810,UIL,U I L HOLDINGS CORP,UIL,221111.0,N,A,R,21819,1,4931.0,90274810.0,,,49.0,493.0,,,,,,,23.2,0.006944,25274.0,1.0,23.32,586356.8,UIL,8.0,8.0,1.0,,4.0,10,1.0,1.0,5.0,8.0,5.0,3.0,2.0,9.0,5.0,9.0,6.0,2.0,3.0,1.0,3.0,7.0,4.0,3.0,6.0,1.0,3.0,,7.0,9.0,9.0,6.0,5.0,8.0,4.0,6.0,7.0,5.0,8.0,5.0,6.0,6.0,5.0,9.0,9.0,6.0,3.0,2.0,5.0,7.0,7.0,3,9.0,10,1
2009-04-17,53663,,11,1,4911.0,90274810,UIL,U I L HOLDINGS CORP,UIL,221111.0,N,A,R,21819,1,4931.0,90274810.0,,,49.0,493.0,,,,,,,23.58,0.016379,25274.0,1.0,23.28,595960.92,UIL,8.0,8.0,1.0,,4.0,10,1.0,1.0,5.0,8.0,5.0,3.0,2.0,9.0,5.0,9.0,6.0,2.0,3.0,1.0,3.0,7.0,4.0,3.0,6.0,1.0,3.0,,7.0,9.0,9.0,6.0,5.0,8.0,4.0,6.0,7.0,5.0,8.0,5.0,6.0,6.0,5.0,9.0,9.0,6.0,3.0,2.0,5.0,7.0,7.0,3,9.0,10,1
2009-04-20,53663,,11,1,4911.0,90274810,UIL,U I L HOLDINGS CORP,UIL,221111.0,N,A,R,21819,1,4931.0,90274810.0,,,49.0,493.0,,,,,,,22.73,-0.036048,25274.0,1.0,23.02,574478.02,UIL,8.0,8.0,1.0,,4.0,10,1.0,1.0,5.0,8.0,5.0,3.0,2.0,9.0,5.0,9.0,6.0,2.0,3.0,1.0,3.0,7.0,4.0,3.0,6.0,1.0,3.0,,7.0,9.0,9.0,6.0,5.0,8.0,4.0,6.0,7.0,5.0,8.0,5.0,6.0,6.0,5.0,9.0,9.0,6.0,3.0,2.0,5.0,7.0,7.0,3,9.0,10,1
2009-04-21,53663,,11,1,4911.0,90274810,UIL,U I L HOLDINGS CORP,UIL,221111.0,N,A,R,21819,1,4931.0,90274810.0,,,49.0,493.0,,,,,,,23.19,0.020238,25274.0,1.0,22.69,586104.06,UIL,8.0,8.0,1.0,,4.0,10,1.0,1.0,5.0,8.0,5.0,3.0,2.0,9.0,5.0,9.0,6.0,2.0,3.0,1.0,3.0,7.0,4.0,3.0,6.0,1.0,3.0,,7.0,9.0,9.0,6.0,5.0,8.0,4.0,6.0,7.0,5.0,8.0,5.0,6.0,6.0,5.0,9.0,9.0,6.0,3.0,2.0,5.0,7.0,7.0,3,9.0,10,1
2009-04-22,53663,,11,1,4911.0,90274810,UIL,U I L HOLDINGS CORP,UIL,221111.0,N,A,R,21819,1,4931.0,90274810.0,,,49.0,493.0,,,,,,,22.51,-0.029323,25274.0,1.0,22.87,568917.74,UIL,8.0,8.0,1.0,,4.0,10,1.0,1.0,5.0,8.0,5.0,3.0,2.0,9.0,5.0,9.0,6.0,2.0,3.0,1.0,3.0,7.0,4.0,3.0,6.0,1.0,3.0,,7.0,9.0,9.0,6.0,5.0,8.0,4.0,6.0,7.0,5.0,8.0,5.0,6.0,6.0,5.0,9.0,9.0,6.0,3.0,2.0,5.0,7.0,7.0,3,9.0,10,1
2009-04-23,53663,,11,1,4911.0,90274810,UIL,U I L HOLDINGS CORP,UIL,221111.0,N,A,R,21819,1,4931.0,90274810.0,,,49.0,493.0,,,,,,,22.26,-0.011106,25274.0,1.0,22.6,562599.24,UIL,8.0,8.0,1.0,,4.0,10,1.0,1.0,5.0,8.0,5.0,3.0,2.0,9.0,5.0,9.0,6.0,2.0,3.0,1.0,3.0,7.0,4.0,3.0,6.0,1.0,3.0,,7.0,9.0,9.0,6.0,5.0,8.0,4.0,6.0,7.0,5.0,8.0,5.0,6.0,6.0,5.0,9.0,9.0,6.0,3.0,2.0,5.0,7.0,7.0,3,9.0,10,1
2009-04-24,53663,,11,1,4911.0,90274810,UIL,U I L HOLDINGS CORP,UIL,221111.0,N,A,R,21819,1,4931.0,90274810.0,,,49.0,493.0,,,,,,,22.38,0.005391,25274.0,1.0,22.34,565632.12,UIL,8.0,8.0,1.0,,4.0,10,1.0,1.0,5.0,8.0,5.0,3.0,2.0,9.0,5.0,9.0,6.0,2.0,3.0,1.0,3.0,7.0,4.0,3.0,6.0,1.0,3.0,,7.0,9.0,9.0,6.0,5.0,8.0,4.0,6.0,7.0,5.0,8.0,5.0,6.0,6.0,5.0,9.0,9.0,6.0,3.0,2.0,5.0,7.0,7.0,3,9.0,10,1
2009-04-27,53663,,11,1,4911.0,90274810,UIL,U I L HOLDINGS CORP,UIL,221111.0,N,A,R,21819,1,4931.0,90274810.0,,,49.0,493.0,,,,,,,22.34,-0.001787,25274.0,1.0,22.03,564621.16,UIL,8.0,8.0,1.0,,4.0,10,1.0,1.0,5.0,8.0,5.0,3.0,2.0,9.0,5.0,9.0,6.0,2.0,3.0,1.0,3.0,7.0,4.0,3.0,6.0,1.0,3.0,,7.0,9.0,9.0,6.0,5.0,8.0,4.0,6.0,7.0,5.0,8.0,5.0,6.0,6.0,5.0,9.0,9.0,6.0,3.0,2.0,5.0,7.0,7.0,3,9.0,10,1
2009-04-28,53663,,11,1,4911.0,90274810,UIL,U I L HOLDINGS CORP,UIL,221111.0,N,A,R,21819,1,4931.0,90274810.0,,,49.0,493.0,,,,,,,22.44,0.004476,25274.0,1.0,22.05,567148.56,UIL,8.0,8.0,1.0,,4.0,10,1.0,1.0,5.0,8.0,5.0,3.0,2.0,9.0,5.0,9.0,6.0,2.0,3.0,1.0,3.0,7.0,4.0,3.0,6.0,1.0,3.0,,7.0,9.0,9.0,6.0,5.0,8.0,4.0,6.0,7.0,5.0,8.0,5.0,6.0,6.0,5.0,9.0,9.0,6.0,3.0,2.0,5.0,7.0,7.0,3,9.0,10,1
2009-04-29,53663,,11,1,4911.0,90274810,UIL,U I L HOLDINGS CORP,UIL,221111.0,N,A,R,21819,1,4931.0,90274810.0,,,49.0,493.0,,,,,,,22.85,0.018271,25274.0,1.0,22.66,577510.9,UIL,8.0,8.0,1.0,,4.0,10,1.0,1.0,5.0,8.0,5.0,3.0,2.0,9.0,5.0,9.0,6.0,2.0,3.0,1.0,3.0,7.0,4.0,3.0,6.0,1.0,3.0,,7.0,9.0,9.0,6.0,5.0,8.0,4.0,6.0,7.0,5.0,8.0,5.0,6.0,6.0,5.0,9.0,9.0,6.0,3.0,2.0,5.0,7.0,7.0,3,9.0,10,1
2009-04-30,53663,,11,1,4911.0,90274810,UIL,U I L HOLDINGS CORP,UIL,221111.0,N,A,R,21819,1,4931.0,90274810.0,,,49.0,493.0,,,,,,,23.09,0.010503,25302.0,1.0,22.77,584223.18,UIL,8.0,8.0,1.0,,4.0,10,1.0,1.0,5.0,8.0,5.0,3.0,2.0,9.0,5.0,9.0,6.0,2.0,3.0,1.0,3.0,7.0,4.0,3.0,6.0,1.0,3.0,,7.0,9.0,9.0,6.0,5.0,8.0,4.0,6.0,7.0,5.0,8.0,5.0,6.0,6.0,5.0,9.0,9.0,6.0,3.0,2.0,5.0,7.0,7.0,3,9.0,10,1
2009-05-01,53663,,11,1,4911.0,90274810,UIL,U I L HOLDINGS CORP,UIL,221111.0,N,A,R,21819,1,4931.0,90274810.0,,,49.0,493.0,,,,,,,23.6,0.022087,25302.0,1.0,23.1,597127.2,UIL,8.0,8.0,1.0,,4.0,10,1.0,1.0,5.0,8.0,5.0,3.0,2.0,9.0,5.0,9.0,6.0,2.0,3.0,1.0,3.0,7.0,4.0,3.0,6.0,1.0,3.0,,6.0,3.0,8.0,5.0,6.0,8.0,3.0,5.0,8.0,5.0,8.0,7.0,6.0,6.0,8.0,9.0,9.0,3.0,6.0,5.0,3.0,8.0,7.0,3,9.0,10,1
2009-05-04,53663,,11,1,4911.0,90274810,UIL,U I L HOLDINGS CORP,UIL,221111.0,N,A,R,21819,1,4931.0,90274810.0,,,49.0,493.0,,,,,,,23.38,-0.009322,25302.0,1.0,23.59,591560.76,UIL,8.0,8.0,1.0,,4.0,10,1.0,1.0,5.0,8.0,5.0,3.0,2.0,9.0,5.0,9.0,6.0,2.0,3.0,1.0,3.0,7.0,4.0,3.0,6.0,1.0,3.0,,6.0,3.0,8.0,5.0,6.0,8.0,3.0,5.0,8.0,5.0,8.0,7.0,6.0,6.0,8.0,9.0,9.0,3.0,6.0,5.0,3.0,8.0,7.0,3,9.0,10,1
2009-05-05,53663,,11,1,4911.0,90274810,UIL,U I L HOLDINGS CORP,UIL,221111.0,N,A,R,21819,1,4931.0,90274810.0,,,49.0,493.0,,,,,,,22.75,-0.026946,25302.0,1.0,23.27,575620.5,UIL,8.0,8.0,1.0,,4.0,10,1.0,1.0,5.0,8.0,5.0,3.0,2.0,9.0,5.0,9.0,6.0,2.0,3.0,1.0,3.0,7.0,4.0,3.0,6.0,1.0,3.0,,6.0,3.0,8.0,5.0,6.0,8.0,3.0,5.0,8.0,5.0,8.0,7.0,6.0,6.0,8.0,9.0,9.0,3.0,6.0,5.0,3.0,8.0,7.0,3,9.0,10,1
2009-05-06,53663,,11,1,4911.0,90274810,UIL,U I L HOLDINGS CORP,UIL,221111.0,N,A,R,21819,1,4931.0,90274810.0,,,49.0,493.0,,,,,,,23.59,0.036923,25302.0,1.0,23.22,596874.18,UIL,8.0,8.0,1.0,,4.0,10,1.0,1.0,5.0,8.0,5.0,3.0,2.0,9.0,5.0,9.0,6.0,2.0,3.0,1.0,3.0,7.0,4.0,3.0,6.0,1.0,3.0,,6.0,3.0,8.0,5.0,6.0,8.0,3.0,5.0,8.0,5.0,8.0,7.0,6.0,6.0,8.0,9.0,9.0,3.0,6.0,5.0,3.0,8.0,7.0,3,9.0,10,1
2009-05-07,53663,,11,1,4911.0,90274810,UIL,U I L HOLDINGS CORP,UIL,221111.0,N,A,R,21819,1,4931.0,90274810.0,,,49.0,493.0,,,,,,,23.63,0.001696,25302.0,1.0,23.97,597886.26,UIL,8.0,8.0,1.0,,4.0,10,1.0,1.0,5.0,8.0,5.0,3.0,2.0,9.0,5.0,9.0,6.0,2.0,3.0,1.0,3.0,7.0,4.0,3.0,6.0,1.0,3.0,,6.0,3.0,8.0,5.0,6.0,8.0,3.0,5.0,8.0,5.0,8.0,7.0,6.0,6.0,8.0,9.0,9.0,3.0,6.0,5.0,3.0,8.0,7.0,3,9.0,10,1
2009-05-08,53663,,11,1,4911.0,90274810,UIL,U I L HOLDINGS CORP,UIL,221111.0,N,A,R,21819,1,4931.0,90274810.0,,,49.0,493.0,,,,,,,24.2,0.024122,25302.0,1.0,23.95,612308.4,UIL,8.0,8.0,1.0,,4.0,10,1.0,1.0,5.0,8.0,5.0,3.0,2.0,9.0,5.0,9.0,6.0,2.0,3.0,1.0,3.0,7.0,4.0,3.0,6.0,1.0,3.0,,6.0,3.0,8.0,5.0,6.0,8.0,3.0,5.0,8.0,5.0,8.0,7.0,6.0,6.0,8.0,9.0,9.0,3.0,6.0,5.0,3.0,8.0,7.0,3,9.0,10,1
2009-05-11,53663,,11,1,4911.0,90274810,UIL,U I L HOLDINGS CORP,UIL,221111.0,N,A,R,21819,1,4931.0,90274810.0,,,49.0,493.0,,,,,,,23.63,-0.023554,25302.0,1.0,23.67,597886.26,UIL,8.0,8.0,1.0,,4.0,10,1.0,1.0,5.0,8.0,5.0,3.0,2.0,9.0,5.0,9.0,6.0,2.0,3.0,1.0,3.0,7.0,4.0,3.0,6.0,1.0,3.0,,6.0,3.0,8.0,5.0,6.0,8.0,3.0,5.0,8.0,5.0,8.0,7.0,6.0,6.0,8.0,9.0,9.0,3.0,6.0,5.0,3.0,8.0,7.0,3,9.0,10,1
2009-05-12,53663,,11,1,4911.0,90274810,UIL,U I L HOLDINGS CORP,UIL,221111.0,N,A,R,21819,1,4931.0,90274810.0,,,49.0,493.0,,,,,,,23.84,0.008887,25302.0,1.0,23.84,603199.68,UIL,8.0,8.0,1.0,,4.0,10,1.0,1.0,5.0,8.0,5.0,3.0,2.0,9.0,5.0,9.0,6.0,2.0,3.0,1.0,3.0,7.0,4.0,3.0,6.0,1.0,3.0,,6.0,3.0,8.0,5.0,6.0,8.0,3.0,5.0,8.0,5.0,8.0,7.0,6.0,6.0,8.0,9.0,9.0,3.0,6.0,5.0,3.0,8.0,7.0,3,9.0,10,1
2009-05-13,53663,,11,1,4911.0,90274810,UIL,U I L HOLDINGS CORP,UIL,221111.0,N,A,R,21819,1,4931.0,90274810.0,,,49.0,493.0,,,,,,,23.52,-0.013423,25302.0,1.0,23.52,595103.04,UIL,8.0,8.0,1.0,,4.0,10,1.0,1.0,5.0,8.0,5.0,3.0,2.0,9.0,5.0,9.0,6.0,2.0,3.0,1.0,3.0,7.0,4.0,3.0,6.0,1.0,3.0,,6.0,3.0,8.0,5.0,6.0,8.0,3.0,5.0,8.0,5.0,8.0,7.0,6.0,6.0,8.0,9.0,9.0,3.0,6.0,5.0,3.0,8.0,7.0,3,9.0,10,1
2009-05-14,53663,,11,1,4911.0,90274810,UIL,U I L HOLDINGS CORP,UIL,221111.0,N,A,R,21819,1,4931.0,90274810.0,,,49.0,493.0,,,,,,,23.59,0.002976,25302.0,1.0,23.7,596874.18,UIL,8.0,8.0,1.0,,4.0,10,1.0,1.0,5.0,8.0,5.0,3.0,2.0,9.0,5.0,9.0,6.0,2.0,3.0,1.0,3.0,7.0,4.0,3.0,6.0,1.0,3.0,,6.0,3.0,8.0,5.0,6.0,8.0,3.0,5.0,8.0,5.0,8.0,7.0,6.0,6.0,8.0,9.0,9.0,3.0,6.0,5.0,3.0,8.0,7.0,3,9.0,10,1
2009-05-15,53663,,11,1,4911.0,90274810,UIL,U I L HOLDINGS CORP,UIL,221111.0,N,A,R,21819,1,4931.0,90274810.0,,,49.0,493.0,,,,,,,23.55,-0.001696,25302.0,1.0,23.5,595862.1,UIL,8.0,8.0,1.0,,4.0,10,1.0,1.0,5.0,8.0,5.0,3.0,2.0,9.0,5.0,9.0,6.0,2.0,3.0,1.0,3.0,7.0,4.0,3.0,6.0,1.0,3.0,,6.0,3.0,8.0,5.0,6.0,8.0,3.0,5.0,8.0,5.0,8.0,7.0,6.0,6.0,8.0,9.0,9.0,3.0,6.0,5.0,3.0,8.0,7.0,3,9.0,10,1
2009-05-18,53663,,11,1,4911.0,90274810,UIL,U I L HOLDINGS CORP,UIL,221111.0,N,A,R,21819,1,4931.0,90274810.0,,,49.0,493.0,,,,,,,24.02,0.019958,25302.0,1.0,23.8,607754.04,UIL,8.0,8.0,1.0,,4.0,10,1.0,1.0,5.0,8.0,5.0,3.0,2.0,9.0,5.0,9.0,6.0,2.0,3.0,1.0,3.0,7.0,4.0,3.0,6.0,1.0,3.0,,6.0,3.0,8.0,5.0,6.0,8.0,3.0,5.0,8.0,5.0,8.0,7.0,6.0,6.0,8.0,9.0,9.0,3.0,6.0,5.0,3.0,8.0,7.0,3,9.0,10,1
2009-05-19,53663,,11,1,4911.0,90274810,UIL,U I L HOLDINGS CORP,UIL,221111.0,N,A,R,21819,1,4931.0,90274810.0,,,49.0,493.0,,,,,,,22.93,-0.045379,25302.0,1.0,23.1,580174.86,UIL,8.0,8.0,1.0,,4.0,10,1.0,1.0,5.0,8.0,5.0,3.0,2.0,9.0,5.0,9.0,6.0,2.0,3.0,1.0,3.0,7.0,4.0,3.0,6.0,1.0,3.0,,6.0,3.0,8.0,5.0,6.0,8.0,3.0,5.0,8.0,5.0,8.0,7.0,6.0,6.0,8.0,9.0,9.0,3.0,6.0,5.0,3.0,8.0,7.0,3,9.0,10,1
2009-05-20,53663,,11,1,4911.0,90274810,UIL,U I L HOLDINGS CORP,UIL,221111.0,N,A,R,21819,1,4931.0,90274810.0,,,49.0,493.0,,,,,,,21.53,-0.061055,25302.0,1.0,23.04,544752.06,UIL,8.0,8.0,1.0,,4.0,10,1.0,1.0,5.0,8.0,5.0,3.0,2.0,9.0,5.0,9.0,6.0,2.0,3.0,1.0,3.0,7.0,4.0,3.0,6.0,1.0,3.0,,6.0,3.0,8.0,5.0,6.0,8.0,3.0,5.0,8.0,5.0,8.0,7.0,6.0,6.0,8.0,9.0,9.0,3.0,6.0,5.0,3.0,8.0,7.0,3,9.0,10,1
2009-05-21,53663,,11,1,4911.0,90274810,UIL,U I L HOLDINGS CORP,UIL,221111.0,N,A,R,21819,1,4931.0,90274810.0,,,49.0,493.0,,,,,,,21.05,-0.022295,25302.0,1.0,21.0,532607.1,UIL,8.0,8.0,1.0,,4.0,10,1.0,1.0,5.0,8.0,5.0,3.0,2.0,9.0,5.0,9.0,6.0,2.0,3.0,1.0,3.0,7.0,4.0,3.0,6.0,1.0,3.0,,6.0,3.0,8.0,5.0,6.0,8.0,3.0,5.0,8.0,5.0,8.0,7.0,6.0,6.0,8.0,9.0,9.0,3.0,6.0,5.0,3.0,8.0,7.0,3,9.0,10,1
2009-05-22,53663,,11,1,4911.0,90274810,UIL,U I L HOLDINGS CORP,UIL,221111.0,N,A,R,21819,1,4931.0,90274810.0,,,49.0,493.0,,,,,,,20.75,-0.014252,25302.0,1.0,21.1,525016.5,UIL,8.0,8.0,1.0,,4.0,10,1.0,1.0,5.0,8.0,5.0,3.0,2.0,9.0,5.0,9.0,6.0,2.0,3.0,1.0,3.0,7.0,4.0,3.0,6.0,1.0,3.0,,6.0,3.0,8.0,5.0,6.0,8.0,3.0,5.0,8.0,5.0,8.0,7.0,6.0,6.0,8.0,9.0,9.0,3.0,6.0,5.0,3.0,8.0,7.0,3,9.0,10,1
2009-05-26,53663,,11,1,4911.0,90274810,UIL,U I L HOLDINGS CORP,UIL,221111.0,N,A,R,21819,1,4931.0,90274810.0,,,49.0,493.0,,,,,,,21.05,0.014458,25302.0,1.0,20.61,532607.1,UIL,8.0,8.0,1.0,,4.0,10,1.0,1.0,5.0,8.0,5.0,3.0,2.0,9.0,5.0,9.0,6.0,2.0,3.0,1.0,3.0,7.0,4.0,3.0,6.0,1.0,3.0,,6.0,3.0,8.0,5.0,6.0,8.0,3.0,5.0,8.0,5.0,8.0,7.0,6.0,6.0,8.0,9.0,9.0,3.0,6.0,5.0,3.0,8.0,7.0,3,9.0,10,1
2009-05-27,53663,,11,1,4911.0,90274810,UIL,U I L HOLDINGS CORP,UIL,221111.0,N,A,R,21819,1,4931.0,90274810.0,,,49.0,493.0,,,,,,,20.69,-0.017102,25302.0,1.0,21.12,523498.38,UIL,8.0,8.0,1.0,,4.0,10,1.0,1.0,5.0,8.0,5.0,3.0,2.0,9.0,5.0,9.0,6.0,2.0,3.0,1.0,3.0,7.0,4.0,3.0,6.0,1.0,3.0,,6.0,3.0,8.0,5.0,6.0,8.0,3.0,5.0,8.0,5.0,8.0,7.0,6.0,6.0,8.0,9.0,9.0,3.0,6.0,5.0,3.0,8.0,7.0,3,9.0,10,1
2009-05-28,53663,,11,1,4911.0,90274810,UIL,U I L HOLDINGS CORP,UIL,221111.0,N,A,R,21819,1,4931.0,90274810.0,,,49.0,493.0,,,,,,,20.93,0.0116,25302.0,1.0,20.94,529570.86,UIL,8.0,8.0,1.0,,4.0,10,1.0,1.0,5.0,8.0,5.0,3.0,2.0,9.0,5.0,9.0,6.0,2.0,3.0,1.0,3.0,7.0,4.0,3.0,6.0,1.0,3.0,,6.0,3.0,8.0,5.0,6.0,8.0,3.0,5.0,8.0,5.0,8.0,7.0,6.0,6.0,8.0,9.0,9.0,3.0,6.0,5.0,3.0,8.0,7.0,3,9.0,10,1
2009-05-29,53663,,11,1,4911.0,90274810,UIL,U I L HOLDINGS CORP,UIL,221111.0,N,A,R,21819,1,4931.0,90274810.0,,,49.0,493.0,,,,,,,20.73,-0.009556,29328.0,1.0,21.07,607969.44,UIL,8.0,8.0,1.0,,4.0,10,1.0,1.0,5.0,8.0,5.0,3.0,2.0,9.0,5.0,9.0,6.0,2.0,3.0,1.0,3.0,7.0,4.0,3.0,6.0,1.0,3.0,,6.0,3.0,8.0,5.0,6.0,8.0,3.0,5.0,8.0,5.0,8.0,7.0,6.0,6.0,8.0,9.0,9.0,3.0,6.0,5.0,3.0,8.0,7.0,3,9.0,10,1
2009-06-01,53663,,11,1,4911.0,90274810,UIL,U I L HOLDINGS CORP,UIL,221111.0,N,A,R,21819,1,4931.0,90274810.0,,,49.0,493.0,,,,,,,21.02,0.013989,29328.0,1.0,20.98,616474.56,UIL,8.0,8.0,1.0,,4.0,10,1.0,1.0,5.0,8.0,5.0,3.0,2.0,9.0,5.0,9.0,6.0,2.0,3.0,1.0,3.0,7.0,4.0,3.0,6.0,1.0,3.0,,2.0,2.0,5.0,2.0,5.0,7.0,5.0,5.0,8.0,1.0,10.0,6.0,7.0,5.0,9.0,8.0,9.0,9.0,9.0,10.0,7.0,9.0,6.0,3,7.0,10,1
2009-06-02,53663,,11,1,4911.0,90274810,UIL,U I L HOLDINGS CORP,UIL,221111.0,N,A,R,21819,1,4931.0,90274810.0,,,49.0,493.0,,,,,,,20.95,-0.00333,29328.0,1.0,20.99,614421.6,UIL,8.0,8.0,1.0,,4.0,10,1.0,1.0,5.0,8.0,5.0,3.0,2.0,9.0,5.0,9.0,6.0,2.0,3.0,1.0,3.0,7.0,4.0,3.0,6.0,1.0,3.0,,2.0,2.0,5.0,2.0,5.0,7.0,5.0,5.0,8.0,1.0,10.0,6.0,7.0,5.0,9.0,8.0,9.0,9.0,9.0,10.0,7.0,9.0,6.0,3,7.0,10,1
2009-06-03,53663,,11,1,4911.0,90274810,UIL,U I L HOLDINGS CORP,UIL,221111.0,N,A,R,21819,1,4931.0,90274810.0,,,49.0,493.0,,,,,,,21.12,0.008115,29328.0,1.0,20.89,619407.36,UIL,8.0,8.0,1.0,,4.0,10,1.0,1.0,5.0,8.0,5.0,3.0,2.0,9.0,5.0,9.0,6.0,2.0,3.0,1.0,3.0,7.0,4.0,3.0,6.0,1.0,3.0,,2.0,2.0,5.0,2.0,5.0,7.0,5.0,5.0,8.0,1.0,10.0,6.0,7.0,5.0,9.0,8.0,9.0,9.0,9.0,10.0,7.0,9.0,6.0,3,7.0,10,1
2009-06-04,53663,,11,1,4911.0,90274810,UIL,U I L HOLDINGS CORP,UIL,221111.0,N,A,R,21819,1,4931.0,90274810.0,,,49.0,493.0,,,,,,,21.46,0.016098,29328.0,1.0,21.2,629378.88,UIL,8.0,8.0,1.0,,4.0,10,1.0,1.0,5.0,8.0,5.0,3.0,2.0,9.0,5.0,9.0,6.0,2.0,3.0,1.0,3.0,7.0,4.0,3.0,6.0,1.0,3.0,,2.0,2.0,5.0,2.0,5.0,7.0,5.0,5.0,8.0,1.0,10.0,6.0,7.0,5.0,9.0,8.0,9.0,9.0,9.0,10.0,7.0,9.0,6.0,3,7.0,10,1
2009-06-05,53663,,11,1,4911.0,90274810,UIL,U I L HOLDINGS CORP,UIL,221111.0,N,A,R,21819,1,4931.0,90274810.0,,,49.0,493.0,,,,,,,21.44,-0.000932,29328.0,1.0,21.5,628792.32,UIL,8.0,8.0,1.0,,4.0,10,1.0,1.0,5.0,8.0,5.0,3.0,2.0,9.0,5.0,9.0,6.0,2.0,3.0,1.0,3.0,7.0,4.0,3.0,6.0,1.0,3.0,,2.0,2.0,5.0,2.0,5.0,7.0,5.0,5.0,8.0,1.0,10.0,6.0,7.0,5.0,9.0,8.0,9.0,9.0,9.0,10.0,7.0,9.0,6.0,3,7.0,10,1
2009-06-08,53663,,11,1,4911.0,90274810,UIL,U I L HOLDINGS CORP,UIL,221111.0,N,A,R,21819,1,4931.0,90274810.0,,,49.0,493.0,,,,,,,21.59,0.006996,29328.0,1.0,21.46,633191.52,UIL,8.0,8.0,1.0,,4.0,10,1.0,1.0,5.0,8.0,5.0,3.0,2.0,9.0,5.0,9.0,6.0,2.0,3.0,1.0,3.0,7.0,4.0,3.0,6.0,1.0,3.0,,2.0,2.0,5.0,2.0,5.0,7.0,5.0,5.0,8.0,1.0,10.0,6.0,7.0,5.0,9.0,8.0,9.0,9.0,9.0,10.0,7.0,9.0,6.0,3,7.0,10,1
2009-06-09,53663,,11,1,4911.0,90274810,UIL,U I L HOLDINGS CORP,UIL,221111.0,N,A,R,21819,1,4931.0,90274810.0,,,49.0,493.0,,,,,,,21.43,-0.007411,29328.0,1.0,21.54,628499.04,UIL,8.0,8.0,1.0,,4.0,10,1.0,1.0,5.0,8.0,5.0,3.0,2.0,9.0,5.0,9.0,6.0,2.0,3.0,1.0,3.0,7.0,4.0,3.0,6.0,1.0,3.0,,2.0,2.0,5.0,2.0,5.0,7.0,5.0,5.0,8.0,1.0,10.0,6.0,7.0,5.0,9.0,8.0,9.0,9.0,9.0,10.0,7.0,9.0,6.0,3,7.0,10,1
2009-06-10,53663,,11,1,4911.0,90274810,UIL,U I L HOLDINGS CORP,UIL,221111.0,N,A,R,21819,1,4931.0,90274810.0,,,49.0,493.0,,,,,,,21.69,0.012133,29328.0,1.0,21.5,636124.32,UIL,8.0,8.0,1.0,,4.0,10,1.0,1.0,5.0,8.0,5.0,3.0,2.0,9.0,5.0,9.0,6.0,2.0,3.0,1.0,3.0,7.0,4.0,3.0,6.0,1.0,3.0,,2.0,2.0,5.0,2.0,5.0,7.0,5.0,5.0,8.0,1.0,10.0,6.0,7.0,5.0,9.0,8.0,9.0,9.0,9.0,10.0,7.0,9.0,6.0,3,7.0,10,1
2009-06-11,53663,,11,1,4911.0,90274810,UIL,U I L HOLDINGS CORP,UIL,221111.0,N,A,R,21819,1,4931.0,90274810.0,,,49.0,493.0,,,,,,,21.72,0.001383,29328.0,1.0,21.61,637004.16,UIL,8.0,8.0,1.0,,4.0,10,1.0,1.0,5.0,8.0,5.0,3.0,2.0,9.0,5.0,9.0,6.0,2.0,3.0,1.0,3.0,7.0,4.0,3.0,6.0,1.0,3.0,,2.0,2.0,5.0,2.0,5.0,7.0,5.0,5.0,8.0,1.0,10.0,6.0,7.0,5.0,9.0,8.0,9.0,9.0,9.0,10.0,7.0,9.0,6.0,3,7.0,10,1
2009-06-12,53663,,11,1,4911.0,90274810,UIL,U I L HOLDINGS CORP,UIL,221111.0,N,A,R,21819,1,4931.0,90274810.0,,,49.0,493.0,,,,,,,22.44,0.033149,29328.0,1.0,21.7,658120.32,UIL,8.0,8.0,1.0,,4.0,10,1.0,1.0,5.0,8.0,5.0,3.0,2.0,9.0,5.0,9.0,6.0,2.0,3.0,1.0,3.0,7.0,4.0,3.0,6.0,1.0,3.0,,2.0,2.0,5.0,2.0,5.0,7.0,5.0,5.0,8.0,1.0,10.0,6.0,7.0,5.0,9.0,8.0,9.0,9.0,9.0,10.0,7.0,9.0,6.0,3,7.0,10,1
2009-06-15,53663,,11,1,4911.0,90274810,UIL,U I L HOLDINGS CORP,UIL,221111.0,N,A,R,21819,1,4931.0,90274810.0,,,49.0,493.0,1232.0,0.432,0.0,,,,21.69,-0.014171,29328.0,1.0,21.9,636124.32,UIL,8.0,8.0,1.0,,4.0,10,1.0,1.0,5.0,8.0,5.0,3.0,2.0,9.0,5.0,9.0,6.0,2.0,3.0,1.0,3.0,7.0,4.0,3.0,6.0,1.0,3.0,,2.0,2.0,5.0,2.0,5.0,7.0,5.0,5.0,8.0,1.0,10.0,6.0,7.0,5.0,9.0,8.0,9.0,9.0,9.0,10.0,7.0,9.0,6.0,3,7.0,10,1
2009-06-16,53663,,11,1,4911.0,90274810,UIL,U I L HOLDINGS CORP,UIL,221111.0,N,A,R,21819,1,4931.0,90274810.0,,,49.0,493.0,,,,,,,21.45,-0.011065,29328.0,1.0,21.74,629085.6,UIL,8.0,8.0,1.0,,4.0,10,1.0,1.0,5.0,8.0,5.0,3.0,2.0,9.0,5.0,9.0,6.0,2.0,3.0,1.0,3.0,7.0,4.0,3.0,6.0,1.0,3.0,,2.0,2.0,5.0,2.0,5.0,7.0,5.0,5.0,8.0,1.0,10.0,6.0,7.0,5.0,9.0,8.0,9.0,9.0,9.0,10.0,7.0,9.0,6.0,3,7.0,10,1
2009-06-17,53663,,11,1,4911.0,90274810,UIL,U I L HOLDINGS CORP,UIL,221111.0,N,A,R,21819,1,4931.0,90274810.0,,,49.0,493.0,,,,,,,21.65,0.009324,29328.0,1.0,21.35,634951.2,UIL,8.0,8.0,1.0,,4.0,10,1.0,1.0,5.0,8.0,5.0,3.0,2.0,9.0,5.0,9.0,6.0,2.0,3.0,1.0,3.0,7.0,4.0,3.0,6.0,1.0,3.0,,2.0,2.0,5.0,2.0,5.0,7.0,5.0,5.0,8.0,1.0,10.0,6.0,7.0,5.0,9.0,8.0,9.0,9.0,9.0,10.0,7.0,9.0,6.0,3,7.0,10,1
2009-06-18,53663,,11,1,4911.0,90274810,UIL,U I L HOLDINGS CORP,UIL,221111.0,N,A,R,21819,1,4931.0,90274810.0,,,49.0,493.0,,,,,,,22.64,0.045727,29328.0,1.0,21.75,663985.92,UIL,8.0,8.0,1.0,,4.0,10,1.0,1.0,5.0,8.0,5.0,3.0,2.0,9.0,5.0,9.0,6.0,2.0,3.0,1.0,3.0,7.0,4.0,3.0,6.0,1.0,3.0,,2.0,2.0,5.0,2.0,5.0,7.0,5.0,5.0,8.0,1.0,10.0,6.0,7.0,5.0,9.0,8.0,9.0,9.0,9.0,10.0,7.0,9.0,6.0,3,7.0,10,1
2009-06-19,53663,,11,1,4911.0,90274810,UIL,U I L HOLDINGS CORP,UIL,221111.0,N,A,R,21819,1,4931.0,90274810.0,,,49.0,493.0,,,,,,,22.43,-0.009276,29328.0,1.0,22.89,657827.04,UIL,8.0,8.0,1.0,,4.0,10,1.0,1.0,5.0,8.0,5.0,3.0,2.0,9.0,5.0,9.0,6.0,2.0,3.0,1.0,3.0,7.0,4.0,3.0,6.0,1.0,3.0,,2.0,2.0,5.0,2.0,5.0,7.0,5.0,5.0,8.0,1.0,10.0,6.0,7.0,5.0,9.0,8.0,9.0,9.0,9.0,10.0,7.0,9.0,6.0,3,7.0,10,1
2009-06-22,53663,,11,1,4911.0,90274810,UIL,U I L HOLDINGS CORP,UIL,221111.0,N,A,R,21819,1,4931.0,90274810.0,,,49.0,493.0,,,,,,,22.0,-0.019171,29328.0,1.0,22.24,645216.0,UIL,8.0,8.0,1.0,,4.0,10,1.0,1.0,5.0,8.0,5.0,3.0,2.0,9.0,5.0,9.0,6.0,2.0,3.0,1.0,3.0,7.0,4.0,3.0,6.0,1.0,3.0,,2.0,2.0,5.0,2.0,5.0,7.0,5.0,5.0,8.0,1.0,10.0,6.0,7.0,5.0,9.0,8.0,9.0,9.0,9.0,10.0,7.0,9.0,6.0,3,7.0,10,1
2009-06-23,53663,,11,1,4911.0,90274810,UIL,U I L HOLDINGS CORP,UIL,221111.0,N,A,R,21819,1,4931.0,90274810.0,,,49.0,493.0,,,,,,,21.46,-0.024545,29328.0,1.0,22.02,629378.88,UIL,8.0,8.0,1.0,,4.0,10,1.0,1.0,5.0,8.0,5.0,3.0,2.0,9.0,5.0,9.0,6.0,2.0,3.0,1.0,3.0,7.0,4.0,3.0,6.0,1.0,3.0,,2.0,2.0,5.0,2.0,5.0,7.0,5.0,5.0,8.0,1.0,10.0,6.0,7.0,5.0,9.0,8.0,9.0,9.0,9.0,10.0,7.0,9.0,6.0,3,7.0,10,1
2009-06-24,53663,,11,1,4911.0,90274810,UIL,U I L HOLDINGS CORP,UIL,221111.0,N,A,R,21819,1,4931.0,90274810.0,,,49.0,493.0,,,,,,,21.72,0.012116,29328.0,1.0,21.67,637004.16,UIL,8.0,8.0,1.0,,4.0,10,1.0,1.0,5.0,8.0,5.0,3.0,2.0,9.0,5.0,9.0,6.0,2.0,3.0,1.0,3.0,7.0,4.0,3.0,6.0,1.0,3.0,,2.0,2.0,5.0,2.0,5.0,7.0,5.0,5.0,8.0,1.0,10.0,6.0,7.0,5.0,9.0,8.0,9.0,9.0,9.0,10.0,7.0,9.0,6.0,3,7.0,10,1
2009-06-25,53663,,11,1,4911.0,90274810,UIL,U I L HOLDINGS CORP,UIL,221111.0,N,A,R,21819,1,4931.0,90274810.0,,,49.0,493.0,,,,,,,21.83,0.005064,29328.0,1.0,21.55,640230.24,UIL,8.0,8.0,1.0,,4.0,10,1.0,1.0,5.0,8.0,5.0,3.0,2.0,9.0,5.0,9.0,6.0,2.0,3.0,1.0,3.0,7.0,4.0,3.0,6.0,1.0,3.0,,2.0,2.0,5.0,2.0,5.0,7.0,5.0,5.0,8.0,1.0,10.0,6.0,7.0,5.0,9.0,8.0,9.0,9.0,9.0,10.0,7.0,9.0,6.0,3,7.0,10,1
2009-06-26,53663,,11,1,4911.0,90274810,UIL,U I L HOLDINGS CORP,UIL,221111.0,N,A,R,21819,1,4931.0,90274810.0,,,49.0,493.0,,,,,,,21.96,0.005955,29328.0,1.0,21.77,644042.88,UIL,8.0,8.0,1.0,,4.0,10,1.0,1.0,5.0,8.0,5.0,3.0,2.0,9.0,5.0,9.0,6.0,2.0,3.0,1.0,3.0,7.0,4.0,3.0,6.0,1.0,3.0,,2.0,2.0,5.0,2.0,5.0,7.0,5.0,5.0,8.0,1.0,10.0,6.0,7.0,5.0,9.0,8.0,9.0,9.0,9.0,10.0,7.0,9.0,6.0,3,7.0,10,1
2009-06-29,53663,,11,1,4911.0,90274810,UIL,U I L HOLDINGS CORP,UIL,221111.0,N,A,R,21819,1,4931.0,90274810.0,,,49.0,493.0,,,,,,,22.07,0.005009,29328.0,1.0,21.71,647268.96,UIL,8.0,8.0,1.0,,4.0,10,1.0,1.0,5.0,8.0,5.0,3.0,2.0,9.0,5.0,9.0,6.0,2.0,3.0,1.0,3.0,7.0,4.0,3.0,6.0,1.0,3.0,,2.0,2.0,5.0,2.0,5.0,7.0,5.0,5.0,8.0,1.0,10.0,6.0,7.0,5.0,9.0,8.0,9.0,9.0,9.0,10.0,7.0,9.0,6.0,3,7.0,10,1
2009-06-30,53663,,11,1,4911.0,90274810,UIL,U I L HOLDINGS CORP,UIL,221111.0,N,A,R,21819,1,4931.0,90274810.0,,,49.0,493.0,,,,,,,22.45,0.017218,29328.0,1.0,22.07,658413.6,UIL,8.0,8.0,1.0,,4.0,10,1.0,1.0,5.0,8.0,5.0,3.0,2.0,9.0,5.0,9.0,6.0,2.0,3.0,1.0,3.0,7.0,4.0,3.0,6.0,1.0,3.0,,2.0,2.0,5.0,2.0,5.0,7.0,5.0,5.0,8.0,1.0,10.0,6.0,7.0,5.0,9.0,8.0,9.0,9.0,9.0,10.0,7.0,9.0,6.0,3,7.0,10,1
2009-07-01,53663,,11,1,4911.0,90274810,UIL,U I L HOLDINGS CORP,UIL,221111.0,N,A,R,21819,1,4931.0,90274810.0,,,49.0,493.0,,,,,,,23.34,0.039644,29328.0,1.0,22.54,684515.52,UIL,7.0,7.0,2.0,,3.0,10,1.0,1.0,1.0,6.0,2.0,2.0,4.0,8.0,5.0,8.0,4.0,2.0,5.0,8.0,9.0,6.0,5.0,5.0,4.0,4.0,4.0,,1.0,3.0,3.0,1.0,6.0,6.0,6.0,5.0,8.0,1.0,10.0,5.0,7.0,6.0,2.0,8.0,9.0,5.0,3.0,2.0,2.0,8.0,6.0,3,6.0,10,1
2009-07-02,53663,,11,1,4911.0,90274810,UIL,U I L HOLDINGS CORP,UIL,221111.0,N,A,R,21819,1,4931.0,90274810.0,,,49.0,493.0,,,,,,,22.1,-0.053128,29328.0,1.0,23.06,648148.8,UIL,7.0,7.0,2.0,,3.0,10,1.0,1.0,1.0,6.0,2.0,2.0,4.0,8.0,5.0,8.0,4.0,2.0,5.0,8.0,9.0,6.0,5.0,5.0,4.0,4.0,4.0,,1.0,3.0,3.0,1.0,6.0,6.0,6.0,5.0,8.0,1.0,10.0,5.0,7.0,6.0,2.0,8.0,9.0,5.0,3.0,2.0,2.0,8.0,6.0,3,6.0,10,1
2009-07-06,53663,,11,1,4911.0,90274810,UIL,U I L HOLDINGS CORP,UIL,221111.0,N,A,R,21819,1,4931.0,90274810.0,,,49.0,493.0,,,,,,,22.71,0.027602,29328.0,1.0,22.07,666038.88,UIL,7.0,7.0,2.0,,3.0,10,1.0,1.0,1.0,6.0,2.0,2.0,4.0,8.0,5.0,8.0,4.0,2.0,5.0,8.0,9.0,6.0,5.0,5.0,4.0,4.0,4.0,,1.0,3.0,3.0,1.0,6.0,6.0,6.0,5.0,8.0,1.0,10.0,5.0,7.0,6.0,2.0,8.0,9.0,5.0,3.0,2.0,2.0,8.0,6.0,3,6.0,10,1
2009-07-07,53663,,11,1,4911.0,90274810,UIL,U I L HOLDINGS CORP,UIL,221111.0,N,A,R,21819,1,4931.0,90274810.0,,,49.0,493.0,,,,,,,22.21,-0.022017,29328.0,1.0,22.77,651374.88,UIL,7.0,7.0,2.0,,3.0,10,1.0,1.0,1.0,6.0,2.0,2.0,4.0,8.0,5.0,8.0,4.0,2.0,5.0,8.0,9.0,6.0,5.0,5.0,4.0,4.0,4.0,,1.0,3.0,3.0,1.0,6.0,6.0,6.0,5.0,8.0,1.0,10.0,5.0,7.0,6.0,2.0,8.0,9.0,5.0,3.0,2.0,2.0,8.0,6.0,3,6.0,10,1
2009-07-08,53663,,11,1,4911.0,90274810,UIL,U I L HOLDINGS CORP,UIL,221111.0,N,A,R,21819,1,4931.0,90274810.0,,,49.0,493.0,,,,,,,22.43,0.009906,29328.0,1.0,22.36,657827.04,UIL,7.0,7.0,2.0,,3.0,10,1.0,1.0,1.0,6.0,2.0,2.0,4.0,8.0,5.0,8.0,4.0,2.0,5.0,8.0,9.0,6.0,5.0,5.0,4.0,4.0,4.0,,1.0,3.0,3.0,1.0,6.0,6.0,6.0,5.0,8.0,1.0,10.0,5.0,7.0,6.0,2.0,8.0,9.0,5.0,3.0,2.0,2.0,8.0,6.0,3,6.0,10,1
2009-07-09,53663,,11,1,4911.0,90274810,UIL,U I L HOLDINGS CORP,UIL,221111.0,N,A,R,21819,1,4931.0,90274810.0,,,49.0,493.0,,,,,,,21.92,-0.022737,29328.0,1.0,22.64,642869.76,UIL,7.0,7.0,2.0,,3.0,10,1.0,1.0,1.0,6.0,2.0,2.0,4.0,8.0,5.0,8.0,4.0,2.0,5.0,8.0,9.0,6.0,5.0,5.0,4.0,4.0,4.0,,1.0,3.0,3.0,1.0,6.0,6.0,6.0,5.0,8.0,1.0,10.0,5.0,7.0,6.0,2.0,8.0,9.0,5.0,3.0,2.0,2.0,8.0,6.0,3,6.0,10,1
2009-07-10,53663,,11,1,4911.0,90274810,UIL,U I L HOLDINGS CORP,UIL,221111.0,N,A,R,21819,1,4931.0,90274810.0,,,49.0,493.0,,,,,,,22.57,0.029653,29328.0,1.0,22.0,661932.96,UIL,7.0,7.0,2.0,,3.0,10,1.0,1.0,1.0,6.0,2.0,2.0,4.0,8.0,5.0,8.0,4.0,2.0,5.0,8.0,9.0,6.0,5.0,5.0,4.0,4.0,4.0,,1.0,3.0,3.0,1.0,6.0,6.0,6.0,5.0,8.0,1.0,10.0,5.0,7.0,6.0,2.0,8.0,9.0,5.0,3.0,2.0,2.0,8.0,6.0,3,6.0,10,1
2009-07-13,53663,,11,1,4911.0,90274810,UIL,U I L HOLDINGS CORP,UIL,221111.0,N,A,R,21819,1,4931.0,90274810.0,,,49.0,493.0,,,,,,,22.84,0.011963,29328.0,1.0,22.55,669851.52,UIL,7.0,7.0,2.0,,3.0,10,1.0,1.0,1.0,6.0,2.0,2.0,4.0,8.0,5.0,8.0,4.0,2.0,5.0,8.0,9.0,6.0,5.0,5.0,4.0,4.0,4.0,,1.0,3.0,3.0,1.0,6.0,6.0,6.0,5.0,8.0,1.0,10.0,5.0,7.0,6.0,2.0,8.0,9.0,5.0,3.0,2.0,2.0,8.0,6.0,3,6.0,10,1
2009-07-14,53663,,11,1,4911.0,90274810,UIL,U I L HOLDINGS CORP,UIL,221111.0,N,A,R,21819,1,4931.0,90274810.0,,,49.0,493.0,,,,,,,22.93,0.00394,29328.0,1.0,22.78,672491.04,UIL,7.0,7.0,2.0,,3.0,10,1.0,1.0,1.0,6.0,2.0,2.0,4.0,8.0,5.0,8.0,4.0,2.0,5.0,8.0,9.0,6.0,5.0,5.0,4.0,4.0,4.0,,1.0,3.0,3.0,1.0,6.0,6.0,6.0,5.0,8.0,1.0,10.0,5.0,7.0,6.0,2.0,8.0,9.0,5.0,3.0,2.0,2.0,8.0,6.0,3,6.0,10,1
2009-07-15,53663,,11,1,4911.0,90274810,UIL,U I L HOLDINGS CORP,UIL,221111.0,N,A,R,21819,1,4931.0,90274810.0,,,49.0,493.0,,,,,,,23.07,0.006106,29328.0,1.0,23.1,676596.96,UIL,7.0,7.0,2.0,,3.0,10,1.0,1.0,1.0,6.0,2.0,2.0,4.0,8.0,5.0,8.0,4.0,2.0,5.0,8.0,9.0,6.0,5.0,5.0,4.0,4.0,4.0,,1.0,3.0,3.0,1.0,6.0,6.0,6.0,5.0,8.0,1.0,10.0,5.0,7.0,6.0,2.0,8.0,9.0,5.0,3.0,2.0,2.0,8.0,6.0,3,6.0,10,1
2009-07-16,53663,,11,1,4911.0,90274810,UIL,U I L HOLDINGS CORP,UIL,221111.0,N,A,R,21819,1,4931.0,90274810.0,,,49.0,493.0,,,,,,,23.3,0.00997,29328.0,1.0,23.02,683342.4,UIL,7.0,7.0,2.0,,3.0,10,1.0,1.0,1.0,6.0,2.0,2.0,4.0,8.0,5.0,8.0,4.0,2.0,5.0,8.0,9.0,6.0,5.0,5.0,4.0,4.0,4.0,,1.0,3.0,3.0,1.0,6.0,6.0,6.0,5.0,8.0,1.0,10.0,5.0,7.0,6.0,2.0,8.0,9.0,5.0,3.0,2.0,2.0,8.0,6.0,3,6.0,10,1
2009-07-17,53663,,11,1,4911.0,90274810,UIL,U I L HOLDINGS CORP,UIL,221111.0,N,A,R,21819,1,4931.0,90274810.0,,,49.0,493.0,,,,,,,23.24,-0.002575,29328.0,1.0,23.29,681582.72,UIL,7.0,7.0,2.0,,3.0,10,1.0,1.0,1.0,6.0,2.0,2.0,4.0,8.0,5.0,8.0,4.0,2.0,5.0,8.0,9.0,6.0,5.0,5.0,4.0,4.0,4.0,,1.0,3.0,3.0,1.0,6.0,6.0,6.0,5.0,8.0,1.0,10.0,5.0,7.0,6.0,2.0,8.0,9.0,5.0,3.0,2.0,2.0,8.0,6.0,3,6.0,10,1
2009-07-20,53663,,11,1,4911.0,90274810,UIL,U I L HOLDINGS CORP,UIL,221111.0,N,A,R,21819,1,4931.0,90274810.0,,,49.0,493.0,,,,,,,23.3,0.002582,29328.0,1.0,23.43,683342.4,UIL,7.0,7.0,2.0,,3.0,10,1.0,1.0,1.0,6.0,2.0,2.0,4.0,8.0,5.0,8.0,4.0,2.0,5.0,8.0,9.0,6.0,5.0,5.0,4.0,4.0,4.0,,1.0,3.0,3.0,1.0,6.0,6.0,6.0,5.0,8.0,1.0,10.0,5.0,7.0,6.0,2.0,8.0,9.0,5.0,3.0,2.0,2.0,8.0,6.0,3,6.0,10,1
2009-07-21,53663,,11,1,4911.0,90274810,UIL,U I L HOLDINGS CORP,UIL,221111.0,N,A,R,21819,1,4931.0,90274810.0,,,49.0,493.0,,,,,,,23.41,0.004721,29328.0,1.0,23.52,686568.48,UIL,7.0,7.0,2.0,,3.0,10,1.0,1.0,1.0,6.0,2.0,2.0,4.0,8.0,5.0,8.0,4.0,2.0,5.0,8.0,9.0,6.0,5.0,5.0,4.0,4.0,4.0,,1.0,3.0,3.0,1.0,6.0,6.0,6.0,5.0,8.0,1.0,10.0,5.0,7.0,6.0,2.0,8.0,9.0,5.0,3.0,2.0,2.0,8.0,6.0,3,6.0,10,1
2009-07-22,53663,,11,1,4911.0,90274810,UIL,U I L HOLDINGS CORP,UIL,221111.0,N,A,R,21819,1,4931.0,90274810.0,,,49.0,493.0,,,,,,,23.49,0.003417,29328.0,1.0,23.23,688914.72,UIL,7.0,7.0,2.0,,3.0,10,1.0,1.0,1.0,6.0,2.0,2.0,4.0,8.0,5.0,8.0,4.0,2.0,5.0,8.0,9.0,6.0,5.0,5.0,4.0,4.0,4.0,,1.0,3.0,3.0,1.0,6.0,6.0,6.0,5.0,8.0,1.0,10.0,5.0,7.0,6.0,2.0,8.0,9.0,5.0,3.0,2.0,2.0,8.0,6.0,3,6.0,10,1
2009-07-23,53663,,11,1,4911.0,90274810,UIL,U I L HOLDINGS CORP,UIL,221111.0,N,A,R,21819,1,4931.0,90274810.0,,,49.0,493.0,,,,,,,24.46,0.041294,29328.0,1.0,23.42,717362.88,UIL,7.0,7.0,2.0,,3.0,10,1.0,1.0,1.0,6.0,2.0,2.0,4.0,8.0,5.0,8.0,4.0,2.0,5.0,8.0,9.0,6.0,5.0,5.0,4.0,4.0,4.0,,1.0,3.0,3.0,1.0,6.0,6.0,6.0,5.0,8.0,1.0,10.0,5.0,7.0,6.0,2.0,8.0,9.0,5.0,3.0,2.0,2.0,8.0,6.0,3,6.0,10,1
2009-07-24,53663,,11,1,4911.0,90274810,UIL,U I L HOLDINGS CORP,UIL,221111.0,N,A,R,21819,1,4931.0,90274810.0,,,49.0,493.0,,,,,,,24.87,0.016762,29328.0,1.0,24.32,729387.36,UIL,7.0,7.0,2.0,,3.0,10,1.0,1.0,1.0,6.0,2.0,2.0,4.0,8.0,5.0,8.0,4.0,2.0,5.0,8.0,9.0,6.0,5.0,5.0,4.0,4.0,4.0,,1.0,3.0,3.0,1.0,6.0,6.0,6.0,5.0,8.0,1.0,10.0,5.0,7.0,6.0,2.0,8.0,9.0,5.0,3.0,2.0,2.0,8.0,6.0,3,6.0,10,1
2009-07-27,53663,,11,1,4911.0,90274810,UIL,U I L HOLDINGS CORP,UIL,221111.0,N,A,R,21819,1,4931.0,90274810.0,,,49.0,493.0,,,,,,,25.23,0.014475,29328.0,1.0,24.96,739945.44,UIL,7.0,7.0,2.0,,3.0,10,1.0,1.0,1.0,6.0,2.0,2.0,4.0,8.0,5.0,8.0,4.0,2.0,5.0,8.0,9.0,6.0,5.0,5.0,4.0,4.0,4.0,,1.0,3.0,3.0,1.0,6.0,6.0,6.0,5.0,8.0,1.0,10.0,5.0,7.0,6.0,2.0,8.0,9.0,5.0,3.0,2.0,2.0,8.0,6.0,3,6.0,10,1
2009-07-28,53663,,11,1,4911.0,90274810,UIL,U I L HOLDINGS CORP,UIL,221111.0,N,A,R,21819,1,4931.0,90274810.0,,,49.0,493.0,,,,,,,24.79,-0.01744,29328.0,1.0,24.37,727041.12,UIL,7.0,7.0,2.0,,3.0,10,1.0,1.0,1.0,6.0,2.0,2.0,4.0,8.0,5.0,8.0,4.0,2.0,5.0,8.0,9.0,6.0,5.0,5.0,4.0,4.0,4.0,,1.0,3.0,3.0,1.0,6.0,6.0,6.0,5.0,8.0,1.0,10.0,5.0,7.0,6.0,2.0,8.0,9.0,5.0,3.0,2.0,2.0,8.0,6.0,3,6.0,10,1
2009-07-29,53663,,11,1,4911.0,90274810,UIL,U I L HOLDINGS CORP,UIL,221111.0,N,A,R,21819,1,4931.0,90274810.0,,,49.0,493.0,,,,,,,24.71,-0.003227,29328.0,1.0,24.67,724694.88,UIL,7.0,7.0,2.0,,3.0,10,1.0,1.0,1.0,6.0,2.0,2.0,4.0,8.0,5.0,8.0,4.0,2.0,5.0,8.0,9.0,6.0,5.0,5.0,4.0,4.0,4.0,,1.0,3.0,3.0,1.0,6.0,6.0,6.0,5.0,8.0,1.0,10.0,5.0,7.0,6.0,2.0,8.0,9.0,5.0,3.0,2.0,2.0,8.0,6.0,3,6.0,10,1
2009-07-30,53663,,11,1,4911.0,90274810,UIL,U I L HOLDINGS CORP,UIL,221111.0,N,A,R,21819,1,4931.0,90274810.0,,,49.0,493.0,,,,,,,24.92,0.008499,29328.0,1.0,24.16,730853.76,UIL,7.0,7.0,2.0,,3.0,10,1.0,1.0,1.0,6.0,2.0,2.0,4.0,8.0,5.0,8.0,4.0,2.0,5.0,8.0,9.0,6.0,5.0,5.0,4.0,4.0,4.0,,1.0,3.0,3.0,1.0,6.0,6.0,6.0,5.0,8.0,1.0,10.0,5.0,7.0,6.0,2.0,8.0,9.0,5.0,3.0,2.0,2.0,8.0,6.0,3,6.0,10,1
2009-07-31,53663,,11,1,4911.0,90274810,UIL,U I L HOLDINGS CORP,UIL,221111.0,N,A,R,21819,1,4931.0,90274810.0,,,49.0,493.0,,,,,,,24.4,-0.020867,29328.0,1.0,24.72,715603.2,UIL,7.0,7.0,2.0,,3.0,10,1.0,1.0,1.0,6.0,2.0,2.0,4.0,8.0,5.0,8.0,4.0,2.0,5.0,8.0,9.0,6.0,5.0,5.0,4.0,4.0,4.0,,1.0,3.0,3.0,1.0,6.0,6.0,6.0,5.0,8.0,1.0,10.0,5.0,7.0,6.0,2.0,8.0,9.0,5.0,3.0,2.0,2.0,8.0,6.0,3,6.0,10,1
2009-08-03,53663,,11,1,4911.0,90274810,UIL,U I L HOLDINGS CORP,UIL,221111.0,N,A,R,21819,1,4931.0,90274810.0,,,49.0,493.0,,,,,,,24.86,0.018853,29328.0,1.0,24.57,729094.08,UIL,7.0,7.0,2.0,,3.0,10,1.0,1.0,1.0,6.0,2.0,2.0,4.0,8.0,5.0,8.0,4.0,2.0,5.0,8.0,9.0,6.0,5.0,5.0,4.0,4.0,4.0,,2.0,1.0,3.0,1.0,7.0,6.0,7.0,5.0,8.0,1.0,9.0,5.0,7.0,5.0,6.0,7.0,9.0,8.0,4.0,3.0,1.0,9.0,6.0,3,6.0,10,1
2009-08-04,53663,,11,1,4911.0,90274810,UIL,U I L HOLDINGS CORP,UIL,221111.0,N,A,R,21819,1,4931.0,90274810.0,,,49.0,493.0,,,,,,,24.86,0.0,29328.0,1.0,24.76,729094.08,UIL,7.0,7.0,2.0,,3.0,10,1.0,1.0,1.0,6.0,2.0,2.0,4.0,8.0,5.0,8.0,4.0,2.0,5.0,8.0,9.0,6.0,5.0,5.0,4.0,4.0,4.0,,2.0,1.0,3.0,1.0,7.0,6.0,7.0,5.0,8.0,1.0,9.0,5.0,7.0,5.0,6.0,7.0,9.0,8.0,4.0,3.0,1.0,9.0,6.0,3,6.0,10,1
2009-08-05,53663,,11,1,4911.0,90274810,UIL,U I L HOLDINGS CORP,UIL,221111.0,N,A,R,21819,1,4931.0,90274810.0,,,49.0,493.0,,,,,,,24.69,-0.006838,29328.0,1.0,24.64,724108.32,UIL,7.0,7.0,2.0,,3.0,10,1.0,1.0,1.0,6.0,2.0,2.0,4.0,8.0,5.0,8.0,4.0,2.0,5.0,8.0,9.0,6.0,5.0,5.0,4.0,4.0,4.0,,2.0,1.0,3.0,1.0,7.0,6.0,7.0,5.0,8.0,1.0,9.0,5.0,7.0,5.0,6.0,7.0,9.0,8.0,4.0,3.0,1.0,9.0,6.0,3,6.0,10,1
2009-08-06,53663,,11,1,4911.0,90274810,UIL,U I L HOLDINGS CORP,UIL,221111.0,N,A,R,21819,1,4931.0,90274810.0,,,49.0,493.0,,,,,,,24.68,-0.000405,29328.0,1.0,24.88,723815.04,UIL,7.0,7.0,2.0,,3.0,10,1.0,1.0,1.0,6.0,2.0,2.0,4.0,8.0,5.0,8.0,4.0,2.0,5.0,8.0,9.0,6.0,5.0,5.0,4.0,4.0,4.0,,2.0,1.0,3.0,1.0,7.0,6.0,7.0,5.0,8.0,1.0,9.0,5.0,7.0,5.0,6.0,7.0,9.0,8.0,4.0,3.0,1.0,9.0,6.0,3,6.0,10,1
2009-08-07,53663,,11,1,4911.0,90274810,UIL,U I L HOLDINGS CORP,UIL,221111.0,N,A,R,21819,1,4931.0,90274810.0,,,49.0,493.0,,,,,,,24.87,0.007699,29328.0,1.0,25.02,729387.36,UIL,7.0,7.0,2.0,,3.0,10,1.0,1.0,1.0,6.0,2.0,2.0,4.0,8.0,5.0,8.0,4.0,2.0,5.0,8.0,9.0,6.0,5.0,5.0,4.0,4.0,4.0,,2.0,1.0,3.0,1.0,7.0,6.0,7.0,5.0,8.0,1.0,9.0,5.0,7.0,5.0,6.0,7.0,9.0,8.0,4.0,3.0,1.0,9.0,6.0,3,6.0,10,1
2009-08-10,53663,,11,1,4911.0,90274810,UIL,U I L HOLDINGS CORP,UIL,221111.0,N,A,R,21819,1,4931.0,90274810.0,,,49.0,493.0,,,,,,,25.12,0.010052,29328.0,1.0,24.84,736719.36,UIL,7.0,7.0,2.0,,3.0,10,1.0,1.0,1.0,6.0,2.0,2.0,4.0,8.0,5.0,8.0,4.0,2.0,5.0,8.0,9.0,6.0,5.0,5.0,4.0,4.0,4.0,,2.0,1.0,3.0,1.0,7.0,6.0,7.0,5.0,8.0,1.0,9.0,5.0,7.0,5.0,6.0,7.0,9.0,8.0,4.0,3.0,1.0,9.0,6.0,3,6.0,10,1
2009-08-11,53663,,11,1,4911.0,90274810,UIL,U I L HOLDINGS CORP,UIL,221111.0,N,A,R,21819,1,4931.0,90274810.0,,,49.0,493.0,,,,,,,25.18,0.002389,29328.0,1.0,25.06,738479.04,UIL,7.0,7.0,2.0,,3.0,10,1.0,1.0,1.0,6.0,2.0,2.0,4.0,8.0,5.0,8.0,4.0,2.0,5.0,8.0,9.0,6.0,5.0,5.0,4.0,4.0,4.0,,2.0,1.0,3.0,1.0,7.0,6.0,7.0,5.0,8.0,1.0,9.0,5.0,7.0,5.0,6.0,7.0,9.0,8.0,4.0,3.0,1.0,9.0,6.0,3,6.0,10,1
2009-08-12,53663,,11,1,4911.0,90274810,UIL,U I L HOLDINGS CORP,UIL,221111.0,N,A,R,21819,1,4931.0,90274810.0,,,49.0,493.0,,,,,,,25.38,0.007943,29328.0,1.0,25.19,744344.64,UIL,7.0,7.0,2.0,,3.0,10,1.0,1.0,1.0,6.0,2.0,2.0,4.0,8.0,5.0,8.0,4.0,2.0,5.0,8.0,9.0,6.0,5.0,5.0,4.0,4.0,4.0,,2.0,1.0,3.0,1.0,7.0,6.0,7.0,5.0,8.0,1.0,9.0,5.0,7.0,5.0,6.0,7.0,9.0,8.0,4.0,3.0,1.0,9.0,6.0,3,6.0,10,1
2009-08-13,53663,,11,1,4911.0,90274810,UIL,U I L HOLDINGS CORP,UIL,221111.0,N,A,R,21819,1,4931.0,90274810.0,,,49.0,493.0,,,,,,,25.48,0.00394,29328.0,1.0,25.45,747277.44,UIL,7.0,7.0,2.0,,3.0,10,1.0,1.0,1.0,6.0,2.0,2.0,4.0,8.0,5.0,8.0,4.0,2.0,5.0,8.0,9.0,6.0,5.0,5.0,4.0,4.0,4.0,,2.0,1.0,3.0,1.0,7.0,6.0,7.0,5.0,8.0,1.0,9.0,5.0,7.0,5.0,6.0,7.0,9.0,8.0,4.0,3.0,1.0,9.0,6.0,3,6.0,10,1
2009-08-14,53663,,11,1,4911.0,90274810,UIL,U I L HOLDINGS CORP,UIL,221111.0,N,A,R,21819,1,4931.0,90274810.0,,,49.0,493.0,,,,,,,25.57,0.003532,29328.0,1.0,25.48,749916.96,UIL,7.0,7.0,2.0,,3.0,10,1.0,1.0,1.0,6.0,2.0,2.0,4.0,8.0,5.0,8.0,4.0,2.0,5.0,8.0,9.0,6.0,5.0,5.0,4.0,4.0,4.0,,2.0,1.0,3.0,1.0,7.0,6.0,7.0,5.0,8.0,1.0,9.0,5.0,7.0,5.0,6.0,7.0,9.0,8.0,4.0,3.0,1.0,9.0,6.0,3,6.0,10,1
2009-08-17,53663,,11,1,4911.0,90274810,UIL,U I L HOLDINGS CORP,UIL,221111.0,N,A,R,21819,1,4931.0,90274810.0,,,49.0,493.0,,,,,,,25.53,-0.001564,29328.0,1.0,25.23,748743.84,UIL,7.0,7.0,2.0,,3.0,10,1.0,1.0,1.0,6.0,2.0,2.0,4.0,8.0,5.0,8.0,4.0,2.0,5.0,8.0,9.0,6.0,5.0,5.0,4.0,4.0,4.0,,2.0,1.0,3.0,1.0,7.0,6.0,7.0,5.0,8.0,1.0,9.0,5.0,7.0,5.0,6.0,7.0,9.0,8.0,4.0,3.0,1.0,9.0,6.0,3,6.0,10,1
2009-08-18,53663,,11,1,4911.0,90274810,UIL,U I L HOLDINGS CORP,UIL,221111.0,N,A,R,21819,1,4931.0,90274810.0,,,49.0,493.0,,,,,,,25.52,-0.000392,29328.0,1.0,25.76,748450.56,UIL,7.0,7.0,2.0,,3.0,10,1.0,1.0,1.0,6.0,2.0,2.0,4.0,8.0,5.0,8.0,4.0,2.0,5.0,8.0,9.0,6.0,5.0,5.0,4.0,4.0,4.0,,2.0,1.0,3.0,1.0,7.0,6.0,7.0,5.0,8.0,1.0,9.0,5.0,7.0,5.0,6.0,7.0,9.0,8.0,4.0,3.0,1.0,9.0,6.0,3,6.0,10,1
2009-08-19,53663,,11,1,4911.0,90274810,UIL,U I L HOLDINGS CORP,UIL,221111.0,N,A,R,21819,1,4931.0,90274810.0,,,49.0,493.0,,,,,,,25.6,0.003135,29328.0,1.0,25.31,750796.8,UIL,7.0,7.0,2.0,,3.0,10,1.0,1.0,1.0,6.0,2.0,2.0,4.0,8.0,5.0,8.0,4.0,2.0,5.0,8.0,9.0,6.0,5.0,5.0,4.0,4.0,4.0,,2.0,1.0,3.0,1.0,7.0,6.0,7.0,5.0,8.0,1.0,9.0,5.0,7.0,5.0,6.0,7.0,9.0,8.0,4.0,3.0,1.0,9.0,6.0,3,6.0,10,1
2009-08-20,53663,,11,1,4911.0,90274810,UIL,U I L HOLDINGS CORP,UIL,221111.0,N,A,R,21819,1,4931.0,90274810.0,,,49.0,493.0,,,,,,,25.62,0.000781,29328.0,1.0,25.56,751383.36,UIL,7.0,7.0,2.0,,3.0,10,1.0,1.0,1.0,6.0,2.0,2.0,4.0,8.0,5.0,8.0,4.0,2.0,5.0,8.0,9.0,6.0,5.0,5.0,4.0,4.0,4.0,,2.0,1.0,3.0,1.0,7.0,6.0,7.0,5.0,8.0,1.0,9.0,5.0,7.0,5.0,6.0,7.0,9.0,8.0,4.0,3.0,1.0,9.0,6.0,3,6.0,10,1
2009-08-21,53663,,11,1,4911.0,90274810,UIL,U I L HOLDINGS CORP,UIL,221111.0,N,A,R,21819,1,4931.0,90274810.0,,,49.0,493.0,,,,,,,26.12,0.019516,29328.0,1.0,25.76,766047.36,UIL,7.0,7.0,2.0,,3.0,10,1.0,1.0,1.0,6.0,2.0,2.0,4.0,8.0,5.0,8.0,4.0,2.0,5.0,8.0,9.0,6.0,5.0,5.0,4.0,4.0,4.0,,2.0,1.0,3.0,1.0,7.0,6.0,7.0,5.0,8.0,1.0,9.0,5.0,7.0,5.0,6.0,7.0,9.0,8.0,4.0,3.0,1.0,9.0,6.0,3,6.0,10,1
2009-08-24,53663,,11,1,4911.0,90274810,UIL,U I L HOLDINGS CORP,UIL,221111.0,N,A,R,21819,1,4931.0,90274810.0,,,49.0,493.0,,,,,,,26.29,0.006508,29328.0,1.0,26.17,771033.12,UIL,7.0,7.0,2.0,,3.0,10,1.0,1.0,1.0,6.0,2.0,2.0,4.0,8.0,5.0,8.0,4.0,2.0,5.0,8.0,9.0,6.0,5.0,5.0,4.0,4.0,4.0,,2.0,1.0,3.0,1.0,7.0,6.0,7.0,5.0,8.0,1.0,9.0,5.0,7.0,5.0,6.0,7.0,9.0,8.0,4.0,3.0,1.0,9.0,6.0,3,6.0,10,1
2009-08-25,53663,,11,1,4911.0,90274810,UIL,U I L HOLDINGS CORP,UIL,221111.0,N,A,R,21819,1,4931.0,90274810.0,,,49.0,493.0,,,,,,,26.41,0.004564,29328.0,1.0,26.22,774552.48,UIL,7.0,7.0,2.0,,3.0,10,1.0,1.0,1.0,6.0,2.0,2.0,4.0,8.0,5.0,8.0,4.0,2.0,5.0,8.0,9.0,6.0,5.0,5.0,4.0,4.0,4.0,,2.0,1.0,3.0,1.0,7.0,6.0,7.0,5.0,8.0,1.0,9.0,5.0,7.0,5.0,6.0,7.0,9.0,8.0,4.0,3.0,1.0,9.0,6.0,3,6.0,10,1
2009-08-26,53663,,11,1,4911.0,90274810,UIL,U I L HOLDINGS CORP,UIL,221111.0,N,A,R,21819,1,4931.0,90274810.0,,,49.0,493.0,,,,,,,26.34,-0.00265,29328.0,1.0,26.41,772499.52,UIL,7.0,7.0,2.0,,3.0,10,1.0,1.0,1.0,6.0,2.0,2.0,4.0,8.0,5.0,8.0,4.0,2.0,5.0,8.0,9.0,6.0,5.0,5.0,4.0,4.0,4.0,,2.0,1.0,3.0,1.0,7.0,6.0,7.0,5.0,8.0,1.0,9.0,5.0,7.0,5.0,6.0,7.0,9.0,8.0,4.0,3.0,1.0,9.0,6.0,3,6.0,10,1
2009-08-27,53663,,11,1,4911.0,90274810,UIL,U I L HOLDINGS CORP,UIL,221111.0,N,A,R,21819,1,4931.0,90274810.0,,,49.0,493.0,,,,,,,26.34,0.0,29328.0,1.0,26.19,772499.52,UIL,7.0,7.0,2.0,,3.0,10,1.0,1.0,1.0,6.0,2.0,2.0,4.0,8.0,5.0,8.0,4.0,2.0,5.0,8.0,9.0,6.0,5.0,5.0,4.0,4.0,4.0,,2.0,1.0,3.0,1.0,7.0,6.0,7.0,5.0,8.0,1.0,9.0,5.0,7.0,5.0,6.0,7.0,9.0,8.0,4.0,3.0,1.0,9.0,6.0,3,6.0,10,1
2009-08-28,53663,,11,1,4911.0,90274810,UIL,U I L HOLDINGS CORP,UIL,221111.0,N,A,R,21819,1,4931.0,90274810.0,,,49.0,493.0,,,,,,,26.17,-0.006454,29328.0,1.0,26.36,767513.76,UIL,7.0,7.0,2.0,,3.0,10,1.0,1.0,1.0,6.0,2.0,2.0,4.0,8.0,5.0,8.0,4.0,2.0,5.0,8.0,9.0,6.0,5.0,5.0,4.0,4.0,4.0,,2.0,1.0,3.0,1.0,7.0,6.0,7.0,5.0,8.0,1.0,9.0,5.0,7.0,5.0,6.0,7.0,9.0,8.0,4.0,3.0,1.0,9.0,6.0,3,6.0,10,1
2009-08-31,53663,,11,1,4911.0,90274810,UIL,U I L HOLDINGS CORP,UIL,221111.0,N,A,R,21819,1,4931.0,90274810.0,,,49.0,493.0,,,,,,,25.94,-0.008789,29930.0,1.0,26.0,776384.2,UIL,7.0,7.0,2.0,,3.0,10,1.0,1.0,1.0,6.0,2.0,2.0,4.0,8.0,5.0,8.0,4.0,2.0,5.0,8.0,9.0,6.0,5.0,5.0,4.0,4.0,4.0,,2.0,1.0,3.0,1.0,7.0,6.0,7.0,5.0,8.0,1.0,9.0,5.0,7.0,5.0,6.0,7.0,9.0,8.0,4.0,3.0,1.0,9.0,6.0,3,6.0,10,1
2009-09-01,53663,,11,1,4911.0,90274810,UIL,U I L HOLDINGS CORP,UIL,221111.0,N,A,R,21819,1,4931.0,90274810.0,,,49.0,493.0,,,,,,,25.74,-0.00771,29930.0,1.0,25.94,770398.2,UIL,7.0,7.0,2.0,,3.0,10,1.0,1.0,1.0,6.0,2.0,2.0,4.0,8.0,5.0,8.0,4.0,2.0,5.0,8.0,9.0,6.0,5.0,5.0,4.0,4.0,4.0,,2.0,2.0,4.0,2.0,7.0,6.0,6.0,5.0,8.0,1.0,8.0,5.0,8.0,5.0,4.0,8.0,9.0,9.0,3.0,2.0,1.0,7.0,6.0,3,8.0,10,1
2009-09-02,53663,,11,1,4911.0,90274810,UIL,U I L HOLDINGS CORP,UIL,221111.0,N,A,R,21819,1,4931.0,90274810.0,,,49.0,493.0,,,,,,,25.58,-0.006216,29930.0,1.0,25.7,765609.4,UIL,7.0,7.0,2.0,,3.0,10,1.0,1.0,1.0,6.0,2.0,2.0,4.0,8.0,5.0,8.0,4.0,2.0,5.0,8.0,9.0,6.0,5.0,5.0,4.0,4.0,4.0,,2.0,2.0,4.0,2.0,7.0,6.0,6.0,5.0,8.0,1.0,8.0,5.0,8.0,5.0,4.0,8.0,9.0,9.0,3.0,2.0,1.0,7.0,6.0,3,8.0,10,1
2009-09-03,53663,,11,1,4911.0,90274810,UIL,U I L HOLDINGS CORP,UIL,221111.0,N,A,R,21819,1,4931.0,90274810.0,,,49.0,493.0,,,,,,,25.62,0.001564,29930.0,1.0,25.62,766806.6,UIL,7.0,7.0,2.0,,3.0,10,1.0,1.0,1.0,6.0,2.0,2.0,4.0,8.0,5.0,8.0,4.0,2.0,5.0,8.0,9.0,6.0,5.0,5.0,4.0,4.0,4.0,,2.0,2.0,4.0,2.0,7.0,6.0,6.0,5.0,8.0,1.0,8.0,5.0,8.0,5.0,4.0,8.0,9.0,9.0,3.0,2.0,1.0,7.0,6.0,3,8.0,10,1
2009-09-04,53663,,11,1,4911.0,90274810,UIL,U I L HOLDINGS CORP,UIL,221111.0,N,A,R,21819,1,4931.0,90274810.0,,,49.0,493.0,,,,,,,25.88,0.010148,29930.0,1.0,25.62,774588.4,UIL,7.0,7.0,2.0,,3.0,10,1.0,1.0,1.0,6.0,2.0,2.0,4.0,8.0,5.0,8.0,4.0,2.0,5.0,8.0,9.0,6.0,5.0,5.0,4.0,4.0,4.0,,2.0,2.0,4.0,2.0,7.0,6.0,6.0,5.0,8.0,1.0,8.0,5.0,8.0,5.0,4.0,8.0,9.0,9.0,3.0,2.0,1.0,7.0,6.0,3,8.0,10,1
2009-09-08,53663,,11,1,4911.0,90274810,UIL,U I L HOLDINGS CORP,UIL,221111.0,N,A,R,21819,1,4931.0,90274810.0,,,49.0,493.0,,,,,,,26.15,0.010433,29930.0,1.0,26.02,782669.5,UIL,7.0,7.0,2.0,,3.0,10,1.0,1.0,1.0,6.0,2.0,2.0,4.0,8.0,5.0,8.0,4.0,2.0,5.0,8.0,9.0,6.0,5.0,5.0,4.0,4.0,4.0,,2.0,2.0,4.0,2.0,7.0,6.0,6.0,5.0,8.0,1.0,8.0,5.0,8.0,5.0,4.0,8.0,9.0,9.0,3.0,2.0,1.0,7.0,6.0,3,8.0,10,1
2009-09-09,53663,,11,1,4911.0,90274810,UIL,U I L HOLDINGS CORP,UIL,221111.0,N,A,R,21819,1,4931.0,90274810.0,,,49.0,493.0,,,,,,,26.41,0.009943,29930.0,1.0,26.17,790451.3,UIL,7.0,7.0,2.0,,3.0,10,1.0,1.0,1.0,6.0,2.0,2.0,4.0,8.0,5.0,8.0,4.0,2.0,5.0,8.0,9.0,6.0,5.0,5.0,4.0,4.0,4.0,,2.0,2.0,4.0,2.0,7.0,6.0,6.0,5.0,8.0,1.0,8.0,5.0,8.0,5.0,4.0,8.0,9.0,9.0,3.0,2.0,1.0,7.0,6.0,3,8.0,10,1
2009-09-10,53663,,11,1,4911.0,90274810,UIL,U I L HOLDINGS CORP,UIL,221111.0,N,A,R,21819,1,4931.0,90274810.0,,,49.0,493.0,,,,,,,26.64,0.008709,29930.0,1.0,26.22,797335.2,UIL,7.0,7.0,2.0,,3.0,10,1.0,1.0,1.0,6.0,2.0,2.0,4.0,8.0,5.0,8.0,4.0,2.0,5.0,8.0,9.0,6.0,5.0,5.0,4.0,4.0,4.0,,2.0,2.0,4.0,2.0,7.0,6.0,6.0,5.0,8.0,1.0,8.0,5.0,8.0,5.0,4.0,8.0,9.0,9.0,3.0,2.0,1.0,7.0,6.0,3,8.0,10,1
2009-09-11,53663,,11,1,4911.0,90274810,UIL,U I L HOLDINGS CORP,UIL,221111.0,N,A,R,21819,1,4931.0,90274810.0,,,49.0,493.0,,,,,,,26.76,0.004505,29930.0,1.0,26.69,800926.8,UIL,7.0,7.0,2.0,,3.0,10,1.0,1.0,1.0,6.0,2.0,2.0,4.0,8.0,5.0,8.0,4.0,2.0,5.0,8.0,9.0,6.0,5.0,5.0,4.0,4.0,4.0,,2.0,2.0,4.0,2.0,7.0,6.0,6.0,5.0,8.0,1.0,8.0,5.0,8.0,5.0,4.0,8.0,9.0,9.0,3.0,2.0,1.0,7.0,6.0,3,8.0,10,1
2009-09-14,53663,,11,1,4911.0,90274810,UIL,U I L HOLDINGS CORP,UIL,221111.0,N,A,R,21819,1,4931.0,90274810.0,,,49.0,493.0,,,,,,,27.22,0.01719,29930.0,1.0,26.65,814694.6,UIL,7.0,7.0,2.0,,3.0,10,1.0,1.0,1.0,6.0,2.0,2.0,4.0,8.0,5.0,8.0,4.0,2.0,5.0,8.0,9.0,6.0,5.0,5.0,4.0,4.0,4.0,,2.0,2.0,4.0,2.0,7.0,6.0,6.0,5.0,8.0,1.0,8.0,5.0,8.0,5.0,4.0,8.0,9.0,9.0,3.0,2.0,1.0,7.0,6.0,3,8.0,10,1
2009-09-15,53663,,11,1,4911.0,90274810,UIL,U I L HOLDINGS CORP,UIL,221111.0,N,A,R,21819,1,4931.0,90274810.0,,,49.0,493.0,1232.0,0.432,0.0,,,,26.98,0.007054,29930.0,1.0,26.72,807511.4,UIL,7.0,7.0,2.0,,3.0,10,1.0,1.0,1.0,6.0,2.0,2.0,4.0,8.0,5.0,8.0,4.0,2.0,5.0,8.0,9.0,6.0,5.0,5.0,4.0,4.0,4.0,,2.0,2.0,4.0,2.0,7.0,6.0,6.0,5.0,8.0,1.0,8.0,5.0,8.0,5.0,4.0,8.0,9.0,9.0,3.0,2.0,1.0,7.0,6.0,3,8.0,10,1
2009-09-16,53663,,11,1,4911.0,90274810,UIL,U I L HOLDINGS CORP,UIL,221111.0,N,A,R,21819,1,4931.0,90274810.0,,,49.0,493.0,,,,,,,27.15,0.006301,29930.0,1.0,26.85,812599.5,UIL,7.0,7.0,2.0,,3.0,10,1.0,1.0,1.0,6.0,2.0,2.0,4.0,8.0,5.0,8.0,4.0,2.0,5.0,8.0,9.0,6.0,5.0,5.0,4.0,4.0,4.0,,2.0,2.0,4.0,2.0,7.0,6.0,6.0,5.0,8.0,1.0,8.0,5.0,8.0,5.0,4.0,8.0,9.0,9.0,3.0,2.0,1.0,7.0,6.0,3,8.0,10,1
2009-09-17,53663,,11,1,4911.0,90274810,UIL,U I L HOLDINGS CORP,UIL,221111.0,N,A,R,21819,1,4931.0,90274810.0,,,49.0,493.0,,,,,,,27.19,0.001473,29930.0,1.0,27.19,813796.7,UIL,7.0,7.0,2.0,,3.0,10,1.0,1.0,1.0,6.0,2.0,2.0,4.0,8.0,5.0,8.0,4.0,2.0,5.0,8.0,9.0,6.0,5.0,5.0,4.0,4.0,4.0,,2.0,2.0,4.0,2.0,7.0,6.0,6.0,5.0,8.0,1.0,8.0,5.0,8.0,5.0,4.0,8.0,9.0,9.0,3.0,2.0,1.0,7.0,6.0,3,8.0,10,1
2009-09-18,53663,,11,1,4911.0,90274810,UIL,U I L HOLDINGS CORP,UIL,221111.0,N,A,R,21819,1,4931.0,90274810.0,,,49.0,493.0,,,,,,,26.95,-0.008827,29930.0,1.0,27.2,806613.5,UIL,7.0,7.0,2.0,,3.0,10,1.0,1.0,1.0,6.0,2.0,2.0,4.0,8.0,5.0,8.0,4.0,2.0,5.0,8.0,9.0,6.0,5.0,5.0,4.0,4.0,4.0,,2.0,2.0,4.0,2.0,7.0,6.0,6.0,5.0,8.0,1.0,8.0,5.0,8.0,5.0,4.0,8.0,9.0,9.0,3.0,2.0,1.0,7.0,6.0,3,8.0,10,1
2009-09-21,53663,,11,1,4911.0,90274810,UIL,U I L HOLDINGS CORP,UIL,221111.0,N,A,R,21819,1,4931.0,90274810.0,,,49.0,493.0,,,,,,,26.64,-0.011503,29930.0,1.0,26.92,797335.2,UIL,7.0,7.0,2.0,,3.0,10,1.0,1.0,1.0,6.0,2.0,2.0,4.0,8.0,5.0,8.0,4.0,2.0,5.0,8.0,9.0,6.0,5.0,5.0,4.0,4.0,4.0,,2.0,2.0,4.0,2.0,7.0,6.0,6.0,5.0,8.0,1.0,8.0,5.0,8.0,5.0,4.0,8.0,9.0,9.0,3.0,2.0,1.0,7.0,6.0,3,8.0,10,1
2009-09-22,53663,,11,1,4911.0,90274810,UIL,U I L HOLDINGS CORP,UIL,221111.0,N,A,R,21819,1,4931.0,90274810.0,,,49.0,493.0,,,,,,,26.44,-0.007507,29930.0,1.0,26.85,791349.2,UIL,7.0,7.0,2.0,,3.0,10,1.0,1.0,1.0,6.0,2.0,2.0,4.0,8.0,5.0,8.0,4.0,2.0,5.0,8.0,9.0,6.0,5.0,5.0,4.0,4.0,4.0,,2.0,2.0,4.0,2.0,7.0,6.0,6.0,5.0,8.0,1.0,8.0,5.0,8.0,5.0,4.0,8.0,9.0,9.0,3.0,2.0,1.0,7.0,6.0,3,8.0,10,1
2009-09-23,53663,,11,1,4911.0,90274810,UIL,U I L HOLDINGS CORP,UIL,221111.0,N,A,R,21819,1,4931.0,90274810.0,,,49.0,493.0,,,,,,,26.41,-0.001135,29930.0,1.0,26.4,790451.3,UIL,7.0,7.0,2.0,,3.0,10,1.0,1.0,1.0,6.0,2.0,2.0,4.0,8.0,5.0,8.0,4.0,2.0,5.0,8.0,9.0,6.0,5.0,5.0,4.0,4.0,4.0,,2.0,2.0,4.0,2.0,7.0,6.0,6.0,5.0,8.0,1.0,8.0,5.0,8.0,5.0,4.0,8.0,9.0,9.0,3.0,2.0,1.0,7.0,6.0,3,8.0,10,1
2009-09-24,53663,,11,1,4911.0,90274810,UIL,U I L HOLDINGS CORP,UIL,221111.0,N,A,R,21819,1,4931.0,90274810.0,,,49.0,493.0,,,,,,,26.53,0.004544,29930.0,1.0,26.44,794042.9,UIL,7.0,7.0,2.0,,3.0,10,1.0,1.0,1.0,6.0,2.0,2.0,4.0,8.0,5.0,8.0,4.0,2.0,5.0,8.0,9.0,6.0,5.0,5.0,4.0,4.0,4.0,,2.0,2.0,4.0,2.0,7.0,6.0,6.0,5.0,8.0,1.0,8.0,5.0,8.0,5.0,4.0,8.0,9.0,9.0,3.0,2.0,1.0,7.0,6.0,3,8.0,10,1
2009-09-25,53663,,11,1,4911.0,90274810,UIL,U I L HOLDINGS CORP,UIL,221111.0,N,A,R,21819,1,4931.0,90274810.0,,,49.0,493.0,,,,,,,26.5,-0.001131,29930.0,1.0,26.53,793145.0,UIL,7.0,7.0,2.0,,3.0,10,1.0,1.0,1.0,6.0,2.0,2.0,4.0,8.0,5.0,8.0,4.0,2.0,5.0,8.0,9.0,6.0,5.0,5.0,4.0,4.0,4.0,,2.0,2.0,4.0,2.0,7.0,6.0,6.0,5.0,8.0,1.0,8.0,5.0,8.0,5.0,4.0,8.0,9.0,9.0,3.0,2.0,1.0,7.0,6.0,3,8.0,10,1
2009-09-28,53663,,11,1,4911.0,90274810,UIL,U I L HOLDINGS CORP,UIL,221111.0,N,A,R,21819,1,4931.0,90274810.0,,,49.0,493.0,,,,,,,27.05,0.020755,29930.0,1.0,26.71,809606.5,UIL,7.0,7.0,2.0,,3.0,10,1.0,1.0,1.0,6.0,2.0,2.0,4.0,8.0,5.0,8.0,4.0,2.0,5.0,8.0,9.0,6.0,5.0,5.0,4.0,4.0,4.0,,2.0,2.0,4.0,2.0,7.0,6.0,6.0,5.0,8.0,1.0,8.0,5.0,8.0,5.0,4.0,8.0,9.0,9.0,3.0,2.0,1.0,7.0,6.0,3,8.0,10,1
2009-09-29,53663,,11,1,4911.0,90274810,UIL,U I L HOLDINGS CORP,UIL,221111.0,N,A,R,21819,1,4931.0,90274810.0,,,49.0,493.0,,,,,,,26.92,-0.004806,29930.0,1.0,26.99,805715.6,UIL,7.0,7.0,2.0,,3.0,10,1.0,1.0,1.0,6.0,2.0,2.0,4.0,8.0,5.0,8.0,4.0,2.0,5.0,8.0,9.0,6.0,5.0,5.0,4.0,4.0,4.0,,2.0,2.0,4.0,2.0,7.0,6.0,6.0,5.0,8.0,1.0,8.0,5.0,8.0,5.0,4.0,8.0,9.0,9.0,3.0,2.0,1.0,7.0,6.0,3,8.0,10,1
2009-09-30,53663,,11,1,4911.0,90274810,UIL,U I L HOLDINGS CORP,UIL,221111.0,N,A,R,21819,1,4931.0,90274810.0,,,49.0,493.0,,,,,,,26.39,-0.019688,29930.0,1.0,27.0,789852.7,UIL,7.0,7.0,2.0,,3.0,10,1.0,1.0,1.0,6.0,2.0,2.0,4.0,8.0,5.0,8.0,4.0,2.0,5.0,8.0,9.0,6.0,5.0,5.0,4.0,4.0,4.0,,2.0,2.0,4.0,2.0,7.0,6.0,6.0,5.0,8.0,1.0,8.0,5.0,8.0,5.0,4.0,8.0,9.0,9.0,3.0,2.0,1.0,7.0,6.0,3,8.0,10,1
2009-10-01,53663,,11,1,4911.0,90274810,UIL,U I L HOLDINGS CORP,UIL,221111.0,N,A,R,21819,1,4931.0,90274810.0,,,49.0,493.0,,,,,,,26.36,-0.001137,29930.0,1.0,26.34,788954.8,UIL,7.0,7.0,2.0,,3.0,10,1.0,1.0,1.0,6.0,2.0,2.0,4.0,8.0,5.0,8.0,4.0,2.0,5.0,8.0,9.0,6.0,5.0,5.0,4.0,4.0,4.0,,4.0,2.0,5.0,3.0,7.0,4.0,3.0,4.0,9.0,1.0,8.0,5.0,7.0,5.0,6.0,9.0,9.0,10.0,5.0,5.0,2.0,8.0,6.0,3,9.0,10,1
2009-10-02,53663,,11,1,4911.0,90274810,UIL,U I L HOLDINGS CORP,UIL,221111.0,N,A,R,21819,1,4931.0,90274810.0,,,49.0,493.0,,,,,,,26.08,-0.010622,29930.0,1.0,26.24,780574.4,UIL,7.0,7.0,2.0,,3.0,10,1.0,1.0,1.0,6.0,2.0,2.0,4.0,8.0,5.0,8.0,4.0,2.0,5.0,8.0,9.0,6.0,5.0,5.0,4.0,4.0,4.0,,4.0,2.0,5.0,3.0,7.0,4.0,3.0,4.0,9.0,1.0,8.0,5.0,7.0,5.0,6.0,9.0,9.0,10.0,5.0,5.0,2.0,8.0,6.0,3,9.0,10,1
2009-10-05,53663,,11,1,4911.0,90274810,UIL,U I L HOLDINGS CORP,UIL,221111.0,N,A,R,21819,1,4931.0,90274810.0,,,49.0,493.0,,,,,,,26.37,0.01112,29930.0,1.0,26.12,789254.1,UIL,7.0,7.0,2.0,,3.0,10,1.0,1.0,1.0,6.0,2.0,2.0,4.0,8.0,5.0,8.0,4.0,2.0,5.0,8.0,9.0,6.0,5.0,5.0,4.0,4.0,4.0,,4.0,2.0,5.0,3.0,7.0,4.0,3.0,4.0,9.0,1.0,8.0,5.0,7.0,5.0,6.0,9.0,9.0,10.0,5.0,5.0,2.0,8.0,6.0,3,9.0,10,1
2009-10-06,53663,,11,1,4911.0,90274810,UIL,U I L HOLDINGS CORP,UIL,221111.0,N,A,R,21819,1,4931.0,90274810.0,,,49.0,493.0,,,,,,,26.58,0.007964,29930.0,1.0,26.56,795539.4,UIL,7.0,7.0,2.0,,3.0,10,1.0,1.0,1.0,6.0,2.0,2.0,4.0,8.0,5.0,8.0,4.0,2.0,5.0,8.0,9.0,6.0,5.0,5.0,4.0,4.0,4.0,,4.0,2.0,5.0,3.0,7.0,4.0,3.0,4.0,9.0,1.0,8.0,5.0,7.0,5.0,6.0,9.0,9.0,10.0,5.0,5.0,2.0,8.0,6.0,3,9.0,10,1
2009-10-07,53663,,11,1,4911.0,90274810,UIL,U I L HOLDINGS CORP,UIL,221111.0,N,A,R,21819,1,4931.0,90274810.0,,,49.0,493.0,,,,,,,26.67,0.003386,29930.0,1.0,26.44,798233.1,UIL,7.0,7.0,2.0,,3.0,10,1.0,1.0,1.0,6.0,2.0,2.0,4.0,8.0,5.0,8.0,4.0,2.0,5.0,8.0,9.0,6.0,5.0,5.0,4.0,4.0,4.0,,4.0,2.0,5.0,3.0,7.0,4.0,3.0,4.0,9.0,1.0,8.0,5.0,7.0,5.0,6.0,9.0,9.0,10.0,5.0,5.0,2.0,8.0,6.0,3,9.0,10,1
2009-10-08,53663,,11,1,4911.0,90274810,UIL,U I L HOLDINGS CORP,UIL,221111.0,N,A,R,21819,1,4931.0,90274810.0,,,49.0,493.0,,,,,,,26.74,0.002625,29930.0,1.0,26.88,800328.2,UIL,7.0,7.0,2.0,,3.0,10,1.0,1.0,1.0,6.0,2.0,2.0,4.0,8.0,5.0,8.0,4.0,2.0,5.0,8.0,9.0,6.0,5.0,5.0,4.0,4.0,4.0,,4.0,2.0,5.0,3.0,7.0,4.0,3.0,4.0,9.0,1.0,8.0,5.0,7.0,5.0,6.0,9.0,9.0,10.0,5.0,5.0,2.0,8.0,6.0,3,9.0,10,1
2009-10-09,53663,,11,1,4911.0,90274810,UIL,U I L HOLDINGS CORP,UIL,221111.0,N,A,R,21819,1,4931.0,90274810.0,,,49.0,493.0,,,,,,,27.24,0.018699,29930.0,1.0,26.81,815293.2,UIL,7.0,7.0,2.0,,3.0,10,1.0,1.0,1.0,6.0,2.0,2.0,4.0,8.0,5.0,8.0,4.0,2.0,5.0,8.0,9.0,6.0,5.0,5.0,4.0,4.0,4.0,,4.0,2.0,5.0,3.0,7.0,4.0,3.0,4.0,9.0,1.0,8.0,5.0,7.0,5.0,6.0,9.0,9.0,10.0,5.0,5.0,2.0,8.0,6.0,3,9.0,10,1
2009-10-12,53663,,11,1,4911.0,90274810,UIL,U I L HOLDINGS CORP,UIL,221111.0,N,A,R,21819,1,4931.0,90274810.0,,,49.0,493.0,,,,,,,26.96,-0.010279,29930.0,1.0,27.37,806912.8,UIL,7.0,7.0,2.0,,3.0,10,1.0,1.0,1.0,6.0,2.0,2.0,4.0,8.0,5.0,8.0,4.0,2.0,5.0,8.0,9.0,6.0,5.0,5.0,4.0,4.0,4.0,,4.0,2.0,5.0,3.0,7.0,4.0,3.0,4.0,9.0,1.0,8.0,5.0,7.0,5.0,6.0,9.0,9.0,10.0,5.0,5.0,2.0,8.0,6.0,3,9.0,10,1
2009-10-13,53663,,11,1,4911.0,90274810,UIL,U I L HOLDINGS CORP,UIL,221111.0,N,A,R,21819,1,4931.0,90274810.0,,,49.0,493.0,,,,,,,26.9,-0.002225,29930.0,1.0,27.01,805117.0,UIL,7.0,7.0,2.0,,3.0,10,1.0,1.0,1.0,6.0,2.0,2.0,4.0,8.0,5.0,8.0,4.0,2.0,5.0,8.0,9.0,6.0,5.0,5.0,4.0,4.0,4.0,,4.0,2.0,5.0,3.0,7.0,4.0,3.0,4.0,9.0,1.0,8.0,5.0,7.0,5.0,6.0,9.0,9.0,10.0,5.0,5.0,2.0,8.0,6.0,3,9.0,10,1
2009-10-14,53663,,11,1,4911.0,90274810,UIL,U I L HOLDINGS CORP,UIL,221111.0,N,A,R,21819,1,4931.0,90274810.0,,,49.0,493.0,,,,,,,27.25,0.013011,29930.0,1.0,27.11,815592.5,UIL,7.0,7.0,2.0,,3.0,10,1.0,1.0,1.0,6.0,2.0,2.0,4.0,8.0,5.0,8.0,4.0,2.0,5.0,8.0,9.0,6.0,5.0,5.0,4.0,4.0,4.0,,4.0,2.0,5.0,3.0,7.0,4.0,3.0,4.0,9.0,1.0,8.0,5.0,7.0,5.0,6.0,9.0,9.0,10.0,5.0,5.0,2.0,8.0,6.0,3,9.0,10,1
2009-10-15,53663,,11,1,4911.0,90274810,UIL,U I L HOLDINGS CORP,UIL,221111.0,N,A,R,21819,1,4931.0,90274810.0,,,49.0,493.0,,,,,,,27.44,0.006972,29930.0,1.0,27.15,821279.2,UIL,7.0,7.0,2.0,,3.0,10,1.0,1.0,1.0,6.0,2.0,2.0,4.0,8.0,5.0,8.0,4.0,2.0,5.0,8.0,9.0,6.0,5.0,5.0,4.0,4.0,4.0,,4.0,2.0,5.0,3.0,7.0,4.0,3.0,4.0,9.0,1.0,8.0,5.0,7.0,5.0,6.0,9.0,9.0,10.0,5.0,5.0,2.0,8.0,6.0,3,9.0,10,1
2009-10-16,53663,,11,1,4911.0,90274810,UIL,U I L HOLDINGS CORP,UIL,221111.0,N,A,R,21819,1,4931.0,90274810.0,,,49.0,493.0,,,,,,,27.31,-0.004738,29930.0,1.0,27.31,817388.3,UIL,7.0,7.0,2.0,,3.0,10,1.0,1.0,1.0,6.0,2.0,2.0,4.0,8.0,5.0,8.0,4.0,2.0,5.0,8.0,9.0,6.0,5.0,5.0,4.0,4.0,4.0,,4.0,2.0,5.0,3.0,7.0,4.0,3.0,4.0,9.0,1.0,8.0,5.0,7.0,5.0,6.0,9.0,9.0,10.0,5.0,5.0,2.0,8.0,6.0,3,9.0,10,1
2009-10-19,53663,,11,1,4911.0,90274810,UIL,U I L HOLDINGS CORP,UIL,221111.0,N,A,R,21819,1,4931.0,90274810.0,,,49.0,493.0,,,,,,,27.68,0.013548,29930.0,1.0,27.32,828462.4,UIL,7.0,7.0,2.0,,3.0,10,1.0,1.0,1.0,6.0,2.0,2.0,4.0,8.0,5.0,8.0,4.0,2.0,5.0,8.0,9.0,6.0,5.0,5.0,4.0,4.0,4.0,,4.0,2.0,5.0,3.0,7.0,4.0,3.0,4.0,9.0,1.0,8.0,5.0,7.0,5.0,6.0,9.0,9.0,10.0,5.0,5.0,2.0,8.0,6.0,3,9.0,10,1
2009-10-20,53663,,11,1,4911.0,90274810,UIL,U I L HOLDINGS CORP,UIL,221111.0,N,A,R,21819,1,4931.0,90274810.0,,,49.0,493.0,,,,,,,27.21,-0.01698,29930.0,1.0,27.71,814395.3,UIL,7.0,7.0,2.0,,3.0,10,1.0,1.0,1.0,6.0,2.0,2.0,4.0,8.0,5.0,8.0,4.0,2.0,5.0,8.0,9.0,6.0,5.0,5.0,4.0,4.0,4.0,,4.0,2.0,5.0,3.0,7.0,4.0,3.0,4.0,9.0,1.0,8.0,5.0,7.0,5.0,6.0,9.0,9.0,10.0,5.0,5.0,2.0,8.0,6.0,3,9.0,10,1
2009-10-21,53663,,11,1,4911.0,90274810,UIL,U I L HOLDINGS CORP,UIL,221111.0,N,A,R,21819,1,4931.0,90274810.0,,,49.0,493.0,,,,,,,26.85,-0.01323,29930.0,1.0,27.06,803620.5,UIL,7.0,7.0,2.0,,3.0,10,1.0,1.0,1.0,6.0,2.0,2.0,4.0,8.0,5.0,8.0,4.0,2.0,5.0,8.0,9.0,6.0,5.0,5.0,4.0,4.0,4.0,,4.0,2.0,5.0,3.0,7.0,4.0,3.0,4.0,9.0,1.0,8.0,5.0,7.0,5.0,6.0,9.0,9.0,10.0,5.0,5.0,2.0,8.0,6.0,3,9.0,10,1
2009-10-22,53663,,11,1,4911.0,90274810,UIL,U I L HOLDINGS CORP,UIL,221111.0,N,A,R,21819,1,4931.0,90274810.0,,,49.0,493.0,,,,,,,27.23,0.014153,29930.0,1.0,26.8,814993.9,UIL,7.0,7.0,2.0,,3.0,10,1.0,1.0,1.0,6.0,2.0,2.0,4.0,8.0,5.0,8.0,4.0,2.0,5.0,8.0,9.0,6.0,5.0,5.0,4.0,4.0,4.0,,4.0,2.0,5.0,3.0,7.0,4.0,3.0,4.0,9.0,1.0,8.0,5.0,7.0,5.0,6.0,9.0,9.0,10.0,5.0,5.0,2.0,8.0,6.0,3,9.0,10,1
2009-10-23,53663,,11,1,4911.0,90274810,UIL,U I L HOLDINGS CORP,UIL,221111.0,N,A,R,21819,1,4931.0,90274810.0,,,49.0,493.0,,,,,,,26.49,-0.027176,29930.0,1.0,27.25,792845.7,UIL,7.0,7.0,2.0,,3.0,10,1.0,1.0,1.0,6.0,2.0,2.0,4.0,8.0,5.0,8.0,4.0,2.0,5.0,8.0,9.0,6.0,5.0,5.0,4.0,4.0,4.0,,4.0,2.0,5.0,3.0,7.0,4.0,3.0,4.0,9.0,1.0,8.0,5.0,7.0,5.0,6.0,9.0,9.0,10.0,5.0,5.0,2.0,8.0,6.0,3,9.0,10,1
2009-10-26,53663,,11,1,4911.0,90274810,UIL,U I L HOLDINGS CORP,UIL,221111.0,N,A,R,21819,1,4931.0,90274810.0,,,49.0,493.0,,,,,,,26.17,-0.01208,29930.0,1.0,26.49,783268.1,UIL,7.0,7.0,2.0,,3.0,10,1.0,1.0,1.0,6.0,2.0,2.0,4.0,8.0,5.0,8.0,4.0,2.0,5.0,8.0,9.0,6.0,5.0,5.0,4.0,4.0,4.0,,4.0,2.0,5.0,3.0,7.0,4.0,3.0,4.0,9.0,1.0,8.0,5.0,7.0,5.0,6.0,9.0,9.0,10.0,5.0,5.0,2.0,8.0,6.0,3,9.0,10,1
2009-10-27,53663,,11,1,4911.0,90274810,UIL,U I L HOLDINGS CORP,UIL,221111.0,N,A,R,21819,1,4931.0,90274810.0,,,49.0,493.0,,,,,,,26.34,0.006496,29930.0,1.0,26.34,788356.2,UIL,7.0,7.0,2.0,,3.0,10,1.0,1.0,1.0,6.0,2.0,2.0,4.0,8.0,5.0,8.0,4.0,2.0,5.0,8.0,9.0,6.0,5.0,5.0,4.0,4.0,4.0,,4.0,2.0,5.0,3.0,7.0,4.0,3.0,4.0,9.0,1.0,8.0,5.0,7.0,5.0,6.0,9.0,9.0,10.0,5.0,5.0,2.0,8.0,6.0,3,9.0,10,1
2009-10-28,53663,,11,1,4911.0,90274810,UIL,U I L HOLDINGS CORP,UIL,221111.0,N,A,R,21819,1,4931.0,90274810.0,,,49.0,493.0,,,,,,,26.2,-0.005315,29930.0,1.0,26.31,784166.0,UIL,7.0,7.0,2.0,,3.0,10,1.0,1.0,1.0,6.0,2.0,2.0,4.0,8.0,5.0,8.0,4.0,2.0,5.0,8.0,9.0,6.0,5.0,5.0,4.0,4.0,4.0,,4.0,2.0,5.0,3.0,7.0,4.0,3.0,4.0,9.0,1.0,8.0,5.0,7.0,5.0,6.0,9.0,9.0,10.0,5.0,5.0,2.0,8.0,6.0,3,9.0,10,1
2009-10-29,53663,,11,1,4911.0,90274810,UIL,U I L HOLDINGS CORP,UIL,221111.0,N,A,R,21819,1,4931.0,90274810.0,,,49.0,493.0,,,,,,,26.33,0.004962,29930.0,1.0,26.48,788056.9,UIL,7.0,7.0,2.0,,3.0,10,1.0,1.0,1.0,6.0,2.0,2.0,4.0,8.0,5.0,8.0,4.0,2.0,5.0,8.0,9.0,6.0,5.0,5.0,4.0,4.0,4.0,,4.0,2.0,5.0,3.0,7.0,4.0,3.0,4.0,9.0,1.0,8.0,5.0,7.0,5.0,6.0,9.0,9.0,10.0,5.0,5.0,2.0,8.0,6.0,3,9.0,10,1
2009-10-30,53663,,11,1,4911.0,90274810,UIL,U I L HOLDINGS CORP,UIL,221111.0,N,A,R,21819,1,4931.0,90274810.0,,,49.0,493.0,,,,,,,25.68,-0.024687,29930.0,1.0,26.13,768602.4,UIL,7.0,7.0,2.0,,3.0,10,1.0,1.0,1.0,6.0,2.0,2.0,4.0,8.0,5.0,8.0,4.0,2.0,5.0,8.0,9.0,6.0,5.0,5.0,4.0,4.0,4.0,,4.0,2.0,5.0,3.0,7.0,4.0,3.0,4.0,9.0,1.0,8.0,5.0,7.0,5.0,6.0,9.0,9.0,10.0,5.0,5.0,2.0,8.0,6.0,3,9.0,10,1
2009-11-02,53663,,11,1,4911.0,90274810,UIL,U I L HOLDINGS CORP,UIL,221111.0,N,A,R,21819,1,4931.0,90274810.0,,,49.0,493.0,,,,,,,25.68,0.0,29930.0,1.0,25.86,768602.4,UIL,7.0,7.0,2.0,,3.0,10,1.0,1.0,1.0,6.0,2.0,2.0,4.0,8.0,5.0,8.0,4.0,2.0,5.0,8.0,9.0,6.0,5.0,5.0,4.0,4.0,4.0,,3.0,3.0,5.0,2.0,7.0,2.0,2.0,3.0,8.0,1.0,10.0,7.0,9.0,6.0,5.0,10.0,9.0,6.0,5.0,6.0,4.0,8.0,6.0,3,10.0,10,1
2009-11-03,53663,,11,1,4911.0,90274810,UIL,U I L HOLDINGS CORP,UIL,221111.0,N,A,R,21819,1,4931.0,90274810.0,,,49.0,493.0,,,,,,,25.79,0.004284,29930.0,1.0,25.56,771894.7,UIL,7.0,7.0,2.0,,3.0,10,1.0,1.0,1.0,6.0,2.0,2.0,4.0,8.0,5.0,8.0,4.0,2.0,5.0,8.0,9.0,6.0,5.0,5.0,4.0,4.0,4.0,,3.0,3.0,5.0,2.0,7.0,2.0,2.0,3.0,8.0,1.0,10.0,7.0,9.0,6.0,5.0,10.0,9.0,6.0,5.0,6.0,4.0,8.0,6.0,3,10.0,10,1
2009-11-04,53663,,11,1,4911.0,90274810,UIL,U I L HOLDINGS CORP,UIL,221111.0,N,A,R,21819,1,4931.0,90274810.0,,,49.0,493.0,,,,,,,25.57,-0.00853,29930.0,1.0,25.89,765310.1,UIL,7.0,7.0,2.0,,3.0,10,1.0,1.0,1.0,6.0,2.0,2.0,4.0,8.0,5.0,8.0,4.0,2.0,5.0,8.0,9.0,6.0,5.0,5.0,4.0,4.0,4.0,,3.0,3.0,5.0,2.0,7.0,2.0,2.0,3.0,8.0,1.0,10.0,7.0,9.0,6.0,5.0,10.0,9.0,6.0,5.0,6.0,4.0,8.0,6.0,3,10.0,10,1
2009-11-05,53663,,11,1,4911.0,90274810,UIL,U I L HOLDINGS CORP,UIL,221111.0,N,A,R,21819,1,4931.0,90274810.0,,,49.0,493.0,,,,,,,26.2,0.024638,29930.0,1.0,25.72,784166.0,UIL,7.0,7.0,2.0,,3.0,10,1.0,1.0,1.0,6.0,2.0,2.0,4.0,8.0,5.0,8.0,4.0,2.0,5.0,8.0,9.0,6.0,5.0,5.0,4.0,4.0,4.0,,3.0,3.0,5.0,2.0,7.0,2.0,2.0,3.0,8.0,1.0,10.0,7.0,9.0,6.0,5.0,10.0,9.0,6.0,5.0,6.0,4.0,8.0,6.0,3,10.0,10,1
2009-11-06,53663,,11,1,4911.0,90274810,UIL,U I L HOLDINGS CORP,UIL,221111.0,N,A,R,21819,1,4931.0,90274810.0,,,49.0,493.0,,,,,,,26.23,0.001145,29930.0,1.0,26.16,785063.9,UIL,7.0,7.0,2.0,,3.0,10,1.0,1.0,1.0,6.0,2.0,2.0,4.0,8.0,5.0,8.0,4.0,2.0,5.0,8.0,9.0,6.0,5.0,5.0,4.0,4.0,4.0,,3.0,3.0,5.0,2.0,7.0,2.0,2.0,3.0,8.0,1.0,10.0,7.0,9.0,6.0,5.0,10.0,9.0,6.0,5.0,6.0,4.0,8.0,6.0,3,10.0,10,1
2009-11-09,53663,,11,1,4911.0,90274810,UIL,U I L HOLDINGS CORP,UIL,221111.0,N,A,R,21819,1,4931.0,90274810.0,,,49.0,493.0,,,,,,,26.76,0.020206,29930.0,1.0,26.4,800926.8,UIL,7.0,7.0,2.0,,3.0,10,1.0,1.0,1.0,6.0,2.0,2.0,4.0,8.0,5.0,8.0,4.0,2.0,5.0,8.0,9.0,6.0,5.0,5.0,4.0,4.0,4.0,,3.0,3.0,5.0,2.0,7.0,2.0,2.0,3.0,8.0,1.0,10.0,7.0,9.0,6.0,5.0,10.0,9.0,6.0,5.0,6.0,4.0,8.0,6.0,3,10.0,10,1
2009-11-10,53663,,11,1,4911.0,90274810,UIL,U I L HOLDINGS CORP,UIL,221111.0,N,A,R,21819,1,4931.0,90274810.0,,,49.0,493.0,,,,,,,26.56,-0.007474,29930.0,1.0,26.7,794940.8,UIL,7.0,7.0,2.0,,3.0,10,1.0,1.0,1.0,6.0,2.0,2.0,4.0,8.0,5.0,8.0,4.0,2.0,5.0,8.0,9.0,6.0,5.0,5.0,4.0,4.0,4.0,,3.0,3.0,5.0,2.0,7.0,2.0,2.0,3.0,8.0,1.0,10.0,7.0,9.0,6.0,5.0,10.0,9.0,6.0,5.0,6.0,4.0,8.0,6.0,3,10.0,10,1
2009-11-11,53663,,11,1,4911.0,90274810,UIL,U I L HOLDINGS CORP,UIL,221111.0,N,A,R,21819,1,4931.0,90274810.0,,,49.0,493.0,,,,,,,26.96,0.01506,29930.0,1.0,26.85,806912.8,UIL,7.0,7.0,2.0,,3.0,10,1.0,1.0,1.0,6.0,2.0,2.0,4.0,8.0,5.0,8.0,4.0,2.0,5.0,8.0,9.0,6.0,5.0,5.0,4.0,4.0,4.0,,3.0,3.0,5.0,2.0,7.0,2.0,2.0,3.0,8.0,1.0,10.0,7.0,9.0,6.0,5.0,10.0,9.0,6.0,5.0,6.0,4.0,8.0,6.0,3,10.0,10,1
2009-11-12,53663,,11,1,4911.0,90274810,UIL,U I L HOLDINGS CORP,UIL,221111.0,N,A,R,21819,1,4931.0,90274810.0,,,49.0,493.0,,,,,,,26.48,-0.017804,29930.0,1.0,26.89,792546.4,UIL,7.0,7.0,2.0,,3.0,10,1.0,1.0,1.0,6.0,2.0,2.0,4.0,8.0,5.0,8.0,4.0,2.0,5.0,8.0,9.0,6.0,5.0,5.0,4.0,4.0,4.0,,3.0,3.0,5.0,2.0,7.0,2.0,2.0,3.0,8.0,1.0,10.0,7.0,9.0,6.0,5.0,10.0,9.0,6.0,5.0,6.0,4.0,8.0,6.0,3,10.0,10,1
2009-11-13,53663,,11,1,4911.0,90274810,UIL,U I L HOLDINGS CORP,UIL,221111.0,N,A,R,21819,1,4931.0,90274810.0,,,49.0,493.0,,,,,,,26.51,0.001133,29930.0,1.0,26.49,793444.3,UIL,7.0,7.0,2.0,,3.0,10,1.0,1.0,1.0,6.0,2.0,2.0,4.0,8.0,5.0,8.0,4.0,2.0,5.0,8.0,9.0,6.0,5.0,5.0,4.0,4.0,4.0,,3.0,3.0,5.0,2.0,7.0,2.0,2.0,3.0,8.0,1.0,10.0,7.0,9.0,6.0,5.0,10.0,9.0,6.0,5.0,6.0,4.0,8.0,6.0,3,10.0,10,1
2009-11-16,53663,,11,1,4911.0,90274810,UIL,U I L HOLDINGS CORP,UIL,221111.0,N,A,R,21819,1,4931.0,90274810.0,,,49.0,493.0,,,,,,,27.1,0.022256,29930.0,1.0,26.79,811103.0,UIL,7.0,7.0,2.0,,3.0,10,1.0,1.0,1.0,6.0,2.0,2.0,4.0,8.0,5.0,8.0,4.0,2.0,5.0,8.0,9.0,6.0,5.0,5.0,4.0,4.0,4.0,,3.0,3.0,5.0,2.0,7.0,2.0,2.0,3.0,8.0,1.0,10.0,7.0,9.0,6.0,5.0,10.0,9.0,6.0,5.0,6.0,4.0,8.0,6.0,3,10.0,10,1
2009-11-17,53663,,11,1,4911.0,90274810,UIL,U I L HOLDINGS CORP,UIL,221111.0,N,A,R,21819,1,4931.0,90274810.0,,,49.0,493.0,,,,,,,27.3,0.00738,29930.0,1.0,27.04,817089.0,UIL,7.0,7.0,2.0,,3.0,10,1.0,1.0,1.0,6.0,2.0,2.0,4.0,8.0,5.0,8.0,4.0,2.0,5.0,8.0,9.0,6.0,5.0,5.0,4.0,4.0,4.0,,3.0,3.0,5.0,2.0,7.0,2.0,2.0,3.0,8.0,1.0,10.0,7.0,9.0,6.0,5.0,10.0,9.0,6.0,5.0,6.0,4.0,8.0,6.0,3,10.0,10,1
2009-11-18,53663,,11,1,4911.0,90274810,UIL,U I L HOLDINGS CORP,UIL,221111.0,N,A,R,21819,1,4931.0,90274810.0,,,49.0,493.0,,,,,,,27.13,-0.006227,29930.0,1.0,27.22,812000.9,UIL,7.0,7.0,2.0,,3.0,10,1.0,1.0,1.0,6.0,2.0,2.0,4.0,8.0,5.0,8.0,4.0,2.0,5.0,8.0,9.0,6.0,5.0,5.0,4.0,4.0,4.0,,3.0,3.0,5.0,2.0,7.0,2.0,2.0,3.0,8.0,1.0,10.0,7.0,9.0,6.0,5.0,10.0,9.0,6.0,5.0,6.0,4.0,8.0,6.0,3,10.0,10,1
2009-11-19,53663,,11,1,4911.0,90274810,UIL,U I L HOLDINGS CORP,UIL,221111.0,N,A,R,21819,1,4931.0,90274810.0,,,49.0,493.0,,,,,,,26.8,-0.012164,29930.0,1.0,26.95,802124.0,UIL,7.0,7.0,2.0,,3.0,10,1.0,1.0,1.0,6.0,2.0,2.0,4.0,8.0,5.0,8.0,4.0,2.0,5.0,8.0,9.0,6.0,5.0,5.0,4.0,4.0,4.0,,3.0,3.0,5.0,2.0,7.0,2.0,2.0,3.0,8.0,1.0,10.0,7.0,9.0,6.0,5.0,10.0,9.0,6.0,5.0,6.0,4.0,8.0,6.0,3,10.0,10,1
2009-11-20,53663,,11,1,4911.0,90274810,UIL,U I L HOLDINGS CORP,UIL,221111.0,N,A,R,21819,1,4931.0,90274810.0,,,49.0,493.0,,,,,,,26.8,0.0,29930.0,1.0,26.7,802124.0,UIL,7.0,7.0,2.0,,3.0,10,1.0,1.0,1.0,6.0,2.0,2.0,4.0,8.0,5.0,8.0,4.0,2.0,5.0,8.0,9.0,6.0,5.0,5.0,4.0,4.0,4.0,,3.0,3.0,5.0,2.0,7.0,2.0,2.0,3.0,8.0,1.0,10.0,7.0,9.0,6.0,5.0,10.0,9.0,6.0,5.0,6.0,4.0,8.0,6.0,3,10.0,10,1
2009-11-23,53663,,11,1,4911.0,90274810,UIL,U I L HOLDINGS CORP,UIL,221111.0,N,A,R,21819,1,4931.0,90274810.0,,,49.0,493.0,,,,,,,27.07,0.010075,29930.0,1.0,26.96,810205.1,UIL,7.0,7.0,2.0,,3.0,10,1.0,1.0,1.0,6.0,2.0,2.0,4.0,8.0,5.0,8.0,4.0,2.0,5.0,8.0,9.0,6.0,5.0,5.0,4.0,4.0,4.0,,3.0,3.0,5.0,2.0,7.0,2.0,2.0,3.0,8.0,1.0,10.0,7.0,9.0,6.0,5.0,10.0,9.0,6.0,5.0,6.0,4.0,8.0,6.0,3,10.0,10,1
2009-11-24,53663,,11,1,4911.0,90274810,UIL,U I L HOLDINGS CORP,UIL,221111.0,N,A,R,21819,1,4931.0,90274810.0,,,49.0,493.0,,,,,,,27.32,0.009235,29930.0,1.0,27.01,817687.6,UIL,7.0,7.0,2.0,,3.0,10,1.0,1.0,1.0,6.0,2.0,2.0,4.0,8.0,5.0,8.0,4.0,2.0,5.0,8.0,9.0,6.0,5.0,5.0,4.0,4.0,4.0,,3.0,3.0,5.0,2.0,7.0,2.0,2.0,3.0,8.0,1.0,10.0,7.0,9.0,6.0,5.0,10.0,9.0,6.0,5.0,6.0,4.0,8.0,6.0,3,10.0,10,1
2009-11-25,53663,,11,1,4911.0,90274810,UIL,U I L HOLDINGS CORP,UIL,221111.0,N,A,R,21819,1,4931.0,90274810.0,,,49.0,493.0,,,,,,,27.28,-0.001464,29930.0,1.0,27.41,816490.4,UIL,7.0,7.0,2.0,,3.0,10,1.0,1.0,1.0,6.0,2.0,2.0,4.0,8.0,5.0,8.0,4.0,2.0,5.0,8.0,9.0,6.0,5.0,5.0,4.0,4.0,4.0,,3.0,3.0,5.0,2.0,7.0,2.0,2.0,3.0,8.0,1.0,10.0,7.0,9.0,6.0,5.0,10.0,9.0,6.0,5.0,6.0,4.0,8.0,6.0,3,10.0,10,1
2009-11-27,53663,,11,1,4911.0,90274810,UIL,U I L HOLDINGS CORP,UIL,221111.0,N,A,R,21819,1,4931.0,90274810.0,,,49.0,493.0,,,,,,,26.75,-0.019428,29930.0,1.0,26.94,800627.5,UIL,7.0,7.0,2.0,,3.0,10,1.0,1.0,1.0,6.0,2.0,2.0,4.0,8.0,5.0,8.0,4.0,2.0,5.0,8.0,9.0,6.0,5.0,5.0,4.0,4.0,4.0,,3.0,3.0,5.0,2.0,7.0,2.0,2.0,3.0,8.0,1.0,10.0,7.0,9.0,6.0,5.0,10.0,9.0,6.0,5.0,6.0,4.0,8.0,6.0,3,10.0,10,1
2009-11-30,53663,,11,1,4911.0,90274810,UIL,U I L HOLDINGS CORP,UIL,221111.0,N,A,R,21819,1,4931.0,90274810.0,,,49.0,493.0,,,,,,,26.96,0.00785,29930.0,1.0,26.75,806912.8,UIL,7.0,7.0,2.0,,3.0,10,1.0,1.0,1.0,6.0,2.0,2.0,4.0,8.0,5.0,8.0,4.0,2.0,5.0,8.0,9.0,6.0,5.0,5.0,4.0,4.0,4.0,,3.0,3.0,5.0,2.0,7.0,2.0,2.0,3.0,8.0,1.0,10.0,7.0,9.0,6.0,5.0,10.0,9.0,6.0,5.0,6.0,4.0,8.0,6.0,3,10.0,10,1
2009-12-01,53663,,11,1,4911.0,90274810,UIL,U I L HOLDINGS CORP,UIL,221111.0,N,A,R,21819,1,4931.0,90274810.0,,,49.0,493.0,,,,,,,27.16,0.007418,29930.0,1.0,27.27,812898.8,UIL,7.0,7.0,2.0,,3.0,10,1.0,1.0,1.0,6.0,2.0,2.0,4.0,8.0,5.0,8.0,4.0,2.0,5.0,8.0,9.0,6.0,5.0,5.0,4.0,4.0,4.0,,5.0,2.0,6.0,3.0,7.0,2.0,1.0,3.0,9.0,1.0,6.0,6.0,9.0,6.0,5.0,10.0,9.0,4.0,4.0,4.0,2.0,6.0,6.0,3,10.0,10,1
2009-12-02,53663,,11,1,4911.0,90274810,UIL,U I L HOLDINGS CORP,UIL,221111.0,N,A,R,21819,1,4931.0,90274810.0,,,49.0,493.0,,,,,,,27.49,0.01215,29930.0,1.0,27.22,822775.7,UIL,7.0,7.0,2.0,,3.0,10,1.0,1.0,1.0,6.0,2.0,2.0,4.0,8.0,5.0,8.0,4.0,2.0,5.0,8.0,9.0,6.0,5.0,5.0,4.0,4.0,4.0,,5.0,2.0,6.0,3.0,7.0,2.0,1.0,3.0,9.0,1.0,6.0,6.0,9.0,6.0,5.0,10.0,9.0,4.0,4.0,4.0,2.0,6.0,6.0,3,10.0,10,1
2009-12-03,53663,,11,1,4911.0,90274810,UIL,U I L HOLDINGS CORP,UIL,221111.0,N,A,R,21819,1,4931.0,90274810.0,,,49.0,493.0,,,,,,,27.46,-0.001091,29930.0,1.0,27.66,821877.8,UIL,7.0,7.0,2.0,,3.0,10,1.0,1.0,1.0,6.0,2.0,2.0,4.0,8.0,5.0,8.0,4.0,2.0,5.0,8.0,9.0,6.0,5.0,5.0,4.0,4.0,4.0,,5.0,2.0,6.0,3.0,7.0,2.0,1.0,3.0,9.0,1.0,6.0,6.0,9.0,6.0,5.0,10.0,9.0,4.0,4.0,4.0,2.0,6.0,6.0,3,10.0,10,1
2009-12-04,53663,,11,1,4911.0,90274810,UIL,U I L HOLDINGS CORP,UIL,221111.0,N,A,R,21819,1,4931.0,90274810.0,,,49.0,493.0,,,,,,,27.54,0.002913,29930.0,1.0,27.76,824272.2,UIL,7.0,7.0,2.0,,3.0,10,1.0,1.0,1.0,6.0,2.0,2.0,4.0,8.0,5.0,8.0,4.0,2.0,5.0,8.0,9.0,6.0,5.0,5.0,4.0,4.0,4.0,,5.0,2.0,6.0,3.0,7.0,2.0,1.0,3.0,9.0,1.0,6.0,6.0,9.0,6.0,5.0,10.0,9.0,4.0,4.0,4.0,2.0,6.0,6.0,3,10.0,10,1
2009-12-07,53663,,11,1,4911.0,90274810,UIL,U I L HOLDINGS CORP,UIL,221111.0,N,A,R,21819,1,4931.0,90274810.0,,,49.0,493.0,,,,,,,27.67,0.00472,29930.0,1.0,27.62,828163.1,UIL,7.0,7.0,2.0,,3.0,10,1.0,1.0,1.0,6.0,2.0,2.0,4.0,8.0,5.0,8.0,4.0,2.0,5.0,8.0,9.0,6.0,5.0,5.0,4.0,4.0,4.0,,5.0,2.0,6.0,3.0,7.0,2.0,1.0,3.0,9.0,1.0,6.0,6.0,9.0,6.0,5.0,10.0,9.0,4.0,4.0,4.0,2.0,6.0,6.0,3,10.0,10,1
2009-12-08,53663,,11,1,4911.0,90274810,UIL,U I L HOLDINGS CORP,UIL,221111.0,N,A,R,21819,1,4931.0,90274810.0,,,49.0,493.0,,,,,,,27.77,0.003614,29930.0,1.0,27.57,831156.1,UIL,7.0,7.0,2.0,,3.0,10,1.0,1.0,1.0,6.0,2.0,2.0,4.0,8.0,5.0,8.0,4.0,2.0,5.0,8.0,9.0,6.0,5.0,5.0,4.0,4.0,4.0,,5.0,2.0,6.0,3.0,7.0,2.0,1.0,3.0,9.0,1.0,6.0,6.0,9.0,6.0,5.0,10.0,9.0,4.0,4.0,4.0,2.0,6.0,6.0,3,10.0,10,1
2009-12-09,53663,,11,1,4911.0,90274810,UIL,U I L HOLDINGS CORP,UIL,221111.0,N,A,R,21819,1,4931.0,90274810.0,,,49.0,493.0,,,,,,,27.69,-0.002881,29930.0,1.0,27.87,828761.7,UIL,7.0,7.0,2.0,,3.0,10,1.0,1.0,1.0,6.0,2.0,2.0,4.0,8.0,5.0,8.0,4.0,2.0,5.0,8.0,9.0,6.0,5.0,5.0,4.0,4.0,4.0,,5.0,2.0,6.0,3.0,7.0,2.0,1.0,3.0,9.0,1.0,6.0,6.0,9.0,6.0,5.0,10.0,9.0,4.0,4.0,4.0,2.0,6.0,6.0,3,10.0,10,1
2009-12-10,53663,,11,1,4911.0,90274810,UIL,U I L HOLDINGS CORP,UIL,221111.0,N,A,R,21819,1,4931.0,90274810.0,,,49.0,493.0,,,,,,,27.73,0.001445,29930.0,1.0,27.79,829958.9,UIL,7.0,7.0,2.0,,3.0,10,1.0,1.0,1.0,6.0,2.0,2.0,4.0,8.0,5.0,8.0,4.0,2.0,5.0,8.0,9.0,6.0,5.0,5.0,4.0,4.0,4.0,,5.0,2.0,6.0,3.0,7.0,2.0,1.0,3.0,9.0,1.0,6.0,6.0,9.0,6.0,5.0,10.0,9.0,4.0,4.0,4.0,2.0,6.0,6.0,3,10.0,10,1
2009-12-11,53663,,11,1,4911.0,90274810,UIL,U I L HOLDINGS CORP,UIL,221111.0,N,A,R,21819,1,4931.0,90274810.0,,,49.0,493.0,,,,,,,28.23,0.018031,29930.0,1.0,27.79,844923.9,UIL,7.0,7.0,2.0,,3.0,10,1.0,1.0,1.0,6.0,2.0,2.0,4.0,8.0,5.0,8.0,4.0,2.0,5.0,8.0,9.0,6.0,5.0,5.0,4.0,4.0,4.0,,5.0,2.0,6.0,3.0,7.0,2.0,1.0,3.0,9.0,1.0,6.0,6.0,9.0,6.0,5.0,10.0,9.0,4.0,4.0,4.0,2.0,6.0,6.0,3,10.0,10,1
2009-12-14,53663,,11,1,4911.0,90274810,UIL,U I L HOLDINGS CORP,UIL,221111.0,N,A,R,21819,1,4931.0,90274810.0,,,49.0,493.0,,,,,,,28.39,0.005668,29930.0,1.0,28.34,849712.7,UIL,7.0,7.0,2.0,,3.0,10,1.0,1.0,1.0,6.0,2.0,2.0,4.0,8.0,5.0,8.0,4.0,2.0,5.0,8.0,9.0,6.0,5.0,5.0,4.0,4.0,4.0,,5.0,2.0,6.0,3.0,7.0,2.0,1.0,3.0,9.0,1.0,6.0,6.0,9.0,6.0,5.0,10.0,9.0,4.0,4.0,4.0,2.0,6.0,6.0,3,10.0,10,1
2009-12-15,53663,,11,1,4911.0,90274810,UIL,U I L HOLDINGS CORP,UIL,221111.0,N,A,R,21819,1,4931.0,90274810.0,,,49.0,493.0,,,,,,,28.24,-0.005284,29930.0,1.0,28.4,845223.2,UIL,7.0,7.0,2.0,,3.0,10,1.0,1.0,1.0,6.0,2.0,2.0,4.0,8.0,5.0,8.0,4.0,2.0,5.0,8.0,9.0,6.0,5.0,5.0,4.0,4.0,4.0,,5.0,2.0,6.0,3.0,7.0,2.0,1.0,3.0,9.0,1.0,6.0,6.0,9.0,6.0,5.0,10.0,9.0,4.0,4.0,4.0,2.0,6.0,6.0,3,10.0,10,1
2009-12-16,53663,,11,1,4911.0,90274810,UIL,U I L HOLDINGS CORP,UIL,221111.0,N,A,R,21819,1,4931.0,90274810.0,,,49.0,493.0,1232.0,0.432,0.0,,,,27.59,-0.00772,29930.0,1.0,27.97,825768.7,UIL,7.0,7.0,2.0,,3.0,10,1.0,1.0,1.0,6.0,2.0,2.0,4.0,8.0,5.0,8.0,4.0,2.0,5.0,8.0,9.0,6.0,5.0,5.0,4.0,4.0,4.0,,5.0,2.0,6.0,3.0,7.0,2.0,1.0,3.0,9.0,1.0,6.0,6.0,9.0,6.0,5.0,10.0,9.0,4.0,4.0,4.0,2.0,6.0,6.0,3,10.0,10,1
2009-12-17,53663,,11,1,4911.0,90274810,UIL,U I L HOLDINGS CORP,UIL,221111.0,N,A,R,21819,1,4931.0,90274810.0,,,49.0,493.0,,,,,,,27.39,-0.007249,29930.0,1.0,27.47,819782.7,UIL,7.0,7.0,2.0,,3.0,10,1.0,1.0,1.0,6.0,2.0,2.0,4.0,8.0,5.0,8.0,4.0,2.0,5.0,8.0,9.0,6.0,5.0,5.0,4.0,4.0,4.0,,5.0,2.0,6.0,3.0,7.0,2.0,1.0,3.0,9.0,1.0,6.0,6.0,9.0,6.0,5.0,10.0,9.0,4.0,4.0,4.0,2.0,6.0,6.0,3,10.0,10,1
2009-12-18,53663,,11,1,4911.0,90274810,UIL,U I L HOLDINGS CORP,UIL,221111.0,N,A,R,21819,1,4931.0,90274810.0,,,49.0,493.0,,,,,,,27.67,0.010223,29930.0,1.0,27.5,828163.1,UIL,7.0,7.0,2.0,,3.0,10,1.0,1.0,1.0,6.0,2.0,2.0,4.0,8.0,5.0,8.0,4.0,2.0,5.0,8.0,9.0,6.0,5.0,5.0,4.0,4.0,4.0,,5.0,2.0,6.0,3.0,7.0,2.0,1.0,3.0,9.0,1.0,6.0,6.0,9.0,6.0,5.0,10.0,9.0,4.0,4.0,4.0,2.0,6.0,6.0,3,10.0,10,1
2009-12-21,53663,,11,1,4911.0,90274810,UIL,U I L HOLDINGS CORP,UIL,221111.0,N,A,R,21819,1,4931.0,90274810.0,,,49.0,493.0,,,,,,,27.61,-0.002168,29930.0,1.0,27.67,826367.3,UIL,7.0,7.0,2.0,,3.0,10,1.0,1.0,1.0,6.0,2.0,2.0,4.0,8.0,5.0,8.0,4.0,2.0,5.0,8.0,9.0,6.0,5.0,5.0,4.0,4.0,4.0,,5.0,2.0,6.0,3.0,7.0,2.0,1.0,3.0,9.0,1.0,6.0,6.0,9.0,6.0,5.0,10.0,9.0,4.0,4.0,4.0,2.0,6.0,6.0,3,10.0,10,1
2009-12-22,53663,,11,1,4911.0,90274810,UIL,U I L HOLDINGS CORP,UIL,221111.0,N,A,R,21819,1,4931.0,90274810.0,,,49.0,493.0,,,,,,,27.69,0.002897,29930.0,1.0,27.57,828761.7,UIL,7.0,7.0,2.0,,3.0,10,1.0,1.0,1.0,6.0,2.0,2.0,4.0,8.0,5.0,8.0,4.0,2.0,5.0,8.0,9.0,6.0,5.0,5.0,4.0,4.0,4.0,,5.0,2.0,6.0,3.0,7.0,2.0,1.0,3.0,9.0,1.0,6.0,6.0,9.0,6.0,5.0,10.0,9.0,4.0,4.0,4.0,2.0,6.0,6.0,3,10.0,10,1
2009-12-23,53663,,11,1,4911.0,90274810,UIL,U I L HOLDINGS CORP,UIL,221111.0,N,A,R,21819,1,4931.0,90274810.0,,,49.0,493.0,,,,,,,27.91,0.007945,29930.0,1.0,27.83,835346.3,UIL,7.0,7.0,2.0,,3.0,10,1.0,1.0,1.0,6.0,2.0,2.0,4.0,8.0,5.0,8.0,4.0,2.0,5.0,8.0,9.0,6.0,5.0,5.0,4.0,4.0,4.0,,5.0,2.0,6.0,3.0,7.0,2.0,1.0,3.0,9.0,1.0,6.0,6.0,9.0,6.0,5.0,10.0,9.0,4.0,4.0,4.0,2.0,6.0,6.0,3,10.0,10,1
2009-12-24,53663,,11,1,4911.0,90274810,UIL,U I L HOLDINGS CORP,UIL,221111.0,N,A,R,21819,1,4931.0,90274810.0,,,49.0,493.0,,,,,,,28.06,0.005374,29930.0,1.0,28.04,839835.8,UIL,7.0,7.0,2.0,,3.0,10,1.0,1.0,1.0,6.0,2.0,2.0,4.0,8.0,5.0,8.0,4.0,2.0,5.0,8.0,9.0,6.0,5.0,5.0,4.0,4.0,4.0,,5.0,2.0,6.0,3.0,7.0,2.0,1.0,3.0,9.0,1.0,6.0,6.0,9.0,6.0,5.0,10.0,9.0,4.0,4.0,4.0,2.0,6.0,6.0,3,10.0,10,1
2009-12-28,53663,,11,1,4911.0,90274810,UIL,U I L HOLDINGS CORP,UIL,221111.0,N,A,R,21819,1,4931.0,90274810.0,,,49.0,493.0,,,,,,,28.25,0.006771,29930.0,1.0,28.1,845522.5,UIL,7.0,7.0,2.0,,3.0,10,1.0,1.0,1.0,6.0,2.0,2.0,4.0,8.0,5.0,8.0,4.0,2.0,5.0,8.0,9.0,6.0,5.0,5.0,4.0,4.0,4.0,,5.0,2.0,6.0,3.0,7.0,2.0,1.0,3.0,9.0,1.0,6.0,6.0,9.0,6.0,5.0,10.0,9.0,4.0,4.0,4.0,2.0,6.0,6.0,3,10.0,10,1
2009-12-29,53663,,11,1,4911.0,90274810,UIL,U I L HOLDINGS CORP,UIL,221111.0,N,A,R,21819,1,4931.0,90274810.0,,,49.0,493.0,,,,,,,28.63,0.013451,29930.0,1.0,28.3,856895.9,UIL,7.0,7.0,2.0,,3.0,10,1.0,1.0,1.0,6.0,2.0,2.0,4.0,8.0,5.0,8.0,4.0,2.0,5.0,8.0,9.0,6.0,5.0,5.0,4.0,4.0,4.0,,5.0,2.0,6.0,3.0,7.0,2.0,1.0,3.0,9.0,1.0,6.0,6.0,9.0,6.0,5.0,10.0,9.0,4.0,4.0,4.0,2.0,6.0,6.0,3,10.0,10,1
2009-12-30,53663,,11,1,4911.0,90274810,UIL,U I L HOLDINGS CORP,UIL,221111.0,N,A,R,21819,1,4931.0,90274810.0,,,49.0,493.0,,,,,,,28.61,-0.000699,29930.0,1.0,28.6,856297.3,UIL,7.0,7.0,2.0,,3.0,10,1.0,1.0,1.0,6.0,2.0,2.0,4.0,8.0,5.0,8.0,4.0,2.0,5.0,8.0,9.0,6.0,5.0,5.0,4.0,4.0,4.0,,5.0,2.0,6.0,3.0,7.0,2.0,1.0,3.0,9.0,1.0,6.0,6.0,9.0,6.0,5.0,10.0,9.0,4.0,4.0,4.0,2.0,6.0,6.0,3,10.0,10,1
2009-12-31,53663,,11,1,4911.0,90274810,UIL,U I L HOLDINGS CORP,UIL,221111.0,N,A,R,21819,1,4931.0,90274810.0,,,49.0,493.0,,,,,,,28.08,-0.018525,29930.0,1.0,28.68,840434.4,UIL,7.0,7.0,2.0,,3.0,10,1.0,1.0,1.0,6.0,2.0,2.0,4.0,8.0,5.0,8.0,4.0,2.0,5.0,8.0,9.0,6.0,5.0,5.0,4.0,4.0,4.0,,5.0,2.0,6.0,3.0,7.0,2.0,1.0,3.0,9.0,1.0,6.0,6.0,9.0,6.0,5.0,10.0,9.0,4.0,4.0,4.0,2.0,6.0,6.0,3,10.0,10,1
2010-01-04,53663,,11,1,4911.0,90274810,UIL,U I L HOLDINGS CORP,UIL,221111.0,N,A,R,21819,1,4931.0,90274810.0,,,49.0,493.0,,,,,,,28.44,0.012821,29930.0,1.0,28.43,851209.2,UIL,7.0,7.0,2.0,,3.0,10,1.0,1.0,1.0,6.0,2.0,2.0,4.0,8.0,5.0,8.0,4.0,2.0,5.0,8.0,9.0,6.0,5.0,5.0,4.0,4.0,4.0,,8.0,2.0,8.0,5.0,7.0,2.0,1.0,3.0,9.0,1.0,6.0,6.0,9.0,6.0,6.0,10.0,9.0,2.0,7.0,6.0,3.0,8.0,6.0,3,9.0,10,1
2010-01-05,53663,,11,1,4911.0,90274810,UIL,U I L HOLDINGS CORP,UIL,221111.0,N,A,R,21819,1,4931.0,90274810.0,,,49.0,493.0,,,,,,,27.89,-0.019339,29930.0,1.0,28.45,834747.7,UIL,7.0,7.0,2.0,,3.0,10,1.0,1.0,1.0,6.0,2.0,2.0,4.0,8.0,5.0,8.0,4.0,2.0,5.0,8.0,9.0,6.0,5.0,5.0,4.0,4.0,4.0,,8.0,2.0,8.0,5.0,7.0,2.0,1.0,3.0,9.0,1.0,6.0,6.0,9.0,6.0,6.0,10.0,9.0,2.0,7.0,6.0,3.0,8.0,6.0,3,9.0,10,1
2010-01-06,53663,,11,1,4911.0,90274810,UIL,U I L HOLDINGS CORP,UIL,221111.0,N,A,R,21819,1,4931.0,90274810.0,,,49.0,493.0,,,,,,,28.04,0.005378,29930.0,1.0,27.91,839237.2,UIL,7.0,7.0,2.0,,3.0,10,1.0,1.0,1.0,6.0,2.0,2.0,4.0,8.0,5.0,8.0,4.0,2.0,5.0,8.0,9.0,6.0,5.0,5.0,4.0,4.0,4.0,,8.0,2.0,8.0,5.0,7.0,2.0,1.0,3.0,9.0,1.0,6.0,6.0,9.0,6.0,6.0,10.0,9.0,2.0,7.0,6.0,3.0,8.0,6.0,3,9.0,10,1
2010-01-07,53663,,11,1,4911.0,90274810,UIL,U I L HOLDINGS CORP,UIL,221111.0,N,A,R,21819,1,4931.0,90274810.0,,,49.0,493.0,,,,,,,27.92,-0.00428,29930.0,1.0,28.0,835645.6,UIL,7.0,7.0,2.0,,3.0,10,1.0,1.0,1.0,6.0,2.0,2.0,4.0,8.0,5.0,8.0,4.0,2.0,5.0,8.0,9.0,6.0,5.0,5.0,4.0,4.0,4.0,,8.0,2.0,8.0,5.0,7.0,2.0,1.0,3.0,9.0,1.0,6.0,6.0,9.0,6.0,6.0,10.0,9.0,2.0,7.0,6.0,3.0,8.0,6.0,3,9.0,10,1
2010-01-08,53663,,11,1,4911.0,90274810,UIL,U I L HOLDINGS CORP,UIL,221111.0,N,A,R,21819,1,4931.0,90274810.0,,,49.0,493.0,,,,,,,27.91,-0.000358,29930.0,1.0,27.9,835346.3,UIL,7.0,7.0,2.0,,3.0,10,1.0,1.0,1.0,6.0,2.0,2.0,4.0,8.0,5.0,8.0,4.0,2.0,5.0,8.0,9.0,6.0,5.0,5.0,4.0,4.0,4.0,,8.0,2.0,8.0,5.0,7.0,2.0,1.0,3.0,9.0,1.0,6.0,6.0,9.0,6.0,6.0,10.0,9.0,2.0,7.0,6.0,3.0,8.0,6.0,3,9.0,10,1
2010-01-11,53663,,11,1,4911.0,90274810,UIL,U I L HOLDINGS CORP,UIL,221111.0,N,A,R,21819,1,4931.0,90274810.0,,,49.0,493.0,,,,,,,27.99,0.002866,29930.0,1.0,28.09,837740.7,UIL,7.0,7.0,2.0,,3.0,10,1.0,1.0,1.0,6.0,2.0,2.0,4.0,8.0,5.0,8.0,4.0,2.0,5.0,8.0,9.0,6.0,5.0,5.0,4.0,4.0,4.0,,8.0,2.0,8.0,5.0,7.0,2.0,1.0,3.0,9.0,1.0,6.0,6.0,9.0,6.0,6.0,10.0,9.0,2.0,7.0,6.0,3.0,8.0,6.0,3,9.0,10,1
2010-01-12,53663,,11,1,4911.0,90274810,UIL,U I L HOLDINGS CORP,UIL,221111.0,N,A,R,21819,1,4931.0,90274810.0,,,49.0,493.0,,,,,,,28.02,0.001072,29930.0,1.0,27.88,838638.6,UIL,7.0,7.0,2.0,,3.0,10,1.0,1.0,1.0,6.0,2.0,2.0,4.0,8.0,5.0,8.0,4.0,2.0,5.0,8.0,9.0,6.0,5.0,5.0,4.0,4.0,4.0,,8.0,2.0,8.0,5.0,7.0,2.0,1.0,3.0,9.0,1.0,6.0,6.0,9.0,6.0,6.0,10.0,9.0,2.0,7.0,6.0,3.0,8.0,6.0,3,9.0,10,1
2010-01-13,53663,,11,1,4911.0,90274810,UIL,U I L HOLDINGS CORP,UIL,221111.0,N,A,R,21819,1,4931.0,90274810.0,,,49.0,493.0,,,,,,,28.23,0.007495,29930.0,1.0,28.13,844923.9,UIL,7.0,7.0,2.0,,3.0,10,1.0,1.0,1.0,6.0,2.0,2.0,4.0,8.0,5.0,8.0,4.0,2.0,5.0,8.0,9.0,6.0,5.0,5.0,4.0,4.0,4.0,,8.0,2.0,8.0,5.0,7.0,2.0,1.0,3.0,9.0,1.0,6.0,6.0,9.0,6.0,6.0,10.0,9.0,2.0,7.0,6.0,3.0,8.0,6.0,3,9.0,10,1
2010-01-14,53663,,11,1,4911.0,90274810,UIL,U I L HOLDINGS CORP,UIL,221111.0,N,A,R,21819,1,4931.0,90274810.0,,,49.0,493.0,,,,,,,28.33,0.003542,29930.0,1.0,28.23,847916.9,UIL,7.0,7.0,2.0,,3.0,10,1.0,1.0,1.0,6.0,2.0,2.0,4.0,8.0,5.0,8.0,4.0,2.0,5.0,8.0,9.0,6.0,5.0,5.0,4.0,4.0,4.0,,8.0,2.0,8.0,5.0,7.0,2.0,1.0,3.0,9.0,1.0,6.0,6.0,9.0,6.0,6.0,10.0,9.0,2.0,7.0,6.0,3.0,8.0,6.0,3,9.0,10,1
2010-01-15,53663,,11,1,4911.0,90274810,UIL,U I L HOLDINGS CORP,UIL,221111.0,N,A,R,21819,1,4931.0,90274810.0,,,49.0,493.0,,,,,,,28.09,-0.008472,29930.0,1.0,28.31,840733.7,UIL,7.0,7.0,2.0,,3.0,10,1.0,1.0,1.0,6.0,2.0,2.0,4.0,8.0,5.0,8.0,4.0,2.0,5.0,8.0,9.0,6.0,5.0,5.0,4.0,4.0,4.0,,8.0,2.0,8.0,5.0,7.0,2.0,1.0,3.0,9.0,1.0,6.0,6.0,9.0,6.0,6.0,10.0,9.0,2.0,7.0,6.0,3.0,8.0,6.0,3,9.0,10,1
2010-01-19,53663,,11,1,4911.0,90274810,UIL,U I L HOLDINGS CORP,UIL,221111.0,N,A,R,21819,1,4931.0,90274810.0,,,49.0,493.0,,,,,,,28.71,0.022072,29930.0,1.0,28.16,859290.3,UIL,7.0,7.0,2.0,,3.0,10,1.0,1.0,1.0,6.0,2.0,2.0,4.0,8.0,5.0,8.0,4.0,2.0,5.0,8.0,9.0,6.0,5.0,5.0,4.0,4.0,4.0,,8.0,2.0,8.0,5.0,7.0,2.0,1.0,3.0,9.0,1.0,6.0,6.0,9.0,6.0,6.0,10.0,9.0,2.0,7.0,6.0,3.0,8.0,6.0,3,9.0,10,1
2010-01-20,53663,,11,1,4911.0,90274810,UIL,U I L HOLDINGS CORP,UIL,221111.0,N,A,R,21819,1,4931.0,90274810.0,,,49.0,493.0,,,,,,,28.41,-0.010449,29930.0,1.0,28.5,850311.3,UIL,7.0,7.0,2.0,,3.0,10,1.0,1.0,1.0,6.0,2.0,2.0,4.0,8.0,5.0,8.0,4.0,2.0,5.0,8.0,9.0,6.0,5.0,5.0,4.0,4.0,4.0,,8.0,2.0,8.0,5.0,7.0,2.0,1.0,3.0,9.0,1.0,6.0,6.0,9.0,6.0,6.0,10.0,9.0,2.0,7.0,6.0,3.0,8.0,6.0,3,9.0,10,1
2010-01-21,53663,,11,1,4911.0,90274810,UIL,U I L HOLDINGS CORP,UIL,221111.0,N,A,R,21819,1,4931.0,90274810.0,,,49.0,493.0,,,,,,,27.66,-0.026399,29930.0,1.0,28.39,827863.8,UIL,7.0,7.0,2.0,,3.0,10,1.0,1.0,1.0,6.0,2.0,2.0,4.0,8.0,5.0,8.0,4.0,2.0,5.0,8.0,9.0,6.0,5.0,5.0,4.0,4.0,4.0,,8.0,2.0,8.0,5.0,7.0,2.0,1.0,3.0,9.0,1.0,6.0,6.0,9.0,6.0,6.0,10.0,9.0,2.0,7.0,6.0,3.0,8.0,6.0,3,9.0,10,1
2010-01-22,53663,,11,1,4911.0,90274810,UIL,U I L HOLDINGS CORP,UIL,221111.0,N,A,R,21819,1,4931.0,90274810.0,,,49.0,493.0,,,,,,,27.31,-0.012654,29930.0,1.0,27.73,817388.3,UIL,7.0,7.0,2.0,,3.0,10,1.0,1.0,1.0,6.0,2.0,2.0,4.0,8.0,5.0,8.0,4.0,2.0,5.0,8.0,9.0,6.0,5.0,5.0,4.0,4.0,4.0,,8.0,2.0,8.0,5.0,7.0,2.0,1.0,3.0,9.0,1.0,6.0,6.0,9.0,6.0,6.0,10.0,9.0,2.0,7.0,6.0,3.0,8.0,6.0,3,9.0,10,1
2010-01-25,53663,,11,1,4911.0,90274810,UIL,U I L HOLDINGS CORP,UIL,221111.0,N,A,R,21819,1,4931.0,90274810.0,,,49.0,493.0,,,,,,,27.29,-0.000732,29930.0,1.0,27.45,816789.7,UIL,7.0,7.0,2.0,,3.0,10,1.0,1.0,1.0,6.0,2.0,2.0,4.0,8.0,5.0,8.0,4.0,2.0,5.0,8.0,9.0,6.0,5.0,5.0,4.0,4.0,4.0,,8.0,2.0,8.0,5.0,7.0,2.0,1.0,3.0,9.0,1.0,6.0,6.0,9.0,6.0,6.0,10.0,9.0,2.0,7.0,6.0,3.0,8.0,6.0,3,9.0,10,1
2010-01-26,53663,,11,1,4911.0,90274810,UIL,U I L HOLDINGS CORP,UIL,221111.0,N,A,R,21819,1,4931.0,90274810.0,,,49.0,493.0,,,,,,,27.38,0.003298,29930.0,1.0,27.19,819483.4,UIL,7.0,7.0,2.0,,3.0,10,1.0,1.0,1.0,6.0,2.0,2.0,4.0,8.0,5.0,8.0,4.0,2.0,5.0,8.0,9.0,6.0,5.0,5.0,4.0,4.0,4.0,,8.0,2.0,8.0,5.0,7.0,2.0,1.0,3.0,9.0,1.0,6.0,6.0,9.0,6.0,6.0,10.0,9.0,2.0,7.0,6.0,3.0,8.0,6.0,3,9.0,10,1
2010-01-27,53663,,11,1,4911.0,90274810,UIL,U I L HOLDINGS CORP,UIL,221111.0,N,A,R,21819,1,4931.0,90274810.0,,,49.0,493.0,,,,,,,27.5,0.004383,29930.0,1.0,27.28,823075.0,UIL,7.0,7.0,2.0,,3.0,10,1.0,1.0,1.0,6.0,2.0,2.0,4.0,8.0,5.0,8.0,4.0,2.0,5.0,8.0,9.0,6.0,5.0,5.0,4.0,4.0,4.0,,8.0,2.0,8.0,5.0,7.0,2.0,1.0,3.0,9.0,1.0,6.0,6.0,9.0,6.0,6.0,10.0,9.0,2.0,7.0,6.0,3.0,8.0,6.0,3,9.0,10,1
2010-01-28,53663,,11,1,4911.0,90274810,UIL,U I L HOLDINGS CORP,UIL,221111.0,N,A,R,21819,1,4931.0,90274810.0,,,49.0,493.0,,,,,,,27.29,-0.007636,29930.0,1.0,27.63,816789.7,UIL,7.0,7.0,2.0,,3.0,10,1.0,1.0,1.0,6.0,2.0,2.0,4.0,8.0,5.0,8.0,4.0,2.0,5.0,8.0,9.0,6.0,5.0,5.0,4.0,4.0,4.0,,8.0,2.0,8.0,5.0,7.0,2.0,1.0,3.0,9.0,1.0,6.0,6.0,9.0,6.0,6.0,10.0,9.0,2.0,7.0,6.0,3.0,8.0,6.0,3,9.0,10,1
2010-01-29,53663,,11,1,4911.0,90274810,UIL,U I L HOLDINGS CORP,UIL,221111.0,N,A,R,21819,1,4931.0,90274810.0,,,49.0,493.0,,,,,,,27.17,-0.004397,29930.0,1.0,27.46,813198.1,UIL,7.0,7.0,2.0,,3.0,10,1.0,1.0,1.0,6.0,2.0,2.0,4.0,8.0,5.0,8.0,4.0,2.0,5.0,8.0,9.0,6.0,5.0,5.0,4.0,4.0,4.0,,8.0,2.0,8.0,5.0,7.0,2.0,1.0,3.0,9.0,1.0,6.0,6.0,9.0,6.0,6.0,10.0,9.0,2.0,7.0,6.0,3.0,8.0,6.0,3,9.0,10,1
2010-02-01,53663,,11,1,4911.0,90274810,UIL,U I L HOLDINGS CORP,UIL,221111.0,N,A,R,21819,1,4931.0,90274810.0,,,49.0,493.0,,,,,,,27.11,-0.002208,29930.0,1.0,27.36,811402.3,UIL,7.0,7.0,2.0,,3.0,10,1.0,1.0,1.0,6.0,2.0,2.0,4.0,8.0,5.0,8.0,4.0,2.0,5.0,8.0,9.0,6.0,5.0,5.0,4.0,4.0,4.0,,6.0,3.0,7.0,4.0,7.0,3.0,2.0,3.0,9.0,1.0,,,,,5.0,10.0,9.0,2.0,5.0,4.0,2.0,8.0,7.0,3,9.0,10,1
2010-02-02,53663,,11,1,4911.0,90274810,UIL,U I L HOLDINGS CORP,UIL,221111.0,N,A,R,21819,1,4931.0,90274810.0,,,49.0,493.0,,,,,,,27.07,-0.001476,29930.0,1.0,27.1,810205.1,UIL,7.0,7.0,2.0,,3.0,10,1.0,1.0,1.0,6.0,2.0,2.0,4.0,8.0,5.0,8.0,4.0,2.0,5.0,8.0,9.0,6.0,5.0,5.0,4.0,4.0,4.0,,6.0,3.0,7.0,4.0,7.0,3.0,2.0,3.0,9.0,1.0,,,,,5.0,10.0,9.0,2.0,5.0,4.0,2.0,8.0,7.0,3,9.0,10,1
2010-02-03,53663,,11,1,4911.0,90274810,UIL,U I L HOLDINGS CORP,UIL,221111.0,N,A,R,21819,1,4931.0,90274810.0,,,49.0,493.0,,,,,,,26.78,-0.010713,29930.0,1.0,26.89,801525.4,UIL,7.0,7.0,2.0,,3.0,10,1.0,1.0,1.0,6.0,2.0,2.0,4.0,8.0,5.0,8.0,4.0,2.0,5.0,8.0,9.0,6.0,5.0,5.0,4.0,4.0,4.0,,6.0,3.0,7.0,4.0,7.0,3.0,2.0,3.0,9.0,1.0,,,,,5.0,10.0,9.0,2.0,5.0,4.0,2.0,8.0,7.0,3,9.0,10,1
2010-02-04,53663,,11,1,4911.0,90274810,UIL,U I L HOLDINGS CORP,UIL,221111.0,N,A,R,21819,1,4931.0,90274810.0,,,49.0,493.0,,,,,,,26.12,-0.024645,29930.0,1.0,26.66,781771.6,UIL,7.0,7.0,2.0,,3.0,10,1.0,1.0,1.0,6.0,2.0,2.0,4.0,8.0,5.0,8.0,4.0,2.0,5.0,8.0,9.0,6.0,5.0,5.0,4.0,4.0,4.0,,6.0,3.0,7.0,4.0,7.0,3.0,2.0,3.0,9.0,1.0,,,,,5.0,10.0,9.0,2.0,5.0,4.0,2.0,8.0,7.0,3,9.0,10,1
2010-02-05,53663,,11,1,4911.0,90274810,UIL,U I L HOLDINGS CORP,UIL,221111.0,N,A,R,21819,1,4931.0,90274810.0,,,49.0,493.0,,,,,,,26.08,-0.001531,29930.0,1.0,26.1,780574.4,UIL,7.0,7.0,2.0,,3.0,10,1.0,1.0,1.0,6.0,2.0,2.0,4.0,8.0,5.0,8.0,4.0,2.0,5.0,8.0,9.0,6.0,5.0,5.0,4.0,4.0,4.0,,6.0,3.0,7.0,4.0,7.0,3.0,2.0,3.0,9.0,1.0,,,,,5.0,10.0,9.0,2.0,5.0,4.0,2.0,8.0,7.0,3,9.0,10,1
2010-02-08,53663,,11,1,4911.0,90274810,UIL,U I L HOLDINGS CORP,UIL,221111.0,N,A,R,21819,1,4931.0,90274810.0,,,49.0,493.0,,,,,,,25.62,-0.017638,29930.0,1.0,26.09,766806.6,UIL,7.0,7.0,2.0,,3.0,10,1.0,1.0,1.0,6.0,2.0,2.0,4.0,8.0,5.0,8.0,4.0,2.0,5.0,8.0,9.0,6.0,5.0,5.0,4.0,4.0,4.0,,6.0,3.0,7.0,4.0,7.0,3.0,2.0,3.0,9.0,1.0,,,,,5.0,10.0,9.0,2.0,5.0,4.0,2.0,8.0,7.0,3,9.0,10,1
2010-02-09,53663,,11,1,4911.0,90274810,UIL,U I L HOLDINGS CORP,UIL,221111.0,N,A,R,21819,1,4931.0,90274810.0,,,49.0,493.0,,,,,,,25.8,0.007026,29930.0,1.0,25.83,772194.0,UIL,7.0,7.0,2.0,,3.0,10,1.0,1.0,1.0,6.0,2.0,2.0,4.0,8.0,5.0,8.0,4.0,2.0,5.0,8.0,9.0,6.0,5.0,5.0,4.0,4.0,4.0,,6.0,3.0,7.0,4.0,7.0,3.0,2.0,3.0,9.0,1.0,,,,,5.0,10.0,9.0,2.0,5.0,4.0,2.0,8.0,7.0,3,9.0,10,1
2010-02-10,53663,,11,1,4911.0,90274810,UIL,U I L HOLDINGS CORP,UIL,221111.0,N,A,R,21819,1,4931.0,90274810.0,,,49.0,493.0,,,,,,,25.95,0.005814,29930.0,1.0,25.77,776683.5,UIL,7.0,7.0,2.0,,3.0,10,1.0,1.0,1.0,6.0,2.0,2.0,4.0,8.0,5.0,8.0,4.0,2.0,5.0,8.0,9.0,6.0,5.0,5.0,4.0,4.0,4.0,,6.0,3.0,7.0,4.0,7.0,3.0,2.0,3.0,9.0,1.0,,,,,5.0,10.0,9.0,2.0,5.0,4.0,2.0,8.0,7.0,3,9.0,10,1
2010-02-11,53663,,11,1,4911.0,90274810,UIL,U I L HOLDINGS CORP,UIL,221111.0,N,A,R,21819,1,4931.0,90274810.0,,,49.0,493.0,,,,,,,26.28,0.012717,29930.0,1.0,25.95,786560.4,UIL,7.0,7.0,2.0,,3.0,10,1.0,1.0,1.0,6.0,2.0,2.0,4.0,8.0,5.0,8.0,4.0,2.0,5.0,8.0,9.0,6.0,5.0,5.0,4.0,4.0,4.0,,6.0,3.0,7.0,4.0,7.0,3.0,2.0,3.0,9.0,1.0,,,,,5.0,10.0,9.0,2.0,5.0,4.0,2.0,8.0,7.0,3,9.0,10,1
2010-02-12,53663,,11,1,4911.0,90274810,UIL,U I L HOLDINGS CORP,UIL,221111.0,N,A,R,21819,1,4931.0,90274810.0,,,49.0,493.0,,,,,,,26.3,0.000761,29930.0,1.0,26.15,787159.0,UIL,7.0,7.0,2.0,,3.0,10,1.0,1.0,1.0,6.0,2.0,2.0,4.0,8.0,5.0,8.0,4.0,2.0,5.0,8.0,9.0,6.0,5.0,5.0,4.0,4.0,4.0,,6.0,3.0,7.0,4.0,7.0,3.0,2.0,3.0,9.0,1.0,,,,,5.0,10.0,9.0,2.0,5.0,4.0,2.0,8.0,7.0,3,9.0,10,1
2010-02-16,53663,,11,1,4911.0,90274810,UIL,U I L HOLDINGS CORP,UIL,221111.0,N,A,R,21819,1,4931.0,90274810.0,,,49.0,493.0,,,,,,,27.24,0.035741,29930.0,1.0,26.43,815293.2,UIL,7.0,7.0,2.0,,3.0,10,1.0,1.0,1.0,6.0,2.0,2.0,4.0,8.0,5.0,8.0,4.0,2.0,5.0,8.0,9.0,6.0,5.0,5.0,4.0,4.0,4.0,,6.0,3.0,7.0,4.0,7.0,3.0,2.0,3.0,9.0,1.0,,,,,5.0,10.0,9.0,2.0,5.0,4.0,2.0,8.0,7.0,3,9.0,10,1
2010-02-17,53663,,11,1,4911.0,90274810,UIL,U I L HOLDINGS CORP,UIL,221111.0,N,A,R,21819,1,4931.0,90274810.0,,,49.0,493.0,,,,,,,27.11,-0.004772,29930.0,1.0,27.42,811402.3,UIL,7.0,7.0,2.0,,3.0,10,1.0,1.0,1.0,6.0,2.0,2.0,4.0,8.0,5.0,8.0,4.0,2.0,5.0,8.0,9.0,6.0,5.0,5.0,4.0,4.0,4.0,,6.0,3.0,7.0,4.0,7.0,3.0,2.0,3.0,9.0,1.0,,,,,5.0,10.0,9.0,2.0,5.0,4.0,2.0,8.0,7.0,3,9.0,10,1
2010-02-18,53663,,11,1,4911.0,90274810,UIL,U I L HOLDINGS CORP,UIL,221111.0,N,A,R,21819,1,4931.0,90274810.0,,,49.0,493.0,,,,,,,26.89,-0.008115,29930.0,1.0,26.95,804817.7,UIL,7.0,7.0,2.0,,3.0,10,1.0,1.0,1.0,6.0,2.0,2.0,4.0,8.0,5.0,8.0,4.0,2.0,5.0,8.0,9.0,6.0,5.0,5.0,4.0,4.0,4.0,,6.0,3.0,7.0,4.0,7.0,3.0,2.0,3.0,9.0,1.0,,,,,5.0,10.0,9.0,2.0,5.0,4.0,2.0,8.0,7.0,3,9.0,10,1
2010-02-19,53663,,11,1,4911.0,90274810,UIL,U I L HOLDINGS CORP,UIL,221111.0,N,A,R,21819,1,4931.0,90274810.0,,,49.0,493.0,,,,,,,27.36,0.017479,29930.0,1.0,26.9,818884.8,UIL,7.0,7.0,2.0,,3.0,10,1.0,1.0,1.0,6.0,2.0,2.0,4.0,8.0,5.0,8.0,4.0,2.0,5.0,8.0,9.0,6.0,5.0,5.0,4.0,4.0,4.0,,6.0,3.0,7.0,4.0,7.0,3.0,2.0,3.0,9.0,1.0,,,,,5.0,10.0,9.0,2.0,5.0,4.0,2.0,8.0,7.0,3,9.0,10,1
2010-02-22,53663,,11,1,4911.0,90274810,UIL,U I L HOLDINGS CORP,UIL,221111.0,N,A,R,21819,1,4931.0,90274810.0,,,49.0,493.0,,,,,,,27.49,0.004751,29930.0,1.0,27.43,822775.7,UIL,7.0,7.0,2.0,,3.0,10,1.0,1.0,1.0,6.0,2.0,2.0,4.0,8.0,5.0,8.0,4.0,2.0,5.0,8.0,9.0,6.0,5.0,5.0,4.0,4.0,4.0,,6.0,3.0,7.0,4.0,7.0,3.0,2.0,3.0,9.0,1.0,,,,,5.0,10.0,9.0,2.0,5.0,4.0,2.0,8.0,7.0,3,9.0,10,1
2010-02-23,53663,,11,1,4911.0,90274810,UIL,U I L HOLDINGS CORP,UIL,221111.0,N,A,R,21819,1,4931.0,90274810.0,,,49.0,493.0,,,,,,,27.48,-0.000364,29930.0,1.0,27.56,822476.4,UIL,7.0,7.0,2.0,,3.0,10,1.0,1.0,1.0,6.0,2.0,2.0,4.0,8.0,5.0,8.0,4.0,2.0,5.0,8.0,9.0,6.0,5.0,5.0,4.0,4.0,4.0,,6.0,3.0,7.0,4.0,7.0,3.0,2.0,3.0,9.0,1.0,,,,,5.0,10.0,9.0,2.0,5.0,4.0,2.0,8.0,7.0,3,9.0,10,1
2010-02-24,53663,,11,1,4911.0,90274810,UIL,U I L HOLDINGS CORP,UIL,221111.0,N,A,R,21819,1,4931.0,90274810.0,,,49.0,493.0,,,,,,,27.83,0.012737,29930.0,1.0,27.48,832951.9,UIL,7.0,7.0,2.0,,3.0,10,1.0,1.0,1.0,6.0,2.0,2.0,4.0,8.0,5.0,8.0,4.0,2.0,5.0,8.0,9.0,6.0,5.0,5.0,4.0,4.0,4.0,,6.0,3.0,7.0,4.0,7.0,3.0,2.0,3.0,9.0,1.0,,,,,5.0,10.0,9.0,2.0,5.0,4.0,2.0,8.0,7.0,3,9.0,10,1
2010-02-25,53663,,11,1,4911.0,90274810,UIL,U I L HOLDINGS CORP,UIL,221111.0,N,A,R,21819,1,4931.0,90274810.0,,,49.0,493.0,,,,,,,27.69,-0.005031,29930.0,1.0,27.51,828761.7,UIL,7.0,7.0,2.0,,3.0,10,1.0,1.0,1.0,6.0,2.0,2.0,4.0,8.0,5.0,8.0,4.0,2.0,5.0,8.0,9.0,6.0,5.0,5.0,4.0,4.0,4.0,,6.0,3.0,7.0,4.0,7.0,3.0,2.0,3.0,9.0,1.0,,,,,5.0,10.0,9.0,2.0,5.0,4.0,2.0,8.0,7.0,3,9.0,10,1
2010-02-26,53663,,11,1,4911.0,90274810,UIL,U I L HOLDINGS CORP,UIL,221111.0,N,A,R,21819,1,4931.0,90274810.0,,,49.0,493.0,,,,,,,27.48,-0.007584,29930.0,1.0,27.78,822476.4,UIL,7.0,7.0,2.0,,3.0,10,1.0,1.0,1.0,6.0,2.0,2.0,4.0,8.0,5.0,8.0,4.0,2.0,5.0,8.0,9.0,6.0,5.0,5.0,4.0,4.0,4.0,,6.0,3.0,7.0,4.0,7.0,3.0,2.0,3.0,9.0,1.0,,,,,5.0,10.0,9.0,2.0,5.0,4.0,2.0,8.0,7.0,3,9.0,10,1
2010-03-01,53663,,11,1,4911.0,90274810,UIL,U I L HOLDINGS CORP,UIL,221111.0,N,A,R,21819,1,4931.0,90274810.0,,,49.0,493.0,,,,,,,28.2,0.026201,29930.0,1.0,27.63,844026.0,UIL,7.0,7.0,2.0,,3.0,10,1.0,1.0,1.0,6.0,2.0,2.0,4.0,8.0,5.0,8.0,4.0,2.0,5.0,8.0,9.0,6.0,5.0,5.0,4.0,4.0,4.0,,6.0,2.0,8.0,4.0,7.0,4.0,2.0,4.0,9.0,1.0,3.0,3.0,4.0,3.0,7.0,10.0,9.0,6.0,5.0,4.0,2.0,8.0,6.0,3,9.0,10,1
2010-03-02,53663,,11,1,4911.0,90274810,UIL,U I L HOLDINGS CORP,UIL,221111.0,N,A,R,21819,1,4931.0,90274810.0,,,49.0,493.0,,,,,,,28.56,0.012766,29930.0,1.0,28.22,854800.8,UIL,7.0,7.0,2.0,,3.0,10,1.0,1.0,1.0,6.0,2.0,2.0,4.0,8.0,5.0,8.0,4.0,2.0,5.0,8.0,9.0,6.0,5.0,5.0,4.0,4.0,4.0,,6.0,2.0,8.0,4.0,7.0,4.0,2.0,4.0,9.0,1.0,3.0,3.0,4.0,3.0,7.0,10.0,9.0,6.0,5.0,4.0,2.0,8.0,6.0,3,9.0,10,1
2010-03-03,53663,,11,1,4911.0,90274810,UIL,U I L HOLDINGS CORP,UIL,221111.0,N,A,R,21819,1,4931.0,90274810.0,,,49.0,493.0,,,,,,,28.35,-0.007353,29930.0,1.0,28.72,848515.5,UIL,7.0,7.0,2.0,,3.0,10,1.0,1.0,1.0,6.0,2.0,2.0,4.0,8.0,5.0,8.0,4.0,2.0,5.0,8.0,9.0,6.0,5.0,5.0,4.0,4.0,4.0,,6.0,2.0,8.0,4.0,7.0,4.0,2.0,4.0,9.0,1.0,3.0,3.0,4.0,3.0,7.0,10.0,9.0,6.0,5.0,4.0,2.0,8.0,6.0,3,9.0,10,1
2010-03-04,53663,,11,1,4911.0,90274810,UIL,U I L HOLDINGS CORP,UIL,221111.0,N,A,R,21819,1,4931.0,90274810.0,,,49.0,493.0,,,,,,,28.3,-0.001764,29930.0,1.0,28.46,847019.0,UIL,7.0,7.0,2.0,,3.0,10,1.0,1.0,1.0,6.0,2.0,2.0,4.0,8.0,5.0,8.0,4.0,2.0,5.0,8.0,9.0,6.0,5.0,5.0,4.0,4.0,4.0,,6.0,2.0,8.0,4.0,7.0,4.0,2.0,4.0,9.0,1.0,3.0,3.0,4.0,3.0,7.0,10.0,9.0,6.0,5.0,4.0,2.0,8.0,6.0,3,9.0,10,1
2010-03-05,53663,,11,1,4911.0,90274810,UIL,U I L HOLDINGS CORP,UIL,221111.0,N,A,R,21819,1,4931.0,90274810.0,,,49.0,493.0,,,,,,,28.43,0.004594,29930.0,1.0,28.48,850909.9,UIL,7.0,7.0,2.0,,3.0,10,1.0,1.0,1.0,6.0,2.0,2.0,4.0,8.0,5.0,8.0,4.0,2.0,5.0,8.0,9.0,6.0,5.0,5.0,4.0,4.0,4.0,,6.0,2.0,8.0,4.0,7.0,4.0,2.0,4.0,9.0,1.0,3.0,3.0,4.0,3.0,7.0,10.0,9.0,6.0,5.0,4.0,2.0,8.0,6.0,3,9.0,10,1
2010-03-08,53663,,11,1,4911.0,90274810,UIL,U I L HOLDINGS CORP,UIL,221111.0,N,A,R,21819,1,4931.0,90274810.0,,,49.0,493.0,1232.0,0.432,0.0,,,,28.24,0.008512,29930.0,1.0,28.05,845223.2,UIL,7.0,7.0,2.0,,3.0,10,1.0,1.0,1.0,6.0,2.0,2.0,4.0,8.0,5.0,8.0,4.0,2.0,5.0,8.0,9.0,6.0,5.0,5.0,4.0,4.0,4.0,,6.0,2.0,8.0,4.0,7.0,4.0,2.0,4.0,9.0,1.0,3.0,3.0,4.0,3.0,7.0,10.0,9.0,6.0,5.0,4.0,2.0,8.0,6.0,3,9.0,10,1
2010-03-09,53663,,11,1,4911.0,90274810,UIL,U I L HOLDINGS CORP,UIL,221111.0,N,A,R,21819,1,4931.0,90274810.0,,,49.0,493.0,,,,,,,28.15,-0.003187,29930.0,1.0,28.14,842529.5,UIL,7.0,7.0,2.0,,3.0,10,1.0,1.0,1.0,6.0,2.0,2.0,4.0,8.0,5.0,8.0,4.0,2.0,5.0,8.0,9.0,6.0,5.0,5.0,4.0,4.0,4.0,,6.0,2.0,8.0,4.0,7.0,4.0,2.0,4.0,9.0,1.0,3.0,3.0,4.0,3.0,7.0,10.0,9.0,6.0,5.0,4.0,2.0,8.0,6.0,3,9.0,10,1
2010-03-10,53663,,11,1,4911.0,90274810,UIL,U I L HOLDINGS CORP,UIL,221111.0,N,A,R,21819,1,4931.0,90274810.0,,,49.0,493.0,,,,,,,28.1,-0.001776,29930.0,1.0,28.13,841033.0,UIL,7.0,7.0,2.0,,3.0,10,1.0,1.0,1.0,6.0,2.0,2.0,4.0,8.0,5.0,8.0,4.0,2.0,5.0,8.0,9.0,6.0,5.0,5.0,4.0,4.0,4.0,,6.0,2.0,8.0,4.0,7.0,4.0,2.0,4.0,9.0,1.0,3.0,3.0,4.0,3.0,7.0,10.0,9.0,6.0,5.0,4.0,2.0,8.0,6.0,3,9.0,10,1
2010-03-11,53663,,11,1,4911.0,90274810,UIL,U I L HOLDINGS CORP,UIL,221111.0,N,A,R,21819,1,4931.0,90274810.0,,,49.0,493.0,,,,,,,28.17,0.002491,29930.0,1.0,28.0,843128.1,UIL,7.0,7.0,2.0,,3.0,10,1.0,1.0,1.0,6.0,2.0,2.0,4.0,8.0,5.0,8.0,4.0,2.0,5.0,8.0,9.0,6.0,5.0,5.0,4.0,4.0,4.0,,6.0,2.0,8.0,4.0,7.0,4.0,2.0,4.0,9.0,1.0,3.0,3.0,4.0,3.0,7.0,10.0,9.0,6.0,5.0,4.0,2.0,8.0,6.0,3,9.0,10,1
2010-03-12,53663,,11,1,4911.0,90274810,UIL,U I L HOLDINGS CORP,UIL,221111.0,N,A,R,21819,1,4931.0,90274810.0,,,49.0,493.0,,,,,,,28.01,-0.00568,29930.0,1.0,28.19,838339.3,UIL,7.0,7.0,2.0,,3.0,10,1.0,1.0,1.0,6.0,2.0,2.0,4.0,8.0,5.0,8.0,4.0,2.0,5.0,8.0,9.0,6.0,5.0,5.0,4.0,4.0,4.0,,6.0,2.0,8.0,4.0,7.0,4.0,2.0,4.0,9.0,1.0,3.0,3.0,4.0,3.0,7.0,10.0,9.0,6.0,5.0,4.0,2.0,8.0,6.0,3,9.0,10,1
2010-03-15,53663,,11,1,4911.0,90274810,UIL,U I L HOLDINGS CORP,UIL,221111.0,N,A,R,21819,1,4931.0,90274810.0,,,49.0,493.0,,,,,,,28.09,0.002856,29930.0,1.0,28.05,840733.7,UIL,7.0,7.0,2.0,,3.0,10,1.0,1.0,1.0,6.0,2.0,2.0,4.0,8.0,5.0,8.0,4.0,2.0,5.0,8.0,9.0,6.0,5.0,5.0,4.0,4.0,4.0,,6.0,2.0,8.0,4.0,7.0,4.0,2.0,4.0,9.0,1.0,3.0,3.0,4.0,3.0,7.0,10.0,9.0,6.0,5.0,4.0,2.0,8.0,6.0,3,9.0,10,1
2010-03-16,53663,,11,1,4911.0,90274810,UIL,U I L HOLDINGS CORP,UIL,221111.0,N,A,R,21819,1,4931.0,90274810.0,,,49.0,493.0,,,,,,,28.29,0.00712,29930.0,1.0,28.24,846719.7,UIL,7.0,7.0,2.0,,3.0,10,1.0,1.0,1.0,6.0,2.0,2.0,4.0,8.0,5.0,8.0,4.0,2.0,5.0,8.0,9.0,6.0,5.0,5.0,4.0,4.0,4.0,,6.0,2.0,8.0,4.0,7.0,4.0,2.0,4.0,9.0,1.0,3.0,3.0,4.0,3.0,7.0,10.0,9.0,6.0,5.0,4.0,2.0,8.0,6.0,3,9.0,10,1
2010-03-17,53663,,11,1,4911.0,90274810,UIL,U I L HOLDINGS CORP,UIL,221111.0,N,A,R,21819,1,4931.0,90274810.0,,,49.0,493.0,,,,,,,28.22,-0.002474,29930.0,1.0,28.27,844624.6,UIL,7.0,7.0,2.0,,3.0,10,1.0,1.0,1.0,6.0,2.0,2.0,4.0,8.0,5.0,8.0,4.0,2.0,5.0,8.0,9.0,6.0,5.0,5.0,4.0,4.0,4.0,,6.0,2.0,8.0,4.0,7.0,4.0,2.0,4.0,9.0,1.0,3.0,3.0,4.0,3.0,7.0,10.0,9.0,6.0,5.0,4.0,2.0,8.0,6.0,3,9.0,10,1
2010-03-18,53663,,11,1,4911.0,90274810,UIL,U I L HOLDINGS CORP,UIL,221111.0,N,A,R,21819,1,4931.0,90274810.0,,,49.0,493.0,,,,,,,28.22,0.0,29930.0,1.0,28.27,844624.6,UIL,7.0,7.0,2.0,,3.0,10,1.0,1.0,1.0,6.0,2.0,2.0,4.0,8.0,5.0,8.0,4.0,2.0,5.0,8.0,9.0,6.0,5.0,5.0,4.0,4.0,4.0,,6.0,2.0,8.0,4.0,7.0,4.0,2.0,4.0,9.0,1.0,3.0,3.0,4.0,3.0,7.0,10.0,9.0,6.0,5.0,4.0,2.0,8.0,6.0,3,9.0,10,1
2010-03-19,53663,,11,1,4911.0,90274810,UIL,U I L HOLDINGS CORP,UIL,221111.0,N,A,R,21819,1,4931.0,90274810.0,,,49.0,493.0,,,,,,,28.15,-0.00248,29930.0,1.0,28.19,842529.5,UIL,7.0,7.0,2.0,,3.0,10,1.0,1.0,1.0,6.0,2.0,2.0,4.0,8.0,5.0,8.0,4.0,2.0,5.0,8.0,9.0,6.0,5.0,5.0,4.0,4.0,4.0,,6.0,2.0,8.0,4.0,7.0,4.0,2.0,4.0,9.0,1.0,3.0,3.0,4.0,3.0,7.0,10.0,9.0,6.0,5.0,4.0,2.0,8.0,6.0,3,9.0,10,1
2010-03-22,53663,,11,1,4911.0,90274810,UIL,U I L HOLDINGS CORP,UIL,221111.0,N,A,R,21819,1,4931.0,90274810.0,,,49.0,493.0,,,,,,,28.4,0.008881,29930.0,1.0,28.07,850012.0,UIL,7.0,7.0,2.0,,3.0,10,1.0,1.0,1.0,6.0,2.0,2.0,4.0,8.0,5.0,8.0,4.0,2.0,5.0,8.0,9.0,6.0,5.0,5.0,4.0,4.0,4.0,,6.0,2.0,8.0,4.0,7.0,4.0,2.0,4.0,9.0,1.0,3.0,3.0,4.0,3.0,7.0,10.0,9.0,6.0,5.0,4.0,2.0,8.0,6.0,3,9.0,10,1
2010-03-23,53663,,11,1,4911.0,90274810,UIL,U I L HOLDINGS CORP,UIL,221111.0,N,A,R,21819,1,4931.0,90274810.0,,,49.0,493.0,,,,,,,28.45,0.001761,29930.0,1.0,28.38,851508.5,UIL,7.0,7.0,2.0,,3.0,10,1.0,1.0,1.0,6.0,2.0,2.0,4.0,8.0,5.0,8.0,4.0,2.0,5.0,8.0,9.0,6.0,5.0,5.0,4.0,4.0,4.0,,6.0,2.0,8.0,4.0,7.0,4.0,2.0,4.0,9.0,1.0,3.0,3.0,4.0,3.0,7.0,10.0,9.0,6.0,5.0,4.0,2.0,8.0,6.0,3,9.0,10,1
2010-03-24,53663,,11,1,4911.0,90274810,UIL,U I L HOLDINGS CORP,UIL,221111.0,N,A,R,21819,1,4931.0,90274810.0,,,49.0,493.0,,,,,,,27.93,-0.018278,29930.0,1.0,28.3,835944.9,UIL,7.0,7.0,2.0,,3.0,10,1.0,1.0,1.0,6.0,2.0,2.0,4.0,8.0,5.0,8.0,4.0,2.0,5.0,8.0,9.0,6.0,5.0,5.0,4.0,4.0,4.0,,6.0,2.0,8.0,4.0,7.0,4.0,2.0,4.0,9.0,1.0,3.0,3.0,4.0,3.0,7.0,10.0,9.0,6.0,5.0,4.0,2.0,8.0,6.0,3,9.0,10,1
2010-03-25,53663,,11,1,4911.0,90274810,UIL,U I L HOLDINGS CORP,UIL,221111.0,N,A,R,21819,1,4931.0,90274810.0,,,49.0,493.0,,,,,,,27.68,-0.008951,29930.0,1.0,28.18,828462.4,UIL,7.0,7.0,2.0,,3.0,10,1.0,1.0,1.0,6.0,2.0,2.0,4.0,8.0,5.0,8.0,4.0,2.0,5.0,8.0,9.0,6.0,5.0,5.0,4.0,4.0,4.0,,6.0,2.0,8.0,4.0,7.0,4.0,2.0,4.0,9.0,1.0,3.0,3.0,4.0,3.0,7.0,10.0,9.0,6.0,5.0,4.0,2.0,8.0,6.0,3,9.0,10,1
2010-03-26,53663,,11,1,4911.0,90274810,UIL,U I L HOLDINGS CORP,UIL,221111.0,N,A,R,21819,1,4931.0,90274810.0,,,49.0,493.0,,,,,,,27.54,-0.005058,29930.0,1.0,27.7,824272.2,UIL,7.0,7.0,2.0,,3.0,10,1.0,1.0,1.0,6.0,2.0,2.0,4.0,8.0,5.0,8.0,4.0,2.0,5.0,8.0,9.0,6.0,5.0,5.0,4.0,4.0,4.0,,6.0,2.0,8.0,4.0,7.0,4.0,2.0,4.0,9.0,1.0,3.0,3.0,4.0,3.0,7.0,10.0,9.0,6.0,5.0,4.0,2.0,8.0,6.0,3,9.0,10,1
2010-03-29,53663,,11,1,4911.0,90274810,UIL,U I L HOLDINGS CORP,UIL,221111.0,N,A,R,21819,1,4931.0,90274810.0,,,49.0,493.0,,,,,,,27.7,0.00581,29930.0,1.0,27.69,829061.0,UIL,7.0,7.0,2.0,,3.0,10,1.0,1.0,1.0,6.0,2.0,2.0,4.0,8.0,5.0,8.0,4.0,2.0,5.0,8.0,9.0,6.0,5.0,5.0,4.0,4.0,4.0,,6.0,2.0,8.0,4.0,7.0,4.0,2.0,4.0,9.0,1.0,3.0,3.0,4.0,3.0,7.0,10.0,9.0,6.0,5.0,4.0,2.0,8.0,6.0,3,9.0,10,1
2010-03-30,53663,,11,1,4911.0,90274810,UIL,U I L HOLDINGS CORP,UIL,221111.0,N,A,R,21819,1,4931.0,90274810.0,,,49.0,493.0,,,,,,,27.65,-0.001805,29930.0,1.0,27.71,827564.5,UIL,7.0,7.0,2.0,,3.0,10,1.0,1.0,1.0,6.0,2.0,2.0,4.0,8.0,5.0,8.0,4.0,2.0,5.0,8.0,9.0,6.0,5.0,5.0,4.0,4.0,4.0,,6.0,2.0,8.0,4.0,7.0,4.0,2.0,4.0,9.0,1.0,3.0,3.0,4.0,3.0,7.0,10.0,9.0,6.0,5.0,4.0,2.0,8.0,6.0,3,9.0,10,1
2010-03-31,53663,,11,1,4911.0,90274810,UIL,U I L HOLDINGS CORP,UIL,221111.0,N,A,R,21819,1,4931.0,90274810.0,,,49.0,493.0,,,,,,,27.5,-0.005425,29930.0,1.0,27.62,823075.0,UIL,7.0,7.0,2.0,,3.0,10,1.0,1.0,1.0,6.0,2.0,2.0,4.0,8.0,5.0,8.0,4.0,2.0,5.0,8.0,9.0,6.0,5.0,5.0,4.0,4.0,4.0,,6.0,2.0,8.0,4.0,7.0,4.0,2.0,4.0,9.0,1.0,3.0,3.0,4.0,3.0,7.0,10.0,9.0,6.0,5.0,4.0,2.0,8.0,6.0,3,9.0,10,1
2010-04-01,53663,,11,1,4911.0,90274810,UIL,U I L HOLDINGS CORP,UIL,221111.0,N,A,R,21819,1,4931.0,90274810.0,,,49.0,493.0,,,,,,,27.72,0.008,29930.0,1.0,27.73,829659.6,UIL,7.0,7.0,2.0,,3.0,10,1.0,1.0,1.0,6.0,2.0,2.0,4.0,8.0,5.0,8.0,4.0,2.0,5.0,8.0,9.0,6.0,5.0,5.0,4.0,4.0,4.0,,5.0,2.0,7.0,3.0,6.0,3.0,3.0,4.0,9.0,1.0,3.0,4.0,4.0,4.0,8.0,10.0,9.0,4.0,7.0,7.0,4.0,9.0,6.0,3,10.0,10,1
2010-04-05,53663,,11,1,4911.0,90274810,UIL,U I L HOLDINGS CORP,UIL,221111.0,N,A,R,21819,1,4931.0,90274810.0,,,49.0,493.0,,,,,,,27.92,0.007215,29930.0,1.0,27.9,835645.6,UIL,7.0,7.0,2.0,,3.0,10,1.0,1.0,1.0,6.0,2.0,2.0,4.0,8.0,5.0,8.0,4.0,2.0,5.0,8.0,9.0,6.0,5.0,5.0,4.0,4.0,4.0,,5.0,2.0,7.0,3.0,6.0,3.0,3.0,4.0,9.0,1.0,3.0,4.0,4.0,4.0,8.0,10.0,9.0,4.0,7.0,7.0,4.0,9.0,6.0,3,10.0,10,1
2010-04-06,53663,,11,1,4911.0,90274810,UIL,U I L HOLDINGS CORP,UIL,221111.0,N,A,R,21819,1,4931.0,90274810.0,,,49.0,493.0,,,,,,,28.42,0.017908,29930.0,1.0,27.74,850610.6,UIL,7.0,7.0,2.0,,3.0,10,1.0,1.0,1.0,6.0,2.0,2.0,4.0,8.0,5.0,8.0,4.0,2.0,5.0,8.0,9.0,6.0,5.0,5.0,4.0,4.0,4.0,,5.0,2.0,7.0,3.0,6.0,3.0,3.0,4.0,9.0,1.0,3.0,4.0,4.0,4.0,8.0,10.0,9.0,4.0,7.0,7.0,4.0,9.0,6.0,3,10.0,10,1
2010-04-07,53663,,11,1,4911.0,90274810,UIL,U I L HOLDINGS CORP,UIL,221111.0,N,A,R,21819,1,4931.0,90274810.0,,,49.0,493.0,,,,,,,28.54,0.004222,29930.0,1.0,28.27,854202.2,UIL,7.0,7.0,2.0,,3.0,10,1.0,1.0,1.0,6.0,2.0,2.0,4.0,8.0,5.0,8.0,4.0,2.0,5.0,8.0,9.0,6.0,5.0,5.0,4.0,4.0,4.0,,5.0,2.0,7.0,3.0,6.0,3.0,3.0,4.0,9.0,1.0,3.0,4.0,4.0,4.0,8.0,10.0,9.0,4.0,7.0,7.0,4.0,9.0,6.0,3,10.0,10,1
2010-04-08,53663,,11,1,4911.0,90274810,UIL,U I L HOLDINGS CORP,UIL,221111.0,N,A,R,21819,1,4931.0,90274810.0,,,49.0,493.0,,,,,,,28.3,-0.008409,29930.0,1.0,28.36,847019.0,UIL,7.0,7.0,2.0,,3.0,10,1.0,1.0,1.0,6.0,2.0,2.0,4.0,8.0,5.0,8.0,4.0,2.0,5.0,8.0,9.0,6.0,5.0,5.0,4.0,4.0,4.0,,5.0,2.0,7.0,3.0,6.0,3.0,3.0,4.0,9.0,1.0,3.0,4.0,4.0,4.0,8.0,10.0,9.0,4.0,7.0,7.0,4.0,9.0,6.0,3,10.0,10,1
2010-04-09,53663,,11,1,4911.0,90274810,UIL,U I L HOLDINGS CORP,UIL,221111.0,N,A,R,21819,1,4931.0,90274810.0,,,49.0,493.0,,,,,,,28.4,0.003534,29930.0,1.0,28.26,850012.0,UIL,7.0,7.0,2.0,,3.0,10,1.0,1.0,1.0,6.0,2.0,2.0,4.0,8.0,5.0,8.0,4.0,2.0,5.0,8.0,9.0,6.0,5.0,5.0,4.0,4.0,4.0,,5.0,2.0,7.0,3.0,6.0,3.0,3.0,4.0,9.0,1.0,3.0,4.0,4.0,4.0,8.0,10.0,9.0,4.0,7.0,7.0,4.0,9.0,6.0,3,10.0,10,1
2010-04-12,53663,,11,1,4911.0,90274810,UIL,U I L HOLDINGS CORP,UIL,221111.0,N,A,R,21819,1,4931.0,90274810.0,,,49.0,493.0,,,,,,,28.63,0.008099,29930.0,1.0,28.4,856895.9,UIL,7.0,7.0,2.0,,3.0,10,1.0,1.0,1.0,6.0,2.0,2.0,4.0,8.0,5.0,8.0,4.0,2.0,5.0,8.0,9.0,6.0,5.0,5.0,4.0,4.0,4.0,,5.0,2.0,7.0,3.0,6.0,3.0,3.0,4.0,9.0,1.0,3.0,4.0,4.0,4.0,8.0,10.0,9.0,4.0,7.0,7.0,4.0,9.0,6.0,3,10.0,10,1
2010-04-13,53663,,11,1,4911.0,90274810,UIL,U I L HOLDINGS CORP,UIL,221111.0,N,A,R,21819,1,4931.0,90274810.0,,,49.0,493.0,,,,,,,29.0,0.012924,29930.0,1.0,28.66,867970.0,UIL,7.0,7.0,2.0,,3.0,10,1.0,1.0,1.0,6.0,2.0,2.0,4.0,8.0,5.0,8.0,4.0,2.0,5.0,8.0,9.0,6.0,5.0,5.0,4.0,4.0,4.0,,5.0,2.0,7.0,3.0,6.0,3.0,3.0,4.0,9.0,1.0,3.0,4.0,4.0,4.0,8.0,10.0,9.0,4.0,7.0,7.0,4.0,9.0,6.0,3,10.0,10,1
2010-04-14,53663,,11,1,4911.0,90274810,UIL,U I L HOLDINGS CORP,UIL,221111.0,N,A,R,21819,1,4931.0,90274810.0,,,49.0,493.0,,,,,,,29.03,0.001035,29930.0,1.0,29.05,868867.9,UIL,7.0,7.0,2.0,,3.0,10,1.0,1.0,1.0,6.0,2.0,2.0,4.0,8.0,5.0,8.0,4.0,2.0,5.0,8.0,9.0,6.0,5.0,5.0,4.0,4.0,4.0,,5.0,2.0,7.0,3.0,6.0,3.0,3.0,4.0,9.0,1.0,3.0,4.0,4.0,4.0,8.0,10.0,9.0,4.0,7.0,7.0,4.0,9.0,6.0,3,10.0,10,1
2010-04-15,53663,,11,1,4911.0,90274810,UIL,U I L HOLDINGS CORP,UIL,221111.0,N,A,R,21819,1,4931.0,90274810.0,,,49.0,493.0,,,,,,,29.17,0.004823,29930.0,1.0,28.91,873058.1,UIL,7.0,7.0,2.0,,3.0,10,1.0,1.0,1.0,6.0,2.0,2.0,4.0,8.0,5.0,8.0,4.0,2.0,5.0,8.0,9.0,6.0,5.0,5.0,4.0,4.0,4.0,,5.0,2.0,7.0,3.0,6.0,3.0,3.0,4.0,9.0,1.0,3.0,4.0,4.0,4.0,8.0,10.0,9.0,4.0,7.0,7.0,4.0,9.0,6.0,3,10.0,10,1
2010-04-16,53663,,11,1,4911.0,90274810,UIL,U I L HOLDINGS CORP,UIL,221111.0,N,A,R,21819,1,4931.0,90274810.0,,,49.0,493.0,,,,,,,29.16,-0.000343,29930.0,1.0,29.18,872758.8,UIL,7.0,7.0,2.0,,3.0,10,1.0,1.0,1.0,6.0,2.0,2.0,4.0,8.0,5.0,8.0,4.0,2.0,5.0,8.0,9.0,6.0,5.0,5.0,4.0,4.0,4.0,,5.0,2.0,7.0,3.0,6.0,3.0,3.0,4.0,9.0,1.0,3.0,4.0,4.0,4.0,8.0,10.0,9.0,4.0,7.0,7.0,4.0,9.0,6.0,3,10.0,10,1
2010-04-19,53663,,11,1,4911.0,90274810,UIL,U I L HOLDINGS CORP,UIL,221111.0,N,A,R,21819,1,4931.0,90274810.0,,,49.0,493.0,,,,,,,29.21,0.001715,29930.0,1.0,29.13,874255.3,UIL,7.0,7.0,2.0,,3.0,10,1.0,1.0,1.0,6.0,2.0,2.0,4.0,8.0,5.0,8.0,4.0,2.0,5.0,8.0,9.0,6.0,5.0,5.0,4.0,4.0,4.0,,5.0,2.0,7.0,3.0,6.0,3.0,3.0,4.0,9.0,1.0,3.0,4.0,4.0,4.0,8.0,10.0,9.0,4.0,7.0,7.0,4.0,9.0,6.0,3,10.0,10,1
2010-04-20,53663,,11,1,4911.0,90274810,UIL,U I L HOLDINGS CORP,UIL,221111.0,N,A,R,21819,1,4931.0,90274810.0,,,49.0,493.0,,,,,,,29.28,0.002396,29930.0,1.0,29.26,876350.4,UIL,7.0,7.0,2.0,,3.0,10,1.0,1.0,1.0,6.0,2.0,2.0,4.0,8.0,5.0,8.0,4.0,2.0,5.0,8.0,9.0,6.0,5.0,5.0,4.0,4.0,4.0,,5.0,2.0,7.0,3.0,6.0,3.0,3.0,4.0,9.0,1.0,3.0,4.0,4.0,4.0,8.0,10.0,9.0,4.0,7.0,7.0,4.0,9.0,6.0,3,10.0,10,1
2010-04-21,53663,,11,1,4911.0,90274810,UIL,U I L HOLDINGS CORP,UIL,221111.0,N,A,R,21819,1,4931.0,90274810.0,,,49.0,493.0,,,,,,,29.31,0.001025,29930.0,1.0,29.21,877248.3,UIL,7.0,7.0,2.0,,3.0,10,1.0,1.0,1.0,6.0,2.0,2.0,4.0,8.0,5.0,8.0,4.0,2.0,5.0,8.0,9.0,6.0,5.0,5.0,4.0,4.0,4.0,,5.0,2.0,7.0,3.0,6.0,3.0,3.0,4.0,9.0,1.0,3.0,4.0,4.0,4.0,8.0,10.0,9.0,4.0,7.0,7.0,4.0,9.0,6.0,3,10.0,10,1
2010-04-22,53663,,11,1,4911.0,90274810,UIL,U I L HOLDINGS CORP,UIL,221111.0,N,A,R,21819,1,4931.0,90274810.0,,,49.0,493.0,,,,,,,29.37,0.002047,29930.0,1.0,29.06,879044.1,UIL,7.0,7.0,2.0,,3.0,10,1.0,1.0,1.0,6.0,2.0,2.0,4.0,8.0,5.0,8.0,4.0,2.0,5.0,8.0,9.0,6.0,5.0,5.0,4.0,4.0,4.0,,5.0,2.0,7.0,3.0,6.0,3.0,3.0,4.0,9.0,1.0,3.0,4.0,4.0,4.0,8.0,10.0,9.0,4.0,7.0,7.0,4.0,9.0,6.0,3,10.0,10,1
2010-04-23,53663,,11,1,4911.0,90274810,UIL,U I L HOLDINGS CORP,UIL,221111.0,N,A,R,21819,1,4931.0,90274810.0,,,49.0,493.0,,,,,,,29.64,0.009193,29930.0,1.0,29.46,887125.2,UIL,7.0,7.0,2.0,,3.0,10,1.0,1.0,1.0,6.0,2.0,2.0,4.0,8.0,5.0,8.0,4.0,2.0,5.0,8.0,9.0,6.0,5.0,5.0,4.0,4.0,4.0,,5.0,2.0,7.0,3.0,6.0,3.0,3.0,4.0,9.0,1.0,3.0,4.0,4.0,4.0,8.0,10.0,9.0,4.0,7.0,7.0,4.0,9.0,6.0,3,10.0,10,1
2010-04-26,53663,,11,1,4911.0,90274810,UIL,U I L HOLDINGS CORP,UIL,221111.0,N,A,R,21819,1,4931.0,90274810.0,,,49.0,493.0,,,,,,,29.5,-0.004723,29930.0,1.0,29.68,882935.0,UIL,7.0,7.0,2.0,,3.0,10,1.0,1.0,1.0,6.0,2.0,2.0,4.0,8.0,5.0,8.0,4.0,2.0,5.0,8.0,9.0,6.0,5.0,5.0,4.0,4.0,4.0,,5.0,2.0,7.0,3.0,6.0,3.0,3.0,4.0,9.0,1.0,3.0,4.0,4.0,4.0,8.0,10.0,9.0,4.0,7.0,7.0,4.0,9.0,6.0,3,10.0,10,1
2010-04-27,53663,,11,1,4911.0,90274810,UIL,U I L HOLDINGS CORP,UIL,221111.0,N,A,R,21819,1,4931.0,90274810.0,,,49.0,493.0,,,,,,,29.09,-0.013898,29930.0,1.0,29.43,870663.7,UIL,7.0,7.0,2.0,,3.0,10,1.0,1.0,1.0,6.0,2.0,2.0,4.0,8.0,5.0,8.0,4.0,2.0,5.0,8.0,9.0,6.0,5.0,5.0,4.0,4.0,4.0,,5.0,2.0,7.0,3.0,6.0,3.0,3.0,4.0,9.0,1.0,3.0,4.0,4.0,4.0,8.0,10.0,9.0,4.0,7.0,7.0,4.0,9.0,6.0,3,10.0,10,1
2010-04-28,53663,,11,1,4911.0,90274810,UIL,U I L HOLDINGS CORP,UIL,221111.0,N,A,R,21819,1,4931.0,90274810.0,,,49.0,493.0,,,,,,,29.25,0.0055,29930.0,1.0,29.29,875452.5,UIL,7.0,7.0,2.0,,3.0,10,1.0,1.0,1.0,6.0,2.0,2.0,4.0,8.0,5.0,8.0,4.0,2.0,5.0,8.0,9.0,6.0,5.0,5.0,4.0,4.0,4.0,,5.0,2.0,7.0,3.0,6.0,3.0,3.0,4.0,9.0,1.0,3.0,4.0,4.0,4.0,8.0,10.0,9.0,4.0,7.0,7.0,4.0,9.0,6.0,3,10.0,10,1
2010-04-29,53663,,11,1,4911.0,90274810,UIL,U I L HOLDINGS CORP,UIL,221111.0,N,A,R,21819,1,4931.0,90274810.0,,,49.0,493.0,,,,,,,29.36,0.003761,29930.0,1.0,29.37,878744.8,UIL,7.0,7.0,2.0,,3.0,10,1.0,1.0,1.0,6.0,2.0,2.0,4.0,8.0,5.0,8.0,4.0,2.0,5.0,8.0,9.0,6.0,5.0,5.0,4.0,4.0,4.0,,5.0,2.0,7.0,3.0,6.0,3.0,3.0,4.0,9.0,1.0,3.0,4.0,4.0,4.0,8.0,10.0,9.0,4.0,7.0,7.0,4.0,9.0,6.0,3,10.0,10,1
2010-04-30,53663,,11,1,4911.0,90274810,UIL,U I L HOLDINGS CORP,UIL,221111.0,N,A,R,21819,1,4931.0,90274810.0,,,49.0,493.0,,,,,,,29.03,-0.01124,29945.0,1.0,29.3,869303.35,UIL,7.0,7.0,2.0,,3.0,10,1.0,1.0,1.0,6.0,2.0,2.0,4.0,8.0,5.0,8.0,4.0,2.0,5.0,8.0,9.0,6.0,5.0,5.0,4.0,4.0,4.0,,5.0,2.0,7.0,3.0,6.0,3.0,3.0,4.0,9.0,1.0,3.0,4.0,4.0,4.0,8.0,10.0,9.0,4.0,7.0,7.0,4.0,9.0,6.0,3,10.0,10,1
2010-05-03,53663,,11,1,4911.0,90274810,UIL,U I L HOLDINGS CORP,UIL,221111.0,N,A,R,21819,1,4931.0,90274810.0,,,49.0,493.0,,,,,,,29.33,0.010334,29945.0,1.0,29.07,878286.85,UIL,7.0,7.0,2.0,,3.0,10,1.0,1.0,1.0,6.0,2.0,2.0,4.0,8.0,5.0,8.0,4.0,2.0,5.0,8.0,9.0,6.0,5.0,5.0,4.0,4.0,4.0,,4.0,2.0,6.0,3.0,7.0,4.0,5.0,5.0,9.0,2.0,,3.0,4.0,,5.0,10.0,9.0,2.0,5.0,4.0,2.0,7.0,6.0,3,9.0,10,1
2010-05-04,53663,,11,1,4911.0,90274810,UIL,U I L HOLDINGS CORP,UIL,221111.0,N,A,R,21819,1,4931.0,90274810.0,,,49.0,493.0,,,,,,,29.41,0.002728,29945.0,1.0,29.04,880682.45,UIL,7.0,7.0,2.0,,3.0,10,1.0,1.0,1.0,6.0,2.0,2.0,4.0,8.0,5.0,8.0,4.0,2.0,5.0,8.0,9.0,6.0,5.0,5.0,4.0,4.0,4.0,,4.0,2.0,6.0,3.0,7.0,4.0,5.0,5.0,9.0,2.0,,3.0,4.0,,5.0,10.0,9.0,2.0,5.0,4.0,2.0,7.0,6.0,3,9.0,10,1
2010-05-05,53663,,11,1,4911.0,90274810,UIL,U I L HOLDINGS CORP,UIL,221111.0,N,A,R,21819,1,4931.0,90274810.0,,,49.0,493.0,,,,,,,29.29,-0.00408,29945.0,1.0,29.31,877089.05,UIL,7.0,7.0,2.0,,3.0,10,1.0,1.0,1.0,6.0,2.0,2.0,4.0,8.0,5.0,8.0,4.0,2.0,5.0,8.0,9.0,6.0,5.0,5.0,4.0,4.0,4.0,,4.0,2.0,6.0,3.0,7.0,4.0,5.0,5.0,9.0,2.0,,3.0,4.0,,5.0,10.0,9.0,2.0,5.0,4.0,2.0,7.0,6.0,3,9.0,10,1
2010-05-06,53663,,11,1,4911.0,90274810,UIL,U I L HOLDINGS CORP,UIL,221111.0,N,A,R,21819,1,4931.0,90274810.0,,,49.0,493.0,,,,,,,28.16,-0.03858,29945.0,1.0,29.21,843251.2,UIL,7.0,7.0,2.0,,3.0,10,1.0,1.0,1.0,6.0,2.0,2.0,4.0,8.0,5.0,8.0,4.0,2.0,5.0,8.0,9.0,6.0,5.0,5.0,4.0,4.0,4.0,,4.0,2.0,6.0,3.0,7.0,4.0,5.0,5.0,9.0,2.0,,3.0,4.0,,5.0,10.0,9.0,2.0,5.0,4.0,2.0,7.0,6.0,3,9.0,10,1
2010-05-07,53663,,11,1,4911.0,90274810,UIL,U I L HOLDINGS CORP,UIL,221111.0,N,A,R,21819,1,4931.0,90274810.0,,,49.0,493.0,,,,,,,27.46,-0.024858,29945.0,1.0,28.2,822289.7,UIL,7.0,7.0,2.0,,3.0,10,1.0,1.0,1.0,6.0,2.0,2.0,4.0,8.0,5.0,8.0,4.0,2.0,5.0,8.0,9.0,6.0,5.0,5.0,4.0,4.0,4.0,,4.0,2.0,6.0,3.0,7.0,4.0,5.0,5.0,9.0,2.0,,3.0,4.0,,5.0,10.0,9.0,2.0,5.0,4.0,2.0,7.0,6.0,3,9.0,10,1
2010-05-10,53663,,11,1,4911.0,90274810,UIL,U I L HOLDINGS CORP,UIL,221111.0,N,A,R,21819,1,4931.0,90274810.0,,,49.0,493.0,,,,,,,29.02,0.05681,29945.0,1.0,28.51,869003.9,UIL,7.0,7.0,2.0,,3.0,10,1.0,1.0,1.0,6.0,2.0,2.0,4.0,8.0,5.0,8.0,4.0,2.0,5.0,8.0,9.0,6.0,5.0,5.0,4.0,4.0,4.0,,4.0,2.0,6.0,3.0,7.0,4.0,5.0,5.0,9.0,2.0,,3.0,4.0,,5.0,10.0,9.0,2.0,5.0,4.0,2.0,7.0,6.0,3,9.0,10,1
2010-05-11,53663,,11,1,4911.0,90274810,UIL,U I L HOLDINGS CORP,UIL,221111.0,N,A,R,21819,1,4931.0,90274810.0,,,49.0,493.0,,,,,,,29.76,0.0255,29945.0,1.0,28.81,891163.2,UIL,7.0,7.0,2.0,,3.0,10,1.0,1.0,1.0,6.0,2.0,2.0,4.0,8.0,5.0,8.0,4.0,2.0,5.0,8.0,9.0,6.0,5.0,5.0,4.0,4.0,4.0,,4.0,2.0,6.0,3.0,7.0,4.0,5.0,5.0,9.0,2.0,,3.0,4.0,,5.0,10.0,9.0,2.0,5.0,4.0,2.0,7.0,6.0,3,9.0,10,1
2010-05-12,53663,,11,1,4911.0,90274810,UIL,U I L HOLDINGS CORP,UIL,221111.0,N,A,R,21819,1,4931.0,90274810.0,,,49.0,493.0,,,,,,,30.25,0.016465,29945.0,1.0,29.91,905836.25,UIL,7.0,7.0,2.0,,3.0,10,1.0,1.0,1.0,6.0,2.0,2.0,4.0,8.0,5.0,8.0,4.0,2.0,5.0,8.0,9.0,6.0,5.0,5.0,4.0,4.0,4.0,,4.0,2.0,6.0,3.0,7.0,4.0,5.0,5.0,9.0,2.0,,3.0,4.0,,5.0,10.0,9.0,2.0,5.0,4.0,2.0,7.0,6.0,3,9.0,10,1
2010-05-13,53663,,11,1,4911.0,90274810,UIL,U I L HOLDINGS CORP,UIL,221111.0,N,A,R,21819,1,4931.0,90274810.0,,,49.0,493.0,,,,,,,29.94,-0.010248,29945.0,1.0,30.25,896553.3,UIL,7.0,7.0,2.0,,3.0,10,1.0,1.0,1.0,6.0,2.0,2.0,4.0,8.0,5.0,8.0,4.0,2.0,5.0,8.0,9.0,6.0,5.0,5.0,4.0,4.0,4.0,,4.0,2.0,6.0,3.0,7.0,4.0,5.0,5.0,9.0,2.0,,3.0,4.0,,5.0,10.0,9.0,2.0,5.0,4.0,2.0,7.0,6.0,3,9.0,10,1
2010-05-14,53663,,11,1,4911.0,90274810,UIL,U I L HOLDINGS CORP,UIL,221111.0,N,A,R,21819,1,4931.0,90274810.0,,,49.0,493.0,,,,,,,29.61,-0.011022,29945.0,1.0,29.63,886671.45,UIL,7.0,7.0,2.0,,3.0,10,1.0,1.0,1.0,6.0,2.0,2.0,4.0,8.0,5.0,8.0,4.0,2.0,5.0,8.0,9.0,6.0,5.0,5.0,4.0,4.0,4.0,,4.0,2.0,6.0,3.0,7.0,4.0,5.0,5.0,9.0,2.0,,3.0,4.0,,5.0,10.0,9.0,2.0,5.0,4.0,2.0,7.0,6.0,3,9.0,10,1
2010-05-17,53663,,11,1,4911.0,90274810,UIL,U I L HOLDINGS CORP,UIL,221111.0,N,A,R,21819,1,4931.0,90274810.0,,,49.0,493.0,,,,,,,29.63,0.000675,29945.0,1.0,29.69,887270.35,UIL,7.0,7.0,2.0,,3.0,10,1.0,1.0,1.0,6.0,2.0,2.0,4.0,8.0,5.0,8.0,4.0,2.0,5.0,8.0,9.0,6.0,5.0,5.0,4.0,4.0,4.0,,4.0,2.0,6.0,3.0,7.0,4.0,5.0,5.0,9.0,2.0,,3.0,4.0,,5.0,10.0,9.0,2.0,5.0,4.0,2.0,7.0,6.0,3,9.0,10,1
2010-05-18,53663,,11,1,4911.0,90274810,UIL,U I L HOLDINGS CORP,UIL,221111.0,N,A,R,21819,1,4931.0,90274810.0,,,49.0,493.0,,,,,,,29.2,-0.014512,29945.0,1.0,29.87,874394.0,UIL,7.0,7.0,2.0,,3.0,10,1.0,1.0,1.0,6.0,2.0,2.0,4.0,8.0,5.0,8.0,4.0,2.0,5.0,8.0,9.0,6.0,5.0,5.0,4.0,4.0,4.0,,4.0,2.0,6.0,3.0,7.0,4.0,5.0,5.0,9.0,2.0,,3.0,4.0,,5.0,10.0,9.0,2.0,5.0,4.0,2.0,7.0,6.0,3,9.0,10,1
2010-05-19,53663,,11,1,4911.0,90274810,UIL,U I L HOLDINGS CORP,UIL,221111.0,N,A,R,21819,1,4931.0,90274810.0,,,49.0,493.0,,,,,,,28.65,-0.018836,29945.0,1.0,29.03,857924.25,UIL,7.0,7.0,2.0,,3.0,10,1.0,1.0,1.0,6.0,2.0,2.0,4.0,8.0,5.0,8.0,4.0,2.0,5.0,8.0,9.0,6.0,5.0,5.0,4.0,4.0,4.0,,4.0,2.0,6.0,3.0,7.0,4.0,5.0,5.0,9.0,2.0,,3.0,4.0,,5.0,10.0,9.0,2.0,5.0,4.0,2.0,7.0,6.0,3,9.0,10,1
2010-05-20,53663,,11,1,4911.0,90274810,UIL,U I L HOLDINGS CORP,UIL,221111.0,N,A,R,21819,1,4931.0,90274810.0,,,49.0,493.0,,,,,,,27.16,-0.052007,29945.0,1.0,28.0,813306.2,UIL,7.0,7.0,2.0,,3.0,10,1.0,1.0,1.0,6.0,2.0,2.0,4.0,8.0,5.0,8.0,4.0,2.0,5.0,8.0,9.0,6.0,5.0,5.0,4.0,4.0,4.0,,4.0,2.0,6.0,3.0,7.0,4.0,5.0,5.0,9.0,2.0,,3.0,4.0,,5.0,10.0,9.0,2.0,5.0,4.0,2.0,7.0,6.0,3,9.0,10,1
2010-05-21,53663,,11,1,4911.0,90274810,UIL,U I L HOLDINGS CORP,UIL,221111.0,N,A,R,21819,1,4931.0,90274810.0,,,49.0,493.0,,,,,,,26.72,-0.0162,29945.0,1.0,26.71,800130.4,UIL,7.0,7.0,2.0,,3.0,10,1.0,1.0,1.0,6.0,2.0,2.0,4.0,8.0,5.0,8.0,4.0,2.0,5.0,8.0,9.0,6.0,5.0,5.0,4.0,4.0,4.0,,4.0,2.0,6.0,3.0,7.0,4.0,5.0,5.0,9.0,2.0,,3.0,4.0,,5.0,10.0,9.0,2.0,5.0,4.0,2.0,7.0,6.0,3,9.0,10,1
2010-05-24,53663,,11,1,4911.0,90274810,UIL,U I L HOLDINGS CORP,UIL,221111.0,N,A,R,21819,1,4931.0,90274810.0,,,49.0,493.0,,,,,,,26.7,-0.000748,29945.0,1.0,26.74,799531.5,UIL,7.0,7.0,2.0,,3.0,10,1.0,1.0,1.0,6.0,2.0,2.0,4.0,8.0,5.0,8.0,4.0,2.0,5.0,8.0,9.0,6.0,5.0,5.0,4.0,4.0,4.0,,4.0,2.0,6.0,3.0,7.0,4.0,5.0,5.0,9.0,2.0,,3.0,4.0,,5.0,10.0,9.0,2.0,5.0,4.0,2.0,7.0,6.0,3,9.0,10,1
2010-05-25,53663,,11,1,4911.0,90274810,UIL,U I L HOLDINGS CORP,UIL,221111.0,N,A,R,21819,1,4931.0,90274810.0,,,49.0,493.0,,,,,,,24.02,-0.100375,29945.0,1.0,26.1,719278.9,UIL,7.0,7.0,2.0,,3.0,10,1.0,1.0,1.0,6.0,2.0,2.0,4.0,8.0,5.0,8.0,4.0,2.0,5.0,8.0,9.0,6.0,5.0,5.0,4.0,4.0,4.0,,4.0,2.0,6.0,3.0,7.0,4.0,5.0,5.0,9.0,2.0,,3.0,4.0,,5.0,10.0,9.0,2.0,5.0,4.0,2.0,7.0,6.0,3,9.0,10,1
2010-05-26,53663,,11,1,4911.0,90274810,UIL,U I L HOLDINGS CORP,UIL,221111.0,N,A,R,21819,1,4931.0,90274810.0,,,49.0,493.0,,,,,,,24.0,-0.000833,29945.0,1.0,24.29,718680.0,UIL,7.0,7.0,2.0,,3.0,10,1.0,1.0,1.0,6.0,2.0,2.0,4.0,8.0,5.0,8.0,4.0,2.0,5.0,8.0,9.0,6.0,5.0,5.0,4.0,4.0,4.0,,4.0,2.0,6.0,3.0,7.0,4.0,5.0,5.0,9.0,2.0,,3.0,4.0,,5.0,10.0,9.0,2.0,5.0,4.0,2.0,7.0,6.0,3,9.0,10,1
2010-05-27,53663,,11,1,4911.0,90274810,UIL,U I L HOLDINGS CORP,UIL,221111.0,N,A,R,21819,1,4931.0,90274810.0,,,49.0,493.0,,,,,,,24.51,0.02125,29945.0,1.0,24.45,733951.95,UIL,7.0,7.0,2.0,,3.0,10,1.0,1.0,1.0,6.0,2.0,2.0,4.0,8.0,5.0,8.0,4.0,2.0,5.0,8.0,9.0,6.0,5.0,5.0,4.0,4.0,4.0,,4.0,2.0,6.0,3.0,7.0,4.0,5.0,5.0,9.0,2.0,,3.0,4.0,,5.0,10.0,9.0,2.0,5.0,4.0,2.0,7.0,6.0,3,9.0,10,1
2010-05-28,53663,,11,1,4911.0,90274810,UIL,U I L HOLDINGS CORP,UIL,221111.0,N,A,R,21819,1,4931.0,90274810.0,,,49.0,493.0,,,,,,,25.28,0.031416,29983.0,1.0,25.19,757970.24,UIL,7.0,7.0,2.0,,3.0,10,1.0,1.0,1.0,6.0,2.0,2.0,4.0,8.0,5.0,8.0,4.0,2.0,5.0,8.0,9.0,6.0,5.0,5.0,4.0,4.0,4.0,,4.0,2.0,6.0,3.0,7.0,4.0,5.0,5.0,9.0,2.0,,3.0,4.0,,5.0,10.0,9.0,2.0,5.0,4.0,2.0,7.0,6.0,3,9.0,10,1
2010-06-01,53663,,11,1,4911.0,90274810,UIL,U I L HOLDINGS CORP,UIL,221111.0,N,A,R,21819,1,4931.0,90274810.0,,,49.0,493.0,,,,,,,24.85,-0.01701,29983.0,1.0,25.26,745077.55,UIL,7.0,7.0,2.0,,3.0,10,1.0,1.0,1.0,6.0,2.0,2.0,4.0,8.0,5.0,8.0,4.0,2.0,5.0,8.0,9.0,6.0,5.0,5.0,4.0,4.0,4.0,,4.0,3.0,5.0,3.0,7.0,6.0,9.0,6.0,9.0,3.0,,6.0,8.0,5.0,8.0,7.0,9.0,9.0,9.0,10.0,7.0,5.0,6.0,3,9.0,10,1
2010-06-02,53663,,11,1,4911.0,90274810,UIL,U I L HOLDINGS CORP,UIL,221111.0,N,A,R,21819,1,4931.0,90274810.0,,,49.0,493.0,,,,,,,25.78,0.037425,29983.0,1.0,25.0,772961.74,UIL,7.0,7.0,2.0,,3.0,10,1.0,1.0,1.0,6.0,2.0,2.0,4.0,8.0,5.0,8.0,4.0,2.0,5.0,8.0,9.0,6.0,5.0,5.0,4.0,4.0,4.0,,4.0,3.0,5.0,3.0,7.0,6.0,9.0,6.0,9.0,3.0,,6.0,8.0,5.0,8.0,7.0,9.0,9.0,9.0,10.0,7.0,5.0,6.0,3,9.0,10,1
2010-06-03,53663,,11,1,4911.0,90274810,UIL,U I L HOLDINGS CORP,UIL,221111.0,N,A,R,21819,1,4931.0,90274810.0,,,49.0,493.0,,,,,,,26.28,0.019395,29983.0,1.0,25.73,787953.24,UIL,7.0,7.0,2.0,,3.0,10,1.0,1.0,1.0,6.0,2.0,2.0,4.0,8.0,5.0,8.0,4.0,2.0,5.0,8.0,9.0,6.0,5.0,5.0,4.0,4.0,4.0,,4.0,3.0,5.0,3.0,7.0,6.0,9.0,6.0,9.0,3.0,,6.0,8.0,5.0,8.0,7.0,9.0,9.0,9.0,10.0,7.0,5.0,6.0,3,9.0,10,1
2010-06-04,53663,,11,1,4911.0,90274810,UIL,U I L HOLDINGS CORP,UIL,221111.0,N,A,R,21819,1,4931.0,90274810.0,,,49.0,493.0,,,,,,,25.26,-0.038813,29983.0,1.0,25.75,757370.58,UIL,7.0,7.0,2.0,,3.0,10,1.0,1.0,1.0,6.0,2.0,2.0,4.0,8.0,5.0,8.0,4.0,2.0,5.0,8.0,9.0,6.0,5.0,5.0,4.0,4.0,4.0,,4.0,3.0,5.0,3.0,7.0,6.0,9.0,6.0,9.0,3.0,,6.0,8.0,5.0,8.0,7.0,9.0,9.0,9.0,10.0,7.0,5.0,6.0,3,9.0,10,1
2010-06-07,53663,,11,1,4911.0,90274810,UIL,U I L HOLDINGS CORP,UIL,221111.0,N,A,R,21819,1,4931.0,90274810.0,,,49.0,493.0,,,,,,,25.14,-0.004751,29983.0,1.0,25.3,753772.62,UIL,7.0,7.0,2.0,,3.0,10,1.0,1.0,1.0,6.0,2.0,2.0,4.0,8.0,5.0,8.0,4.0,2.0,5.0,8.0,9.0,6.0,5.0,5.0,4.0,4.0,4.0,,4.0,3.0,5.0,3.0,7.0,6.0,9.0,6.0,9.0,3.0,,6.0,8.0,5.0,8.0,7.0,9.0,9.0,9.0,10.0,7.0,5.0,6.0,3,9.0,10,1
2010-06-08,53663,,11,1,4911.0,90274810,UIL,U I L HOLDINGS CORP,UIL,221111.0,N,A,R,21819,1,4931.0,90274810.0,,,49.0,493.0,,,,,,,25.49,0.013922,29983.0,1.0,25.3,764266.67,UIL,7.0,7.0,2.0,,3.0,10,1.0,1.0,1.0,6.0,2.0,2.0,4.0,8.0,5.0,8.0,4.0,2.0,5.0,8.0,9.0,6.0,5.0,5.0,4.0,4.0,4.0,,4.0,3.0,5.0,3.0,7.0,6.0,9.0,6.0,9.0,3.0,,6.0,8.0,5.0,8.0,7.0,9.0,9.0,9.0,10.0,7.0,5.0,6.0,3,9.0,10,1
2010-06-09,53663,,11,1,4911.0,90274810,UIL,U I L HOLDINGS CORP,UIL,221111.0,N,A,R,21819,1,4931.0,90274810.0,,,49.0,493.0,,,,,,,25.26,-0.009023,29983.0,1.0,25.77,757370.58,UIL,7.0,7.0,2.0,,3.0,10,1.0,1.0,1.0,6.0,2.0,2.0,4.0,8.0,5.0,8.0,4.0,2.0,5.0,8.0,9.0,6.0,5.0,5.0,4.0,4.0,4.0,,4.0,3.0,5.0,3.0,7.0,6.0,9.0,6.0,9.0,3.0,,6.0,8.0,5.0,8.0,7.0,9.0,9.0,9.0,10.0,7.0,5.0,6.0,3,9.0,10,1
2010-06-10,53663,,11,1,4911.0,90274810,UIL,U I L HOLDINGS CORP,UIL,221111.0,N,A,R,21819,1,4931.0,90274810.0,,,49.0,493.0,,,,,,,25.93,0.026524,29983.0,1.0,25.57,777459.19,UIL,7.0,7.0,2.0,,3.0,10,1.0,1.0,1.0,6.0,2.0,2.0,4.0,8.0,5.0,8.0,4.0,2.0,5.0,8.0,9.0,6.0,5.0,5.0,4.0,4.0,4.0,,4.0,3.0,5.0,3.0,7.0,6.0,9.0,6.0,9.0,3.0,,6.0,8.0,5.0,8.0,7.0,9.0,9.0,9.0,10.0,7.0,5.0,6.0,3,9.0,10,1
2010-06-11,53663,,11,1,4911.0,90274810,UIL,U I L HOLDINGS CORP,UIL,221111.0,N,A,R,21819,1,4931.0,90274810.0,,,49.0,493.0,,,,,,,25.53,-0.015426,29983.0,1.0,25.71,765465.99,UIL,7.0,7.0,2.0,,3.0,10,1.0,1.0,1.0,6.0,2.0,2.0,4.0,8.0,5.0,8.0,4.0,2.0,5.0,8.0,9.0,6.0,5.0,5.0,4.0,4.0,4.0,,4.0,3.0,5.0,3.0,7.0,6.0,9.0,6.0,9.0,3.0,,6.0,8.0,5.0,8.0,7.0,9.0,9.0,9.0,10.0,7.0,5.0,6.0,3,9.0,10,1
2010-06-14,53663,,11,1,4911.0,90274810,UIL,U I L HOLDINGS CORP,UIL,221111.0,N,A,R,21819,1,4931.0,90274810.0,,,49.0,493.0,,,,,,,26.04,0.019977,29983.0,1.0,25.84,780757.32,UIL,7.0,7.0,2.0,,3.0,10,1.0,1.0,1.0,6.0,2.0,2.0,4.0,8.0,5.0,8.0,4.0,2.0,5.0,8.0,9.0,6.0,5.0,5.0,4.0,4.0,4.0,,4.0,3.0,5.0,3.0,7.0,6.0,9.0,6.0,9.0,3.0,,6.0,8.0,5.0,8.0,7.0,9.0,9.0,9.0,10.0,7.0,5.0,6.0,3,9.0,10,1
2010-06-15,53663,,11,1,4911.0,90274810,UIL,U I L HOLDINGS CORP,UIL,221111.0,N,A,R,21819,1,4931.0,90274810.0,,,49.0,493.0,1232.0,0.432,0.0,,,,25.71,0.003917,29983.0,1.0,25.57,770862.93,UIL,7.0,7.0,2.0,,3.0,10,1.0,1.0,1.0,6.0,2.0,2.0,4.0,8.0,5.0,8.0,4.0,2.0,5.0,8.0,9.0,6.0,5.0,5.0,4.0,4.0,4.0,,4.0,3.0,5.0,3.0,7.0,6.0,9.0,6.0,9.0,3.0,,6.0,8.0,5.0,8.0,7.0,9.0,9.0,9.0,10.0,7.0,5.0,6.0,3,9.0,10,1
2010-06-16,53663,,11,1,4911.0,90274810,UIL,U I L HOLDINGS CORP,UIL,221111.0,N,A,R,21819,1,4931.0,90274810.0,,,49.0,493.0,,,,,,,25.93,0.008557,29983.0,1.0,25.56,777459.19,UIL,7.0,7.0,2.0,,3.0,10,1.0,1.0,1.0,6.0,2.0,2.0,4.0,8.0,5.0,8.0,4.0,2.0,5.0,8.0,9.0,6.0,5.0,5.0,4.0,4.0,4.0,,4.0,3.0,5.0,3.0,7.0,6.0,9.0,6.0,9.0,3.0,,6.0,8.0,5.0,8.0,7.0,9.0,9.0,9.0,10.0,7.0,5.0,6.0,3,9.0,10,1
2010-06-17,53663,,11,1,4911.0,90274810,UIL,U I L HOLDINGS CORP,UIL,221111.0,N,A,R,21819,1,4931.0,90274810.0,,,49.0,493.0,,,,,,,26.08,0.005785,29983.0,1.0,25.99,781956.64,UIL,7.0,7.0,2.0,,3.0,10,1.0,1.0,1.0,6.0,2.0,2.0,4.0,8.0,5.0,8.0,4.0,2.0,5.0,8.0,9.0,6.0,5.0,5.0,4.0,4.0,4.0,,4.0,3.0,5.0,3.0,7.0,6.0,9.0,6.0,9.0,3.0,,6.0,8.0,5.0,8.0,7.0,9.0,9.0,9.0,10.0,7.0,5.0,6.0,3,9.0,10,1
2010-06-18,53663,,11,1,4911.0,90274810,UIL,U I L HOLDINGS CORP,UIL,221111.0,N,A,R,21819,1,4931.0,90274810.0,,,49.0,493.0,,,,,,,25.91,-0.006518,29983.0,1.0,26.16,776859.53,UIL,7.0,7.0,2.0,,3.0,10,1.0,1.0,1.0,6.0,2.0,2.0,4.0,8.0,5.0,8.0,4.0,2.0,5.0,8.0,9.0,6.0,5.0,5.0,4.0,4.0,4.0,,4.0,3.0,5.0,3.0,7.0,6.0,9.0,6.0,9.0,3.0,,6.0,8.0,5.0,8.0,7.0,9.0,9.0,9.0,10.0,7.0,5.0,6.0,3,9.0,10,1
2010-06-21,53663,,11,1,4911.0,90274810,UIL,U I L HOLDINGS CORP,UIL,221111.0,N,A,R,21819,1,4931.0,90274810.0,,,49.0,493.0,,,,,,,25.7,-0.008105,29983.0,1.0,26.14,770563.1,UIL,7.0,7.0,2.0,,3.0,10,1.0,1.0,1.0,6.0,2.0,2.0,4.0,8.0,5.0,8.0,4.0,2.0,5.0,8.0,9.0,6.0,5.0,5.0,4.0,4.0,4.0,,4.0,3.0,5.0,3.0,7.0,6.0,9.0,6.0,9.0,3.0,,6.0,8.0,5.0,8.0,7.0,9.0,9.0,9.0,10.0,7.0,5.0,6.0,3,9.0,10,1
2010-06-22,53663,,11,1,4911.0,90274810,UIL,U I L HOLDINGS CORP,UIL,221111.0,N,A,R,21819,1,4931.0,90274810.0,,,49.0,493.0,,,,,,,25.17,-0.020623,29983.0,1.0,25.71,754672.11,UIL,7.0,7.0,2.0,,3.0,10,1.0,1.0,1.0,6.0,2.0,2.0,4.0,8.0,5.0,8.0,4.0,2.0,5.0,8.0,9.0,6.0,5.0,5.0,4.0,4.0,4.0,,4.0,3.0,5.0,3.0,7.0,6.0,9.0,6.0,9.0,3.0,,6.0,8.0,5.0,8.0,7.0,9.0,9.0,9.0,10.0,7.0,5.0,6.0,3,9.0,10,1
2010-06-23,53663,,11,1,4911.0,90274810,UIL,U I L HOLDINGS CORP,UIL,221111.0,N,A,R,21819,1,4931.0,90274810.0,,,49.0,493.0,,,,,,,24.96,-0.008343,29983.0,1.0,25.21,748375.68,UIL,7.0,7.0,2.0,,3.0,10,1.0,1.0,1.0,6.0,2.0,2.0,4.0,8.0,5.0,8.0,4.0,2.0,5.0,8.0,9.0,6.0,5.0,5.0,4.0,4.0,4.0,,4.0,3.0,5.0,3.0,7.0,6.0,9.0,6.0,9.0,3.0,,6.0,8.0,5.0,8.0,7.0,9.0,9.0,9.0,10.0,7.0,5.0,6.0,3,9.0,10,1
2010-06-24,53663,,11,1,4911.0,90274810,UIL,U I L HOLDINGS CORP,UIL,221111.0,N,A,R,21819,1,4931.0,90274810.0,,,49.0,493.0,,,,,,,24.96,0.0,29983.0,1.0,24.73,748375.68,UIL,7.0,7.0,2.0,,3.0,10,1.0,1.0,1.0,6.0,2.0,2.0,4.0,8.0,5.0,8.0,4.0,2.0,5.0,8.0,9.0,6.0,5.0,5.0,4.0,4.0,4.0,,4.0,3.0,5.0,3.0,7.0,6.0,9.0,6.0,9.0,3.0,,6.0,8.0,5.0,8.0,7.0,9.0,9.0,9.0,10.0,7.0,5.0,6.0,3,9.0,10,1
2010-06-25,53663,,11,1,4911.0,90274810,UIL,U I L HOLDINGS CORP,UIL,221111.0,N,A,R,21819,1,4931.0,90274810.0,,,49.0,493.0,,,,,,,25.42,0.01843,29983.0,1.0,25.15,762167.86,UIL,7.0,7.0,2.0,,3.0,10,1.0,1.0,1.0,6.0,2.0,2.0,4.0,8.0,5.0,8.0,4.0,2.0,5.0,8.0,9.0,6.0,5.0,5.0,4.0,4.0,4.0,,4.0,3.0,5.0,3.0,7.0,6.0,9.0,6.0,9.0,3.0,,6.0,8.0,5.0,8.0,7.0,9.0,9.0,9.0,10.0,7.0,5.0,6.0,3,9.0,10,1
2010-06-28,53663,,11,1,4911.0,90274810,UIL,U I L HOLDINGS CORP,UIL,221111.0,N,A,R,21819,1,4931.0,90274810.0,,,49.0,493.0,,,,,,,25.57,0.005901,29983.0,1.0,25.43,766665.31,UIL,7.0,7.0,2.0,,3.0,10,1.0,1.0,1.0,6.0,2.0,2.0,4.0,8.0,5.0,8.0,4.0,2.0,5.0,8.0,9.0,6.0,5.0,5.0,4.0,4.0,4.0,,4.0,3.0,5.0,3.0,7.0,6.0,9.0,6.0,9.0,3.0,,6.0,8.0,5.0,8.0,7.0,9.0,9.0,9.0,10.0,7.0,5.0,6.0,3,9.0,10,1
2010-06-29,53663,,11,1,4911.0,90274810,UIL,U I L HOLDINGS CORP,UIL,221111.0,N,A,R,21819,1,4931.0,90274810.0,,,49.0,493.0,,,,,,,24.99,-0.022683,29983.0,1.0,25.06,749275.17,UIL,7.0,7.0,2.0,,3.0,10,1.0,1.0,1.0,6.0,2.0,2.0,4.0,8.0,5.0,8.0,4.0,2.0,5.0,8.0,9.0,6.0,5.0,5.0,4.0,4.0,4.0,,4.0,3.0,5.0,3.0,7.0,6.0,9.0,6.0,9.0,3.0,,6.0,8.0,5.0,8.0,7.0,9.0,9.0,9.0,10.0,7.0,5.0,6.0,3,9.0,10,1
2010-06-30,53663,,11,1,4911.0,90274810,UIL,U I L HOLDINGS CORP,UIL,221111.0,N,A,R,21819,1,4931.0,90274810.0,,,49.0,493.0,,,,,,,25.03,0.001601,29983.0,1.0,25.0,750474.49,UIL,7.0,7.0,2.0,,3.0,10,1.0,1.0,1.0,6.0,2.0,2.0,4.0,8.0,5.0,8.0,4.0,2.0,5.0,8.0,9.0,6.0,5.0,5.0,4.0,4.0,4.0,,4.0,3.0,5.0,3.0,7.0,6.0,9.0,6.0,9.0,3.0,,6.0,8.0,5.0,8.0,7.0,9.0,9.0,9.0,10.0,7.0,5.0,6.0,3,9.0,10,1
2010-07-01,53663,,11,1,4911.0,90274810,UIL,U I L HOLDINGS CORP,UIL,221111.0,N,A,R,21819,1,4931.0,90274810.0,,,49.0,493.0,,,,,,,25.33,0.011986,29983.0,1.0,25.55,759469.39,UIL,7.0,9.0,2.0,,5.0,1,1.0,1.0,3.0,6.0,3.0,2.0,4.0,9.0,7.0,9.0,5.0,3.0,7.0,8.0,5.0,8.0,5.0,5.0,5.0,8.0,4.0,,3.0,4.0,5.0,3.0,4.0,4.0,10.0,5.0,9.0,3.0,,5.0,8.0,5.0,2.0,6.0,9.0,5.0,4.0,5.0,4.0,4.0,6.0,3,8.0,10,1
2010-07-02,53663,,11,1,4911.0,90274810,UIL,U I L HOLDINGS CORP,UIL,221111.0,N,A,R,21819,1,4931.0,90274810.0,,,49.0,493.0,,,,,,,25.46,0.005132,29983.0,1.0,25.55,763367.18,UIL,7.0,9.0,2.0,,5.0,1,1.0,1.0,3.0,6.0,3.0,2.0,4.0,9.0,7.0,9.0,5.0,3.0,7.0,8.0,5.0,8.0,5.0,5.0,5.0,8.0,4.0,,3.0,4.0,5.0,3.0,4.0,4.0,10.0,5.0,9.0,3.0,,5.0,8.0,5.0,2.0,6.0,9.0,5.0,4.0,5.0,4.0,4.0,6.0,3,8.0,10,1
2010-07-06,53663,,11,1,4911.0,90274810,UIL,U I L HOLDINGS CORP,UIL,221111.0,N,A,R,21819,1,4931.0,90274810.0,,,49.0,493.0,,,,,,,25.23,-0.009034,29983.0,1.0,25.81,756471.09,UIL,7.0,9.0,2.0,,5.0,1,1.0,1.0,3.0,6.0,3.0,2.0,4.0,9.0,7.0,9.0,5.0,3.0,7.0,8.0,5.0,8.0,5.0,5.0,5.0,8.0,4.0,,3.0,4.0,5.0,3.0,4.0,4.0,10.0,5.0,9.0,3.0,,5.0,8.0,5.0,2.0,6.0,9.0,5.0,4.0,5.0,4.0,4.0,6.0,3,8.0,10,1
2010-07-07,53663,,11,1,4911.0,90274810,UIL,U I L HOLDINGS CORP,UIL,221111.0,N,A,R,21819,1,4931.0,90274810.0,,,49.0,493.0,,,,,,,25.88,0.025763,29983.0,1.0,25.4,775960.04,UIL,7.0,9.0,2.0,,5.0,1,1.0,1.0,3.0,6.0,3.0,2.0,4.0,9.0,7.0,9.0,5.0,3.0,7.0,8.0,5.0,8.0,5.0,5.0,5.0,8.0,4.0,,3.0,4.0,5.0,3.0,4.0,4.0,10.0,5.0,9.0,3.0,,5.0,8.0,5.0,2.0,6.0,9.0,5.0,4.0,5.0,4.0,4.0,6.0,3,8.0,10,1
2010-07-08,53663,,11,1,4911.0,90274810,UIL,U I L HOLDINGS CORP,UIL,221111.0,N,A,R,21819,1,4931.0,90274810.0,,,49.0,493.0,,,,,,,25.9,0.000773,29983.0,1.0,25.88,776559.7,UIL,7.0,9.0,2.0,,5.0,1,1.0,1.0,3.0,6.0,3.0,2.0,4.0,9.0,7.0,9.0,5.0,3.0,7.0,8.0,5.0,8.0,5.0,5.0,5.0,8.0,4.0,,3.0,4.0,5.0,3.0,4.0,4.0,10.0,5.0,9.0,3.0,,5.0,8.0,5.0,2.0,6.0,9.0,5.0,4.0,5.0,4.0,4.0,6.0,3,8.0,10,1
2010-07-09,53663,,11,1,4911.0,90274810,UIL,U I L HOLDINGS CORP,UIL,221111.0,N,A,R,21819,1,4931.0,90274810.0,,,49.0,493.0,,,,,,,26.17,0.010425,29983.0,1.0,25.86,784655.11,UIL,7.0,9.0,2.0,,5.0,1,1.0,1.0,3.0,6.0,3.0,2.0,4.0,9.0,7.0,9.0,5.0,3.0,7.0,8.0,5.0,8.0,5.0,5.0,5.0,8.0,4.0,,3.0,4.0,5.0,3.0,4.0,4.0,10.0,5.0,9.0,3.0,,5.0,8.0,5.0,2.0,6.0,9.0,5.0,4.0,5.0,4.0,4.0,6.0,3,8.0,10,1
2010-07-12,53663,,11,1,4911.0,90274810,UIL,U I L HOLDINGS CORP,UIL,221111.0,N,A,R,21819,1,4931.0,90274810.0,,,49.0,493.0,,,,,,,25.92,-0.009553,29983.0,1.0,26.15,777159.36,UIL,7.0,9.0,2.0,,5.0,1,1.0,1.0,3.0,6.0,3.0,2.0,4.0,9.0,7.0,9.0,5.0,3.0,7.0,8.0,5.0,8.0,5.0,5.0,5.0,8.0,4.0,,3.0,4.0,5.0,3.0,4.0,4.0,10.0,5.0,9.0,3.0,,5.0,8.0,5.0,2.0,6.0,9.0,5.0,4.0,5.0,4.0,4.0,6.0,3,8.0,10,1
2010-07-13,53663,,11,1,4911.0,90274810,UIL,U I L HOLDINGS CORP,UIL,221111.0,N,A,R,21819,1,4931.0,90274810.0,,,49.0,493.0,,,,,,,26.39,0.018133,29983.0,1.0,26.21,791251.37,UIL,7.0,9.0,2.0,,5.0,1,1.0,1.0,3.0,6.0,3.0,2.0,4.0,9.0,7.0,9.0,5.0,3.0,7.0,8.0,5.0,8.0,5.0,5.0,5.0,8.0,4.0,,3.0,4.0,5.0,3.0,4.0,4.0,10.0,5.0,9.0,3.0,,5.0,8.0,5.0,2.0,6.0,9.0,5.0,4.0,5.0,4.0,4.0,6.0,3,8.0,10,1
2010-07-14,53663,,11,1,4911.0,90274810,UIL,U I L HOLDINGS CORP,UIL,221111.0,N,A,R,21819,1,4931.0,90274810.0,,,49.0,493.0,,,,,,,26.4,0.000379,29983.0,1.0,26.35,791551.2,UIL,7.0,9.0,2.0,,5.0,1,1.0,1.0,3.0,6.0,3.0,2.0,4.0,9.0,7.0,9.0,5.0,3.0,7.0,8.0,5.0,8.0,5.0,5.0,5.0,8.0,4.0,,3.0,4.0,5.0,3.0,4.0,4.0,10.0,5.0,9.0,3.0,,5.0,8.0,5.0,2.0,6.0,9.0,5.0,4.0,5.0,4.0,4.0,6.0,3,8.0,10,1
2010-07-15,53663,,11,1,4911.0,90274810,UIL,U I L HOLDINGS CORP,UIL,221111.0,N,A,R,21819,1,4931.0,90274810.0,,,49.0,493.0,,,,,,,26.35,-0.001894,29983.0,1.0,26.4,790052.05,UIL,7.0,9.0,2.0,,5.0,1,1.0,1.0,3.0,6.0,3.0,2.0,4.0,9.0,7.0,9.0,5.0,3.0,7.0,8.0,5.0,8.0,5.0,5.0,5.0,8.0,4.0,,3.0,4.0,5.0,3.0,4.0,4.0,10.0,5.0,9.0,3.0,,5.0,8.0,5.0,2.0,6.0,9.0,5.0,4.0,5.0,4.0,4.0,6.0,3,8.0,10,1
2010-07-16,53663,,11,1,4911.0,90274810,UIL,U I L HOLDINGS CORP,UIL,221111.0,N,A,R,21819,1,4931.0,90274810.0,,,49.0,493.0,,,,,,,25.71,-0.024288,29983.0,1.0,26.12,770862.93,UIL,7.0,9.0,2.0,,5.0,1,1.0,1.0,3.0,6.0,3.0,2.0,4.0,9.0,7.0,9.0,5.0,3.0,7.0,8.0,5.0,8.0,5.0,5.0,5.0,8.0,4.0,,3.0,4.0,5.0,3.0,4.0,4.0,10.0,5.0,9.0,3.0,,5.0,8.0,5.0,2.0,6.0,9.0,5.0,4.0,5.0,4.0,4.0,6.0,3,8.0,10,1
2010-07-19,53663,,11,1,4911.0,90274810,UIL,U I L HOLDINGS CORP,UIL,221111.0,N,A,R,21819,1,4931.0,90274810.0,,,49.0,493.0,,,,,,,26.22,0.019837,29983.0,1.0,25.87,786154.26,UIL,7.0,9.0,2.0,,5.0,1,1.0,1.0,3.0,6.0,3.0,2.0,4.0,9.0,7.0,9.0,5.0,3.0,7.0,8.0,5.0,8.0,5.0,5.0,5.0,8.0,4.0,,3.0,4.0,5.0,3.0,4.0,4.0,10.0,5.0,9.0,3.0,,5.0,8.0,5.0,2.0,6.0,9.0,5.0,4.0,5.0,4.0,4.0,6.0,3,8.0,10,1
2010-07-20,53663,,11,1,4911.0,90274810,UIL,U I L HOLDINGS CORP,UIL,221111.0,N,A,R,21819,1,4931.0,90274810.0,,,49.0,493.0,,,,,,,26.47,0.009535,29983.0,1.0,26.0,793650.01,UIL,7.0,9.0,2.0,,5.0,1,1.0,1.0,3.0,6.0,3.0,2.0,4.0,9.0,7.0,9.0,5.0,3.0,7.0,8.0,5.0,8.0,5.0,5.0,5.0,8.0,4.0,,3.0,4.0,5.0,3.0,4.0,4.0,10.0,5.0,9.0,3.0,,5.0,8.0,5.0,2.0,6.0,9.0,5.0,4.0,5.0,4.0,4.0,6.0,3,8.0,10,1
2010-07-21,53663,,11,1,4911.0,90274810,UIL,U I L HOLDINGS CORP,UIL,221111.0,N,A,R,21819,1,4931.0,90274810.0,,,49.0,493.0,,,,,,,26.22,-0.009445,29983.0,1.0,26.57,786154.26,UIL,7.0,9.0,2.0,,5.0,1,1.0,1.0,3.0,6.0,3.0,2.0,4.0,9.0,7.0,9.0,5.0,3.0,7.0,8.0,5.0,8.0,5.0,5.0,5.0,8.0,4.0,,3.0,4.0,5.0,3.0,4.0,4.0,10.0,5.0,9.0,3.0,,5.0,8.0,5.0,2.0,6.0,9.0,5.0,4.0,5.0,4.0,4.0,6.0,3,8.0,10,1
2010-07-22,53663,,11,1,4911.0,90274810,UIL,U I L HOLDINGS CORP,UIL,221111.0,N,A,R,21819,1,4931.0,90274810.0,,,49.0,493.0,,,,,,,26.83,0.023265,29983.0,1.0,26.6,804443.89,UIL,7.0,9.0,2.0,,5.0,1,1.0,1.0,3.0,6.0,3.0,2.0,4.0,9.0,7.0,9.0,5.0,3.0,7.0,8.0,5.0,8.0,5.0,5.0,5.0,8.0,4.0,,3.0,4.0,5.0,3.0,4.0,4.0,10.0,5.0,9.0,3.0,,5.0,8.0,5.0,2.0,6.0,9.0,5.0,4.0,5.0,4.0,4.0,6.0,3,8.0,10,1
2010-07-23,53663,,11,1,4911.0,90274810,UIL,U I L HOLDINGS CORP,UIL,221111.0,N,A,R,21819,1,4931.0,90274810.0,,,49.0,493.0,,,,,,,27.16,0.0123,29983.0,1.0,26.84,814338.28,UIL,7.0,9.0,2.0,,5.0,1,1.0,1.0,3.0,6.0,3.0,2.0,4.0,9.0,7.0,9.0,5.0,3.0,7.0,8.0,5.0,8.0,5.0,5.0,5.0,8.0,4.0,,3.0,4.0,5.0,3.0,4.0,4.0,10.0,5.0,9.0,3.0,,5.0,8.0,5.0,2.0,6.0,9.0,5.0,4.0,5.0,4.0,4.0,6.0,3,8.0,10,1
2010-07-26,53663,,11,1,4911.0,90274810,UIL,U I L HOLDINGS CORP,UIL,221111.0,N,A,R,21819,1,4931.0,90274810.0,,,49.0,493.0,,,,,,,27.66,0.018409,29983.0,1.0,27.16,829329.78,UIL,7.0,9.0,2.0,,5.0,1,1.0,1.0,3.0,6.0,3.0,2.0,4.0,9.0,7.0,9.0,5.0,3.0,7.0,8.0,5.0,8.0,5.0,5.0,5.0,8.0,4.0,,3.0,4.0,5.0,3.0,4.0,4.0,10.0,5.0,9.0,3.0,,5.0,8.0,5.0,2.0,6.0,9.0,5.0,4.0,5.0,4.0,4.0,6.0,3,8.0,10,1
2010-07-27,53663,,11,1,4911.0,90274810,UIL,U I L HOLDINGS CORP,UIL,221111.0,N,A,R,21819,1,4931.0,90274810.0,,,49.0,493.0,,,,,,,27.95,0.010484,29983.0,1.0,27.81,838024.85,UIL,7.0,9.0,2.0,,5.0,1,1.0,1.0,3.0,6.0,3.0,2.0,4.0,9.0,7.0,9.0,5.0,3.0,7.0,8.0,5.0,8.0,5.0,5.0,5.0,8.0,4.0,,3.0,4.0,5.0,3.0,4.0,4.0,10.0,5.0,9.0,3.0,,5.0,8.0,5.0,2.0,6.0,9.0,5.0,4.0,5.0,4.0,4.0,6.0,3,8.0,10,1
2010-07-28,53663,,11,1,4911.0,90274810,UIL,U I L HOLDINGS CORP,UIL,221111.0,N,A,R,21819,1,4931.0,90274810.0,,,49.0,493.0,,,,,,,27.71,-0.008587,29983.0,1.0,27.95,830828.93,UIL,7.0,9.0,2.0,,5.0,1,1.0,1.0,3.0,6.0,3.0,2.0,4.0,9.0,7.0,9.0,5.0,3.0,7.0,8.0,5.0,8.0,5.0,5.0,5.0,8.0,4.0,,3.0,4.0,5.0,3.0,4.0,4.0,10.0,5.0,9.0,3.0,,5.0,8.0,5.0,2.0,6.0,9.0,5.0,4.0,5.0,4.0,4.0,6.0,3,8.0,10,1
2010-07-29,53663,,11,1,4911.0,90274810,UIL,U I L HOLDINGS CORP,UIL,221111.0,N,A,R,21819,1,4931.0,90274810.0,,,49.0,493.0,,,,,,,27.48,-0.0083,29983.0,1.0,27.88,823932.84,UIL,7.0,9.0,2.0,,5.0,1,1.0,1.0,3.0,6.0,3.0,2.0,4.0,9.0,7.0,9.0,5.0,3.0,7.0,8.0,5.0,8.0,5.0,5.0,5.0,8.0,4.0,,3.0,4.0,5.0,3.0,4.0,4.0,10.0,5.0,9.0,3.0,,5.0,8.0,5.0,2.0,6.0,9.0,5.0,4.0,5.0,4.0,4.0,6.0,3,8.0,10,1
2010-07-30,53663,,11,1,4911.0,90274810,UIL,U I L HOLDINGS CORP,UIL,221111.0,N,A,R,21819,1,4931.0,90274810.0,,,49.0,493.0,,,,,,,27.25,-0.00837,29983.0,1.0,27.13,817036.75,UIL,7.0,9.0,2.0,,5.0,1,1.0,1.0,3.0,6.0,3.0,2.0,4.0,9.0,7.0,9.0,5.0,3.0,7.0,8.0,5.0,8.0,5.0,5.0,5.0,8.0,4.0,,3.0,4.0,5.0,3.0,4.0,4.0,10.0,5.0,9.0,3.0,,5.0,8.0,5.0,2.0,6.0,9.0,5.0,4.0,5.0,4.0,4.0,6.0,3,8.0,10,1
2010-08-02,53663,,11,1,4911.0,90274810,UIL,U I L HOLDINGS CORP,UIL,221111.0,N,A,R,21819,1,4931.0,90274810.0,,,49.0,493.0,,,,,,,27.51,0.009541,29983.0,1.0,27.67,824832.33,UIL,7.0,9.0,2.0,,5.0,1,1.0,1.0,3.0,6.0,3.0,2.0,4.0,9.0,7.0,9.0,5.0,3.0,7.0,8.0,5.0,8.0,5.0,5.0,5.0,8.0,4.0,,4.0,5.0,7.0,4.0,5.0,5.0,9.0,5.0,9.0,3.0,,5.0,7.0,5.0,5.0,6.0,9.0,7.0,4.0,4.0,4.0,5.0,6.0,3,7.0,10,1
2010-08-03,53663,,11,1,4911.0,90274810,UIL,U I L HOLDINGS CORP,UIL,221111.0,N,A,R,21819,1,4931.0,90274810.0,,,49.0,493.0,,,,,,,27.26,-0.009088,29983.0,1.0,27.47,817336.58,UIL,7.0,9.0,2.0,,5.0,1,1.0,1.0,3.0,6.0,3.0,2.0,4.0,9.0,7.0,9.0,5.0,3.0,7.0,8.0,5.0,8.0,5.0,5.0,5.0,8.0,4.0,,4.0,5.0,7.0,4.0,5.0,5.0,9.0,5.0,9.0,3.0,,5.0,7.0,5.0,5.0,6.0,9.0,7.0,4.0,4.0,4.0,5.0,6.0,3,7.0,10,1
2010-08-04,53663,,11,1,4911.0,90274810,UIL,U I L HOLDINGS CORP,UIL,221111.0,N,A,R,21819,1,4931.0,90274810.0,,,49.0,493.0,,,,,,,27.69,0.015774,29983.0,1.0,27.36,830229.27,UIL,7.0,9.0,2.0,,5.0,1,1.0,1.0,3.0,6.0,3.0,2.0,4.0,9.0,7.0,9.0,5.0,3.0,7.0,8.0,5.0,8.0,5.0,5.0,5.0,8.0,4.0,,4.0,5.0,7.0,4.0,5.0,5.0,9.0,5.0,9.0,3.0,,5.0,7.0,5.0,5.0,6.0,9.0,7.0,4.0,4.0,4.0,5.0,6.0,3,7.0,10,1
2010-08-05,53663,,11,1,4911.0,90274810,UIL,U I L HOLDINGS CORP,UIL,221111.0,N,A,R,21819,1,4931.0,90274810.0,,,49.0,493.0,,,,,,,27.26,-0.015529,29983.0,1.0,27.47,817336.58,UIL,7.0,9.0,2.0,,5.0,1,1.0,1.0,3.0,6.0,3.0,2.0,4.0,9.0,7.0,9.0,5.0,3.0,7.0,8.0,5.0,8.0,5.0,5.0,5.0,8.0,4.0,,4.0,5.0,7.0,4.0,5.0,5.0,9.0,5.0,9.0,3.0,,5.0,7.0,5.0,5.0,6.0,9.0,7.0,4.0,4.0,4.0,5.0,6.0,3,7.0,10,1
2010-08-06,53663,,11,1,4911.0,90274810,UIL,U I L HOLDINGS CORP,UIL,221111.0,N,A,R,21819,1,4931.0,90274810.0,,,49.0,493.0,,,,,,,27.15,-0.004035,29983.0,1.0,27.0,814038.45,UIL,7.0,9.0,2.0,,5.0,1,1.0,1.0,3.0,6.0,3.0,2.0,4.0,9.0,7.0,9.0,5.0,3.0,7.0,8.0,5.0,8.0,5.0,5.0,5.0,8.0,4.0,,4.0,5.0,7.0,4.0,5.0,5.0,9.0,5.0,9.0,3.0,,5.0,7.0,5.0,5.0,6.0,9.0,7.0,4.0,4.0,4.0,5.0,6.0,3,7.0,10,1
2010-08-09,53663,,11,1,4911.0,90274810,UIL,U I L HOLDINGS CORP,UIL,221111.0,N,A,R,21819,1,4931.0,90274810.0,,,49.0,493.0,,,,,,,27.51,0.01326,29983.0,1.0,27.38,824832.33,UIL,7.0,9.0,2.0,,5.0,1,1.0,1.0,3.0,6.0,3.0,2.0,4.0,9.0,7.0,9.0,5.0,3.0,7.0,8.0,5.0,8.0,5.0,5.0,5.0,8.0,4.0,,4.0,5.0,7.0,4.0,5.0,5.0,9.0,5.0,9.0,3.0,,5.0,7.0,5.0,5.0,6.0,9.0,7.0,4.0,4.0,4.0,5.0,6.0,3,7.0,10,1
2010-08-10,53663,,11,1,4911.0,90274810,UIL,U I L HOLDINGS CORP,UIL,221111.0,N,A,R,21819,1,4931.0,90274810.0,,,49.0,493.0,,,,,,,27.45,-0.002181,29983.0,1.0,27.27,823033.35,UIL,7.0,9.0,2.0,,5.0,1,1.0,1.0,3.0,6.0,3.0,2.0,4.0,9.0,7.0,9.0,5.0,3.0,7.0,8.0,5.0,8.0,5.0,5.0,5.0,8.0,4.0,,4.0,5.0,7.0,4.0,5.0,5.0,9.0,5.0,9.0,3.0,,5.0,7.0,5.0,5.0,6.0,9.0,7.0,4.0,4.0,4.0,5.0,6.0,3,7.0,10,1
2010-08-11,53663,,11,1,4911.0,90274810,UIL,U I L HOLDINGS CORP,UIL,221111.0,N,A,R,21819,1,4931.0,90274810.0,,,49.0,493.0,,,,,,,27.0,-0.016393,29983.0,1.0,27.0,809541.0,UIL,7.0,9.0,2.0,,5.0,1,1.0,1.0,3.0,6.0,3.0,2.0,4.0,9.0,7.0,9.0,5.0,3.0,7.0,8.0,5.0,8.0,5.0,5.0,5.0,8.0,4.0,,4.0,5.0,7.0,4.0,5.0,5.0,9.0,5.0,9.0,3.0,,5.0,7.0,5.0,5.0,6.0,9.0,7.0,4.0,4.0,4.0,5.0,6.0,3,7.0,10,1
2010-08-12,53663,,11,1,4911.0,90274810,UIL,U I L HOLDINGS CORP,UIL,221111.0,N,A,R,21819,1,4931.0,90274810.0,,,49.0,493.0,,,,,,,26.96,-0.001482,29983.0,1.0,26.58,808341.68,UIL,7.0,9.0,2.0,,5.0,1,1.0,1.0,3.0,6.0,3.0,2.0,4.0,9.0,7.0,9.0,5.0,3.0,7.0,8.0,5.0,8.0,5.0,5.0,5.0,8.0,4.0,,4.0,5.0,7.0,4.0,5.0,5.0,9.0,5.0,9.0,3.0,,5.0,7.0,5.0,5.0,6.0,9.0,7.0,4.0,4.0,4.0,5.0,6.0,3,7.0,10,1
2010-08-13,53663,,11,1,4911.0,90274810,UIL,U I L HOLDINGS CORP,UIL,221111.0,N,A,R,21819,1,4931.0,90274810.0,,,49.0,493.0,,,,,,,26.75,-0.007789,29983.0,1.0,26.81,802045.25,UIL,7.0,9.0,2.0,,5.0,1,1.0,1.0,3.0,6.0,3.0,2.0,4.0,9.0,7.0,9.0,5.0,3.0,7.0,8.0,5.0,8.0,5.0,5.0,5.0,8.0,4.0,,4.0,5.0,7.0,4.0,5.0,5.0,9.0,5.0,9.0,3.0,,5.0,7.0,5.0,5.0,6.0,9.0,7.0,4.0,4.0,4.0,5.0,6.0,3,7.0,10,1
2010-08-16,53663,,11,1,4911.0,90274810,UIL,U I L HOLDINGS CORP,UIL,221111.0,N,A,R,21819,1,4931.0,90274810.0,,,49.0,493.0,,,,,,,26.74,-0.000374,29983.0,1.0,26.69,801745.42,UIL,7.0,9.0,2.0,,5.0,1,1.0,1.0,3.0,6.0,3.0,2.0,4.0,9.0,7.0,9.0,5.0,3.0,7.0,8.0,5.0,8.0,5.0,5.0,5.0,8.0,4.0,,4.0,5.0,7.0,4.0,5.0,5.0,9.0,5.0,9.0,3.0,,5.0,7.0,5.0,5.0,6.0,9.0,7.0,4.0,4.0,4.0,5.0,6.0,3,7.0,10,1
2010-08-17,53663,,11,1,4911.0,90274810,UIL,U I L HOLDINGS CORP,UIL,221111.0,N,A,R,21819,1,4931.0,90274810.0,,,49.0,493.0,,,,,,,27.11,0.013837,29983.0,1.0,26.94,812839.13,UIL,7.0,9.0,2.0,,5.0,1,1.0,1.0,3.0,6.0,3.0,2.0,4.0,9.0,7.0,9.0,5.0,3.0,7.0,8.0,5.0,8.0,5.0,5.0,5.0,8.0,4.0,,4.0,5.0,7.0,4.0,5.0,5.0,9.0,5.0,9.0,3.0,,5.0,7.0,5.0,5.0,6.0,9.0,7.0,4.0,4.0,4.0,5.0,6.0,3,7.0,10,1
2010-08-18,53663,,11,1,4911.0,90274810,UIL,U I L HOLDINGS CORP,UIL,221111.0,N,A,R,21819,1,4931.0,90274810.0,,,49.0,493.0,,,,,,,26.81,-0.011066,29983.0,1.0,27.2,803844.23,UIL,7.0,9.0,2.0,,5.0,1,1.0,1.0,3.0,6.0,3.0,2.0,4.0,9.0,7.0,9.0,5.0,3.0,7.0,8.0,5.0,8.0,5.0,5.0,5.0,8.0,4.0,,4.0,5.0,7.0,4.0,5.0,5.0,9.0,5.0,9.0,3.0,,5.0,7.0,5.0,5.0,6.0,9.0,7.0,4.0,4.0,4.0,5.0,6.0,3,7.0,10,1
2010-08-19,53663,,11,1,4911.0,90274810,UIL,U I L HOLDINGS CORP,UIL,221111.0,N,A,R,21819,1,4931.0,90274810.0,,,49.0,493.0,,,,,,,26.27,-0.020142,29983.0,1.0,26.68,787653.41,UIL,7.0,9.0,2.0,,5.0,1,1.0,1.0,3.0,6.0,3.0,2.0,4.0,9.0,7.0,9.0,5.0,3.0,7.0,8.0,5.0,8.0,5.0,5.0,5.0,8.0,4.0,,4.0,5.0,7.0,4.0,5.0,5.0,9.0,5.0,9.0,3.0,,5.0,7.0,5.0,5.0,6.0,9.0,7.0,4.0,4.0,4.0,5.0,6.0,3,7.0,10,1
2010-08-20,53663,,11,1,4911.0,90274810,UIL,U I L HOLDINGS CORP,UIL,221111.0,N,A,R,21819,1,4931.0,90274810.0,,,49.0,493.0,,,,,,,26.43,0.006091,29983.0,1.0,26.27,792450.69,UIL,7.0,9.0,2.0,,5.0,1,1.0,1.0,3.0,6.0,3.0,2.0,4.0,9.0,7.0,9.0,5.0,3.0,7.0,8.0,5.0,8.0,5.0,5.0,5.0,8.0,4.0,,4.0,5.0,7.0,4.0,5.0,5.0,9.0,5.0,9.0,3.0,,5.0,7.0,5.0,5.0,6.0,9.0,7.0,4.0,4.0,4.0,5.0,6.0,3,7.0,10,1
2010-08-23,53663,,11,1,4911.0,90274810,UIL,U I L HOLDINGS CORP,UIL,221111.0,N,A,R,21819,1,4931.0,90274810.0,,,49.0,493.0,,,,,,,26.22,-0.007946,29983.0,1.0,26.6,786154.26,UIL,7.0,9.0,2.0,,5.0,1,1.0,1.0,3.0,6.0,3.0,2.0,4.0,9.0,7.0,9.0,5.0,3.0,7.0,8.0,5.0,8.0,5.0,5.0,5.0,8.0,4.0,,4.0,5.0,7.0,4.0,5.0,5.0,9.0,5.0,9.0,3.0,,5.0,7.0,5.0,5.0,6.0,9.0,7.0,4.0,4.0,4.0,5.0,6.0,3,7.0,10,1
2010-08-24,53663,,11,1,4911.0,90274810,UIL,U I L HOLDINGS CORP,UIL,221111.0,N,A,R,21819,1,4931.0,90274810.0,,,49.0,493.0,,,,,,,26.08,-0.005339,29983.0,1.0,26.0,781956.64,UIL,7.0,9.0,2.0,,5.0,1,1.0,1.0,3.0,6.0,3.0,2.0,4.0,9.0,7.0,9.0,5.0,3.0,7.0,8.0,5.0,8.0,5.0,5.0,5.0,8.0,4.0,,4.0,5.0,7.0,4.0,5.0,5.0,9.0,5.0,9.0,3.0,,5.0,7.0,5.0,5.0,6.0,9.0,7.0,4.0,4.0,4.0,5.0,6.0,3,7.0,10,1
2010-08-25,53663,,11,1,4911.0,90274810,UIL,U I L HOLDINGS CORP,UIL,221111.0,N,A,R,21819,1,4931.0,90274810.0,,,49.0,493.0,,,,,,,26.57,0.018788,29983.0,1.0,25.97,796648.31,UIL,7.0,9.0,2.0,,5.0,1,1.0,1.0,3.0,6.0,3.0,2.0,4.0,9.0,7.0,9.0,5.0,3.0,7.0,8.0,5.0,8.0,5.0,5.0,5.0,8.0,4.0,,4.0,5.0,7.0,4.0,5.0,5.0,9.0,5.0,9.0,3.0,,5.0,7.0,5.0,5.0,6.0,9.0,7.0,4.0,4.0,4.0,5.0,6.0,3,7.0,10,1
2010-08-26,53663,,11,1,4911.0,90274810,UIL,U I L HOLDINGS CORP,UIL,221111.0,N,A,R,21819,1,4931.0,90274810.0,,,49.0,493.0,,,,,,,26.49,-0.003011,29983.0,1.0,26.67,794249.67,UIL,7.0,9.0,2.0,,5.0,1,1.0,1.0,3.0,6.0,3.0,2.0,4.0,9.0,7.0,9.0,5.0,3.0,7.0,8.0,5.0,8.0,5.0,5.0,5.0,8.0,4.0,,4.0,5.0,7.0,4.0,5.0,5.0,9.0,5.0,9.0,3.0,,5.0,7.0,5.0,5.0,6.0,9.0,7.0,4.0,4.0,4.0,5.0,6.0,3,7.0,10,1
2010-08-27,53663,,11,1,4911.0,90274810,UIL,U I L HOLDINGS CORP,UIL,221111.0,N,A,R,21819,1,4931.0,90274810.0,,,49.0,493.0,,,,,,,27.1,0.023028,29983.0,1.0,26.71,812539.3,UIL,7.0,9.0,2.0,,5.0,1,1.0,1.0,3.0,6.0,3.0,2.0,4.0,9.0,7.0,9.0,5.0,3.0,7.0,8.0,5.0,8.0,5.0,5.0,5.0,8.0,4.0,,4.0,5.0,7.0,4.0,5.0,5.0,9.0,5.0,9.0,3.0,,5.0,7.0,5.0,5.0,6.0,9.0,7.0,4.0,4.0,4.0,5.0,6.0,3,7.0,10,1
2010-08-30,53663,,11,1,4911.0,90274810,UIL,U I L HOLDINGS CORP,UIL,221111.0,N,A,R,21819,1,4931.0,90274810.0,,,49.0,493.0,,,,,,,26.55,-0.020295,29983.0,1.0,27.07,796048.65,UIL,7.0,9.0,2.0,,5.0,1,1.0,1.0,3.0,6.0,3.0,2.0,4.0,9.0,7.0,9.0,5.0,3.0,7.0,8.0,5.0,8.0,5.0,5.0,5.0,8.0,4.0,,4.0,5.0,7.0,4.0,5.0,5.0,9.0,5.0,9.0,3.0,,5.0,7.0,5.0,5.0,6.0,9.0,7.0,4.0,4.0,4.0,5.0,6.0,3,7.0,10,1
2010-08-31,53663,,11,1,4911.0,90274810,UIL,U I L HOLDINGS CORP,UIL,221111.0,N,A,R,21819,1,4931.0,90274810.0,,,49.0,493.0,,,,,,,26.49,-0.00226,30075.0,1.0,26.45,796686.75,UIL,7.0,9.0,2.0,,5.0,1,1.0,1.0,3.0,6.0,3.0,2.0,4.0,9.0,7.0,9.0,5.0,3.0,7.0,8.0,5.0,8.0,5.0,5.0,5.0,8.0,4.0,,4.0,5.0,7.0,4.0,5.0,5.0,9.0,5.0,9.0,3.0,,5.0,7.0,5.0,5.0,6.0,9.0,7.0,4.0,4.0,4.0,5.0,6.0,3,7.0,10,1
2010-09-01,53663,,11,1,4911.0,90274810,UIL,U I L HOLDINGS CORP,UIL,221111.0,N,A,R,21819,1,4931.0,90274810.0,,,49.0,493.0,,,,,,,26.86,0.013968,30075.0,1.0,26.8,807814.5,UIL,7.0,9.0,2.0,,5.0,1,1.0,1.0,3.0,6.0,3.0,2.0,4.0,9.0,7.0,9.0,5.0,3.0,7.0,8.0,5.0,8.0,5.0,5.0,5.0,8.0,4.0,,4.0,9.0,7.0,4.0,7.0,5.0,9.0,4.0,8.0,6.0,,3.0,5.0,4.0,4.0,9.0,9.0,9.0,7.0,8.0,9.0,4.0,6.0,3,9.0,10,1
2010-09-02,53663,,11,1,4911.0,90274810,UIL,U I L HOLDINGS CORP,UIL,221111.0,N,A,R,21819,1,4931.0,90274810.0,,,49.0,493.0,,,,,,,26.84,-0.000745,30075.0,1.0,26.97,807213.0,UIL,7.0,9.0,2.0,,5.0,1,1.0,1.0,3.0,6.0,3.0,2.0,4.0,9.0,7.0,9.0,5.0,3.0,7.0,8.0,5.0,8.0,5.0,5.0,5.0,8.0,4.0,,4.0,9.0,7.0,4.0,7.0,5.0,9.0,4.0,8.0,6.0,,3.0,5.0,4.0,4.0,9.0,9.0,9.0,7.0,8.0,9.0,4.0,6.0,3,9.0,10,1
2010-09-03,53663,,11,1,4911.0,90274810,UIL,U I L HOLDINGS CORP,UIL,221111.0,N,A,R,21819,1,4931.0,90274810.0,,,49.0,493.0,,,,,,,26.9,0.002235,30075.0,1.0,27.09,809017.5,UIL,7.0,9.0,2.0,,5.0,1,1.0,1.0,3.0,6.0,3.0,2.0,4.0,9.0,7.0,9.0,5.0,3.0,7.0,8.0,5.0,8.0,5.0,5.0,5.0,8.0,4.0,,4.0,9.0,7.0,4.0,7.0,5.0,9.0,4.0,8.0,6.0,,3.0,5.0,4.0,4.0,9.0,9.0,9.0,7.0,8.0,9.0,4.0,6.0,3,9.0,10,1
2010-09-07,53663,,11,1,4911.0,90274810,UIL,U I L HOLDINGS CORP,UIL,221111.0,N,A,R,21819,1,4931.0,90274810.0,,,49.0,493.0,,,,,,,26.73,-0.00632,30075.0,1.0,26.91,803904.75,UIL,7.0,9.0,2.0,,5.0,1,1.0,1.0,3.0,6.0,3.0,2.0,4.0,9.0,7.0,9.0,5.0,3.0,7.0,8.0,5.0,8.0,5.0,5.0,5.0,8.0,4.0,,4.0,9.0,7.0,4.0,7.0,5.0,9.0,4.0,8.0,6.0,,3.0,5.0,4.0,4.0,9.0,9.0,9.0,7.0,8.0,9.0,4.0,6.0,3,9.0,10,1
2010-09-08,53663,,11,1,4911.0,90274810,UIL,U I L HOLDINGS CORP,UIL,221111.0,N,A,R,21819,1,4931.0,90274810.0,,,49.0,493.0,,,,,,,26.74,0.000374,30075.0,1.0,26.83,804205.5,UIL,7.0,9.0,2.0,,5.0,1,1.0,1.0,3.0,6.0,3.0,2.0,4.0,9.0,7.0,9.0,5.0,3.0,7.0,8.0,5.0,8.0,5.0,5.0,5.0,8.0,4.0,,4.0,9.0,7.0,4.0,7.0,5.0,9.0,4.0,8.0,6.0,,3.0,5.0,4.0,4.0,9.0,9.0,9.0,7.0,8.0,9.0,4.0,6.0,3,9.0,10,1
2010-09-09,53663,,11,1,4911.0,90274810,UIL,U I L HOLDINGS CORP,UIL,221111.0,N,A,R,21819,1,4931.0,90274810.0,,,49.0,493.0,,,,,,,26.89,0.00561,30075.0,1.0,27.02,808716.75,UIL,7.0,9.0,2.0,,5.0,1,1.0,1.0,3.0,6.0,3.0,2.0,4.0,9.0,7.0,9.0,5.0,3.0,7.0,8.0,5.0,8.0,5.0,5.0,5.0,8.0,4.0,,4.0,9.0,7.0,4.0,7.0,5.0,9.0,4.0,8.0,6.0,,3.0,5.0,4.0,4.0,9.0,9.0,9.0,7.0,8.0,9.0,4.0,6.0,3,9.0,10,1
2010-09-10,53663,,11,1,4911.0,90274810,UIL,U I L HOLDINGS CORP,UIL,221111.0,N,A,R,21819,1,4931.0,90274810.0,,,49.0,493.0,,,,,,,26.86,-0.001116,30075.0,1.0,26.9,807814.5,UIL,7.0,9.0,2.0,,5.0,1,1.0,1.0,3.0,6.0,3.0,2.0,4.0,9.0,7.0,9.0,5.0,3.0,7.0,8.0,5.0,8.0,5.0,5.0,5.0,8.0,4.0,,4.0,9.0,7.0,4.0,7.0,5.0,9.0,4.0,8.0,6.0,,3.0,5.0,4.0,4.0,9.0,9.0,9.0,7.0,8.0,9.0,4.0,6.0,3,9.0,10,1
2010-09-13,53663,,11,1,4911.0,90274810,UIL,U I L HOLDINGS CORP,UIL,221111.0,N,A,R,21819,1,4931.0,90274810.0,,,49.0,493.0,,,,,,,27.13,0.010052,30075.0,1.0,27.04,815934.75,UIL,7.0,9.0,2.0,,5.0,1,1.0,1.0,3.0,6.0,3.0,2.0,4.0,9.0,7.0,9.0,5.0,3.0,7.0,8.0,5.0,8.0,5.0,5.0,5.0,8.0,4.0,,4.0,9.0,7.0,4.0,7.0,5.0,9.0,4.0,8.0,6.0,,3.0,5.0,4.0,4.0,9.0,9.0,9.0,7.0,8.0,9.0,4.0,6.0,3,9.0,10,1
2010-09-14,53663,,11,1,4911.0,90274810,UIL,U I L HOLDINGS CORP,UIL,221111.0,N,A,R,21819,1,4931.0,90274810.0,,,49.0,493.0,,,,,,,26.97,-0.005898,30075.0,1.0,26.66,811122.75,UIL,7.0,9.0,2.0,,5.0,1,1.0,1.0,3.0,6.0,3.0,2.0,4.0,9.0,7.0,9.0,5.0,3.0,7.0,8.0,5.0,8.0,5.0,5.0,5.0,8.0,4.0,,4.0,9.0,7.0,4.0,7.0,5.0,9.0,4.0,8.0,6.0,,3.0,5.0,4.0,4.0,9.0,9.0,9.0,7.0,8.0,9.0,4.0,6.0,3,9.0,10,1
2010-09-15,53663,,11,1,4911.0,90274810,UIL,U I L HOLDINGS CORP,UIL,221111.0,N,A,R,21819,1,4931.0,90274810.0,,,49.0,493.0,1232.0,0.432,0.0,,,,25.89,-0.024027,30075.0,1.0,26.33,778641.75,UIL,7.0,9.0,2.0,,5.0,1,1.0,1.0,3.0,6.0,3.0,2.0,4.0,9.0,7.0,9.0,5.0,3.0,7.0,8.0,5.0,8.0,5.0,5.0,5.0,8.0,4.0,,4.0,9.0,7.0,4.0,7.0,5.0,9.0,4.0,8.0,6.0,,3.0,5.0,4.0,4.0,9.0,9.0,9.0,7.0,8.0,9.0,4.0,6.0,3,9.0,10,1
2010-09-16,53663,,11,1,4911.0,90274810,UIL,U I L HOLDINGS CORP,UIL,221111.0,N,A,R,21819,1,4931.0,90274810.0,,,49.0,493.0,,,,,,,26.55,0.025492,30075.0,1.0,25.77,798491.25,UIL,7.0,9.0,2.0,,5.0,1,1.0,1.0,3.0,6.0,3.0,2.0,4.0,9.0,7.0,9.0,5.0,3.0,7.0,8.0,5.0,8.0,5.0,5.0,5.0,8.0,4.0,,4.0,9.0,7.0,4.0,7.0,5.0,9.0,4.0,8.0,6.0,,3.0,5.0,4.0,4.0,9.0,9.0,9.0,7.0,8.0,9.0,4.0,6.0,3,9.0,10,1
2010-09-17,53663,,11,1,4911.0,90274810,UIL,U I L HOLDINGS CORP,UIL,221111.0,N,A,R,21819,1,4931.0,90274810.0,,,49.0,493.0,,,,,,,26.11,-0.016572,30075.0,1.0,26.29,785258.25,UIL,7.0,9.0,2.0,,5.0,1,1.0,1.0,3.0,6.0,3.0,2.0,4.0,9.0,7.0,9.0,5.0,3.0,7.0,8.0,5.0,8.0,5.0,5.0,5.0,8.0,4.0,,4.0,9.0,7.0,4.0,7.0,5.0,9.0,4.0,8.0,6.0,,3.0,5.0,4.0,4.0,9.0,9.0,9.0,7.0,8.0,9.0,4.0,6.0,3,9.0,10,1
2010-09-20,53663,,11,1,4911.0,90274810,UIL,U I L HOLDINGS CORP,UIL,221111.0,N,A,R,21819,1,4931.0,90274810.0,,,49.0,493.0,,,,,,,26.85,0.028342,30075.0,1.0,26.25,807513.75,UIL,7.0,9.0,2.0,,5.0,1,1.0,1.0,3.0,6.0,3.0,2.0,4.0,9.0,7.0,9.0,5.0,3.0,7.0,8.0,5.0,8.0,5.0,5.0,5.0,8.0,4.0,,4.0,9.0,7.0,4.0,7.0,5.0,9.0,4.0,8.0,6.0,,3.0,5.0,4.0,4.0,9.0,9.0,9.0,7.0,8.0,9.0,4.0,6.0,3,9.0,10,1
2010-09-21,53663,,11,1,4911.0,90274810,UIL,U I L HOLDINGS CORP,UIL,221111.0,N,A,R,21819,1,4931.0,90274810.0,,,49.0,493.0,,,,,,,26.87,0.000745,30075.0,1.0,26.8,808115.25,UIL,7.0,9.0,2.0,,5.0,1,1.0,1.0,3.0,6.0,3.0,2.0,4.0,9.0,7.0,9.0,5.0,3.0,7.0,8.0,5.0,8.0,5.0,5.0,5.0,8.0,4.0,,4.0,9.0,7.0,4.0,7.0,5.0,9.0,4.0,8.0,6.0,,3.0,5.0,4.0,4.0,9.0,9.0,9.0,7.0,8.0,9.0,4.0,6.0,3,9.0,10,1
2010-09-22,53663,,11,1,4911.0,90274810,UIL,U I L HOLDINGS CORP,UIL,221111.0,N,A,R,21819,1,4931.0,90274810.0,,,49.0,493.0,,,,,,,27.2,0.012281,30075.0,1.0,26.88,818040.0,UIL,7.0,9.0,2.0,,5.0,1,1.0,1.0,3.0,6.0,3.0,2.0,4.0,9.0,7.0,9.0,5.0,3.0,7.0,8.0,5.0,8.0,5.0,5.0,5.0,8.0,4.0,,4.0,9.0,7.0,4.0,7.0,5.0,9.0,4.0,8.0,6.0,,3.0,5.0,4.0,4.0,9.0,9.0,9.0,7.0,8.0,9.0,4.0,6.0,3,9.0,10,1
2010-09-23,53663,,11,1,4911.0,90274810,UIL,U I L HOLDINGS CORP,UIL,221111.0,N,A,R,21819,1,4931.0,90274810.0,,,49.0,493.0,,,,,,,27.3,0.003676,30075.0,1.0,27.1,821047.5,UIL,7.0,9.0,2.0,,5.0,1,1.0,1.0,3.0,6.0,3.0,2.0,4.0,9.0,7.0,9.0,5.0,3.0,7.0,8.0,5.0,8.0,5.0,5.0,5.0,8.0,4.0,,4.0,9.0,7.0,4.0,7.0,5.0,9.0,4.0,8.0,6.0,,3.0,5.0,4.0,4.0,9.0,9.0,9.0,7.0,8.0,9.0,4.0,6.0,3,9.0,10,1
2010-09-24,53663,,11,1,4911.0,90274810,UIL,U I L HOLDINGS CORP,UIL,221111.0,N,A,R,21819,1,4931.0,90274810.0,,,49.0,493.0,,,,,,,27.88,0.021245,30075.0,1.0,27.44,838491.0,UIL,7.0,9.0,2.0,,5.0,1,1.0,1.0,3.0,6.0,3.0,2.0,4.0,9.0,7.0,9.0,5.0,3.0,7.0,8.0,5.0,8.0,5.0,5.0,5.0,8.0,4.0,,4.0,9.0,7.0,4.0,7.0,5.0,9.0,4.0,8.0,6.0,,3.0,5.0,4.0,4.0,9.0,9.0,9.0,7.0,8.0,9.0,4.0,6.0,3,9.0,10,1
2010-09-27,53663,,11,1,4911.0,90274810,UIL,U I L HOLDINGS CORP,UIL,221111.0,N,A,R,21819,1,4931.0,90274810.0,,,49.0,493.0,,,,,,,27.95,0.002511,30075.0,1.0,27.94,840596.25,UIL,7.0,9.0,2.0,,5.0,1,1.0,1.0,3.0,6.0,3.0,2.0,4.0,9.0,7.0,9.0,5.0,3.0,7.0,8.0,5.0,8.0,5.0,5.0,5.0,8.0,4.0,,4.0,9.0,7.0,4.0,7.0,5.0,9.0,4.0,8.0,6.0,,3.0,5.0,4.0,4.0,9.0,9.0,9.0,7.0,8.0,9.0,4.0,6.0,3,9.0,10,1
2010-09-28,53663,,11,1,4911.0,90274810,UIL,U I L HOLDINGS CORP,UIL,221111.0,N,A,R,21819,1,4931.0,90274810.0,,,49.0,493.0,,,,,,,28.17,0.007871,30075.0,1.0,27.93,847212.75,UIL,7.0,9.0,2.0,,5.0,1,1.0,1.0,3.0,6.0,3.0,2.0,4.0,9.0,7.0,9.0,5.0,3.0,7.0,8.0,5.0,8.0,5.0,5.0,5.0,8.0,4.0,,4.0,9.0,7.0,4.0,7.0,5.0,9.0,4.0,8.0,6.0,,3.0,5.0,4.0,4.0,9.0,9.0,9.0,7.0,8.0,9.0,4.0,6.0,3,9.0,10,1
2010-09-29,53663,,11,1,4911.0,90274810,UIL,U I L HOLDINGS CORP,UIL,221111.0,N,A,R,21819,1,4931.0,90274810.0,,,49.0,493.0,,,,,,,28.25,0.00284,30075.0,1.0,28.13,849618.75,UIL,7.0,9.0,2.0,,5.0,1,1.0,1.0,3.0,6.0,3.0,2.0,4.0,9.0,7.0,9.0,5.0,3.0,7.0,8.0,5.0,8.0,5.0,5.0,5.0,8.0,4.0,,4.0,9.0,7.0,4.0,7.0,5.0,9.0,4.0,8.0,6.0,,3.0,5.0,4.0,4.0,9.0,9.0,9.0,7.0,8.0,9.0,4.0,6.0,3,9.0,10,1
2010-09-30,53663,,11,1,4911.0,90274810,UIL,U I L HOLDINGS CORP,UIL,221111.0,N,A,R,21819,1,4931.0,90274810.0,,,49.0,493.0,,,,,,,28.16,-0.003186,47775.0,1.0,28.37,1345344.0,UIL,7.0,9.0,2.0,,5.0,1,1.0,1.0,3.0,6.0,3.0,2.0,4.0,9.0,7.0,9.0,5.0,3.0,7.0,8.0,5.0,8.0,5.0,5.0,5.0,8.0,4.0,,4.0,9.0,7.0,4.0,7.0,5.0,9.0,4.0,8.0,6.0,,3.0,5.0,4.0,4.0,9.0,9.0,9.0,7.0,8.0,9.0,4.0,6.0,3,9.0,10,1
2010-10-01,53663,,11,1,4911.0,90274810,UIL,U I L HOLDINGS CORP,UIL,221111.0,N,A,R,21819,1,4931.0,90274810.0,,,49.0,493.0,,,,,,,28.56,0.014205,47775.0,1.0,28.34,1364454.0,UIL,7.0,9.0,2.0,,5.0,1,1.0,1.0,3.0,6.0,3.0,2.0,4.0,9.0,7.0,9.0,5.0,3.0,7.0,8.0,5.0,8.0,5.0,5.0,5.0,8.0,4.0,,6.0,8.0,8.0,5.0,5.0,6.0,7.0,5.0,6.0,1.0,,3.0,5.0,4.0,7.0,9.0,9.0,9.0,4.0,3.0,5.0,4.0,6.0,3,3.0,10,1
2010-10-04,53663,,11,1,4911.0,90274810,UIL,U I L HOLDINGS CORP,UIL,221111.0,N,A,R,21819,1,4931.0,90274810.0,,,49.0,493.0,,,,,,,28.6,0.001401,47775.0,1.0,28.5,1366365.0,UIL,7.0,9.0,2.0,,5.0,1,1.0,1.0,3.0,6.0,3.0,2.0,4.0,9.0,7.0,9.0,5.0,3.0,7.0,8.0,5.0,8.0,5.0,5.0,5.0,8.0,4.0,,6.0,8.0,8.0,5.0,5.0,6.0,7.0,5.0,6.0,1.0,,3.0,5.0,4.0,7.0,9.0,9.0,9.0,4.0,3.0,5.0,4.0,6.0,3,3.0,10,1
2010-10-05,53663,,11,1,4911.0,90274810,UIL,U I L HOLDINGS CORP,UIL,221111.0,N,A,R,21819,1,4931.0,90274810.0,,,49.0,493.0,,,,,,,28.72,0.004196,47775.0,1.0,28.86,1372098.0,UIL,7.0,9.0,2.0,,5.0,1,1.0,1.0,3.0,6.0,3.0,2.0,4.0,9.0,7.0,9.0,5.0,3.0,7.0,8.0,5.0,8.0,5.0,5.0,5.0,8.0,4.0,,6.0,8.0,8.0,5.0,5.0,6.0,7.0,5.0,6.0,1.0,,3.0,5.0,4.0,7.0,9.0,9.0,9.0,4.0,3.0,5.0,4.0,6.0,3,3.0,10,1
2010-10-06,53663,,11,1,4911.0,90274810,UIL,U I L HOLDINGS CORP,UIL,221111.0,N,A,R,21819,1,4931.0,90274810.0,,,49.0,493.0,,,,,,,28.52,-0.006964,47775.0,1.0,28.64,1362543.0,UIL,7.0,9.0,2.0,,5.0,1,1.0,1.0,3.0,6.0,3.0,2.0,4.0,9.0,7.0,9.0,5.0,3.0,7.0,8.0,5.0,8.0,5.0,5.0,5.0,8.0,4.0,,6.0,8.0,8.0,5.0,5.0,6.0,7.0,5.0,6.0,1.0,,3.0,5.0,4.0,7.0,9.0,9.0,9.0,4.0,3.0,5.0,4.0,6.0,3,3.0,10,1
2010-10-07,53663,,11,1,4911.0,90274810,UIL,U I L HOLDINGS CORP,UIL,221111.0,N,A,R,21819,1,4931.0,90274810.0,,,49.0,493.0,,,,,,,28.5,-0.000701,47775.0,1.0,28.68,1361587.5,UIL,7.0,9.0,2.0,,5.0,1,1.0,1.0,3.0,6.0,3.0,2.0,4.0,9.0,7.0,9.0,5.0,3.0,7.0,8.0,5.0,8.0,5.0,5.0,5.0,8.0,4.0,,6.0,8.0,8.0,5.0,5.0,6.0,7.0,5.0,6.0,1.0,,3.0,5.0,4.0,7.0,9.0,9.0,9.0,4.0,3.0,5.0,4.0,6.0,3,3.0,10,1
2010-10-08,53663,,11,1,4911.0,90274810,UIL,U I L HOLDINGS CORP,UIL,221111.0,N,A,R,21819,1,4931.0,90274810.0,,,49.0,493.0,,,,,,,28.67,0.005965,47775.0,1.0,28.5,1369709.25,UIL,7.0,9.0,2.0,,5.0,1,1.0,1.0,3.0,6.0,3.0,2.0,4.0,9.0,7.0,9.0,5.0,3.0,7.0,8.0,5.0,8.0,5.0,5.0,5.0,8.0,4.0,,6.0,8.0,8.0,5.0,5.0,6.0,7.0,5.0,6.0,1.0,,3.0,5.0,4.0,7.0,9.0,9.0,9.0,4.0,3.0,5.0,4.0,6.0,3,3.0,10,1
2010-10-11,53663,,11,1,4911.0,90274810,UIL,U I L HOLDINGS CORP,UIL,221111.0,N,A,R,21819,1,4931.0,90274810.0,,,49.0,493.0,,,,,,,28.54,-0.004534,47775.0,1.0,28.73,1363498.5,UIL,7.0,9.0,2.0,,5.0,1,1.0,1.0,3.0,6.0,3.0,2.0,4.0,9.0,7.0,9.0,5.0,3.0,7.0,8.0,5.0,8.0,5.0,5.0,5.0,8.0,4.0,,6.0,8.0,8.0,5.0,5.0,6.0,7.0,5.0,6.0,1.0,,3.0,5.0,4.0,7.0,9.0,9.0,9.0,4.0,3.0,5.0,4.0,6.0,3,3.0,10,1
2010-10-12,53663,,11,1,4911.0,90274810,UIL,U I L HOLDINGS CORP,UIL,221111.0,N,A,R,21819,1,4931.0,90274810.0,,,49.0,493.0,,,,,,,28.39,-0.005256,47775.0,1.0,28.52,1356332.25,UIL,7.0,9.0,2.0,,5.0,1,1.0,1.0,3.0,6.0,3.0,2.0,4.0,9.0,7.0,9.0,5.0,3.0,7.0,8.0,5.0,8.0,5.0,5.0,5.0,8.0,4.0,,6.0,8.0,8.0,5.0,5.0,6.0,7.0,5.0,6.0,1.0,,3.0,5.0,4.0,7.0,9.0,9.0,9.0,4.0,3.0,5.0,4.0,6.0,3,3.0,10,1
2010-10-13,53663,,11,1,4911.0,90274810,UIL,U I L HOLDINGS CORP,UIL,221111.0,N,A,R,21819,1,4931.0,90274810.0,,,49.0,493.0,,,,,,,28.72,0.011624,47775.0,1.0,28.46,1372098.0,UIL,7.0,9.0,2.0,,5.0,1,1.0,1.0,3.0,6.0,3.0,2.0,4.0,9.0,7.0,9.0,5.0,3.0,7.0,8.0,5.0,8.0,5.0,5.0,5.0,8.0,4.0,,6.0,8.0,8.0,5.0,5.0,6.0,7.0,5.0,6.0,1.0,,3.0,5.0,4.0,7.0,9.0,9.0,9.0,4.0,3.0,5.0,4.0,6.0,3,3.0,10,1
2010-10-14,53663,,11,1,4911.0,90274810,UIL,U I L HOLDINGS CORP,UIL,221111.0,N,A,R,21819,1,4931.0,90274810.0,,,49.0,493.0,,,,,,,28.68,-0.001393,47775.0,1.0,28.77,1370187.0,UIL,7.0,9.0,2.0,,5.0,1,1.0,1.0,3.0,6.0,3.0,2.0,4.0,9.0,7.0,9.0,5.0,3.0,7.0,8.0,5.0,8.0,5.0,5.0,5.0,8.0,4.0,,6.0,8.0,8.0,5.0,5.0,6.0,7.0,5.0,6.0,1.0,,3.0,5.0,4.0,7.0,9.0,9.0,9.0,4.0,3.0,5.0,4.0,6.0,3,3.0,10,1
2010-10-15,53663,,11,1,4911.0,90274810,UIL,U I L HOLDINGS CORP,UIL,221111.0,N,A,R,21819,1,4931.0,90274810.0,,,49.0,493.0,,,,,,,28.73,0.001743,47775.0,1.0,28.79,1372575.75,UIL,7.0,9.0,2.0,,5.0,1,1.0,1.0,3.0,6.0,3.0,2.0,4.0,9.0,7.0,9.0,5.0,3.0,7.0,8.0,5.0,8.0,5.0,5.0,5.0,8.0,4.0,,6.0,8.0,8.0,5.0,5.0,6.0,7.0,5.0,6.0,1.0,,3.0,5.0,4.0,7.0,9.0,9.0,9.0,4.0,3.0,5.0,4.0,6.0,3,3.0,10,1
2010-10-18,53663,,11,1,4911.0,90274810,UIL,U I L HOLDINGS CORP,UIL,221111.0,N,A,R,21819,1,4931.0,90274810.0,,,49.0,493.0,,,,,,,28.88,0.005221,47775.0,1.0,28.9,1379742.0,UIL,7.0,9.0,2.0,,5.0,1,1.0,1.0,3.0,6.0,3.0,2.0,4.0,9.0,7.0,9.0,5.0,3.0,7.0,8.0,5.0,8.0,5.0,5.0,5.0,8.0,4.0,,6.0,8.0,8.0,5.0,5.0,6.0,7.0,5.0,6.0,1.0,,3.0,5.0,4.0,7.0,9.0,9.0,9.0,4.0,3.0,5.0,4.0,6.0,3,3.0,10,1
2010-10-19,53663,,11,1,4911.0,90274810,UIL,U I L HOLDINGS CORP,UIL,221111.0,N,A,R,21819,1,4931.0,90274810.0,,,49.0,493.0,,,,,,,28.68,-0.006925,47775.0,1.0,28.58,1370187.0,UIL,7.0,9.0,2.0,,5.0,1,1.0,1.0,3.0,6.0,3.0,2.0,4.0,9.0,7.0,9.0,5.0,3.0,7.0,8.0,5.0,8.0,5.0,5.0,5.0,8.0,4.0,,6.0,8.0,8.0,5.0,5.0,6.0,7.0,5.0,6.0,1.0,,3.0,5.0,4.0,7.0,9.0,9.0,9.0,4.0,3.0,5.0,4.0,6.0,3,3.0,10,1
2010-10-20,53663,,11,1,4911.0,90274810,UIL,U I L HOLDINGS CORP,UIL,221111.0,N,A,R,21819,1,4931.0,90274810.0,,,49.0,493.0,,,,,,,28.65,-0.001046,47775.0,1.0,28.74,1368753.75,UIL,7.0,9.0,2.0,,5.0,1,1.0,1.0,3.0,6.0,3.0,2.0,4.0,9.0,7.0,9.0,5.0,3.0,7.0,8.0,5.0,8.0,5.0,5.0,5.0,8.0,4.0,,6.0,8.0,8.0,5.0,5.0,6.0,7.0,5.0,6.0,1.0,,3.0,5.0,4.0,7.0,9.0,9.0,9.0,4.0,3.0,5.0,4.0,6.0,3,3.0,10,1
2010-10-21,53663,,11,1,4911.0,90274810,UIL,U I L HOLDINGS CORP,UIL,221111.0,N,A,R,21819,1,4931.0,90274810.0,,,49.0,493.0,,,,,,,28.4,-0.008726,47775.0,1.0,28.78,1356810.0,UIL,7.0,9.0,2.0,,5.0,1,1.0,1.0,3.0,6.0,3.0,2.0,4.0,9.0,7.0,9.0,5.0,3.0,7.0,8.0,5.0,8.0,5.0,5.0,5.0,8.0,4.0,,6.0,8.0,8.0,5.0,5.0,6.0,7.0,5.0,6.0,1.0,,3.0,5.0,4.0,7.0,9.0,9.0,9.0,4.0,3.0,5.0,4.0,6.0,3,3.0,10,1
2010-10-22,53663,,11,1,4911.0,90274810,UIL,U I L HOLDINGS CORP,UIL,221111.0,N,A,R,21819,1,4931.0,90274810.0,,,49.0,493.0,,,,,,,28.36,-0.001408,47775.0,1.0,28.45,1354899.0,UIL,7.0,9.0,2.0,,5.0,1,1.0,1.0,3.0,6.0,3.0,2.0,4.0,9.0,7.0,9.0,5.0,3.0,7.0,8.0,5.0,8.0,5.0,5.0,5.0,8.0,4.0,,6.0,8.0,8.0,5.0,5.0,6.0,7.0,5.0,6.0,1.0,,3.0,5.0,4.0,7.0,9.0,9.0,9.0,4.0,3.0,5.0,4.0,6.0,3,3.0,10,1
2010-10-25,53663,,11,1,4911.0,90274810,UIL,U I L HOLDINGS CORP,UIL,221111.0,N,A,R,21819,1,4931.0,90274810.0,,,49.0,493.0,,,,,,,28.41,0.001763,47775.0,1.0,28.53,1357287.75,UIL,7.0,9.0,2.0,,5.0,1,1.0,1.0,3.0,6.0,3.0,2.0,4.0,9.0,7.0,9.0,5.0,3.0,7.0,8.0,5.0,8.0,5.0,5.0,5.0,8.0,4.0,,6.0,8.0,8.0,5.0,5.0,6.0,7.0,5.0,6.0,1.0,,3.0,5.0,4.0,7.0,9.0,9.0,9.0,4.0,3.0,5.0,4.0,6.0,3,3.0,10,1
2010-10-26,53663,,11,1,4911.0,90274810,UIL,U I L HOLDINGS CORP,UIL,221111.0,N,A,R,21819,1,4931.0,90274810.0,,,49.0,493.0,,,,,,,28.62,0.007392,47775.0,1.0,28.36,1367320.5,UIL,7.0,9.0,2.0,,5.0,1,1.0,1.0,3.0,6.0,3.0,2.0,4.0,9.0,7.0,9.0,5.0,3.0,7.0,8.0,5.0,8.0,5.0,5.0,5.0,8.0,4.0,,6.0,8.0,8.0,5.0,5.0,6.0,7.0,5.0,6.0,1.0,,3.0,5.0,4.0,7.0,9.0,9.0,9.0,4.0,3.0,5.0,4.0,6.0,3,3.0,10,1
2010-10-27,53663,,11,1,4911.0,90274810,UIL,U I L HOLDINGS CORP,UIL,221111.0,N,A,R,21819,1,4931.0,90274810.0,,,49.0,493.0,,,,,,,28.62,0.0,47775.0,1.0,28.49,1367320.5,UIL,7.0,9.0,2.0,,5.0,1,1.0,1.0,3.0,6.0,3.0,2.0,4.0,9.0,7.0,9.0,5.0,3.0,7.0,8.0,5.0,8.0,5.0,5.0,5.0,8.0,4.0,,6.0,8.0,8.0,5.0,5.0,6.0,7.0,5.0,6.0,1.0,,3.0,5.0,4.0,7.0,9.0,9.0,9.0,4.0,3.0,5.0,4.0,6.0,3,3.0,10,1
2010-10-28,53663,,11,1,4911.0,90274810,UIL,U I L HOLDINGS CORP,UIL,221111.0,N,A,R,21819,1,4931.0,90274810.0,,,49.0,493.0,,,,,,,28.6,-0.000699,47775.0,1.0,28.79,1366365.0,UIL,7.0,9.0,2.0,,5.0,1,1.0,1.0,3.0,6.0,3.0,2.0,4.0,9.0,7.0,9.0,5.0,3.0,7.0,8.0,5.0,8.0,5.0,5.0,5.0,8.0,4.0,,6.0,8.0,8.0,5.0,5.0,6.0,7.0,5.0,6.0,1.0,,3.0,5.0,4.0,7.0,9.0,9.0,9.0,4.0,3.0,5.0,4.0,6.0,3,3.0,10,1
2010-10-29,53663,,11,1,4911.0,90274810,UIL,U I L HOLDINGS CORP,UIL,221111.0,N,A,R,21819,1,4931.0,90274810.0,,,49.0,493.0,,,,,,,28.96,0.012587,50430.0,1.0,28.57,1460452.8,UIL,7.0,9.0,2.0,,5.0,1,1.0,1.0,3.0,6.0,3.0,2.0,4.0,9.0,7.0,9.0,5.0,3.0,7.0,8.0,5.0,8.0,5.0,5.0,5.0,8.0,4.0,,6.0,8.0,8.0,5.0,5.0,6.0,7.0,5.0,6.0,1.0,,3.0,5.0,4.0,7.0,9.0,9.0,9.0,4.0,3.0,5.0,4.0,6.0,3,3.0,10,1
2010-11-01,53663,,11,1,4911.0,90274810,UIL,U I L HOLDINGS CORP,UIL,221111.0,N,A,R,21819,1,4931.0,90274810.0,,,49.0,493.0,,,,,,,28.94,-0.000691,50430.0,1.0,29.15,1459444.2,UIL,7.0,9.0,2.0,,5.0,1,1.0,1.0,3.0,6.0,3.0,2.0,4.0,9.0,7.0,9.0,5.0,3.0,7.0,8.0,5.0,8.0,5.0,5.0,5.0,8.0,4.0,,7.0,8.0,9.0,6.0,5.0,5.0,8.0,4.0,6.0,1.0,,5.0,7.0,4.0,6.0,9.0,9.0,7.0,5.0,5.0,7.0,4.0,6.0,3,2.0,10,1
2010-11-02,53663,,11,1,4911.0,90274810,UIL,U I L HOLDINGS CORP,UIL,221111.0,N,A,R,21819,1,4931.0,90274810.0,,,49.0,493.0,,,,,,,29.46,0.017968,50430.0,1.0,29.22,1485667.8,UIL,7.0,9.0,2.0,,5.0,1,1.0,1.0,3.0,6.0,3.0,2.0,4.0,9.0,7.0,9.0,5.0,3.0,7.0,8.0,5.0,8.0,5.0,5.0,5.0,8.0,4.0,,7.0,8.0,9.0,6.0,5.0,5.0,8.0,4.0,6.0,1.0,,5.0,7.0,4.0,6.0,9.0,9.0,7.0,5.0,5.0,7.0,4.0,6.0,3,2.0,10,1
2010-11-03,53663,,11,1,4911.0,90274810,UIL,U I L HOLDINGS CORP,UIL,221111.0,N,A,R,21819,1,4931.0,90274810.0,,,49.0,493.0,,,,,,,29.43,-0.001018,50430.0,1.0,29.46,1484154.9,UIL,7.0,9.0,2.0,,5.0,1,1.0,1.0,3.0,6.0,3.0,2.0,4.0,9.0,7.0,9.0,5.0,3.0,7.0,8.0,5.0,8.0,5.0,5.0,5.0,8.0,4.0,,7.0,8.0,9.0,6.0,5.0,5.0,8.0,4.0,6.0,1.0,,5.0,7.0,4.0,6.0,9.0,9.0,7.0,5.0,5.0,7.0,4.0,6.0,3,2.0,10,1
2010-11-04,53663,,11,1,4911.0,90274810,UIL,U I L HOLDINGS CORP,UIL,221111.0,N,A,R,21819,1,4931.0,90274810.0,,,49.0,493.0,,,,,,,30.03,0.020387,50430.0,1.0,29.71,1514412.9,UIL,7.0,9.0,2.0,,5.0,1,1.0,1.0,3.0,6.0,3.0,2.0,4.0,9.0,7.0,9.0,5.0,3.0,7.0,8.0,5.0,8.0,5.0,5.0,5.0,8.0,4.0,,7.0,8.0,9.0,6.0,5.0,5.0,8.0,4.0,6.0,1.0,,5.0,7.0,4.0,6.0,9.0,9.0,7.0,5.0,5.0,7.0,4.0,6.0,3,2.0,10,1
2010-11-05,53663,,11,1,4911.0,90274810,UIL,U I L HOLDINGS CORP,UIL,221111.0,N,A,R,21819,1,4931.0,90274810.0,,,49.0,493.0,,,,,,,30.4,0.012321,50430.0,1.0,30.0,1533072.0,UIL,7.0,9.0,2.0,,5.0,1,1.0,1.0,3.0,6.0,3.0,2.0,4.0,9.0,7.0,9.0,5.0,3.0,7.0,8.0,5.0,8.0,5.0,5.0,5.0,8.0,4.0,,7.0,8.0,9.0,6.0,5.0,5.0,8.0,4.0,6.0,1.0,,5.0,7.0,4.0,6.0,9.0,9.0,7.0,5.0,5.0,7.0,4.0,6.0,3,2.0,10,1
2010-11-08,53663,,11,1,4911.0,90274810,UIL,U I L HOLDINGS CORP,UIL,221111.0,N,A,R,21819,1,4931.0,90274810.0,,,49.0,493.0,,,,,,,30.32,-0.002632,50430.0,1.0,30.26,1529037.6,UIL,7.0,9.0,2.0,,5.0,1,1.0,1.0,3.0,6.0,3.0,2.0,4.0,9.0,7.0,9.0,5.0,3.0,7.0,8.0,5.0,8.0,5.0,5.0,5.0,8.0,4.0,,7.0,8.0,9.0,6.0,5.0,5.0,8.0,4.0,6.0,1.0,,5.0,7.0,4.0,6.0,9.0,9.0,7.0,5.0,5.0,7.0,4.0,6.0,3,2.0,10,1
2010-11-09,53663,,11,1,4911.0,90274810,UIL,U I L HOLDINGS CORP,UIL,221111.0,N,A,R,21819,1,4931.0,90274810.0,,,49.0,493.0,,,,,,,30.35,0.000989,50430.0,1.0,30.45,1530550.5,UIL,7.0,9.0,2.0,,5.0,1,1.0,1.0,3.0,6.0,3.0,2.0,4.0,9.0,7.0,9.0,5.0,3.0,7.0,8.0,5.0,8.0,5.0,5.0,5.0,8.0,4.0,,7.0,8.0,9.0,6.0,5.0,5.0,8.0,4.0,6.0,1.0,,5.0,7.0,4.0,6.0,9.0,9.0,7.0,5.0,5.0,7.0,4.0,6.0,3,2.0,10,1
2010-11-10,53663,,11,1,4911.0,90274810,UIL,U I L HOLDINGS CORP,UIL,221111.0,N,A,R,21819,1,4931.0,90274810.0,,,49.0,493.0,,,,,,,30.16,-0.00626,50430.0,1.0,30.33,1520968.8,UIL,7.0,9.0,2.0,,5.0,1,1.0,1.0,3.0,6.0,3.0,2.0,4.0,9.0,7.0,9.0,5.0,3.0,7.0,8.0,5.0,8.0,5.0,5.0,5.0,8.0,4.0,,7.0,8.0,9.0,6.0,5.0,5.0,8.0,4.0,6.0,1.0,,5.0,7.0,4.0,6.0,9.0,9.0,7.0,5.0,5.0,7.0,4.0,6.0,3,2.0,10,1
2010-11-11,53663,,11,1,4911.0,90274810,UIL,U I L HOLDINGS CORP,UIL,221111.0,N,A,R,21819,1,4931.0,90274810.0,,,49.0,493.0,,,,,,,30.1,-0.001989,50430.0,1.0,29.94,1517943.0,UIL,7.0,9.0,2.0,,5.0,1,1.0,1.0,3.0,6.0,3.0,2.0,4.0,9.0,7.0,9.0,5.0,3.0,7.0,8.0,5.0,8.0,5.0,5.0,5.0,8.0,4.0,,7.0,8.0,9.0,6.0,5.0,5.0,8.0,4.0,6.0,1.0,,5.0,7.0,4.0,6.0,9.0,9.0,7.0,5.0,5.0,7.0,4.0,6.0,3,2.0,10,1
2010-11-12,53663,,11,1,4911.0,90274810,UIL,U I L HOLDINGS CORP,UIL,221111.0,N,A,R,21819,1,4931.0,90274810.0,,,49.0,493.0,,,,,,,29.61,-0.016279,50430.0,1.0,29.78,1493232.3,UIL,7.0,9.0,2.0,,5.0,1,1.0,1.0,3.0,6.0,3.0,2.0,4.0,9.0,7.0,9.0,5.0,3.0,7.0,8.0,5.0,8.0,5.0,5.0,5.0,8.0,4.0,,7.0,8.0,9.0,6.0,5.0,5.0,8.0,4.0,6.0,1.0,,5.0,7.0,4.0,6.0,9.0,9.0,7.0,5.0,5.0,7.0,4.0,6.0,3,2.0,10,1
2010-11-15,53663,,11,1,4911.0,90274810,UIL,U I L HOLDINGS CORP,UIL,221111.0,N,A,R,21819,1,4931.0,90274810.0,,,49.0,493.0,,,,,,,30.1,0.016548,50430.0,1.0,29.83,1517943.0,UIL,7.0,9.0,2.0,,5.0,1,1.0,1.0,3.0,6.0,3.0,2.0,4.0,9.0,7.0,9.0,5.0,3.0,7.0,8.0,5.0,8.0,5.0,5.0,5.0,8.0,4.0,,7.0,8.0,9.0,6.0,5.0,5.0,8.0,4.0,6.0,1.0,,5.0,7.0,4.0,6.0,9.0,9.0,7.0,5.0,5.0,7.0,4.0,6.0,3,2.0,10,1
2010-11-16,53663,,11,1,4911.0,90274810,UIL,U I L HOLDINGS CORP,UIL,221111.0,N,A,R,21819,1,4931.0,90274810.0,,,49.0,493.0,,,,,,,29.44,-0.021927,50430.0,1.0,29.89,1484659.2,UIL,7.0,9.0,2.0,,5.0,1,1.0,1.0,3.0,6.0,3.0,2.0,4.0,9.0,7.0,9.0,5.0,3.0,7.0,8.0,5.0,8.0,5.0,5.0,5.0,8.0,4.0,,7.0,8.0,9.0,6.0,5.0,5.0,8.0,4.0,6.0,1.0,,5.0,7.0,4.0,6.0,9.0,9.0,7.0,5.0,5.0,7.0,4.0,6.0,3,2.0,10,1
2010-11-17,53663,,11,1,4911.0,90274810,UIL,U I L HOLDINGS CORP,UIL,221111.0,N,A,R,21819,1,4931.0,90274810.0,,,49.0,493.0,,,,,,,29.68,0.008152,50430.0,1.0,29.53,1496762.4,UIL,7.0,9.0,2.0,,5.0,1,1.0,1.0,3.0,6.0,3.0,2.0,4.0,9.0,7.0,9.0,5.0,3.0,7.0,8.0,5.0,8.0,5.0,5.0,5.0,8.0,4.0,,7.0,8.0,9.0,6.0,5.0,5.0,8.0,4.0,6.0,1.0,,5.0,7.0,4.0,6.0,9.0,9.0,7.0,5.0,5.0,7.0,4.0,6.0,3,2.0,10,1
2010-11-18,53663,,11,1,4911.0,90274810,UIL,U I L HOLDINGS CORP,UIL,221111.0,N,A,R,21819,1,4931.0,90274810.0,,,49.0,493.0,,,,,,,29.72,0.001348,50430.0,1.0,29.62,1498779.6,UIL,7.0,9.0,2.0,,5.0,1,1.0,1.0,3.0,6.0,3.0,2.0,4.0,9.0,7.0,9.0,5.0,3.0,7.0,8.0,5.0,8.0,5.0,5.0,5.0,8.0,4.0,,7.0,8.0,9.0,6.0,5.0,5.0,8.0,4.0,6.0,1.0,,5.0,7.0,4.0,6.0,9.0,9.0,7.0,5.0,5.0,7.0,4.0,6.0,3,2.0,10,1
2010-11-19,53663,,11,1,4911.0,90274810,UIL,U I L HOLDINGS CORP,UIL,221111.0,N,A,R,21819,1,4931.0,90274810.0,,,49.0,493.0,,,,,,,29.51,-0.007066,50430.0,1.0,29.59,1488189.3,UIL,7.0,9.0,2.0,,5.0,1,1.0,1.0,3.0,6.0,3.0,2.0,4.0,9.0,7.0,9.0,5.0,3.0,7.0,8.0,5.0,8.0,5.0,5.0,5.0,8.0,4.0,,7.0,8.0,9.0,6.0,5.0,5.0,8.0,4.0,6.0,1.0,,5.0,7.0,4.0,6.0,9.0,9.0,7.0,5.0,5.0,7.0,4.0,6.0,3,2.0,10,1
2010-11-22,53663,,11,1,4911.0,90274810,UIL,U I L HOLDINGS CORP,UIL,221111.0,N,A,R,21819,1,4931.0,90274810.0,,,49.0,493.0,,,,,,,29.49,-0.000678,50430.0,1.0,29.47,1487180.7,UIL,7.0,9.0,2.0,,5.0,1,1.0,1.0,3.0,6.0,3.0,2.0,4.0,9.0,7.0,9.0,5.0,3.0,7.0,8.0,5.0,8.0,5.0,5.0,5.0,8.0,4.0,,7.0,8.0,9.0,6.0,5.0,5.0,8.0,4.0,6.0,1.0,,5.0,7.0,4.0,6.0,9.0,9.0,7.0,5.0,5.0,7.0,4.0,6.0,3,2.0,10,1
2010-11-23,53663,,11,1,4911.0,90274810,UIL,U I L HOLDINGS CORP,UIL,221111.0,N,A,R,21819,1,4931.0,90274810.0,,,49.0,493.0,,,,,,,29.4,-0.003052,50430.0,1.0,29.25,1482642.0,UIL,7.0,9.0,2.0,,5.0,1,1.0,1.0,3.0,6.0,3.0,2.0,4.0,9.0,7.0,9.0,5.0,3.0,7.0,8.0,5.0,8.0,5.0,5.0,5.0,8.0,4.0,,7.0,8.0,9.0,6.0,5.0,5.0,8.0,4.0,6.0,1.0,,5.0,7.0,4.0,6.0,9.0,9.0,7.0,5.0,5.0,7.0,4.0,6.0,3,2.0,10,1
2010-11-24,53663,,11,1,4911.0,90274810,UIL,U I L HOLDINGS CORP,UIL,221111.0,N,A,R,21819,1,4931.0,90274810.0,,,49.0,493.0,,,,,,,29.64,0.008163,50430.0,1.0,29.53,1494745.2,UIL,7.0,9.0,2.0,,5.0,1,1.0,1.0,3.0,6.0,3.0,2.0,4.0,9.0,7.0,9.0,5.0,3.0,7.0,8.0,5.0,8.0,5.0,5.0,5.0,8.0,4.0,,7.0,8.0,9.0,6.0,5.0,5.0,8.0,4.0,6.0,1.0,,5.0,7.0,4.0,6.0,9.0,9.0,7.0,5.0,5.0,7.0,4.0,6.0,3,2.0,10,1
2010-11-26,53663,,11,1,4911.0,90274810,UIL,U I L HOLDINGS CORP,UIL,221111.0,N,A,R,21819,1,4931.0,90274810.0,,,49.0,493.0,,,,,,,29.53,-0.003711,50430.0,1.0,29.49,1489197.9,UIL,7.0,9.0,2.0,,5.0,1,1.0,1.0,3.0,6.0,3.0,2.0,4.0,9.0,7.0,9.0,5.0,3.0,7.0,8.0,5.0,8.0,5.0,5.0,5.0,8.0,4.0,,7.0,8.0,9.0,6.0,5.0,5.0,8.0,4.0,6.0,1.0,,5.0,7.0,4.0,6.0,9.0,9.0,7.0,5.0,5.0,7.0,4.0,6.0,3,2.0,10,1
2010-11-29,53663,,11,1,4911.0,90274810,UIL,U I L HOLDINGS CORP,UIL,221111.0,N,A,R,21819,1,4931.0,90274810.0,,,49.0,493.0,,,,,,,29.55,0.000677,50430.0,1.0,29.31,1490206.5,UIL,7.0,9.0,2.0,,5.0,1,1.0,1.0,3.0,6.0,3.0,2.0,4.0,9.0,7.0,9.0,5.0,3.0,7.0,8.0,5.0,8.0,5.0,5.0,5.0,8.0,4.0,,7.0,8.0,9.0,6.0,5.0,5.0,8.0,4.0,6.0,1.0,,5.0,7.0,4.0,6.0,9.0,9.0,7.0,5.0,5.0,7.0,4.0,6.0,3,2.0,10,1
2010-11-30,53663,,11,1,4911.0,90274810,UIL,U I L HOLDINGS CORP,UIL,221111.0,N,A,R,21819,1,4931.0,90274810.0,,,49.0,493.0,,,,,,,29.37,-0.006091,50430.0,1.0,29.3,1481129.1,UIL,7.0,9.0,2.0,,5.0,1,1.0,1.0,3.0,6.0,3.0,2.0,4.0,9.0,7.0,9.0,5.0,3.0,7.0,8.0,5.0,8.0,5.0,5.0,5.0,8.0,4.0,,7.0,8.0,9.0,6.0,5.0,5.0,8.0,4.0,6.0,1.0,,5.0,7.0,4.0,6.0,9.0,9.0,7.0,5.0,5.0,7.0,4.0,6.0,3,2.0,10,1
2010-12-01,53663,,11,1,4911.0,90274810,UIL,U I L HOLDINGS CORP,UIL,221111.0,N,A,R,21819,1,4931.0,90274810.0,,,49.0,493.0,,,,,,,29.91,0.018386,50430.0,1.0,29.69,1508361.3,UIL,7.0,9.0,2.0,,5.0,1,1.0,1.0,3.0,6.0,3.0,2.0,4.0,9.0,7.0,9.0,5.0,3.0,7.0,8.0,5.0,8.0,5.0,5.0,5.0,8.0,4.0,,7.0,5.0,9.0,6.0,4.0,5.0,6.0,4.0,6.0,1.0,,4.0,7.0,4.0,6.0,9.0,9.0,5.0,4.0,3.0,4.0,4.0,6.0,3,2.0,10,1
2010-12-02,53663,,11,1,4911.0,90274810,UIL,U I L HOLDINGS CORP,UIL,221111.0,N,A,R,21819,1,4931.0,90274810.0,,,49.0,493.0,,,,,,,29.7,-0.007021,50430.0,1.0,29.96,1497771.0,UIL,7.0,9.0,2.0,,5.0,1,1.0,1.0,3.0,6.0,3.0,2.0,4.0,9.0,7.0,9.0,5.0,3.0,7.0,8.0,5.0,8.0,5.0,5.0,5.0,8.0,4.0,,7.0,5.0,9.0,6.0,4.0,5.0,6.0,4.0,6.0,1.0,,4.0,7.0,4.0,6.0,9.0,9.0,5.0,4.0,3.0,4.0,4.0,6.0,3,2.0,10,1
2010-12-03,53663,,11,1,4911.0,90274810,UIL,U I L HOLDINGS CORP,UIL,221111.0,N,A,R,21819,1,4931.0,90274810.0,,,49.0,493.0,,,,,,,29.76,0.00202,50430.0,1.0,29.7,1500796.8,UIL,7.0,9.0,2.0,,5.0,1,1.0,1.0,3.0,6.0,3.0,2.0,4.0,9.0,7.0,9.0,5.0,3.0,7.0,8.0,5.0,8.0,5.0,5.0,5.0,8.0,4.0,,7.0,5.0,9.0,6.0,4.0,5.0,6.0,4.0,6.0,1.0,,4.0,7.0,4.0,6.0,9.0,9.0,5.0,4.0,3.0,4.0,4.0,6.0,3,2.0,10,1
2010-12-06,53663,,11,1,4911.0,90274810,UIL,U I L HOLDINGS CORP,UIL,221111.0,N,A,R,21819,1,4931.0,90274810.0,,,49.0,493.0,,,,,,,29.89,0.004368,50430.0,1.0,29.74,1507352.7,UIL,7.0,9.0,2.0,,5.0,1,1.0,1.0,3.0,6.0,3.0,2.0,4.0,9.0,7.0,9.0,5.0,3.0,7.0,8.0,5.0,8.0,5.0,5.0,5.0,8.0,4.0,,7.0,5.0,9.0,6.0,4.0,5.0,6.0,4.0,6.0,1.0,,4.0,7.0,4.0,6.0,9.0,9.0,5.0,4.0,3.0,4.0,4.0,6.0,3,2.0,10,1
2010-12-07,53663,,11,1,4911.0,90274810,UIL,U I L HOLDINGS CORP,UIL,221111.0,N,A,R,21819,1,4931.0,90274810.0,,,49.0,493.0,,,,,,,30.19,0.010037,50430.0,1.0,30.03,1522481.7,UIL,7.0,9.0,2.0,,5.0,1,1.0,1.0,3.0,6.0,3.0,2.0,4.0,9.0,7.0,9.0,5.0,3.0,7.0,8.0,5.0,8.0,5.0,5.0,5.0,8.0,4.0,,7.0,5.0,9.0,6.0,4.0,5.0,6.0,4.0,6.0,1.0,,4.0,7.0,4.0,6.0,9.0,9.0,5.0,4.0,3.0,4.0,4.0,6.0,3,2.0,10,1
2010-12-08,53663,,11,1,4911.0,90274810,UIL,U I L HOLDINGS CORP,UIL,221111.0,N,A,R,21819,1,4931.0,90274810.0,,,49.0,493.0,,,,,,,29.96,-0.007618,50430.0,1.0,30.26,1510882.8,UIL,7.0,9.0,2.0,,5.0,1,1.0,1.0,3.0,6.0,3.0,2.0,4.0,9.0,7.0,9.0,5.0,3.0,7.0,8.0,5.0,8.0,5.0,5.0,5.0,8.0,4.0,,7.0,5.0,9.0,6.0,4.0,5.0,6.0,4.0,6.0,1.0,,4.0,7.0,4.0,6.0,9.0,9.0,5.0,4.0,3.0,4.0,4.0,6.0,3,2.0,10,1
2010-12-09,53663,,11,1,4911.0,90274810,UIL,U I L HOLDINGS CORP,UIL,221111.0,N,A,R,21819,1,4931.0,90274810.0,,,49.0,493.0,,,,,,,30.58,0.020694,50430.0,1.0,30.46,1542149.4,UIL,7.0,9.0,2.0,,5.0,1,1.0,1.0,3.0,6.0,3.0,2.0,4.0,9.0,7.0,9.0,5.0,3.0,7.0,8.0,5.0,8.0,5.0,5.0,5.0,8.0,4.0,,7.0,5.0,9.0,6.0,4.0,5.0,6.0,4.0,6.0,1.0,,4.0,7.0,4.0,6.0,9.0,9.0,5.0,4.0,3.0,4.0,4.0,6.0,3,2.0,10,1
2010-12-10,53663,,11,1,4911.0,90274810,UIL,U I L HOLDINGS CORP,UIL,221111.0,N,A,R,21819,1,4931.0,90274810.0,,,49.0,493.0,,,,,,,30.72,0.004578,50430.0,1.0,30.74,1549209.6,UIL,7.0,9.0,2.0,,5.0,1,1.0,1.0,3.0,6.0,3.0,2.0,4.0,9.0,7.0,9.0,5.0,3.0,7.0,8.0,5.0,8.0,5.0,5.0,5.0,8.0,4.0,,7.0,5.0,9.0,6.0,4.0,5.0,6.0,4.0,6.0,1.0,,4.0,7.0,4.0,6.0,9.0,9.0,5.0,4.0,3.0,4.0,4.0,6.0,3,2.0,10,1
2010-12-13,53663,,11,1,4911.0,90274810,UIL,U I L HOLDINGS CORP,UIL,221111.0,N,A,R,21819,1,4931.0,90274810.0,,,49.0,493.0,,,,,,,30.78,0.001953,50430.0,1.0,30.91,1552235.4,UIL,7.0,9.0,2.0,,5.0,1,1.0,1.0,3.0,6.0,3.0,2.0,4.0,9.0,7.0,9.0,5.0,3.0,7.0,8.0,5.0,8.0,5.0,5.0,5.0,8.0,4.0,,7.0,5.0,9.0,6.0,4.0,5.0,6.0,4.0,6.0,1.0,,4.0,7.0,4.0,6.0,9.0,9.0,5.0,4.0,3.0,4.0,4.0,6.0,3,2.0,10,1
2010-12-14,53663,,11,1,4911.0,90274810,UIL,U I L HOLDINGS CORP,UIL,221111.0,N,A,R,21819,1,4931.0,90274810.0,,,49.0,493.0,,,,,,,30.41,-0.012021,50430.0,1.0,30.74,1533576.3,UIL,7.0,9.0,2.0,,5.0,1,1.0,1.0,3.0,6.0,3.0,2.0,4.0,9.0,7.0,9.0,5.0,3.0,7.0,8.0,5.0,8.0,5.0,5.0,5.0,8.0,4.0,,7.0,5.0,9.0,6.0,4.0,5.0,6.0,4.0,6.0,1.0,,4.0,7.0,4.0,6.0,9.0,9.0,5.0,4.0,3.0,4.0,4.0,6.0,3,2.0,10,1
2010-12-15,53663,,11,1,4911.0,90274810,UIL,U I L HOLDINGS CORP,UIL,221111.0,N,A,R,21819,1,4931.0,90274810.0,,,49.0,493.0,1232.0,0.432,0.0,,,,29.52,-0.015061,50430.0,1.0,30.21,1488693.6,UIL,7.0,9.0,2.0,,5.0,1,1.0,1.0,3.0,6.0,3.0,2.0,4.0,9.0,7.0,9.0,5.0,3.0,7.0,8.0,5.0,8.0,5.0,5.0,5.0,8.0,4.0,,7.0,5.0,9.0,6.0,4.0,5.0,6.0,4.0,6.0,1.0,,4.0,7.0,4.0,6.0,9.0,9.0,5.0,4.0,3.0,4.0,4.0,6.0,3,2.0,10,1
2010-12-16,53663,,11,1,4911.0,90274810,UIL,U I L HOLDINGS CORP,UIL,221111.0,N,A,R,21819,1,4931.0,90274810.0,,,49.0,493.0,,,,,,,29.98,0.015583,50430.0,1.0,29.61,1511891.4,UIL,7.0,9.0,2.0,,5.0,1,1.0,1.0,3.0,6.0,3.0,2.0,4.0,9.0,7.0,9.0,5.0,3.0,7.0,8.0,5.0,8.0,5.0,5.0,5.0,8.0,4.0,,7.0,5.0,9.0,6.0,4.0,5.0,6.0,4.0,6.0,1.0,,4.0,7.0,4.0,6.0,9.0,9.0,5.0,4.0,3.0,4.0,4.0,6.0,3,2.0,10,1
2010-12-17,53663,,11,1,4911.0,90274810,UIL,U I L HOLDINGS CORP,UIL,221111.0,N,A,R,21819,1,4931.0,90274810.0,,,49.0,493.0,,,,,,,30.01,0.001001,50430.0,1.0,30.03,1513404.3,UIL,7.0,9.0,2.0,,5.0,1,1.0,1.0,3.0,6.0,3.0,2.0,4.0,9.0,7.0,9.0,5.0,3.0,7.0,8.0,5.0,8.0,5.0,5.0,5.0,8.0,4.0,,7.0,5.0,9.0,6.0,4.0,5.0,6.0,4.0,6.0,1.0,,4.0,7.0,4.0,6.0,9.0,9.0,5.0,4.0,3.0,4.0,4.0,6.0,3,2.0,10,1
2010-12-20,53663,,11,1,4911.0,90274810,UIL,U I L HOLDINGS CORP,UIL,221111.0,N,A,R,21819,1,4931.0,90274810.0,,,49.0,493.0,,,,,,,30.22,0.006998,50430.0,1.0,30.14,1523994.6,UIL,7.0,9.0,2.0,,5.0,1,1.0,1.0,3.0,6.0,3.0,2.0,4.0,9.0,7.0,9.0,5.0,3.0,7.0,8.0,5.0,8.0,5.0,5.0,5.0,8.0,4.0,,7.0,5.0,9.0,6.0,4.0,5.0,6.0,4.0,6.0,1.0,,4.0,7.0,4.0,6.0,9.0,9.0,5.0,4.0,3.0,4.0,4.0,6.0,3,2.0,10,1
2010-12-21,53663,,11,1,4911.0,90274810,UIL,U I L HOLDINGS CORP,UIL,221111.0,N,A,R,21819,1,4931.0,90274810.0,,,49.0,493.0,,,,,,,30.11,-0.00364,50430.0,1.0,30.34,1518447.3,UIL,7.0,9.0,2.0,,5.0,1,1.0,1.0,3.0,6.0,3.0,2.0,4.0,9.0,7.0,9.0,5.0,3.0,7.0,8.0,5.0,8.0,5.0,5.0,5.0,8.0,4.0,,7.0,5.0,9.0,6.0,4.0,5.0,6.0,4.0,6.0,1.0,,4.0,7.0,4.0,6.0,9.0,9.0,5.0,4.0,3.0,4.0,4.0,6.0,3,2.0,10,1
2010-12-22,53663,,11,1,4911.0,90274810,UIL,U I L HOLDINGS CORP,UIL,221111.0,N,A,R,21819,1,4931.0,90274810.0,,,49.0,493.0,,,,,,,30.24,0.004317,50430.0,1.0,30.26,1525003.2,UIL,7.0,9.0,2.0,,5.0,1,1.0,1.0,3.0,6.0,3.0,2.0,4.0,9.0,7.0,9.0,5.0,3.0,7.0,8.0,5.0,8.0,5.0,5.0,5.0,8.0,4.0,,7.0,5.0,9.0,6.0,4.0,5.0,6.0,4.0,6.0,1.0,,4.0,7.0,4.0,6.0,9.0,9.0,5.0,4.0,3.0,4.0,4.0,6.0,3,2.0,10,1
2010-12-23,53663,,11,1,4911.0,90274810,UIL,U I L HOLDINGS CORP,UIL,221111.0,N,A,R,21819,1,4931.0,90274810.0,,,49.0,493.0,,,,,,,30.29,0.001653,50430.0,1.0,30.3,1527524.7,UIL,7.0,9.0,2.0,,5.0,1,1.0,1.0,3.0,6.0,3.0,2.0,4.0,9.0,7.0,9.0,5.0,3.0,7.0,8.0,5.0,8.0,5.0,5.0,5.0,8.0,4.0,,7.0,5.0,9.0,6.0,4.0,5.0,6.0,4.0,6.0,1.0,,4.0,7.0,4.0,6.0,9.0,9.0,5.0,4.0,3.0,4.0,4.0,6.0,3,2.0,10,1
2010-12-27,53663,,11,1,4911.0,90274810,UIL,U I L HOLDINGS CORP,UIL,221111.0,N,A,R,21819,1,4931.0,90274810.0,,,49.0,493.0,,,,,,,30.25,-0.001321,50430.0,1.0,30.29,1525507.5,UIL,7.0,9.0,2.0,,5.0,1,1.0,1.0,3.0,6.0,3.0,2.0,4.0,9.0,7.0,9.0,5.0,3.0,7.0,8.0,5.0,8.0,5.0,5.0,5.0,8.0,4.0,,7.0,5.0,9.0,6.0,4.0,5.0,6.0,4.0,6.0,1.0,,4.0,7.0,4.0,6.0,9.0,9.0,5.0,4.0,3.0,4.0,4.0,6.0,3,2.0,10,1
2010-12-28,53663,,11,1,4911.0,90274810,UIL,U I L HOLDINGS CORP,UIL,221111.0,N,A,R,21819,1,4931.0,90274810.0,,,49.0,493.0,,,,,,,30.16,-0.002975,50430.0,1.0,30.25,1520968.8,UIL,7.0,9.0,2.0,,5.0,1,1.0,1.0,3.0,6.0,3.0,2.0,4.0,9.0,7.0,9.0,5.0,3.0,7.0,8.0,5.0,8.0,5.0,5.0,5.0,8.0,4.0,,7.0,5.0,9.0,6.0,4.0,5.0,6.0,4.0,6.0,1.0,,4.0,7.0,4.0,6.0,9.0,9.0,5.0,4.0,3.0,4.0,4.0,6.0,3,2.0,10,1
2010-12-29,53663,,11,1,4911.0,90274810,UIL,U I L HOLDINGS CORP,UIL,221111.0,N,A,R,21819,1,4931.0,90274810.0,,,49.0,493.0,,,,,,,30.07,-0.002984,50430.0,1.0,30.3,1516430.1,UIL,7.0,9.0,2.0,,5.0,1,1.0,1.0,3.0,6.0,3.0,2.0,4.0,9.0,7.0,9.0,5.0,3.0,7.0,8.0,5.0,8.0,5.0,5.0,5.0,8.0,4.0,,7.0,5.0,9.0,6.0,4.0,5.0,6.0,4.0,6.0,1.0,,4.0,7.0,4.0,6.0,9.0,9.0,5.0,4.0,3.0,4.0,4.0,6.0,3,2.0,10,1
2010-12-30,53663,,11,1,4911.0,90274810,UIL,U I L HOLDINGS CORP,UIL,221111.0,N,A,R,21819,1,4931.0,90274810.0,,,49.0,493.0,,,,,,,30.07,0.0,50430.0,1.0,30.0,1516430.1,UIL,7.0,9.0,2.0,,5.0,1,1.0,1.0,3.0,6.0,3.0,2.0,4.0,9.0,7.0,9.0,5.0,3.0,7.0,8.0,5.0,8.0,5.0,5.0,5.0,8.0,4.0,,7.0,5.0,9.0,6.0,4.0,5.0,6.0,4.0,6.0,1.0,,4.0,7.0,4.0,6.0,9.0,9.0,5.0,4.0,3.0,4.0,4.0,6.0,3,2.0,10,1
2010-12-31,53663,,11,1,4911.0,90274810,UIL,U I L HOLDINGS CORP,UIL,221111.0,N,A,R,21819,1,4931.0,90274810.0,,,49.0,493.0,,,,,,,29.96,-0.003658,50430.0,1.0,30.07,1510882.8,UIL,7.0,9.0,2.0,,5.0,1,1.0,1.0,3.0,6.0,3.0,2.0,4.0,9.0,7.0,9.0,5.0,3.0,7.0,8.0,5.0,8.0,5.0,5.0,5.0,8.0,4.0,,7.0,5.0,9.0,6.0,4.0,5.0,6.0,4.0,6.0,1.0,,4.0,7.0,4.0,6.0,9.0,9.0,5.0,4.0,3.0,4.0,4.0,6.0,3,2.0,10,1
2011-01-03,53663,,11,1,4911.0,90274810,UIL,U I L HOLDINGS CORP,UIL,221111.0,N,A,R,21819,1,4931.0,90274810.0,,,49.0,493.0,,,,,,,30.05,0.003004,50430.0,1.0,30.28,1515421.5,UIL,7.0,9.0,2.0,,5.0,1,1.0,1.0,3.0,6.0,3.0,2.0,4.0,9.0,7.0,9.0,5.0,3.0,7.0,8.0,5.0,8.0,5.0,5.0,5.0,8.0,4.0,,8.0,2.0,9.0,7.0,3.0,5.0,3.0,3.0,6.0,1.0,,4.0,4.0,4.0,8.0,10.0,9.0,2.0,6.0,5.0,3.0,5.0,6.0,3,3.0,10,1
2011-01-04,53663,,11,1,4911.0,90274810,UIL,U I L HOLDINGS CORP,UIL,221111.0,N,A,R,21819,1,4931.0,90274810.0,,,49.0,493.0,,,,,,,29.87,-0.00599,50430.0,1.0,30.18,1506344.1,UIL,7.0,9.0,2.0,,5.0,1,1.0,1.0,3.0,6.0,3.0,2.0,4.0,9.0,7.0,9.0,5.0,3.0,7.0,8.0,5.0,8.0,5.0,5.0,5.0,8.0,4.0,,8.0,2.0,9.0,7.0,3.0,5.0,3.0,3.0,6.0,1.0,,4.0,4.0,4.0,8.0,10.0,9.0,2.0,6.0,5.0,3.0,5.0,6.0,3,3.0,10,1
2011-01-05,53663,,11,1,4911.0,90274810,UIL,U I L HOLDINGS CORP,UIL,221111.0,N,A,R,21819,1,4931.0,90274810.0,,,49.0,493.0,,,,,,,29.7,-0.005691,50430.0,1.0,29.79,1497771.0,UIL,7.0,9.0,2.0,,5.0,1,1.0,1.0,3.0,6.0,3.0,2.0,4.0,9.0,7.0,9.0,5.0,3.0,7.0,8.0,5.0,8.0,5.0,5.0,5.0,8.0,4.0,,8.0,2.0,9.0,7.0,3.0,5.0,3.0,3.0,6.0,1.0,,4.0,4.0,4.0,8.0,10.0,9.0,2.0,6.0,5.0,3.0,5.0,6.0,3,3.0,10,1
2011-01-06,53663,,11,1,4911.0,90274810,UIL,U I L HOLDINGS CORP,UIL,221111.0,N,A,R,21819,1,4931.0,90274810.0,,,49.0,493.0,,,,,,,29.74,0.001347,50430.0,1.0,29.75,1499788.2,UIL,7.0,9.0,2.0,,5.0,1,1.0,1.0,3.0,6.0,3.0,2.0,4.0,9.0,7.0,9.0,5.0,3.0,7.0,8.0,5.0,8.0,5.0,5.0,5.0,8.0,4.0,,8.0,2.0,9.0,7.0,3.0,5.0,3.0,3.0,6.0,1.0,,4.0,4.0,4.0,8.0,10.0,9.0,2.0,6.0,5.0,3.0,5.0,6.0,3,3.0,10,1
2011-01-07,53663,,11,1,4911.0,90274810,UIL,U I L HOLDINGS CORP,UIL,221111.0,N,A,R,21819,1,4931.0,90274810.0,,,49.0,493.0,,,,,,,29.78,0.001345,50430.0,1.0,29.75,1501805.4,UIL,7.0,9.0,2.0,,5.0,1,1.0,1.0,3.0,6.0,3.0,2.0,4.0,9.0,7.0,9.0,5.0,3.0,7.0,8.0,5.0,8.0,5.0,5.0,5.0,8.0,4.0,,8.0,2.0,9.0,7.0,3.0,5.0,3.0,3.0,6.0,1.0,,4.0,4.0,4.0,8.0,10.0,9.0,2.0,6.0,5.0,3.0,5.0,6.0,3,3.0,10,1
2011-01-10,53663,,11,1,4911.0,90274810,UIL,U I L HOLDINGS CORP,UIL,221111.0,N,A,R,21819,1,4931.0,90274810.0,,,49.0,493.0,,,,,,,29.66,-0.00403,50430.0,1.0,29.67,1495753.8,UIL,7.0,9.0,2.0,,5.0,1,1.0,1.0,3.0,6.0,3.0,2.0,4.0,9.0,7.0,9.0,5.0,3.0,7.0,8.0,5.0,8.0,5.0,5.0,5.0,8.0,4.0,,8.0,2.0,9.0,7.0,3.0,5.0,3.0,3.0,6.0,1.0,,4.0,4.0,4.0,8.0,10.0,9.0,2.0,6.0,5.0,3.0,5.0,6.0,3,3.0,10,1
2011-01-11,53663,,11,1,4911.0,90274810,UIL,U I L HOLDINGS CORP,UIL,221111.0,N,A,R,21819,1,4931.0,90274810.0,,,49.0,493.0,,,,,,,29.49,-0.005732,50430.0,1.0,29.69,1487180.7,UIL,7.0,9.0,2.0,,5.0,1,1.0,1.0,3.0,6.0,3.0,2.0,4.0,9.0,7.0,9.0,5.0,3.0,7.0,8.0,5.0,8.0,5.0,5.0,5.0,8.0,4.0,,8.0,2.0,9.0,7.0,3.0,5.0,3.0,3.0,6.0,1.0,,4.0,4.0,4.0,8.0,10.0,9.0,2.0,6.0,5.0,3.0,5.0,6.0,3,3.0,10,1
2011-01-12,53663,,11,1,4911.0,90274810,UIL,U I L HOLDINGS CORP,UIL,221111.0,N,A,R,21819,1,4931.0,90274810.0,,,49.0,493.0,,,,,,,29.49,0.0,50430.0,1.0,29.71,1487180.7,UIL,7.0,9.0,2.0,,5.0,1,1.0,1.0,3.0,6.0,3.0,2.0,4.0,9.0,7.0,9.0,5.0,3.0,7.0,8.0,5.0,8.0,5.0,5.0,5.0,8.0,4.0,,8.0,2.0,9.0,7.0,3.0,5.0,3.0,3.0,6.0,1.0,,4.0,4.0,4.0,8.0,10.0,9.0,2.0,6.0,5.0,3.0,5.0,6.0,3,3.0,10,1
2011-01-13,53663,,11,1,4911.0,90274810,UIL,U I L HOLDINGS CORP,UIL,221111.0,N,A,R,21819,1,4931.0,90274810.0,,,49.0,493.0,,,,,,,29.53,0.001356,50430.0,1.0,29.5,1489197.9,UIL,7.0,9.0,2.0,,5.0,1,1.0,1.0,3.0,6.0,3.0,2.0,4.0,9.0,7.0,9.0,5.0,3.0,7.0,8.0,5.0,8.0,5.0,5.0,5.0,8.0,4.0,,8.0,2.0,9.0,7.0,3.0,5.0,3.0,3.0,6.0,1.0,,4.0,4.0,4.0,8.0,10.0,9.0,2.0,6.0,5.0,3.0,5.0,6.0,3,3.0,10,1
2011-01-14,53663,,11,1,4911.0,90274810,UIL,U I L HOLDINGS CORP,UIL,221111.0,N,A,R,21819,1,4931.0,90274810.0,,,49.0,493.0,,,,,,,29.74,0.007111,50430.0,1.0,29.55,1499788.2,UIL,7.0,9.0,2.0,,5.0,1,1.0,1.0,3.0,6.0,3.0,2.0,4.0,9.0,7.0,9.0,5.0,3.0,7.0,8.0,5.0,8.0,5.0,5.0,5.0,8.0,4.0,,8.0,2.0,9.0,7.0,3.0,5.0,3.0,3.0,6.0,1.0,,4.0,4.0,4.0,8.0,10.0,9.0,2.0,6.0,5.0,3.0,5.0,6.0,3,3.0,10,1
2011-01-18,53663,,11,1,4911.0,90274810,UIL,U I L HOLDINGS CORP,UIL,221111.0,N,A,R,21819,1,4931.0,90274810.0,,,49.0,493.0,,,,,,,29.9,0.00538,50430.0,1.0,29.75,1507857.0,UIL,7.0,9.0,2.0,,5.0,1,1.0,1.0,3.0,6.0,3.0,2.0,4.0,9.0,7.0,9.0,5.0,3.0,7.0,8.0,5.0,8.0,5.0,5.0,5.0,8.0,4.0,,8.0,2.0,9.0,7.0,3.0,5.0,3.0,3.0,6.0,1.0,,4.0,4.0,4.0,8.0,10.0,9.0,2.0,6.0,5.0,3.0,5.0,6.0,3,3.0,10,1
2011-01-19,53663,,11,1,4911.0,90274810,UIL,U I L HOLDINGS CORP,UIL,221111.0,N,A,R,21819,1,4931.0,90274810.0,,,49.0,493.0,,,,,,,29.95,0.001672,50430.0,1.0,29.88,1510378.5,UIL,7.0,9.0,2.0,,5.0,1,1.0,1.0,3.0,6.0,3.0,2.0,4.0,9.0,7.0,9.0,5.0,3.0,7.0,8.0,5.0,8.0,5.0,5.0,5.0,8.0,4.0,,8.0,2.0,9.0,7.0,3.0,5.0,3.0,3.0,6.0,1.0,,4.0,4.0,4.0,8.0,10.0,9.0,2.0,6.0,5.0,3.0,5.0,6.0,3,3.0,10,1
2011-01-20,53663,,11,1,4911.0,90274810,UIL,U I L HOLDINGS CORP,UIL,221111.0,N,A,R,21819,1,4931.0,90274810.0,,,49.0,493.0,,,,,,,30.1,0.005008,50430.0,1.0,29.92,1517943.0,UIL,7.0,9.0,2.0,,5.0,1,1.0,1.0,3.0,6.0,3.0,2.0,4.0,9.0,7.0,9.0,5.0,3.0,7.0,8.0,5.0,8.0,5.0,5.0,5.0,8.0,4.0,,8.0,2.0,9.0,7.0,3.0,5.0,3.0,3.0,6.0,1.0,,4.0,4.0,4.0,8.0,10.0,9.0,2.0,6.0,5.0,3.0,5.0,6.0,3,3.0,10,1
2011-01-21,53663,,11,1,4911.0,90274810,UIL,U I L HOLDINGS CORP,UIL,221111.0,N,A,R,21819,1,4931.0,90274810.0,,,49.0,493.0,,,,,,,30.08,-0.000664,50430.0,1.0,30.12,1516934.4,UIL,7.0,9.0,2.0,,5.0,1,1.0,1.0,3.0,6.0,3.0,2.0,4.0,9.0,7.0,9.0,5.0,3.0,7.0,8.0,5.0,8.0,5.0,5.0,5.0,8.0,4.0,,8.0,2.0,9.0,7.0,3.0,5.0,3.0,3.0,6.0,1.0,,4.0,4.0,4.0,8.0,10.0,9.0,2.0,6.0,5.0,3.0,5.0,6.0,3,3.0,10,1
2011-01-24,53663,,11,1,4911.0,90274810,UIL,U I L HOLDINGS CORP,UIL,221111.0,N,A,R,21819,1,4931.0,90274810.0,,,49.0,493.0,,,,,,,30.38,0.009973,50430.0,1.0,30.05,1532063.4,UIL,7.0,9.0,2.0,,5.0,1,1.0,1.0,3.0,6.0,3.0,2.0,4.0,9.0,7.0,9.0,5.0,3.0,7.0,8.0,5.0,8.0,5.0,5.0,5.0,8.0,4.0,,8.0,2.0,9.0,7.0,3.0,5.0,3.0,3.0,6.0,1.0,,4.0,4.0,4.0,8.0,10.0,9.0,2.0,6.0,5.0,3.0,5.0,6.0,3,3.0,10,1
2011-01-25,53663,,11,1,4911.0,90274810,UIL,U I L HOLDINGS CORP,UIL,221111.0,N,A,R,21819,1,4931.0,90274810.0,,,49.0,493.0,,,,,,,30.48,0.003292,50430.0,1.0,30.32,1537106.4,UIL,7.0,9.0,2.0,,5.0,1,1.0,1.0,3.0,6.0,3.0,2.0,4.0,9.0,7.0,9.0,5.0,3.0,7.0,8.0,5.0,8.0,5.0,5.0,5.0,8.0,4.0,,8.0,2.0,9.0,7.0,3.0,5.0,3.0,3.0,6.0,1.0,,4.0,4.0,4.0,8.0,10.0,9.0,2.0,6.0,5.0,3.0,5.0,6.0,3,3.0,10,1
2011-01-26,53663,,11,1,4911.0,90274810,UIL,U I L HOLDINGS CORP,UIL,221111.0,N,A,R,21819,1,4931.0,90274810.0,,,49.0,493.0,,,,,,,30.63,0.004921,50430.0,1.0,30.57,1544670.9,UIL,7.0,9.0,2.0,,5.0,1,1.0,1.0,3.0,6.0,3.0,2.0,4.0,9.0,7.0,9.0,5.0,3.0,7.0,8.0,5.0,8.0,5.0,5.0,5.0,8.0,4.0,,8.0,2.0,9.0,7.0,3.0,5.0,3.0,3.0,6.0,1.0,,4.0,4.0,4.0,8.0,10.0,9.0,2.0,6.0,5.0,3.0,5.0,6.0,3,3.0,10,1
2011-01-27,53663,,11,1,4911.0,90274810,UIL,U I L HOLDINGS CORP,UIL,221111.0,N,A,R,21819,1,4931.0,90274810.0,,,49.0,493.0,,,,,,,30.58,-0.001632,50430.0,1.0,30.6,1542149.4,UIL,7.0,9.0,2.0,,5.0,1,1.0,1.0,3.0,6.0,3.0,2.0,4.0,9.0,7.0,9.0,5.0,3.0,7.0,8.0,5.0,8.0,5.0,5.0,5.0,8.0,4.0,,8.0,2.0,9.0,7.0,3.0,5.0,3.0,3.0,6.0,1.0,,4.0,4.0,4.0,8.0,10.0,9.0,2.0,6.0,5.0,3.0,5.0,6.0,3,3.0,10,1
2011-01-28,53663,,11,1,4911.0,90274810,UIL,U I L HOLDINGS CORP,UIL,221111.0,N,A,R,21819,1,4931.0,90274810.0,,,49.0,493.0,,,,,,,30.25,-0.010791,50430.0,1.0,30.6,1525507.5,UIL,7.0,9.0,2.0,,5.0,1,1.0,1.0,3.0,6.0,3.0,2.0,4.0,9.0,7.0,9.0,5.0,3.0,7.0,8.0,5.0,8.0,5.0,5.0,5.0,8.0,4.0,,8.0,2.0,9.0,7.0,3.0,5.0,3.0,3.0,6.0,1.0,,4.0,4.0,4.0,8.0,10.0,9.0,2.0,6.0,5.0,3.0,5.0,6.0,3,3.0,10,1
2011-01-31,53663,,11,1,4911.0,90274810,UIL,U I L HOLDINGS CORP,UIL,221111.0,N,A,R,21819,1,4931.0,90274810.0,,,49.0,493.0,,,,,,,30.19,-0.001983,50430.0,1.0,30.31,1522481.7,UIL,7.0,9.0,2.0,,5.0,1,1.0,1.0,3.0,6.0,3.0,2.0,4.0,9.0,7.0,9.0,5.0,3.0,7.0,8.0,5.0,8.0,5.0,5.0,5.0,8.0,4.0,,8.0,2.0,9.0,7.0,3.0,5.0,3.0,3.0,6.0,1.0,,4.0,4.0,4.0,8.0,10.0,9.0,2.0,6.0,5.0,3.0,5.0,6.0,3,3.0,10,1
2011-02-01,53663,,11,1,4911.0,90274810,UIL,U I L HOLDINGS CORP,UIL,221111.0,N,A,R,21819,1,4931.0,90274810.0,,,49.0,493.0,,,,,,,30.58,0.012918,50430.0,1.0,30.26,1542149.4,UIL,7.0,9.0,2.0,,5.0,1,1.0,1.0,3.0,6.0,3.0,2.0,4.0,9.0,7.0,9.0,5.0,3.0,7.0,8.0,5.0,8.0,5.0,5.0,5.0,8.0,4.0,,5.0,3.0,8.0,5.0,2.0,4.0,5.0,3.0,9.0,1.0,,,,,6.0,10.0,9.0,2.0,6.0,6.0,4.0,6.0,6.0,3,3.0,10,1
2011-02-02,53663,,11,1,4911.0,90274810,UIL,U I L HOLDINGS CORP,UIL,221111.0,N,A,R,21819,1,4931.0,90274810.0,,,49.0,493.0,,,,,,,30.5,-0.002616,50430.0,1.0,30.47,1538115.0,UIL,7.0,9.0,2.0,,5.0,1,1.0,1.0,3.0,6.0,3.0,2.0,4.0,9.0,7.0,9.0,5.0,3.0,7.0,8.0,5.0,8.0,5.0,5.0,5.0,8.0,4.0,,5.0,3.0,8.0,5.0,2.0,4.0,5.0,3.0,9.0,1.0,,,,,6.0,10.0,9.0,2.0,6.0,6.0,4.0,6.0,6.0,3,3.0,10,1
2011-02-03,53663,,11,1,4911.0,90274810,UIL,U I L HOLDINGS CORP,UIL,221111.0,N,A,R,21819,1,4931.0,90274810.0,,,49.0,493.0,,,,,,,30.74,0.007869,50430.0,1.0,30.45,1550218.2,UIL,7.0,9.0,2.0,,5.0,1,1.0,1.0,3.0,6.0,3.0,2.0,4.0,9.0,7.0,9.0,5.0,3.0,7.0,8.0,5.0,8.0,5.0,5.0,5.0,8.0,4.0,,5.0,3.0,8.0,5.0,2.0,4.0,5.0,3.0,9.0,1.0,,,,,6.0,10.0,9.0,2.0,6.0,6.0,4.0,6.0,6.0,3,3.0,10,1
2011-02-04,53663,,11,1,4911.0,90274810,UIL,U I L HOLDINGS CORP,UIL,221111.0,N,A,R,21819,1,4931.0,90274810.0,,,49.0,493.0,,,,,,,30.5,-0.007807,50430.0,1.0,30.76,1538115.0,UIL,7.0,9.0,2.0,,5.0,1,1.0,1.0,3.0,6.0,3.0,2.0,4.0,9.0,7.0,9.0,5.0,3.0,7.0,8.0,5.0,8.0,5.0,5.0,5.0,8.0,4.0,,5.0,3.0,8.0,5.0,2.0,4.0,5.0,3.0,9.0,1.0,,,,,6.0,10.0,9.0,2.0,6.0,6.0,4.0,6.0,6.0,3,3.0,10,1
2011-02-07,53663,,11,1,4911.0,90274810,UIL,U I L HOLDINGS CORP,UIL,221111.0,N,A,R,21819,1,4931.0,90274810.0,,,49.0,493.0,,,,,,,30.72,0.007213,50430.0,1.0,30.59,1549209.6,UIL,7.0,9.0,2.0,,5.0,1,1.0,1.0,3.0,6.0,3.0,2.0,4.0,9.0,7.0,9.0,5.0,3.0,7.0,8.0,5.0,8.0,5.0,5.0,5.0,8.0,4.0,,5.0,3.0,8.0,5.0,2.0,4.0,5.0,3.0,9.0,1.0,,,,,6.0,10.0,9.0,2.0,6.0,6.0,4.0,6.0,6.0,3,3.0,10,1
2011-02-08,53663,,11,1,4911.0,90274810,UIL,U I L HOLDINGS CORP,UIL,221111.0,N,A,R,21819,1,4931.0,90274810.0,,,49.0,493.0,,,,,,,30.9,0.005859,50430.0,1.0,30.81,1558287.0,UIL,7.0,9.0,2.0,,5.0,1,1.0,1.0,3.0,6.0,3.0,2.0,4.0,9.0,7.0,9.0,5.0,3.0,7.0,8.0,5.0,8.0,5.0,5.0,5.0,8.0,4.0,,5.0,3.0,8.0,5.0,2.0,4.0,5.0,3.0,9.0,1.0,,,,,6.0,10.0,9.0,2.0,6.0,6.0,4.0,6.0,6.0,3,3.0,10,1
2011-02-09,53663,,11,1,4911.0,90274810,UIL,U I L HOLDINGS CORP,UIL,221111.0,N,A,R,21819,1,4931.0,90274810.0,,,49.0,493.0,,,,,,,31.01,0.00356,50430.0,1.0,30.81,1563834.3,UIL,7.0,9.0,2.0,,5.0,1,1.0,1.0,3.0,6.0,3.0,2.0,4.0,9.0,7.0,9.0,5.0,3.0,7.0,8.0,5.0,8.0,5.0,5.0,5.0,8.0,4.0,,5.0,3.0,8.0,5.0,2.0,4.0,5.0,3.0,9.0,1.0,,,,,6.0,10.0,9.0,2.0,6.0,6.0,4.0,6.0,6.0,3,3.0,10,1
2011-02-10,53663,,11,1,4911.0,90274810,UIL,U I L HOLDINGS CORP,UIL,221111.0,N,A,R,21819,1,4931.0,90274810.0,,,49.0,493.0,,,,,,,30.93,-0.00258,50430.0,1.0,30.95,1559799.9,UIL,7.0,9.0,2.0,,5.0,1,1.0,1.0,3.0,6.0,3.0,2.0,4.0,9.0,7.0,9.0,5.0,3.0,7.0,8.0,5.0,8.0,5.0,5.0,5.0,8.0,4.0,,5.0,3.0,8.0,5.0,2.0,4.0,5.0,3.0,9.0,1.0,,,,,6.0,10.0,9.0,2.0,6.0,6.0,4.0,6.0,6.0,3,3.0,10,1
2011-02-11,53663,,11,1,4911.0,90274810,UIL,U I L HOLDINGS CORP,UIL,221111.0,N,A,R,21819,1,4931.0,90274810.0,,,49.0,493.0,,,,,,,30.89,-0.001293,50430.0,1.0,30.92,1557782.7,UIL,7.0,9.0,2.0,,5.0,1,1.0,1.0,3.0,6.0,3.0,2.0,4.0,9.0,7.0,9.0,5.0,3.0,7.0,8.0,5.0,8.0,5.0,5.0,5.0,8.0,4.0,,5.0,3.0,8.0,5.0,2.0,4.0,5.0,3.0,9.0,1.0,,,,,6.0,10.0,9.0,2.0,6.0,6.0,4.0,6.0,6.0,3,3.0,10,1
2011-02-14,53663,,11,1,4911.0,90274810,UIL,U I L HOLDINGS CORP,UIL,221111.0,N,A,R,21819,1,4931.0,90274810.0,,,49.0,493.0,,,,,,,30.69,-0.006475,50430.0,1.0,30.78,1547696.7,UIL,7.0,9.0,2.0,,5.0,1,1.0,1.0,3.0,6.0,3.0,2.0,4.0,9.0,7.0,9.0,5.0,3.0,7.0,8.0,5.0,8.0,5.0,5.0,5.0,8.0,4.0,,5.0,3.0,8.0,5.0,2.0,4.0,5.0,3.0,9.0,1.0,,,,,6.0,10.0,9.0,2.0,6.0,6.0,4.0,6.0,6.0,3,3.0,10,1
2011-02-15,53663,,11,1,4911.0,90274810,UIL,U I L HOLDINGS CORP,UIL,221111.0,N,A,R,21819,1,4931.0,90274810.0,,,49.0,493.0,,,,,,,30.81,0.00391,50430.0,1.0,30.67,1553748.3,UIL,7.0,9.0,2.0,,5.0,1,1.0,1.0,3.0,6.0,3.0,2.0,4.0,9.0,7.0,9.0,5.0,3.0,7.0,8.0,5.0,8.0,5.0,5.0,5.0,8.0,4.0,,5.0,3.0,8.0,5.0,2.0,4.0,5.0,3.0,9.0,1.0,,,,,6.0,10.0,9.0,2.0,6.0,6.0,4.0,6.0,6.0,3,3.0,10,1
2011-02-16,53663,,11,1,4911.0,90274810,UIL,U I L HOLDINGS CORP,UIL,221111.0,N,A,R,21819,1,4931.0,90274810.0,,,49.0,493.0,,,,,,,30.86,0.001623,50430.0,1.0,30.83,1556269.8,UIL,7.0,9.0,2.0,,5.0,1,1.0,1.0,3.0,6.0,3.0,2.0,4.0,9.0,7.0,9.0,5.0,3.0,7.0,8.0,5.0,8.0,5.0,5.0,5.0,8.0,4.0,,5.0,3.0,8.0,5.0,2.0,4.0,5.0,3.0,9.0,1.0,,,,,6.0,10.0,9.0,2.0,6.0,6.0,4.0,6.0,6.0,3,3.0,10,1
2011-02-17,53663,,11,1,4911.0,90274810,UIL,U I L HOLDINGS CORP,UIL,221111.0,N,A,R,21819,1,4931.0,90274810.0,,,49.0,493.0,,,,,,,30.88,0.000648,50430.0,1.0,30.9,1557278.4,UIL,7.0,9.0,2.0,,5.0,1,1.0,1.0,3.0,6.0,3.0,2.0,4.0,9.0,7.0,9.0,5.0,3.0,7.0,8.0,5.0,8.0,5.0,5.0,5.0,8.0,4.0,,5.0,3.0,8.0,5.0,2.0,4.0,5.0,3.0,9.0,1.0,,,,,6.0,10.0,9.0,2.0,6.0,6.0,4.0,6.0,6.0,3,3.0,10,1
2011-02-18,53663,,11,1,4911.0,90274810,UIL,U I L HOLDINGS CORP,UIL,221111.0,N,A,R,21819,1,4931.0,90274810.0,,,49.0,493.0,,,,,,,31.05,0.005505,50430.0,1.0,31.01,1565851.5,UIL,7.0,9.0,2.0,,5.0,1,1.0,1.0,3.0,6.0,3.0,2.0,4.0,9.0,7.0,9.0,5.0,3.0,7.0,8.0,5.0,8.0,5.0,5.0,5.0,8.0,4.0,,5.0,3.0,8.0,5.0,2.0,4.0,5.0,3.0,9.0,1.0,,,,,6.0,10.0,9.0,2.0,6.0,6.0,4.0,6.0,6.0,3,3.0,10,1
2011-02-22,53663,,11,1,4911.0,90274810,UIL,U I L HOLDINGS CORP,UIL,221111.0,N,A,R,21819,1,4931.0,90274810.0,,,49.0,493.0,,,,,,,30.99,-0.001932,50430.0,1.0,30.99,1562825.7,UIL,7.0,9.0,2.0,,5.0,1,1.0,1.0,3.0,6.0,3.0,2.0,4.0,9.0,7.0,9.0,5.0,3.0,7.0,8.0,5.0,8.0,5.0,5.0,5.0,8.0,4.0,,5.0,3.0,8.0,5.0,2.0,4.0,5.0,3.0,9.0,1.0,,,,,6.0,10.0,9.0,2.0,6.0,6.0,4.0,6.0,6.0,3,3.0,10,1
2011-02-23,53663,,11,1,4911.0,90274810,UIL,U I L HOLDINGS CORP,UIL,221111.0,N,A,R,21819,1,4931.0,90274810.0,,,49.0,493.0,,,,,,,30.44,-0.017748,50430.0,1.0,31.03,1535089.2,UIL,7.0,9.0,2.0,,5.0,1,1.0,1.0,3.0,6.0,3.0,2.0,4.0,9.0,7.0,9.0,5.0,3.0,7.0,8.0,5.0,8.0,5.0,5.0,5.0,8.0,4.0,,5.0,3.0,8.0,5.0,2.0,4.0,5.0,3.0,9.0,1.0,,,,,6.0,10.0,9.0,2.0,6.0,6.0,4.0,6.0,6.0,3,3.0,10,1
2011-02-24,53663,,11,1,4911.0,90274810,UIL,U I L HOLDINGS CORP,UIL,221111.0,N,A,R,21819,1,4931.0,90274810.0,,,49.0,493.0,,,,,,,30.12,-0.010512,50430.0,1.0,30.49,1518951.6,UIL,7.0,9.0,2.0,,5.0,1,1.0,1.0,3.0,6.0,3.0,2.0,4.0,9.0,7.0,9.0,5.0,3.0,7.0,8.0,5.0,8.0,5.0,5.0,5.0,8.0,4.0,,5.0,3.0,8.0,5.0,2.0,4.0,5.0,3.0,9.0,1.0,,,,,6.0,10.0,9.0,2.0,6.0,6.0,4.0,6.0,6.0,3,3.0,10,1
2011-02-25,53663,,11,1,4911.0,90274810,UIL,U I L HOLDINGS CORP,UIL,221111.0,N,A,R,21819,1,4931.0,90274810.0,,,49.0,493.0,,,,,,,30.46,0.011288,50430.0,1.0,30.21,1536097.8,UIL,7.0,9.0,2.0,,5.0,1,1.0,1.0,3.0,6.0,3.0,2.0,4.0,9.0,7.0,9.0,5.0,3.0,7.0,8.0,5.0,8.0,5.0,5.0,5.0,8.0,4.0,,5.0,3.0,8.0,5.0,2.0,4.0,5.0,3.0,9.0,1.0,,,,,6.0,10.0,9.0,2.0,6.0,6.0,4.0,6.0,6.0,3,3.0,10,1
2011-02-28,53663,,11,1,4911.0,90274810,UIL,U I L HOLDINGS CORP,UIL,221111.0,N,A,R,21819,1,4931.0,90274810.0,,,49.0,493.0,,,,,,,30.74,0.009192,50462.0,1.0,30.45,1551201.88,UIL,7.0,9.0,2.0,,5.0,1,1.0,1.0,3.0,6.0,3.0,2.0,4.0,9.0,7.0,9.0,5.0,3.0,7.0,8.0,5.0,8.0,5.0,5.0,5.0,8.0,4.0,,5.0,3.0,8.0,5.0,2.0,4.0,5.0,3.0,9.0,1.0,,,,,6.0,10.0,9.0,2.0,6.0,6.0,4.0,6.0,6.0,3,3.0,10,1
2011-03-01,53663,,11,1,4911.0,90274810,UIL,U I L HOLDINGS CORP,UIL,221111.0,N,A,R,21819,1,4931.0,90274810.0,,,49.0,493.0,,,,,,,30.47,-0.008783,50462.0,1.0,30.76,1537577.14,UIL,7.0,9.0,2.0,,5.0,1,1.0,1.0,3.0,6.0,3.0,2.0,4.0,9.0,7.0,9.0,5.0,3.0,7.0,8.0,5.0,8.0,5.0,5.0,5.0,8.0,4.0,,4.0,2.0,7.0,4.0,3.0,5.0,5.0,4.0,9.0,1.0,,3.0,3.0,3.0,7.0,10.0,9.0,4.0,6.0,6.0,3.0,5.0,6.0,3,4.0,10,1
2011-03-02,53663,,11,1,4911.0,90274810,UIL,U I L HOLDINGS CORP,UIL,221111.0,N,A,R,21819,1,4931.0,90274810.0,,,49.0,493.0,,,,,,,30.58,0.00361,50462.0,1.0,30.43,1543127.96,UIL,7.0,9.0,2.0,,5.0,1,1.0,1.0,3.0,6.0,3.0,2.0,4.0,9.0,7.0,9.0,5.0,3.0,7.0,8.0,5.0,8.0,5.0,5.0,5.0,8.0,4.0,,4.0,2.0,7.0,4.0,3.0,5.0,5.0,4.0,9.0,1.0,,3.0,3.0,3.0,7.0,10.0,9.0,4.0,6.0,6.0,3.0,5.0,6.0,3,4.0,10,1
2011-03-03,53663,,11,1,4911.0,90274810,UIL,U I L HOLDINGS CORP,UIL,221111.0,N,A,R,21819,1,4931.0,90274810.0,,,49.0,493.0,,,,,,,30.58,0.0,50462.0,1.0,30.7,1543127.96,UIL,7.0,9.0,2.0,,5.0,1,1.0,1.0,3.0,6.0,3.0,2.0,4.0,9.0,7.0,9.0,5.0,3.0,7.0,8.0,5.0,8.0,5.0,5.0,5.0,8.0,4.0,,4.0,2.0,7.0,4.0,3.0,5.0,5.0,4.0,9.0,1.0,,3.0,3.0,3.0,7.0,10.0,9.0,4.0,6.0,6.0,3.0,5.0,6.0,3,4.0,10,1
2011-03-04,53663,,11,1,4911.0,90274810,UIL,U I L HOLDINGS CORP,UIL,221111.0,N,A,R,21819,1,4931.0,90274810.0,,,49.0,493.0,1232.0,0.432,0.0,,,,29.84,-0.010072,50462.0,1.0,30.12,1505786.08,UIL,7.0,9.0,2.0,,5.0,1,1.0,1.0,3.0,6.0,3.0,2.0,4.0,9.0,7.0,9.0,5.0,3.0,7.0,8.0,5.0,8.0,5.0,5.0,5.0,8.0,4.0,,4.0,2.0,7.0,4.0,3.0,5.0,5.0,4.0,9.0,1.0,,3.0,3.0,3.0,7.0,10.0,9.0,4.0,6.0,6.0,3.0,5.0,6.0,3,4.0,10,1
2011-03-07,53663,,11,1,4911.0,90274810,UIL,U I L HOLDINGS CORP,UIL,221111.0,N,A,R,21819,1,4931.0,90274810.0,,,49.0,493.0,,,,,,,29.52,-0.010724,50462.0,1.0,29.89,1489638.24,UIL,7.0,9.0,2.0,,5.0,1,1.0,1.0,3.0,6.0,3.0,2.0,4.0,9.0,7.0,9.0,5.0,3.0,7.0,8.0,5.0,8.0,5.0,5.0,5.0,8.0,4.0,,4.0,2.0,7.0,4.0,3.0,5.0,5.0,4.0,9.0,1.0,,3.0,3.0,3.0,7.0,10.0,9.0,4.0,6.0,6.0,3.0,5.0,6.0,3,4.0,10,1
2011-03-08,53663,,11,1,4911.0,90274810,UIL,U I L HOLDINGS CORP,UIL,221111.0,N,A,R,21819,1,4931.0,90274810.0,,,49.0,493.0,,,,,,,29.88,0.012195,50462.0,1.0,29.53,1507804.56,UIL,7.0,9.0,2.0,,5.0,1,1.0,1.0,3.0,6.0,3.0,2.0,4.0,9.0,7.0,9.0,5.0,3.0,7.0,8.0,5.0,8.0,5.0,5.0,5.0,8.0,4.0,,4.0,2.0,7.0,4.0,3.0,5.0,5.0,4.0,9.0,1.0,,3.0,3.0,3.0,7.0,10.0,9.0,4.0,6.0,6.0,3.0,5.0,6.0,3,4.0,10,1
2011-03-09,53663,,11,1,4911.0,90274810,UIL,U I L HOLDINGS CORP,UIL,221111.0,N,A,R,21819,1,4931.0,90274810.0,,,49.0,493.0,,,,,,,29.94,0.002008,50462.0,1.0,29.87,1510832.28,UIL,7.0,9.0,2.0,,5.0,1,1.0,1.0,3.0,6.0,3.0,2.0,4.0,9.0,7.0,9.0,5.0,3.0,7.0,8.0,5.0,8.0,5.0,5.0,5.0,8.0,4.0,,4.0,2.0,7.0,4.0,3.0,5.0,5.0,4.0,9.0,1.0,,3.0,3.0,3.0,7.0,10.0,9.0,4.0,6.0,6.0,3.0,5.0,6.0,3,4.0,10,1
2011-03-10,53663,,11,1,4911.0,90274810,UIL,U I L HOLDINGS CORP,UIL,221111.0,N,A,R,21819,1,4931.0,90274810.0,,,49.0,493.0,,,,,,,29.33,-0.020374,50462.0,1.0,29.76,1480050.46,UIL,7.0,9.0,2.0,,5.0,1,1.0,1.0,3.0,6.0,3.0,2.0,4.0,9.0,7.0,9.0,5.0,3.0,7.0,8.0,5.0,8.0,5.0,5.0,5.0,8.0,4.0,,4.0,2.0,7.0,4.0,3.0,5.0,5.0,4.0,9.0,1.0,,3.0,3.0,3.0,7.0,10.0,9.0,4.0,6.0,6.0,3.0,5.0,6.0,3,4.0,10,1
2011-03-11,53663,,11,1,4911.0,90274810,UIL,U I L HOLDINGS CORP,UIL,221111.0,N,A,R,21819,1,4931.0,90274810.0,,,49.0,493.0,,,,,,,29.36,0.001023,50462.0,1.0,29.15,1481564.32,UIL,7.0,9.0,2.0,,5.0,1,1.0,1.0,3.0,6.0,3.0,2.0,4.0,9.0,7.0,9.0,5.0,3.0,7.0,8.0,5.0,8.0,5.0,5.0,5.0,8.0,4.0,,4.0,2.0,7.0,4.0,3.0,5.0,5.0,4.0,9.0,1.0,,3.0,3.0,3.0,7.0,10.0,9.0,4.0,6.0,6.0,3.0,5.0,6.0,3,4.0,10,1
2011-03-14,53663,,11,1,4911.0,90274810,UIL,U I L HOLDINGS CORP,UIL,221111.0,N,A,R,21819,1,4931.0,90274810.0,,,49.0,493.0,,,,,,,29.16,-0.006812,50462.0,1.0,29.25,1471471.92,UIL,7.0,9.0,2.0,,5.0,1,1.0,1.0,3.0,6.0,3.0,2.0,4.0,9.0,7.0,9.0,5.0,3.0,7.0,8.0,5.0,8.0,5.0,5.0,5.0,8.0,4.0,,4.0,2.0,7.0,4.0,3.0,5.0,5.0,4.0,9.0,1.0,,3.0,3.0,3.0,7.0,10.0,9.0,4.0,6.0,6.0,3.0,5.0,6.0,3,4.0,10,1
2011-03-15,53663,,11,1,4911.0,90274810,UIL,U I L HOLDINGS CORP,UIL,221111.0,N,A,R,21819,1,4931.0,90274810.0,,,49.0,493.0,,,,,,,28.94,-0.007545,50462.0,1.0,28.69,1460370.28,UIL,7.0,9.0,2.0,,5.0,1,1.0,1.0,3.0,6.0,3.0,2.0,4.0,9.0,7.0,9.0,5.0,3.0,7.0,8.0,5.0,8.0,5.0,5.0,5.0,8.0,4.0,,4.0,2.0,7.0,4.0,3.0,5.0,5.0,4.0,9.0,1.0,,3.0,3.0,3.0,7.0,10.0,9.0,4.0,6.0,6.0,3.0,5.0,6.0,3,4.0,10,1
2011-03-16,53663,,11,1,4911.0,90274810,UIL,U I L HOLDINGS CORP,UIL,221111.0,N,A,R,21819,1,4931.0,90274810.0,,,49.0,493.0,,,,,,,28.72,-0.007602,50462.0,1.0,28.91,1449268.64,UIL,7.0,9.0,2.0,,5.0,1,1.0,1.0,3.0,6.0,3.0,2.0,4.0,9.0,7.0,9.0,5.0,3.0,7.0,8.0,5.0,8.0,5.0,5.0,5.0,8.0,4.0,,4.0,2.0,7.0,4.0,3.0,5.0,5.0,4.0,9.0,1.0,,3.0,3.0,3.0,7.0,10.0,9.0,4.0,6.0,6.0,3.0,5.0,6.0,3,4.0,10,1
2011-03-17,53663,,11,1,4911.0,90274810,UIL,U I L HOLDINGS CORP,UIL,221111.0,N,A,R,21819,1,4931.0,90274810.0,,,49.0,493.0,,,,,,,28.75,0.001045,50462.0,1.0,29.11,1450782.5,UIL,7.0,9.0,2.0,,5.0,1,1.0,1.0,3.0,6.0,3.0,2.0,4.0,9.0,7.0,9.0,5.0,3.0,7.0,8.0,5.0,8.0,5.0,5.0,5.0,8.0,4.0,,4.0,2.0,7.0,4.0,3.0,5.0,5.0,4.0,9.0,1.0,,3.0,3.0,3.0,7.0,10.0,9.0,4.0,6.0,6.0,3.0,5.0,6.0,3,4.0,10,1
2011-03-18,53663,,11,1,4911.0,90274810,UIL,U I L HOLDINGS CORP,UIL,221111.0,N,A,R,21819,1,4931.0,90274810.0,,,49.0,493.0,,,,,,,29.04,0.010087,50462.0,1.0,28.85,1465416.48,UIL,7.0,9.0,2.0,,5.0,1,1.0,1.0,3.0,6.0,3.0,2.0,4.0,9.0,7.0,9.0,5.0,3.0,7.0,8.0,5.0,8.0,5.0,5.0,5.0,8.0,4.0,,4.0,2.0,7.0,4.0,3.0,5.0,5.0,4.0,9.0,1.0,,3.0,3.0,3.0,7.0,10.0,9.0,4.0,6.0,6.0,3.0,5.0,6.0,3,4.0,10,1
2011-03-21,53663,,11,1,4911.0,90274810,UIL,U I L HOLDINGS CORP,UIL,221111.0,N,A,R,21819,1,4931.0,90274810.0,,,49.0,493.0,,,,,,,29.41,0.012741,50462.0,1.0,29.22,1484087.42,UIL,7.0,9.0,2.0,,5.0,1,1.0,1.0,3.0,6.0,3.0,2.0,4.0,9.0,7.0,9.0,5.0,3.0,7.0,8.0,5.0,8.0,5.0,5.0,5.0,8.0,4.0,,4.0,2.0,7.0,4.0,3.0,5.0,5.0,4.0,9.0,1.0,,3.0,3.0,3.0,7.0,10.0,9.0,4.0,6.0,6.0,3.0,5.0,6.0,3,4.0,10,1
2011-03-22,53663,,11,1,4911.0,90274810,UIL,U I L HOLDINGS CORP,UIL,221111.0,N,A,R,21819,1,4931.0,90274810.0,,,49.0,493.0,,,,,,,29.38,-0.00102,50462.0,1.0,29.49,1482573.56,UIL,7.0,9.0,2.0,,5.0,1,1.0,1.0,3.0,6.0,3.0,2.0,4.0,9.0,7.0,9.0,5.0,3.0,7.0,8.0,5.0,8.0,5.0,5.0,5.0,8.0,4.0,,4.0,2.0,7.0,4.0,3.0,5.0,5.0,4.0,9.0,1.0,,3.0,3.0,3.0,7.0,10.0,9.0,4.0,6.0,6.0,3.0,5.0,6.0,3,4.0,10,1
2011-03-23,53663,,11,1,4911.0,90274810,UIL,U I L HOLDINGS CORP,UIL,221111.0,N,A,R,21819,1,4931.0,90274810.0,,,49.0,493.0,,,,,,,29.41,0.001021,50462.0,1.0,29.38,1484087.42,UIL,7.0,9.0,2.0,,5.0,1,1.0,1.0,3.0,6.0,3.0,2.0,4.0,9.0,7.0,9.0,5.0,3.0,7.0,8.0,5.0,8.0,5.0,5.0,5.0,8.0,4.0,,4.0,2.0,7.0,4.0,3.0,5.0,5.0,4.0,9.0,1.0,,3.0,3.0,3.0,7.0,10.0,9.0,4.0,6.0,6.0,3.0,5.0,6.0,3,4.0,10,1
2011-03-24,53663,,11,1,4911.0,90274810,UIL,U I L HOLDINGS CORP,UIL,221111.0,N,A,R,21819,1,4931.0,90274810.0,,,49.0,493.0,,,,,,,29.37,-0.00136,50462.0,1.0,29.42,1482068.94,UIL,7.0,9.0,2.0,,5.0,1,1.0,1.0,3.0,6.0,3.0,2.0,4.0,9.0,7.0,9.0,5.0,3.0,7.0,8.0,5.0,8.0,5.0,5.0,5.0,8.0,4.0,,4.0,2.0,7.0,4.0,3.0,5.0,5.0,4.0,9.0,1.0,,3.0,3.0,3.0,7.0,10.0,9.0,4.0,6.0,6.0,3.0,5.0,6.0,3,4.0,10,1
2011-03-25,53663,,11,1,4911.0,90274810,UIL,U I L HOLDINGS CORP,UIL,221111.0,N,A,R,21819,1,4931.0,90274810.0,,,49.0,493.0,,,,,,,29.55,0.006129,50462.0,1.0,29.51,1491152.1,UIL,7.0,9.0,2.0,,5.0,1,1.0,1.0,3.0,6.0,3.0,2.0,4.0,9.0,7.0,9.0,5.0,3.0,7.0,8.0,5.0,8.0,5.0,5.0,5.0,8.0,4.0,,4.0,2.0,7.0,4.0,3.0,5.0,5.0,4.0,9.0,1.0,,3.0,3.0,3.0,7.0,10.0,9.0,4.0,6.0,6.0,3.0,5.0,6.0,3,4.0,10,1
2011-03-28,53663,,11,1,4911.0,90274810,UIL,U I L HOLDINGS CORP,UIL,221111.0,N,A,R,21819,1,4931.0,90274810.0,,,49.0,493.0,,,,,,,29.59,0.001354,50462.0,1.0,29.57,1493170.58,UIL,7.0,9.0,2.0,,5.0,1,1.0,1.0,3.0,6.0,3.0,2.0,4.0,9.0,7.0,9.0,5.0,3.0,7.0,8.0,5.0,8.0,5.0,5.0,5.0,8.0,4.0,,4.0,2.0,7.0,4.0,3.0,5.0,5.0,4.0,9.0,1.0,,3.0,3.0,3.0,7.0,10.0,9.0,4.0,6.0,6.0,3.0,5.0,6.0,3,4.0,10,1
2011-03-29,53663,,11,1,4911.0,90274810,UIL,U I L HOLDINGS CORP,UIL,221111.0,N,A,R,21819,1,4931.0,90274810.0,,,49.0,493.0,,,,,,,29.78,0.006421,50462.0,1.0,29.6,1502758.36,UIL,7.0,9.0,2.0,,5.0,1,1.0,1.0,3.0,6.0,3.0,2.0,4.0,9.0,7.0,9.0,5.0,3.0,7.0,8.0,5.0,8.0,5.0,5.0,5.0,8.0,4.0,,4.0,2.0,7.0,4.0,3.0,5.0,5.0,4.0,9.0,1.0,,3.0,3.0,3.0,7.0,10.0,9.0,4.0,6.0,6.0,3.0,5.0,6.0,3,4.0,10,1
2011-03-30,53663,,11,1,4911.0,90274810,UIL,U I L HOLDINGS CORP,UIL,221111.0,N,A,R,21819,1,4931.0,90274810.0,,,49.0,493.0,,,,,,,30.4,0.020819,50462.0,1.0,29.92,1534044.8,UIL,7.0,9.0,2.0,,5.0,1,1.0,1.0,3.0,6.0,3.0,2.0,4.0,9.0,7.0,9.0,5.0,3.0,7.0,8.0,5.0,8.0,5.0,5.0,5.0,8.0,4.0,,4.0,2.0,7.0,4.0,3.0,5.0,5.0,4.0,9.0,1.0,,3.0,3.0,3.0,7.0,10.0,9.0,4.0,6.0,6.0,3.0,5.0,6.0,3,4.0,10,1
2011-03-31,53663,,11,1,4911.0,90274810,UIL,U I L HOLDINGS CORP,UIL,221111.0,N,A,R,21819,1,4931.0,90274810.0,,,49.0,493.0,,,,,,,30.52,0.003947,50500.0,1.0,30.44,1541260.0,UIL,7.0,9.0,2.0,,5.0,1,1.0,1.0,3.0,6.0,3.0,2.0,4.0,9.0,7.0,9.0,5.0,3.0,7.0,8.0,5.0,8.0,5.0,5.0,5.0,8.0,4.0,,4.0,2.0,7.0,4.0,3.0,5.0,5.0,4.0,9.0,1.0,,3.0,3.0,3.0,7.0,10.0,9.0,4.0,6.0,6.0,3.0,5.0,6.0,3,4.0,10,1
2011-04-01,53663,,11,1,4911.0,90274810,UIL,U I L HOLDINGS CORP,UIL,221111.0,N,A,R,21819,1,4931.0,90274810.0,,,49.0,493.0,,,,,,,30.76,0.007864,50500.0,1.0,30.74,1553380.0,UIL,7.0,9.0,2.0,,5.0,1,1.0,1.0,3.0,6.0,3.0,2.0,4.0,9.0,7.0,9.0,5.0,3.0,7.0,8.0,5.0,8.0,5.0,5.0,5.0,8.0,4.0,,3.0,2.0,6.0,3.0,3.0,5.0,6.0,4.0,9.0,1.0,,3.0,3.0,4.0,6.0,10.0,9.0,3.0,6.0,7.0,4.0,6.0,6.0,3,4.0,10,1
2011-04-04,53663,,11,1,4911.0,90274810,UIL,U I L HOLDINGS CORP,UIL,221111.0,N,A,R,21819,1,4931.0,90274810.0,,,49.0,493.0,,,,,,,30.8,0.0013,50500.0,1.0,30.75,1555400.0,UIL,7.0,9.0,2.0,,5.0,1,1.0,1.0,3.0,6.0,3.0,2.0,4.0,9.0,7.0,9.0,5.0,3.0,7.0,8.0,5.0,8.0,5.0,5.0,5.0,8.0,4.0,,3.0,2.0,6.0,3.0,3.0,5.0,6.0,4.0,9.0,1.0,,3.0,3.0,4.0,6.0,10.0,9.0,3.0,6.0,7.0,4.0,6.0,6.0,3,4.0,10,1
2011-04-05,53663,,11,1,4911.0,90274810,UIL,U I L HOLDINGS CORP,UIL,221111.0,N,A,R,21819,1,4931.0,90274810.0,,,49.0,493.0,,,,,,,30.73,-0.002273,50500.0,1.0,30.73,1551865.0,UIL,7.0,9.0,2.0,,5.0,1,1.0,1.0,3.0,6.0,3.0,2.0,4.0,9.0,7.0,9.0,5.0,3.0,7.0,8.0,5.0,8.0,5.0,5.0,5.0,8.0,4.0,,3.0,2.0,6.0,3.0,3.0,5.0,6.0,4.0,9.0,1.0,,3.0,3.0,4.0,6.0,10.0,9.0,3.0,6.0,7.0,4.0,6.0,6.0,3,4.0,10,1
2011-04-06,53663,,11,1,4911.0,90274810,UIL,U I L HOLDINGS CORP,UIL,221111.0,N,A,R,21819,1,4931.0,90274810.0,,,49.0,493.0,,,,,,,31.09,0.011715,50500.0,1.0,30.86,1570045.0,UIL,7.0,9.0,2.0,,5.0,1,1.0,1.0,3.0,6.0,3.0,2.0,4.0,9.0,7.0,9.0,5.0,3.0,7.0,8.0,5.0,8.0,5.0,5.0,5.0,8.0,4.0,,3.0,2.0,6.0,3.0,3.0,5.0,6.0,4.0,9.0,1.0,,3.0,3.0,4.0,6.0,10.0,9.0,3.0,6.0,7.0,4.0,6.0,6.0,3,4.0,10,1
2011-04-07,53663,,11,1,4911.0,90274810,UIL,U I L HOLDINGS CORP,UIL,221111.0,N,A,R,21819,1,4931.0,90274810.0,,,49.0,493.0,,,,,,,30.6,-0.015761,50500.0,1.0,31.02,1545300.0,UIL,7.0,9.0,2.0,,5.0,1,1.0,1.0,3.0,6.0,3.0,2.0,4.0,9.0,7.0,9.0,5.0,3.0,7.0,8.0,5.0,8.0,5.0,5.0,5.0,8.0,4.0,,3.0,2.0,6.0,3.0,3.0,5.0,6.0,4.0,9.0,1.0,,3.0,3.0,4.0,6.0,10.0,9.0,3.0,6.0,7.0,4.0,6.0,6.0,3,4.0,10,1
2011-04-08,53663,,11,1,4911.0,90274810,UIL,U I L HOLDINGS CORP,UIL,221111.0,N,A,R,21819,1,4931.0,90274810.0,,,49.0,493.0,,,,,,,30.5,-0.003268,50500.0,1.0,30.75,1540250.0,UIL,7.0,9.0,2.0,,5.0,1,1.0,1.0,3.0,6.0,3.0,2.0,4.0,9.0,7.0,9.0,5.0,3.0,7.0,8.0,5.0,8.0,5.0,5.0,5.0,8.0,4.0,,3.0,2.0,6.0,3.0,3.0,5.0,6.0,4.0,9.0,1.0,,3.0,3.0,4.0,6.0,10.0,9.0,3.0,6.0,7.0,4.0,6.0,6.0,3,4.0,10,1
2011-04-11,53663,,11,1,4911.0,90274810,UIL,U I L HOLDINGS CORP,UIL,221111.0,N,A,R,21819,1,4931.0,90274810.0,,,49.0,493.0,,,,,,,30.12,-0.012459,50500.0,1.0,30.35,1521060.0,UIL,7.0,9.0,2.0,,5.0,1,1.0,1.0,3.0,6.0,3.0,2.0,4.0,9.0,7.0,9.0,5.0,3.0,7.0,8.0,5.0,8.0,5.0,5.0,5.0,8.0,4.0,,3.0,2.0,6.0,3.0,3.0,5.0,6.0,4.0,9.0,1.0,,3.0,3.0,4.0,6.0,10.0,9.0,3.0,6.0,7.0,4.0,6.0,6.0,3,4.0,10,1
2011-04-12,53663,,11,1,4911.0,90274810,UIL,U I L HOLDINGS CORP,UIL,221111.0,N,A,R,21819,1,4931.0,90274810.0,,,49.0,493.0,,,,,,,29.99,-0.004316,50500.0,1.0,30.07,1514495.0,UIL,7.0,9.0,2.0,,5.0,1,1.0,1.0,3.0,6.0,3.0,2.0,4.0,9.0,7.0,9.0,5.0,3.0,7.0,8.0,5.0,8.0,5.0,5.0,5.0,8.0,4.0,,3.0,2.0,6.0,3.0,3.0,5.0,6.0,4.0,9.0,1.0,,3.0,3.0,4.0,6.0,10.0,9.0,3.0,6.0,7.0,4.0,6.0,6.0,3,4.0,10,1
2011-04-13,53663,,11,1,4911.0,90274810,UIL,U I L HOLDINGS CORP,UIL,221111.0,N,A,R,21819,1,4931.0,90274810.0,,,49.0,493.0,,,,,,,30.03,0.001334,50500.0,1.0,30.1,1516515.0,UIL,7.0,9.0,2.0,,5.0,1,1.0,1.0,3.0,6.0,3.0,2.0,4.0,9.0,7.0,9.0,5.0,3.0,7.0,8.0,5.0,8.0,5.0,5.0,5.0,8.0,4.0,,3.0,2.0,6.0,3.0,3.0,5.0,6.0,4.0,9.0,1.0,,3.0,3.0,4.0,6.0,10.0,9.0,3.0,6.0,7.0,4.0,6.0,6.0,3,4.0,10,1
2011-04-14,53663,,11,1,4911.0,90274810,UIL,U I L HOLDINGS CORP,UIL,221111.0,N,A,R,21819,1,4931.0,90274810.0,,,49.0,493.0,,,,,,,30.19,0.005328,50500.0,1.0,29.87,1524595.0,UIL,7.0,9.0,2.0,,5.0,1,1.0,1.0,3.0,6.0,3.0,2.0,4.0,9.0,7.0,9.0,5.0,3.0,7.0,8.0,5.0,8.0,5.0,5.0,5.0,8.0,4.0,,3.0,2.0,6.0,3.0,3.0,5.0,6.0,4.0,9.0,1.0,,3.0,3.0,4.0,6.0,10.0,9.0,3.0,6.0,7.0,4.0,6.0,6.0,3,4.0,10,1
2011-04-15,53663,,11,1,4911.0,90274810,UIL,U I L HOLDINGS CORP,UIL,221111.0,N,A,R,21819,1,4931.0,90274810.0,,,49.0,493.0,,,,,,,30.5,0.010268,50500.0,1.0,30.1,1540250.0,UIL,7.0,9.0,2.0,,5.0,1,1.0,1.0,3.0,6.0,3.0,2.0,4.0,9.0,7.0,9.0,5.0,3.0,7.0,8.0,5.0,8.0,5.0,5.0,5.0,8.0,4.0,,3.0,2.0,6.0,3.0,3.0,5.0,6.0,4.0,9.0,1.0,,3.0,3.0,4.0,6.0,10.0,9.0,3.0,6.0,7.0,4.0,6.0,6.0,3,4.0,10,1
2011-04-18,53663,,11,1,4911.0,90274810,UIL,U I L HOLDINGS CORP,UIL,221111.0,N,A,R,21819,1,4931.0,90274810.0,,,49.0,493.0,,,,,,,30.13,-0.012131,50500.0,1.0,30.19,1521565.0,UIL,7.0,9.0,2.0,,5.0,1,1.0,1.0,3.0,6.0,3.0,2.0,4.0,9.0,7.0,9.0,5.0,3.0,7.0,8.0,5.0,8.0,5.0,5.0,5.0,8.0,4.0,,3.0,2.0,6.0,3.0,3.0,5.0,6.0,4.0,9.0,1.0,,3.0,3.0,4.0,6.0,10.0,9.0,3.0,6.0,7.0,4.0,6.0,6.0,3,4.0,10,1
2011-04-19,53663,,11,1,4911.0,90274810,UIL,U I L HOLDINGS CORP,UIL,221111.0,N,A,R,21819,1,4931.0,90274810.0,,,49.0,493.0,,,,,,,30.07,-0.001991,50500.0,1.0,30.13,1518535.0,UIL,7.0,9.0,2.0,,5.0,1,1.0,1.0,3.0,6.0,3.0,2.0,4.0,9.0,7.0,9.0,5.0,3.0,7.0,8.0,5.0,8.0,5.0,5.0,5.0,8.0,4.0,,3.0,2.0,6.0,3.0,3.0,5.0,6.0,4.0,9.0,1.0,,3.0,3.0,4.0,6.0,10.0,9.0,3.0,6.0,7.0,4.0,6.0,6.0,3,4.0,10,1
2011-04-20,53663,,11,1,4911.0,90274810,UIL,U I L HOLDINGS CORP,UIL,221111.0,N,A,R,21819,1,4931.0,90274810.0,,,49.0,493.0,,,,,,,30.41,0.011307,50500.0,1.0,30.35,1535705.0,UIL,7.0,9.0,2.0,,5.0,1,1.0,1.0,3.0,6.0,3.0,2.0,4.0,9.0,7.0,9.0,5.0,3.0,7.0,8.0,5.0,8.0,5.0,5.0,5.0,8.0,4.0,,3.0,2.0,6.0,3.0,3.0,5.0,6.0,4.0,9.0,1.0,,3.0,3.0,4.0,6.0,10.0,9.0,3.0,6.0,7.0,4.0,6.0,6.0,3,4.0,10,1
2011-04-21,53663,,11,1,4911.0,90274810,UIL,U I L HOLDINGS CORP,UIL,221111.0,N,A,R,21819,1,4931.0,90274810.0,,,49.0,493.0,,,,,,,30.53,0.003946,50500.0,1.0,30.56,1541765.0,UIL,7.0,9.0,2.0,,5.0,1,1.0,1.0,3.0,6.0,3.0,2.0,4.0,9.0,7.0,9.0,5.0,3.0,7.0,8.0,5.0,8.0,5.0,5.0,5.0,8.0,4.0,,3.0,2.0,6.0,3.0,3.0,5.0,6.0,4.0,9.0,1.0,,3.0,3.0,4.0,6.0,10.0,9.0,3.0,6.0,7.0,4.0,6.0,6.0,3,4.0,10,1
2011-04-25,53663,,11,1,4911.0,90274810,UIL,U I L HOLDINGS CORP,UIL,221111.0,N,A,R,21819,1,4931.0,90274810.0,,,49.0,493.0,,,,,,,30.45,-0.00262,50500.0,1.0,30.49,1537725.0,UIL,7.0,9.0,2.0,,5.0,1,1.0,1.0,3.0,6.0,3.0,2.0,4.0,9.0,7.0,9.0,5.0,3.0,7.0,8.0,5.0,8.0,5.0,5.0,5.0,8.0,4.0,,3.0,2.0,6.0,3.0,3.0,5.0,6.0,4.0,9.0,1.0,,3.0,3.0,4.0,6.0,10.0,9.0,3.0,6.0,7.0,4.0,6.0,6.0,3,4.0,10,1
2011-04-26,53663,,11,1,4911.0,90274810,UIL,U I L HOLDINGS CORP,UIL,221111.0,N,A,R,21819,1,4931.0,90274810.0,,,49.0,493.0,,,,,,,30.87,0.013793,50500.0,1.0,30.56,1558935.0,UIL,7.0,9.0,2.0,,5.0,1,1.0,1.0,3.0,6.0,3.0,2.0,4.0,9.0,7.0,9.0,5.0,3.0,7.0,8.0,5.0,8.0,5.0,5.0,5.0,8.0,4.0,,3.0,2.0,6.0,3.0,3.0,5.0,6.0,4.0,9.0,1.0,,3.0,3.0,4.0,6.0,10.0,9.0,3.0,6.0,7.0,4.0,6.0,6.0,3,4.0,10,1
2011-04-27,53663,,11,1,4911.0,90274810,UIL,U I L HOLDINGS CORP,UIL,221111.0,N,A,R,21819,1,4931.0,90274810.0,,,49.0,493.0,,,,,,,31.5,0.020408,50500.0,1.0,30.94,1590750.0,UIL,7.0,9.0,2.0,,5.0,1,1.0,1.0,3.0,6.0,3.0,2.0,4.0,9.0,7.0,9.0,5.0,3.0,7.0,8.0,5.0,8.0,5.0,5.0,5.0,8.0,4.0,,3.0,2.0,6.0,3.0,3.0,5.0,6.0,4.0,9.0,1.0,,3.0,3.0,4.0,6.0,10.0,9.0,3.0,6.0,7.0,4.0,6.0,6.0,3,4.0,10,1
2011-04-28,53663,,11,1,4911.0,90274810,UIL,U I L HOLDINGS CORP,UIL,221111.0,N,A,R,21819,1,4931.0,90274810.0,,,49.0,493.0,,,,,,,31.81,0.009841,50500.0,1.0,31.51,1606405.0,UIL,7.0,9.0,2.0,,5.0,1,1.0,1.0,3.0,6.0,3.0,2.0,4.0,9.0,7.0,9.0,5.0,3.0,7.0,8.0,5.0,8.0,5.0,5.0,5.0,8.0,4.0,,3.0,2.0,6.0,3.0,3.0,5.0,6.0,4.0,9.0,1.0,,3.0,3.0,4.0,6.0,10.0,9.0,3.0,6.0,7.0,4.0,6.0,6.0,3,4.0,10,1
2011-04-29,53663,,11,1,4911.0,90274810,UIL,U I L HOLDINGS CORP,UIL,221111.0,N,A,R,21819,1,4931.0,90274810.0,,,49.0,493.0,,,,,,,31.82,0.000314,50500.0,1.0,31.85,1606910.0,UIL,7.0,9.0,2.0,,5.0,1,1.0,1.0,3.0,6.0,3.0,2.0,4.0,9.0,7.0,9.0,5.0,3.0,7.0,8.0,5.0,8.0,5.0,5.0,5.0,8.0,4.0,,3.0,2.0,6.0,3.0,3.0,5.0,6.0,4.0,9.0,1.0,,3.0,3.0,4.0,6.0,10.0,9.0,3.0,6.0,7.0,4.0,6.0,6.0,3,4.0,10,1
2011-05-02,53663,,11,1,4911.0,90274810,UIL,U I L HOLDINGS CORP,UIL,221111.0,N,A,R,21819,1,4931.0,90274810.0,,,49.0,493.0,,,,,,,31.76,-0.001886,50500.0,1.0,31.86,1603880.0,UIL,7.0,9.0,2.0,,5.0,1,1.0,1.0,3.0,6.0,3.0,2.0,4.0,9.0,7.0,9.0,5.0,3.0,7.0,8.0,5.0,8.0,5.0,5.0,5.0,8.0,4.0,,3.0,2.0,6.0,3.0,3.0,5.0,7.0,5.0,6.0,1.0,,3.0,4.0,,4.0,10.0,9.0,2.0,5.0,5.0,2.0,6.0,6.0,3,5.0,10,1
2011-05-03,53663,,11,1,4911.0,90274810,UIL,U I L HOLDINGS CORP,UIL,221111.0,N,A,R,21819,1,4931.0,90274810.0,,,49.0,493.0,,,,,,,32.17,0.012909,50500.0,1.0,31.7,1624585.0,UIL,7.0,9.0,2.0,,5.0,1,1.0,1.0,3.0,6.0,3.0,2.0,4.0,9.0,7.0,9.0,5.0,3.0,7.0,8.0,5.0,8.0,5.0,5.0,5.0,8.0,4.0,,3.0,2.0,6.0,3.0,3.0,5.0,7.0,5.0,6.0,1.0,,3.0,4.0,,4.0,10.0,9.0,2.0,5.0,5.0,2.0,6.0,6.0,3,5.0,10,1
2011-05-04,53663,,11,1,4911.0,90274810,UIL,U I L HOLDINGS CORP,UIL,221111.0,N,A,R,21819,1,4931.0,90274810.0,,,49.0,493.0,,,,,,,32.49,0.009947,50500.0,1.0,33.05,1640745.0,UIL,7.0,9.0,2.0,,5.0,1,1.0,1.0,3.0,6.0,3.0,2.0,4.0,9.0,7.0,9.0,5.0,3.0,7.0,8.0,5.0,8.0,5.0,5.0,5.0,8.0,4.0,,3.0,2.0,6.0,3.0,3.0,5.0,7.0,5.0,6.0,1.0,,3.0,4.0,,4.0,10.0,9.0,2.0,5.0,5.0,2.0,6.0,6.0,3,5.0,10,1
2011-05-05,53663,,11,1,4911.0,90274810,UIL,U I L HOLDINGS CORP,UIL,221111.0,N,A,R,21819,1,4931.0,90274810.0,,,49.0,493.0,,,,,,,32.52,0.000923,50500.0,1.0,32.43,1642260.0,UIL,7.0,9.0,2.0,,5.0,1,1.0,1.0,3.0,6.0,3.0,2.0,4.0,9.0,7.0,9.0,5.0,3.0,7.0,8.0,5.0,8.0,5.0,5.0,5.0,8.0,4.0,,3.0,2.0,6.0,3.0,3.0,5.0,7.0,5.0,6.0,1.0,,3.0,4.0,,4.0,10.0,9.0,2.0,5.0,5.0,2.0,6.0,6.0,3,5.0,10,1
2011-05-06,53663,,11,1,4911.0,90274810,UIL,U I L HOLDINGS CORP,UIL,221111.0,N,A,R,21819,1,4931.0,90274810.0,,,49.0,493.0,,,,,,,33.03,0.015683,50500.0,1.0,32.79,1668015.0,UIL,7.0,9.0,2.0,,5.0,1,1.0,1.0,3.0,6.0,3.0,2.0,4.0,9.0,7.0,9.0,5.0,3.0,7.0,8.0,5.0,8.0,5.0,5.0,5.0,8.0,4.0,,3.0,2.0,6.0,3.0,3.0,5.0,7.0,5.0,6.0,1.0,,3.0,4.0,,4.0,10.0,9.0,2.0,5.0,5.0,2.0,6.0,6.0,3,5.0,10,1
2011-05-09,53663,,11,1,4911.0,90274810,UIL,U I L HOLDINGS CORP,UIL,221111.0,N,A,R,21819,1,4931.0,90274810.0,,,49.0,493.0,,,,,,,33.23,0.006055,50500.0,1.0,32.96,1678115.0,UIL,7.0,9.0,2.0,,5.0,1,1.0,1.0,3.0,6.0,3.0,2.0,4.0,9.0,7.0,9.0,5.0,3.0,7.0,8.0,5.0,8.0,5.0,5.0,5.0,8.0,4.0,,3.0,2.0,6.0,3.0,3.0,5.0,7.0,5.0,6.0,1.0,,3.0,4.0,,4.0,10.0,9.0,2.0,5.0,5.0,2.0,6.0,6.0,3,5.0,10,1
2011-05-10,53663,,11,1,4911.0,90274810,UIL,U I L HOLDINGS CORP,UIL,221111.0,N,A,R,21819,1,4931.0,90274810.0,,,49.0,493.0,,,,,,,33.79,0.016852,50500.0,1.0,33.31,1706395.0,UIL,7.0,9.0,2.0,,5.0,1,1.0,1.0,3.0,6.0,3.0,2.0,4.0,9.0,7.0,9.0,5.0,3.0,7.0,8.0,5.0,8.0,5.0,5.0,5.0,8.0,4.0,,3.0,2.0,6.0,3.0,3.0,5.0,7.0,5.0,6.0,1.0,,3.0,4.0,,4.0,10.0,9.0,2.0,5.0,5.0,2.0,6.0,6.0,3,5.0,10,1
2011-05-11,53663,,11,1,4911.0,90274810,UIL,U I L HOLDINGS CORP,UIL,221111.0,N,A,R,21819,1,4931.0,90274810.0,,,49.0,493.0,,,,,,,33.58,-0.006215,50500.0,1.0,33.79,1695790.0,UIL,7.0,9.0,2.0,,5.0,1,1.0,1.0,3.0,6.0,3.0,2.0,4.0,9.0,7.0,9.0,5.0,3.0,7.0,8.0,5.0,8.0,5.0,5.0,5.0,8.0,4.0,,3.0,2.0,6.0,3.0,3.0,5.0,7.0,5.0,6.0,1.0,,3.0,4.0,,4.0,10.0,9.0,2.0,5.0,5.0,2.0,6.0,6.0,3,5.0,10,1
2011-05-12,53663,,11,1,4911.0,90274810,UIL,U I L HOLDINGS CORP,UIL,221111.0,N,A,R,21819,1,4931.0,90274810.0,,,49.0,493.0,,,,,,,34.02,0.013103,50500.0,1.0,33.44,1718010.0,UIL,7.0,9.0,2.0,,5.0,1,1.0,1.0,3.0,6.0,3.0,2.0,4.0,9.0,7.0,9.0,5.0,3.0,7.0,8.0,5.0,8.0,5.0,5.0,5.0,8.0,4.0,,3.0,2.0,6.0,3.0,3.0,5.0,7.0,5.0,6.0,1.0,,3.0,4.0,,4.0,10.0,9.0,2.0,5.0,5.0,2.0,6.0,6.0,3,5.0,10,1
2011-05-13,53663,,11,1,4911.0,90274810,UIL,U I L HOLDINGS CORP,UIL,221111.0,N,A,R,21819,1,4931.0,90274810.0,,,49.0,493.0,,,,,,,33.99,-0.000882,50500.0,1.0,34.09,1716495.0,UIL,7.0,9.0,2.0,,5.0,1,1.0,1.0,3.0,6.0,3.0,2.0,4.0,9.0,7.0,9.0,5.0,3.0,7.0,8.0,5.0,8.0,5.0,5.0,5.0,8.0,4.0,,3.0,2.0,6.0,3.0,3.0,5.0,7.0,5.0,6.0,1.0,,3.0,4.0,,4.0,10.0,9.0,2.0,5.0,5.0,2.0,6.0,6.0,3,5.0,10,1
2011-05-16,53663,,11,1,4911.0,90274810,UIL,U I L HOLDINGS CORP,UIL,221111.0,N,A,R,21819,1,4931.0,90274810.0,,,49.0,493.0,,,,,,,33.81,-0.005296,50500.0,1.0,33.92,1707405.0,UIL,7.0,9.0,2.0,,5.0,1,1.0,1.0,3.0,6.0,3.0,2.0,4.0,9.0,7.0,9.0,5.0,3.0,7.0,8.0,5.0,8.0,5.0,5.0,5.0,8.0,4.0,,3.0,2.0,6.0,3.0,3.0,5.0,7.0,5.0,6.0,1.0,,3.0,4.0,,4.0,10.0,9.0,2.0,5.0,5.0,2.0,6.0,6.0,3,5.0,10,1
2011-05-17,53663,,11,1,4911.0,90274810,UIL,U I L HOLDINGS CORP,UIL,221111.0,N,A,R,21819,1,4931.0,90274810.0,,,49.0,493.0,,,,,,,34.08,0.007986,50500.0,1.0,33.74,1721040.0,UIL,7.0,9.0,2.0,,5.0,1,1.0,1.0,3.0,6.0,3.0,2.0,4.0,9.0,7.0,9.0,5.0,3.0,7.0,8.0,5.0,8.0,5.0,5.0,5.0,8.0,4.0,,3.0,2.0,6.0,3.0,3.0,5.0,7.0,5.0,6.0,1.0,,3.0,4.0,,4.0,10.0,9.0,2.0,5.0,5.0,2.0,6.0,6.0,3,5.0,10,1
2011-05-18,53663,,11,1,4911.0,90274810,UIL,U I L HOLDINGS CORP,UIL,221111.0,N,A,R,21819,1,4931.0,90274810.0,,,49.0,493.0,,,,,,,34.1,0.000587,50500.0,1.0,34.18,1722050.0,UIL,7.0,9.0,2.0,,5.0,1,1.0,1.0,3.0,6.0,3.0,2.0,4.0,9.0,7.0,9.0,5.0,3.0,7.0,8.0,5.0,8.0,5.0,5.0,5.0,8.0,4.0,,3.0,2.0,6.0,3.0,3.0,5.0,7.0,5.0,6.0,1.0,,3.0,4.0,,4.0,10.0,9.0,2.0,5.0,5.0,2.0,6.0,6.0,3,5.0,10,1
2011-05-19,53663,,11,1,4911.0,90274810,UIL,U I L HOLDINGS CORP,UIL,221111.0,N,A,R,21819,1,4931.0,90274810.0,,,49.0,493.0,,,,,,,34.03,-0.002053,50500.0,1.0,34.31,1718515.0,UIL,7.0,9.0,2.0,,5.0,1,1.0,1.0,3.0,6.0,3.0,2.0,4.0,9.0,7.0,9.0,5.0,3.0,7.0,8.0,5.0,8.0,5.0,5.0,5.0,8.0,4.0,,3.0,2.0,6.0,3.0,3.0,5.0,7.0,5.0,6.0,1.0,,3.0,4.0,,4.0,10.0,9.0,2.0,5.0,5.0,2.0,6.0,6.0,3,5.0,10,1
2011-05-20,53663,,11,1,4911.0,90274810,UIL,U I L HOLDINGS CORP,UIL,221111.0,N,A,R,21819,1,4931.0,90274810.0,,,49.0,493.0,,,,,,,33.77,-0.00764,50500.0,1.0,33.95,1705385.0,UIL,7.0,9.0,2.0,,5.0,1,1.0,1.0,3.0,6.0,3.0,2.0,4.0,9.0,7.0,9.0,5.0,3.0,7.0,8.0,5.0,8.0,5.0,5.0,5.0,8.0,4.0,,3.0,2.0,6.0,3.0,3.0,5.0,7.0,5.0,6.0,1.0,,3.0,4.0,,4.0,10.0,9.0,2.0,5.0,5.0,2.0,6.0,6.0,3,5.0,10,1
2011-05-23,53663,,11,1,4911.0,90274810,UIL,U I L HOLDINGS CORP,UIL,221111.0,N,A,R,21819,1,4931.0,90274810.0,,,49.0,493.0,,,,,,,33.38,-0.011549,50500.0,1.0,33.06,1685690.0,UIL,7.0,9.0,2.0,,5.0,1,1.0,1.0,3.0,6.0,3.0,2.0,4.0,9.0,7.0,9.0,5.0,3.0,7.0,8.0,5.0,8.0,5.0,5.0,5.0,8.0,4.0,,3.0,2.0,6.0,3.0,3.0,5.0,7.0,5.0,6.0,1.0,,3.0,4.0,,4.0,10.0,9.0,2.0,5.0,5.0,2.0,6.0,6.0,3,5.0,10,1
2011-05-24,53663,,11,1,4911.0,90274810,UIL,U I L HOLDINGS CORP,UIL,221111.0,N,A,R,21819,1,4931.0,90274810.0,,,49.0,493.0,,,,,,,33.4,0.000599,50500.0,1.0,33.3,1686700.0,UIL,7.0,9.0,2.0,,5.0,1,1.0,1.0,3.0,6.0,3.0,2.0,4.0,9.0,7.0,9.0,5.0,3.0,7.0,8.0,5.0,8.0,5.0,5.0,5.0,8.0,4.0,,3.0,2.0,6.0,3.0,3.0,5.0,7.0,5.0,6.0,1.0,,3.0,4.0,,4.0,10.0,9.0,2.0,5.0,5.0,2.0,6.0,6.0,3,5.0,10,1
2011-05-25,53663,,11,1,4911.0,90274810,UIL,U I L HOLDINGS CORP,UIL,221111.0,N,A,R,21819,1,4931.0,90274810.0,,,49.0,493.0,,,,,,,33.26,-0.004192,50500.0,1.0,33.27,1679630.0,UIL,7.0,9.0,2.0,,5.0,1,1.0,1.0,3.0,6.0,3.0,2.0,4.0,9.0,7.0,9.0,5.0,3.0,7.0,8.0,5.0,8.0,5.0,5.0,5.0,8.0,4.0,,3.0,2.0,6.0,3.0,3.0,5.0,7.0,5.0,6.0,1.0,,3.0,4.0,,4.0,10.0,9.0,2.0,5.0,5.0,2.0,6.0,6.0,3,5.0,10,1
2011-05-26,53663,,11,1,4911.0,90274810,UIL,U I L HOLDINGS CORP,UIL,221111.0,N,A,R,21819,1,4931.0,90274810.0,,,49.0,493.0,,,,,,,33.18,-0.002405,50500.0,1.0,33.15,1675590.0,UIL,7.0,9.0,2.0,,5.0,1,1.0,1.0,3.0,6.0,3.0,2.0,4.0,9.0,7.0,9.0,5.0,3.0,7.0,8.0,5.0,8.0,5.0,5.0,5.0,8.0,4.0,,3.0,2.0,6.0,3.0,3.0,5.0,7.0,5.0,6.0,1.0,,3.0,4.0,,4.0,10.0,9.0,2.0,5.0,5.0,2.0,6.0,6.0,3,5.0,10,1
2011-05-27,53663,,11,1,4911.0,90274810,UIL,U I L HOLDINGS CORP,UIL,221111.0,N,A,R,21819,1,4931.0,90274810.0,,,49.0,493.0,,,,,,,32.92,-0.007836,50500.0,1.0,32.32,1662460.0,UIL,7.0,9.0,2.0,,5.0,1,1.0,1.0,3.0,6.0,3.0,2.0,4.0,9.0,7.0,9.0,5.0,3.0,7.0,8.0,5.0,8.0,5.0,5.0,5.0,8.0,4.0,,3.0,2.0,6.0,3.0,3.0,5.0,7.0,5.0,6.0,1.0,,3.0,4.0,,4.0,10.0,9.0,2.0,5.0,5.0,2.0,6.0,6.0,3,5.0,10,1
2011-05-31,53663,,11,1,4911.0,90274810,UIL,U I L HOLDINGS CORP,UIL,221111.0,N,A,R,21819,1,4931.0,90274810.0,,,49.0,493.0,,,,,,,33.13,0.006379,50527.0,1.0,33.05,1673959.51,UIL,7.0,9.0,2.0,,5.0,1,1.0,1.0,3.0,6.0,3.0,2.0,4.0,9.0,7.0,9.0,5.0,3.0,7.0,8.0,5.0,8.0,5.0,5.0,5.0,8.0,4.0,,3.0,2.0,6.0,3.0,3.0,5.0,7.0,5.0,6.0,1.0,,3.0,4.0,,4.0,10.0,9.0,2.0,5.0,5.0,2.0,6.0,6.0,3,5.0,10,1
2011-06-01,53663,,11,1,4911.0,90274810,UIL,U I L HOLDINGS CORP,UIL,221111.0,N,A,R,21819,1,4931.0,90274810.0,,,49.0,493.0,,,,,,,32.6,-0.015998,50527.0,1.0,33.16,1647180.2,UIL,7.0,9.0,2.0,,5.0,1,1.0,1.0,3.0,6.0,3.0,2.0,4.0,9.0,7.0,9.0,5.0,3.0,7.0,8.0,5.0,8.0,5.0,5.0,5.0,8.0,4.0,,4.0,5.0,7.0,4.0,3.0,6.0,7.0,5.0,9.0,1.0,,8.0,10.0,6.0,2.0,10.0,9.0,9.0,3.0,3.0,3.0,6.0,6.0,3,5.0,10,1
2011-06-02,53663,,11,1,4911.0,90274810,UIL,U I L HOLDINGS CORP,UIL,221111.0,N,A,R,21819,1,4931.0,90274810.0,,,49.0,493.0,,,,,,,32.29,-0.009509,50527.0,1.0,32.59,1631516.83,UIL,7.0,9.0,2.0,,5.0,1,1.0,1.0,3.0,6.0,3.0,2.0,4.0,9.0,7.0,9.0,5.0,3.0,7.0,8.0,5.0,8.0,5.0,5.0,5.0,8.0,4.0,,4.0,5.0,7.0,4.0,3.0,6.0,7.0,5.0,9.0,1.0,,8.0,10.0,6.0,2.0,10.0,9.0,9.0,3.0,3.0,3.0,6.0,6.0,3,5.0,10,1
2011-06-03,53663,,11,1,4911.0,90274810,UIL,U I L HOLDINGS CORP,UIL,221111.0,N,A,R,21819,1,4931.0,90274810.0,,,49.0,493.0,,,,,,,31.59,-0.021679,50527.0,1.0,32.0,1596147.93,UIL,7.0,9.0,2.0,,5.0,1,1.0,1.0,3.0,6.0,3.0,2.0,4.0,9.0,7.0,9.0,5.0,3.0,7.0,8.0,5.0,8.0,5.0,5.0,5.0,8.0,4.0,,4.0,5.0,7.0,4.0,3.0,6.0,7.0,5.0,9.0,1.0,,8.0,10.0,6.0,2.0,10.0,9.0,9.0,3.0,3.0,3.0,6.0,6.0,3,5.0,10,1
2011-06-06,53663,,11,1,4911.0,90274810,UIL,U I L HOLDINGS CORP,UIL,221111.0,N,A,R,21819,1,4931.0,90274810.0,,,49.0,493.0,,,,,,,31.54,-0.001583,50527.0,1.0,31.56,1593621.58,UIL,7.0,9.0,2.0,,5.0,1,1.0,1.0,3.0,6.0,3.0,2.0,4.0,9.0,7.0,9.0,5.0,3.0,7.0,8.0,5.0,8.0,5.0,5.0,5.0,8.0,4.0,,4.0,5.0,7.0,4.0,3.0,6.0,7.0,5.0,9.0,1.0,,8.0,10.0,6.0,2.0,10.0,9.0,9.0,3.0,3.0,3.0,6.0,6.0,3,5.0,10,1
2011-06-07,53663,,11,1,4911.0,90274810,UIL,U I L HOLDINGS CORP,UIL,221111.0,N,A,R,21819,1,4931.0,90274810.0,,,49.0,493.0,,,,,,,31.53,-0.000317,50527.0,1.0,31.69,1593116.31,UIL,7.0,9.0,2.0,,5.0,1,1.0,1.0,3.0,6.0,3.0,2.0,4.0,9.0,7.0,9.0,5.0,3.0,7.0,8.0,5.0,8.0,5.0,5.0,5.0,8.0,4.0,,4.0,5.0,7.0,4.0,3.0,6.0,7.0,5.0,9.0,1.0,,8.0,10.0,6.0,2.0,10.0,9.0,9.0,3.0,3.0,3.0,6.0,6.0,3,5.0,10,1
2011-06-08,53663,,11,1,4911.0,90274810,UIL,U I L HOLDINGS CORP,UIL,221111.0,N,A,R,21819,1,4931.0,90274810.0,,,49.0,493.0,,,,,,,31.45,-0.002537,50527.0,1.0,31.55,1589074.15,UIL,7.0,9.0,2.0,,5.0,1,1.0,1.0,3.0,6.0,3.0,2.0,4.0,9.0,7.0,9.0,5.0,3.0,7.0,8.0,5.0,8.0,5.0,5.0,5.0,8.0,4.0,,4.0,5.0,7.0,4.0,3.0,6.0,7.0,5.0,9.0,1.0,,8.0,10.0,6.0,2.0,10.0,9.0,9.0,3.0,3.0,3.0,6.0,6.0,3,5.0,10,1
2011-06-09,53663,,11,1,4911.0,90274810,UIL,U I L HOLDINGS CORP,UIL,221111.0,N,A,R,21819,1,4931.0,90274810.0,,,49.0,493.0,,,,,,,31.44,-0.000318,50527.0,1.0,31.57,1588568.88,UIL,7.0,9.0,2.0,,5.0,1,1.0,1.0,3.0,6.0,3.0,2.0,4.0,9.0,7.0,9.0,5.0,3.0,7.0,8.0,5.0,8.0,5.0,5.0,5.0,8.0,4.0,,4.0,5.0,7.0,4.0,3.0,6.0,7.0,5.0,9.0,1.0,,8.0,10.0,6.0,2.0,10.0,9.0,9.0,3.0,3.0,3.0,6.0,6.0,3,5.0,10,1
2011-06-10,53663,,11,1,4911.0,90274810,UIL,U I L HOLDINGS CORP,UIL,221111.0,N,A,R,21819,1,4931.0,90274810.0,,,49.0,493.0,,,,,,,31.36,-0.002545,50527.0,1.0,31.35,1584526.72,UIL,7.0,9.0,2.0,,5.0,1,1.0,1.0,3.0,6.0,3.0,2.0,4.0,9.0,7.0,9.0,5.0,3.0,7.0,8.0,5.0,8.0,5.0,5.0,5.0,8.0,4.0,,4.0,5.0,7.0,4.0,3.0,6.0,7.0,5.0,9.0,1.0,,8.0,10.0,6.0,2.0,10.0,9.0,9.0,3.0,3.0,3.0,6.0,6.0,3,5.0,10,1
2011-06-13,53663,,11,1,4911.0,90274810,UIL,U I L HOLDINGS CORP,UIL,221111.0,N,A,R,21819,1,4931.0,90274810.0,,,49.0,493.0,,,,,,,31.73,0.011798,50527.0,1.0,31.39,1603221.71,UIL,7.0,9.0,2.0,,5.0,1,1.0,1.0,3.0,6.0,3.0,2.0,4.0,9.0,7.0,9.0,5.0,3.0,7.0,8.0,5.0,8.0,5.0,5.0,5.0,8.0,4.0,,4.0,5.0,7.0,4.0,3.0,6.0,7.0,5.0,9.0,1.0,,8.0,10.0,6.0,2.0,10.0,9.0,9.0,3.0,3.0,3.0,6.0,6.0,3,5.0,10,1
2011-06-14,53663,,11,1,4911.0,90274810,UIL,U I L HOLDINGS CORP,UIL,221111.0,N,A,R,21819,1,4931.0,90274810.0,,,49.0,493.0,,,,,,,31.98,0.007879,50527.0,1.0,31.93,1615853.46,UIL,7.0,9.0,2.0,,5.0,1,1.0,1.0,3.0,6.0,3.0,2.0,4.0,9.0,7.0,9.0,5.0,3.0,7.0,8.0,5.0,8.0,5.0,5.0,5.0,8.0,4.0,,4.0,5.0,7.0,4.0,3.0,6.0,7.0,5.0,9.0,1.0,,8.0,10.0,6.0,2.0,10.0,9.0,9.0,3.0,3.0,3.0,6.0,6.0,3,5.0,10,1
2011-06-15,53663,,11,1,4911.0,90274810,UIL,U I L HOLDINGS CORP,UIL,221111.0,N,A,R,21819,1,4931.0,90274810.0,,,49.0,493.0,1232.0,0.432,0.0,,,,31.19,-0.011194,50527.0,1.0,31.47,1575937.13,UIL,7.0,9.0,2.0,,5.0,1,1.0,1.0,3.0,6.0,3.0,2.0,4.0,9.0,7.0,9.0,5.0,3.0,7.0,8.0,5.0,8.0,5.0,5.0,5.0,8.0,4.0,,4.0,5.0,7.0,4.0,3.0,6.0,7.0,5.0,9.0,1.0,,8.0,10.0,6.0,2.0,10.0,9.0,9.0,3.0,3.0,3.0,6.0,6.0,3,5.0,10,1
2011-06-16,53663,,11,1,4911.0,90274810,UIL,U I L HOLDINGS CORP,UIL,221111.0,N,A,R,21819,1,4931.0,90274810.0,,,49.0,493.0,,,,,,,31.35,0.00513,50527.0,1.0,31.17,1584021.45,UIL,7.0,9.0,2.0,,5.0,1,1.0,1.0,3.0,6.0,3.0,2.0,4.0,9.0,7.0,9.0,5.0,3.0,7.0,8.0,5.0,8.0,5.0,5.0,5.0,8.0,4.0,,4.0,5.0,7.0,4.0,3.0,6.0,7.0,5.0,9.0,1.0,,8.0,10.0,6.0,2.0,10.0,9.0,9.0,3.0,3.0,3.0,6.0,6.0,3,5.0,10,1
2011-06-17,53663,,11,1,4911.0,90274810,UIL,U I L HOLDINGS CORP,UIL,221111.0,N,A,R,21819,1,4931.0,90274810.0,,,49.0,493.0,,,,,,,31.57,0.007018,50527.0,1.0,31.5,1595137.39,UIL,7.0,9.0,2.0,,5.0,1,1.0,1.0,3.0,6.0,3.0,2.0,4.0,9.0,7.0,9.0,5.0,3.0,7.0,8.0,5.0,8.0,5.0,5.0,5.0,8.0,4.0,,4.0,5.0,7.0,4.0,3.0,6.0,7.0,5.0,9.0,1.0,,8.0,10.0,6.0,2.0,10.0,9.0,9.0,3.0,3.0,3.0,6.0,6.0,3,5.0,10,1
2011-06-20,53663,,11,1,4911.0,90274810,UIL,U I L HOLDINGS CORP,UIL,221111.0,N,A,R,21819,1,4931.0,90274810.0,,,49.0,493.0,,,,,,,31.62,0.001584,50527.0,1.0,31.45,1597663.74,UIL,7.0,9.0,2.0,,5.0,1,1.0,1.0,3.0,6.0,3.0,2.0,4.0,9.0,7.0,9.0,5.0,3.0,7.0,8.0,5.0,8.0,5.0,5.0,5.0,8.0,4.0,,4.0,5.0,7.0,4.0,3.0,6.0,7.0,5.0,9.0,1.0,,8.0,10.0,6.0,2.0,10.0,9.0,9.0,3.0,3.0,3.0,6.0,6.0,3,5.0,10,1
2011-06-21,53663,,11,1,4911.0,90274810,UIL,U I L HOLDINGS CORP,UIL,221111.0,N,A,R,21819,1,4931.0,90274810.0,,,49.0,493.0,,,,,,,31.72,0.003163,50527.0,1.0,31.72,1602716.44,UIL,7.0,9.0,2.0,,5.0,1,1.0,1.0,3.0,6.0,3.0,2.0,4.0,9.0,7.0,9.0,5.0,3.0,7.0,8.0,5.0,8.0,5.0,5.0,5.0,8.0,4.0,,4.0,5.0,7.0,4.0,3.0,6.0,7.0,5.0,9.0,1.0,,8.0,10.0,6.0,2.0,10.0,9.0,9.0,3.0,3.0,3.0,6.0,6.0,3,5.0,10,1
2011-06-22,53663,,11,1,4911.0,90274810,UIL,U I L HOLDINGS CORP,UIL,221111.0,N,A,R,21819,1,4931.0,90274810.0,,,49.0,493.0,,,,,,,31.72,0.0,50527.0,1.0,31.6,1602716.44,UIL,7.0,9.0,2.0,,5.0,1,1.0,1.0,3.0,6.0,3.0,2.0,4.0,9.0,7.0,9.0,5.0,3.0,7.0,8.0,5.0,8.0,5.0,5.0,5.0,8.0,4.0,,4.0,5.0,7.0,4.0,3.0,6.0,7.0,5.0,9.0,1.0,,8.0,10.0,6.0,2.0,10.0,9.0,9.0,3.0,3.0,3.0,6.0,6.0,3,5.0,10,1
2011-06-23,53663,,11,1,4911.0,90274810,UIL,U I L HOLDINGS CORP,UIL,221111.0,N,A,R,21819,1,4931.0,90274810.0,,,49.0,493.0,,,,,,,31.53,-0.00599,50527.0,1.0,31.43,1593116.31,UIL,7.0,9.0,2.0,,5.0,1,1.0,1.0,3.0,6.0,3.0,2.0,4.0,9.0,7.0,9.0,5.0,3.0,7.0,8.0,5.0,8.0,5.0,5.0,5.0,8.0,4.0,,4.0,5.0,7.0,4.0,3.0,6.0,7.0,5.0,9.0,1.0,,8.0,10.0,6.0,2.0,10.0,9.0,9.0,3.0,3.0,3.0,6.0,6.0,3,5.0,10,1
2011-06-24,53663,,11,1,4911.0,90274810,UIL,U I L HOLDINGS CORP,UIL,221111.0,N,A,R,21819,1,4931.0,90274810.0,,,49.0,493.0,,,,,,,31.79,0.008246,50527.0,1.0,31.59,1606253.33,UIL,7.0,9.0,2.0,,5.0,1,1.0,1.0,3.0,6.0,3.0,2.0,4.0,9.0,7.0,9.0,5.0,3.0,7.0,8.0,5.0,8.0,5.0,5.0,5.0,8.0,4.0,,4.0,5.0,7.0,4.0,3.0,6.0,7.0,5.0,9.0,1.0,,8.0,10.0,6.0,2.0,10.0,9.0,9.0,3.0,3.0,3.0,6.0,6.0,3,5.0,10,1
2011-06-27,53663,,11,1,4911.0,90274810,UIL,U I L HOLDINGS CORP,UIL,221111.0,N,A,R,21819,1,4931.0,90274810.0,,,49.0,493.0,,,,,,,32.03,0.007549,50527.0,1.0,31.75,1618379.81,UIL,7.0,9.0,2.0,,5.0,1,1.0,1.0,3.0,6.0,3.0,2.0,4.0,9.0,7.0,9.0,5.0,3.0,7.0,8.0,5.0,8.0,5.0,5.0,5.0,8.0,4.0,,4.0,5.0,7.0,4.0,3.0,6.0,7.0,5.0,9.0,1.0,,8.0,10.0,6.0,2.0,10.0,9.0,9.0,3.0,3.0,3.0,6.0,6.0,3,5.0,10,1
2011-06-28,53663,,11,1,4911.0,90274810,UIL,U I L HOLDINGS CORP,UIL,221111.0,N,A,R,21819,1,4931.0,90274810.0,,,49.0,493.0,,,,,,,32.31,0.008742,50527.0,1.0,32.15,1632527.37,UIL,7.0,9.0,2.0,,5.0,1,1.0,1.0,3.0,6.0,3.0,2.0,4.0,9.0,7.0,9.0,5.0,3.0,7.0,8.0,5.0,8.0,5.0,5.0,5.0,8.0,4.0,,4.0,5.0,7.0,4.0,3.0,6.0,7.0,5.0,9.0,1.0,,8.0,10.0,6.0,2.0,10.0,9.0,9.0,3.0,3.0,3.0,6.0,6.0,3,5.0,10,1
2011-06-29,53663,,11,1,4911.0,90274810,UIL,U I L HOLDINGS CORP,UIL,221111.0,N,A,R,21819,1,4931.0,90274810.0,,,49.0,493.0,,,,,,,32.32,0.000309,50527.0,1.0,32.44,1633032.64,UIL,7.0,9.0,2.0,,5.0,1,1.0,1.0,3.0,6.0,3.0,2.0,4.0,9.0,7.0,9.0,5.0,3.0,7.0,8.0,5.0,8.0,5.0,5.0,5.0,8.0,4.0,,4.0,5.0,7.0,4.0,3.0,6.0,7.0,5.0,9.0,1.0,,8.0,10.0,6.0,2.0,10.0,9.0,9.0,3.0,3.0,3.0,6.0,6.0,3,5.0,10,1
2011-06-30,53663,,11,1,4911.0,90274810,UIL,U I L HOLDINGS CORP,UIL,221111.0,N,A,R,21819,1,4931.0,90274810.0,,,49.0,493.0,,,,,,,32.35,0.000928,50527.0,1.0,32.41,1634548.45,UIL,7.0,9.0,2.0,,5.0,1,1.0,1.0,3.0,6.0,3.0,2.0,4.0,9.0,7.0,9.0,5.0,3.0,7.0,8.0,5.0,8.0,5.0,5.0,5.0,8.0,4.0,,4.0,5.0,7.0,4.0,3.0,6.0,7.0,5.0,9.0,1.0,,8.0,10.0,6.0,2.0,10.0,9.0,9.0,3.0,3.0,3.0,6.0,6.0,3,5.0,10,1
2011-07-01,53663,,11,1,4911.0,90274810,UIL,U I L HOLDINGS CORP,UIL,221111.0,N,A,R,21819,1,4931.0,90274810.0,,,49.0,493.0,,,,,,,32.78,0.013292,50527.0,1.0,32.47,1656275.06,UIL,6.0,9.0,1.0,,4.0,1,1.0,1.0,1.0,1.0,1.0,1.0,4.0,9.0,4.0,7.0,1.0,1.0,8.0,2.0,4.0,9.0,3.0,3.0,4.0,2.0,9.0,,5.0,7.0,8.0,5.0,2.0,6.0,8.0,5.0,9.0,1.0,,7.0,10.0,6.0,5.0,10.0,9.0,6.0,6.0,6.0,8.0,6.0,6.0,3,5.0,10,1
2011-07-05,53663,,11,1,4911.0,90274810,UIL,U I L HOLDINGS CORP,UIL,221111.0,N,A,R,21819,1,4931.0,90274810.0,,,49.0,493.0,,,,,,,32.68,-0.003051,50527.0,1.0,32.78,1651222.36,UIL,6.0,9.0,1.0,,4.0,1,1.0,1.0,1.0,1.0,1.0,1.0,4.0,9.0,4.0,7.0,1.0,1.0,8.0,2.0,4.0,9.0,3.0,3.0,4.0,2.0,9.0,,5.0,7.0,8.0,5.0,2.0,6.0,8.0,5.0,9.0,1.0,,7.0,10.0,6.0,5.0,10.0,9.0,6.0,6.0,6.0,8.0,6.0,6.0,3,5.0,10,1
2011-07-06,53663,,11,1,4911.0,90274810,UIL,U I L HOLDINGS CORP,UIL,221111.0,N,A,R,21819,1,4931.0,90274810.0,,,49.0,493.0,,,,,,,32.94,0.007956,50527.0,1.0,32.62,1664359.38,UIL,6.0,9.0,1.0,,4.0,1,1.0,1.0,1.0,1.0,1.0,1.0,4.0,9.0,4.0,7.0,1.0,1.0,8.0,2.0,4.0,9.0,3.0,3.0,4.0,2.0,9.0,,5.0,7.0,8.0,5.0,2.0,6.0,8.0,5.0,9.0,1.0,,7.0,10.0,6.0,5.0,10.0,9.0,6.0,6.0,6.0,8.0,6.0,6.0,3,5.0,10,1
2011-07-07,53663,,11,1,4911.0,90274810,UIL,U I L HOLDINGS CORP,UIL,221111.0,N,A,R,21819,1,4931.0,90274810.0,,,49.0,493.0,,,,,,,33.01,0.002125,50527.0,1.0,33.11,1667896.27,UIL,6.0,9.0,1.0,,4.0,1,1.0,1.0,1.0,1.0,1.0,1.0,4.0,9.0,4.0,7.0,1.0,1.0,8.0,2.0,4.0,9.0,3.0,3.0,4.0,2.0,9.0,,5.0,7.0,8.0,5.0,2.0,6.0,8.0,5.0,9.0,1.0,,7.0,10.0,6.0,5.0,10.0,9.0,6.0,6.0,6.0,8.0,6.0,6.0,3,5.0,10,1
2011-07-08,53663,,11,1,4911.0,90274810,UIL,U I L HOLDINGS CORP,UIL,221111.0,N,A,R,21819,1,4931.0,90274810.0,,,49.0,493.0,,,,,,,32.81,-0.006059,50527.0,1.0,32.72,1657790.87,UIL,6.0,9.0,1.0,,4.0,1,1.0,1.0,1.0,1.0,1.0,1.0,4.0,9.0,4.0,7.0,1.0,1.0,8.0,2.0,4.0,9.0,3.0,3.0,4.0,2.0,9.0,,5.0,7.0,8.0,5.0,2.0,6.0,8.0,5.0,9.0,1.0,,7.0,10.0,6.0,5.0,10.0,9.0,6.0,6.0,6.0,8.0,6.0,6.0,3,5.0,10,1
2011-07-11,53663,,11,1,4911.0,90274810,UIL,U I L HOLDINGS CORP,UIL,221111.0,N,A,R,21819,1,4931.0,90274810.0,,,49.0,493.0,,,,,,,32.58,-0.00701,50527.0,1.0,32.52,1646169.66,UIL,6.0,9.0,1.0,,4.0,1,1.0,1.0,1.0,1.0,1.0,1.0,4.0,9.0,4.0,7.0,1.0,1.0,8.0,2.0,4.0,9.0,3.0,3.0,4.0,2.0,9.0,,5.0,7.0,8.0,5.0,2.0,6.0,8.0,5.0,9.0,1.0,,7.0,10.0,6.0,5.0,10.0,9.0,6.0,6.0,6.0,8.0,6.0,6.0,3,5.0,10,1
2011-07-12,53663,,11,1,4911.0,90274810,UIL,U I L HOLDINGS CORP,UIL,221111.0,N,A,R,21819,1,4931.0,90274810.0,,,49.0,493.0,,,,,,,32.86,0.008594,50527.0,1.0,32.47,1660317.22,UIL,6.0,9.0,1.0,,4.0,1,1.0,1.0,1.0,1.0,1.0,1.0,4.0,9.0,4.0,7.0,1.0,1.0,8.0,2.0,4.0,9.0,3.0,3.0,4.0,2.0,9.0,,5.0,7.0,8.0,5.0,2.0,6.0,8.0,5.0,9.0,1.0,,7.0,10.0,6.0,5.0,10.0,9.0,6.0,6.0,6.0,8.0,6.0,6.0,3,5.0,10,1
2011-07-13,53663,,11,1,4911.0,90274810,UIL,U I L HOLDINGS CORP,UIL,221111.0,N,A,R,21819,1,4931.0,90274810.0,,,49.0,493.0,,,,,,,32.83,-0.000913,50527.0,1.0,32.93,1658801.41,UIL,6.0,9.0,1.0,,4.0,1,1.0,1.0,1.0,1.0,1.0,1.0,4.0,9.0,4.0,7.0,1.0,1.0,8.0,2.0,4.0,9.0,3.0,3.0,4.0,2.0,9.0,,5.0,7.0,8.0,5.0,2.0,6.0,8.0,5.0,9.0,1.0,,7.0,10.0,6.0,5.0,10.0,9.0,6.0,6.0,6.0,8.0,6.0,6.0,3,5.0,10,1
2011-07-14,53663,,11,1,4911.0,90274810,UIL,U I L HOLDINGS CORP,UIL,221111.0,N,A,R,21819,1,4931.0,90274810.0,,,49.0,493.0,,,,,,,32.49,-0.010356,50527.0,1.0,32.89,1641622.23,UIL,6.0,9.0,1.0,,4.0,1,1.0,1.0,1.0,1.0,1.0,1.0,4.0,9.0,4.0,7.0,1.0,1.0,8.0,2.0,4.0,9.0,3.0,3.0,4.0,2.0,9.0,,5.0,7.0,8.0,5.0,2.0,6.0,8.0,5.0,9.0,1.0,,7.0,10.0,6.0,5.0,10.0,9.0,6.0,6.0,6.0,8.0,6.0,6.0,3,5.0,10,1
2011-07-15,53663,,11,1,4911.0,90274810,UIL,U I L HOLDINGS CORP,UIL,221111.0,N,A,R,21819,1,4931.0,90274810.0,,,49.0,493.0,,,,,,,32.5,0.000308,50527.0,1.0,32.49,1642127.5,UIL,6.0,9.0,1.0,,4.0,1,1.0,1.0,1.0,1.0,1.0,1.0,4.0,9.0,4.0,7.0,1.0,1.0,8.0,2.0,4.0,9.0,3.0,3.0,4.0,2.0,9.0,,5.0,7.0,8.0,5.0,2.0,6.0,8.0,5.0,9.0,1.0,,7.0,10.0,6.0,5.0,10.0,9.0,6.0,6.0,6.0,8.0,6.0,6.0,3,5.0,10,1
2011-07-18,53663,,11,1,4911.0,90274810,UIL,U I L HOLDINGS CORP,UIL,221111.0,N,A,R,21819,1,4931.0,90274810.0,,,49.0,493.0,,,,,,,32.19,-0.009539,50527.0,1.0,32.35,1626464.13,UIL,6.0,9.0,1.0,,4.0,1,1.0,1.0,1.0,1.0,1.0,1.0,4.0,9.0,4.0,7.0,1.0,1.0,8.0,2.0,4.0,9.0,3.0,3.0,4.0,2.0,9.0,,5.0,7.0,8.0,5.0,2.0,6.0,8.0,5.0,9.0,1.0,,7.0,10.0,6.0,5.0,10.0,9.0,6.0,6.0,6.0,8.0,6.0,6.0,3,5.0,10,1
2011-07-19,53663,,11,1,4911.0,90274810,UIL,U I L HOLDINGS CORP,UIL,221111.0,N,A,R,21819,1,4931.0,90274810.0,,,49.0,493.0,,,,,,,32.4,0.006524,50527.0,1.0,32.36,1637074.8,UIL,6.0,9.0,1.0,,4.0,1,1.0,1.0,1.0,1.0,1.0,1.0,4.0,9.0,4.0,7.0,1.0,1.0,8.0,2.0,4.0,9.0,3.0,3.0,4.0,2.0,9.0,,5.0,7.0,8.0,5.0,2.0,6.0,8.0,5.0,9.0,1.0,,7.0,10.0,6.0,5.0,10.0,9.0,6.0,6.0,6.0,8.0,6.0,6.0,3,5.0,10,1
2011-07-20,53663,,11,1,4911.0,90274810,UIL,U I L HOLDINGS CORP,UIL,221111.0,N,A,R,21819,1,4931.0,90274810.0,,,49.0,493.0,,,,,,,32.8,0.012346,50527.0,1.0,32.4,1657285.6,UIL,6.0,9.0,1.0,,4.0,1,1.0,1.0,1.0,1.0,1.0,1.0,4.0,9.0,4.0,7.0,1.0,1.0,8.0,2.0,4.0,9.0,3.0,3.0,4.0,2.0,9.0,,5.0,7.0,8.0,5.0,2.0,6.0,8.0,5.0,9.0,1.0,,7.0,10.0,6.0,5.0,10.0,9.0,6.0,6.0,6.0,8.0,6.0,6.0,3,5.0,10,1
2011-07-21,53663,,11,1,4911.0,90274810,UIL,U I L HOLDINGS CORP,UIL,221111.0,N,A,R,21819,1,4931.0,90274810.0,,,49.0,493.0,,,,,,,33.33,0.016159,50527.0,1.0,32.99,1684064.91,UIL,6.0,9.0,1.0,,4.0,1,1.0,1.0,1.0,1.0,1.0,1.0,4.0,9.0,4.0,7.0,1.0,1.0,8.0,2.0,4.0,9.0,3.0,3.0,4.0,2.0,9.0,,5.0,7.0,8.0,5.0,2.0,6.0,8.0,5.0,9.0,1.0,,7.0,10.0,6.0,5.0,10.0,9.0,6.0,6.0,6.0,8.0,6.0,6.0,3,5.0,10,1
2011-07-22,53663,,11,1,4911.0,90274810,UIL,U I L HOLDINGS CORP,UIL,221111.0,N,A,R,21819,1,4931.0,90274810.0,,,49.0,493.0,,,,,,,33.29,-0.0012,50527.0,1.0,33.38,1682043.83,UIL,6.0,9.0,1.0,,4.0,1,1.0,1.0,1.0,1.0,1.0,1.0,4.0,9.0,4.0,7.0,1.0,1.0,8.0,2.0,4.0,9.0,3.0,3.0,4.0,2.0,9.0,,5.0,7.0,8.0,5.0,2.0,6.0,8.0,5.0,9.0,1.0,,7.0,10.0,6.0,5.0,10.0,9.0,6.0,6.0,6.0,8.0,6.0,6.0,3,5.0,10,1
2011-07-25,53663,,11,1,4911.0,90274810,UIL,U I L HOLDINGS CORP,UIL,221111.0,N,A,R,21819,1,4931.0,90274810.0,,,49.0,493.0,,,,,,,33.17,-0.003605,50527.0,1.0,33.0,1675980.59,UIL,6.0,9.0,1.0,,4.0,1,1.0,1.0,1.0,1.0,1.0,1.0,4.0,9.0,4.0,7.0,1.0,1.0,8.0,2.0,4.0,9.0,3.0,3.0,4.0,2.0,9.0,,5.0,7.0,8.0,5.0,2.0,6.0,8.0,5.0,9.0,1.0,,7.0,10.0,6.0,5.0,10.0,9.0,6.0,6.0,6.0,8.0,6.0,6.0,3,5.0,10,1
2011-07-26,53663,,11,1,4911.0,90274810,UIL,U I L HOLDINGS CORP,UIL,221111.0,N,A,R,21819,1,4931.0,90274810.0,,,49.0,493.0,,,,,,,33.08,-0.002713,50527.0,1.0,33.21,1671433.16,UIL,6.0,9.0,1.0,,4.0,1,1.0,1.0,1.0,1.0,1.0,1.0,4.0,9.0,4.0,7.0,1.0,1.0,8.0,2.0,4.0,9.0,3.0,3.0,4.0,2.0,9.0,,5.0,7.0,8.0,5.0,2.0,6.0,8.0,5.0,9.0,1.0,,7.0,10.0,6.0,5.0,10.0,9.0,6.0,6.0,6.0,8.0,6.0,6.0,3,5.0,10,1
2011-07-27,53663,,11,1,4911.0,90274810,UIL,U I L HOLDINGS CORP,UIL,221111.0,N,A,R,21819,1,4931.0,90274810.0,,,49.0,493.0,,,,,,,32.62,-0.013906,50527.0,1.0,32.94,1648190.74,UIL,6.0,9.0,1.0,,4.0,1,1.0,1.0,1.0,1.0,1.0,1.0,4.0,9.0,4.0,7.0,1.0,1.0,8.0,2.0,4.0,9.0,3.0,3.0,4.0,2.0,9.0,,5.0,7.0,8.0,5.0,2.0,6.0,8.0,5.0,9.0,1.0,,7.0,10.0,6.0,5.0,10.0,9.0,6.0,6.0,6.0,8.0,6.0,6.0,3,5.0,10,1
2011-07-28,53663,,11,1,4911.0,90274810,UIL,U I L HOLDINGS CORP,UIL,221111.0,N,A,R,21819,1,4931.0,90274810.0,,,49.0,493.0,,,,,,,32.22,-0.012262,50527.0,1.0,32.7,1627979.94,UIL,6.0,9.0,1.0,,4.0,1,1.0,1.0,1.0,1.0,1.0,1.0,4.0,9.0,4.0,7.0,1.0,1.0,8.0,2.0,4.0,9.0,3.0,3.0,4.0,2.0,9.0,,5.0,7.0,8.0,5.0,2.0,6.0,8.0,5.0,9.0,1.0,,7.0,10.0,6.0,5.0,10.0,9.0,6.0,6.0,6.0,8.0,6.0,6.0,3,5.0,10,1
2011-07-29,53663,,11,1,4911.0,90274810,UIL,U I L HOLDINGS CORP,UIL,221111.0,N,A,R,21819,1,4931.0,90274810.0,,,49.0,493.0,,,,,,,31.93,-0.009001,50527.0,1.0,31.98,1613327.11,UIL,6.0,9.0,1.0,,4.0,1,1.0,1.0,1.0,1.0,1.0,1.0,4.0,9.0,4.0,7.0,1.0,1.0,8.0,2.0,4.0,9.0,3.0,3.0,4.0,2.0,9.0,,5.0,7.0,8.0,5.0,2.0,6.0,8.0,5.0,9.0,1.0,,7.0,10.0,6.0,5.0,10.0,9.0,6.0,6.0,6.0,8.0,6.0,6.0,3,5.0,10,1
2011-08-01,53663,,11,1,4911.0,90274810,UIL,U I L HOLDINGS CORP,UIL,221111.0,N,A,R,21819,1,4931.0,90274810.0,,,49.0,493.0,,,,,,,32.04,0.003445,50527.0,1.0,32.29,1618885.08,UIL,6.0,9.0,1.0,,4.0,1,1.0,1.0,1.0,1.0,1.0,1.0,4.0,9.0,4.0,7.0,1.0,1.0,8.0,2.0,4.0,9.0,3.0,3.0,4.0,2.0,9.0,,7.0,8.0,9.0,6.0,2.0,6.0,7.0,5.0,9.0,1.0,,7.0,10.0,6.0,4.0,10.0,9.0,8.0,6.0,6.0,8.0,6.0,6.0,3,5.0,10,1
2011-08-02,53663,,11,1,4911.0,90274810,UIL,U I L HOLDINGS CORP,UIL,221111.0,N,A,R,21819,1,4931.0,90274810.0,,,49.0,493.0,,,,,,,31.69,-0.010924,50527.0,1.0,31.97,1601200.63,UIL,6.0,9.0,1.0,,4.0,1,1.0,1.0,1.0,1.0,1.0,1.0,4.0,9.0,4.0,7.0,1.0,1.0,8.0,2.0,4.0,9.0,3.0,3.0,4.0,2.0,9.0,,7.0,8.0,9.0,6.0,2.0,6.0,7.0,5.0,9.0,1.0,,7.0,10.0,6.0,4.0,10.0,9.0,8.0,6.0,6.0,8.0,6.0,6.0,3,5.0,10,1
2011-08-03,53663,,11,1,4911.0,90274810,UIL,U I L HOLDINGS CORP,UIL,221111.0,N,A,R,21819,1,4931.0,90274810.0,,,49.0,493.0,,,,,,,32.0,0.009782,50527.0,1.0,31.8,1616864.0,UIL,6.0,9.0,1.0,,4.0,1,1.0,1.0,1.0,1.0,1.0,1.0,4.0,9.0,4.0,7.0,1.0,1.0,8.0,2.0,4.0,9.0,3.0,3.0,4.0,2.0,9.0,,7.0,8.0,9.0,6.0,2.0,6.0,7.0,5.0,9.0,1.0,,7.0,10.0,6.0,4.0,10.0,9.0,8.0,6.0,6.0,8.0,6.0,6.0,3,5.0,10,1
2011-08-04,53663,,11,1,4911.0,90274810,UIL,U I L HOLDINGS CORP,UIL,221111.0,N,A,R,21819,1,4931.0,90274810.0,,,49.0,493.0,,,,,,,31.2,-0.025,50527.0,1.0,31.58,1576442.4,UIL,6.0,9.0,1.0,,4.0,1,1.0,1.0,1.0,1.0,1.0,1.0,4.0,9.0,4.0,7.0,1.0,1.0,8.0,2.0,4.0,9.0,3.0,3.0,4.0,2.0,9.0,,7.0,8.0,9.0,6.0,2.0,6.0,7.0,5.0,9.0,1.0,,7.0,10.0,6.0,4.0,10.0,9.0,8.0,6.0,6.0,8.0,6.0,6.0,3,5.0,10,1
2011-08-05,53663,,11,1,4911.0,90274810,UIL,U I L HOLDINGS CORP,UIL,221111.0,N,A,R,21819,1,4931.0,90274810.0,,,49.0,493.0,,,,,,,31.8,0.019231,50527.0,1.0,30.01,1606758.6,UIL,6.0,9.0,1.0,,4.0,1,1.0,1.0,1.0,1.0,1.0,1.0,4.0,9.0,4.0,7.0,1.0,1.0,8.0,2.0,4.0,9.0,3.0,3.0,4.0,2.0,9.0,,7.0,8.0,9.0,6.0,2.0,6.0,7.0,5.0,9.0,1.0,,7.0,10.0,6.0,4.0,10.0,9.0,8.0,6.0,6.0,8.0,6.0,6.0,3,5.0,10,1
2011-08-08,53663,,11,1,4911.0,90274810,UIL,U I L HOLDINGS CORP,UIL,221111.0,N,A,R,21819,1,4931.0,90274810.0,,,49.0,493.0,,,,,,,30.28,-0.047799,50527.0,1.0,31.05,1529957.56,UIL,6.0,9.0,1.0,,4.0,1,1.0,1.0,1.0,1.0,1.0,1.0,4.0,9.0,4.0,7.0,1.0,1.0,8.0,2.0,4.0,9.0,3.0,3.0,4.0,2.0,9.0,,7.0,8.0,9.0,6.0,2.0,6.0,7.0,5.0,9.0,1.0,,7.0,10.0,6.0,4.0,10.0,9.0,8.0,6.0,6.0,8.0,6.0,6.0,3,5.0,10,1
2011-08-09,53663,,11,1,4911.0,90274810,UIL,U I L HOLDINGS CORP,UIL,221111.0,N,A,R,21819,1,4931.0,90274810.0,,,49.0,493.0,,,,,,,31.02,0.024439,50527.0,1.0,30.73,1567347.54,UIL,6.0,9.0,1.0,,4.0,1,1.0,1.0,1.0,1.0,1.0,1.0,4.0,9.0,4.0,7.0,1.0,1.0,8.0,2.0,4.0,9.0,3.0,3.0,4.0,2.0,9.0,,7.0,8.0,9.0,6.0,2.0,6.0,7.0,5.0,9.0,1.0,,7.0,10.0,6.0,4.0,10.0,9.0,8.0,6.0,6.0,8.0,6.0,6.0,3,5.0,10,1
2011-08-10,53663,,11,1,4911.0,90274810,UIL,U I L HOLDINGS CORP,UIL,221111.0,N,A,R,21819,1,4931.0,90274810.0,,,49.0,493.0,,,,,,,30.29,-0.023533,50527.0,1.0,30.61,1530462.83,UIL,6.0,9.0,1.0,,4.0,1,1.0,1.0,1.0,1.0,1.0,1.0,4.0,9.0,4.0,7.0,1.0,1.0,8.0,2.0,4.0,9.0,3.0,3.0,4.0,2.0,9.0,,7.0,8.0,9.0,6.0,2.0,6.0,7.0,5.0,9.0,1.0,,7.0,10.0,6.0,4.0,10.0,9.0,8.0,6.0,6.0,8.0,6.0,6.0,3,5.0,10,1
2011-08-11,53663,,11,1,4911.0,90274810,UIL,U I L HOLDINGS CORP,UIL,221111.0,N,A,R,21819,1,4931.0,90274810.0,,,49.0,493.0,,,,,,,31.74,0.047871,50527.0,1.0,30.4,1603726.98,UIL,6.0,9.0,1.0,,4.0,1,1.0,1.0,1.0,1.0,1.0,1.0,4.0,9.0,4.0,7.0,1.0,1.0,8.0,2.0,4.0,9.0,3.0,3.0,4.0,2.0,9.0,,7.0,8.0,9.0,6.0,2.0,6.0,7.0,5.0,9.0,1.0,,7.0,10.0,6.0,4.0,10.0,9.0,8.0,6.0,6.0,8.0,6.0,6.0,3,5.0,10,1
2011-08-12,53663,,11,1,4911.0,90274810,UIL,U I L HOLDINGS CORP,UIL,221111.0,N,A,R,21819,1,4931.0,90274810.0,,,49.0,493.0,,,,,,,31.39,-0.011027,50527.0,1.0,31.95,1586042.53,UIL,6.0,9.0,1.0,,4.0,1,1.0,1.0,1.0,1.0,1.0,1.0,4.0,9.0,4.0,7.0,1.0,1.0,8.0,2.0,4.0,9.0,3.0,3.0,4.0,2.0,9.0,,7.0,8.0,9.0,6.0,2.0,6.0,7.0,5.0,9.0,1.0,,7.0,10.0,6.0,4.0,10.0,9.0,8.0,6.0,6.0,8.0,6.0,6.0,3,5.0,10,1
2011-08-15,53663,,11,1,4911.0,90274810,UIL,U I L HOLDINGS CORP,UIL,221111.0,N,A,R,21819,1,4931.0,90274810.0,,,49.0,493.0,,,,,,,32.59,0.038229,50527.0,1.0,31.65,1646674.93,UIL,6.0,9.0,1.0,,4.0,1,1.0,1.0,1.0,1.0,1.0,1.0,4.0,9.0,4.0,7.0,1.0,1.0,8.0,2.0,4.0,9.0,3.0,3.0,4.0,2.0,9.0,,7.0,8.0,9.0,6.0,2.0,6.0,7.0,5.0,9.0,1.0,,7.0,10.0,6.0,4.0,10.0,9.0,8.0,6.0,6.0,8.0,6.0,6.0,3,5.0,10,1
2011-08-16,53663,,11,1,4911.0,90274810,UIL,U I L HOLDINGS CORP,UIL,221111.0,N,A,R,21819,1,4931.0,90274810.0,,,49.0,493.0,,,,,,,32.44,-0.004603,50527.0,1.0,32.28,1639095.88,UIL,6.0,9.0,1.0,,4.0,1,1.0,1.0,1.0,1.0,1.0,1.0,4.0,9.0,4.0,7.0,1.0,1.0,8.0,2.0,4.0,9.0,3.0,3.0,4.0,2.0,9.0,,7.0,8.0,9.0,6.0,2.0,6.0,7.0,5.0,9.0,1.0,,7.0,10.0,6.0,4.0,10.0,9.0,8.0,6.0,6.0,8.0,6.0,6.0,3,5.0,10,1
2011-08-17,53663,,11,1,4911.0,90274810,UIL,U I L HOLDINGS CORP,UIL,221111.0,N,A,R,21819,1,4931.0,90274810.0,,,49.0,493.0,,,,,,,32.52,0.002466,50527.0,1.0,32.62,1643138.04,UIL,6.0,9.0,1.0,,4.0,1,1.0,1.0,1.0,1.0,1.0,1.0,4.0,9.0,4.0,7.0,1.0,1.0,8.0,2.0,4.0,9.0,3.0,3.0,4.0,2.0,9.0,,7.0,8.0,9.0,6.0,2.0,6.0,7.0,5.0,9.0,1.0,,7.0,10.0,6.0,4.0,10.0,9.0,8.0,6.0,6.0,8.0,6.0,6.0,3,5.0,10,1
2011-08-18,53663,,11,1,4911.0,90274810,UIL,U I L HOLDINGS CORP,UIL,221111.0,N,A,R,21819,1,4931.0,90274810.0,,,49.0,493.0,,,,,,,32.07,-0.013838,50527.0,1.0,31.99,1620400.89,UIL,6.0,9.0,1.0,,4.0,1,1.0,1.0,1.0,1.0,1.0,1.0,4.0,9.0,4.0,7.0,1.0,1.0,8.0,2.0,4.0,9.0,3.0,3.0,4.0,2.0,9.0,,7.0,8.0,9.0,6.0,2.0,6.0,7.0,5.0,9.0,1.0,,7.0,10.0,6.0,4.0,10.0,9.0,8.0,6.0,6.0,8.0,6.0,6.0,3,5.0,10,1
2011-08-19,53663,,11,1,4911.0,90274810,UIL,U I L HOLDINGS CORP,UIL,221111.0,N,A,R,21819,1,4931.0,90274810.0,,,49.0,493.0,,,,,,,31.91,-0.004989,50527.0,1.0,31.71,1612316.57,UIL,6.0,9.0,1.0,,4.0,1,1.0,1.0,1.0,1.0,1.0,1.0,4.0,9.0,4.0,7.0,1.0,1.0,8.0,2.0,4.0,9.0,3.0,3.0,4.0,2.0,9.0,,7.0,8.0,9.0,6.0,2.0,6.0,7.0,5.0,9.0,1.0,,7.0,10.0,6.0,4.0,10.0,9.0,8.0,6.0,6.0,8.0,6.0,6.0,3,5.0,10,1
2011-08-22,53663,,11,1,4911.0,90274810,UIL,U I L HOLDINGS CORP,UIL,221111.0,N,A,R,21819,1,4931.0,90274810.0,,,49.0,493.0,,,,,,,32.27,0.011282,50527.0,1.0,32.45,1630506.29,UIL,6.0,9.0,1.0,,4.0,1,1.0,1.0,1.0,1.0,1.0,1.0,4.0,9.0,4.0,7.0,1.0,1.0,8.0,2.0,4.0,9.0,3.0,3.0,4.0,2.0,9.0,,7.0,8.0,9.0,6.0,2.0,6.0,7.0,5.0,9.0,1.0,,7.0,10.0,6.0,4.0,10.0,9.0,8.0,6.0,6.0,8.0,6.0,6.0,3,5.0,10,1
2011-08-23,53663,,11,1,4911.0,90274810,UIL,U I L HOLDINGS CORP,UIL,221111.0,N,A,R,21819,1,4931.0,90274810.0,,,49.0,493.0,,,,,,,32.9,0.019523,50527.0,1.0,32.41,1662338.3,UIL,6.0,9.0,1.0,,4.0,1,1.0,1.0,1.0,1.0,1.0,1.0,4.0,9.0,4.0,7.0,1.0,1.0,8.0,2.0,4.0,9.0,3.0,3.0,4.0,2.0,9.0,,7.0,8.0,9.0,6.0,2.0,6.0,7.0,5.0,9.0,1.0,,7.0,10.0,6.0,4.0,10.0,9.0,8.0,6.0,6.0,8.0,6.0,6.0,3,5.0,10,1
2011-08-24,53663,,11,1,4911.0,90274810,UIL,U I L HOLDINGS CORP,UIL,221111.0,N,A,R,21819,1,4931.0,90274810.0,,,49.0,493.0,,,,,,,33.52,0.018845,50527.0,1.0,32.92,1693665.04,UIL,6.0,9.0,1.0,,4.0,1,1.0,1.0,1.0,1.0,1.0,1.0,4.0,9.0,4.0,7.0,1.0,1.0,8.0,2.0,4.0,9.0,3.0,3.0,4.0,2.0,9.0,,7.0,8.0,9.0,6.0,2.0,6.0,7.0,5.0,9.0,1.0,,7.0,10.0,6.0,4.0,10.0,9.0,8.0,6.0,6.0,8.0,6.0,6.0,3,5.0,10,1
2011-08-25,53663,,11,1,4911.0,90274810,UIL,U I L HOLDINGS CORP,UIL,221111.0,N,A,R,21819,1,4931.0,90274810.0,,,49.0,493.0,,,,,,,33.04,-0.01432,50527.0,1.0,33.69,1669412.08,UIL,6.0,9.0,1.0,,4.0,1,1.0,1.0,1.0,1.0,1.0,1.0,4.0,9.0,4.0,7.0,1.0,1.0,8.0,2.0,4.0,9.0,3.0,3.0,4.0,2.0,9.0,,7.0,8.0,9.0,6.0,2.0,6.0,7.0,5.0,9.0,1.0,,7.0,10.0,6.0,4.0,10.0,9.0,8.0,6.0,6.0,8.0,6.0,6.0,3,5.0,10,1
2011-08-26,53663,,11,1,4911.0,90274810,UIL,U I L HOLDINGS CORP,UIL,221111.0,N,A,R,21819,1,4931.0,90274810.0,,,49.0,493.0,,,,,,,32.93,-0.003329,50527.0,1.0,32.85,1663854.11,UIL,6.0,9.0,1.0,,4.0,1,1.0,1.0,1.0,1.0,1.0,1.0,4.0,9.0,4.0,7.0,1.0,1.0,8.0,2.0,4.0,9.0,3.0,3.0,4.0,2.0,9.0,,7.0,8.0,9.0,6.0,2.0,6.0,7.0,5.0,9.0,1.0,,7.0,10.0,6.0,4.0,10.0,9.0,8.0,6.0,6.0,8.0,6.0,6.0,3,5.0,10,1
2011-08-29,53663,,11,1,4911.0,90274810,UIL,U I L HOLDINGS CORP,UIL,221111.0,N,A,R,21819,1,4931.0,90274810.0,,,49.0,493.0,,,,,,,33.86,0.028242,50527.0,1.0,33.28,1710844.22,UIL,6.0,9.0,1.0,,4.0,1,1.0,1.0,1.0,1.0,1.0,1.0,4.0,9.0,4.0,7.0,1.0,1.0,8.0,2.0,4.0,9.0,3.0,3.0,4.0,2.0,9.0,,7.0,8.0,9.0,6.0,2.0,6.0,7.0,5.0,9.0,1.0,,7.0,10.0,6.0,4.0,10.0,9.0,8.0,6.0,6.0,8.0,6.0,6.0,3,5.0,10,1
2011-08-30,53663,,11,1,4911.0,90274810,UIL,U I L HOLDINGS CORP,UIL,221111.0,N,A,R,21819,1,4931.0,90274810.0,,,49.0,493.0,,,,,,,33.92,0.001772,50527.0,1.0,33.78,1713875.84,UIL,6.0,9.0,1.0,,4.0,1,1.0,1.0,1.0,1.0,1.0,1.0,4.0,9.0,4.0,7.0,1.0,1.0,8.0,2.0,4.0,9.0,3.0,3.0,4.0,2.0,9.0,,7.0,8.0,9.0,6.0,2.0,6.0,7.0,5.0,9.0,1.0,,7.0,10.0,6.0,4.0,10.0,9.0,8.0,6.0,6.0,8.0,6.0,6.0,3,5.0,10,1
2011-08-31,53663,,11,1,4911.0,90274810,UIL,U I L HOLDINGS CORP,UIL,221111.0,N,A,R,21819,1,4931.0,90274810.0,,,49.0,493.0,,,,,,,33.96,0.001179,50543.0,1.0,34.1,1716440.28,UIL,6.0,9.0,1.0,,4.0,1,1.0,1.0,1.0,1.0,1.0,1.0,4.0,9.0,4.0,7.0,1.0,1.0,8.0,2.0,4.0,9.0,3.0,3.0,4.0,2.0,9.0,,7.0,8.0,9.0,6.0,2.0,6.0,7.0,5.0,9.0,1.0,,7.0,10.0,6.0,4.0,10.0,9.0,8.0,6.0,6.0,8.0,6.0,6.0,3,5.0,10,1
2011-09-01,53663,,11,1,4911.0,90274810,UIL,U I L HOLDINGS CORP,UIL,221111.0,N,A,R,21819,1,4931.0,90274810.0,,,49.0,493.0,,,,,,,33.46,-0.014723,50543.0,1.0,33.9,1691168.78,UIL,6.0,9.0,1.0,,4.0,1,1.0,1.0,1.0,1.0,1.0,1.0,4.0,9.0,4.0,7.0,1.0,1.0,8.0,2.0,4.0,9.0,3.0,3.0,4.0,2.0,9.0,,7.0,9.0,9.0,6.0,3.0,6.0,6.0,5.0,8.0,1.0,,3.0,3.0,3.0,1.0,10.0,9.0,8.0,2.0,2.0,5.0,6.0,7.0,3,6.0,10,1
2011-09-02,53663,,11,1,4911.0,90274810,UIL,U I L HOLDINGS CORP,UIL,221111.0,N,A,R,21819,1,4931.0,90274810.0,,,49.0,493.0,,,,,,,32.87,-0.017633,50543.0,1.0,32.99,1661348.41,UIL,6.0,9.0,1.0,,4.0,1,1.0,1.0,1.0,1.0,1.0,1.0,4.0,9.0,4.0,7.0,1.0,1.0,8.0,2.0,4.0,9.0,3.0,3.0,4.0,2.0,9.0,,7.0,9.0,9.0,6.0,3.0,6.0,6.0,5.0,8.0,1.0,,3.0,3.0,3.0,1.0,10.0,9.0,8.0,2.0,2.0,5.0,6.0,7.0,3,6.0,10,1
2011-09-06,53663,,11,1,4911.0,90274810,UIL,U I L HOLDINGS CORP,UIL,221111.0,N,A,R,21819,1,4931.0,90274810.0,,,49.0,493.0,,,,,,,32.77,-0.003042,50543.0,1.0,32.38,1656294.11,UIL,6.0,9.0,1.0,,4.0,1,1.0,1.0,1.0,1.0,1.0,1.0,4.0,9.0,4.0,7.0,1.0,1.0,8.0,2.0,4.0,9.0,3.0,3.0,4.0,2.0,9.0,,7.0,9.0,9.0,6.0,3.0,6.0,6.0,5.0,8.0,1.0,,3.0,3.0,3.0,1.0,10.0,9.0,8.0,2.0,2.0,5.0,6.0,7.0,3,6.0,10,1
2011-09-07,53663,,11,1,4911.0,90274810,UIL,U I L HOLDINGS CORP,UIL,221111.0,N,A,R,21819,1,4931.0,90274810.0,,,49.0,493.0,,,,,,,32.93,0.004883,50543.0,1.0,33.11,1664380.99,UIL,6.0,9.0,1.0,,4.0,1,1.0,1.0,1.0,1.0,1.0,1.0,4.0,9.0,4.0,7.0,1.0,1.0,8.0,2.0,4.0,9.0,3.0,3.0,4.0,2.0,9.0,,7.0,9.0,9.0,6.0,3.0,6.0,6.0,5.0,8.0,1.0,,3.0,3.0,3.0,1.0,10.0,9.0,8.0,2.0,2.0,5.0,6.0,7.0,3,6.0,10,1
2011-09-08,53663,,11,1,4911.0,90274810,UIL,U I L HOLDINGS CORP,UIL,221111.0,N,A,R,21819,1,4931.0,90274810.0,,,49.0,493.0,,,,,,,32.85,-0.002429,50543.0,1.0,32.73,1660337.55,UIL,6.0,9.0,1.0,,4.0,1,1.0,1.0,1.0,1.0,1.0,1.0,4.0,9.0,4.0,7.0,1.0,1.0,8.0,2.0,4.0,9.0,3.0,3.0,4.0,2.0,9.0,,7.0,9.0,9.0,6.0,3.0,6.0,6.0,5.0,8.0,1.0,,3.0,3.0,3.0,1.0,10.0,9.0,8.0,2.0,2.0,5.0,6.0,7.0,3,6.0,10,1
2011-09-09,53663,,11,1,4911.0,90274810,UIL,U I L HOLDINGS CORP,UIL,221111.0,N,A,R,21819,1,4931.0,90274810.0,,,49.0,493.0,,,,,,,32.3,-0.016743,50543.0,1.0,32.63,1632538.9,UIL,6.0,9.0,1.0,,4.0,1,1.0,1.0,1.0,1.0,1.0,1.0,4.0,9.0,4.0,7.0,1.0,1.0,8.0,2.0,4.0,9.0,3.0,3.0,4.0,2.0,9.0,,7.0,9.0,9.0,6.0,3.0,6.0,6.0,5.0,8.0,1.0,,3.0,3.0,3.0,1.0,10.0,9.0,8.0,2.0,2.0,5.0,6.0,7.0,3,6.0,10,1
2011-09-12,53663,,11,1,4911.0,90274810,UIL,U I L HOLDINGS CORP,UIL,221111.0,N,A,R,21819,1,4931.0,90274810.0,,,49.0,493.0,,,,,,,32.57,0.008359,50543.0,1.0,32.02,1646185.51,UIL,6.0,9.0,1.0,,4.0,1,1.0,1.0,1.0,1.0,1.0,1.0,4.0,9.0,4.0,7.0,1.0,1.0,8.0,2.0,4.0,9.0,3.0,3.0,4.0,2.0,9.0,,7.0,9.0,9.0,6.0,3.0,6.0,6.0,5.0,8.0,1.0,,3.0,3.0,3.0,1.0,10.0,9.0,8.0,2.0,2.0,5.0,6.0,7.0,3,6.0,10,1
2011-09-13,53663,,11,1,4911.0,90274810,UIL,U I L HOLDINGS CORP,UIL,221111.0,N,A,R,21819,1,4931.0,90274810.0,,,49.0,493.0,,,,,,,33.13,0.017194,50543.0,1.0,32.6,1674489.59,UIL,6.0,9.0,1.0,,4.0,1,1.0,1.0,1.0,1.0,1.0,1.0,4.0,9.0,4.0,7.0,1.0,1.0,8.0,2.0,4.0,9.0,3.0,3.0,4.0,2.0,9.0,,7.0,9.0,9.0,6.0,3.0,6.0,6.0,5.0,8.0,1.0,,3.0,3.0,3.0,1.0,10.0,9.0,8.0,2.0,2.0,5.0,6.0,7.0,3,6.0,10,1
2011-09-14,53663,,11,1,4911.0,90274810,UIL,U I L HOLDINGS CORP,UIL,221111.0,N,A,R,21819,1,4931.0,90274810.0,,,49.0,493.0,,,,,,,33.03,-0.003018,50543.0,1.0,33.32,1669435.29,UIL,6.0,9.0,1.0,,4.0,1,1.0,1.0,1.0,1.0,1.0,1.0,4.0,9.0,4.0,7.0,1.0,1.0,8.0,2.0,4.0,9.0,3.0,3.0,4.0,2.0,9.0,,7.0,9.0,9.0,6.0,3.0,6.0,6.0,5.0,8.0,1.0,,3.0,3.0,3.0,1.0,10.0,9.0,8.0,2.0,2.0,5.0,6.0,7.0,3,6.0,10,1
2011-09-15,53663,,11,1,4911.0,90274810,UIL,U I L HOLDINGS CORP,UIL,221111.0,N,A,R,21819,1,4931.0,90274810.0,,,49.0,493.0,1232.0,0.432,0.0,,,,32.77,0.005207,50543.0,1.0,32.68,1656294.11,UIL,6.0,9.0,1.0,,4.0,1,1.0,1.0,1.0,1.0,1.0,1.0,4.0,9.0,4.0,7.0,1.0,1.0,8.0,2.0,4.0,9.0,3.0,3.0,4.0,2.0,9.0,,7.0,9.0,9.0,6.0,3.0,6.0,6.0,5.0,8.0,1.0,,3.0,3.0,3.0,1.0,10.0,9.0,8.0,2.0,2.0,5.0,6.0,7.0,3,6.0,10,1
2011-09-16,53663,,11,1,4911.0,90274810,UIL,U I L HOLDINGS CORP,UIL,221111.0,N,A,R,21819,1,4931.0,90274810.0,,,49.0,493.0,,,,,,,32.99,0.006713,50543.0,1.0,32.91,1667413.57,UIL,6.0,9.0,1.0,,4.0,1,1.0,1.0,1.0,1.0,1.0,1.0,4.0,9.0,4.0,7.0,1.0,1.0,8.0,2.0,4.0,9.0,3.0,3.0,4.0,2.0,9.0,,7.0,9.0,9.0,6.0,3.0,6.0,6.0,5.0,8.0,1.0,,3.0,3.0,3.0,1.0,10.0,9.0,8.0,2.0,2.0,5.0,6.0,7.0,3,6.0,10,1
2011-09-19,53663,,11,1,4911.0,90274810,UIL,U I L HOLDINGS CORP,UIL,221111.0,N,A,R,21819,1,4931.0,90274810.0,,,49.0,493.0,,,,,,,32.78,-0.006366,50543.0,1.0,32.63,1656799.54,UIL,6.0,9.0,1.0,,4.0,1,1.0,1.0,1.0,1.0,1.0,1.0,4.0,9.0,4.0,7.0,1.0,1.0,8.0,2.0,4.0,9.0,3.0,3.0,4.0,2.0,9.0,,7.0,9.0,9.0,6.0,3.0,6.0,6.0,5.0,8.0,1.0,,3.0,3.0,3.0,1.0,10.0,9.0,8.0,2.0,2.0,5.0,6.0,7.0,3,6.0,10,1
2011-09-20,53663,,11,1,4911.0,90274810,UIL,U I L HOLDINGS CORP,UIL,221111.0,N,A,R,21819,1,4931.0,90274810.0,,,49.0,493.0,,,,,,,33.02,0.007322,50543.0,1.0,32.8,1668929.86,UIL,6.0,9.0,1.0,,4.0,1,1.0,1.0,1.0,1.0,1.0,1.0,4.0,9.0,4.0,7.0,1.0,1.0,8.0,2.0,4.0,9.0,3.0,3.0,4.0,2.0,9.0,,7.0,9.0,9.0,6.0,3.0,6.0,6.0,5.0,8.0,1.0,,3.0,3.0,3.0,1.0,10.0,9.0,8.0,2.0,2.0,5.0,6.0,7.0,3,6.0,10,1
2011-09-21,53663,,11,1,4911.0,90274810,UIL,U I L HOLDINGS CORP,UIL,221111.0,N,A,R,21819,1,4931.0,90274810.0,,,49.0,493.0,,,,,,,32.46,-0.016959,50543.0,1.0,33.11,1640625.78,UIL,6.0,9.0,1.0,,4.0,1,1.0,1.0,1.0,1.0,1.0,1.0,4.0,9.0,4.0,7.0,1.0,1.0,8.0,2.0,4.0,9.0,3.0,3.0,4.0,2.0,9.0,,7.0,9.0,9.0,6.0,3.0,6.0,6.0,5.0,8.0,1.0,,3.0,3.0,3.0,1.0,10.0,9.0,8.0,2.0,2.0,5.0,6.0,7.0,3,6.0,10,1
2011-09-22,53663,,11,1,4911.0,90274810,UIL,U I L HOLDINGS CORP,UIL,221111.0,N,A,R,21819,1,4931.0,90274810.0,,,49.0,493.0,,,,,,,31.89,-0.01756,50543.0,1.0,31.77,1611816.27,UIL,6.0,9.0,1.0,,4.0,1,1.0,1.0,1.0,1.0,1.0,1.0,4.0,9.0,4.0,7.0,1.0,1.0,8.0,2.0,4.0,9.0,3.0,3.0,4.0,2.0,9.0,,7.0,9.0,9.0,6.0,3.0,6.0,6.0,5.0,8.0,1.0,,3.0,3.0,3.0,1.0,10.0,9.0,8.0,2.0,2.0,5.0,6.0,7.0,3,6.0,10,1
2011-09-23,53663,,11,1,4911.0,90274810,UIL,U I L HOLDINGS CORP,UIL,221111.0,N,A,R,21819,1,4931.0,90274810.0,,,49.0,493.0,,,,,,,32.18,0.009094,50543.0,1.0,31.81,1626473.74,UIL,6.0,9.0,1.0,,4.0,1,1.0,1.0,1.0,1.0,1.0,1.0,4.0,9.0,4.0,7.0,1.0,1.0,8.0,2.0,4.0,9.0,3.0,3.0,4.0,2.0,9.0,,7.0,9.0,9.0,6.0,3.0,6.0,6.0,5.0,8.0,1.0,,3.0,3.0,3.0,1.0,10.0,9.0,8.0,2.0,2.0,5.0,6.0,7.0,3,6.0,10,1
2011-09-26,53663,,11,1,4911.0,90274810,UIL,U I L HOLDINGS CORP,UIL,221111.0,N,A,R,21819,1,4931.0,90274810.0,,,49.0,493.0,,,,,,,32.39,0.006526,50543.0,1.0,32.43,1637087.77,UIL,6.0,9.0,1.0,,4.0,1,1.0,1.0,1.0,1.0,1.0,1.0,4.0,9.0,4.0,7.0,1.0,1.0,8.0,2.0,4.0,9.0,3.0,3.0,4.0,2.0,9.0,,7.0,9.0,9.0,6.0,3.0,6.0,6.0,5.0,8.0,1.0,,3.0,3.0,3.0,1.0,10.0,9.0,8.0,2.0,2.0,5.0,6.0,7.0,3,6.0,10,1
2011-09-27,53663,,11,1,4911.0,90274810,UIL,U I L HOLDINGS CORP,UIL,221111.0,N,A,R,21819,1,4931.0,90274810.0,,,49.0,493.0,,,,,,,32.73,0.010497,50543.0,1.0,32.83,1654272.39,UIL,6.0,9.0,1.0,,4.0,1,1.0,1.0,1.0,1.0,1.0,1.0,4.0,9.0,4.0,7.0,1.0,1.0,8.0,2.0,4.0,9.0,3.0,3.0,4.0,2.0,9.0,,7.0,9.0,9.0,6.0,3.0,6.0,6.0,5.0,8.0,1.0,,3.0,3.0,3.0,1.0,10.0,9.0,8.0,2.0,2.0,5.0,6.0,7.0,3,6.0,10,1
2011-09-28,53663,,11,1,4911.0,90274810,UIL,U I L HOLDINGS CORP,UIL,221111.0,N,A,R,21819,1,4931.0,90274810.0,,,49.0,493.0,,,,,,,32.0,-0.022304,50543.0,1.0,32.85,1617376.0,UIL,6.0,9.0,1.0,,4.0,1,1.0,1.0,1.0,1.0,1.0,1.0,4.0,9.0,4.0,7.0,1.0,1.0,8.0,2.0,4.0,9.0,3.0,3.0,4.0,2.0,9.0,,7.0,9.0,9.0,6.0,3.0,6.0,6.0,5.0,8.0,1.0,,3.0,3.0,3.0,1.0,10.0,9.0,8.0,2.0,2.0,5.0,6.0,7.0,3,6.0,10,1
2011-09-29,53663,,11,1,4911.0,90274810,UIL,U I L HOLDINGS CORP,UIL,221111.0,N,A,R,21819,1,4931.0,90274810.0,,,49.0,493.0,,,,,,,32.46,0.014375,50543.0,1.0,32.41,1640625.78,UIL,6.0,9.0,1.0,,4.0,1,1.0,1.0,1.0,1.0,1.0,1.0,4.0,9.0,4.0,7.0,1.0,1.0,8.0,2.0,4.0,9.0,3.0,3.0,4.0,2.0,9.0,,7.0,9.0,9.0,6.0,3.0,6.0,6.0,5.0,8.0,1.0,,3.0,3.0,3.0,1.0,10.0,9.0,8.0,2.0,2.0,5.0,6.0,7.0,3,6.0,10,1
2011-09-30,53663,,11,1,4911.0,90274810,UIL,U I L HOLDINGS CORP,UIL,221111.0,N,A,R,21819,1,4931.0,90274810.0,,,49.0,493.0,,,,,,,32.93,0.014479,50543.0,1.0,32.13,1664380.99,UIL,6.0,9.0,1.0,,4.0,1,1.0,1.0,1.0,1.0,1.0,1.0,4.0,9.0,4.0,7.0,1.0,1.0,8.0,2.0,4.0,9.0,3.0,3.0,4.0,2.0,9.0,,7.0,9.0,9.0,6.0,3.0,6.0,6.0,5.0,8.0,1.0,,3.0,3.0,3.0,1.0,10.0,9.0,8.0,2.0,2.0,5.0,6.0,7.0,3,6.0,10,1
2011-10-03,53663,,11,1,4911.0,90274810,UIL,U I L HOLDINGS CORP,UIL,221111.0,N,A,R,21819,1,4931.0,90274810.0,,,49.0,493.0,,,,,,,31.74,-0.036137,50543.0,1.0,32.72,1604234.82,UIL,6.0,9.0,1.0,,4.0,1,1.0,1.0,1.0,1.0,1.0,1.0,4.0,9.0,4.0,7.0,1.0,1.0,8.0,2.0,4.0,9.0,3.0,3.0,4.0,2.0,9.0,,9.0,10.0,10.0,8.0,2.0,8.0,5.0,6.0,7.0,2.0,,3.0,3.0,3.0,2.0,10.0,9.0,10.0,5.0,6.0,9.0,1.0,7.0,3,5.0,10,1
2011-10-04,53663,,11,1,4911.0,90274810,UIL,U I L HOLDINGS CORP,UIL,221111.0,N,A,R,21819,1,4931.0,90274810.0,,,49.0,493.0,,,,,,,31.43,-0.009767,50543.0,1.0,31.54,1588566.49,UIL,6.0,9.0,1.0,,4.0,1,1.0,1.0,1.0,1.0,1.0,1.0,4.0,9.0,4.0,7.0,1.0,1.0,8.0,2.0,4.0,9.0,3.0,3.0,4.0,2.0,9.0,,9.0,10.0,10.0,8.0,2.0,8.0,5.0,6.0,7.0,2.0,,3.0,3.0,3.0,2.0,10.0,9.0,10.0,5.0,6.0,9.0,1.0,7.0,3,5.0,10,1
2011-10-05,53663,,11,1,4911.0,90274810,UIL,U I L HOLDINGS CORP,UIL,221111.0,N,A,R,21819,1,4931.0,90274810.0,,,49.0,493.0,,,,,,,31.73,0.009545,50543.0,1.0,31.54,1603729.39,UIL,6.0,9.0,1.0,,4.0,1,1.0,1.0,1.0,1.0,1.0,1.0,4.0,9.0,4.0,7.0,1.0,1.0,8.0,2.0,4.0,9.0,3.0,3.0,4.0,2.0,9.0,,9.0,10.0,10.0,8.0,2.0,8.0,5.0,6.0,7.0,2.0,,3.0,3.0,3.0,2.0,10.0,9.0,10.0,5.0,6.0,9.0,1.0,7.0,3,5.0,10,1
2011-10-06,53663,,11,1,4911.0,90274810,UIL,U I L HOLDINGS CORP,UIL,221111.0,N,A,R,21819,1,4931.0,90274810.0,,,49.0,493.0,,,,,,,32.44,0.022376,50543.0,1.0,31.75,1639614.92,UIL,6.0,9.0,1.0,,4.0,1,1.0,1.0,1.0,1.0,1.0,1.0,4.0,9.0,4.0,7.0,1.0,1.0,8.0,2.0,4.0,9.0,3.0,3.0,4.0,2.0,9.0,,9.0,10.0,10.0,8.0,2.0,8.0,5.0,6.0,7.0,2.0,,3.0,3.0,3.0,2.0,10.0,9.0,10.0,5.0,6.0,9.0,1.0,7.0,3,5.0,10,1
2011-10-07,53663,,11,1,4911.0,90274810,UIL,U I L HOLDINGS CORP,UIL,221111.0,N,A,R,21819,1,4931.0,90274810.0,,,49.0,493.0,,,,,,,32.41,-0.000925,50543.0,1.0,32.65,1638098.63,UIL,6.0,9.0,1.0,,4.0,1,1.0,1.0,1.0,1.0,1.0,1.0,4.0,9.0,4.0,7.0,1.0,1.0,8.0,2.0,4.0,9.0,3.0,3.0,4.0,2.0,9.0,,9.0,10.0,10.0,8.0,2.0,8.0,5.0,6.0,7.0,2.0,,3.0,3.0,3.0,2.0,10.0,9.0,10.0,5.0,6.0,9.0,1.0,7.0,3,5.0,10,1
2011-10-10,53663,,11,1,4911.0,90274810,UIL,U I L HOLDINGS CORP,UIL,221111.0,N,A,R,21819,1,4931.0,90274810.0,,,49.0,493.0,,,,,,,33.07,0.020364,50543.0,1.0,32.85,1671457.01,UIL,6.0,9.0,1.0,,4.0,1,1.0,1.0,1.0,1.0,1.0,1.0,4.0,9.0,4.0,7.0,1.0,1.0,8.0,2.0,4.0,9.0,3.0,3.0,4.0,2.0,9.0,,9.0,10.0,10.0,8.0,2.0,8.0,5.0,6.0,7.0,2.0,,3.0,3.0,3.0,2.0,10.0,9.0,10.0,5.0,6.0,9.0,1.0,7.0,3,5.0,10,1
2011-10-11,53663,,11,1,4911.0,90274810,UIL,U I L HOLDINGS CORP,UIL,221111.0,N,A,R,21819,1,4931.0,90274810.0,,,49.0,493.0,,,,,,,32.81,-0.007862,50543.0,1.0,32.95,1658315.83,UIL,6.0,9.0,1.0,,4.0,1,1.0,1.0,1.0,1.0,1.0,1.0,4.0,9.0,4.0,7.0,1.0,1.0,8.0,2.0,4.0,9.0,3.0,3.0,4.0,2.0,9.0,,9.0,10.0,10.0,8.0,2.0,8.0,5.0,6.0,7.0,2.0,,3.0,3.0,3.0,2.0,10.0,9.0,10.0,5.0,6.0,9.0,1.0,7.0,3,5.0,10,1
2011-10-12,53663,,11,1,4911.0,90274810,UIL,U I L HOLDINGS CORP,UIL,221111.0,N,A,R,21819,1,4931.0,90274810.0,,,49.0,493.0,,,,,,,32.67,-0.004267,50543.0,1.0,33.01,1651239.81,UIL,6.0,9.0,1.0,,4.0,1,1.0,1.0,1.0,1.0,1.0,1.0,4.0,9.0,4.0,7.0,1.0,1.0,8.0,2.0,4.0,9.0,3.0,3.0,4.0,2.0,9.0,,9.0,10.0,10.0,8.0,2.0,8.0,5.0,6.0,7.0,2.0,,3.0,3.0,3.0,2.0,10.0,9.0,10.0,5.0,6.0,9.0,1.0,7.0,3,5.0,10,1
2011-10-13,53663,,11,1,4911.0,90274810,UIL,U I L HOLDINGS CORP,UIL,221111.0,N,A,R,21819,1,4931.0,90274810.0,,,49.0,493.0,,,,,,,32.76,0.002755,50543.0,1.0,32.64,1655788.68,UIL,6.0,9.0,1.0,,4.0,1,1.0,1.0,1.0,1.0,1.0,1.0,4.0,9.0,4.0,7.0,1.0,1.0,8.0,2.0,4.0,9.0,3.0,3.0,4.0,2.0,9.0,,9.0,10.0,10.0,8.0,2.0,8.0,5.0,6.0,7.0,2.0,,3.0,3.0,3.0,2.0,10.0,9.0,10.0,5.0,6.0,9.0,1.0,7.0,3,5.0,10,1
2011-10-14,53663,,11,1,4911.0,90274810,UIL,U I L HOLDINGS CORP,UIL,221111.0,N,A,R,21819,1,4931.0,90274810.0,,,49.0,493.0,,,,,,,33.24,0.014652,50543.0,1.0,32.99,1680049.32,UIL,6.0,9.0,1.0,,4.0,1,1.0,1.0,1.0,1.0,1.0,1.0,4.0,9.0,4.0,7.0,1.0,1.0,8.0,2.0,4.0,9.0,3.0,3.0,4.0,2.0,9.0,,9.0,10.0,10.0,8.0,2.0,8.0,5.0,6.0,7.0,2.0,,3.0,3.0,3.0,2.0,10.0,9.0,10.0,5.0,6.0,9.0,1.0,7.0,3,5.0,10,1
2011-10-17,53663,,11,1,4911.0,90274810,UIL,U I L HOLDINGS CORP,UIL,221111.0,N,A,R,21819,1,4931.0,90274810.0,,,49.0,493.0,,,,,,,32.75,-0.014741,50543.0,1.0,33.2,1655283.25,UIL,6.0,9.0,1.0,,4.0,1,1.0,1.0,1.0,1.0,1.0,1.0,4.0,9.0,4.0,7.0,1.0,1.0,8.0,2.0,4.0,9.0,3.0,3.0,4.0,2.0,9.0,,9.0,10.0,10.0,8.0,2.0,8.0,5.0,6.0,7.0,2.0,,3.0,3.0,3.0,2.0,10.0,9.0,10.0,5.0,6.0,9.0,1.0,7.0,3,5.0,10,1
2011-10-18,53663,,11,1,4911.0,90274810,UIL,U I L HOLDINGS CORP,UIL,221111.0,N,A,R,21819,1,4931.0,90274810.0,,,49.0,493.0,,,,,,,33.03,0.00855,50543.0,1.0,32.83,1669435.29,UIL,6.0,9.0,1.0,,4.0,1,1.0,1.0,1.0,1.0,1.0,1.0,4.0,9.0,4.0,7.0,1.0,1.0,8.0,2.0,4.0,9.0,3.0,3.0,4.0,2.0,9.0,,9.0,10.0,10.0,8.0,2.0,8.0,5.0,6.0,7.0,2.0,,3.0,3.0,3.0,2.0,10.0,9.0,10.0,5.0,6.0,9.0,1.0,7.0,3,5.0,10,1
2011-10-19,53663,,11,1,4911.0,90274810,UIL,U I L HOLDINGS CORP,UIL,221111.0,N,A,R,21819,1,4931.0,90274810.0,,,49.0,493.0,,,,,,,33.02,-0.000303,50543.0,1.0,33.03,1668929.86,UIL,6.0,9.0,1.0,,4.0,1,1.0,1.0,1.0,1.0,1.0,1.0,4.0,9.0,4.0,7.0,1.0,1.0,8.0,2.0,4.0,9.0,3.0,3.0,4.0,2.0,9.0,,9.0,10.0,10.0,8.0,2.0,8.0,5.0,6.0,7.0,2.0,,3.0,3.0,3.0,2.0,10.0,9.0,10.0,5.0,6.0,9.0,1.0,7.0,3,5.0,10,1
2011-10-20,53663,,11,1,4911.0,90274810,UIL,U I L HOLDINGS CORP,UIL,221111.0,N,A,R,21819,1,4931.0,90274810.0,,,49.0,493.0,,,,,,,33.0,-0.000606,50543.0,1.0,33.01,1667919.0,UIL,6.0,9.0,1.0,,4.0,1,1.0,1.0,1.0,1.0,1.0,1.0,4.0,9.0,4.0,7.0,1.0,1.0,8.0,2.0,4.0,9.0,3.0,3.0,4.0,2.0,9.0,,9.0,10.0,10.0,8.0,2.0,8.0,5.0,6.0,7.0,2.0,,3.0,3.0,3.0,2.0,10.0,9.0,10.0,5.0,6.0,9.0,1.0,7.0,3,5.0,10,1
2011-10-21,53663,,11,1,4911.0,90274810,UIL,U I L HOLDINGS CORP,UIL,221111.0,N,A,R,21819,1,4931.0,90274810.0,,,49.0,493.0,,,,,,,33.51,0.015454,50543.0,1.0,33.4,1693695.93,UIL,6.0,9.0,1.0,,4.0,1,1.0,1.0,1.0,1.0,1.0,1.0,4.0,9.0,4.0,7.0,1.0,1.0,8.0,2.0,4.0,9.0,3.0,3.0,4.0,2.0,9.0,,9.0,10.0,10.0,8.0,2.0,8.0,5.0,6.0,7.0,2.0,,3.0,3.0,3.0,2.0,10.0,9.0,10.0,5.0,6.0,9.0,1.0,7.0,3,5.0,10,1
2011-10-24,53663,,11,1,4911.0,90274810,UIL,U I L HOLDINGS CORP,UIL,221111.0,N,A,R,21819,1,4931.0,90274810.0,,,49.0,493.0,,,,,,,33.79,0.008356,50543.0,1.0,33.48,1707847.97,UIL,6.0,9.0,1.0,,4.0,1,1.0,1.0,1.0,1.0,1.0,1.0,4.0,9.0,4.0,7.0,1.0,1.0,8.0,2.0,4.0,9.0,3.0,3.0,4.0,2.0,9.0,,9.0,10.0,10.0,8.0,2.0,8.0,5.0,6.0,7.0,2.0,,3.0,3.0,3.0,2.0,10.0,9.0,10.0,5.0,6.0,9.0,1.0,7.0,3,5.0,10,1
2011-10-25,53663,,11,1,4911.0,90274810,UIL,U I L HOLDINGS CORP,UIL,221111.0,N,A,R,21819,1,4931.0,90274810.0,,,49.0,493.0,,,,,,,33.04,-0.022196,50543.0,1.0,33.67,1669940.72,UIL,6.0,9.0,1.0,,4.0,1,1.0,1.0,1.0,1.0,1.0,1.0,4.0,9.0,4.0,7.0,1.0,1.0,8.0,2.0,4.0,9.0,3.0,3.0,4.0,2.0,9.0,,9.0,10.0,10.0,8.0,2.0,8.0,5.0,6.0,7.0,2.0,,3.0,3.0,3.0,2.0,10.0,9.0,10.0,5.0,6.0,9.0,1.0,7.0,3,5.0,10,1
2011-10-26,53663,,11,1,4911.0,90274810,UIL,U I L HOLDINGS CORP,UIL,221111.0,N,A,R,21819,1,4931.0,90274810.0,,,49.0,493.0,,,,,,,33.21,0.005145,50543.0,1.0,33.35,1678533.03,UIL,6.0,9.0,1.0,,4.0,1,1.0,1.0,1.0,1.0,1.0,1.0,4.0,9.0,4.0,7.0,1.0,1.0,8.0,2.0,4.0,9.0,3.0,3.0,4.0,2.0,9.0,,9.0,10.0,10.0,8.0,2.0,8.0,5.0,6.0,7.0,2.0,,3.0,3.0,3.0,2.0,10.0,9.0,10.0,5.0,6.0,9.0,1.0,7.0,3,5.0,10,1
2011-10-27,53663,,11,1,4911.0,90274810,UIL,U I L HOLDINGS CORP,UIL,221111.0,N,A,R,21819,1,4931.0,90274810.0,,,49.0,493.0,,,,,,,34.72,0.045468,50543.0,1.0,34.0,1754852.96,UIL,6.0,9.0,1.0,,4.0,1,1.0,1.0,1.0,1.0,1.0,1.0,4.0,9.0,4.0,7.0,1.0,1.0,8.0,2.0,4.0,9.0,3.0,3.0,4.0,2.0,9.0,,9.0,10.0,10.0,8.0,2.0,8.0,5.0,6.0,7.0,2.0,,3.0,3.0,3.0,2.0,10.0,9.0,10.0,5.0,6.0,9.0,1.0,7.0,3,5.0,10,1
2011-10-28,53663,,11,1,4911.0,90274810,UIL,U I L HOLDINGS CORP,UIL,221111.0,N,A,R,21819,1,4931.0,90274810.0,,,49.0,493.0,,,,,,,34.35,-0.010657,50543.0,1.0,34.63,1736152.05,UIL,6.0,9.0,1.0,,4.0,1,1.0,1.0,1.0,1.0,1.0,1.0,4.0,9.0,4.0,7.0,1.0,1.0,8.0,2.0,4.0,9.0,3.0,3.0,4.0,2.0,9.0,,9.0,10.0,10.0,8.0,2.0,8.0,5.0,6.0,7.0,2.0,,3.0,3.0,3.0,2.0,10.0,9.0,10.0,5.0,6.0,9.0,1.0,7.0,3,5.0,10,1
2011-10-31,53663,,11,1,4911.0,90274810,UIL,U I L HOLDINGS CORP,UIL,221111.0,N,A,R,21819,1,4931.0,90274810.0,,,49.0,493.0,,,,,,,34.08,-0.00786,50543.0,1.0,33.91,1722505.44,UIL,6.0,9.0,1.0,,4.0,1,1.0,1.0,1.0,1.0,1.0,1.0,4.0,9.0,4.0,7.0,1.0,1.0,8.0,2.0,4.0,9.0,3.0,3.0,4.0,2.0,9.0,,9.0,10.0,10.0,8.0,2.0,8.0,5.0,6.0,7.0,2.0,,3.0,3.0,3.0,2.0,10.0,9.0,10.0,5.0,6.0,9.0,1.0,7.0,3,5.0,10,1
2011-11-01,53663,,11,1,4911.0,90274810,UIL,U I L HOLDINGS CORP,UIL,221111.0,N,A,R,21819,1,4931.0,90274810.0,,,49.0,493.0,,,,,,,33.16,-0.026995,50543.0,1.0,33.32,1676005.88,UIL,6.0,9.0,1.0,,4.0,1,1.0,1.0,1.0,1.0,1.0,1.0,4.0,9.0,4.0,7.0,1.0,1.0,8.0,2.0,4.0,9.0,3.0,3.0,4.0,2.0,9.0,,10.0,10.0,10.0,9.0,3.0,9.0,4.0,6.0,8.0,6.0,,3.0,3.0,3.0,9.0,10.0,9.0,8.0,7.0,7.0,10.0,1.0,7.0,3,5.0,10,1
2011-11-02,53663,,11,1,4911.0,90274810,UIL,U I L HOLDINGS CORP,UIL,221111.0,N,A,R,21819,1,4931.0,90274810.0,,,49.0,493.0,,,,,,,34.06,0.027141,50543.0,1.0,33.58,1721494.58,UIL,6.0,9.0,1.0,,4.0,1,1.0,1.0,1.0,1.0,1.0,1.0,4.0,9.0,4.0,7.0,1.0,1.0,8.0,2.0,4.0,9.0,3.0,3.0,4.0,2.0,9.0,,10.0,10.0,10.0,9.0,3.0,9.0,4.0,6.0,8.0,6.0,,3.0,3.0,3.0,9.0,10.0,9.0,8.0,7.0,7.0,10.0,1.0,7.0,3,5.0,10,1
2011-11-03,53663,,11,1,4911.0,90274810,UIL,U I L HOLDINGS CORP,UIL,221111.0,N,A,R,21819,1,4931.0,90274810.0,,,49.0,493.0,,,,,,,34.69,0.018497,50543.0,1.0,34.35,1753336.67,UIL,6.0,9.0,1.0,,4.0,1,1.0,1.0,1.0,1.0,1.0,1.0,4.0,9.0,4.0,7.0,1.0,1.0,8.0,2.0,4.0,9.0,3.0,3.0,4.0,2.0,9.0,,10.0,10.0,10.0,9.0,3.0,9.0,4.0,6.0,8.0,6.0,,3.0,3.0,3.0,9.0,10.0,9.0,8.0,7.0,7.0,10.0,1.0,7.0,3,5.0,10,1
2011-11-04,53663,,11,1,4911.0,90274810,UIL,U I L HOLDINGS CORP,UIL,221111.0,N,A,R,21819,1,4931.0,90274810.0,,,49.0,493.0,,,,,,,33.87,-0.023638,50543.0,1.0,34.66,1711891.41,UIL,6.0,9.0,1.0,,4.0,1,1.0,1.0,1.0,1.0,1.0,1.0,4.0,9.0,4.0,7.0,1.0,1.0,8.0,2.0,4.0,9.0,3.0,3.0,4.0,2.0,9.0,,10.0,10.0,10.0,9.0,3.0,9.0,4.0,6.0,8.0,6.0,,3.0,3.0,3.0,9.0,10.0,9.0,8.0,7.0,7.0,10.0,1.0,7.0,3,5.0,10,1
2011-11-07,53663,,11,1,4911.0,90274810,UIL,U I L HOLDINGS CORP,UIL,221111.0,N,A,R,21819,1,4931.0,90274810.0,,,49.0,493.0,,,,,,,34.1,0.006791,50543.0,1.0,33.98,1723516.3,UIL,6.0,9.0,1.0,,4.0,1,1.0,1.0,1.0,1.0,1.0,1.0,4.0,9.0,4.0,7.0,1.0,1.0,8.0,2.0,4.0,9.0,3.0,3.0,4.0,2.0,9.0,,10.0,10.0,10.0,9.0,3.0,9.0,4.0,6.0,8.0,6.0,,3.0,3.0,3.0,9.0,10.0,9.0,8.0,7.0,7.0,10.0,1.0,7.0,3,5.0,10,1
2011-11-08,53663,,11,1,4911.0,90274810,UIL,U I L HOLDINGS CORP,UIL,221111.0,N,A,R,21819,1,4931.0,90274810.0,,,49.0,493.0,,,,,,,34.3,0.005865,50543.0,1.0,34.16,1733624.9,UIL,6.0,9.0,1.0,,4.0,1,1.0,1.0,1.0,1.0,1.0,1.0,4.0,9.0,4.0,7.0,1.0,1.0,8.0,2.0,4.0,9.0,3.0,3.0,4.0,2.0,9.0,,10.0,10.0,10.0,9.0,3.0,9.0,4.0,6.0,8.0,6.0,,3.0,3.0,3.0,9.0,10.0,9.0,8.0,7.0,7.0,10.0,1.0,7.0,3,5.0,10,1
2011-11-09,53663,,11,1,4911.0,90274810,UIL,U I L HOLDINGS CORP,UIL,221111.0,N,A,R,21819,1,4931.0,90274810.0,,,49.0,493.0,,,,,,,33.5,-0.023324,50543.0,1.0,33.74,1693190.5,UIL,6.0,9.0,1.0,,4.0,1,1.0,1.0,1.0,1.0,1.0,1.0,4.0,9.0,4.0,7.0,1.0,1.0,8.0,2.0,4.0,9.0,3.0,3.0,4.0,2.0,9.0,,10.0,10.0,10.0,9.0,3.0,9.0,4.0,6.0,8.0,6.0,,3.0,3.0,3.0,9.0,10.0,9.0,8.0,7.0,7.0,10.0,1.0,7.0,3,5.0,10,1
2011-11-10,53663,,11,1,4911.0,90274810,UIL,U I L HOLDINGS CORP,UIL,221111.0,N,A,R,21819,1,4931.0,90274810.0,,,49.0,493.0,,,,,,,33.9,0.01194,50543.0,1.0,33.84,1713407.7,UIL,6.0,9.0,1.0,,4.0,1,1.0,1.0,1.0,1.0,1.0,1.0,4.0,9.0,4.0,7.0,1.0,1.0,8.0,2.0,4.0,9.0,3.0,3.0,4.0,2.0,9.0,,10.0,10.0,10.0,9.0,3.0,9.0,4.0,6.0,8.0,6.0,,3.0,3.0,3.0,9.0,10.0,9.0,8.0,7.0,7.0,10.0,1.0,7.0,3,5.0,10,1
2011-11-11,53663,,11,1,4911.0,90274810,UIL,U I L HOLDINGS CORP,UIL,221111.0,N,A,R,21819,1,4931.0,90274810.0,,,49.0,493.0,,,,,,,34.37,0.013864,50543.0,1.0,34.13,1737162.91,UIL,6.0,9.0,1.0,,4.0,1,1.0,1.0,1.0,1.0,1.0,1.0,4.0,9.0,4.0,7.0,1.0,1.0,8.0,2.0,4.0,9.0,3.0,3.0,4.0,2.0,9.0,,10.0,10.0,10.0,9.0,3.0,9.0,4.0,6.0,8.0,6.0,,3.0,3.0,3.0,9.0,10.0,9.0,8.0,7.0,7.0,10.0,1.0,7.0,3,5.0,10,1
2011-11-14,53663,,11,1,4911.0,90274810,UIL,U I L HOLDINGS CORP,UIL,221111.0,N,A,R,21819,1,4931.0,90274810.0,,,49.0,493.0,,,,,,,33.79,-0.016875,50543.0,1.0,34.34,1707847.97,UIL,6.0,9.0,1.0,,4.0,1,1.0,1.0,1.0,1.0,1.0,1.0,4.0,9.0,4.0,7.0,1.0,1.0,8.0,2.0,4.0,9.0,3.0,3.0,4.0,2.0,9.0,,10.0,10.0,10.0,9.0,3.0,9.0,4.0,6.0,8.0,6.0,,3.0,3.0,3.0,9.0,10.0,9.0,8.0,7.0,7.0,10.0,1.0,7.0,3,5.0,10,1
2011-11-15,53663,,11,1,4911.0,90274810,UIL,U I L HOLDINGS CORP,UIL,221111.0,N,A,R,21819,1,4931.0,90274810.0,,,49.0,493.0,,,,,,,34.08,0.008582,50543.0,1.0,33.7,1722505.44,UIL,6.0,9.0,1.0,,4.0,1,1.0,1.0,1.0,1.0,1.0,1.0,4.0,9.0,4.0,7.0,1.0,1.0,8.0,2.0,4.0,9.0,3.0,3.0,4.0,2.0,9.0,,10.0,10.0,10.0,9.0,3.0,9.0,4.0,6.0,8.0,6.0,,3.0,3.0,3.0,9.0,10.0,9.0,8.0,7.0,7.0,10.0,1.0,7.0,3,5.0,10,1
2011-11-16,53663,,11,1,4911.0,90274810,UIL,U I L HOLDINGS CORP,UIL,221111.0,N,A,R,21819,1,4931.0,90274810.0,,,49.0,493.0,,,,,,,33.46,-0.018193,50543.0,1.0,33.83,1691168.78,UIL,6.0,9.0,1.0,,4.0,1,1.0,1.0,1.0,1.0,1.0,1.0,4.0,9.0,4.0,7.0,1.0,1.0,8.0,2.0,4.0,9.0,3.0,3.0,4.0,2.0,9.0,,10.0,10.0,10.0,9.0,3.0,9.0,4.0,6.0,8.0,6.0,,3.0,3.0,3.0,9.0,10.0,9.0,8.0,7.0,7.0,10.0,1.0,7.0,3,5.0,10,1
2011-11-17,53663,,11,1,4911.0,90274810,UIL,U I L HOLDINGS CORP,UIL,221111.0,N,A,R,21819,1,4931.0,90274810.0,,,49.0,493.0,,,,,,,33.22,-0.007173,50543.0,1.0,33.46,1679038.46,UIL,6.0,9.0,1.0,,4.0,1,1.0,1.0,1.0,1.0,1.0,1.0,4.0,9.0,4.0,7.0,1.0,1.0,8.0,2.0,4.0,9.0,3.0,3.0,4.0,2.0,9.0,,10.0,10.0,10.0,9.0,3.0,9.0,4.0,6.0,8.0,6.0,,3.0,3.0,3.0,9.0,10.0,9.0,8.0,7.0,7.0,10.0,1.0,7.0,3,5.0,10,1
2011-11-18,53663,,11,1,4911.0,90274810,UIL,U I L HOLDINGS CORP,UIL,221111.0,N,A,R,21819,1,4931.0,90274810.0,,,49.0,493.0,,,,,,,33.71,0.01475,50543.0,1.0,33.25,1703804.53,UIL,6.0,9.0,1.0,,4.0,1,1.0,1.0,1.0,1.0,1.0,1.0,4.0,9.0,4.0,7.0,1.0,1.0,8.0,2.0,4.0,9.0,3.0,3.0,4.0,2.0,9.0,,10.0,10.0,10.0,9.0,3.0,9.0,4.0,6.0,8.0,6.0,,3.0,3.0,3.0,9.0,10.0,9.0,8.0,7.0,7.0,10.0,1.0,7.0,3,5.0,10,1
2011-11-21,53663,,11,1,4911.0,90274810,UIL,U I L HOLDINGS CORP,UIL,221111.0,N,A,R,21819,1,4931.0,90274810.0,,,49.0,493.0,,,,,,,33.17,-0.016019,50543.0,1.0,33.29,1676511.31,UIL,6.0,9.0,1.0,,4.0,1,1.0,1.0,1.0,1.0,1.0,1.0,4.0,9.0,4.0,7.0,1.0,1.0,8.0,2.0,4.0,9.0,3.0,3.0,4.0,2.0,9.0,,10.0,10.0,10.0,9.0,3.0,9.0,4.0,6.0,8.0,6.0,,3.0,3.0,3.0,9.0,10.0,9.0,8.0,7.0,7.0,10.0,1.0,7.0,3,5.0,10,1
2011-11-22,53663,,11,1,4911.0,90274810,UIL,U I L HOLDINGS CORP,UIL,221111.0,N,A,R,21819,1,4931.0,90274810.0,,,49.0,493.0,,,,,,,32.75,-0.012662,50543.0,1.0,33.13,1655283.25,UIL,6.0,9.0,1.0,,4.0,1,1.0,1.0,1.0,1.0,1.0,1.0,4.0,9.0,4.0,7.0,1.0,1.0,8.0,2.0,4.0,9.0,3.0,3.0,4.0,2.0,9.0,,10.0,10.0,10.0,9.0,3.0,9.0,4.0,6.0,8.0,6.0,,3.0,3.0,3.0,9.0,10.0,9.0,8.0,7.0,7.0,10.0,1.0,7.0,3,5.0,10,1
2011-11-23,53663,,11,1,4911.0,90274810,UIL,U I L HOLDINGS CORP,UIL,221111.0,N,A,R,21819,1,4931.0,90274810.0,,,49.0,493.0,,,,,,,32.41,-0.010382,50543.0,1.0,32.55,1638098.63,UIL,6.0,9.0,1.0,,4.0,1,1.0,1.0,1.0,1.0,1.0,1.0,4.0,9.0,4.0,7.0,1.0,1.0,8.0,2.0,4.0,9.0,3.0,3.0,4.0,2.0,9.0,,10.0,10.0,10.0,9.0,3.0,9.0,4.0,6.0,8.0,6.0,,3.0,3.0,3.0,9.0,10.0,9.0,8.0,7.0,7.0,10.0,1.0,7.0,3,5.0,10,1
2011-11-25,53663,,11,1,4911.0,90274810,UIL,U I L HOLDINGS CORP,UIL,221111.0,N,A,R,21819,1,4931.0,90274810.0,,,49.0,493.0,,,,,,,32.25,-0.004937,50543.0,1.0,32.31,1630011.75,UIL,6.0,9.0,1.0,,4.0,1,1.0,1.0,1.0,1.0,1.0,1.0,4.0,9.0,4.0,7.0,1.0,1.0,8.0,2.0,4.0,9.0,3.0,3.0,4.0,2.0,9.0,,10.0,10.0,10.0,9.0,3.0,9.0,4.0,6.0,8.0,6.0,,3.0,3.0,3.0,9.0,10.0,9.0,8.0,7.0,7.0,10.0,1.0,7.0,3,5.0,10,1
2011-11-28,53663,,11,1,4911.0,90274810,UIL,U I L HOLDINGS CORP,UIL,221111.0,N,A,R,21819,1,4931.0,90274810.0,,,49.0,493.0,,,,,,,33.25,0.031008,50543.0,1.0,32.93,1680554.75,UIL,6.0,9.0,1.0,,4.0,1,1.0,1.0,1.0,1.0,1.0,1.0,4.0,9.0,4.0,7.0,1.0,1.0,8.0,2.0,4.0,9.0,3.0,3.0,4.0,2.0,9.0,,10.0,10.0,10.0,9.0,3.0,9.0,4.0,6.0,8.0,6.0,,3.0,3.0,3.0,9.0,10.0,9.0,8.0,7.0,7.0,10.0,1.0,7.0,3,5.0,10,1
2011-11-29,53663,,11,1,4911.0,90274810,UIL,U I L HOLDINGS CORP,UIL,221111.0,N,A,R,21819,1,4931.0,90274810.0,,,49.0,493.0,,,,,,,33.72,0.014135,50543.0,1.0,33.34,1704309.96,UIL,6.0,9.0,1.0,,4.0,1,1.0,1.0,1.0,1.0,1.0,1.0,4.0,9.0,4.0,7.0,1.0,1.0,8.0,2.0,4.0,9.0,3.0,3.0,4.0,2.0,9.0,,10.0,10.0,10.0,9.0,3.0,9.0,4.0,6.0,8.0,6.0,,3.0,3.0,3.0,9.0,10.0,9.0,8.0,7.0,7.0,10.0,1.0,7.0,3,5.0,10,1
2011-11-30,53663,,11,1,4911.0,90274810,UIL,U I L HOLDINGS CORP,UIL,221111.0,N,A,R,21819,1,4931.0,90274810.0,,,49.0,493.0,,,,,,,34.84,0.033215,50543.0,1.0,34.32,1760918.12,UIL,6.0,9.0,1.0,,4.0,1,1.0,1.0,1.0,1.0,1.0,1.0,4.0,9.0,4.0,7.0,1.0,1.0,8.0,2.0,4.0,9.0,3.0,3.0,4.0,2.0,9.0,,10.0,10.0,10.0,9.0,3.0,9.0,4.0,6.0,8.0,6.0,,3.0,3.0,3.0,9.0,10.0,9.0,8.0,7.0,7.0,10.0,1.0,7.0,3,5.0,10,1
2011-12-01,53663,,11,1,4911.0,90274810,UIL,U I L HOLDINGS CORP,UIL,221111.0,N,A,R,21819,1,4931.0,90274810.0,,,49.0,493.0,,,,,,,34.75,-0.002583,50543.0,1.0,34.72,1756369.25,UIL,6.0,9.0,1.0,,4.0,1,1.0,1.0,1.0,1.0,1.0,1.0,4.0,9.0,4.0,7.0,1.0,1.0,8.0,2.0,4.0,9.0,3.0,3.0,4.0,2.0,9.0,,10.0,10.0,10.0,8.0,3.0,9.0,4.0,6.0,7.0,6.0,,3.0,3.0,3.0,4.0,9.0,9.0,5.0,5.0,5.0,8.0,1.0,7.0,3,5.0,10,1
2011-12-02,53663,,11,1,4911.0,90274810,UIL,U I L HOLDINGS CORP,UIL,221111.0,N,A,R,21819,1,4931.0,90274810.0,,,49.0,493.0,,,,,,,34.21,-0.01554,50543.0,1.0,34.97,1729076.03,UIL,6.0,9.0,1.0,,4.0,1,1.0,1.0,1.0,1.0,1.0,1.0,4.0,9.0,4.0,7.0,1.0,1.0,8.0,2.0,4.0,9.0,3.0,3.0,4.0,2.0,9.0,,10.0,10.0,10.0,8.0,3.0,9.0,4.0,6.0,7.0,6.0,,3.0,3.0,3.0,4.0,9.0,9.0,5.0,5.0,5.0,8.0,1.0,7.0,3,5.0,10,1
2011-12-05,53663,,11,1,4911.0,90274810,UIL,U I L HOLDINGS CORP,UIL,221111.0,N,A,R,21819,1,4931.0,90274810.0,,,49.0,493.0,,,,,,,34.97,0.022216,50543.0,1.0,34.63,1767488.71,UIL,6.0,9.0,1.0,,4.0,1,1.0,1.0,1.0,1.0,1.0,1.0,4.0,9.0,4.0,7.0,1.0,1.0,8.0,2.0,4.0,9.0,3.0,3.0,4.0,2.0,9.0,,10.0,10.0,10.0,8.0,3.0,9.0,4.0,6.0,7.0,6.0,,3.0,3.0,3.0,4.0,9.0,9.0,5.0,5.0,5.0,8.0,1.0,7.0,3,5.0,10,1
2011-12-06,53663,,11,1,4911.0,90274810,UIL,U I L HOLDINGS CORP,UIL,221111.0,N,A,R,21819,1,4931.0,90274810.0,,,49.0,493.0,,,,,,,34.62,-0.010009,50543.0,1.0,34.9,1749798.66,UIL,6.0,9.0,1.0,,4.0,1,1.0,1.0,1.0,1.0,1.0,1.0,4.0,9.0,4.0,7.0,1.0,1.0,8.0,2.0,4.0,9.0,3.0,3.0,4.0,2.0,9.0,,10.0,10.0,10.0,8.0,3.0,9.0,4.0,6.0,7.0,6.0,,3.0,3.0,3.0,4.0,9.0,9.0,5.0,5.0,5.0,8.0,1.0,7.0,3,5.0,10,1
2011-12-07,53663,,11,1,4911.0,90274810,UIL,U I L HOLDINGS CORP,UIL,221111.0,N,A,R,21819,1,4931.0,90274810.0,,,49.0,493.0,,,,,,,34.33,-0.008377,50543.0,1.0,34.5,1735141.19,UIL,6.0,9.0,1.0,,4.0,1,1.0,1.0,1.0,1.0,1.0,1.0,4.0,9.0,4.0,7.0,1.0,1.0,8.0,2.0,4.0,9.0,3.0,3.0,4.0,2.0,9.0,,10.0,10.0,10.0,8.0,3.0,9.0,4.0,6.0,7.0,6.0,,3.0,3.0,3.0,4.0,9.0,9.0,5.0,5.0,5.0,8.0,1.0,7.0,3,5.0,10,1
2011-12-08,53663,,11,1,4911.0,90274810,UIL,U I L HOLDINGS CORP,UIL,221111.0,N,A,R,21819,1,4931.0,90274810.0,,,49.0,493.0,,,,,,,33.93,-0.011652,50543.0,1.0,34.11,1714923.99,UIL,6.0,9.0,1.0,,4.0,1,1.0,1.0,1.0,1.0,1.0,1.0,4.0,9.0,4.0,7.0,1.0,1.0,8.0,2.0,4.0,9.0,3.0,3.0,4.0,2.0,9.0,,10.0,10.0,10.0,8.0,3.0,9.0,4.0,6.0,7.0,6.0,,3.0,3.0,3.0,4.0,9.0,9.0,5.0,5.0,5.0,8.0,1.0,7.0,3,5.0,10,1
2011-12-09,53663,,11,1,4911.0,90274810,UIL,U I L HOLDINGS CORP,UIL,221111.0,N,A,R,21819,1,4931.0,90274810.0,,,49.0,493.0,,,,,,,34.42,0.014441,50543.0,1.0,34.08,1739690.06,UIL,6.0,9.0,1.0,,4.0,1,1.0,1.0,1.0,1.0,1.0,1.0,4.0,9.0,4.0,7.0,1.0,1.0,8.0,2.0,4.0,9.0,3.0,3.0,4.0,2.0,9.0,,10.0,10.0,10.0,8.0,3.0,9.0,4.0,6.0,7.0,6.0,,3.0,3.0,3.0,4.0,9.0,9.0,5.0,5.0,5.0,8.0,1.0,7.0,3,5.0,10,1
2011-12-12,53663,,11,1,4911.0,90274810,UIL,U I L HOLDINGS CORP,UIL,221111.0,N,A,R,21819,1,4931.0,90274810.0,,,49.0,493.0,,,,,,,34.31,-0.003196,50543.0,1.0,34.25,1734130.33,UIL,6.0,9.0,1.0,,4.0,1,1.0,1.0,1.0,1.0,1.0,1.0,4.0,9.0,4.0,7.0,1.0,1.0,8.0,2.0,4.0,9.0,3.0,3.0,4.0,2.0,9.0,,10.0,10.0,10.0,8.0,3.0,9.0,4.0,6.0,7.0,6.0,,3.0,3.0,3.0,4.0,9.0,9.0,5.0,5.0,5.0,8.0,1.0,7.0,3,5.0,10,1
2011-12-13,53663,,11,1,4911.0,90274810,UIL,U I L HOLDINGS CORP,UIL,221111.0,N,A,R,21819,1,4931.0,90274810.0,,,49.0,493.0,,,,,,,34.4,0.002623,50543.0,1.0,34.5,1738679.2,UIL,6.0,9.0,1.0,,4.0,1,1.0,1.0,1.0,1.0,1.0,1.0,4.0,9.0,4.0,7.0,1.0,1.0,8.0,2.0,4.0,9.0,3.0,3.0,4.0,2.0,9.0,,10.0,10.0,10.0,8.0,3.0,9.0,4.0,6.0,7.0,6.0,,3.0,3.0,3.0,4.0,9.0,9.0,5.0,5.0,5.0,8.0,1.0,7.0,3,5.0,10,1
2011-12-14,53663,,11,1,4911.0,90274810,UIL,U I L HOLDINGS CORP,UIL,221111.0,N,A,R,21819,1,4931.0,90274810.0,,,49.0,493.0,,,,,,,34.01,-0.011337,50543.0,1.0,34.22,1718967.43,UIL,6.0,9.0,1.0,,4.0,1,1.0,1.0,1.0,1.0,1.0,1.0,4.0,9.0,4.0,7.0,1.0,1.0,8.0,2.0,4.0,9.0,3.0,3.0,4.0,2.0,9.0,,10.0,10.0,10.0,8.0,3.0,9.0,4.0,6.0,7.0,6.0,,3.0,3.0,3.0,4.0,9.0,9.0,5.0,5.0,5.0,8.0,1.0,7.0,3,5.0,10,1
2011-12-15,53663,,11,1,4911.0,90274810,UIL,U I L HOLDINGS CORP,UIL,221111.0,N,A,R,21819,1,4931.0,90274810.0,,,49.0,493.0,1232.0,0.432,0.0,,,,33.98,0.01182,50543.0,1.0,33.67,1717451.14,UIL,6.0,9.0,1.0,,4.0,1,1.0,1.0,1.0,1.0,1.0,1.0,4.0,9.0,4.0,7.0,1.0,1.0,8.0,2.0,4.0,9.0,3.0,3.0,4.0,2.0,9.0,,10.0,10.0,10.0,8.0,3.0,9.0,4.0,6.0,7.0,6.0,,3.0,3.0,3.0,4.0,9.0,9.0,5.0,5.0,5.0,8.0,1.0,7.0,3,5.0,10,1
2011-12-16,53663,,11,1,4911.0,90274810,UIL,U I L HOLDINGS CORP,UIL,221111.0,N,A,R,21819,1,4931.0,90274810.0,,,49.0,493.0,,,,,,,33.96,-0.000589,50543.0,1.0,34.13,1716440.28,UIL,6.0,9.0,1.0,,4.0,1,1.0,1.0,1.0,1.0,1.0,1.0,4.0,9.0,4.0,7.0,1.0,1.0,8.0,2.0,4.0,9.0,3.0,3.0,4.0,2.0,9.0,,10.0,10.0,10.0,8.0,3.0,9.0,4.0,6.0,7.0,6.0,,3.0,3.0,3.0,4.0,9.0,9.0,5.0,5.0,5.0,8.0,1.0,7.0,3,5.0,10,1
2011-12-19,53663,,11,1,4911.0,90274810,UIL,U I L HOLDINGS CORP,UIL,221111.0,N,A,R,21819,1,4931.0,90274810.0,,,49.0,493.0,,,,,,,34.19,0.006773,50543.0,1.0,34.14,1728065.17,UIL,6.0,9.0,1.0,,4.0,1,1.0,1.0,1.0,1.0,1.0,1.0,4.0,9.0,4.0,7.0,1.0,1.0,8.0,2.0,4.0,9.0,3.0,3.0,4.0,2.0,9.0,,10.0,10.0,10.0,8.0,3.0,9.0,4.0,6.0,7.0,6.0,,3.0,3.0,3.0,4.0,9.0,9.0,5.0,5.0,5.0,8.0,1.0,7.0,3,5.0,10,1
2011-12-20,53663,,11,1,4911.0,90274810,UIL,U I L HOLDINGS CORP,UIL,221111.0,N,A,R,21819,1,4931.0,90274810.0,,,49.0,493.0,,,,,,,34.73,0.015794,50543.0,1.0,34.58,1755358.39,UIL,6.0,9.0,1.0,,4.0,1,1.0,1.0,1.0,1.0,1.0,1.0,4.0,9.0,4.0,7.0,1.0,1.0,8.0,2.0,4.0,9.0,3.0,3.0,4.0,2.0,9.0,,10.0,10.0,10.0,8.0,3.0,9.0,4.0,6.0,7.0,6.0,,3.0,3.0,3.0,4.0,9.0,9.0,5.0,5.0,5.0,8.0,1.0,7.0,3,5.0,10,1
2011-12-21,53663,,11,1,4911.0,90274810,UIL,U I L HOLDINGS CORP,UIL,221111.0,N,A,R,21819,1,4931.0,90274810.0,,,49.0,493.0,,,,,,,34.78,0.00144,50543.0,1.0,34.58,1757885.54,UIL,6.0,9.0,1.0,,4.0,1,1.0,1.0,1.0,1.0,1.0,1.0,4.0,9.0,4.0,7.0,1.0,1.0,8.0,2.0,4.0,9.0,3.0,3.0,4.0,2.0,9.0,,10.0,10.0,10.0,8.0,3.0,9.0,4.0,6.0,7.0,6.0,,3.0,3.0,3.0,4.0,9.0,9.0,5.0,5.0,5.0,8.0,1.0,7.0,3,5.0,10,1
2011-12-22,53663,,11,1,4911.0,90274810,UIL,U I L HOLDINGS CORP,UIL,221111.0,N,A,R,21819,1,4931.0,90274810.0,,,49.0,493.0,,,,,,,34.83,0.001438,50543.0,1.0,34.87,1760412.69,UIL,6.0,9.0,1.0,,4.0,1,1.0,1.0,1.0,1.0,1.0,1.0,4.0,9.0,4.0,7.0,1.0,1.0,8.0,2.0,4.0,9.0,3.0,3.0,4.0,2.0,9.0,,10.0,10.0,10.0,8.0,3.0,9.0,4.0,6.0,7.0,6.0,,3.0,3.0,3.0,4.0,9.0,9.0,5.0,5.0,5.0,8.0,1.0,7.0,3,5.0,10,1
2011-12-23,53663,,11,1,4911.0,90274810,UIL,U I L HOLDINGS CORP,UIL,221111.0,N,A,R,21819,1,4931.0,90274810.0,,,49.0,493.0,,,,,,,35.21,0.01091,50543.0,1.0,34.97,1779619.03,UIL,6.0,9.0,1.0,,4.0,1,1.0,1.0,1.0,1.0,1.0,1.0,4.0,9.0,4.0,7.0,1.0,1.0,8.0,2.0,4.0,9.0,3.0,3.0,4.0,2.0,9.0,,10.0,10.0,10.0,8.0,3.0,9.0,4.0,6.0,7.0,6.0,,3.0,3.0,3.0,4.0,9.0,9.0,5.0,5.0,5.0,8.0,1.0,7.0,3,5.0,10,1
2011-12-27,53663,,11,1,4911.0,90274810,UIL,U I L HOLDINGS CORP,UIL,221111.0,N,A,R,21819,1,4931.0,90274810.0,,,49.0,493.0,,,,,,,35.6,0.011076,50543.0,1.0,35.15,1799330.8,UIL,6.0,9.0,1.0,,4.0,1,1.0,1.0,1.0,1.0,1.0,1.0,4.0,9.0,4.0,7.0,1.0,1.0,8.0,2.0,4.0,9.0,3.0,3.0,4.0,2.0,9.0,,10.0,10.0,10.0,8.0,3.0,9.0,4.0,6.0,7.0,6.0,,3.0,3.0,3.0,4.0,9.0,9.0,5.0,5.0,5.0,8.0,1.0,7.0,3,5.0,10,1
2011-12-28,53663,,11,1,4911.0,90274810,UIL,U I L HOLDINGS CORP,UIL,221111.0,N,A,R,21819,1,4931.0,90274810.0,,,49.0,493.0,,,,,,,35.47,-0.003652,50543.0,1.0,35.55,1792760.21,UIL,6.0,9.0,1.0,,4.0,1,1.0,1.0,1.0,1.0,1.0,1.0,4.0,9.0,4.0,7.0,1.0,1.0,8.0,2.0,4.0,9.0,3.0,3.0,4.0,2.0,9.0,,10.0,10.0,10.0,8.0,3.0,9.0,4.0,6.0,7.0,6.0,,3.0,3.0,3.0,4.0,9.0,9.0,5.0,5.0,5.0,8.0,1.0,7.0,3,5.0,10,1
2011-12-29,53663,,11,1,4911.0,90274810,UIL,U I L HOLDINGS CORP,UIL,221111.0,N,A,R,21819,1,4931.0,90274810.0,,,49.0,493.0,,,,,,,35.66,0.005357,50543.0,1.0,35.57,1802363.38,UIL,6.0,9.0,1.0,,4.0,1,1.0,1.0,1.0,1.0,1.0,1.0,4.0,9.0,4.0,7.0,1.0,1.0,8.0,2.0,4.0,9.0,3.0,3.0,4.0,2.0,9.0,,10.0,10.0,10.0,8.0,3.0,9.0,4.0,6.0,7.0,6.0,,3.0,3.0,3.0,4.0,9.0,9.0,5.0,5.0,5.0,8.0,1.0,7.0,3,5.0,10,1
2011-12-30,53663,,11,1,4911.0,90274810,UIL,U I L HOLDINGS CORP,UIL,221111.0,N,A,R,21819,1,4931.0,90274810.0,,,49.0,493.0,,,,,,,35.37,-0.008132,50543.0,1.0,35.58,1787705.91,UIL,6.0,9.0,1.0,,4.0,1,1.0,1.0,1.0,1.0,1.0,1.0,4.0,9.0,4.0,7.0,1.0,1.0,8.0,2.0,4.0,9.0,3.0,3.0,4.0,2.0,9.0,,10.0,10.0,10.0,8.0,3.0,9.0,4.0,6.0,7.0,6.0,,3.0,3.0,3.0,4.0,9.0,9.0,5.0,5.0,5.0,8.0,1.0,7.0,3,5.0,10,1
2012-01-03,53663,,11,1,4911.0,90274810,UIL,U I L HOLDINGS CORP,UIL,221111.0,N,A,R,21819,1,4931.0,90274810.0,,,49.0,493.0,,,,,,,35.0,-0.010461,50543.0,1.0,35.76,1769005.0,UIL,6.0,9.0,1.0,,4.0,1,1.0,1.0,1.0,1.0,1.0,1.0,4.0,9.0,4.0,7.0,1.0,1.0,8.0,2.0,4.0,9.0,3.0,3.0,4.0,2.0,9.0,,9.0,10.0,10.0,8.0,3.0,9.0,3.0,6.0,7.0,6.0,,3.0,3.0,3.0,4.0,9.0,9.0,2.0,6.0,6.0,9.0,1.0,7.0,3,5.0,10,1
2012-01-04,53663,,11,1,4911.0,90274810,UIL,U I L HOLDINGS CORP,UIL,221111.0,N,A,R,21819,1,4931.0,90274810.0,,,49.0,493.0,,,,,,,34.91,-0.002571,50543.0,1.0,34.99,1764456.13,UIL,6.0,9.0,1.0,,4.0,1,1.0,1.0,1.0,1.0,1.0,1.0,4.0,9.0,4.0,7.0,1.0,1.0,8.0,2.0,4.0,9.0,3.0,3.0,4.0,2.0,9.0,,9.0,10.0,10.0,8.0,3.0,9.0,3.0,6.0,7.0,6.0,,3.0,3.0,3.0,4.0,9.0,9.0,2.0,6.0,6.0,9.0,1.0,7.0,3,5.0,10,1
2012-01-05,53663,,11,1,4911.0,90274810,UIL,U I L HOLDINGS CORP,UIL,221111.0,N,A,R,21819,1,4931.0,90274810.0,,,49.0,493.0,,,,,,,34.91,0.0,50543.0,1.0,34.7,1764456.13,UIL,6.0,9.0,1.0,,4.0,1,1.0,1.0,1.0,1.0,1.0,1.0,4.0,9.0,4.0,7.0,1.0,1.0,8.0,2.0,4.0,9.0,3.0,3.0,4.0,2.0,9.0,,9.0,10.0,10.0,8.0,3.0,9.0,3.0,6.0,7.0,6.0,,3.0,3.0,3.0,4.0,9.0,9.0,2.0,6.0,6.0,9.0,1.0,7.0,3,5.0,10,1
2012-01-06,53663,,11,1,4911.0,90274810,UIL,U I L HOLDINGS CORP,UIL,221111.0,N,A,R,21819,1,4931.0,90274810.0,,,49.0,493.0,,,,,,,34.65,-0.007448,50543.0,1.0,34.93,1751314.95,UIL,6.0,9.0,1.0,,4.0,1,1.0,1.0,1.0,1.0,1.0,1.0,4.0,9.0,4.0,7.0,1.0,1.0,8.0,2.0,4.0,9.0,3.0,3.0,4.0,2.0,9.0,,9.0,10.0,10.0,8.0,3.0,9.0,3.0,6.0,7.0,6.0,,3.0,3.0,3.0,4.0,9.0,9.0,2.0,6.0,6.0,9.0,1.0,7.0,3,5.0,10,1
2012-01-09,53663,,11,1,4911.0,90274810,UIL,U I L HOLDINGS CORP,UIL,221111.0,N,A,R,21819,1,4931.0,90274810.0,,,49.0,493.0,,,,,,,35.3,0.018759,50543.0,1.0,34.85,1784167.9,UIL,6.0,9.0,1.0,,4.0,1,1.0,1.0,1.0,1.0,1.0,1.0,4.0,9.0,4.0,7.0,1.0,1.0,8.0,2.0,4.0,9.0,3.0,3.0,4.0,2.0,9.0,,9.0,10.0,10.0,8.0,3.0,9.0,3.0,6.0,7.0,6.0,,3.0,3.0,3.0,4.0,9.0,9.0,2.0,6.0,6.0,9.0,1.0,7.0,3,5.0,10,1
2012-01-10,53663,,11,1,4911.0,90274810,UIL,U I L HOLDINGS CORP,UIL,221111.0,N,A,R,21819,1,4931.0,90274810.0,,,49.0,493.0,,,,,,,35.09,-0.005949,50543.0,1.0,35.59,1773553.87,UIL,6.0,9.0,1.0,,4.0,1,1.0,1.0,1.0,1.0,1.0,1.0,4.0,9.0,4.0,7.0,1.0,1.0,8.0,2.0,4.0,9.0,3.0,3.0,4.0,2.0,9.0,,9.0,10.0,10.0,8.0,3.0,9.0,3.0,6.0,7.0,6.0,,3.0,3.0,3.0,4.0,9.0,9.0,2.0,6.0,6.0,9.0,1.0,7.0,3,5.0,10,1
2012-01-11,53663,,11,1,4911.0,90274810,UIL,U I L HOLDINGS CORP,UIL,221111.0,N,A,R,21819,1,4931.0,90274810.0,,,49.0,493.0,,,,,,,34.78,-0.008834,50543.0,1.0,35.03,1757885.54,UIL,6.0,9.0,1.0,,4.0,1,1.0,1.0,1.0,1.0,1.0,1.0,4.0,9.0,4.0,7.0,1.0,1.0,8.0,2.0,4.0,9.0,3.0,3.0,4.0,2.0,9.0,,9.0,10.0,10.0,8.0,3.0,9.0,3.0,6.0,7.0,6.0,,3.0,3.0,3.0,4.0,9.0,9.0,2.0,6.0,6.0,9.0,1.0,7.0,3,5.0,10,1
2012-01-12,53663,,11,1,4911.0,90274810,UIL,U I L HOLDINGS CORP,UIL,221111.0,N,A,R,21819,1,4931.0,90274810.0,,,49.0,493.0,,,,,,,34.73,-0.001438,50543.0,1.0,34.78,1755358.39,UIL,6.0,9.0,1.0,,4.0,1,1.0,1.0,1.0,1.0,1.0,1.0,4.0,9.0,4.0,7.0,1.0,1.0,8.0,2.0,4.0,9.0,3.0,3.0,4.0,2.0,9.0,,9.0,10.0,10.0,8.0,3.0,9.0,3.0,6.0,7.0,6.0,,3.0,3.0,3.0,4.0,9.0,9.0,2.0,6.0,6.0,9.0,1.0,7.0,3,5.0,10,1
2012-01-13,53663,,11,1,4911.0,90274810,UIL,U I L HOLDINGS CORP,UIL,221111.0,N,A,R,21819,1,4931.0,90274810.0,,,49.0,493.0,,,,,,,34.32,-0.011805,50543.0,1.0,34.29,1734635.76,UIL,6.0,9.0,1.0,,4.0,1,1.0,1.0,1.0,1.0,1.0,1.0,4.0,9.0,4.0,7.0,1.0,1.0,8.0,2.0,4.0,9.0,3.0,3.0,4.0,2.0,9.0,,9.0,10.0,10.0,8.0,3.0,9.0,3.0,6.0,7.0,6.0,,3.0,3.0,3.0,4.0,9.0,9.0,2.0,6.0,6.0,9.0,1.0,7.0,3,5.0,10,1
2012-01-17,53663,,11,1,4911.0,90274810,UIL,U I L HOLDINGS CORP,UIL,221111.0,N,A,R,21819,1,4931.0,90274810.0,,,49.0,493.0,,,,,,,34.18,-0.004079,50543.0,1.0,34.43,1727559.74,UIL,6.0,9.0,1.0,,4.0,1,1.0,1.0,1.0,1.0,1.0,1.0,4.0,9.0,4.0,7.0,1.0,1.0,8.0,2.0,4.0,9.0,3.0,3.0,4.0,2.0,9.0,,9.0,10.0,10.0,8.0,3.0,9.0,3.0,6.0,7.0,6.0,,3.0,3.0,3.0,4.0,9.0,9.0,2.0,6.0,6.0,9.0,1.0,7.0,3,5.0,10,1
2012-01-18,53663,,11,1,4911.0,90274810,UIL,U I L HOLDINGS CORP,UIL,221111.0,N,A,R,21819,1,4931.0,90274810.0,,,49.0,493.0,,,,,,,34.13,-0.001463,50543.0,1.0,34.18,1725032.59,UIL,6.0,9.0,1.0,,4.0,1,1.0,1.0,1.0,1.0,1.0,1.0,4.0,9.0,4.0,7.0,1.0,1.0,8.0,2.0,4.0,9.0,3.0,3.0,4.0,2.0,9.0,,9.0,10.0,10.0,8.0,3.0,9.0,3.0,6.0,7.0,6.0,,3.0,3.0,3.0,4.0,9.0,9.0,2.0,6.0,6.0,9.0,1.0,7.0,3,5.0,10,1
2012-01-19,53663,,11,1,4911.0,90274810,UIL,U I L HOLDINGS CORP,UIL,221111.0,N,A,R,21819,1,4931.0,90274810.0,,,49.0,493.0,,,,,,,33.94,-0.005567,50543.0,1.0,34.26,1715429.42,UIL,6.0,9.0,1.0,,4.0,1,1.0,1.0,1.0,1.0,1.0,1.0,4.0,9.0,4.0,7.0,1.0,1.0,8.0,2.0,4.0,9.0,3.0,3.0,4.0,2.0,9.0,,9.0,10.0,10.0,8.0,3.0,9.0,3.0,6.0,7.0,6.0,,3.0,3.0,3.0,4.0,9.0,9.0,2.0,6.0,6.0,9.0,1.0,7.0,3,5.0,10,1
2012-01-20,53663,,11,1,4911.0,90274810,UIL,U I L HOLDINGS CORP,UIL,221111.0,N,A,R,21819,1,4931.0,90274810.0,,,49.0,493.0,,,,,,,34.04,0.002946,50543.0,1.0,33.97,1720483.72,UIL,6.0,9.0,1.0,,4.0,1,1.0,1.0,1.0,1.0,1.0,1.0,4.0,9.0,4.0,7.0,1.0,1.0,8.0,2.0,4.0,9.0,3.0,3.0,4.0,2.0,9.0,,9.0,10.0,10.0,8.0,3.0,9.0,3.0,6.0,7.0,6.0,,3.0,3.0,3.0,4.0,9.0,9.0,2.0,6.0,6.0,9.0,1.0,7.0,3,5.0,10,1
2012-01-23,53663,,11,1,4911.0,90274810,UIL,U I L HOLDINGS CORP,UIL,221111.0,N,A,R,21819,1,4931.0,90274810.0,,,49.0,493.0,,,,,,,33.92,-0.003525,50543.0,1.0,33.97,1714418.56,UIL,6.0,9.0,1.0,,4.0,1,1.0,1.0,1.0,1.0,1.0,1.0,4.0,9.0,4.0,7.0,1.0,1.0,8.0,2.0,4.0,9.0,3.0,3.0,4.0,2.0,9.0,,9.0,10.0,10.0,8.0,3.0,9.0,3.0,6.0,7.0,6.0,,3.0,3.0,3.0,4.0,9.0,9.0,2.0,6.0,6.0,9.0,1.0,7.0,3,5.0,10,1
2012-01-24,53663,,11,1,4911.0,90274810,UIL,U I L HOLDINGS CORP,UIL,221111.0,N,A,R,21819,1,4931.0,90274810.0,,,49.0,493.0,,,,,,,33.95,0.000885,50543.0,1.0,33.85,1715934.85,UIL,6.0,9.0,1.0,,4.0,1,1.0,1.0,1.0,1.0,1.0,1.0,4.0,9.0,4.0,7.0,1.0,1.0,8.0,2.0,4.0,9.0,3.0,3.0,4.0,2.0,9.0,,9.0,10.0,10.0,8.0,3.0,9.0,3.0,6.0,7.0,6.0,,3.0,3.0,3.0,4.0,9.0,9.0,2.0,6.0,6.0,9.0,1.0,7.0,3,5.0,10,1
2012-01-25,53663,,11,1,4911.0,90274810,UIL,U I L HOLDINGS CORP,UIL,221111.0,N,A,R,21819,1,4931.0,90274810.0,,,49.0,493.0,,,,,,,34.42,0.013844,50543.0,1.0,33.89,1739690.06,UIL,6.0,9.0,1.0,,4.0,1,1.0,1.0,1.0,1.0,1.0,1.0,4.0,9.0,4.0,7.0,1.0,1.0,8.0,2.0,4.0,9.0,3.0,3.0,4.0,2.0,9.0,,9.0,10.0,10.0,8.0,3.0,9.0,3.0,6.0,7.0,6.0,,3.0,3.0,3.0,4.0,9.0,9.0,2.0,6.0,6.0,9.0,1.0,7.0,3,5.0,10,1
2012-01-26,53663,,11,1,4911.0,90274810,UIL,U I L HOLDINGS CORP,UIL,221111.0,N,A,R,21819,1,4931.0,90274810.0,,,49.0,493.0,,,,,,,34.55,0.003777,50543.0,1.0,34.47,1746260.65,UIL,6.0,9.0,1.0,,4.0,1,1.0,1.0,1.0,1.0,1.0,1.0,4.0,9.0,4.0,7.0,1.0,1.0,8.0,2.0,4.0,9.0,3.0,3.0,4.0,2.0,9.0,,9.0,10.0,10.0,8.0,3.0,9.0,3.0,6.0,7.0,6.0,,3.0,3.0,3.0,4.0,9.0,9.0,2.0,6.0,6.0,9.0,1.0,7.0,3,5.0,10,1
2012-01-27,53663,,11,1,4911.0,90274810,UIL,U I L HOLDINGS CORP,UIL,221111.0,N,A,R,21819,1,4931.0,90274810.0,,,49.0,493.0,,,,,,,34.61,0.001737,50543.0,1.0,34.5,1749293.23,UIL,6.0,9.0,1.0,,4.0,1,1.0,1.0,1.0,1.0,1.0,1.0,4.0,9.0,4.0,7.0,1.0,1.0,8.0,2.0,4.0,9.0,3.0,3.0,4.0,2.0,9.0,,9.0,10.0,10.0,8.0,3.0,9.0,3.0,6.0,7.0,6.0,,3.0,3.0,3.0,4.0,9.0,9.0,2.0,6.0,6.0,9.0,1.0,7.0,3,5.0,10,1
2012-01-30,53663,,11,1,4911.0,90274810,UIL,U I L HOLDINGS CORP,UIL,221111.0,N,A,R,21819,1,4931.0,90274810.0,,,49.0,493.0,,,,,,,34.34,-0.007801,50543.0,1.0,34.4,1735646.62,UIL,6.0,9.0,1.0,,4.0,1,1.0,1.0,1.0,1.0,1.0,1.0,4.0,9.0,4.0,7.0,1.0,1.0,8.0,2.0,4.0,9.0,3.0,3.0,4.0,2.0,9.0,,9.0,10.0,10.0,8.0,3.0,9.0,3.0,6.0,7.0,6.0,,3.0,3.0,3.0,4.0,9.0,9.0,2.0,6.0,6.0,9.0,1.0,7.0,3,5.0,10,1
2012-01-31,53663,,11,1,4911.0,90274810,UIL,U I L HOLDINGS CORP,UIL,221111.0,N,A,R,21819,1,4931.0,90274810.0,,,49.0,493.0,,,,,,,34.58,0.006989,50543.0,1.0,34.51,1747776.94,UIL,6.0,9.0,1.0,,4.0,1,1.0,1.0,1.0,1.0,1.0,1.0,4.0,9.0,4.0,7.0,1.0,1.0,8.0,2.0,4.0,9.0,3.0,3.0,4.0,2.0,9.0,,9.0,10.0,10.0,8.0,3.0,9.0,3.0,6.0,7.0,6.0,,3.0,3.0,3.0,4.0,9.0,9.0,2.0,6.0,6.0,9.0,1.0,7.0,3,5.0,10,1
2012-02-01,53663,,11,1,4911.0,90274810,UIL,U I L HOLDINGS CORP,UIL,221111.0,N,A,R,21819,1,4931.0,90274810.0,,,49.0,493.0,,,,,,,34.86,0.008097,50543.0,1.0,34.77,1761928.98,UIL,6.0,9.0,1.0,,4.0,1,1.0,1.0,1.0,1.0,1.0,1.0,4.0,9.0,4.0,7.0,1.0,1.0,8.0,2.0,4.0,9.0,3.0,3.0,4.0,2.0,9.0,,9.0,8.0,10.0,8.0,3.0,9.0,6.0,6.0,8.0,6.0,,3.0,3.0,3.0,9.0,9.0,9.0,1.0,5.0,5.0,7.0,1.0,7.0,3,6.0,10,1
2012-02-02,53663,,11,1,4911.0,90274810,UIL,U I L HOLDINGS CORP,UIL,221111.0,N,A,R,21819,1,4931.0,90274810.0,,,49.0,493.0,,,,,,,34.97,0.003155,50543.0,1.0,34.84,1767488.71,UIL,6.0,9.0,1.0,,4.0,1,1.0,1.0,1.0,1.0,1.0,1.0,4.0,9.0,4.0,7.0,1.0,1.0,8.0,2.0,4.0,9.0,3.0,3.0,4.0,2.0,9.0,,9.0,8.0,10.0,8.0,3.0,9.0,6.0,6.0,8.0,6.0,,3.0,3.0,3.0,9.0,9.0,9.0,1.0,5.0,5.0,7.0,1.0,7.0,3,6.0,10,1
2012-02-03,53663,,11,1,4911.0,90274810,UIL,U I L HOLDINGS CORP,UIL,221111.0,N,A,R,21819,1,4931.0,90274810.0,,,49.0,493.0,,,,,,,35.3,0.009437,50543.0,1.0,35.3,1784167.9,UIL,6.0,9.0,1.0,,4.0,1,1.0,1.0,1.0,1.0,1.0,1.0,4.0,9.0,4.0,7.0,1.0,1.0,8.0,2.0,4.0,9.0,3.0,3.0,4.0,2.0,9.0,,9.0,8.0,10.0,8.0,3.0,9.0,6.0,6.0,8.0,6.0,,3.0,3.0,3.0,9.0,9.0,9.0,1.0,5.0,5.0,7.0,1.0,7.0,3,6.0,10,1
2012-02-06,53663,,11,1,4911.0,90274810,UIL,U I L HOLDINGS CORP,UIL,221111.0,N,A,R,21819,1,4931.0,90274810.0,,,49.0,493.0,,,,,,,35.22,-0.002266,50543.0,1.0,35.22,1780124.46,UIL,6.0,9.0,1.0,,4.0,1,1.0,1.0,1.0,1.0,1.0,1.0,4.0,9.0,4.0,7.0,1.0,1.0,8.0,2.0,4.0,9.0,3.0,3.0,4.0,2.0,9.0,,9.0,8.0,10.0,8.0,3.0,9.0,6.0,6.0,8.0,6.0,,3.0,3.0,3.0,9.0,9.0,9.0,1.0,5.0,5.0,7.0,1.0,7.0,3,6.0,10,1
2012-02-07,53663,,11,1,4911.0,90274810,UIL,U I L HOLDINGS CORP,UIL,221111.0,N,A,R,21819,1,4931.0,90274810.0,,,49.0,493.0,,,,,,,35.46,0.006814,50543.0,1.0,35.16,1792254.78,UIL,6.0,9.0,1.0,,4.0,1,1.0,1.0,1.0,1.0,1.0,1.0,4.0,9.0,4.0,7.0,1.0,1.0,8.0,2.0,4.0,9.0,3.0,3.0,4.0,2.0,9.0,,9.0,8.0,10.0,8.0,3.0,9.0,6.0,6.0,8.0,6.0,,3.0,3.0,3.0,9.0,9.0,9.0,1.0,5.0,5.0,7.0,1.0,7.0,3,6.0,10,1
2012-02-08,53663,,11,1,4911.0,90274810,UIL,U I L HOLDINGS CORP,UIL,221111.0,N,A,R,21819,1,4931.0,90274810.0,,,49.0,493.0,,,,,,,35.37,-0.002538,50543.0,1.0,35.29,1787705.91,UIL,6.0,9.0,1.0,,4.0,1,1.0,1.0,1.0,1.0,1.0,1.0,4.0,9.0,4.0,7.0,1.0,1.0,8.0,2.0,4.0,9.0,3.0,3.0,4.0,2.0,9.0,,9.0,8.0,10.0,8.0,3.0,9.0,6.0,6.0,8.0,6.0,,3.0,3.0,3.0,9.0,9.0,9.0,1.0,5.0,5.0,7.0,1.0,7.0,3,6.0,10,1
2012-02-09,53663,,11,1,4911.0,90274810,UIL,U I L HOLDINGS CORP,UIL,221111.0,N,A,R,21819,1,4931.0,90274810.0,,,49.0,493.0,,,,,,,35.23,-0.003958,50543.0,1.0,35.37,1780629.89,UIL,6.0,9.0,1.0,,4.0,1,1.0,1.0,1.0,1.0,1.0,1.0,4.0,9.0,4.0,7.0,1.0,1.0,8.0,2.0,4.0,9.0,3.0,3.0,4.0,2.0,9.0,,9.0,8.0,10.0,8.0,3.0,9.0,6.0,6.0,8.0,6.0,,3.0,3.0,3.0,9.0,9.0,9.0,1.0,5.0,5.0,7.0,1.0,7.0,3,6.0,10,1
2012-02-10,53663,,11,1,4911.0,90274810,UIL,U I L HOLDINGS CORP,UIL,221111.0,N,A,R,21819,1,4931.0,90274810.0,,,49.0,493.0,,,,,,,34.97,-0.00738,50543.0,1.0,35.01,1767488.71,UIL,6.0,9.0,1.0,,4.0,1,1.0,1.0,1.0,1.0,1.0,1.0,4.0,9.0,4.0,7.0,1.0,1.0,8.0,2.0,4.0,9.0,3.0,3.0,4.0,2.0,9.0,,9.0,8.0,10.0,8.0,3.0,9.0,6.0,6.0,8.0,6.0,,3.0,3.0,3.0,9.0,9.0,9.0,1.0,5.0,5.0,7.0,1.0,7.0,3,6.0,10,1
2012-02-13,53663,,11,1,4911.0,90274810,UIL,U I L HOLDINGS CORP,UIL,221111.0,N,A,R,21819,1,4931.0,90274810.0,,,49.0,493.0,,,,,,,34.8,-0.004861,50543.0,1.0,35.27,1758896.4,UIL,6.0,9.0,1.0,,4.0,1,1.0,1.0,1.0,1.0,1.0,1.0,4.0,9.0,4.0,7.0,1.0,1.0,8.0,2.0,4.0,9.0,3.0,3.0,4.0,2.0,9.0,,9.0,8.0,10.0,8.0,3.0,9.0,6.0,6.0,8.0,6.0,,3.0,3.0,3.0,9.0,9.0,9.0,1.0,5.0,5.0,7.0,1.0,7.0,3,6.0,10,1
2012-02-14,53663,,11,1,4911.0,90274810,UIL,U I L HOLDINGS CORP,UIL,221111.0,N,A,R,21819,1,4931.0,90274810.0,,,49.0,493.0,,,,,,,34.97,0.004885,50543.0,1.0,34.79,1767488.71,UIL,6.0,9.0,1.0,,4.0,1,1.0,1.0,1.0,1.0,1.0,1.0,4.0,9.0,4.0,7.0,1.0,1.0,8.0,2.0,4.0,9.0,3.0,3.0,4.0,2.0,9.0,,9.0,8.0,10.0,8.0,3.0,9.0,6.0,6.0,8.0,6.0,,3.0,3.0,3.0,9.0,9.0,9.0,1.0,5.0,5.0,7.0,1.0,7.0,3,6.0,10,1
2012-02-15,53663,,11,1,4911.0,90274810,UIL,U I L HOLDINGS CORP,UIL,221111.0,N,A,R,21819,1,4931.0,90274810.0,,,49.0,493.0,,,,,,,35.04,0.002002,50543.0,1.0,35.03,1771026.72,UIL,6.0,9.0,1.0,,4.0,1,1.0,1.0,1.0,1.0,1.0,1.0,4.0,9.0,4.0,7.0,1.0,1.0,8.0,2.0,4.0,9.0,3.0,3.0,4.0,2.0,9.0,,9.0,8.0,10.0,8.0,3.0,9.0,6.0,6.0,8.0,6.0,,3.0,3.0,3.0,9.0,9.0,9.0,1.0,5.0,5.0,7.0,1.0,7.0,3,6.0,10,1
2012-02-16,53663,,11,1,4911.0,90274810,UIL,U I L HOLDINGS CORP,UIL,221111.0,N,A,R,21819,1,4931.0,90274810.0,,,49.0,493.0,,,,,,,35.76,0.020548,50543.0,1.0,35.09,1807417.68,UIL,6.0,9.0,1.0,,4.0,1,1.0,1.0,1.0,1.0,1.0,1.0,4.0,9.0,4.0,7.0,1.0,1.0,8.0,2.0,4.0,9.0,3.0,3.0,4.0,2.0,9.0,,9.0,8.0,10.0,8.0,3.0,9.0,6.0,6.0,8.0,6.0,,3.0,3.0,3.0,9.0,9.0,9.0,1.0,5.0,5.0,7.0,1.0,7.0,3,6.0,10,1
2012-02-17,53663,,11,1,4911.0,90274810,UIL,U I L HOLDINGS CORP,UIL,221111.0,N,A,R,21819,1,4931.0,90274810.0,,,49.0,493.0,,,,,,,35.76,0.0,50543.0,1.0,35.89,1807417.68,UIL,6.0,9.0,1.0,,4.0,1,1.0,1.0,1.0,1.0,1.0,1.0,4.0,9.0,4.0,7.0,1.0,1.0,8.0,2.0,4.0,9.0,3.0,3.0,4.0,2.0,9.0,,9.0,8.0,10.0,8.0,3.0,9.0,6.0,6.0,8.0,6.0,,3.0,3.0,3.0,9.0,9.0,9.0,1.0,5.0,5.0,7.0,1.0,7.0,3,6.0,10,1
2012-02-21,53663,,11,1,4911.0,90274810,UIL,U I L HOLDINGS CORP,UIL,221111.0,N,A,R,21819,1,4931.0,90274810.0,,,49.0,493.0,,,,,,,35.58,-0.005033,50543.0,1.0,35.96,1798319.94,UIL,6.0,9.0,1.0,,4.0,1,1.0,1.0,1.0,1.0,1.0,1.0,4.0,9.0,4.0,7.0,1.0,1.0,8.0,2.0,4.0,9.0,3.0,3.0,4.0,2.0,9.0,,9.0,8.0,10.0,8.0,3.0,9.0,6.0,6.0,8.0,6.0,,3.0,3.0,3.0,9.0,9.0,9.0,1.0,5.0,5.0,7.0,1.0,7.0,3,6.0,10,1
2012-02-22,53663,,11,1,4911.0,90274810,UIL,U I L HOLDINGS CORP,UIL,221111.0,N,A,R,21819,1,4931.0,90274810.0,,,49.0,493.0,,,,,,,35.53,-0.001405,50543.0,1.0,35.6,1795792.79,UIL,6.0,9.0,1.0,,4.0,1,1.0,1.0,1.0,1.0,1.0,1.0,4.0,9.0,4.0,7.0,1.0,1.0,8.0,2.0,4.0,9.0,3.0,3.0,4.0,2.0,9.0,,9.0,8.0,10.0,8.0,3.0,9.0,6.0,6.0,8.0,6.0,,3.0,3.0,3.0,9.0,9.0,9.0,1.0,5.0,5.0,7.0,1.0,7.0,3,6.0,10,1
2012-02-23,53663,,11,1,4911.0,90274810,UIL,U I L HOLDINGS CORP,UIL,221111.0,N,A,R,21819,1,4931.0,90274810.0,,,49.0,493.0,,,,,,,35.45,-0.002252,50543.0,1.0,35.5,1791749.35,UIL,6.0,9.0,1.0,,4.0,1,1.0,1.0,1.0,1.0,1.0,1.0,4.0,9.0,4.0,7.0,1.0,1.0,8.0,2.0,4.0,9.0,3.0,3.0,4.0,2.0,9.0,,9.0,8.0,10.0,8.0,3.0,9.0,6.0,6.0,8.0,6.0,,3.0,3.0,3.0,9.0,9.0,9.0,1.0,5.0,5.0,7.0,1.0,7.0,3,6.0,10,1
2012-02-24,53663,,11,1,4911.0,90274810,UIL,U I L HOLDINGS CORP,UIL,221111.0,N,A,R,21819,1,4931.0,90274810.0,,,49.0,493.0,,,,,,,35.88,0.01213,50543.0,1.0,35.56,1813482.84,UIL,6.0,9.0,1.0,,4.0,1,1.0,1.0,1.0,1.0,1.0,1.0,4.0,9.0,4.0,7.0,1.0,1.0,8.0,2.0,4.0,9.0,3.0,3.0,4.0,2.0,9.0,,9.0,8.0,10.0,8.0,3.0,9.0,6.0,6.0,8.0,6.0,,3.0,3.0,3.0,9.0,9.0,9.0,1.0,5.0,5.0,7.0,1.0,7.0,3,6.0,10,1
2012-02-27,53663,,11,1,4911.0,90274810,UIL,U I L HOLDINGS CORP,UIL,221111.0,N,A,R,21819,1,4931.0,90274810.0,,,49.0,493.0,,,,,,,35.92,0.001115,50543.0,1.0,35.76,1815504.56,UIL,6.0,9.0,1.0,,4.0,1,1.0,1.0,1.0,1.0,1.0,1.0,4.0,9.0,4.0,7.0,1.0,1.0,8.0,2.0,4.0,9.0,3.0,3.0,4.0,2.0,9.0,,9.0,8.0,10.0,8.0,3.0,9.0,6.0,6.0,8.0,6.0,,3.0,3.0,3.0,9.0,9.0,9.0,1.0,5.0,5.0,7.0,1.0,7.0,3,6.0,10,1
2012-02-28,53663,,11,1,4911.0,90274810,UIL,U I L HOLDINGS CORP,UIL,221111.0,N,A,R,21819,1,4931.0,90274810.0,,,49.0,493.0,,,,,,,35.32,-0.016704,50543.0,1.0,35.87,1785178.76,UIL,6.0,9.0,1.0,,4.0,1,1.0,1.0,1.0,1.0,1.0,1.0,4.0,9.0,4.0,7.0,1.0,1.0,8.0,2.0,4.0,9.0,3.0,3.0,4.0,2.0,9.0,,9.0,8.0,10.0,8.0,3.0,9.0,6.0,6.0,8.0,6.0,,3.0,3.0,3.0,9.0,9.0,9.0,1.0,5.0,5.0,7.0,1.0,7.0,3,6.0,10,1
2012-02-29,53663,,11,1,4911.0,90274810,UIL,U I L HOLDINGS CORP,UIL,221111.0,N,A,R,21819,1,4931.0,90274810.0,,,49.0,493.0,,,,,,,35.25,-0.001982,50555.0,1.0,35.39,1782063.75,UIL,6.0,9.0,1.0,,4.0,1,1.0,1.0,1.0,1.0,1.0,1.0,4.0,9.0,4.0,7.0,1.0,1.0,8.0,2.0,4.0,9.0,3.0,3.0,4.0,2.0,9.0,,9.0,8.0,10.0,8.0,3.0,9.0,6.0,6.0,8.0,6.0,,3.0,3.0,3.0,9.0,9.0,9.0,1.0,5.0,5.0,7.0,1.0,7.0,3,6.0,10,1
2012-03-01,53663,,11,1,4911.0,90274810,UIL,U I L HOLDINGS CORP,UIL,221111.0,N,A,R,21819,1,4931.0,90274810.0,,,49.0,493.0,,,,,,,35.1,-0.004255,50555.0,1.0,35.28,1774480.5,UIL,6.0,9.0,1.0,,4.0,1,1.0,1.0,1.0,1.0,1.0,1.0,4.0,9.0,4.0,7.0,1.0,1.0,8.0,2.0,4.0,9.0,3.0,3.0,4.0,2.0,9.0,,8.0,3.0,10.0,7.0,4.0,9.0,6.0,5.0,8.0,6.0,,4.0,4.0,4.0,6.0,10.0,9.0,4.0,5.0,4.0,2.0,1.0,7.0,3,7.0,10,1
2012-03-02,53663,,11,1,4911.0,90274810,UIL,U I L HOLDINGS CORP,UIL,221111.0,N,A,R,21819,1,4931.0,90274810.0,,,49.0,493.0,,,,,,,34.83,-0.007692,50555.0,1.0,35.15,1760830.65,UIL,6.0,9.0,1.0,,4.0,1,1.0,1.0,1.0,1.0,1.0,1.0,4.0,9.0,4.0,7.0,1.0,1.0,8.0,2.0,4.0,9.0,3.0,3.0,4.0,2.0,9.0,,8.0,3.0,10.0,7.0,4.0,9.0,6.0,5.0,8.0,6.0,,4.0,4.0,4.0,6.0,10.0,9.0,4.0,5.0,4.0,2.0,1.0,7.0,3,7.0,10,1
2012-03-05,53663,,11,1,4911.0,90274810,UIL,U I L HOLDINGS CORP,UIL,221111.0,N,A,R,21819,1,4931.0,90274810.0,,,49.0,493.0,,,,,,,34.76,-0.00201,50555.0,1.0,34.74,1757291.8,UIL,6.0,9.0,1.0,,4.0,1,1.0,1.0,1.0,1.0,1.0,1.0,4.0,9.0,4.0,7.0,1.0,1.0,8.0,2.0,4.0,9.0,3.0,3.0,4.0,2.0,9.0,,8.0,3.0,10.0,7.0,4.0,9.0,6.0,5.0,8.0,6.0,,4.0,4.0,4.0,6.0,10.0,9.0,4.0,5.0,4.0,2.0,1.0,7.0,3,7.0,10,1
2012-03-06,53663,,11,1,4911.0,90274810,UIL,U I L HOLDINGS CORP,UIL,221111.0,N,A,R,21819,1,4931.0,90274810.0,,,49.0,493.0,,,,,,,34.69,-0.002014,50555.0,1.0,34.56,1753752.95,UIL,6.0,9.0,1.0,,4.0,1,1.0,1.0,1.0,1.0,1.0,1.0,4.0,9.0,4.0,7.0,1.0,1.0,8.0,2.0,4.0,9.0,3.0,3.0,4.0,2.0,9.0,,8.0,3.0,10.0,7.0,4.0,9.0,6.0,5.0,8.0,6.0,,4.0,4.0,4.0,6.0,10.0,9.0,4.0,5.0,4.0,2.0,1.0,7.0,3,7.0,10,1
2012-03-07,53663,,11,1,4911.0,90274810,UIL,U I L HOLDINGS CORP,UIL,221111.0,N,A,R,21819,1,4931.0,90274810.0,,,49.0,493.0,,,,,,,34.83,0.004036,50555.0,1.0,34.75,1760830.65,UIL,6.0,9.0,1.0,,4.0,1,1.0,1.0,1.0,1.0,1.0,1.0,4.0,9.0,4.0,7.0,1.0,1.0,8.0,2.0,4.0,9.0,3.0,3.0,4.0,2.0,9.0,,8.0,3.0,10.0,7.0,4.0,9.0,6.0,5.0,8.0,6.0,,4.0,4.0,4.0,6.0,10.0,9.0,4.0,5.0,4.0,2.0,1.0,7.0,3,7.0,10,1
2012-03-08,53663,,11,1,4911.0,90274810,UIL,U I L HOLDINGS CORP,UIL,221111.0,N,A,R,21819,1,4931.0,90274810.0,,,49.0,493.0,1232.0,0.432,0.0,,,,34.24,-0.004536,50555.0,1.0,34.57,1731003.2,UIL,6.0,9.0,1.0,,4.0,1,1.0,1.0,1.0,1.0,1.0,1.0,4.0,9.0,4.0,7.0,1.0,1.0,8.0,2.0,4.0,9.0,3.0,3.0,4.0,2.0,9.0,,8.0,3.0,10.0,7.0,4.0,9.0,6.0,5.0,8.0,6.0,,4.0,4.0,4.0,6.0,10.0,9.0,4.0,5.0,4.0,2.0,1.0,7.0,3,7.0,10,1
2012-03-09,53663,,11,1,4911.0,90274810,UIL,U I L HOLDINGS CORP,UIL,221111.0,N,A,R,21819,1,4931.0,90274810.0,,,49.0,493.0,,,,,,,34.91,0.019568,50555.0,1.0,34.27,1764875.05,UIL,6.0,9.0,1.0,,4.0,1,1.0,1.0,1.0,1.0,1.0,1.0,4.0,9.0,4.0,7.0,1.0,1.0,8.0,2.0,4.0,9.0,3.0,3.0,4.0,2.0,9.0,,8.0,3.0,10.0,7.0,4.0,9.0,6.0,5.0,8.0,6.0,,4.0,4.0,4.0,6.0,10.0,9.0,4.0,5.0,4.0,2.0,1.0,7.0,3,7.0,10,1
2012-03-12,53663,,11,1,4911.0,90274810,UIL,U I L HOLDINGS CORP,UIL,221111.0,N,A,R,21819,1,4931.0,90274810.0,,,49.0,493.0,,,,,,,35.32,0.011744,50555.0,1.0,35.02,1785602.6,UIL,6.0,9.0,1.0,,4.0,1,1.0,1.0,1.0,1.0,1.0,1.0,4.0,9.0,4.0,7.0,1.0,1.0,8.0,2.0,4.0,9.0,3.0,3.0,4.0,2.0,9.0,,8.0,3.0,10.0,7.0,4.0,9.0,6.0,5.0,8.0,6.0,,4.0,4.0,4.0,6.0,10.0,9.0,4.0,5.0,4.0,2.0,1.0,7.0,3,7.0,10,1
2012-03-13,53663,,11,1,4911.0,90274810,UIL,U I L HOLDINGS CORP,UIL,221111.0,N,A,R,21819,1,4931.0,90274810.0,,,49.0,493.0,,,,,,,35.15,-0.004813,50555.0,1.0,35.43,1777008.25,UIL,6.0,9.0,1.0,,4.0,1,1.0,1.0,1.0,1.0,1.0,1.0,4.0,9.0,4.0,7.0,1.0,1.0,8.0,2.0,4.0,9.0,3.0,3.0,4.0,2.0,9.0,,8.0,3.0,10.0,7.0,4.0,9.0,6.0,5.0,8.0,6.0,,4.0,4.0,4.0,6.0,10.0,9.0,4.0,5.0,4.0,2.0,1.0,7.0,3,7.0,10,1
2012-03-14,53663,,11,1,4911.0,90274810,UIL,U I L HOLDINGS CORP,UIL,221111.0,N,A,R,21819,1,4931.0,90274810.0,,,49.0,493.0,,,,,,,34.63,-0.014794,50555.0,1.0,35.09,1750719.65,UIL,6.0,9.0,1.0,,4.0,1,1.0,1.0,1.0,1.0,1.0,1.0,4.0,9.0,4.0,7.0,1.0,1.0,8.0,2.0,4.0,9.0,3.0,3.0,4.0,2.0,9.0,,8.0,3.0,10.0,7.0,4.0,9.0,6.0,5.0,8.0,6.0,,4.0,4.0,4.0,6.0,10.0,9.0,4.0,5.0,4.0,2.0,1.0,7.0,3,7.0,10,1
2012-03-15,53663,,11,1,4911.0,90274810,UIL,U I L HOLDINGS CORP,UIL,221111.0,N,A,R,21819,1,4931.0,90274810.0,,,49.0,493.0,,,,,,,34.39,-0.00693,50555.0,1.0,34.7,1738586.45,UIL,6.0,9.0,1.0,,4.0,1,1.0,1.0,1.0,1.0,1.0,1.0,4.0,9.0,4.0,7.0,1.0,1.0,8.0,2.0,4.0,9.0,3.0,3.0,4.0,2.0,9.0,,8.0,3.0,10.0,7.0,4.0,9.0,6.0,5.0,8.0,6.0,,4.0,4.0,4.0,6.0,10.0,9.0,4.0,5.0,4.0,2.0,1.0,7.0,3,7.0,10,1
2012-03-16,53663,,11,1,4911.0,90274810,UIL,U I L HOLDINGS CORP,UIL,221111.0,N,A,R,21819,1,4931.0,90274810.0,,,49.0,493.0,,,,,,,34.01,-0.01105,50555.0,1.0,34.27,1719375.55,UIL,6.0,9.0,1.0,,4.0,1,1.0,1.0,1.0,1.0,1.0,1.0,4.0,9.0,4.0,7.0,1.0,1.0,8.0,2.0,4.0,9.0,3.0,3.0,4.0,2.0,9.0,,8.0,3.0,10.0,7.0,4.0,9.0,6.0,5.0,8.0,6.0,,4.0,4.0,4.0,6.0,10.0,9.0,4.0,5.0,4.0,2.0,1.0,7.0,3,7.0,10,1
2012-03-19,53663,,11,1,4911.0,90274810,UIL,U I L HOLDINGS CORP,UIL,221111.0,N,A,R,21819,1,4931.0,90274810.0,,,49.0,493.0,,,,,,,34.37,0.010585,50555.0,1.0,34.01,1737575.35,UIL,6.0,9.0,1.0,,4.0,1,1.0,1.0,1.0,1.0,1.0,1.0,4.0,9.0,4.0,7.0,1.0,1.0,8.0,2.0,4.0,9.0,3.0,3.0,4.0,2.0,9.0,,8.0,3.0,10.0,7.0,4.0,9.0,6.0,5.0,8.0,6.0,,4.0,4.0,4.0,6.0,10.0,9.0,4.0,5.0,4.0,2.0,1.0,7.0,3,7.0,10,1
2012-03-20,53663,,11,1,4911.0,90274810,UIL,U I L HOLDINGS CORP,UIL,221111.0,N,A,R,21819,1,4931.0,90274810.0,,,49.0,493.0,,,,,,,34.68,0.00902,50555.0,1.0,34.2,1753247.4,UIL,6.0,9.0,1.0,,4.0,1,1.0,1.0,1.0,1.0,1.0,1.0,4.0,9.0,4.0,7.0,1.0,1.0,8.0,2.0,4.0,9.0,3.0,3.0,4.0,2.0,9.0,,8.0,3.0,10.0,7.0,4.0,9.0,6.0,5.0,8.0,6.0,,4.0,4.0,4.0,6.0,10.0,9.0,4.0,5.0,4.0,2.0,1.0,7.0,3,7.0,10,1
2012-03-21,53663,,11,1,4911.0,90274810,UIL,U I L HOLDINGS CORP,UIL,221111.0,N,A,R,21819,1,4931.0,90274810.0,,,49.0,493.0,,,,,,,34.47,-0.006055,50555.0,1.0,34.62,1742630.85,UIL,6.0,9.0,1.0,,4.0,1,1.0,1.0,1.0,1.0,1.0,1.0,4.0,9.0,4.0,7.0,1.0,1.0,8.0,2.0,4.0,9.0,3.0,3.0,4.0,2.0,9.0,,8.0,3.0,10.0,7.0,4.0,9.0,6.0,5.0,8.0,6.0,,4.0,4.0,4.0,6.0,10.0,9.0,4.0,5.0,4.0,2.0,1.0,7.0,3,7.0,10,1
2012-03-22,53663,,11,1,4911.0,90274810,UIL,U I L HOLDINGS CORP,UIL,221111.0,N,A,R,21819,1,4931.0,90274810.0,,,49.0,493.0,,,,,,,34.47,0.0,50555.0,1.0,34.27,1742630.85,UIL,6.0,9.0,1.0,,4.0,1,1.0,1.0,1.0,1.0,1.0,1.0,4.0,9.0,4.0,7.0,1.0,1.0,8.0,2.0,4.0,9.0,3.0,3.0,4.0,2.0,9.0,,8.0,3.0,10.0,7.0,4.0,9.0,6.0,5.0,8.0,6.0,,4.0,4.0,4.0,6.0,10.0,9.0,4.0,5.0,4.0,2.0,1.0,7.0,3,7.0,10,1
2012-03-23,53663,,11,1,4911.0,90274810,UIL,U I L HOLDINGS CORP,UIL,221111.0,N,A,R,21819,1,4931.0,90274810.0,,,49.0,493.0,,,,,,,34.45,-0.00058,50555.0,1.0,34.55,1741619.75,UIL,6.0,9.0,1.0,,4.0,1,1.0,1.0,1.0,1.0,1.0,1.0,4.0,9.0,4.0,7.0,1.0,1.0,8.0,2.0,4.0,9.0,3.0,3.0,4.0,2.0,9.0,,8.0,3.0,10.0,7.0,4.0,9.0,6.0,5.0,8.0,6.0,,4.0,4.0,4.0,6.0,10.0,9.0,4.0,5.0,4.0,2.0,1.0,7.0,3,7.0,10,1
2012-03-26,53663,,11,1,4911.0,90274810,UIL,U I L HOLDINGS CORP,UIL,221111.0,N,A,R,21819,1,4931.0,90274810.0,,,49.0,493.0,,,,,,,34.66,0.006096,50555.0,1.0,34.68,1752236.3,UIL,6.0,9.0,1.0,,4.0,1,1.0,1.0,1.0,1.0,1.0,1.0,4.0,9.0,4.0,7.0,1.0,1.0,8.0,2.0,4.0,9.0,3.0,3.0,4.0,2.0,9.0,,8.0,3.0,10.0,7.0,4.0,9.0,6.0,5.0,8.0,6.0,,4.0,4.0,4.0,6.0,10.0,9.0,4.0,5.0,4.0,2.0,1.0,7.0,3,7.0,10,1
2012-03-27,53663,,11,1,4911.0,90274810,UIL,U I L HOLDINGS CORP,UIL,221111.0,N,A,R,21819,1,4931.0,90274810.0,,,49.0,493.0,,,,,,,34.88,0.006347,50555.0,1.0,34.69,1763358.4,UIL,6.0,9.0,1.0,,4.0,1,1.0,1.0,1.0,1.0,1.0,1.0,4.0,9.0,4.0,7.0,1.0,1.0,8.0,2.0,4.0,9.0,3.0,3.0,4.0,2.0,9.0,,8.0,3.0,10.0,7.0,4.0,9.0,6.0,5.0,8.0,6.0,,4.0,4.0,4.0,6.0,10.0,9.0,4.0,5.0,4.0,2.0,1.0,7.0,3,7.0,10,1
2012-03-28,53663,,11,1,4911.0,90274810,UIL,U I L HOLDINGS CORP,UIL,221111.0,N,A,R,21819,1,4931.0,90274810.0,,,49.0,493.0,,,,,,,34.73,-0.004301,50555.0,1.0,34.98,1755775.15,UIL,6.0,9.0,1.0,,4.0,1,1.0,1.0,1.0,1.0,1.0,1.0,4.0,9.0,4.0,7.0,1.0,1.0,8.0,2.0,4.0,9.0,3.0,3.0,4.0,2.0,9.0,,8.0,3.0,10.0,7.0,4.0,9.0,6.0,5.0,8.0,6.0,,4.0,4.0,4.0,6.0,10.0,9.0,4.0,5.0,4.0,2.0,1.0,7.0,3,7.0,10,1
2012-03-29,53663,,11,1,4911.0,90274810,UIL,U I L HOLDINGS CORP,UIL,221111.0,N,A,R,21819,1,4931.0,90274810.0,,,49.0,493.0,,,,,,,34.87,0.004031,50555.0,1.0,34.57,1762852.85,UIL,6.0,9.0,1.0,,4.0,1,1.0,1.0,1.0,1.0,1.0,1.0,4.0,9.0,4.0,7.0,1.0,1.0,8.0,2.0,4.0,9.0,3.0,3.0,4.0,2.0,9.0,,8.0,3.0,10.0,7.0,4.0,9.0,6.0,5.0,8.0,6.0,,4.0,4.0,4.0,6.0,10.0,9.0,4.0,5.0,4.0,2.0,1.0,7.0,3,7.0,10,1
2012-03-30,53663,,11,1,4911.0,90274810,UIL,U I L HOLDINGS CORP,UIL,221111.0,N,A,R,21819,1,4931.0,90274810.0,,,49.0,493.0,,,,,,,34.76,-0.003155,50555.0,1.0,35.0,1757291.8,UIL,6.0,9.0,1.0,,4.0,1,1.0,1.0,1.0,1.0,1.0,1.0,4.0,9.0,4.0,7.0,1.0,1.0,8.0,2.0,4.0,9.0,3.0,3.0,4.0,2.0,9.0,,8.0,3.0,10.0,7.0,4.0,9.0,6.0,5.0,8.0,6.0,,4.0,4.0,4.0,6.0,10.0,9.0,4.0,5.0,4.0,2.0,1.0,7.0,3,7.0,10,1
2012-04-02,53663,,11,1,4911.0,90274810,UIL,U I L HOLDINGS CORP,UIL,221111.0,N,A,R,21819,1,4931.0,90274810.0,,,49.0,493.0,,,,,,,35.2,0.012658,50555.0,1.0,34.78,1779536.0,UIL,6.0,9.0,1.0,,4.0,1,1.0,1.0,1.0,1.0,1.0,1.0,4.0,9.0,4.0,7.0,1.0,1.0,8.0,2.0,4.0,9.0,3.0,3.0,4.0,2.0,9.0,,4.0,1.0,7.0,4.0,4.0,9.0,8.0,5.0,8.0,6.0,,4.0,4.0,4.0,7.0,10.0,9.0,3.0,6.0,7.0,3.0,1.0,6.0,3,7.0,10,1
2012-04-03,53663,,11,1,4911.0,90274810,UIL,U I L HOLDINGS CORP,UIL,221111.0,N,A,R,21819,1,4931.0,90274810.0,,,49.0,493.0,,,,,,,34.95,-0.007102,50555.0,1.0,35.25,1766897.25,UIL,6.0,9.0,1.0,,4.0,1,1.0,1.0,1.0,1.0,1.0,1.0,4.0,9.0,4.0,7.0,1.0,1.0,8.0,2.0,4.0,9.0,3.0,3.0,4.0,2.0,9.0,,4.0,1.0,7.0,4.0,4.0,9.0,8.0,5.0,8.0,6.0,,4.0,4.0,4.0,7.0,10.0,9.0,3.0,6.0,7.0,3.0,1.0,6.0,3,7.0,10,1
2012-04-04,53663,,11,1,4911.0,90274810,UIL,U I L HOLDINGS CORP,UIL,221111.0,N,A,R,21819,1,4931.0,90274810.0,,,49.0,493.0,,,,,,,34.62,-0.009442,50555.0,1.0,34.71,1750214.1,UIL,6.0,9.0,1.0,,4.0,1,1.0,1.0,1.0,1.0,1.0,1.0,4.0,9.0,4.0,7.0,1.0,1.0,8.0,2.0,4.0,9.0,3.0,3.0,4.0,2.0,9.0,,4.0,1.0,7.0,4.0,4.0,9.0,8.0,5.0,8.0,6.0,,4.0,4.0,4.0,7.0,10.0,9.0,3.0,6.0,7.0,3.0,1.0,6.0,3,7.0,10,1
2012-04-05,53663,,11,1,4911.0,90274810,UIL,U I L HOLDINGS CORP,UIL,221111.0,N,A,R,21819,1,4931.0,90274810.0,,,49.0,493.0,,,,,,,34.15,-0.013576,50555.0,1.0,34.47,1726453.25,UIL,6.0,9.0,1.0,,4.0,1,1.0,1.0,1.0,1.0,1.0,1.0,4.0,9.0,4.0,7.0,1.0,1.0,8.0,2.0,4.0,9.0,3.0,3.0,4.0,2.0,9.0,,4.0,1.0,7.0,4.0,4.0,9.0,8.0,5.0,8.0,6.0,,4.0,4.0,4.0,7.0,10.0,9.0,3.0,6.0,7.0,3.0,1.0,6.0,3,7.0,10,1
2012-04-09,53663,,11,1,4911.0,90274810,UIL,U I L HOLDINGS CORP,UIL,221111.0,N,A,R,21819,1,4931.0,90274810.0,,,49.0,493.0,,,,,,,33.9,-0.007321,50555.0,1.0,33.735,1713814.5,UIL,6.0,9.0,1.0,,4.0,1,1.0,1.0,1.0,1.0,1.0,1.0,4.0,9.0,4.0,7.0,1.0,1.0,8.0,2.0,4.0,9.0,3.0,3.0,4.0,2.0,9.0,,4.0,1.0,7.0,4.0,4.0,9.0,8.0,5.0,8.0,6.0,,4.0,4.0,4.0,7.0,10.0,9.0,3.0,6.0,7.0,3.0,1.0,6.0,3,7.0,10,1
2012-04-10,53663,,11,1,4911.0,90274810,UIL,U I L HOLDINGS CORP,UIL,221111.0,N,A,R,21819,1,4931.0,90274810.0,,,49.0,493.0,,,,,,,33.37,-0.015634,50555.0,1.0,33.82,1687020.35,UIL,6.0,9.0,1.0,,4.0,1,1.0,1.0,1.0,1.0,1.0,1.0,4.0,9.0,4.0,7.0,1.0,1.0,8.0,2.0,4.0,9.0,3.0,3.0,4.0,2.0,9.0,,4.0,1.0,7.0,4.0,4.0,9.0,8.0,5.0,8.0,6.0,,4.0,4.0,4.0,7.0,10.0,9.0,3.0,6.0,7.0,3.0,1.0,6.0,3,7.0,10,1
2012-04-11,53663,,11,1,4911.0,90274810,UIL,U I L HOLDINGS CORP,UIL,221111.0,N,A,R,21819,1,4931.0,90274810.0,,,49.0,493.0,,,,,,,33.41,0.001199,50555.0,1.0,33.59,1689042.55,UIL,6.0,9.0,1.0,,4.0,1,1.0,1.0,1.0,1.0,1.0,1.0,4.0,9.0,4.0,7.0,1.0,1.0,8.0,2.0,4.0,9.0,3.0,3.0,4.0,2.0,9.0,,4.0,1.0,7.0,4.0,4.0,9.0,8.0,5.0,8.0,6.0,,4.0,4.0,4.0,7.0,10.0,9.0,3.0,6.0,7.0,3.0,1.0,6.0,3,7.0,10,1
2012-04-12,53663,,11,1,4911.0,90274810,UIL,U I L HOLDINGS CORP,UIL,221111.0,N,A,R,21819,1,4931.0,90274810.0,,,49.0,493.0,,,,,,,33.51,0.002993,50555.0,1.0,33.37,1694098.05,UIL,6.0,9.0,1.0,,4.0,1,1.0,1.0,1.0,1.0,1.0,1.0,4.0,9.0,4.0,7.0,1.0,1.0,8.0,2.0,4.0,9.0,3.0,3.0,4.0,2.0,9.0,,4.0,1.0,7.0,4.0,4.0,9.0,8.0,5.0,8.0,6.0,,4.0,4.0,4.0,7.0,10.0,9.0,3.0,6.0,7.0,3.0,1.0,6.0,3,7.0,10,1
2012-04-13,53663,,11,1,4911.0,90274810,UIL,U I L HOLDINGS CORP,UIL,221111.0,N,A,R,21819,1,4931.0,90274810.0,,,49.0,493.0,,,,,,,33.39,-0.003581,50555.0,1.0,33.37,1688031.45,UIL,6.0,9.0,1.0,,4.0,1,1.0,1.0,1.0,1.0,1.0,1.0,4.0,9.0,4.0,7.0,1.0,1.0,8.0,2.0,4.0,9.0,3.0,3.0,4.0,2.0,9.0,,4.0,1.0,7.0,4.0,4.0,9.0,8.0,5.0,8.0,6.0,,4.0,4.0,4.0,7.0,10.0,9.0,3.0,6.0,7.0,3.0,1.0,6.0,3,7.0,10,1
2012-04-16,53663,,11,1,4911.0,90274810,UIL,U I L HOLDINGS CORP,UIL,221111.0,N,A,R,21819,1,4931.0,90274810.0,,,49.0,493.0,,,,,,,33.59,0.00599,50555.0,1.0,33.45,1698142.45,UIL,6.0,9.0,1.0,,4.0,1,1.0,1.0,1.0,1.0,1.0,1.0,4.0,9.0,4.0,7.0,1.0,1.0,8.0,2.0,4.0,9.0,3.0,3.0,4.0,2.0,9.0,,4.0,1.0,7.0,4.0,4.0,9.0,8.0,5.0,8.0,6.0,,4.0,4.0,4.0,7.0,10.0,9.0,3.0,6.0,7.0,3.0,1.0,6.0,3,7.0,10,1
2012-04-17,53663,,11,1,4911.0,90274810,UIL,U I L HOLDINGS CORP,UIL,221111.0,N,A,R,21819,1,4931.0,90274810.0,,,49.0,493.0,,,,,,,33.75,0.004763,50555.0,1.0,33.75,1706231.25,UIL,6.0,9.0,1.0,,4.0,1,1.0,1.0,1.0,1.0,1.0,1.0,4.0,9.0,4.0,7.0,1.0,1.0,8.0,2.0,4.0,9.0,3.0,3.0,4.0,2.0,9.0,,4.0,1.0,7.0,4.0,4.0,9.0,8.0,5.0,8.0,6.0,,4.0,4.0,4.0,7.0,10.0,9.0,3.0,6.0,7.0,3.0,1.0,6.0,3,7.0,10,1
2012-04-18,53663,,11,1,4911.0,90274810,UIL,U I L HOLDINGS CORP,UIL,221111.0,N,A,R,21819,1,4931.0,90274810.0,,,49.0,493.0,,,,,,,33.56,-0.00563,50555.0,1.0,33.66,1696625.8,UIL,6.0,9.0,1.0,,4.0,1,1.0,1.0,1.0,1.0,1.0,1.0,4.0,9.0,4.0,7.0,1.0,1.0,8.0,2.0,4.0,9.0,3.0,3.0,4.0,2.0,9.0,,4.0,1.0,7.0,4.0,4.0,9.0,8.0,5.0,8.0,6.0,,4.0,4.0,4.0,7.0,10.0,9.0,3.0,6.0,7.0,3.0,1.0,6.0,3,7.0,10,1
2012-04-19,53663,,11,1,4911.0,90274810,UIL,U I L HOLDINGS CORP,UIL,221111.0,N,A,R,21819,1,4931.0,90274810.0,,,49.0,493.0,,,,,,,33.29,-0.008045,50555.0,1.0,33.6,1682975.95,UIL,6.0,9.0,1.0,,4.0,1,1.0,1.0,1.0,1.0,1.0,1.0,4.0,9.0,4.0,7.0,1.0,1.0,8.0,2.0,4.0,9.0,3.0,3.0,4.0,2.0,9.0,,4.0,1.0,7.0,4.0,4.0,9.0,8.0,5.0,8.0,6.0,,4.0,4.0,4.0,7.0,10.0,9.0,3.0,6.0,7.0,3.0,1.0,6.0,3,7.0,10,1
2012-04-20,53663,,11,1,4911.0,90274810,UIL,U I L HOLDINGS CORP,UIL,221111.0,N,A,R,21819,1,4931.0,90274810.0,,,49.0,493.0,,,,,,,33.5,0.006308,50555.0,1.0,33.64,1693592.5,UIL,6.0,9.0,1.0,,4.0,1,1.0,1.0,1.0,1.0,1.0,1.0,4.0,9.0,4.0,7.0,1.0,1.0,8.0,2.0,4.0,9.0,3.0,3.0,4.0,2.0,9.0,,4.0,1.0,7.0,4.0,4.0,9.0,8.0,5.0,8.0,6.0,,4.0,4.0,4.0,7.0,10.0,9.0,3.0,6.0,7.0,3.0,1.0,6.0,3,7.0,10,1
2012-04-23,53663,,11,1,4911.0,90274810,UIL,U I L HOLDINGS CORP,UIL,221111.0,N,A,R,21819,1,4931.0,90274810.0,,,49.0,493.0,,,,,,,33.18,-0.009552,50555.0,1.0,33.29,1677414.9,UIL,6.0,9.0,1.0,,4.0,1,1.0,1.0,1.0,1.0,1.0,1.0,4.0,9.0,4.0,7.0,1.0,1.0,8.0,2.0,4.0,9.0,3.0,3.0,4.0,2.0,9.0,,4.0,1.0,7.0,4.0,4.0,9.0,8.0,5.0,8.0,6.0,,4.0,4.0,4.0,7.0,10.0,9.0,3.0,6.0,7.0,3.0,1.0,6.0,3,7.0,10,1
2012-04-24,53663,,11,1,4911.0,90274810,UIL,U I L HOLDINGS CORP,UIL,221111.0,N,A,R,21819,1,4931.0,90274810.0,,,49.0,493.0,,,,,,,33.53,0.010548,50555.0,1.0,33.29,1695109.15,UIL,6.0,9.0,1.0,,4.0,1,1.0,1.0,1.0,1.0,1.0,1.0,4.0,9.0,4.0,7.0,1.0,1.0,8.0,2.0,4.0,9.0,3.0,3.0,4.0,2.0,9.0,,4.0,1.0,7.0,4.0,4.0,9.0,8.0,5.0,8.0,6.0,,4.0,4.0,4.0,7.0,10.0,9.0,3.0,6.0,7.0,3.0,1.0,6.0,3,7.0,10,1
2012-04-25,53663,,11,1,4911.0,90274810,UIL,U I L HOLDINGS CORP,UIL,221111.0,N,A,R,21819,1,4931.0,90274810.0,,,49.0,493.0,,,,,,,33.94,0.012228,50555.0,1.0,33.69,1715836.7,UIL,6.0,9.0,1.0,,4.0,1,1.0,1.0,1.0,1.0,1.0,1.0,4.0,9.0,4.0,7.0,1.0,1.0,8.0,2.0,4.0,9.0,3.0,3.0,4.0,2.0,9.0,,4.0,1.0,7.0,4.0,4.0,9.0,8.0,5.0,8.0,6.0,,4.0,4.0,4.0,7.0,10.0,9.0,3.0,6.0,7.0,3.0,1.0,6.0,3,7.0,10,1
2012-04-26,53663,,11,1,4911.0,90274810,UIL,U I L HOLDINGS CORP,UIL,221111.0,N,A,R,21819,1,4931.0,90274810.0,,,49.0,493.0,,,,,,,34.29,0.010312,50555.0,1.0,33.89,1733530.95,UIL,6.0,9.0,1.0,,4.0,1,1.0,1.0,1.0,1.0,1.0,1.0,4.0,9.0,4.0,7.0,1.0,1.0,8.0,2.0,4.0,9.0,3.0,3.0,4.0,2.0,9.0,,4.0,1.0,7.0,4.0,4.0,9.0,8.0,5.0,8.0,6.0,,4.0,4.0,4.0,7.0,10.0,9.0,3.0,6.0,7.0,3.0,1.0,6.0,3,7.0,10,1
2012-04-27,53663,,11,1,4911.0,90274810,UIL,U I L HOLDINGS CORP,UIL,221111.0,N,A,R,21819,1,4931.0,90274810.0,,,49.0,493.0,,,,,,,34.3,0.000292,50555.0,1.0,34.29,1734036.5,UIL,6.0,9.0,1.0,,4.0,1,1.0,1.0,1.0,1.0,1.0,1.0,4.0,9.0,4.0,7.0,1.0,1.0,8.0,2.0,4.0,9.0,3.0,3.0,4.0,2.0,9.0,,4.0,1.0,7.0,4.0,4.0,9.0,8.0,5.0,8.0,6.0,,4.0,4.0,4.0,7.0,10.0,9.0,3.0,6.0,7.0,3.0,1.0,6.0,3,7.0,10,1
2012-04-30,53663,,11,1,4911.0,90274810,UIL,U I L HOLDINGS CORP,UIL,221111.0,N,A,R,21819,1,4931.0,90274810.0,,,49.0,493.0,,,,,,,34.37,0.002041,50646.0,1.0,34.22,1740703.02,UIL,6.0,9.0,1.0,,4.0,1,1.0,1.0,1.0,1.0,1.0,1.0,4.0,9.0,4.0,7.0,1.0,1.0,8.0,2.0,4.0,9.0,3.0,3.0,4.0,2.0,9.0,,4.0,1.0,7.0,4.0,4.0,9.0,8.0,5.0,8.0,6.0,,4.0,4.0,4.0,7.0,10.0,9.0,3.0,6.0,7.0,3.0,1.0,6.0,3,7.0,10,1
2012-05-01,53663,,11,1,4911.0,90274810,UIL,U I L HOLDINGS CORP,UIL,221111.0,N,A,R,21819,1,4931.0,90274810.0,,,49.0,493.0,,,,,,,34.46,0.002619,50646.0,1.0,34.32,1745261.16,UIL,6.0,9.0,1.0,,4.0,1,1.0,1.0,1.0,1.0,1.0,1.0,4.0,9.0,4.0,7.0,1.0,1.0,8.0,2.0,4.0,9.0,3.0,3.0,4.0,2.0,9.0,,2.0,2.0,5.0,2.0,5.0,9.0,8.0,4.0,8.0,5.0,,6.0,5.0,4.0,6.0,10.0,9.0,2.0,7.0,8.0,5.0,1.0,7.0,3,7.0,10,1
2012-05-02,53663,,11,1,4911.0,90274810,UIL,U I L HOLDINGS CORP,UIL,221111.0,N,A,R,21819,1,4931.0,90274810.0,,,49.0,493.0,,,,,,,34.23,-0.006674,50646.0,1.0,34.26,1733612.58,UIL,6.0,9.0,1.0,,4.0,1,1.0,1.0,1.0,1.0,1.0,1.0,4.0,9.0,4.0,7.0,1.0,1.0,8.0,2.0,4.0,9.0,3.0,3.0,4.0,2.0,9.0,,2.0,2.0,5.0,2.0,5.0,9.0,8.0,4.0,8.0,5.0,,6.0,5.0,4.0,6.0,10.0,9.0,2.0,7.0,8.0,5.0,1.0,7.0,3,7.0,10,1
2012-05-03,53663,,11,1,4911.0,90274810,UIL,U I L HOLDINGS CORP,UIL,221111.0,N,A,R,21819,1,4931.0,90274810.0,,,49.0,493.0,,,,,,,33.61,-0.018113,50646.0,1.0,34.11,1702212.06,UIL,6.0,9.0,1.0,,4.0,1,1.0,1.0,1.0,1.0,1.0,1.0,4.0,9.0,4.0,7.0,1.0,1.0,8.0,2.0,4.0,9.0,3.0,3.0,4.0,2.0,9.0,,2.0,2.0,5.0,2.0,5.0,9.0,8.0,4.0,8.0,5.0,,6.0,5.0,4.0,6.0,10.0,9.0,2.0,7.0,8.0,5.0,1.0,7.0,3,7.0,10,1
2012-05-04,53663,,11,1,4911.0,90274810,UIL,U I L HOLDINGS CORP,UIL,221111.0,N,A,R,21819,1,4931.0,90274810.0,,,49.0,493.0,,,,,,,33.37,-0.007141,50646.0,1.0,33.24,1690057.02,UIL,6.0,9.0,1.0,,4.0,1,1.0,1.0,1.0,1.0,1.0,1.0,4.0,9.0,4.0,7.0,1.0,1.0,8.0,2.0,4.0,9.0,3.0,3.0,4.0,2.0,9.0,,2.0,2.0,5.0,2.0,5.0,9.0,8.0,4.0,8.0,5.0,,6.0,5.0,4.0,6.0,10.0,9.0,2.0,7.0,8.0,5.0,1.0,7.0,3,7.0,10,1
2012-05-07,53663,,11,1,4911.0,90274810,UIL,U I L HOLDINGS CORP,UIL,221111.0,N,A,R,21819,1,4931.0,90274810.0,,,49.0,493.0,,,,,,,33.35,-0.000599,50646.0,1.0,33.31,1689044.1,UIL,6.0,9.0,1.0,,4.0,1,1.0,1.0,1.0,1.0,1.0,1.0,4.0,9.0,4.0,7.0,1.0,1.0,8.0,2.0,4.0,9.0,3.0,3.0,4.0,2.0,9.0,,2.0,2.0,5.0,2.0,5.0,9.0,8.0,4.0,8.0,5.0,,6.0,5.0,4.0,6.0,10.0,9.0,2.0,7.0,8.0,5.0,1.0,7.0,3,7.0,10,1
2012-05-08,53663,,11,1,4911.0,90274810,UIL,U I L HOLDINGS CORP,UIL,221111.0,N,A,R,21819,1,4931.0,90274810.0,,,49.0,493.0,,,,,,,33.55,0.005997,50646.0,1.0,33.22,1699173.3,UIL,6.0,9.0,1.0,,4.0,1,1.0,1.0,1.0,1.0,1.0,1.0,4.0,9.0,4.0,7.0,1.0,1.0,8.0,2.0,4.0,9.0,3.0,3.0,4.0,2.0,9.0,,2.0,2.0,5.0,2.0,5.0,9.0,8.0,4.0,8.0,5.0,,6.0,5.0,4.0,6.0,10.0,9.0,2.0,7.0,8.0,5.0,1.0,7.0,3,7.0,10,1
2012-05-09,53663,,11,1,4911.0,90274810,UIL,U I L HOLDINGS CORP,UIL,221111.0,N,A,R,21819,1,4931.0,90274810.0,,,49.0,493.0,,,,,,,33.38,-0.005067,50646.0,1.0,33.32,1690563.48,UIL,6.0,9.0,1.0,,4.0,1,1.0,1.0,1.0,1.0,1.0,1.0,4.0,9.0,4.0,7.0,1.0,1.0,8.0,2.0,4.0,9.0,3.0,3.0,4.0,2.0,9.0,,2.0,2.0,5.0,2.0,5.0,9.0,8.0,4.0,8.0,5.0,,6.0,5.0,4.0,6.0,10.0,9.0,2.0,7.0,8.0,5.0,1.0,7.0,3,7.0,10,1
2012-05-10,53663,,11,1,4911.0,90274810,UIL,U I L HOLDINGS CORP,UIL,221111.0,N,A,R,21819,1,4931.0,90274810.0,,,49.0,493.0,,,,,,,33.77,0.011684,50646.0,1.0,33.51,1710315.42,UIL,6.0,9.0,1.0,,4.0,1,1.0,1.0,1.0,1.0,1.0,1.0,4.0,9.0,4.0,7.0,1.0,1.0,8.0,2.0,4.0,9.0,3.0,3.0,4.0,2.0,9.0,,2.0,2.0,5.0,2.0,5.0,9.0,8.0,4.0,8.0,5.0,,6.0,5.0,4.0,6.0,10.0,9.0,2.0,7.0,8.0,5.0,1.0,7.0,3,7.0,10,1
2012-05-11,53663,,11,1,4911.0,90274810,UIL,U I L HOLDINGS CORP,UIL,221111.0,N,A,R,21819,1,4931.0,90274810.0,,,49.0,493.0,,,,,,,33.72,-0.001481,50646.0,1.0,33.67,1707783.12,UIL,6.0,9.0,1.0,,4.0,1,1.0,1.0,1.0,1.0,1.0,1.0,4.0,9.0,4.0,7.0,1.0,1.0,8.0,2.0,4.0,9.0,3.0,3.0,4.0,2.0,9.0,,2.0,2.0,5.0,2.0,5.0,9.0,8.0,4.0,8.0,5.0,,6.0,5.0,4.0,6.0,10.0,9.0,2.0,7.0,8.0,5.0,1.0,7.0,3,7.0,10,1
2012-05-14,53663,,11,1,4911.0,90274810,UIL,U I L HOLDINGS CORP,UIL,221111.0,N,A,R,21819,1,4931.0,90274810.0,,,49.0,493.0,,,,,,,33.51,-0.006228,50646.0,1.0,33.59,1697147.46,UIL,6.0,9.0,1.0,,4.0,1,1.0,1.0,1.0,1.0,1.0,1.0,4.0,9.0,4.0,7.0,1.0,1.0,8.0,2.0,4.0,9.0,3.0,3.0,4.0,2.0,9.0,,2.0,2.0,5.0,2.0,5.0,9.0,8.0,4.0,8.0,5.0,,6.0,5.0,4.0,6.0,10.0,9.0,2.0,7.0,8.0,5.0,1.0,7.0,3,7.0,10,1
2012-05-15,53663,,11,1,4911.0,90274810,UIL,U I L HOLDINGS CORP,UIL,221111.0,N,A,R,21819,1,4931.0,90274810.0,,,49.0,493.0,,,,,,,33.36,-0.004476,50646.0,1.0,33.4,1689550.56,UIL,6.0,9.0,1.0,,4.0,1,1.0,1.0,1.0,1.0,1.0,1.0,4.0,9.0,4.0,7.0,1.0,1.0,8.0,2.0,4.0,9.0,3.0,3.0,4.0,2.0,9.0,,2.0,2.0,5.0,2.0,5.0,9.0,8.0,4.0,8.0,5.0,,6.0,5.0,4.0,6.0,10.0,9.0,2.0,7.0,8.0,5.0,1.0,7.0,3,7.0,10,1
2012-05-16,53663,,11,1,4911.0,90274810,UIL,U I L HOLDINGS CORP,UIL,221111.0,N,A,R,21819,1,4931.0,90274810.0,,,49.0,493.0,,,,,,,33.36,0.0,50646.0,1.0,33.44,1689550.56,UIL,6.0,9.0,1.0,,4.0,1,1.0,1.0,1.0,1.0,1.0,1.0,4.0,9.0,4.0,7.0,1.0,1.0,8.0,2.0,4.0,9.0,3.0,3.0,4.0,2.0,9.0,,2.0,2.0,5.0,2.0,5.0,9.0,8.0,4.0,8.0,5.0,,6.0,5.0,4.0,6.0,10.0,9.0,2.0,7.0,8.0,5.0,1.0,7.0,3,7.0,10,1
2012-05-17,53663,,11,1,4911.0,90274810,UIL,U I L HOLDINGS CORP,UIL,221111.0,N,A,R,21819,1,4931.0,90274810.0,,,49.0,493.0,,,,,,,33.13,-0.006894,50646.0,1.0,33.33,1677901.98,UIL,6.0,9.0,1.0,,4.0,1,1.0,1.0,1.0,1.0,1.0,1.0,4.0,9.0,4.0,7.0,1.0,1.0,8.0,2.0,4.0,9.0,3.0,3.0,4.0,2.0,9.0,,2.0,2.0,5.0,2.0,5.0,9.0,8.0,4.0,8.0,5.0,,6.0,5.0,4.0,6.0,10.0,9.0,2.0,7.0,8.0,5.0,1.0,7.0,3,7.0,10,1
2012-05-18,53663,,11,1,4911.0,90274810,UIL,U I L HOLDINGS CORP,UIL,221111.0,N,A,R,21819,1,4931.0,90274810.0,,,49.0,493.0,,,,,,,32.71,-0.012677,50646.0,1.0,33.04,1656630.66,UIL,6.0,9.0,1.0,,4.0,1,1.0,1.0,1.0,1.0,1.0,1.0,4.0,9.0,4.0,7.0,1.0,1.0,8.0,2.0,4.0,9.0,3.0,3.0,4.0,2.0,9.0,,2.0,2.0,5.0,2.0,5.0,9.0,8.0,4.0,8.0,5.0,,6.0,5.0,4.0,6.0,10.0,9.0,2.0,7.0,8.0,5.0,1.0,7.0,3,7.0,10,1
2012-05-21,53663,,11,1,4911.0,90274810,UIL,U I L HOLDINGS CORP,UIL,221111.0,N,A,R,21819,1,4931.0,90274810.0,,,49.0,493.0,,,,,,,32.7,-0.000306,50646.0,1.0,32.72,1656124.2,UIL,6.0,9.0,1.0,,4.0,1,1.0,1.0,1.0,1.0,1.0,1.0,4.0,9.0,4.0,7.0,1.0,1.0,8.0,2.0,4.0,9.0,3.0,3.0,4.0,2.0,9.0,,2.0,2.0,5.0,2.0,5.0,9.0,8.0,4.0,8.0,5.0,,6.0,5.0,4.0,6.0,10.0,9.0,2.0,7.0,8.0,5.0,1.0,7.0,3,7.0,10,1
2012-05-22,53663,,11,1,4911.0,90274810,UIL,U I L HOLDINGS CORP,UIL,221111.0,N,A,R,21819,1,4931.0,90274810.0,,,49.0,493.0,,,,,,,33.06,0.011009,50646.0,1.0,32.85,1674356.76,UIL,6.0,9.0,1.0,,4.0,1,1.0,1.0,1.0,1.0,1.0,1.0,4.0,9.0,4.0,7.0,1.0,1.0,8.0,2.0,4.0,9.0,3.0,3.0,4.0,2.0,9.0,,2.0,2.0,5.0,2.0,5.0,9.0,8.0,4.0,8.0,5.0,,6.0,5.0,4.0,6.0,10.0,9.0,2.0,7.0,8.0,5.0,1.0,7.0,3,7.0,10,1
2012-05-23,53663,,11,1,4911.0,90274810,UIL,U I L HOLDINGS CORP,UIL,221111.0,N,A,R,21819,1,4931.0,90274810.0,,,49.0,493.0,,,,,,,32.82,-0.00726,50646.0,1.0,32.95,1662201.72,UIL,6.0,9.0,1.0,,4.0,1,1.0,1.0,1.0,1.0,1.0,1.0,4.0,9.0,4.0,7.0,1.0,1.0,8.0,2.0,4.0,9.0,3.0,3.0,4.0,2.0,9.0,,2.0,2.0,5.0,2.0,5.0,9.0,8.0,4.0,8.0,5.0,,6.0,5.0,4.0,6.0,10.0,9.0,2.0,7.0,8.0,5.0,1.0,7.0,3,7.0,10,1
2012-05-24,53663,,11,1,4911.0,90274810,UIL,U I L HOLDINGS CORP,UIL,221111.0,N,A,R,21819,1,4931.0,90274810.0,,,49.0,493.0,,,,,,,32.93,0.003352,50646.0,1.0,32.91,1667772.78,UIL,6.0,9.0,1.0,,4.0,1,1.0,1.0,1.0,1.0,1.0,1.0,4.0,9.0,4.0,7.0,1.0,1.0,8.0,2.0,4.0,9.0,3.0,3.0,4.0,2.0,9.0,,2.0,2.0,5.0,2.0,5.0,9.0,8.0,4.0,8.0,5.0,,6.0,5.0,4.0,6.0,10.0,9.0,2.0,7.0,8.0,5.0,1.0,7.0,3,7.0,10,1
2012-05-25,53663,,11,1,4911.0,90274810,UIL,U I L HOLDINGS CORP,UIL,221111.0,N,A,R,21819,1,4931.0,90274810.0,,,49.0,493.0,,,,,,,33.14,0.006377,50646.0,1.0,33.0,1678408.44,UIL,6.0,9.0,1.0,,4.0,1,1.0,1.0,1.0,1.0,1.0,1.0,4.0,9.0,4.0,7.0,1.0,1.0,8.0,2.0,4.0,9.0,3.0,3.0,4.0,2.0,9.0,,2.0,2.0,5.0,2.0,5.0,9.0,8.0,4.0,8.0,5.0,,6.0,5.0,4.0,6.0,10.0,9.0,2.0,7.0,8.0,5.0,1.0,7.0,3,7.0,10,1
2012-05-29,53663,,11,1,4911.0,90274810,UIL,U I L HOLDINGS CORP,UIL,221111.0,N,A,R,21819,1,4931.0,90274810.0,,,49.0,493.0,,,,,,,33.35,0.006337,50646.0,1.0,33.32,1689044.1,UIL,6.0,9.0,1.0,,4.0,1,1.0,1.0,1.0,1.0,1.0,1.0,4.0,9.0,4.0,7.0,1.0,1.0,8.0,2.0,4.0,9.0,3.0,3.0,4.0,2.0,9.0,,2.0,2.0,5.0,2.0,5.0,9.0,8.0,4.0,8.0,5.0,,6.0,5.0,4.0,6.0,10.0,9.0,2.0,7.0,8.0,5.0,1.0,7.0,3,7.0,10,1
2012-05-30,53663,,11,1,4911.0,90274810,UIL,U I L HOLDINGS CORP,UIL,221111.0,N,A,R,21819,1,4931.0,90274810.0,,,49.0,493.0,,,,,,,33.43,0.002399,50646.0,1.0,33.19,1693095.78,UIL,6.0,9.0,1.0,,4.0,1,1.0,1.0,1.0,1.0,1.0,1.0,4.0,9.0,4.0,7.0,1.0,1.0,8.0,2.0,4.0,9.0,3.0,3.0,4.0,2.0,9.0,,2.0,2.0,5.0,2.0,5.0,9.0,8.0,4.0,8.0,5.0,,6.0,5.0,4.0,6.0,10.0,9.0,2.0,7.0,8.0,5.0,1.0,7.0,3,7.0,10,1
2012-05-31,53663,,11,1,4911.0,90274810,UIL,U I L HOLDINGS CORP,UIL,221111.0,N,A,R,21819,1,4931.0,90274810.0,,,49.0,493.0,,,,,,,33.81,0.011367,50650.0,1.0,33.39,1712476.5,UIL,6.0,9.0,1.0,,4.0,1,1.0,1.0,1.0,1.0,1.0,1.0,4.0,9.0,4.0,7.0,1.0,1.0,8.0,2.0,4.0,9.0,3.0,3.0,4.0,2.0,9.0,,2.0,2.0,5.0,2.0,5.0,9.0,8.0,4.0,8.0,5.0,,6.0,5.0,4.0,6.0,10.0,9.0,2.0,7.0,8.0,5.0,1.0,7.0,3,7.0,10,1
2012-06-01,53663,,11,1,4911.0,90274810,UIL,U I L HOLDINGS CORP,UIL,221111.0,N,A,R,21819,1,4931.0,90274810.0,,,49.0,493.0,,,,,,,33.54,-0.007986,50650.0,1.0,33.39,1698801.0,UIL,6.0,9.0,1.0,,4.0,1,1.0,1.0,1.0,1.0,1.0,1.0,4.0,9.0,4.0,7.0,1.0,1.0,8.0,2.0,4.0,9.0,3.0,3.0,4.0,2.0,9.0,,3.0,5.0,7.0,3.0,5.0,8.0,7.0,3.0,8.0,5.0,,7.0,9.0,6.0,3.0,10.0,9.0,9.0,6.0,7.0,6.0,1.0,7.0,3,6.0,10,1
2012-06-04,53663,,11,1,4911.0,90274810,UIL,U I L HOLDINGS CORP,UIL,221111.0,N,A,R,21819,1,4931.0,90274810.0,,,49.0,493.0,,,,,,,33.9,0.010733,50650.0,1.0,33.62,1717035.0,UIL,6.0,9.0,1.0,,4.0,1,1.0,1.0,1.0,1.0,1.0,1.0,4.0,9.0,4.0,7.0,1.0,1.0,8.0,2.0,4.0,9.0,3.0,3.0,4.0,2.0,9.0,,3.0,5.0,7.0,3.0,5.0,8.0,7.0,3.0,8.0,5.0,,7.0,9.0,6.0,3.0,10.0,9.0,9.0,6.0,7.0,6.0,1.0,7.0,3,6.0,10,1
2012-06-05,53663,,11,1,4911.0,90274810,UIL,U I L HOLDINGS CORP,UIL,221111.0,N,A,R,21819,1,4931.0,90274810.0,,,49.0,493.0,,,,,,,34.25,0.010324,50650.0,1.0,33.82,1734762.5,UIL,6.0,9.0,1.0,,4.0,1,1.0,1.0,1.0,1.0,1.0,1.0,4.0,9.0,4.0,7.0,1.0,1.0,8.0,2.0,4.0,9.0,3.0,3.0,4.0,2.0,9.0,,3.0,5.0,7.0,3.0,5.0,8.0,7.0,3.0,8.0,5.0,,7.0,9.0,6.0,3.0,10.0,9.0,9.0,6.0,7.0,6.0,1.0,7.0,3,6.0,10,1
2012-06-06,53663,,11,1,4911.0,90274810,UIL,U I L HOLDINGS CORP,UIL,221111.0,N,A,R,21819,1,4931.0,90274810.0,,,49.0,493.0,,,,,,,34.44,0.005547,50650.0,1.0,34.43,1744386.0,UIL,6.0,9.0,1.0,,4.0,1,1.0,1.0,1.0,1.0,1.0,1.0,4.0,9.0,4.0,7.0,1.0,1.0,8.0,2.0,4.0,9.0,3.0,3.0,4.0,2.0,9.0,,3.0,5.0,7.0,3.0,5.0,8.0,7.0,3.0,8.0,5.0,,7.0,9.0,6.0,3.0,10.0,9.0,9.0,6.0,7.0,6.0,1.0,7.0,3,6.0,10,1
2012-06-07,53663,,11,1,4911.0,90274810,UIL,U I L HOLDINGS CORP,UIL,221111.0,N,A,R,21819,1,4931.0,90274810.0,,,49.0,493.0,,,,,,,34.32,-0.003484,50650.0,1.0,34.75,1738308.0,UIL,6.0,9.0,1.0,,4.0,1,1.0,1.0,1.0,1.0,1.0,1.0,4.0,9.0,4.0,7.0,1.0,1.0,8.0,2.0,4.0,9.0,3.0,3.0,4.0,2.0,9.0,,3.0,5.0,7.0,3.0,5.0,8.0,7.0,3.0,8.0,5.0,,7.0,9.0,6.0,3.0,10.0,9.0,9.0,6.0,7.0,6.0,1.0,7.0,3,6.0,10,1
2012-06-08,53663,,11,1,4911.0,90274810,UIL,U I L HOLDINGS CORP,UIL,221111.0,N,A,R,21819,1,4931.0,90274810.0,,,49.0,493.0,,,,,,,34.92,0.017482,50650.0,1.0,34.26,1768698.0,UIL,6.0,9.0,1.0,,4.0,1,1.0,1.0,1.0,1.0,1.0,1.0,4.0,9.0,4.0,7.0,1.0,1.0,8.0,2.0,4.0,9.0,3.0,3.0,4.0,2.0,9.0,,3.0,5.0,7.0,3.0,5.0,8.0,7.0,3.0,8.0,5.0,,7.0,9.0,6.0,3.0,10.0,9.0,9.0,6.0,7.0,6.0,1.0,7.0,3,6.0,10,1
2012-06-11,53663,,11,1,4911.0,90274810,UIL,U I L HOLDINGS CORP,UIL,221111.0,N,A,R,21819,1,4931.0,90274810.0,,,49.0,493.0,,,,,,,34.66,-0.007446,50650.0,1.0,35.13,1755529.0,UIL,6.0,9.0,1.0,,4.0,1,1.0,1.0,1.0,1.0,1.0,1.0,4.0,9.0,4.0,7.0,1.0,1.0,8.0,2.0,4.0,9.0,3.0,3.0,4.0,2.0,9.0,,3.0,5.0,7.0,3.0,5.0,8.0,7.0,3.0,8.0,5.0,,7.0,9.0,6.0,3.0,10.0,9.0,9.0,6.0,7.0,6.0,1.0,7.0,3,6.0,10,1
2012-06-12,53663,,11,1,4911.0,90274810,UIL,U I L HOLDINGS CORP,UIL,221111.0,N,A,R,21819,1,4931.0,90274810.0,,,49.0,493.0,,,,,,,34.73,0.00202,50650.0,1.0,34.77,1759074.5,UIL,6.0,9.0,1.0,,4.0,1,1.0,1.0,1.0,1.0,1.0,1.0,4.0,9.0,4.0,7.0,1.0,1.0,8.0,2.0,4.0,9.0,3.0,3.0,4.0,2.0,9.0,,3.0,5.0,7.0,3.0,5.0,8.0,7.0,3.0,8.0,5.0,,7.0,9.0,6.0,3.0,10.0,9.0,9.0,6.0,7.0,6.0,1.0,7.0,3,6.0,10,1
2012-06-13,53663,,11,1,4911.0,90274810,UIL,U I L HOLDINGS CORP,UIL,221111.0,N,A,R,21819,1,4931.0,90274810.0,,,49.0,493.0,,,,,,,34.89,0.004607,50650.0,1.0,34.71,1767178.5,UIL,6.0,9.0,1.0,,4.0,1,1.0,1.0,1.0,1.0,1.0,1.0,4.0,9.0,4.0,7.0,1.0,1.0,8.0,2.0,4.0,9.0,3.0,3.0,4.0,2.0,9.0,,3.0,5.0,7.0,3.0,5.0,8.0,7.0,3.0,8.0,5.0,,7.0,9.0,6.0,3.0,10.0,9.0,9.0,6.0,7.0,6.0,1.0,7.0,3,6.0,10,1
2012-06-14,53663,,11,1,4911.0,90274810,UIL,U I L HOLDINGS CORP,UIL,221111.0,N,A,R,21819,1,4931.0,90274810.0,,,49.0,493.0,1232.0,0.432,0.0,,,,34.41,-0.001376,50650.0,1.0,34.4,1742866.5,UIL,6.0,9.0,1.0,,4.0,1,1.0,1.0,1.0,1.0,1.0,1.0,4.0,9.0,4.0,7.0,1.0,1.0,8.0,2.0,4.0,9.0,3.0,3.0,4.0,2.0,9.0,,3.0,5.0,7.0,3.0,5.0,8.0,7.0,3.0,8.0,5.0,,7.0,9.0,6.0,3.0,10.0,9.0,9.0,6.0,7.0,6.0,1.0,7.0,3,6.0,10,1
2012-06-15,53663,,11,1,4911.0,90274810,UIL,U I L HOLDINGS CORP,UIL,221111.0,N,A,R,21819,1,4931.0,90274810.0,,,49.0,493.0,,,,,,,34.42,0.000291,50650.0,1.0,34.4,1743373.0,UIL,6.0,9.0,1.0,,4.0,1,1.0,1.0,1.0,1.0,1.0,1.0,4.0,9.0,4.0,7.0,1.0,1.0,8.0,2.0,4.0,9.0,3.0,3.0,4.0,2.0,9.0,,3.0,5.0,7.0,3.0,5.0,8.0,7.0,3.0,8.0,5.0,,7.0,9.0,6.0,3.0,10.0,9.0,9.0,6.0,7.0,6.0,1.0,7.0,3,6.0,10,1
2012-06-18,53663,,11,1,4911.0,90274810,UIL,U I L HOLDINGS CORP,UIL,221111.0,N,A,R,21819,1,4931.0,90274810.0,,,49.0,493.0,,,,,,,35.08,0.019175,50650.0,1.0,34.71,1776802.0,UIL,6.0,9.0,1.0,,4.0,1,1.0,1.0,1.0,1.0,1.0,1.0,4.0,9.0,4.0,7.0,1.0,1.0,8.0,2.0,4.0,9.0,3.0,3.0,4.0,2.0,9.0,,3.0,5.0,7.0,3.0,5.0,8.0,7.0,3.0,8.0,5.0,,7.0,9.0,6.0,3.0,10.0,9.0,9.0,6.0,7.0,6.0,1.0,7.0,3,6.0,10,1
2012-06-19,53663,,11,1,4911.0,90274810,UIL,U I L HOLDINGS CORP,UIL,221111.0,N,A,R,21819,1,4931.0,90274810.0,,,49.0,493.0,,,,,,,35.26,0.005131,50650.0,1.0,35.26,1785919.0,UIL,6.0,9.0,1.0,,4.0,1,1.0,1.0,1.0,1.0,1.0,1.0,4.0,9.0,4.0,7.0,1.0,1.0,8.0,2.0,4.0,9.0,3.0,3.0,4.0,2.0,9.0,,3.0,5.0,7.0,3.0,5.0,8.0,7.0,3.0,8.0,5.0,,7.0,9.0,6.0,3.0,10.0,9.0,9.0,6.0,7.0,6.0,1.0,7.0,3,6.0,10,1
2012-06-20,53663,,11,1,4911.0,90274810,UIL,U I L HOLDINGS CORP,UIL,221111.0,N,A,R,21819,1,4931.0,90274810.0,,,49.0,493.0,,,,,,,35.45,0.005389,50650.0,1.0,35.41,1795542.5,UIL,6.0,9.0,1.0,,4.0,1,1.0,1.0,1.0,1.0,1.0,1.0,4.0,9.0,4.0,7.0,1.0,1.0,8.0,2.0,4.0,9.0,3.0,3.0,4.0,2.0,9.0,,3.0,5.0,7.0,3.0,5.0,8.0,7.0,3.0,8.0,5.0,,7.0,9.0,6.0,3.0,10.0,9.0,9.0,6.0,7.0,6.0,1.0,7.0,3,6.0,10,1
2012-06-21,53663,,11,1,4911.0,90274810,UIL,U I L HOLDINGS CORP,UIL,221111.0,N,A,R,21819,1,4931.0,90274810.0,,,49.0,493.0,,,,,,,34.94,-0.014387,50650.0,1.0,35.53,1769711.0,UIL,6.0,9.0,1.0,,4.0,1,1.0,1.0,1.0,1.0,1.0,1.0,4.0,9.0,4.0,7.0,1.0,1.0,8.0,2.0,4.0,9.0,3.0,3.0,4.0,2.0,9.0,,3.0,5.0,7.0,3.0,5.0,8.0,7.0,3.0,8.0,5.0,,7.0,9.0,6.0,3.0,10.0,9.0,9.0,6.0,7.0,6.0,1.0,7.0,3,6.0,10,1
2012-06-22,53663,,11,1,4911.0,90274810,UIL,U I L HOLDINGS CORP,UIL,221111.0,N,A,R,21819,1,4931.0,90274810.0,,,49.0,493.0,,,,,,,35.31,0.01059,50650.0,1.0,35.13,1788451.5,UIL,6.0,9.0,1.0,,4.0,1,1.0,1.0,1.0,1.0,1.0,1.0,4.0,9.0,4.0,7.0,1.0,1.0,8.0,2.0,4.0,9.0,3.0,3.0,4.0,2.0,9.0,,3.0,5.0,7.0,3.0,5.0,8.0,7.0,3.0,8.0,5.0,,7.0,9.0,6.0,3.0,10.0,9.0,9.0,6.0,7.0,6.0,1.0,7.0,3,6.0,10,1
2012-06-25,53663,,11,1,4911.0,90274810,UIL,U I L HOLDINGS CORP,UIL,221111.0,N,A,R,21819,1,4931.0,90274810.0,,,49.0,493.0,,,,,,,35.05,-0.007363,50650.0,1.0,35.0,1775282.5,UIL,6.0,9.0,1.0,,4.0,1,1.0,1.0,1.0,1.0,1.0,1.0,4.0,9.0,4.0,7.0,1.0,1.0,8.0,2.0,4.0,9.0,3.0,3.0,4.0,2.0,9.0,,3.0,5.0,7.0,3.0,5.0,8.0,7.0,3.0,8.0,5.0,,7.0,9.0,6.0,3.0,10.0,9.0,9.0,6.0,7.0,6.0,1.0,7.0,3,6.0,10,1
2012-06-26,53663,,11,1,4911.0,90274810,UIL,U I L HOLDINGS CORP,UIL,221111.0,N,A,R,21819,1,4931.0,90274810.0,,,49.0,493.0,,,,,,,35.2,0.00428,50650.0,1.0,35.17,1782880.0,UIL,6.0,9.0,1.0,,4.0,1,1.0,1.0,1.0,1.0,1.0,1.0,4.0,9.0,4.0,7.0,1.0,1.0,8.0,2.0,4.0,9.0,3.0,3.0,4.0,2.0,9.0,,3.0,5.0,7.0,3.0,5.0,8.0,7.0,3.0,8.0,5.0,,7.0,9.0,6.0,3.0,10.0,9.0,9.0,6.0,7.0,6.0,1.0,7.0,3,6.0,10,1
2012-06-27,53663,,11,1,4911.0,90274810,UIL,U I L HOLDINGS CORP,UIL,221111.0,N,A,R,21819,1,4931.0,90274810.0,,,49.0,493.0,,,,,,,35.37,0.004829,50650.0,1.0,35.26,1791490.5,UIL,6.0,9.0,1.0,,4.0,1,1.0,1.0,1.0,1.0,1.0,1.0,4.0,9.0,4.0,7.0,1.0,1.0,8.0,2.0,4.0,9.0,3.0,3.0,4.0,2.0,9.0,,3.0,5.0,7.0,3.0,5.0,8.0,7.0,3.0,8.0,5.0,,7.0,9.0,6.0,3.0,10.0,9.0,9.0,6.0,7.0,6.0,1.0,7.0,3,6.0,10,1
2012-06-28,53663,,11,1,4911.0,90274810,UIL,U I L HOLDINGS CORP,UIL,221111.0,N,A,R,21819,1,4931.0,90274810.0,,,49.0,493.0,,,,,,,35.57,0.005655,50650.0,1.0,35.09,1801620.5,UIL,6.0,9.0,1.0,,4.0,1,1.0,1.0,1.0,1.0,1.0,1.0,4.0,9.0,4.0,7.0,1.0,1.0,8.0,2.0,4.0,9.0,3.0,3.0,4.0,2.0,9.0,,3.0,5.0,7.0,3.0,5.0,8.0,7.0,3.0,8.0,5.0,,7.0,9.0,6.0,3.0,10.0,9.0,9.0,6.0,7.0,6.0,1.0,7.0,3,6.0,10,1
2012-06-29,53663,,11,1,4911.0,90274810,UIL,U I L HOLDINGS CORP,UIL,221111.0,N,A,R,21819,1,4931.0,90274810.0,,,49.0,493.0,,,,,,,35.86,0.008153,50650.0,1.0,36.04,1816309.0,UIL,6.0,9.0,1.0,,4.0,1,1.0,1.0,1.0,1.0,1.0,1.0,4.0,9.0,4.0,7.0,1.0,1.0,8.0,2.0,4.0,9.0,3.0,3.0,4.0,2.0,9.0,,3.0,5.0,7.0,3.0,5.0,8.0,7.0,3.0,8.0,5.0,,7.0,9.0,6.0,3.0,10.0,9.0,9.0,6.0,7.0,6.0,1.0,7.0,3,6.0,10,1
2012-07-02,53663,,11,1,4911.0,90274810,UIL,U I L HOLDINGS CORP,UIL,221111.0,N,A,R,21819,1,4931.0,90274810.0,,,49.0,493.0,,,,,,,36.45,0.016453,50650.0,1.0,35.97,1846192.5,UIL,6.0,7.0,1.0,,3.0,10,1.0,1.0,5.0,7.0,5.0,2.0,4.0,8.0,5.0,8.0,5.0,4.0,7.0,3.0,1.0,8.0,4.0,4.0,5.0,4.0,9.0,,4.0,4.0,6.0,3.0,6.0,8.0,5.0,4.0,7.0,5.0,,7.0,9.0,6.0,3.0,10.0,9.0,6.0,3.0,3.0,2.0,1.0,7.0,3,6.0,10,1
2012-07-03,53663,,11,1,4911.0,90274810,UIL,U I L HOLDINGS CORP,UIL,221111.0,N,A,R,21819,1,4931.0,90274810.0,,,49.0,493.0,,,,,,,36.63,0.004938,50650.0,1.0,36.5,1855309.5,UIL,6.0,7.0,1.0,,3.0,10,1.0,1.0,5.0,7.0,5.0,2.0,4.0,8.0,5.0,8.0,5.0,4.0,7.0,3.0,1.0,8.0,4.0,4.0,5.0,4.0,9.0,,4.0,4.0,6.0,3.0,6.0,8.0,5.0,4.0,7.0,5.0,,7.0,9.0,6.0,3.0,10.0,9.0,6.0,3.0,3.0,2.0,1.0,7.0,3,6.0,10,1
2012-07-05,53663,,11,1,4911.0,90274810,UIL,U I L HOLDINGS CORP,UIL,221111.0,N,A,R,21819,1,4931.0,90274810.0,,,49.0,493.0,,,,,,,36.47,-0.004368,50650.0,1.0,36.54,1847205.5,UIL,6.0,7.0,1.0,,3.0,10,1.0,1.0,5.0,7.0,5.0,2.0,4.0,8.0,5.0,8.0,5.0,4.0,7.0,3.0,1.0,8.0,4.0,4.0,5.0,4.0,9.0,,4.0,4.0,6.0,3.0,6.0,8.0,5.0,4.0,7.0,5.0,,7.0,9.0,6.0,3.0,10.0,9.0,6.0,3.0,3.0,2.0,1.0,7.0,3,6.0,10,1
2012-07-06,53663,,11,1,4911.0,90274810,UIL,U I L HOLDINGS CORP,UIL,221111.0,N,A,R,21819,1,4931.0,90274810.0,,,49.0,493.0,,,,,,,36.48,0.000274,50650.0,1.0,36.2,1847712.0,UIL,6.0,7.0,1.0,,3.0,10,1.0,1.0,5.0,7.0,5.0,2.0,4.0,8.0,5.0,8.0,5.0,4.0,7.0,3.0,1.0,8.0,4.0,4.0,5.0,4.0,9.0,,4.0,4.0,6.0,3.0,6.0,8.0,5.0,4.0,7.0,5.0,,7.0,9.0,6.0,3.0,10.0,9.0,6.0,3.0,3.0,2.0,1.0,7.0,3,6.0,10,1
2012-07-09,53663,,11,1,4911.0,90274810,UIL,U I L HOLDINGS CORP,UIL,221111.0,N,A,R,21819,1,4931.0,90274810.0,,,49.0,493.0,,,,,,,36.44,-0.001097,50650.0,1.0,36.44,1845686.0,UIL,6.0,7.0,1.0,,3.0,10,1.0,1.0,5.0,7.0,5.0,2.0,4.0,8.0,5.0,8.0,5.0,4.0,7.0,3.0,1.0,8.0,4.0,4.0,5.0,4.0,9.0,,4.0,4.0,6.0,3.0,6.0,8.0,5.0,4.0,7.0,5.0,,7.0,9.0,6.0,3.0,10.0,9.0,6.0,3.0,3.0,2.0,1.0,7.0,3,6.0,10,1
2012-07-10,53663,,11,1,4911.0,90274810,UIL,U I L HOLDINGS CORP,UIL,221111.0,N,A,R,21819,1,4931.0,90274810.0,,,49.0,493.0,,,,,,,36.59,0.004116,50650.0,1.0,36.59,1853283.5,UIL,6.0,7.0,1.0,,3.0,10,1.0,1.0,5.0,7.0,5.0,2.0,4.0,8.0,5.0,8.0,5.0,4.0,7.0,3.0,1.0,8.0,4.0,4.0,5.0,4.0,9.0,,4.0,4.0,6.0,3.0,6.0,8.0,5.0,4.0,7.0,5.0,,7.0,9.0,6.0,3.0,10.0,9.0,6.0,3.0,3.0,2.0,1.0,7.0,3,6.0,10,1
2012-07-11,53663,,11,1,4911.0,90274810,UIL,U I L HOLDINGS CORP,UIL,221111.0,N,A,R,21819,1,4931.0,90274810.0,,,49.0,493.0,,,,,,,36.57,-0.000547,50650.0,1.0,36.52,1852270.5,UIL,6.0,7.0,1.0,,3.0,10,1.0,1.0,5.0,7.0,5.0,2.0,4.0,8.0,5.0,8.0,5.0,4.0,7.0,3.0,1.0,8.0,4.0,4.0,5.0,4.0,9.0,,4.0,4.0,6.0,3.0,6.0,8.0,5.0,4.0,7.0,5.0,,7.0,9.0,6.0,3.0,10.0,9.0,6.0,3.0,3.0,2.0,1.0,7.0,3,6.0,10,1
2012-07-12,53663,,11,1,4911.0,90274810,UIL,U I L HOLDINGS CORP,UIL,221111.0,N,A,R,21819,1,4931.0,90274810.0,,,49.0,493.0,,,,,,,36.77,0.005469,50650.0,1.0,36.52,1862400.5,UIL,6.0,7.0,1.0,,3.0,10,1.0,1.0,5.0,7.0,5.0,2.0,4.0,8.0,5.0,8.0,5.0,4.0,7.0,3.0,1.0,8.0,4.0,4.0,5.0,4.0,9.0,,4.0,4.0,6.0,3.0,6.0,8.0,5.0,4.0,7.0,5.0,,7.0,9.0,6.0,3.0,10.0,9.0,6.0,3.0,3.0,2.0,1.0,7.0,3,6.0,10,1
2012-07-13,53663,,11,1,4911.0,90274810,UIL,U I L HOLDINGS CORP,UIL,221111.0,N,A,R,21819,1,4931.0,90274810.0,,,49.0,493.0,,,,,,,37.44,0.018221,50650.0,1.0,36.87,1896336.0,UIL,6.0,7.0,1.0,,3.0,10,1.0,1.0,5.0,7.0,5.0,2.0,4.0,8.0,5.0,8.0,5.0,4.0,7.0,3.0,1.0,8.0,4.0,4.0,5.0,4.0,9.0,,4.0,4.0,6.0,3.0,6.0,8.0,5.0,4.0,7.0,5.0,,7.0,9.0,6.0,3.0,10.0,9.0,6.0,3.0,3.0,2.0,1.0,7.0,3,6.0,10,1
2012-07-16,53663,,11,1,4911.0,90274810,UIL,U I L HOLDINGS CORP,UIL,221111.0,N,A,R,21819,1,4931.0,90274810.0,,,49.0,493.0,,,,,,,37.31,-0.003472,50650.0,1.0,37.48,1889751.5,UIL,6.0,7.0,1.0,,3.0,10,1.0,1.0,5.0,7.0,5.0,2.0,4.0,8.0,5.0,8.0,5.0,4.0,7.0,3.0,1.0,8.0,4.0,4.0,5.0,4.0,9.0,,4.0,4.0,6.0,3.0,6.0,8.0,5.0,4.0,7.0,5.0,,7.0,9.0,6.0,3.0,10.0,9.0,6.0,3.0,3.0,2.0,1.0,7.0,3,6.0,10,1
2012-07-17,53663,,11,1,4911.0,90274810,UIL,U I L HOLDINGS CORP,UIL,221111.0,N,A,R,21819,1,4931.0,90274810.0,,,49.0,493.0,,,,,,,37.4,0.002412,50650.0,1.0,37.45,1894310.0,UIL,6.0,7.0,1.0,,3.0,10,1.0,1.0,5.0,7.0,5.0,2.0,4.0,8.0,5.0,8.0,5.0,4.0,7.0,3.0,1.0,8.0,4.0,4.0,5.0,4.0,9.0,,4.0,4.0,6.0,3.0,6.0,8.0,5.0,4.0,7.0,5.0,,7.0,9.0,6.0,3.0,10.0,9.0,6.0,3.0,3.0,2.0,1.0,7.0,3,6.0,10,1
2012-07-18,53663,,11,1,4911.0,90274810,UIL,U I L HOLDINGS CORP,UIL,221111.0,N,A,R,21819,1,4931.0,90274810.0,,,49.0,493.0,,,,,,,37.51,0.002941,50650.0,1.0,37.42,1899881.5,UIL,6.0,7.0,1.0,,3.0,10,1.0,1.0,5.0,7.0,5.0,2.0,4.0,8.0,5.0,8.0,5.0,4.0,7.0,3.0,1.0,8.0,4.0,4.0,5.0,4.0,9.0,,4.0,4.0,6.0,3.0,6.0,8.0,5.0,4.0,7.0,5.0,,7.0,9.0,6.0,3.0,10.0,9.0,6.0,3.0,3.0,2.0,1.0,7.0,3,6.0,10,1
2012-07-19,53663,,11,1,4911.0,90274810,UIL,U I L HOLDINGS CORP,UIL,221111.0,N,A,R,21819,1,4931.0,90274810.0,,,49.0,493.0,,,,,,,37.28,-0.006132,50650.0,1.0,37.51,1888232.0,UIL,6.0,7.0,1.0,,3.0,10,1.0,1.0,5.0,7.0,5.0,2.0,4.0,8.0,5.0,8.0,5.0,4.0,7.0,3.0,1.0,8.0,4.0,4.0,5.0,4.0,9.0,,4.0,4.0,6.0,3.0,6.0,8.0,5.0,4.0,7.0,5.0,,7.0,9.0,6.0,3.0,10.0,9.0,6.0,3.0,3.0,2.0,1.0,7.0,3,6.0,10,1
2012-07-20,53663,,11,1,4911.0,90274810,UIL,U I L HOLDINGS CORP,UIL,221111.0,N,A,R,21819,1,4931.0,90274810.0,,,49.0,493.0,,,,,,,37.4,0.003219,50650.0,1.0,37.11,1894310.0,UIL,6.0,7.0,1.0,,3.0,10,1.0,1.0,5.0,7.0,5.0,2.0,4.0,8.0,5.0,8.0,5.0,4.0,7.0,3.0,1.0,8.0,4.0,4.0,5.0,4.0,9.0,,4.0,4.0,6.0,3.0,6.0,8.0,5.0,4.0,7.0,5.0,,7.0,9.0,6.0,3.0,10.0,9.0,6.0,3.0,3.0,2.0,1.0,7.0,3,6.0,10,1
2012-07-23,53663,,11,1,4911.0,90274810,UIL,U I L HOLDINGS CORP,UIL,221111.0,N,A,R,21819,1,4931.0,90274810.0,,,49.0,493.0,,,,,,,36.9,-0.013369,50650.0,1.0,37.0,1868985.0,UIL,6.0,7.0,1.0,,3.0,10,1.0,1.0,5.0,7.0,5.0,2.0,4.0,8.0,5.0,8.0,5.0,4.0,7.0,3.0,1.0,8.0,4.0,4.0,5.0,4.0,9.0,,4.0,4.0,6.0,3.0,6.0,8.0,5.0,4.0,7.0,5.0,,7.0,9.0,6.0,3.0,10.0,9.0,6.0,3.0,3.0,2.0,1.0,7.0,3,6.0,10,1
2012-07-24,53663,,11,1,4911.0,90274810,UIL,U I L HOLDINGS CORP,UIL,221111.0,N,A,R,21819,1,4931.0,90274810.0,,,49.0,493.0,,,,,,,36.5,-0.01084,50650.0,1.0,36.9,1848725.0,UIL,6.0,7.0,1.0,,3.0,10,1.0,1.0,5.0,7.0,5.0,2.0,4.0,8.0,5.0,8.0,5.0,4.0,7.0,3.0,1.0,8.0,4.0,4.0,5.0,4.0,9.0,,4.0,4.0,6.0,3.0,6.0,8.0,5.0,4.0,7.0,5.0,,7.0,9.0,6.0,3.0,10.0,9.0,6.0,3.0,3.0,2.0,1.0,7.0,3,6.0,10,1
2012-07-25,53663,,11,1,4911.0,90274810,UIL,U I L HOLDINGS CORP,UIL,221111.0,N,A,R,21819,1,4931.0,90274810.0,,,49.0,493.0,,,,,,,36.49,-0.000274,50650.0,1.0,36.6,1848218.5,UIL,6.0,7.0,1.0,,3.0,10,1.0,1.0,5.0,7.0,5.0,2.0,4.0,8.0,5.0,8.0,5.0,4.0,7.0,3.0,1.0,8.0,4.0,4.0,5.0,4.0,9.0,,4.0,4.0,6.0,3.0,6.0,8.0,5.0,4.0,7.0,5.0,,7.0,9.0,6.0,3.0,10.0,9.0,6.0,3.0,3.0,2.0,1.0,7.0,3,6.0,10,1
2012-07-26,53663,,11,1,4911.0,90274810,UIL,U I L HOLDINGS CORP,UIL,221111.0,N,A,R,21819,1,4931.0,90274810.0,,,49.0,493.0,,,,,,,36.64,0.004111,50650.0,1.0,36.84,1855816.0,UIL,6.0,7.0,1.0,,3.0,10,1.0,1.0,5.0,7.0,5.0,2.0,4.0,8.0,5.0,8.0,5.0,4.0,7.0,3.0,1.0,8.0,4.0,4.0,5.0,4.0,9.0,,4.0,4.0,6.0,3.0,6.0,8.0,5.0,4.0,7.0,5.0,,7.0,9.0,6.0,3.0,10.0,9.0,6.0,3.0,3.0,2.0,1.0,7.0,3,6.0,10,1
2012-07-27,53663,,11,1,4911.0,90274810,UIL,U I L HOLDINGS CORP,UIL,221111.0,N,A,R,21819,1,4931.0,90274810.0,,,49.0,493.0,,,,,,,37.04,0.010917,50650.0,1.0,36.69,1876076.0,UIL,6.0,7.0,1.0,,3.0,10,1.0,1.0,5.0,7.0,5.0,2.0,4.0,8.0,5.0,8.0,5.0,4.0,7.0,3.0,1.0,8.0,4.0,4.0,5.0,4.0,9.0,,4.0,4.0,6.0,3.0,6.0,8.0,5.0,4.0,7.0,5.0,,7.0,9.0,6.0,3.0,10.0,9.0,6.0,3.0,3.0,2.0,1.0,7.0,3,6.0,10,1
2012-07-30,53663,,11,1,4911.0,90274810,UIL,U I L HOLDINGS CORP,UIL,221111.0,N,A,R,21819,1,4931.0,90274810.0,,,49.0,493.0,,,,,,,37.35,0.008369,50650.0,1.0,37.08,1891777.5,UIL,6.0,7.0,1.0,,3.0,10,1.0,1.0,5.0,7.0,5.0,2.0,4.0,8.0,5.0,8.0,5.0,4.0,7.0,3.0,1.0,8.0,4.0,4.0,5.0,4.0,9.0,,4.0,4.0,6.0,3.0,6.0,8.0,5.0,4.0,7.0,5.0,,7.0,9.0,6.0,3.0,10.0,9.0,6.0,3.0,3.0,2.0,1.0,7.0,3,6.0,10,1
2012-07-31,53663,,11,1,4911.0,90274810,UIL,U I L HOLDINGS CORP,UIL,221111.0,N,A,R,21819,1,4931.0,90274810.0,,,49.0,493.0,,,,,,,37.04,-0.0083,50650.0,1.0,37.33,1876076.0,UIL,6.0,7.0,1.0,,3.0,10,1.0,1.0,5.0,7.0,5.0,2.0,4.0,8.0,5.0,8.0,5.0,4.0,7.0,3.0,1.0,8.0,4.0,4.0,5.0,4.0,9.0,,4.0,4.0,6.0,3.0,6.0,8.0,5.0,4.0,7.0,5.0,,7.0,9.0,6.0,3.0,10.0,9.0,6.0,3.0,3.0,2.0,1.0,7.0,3,6.0,10,1
2012-08-01,53663,,11,1,4911.0,90274810,UIL,U I L HOLDINGS CORP,UIL,221111.0,N,A,R,21819,1,4931.0,90274810.0,,,49.0,493.0,,,,,,,36.58,-0.012419,50650.0,1.0,37.16,1852777.0,UIL,6.0,7.0,1.0,,3.0,10,1.0,1.0,5.0,7.0,5.0,2.0,4.0,8.0,5.0,8.0,5.0,4.0,7.0,3.0,1.0,8.0,4.0,4.0,5.0,4.0,9.0,,5.0,9.0,7.0,3.0,6.0,8.0,4.0,3.0,7.0,5.0,,7.0,9.0,5.0,3.0,10.0,9.0,9.0,5.0,6.0,8.0,1.0,7.0,3,6.0,10,1
2012-08-02,53663,,11,1,4911.0,90274810,UIL,U I L HOLDINGS CORP,UIL,221111.0,N,A,R,21819,1,4931.0,90274810.0,,,49.0,493.0,,,,,,,36.35,-0.006288,50650.0,1.0,36.46,1841127.5,UIL,6.0,7.0,1.0,,3.0,10,1.0,1.0,5.0,7.0,5.0,2.0,4.0,8.0,5.0,8.0,5.0,4.0,7.0,3.0,1.0,8.0,4.0,4.0,5.0,4.0,9.0,,5.0,9.0,7.0,3.0,6.0,8.0,4.0,3.0,7.0,5.0,,7.0,9.0,5.0,3.0,10.0,9.0,9.0,5.0,6.0,8.0,1.0,7.0,3,6.0,10,1
2012-08-03,53663,,11,1,4911.0,90274810,UIL,U I L HOLDINGS CORP,UIL,221111.0,N,A,R,21819,1,4931.0,90274810.0,,,49.0,493.0,,,,,,,36.87,0.014305,50650.0,1.0,36.42,1867465.5,UIL,6.0,7.0,1.0,,3.0,10,1.0,1.0,5.0,7.0,5.0,2.0,4.0,8.0,5.0,8.0,5.0,4.0,7.0,3.0,1.0,8.0,4.0,4.0,5.0,4.0,9.0,,5.0,9.0,7.0,3.0,6.0,8.0,4.0,3.0,7.0,5.0,,7.0,9.0,5.0,3.0,10.0,9.0,9.0,5.0,6.0,8.0,1.0,7.0,3,6.0,10,1
2012-08-06,53663,,11,1,4911.0,90274810,UIL,U I L HOLDINGS CORP,UIL,221111.0,N,A,R,21819,1,4931.0,90274810.0,,,49.0,493.0,,,,,,,36.68,-0.005153,50650.0,1.0,36.59,1857842.0,UIL,6.0,7.0,1.0,,3.0,10,1.0,1.0,5.0,7.0,5.0,2.0,4.0,8.0,5.0,8.0,5.0,4.0,7.0,3.0,1.0,8.0,4.0,4.0,5.0,4.0,9.0,,5.0,9.0,7.0,3.0,6.0,8.0,4.0,3.0,7.0,5.0,,7.0,9.0,5.0,3.0,10.0,9.0,9.0,5.0,6.0,8.0,1.0,7.0,3,6.0,10,1
2012-08-07,53663,,11,1,4911.0,90274810,UIL,U I L HOLDINGS CORP,UIL,221111.0,N,A,R,21819,1,4931.0,90274810.0,,,49.0,493.0,,,,,,,36.6,-0.002181,50650.0,1.0,36.8,1853790.0,UIL,6.0,7.0,1.0,,3.0,10,1.0,1.0,5.0,7.0,5.0,2.0,4.0,8.0,5.0,8.0,5.0,4.0,7.0,3.0,1.0,8.0,4.0,4.0,5.0,4.0,9.0,,5.0,9.0,7.0,3.0,6.0,8.0,4.0,3.0,7.0,5.0,,7.0,9.0,5.0,3.0,10.0,9.0,9.0,5.0,6.0,8.0,1.0,7.0,3,6.0,10,1
2012-08-08,53663,,11,1,4911.0,90274810,UIL,U I L HOLDINGS CORP,UIL,221111.0,N,A,R,21819,1,4931.0,90274810.0,,,49.0,493.0,,,,,,,36.49,-0.003005,50650.0,1.0,36.57,1848218.5,UIL,6.0,7.0,1.0,,3.0,10,1.0,1.0,5.0,7.0,5.0,2.0,4.0,8.0,5.0,8.0,5.0,4.0,7.0,3.0,1.0,8.0,4.0,4.0,5.0,4.0,9.0,,5.0,9.0,7.0,3.0,6.0,8.0,4.0,3.0,7.0,5.0,,7.0,9.0,5.0,3.0,10.0,9.0,9.0,5.0,6.0,8.0,1.0,7.0,3,6.0,10,1
2012-08-09,53663,,11,1,4911.0,90274810,UIL,U I L HOLDINGS CORP,UIL,221111.0,N,A,R,21819,1,4931.0,90274810.0,,,49.0,493.0,,,,,,,36.7,0.005755,50650.0,1.0,36.5,1858855.0,UIL,6.0,7.0,1.0,,3.0,10,1.0,1.0,5.0,7.0,5.0,2.0,4.0,8.0,5.0,8.0,5.0,4.0,7.0,3.0,1.0,8.0,4.0,4.0,5.0,4.0,9.0,,5.0,9.0,7.0,3.0,6.0,8.0,4.0,3.0,7.0,5.0,,7.0,9.0,5.0,3.0,10.0,9.0,9.0,5.0,6.0,8.0,1.0,7.0,3,6.0,10,1
2012-08-10,53663,,11,1,4911.0,90274810,UIL,U I L HOLDINGS CORP,UIL,221111.0,N,A,R,21819,1,4931.0,90274810.0,,,49.0,493.0,,,,,,,36.72,0.000545,50650.0,1.0,36.66,1859868.0,UIL,6.0,7.0,1.0,,3.0,10,1.0,1.0,5.0,7.0,5.0,2.0,4.0,8.0,5.0,8.0,5.0,4.0,7.0,3.0,1.0,8.0,4.0,4.0,5.0,4.0,9.0,,5.0,9.0,7.0,3.0,6.0,8.0,4.0,3.0,7.0,5.0,,7.0,9.0,5.0,3.0,10.0,9.0,9.0,5.0,6.0,8.0,1.0,7.0,3,6.0,10,1
2012-08-13,53663,,11,1,4911.0,90274810,UIL,U I L HOLDINGS CORP,UIL,221111.0,N,A,R,21819,1,4931.0,90274810.0,,,49.0,493.0,,,,,,,36.56,-0.004357,50650.0,1.0,36.74,1851764.0,UIL,6.0,7.0,1.0,,3.0,10,1.0,1.0,5.0,7.0,5.0,2.0,4.0,8.0,5.0,8.0,5.0,4.0,7.0,3.0,1.0,8.0,4.0,4.0,5.0,4.0,9.0,,5.0,9.0,7.0,3.0,6.0,8.0,4.0,3.0,7.0,5.0,,7.0,9.0,5.0,3.0,10.0,9.0,9.0,5.0,6.0,8.0,1.0,7.0,3,6.0,10,1
2012-08-14,53663,,11,1,4911.0,90274810,UIL,U I L HOLDINGS CORP,UIL,221111.0,N,A,R,21819,1,4931.0,90274810.0,,,49.0,493.0,,,,,,,36.44,-0.003282,50650.0,1.0,36.65,1845686.0,UIL,6.0,7.0,1.0,,3.0,10,1.0,1.0,5.0,7.0,5.0,2.0,4.0,8.0,5.0,8.0,5.0,4.0,7.0,3.0,1.0,8.0,4.0,4.0,5.0,4.0,9.0,,5.0,9.0,7.0,3.0,6.0,8.0,4.0,3.0,7.0,5.0,,7.0,9.0,5.0,3.0,10.0,9.0,9.0,5.0,6.0,8.0,1.0,7.0,3,6.0,10,1
2012-08-15,53663,,11,1,4911.0,90274810,UIL,U I L HOLDINGS CORP,UIL,221111.0,N,A,R,21819,1,4931.0,90274810.0,,,49.0,493.0,,,,,,,36.35,-0.00247,50650.0,1.0,36.42,1841127.5,UIL,6.0,7.0,1.0,,3.0,10,1.0,1.0,5.0,7.0,5.0,2.0,4.0,8.0,5.0,8.0,5.0,4.0,7.0,3.0,1.0,8.0,4.0,4.0,5.0,4.0,9.0,,5.0,9.0,7.0,3.0,6.0,8.0,4.0,3.0,7.0,5.0,,7.0,9.0,5.0,3.0,10.0,9.0,9.0,5.0,6.0,8.0,1.0,7.0,3,6.0,10,1
2012-08-16,53663,,11,1,4911.0,90274810,UIL,U I L HOLDINGS CORP,UIL,221111.0,N,A,R,21819,1,4931.0,90274810.0,,,49.0,493.0,,,,,,,36.04,-0.008528,50650.0,1.0,36.35,1825426.0,UIL,6.0,7.0,1.0,,3.0,10,1.0,1.0,5.0,7.0,5.0,2.0,4.0,8.0,5.0,8.0,5.0,4.0,7.0,3.0,1.0,8.0,4.0,4.0,5.0,4.0,9.0,,5.0,9.0,7.0,3.0,6.0,8.0,4.0,3.0,7.0,5.0,,7.0,9.0,5.0,3.0,10.0,9.0,9.0,5.0,6.0,8.0,1.0,7.0,3,6.0,10,1
2012-08-17,53663,,11,1,4911.0,90274810,UIL,U I L HOLDINGS CORP,UIL,221111.0,N,A,R,21819,1,4931.0,90274810.0,,,49.0,493.0,,,,,,,36.14,0.002775,50650.0,1.0,36.04,1830491.0,UIL,6.0,7.0,1.0,,3.0,10,1.0,1.0,5.0,7.0,5.0,2.0,4.0,8.0,5.0,8.0,5.0,4.0,7.0,3.0,1.0,8.0,4.0,4.0,5.0,4.0,9.0,,5.0,9.0,7.0,3.0,6.0,8.0,4.0,3.0,7.0,5.0,,7.0,9.0,5.0,3.0,10.0,9.0,9.0,5.0,6.0,8.0,1.0,7.0,3,6.0,10,1
2012-08-20,53663,,11,1,4911.0,90274810,UIL,U I L HOLDINGS CORP,UIL,221111.0,N,A,R,21819,1,4931.0,90274810.0,,,49.0,493.0,,,,,,,36.33,0.005257,50650.0,1.0,36.04,1840114.5,UIL,6.0,7.0,1.0,,3.0,10,1.0,1.0,5.0,7.0,5.0,2.0,4.0,8.0,5.0,8.0,5.0,4.0,7.0,3.0,1.0,8.0,4.0,4.0,5.0,4.0,9.0,,5.0,9.0,7.0,3.0,6.0,8.0,4.0,3.0,7.0,5.0,,7.0,9.0,5.0,3.0,10.0,9.0,9.0,5.0,6.0,8.0,1.0,7.0,3,6.0,10,1
2012-08-21,53663,,11,1,4911.0,90274810,UIL,U I L HOLDINGS CORP,UIL,221111.0,N,A,R,21819,1,4931.0,90274810.0,,,49.0,493.0,,,,,,,36.1,-0.006331,50650.0,1.0,36.27,1828465.0,UIL,6.0,7.0,1.0,,3.0,10,1.0,1.0,5.0,7.0,5.0,2.0,4.0,8.0,5.0,8.0,5.0,4.0,7.0,3.0,1.0,8.0,4.0,4.0,5.0,4.0,9.0,,5.0,9.0,7.0,3.0,6.0,8.0,4.0,3.0,7.0,5.0,,7.0,9.0,5.0,3.0,10.0,9.0,9.0,5.0,6.0,8.0,1.0,7.0,3,6.0,10,1
2012-08-22,53663,,11,1,4911.0,90274810,UIL,U I L HOLDINGS CORP,UIL,221111.0,N,A,R,21819,1,4931.0,90274810.0,,,49.0,493.0,,,,,,,35.87,-0.006371,50650.0,1.0,35.94,1816815.5,UIL,6.0,7.0,1.0,,3.0,10,1.0,1.0,5.0,7.0,5.0,2.0,4.0,8.0,5.0,8.0,5.0,4.0,7.0,3.0,1.0,8.0,4.0,4.0,5.0,4.0,9.0,,5.0,9.0,7.0,3.0,6.0,8.0,4.0,3.0,7.0,5.0,,7.0,9.0,5.0,3.0,10.0,9.0,9.0,5.0,6.0,8.0,1.0,7.0,3,6.0,10,1
2012-08-23,53663,,11,1,4911.0,90274810,UIL,U I L HOLDINGS CORP,UIL,221111.0,N,A,R,21819,1,4931.0,90274810.0,,,49.0,493.0,,,,,,,35.4,-0.013103,50650.0,1.0,35.98,1793010.0,UIL,6.0,7.0,1.0,,3.0,10,1.0,1.0,5.0,7.0,5.0,2.0,4.0,8.0,5.0,8.0,5.0,4.0,7.0,3.0,1.0,8.0,4.0,4.0,5.0,4.0,9.0,,5.0,9.0,7.0,3.0,6.0,8.0,4.0,3.0,7.0,5.0,,7.0,9.0,5.0,3.0,10.0,9.0,9.0,5.0,6.0,8.0,1.0,7.0,3,6.0,10,1
2012-08-24,53663,,11,1,4911.0,90274810,UIL,U I L HOLDINGS CORP,UIL,221111.0,N,A,R,21819,1,4931.0,90274810.0,,,49.0,493.0,,,,,,,35.56,0.00452,50650.0,1.0,35.29,1801114.0,UIL,6.0,7.0,1.0,,3.0,10,1.0,1.0,5.0,7.0,5.0,2.0,4.0,8.0,5.0,8.0,5.0,4.0,7.0,3.0,1.0,8.0,4.0,4.0,5.0,4.0,9.0,,5.0,9.0,7.0,3.0,6.0,8.0,4.0,3.0,7.0,5.0,,7.0,9.0,5.0,3.0,10.0,9.0,9.0,5.0,6.0,8.0,1.0,7.0,3,6.0,10,1
2012-08-27,53663,,11,1,4911.0,90274810,UIL,U I L HOLDINGS CORP,UIL,221111.0,N,A,R,21819,1,4931.0,90274810.0,,,49.0,493.0,,,,,,,35.54,-0.000562,50650.0,1.0,35.63,1800101.0,UIL,6.0,7.0,1.0,,3.0,10,1.0,1.0,5.0,7.0,5.0,2.0,4.0,8.0,5.0,8.0,5.0,4.0,7.0,3.0,1.0,8.0,4.0,4.0,5.0,4.0,9.0,,5.0,9.0,7.0,3.0,6.0,8.0,4.0,3.0,7.0,5.0,,7.0,9.0,5.0,3.0,10.0,9.0,9.0,5.0,6.0,8.0,1.0,7.0,3,6.0,10,1
2012-08-28,53663,,11,1,4911.0,90274810,UIL,U I L HOLDINGS CORP,UIL,221111.0,N,A,R,21819,1,4931.0,90274810.0,,,49.0,493.0,,,,,,,35.45,-0.002532,50650.0,1.0,35.45,1795542.5,UIL,6.0,7.0,1.0,,3.0,10,1.0,1.0,5.0,7.0,5.0,2.0,4.0,8.0,5.0,8.0,5.0,4.0,7.0,3.0,1.0,8.0,4.0,4.0,5.0,4.0,9.0,,5.0,9.0,7.0,3.0,6.0,8.0,4.0,3.0,7.0,5.0,,7.0,9.0,5.0,3.0,10.0,9.0,9.0,5.0,6.0,8.0,1.0,7.0,3,6.0,10,1
2012-08-29,53663,,11,1,4911.0,90274810,UIL,U I L HOLDINGS CORP,UIL,221111.0,N,A,R,21819,1,4931.0,90274810.0,,,49.0,493.0,,,,,,,35.45,0.0,50650.0,1.0,35.58,1795542.5,UIL,6.0,7.0,1.0,,3.0,10,1.0,1.0,5.0,7.0,5.0,2.0,4.0,8.0,5.0,8.0,5.0,4.0,7.0,3.0,1.0,8.0,4.0,4.0,5.0,4.0,9.0,,5.0,9.0,7.0,3.0,6.0,8.0,4.0,3.0,7.0,5.0,,7.0,9.0,5.0,3.0,10.0,9.0,9.0,5.0,6.0,8.0,1.0,7.0,3,6.0,10,1
2012-08-30,53663,,11,1,4911.0,90274810,UIL,U I L HOLDINGS CORP,UIL,221111.0,N,A,R,21819,1,4931.0,90274810.0,,,49.0,493.0,,,,,,,35.39,-0.001693,50650.0,1.0,35.42,1792503.5,UIL,6.0,7.0,1.0,,3.0,10,1.0,1.0,5.0,7.0,5.0,2.0,4.0,8.0,5.0,8.0,5.0,4.0,7.0,3.0,1.0,8.0,4.0,4.0,5.0,4.0,9.0,,5.0,9.0,7.0,3.0,6.0,8.0,4.0,3.0,7.0,5.0,,7.0,9.0,5.0,3.0,10.0,9.0,9.0,5.0,6.0,8.0,1.0,7.0,3,6.0,10,1
2012-08-31,53663,,11,1,4911.0,90274810,UIL,U I L HOLDINGS CORP,UIL,221111.0,N,A,R,21819,1,4931.0,90274810.0,,,49.0,493.0,,,,,,,35.18,-0.005934,50665.0,1.0,35.56,1782394.7,UIL,6.0,7.0,1.0,,3.0,10,1.0,1.0,5.0,7.0,5.0,2.0,4.0,8.0,5.0,8.0,5.0,4.0,7.0,3.0,1.0,8.0,4.0,4.0,5.0,4.0,9.0,,5.0,9.0,7.0,3.0,6.0,8.0,4.0,3.0,7.0,5.0,,7.0,9.0,5.0,3.0,10.0,9.0,9.0,5.0,6.0,8.0,1.0,7.0,3,6.0,10,1
2012-09-04,53663,,11,1,4911.0,90274810,UIL,U I L HOLDINGS CORP,UIL,221111.0,N,A,R,21819,1,4931.0,90274810.0,,,49.0,493.0,,,,,,,35.64,0.013076,50665.0,1.0,35.15,1805700.6,UIL,6.0,7.0,1.0,,3.0,10,1.0,1.0,5.0,7.0,5.0,2.0,4.0,8.0,5.0,8.0,5.0,4.0,7.0,3.0,1.0,8.0,4.0,4.0,5.0,4.0,9.0,,7.0,8.0,9.0,5.0,7.0,7.0,4.0,2.0,8.0,5.0,,3.0,3.0,3.0,9.0,10.0,9.0,9.0,7.0,7.0,9.0,1.0,7.0,3,7.0,10,1
2012-09-05,53663,,11,1,4911.0,90274810,UIL,U I L HOLDINGS CORP,UIL,221111.0,N,A,R,21819,1,4931.0,90274810.0,,,49.0,493.0,,,,,,,35.65,0.000281,50665.0,1.0,35.8,1806207.25,UIL,6.0,7.0,1.0,,3.0,10,1.0,1.0,5.0,7.0,5.0,2.0,4.0,8.0,5.0,8.0,5.0,4.0,7.0,3.0,1.0,8.0,4.0,4.0,5.0,4.0,9.0,,7.0,8.0,9.0,5.0,7.0,7.0,4.0,2.0,8.0,5.0,,3.0,3.0,3.0,9.0,10.0,9.0,9.0,7.0,7.0,9.0,1.0,7.0,3,7.0,10,1
2012-09-06,53663,,11,1,4911.0,90274810,UIL,U I L HOLDINGS CORP,UIL,221111.0,N,A,R,21819,1,4931.0,90274810.0,,,49.0,493.0,,,,,,,36.18,0.014867,50665.0,1.0,35.84,1833059.7,UIL,6.0,7.0,1.0,,3.0,10,1.0,1.0,5.0,7.0,5.0,2.0,4.0,8.0,5.0,8.0,5.0,4.0,7.0,3.0,1.0,8.0,4.0,4.0,5.0,4.0,9.0,,7.0,8.0,9.0,5.0,7.0,7.0,4.0,2.0,8.0,5.0,,3.0,3.0,3.0,9.0,10.0,9.0,9.0,7.0,7.0,9.0,1.0,7.0,3,7.0,10,1
2012-09-07,53663,,11,1,4911.0,90274810,UIL,U I L HOLDINGS CORP,UIL,221111.0,N,A,R,21819,1,4931.0,90274810.0,,,49.0,493.0,,,,,,,36.13,-0.001382,50665.0,1.0,36.33,1830526.45,UIL,6.0,7.0,1.0,,3.0,10,1.0,1.0,5.0,7.0,5.0,2.0,4.0,8.0,5.0,8.0,5.0,4.0,7.0,3.0,1.0,8.0,4.0,4.0,5.0,4.0,9.0,,7.0,8.0,9.0,5.0,7.0,7.0,4.0,2.0,8.0,5.0,,3.0,3.0,3.0,9.0,10.0,9.0,9.0,7.0,7.0,9.0,1.0,7.0,3,7.0,10,1
2012-09-10,53663,,11,1,4911.0,90274810,UIL,U I L HOLDINGS CORP,UIL,221111.0,N,A,R,21819,1,4931.0,90274810.0,,,49.0,493.0,,,,,,,36.13,0.0,50665.0,1.0,36.1,1830526.45,UIL,6.0,7.0,1.0,,3.0,10,1.0,1.0,5.0,7.0,5.0,2.0,4.0,8.0,5.0,8.0,5.0,4.0,7.0,3.0,1.0,8.0,4.0,4.0,5.0,4.0,9.0,,7.0,8.0,9.0,5.0,7.0,7.0,4.0,2.0,8.0,5.0,,3.0,3.0,3.0,9.0,10.0,9.0,9.0,7.0,7.0,9.0,1.0,7.0,3,7.0,10,1
2012-09-11,53663,,11,1,4911.0,90274810,UIL,U I L HOLDINGS CORP,UIL,221111.0,N,A,R,21819,1,4931.0,90274810.0,,,49.0,493.0,,,,,,,35.93,-0.005536,50665.0,1.0,36.08,1820393.45,UIL,6.0,7.0,1.0,,3.0,10,1.0,1.0,5.0,7.0,5.0,2.0,4.0,8.0,5.0,8.0,5.0,4.0,7.0,3.0,1.0,8.0,4.0,4.0,5.0,4.0,9.0,,7.0,8.0,9.0,5.0,7.0,7.0,4.0,2.0,8.0,5.0,,3.0,3.0,3.0,9.0,10.0,9.0,9.0,7.0,7.0,9.0,1.0,7.0,3,7.0,10,1
2012-09-12,53663,,11,1,4911.0,90274810,UIL,U I L HOLDINGS CORP,UIL,221111.0,N,A,R,21819,1,4931.0,90274810.0,,,49.0,493.0,,,,,,,35.9,-0.000835,50665.0,1.0,35.95,1818873.5,UIL,6.0,7.0,1.0,,3.0,10,1.0,1.0,5.0,7.0,5.0,2.0,4.0,8.0,5.0,8.0,5.0,4.0,7.0,3.0,1.0,8.0,4.0,4.0,5.0,4.0,9.0,,7.0,8.0,9.0,5.0,7.0,7.0,4.0,2.0,8.0,5.0,,3.0,3.0,3.0,9.0,10.0,9.0,9.0,7.0,7.0,9.0,1.0,7.0,3,7.0,10,1
2012-09-13,53663,,11,1,4911.0,90274810,UIL,U I L HOLDINGS CORP,UIL,221111.0,N,A,R,21819,1,4931.0,90274810.0,,,49.0,493.0,,,,,,,36.25,0.009749,50665.0,1.0,35.9,1836606.25,UIL,6.0,7.0,1.0,,3.0,10,1.0,1.0,5.0,7.0,5.0,2.0,4.0,8.0,5.0,8.0,5.0,4.0,7.0,3.0,1.0,8.0,4.0,4.0,5.0,4.0,9.0,,7.0,8.0,9.0,5.0,7.0,7.0,4.0,2.0,8.0,5.0,,3.0,3.0,3.0,9.0,10.0,9.0,9.0,7.0,7.0,9.0,1.0,7.0,3,7.0,10,1
2012-09-14,53663,,11,1,4911.0,90274810,UIL,U I L HOLDINGS CORP,UIL,221111.0,N,A,R,21819,1,4931.0,90274810.0,,,49.0,493.0,,,,,,,35.78,-0.012966,50665.0,1.0,36.33,1812793.7,UIL,6.0,7.0,1.0,,3.0,10,1.0,1.0,5.0,7.0,5.0,2.0,4.0,8.0,5.0,8.0,5.0,4.0,7.0,3.0,1.0,8.0,4.0,4.0,5.0,4.0,9.0,,7.0,8.0,9.0,5.0,7.0,7.0,4.0,2.0,8.0,5.0,,3.0,3.0,3.0,9.0,10.0,9.0,9.0,7.0,7.0,9.0,1.0,7.0,3,7.0,10,1
2012-09-17,53663,,11,1,4911.0,90274810,UIL,U I L HOLDINGS CORP,UIL,221111.0,N,A,R,21819,1,4931.0,90274810.0,,,49.0,493.0,1232.0,0.432,0.0,,,,35.07,-0.00777,50665.0,1.0,35.42,1776821.55,UIL,6.0,7.0,1.0,,3.0,10,1.0,1.0,5.0,7.0,5.0,2.0,4.0,8.0,5.0,8.0,5.0,4.0,7.0,3.0,1.0,8.0,4.0,4.0,5.0,4.0,9.0,,7.0,8.0,9.0,5.0,7.0,7.0,4.0,2.0,8.0,5.0,,3.0,3.0,3.0,9.0,10.0,9.0,9.0,7.0,7.0,9.0,1.0,7.0,3,7.0,10,1
2012-09-18,53663,,11,1,4911.0,90274810,UIL,U I L HOLDINGS CORP,UIL,221111.0,N,A,R,21819,1,4931.0,90274810.0,,,49.0,493.0,,,,,,,35.17,0.002851,50665.0,1.0,35.05,1781888.05,UIL,6.0,7.0,1.0,,3.0,10,1.0,1.0,5.0,7.0,5.0,2.0,4.0,8.0,5.0,8.0,5.0,4.0,7.0,3.0,1.0,8.0,4.0,4.0,5.0,4.0,9.0,,7.0,8.0,9.0,5.0,7.0,7.0,4.0,2.0,8.0,5.0,,3.0,3.0,3.0,9.0,10.0,9.0,9.0,7.0,7.0,9.0,1.0,7.0,3,7.0,10,1
2012-09-19,53663,,11,1,4911.0,90274810,UIL,U I L HOLDINGS CORP,UIL,221111.0,N,A,R,21819,1,4931.0,90274810.0,,,49.0,493.0,,,,,,,35.21,0.001137,50665.0,1.0,35.22,1783914.65,UIL,6.0,7.0,1.0,,3.0,10,1.0,1.0,5.0,7.0,5.0,2.0,4.0,8.0,5.0,8.0,5.0,4.0,7.0,3.0,1.0,8.0,4.0,4.0,5.0,4.0,9.0,,7.0,8.0,9.0,5.0,7.0,7.0,4.0,2.0,8.0,5.0,,3.0,3.0,3.0,9.0,10.0,9.0,9.0,7.0,7.0,9.0,1.0,7.0,3,7.0,10,1
2012-09-20,53663,,11,1,4911.0,90274810,UIL,U I L HOLDINGS CORP,UIL,221111.0,N,A,R,21819,1,4931.0,90274810.0,,,49.0,493.0,,,,,,,35.3,0.002556,50665.0,1.0,35.2,1788474.5,UIL,6.0,7.0,1.0,,3.0,10,1.0,1.0,5.0,7.0,5.0,2.0,4.0,8.0,5.0,8.0,5.0,4.0,7.0,3.0,1.0,8.0,4.0,4.0,5.0,4.0,9.0,,7.0,8.0,9.0,5.0,7.0,7.0,4.0,2.0,8.0,5.0,,3.0,3.0,3.0,9.0,10.0,9.0,9.0,7.0,7.0,9.0,1.0,7.0,3,7.0,10,1
2012-09-21,53663,,11,1,4911.0,90274810,UIL,U I L HOLDINGS CORP,UIL,221111.0,N,A,R,21819,1,4931.0,90274810.0,,,49.0,493.0,,,,,,,35.47,0.004816,50665.0,1.0,35.63,1797087.55,UIL,6.0,7.0,1.0,,3.0,10,1.0,1.0,5.0,7.0,5.0,2.0,4.0,8.0,5.0,8.0,5.0,4.0,7.0,3.0,1.0,8.0,4.0,4.0,5.0,4.0,9.0,,7.0,8.0,9.0,5.0,7.0,7.0,4.0,2.0,8.0,5.0,,3.0,3.0,3.0,9.0,10.0,9.0,9.0,7.0,7.0,9.0,1.0,7.0,3,7.0,10,1
2012-09-24,53663,,11,1,4911.0,90274810,UIL,U I L HOLDINGS CORP,UIL,221111.0,N,A,R,21819,1,4931.0,90274810.0,,,49.0,493.0,,,,,,,35.71,0.006766,50665.0,1.0,35.46,1809247.15,UIL,6.0,7.0,1.0,,3.0,10,1.0,1.0,5.0,7.0,5.0,2.0,4.0,8.0,5.0,8.0,5.0,4.0,7.0,3.0,1.0,8.0,4.0,4.0,5.0,4.0,9.0,,7.0,8.0,9.0,5.0,7.0,7.0,4.0,2.0,8.0,5.0,,3.0,3.0,3.0,9.0,10.0,9.0,9.0,7.0,7.0,9.0,1.0,7.0,3,7.0,10,1
2012-09-25,53663,,11,1,4911.0,90274810,UIL,U I L HOLDINGS CORP,UIL,221111.0,N,A,R,21819,1,4931.0,90274810.0,,,49.0,493.0,,,,,,,35.42,-0.008121,50665.0,1.0,35.72,1794554.3,UIL,6.0,7.0,1.0,,3.0,10,1.0,1.0,5.0,7.0,5.0,2.0,4.0,8.0,5.0,8.0,5.0,4.0,7.0,3.0,1.0,8.0,4.0,4.0,5.0,4.0,9.0,,7.0,8.0,9.0,5.0,7.0,7.0,4.0,2.0,8.0,5.0,,3.0,3.0,3.0,9.0,10.0,9.0,9.0,7.0,7.0,9.0,1.0,7.0,3,7.0,10,1
2012-09-26,53663,,11,1,4911.0,90274810,UIL,U I L HOLDINGS CORP,UIL,221111.0,N,A,R,21819,1,4931.0,90274810.0,,,49.0,493.0,,,,,,,35.72,0.00847,50665.0,1.0,35.58,1809753.8,UIL,6.0,7.0,1.0,,3.0,10,1.0,1.0,5.0,7.0,5.0,2.0,4.0,8.0,5.0,8.0,5.0,4.0,7.0,3.0,1.0,8.0,4.0,4.0,5.0,4.0,9.0,,7.0,8.0,9.0,5.0,7.0,7.0,4.0,2.0,8.0,5.0,,3.0,3.0,3.0,9.0,10.0,9.0,9.0,7.0,7.0,9.0,1.0,7.0,3,7.0,10,1
2012-09-27,53663,,11,1,4911.0,90274810,UIL,U I L HOLDINGS CORP,UIL,221111.0,N,A,R,21819,1,4931.0,90274810.0,,,49.0,493.0,,,,,,,35.71,-0.00028,50665.0,1.0,35.77,1809247.15,UIL,6.0,7.0,1.0,,3.0,10,1.0,1.0,5.0,7.0,5.0,2.0,4.0,8.0,5.0,8.0,5.0,4.0,7.0,3.0,1.0,8.0,4.0,4.0,5.0,4.0,9.0,,7.0,8.0,9.0,5.0,7.0,7.0,4.0,2.0,8.0,5.0,,3.0,3.0,3.0,9.0,10.0,9.0,9.0,7.0,7.0,9.0,1.0,7.0,3,7.0,10,1
2012-09-28,53663,,11,1,4911.0,90274810,UIL,U I L HOLDINGS CORP,UIL,221111.0,N,A,R,21819,1,4931.0,90274810.0,,,49.0,493.0,,,,,,,35.86,0.004201,50665.0,1.0,35.57,1816846.9,UIL,6.0,7.0,1.0,,3.0,10,1.0,1.0,5.0,7.0,5.0,2.0,4.0,8.0,5.0,8.0,5.0,4.0,7.0,3.0,1.0,8.0,4.0,4.0,5.0,4.0,9.0,,7.0,8.0,9.0,5.0,7.0,7.0,4.0,2.0,8.0,5.0,,3.0,3.0,3.0,9.0,10.0,9.0,9.0,7.0,7.0,9.0,1.0,7.0,3,7.0,10,1
2012-10-01,53663,,11,1,4911.0,90274810,UIL,U I L HOLDINGS CORP,UIL,221111.0,N,A,R,21819,1,4931.0,90274810.0,,,49.0,493.0,,,,,,,35.76,-0.002789,50665.0,1.0,35.97,1811780.4,UIL,6.0,7.0,1.0,,3.0,10,1.0,1.0,5.0,7.0,5.0,2.0,4.0,8.0,5.0,8.0,5.0,4.0,7.0,3.0,1.0,8.0,4.0,4.0,5.0,4.0,9.0,,6.0,8.0,8.0,4.0,7.0,3.0,1.0,2.0,8.0,5.0,,3.0,3.0,3.0,5.0,10.0,9.0,8.0,5.0,4.0,7.0,1.0,7.0,3,8.0,10,1
2012-10-02,53663,,11,1,4911.0,90274810,UIL,U I L HOLDINGS CORP,UIL,221111.0,N,A,R,21819,1,4931.0,90274810.0,,,49.0,493.0,,,,,,,35.84,0.002237,50665.0,1.0,35.94,1815833.6,UIL,6.0,7.0,1.0,,3.0,10,1.0,1.0,5.0,7.0,5.0,2.0,4.0,8.0,5.0,8.0,5.0,4.0,7.0,3.0,1.0,8.0,4.0,4.0,5.0,4.0,9.0,,6.0,8.0,8.0,4.0,7.0,3.0,1.0,2.0,8.0,5.0,,3.0,3.0,3.0,5.0,10.0,9.0,8.0,5.0,4.0,7.0,1.0,7.0,3,8.0,10,1
2012-10-03,53663,,11,1,4911.0,90274810,UIL,U I L HOLDINGS CORP,UIL,221111.0,N,A,R,21819,1,4931.0,90274810.0,,,49.0,493.0,,,,,,,35.87,0.000837,50665.0,1.0,35.87,1817353.55,UIL,6.0,7.0,1.0,,3.0,10,1.0,1.0,5.0,7.0,5.0,2.0,4.0,8.0,5.0,8.0,5.0,4.0,7.0,3.0,1.0,8.0,4.0,4.0,5.0,4.0,9.0,,6.0,8.0,8.0,4.0,7.0,3.0,1.0,2.0,8.0,5.0,,3.0,3.0,3.0,5.0,10.0,9.0,8.0,5.0,4.0,7.0,1.0,7.0,3,8.0,10,1
2012-10-04,53663,,11,1,4911.0,90274810,UIL,U I L HOLDINGS CORP,UIL,221111.0,N,A,R,21819,1,4931.0,90274810.0,,,49.0,493.0,,,,,,,35.96,0.002509,50665.0,1.0,35.91,1821913.4,UIL,6.0,7.0,1.0,,3.0,10,1.0,1.0,5.0,7.0,5.0,2.0,4.0,8.0,5.0,8.0,5.0,4.0,7.0,3.0,1.0,8.0,4.0,4.0,5.0,4.0,9.0,,6.0,8.0,8.0,4.0,7.0,3.0,1.0,2.0,8.0,5.0,,3.0,3.0,3.0,5.0,10.0,9.0,8.0,5.0,4.0,7.0,1.0,7.0,3,8.0,10,1
2012-10-05,53663,,11,1,4911.0,90274810,UIL,U I L HOLDINGS CORP,UIL,221111.0,N,A,R,21819,1,4931.0,90274810.0,,,49.0,493.0,,,,,,,36.25,0.008065,50665.0,1.0,36.08,1836606.25,UIL,6.0,7.0,1.0,,3.0,10,1.0,1.0,5.0,7.0,5.0,2.0,4.0,8.0,5.0,8.0,5.0,4.0,7.0,3.0,1.0,8.0,4.0,4.0,5.0,4.0,9.0,,6.0,8.0,8.0,4.0,7.0,3.0,1.0,2.0,8.0,5.0,,3.0,3.0,3.0,5.0,10.0,9.0,8.0,5.0,4.0,7.0,1.0,7.0,3,8.0,10,1
2012-10-08,53663,,11,1,4911.0,90274810,UIL,U I L HOLDINGS CORP,UIL,221111.0,N,A,R,21819,1,4931.0,90274810.0,,,49.0,493.0,,,,,,,36.21,-0.001103,50665.0,1.0,36.25,1834579.65,UIL,6.0,7.0,1.0,,3.0,10,1.0,1.0,5.0,7.0,5.0,2.0,4.0,8.0,5.0,8.0,5.0,4.0,7.0,3.0,1.0,8.0,4.0,4.0,5.0,4.0,9.0,,6.0,8.0,8.0,4.0,7.0,3.0,1.0,2.0,8.0,5.0,,3.0,3.0,3.0,5.0,10.0,9.0,8.0,5.0,4.0,7.0,1.0,7.0,3,8.0,10,1
2012-10-09,53663,,11,1,4911.0,90274810,UIL,U I L HOLDINGS CORP,UIL,221111.0,N,A,R,21819,1,4931.0,90274810.0,,,49.0,493.0,,,,,,,35.98,-0.006352,50665.0,1.0,36.21,1822926.7,UIL,6.0,7.0,1.0,,3.0,10,1.0,1.0,5.0,7.0,5.0,2.0,4.0,8.0,5.0,8.0,5.0,4.0,7.0,3.0,1.0,8.0,4.0,4.0,5.0,4.0,9.0,,6.0,8.0,8.0,4.0,7.0,3.0,1.0,2.0,8.0,5.0,,3.0,3.0,3.0,5.0,10.0,9.0,8.0,5.0,4.0,7.0,1.0,7.0,3,8.0,10,1
2012-10-10,53663,,11,1,4911.0,90274810,UIL,U I L HOLDINGS CORP,UIL,221111.0,N,A,R,21819,1,4931.0,90274810.0,,,49.0,493.0,,,,,,,36.1,0.003335,50665.0,1.0,36.03,1829006.5,UIL,6.0,7.0,1.0,,3.0,10,1.0,1.0,5.0,7.0,5.0,2.0,4.0,8.0,5.0,8.0,5.0,4.0,7.0,3.0,1.0,8.0,4.0,4.0,5.0,4.0,9.0,,6.0,8.0,8.0,4.0,7.0,3.0,1.0,2.0,8.0,5.0,,3.0,3.0,3.0,5.0,10.0,9.0,8.0,5.0,4.0,7.0,1.0,7.0,3,8.0,10,1
2012-10-11,53663,,11,1,4911.0,90274810,UIL,U I L HOLDINGS CORP,UIL,221111.0,N,A,R,21819,1,4931.0,90274810.0,,,49.0,493.0,,,,,,,35.84,-0.007202,50665.0,1.0,36.26,1815833.6,UIL,6.0,7.0,1.0,,3.0,10,1.0,1.0,5.0,7.0,5.0,2.0,4.0,8.0,5.0,8.0,5.0,4.0,7.0,3.0,1.0,8.0,4.0,4.0,5.0,4.0,9.0,,6.0,8.0,8.0,4.0,7.0,3.0,1.0,2.0,8.0,5.0,,3.0,3.0,3.0,5.0,10.0,9.0,8.0,5.0,4.0,7.0,1.0,7.0,3,8.0,10,1
2012-10-12,53663,,11,1,4911.0,90274810,UIL,U I L HOLDINGS CORP,UIL,221111.0,N,A,R,21819,1,4931.0,90274810.0,,,49.0,493.0,,,,,,,35.79,-0.001395,50665.0,1.0,35.95,1813300.35,UIL,6.0,7.0,1.0,,3.0,10,1.0,1.0,5.0,7.0,5.0,2.0,4.0,8.0,5.0,8.0,5.0,4.0,7.0,3.0,1.0,8.0,4.0,4.0,5.0,4.0,9.0,,6.0,8.0,8.0,4.0,7.0,3.0,1.0,2.0,8.0,5.0,,3.0,3.0,3.0,5.0,10.0,9.0,8.0,5.0,4.0,7.0,1.0,7.0,3,8.0,10,1
2012-10-15,53663,,11,1,4911.0,90274810,UIL,U I L HOLDINGS CORP,UIL,221111.0,N,A,R,21819,1,4931.0,90274810.0,,,49.0,493.0,,,,,,,36.24,0.012573,50665.0,1.0,35.78,1836099.6,UIL,6.0,7.0,1.0,,3.0,10,1.0,1.0,5.0,7.0,5.0,2.0,4.0,8.0,5.0,8.0,5.0,4.0,7.0,3.0,1.0,8.0,4.0,4.0,5.0,4.0,9.0,,6.0,8.0,8.0,4.0,7.0,3.0,1.0,2.0,8.0,5.0,,3.0,3.0,3.0,5.0,10.0,9.0,8.0,5.0,4.0,7.0,1.0,7.0,3,8.0,10,1
2012-10-16,53663,,11,1,4911.0,90274810,UIL,U I L HOLDINGS CORP,UIL,221111.0,N,A,R,21819,1,4931.0,90274810.0,,,49.0,493.0,,,,,,,36.01,-0.006347,50665.0,1.0,36.24,1824446.65,UIL,6.0,7.0,1.0,,3.0,10,1.0,1.0,5.0,7.0,5.0,2.0,4.0,8.0,5.0,8.0,5.0,4.0,7.0,3.0,1.0,8.0,4.0,4.0,5.0,4.0,9.0,,6.0,8.0,8.0,4.0,7.0,3.0,1.0,2.0,8.0,5.0,,3.0,3.0,3.0,5.0,10.0,9.0,8.0,5.0,4.0,7.0,1.0,7.0,3,8.0,10,1
2012-10-17,53663,,11,1,4911.0,90274810,UIL,U I L HOLDINGS CORP,UIL,221111.0,N,A,R,21819,1,4931.0,90274810.0,,,49.0,493.0,,,,,,,36.32,0.008609,50665.0,1.0,36.03,1840152.8,UIL,6.0,7.0,1.0,,3.0,10,1.0,1.0,5.0,7.0,5.0,2.0,4.0,8.0,5.0,8.0,5.0,4.0,7.0,3.0,1.0,8.0,4.0,4.0,5.0,4.0,9.0,,6.0,8.0,8.0,4.0,7.0,3.0,1.0,2.0,8.0,5.0,,3.0,3.0,3.0,5.0,10.0,9.0,8.0,5.0,4.0,7.0,1.0,7.0,3,8.0,10,1
2012-10-18,53663,,11,1,4911.0,90274810,UIL,U I L HOLDINGS CORP,UIL,221111.0,N,A,R,21819,1,4931.0,90274810.0,,,49.0,493.0,,,,,,,36.46,0.003855,50665.0,1.0,36.32,1847245.9,UIL,6.0,7.0,1.0,,3.0,10,1.0,1.0,5.0,7.0,5.0,2.0,4.0,8.0,5.0,8.0,5.0,4.0,7.0,3.0,1.0,8.0,4.0,4.0,5.0,4.0,9.0,,6.0,8.0,8.0,4.0,7.0,3.0,1.0,2.0,8.0,5.0,,3.0,3.0,3.0,5.0,10.0,9.0,8.0,5.0,4.0,7.0,1.0,7.0,3,8.0,10,1
2012-10-19,53663,,11,1,4911.0,90274810,UIL,U I L HOLDINGS CORP,UIL,221111.0,N,A,R,21819,1,4931.0,90274810.0,,,49.0,493.0,,,,,,,36.09,-0.010148,50665.0,1.0,36.28,1828499.85,UIL,6.0,7.0,1.0,,3.0,10,1.0,1.0,5.0,7.0,5.0,2.0,4.0,8.0,5.0,8.0,5.0,4.0,7.0,3.0,1.0,8.0,4.0,4.0,5.0,4.0,9.0,,6.0,8.0,8.0,4.0,7.0,3.0,1.0,2.0,8.0,5.0,,3.0,3.0,3.0,5.0,10.0,9.0,8.0,5.0,4.0,7.0,1.0,7.0,3,8.0,10,1
2012-10-22,53663,,11,1,4911.0,90274810,UIL,U I L HOLDINGS CORP,UIL,221111.0,N,A,R,21819,1,4931.0,90274810.0,,,49.0,493.0,,,,,,,35.96,-0.003602,50665.0,1.0,36.06,1821913.4,UIL,6.0,7.0,1.0,,3.0,10,1.0,1.0,5.0,7.0,5.0,2.0,4.0,8.0,5.0,8.0,5.0,4.0,7.0,3.0,1.0,8.0,4.0,4.0,5.0,4.0,9.0,,6.0,8.0,8.0,4.0,7.0,3.0,1.0,2.0,8.0,5.0,,3.0,3.0,3.0,5.0,10.0,9.0,8.0,5.0,4.0,7.0,1.0,7.0,3,8.0,10,1
2012-10-23,53663,,11,1,4911.0,90274810,UIL,U I L HOLDINGS CORP,UIL,221111.0,N,A,R,21819,1,4931.0,90274810.0,,,49.0,493.0,,,,,,,35.76,-0.005562,50665.0,1.0,35.7,1811780.4,UIL,6.0,7.0,1.0,,3.0,10,1.0,1.0,5.0,7.0,5.0,2.0,4.0,8.0,5.0,8.0,5.0,4.0,7.0,3.0,1.0,8.0,4.0,4.0,5.0,4.0,9.0,,6.0,8.0,8.0,4.0,7.0,3.0,1.0,2.0,8.0,5.0,,3.0,3.0,3.0,5.0,10.0,9.0,8.0,5.0,4.0,7.0,1.0,7.0,3,8.0,10,1
2012-10-24,53663,,11,1,4911.0,90274810,UIL,U I L HOLDINGS CORP,UIL,221111.0,N,A,R,21819,1,4931.0,90274810.0,,,49.0,493.0,,,,,,,35.55,-0.005872,50665.0,1.0,35.91,1801140.75,UIL,6.0,7.0,1.0,,3.0,10,1.0,1.0,5.0,7.0,5.0,2.0,4.0,8.0,5.0,8.0,5.0,4.0,7.0,3.0,1.0,8.0,4.0,4.0,5.0,4.0,9.0,,6.0,8.0,8.0,4.0,7.0,3.0,1.0,2.0,8.0,5.0,,3.0,3.0,3.0,5.0,10.0,9.0,8.0,5.0,4.0,7.0,1.0,7.0,3,8.0,10,1
2012-10-25,53663,,11,1,4911.0,90274810,UIL,U I L HOLDINGS CORP,UIL,221111.0,N,A,R,21819,1,4931.0,90274810.0,,,49.0,493.0,,,,,,,35.8,0.007032,50665.0,1.0,35.8,1813807.0,UIL,6.0,7.0,1.0,,3.0,10,1.0,1.0,5.0,7.0,5.0,2.0,4.0,8.0,5.0,8.0,5.0,4.0,7.0,3.0,1.0,8.0,4.0,4.0,5.0,4.0,9.0,,6.0,8.0,8.0,4.0,7.0,3.0,1.0,2.0,8.0,5.0,,3.0,3.0,3.0,5.0,10.0,9.0,8.0,5.0,4.0,7.0,1.0,7.0,3,8.0,10,1
2012-10-26,53663,,11,1,4911.0,90274810,UIL,U I L HOLDINGS CORP,UIL,221111.0,N,A,R,21819,1,4931.0,90274810.0,,,49.0,493.0,,,,,,,35.8,0.0,50665.0,1.0,35.88,1813807.0,UIL,6.0,7.0,1.0,,3.0,10,1.0,1.0,5.0,7.0,5.0,2.0,4.0,8.0,5.0,8.0,5.0,4.0,7.0,3.0,1.0,8.0,4.0,4.0,5.0,4.0,9.0,,6.0,8.0,8.0,4.0,7.0,3.0,1.0,2.0,8.0,5.0,,3.0,3.0,3.0,5.0,10.0,9.0,8.0,5.0,4.0,7.0,1.0,7.0,3,8.0,10,1
2012-10-31,53663,,11,1,4911.0,90274810,UIL,U I L HOLDINGS CORP,UIL,221111.0,N,A,R,21819,1,4931.0,90274810.0,,,49.0,493.0,,,,,,,36.17,0.010335,50665.0,1.0,35.58,1832553.05,UIL,6.0,7.0,1.0,,3.0,10,1.0,1.0,5.0,7.0,5.0,2.0,4.0,8.0,5.0,8.0,5.0,4.0,7.0,3.0,1.0,8.0,4.0,4.0,5.0,4.0,9.0,,6.0,8.0,8.0,4.0,7.0,3.0,1.0,2.0,8.0,5.0,,3.0,3.0,3.0,5.0,10.0,9.0,8.0,5.0,4.0,7.0,1.0,7.0,3,8.0,10,1
2012-11-01,53663,,11,1,4911.0,90274810,UIL,U I L HOLDINGS CORP,UIL,221111.0,N,A,R,21819,1,4931.0,90274810.0,,,49.0,493.0,,,,,,,36.23,0.001659,50665.0,1.0,36.24,1835592.95,UIL,6.0,7.0,1.0,,3.0,10,1.0,1.0,5.0,7.0,5.0,2.0,4.0,8.0,5.0,8.0,5.0,4.0,7.0,3.0,1.0,8.0,4.0,4.0,5.0,4.0,9.0,,6.0,8.0,8.0,4.0,6.0,5.0,1.0,3.0,8.0,6.0,,3.0,3.0,3.0,5.0,10.0,9.0,7.0,5.0,6.0,7.0,2.0,7.0,3,9.0,10,1
2012-11-02,53663,,11,1,4911.0,90274810,UIL,U I L HOLDINGS CORP,UIL,221111.0,N,A,R,21819,1,4931.0,90274810.0,,,49.0,493.0,,,,,,,35.81,-0.011593,50665.0,1.0,36.35,1814313.65,UIL,6.0,7.0,1.0,,3.0,10,1.0,1.0,5.0,7.0,5.0,2.0,4.0,8.0,5.0,8.0,5.0,4.0,7.0,3.0,1.0,8.0,4.0,4.0,5.0,4.0,9.0,,6.0,8.0,8.0,4.0,6.0,5.0,1.0,3.0,8.0,6.0,,3.0,3.0,3.0,5.0,10.0,9.0,7.0,5.0,6.0,7.0,2.0,7.0,3,9.0,10,1
2012-11-05,53663,,11,1,4911.0,90274810,UIL,U I L HOLDINGS CORP,UIL,221111.0,N,A,R,21819,1,4931.0,90274810.0,,,49.0,493.0,,,,,,,35.33,-0.013404,50665.0,1.0,35.71,1789994.45,UIL,6.0,7.0,1.0,,3.0,10,1.0,1.0,5.0,7.0,5.0,2.0,4.0,8.0,5.0,8.0,5.0,4.0,7.0,3.0,1.0,8.0,4.0,4.0,5.0,4.0,9.0,,6.0,8.0,8.0,4.0,6.0,5.0,1.0,3.0,8.0,6.0,,3.0,3.0,3.0,5.0,10.0,9.0,7.0,5.0,6.0,7.0,2.0,7.0,3,9.0,10,1
2012-11-06,53663,,11,1,4911.0,90274810,UIL,U I L HOLDINGS CORP,UIL,221111.0,N,A,R,21819,1,4931.0,90274810.0,,,49.0,493.0,,,,,,,35.52,0.005378,50665.0,1.0,35.47,1799620.8,UIL,6.0,7.0,1.0,,3.0,10,1.0,1.0,5.0,7.0,5.0,2.0,4.0,8.0,5.0,8.0,5.0,4.0,7.0,3.0,1.0,8.0,4.0,4.0,5.0,4.0,9.0,,6.0,8.0,8.0,4.0,6.0,5.0,1.0,3.0,8.0,6.0,,3.0,3.0,3.0,5.0,10.0,9.0,7.0,5.0,6.0,7.0,2.0,7.0,3,9.0,10,1
2012-11-07,53663,,11,1,4911.0,90274810,UIL,U I L HOLDINGS CORP,UIL,221111.0,N,A,R,21819,1,4931.0,90274810.0,,,49.0,493.0,,,,,,,34.51,-0.028435,50665.0,1.0,35.46,1748449.15,UIL,6.0,7.0,1.0,,3.0,10,1.0,1.0,5.0,7.0,5.0,2.0,4.0,8.0,5.0,8.0,5.0,4.0,7.0,3.0,1.0,8.0,4.0,4.0,5.0,4.0,9.0,,6.0,8.0,8.0,4.0,6.0,5.0,1.0,3.0,8.0,6.0,,3.0,3.0,3.0,5.0,10.0,9.0,7.0,5.0,6.0,7.0,2.0,7.0,3,9.0,10,1
2012-11-08,53663,,11,1,4911.0,90274810,UIL,U I L HOLDINGS CORP,UIL,221111.0,N,A,R,21819,1,4931.0,90274810.0,,,49.0,493.0,,,,,,,34.07,-0.01275,50665.0,1.0,34.5,1726156.55,UIL,6.0,7.0,1.0,,3.0,10,1.0,1.0,5.0,7.0,5.0,2.0,4.0,8.0,5.0,8.0,5.0,4.0,7.0,3.0,1.0,8.0,4.0,4.0,5.0,4.0,9.0,,6.0,8.0,8.0,4.0,6.0,5.0,1.0,3.0,8.0,6.0,,3.0,3.0,3.0,5.0,10.0,9.0,7.0,5.0,6.0,7.0,2.0,7.0,3,9.0,10,1
2012-11-09,53663,,11,1,4911.0,90274810,UIL,U I L HOLDINGS CORP,UIL,221111.0,N,A,R,21819,1,4931.0,90274810.0,,,49.0,493.0,,,,,,,33.81,-0.007631,50665.0,1.0,34.0,1712983.65,UIL,6.0,7.0,1.0,,3.0,10,1.0,1.0,5.0,7.0,5.0,2.0,4.0,8.0,5.0,8.0,5.0,4.0,7.0,3.0,1.0,8.0,4.0,4.0,5.0,4.0,9.0,,6.0,8.0,8.0,4.0,6.0,5.0,1.0,3.0,8.0,6.0,,3.0,3.0,3.0,5.0,10.0,9.0,7.0,5.0,6.0,7.0,2.0,7.0,3,9.0,10,1
2012-11-12,53663,,11,1,4911.0,90274810,UIL,U I L HOLDINGS CORP,UIL,221111.0,N,A,R,21819,1,4931.0,90274810.0,,,49.0,493.0,,,,,,,33.67,-0.004141,50665.0,1.0,33.97,1705890.55,UIL,6.0,7.0,1.0,,3.0,10,1.0,1.0,5.0,7.0,5.0,2.0,4.0,8.0,5.0,8.0,5.0,4.0,7.0,3.0,1.0,8.0,4.0,4.0,5.0,4.0,9.0,,6.0,8.0,8.0,4.0,6.0,5.0,1.0,3.0,8.0,6.0,,3.0,3.0,3.0,5.0,10.0,9.0,7.0,5.0,6.0,7.0,2.0,7.0,3,9.0,10,1
2012-11-13,53663,,11,1,4911.0,90274810,UIL,U I L HOLDINGS CORP,UIL,221111.0,N,A,R,21819,1,4931.0,90274810.0,,,49.0,493.0,,,,,,,33.54,-0.003861,50665.0,1.0,33.5,1699304.1,UIL,6.0,7.0,1.0,,3.0,10,1.0,1.0,5.0,7.0,5.0,2.0,4.0,8.0,5.0,8.0,5.0,4.0,7.0,3.0,1.0,8.0,4.0,4.0,5.0,4.0,9.0,,6.0,8.0,8.0,4.0,6.0,5.0,1.0,3.0,8.0,6.0,,3.0,3.0,3.0,5.0,10.0,9.0,7.0,5.0,6.0,7.0,2.0,7.0,3,9.0,10,1
2012-11-14,53663,,11,1,4911.0,90274810,UIL,U I L HOLDINGS CORP,UIL,221111.0,N,A,R,21819,1,4931.0,90274810.0,,,49.0,493.0,,,,,,,33.3,-0.007156,50665.0,1.0,33.63,1687144.5,UIL,6.0,7.0,1.0,,3.0,10,1.0,1.0,5.0,7.0,5.0,2.0,4.0,8.0,5.0,8.0,5.0,4.0,7.0,3.0,1.0,8.0,4.0,4.0,5.0,4.0,9.0,,6.0,8.0,8.0,4.0,6.0,5.0,1.0,3.0,8.0,6.0,,3.0,3.0,3.0,5.0,10.0,9.0,7.0,5.0,6.0,7.0,2.0,7.0,3,9.0,10,1
2012-11-15,53663,,11,1,4911.0,90274810,UIL,U I L HOLDINGS CORP,UIL,221111.0,N,A,R,21819,1,4931.0,90274810.0,,,49.0,493.0,,,,,,,32.76,-0.016216,50665.0,1.0,33.25,1659785.4,UIL,6.0,7.0,1.0,,3.0,10,1.0,1.0,5.0,7.0,5.0,2.0,4.0,8.0,5.0,8.0,5.0,4.0,7.0,3.0,1.0,8.0,4.0,4.0,5.0,4.0,9.0,,6.0,8.0,8.0,4.0,6.0,5.0,1.0,3.0,8.0,6.0,,3.0,3.0,3.0,5.0,10.0,9.0,7.0,5.0,6.0,7.0,2.0,7.0,3,9.0,10,1
2012-11-16,53663,,11,1,4911.0,90274810,UIL,U I L HOLDINGS CORP,UIL,221111.0,N,A,R,21819,1,4931.0,90274810.0,,,49.0,493.0,,,,,,,33.34,0.017705,50665.0,1.0,32.68,1689171.1,UIL,6.0,7.0,1.0,,3.0,10,1.0,1.0,5.0,7.0,5.0,2.0,4.0,8.0,5.0,8.0,5.0,4.0,7.0,3.0,1.0,8.0,4.0,4.0,5.0,4.0,9.0,,6.0,8.0,8.0,4.0,6.0,5.0,1.0,3.0,8.0,6.0,,3.0,3.0,3.0,5.0,10.0,9.0,7.0,5.0,6.0,7.0,2.0,7.0,3,9.0,10,1
2012-11-19,53663,,11,1,4911.0,90274810,UIL,U I L HOLDINGS CORP,UIL,221111.0,N,A,R,21819,1,4931.0,90274810.0,,,49.0,493.0,,,,,,,33.35,0.0003,50665.0,1.0,33.5,1689677.75,UIL,6.0,7.0,1.0,,3.0,10,1.0,1.0,5.0,7.0,5.0,2.0,4.0,8.0,5.0,8.0,5.0,4.0,7.0,3.0,1.0,8.0,4.0,4.0,5.0,4.0,9.0,,6.0,8.0,8.0,4.0,6.0,5.0,1.0,3.0,8.0,6.0,,3.0,3.0,3.0,5.0,10.0,9.0,7.0,5.0,6.0,7.0,2.0,7.0,3,9.0,10,1
2012-11-20,53663,,11,1,4911.0,90274810,UIL,U I L HOLDINGS CORP,UIL,221111.0,N,A,R,21819,1,4931.0,90274810.0,,,49.0,493.0,,,,,,,33.71,0.010795,50665.0,1.0,33.4,1707917.15,UIL,6.0,7.0,1.0,,3.0,10,1.0,1.0,5.0,7.0,5.0,2.0,4.0,8.0,5.0,8.0,5.0,4.0,7.0,3.0,1.0,8.0,4.0,4.0,5.0,4.0,9.0,,6.0,8.0,8.0,4.0,6.0,5.0,1.0,3.0,8.0,6.0,,3.0,3.0,3.0,5.0,10.0,9.0,7.0,5.0,6.0,7.0,2.0,7.0,3,9.0,10,1
2012-11-21,53663,,11,1,4911.0,90274810,UIL,U I L HOLDINGS CORP,UIL,221111.0,N,A,R,21819,1,4931.0,90274810.0,,,49.0,493.0,,,,,,,33.82,0.003263,50665.0,1.0,33.74,1713490.3,UIL,6.0,7.0,1.0,,3.0,10,1.0,1.0,5.0,7.0,5.0,2.0,4.0,8.0,5.0,8.0,5.0,4.0,7.0,3.0,1.0,8.0,4.0,4.0,5.0,4.0,9.0,,6.0,8.0,8.0,4.0,6.0,5.0,1.0,3.0,8.0,6.0,,3.0,3.0,3.0,5.0,10.0,9.0,7.0,5.0,6.0,7.0,2.0,7.0,3,9.0,10,1
2012-11-23,53663,,11,1,4911.0,90274810,UIL,U I L HOLDINGS CORP,UIL,221111.0,N,A,R,21819,1,4931.0,90274810.0,,,49.0,493.0,,,,,,,33.74,-0.002365,50665.0,1.0,33.83,1709437.1,UIL,6.0,7.0,1.0,,3.0,10,1.0,1.0,5.0,7.0,5.0,2.0,4.0,8.0,5.0,8.0,5.0,4.0,7.0,3.0,1.0,8.0,4.0,4.0,5.0,4.0,9.0,,6.0,8.0,8.0,4.0,6.0,5.0,1.0,3.0,8.0,6.0,,3.0,3.0,3.0,5.0,10.0,9.0,7.0,5.0,6.0,7.0,2.0,7.0,3,9.0,10,1
2012-11-26,53663,,11,1,4911.0,90274810,UIL,U I L HOLDINGS CORP,UIL,221111.0,N,A,R,21819,1,4931.0,90274810.0,,,49.0,493.0,,,,,,,34.5,0.022525,50665.0,1.0,33.71,1747942.5,UIL,6.0,7.0,1.0,,3.0,10,1.0,1.0,5.0,7.0,5.0,2.0,4.0,8.0,5.0,8.0,5.0,4.0,7.0,3.0,1.0,8.0,4.0,4.0,5.0,4.0,9.0,,6.0,8.0,8.0,4.0,6.0,5.0,1.0,3.0,8.0,6.0,,3.0,3.0,3.0,5.0,10.0,9.0,7.0,5.0,6.0,7.0,2.0,7.0,3,9.0,10,1
2012-11-27,53663,,11,1,4911.0,90274810,UIL,U I L HOLDINGS CORP,UIL,221111.0,N,A,R,21819,1,4931.0,90274810.0,,,49.0,493.0,,,,,,,34.8,0.008696,50665.0,1.0,34.53,1763142.0,UIL,6.0,7.0,1.0,,3.0,10,1.0,1.0,5.0,7.0,5.0,2.0,4.0,8.0,5.0,8.0,5.0,4.0,7.0,3.0,1.0,8.0,4.0,4.0,5.0,4.0,9.0,,6.0,8.0,8.0,4.0,6.0,5.0,1.0,3.0,8.0,6.0,,3.0,3.0,3.0,5.0,10.0,9.0,7.0,5.0,6.0,7.0,2.0,7.0,3,9.0,10,1
2012-11-28,53663,,11,1,4911.0,90274810,UIL,U I L HOLDINGS CORP,UIL,221111.0,N,A,R,21819,1,4931.0,90274810.0,,,49.0,493.0,,,,,,,35.12,0.009195,50665.0,1.0,34.78,1779354.8,UIL,6.0,7.0,1.0,,3.0,10,1.0,1.0,5.0,7.0,5.0,2.0,4.0,8.0,5.0,8.0,5.0,4.0,7.0,3.0,1.0,8.0,4.0,4.0,5.0,4.0,9.0,,6.0,8.0,8.0,4.0,6.0,5.0,1.0,3.0,8.0,6.0,,3.0,3.0,3.0,5.0,10.0,9.0,7.0,5.0,6.0,7.0,2.0,7.0,3,9.0,10,1
2012-11-29,53663,,11,1,4911.0,90274810,UIL,U I L HOLDINGS CORP,UIL,221111.0,N,A,R,21819,1,4931.0,90274810.0,,,49.0,493.0,,,,,,,35.68,0.015945,50665.0,1.0,35.32,1807727.2,UIL,6.0,7.0,1.0,,3.0,10,1.0,1.0,5.0,7.0,5.0,2.0,4.0,8.0,5.0,8.0,5.0,4.0,7.0,3.0,1.0,8.0,4.0,4.0,5.0,4.0,9.0,,6.0,8.0,8.0,4.0,6.0,5.0,1.0,3.0,8.0,6.0,,3.0,3.0,3.0,5.0,10.0,9.0,7.0,5.0,6.0,7.0,2.0,7.0,3,9.0,10,1
2012-11-30,53663,,11,1,4911.0,90274810,UIL,U I L HOLDINGS CORP,UIL,221111.0,N,A,R,21819,1,4931.0,90274810.0,,,49.0,493.0,,,,,,,35.87,0.005325,50665.0,1.0,35.73,1817353.55,UIL,6.0,7.0,1.0,,3.0,10,1.0,1.0,5.0,7.0,5.0,2.0,4.0,8.0,5.0,8.0,5.0,4.0,7.0,3.0,1.0,8.0,4.0,4.0,5.0,4.0,9.0,,6.0,8.0,8.0,4.0,6.0,5.0,1.0,3.0,8.0,6.0,,3.0,3.0,3.0,5.0,10.0,9.0,7.0,5.0,6.0,7.0,2.0,7.0,3,9.0,10,1
2012-12-03,53663,,11,1,4911.0,90274810,UIL,U I L HOLDINGS CORP,UIL,221111.0,N,A,R,21819,1,4931.0,90274810.0,,,49.0,493.0,,,,,,,35.79,-0.00223,50665.0,1.0,36.0,1813300.35,UIL,6.0,7.0,1.0,,3.0,10,1.0,1.0,5.0,7.0,5.0,2.0,4.0,8.0,5.0,8.0,5.0,4.0,7.0,3.0,1.0,8.0,4.0,4.0,5.0,4.0,9.0,,7.0,3.0,8.0,5.0,4.0,5.0,1.0,3.0,8.0,6.0,,3.0,3.0,3.0,7.0,10.0,9.0,6.0,4.0,3.0,1.0,1.0,7.0,3,8.0,10,1
2012-12-04,53663,,11,1,4911.0,90274810,UIL,U I L HOLDINGS CORP,UIL,221111.0,N,A,R,21819,1,4931.0,90274810.0,,,49.0,493.0,,,,,,,35.89,0.002794,50665.0,1.0,35.88,1818366.85,UIL,6.0,7.0,1.0,,3.0,10,1.0,1.0,5.0,7.0,5.0,2.0,4.0,8.0,5.0,8.0,5.0,4.0,7.0,3.0,1.0,8.0,4.0,4.0,5.0,4.0,9.0,,7.0,3.0,8.0,5.0,4.0,5.0,1.0,3.0,8.0,6.0,,3.0,3.0,3.0,7.0,10.0,9.0,6.0,4.0,3.0,1.0,1.0,7.0,3,8.0,10,1
2012-12-05,53663,,11,1,4911.0,90274810,UIL,U I L HOLDINGS CORP,UIL,221111.0,N,A,R,21819,1,4931.0,90274810.0,,,49.0,493.0,,,,,,,36.35,0.012817,50665.0,1.0,36.0,1841672.75,UIL,6.0,7.0,1.0,,3.0,10,1.0,1.0,5.0,7.0,5.0,2.0,4.0,8.0,5.0,8.0,5.0,4.0,7.0,3.0,1.0,8.0,4.0,4.0,5.0,4.0,9.0,,7.0,3.0,8.0,5.0,4.0,5.0,1.0,3.0,8.0,6.0,,3.0,3.0,3.0,7.0,10.0,9.0,6.0,4.0,3.0,1.0,1.0,7.0,3,8.0,10,1
2012-12-06,53663,,11,1,4911.0,90274810,UIL,U I L HOLDINGS CORP,UIL,221111.0,N,A,R,21819,1,4931.0,90274810.0,,,49.0,493.0,,,,,,,36.62,0.007428,50665.0,1.0,36.3,1855352.3,UIL,6.0,7.0,1.0,,3.0,10,1.0,1.0,5.0,7.0,5.0,2.0,4.0,8.0,5.0,8.0,5.0,4.0,7.0,3.0,1.0,8.0,4.0,4.0,5.0,4.0,9.0,,7.0,3.0,8.0,5.0,4.0,5.0,1.0,3.0,8.0,6.0,,3.0,3.0,3.0,7.0,10.0,9.0,6.0,4.0,3.0,1.0,1.0,7.0,3,8.0,10,1
2012-12-07,53663,,11,1,4911.0,90274810,UIL,U I L HOLDINGS CORP,UIL,221111.0,N,A,R,21819,1,4931.0,90274810.0,,,49.0,493.0,,,,,,,36.38,-0.006554,50665.0,1.0,36.67,1843192.7,UIL,6.0,7.0,1.0,,3.0,10,1.0,1.0,5.0,7.0,5.0,2.0,4.0,8.0,5.0,8.0,5.0,4.0,7.0,3.0,1.0,8.0,4.0,4.0,5.0,4.0,9.0,,7.0,3.0,8.0,5.0,4.0,5.0,1.0,3.0,8.0,6.0,,3.0,3.0,3.0,7.0,10.0,9.0,6.0,4.0,3.0,1.0,1.0,7.0,3,8.0,10,1
2012-12-10,53663,,11,1,4911.0,90274810,UIL,U I L HOLDINGS CORP,UIL,221111.0,N,A,R,21819,1,4931.0,90274810.0,,,49.0,493.0,,,,,,,36.39,0.000275,50665.0,1.0,36.53,1843699.35,UIL,6.0,7.0,1.0,,3.0,10,1.0,1.0,5.0,7.0,5.0,2.0,4.0,8.0,5.0,8.0,5.0,4.0,7.0,3.0,1.0,8.0,4.0,4.0,5.0,4.0,9.0,,7.0,3.0,8.0,5.0,4.0,5.0,1.0,3.0,8.0,6.0,,3.0,3.0,3.0,7.0,10.0,9.0,6.0,4.0,3.0,1.0,1.0,7.0,3,8.0,10,1
2012-12-11,53663,,11,1,4911.0,90274810,UIL,U I L HOLDINGS CORP,UIL,221111.0,N,A,R,21819,1,4931.0,90274810.0,,,49.0,493.0,,,,,,,36.59,0.005496,50665.0,1.0,36.54,1853832.35,UIL,6.0,7.0,1.0,,3.0,10,1.0,1.0,5.0,7.0,5.0,2.0,4.0,8.0,5.0,8.0,5.0,4.0,7.0,3.0,1.0,8.0,4.0,4.0,5.0,4.0,9.0,,7.0,3.0,8.0,5.0,4.0,5.0,1.0,3.0,8.0,6.0,,3.0,3.0,3.0,7.0,10.0,9.0,6.0,4.0,3.0,1.0,1.0,7.0,3,8.0,10,1
2012-12-12,53663,,11,1,4911.0,90274810,UIL,U I L HOLDINGS CORP,UIL,221111.0,N,A,R,21819,1,4931.0,90274810.0,,,49.0,493.0,,,,,,,36.29,-0.008199,50665.0,1.0,36.68,1838632.85,UIL,6.0,7.0,1.0,,3.0,10,1.0,1.0,5.0,7.0,5.0,2.0,4.0,8.0,5.0,8.0,5.0,4.0,7.0,3.0,1.0,8.0,4.0,4.0,5.0,4.0,9.0,,7.0,3.0,8.0,5.0,4.0,5.0,1.0,3.0,8.0,6.0,,3.0,3.0,3.0,7.0,10.0,9.0,6.0,4.0,3.0,1.0,1.0,7.0,3,8.0,10,1
2012-12-13,53663,,11,1,4911.0,90274810,UIL,U I L HOLDINGS CORP,UIL,221111.0,N,A,R,21819,1,4931.0,90274810.0,,,49.0,493.0,,,,,,,36.25,-0.001102,50665.0,1.0,36.27,1836606.25,UIL,6.0,7.0,1.0,,3.0,10,1.0,1.0,5.0,7.0,5.0,2.0,4.0,8.0,5.0,8.0,5.0,4.0,7.0,3.0,1.0,8.0,4.0,4.0,5.0,4.0,9.0,,7.0,3.0,8.0,5.0,4.0,5.0,1.0,3.0,8.0,6.0,,3.0,3.0,3.0,7.0,10.0,9.0,6.0,4.0,3.0,1.0,1.0,7.0,3,8.0,10,1
2012-12-14,53663,,11,1,4911.0,90274810,UIL,U I L HOLDINGS CORP,UIL,221111.0,N,A,R,21819,1,4931.0,90274810.0,,,49.0,493.0,,,,,,,35.86,-0.010759,50665.0,1.0,36.1,1816846.9,UIL,6.0,7.0,1.0,,3.0,10,1.0,1.0,5.0,7.0,5.0,2.0,4.0,8.0,5.0,8.0,5.0,4.0,7.0,3.0,1.0,8.0,4.0,4.0,5.0,4.0,9.0,,7.0,3.0,8.0,5.0,4.0,5.0,1.0,3.0,8.0,6.0,,3.0,3.0,3.0,7.0,10.0,9.0,6.0,4.0,3.0,1.0,1.0,7.0,3,8.0,10,1
2012-12-17,53663,,11,1,4911.0,90274810,UIL,U I L HOLDINGS CORP,UIL,221111.0,N,A,R,21819,1,4931.0,90274810.0,,,49.0,493.0,1232.0,0.432,0.0,,,,36.39,0.026827,50665.0,1.0,35.42,1843699.35,UIL,6.0,7.0,1.0,,3.0,10,1.0,1.0,5.0,7.0,5.0,2.0,4.0,8.0,5.0,8.0,5.0,4.0,7.0,3.0,1.0,8.0,4.0,4.0,5.0,4.0,9.0,,7.0,3.0,8.0,5.0,4.0,5.0,1.0,3.0,8.0,6.0,,3.0,3.0,3.0,7.0,10.0,9.0,6.0,4.0,3.0,1.0,1.0,7.0,3,8.0,10,1
2012-12-18,53663,,11,1,4911.0,90274810,UIL,U I L HOLDINGS CORP,UIL,221111.0,N,A,R,21819,1,4931.0,90274810.0,,,49.0,493.0,,,,,,,36.37,-0.00055,50665.0,1.0,36.34,1842686.05,UIL,6.0,7.0,1.0,,3.0,10,1.0,1.0,5.0,7.0,5.0,2.0,4.0,8.0,5.0,8.0,5.0,4.0,7.0,3.0,1.0,8.0,4.0,4.0,5.0,4.0,9.0,,7.0,3.0,8.0,5.0,4.0,5.0,1.0,3.0,8.0,6.0,,3.0,3.0,3.0,7.0,10.0,9.0,6.0,4.0,3.0,1.0,1.0,7.0,3,8.0,10,1
2012-12-19,53663,,11,1,4911.0,90274810,UIL,U I L HOLDINGS CORP,UIL,221111.0,N,A,R,21819,1,4931.0,90274810.0,,,49.0,493.0,,,,,,,36.21,-0.004399,50665.0,1.0,36.41,1834579.65,UIL,6.0,7.0,1.0,,3.0,10,1.0,1.0,5.0,7.0,5.0,2.0,4.0,8.0,5.0,8.0,5.0,4.0,7.0,3.0,1.0,8.0,4.0,4.0,5.0,4.0,9.0,,7.0,3.0,8.0,5.0,4.0,5.0,1.0,3.0,8.0,6.0,,3.0,3.0,3.0,7.0,10.0,9.0,6.0,4.0,3.0,1.0,1.0,7.0,3,8.0,10,1
2012-12-20,53663,,11,1,4911.0,90274810,UIL,U I L HOLDINGS CORP,UIL,221111.0,N,A,R,21819,1,4931.0,90274810.0,,,49.0,493.0,,,,,,,36.27,0.001657,50665.0,1.0,36.21,1837619.55,UIL,6.0,7.0,1.0,,3.0,10,1.0,1.0,5.0,7.0,5.0,2.0,4.0,8.0,5.0,8.0,5.0,4.0,7.0,3.0,1.0,8.0,4.0,4.0,5.0,4.0,9.0,,7.0,3.0,8.0,5.0,4.0,5.0,1.0,3.0,8.0,6.0,,3.0,3.0,3.0,7.0,10.0,9.0,6.0,4.0,3.0,1.0,1.0,7.0,3,8.0,10,1
2012-12-21,53663,,11,1,4911.0,90274810,UIL,U I L HOLDINGS CORP,UIL,221111.0,N,A,R,21819,1,4931.0,90274810.0,,,49.0,493.0,,,,,,,36.69,0.01158,50665.0,1.0,36.16,1858898.85,UIL,6.0,7.0,1.0,,3.0,10,1.0,1.0,5.0,7.0,5.0,2.0,4.0,8.0,5.0,8.0,5.0,4.0,7.0,3.0,1.0,8.0,4.0,4.0,5.0,4.0,9.0,,7.0,3.0,8.0,5.0,4.0,5.0,1.0,3.0,8.0,6.0,,3.0,3.0,3.0,7.0,10.0,9.0,6.0,4.0,3.0,1.0,1.0,7.0,3,8.0,10,1
2012-12-24,53663,,11,1,4911.0,90274810,UIL,U I L HOLDINGS CORP,UIL,221111.0,N,A,R,21819,1,4931.0,90274810.0,,,49.0,493.0,,,,,,,36.37,-0.008722,50665.0,1.0,36.55,1842686.05,UIL,6.0,7.0,1.0,,3.0,10,1.0,1.0,5.0,7.0,5.0,2.0,4.0,8.0,5.0,8.0,5.0,4.0,7.0,3.0,1.0,8.0,4.0,4.0,5.0,4.0,9.0,,7.0,3.0,8.0,5.0,4.0,5.0,1.0,3.0,8.0,6.0,,3.0,3.0,3.0,7.0,10.0,9.0,6.0,4.0,3.0,1.0,1.0,7.0,3,8.0,10,1
2012-12-26,53663,,11,1,4911.0,90274810,UIL,U I L HOLDINGS CORP,UIL,221111.0,N,A,R,21819,1,4931.0,90274810.0,,,49.0,493.0,,,,,,,36.16,-0.005774,50665.0,1.0,36.36,1832046.4,UIL,6.0,7.0,1.0,,3.0,10,1.0,1.0,5.0,7.0,5.0,2.0,4.0,8.0,5.0,8.0,5.0,4.0,7.0,3.0,1.0,8.0,4.0,4.0,5.0,4.0,9.0,,7.0,3.0,8.0,5.0,4.0,5.0,1.0,3.0,8.0,6.0,,3.0,3.0,3.0,7.0,10.0,9.0,6.0,4.0,3.0,1.0,1.0,7.0,3,8.0,10,1
2012-12-27,53663,,11,1,4911.0,90274810,UIL,U I L HOLDINGS CORP,UIL,221111.0,N,A,R,21819,1,4931.0,90274810.0,,,49.0,493.0,,,,,,,35.63,-0.014657,50665.0,1.0,36.1,1805193.95,UIL,6.0,7.0,1.0,,3.0,10,1.0,1.0,5.0,7.0,5.0,2.0,4.0,8.0,5.0,8.0,5.0,4.0,7.0,3.0,1.0,8.0,4.0,4.0,5.0,4.0,9.0,,7.0,3.0,8.0,5.0,4.0,5.0,1.0,3.0,8.0,6.0,,3.0,3.0,3.0,7.0,10.0,9.0,6.0,4.0,3.0,1.0,1.0,7.0,3,8.0,10,1
2012-12-28,53663,,11,1,4911.0,90274810,UIL,U I L HOLDINGS CORP,UIL,221111.0,N,A,R,21819,1,4931.0,90274810.0,,,49.0,493.0,,,,,,,35.17,-0.012911,50665.0,1.0,35.29,1781888.05,UIL,6.0,7.0,1.0,,3.0,10,1.0,1.0,5.0,7.0,5.0,2.0,4.0,8.0,5.0,8.0,5.0,4.0,7.0,3.0,1.0,8.0,4.0,4.0,5.0,4.0,9.0,,7.0,3.0,8.0,5.0,4.0,5.0,1.0,3.0,8.0,6.0,,3.0,3.0,3.0,7.0,10.0,9.0,6.0,4.0,3.0,1.0,1.0,7.0,3,8.0,10,1
2012-12-31,53663,,11,1,4911.0,90274810,UIL,U I L HOLDINGS CORP,UIL,221111.0,N,A,R,21819,1,4931.0,90274810.0,,,49.0,493.0,,,,,,,35.81,0.018197,50665.0,1.0,35.21,1814313.65,UIL,6.0,7.0,1.0,,3.0,10,1.0,1.0,5.0,7.0,5.0,2.0,4.0,8.0,5.0,8.0,5.0,4.0,7.0,3.0,1.0,8.0,4.0,4.0,5.0,4.0,9.0,,7.0,3.0,8.0,5.0,4.0,5.0,1.0,3.0,8.0,6.0,,3.0,3.0,3.0,7.0,10.0,9.0,6.0,4.0,3.0,1.0,1.0,7.0,3,8.0,10,1
2013-01-02,53663,,11,1,4911.0,90274810,UIL,U I L HOLDINGS CORP,UIL,221111.0,N,A,R,21819,1,4931.0,90274810.0,,,49.0,493.0,,,,,,,37.0,0.033231,50665.0,1.0,36.36,1874605.0,UIL,6.0,7.0,1.0,,3.0,10,1.0,1.0,5.0,7.0,5.0,2.0,4.0,8.0,5.0,8.0,5.0,4.0,7.0,3.0,1.0,8.0,4.0,4.0,5.0,4.0,9.0,,5.0,2.0,7.0,3.0,4.0,4.0,2.0,4.0,8.0,6.0,,3.0,3.0,3.0,7.0,9.0,9.0,3.0,5.0,4.0,2.0,1.0,7.0,3,7.0,10,1
2013-01-03,53663,,11,1,4911.0,90274810,UIL,U I L HOLDINGS CORP,UIL,221111.0,N,A,R,21819,1,4931.0,90274810.0,,,49.0,493.0,,,,,,,37.03,0.000811,50665.0,1.0,36.98,1876124.95,UIL,6.0,7.0,1.0,,3.0,10,1.0,1.0,5.0,7.0,5.0,2.0,4.0,8.0,5.0,8.0,5.0,4.0,7.0,3.0,1.0,8.0,4.0,4.0,5.0,4.0,9.0,,5.0,2.0,7.0,3.0,4.0,4.0,2.0,4.0,8.0,6.0,,3.0,3.0,3.0,7.0,9.0,9.0,3.0,5.0,4.0,2.0,1.0,7.0,3,7.0,10,1
2013-01-04,53663,,11,1,4911.0,90274810,UIL,U I L HOLDINGS CORP,UIL,221111.0,N,A,R,21819,1,4931.0,90274810.0,,,49.0,493.0,,,,,,,36.95,-0.00216,50665.0,1.0,37.03,1872071.75,UIL,6.0,7.0,1.0,,3.0,10,1.0,1.0,5.0,7.0,5.0,2.0,4.0,8.0,5.0,8.0,5.0,4.0,7.0,3.0,1.0,8.0,4.0,4.0,5.0,4.0,9.0,,5.0,2.0,7.0,3.0,4.0,4.0,2.0,4.0,8.0,6.0,,3.0,3.0,3.0,7.0,9.0,9.0,3.0,5.0,4.0,2.0,1.0,7.0,3,7.0,10,1
2013-01-07,53663,,11,1,4911.0,90274810,UIL,U I L HOLDINGS CORP,UIL,221111.0,N,A,R,21819,1,4931.0,90274810.0,,,49.0,493.0,,,,,,,36.66,-0.007848,50665.0,1.0,36.95,1857378.9,UIL,6.0,7.0,1.0,,3.0,10,1.0,1.0,5.0,7.0,5.0,2.0,4.0,8.0,5.0,8.0,5.0,4.0,7.0,3.0,1.0,8.0,4.0,4.0,5.0,4.0,9.0,,5.0,2.0,7.0,3.0,4.0,4.0,2.0,4.0,8.0,6.0,,3.0,3.0,3.0,7.0,9.0,9.0,3.0,5.0,4.0,2.0,1.0,7.0,3,7.0,10,1
2013-01-08,53663,,11,1,4911.0,90274810,UIL,U I L HOLDINGS CORP,UIL,221111.0,N,A,R,21819,1,4931.0,90274810.0,,,49.0,493.0,,,,,,,35.97,-0.018822,50665.0,1.0,36.7,1822420.05,UIL,6.0,7.0,1.0,,3.0,10,1.0,1.0,5.0,7.0,5.0,2.0,4.0,8.0,5.0,8.0,5.0,4.0,7.0,3.0,1.0,8.0,4.0,4.0,5.0,4.0,9.0,,5.0,2.0,7.0,3.0,4.0,4.0,2.0,4.0,8.0,6.0,,3.0,3.0,3.0,7.0,9.0,9.0,3.0,5.0,4.0,2.0,1.0,7.0,3,7.0,10,1
2013-01-09,53663,,11,1,4911.0,90274810,UIL,U I L HOLDINGS CORP,UIL,221111.0,N,A,R,21819,1,4931.0,90274810.0,,,49.0,493.0,,,,,,,36.07,0.00278,50665.0,1.0,36.13,1827486.55,UIL,6.0,7.0,1.0,,3.0,10,1.0,1.0,5.0,7.0,5.0,2.0,4.0,8.0,5.0,8.0,5.0,4.0,7.0,3.0,1.0,8.0,4.0,4.0,5.0,4.0,9.0,,5.0,2.0,7.0,3.0,4.0,4.0,2.0,4.0,8.0,6.0,,3.0,3.0,3.0,7.0,9.0,9.0,3.0,5.0,4.0,2.0,1.0,7.0,3,7.0,10,1
2013-01-10,53663,,11,1,4911.0,90274810,UIL,U I L HOLDINGS CORP,UIL,221111.0,N,A,R,21819,1,4931.0,90274810.0,,,49.0,493.0,,,,,,,36.24,0.004713,50665.0,1.0,36.26,1836099.6,UIL,6.0,7.0,1.0,,3.0,10,1.0,1.0,5.0,7.0,5.0,2.0,4.0,8.0,5.0,8.0,5.0,4.0,7.0,3.0,1.0,8.0,4.0,4.0,5.0,4.0,9.0,,5.0,2.0,7.0,3.0,4.0,4.0,2.0,4.0,8.0,6.0,,3.0,3.0,3.0,7.0,9.0,9.0,3.0,5.0,4.0,2.0,1.0,7.0,3,7.0,10,1
2013-01-11,53663,,11,1,4911.0,90274810,UIL,U I L HOLDINGS CORP,UIL,221111.0,N,A,R,21819,1,4931.0,90274810.0,,,49.0,493.0,,,,,,,36.36,0.003311,50665.0,1.0,36.33,1842179.4,UIL,6.0,7.0,1.0,,3.0,10,1.0,1.0,5.0,7.0,5.0,2.0,4.0,8.0,5.0,8.0,5.0,4.0,7.0,3.0,1.0,8.0,4.0,4.0,5.0,4.0,9.0,,5.0,2.0,7.0,3.0,4.0,4.0,2.0,4.0,8.0,6.0,,3.0,3.0,3.0,7.0,9.0,9.0,3.0,5.0,4.0,2.0,1.0,7.0,3,7.0,10,1
2013-01-14,53663,,11,1,4911.0,90274810,UIL,U I L HOLDINGS CORP,UIL,221111.0,N,A,R,21819,1,4931.0,90274810.0,,,49.0,493.0,,,,,,,36.43,0.001925,50665.0,1.0,36.33,1845725.95,UIL,6.0,7.0,1.0,,3.0,10,1.0,1.0,5.0,7.0,5.0,2.0,4.0,8.0,5.0,8.0,5.0,4.0,7.0,3.0,1.0,8.0,4.0,4.0,5.0,4.0,9.0,,5.0,2.0,7.0,3.0,4.0,4.0,2.0,4.0,8.0,6.0,,3.0,3.0,3.0,7.0,9.0,9.0,3.0,5.0,4.0,2.0,1.0,7.0,3,7.0,10,1
2013-01-15,53663,,11,1,4911.0,90274810,UIL,U I L HOLDINGS CORP,UIL,221111.0,N,A,R,21819,1,4931.0,90274810.0,,,49.0,493.0,,,,,,,36.55,0.003294,50665.0,1.0,36.4,1851805.75,UIL,6.0,7.0,1.0,,3.0,10,1.0,1.0,5.0,7.0,5.0,2.0,4.0,8.0,5.0,8.0,5.0,4.0,7.0,3.0,1.0,8.0,4.0,4.0,5.0,4.0,9.0,,5.0,2.0,7.0,3.0,4.0,4.0,2.0,4.0,8.0,6.0,,3.0,3.0,3.0,7.0,9.0,9.0,3.0,5.0,4.0,2.0,1.0,7.0,3,7.0,10,1
2013-01-16,53663,,11,1,4911.0,90274810,UIL,U I L HOLDINGS CORP,UIL,221111.0,N,A,R,21819,1,4931.0,90274810.0,,,49.0,493.0,,,,,,,36.19,-0.00985,50665.0,1.0,36.4,1833566.35,UIL,6.0,7.0,1.0,,3.0,10,1.0,1.0,5.0,7.0,5.0,2.0,4.0,8.0,5.0,8.0,5.0,4.0,7.0,3.0,1.0,8.0,4.0,4.0,5.0,4.0,9.0,,5.0,2.0,7.0,3.0,4.0,4.0,2.0,4.0,8.0,6.0,,3.0,3.0,3.0,7.0,9.0,9.0,3.0,5.0,4.0,2.0,1.0,7.0,3,7.0,10,1
2013-01-17,53663,,11,1,4911.0,90274810,UIL,U I L HOLDINGS CORP,UIL,221111.0,N,A,R,21819,1,4931.0,90274810.0,,,49.0,493.0,,,,,,,36.4,0.005803,50665.0,1.0,36.38,1844206.0,UIL,6.0,7.0,1.0,,3.0,10,1.0,1.0,5.0,7.0,5.0,2.0,4.0,8.0,5.0,8.0,5.0,4.0,7.0,3.0,1.0,8.0,4.0,4.0,5.0,4.0,9.0,,5.0,2.0,7.0,3.0,4.0,4.0,2.0,4.0,8.0,6.0,,3.0,3.0,3.0,7.0,9.0,9.0,3.0,5.0,4.0,2.0,1.0,7.0,3,7.0,10,1
2013-01-18,53663,,11,1,4911.0,90274810,UIL,U I L HOLDINGS CORP,UIL,221111.0,N,A,R,21819,1,4931.0,90274810.0,,,49.0,493.0,,,,,,,36.67,0.007417,50665.0,1.0,36.5,1857885.55,UIL,6.0,7.0,1.0,,3.0,10,1.0,1.0,5.0,7.0,5.0,2.0,4.0,8.0,5.0,8.0,5.0,4.0,7.0,3.0,1.0,8.0,4.0,4.0,5.0,4.0,9.0,,5.0,2.0,7.0,3.0,4.0,4.0,2.0,4.0,8.0,6.0,,3.0,3.0,3.0,7.0,9.0,9.0,3.0,5.0,4.0,2.0,1.0,7.0,3,7.0,10,1
2013-01-22,53663,,11,1,4911.0,90274810,UIL,U I L HOLDINGS CORP,UIL,221111.0,N,A,R,21819,1,4931.0,90274810.0,,,49.0,493.0,,,,,,,37.17,0.013635,50665.0,1.0,36.75,1883218.05,UIL,6.0,7.0,1.0,,3.0,10,1.0,1.0,5.0,7.0,5.0,2.0,4.0,8.0,5.0,8.0,5.0,4.0,7.0,3.0,1.0,8.0,4.0,4.0,5.0,4.0,9.0,,5.0,2.0,7.0,3.0,4.0,4.0,2.0,4.0,8.0,6.0,,3.0,3.0,3.0,7.0,9.0,9.0,3.0,5.0,4.0,2.0,1.0,7.0,3,7.0,10,1
2013-01-23,53663,,11,1,4911.0,90274810,UIL,U I L HOLDINGS CORP,UIL,221111.0,N,A,R,21819,1,4931.0,90274810.0,,,49.0,493.0,,,,,,,36.9,-0.007264,50665.0,1.0,37.18,1869538.5,UIL,6.0,7.0,1.0,,3.0,10,1.0,1.0,5.0,7.0,5.0,2.0,4.0,8.0,5.0,8.0,5.0,4.0,7.0,3.0,1.0,8.0,4.0,4.0,5.0,4.0,9.0,,5.0,2.0,7.0,3.0,4.0,4.0,2.0,4.0,8.0,6.0,,3.0,3.0,3.0,7.0,9.0,9.0,3.0,5.0,4.0,2.0,1.0,7.0,3,7.0,10,1
2013-01-24,53663,,11,1,4911.0,90274810,UIL,U I L HOLDINGS CORP,UIL,221111.0,N,A,R,21819,1,4931.0,90274810.0,,,49.0,493.0,,,,,,,36.87,-0.000813,50665.0,1.0,36.85,1868018.55,UIL,6.0,7.0,1.0,,3.0,10,1.0,1.0,5.0,7.0,5.0,2.0,4.0,8.0,5.0,8.0,5.0,4.0,7.0,3.0,1.0,8.0,4.0,4.0,5.0,4.0,9.0,,5.0,2.0,7.0,3.0,4.0,4.0,2.0,4.0,8.0,6.0,,3.0,3.0,3.0,7.0,9.0,9.0,3.0,5.0,4.0,2.0,1.0,7.0,3,7.0,10,1
2013-01-25,53663,,11,1,4911.0,90274810,UIL,U I L HOLDINGS CORP,UIL,221111.0,N,A,R,21819,1,4931.0,90274810.0,,,49.0,493.0,,,,,,,36.3,-0.01546,50665.0,1.0,36.99,1839139.5,UIL,6.0,7.0,1.0,,3.0,10,1.0,1.0,5.0,7.0,5.0,2.0,4.0,8.0,5.0,8.0,5.0,4.0,7.0,3.0,1.0,8.0,4.0,4.0,5.0,4.0,9.0,,5.0,2.0,7.0,3.0,4.0,4.0,2.0,4.0,8.0,6.0,,3.0,3.0,3.0,7.0,9.0,9.0,3.0,5.0,4.0,2.0,1.0,7.0,3,7.0,10,1
2013-01-28,53663,,11,1,4911.0,90274810,UIL,U I L HOLDINGS CORP,UIL,221111.0,N,A,R,21819,1,4931.0,90274810.0,,,49.0,493.0,,,,,,,36.45,0.004132,50665.0,1.0,36.35,1846739.25,UIL,6.0,7.0,1.0,,3.0,10,1.0,1.0,5.0,7.0,5.0,2.0,4.0,8.0,5.0,8.0,5.0,4.0,7.0,3.0,1.0,8.0,4.0,4.0,5.0,4.0,9.0,,5.0,2.0,7.0,3.0,4.0,4.0,2.0,4.0,8.0,6.0,,3.0,3.0,3.0,7.0,9.0,9.0,3.0,5.0,4.0,2.0,1.0,7.0,3,7.0,10,1
2013-01-29,53663,,11,1,4911.0,90274810,UIL,U I L HOLDINGS CORP,UIL,221111.0,N,A,R,21819,1,4931.0,90274810.0,,,49.0,493.0,,,,,,,36.92,0.012894,50665.0,1.0,36.4,1870551.8,UIL,6.0,7.0,1.0,,3.0,10,1.0,1.0,5.0,7.0,5.0,2.0,4.0,8.0,5.0,8.0,5.0,4.0,7.0,3.0,1.0,8.0,4.0,4.0,5.0,4.0,9.0,,5.0,2.0,7.0,3.0,4.0,4.0,2.0,4.0,8.0,6.0,,3.0,3.0,3.0,7.0,9.0,9.0,3.0,5.0,4.0,2.0,1.0,7.0,3,7.0,10,1
2013-01-30,53663,,11,1,4911.0,90274810,UIL,U I L HOLDINGS CORP,UIL,221111.0,N,A,R,21819,1,4931.0,90274810.0,,,49.0,493.0,,,,,,,36.93,0.000271,50665.0,1.0,36.97,1871058.45,UIL,6.0,7.0,1.0,,3.0,10,1.0,1.0,5.0,7.0,5.0,2.0,4.0,8.0,5.0,8.0,5.0,4.0,7.0,3.0,1.0,8.0,4.0,4.0,5.0,4.0,9.0,,5.0,2.0,7.0,3.0,4.0,4.0,2.0,4.0,8.0,6.0,,3.0,3.0,3.0,7.0,9.0,9.0,3.0,5.0,4.0,2.0,1.0,7.0,3,7.0,10,1
2013-01-31,53663,,11,1,4911.0,90274810,UIL,U I L HOLDINGS CORP,UIL,221111.0,N,A,R,21819,1,4931.0,90274810.0,,,49.0,493.0,,,,,,,37.21,0.007582,50665.0,1.0,37.05,1885244.65,UIL,6.0,7.0,1.0,,3.0,10,1.0,1.0,5.0,7.0,5.0,2.0,4.0,8.0,5.0,8.0,5.0,4.0,7.0,3.0,1.0,8.0,4.0,4.0,5.0,4.0,9.0,,5.0,2.0,7.0,3.0,4.0,4.0,2.0,4.0,8.0,6.0,,3.0,3.0,3.0,7.0,9.0,9.0,3.0,5.0,4.0,2.0,1.0,7.0,3,7.0,10,1
2013-02-01,53663,,11,1,4911.0,90274810,UIL,U I L HOLDINGS CORP,UIL,221111.0,N,A,R,21819,1,4931.0,90274810.0,,,49.0,493.0,,,,,,,37.58,0.009944,50665.0,1.0,37.35,1903990.7,UIL,6.0,7.0,1.0,,3.0,10,1.0,1.0,5.0,7.0,5.0,2.0,4.0,8.0,5.0,8.0,5.0,4.0,7.0,3.0,1.0,8.0,4.0,4.0,5.0,4.0,9.0,,4.0,2.0,6.0,2.0,4.0,5.0,2.0,4.0,8.0,6.0,,4.0,4.0,4.0,7.0,9.0,9.0,2.0,6.0,7.0,3.0,1.0,6.0,3,6.0,10,1
2013-02-04,53663,,11,1,4911.0,90274810,UIL,U I L HOLDINGS CORP,UIL,221111.0,N,A,R,21819,1,4931.0,90274810.0,,,49.0,493.0,,,,,,,37.11,-0.012507,50665.0,1.0,37.42,1880178.15,UIL,6.0,7.0,1.0,,3.0,10,1.0,1.0,5.0,7.0,5.0,2.0,4.0,8.0,5.0,8.0,5.0,4.0,7.0,3.0,1.0,8.0,4.0,4.0,5.0,4.0,9.0,,4.0,2.0,6.0,2.0,4.0,5.0,2.0,4.0,8.0,6.0,,4.0,4.0,4.0,7.0,9.0,9.0,2.0,6.0,7.0,3.0,1.0,6.0,3,6.0,10,1
2013-02-05,53663,,11,1,4911.0,90274810,UIL,U I L HOLDINGS CORP,UIL,221111.0,N,A,R,21819,1,4931.0,90274810.0,,,49.0,493.0,,,,,,,37.15,0.001078,50665.0,1.0,37.31,1882204.75,UIL,6.0,7.0,1.0,,3.0,10,1.0,1.0,5.0,7.0,5.0,2.0,4.0,8.0,5.0,8.0,5.0,4.0,7.0,3.0,1.0,8.0,4.0,4.0,5.0,4.0,9.0,,4.0,2.0,6.0,2.0,4.0,5.0,2.0,4.0,8.0,6.0,,4.0,4.0,4.0,7.0,9.0,9.0,2.0,6.0,7.0,3.0,1.0,6.0,3,6.0,10,1
2013-02-06,53663,,11,1,4911.0,90274810,UIL,U I L HOLDINGS CORP,UIL,221111.0,N,A,R,21819,1,4931.0,90274810.0,,,49.0,493.0,,,,,,,37.05,-0.002692,50665.0,1.0,37.0,1877138.25,UIL,6.0,7.0,1.0,,3.0,10,1.0,1.0,5.0,7.0,5.0,2.0,4.0,8.0,5.0,8.0,5.0,4.0,7.0,3.0,1.0,8.0,4.0,4.0,5.0,4.0,9.0,,4.0,2.0,6.0,2.0,4.0,5.0,2.0,4.0,8.0,6.0,,4.0,4.0,4.0,7.0,9.0,9.0,2.0,6.0,7.0,3.0,1.0,6.0,3,6.0,10,1
2013-02-07,53663,,11,1,4911.0,90274810,UIL,U I L HOLDINGS CORP,UIL,221111.0,N,A,R,21819,1,4931.0,90274810.0,,,49.0,493.0,,,,,,,37.21,0.004318,50665.0,1.0,37.11,1885244.65,UIL,6.0,7.0,1.0,,3.0,10,1.0,1.0,5.0,7.0,5.0,2.0,4.0,8.0,5.0,8.0,5.0,4.0,7.0,3.0,1.0,8.0,4.0,4.0,5.0,4.0,9.0,,4.0,2.0,6.0,2.0,4.0,5.0,2.0,4.0,8.0,6.0,,4.0,4.0,4.0,7.0,9.0,9.0,2.0,6.0,7.0,3.0,1.0,6.0,3,6.0,10,1
2013-02-08,53663,,11,1,4911.0,90274810,UIL,U I L HOLDINGS CORP,UIL,221111.0,N,A,R,21819,1,4931.0,90274810.0,,,49.0,493.0,,,,,,,37.46,0.006719,50665.0,1.0,37.28,1897910.9,UIL,6.0,7.0,1.0,,3.0,10,1.0,1.0,5.0,7.0,5.0,2.0,4.0,8.0,5.0,8.0,5.0,4.0,7.0,3.0,1.0,8.0,4.0,4.0,5.0,4.0,9.0,,4.0,2.0,6.0,2.0,4.0,5.0,2.0,4.0,8.0,6.0,,4.0,4.0,4.0,7.0,9.0,9.0,2.0,6.0,7.0,3.0,1.0,6.0,3,6.0,10,1
2013-02-11,53663,,11,1,4911.0,90274810,UIL,U I L HOLDINGS CORP,UIL,221111.0,N,A,R,21819,1,4931.0,90274810.0,,,49.0,493.0,,,,,,,37.62,0.004271,50665.0,1.0,37.47,1906017.3,UIL,6.0,7.0,1.0,,3.0,10,1.0,1.0,5.0,7.0,5.0,2.0,4.0,8.0,5.0,8.0,5.0,4.0,7.0,3.0,1.0,8.0,4.0,4.0,5.0,4.0,9.0,,4.0,2.0,6.0,2.0,4.0,5.0,2.0,4.0,8.0,6.0,,4.0,4.0,4.0,7.0,9.0,9.0,2.0,6.0,7.0,3.0,1.0,6.0,3,6.0,10,1
2013-02-12,53663,,11,1,4911.0,90274810,UIL,U I L HOLDINGS CORP,UIL,221111.0,N,A,R,21819,1,4931.0,90274810.0,,,49.0,493.0,,,,,,,37.83,0.005582,50665.0,1.0,37.56,1916656.95,UIL,6.0,7.0,1.0,,3.0,10,1.0,1.0,5.0,7.0,5.0,2.0,4.0,8.0,5.0,8.0,5.0,4.0,7.0,3.0,1.0,8.0,4.0,4.0,5.0,4.0,9.0,,4.0,2.0,6.0,2.0,4.0,5.0,2.0,4.0,8.0,6.0,,4.0,4.0,4.0,7.0,9.0,9.0,2.0,6.0,7.0,3.0,1.0,6.0,3,6.0,10,1
2013-02-13,53663,,11,1,4911.0,90274810,UIL,U I L HOLDINGS CORP,UIL,221111.0,N,A,R,21819,1,4931.0,90274810.0,,,49.0,493.0,,,,,,,38.04,0.005551,50665.0,1.0,37.89,1927296.6,UIL,6.0,7.0,1.0,,3.0,10,1.0,1.0,5.0,7.0,5.0,2.0,4.0,8.0,5.0,8.0,5.0,4.0,7.0,3.0,1.0,8.0,4.0,4.0,5.0,4.0,9.0,,4.0,2.0,6.0,2.0,4.0,5.0,2.0,4.0,8.0,6.0,,4.0,4.0,4.0,7.0,9.0,9.0,2.0,6.0,7.0,3.0,1.0,6.0,3,6.0,10,1
2013-02-14,53663,,11,1,4911.0,90274810,UIL,U I L HOLDINGS CORP,UIL,221111.0,N,A,R,21819,1,4931.0,90274810.0,,,49.0,493.0,,,,,,,38.09,0.001314,50665.0,1.0,38.0,1929829.85,UIL,6.0,7.0,1.0,,3.0,10,1.0,1.0,5.0,7.0,5.0,2.0,4.0,8.0,5.0,8.0,5.0,4.0,7.0,3.0,1.0,8.0,4.0,4.0,5.0,4.0,9.0,,4.0,2.0,6.0,2.0,4.0,5.0,2.0,4.0,8.0,6.0,,4.0,4.0,4.0,7.0,9.0,9.0,2.0,6.0,7.0,3.0,1.0,6.0,3,6.0,10,1
2013-02-15,53663,,11,1,4911.0,90274810,UIL,U I L HOLDINGS CORP,UIL,221111.0,N,A,R,21819,1,4931.0,90274810.0,,,49.0,493.0,,,,,,,38.81,0.018903,50665.0,1.0,38.25,1966308.65,UIL,6.0,7.0,1.0,,3.0,10,1.0,1.0,5.0,7.0,5.0,2.0,4.0,8.0,5.0,8.0,5.0,4.0,7.0,3.0,1.0,8.0,4.0,4.0,5.0,4.0,9.0,,4.0,2.0,6.0,2.0,4.0,5.0,2.0,4.0,8.0,6.0,,4.0,4.0,4.0,7.0,9.0,9.0,2.0,6.0,7.0,3.0,1.0,6.0,3,6.0,10,1
2013-02-19,53663,,11,1,4911.0,90274810,UIL,U I L HOLDINGS CORP,UIL,221111.0,N,A,R,21819,1,4931.0,90274810.0,,,49.0,493.0,,,,,,,39.26,0.011595,50665.0,1.0,38.75,1989107.9,UIL,6.0,7.0,1.0,,3.0,10,1.0,1.0,5.0,7.0,5.0,2.0,4.0,8.0,5.0,8.0,5.0,4.0,7.0,3.0,1.0,8.0,4.0,4.0,5.0,4.0,9.0,,4.0,2.0,6.0,2.0,4.0,5.0,2.0,4.0,8.0,6.0,,4.0,4.0,4.0,7.0,9.0,9.0,2.0,6.0,7.0,3.0,1.0,6.0,3,6.0,10,1
2013-02-20,53663,,11,1,4911.0,90274810,UIL,U I L HOLDINGS CORP,UIL,221111.0,N,A,R,21819,1,4931.0,90274810.0,,,49.0,493.0,,,,,,,39.17,-0.002292,50665.0,1.0,39.33,1984548.05,UIL,6.0,7.0,1.0,,3.0,10,1.0,1.0,5.0,7.0,5.0,2.0,4.0,8.0,5.0,8.0,5.0,4.0,7.0,3.0,1.0,8.0,4.0,4.0,5.0,4.0,9.0,,4.0,2.0,6.0,2.0,4.0,5.0,2.0,4.0,8.0,6.0,,4.0,4.0,4.0,7.0,9.0,9.0,2.0,6.0,7.0,3.0,1.0,6.0,3,6.0,10,1
2013-02-21,53663,,11,1,4911.0,90274810,UIL,U I L HOLDINGS CORP,UIL,221111.0,N,A,R,21819,1,4931.0,90274810.0,,,49.0,493.0,,,,,,,39.1,-0.001787,50665.0,1.0,39.06,1981001.5,UIL,6.0,7.0,1.0,,3.0,10,1.0,1.0,5.0,7.0,5.0,2.0,4.0,8.0,5.0,8.0,5.0,4.0,7.0,3.0,1.0,8.0,4.0,4.0,5.0,4.0,9.0,,4.0,2.0,6.0,2.0,4.0,5.0,2.0,4.0,8.0,6.0,,4.0,4.0,4.0,7.0,9.0,9.0,2.0,6.0,7.0,3.0,1.0,6.0,3,6.0,10,1
2013-02-22,53663,,11,1,4911.0,90274810,UIL,U I L HOLDINGS CORP,UIL,221111.0,N,A,R,21819,1,4931.0,90274810.0,,,49.0,493.0,,,,,,,38.76,-0.008696,50665.0,1.0,39.05,1963775.4,UIL,6.0,7.0,1.0,,3.0,10,1.0,1.0,5.0,7.0,5.0,2.0,4.0,8.0,5.0,8.0,5.0,4.0,7.0,3.0,1.0,8.0,4.0,4.0,5.0,4.0,9.0,,4.0,2.0,6.0,2.0,4.0,5.0,2.0,4.0,8.0,6.0,,4.0,4.0,4.0,7.0,9.0,9.0,2.0,6.0,7.0,3.0,1.0,6.0,3,6.0,10,1
2013-02-25,53663,,11,1,4911.0,90274810,UIL,U I L HOLDINGS CORP,UIL,221111.0,N,A,R,21819,1,4931.0,90274810.0,,,49.0,493.0,,,,,,,38.11,-0.01677,50665.0,1.0,39.0,1930843.15,UIL,6.0,7.0,1.0,,3.0,10,1.0,1.0,5.0,7.0,5.0,2.0,4.0,8.0,5.0,8.0,5.0,4.0,7.0,3.0,1.0,8.0,4.0,4.0,5.0,4.0,9.0,,4.0,2.0,6.0,2.0,4.0,5.0,2.0,4.0,8.0,6.0,,4.0,4.0,4.0,7.0,9.0,9.0,2.0,6.0,7.0,3.0,1.0,6.0,3,6.0,10,1
2013-02-26,53663,,11,1,4911.0,90274810,UIL,U I L HOLDINGS CORP,UIL,221111.0,N,A,R,21819,1,4931.0,90274810.0,,,49.0,493.0,,,,,,,38.39,0.007347,50665.0,1.0,38.3,1945029.35,UIL,6.0,7.0,1.0,,3.0,10,1.0,1.0,5.0,7.0,5.0,2.0,4.0,8.0,5.0,8.0,5.0,4.0,7.0,3.0,1.0,8.0,4.0,4.0,5.0,4.0,9.0,,4.0,2.0,6.0,2.0,4.0,5.0,2.0,4.0,8.0,6.0,,4.0,4.0,4.0,7.0,9.0,9.0,2.0,6.0,7.0,3.0,1.0,6.0,3,6.0,10,1
2013-02-27,53663,,11,1,4911.0,90274810,UIL,U I L HOLDINGS CORP,UIL,221111.0,N,A,R,21819,1,4931.0,90274810.0,,,49.0,493.0,,,,,,,38.8,0.01068,50665.0,1.0,38.42,1965802.0,UIL,6.0,7.0,1.0,,3.0,10,1.0,1.0,5.0,7.0,5.0,2.0,4.0,8.0,5.0,8.0,5.0,4.0,7.0,3.0,1.0,8.0,4.0,4.0,5.0,4.0,9.0,,4.0,2.0,6.0,2.0,4.0,5.0,2.0,4.0,8.0,6.0,,4.0,4.0,4.0,7.0,9.0,9.0,2.0,6.0,7.0,3.0,1.0,6.0,3,6.0,10,1
2013-02-28,53663,,11,1,4911.0,90274810,UIL,U I L HOLDINGS CORP,UIL,221111.0,N,A,R,21819,1,4931.0,90274810.0,,,49.0,493.0,,,,,,,39.16,0.009278,50665.0,1.0,38.8,1984041.4,UIL,6.0,7.0,1.0,,3.0,10,1.0,1.0,5.0,7.0,5.0,2.0,4.0,8.0,5.0,8.0,5.0,4.0,7.0,3.0,1.0,8.0,4.0,4.0,5.0,4.0,9.0,,4.0,2.0,6.0,2.0,4.0,5.0,2.0,4.0,8.0,6.0,,4.0,4.0,4.0,7.0,9.0,9.0,2.0,6.0,7.0,3.0,1.0,6.0,3,6.0,10,1
2013-03-01,53663,,11,1,4911.0,90274810,UIL,U I L HOLDINGS CORP,UIL,221111.0,N,A,R,21819,1,4931.0,90274810.0,,,49.0,493.0,,,,,,,39.36,0.005107,50665.0,1.0,38.9,1994174.4,UIL,6.0,7.0,1.0,,3.0,10,1.0,1.0,5.0,7.0,5.0,2.0,4.0,8.0,5.0,8.0,5.0,4.0,7.0,3.0,1.0,8.0,4.0,4.0,5.0,4.0,9.0,,2.0,3.0,4.0,2.0,5.0,5.0,3.0,3.0,8.0,6.0,7.0,5.0,6.0,4.0,3.0,9.0,9.0,5.0,3.0,3.0,1.0,1.0,7.0,3,6.0,10,1
2013-03-04,53663,,11,1,4911.0,90274810,UIL,U I L HOLDINGS CORP,UIL,221111.0,N,A,R,21819,1,4931.0,90274810.0,,,49.0,493.0,,,,,,,39.47,0.002795,50665.0,1.0,39.25,1999747.55,UIL,6.0,7.0,1.0,,3.0,10,1.0,1.0,5.0,7.0,5.0,2.0,4.0,8.0,5.0,8.0,5.0,4.0,7.0,3.0,1.0,8.0,4.0,4.0,5.0,4.0,9.0,,2.0,3.0,4.0,2.0,5.0,5.0,3.0,3.0,8.0,6.0,7.0,5.0,6.0,4.0,3.0,9.0,9.0,5.0,3.0,3.0,1.0,1.0,7.0,3,6.0,10,1
2013-03-05,53663,,11,1,4911.0,90274810,UIL,U I L HOLDINGS CORP,UIL,221111.0,N,A,R,21819,1,4931.0,90274810.0,,,49.0,493.0,,,,,,,39.67,0.005067,50665.0,1.0,39.6,2009880.55,UIL,6.0,7.0,1.0,,3.0,10,1.0,1.0,5.0,7.0,5.0,2.0,4.0,8.0,5.0,8.0,5.0,4.0,7.0,3.0,1.0,8.0,4.0,4.0,5.0,4.0,9.0,,2.0,3.0,4.0,2.0,5.0,5.0,3.0,3.0,8.0,6.0,7.0,5.0,6.0,4.0,3.0,9.0,9.0,5.0,3.0,3.0,1.0,1.0,7.0,3,6.0,10,1
2013-03-06,53663,,11,1,4911.0,90274810,UIL,U I L HOLDINGS CORP,UIL,221111.0,N,A,R,21819,1,4931.0,90274810.0,,,49.0,493.0,,,,,,,39.56,-0.002773,50665.0,1.0,39.69,2004307.4,UIL,6.0,7.0,1.0,,3.0,10,1.0,1.0,5.0,7.0,5.0,2.0,4.0,8.0,5.0,8.0,5.0,4.0,7.0,3.0,1.0,8.0,4.0,4.0,5.0,4.0,9.0,,2.0,3.0,4.0,2.0,5.0,5.0,3.0,3.0,8.0,6.0,7.0,5.0,6.0,4.0,3.0,9.0,9.0,5.0,3.0,3.0,1.0,1.0,7.0,3,6.0,10,1
2013-03-07,53663,,11,1,4911.0,90274810,UIL,U I L HOLDINGS CORP,UIL,221111.0,N,A,R,21819,1,4931.0,90274810.0,,,49.0,493.0,1232.0,0.432,0.0,,,,39.18,0.001314,50665.0,1.0,39.27,1985054.7,UIL,6.0,7.0,1.0,,3.0,10,1.0,1.0,5.0,7.0,5.0,2.0,4.0,8.0,5.0,8.0,5.0,4.0,7.0,3.0,1.0,8.0,4.0,4.0,5.0,4.0,9.0,,2.0,3.0,4.0,2.0,5.0,5.0,3.0,3.0,8.0,6.0,7.0,5.0,6.0,4.0,3.0,9.0,9.0,5.0,3.0,3.0,1.0,1.0,7.0,3,6.0,10,1
2013-03-08,53663,,11,1,4911.0,90274810,UIL,U I L HOLDINGS CORP,UIL,221111.0,N,A,R,21819,1,4931.0,90274810.0,,,49.0,493.0,,,,,,,39.11,-0.001787,50665.0,1.0,39.27,1981508.15,UIL,6.0,7.0,1.0,,3.0,10,1.0,1.0,5.0,7.0,5.0,2.0,4.0,8.0,5.0,8.0,5.0,4.0,7.0,3.0,1.0,8.0,4.0,4.0,5.0,4.0,9.0,,2.0,3.0,4.0,2.0,5.0,5.0,3.0,3.0,8.0,6.0,7.0,5.0,6.0,4.0,3.0,9.0,9.0,5.0,3.0,3.0,1.0,1.0,7.0,3,6.0,10,1
2013-03-11,53663,,11,1,4911.0,90274810,UIL,U I L HOLDINGS CORP,UIL,221111.0,N,A,R,21819,1,4931.0,90274810.0,,,49.0,493.0,,,,,,,38.95,-0.004091,50665.0,1.0,38.94,1973401.75,UIL,6.0,7.0,1.0,,3.0,10,1.0,1.0,5.0,7.0,5.0,2.0,4.0,8.0,5.0,8.0,5.0,4.0,7.0,3.0,1.0,8.0,4.0,4.0,5.0,4.0,9.0,,2.0,3.0,4.0,2.0,5.0,5.0,3.0,3.0,8.0,6.0,7.0,5.0,6.0,4.0,3.0,9.0,9.0,5.0,3.0,3.0,1.0,1.0,7.0,3,6.0,10,1
2013-03-12,53663,,11,1,4911.0,90274810,UIL,U I L HOLDINGS CORP,UIL,221111.0,N,A,R,21819,1,4931.0,90274810.0,,,49.0,493.0,,,,,,,38.67,-0.007189,50665.0,1.0,38.92,1959215.55,UIL,6.0,7.0,1.0,,3.0,10,1.0,1.0,5.0,7.0,5.0,2.0,4.0,8.0,5.0,8.0,5.0,4.0,7.0,3.0,1.0,8.0,4.0,4.0,5.0,4.0,9.0,,2.0,3.0,4.0,2.0,5.0,5.0,3.0,3.0,8.0,6.0,7.0,5.0,6.0,4.0,3.0,9.0,9.0,5.0,3.0,3.0,1.0,1.0,7.0,3,6.0,10,1
2013-03-13,53663,,11,1,4911.0,90274810,UIL,U I L HOLDINGS CORP,UIL,221111.0,N,A,R,21819,1,4931.0,90274810.0,,,49.0,493.0,,,,,,,38.7,0.000776,50665.0,1.0,38.64,1960735.5,UIL,6.0,7.0,1.0,,3.0,10,1.0,1.0,5.0,7.0,5.0,2.0,4.0,8.0,5.0,8.0,5.0,4.0,7.0,3.0,1.0,8.0,4.0,4.0,5.0,4.0,9.0,,2.0,3.0,4.0,2.0,5.0,5.0,3.0,3.0,8.0,6.0,7.0,5.0,6.0,4.0,3.0,9.0,9.0,5.0,3.0,3.0,1.0,1.0,7.0,3,6.0,10,1
2013-03-14,53663,,11,1,4911.0,90274810,UIL,U I L HOLDINGS CORP,UIL,221111.0,N,A,R,21819,1,4931.0,90274810.0,,,49.0,493.0,,,,,,,38.8,0.002584,50665.0,1.0,38.75,1965802.0,UIL,6.0,7.0,1.0,,3.0,10,1.0,1.0,5.0,7.0,5.0,2.0,4.0,8.0,5.0,8.0,5.0,4.0,7.0,3.0,1.0,8.0,4.0,4.0,5.0,4.0,9.0,,2.0,3.0,4.0,2.0,5.0,5.0,3.0,3.0,8.0,6.0,7.0,5.0,6.0,4.0,3.0,9.0,9.0,5.0,3.0,3.0,1.0,1.0,7.0,3,6.0,10,1
2013-03-15,53663,,11,1,4911.0,90274810,UIL,U I L HOLDINGS CORP,UIL,221111.0,N,A,R,21819,1,4931.0,90274810.0,,,49.0,493.0,,,,,,,38.71,-0.00232,50665.0,1.0,38.57,1961242.15,UIL,6.0,7.0,1.0,,3.0,10,1.0,1.0,5.0,7.0,5.0,2.0,4.0,8.0,5.0,8.0,5.0,4.0,7.0,3.0,1.0,8.0,4.0,4.0,5.0,4.0,9.0,,2.0,3.0,4.0,2.0,5.0,5.0,3.0,3.0,8.0,6.0,7.0,5.0,6.0,4.0,3.0,9.0,9.0,5.0,3.0,3.0,1.0,1.0,7.0,3,6.0,10,1
2013-03-18,53663,,11,1,4911.0,90274810,UIL,U I L HOLDINGS CORP,UIL,221111.0,N,A,R,21819,1,4931.0,90274810.0,,,49.0,493.0,,,,,,,38.63,-0.002067,50665.0,1.0,38.37,1957188.95,UIL,6.0,7.0,1.0,,3.0,10,1.0,1.0,5.0,7.0,5.0,2.0,4.0,8.0,5.0,8.0,5.0,4.0,7.0,3.0,1.0,8.0,4.0,4.0,5.0,4.0,9.0,,2.0,3.0,4.0,2.0,5.0,5.0,3.0,3.0,8.0,6.0,7.0,5.0,6.0,4.0,3.0,9.0,9.0,5.0,3.0,3.0,1.0,1.0,7.0,3,6.0,10,1
2013-03-19,53663,,11,1,4911.0,90274810,UIL,U I L HOLDINGS CORP,UIL,221111.0,N,A,R,21819,1,4931.0,90274810.0,,,49.0,493.0,,,,,,,38.68,0.001294,50665.0,1.0,38.72,1959722.2,UIL,6.0,7.0,1.0,,3.0,10,1.0,1.0,5.0,7.0,5.0,2.0,4.0,8.0,5.0,8.0,5.0,4.0,7.0,3.0,1.0,8.0,4.0,4.0,5.0,4.0,9.0,,2.0,3.0,4.0,2.0,5.0,5.0,3.0,3.0,8.0,6.0,7.0,5.0,6.0,4.0,3.0,9.0,9.0,5.0,3.0,3.0,1.0,1.0,7.0,3,6.0,10,1
2013-03-20,53663,,11,1,4911.0,90274810,UIL,U I L HOLDINGS CORP,UIL,221111.0,N,A,R,21819,1,4931.0,90274810.0,,,49.0,493.0,,,,,,,38.79,0.002844,50665.0,1.0,38.77,1965295.35,UIL,6.0,7.0,1.0,,3.0,10,1.0,1.0,5.0,7.0,5.0,2.0,4.0,8.0,5.0,8.0,5.0,4.0,7.0,3.0,1.0,8.0,4.0,4.0,5.0,4.0,9.0,,2.0,3.0,4.0,2.0,5.0,5.0,3.0,3.0,8.0,6.0,7.0,5.0,6.0,4.0,3.0,9.0,9.0,5.0,3.0,3.0,1.0,1.0,7.0,3,6.0,10,1
2013-03-21,53663,,11,1,4911.0,90274810,UIL,U I L HOLDINGS CORP,UIL,221111.0,N,A,R,21819,1,4931.0,90274810.0,,,49.0,493.0,,,,,,,38.51,-0.007218,50665.0,1.0,38.66,1951109.15,UIL,6.0,7.0,1.0,,3.0,10,1.0,1.0,5.0,7.0,5.0,2.0,4.0,8.0,5.0,8.0,5.0,4.0,7.0,3.0,1.0,8.0,4.0,4.0,5.0,4.0,9.0,,2.0,3.0,4.0,2.0,5.0,5.0,3.0,3.0,8.0,6.0,7.0,5.0,6.0,4.0,3.0,9.0,9.0,5.0,3.0,3.0,1.0,1.0,7.0,3,6.0,10,1
2013-03-22,53663,,11,1,4911.0,90274810,UIL,U I L HOLDINGS CORP,UIL,221111.0,N,A,R,21819,1,4931.0,90274810.0,,,49.0,493.0,,,,,,,38.57,0.001558,50665.0,1.0,38.6,1954149.05,UIL,6.0,7.0,1.0,,3.0,10,1.0,1.0,5.0,7.0,5.0,2.0,4.0,8.0,5.0,8.0,5.0,4.0,7.0,3.0,1.0,8.0,4.0,4.0,5.0,4.0,9.0,,2.0,3.0,4.0,2.0,5.0,5.0,3.0,3.0,8.0,6.0,7.0,5.0,6.0,4.0,3.0,9.0,9.0,5.0,3.0,3.0,1.0,1.0,7.0,3,6.0,10,1
2013-03-25,53663,,11,1,4911.0,90274810,UIL,U I L HOLDINGS CORP,UIL,221111.0,N,A,R,21819,1,4931.0,90274810.0,,,49.0,493.0,,,,,,,38.59,0.000519,50665.0,1.0,38.7,1955162.35,UIL,6.0,7.0,1.0,,3.0,10,1.0,1.0,5.0,7.0,5.0,2.0,4.0,8.0,5.0,8.0,5.0,4.0,7.0,3.0,1.0,8.0,4.0,4.0,5.0,4.0,9.0,,2.0,3.0,4.0,2.0,5.0,5.0,3.0,3.0,8.0,6.0,7.0,5.0,6.0,4.0,3.0,9.0,9.0,5.0,3.0,3.0,1.0,1.0,7.0,3,6.0,10,1
2013-03-26,53663,,11,1,4911.0,90274810,UIL,U I L HOLDINGS CORP,UIL,221111.0,N,A,R,21819,1,4931.0,90274810.0,,,49.0,493.0,,,,,,,38.85,0.006737,50665.0,1.0,38.8,1968335.25,UIL,6.0,7.0,1.0,,3.0,10,1.0,1.0,5.0,7.0,5.0,2.0,4.0,8.0,5.0,8.0,5.0,4.0,7.0,3.0,1.0,8.0,4.0,4.0,5.0,4.0,9.0,,2.0,3.0,4.0,2.0,5.0,5.0,3.0,3.0,8.0,6.0,7.0,5.0,6.0,4.0,3.0,9.0,9.0,5.0,3.0,3.0,1.0,1.0,7.0,3,6.0,10,1
2013-03-27,53663,,11,1,4911.0,90274810,UIL,U I L HOLDINGS CORP,UIL,221111.0,N,A,R,21819,1,4931.0,90274810.0,,,49.0,493.0,,,,,,,39.11,0.006692,50665.0,1.0,38.78,1981508.15,UIL,6.0,7.0,1.0,,3.0,10,1.0,1.0,5.0,7.0,5.0,2.0,4.0,8.0,5.0,8.0,5.0,4.0,7.0,3.0,1.0,8.0,4.0,4.0,5.0,4.0,9.0,,2.0,3.0,4.0,2.0,5.0,5.0,3.0,3.0,8.0,6.0,7.0,5.0,6.0,4.0,3.0,9.0,9.0,5.0,3.0,3.0,1.0,1.0,7.0,3,6.0,10,1
2013-03-28,53663,,11,1,4911.0,90274810,UIL,U I L HOLDINGS CORP,UIL,221111.0,N,A,R,21819,1,4931.0,90274810.0,,,49.0,493.0,,,,,,,39.59,0.012273,50665.0,1.0,39.21,2005827.35,UIL,6.0,7.0,1.0,,3.0,10,1.0,1.0,5.0,7.0,5.0,2.0,4.0,8.0,5.0,8.0,5.0,4.0,7.0,3.0,1.0,8.0,4.0,4.0,5.0,4.0,9.0,,2.0,3.0,4.0,2.0,5.0,5.0,3.0,3.0,8.0,6.0,7.0,5.0,6.0,4.0,3.0,9.0,9.0,5.0,3.0,3.0,1.0,1.0,7.0,3,6.0,10,1
2013-04-01,53663,,11,1,4911.0,90274810,UIL,U I L HOLDINGS CORP,UIL,221111.0,N,A,R,21819,1,4931.0,90274810.0,,,49.0,493.0,,,,,,,39.25,-0.008588,50665.0,1.0,39.65,1988601.25,UIL,6.0,7.0,1.0,,3.0,10,1.0,1.0,5.0,7.0,5.0,2.0,4.0,8.0,5.0,8.0,5.0,4.0,7.0,3.0,1.0,8.0,4.0,4.0,5.0,4.0,9.0,,5.0,4.0,7.0,3.0,5.0,7.0,7.0,4.0,8.0,6.0,7.0,5.0,7.0,4.0,7.0,9.0,9.0,3.0,8.0,9.0,7.0,1.0,7.0,3,8.0,10,1
2013-04-02,53663,,11,1,4911.0,90274810,UIL,U I L HOLDINGS CORP,UIL,221111.0,N,A,R,21819,1,4931.0,90274810.0,,,49.0,493.0,,,,,,,39.48,0.00586,50665.0,1.0,39.31,2000254.2,UIL,6.0,7.0,1.0,,3.0,10,1.0,1.0,5.0,7.0,5.0,2.0,4.0,8.0,5.0,8.0,5.0,4.0,7.0,3.0,1.0,8.0,4.0,4.0,5.0,4.0,9.0,,5.0,4.0,7.0,3.0,5.0,7.0,7.0,4.0,8.0,6.0,7.0,5.0,7.0,4.0,7.0,9.0,9.0,3.0,8.0,9.0,7.0,1.0,7.0,3,8.0,10,1
2013-04-03,53663,,11,1,4911.0,90274810,UIL,U I L HOLDINGS CORP,UIL,221111.0,N,A,R,21819,1,4931.0,90274810.0,,,49.0,493.0,,,,,,,39.12,-0.009119,50665.0,1.0,39.61,1982014.8,UIL,6.0,7.0,1.0,,3.0,10,1.0,1.0,5.0,7.0,5.0,2.0,4.0,8.0,5.0,8.0,5.0,4.0,7.0,3.0,1.0,8.0,4.0,4.0,5.0,4.0,9.0,,5.0,4.0,7.0,3.0,5.0,7.0,7.0,4.0,8.0,6.0,7.0,5.0,7.0,4.0,7.0,9.0,9.0,3.0,8.0,9.0,7.0,1.0,7.0,3,8.0,10,1
2013-04-04,53663,,11,1,4911.0,90274810,UIL,U I L HOLDINGS CORP,UIL,221111.0,N,A,R,21819,1,4931.0,90274810.0,,,49.0,493.0,,,,,,,39.81,0.017638,50665.0,1.0,39.28,2016973.65,UIL,6.0,7.0,1.0,,3.0,10,1.0,1.0,5.0,7.0,5.0,2.0,4.0,8.0,5.0,8.0,5.0,4.0,7.0,3.0,1.0,8.0,4.0,4.0,5.0,4.0,9.0,,5.0,4.0,7.0,3.0,5.0,7.0,7.0,4.0,8.0,6.0,7.0,5.0,7.0,4.0,7.0,9.0,9.0,3.0,8.0,9.0,7.0,1.0,7.0,3,8.0,10,1
2013-04-05,53663,,11,1,4911.0,90274810,UIL,U I L HOLDINGS CORP,UIL,221111.0,N,A,R,21819,1,4931.0,90274810.0,,,49.0,493.0,,,,,,,39.82,0.000251,50665.0,1.0,39.33,2017480.3,UIL,6.0,7.0,1.0,,3.0,10,1.0,1.0,5.0,7.0,5.0,2.0,4.0,8.0,5.0,8.0,5.0,4.0,7.0,3.0,1.0,8.0,4.0,4.0,5.0,4.0,9.0,,5.0,4.0,7.0,3.0,5.0,7.0,7.0,4.0,8.0,6.0,7.0,5.0,7.0,4.0,7.0,9.0,9.0,3.0,8.0,9.0,7.0,1.0,7.0,3,8.0,10,1
2013-04-08,53663,,11,1,4911.0,90274810,UIL,U I L HOLDINGS CORP,UIL,221111.0,N,A,R,21819,1,4931.0,90274810.0,,,49.0,493.0,,,,,,,40.13,0.007785,50665.0,1.0,39.84,2033186.45,UIL,6.0,7.0,1.0,,3.0,10,1.0,1.0,5.0,7.0,5.0,2.0,4.0,8.0,5.0,8.0,5.0,4.0,7.0,3.0,1.0,8.0,4.0,4.0,5.0,4.0,9.0,,5.0,4.0,7.0,3.0,5.0,7.0,7.0,4.0,8.0,6.0,7.0,5.0,7.0,4.0,7.0,9.0,9.0,3.0,8.0,9.0,7.0,1.0,7.0,3,8.0,10,1
2013-04-09,53663,,11,1,4911.0,90274810,UIL,U I L HOLDINGS CORP,UIL,221111.0,N,A,R,21819,1,4931.0,90274810.0,,,49.0,493.0,,,,,,,39.91,-0.005482,50665.0,1.0,40.15,2022040.15,UIL,6.0,7.0,1.0,,3.0,10,1.0,1.0,5.0,7.0,5.0,2.0,4.0,8.0,5.0,8.0,5.0,4.0,7.0,3.0,1.0,8.0,4.0,4.0,5.0,4.0,9.0,,5.0,4.0,7.0,3.0,5.0,7.0,7.0,4.0,8.0,6.0,7.0,5.0,7.0,4.0,7.0,9.0,9.0,3.0,8.0,9.0,7.0,1.0,7.0,3,8.0,10,1
2013-04-10,53663,,11,1,4911.0,90274810,UIL,U I L HOLDINGS CORP,UIL,221111.0,N,A,R,21819,1,4931.0,90274810.0,,,49.0,493.0,,,,,,,40.3,0.009772,50665.0,1.0,40.06,2041799.5,UIL,6.0,7.0,1.0,,3.0,10,1.0,1.0,5.0,7.0,5.0,2.0,4.0,8.0,5.0,8.0,5.0,4.0,7.0,3.0,1.0,8.0,4.0,4.0,5.0,4.0,9.0,,5.0,4.0,7.0,3.0,5.0,7.0,7.0,4.0,8.0,6.0,7.0,5.0,7.0,4.0,7.0,9.0,9.0,3.0,8.0,9.0,7.0,1.0,7.0,3,8.0,10,1
2013-04-11,53663,,11,1,4911.0,90274810,UIL,U I L HOLDINGS CORP,UIL,221111.0,N,A,R,21819,1,4931.0,90274810.0,,,49.0,493.0,,,,,,,40.68,0.009429,50665.0,1.0,40.29,2061052.2,UIL,6.0,7.0,1.0,,3.0,10,1.0,1.0,5.0,7.0,5.0,2.0,4.0,8.0,5.0,8.0,5.0,4.0,7.0,3.0,1.0,8.0,4.0,4.0,5.0,4.0,9.0,,5.0,4.0,7.0,3.0,5.0,7.0,7.0,4.0,8.0,6.0,7.0,5.0,7.0,4.0,7.0,9.0,9.0,3.0,8.0,9.0,7.0,1.0,7.0,3,8.0,10,1
2013-04-12,53663,,11,1,4911.0,90274810,UIL,U I L HOLDINGS CORP,UIL,221111.0,N,A,R,21819,1,4931.0,90274810.0,,,49.0,493.0,,,,,,,40.71,0.000737,50665.0,1.0,40.55,2062572.15,UIL,6.0,7.0,1.0,,3.0,10,1.0,1.0,5.0,7.0,5.0,2.0,4.0,8.0,5.0,8.0,5.0,4.0,7.0,3.0,1.0,8.0,4.0,4.0,5.0,4.0,9.0,,5.0,4.0,7.0,3.0,5.0,7.0,7.0,4.0,8.0,6.0,7.0,5.0,7.0,4.0,7.0,9.0,9.0,3.0,8.0,9.0,7.0,1.0,7.0,3,8.0,10,1
2013-04-15,53663,,11,1,4911.0,90274810,UIL,U I L HOLDINGS CORP,UIL,221111.0,N,A,R,21819,1,4931.0,90274810.0,,,49.0,493.0,,,,,,,39.67,-0.025547,50665.0,1.0,40.45,2009880.55,UIL,6.0,7.0,1.0,,3.0,10,1.0,1.0,5.0,7.0,5.0,2.0,4.0,8.0,5.0,8.0,5.0,4.0,7.0,3.0,1.0,8.0,4.0,4.0,5.0,4.0,9.0,,5.0,4.0,7.0,3.0,5.0,7.0,7.0,4.0,8.0,6.0,7.0,5.0,7.0,4.0,7.0,9.0,9.0,3.0,8.0,9.0,7.0,1.0,7.0,3,8.0,10,1
2013-04-16,53663,,11,1,4911.0,90274810,UIL,U I L HOLDINGS CORP,UIL,221111.0,N,A,R,21819,1,4931.0,90274810.0,,,49.0,493.0,,,,,,,40.35,0.017141,50665.0,1.0,39.95,2044332.75,UIL,6.0,7.0,1.0,,3.0,10,1.0,1.0,5.0,7.0,5.0,2.0,4.0,8.0,5.0,8.0,5.0,4.0,7.0,3.0,1.0,8.0,4.0,4.0,5.0,4.0,9.0,,5.0,4.0,7.0,3.0,5.0,7.0,7.0,4.0,8.0,6.0,7.0,5.0,7.0,4.0,7.0,9.0,9.0,3.0,8.0,9.0,7.0,1.0,7.0,3,8.0,10,1
2013-04-17,53663,,11,1,4911.0,90274810,UIL,U I L HOLDINGS CORP,UIL,221111.0,N,A,R,21819,1,4931.0,90274810.0,,,49.0,493.0,,,,,,,39.82,-0.013135,50665.0,1.0,40.19,2017480.3,UIL,6.0,7.0,1.0,,3.0,10,1.0,1.0,5.0,7.0,5.0,2.0,4.0,8.0,5.0,8.0,5.0,4.0,7.0,3.0,1.0,8.0,4.0,4.0,5.0,4.0,9.0,,5.0,4.0,7.0,3.0,5.0,7.0,7.0,4.0,8.0,6.0,7.0,5.0,7.0,4.0,7.0,9.0,9.0,3.0,8.0,9.0,7.0,1.0,7.0,3,8.0,10,1
2013-04-18,53663,,11,1,4911.0,90274810,UIL,U I L HOLDINGS CORP,UIL,221111.0,N,A,R,21819,1,4931.0,90274810.0,,,49.0,493.0,,,,,,,39.97,0.003767,50665.0,1.0,39.96,2025080.05,UIL,6.0,7.0,1.0,,3.0,10,1.0,1.0,5.0,7.0,5.0,2.0,4.0,8.0,5.0,8.0,5.0,4.0,7.0,3.0,1.0,8.0,4.0,4.0,5.0,4.0,9.0,,5.0,4.0,7.0,3.0,5.0,7.0,7.0,4.0,8.0,6.0,7.0,5.0,7.0,4.0,7.0,9.0,9.0,3.0,8.0,9.0,7.0,1.0,7.0,3,8.0,10,1
2013-04-19,53663,,11,1,4911.0,90274810,UIL,U I L HOLDINGS CORP,UIL,221111.0,N,A,R,21819,1,4931.0,90274810.0,,,49.0,493.0,,,,,,,40.76,0.019765,50665.0,1.0,40.03,2065105.4,UIL,6.0,7.0,1.0,,3.0,10,1.0,1.0,5.0,7.0,5.0,2.0,4.0,8.0,5.0,8.0,5.0,4.0,7.0,3.0,1.0,8.0,4.0,4.0,5.0,4.0,9.0,,5.0,4.0,7.0,3.0,5.0,7.0,7.0,4.0,8.0,6.0,7.0,5.0,7.0,4.0,7.0,9.0,9.0,3.0,8.0,9.0,7.0,1.0,7.0,3,8.0,10,1
2013-04-22,53663,,11,1,4911.0,90274810,UIL,U I L HOLDINGS CORP,UIL,221111.0,N,A,R,21819,1,4931.0,90274810.0,,,49.0,493.0,,,,,,,40.93,0.004171,50665.0,1.0,40.88,2073718.45,UIL,6.0,7.0,1.0,,3.0,10,1.0,1.0,5.0,7.0,5.0,2.0,4.0,8.0,5.0,8.0,5.0,4.0,7.0,3.0,1.0,8.0,4.0,4.0,5.0,4.0,9.0,,5.0,4.0,7.0,3.0,5.0,7.0,7.0,4.0,8.0,6.0,7.0,5.0,7.0,4.0,7.0,9.0,9.0,3.0,8.0,9.0,7.0,1.0,7.0,3,8.0,10,1
2013-04-23,53663,,11,1,4911.0,90274810,UIL,U I L HOLDINGS CORP,UIL,221111.0,N,A,R,21819,1,4931.0,90274810.0,,,49.0,493.0,,,,,,,41.29,0.008796,50665.0,1.0,41.17,2091957.85,UIL,6.0,7.0,1.0,,3.0,10,1.0,1.0,5.0,7.0,5.0,2.0,4.0,8.0,5.0,8.0,5.0,4.0,7.0,3.0,1.0,8.0,4.0,4.0,5.0,4.0,9.0,,5.0,4.0,7.0,3.0,5.0,7.0,7.0,4.0,8.0,6.0,7.0,5.0,7.0,4.0,7.0,9.0,9.0,3.0,8.0,9.0,7.0,1.0,7.0,3,8.0,10,1
2013-04-24,53663,,11,1,4911.0,90274810,UIL,U I L HOLDINGS CORP,UIL,221111.0,N,A,R,21819,1,4931.0,90274810.0,,,49.0,493.0,,,,,,,41.54,0.006055,50665.0,1.0,41.28,2104624.1,UIL,6.0,7.0,1.0,,3.0,10,1.0,1.0,5.0,7.0,5.0,2.0,4.0,8.0,5.0,8.0,5.0,4.0,7.0,3.0,1.0,8.0,4.0,4.0,5.0,4.0,9.0,,5.0,4.0,7.0,3.0,5.0,7.0,7.0,4.0,8.0,6.0,7.0,5.0,7.0,4.0,7.0,9.0,9.0,3.0,8.0,9.0,7.0,1.0,7.0,3,8.0,10,1
2013-04-25,53663,,11,1,4911.0,90274810,UIL,U I L HOLDINGS CORP,UIL,221111.0,N,A,R,21819,1,4931.0,90274810.0,,,49.0,493.0,,,,,,,41.51,-0.000722,50665.0,1.0,41.72,2103104.15,UIL,6.0,7.0,1.0,,3.0,10,1.0,1.0,5.0,7.0,5.0,2.0,4.0,8.0,5.0,8.0,5.0,4.0,7.0,3.0,1.0,8.0,4.0,4.0,5.0,4.0,9.0,,5.0,4.0,7.0,3.0,5.0,7.0,7.0,4.0,8.0,6.0,7.0,5.0,7.0,4.0,7.0,9.0,9.0,3.0,8.0,9.0,7.0,1.0,7.0,3,8.0,10,1
2013-04-26,53663,,11,1,4911.0,90274810,UIL,U I L HOLDINGS CORP,UIL,221111.0,N,A,R,21819,1,4931.0,90274810.0,,,49.0,493.0,,,,,,,41.07,-0.0106,50665.0,1.0,41.44,2080811.55,UIL,6.0,7.0,1.0,,3.0,10,1.0,1.0,5.0,7.0,5.0,2.0,4.0,8.0,5.0,8.0,5.0,4.0,7.0,3.0,1.0,8.0,4.0,4.0,5.0,4.0,9.0,,5.0,4.0,7.0,3.0,5.0,7.0,7.0,4.0,8.0,6.0,7.0,5.0,7.0,4.0,7.0,9.0,9.0,3.0,8.0,9.0,7.0,1.0,7.0,3,8.0,10,1
2013-04-29,53663,,11,1,4911.0,90274810,UIL,U I L HOLDINGS CORP,UIL,221111.0,N,A,R,21819,1,4931.0,90274810.0,,,49.0,493.0,,,,,,,41.37,0.007305,50665.0,1.0,41.11,2096011.05,UIL,6.0,7.0,1.0,,3.0,10,1.0,1.0,5.0,7.0,5.0,2.0,4.0,8.0,5.0,8.0,5.0,4.0,7.0,3.0,1.0,8.0,4.0,4.0,5.0,4.0,9.0,,5.0,4.0,7.0,3.0,5.0,7.0,7.0,4.0,8.0,6.0,7.0,5.0,7.0,4.0,7.0,9.0,9.0,3.0,8.0,9.0,7.0,1.0,7.0,3,8.0,10,1
2013-04-30,53663,,11,1,4911.0,90274810,UIL,U I L HOLDINGS CORP,UIL,221111.0,N,A,R,21819,1,4931.0,90274810.0,,,49.0,493.0,,,,,,,41.64,0.006526,50696.0,1.0,41.39,2110981.44,UIL,6.0,7.0,1.0,,3.0,10,1.0,1.0,5.0,7.0,5.0,2.0,4.0,8.0,5.0,8.0,5.0,4.0,7.0,3.0,1.0,8.0,4.0,4.0,5.0,4.0,9.0,,5.0,4.0,7.0,3.0,5.0,7.0,7.0,4.0,8.0,6.0,7.0,5.0,7.0,4.0,7.0,9.0,9.0,3.0,8.0,9.0,7.0,1.0,7.0,3,8.0,10,1
2013-05-01,53663,,11,1,4911.0,90274810,UIL,U I L HOLDINGS CORP,UIL,221111.0,N,A,R,21819,1,4931.0,90274810.0,,,49.0,493.0,,,,,,,40.95,-0.016571,50696.0,1.0,41.56,2076001.2,UIL,6.0,7.0,1.0,,3.0,10,1.0,1.0,5.0,7.0,5.0,2.0,4.0,8.0,5.0,8.0,5.0,4.0,7.0,3.0,1.0,8.0,4.0,4.0,5.0,4.0,9.0,,4.0,3.0,6.0,3.0,4.0,6.0,9.0,4.0,8.0,6.0,7.0,6.0,7.0,5.0,3.0,10.0,9.0,4.0,5.0,5.0,3.0,1.0,7.0,3,8.0,10,1
2013-05-02,53663,,11,1,4911.0,90274810,UIL,U I L HOLDINGS CORP,UIL,221111.0,N,A,R,21819,1,4931.0,90274810.0,,,49.0,493.0,,,,,,,40.92,-0.000733,50696.0,1.0,41.05,2074480.32,UIL,6.0,7.0,1.0,,3.0,10,1.0,1.0,5.0,7.0,5.0,2.0,4.0,8.0,5.0,8.0,5.0,4.0,7.0,3.0,1.0,8.0,4.0,4.0,5.0,4.0,9.0,,4.0,3.0,6.0,3.0,4.0,6.0,9.0,4.0,8.0,6.0,7.0,6.0,7.0,5.0,3.0,10.0,9.0,4.0,5.0,5.0,3.0,1.0,7.0,3,8.0,10,1
2013-05-03,53663,,11,1,4911.0,90274810,UIL,U I L HOLDINGS CORP,UIL,221111.0,N,A,R,21819,1,4931.0,90274810.0,,,49.0,493.0,,,,,,,41.25,0.008065,50696.0,1.0,41.63,2091210.0,UIL,6.0,7.0,1.0,,3.0,10,1.0,1.0,5.0,7.0,5.0,2.0,4.0,8.0,5.0,8.0,5.0,4.0,7.0,3.0,1.0,8.0,4.0,4.0,5.0,4.0,9.0,,4.0,3.0,6.0,3.0,4.0,6.0,9.0,4.0,8.0,6.0,7.0,6.0,7.0,5.0,3.0,10.0,9.0,4.0,5.0,5.0,3.0,1.0,7.0,3,8.0,10,1
2013-05-06,53663,,11,1,4911.0,90274810,UIL,U I L HOLDINGS CORP,UIL,221111.0,N,A,R,21819,1,4931.0,90274810.0,,,49.0,493.0,,,,,,,40.45,-0.019394,50696.0,1.0,41.38,2050653.2,UIL,6.0,7.0,1.0,,3.0,10,1.0,1.0,5.0,7.0,5.0,2.0,4.0,8.0,5.0,8.0,5.0,4.0,7.0,3.0,1.0,8.0,4.0,4.0,5.0,4.0,9.0,,4.0,3.0,6.0,3.0,4.0,6.0,9.0,4.0,8.0,6.0,7.0,6.0,7.0,5.0,3.0,10.0,9.0,4.0,5.0,5.0,3.0,1.0,7.0,3,8.0,10,1
2013-05-07,53663,,11,1,4911.0,90274810,UIL,U I L HOLDINGS CORP,UIL,221111.0,N,A,R,21819,1,4931.0,90274810.0,,,49.0,493.0,,,,,,,40.86,0.010136,50696.0,1.0,40.59,2071438.56,UIL,6.0,7.0,1.0,,3.0,10,1.0,1.0,5.0,7.0,5.0,2.0,4.0,8.0,5.0,8.0,5.0,4.0,7.0,3.0,1.0,8.0,4.0,4.0,5.0,4.0,9.0,,4.0,3.0,6.0,3.0,4.0,6.0,9.0,4.0,8.0,6.0,7.0,6.0,7.0,5.0,3.0,10.0,9.0,4.0,5.0,5.0,3.0,1.0,7.0,3,8.0,10,1
2013-05-08,53663,,11,1,4911.0,90274810,UIL,U I L HOLDINGS CORP,UIL,221111.0,N,A,R,21819,1,4931.0,90274810.0,,,49.0,493.0,,,,,,,40.61,-0.006118,50696.0,1.0,40.74,2058764.56,UIL,6.0,7.0,1.0,,3.0,10,1.0,1.0,5.0,7.0,5.0,2.0,4.0,8.0,5.0,8.0,5.0,4.0,7.0,3.0,1.0,8.0,4.0,4.0,5.0,4.0,9.0,,4.0,3.0,6.0,3.0,4.0,6.0,9.0,4.0,8.0,6.0,7.0,6.0,7.0,5.0,3.0,10.0,9.0,4.0,5.0,5.0,3.0,1.0,7.0,3,8.0,10,1
2013-05-09,53663,,11,1,4911.0,90274810,UIL,U I L HOLDINGS CORP,UIL,221111.0,N,A,R,21819,1,4931.0,90274810.0,,,49.0,493.0,,,,,,,39.99,-0.015267,50696.0,1.0,40.65,2027333.04,UIL,6.0,7.0,1.0,,3.0,10,1.0,1.0,5.0,7.0,5.0,2.0,4.0,8.0,5.0,8.0,5.0,4.0,7.0,3.0,1.0,8.0,4.0,4.0,5.0,4.0,9.0,,4.0,3.0,6.0,3.0,4.0,6.0,9.0,4.0,8.0,6.0,7.0,6.0,7.0,5.0,3.0,10.0,9.0,4.0,5.0,5.0,3.0,1.0,7.0,3,8.0,10,1
2013-05-10,53663,,11,1,4911.0,90274810,UIL,U I L HOLDINGS CORP,UIL,221111.0,N,A,R,21819,1,4931.0,90274810.0,,,49.0,493.0,,,,,,,40.19,0.005001,50696.0,1.0,40.08,2037472.24,UIL,6.0,7.0,1.0,,3.0,10,1.0,1.0,5.0,7.0,5.0,2.0,4.0,8.0,5.0,8.0,5.0,4.0,7.0,3.0,1.0,8.0,4.0,4.0,5.0,4.0,9.0,,4.0,3.0,6.0,3.0,4.0,6.0,9.0,4.0,8.0,6.0,7.0,6.0,7.0,5.0,3.0,10.0,9.0,4.0,5.0,5.0,3.0,1.0,7.0,3,8.0,10,1
2013-05-13,53663,,11,1,4911.0,90274810,UIL,U I L HOLDINGS CORP,UIL,221111.0,N,A,R,21819,1,4931.0,90274810.0,,,49.0,493.0,,,,,,,40.35,0.003981,50696.0,1.0,40.26,2045583.6,UIL,6.0,7.0,1.0,,3.0,10,1.0,1.0,5.0,7.0,5.0,2.0,4.0,8.0,5.0,8.0,5.0,4.0,7.0,3.0,1.0,8.0,4.0,4.0,5.0,4.0,9.0,,4.0,3.0,6.0,3.0,4.0,6.0,9.0,4.0,8.0,6.0,7.0,6.0,7.0,5.0,3.0,10.0,9.0,4.0,5.0,5.0,3.0,1.0,7.0,3,8.0,10,1
2013-05-14,53663,,11,1,4911.0,90274810,UIL,U I L HOLDINGS CORP,UIL,221111.0,N,A,R,21819,1,4931.0,90274810.0,,,49.0,493.0,,,,,,,40.86,0.012639,50696.0,1.0,40.51,2071438.56,UIL,6.0,7.0,1.0,,3.0,10,1.0,1.0,5.0,7.0,5.0,2.0,4.0,8.0,5.0,8.0,5.0,4.0,7.0,3.0,1.0,8.0,4.0,4.0,5.0,4.0,9.0,,4.0,3.0,6.0,3.0,4.0,6.0,9.0,4.0,8.0,6.0,7.0,6.0,7.0,5.0,3.0,10.0,9.0,4.0,5.0,5.0,3.0,1.0,7.0,3,8.0,10,1
2013-05-15,53663,,11,1,4911.0,90274810,UIL,U I L HOLDINGS CORP,UIL,221111.0,N,A,R,21819,1,4931.0,90274810.0,,,49.0,493.0,,,,,,,41.42,0.013705,50696.0,1.0,41.22,2099828.32,UIL,6.0,7.0,1.0,,3.0,10,1.0,1.0,5.0,7.0,5.0,2.0,4.0,8.0,5.0,8.0,5.0,4.0,7.0,3.0,1.0,8.0,4.0,4.0,5.0,4.0,9.0,,4.0,3.0,6.0,3.0,4.0,6.0,9.0,4.0,8.0,6.0,7.0,6.0,7.0,5.0,3.0,10.0,9.0,4.0,5.0,5.0,3.0,1.0,7.0,3,8.0,10,1
2013-05-16,53663,,11,1,4911.0,90274810,UIL,U I L HOLDINGS CORP,UIL,221111.0,N,A,R,21819,1,4931.0,90274810.0,,,49.0,493.0,,,,,,,41.2,-0.005311,50696.0,1.0,41.42,2088675.2,UIL,6.0,7.0,1.0,,3.0,10,1.0,1.0,5.0,7.0,5.0,2.0,4.0,8.0,5.0,8.0,5.0,4.0,7.0,3.0,1.0,8.0,4.0,4.0,5.0,4.0,9.0,,4.0,3.0,6.0,3.0,4.0,6.0,9.0,4.0,8.0,6.0,7.0,6.0,7.0,5.0,3.0,10.0,9.0,4.0,5.0,5.0,3.0,1.0,7.0,3,8.0,10,1
2013-05-17,53663,,11,1,4911.0,90274810,UIL,U I L HOLDINGS CORP,UIL,221111.0,N,A,R,21819,1,4931.0,90274810.0,,,49.0,493.0,,,,,,,41.29,0.002184,50696.0,1.0,41.43,2093237.84,UIL,6.0,7.0,1.0,,3.0,10,1.0,1.0,5.0,7.0,5.0,2.0,4.0,8.0,5.0,8.0,5.0,4.0,7.0,3.0,1.0,8.0,4.0,4.0,5.0,4.0,9.0,,4.0,3.0,6.0,3.0,4.0,6.0,9.0,4.0,8.0,6.0,7.0,6.0,7.0,5.0,3.0,10.0,9.0,4.0,5.0,5.0,3.0,1.0,7.0,3,8.0,10,1
2013-05-20,53663,,11,1,4911.0,90274810,UIL,U I L HOLDINGS CORP,UIL,221111.0,N,A,R,21819,1,4931.0,90274810.0,,,49.0,493.0,,,,,,,41.27,-0.000484,50696.0,1.0,41.16,2092223.92,UIL,6.0,7.0,1.0,,3.0,10,1.0,1.0,5.0,7.0,5.0,2.0,4.0,8.0,5.0,8.0,5.0,4.0,7.0,3.0,1.0,8.0,4.0,4.0,5.0,4.0,9.0,,4.0,3.0,6.0,3.0,4.0,6.0,9.0,4.0,8.0,6.0,7.0,6.0,7.0,5.0,3.0,10.0,9.0,4.0,5.0,5.0,3.0,1.0,7.0,3,8.0,10,1
2013-05-21,53663,,11,1,4911.0,90274810,UIL,U I L HOLDINGS CORP,UIL,221111.0,N,A,R,21819,1,4931.0,90274810.0,,,49.0,493.0,,,,,,,41.69,0.010177,50696.0,1.0,41.7,2113516.24,UIL,6.0,7.0,1.0,,3.0,10,1.0,1.0,5.0,7.0,5.0,2.0,4.0,8.0,5.0,8.0,5.0,4.0,7.0,3.0,1.0,8.0,4.0,4.0,5.0,4.0,9.0,,4.0,3.0,6.0,3.0,4.0,6.0,9.0,4.0,8.0,6.0,7.0,6.0,7.0,5.0,3.0,10.0,9.0,4.0,5.0,5.0,3.0,1.0,7.0,3,8.0,10,1
2013-05-22,53663,,11,1,4911.0,90274810,UIL,U I L HOLDINGS CORP,UIL,221111.0,N,A,R,21819,1,4931.0,90274810.0,,,49.0,493.0,,,,,,,41.28,-0.009834,50696.0,1.0,41.69,2092730.88,UIL,6.0,7.0,1.0,,3.0,10,1.0,1.0,5.0,7.0,5.0,2.0,4.0,8.0,5.0,8.0,5.0,4.0,7.0,3.0,1.0,8.0,4.0,4.0,5.0,4.0,9.0,,4.0,3.0,6.0,3.0,4.0,6.0,9.0,4.0,8.0,6.0,7.0,6.0,7.0,5.0,3.0,10.0,9.0,4.0,5.0,5.0,3.0,1.0,7.0,3,8.0,10,1
2013-05-23,53663,,11,1,4911.0,90274810,UIL,U I L HOLDINGS CORP,UIL,221111.0,N,A,R,21819,1,4931.0,90274810.0,,,49.0,493.0,,,,,,,40.64,-0.015504,50696.0,1.0,40.98,2060285.44,UIL,6.0,7.0,1.0,,3.0,10,1.0,1.0,5.0,7.0,5.0,2.0,4.0,8.0,5.0,8.0,5.0,4.0,7.0,3.0,1.0,8.0,4.0,4.0,5.0,4.0,9.0,,4.0,3.0,6.0,3.0,4.0,6.0,9.0,4.0,8.0,6.0,7.0,6.0,7.0,5.0,3.0,10.0,9.0,4.0,5.0,5.0,3.0,1.0,7.0,3,8.0,10,1
2013-05-24,53663,,11,1,4911.0,90274810,UIL,U I L HOLDINGS CORP,UIL,221111.0,N,A,R,21819,1,4931.0,90274810.0,,,49.0,493.0,,,,,,,40.18,-0.011319,50696.0,1.0,40.53,2036965.28,UIL,6.0,7.0,1.0,,3.0,10,1.0,1.0,5.0,7.0,5.0,2.0,4.0,8.0,5.0,8.0,5.0,4.0,7.0,3.0,1.0,8.0,4.0,4.0,5.0,4.0,9.0,,4.0,3.0,6.0,3.0,4.0,6.0,9.0,4.0,8.0,6.0,7.0,6.0,7.0,5.0,3.0,10.0,9.0,4.0,5.0,5.0,3.0,1.0,7.0,3,8.0,10,1
2013-05-28,53663,,11,1,4911.0,90274810,UIL,U I L HOLDINGS CORP,UIL,221111.0,N,A,R,21819,1,4931.0,90274810.0,,,49.0,493.0,,,,,,,40.1,-0.001991,50696.0,1.0,40.44,2032909.6,UIL,6.0,7.0,1.0,,3.0,10,1.0,1.0,5.0,7.0,5.0,2.0,4.0,8.0,5.0,8.0,5.0,4.0,7.0,3.0,1.0,8.0,4.0,4.0,5.0,4.0,9.0,,4.0,3.0,6.0,3.0,4.0,6.0,9.0,4.0,8.0,6.0,7.0,6.0,7.0,5.0,3.0,10.0,9.0,4.0,5.0,5.0,3.0,1.0,7.0,3,8.0,10,1
2013-05-29,53663,,11,1,4911.0,90274810,UIL,U I L HOLDINGS CORP,UIL,221111.0,N,A,R,21819,1,4931.0,90274810.0,,,49.0,493.0,,,,,,,38.79,-0.032668,50696.0,1.0,39.87,1966497.84,UIL,6.0,7.0,1.0,,3.0,10,1.0,1.0,5.0,7.0,5.0,2.0,4.0,8.0,5.0,8.0,5.0,4.0,7.0,3.0,1.0,8.0,4.0,4.0,5.0,4.0,9.0,,4.0,3.0,6.0,3.0,4.0,6.0,9.0,4.0,8.0,6.0,7.0,6.0,7.0,5.0,3.0,10.0,9.0,4.0,5.0,5.0,3.0,1.0,7.0,3,8.0,10,1
2013-05-30,53663,,11,1,4911.0,90274810,UIL,U I L HOLDINGS CORP,UIL,221111.0,N,A,R,21819,1,4931.0,90274810.0,,,49.0,493.0,,,,,,,39.31,0.013406,50696.0,1.0,39.0,1992859.76,UIL,6.0,7.0,1.0,,3.0,10,1.0,1.0,5.0,7.0,5.0,2.0,4.0,8.0,5.0,8.0,5.0,4.0,7.0,3.0,1.0,8.0,4.0,4.0,5.0,4.0,9.0,,4.0,3.0,6.0,3.0,4.0,6.0,9.0,4.0,8.0,6.0,7.0,6.0,7.0,5.0,3.0,10.0,9.0,4.0,5.0,5.0,3.0,1.0,7.0,3,8.0,10,1
2013-05-31,53663,,11,1,4911.0,90274810,UIL,U I L HOLDINGS CORP,UIL,221111.0,N,A,R,21819,1,4931.0,90274810.0,,,49.0,493.0,,,,,,,38.96,-0.008904,50699.0,1.0,39.11,1975233.04,UIL,6.0,7.0,1.0,,3.0,10,1.0,1.0,5.0,7.0,5.0,2.0,4.0,8.0,5.0,8.0,5.0,4.0,7.0,3.0,1.0,8.0,4.0,4.0,5.0,4.0,9.0,,4.0,3.0,6.0,3.0,4.0,6.0,9.0,4.0,8.0,6.0,7.0,6.0,7.0,5.0,3.0,10.0,9.0,4.0,5.0,5.0,3.0,1.0,7.0,3,8.0,10,1
2013-06-03,53663,,11,1,4911.0,90274810,UIL,U I L HOLDINGS CORP,UIL,221111.0,N,A,R,21819,1,4931.0,90274810.0,,,49.0,493.0,,,,,,,39.25,0.007444,50699.0,1.0,39.11,1989935.75,UIL,6.0,7.0,1.0,,3.0,10,1.0,1.0,5.0,7.0,5.0,2.0,4.0,8.0,5.0,8.0,5.0,4.0,7.0,3.0,1.0,8.0,4.0,4.0,5.0,4.0,9.0,,5.0,2.0,7.0,4.0,4.0,6.0,7.0,3.0,8.0,6.0,6.0,8.0,9.0,6.0,10.0,9.0,9.0,9.0,5.0,5.0,2.0,1.0,6.0,3,8.0,10,1
2013-06-04,53663,,11,1,4911.0,90274810,UIL,U I L HOLDINGS CORP,UIL,221111.0,N,A,R,21819,1,4931.0,90274810.0,,,49.0,493.0,,,,,,,39.04,-0.00535,50699.0,1.0,39.21,1979288.96,UIL,6.0,7.0,1.0,,3.0,10,1.0,1.0,5.0,7.0,5.0,2.0,4.0,8.0,5.0,8.0,5.0,4.0,7.0,3.0,1.0,8.0,4.0,4.0,5.0,4.0,9.0,,5.0,2.0,7.0,4.0,4.0,6.0,7.0,3.0,8.0,6.0,6.0,8.0,9.0,6.0,10.0,9.0,9.0,9.0,5.0,5.0,2.0,1.0,6.0,3,8.0,10,1
2013-06-05,53663,,11,1,4911.0,90274810,UIL,U I L HOLDINGS CORP,UIL,221111.0,N,A,R,21819,1,4931.0,90274810.0,,,49.0,493.0,,,,,,,38.59,-0.011527,50699.0,1.0,38.9,1956474.41,UIL,6.0,7.0,1.0,,3.0,10,1.0,1.0,5.0,7.0,5.0,2.0,4.0,8.0,5.0,8.0,5.0,4.0,7.0,3.0,1.0,8.0,4.0,4.0,5.0,4.0,9.0,,5.0,2.0,7.0,4.0,4.0,6.0,7.0,3.0,8.0,6.0,6.0,8.0,9.0,6.0,10.0,9.0,9.0,9.0,5.0,5.0,2.0,1.0,6.0,3,8.0,10,1
2013-06-06,53663,,11,1,4911.0,90274810,UIL,U I L HOLDINGS CORP,UIL,221111.0,N,A,R,21819,1,4931.0,90274810.0,,,49.0,493.0,,,,,,,39.06,0.012179,50699.0,1.0,38.59,1980302.94,UIL,6.0,7.0,1.0,,3.0,10,1.0,1.0,5.0,7.0,5.0,2.0,4.0,8.0,5.0,8.0,5.0,4.0,7.0,3.0,1.0,8.0,4.0,4.0,5.0,4.0,9.0,,5.0,2.0,7.0,4.0,4.0,6.0,7.0,3.0,8.0,6.0,6.0,8.0,9.0,6.0,10.0,9.0,9.0,9.0,5.0,5.0,2.0,1.0,6.0,3,8.0,10,1
2013-06-07,53663,,11,1,4911.0,90274810,UIL,U I L HOLDINGS CORP,UIL,221111.0,N,A,R,21819,1,4931.0,90274810.0,,,49.0,493.0,,,,,,,39.33,0.006912,50699.0,1.0,39.16,1993991.67,UIL,6.0,7.0,1.0,,3.0,10,1.0,1.0,5.0,7.0,5.0,2.0,4.0,8.0,5.0,8.0,5.0,4.0,7.0,3.0,1.0,8.0,4.0,4.0,5.0,4.0,9.0,,5.0,2.0,7.0,4.0,4.0,6.0,7.0,3.0,8.0,6.0,6.0,8.0,9.0,6.0,10.0,9.0,9.0,9.0,5.0,5.0,2.0,1.0,6.0,3,8.0,10,1
2013-06-10,53663,,11,1,4911.0,90274810,UIL,U I L HOLDINGS CORP,UIL,221111.0,N,A,R,21819,1,4931.0,90274810.0,,,49.0,493.0,,,,,,,39.49,0.004068,50699.0,1.0,39.35,2002103.51,UIL,6.0,7.0,1.0,,3.0,10,1.0,1.0,5.0,7.0,5.0,2.0,4.0,8.0,5.0,8.0,5.0,4.0,7.0,3.0,1.0,8.0,4.0,4.0,5.0,4.0,9.0,,5.0,2.0,7.0,4.0,4.0,6.0,7.0,3.0,8.0,6.0,6.0,8.0,9.0,6.0,10.0,9.0,9.0,9.0,5.0,5.0,2.0,1.0,6.0,3,8.0,10,1
2013-06-11,53663,,11,1,4911.0,90274810,UIL,U I L HOLDINGS CORP,UIL,221111.0,N,A,R,21819,1,4931.0,90274810.0,,,49.0,493.0,,,,,,,39.09,-0.010129,50699.0,1.0,39.11,1981823.91,UIL,6.0,7.0,1.0,,3.0,10,1.0,1.0,5.0,7.0,5.0,2.0,4.0,8.0,5.0,8.0,5.0,4.0,7.0,3.0,1.0,8.0,4.0,4.0,5.0,4.0,9.0,,5.0,2.0,7.0,4.0,4.0,6.0,7.0,3.0,8.0,6.0,6.0,8.0,9.0,6.0,10.0,9.0,9.0,9.0,5.0,5.0,2.0,1.0,6.0,3,8.0,10,1
2013-06-12,53663,,11,1,4911.0,90274810,UIL,U I L HOLDINGS CORP,UIL,221111.0,N,A,R,21819,1,4931.0,90274810.0,,,49.0,493.0,,,,,,,38.73,-0.00921,50699.0,1.0,39.35,1963572.27,UIL,6.0,7.0,1.0,,3.0,10,1.0,1.0,5.0,7.0,5.0,2.0,4.0,8.0,5.0,8.0,5.0,4.0,7.0,3.0,1.0,8.0,4.0,4.0,5.0,4.0,9.0,,5.0,2.0,7.0,4.0,4.0,6.0,7.0,3.0,8.0,6.0,6.0,8.0,9.0,6.0,10.0,9.0,9.0,9.0,5.0,5.0,2.0,1.0,6.0,3,8.0,10,1
2013-06-13,53663,,11,1,4911.0,90274810,UIL,U I L HOLDINGS CORP,UIL,221111.0,N,A,R,21819,1,4931.0,90274810.0,,,49.0,493.0,1232.0,0.432,0.0,,,,38.99,0.017867,50699.0,1.0,38.55,1976754.01,UIL,6.0,7.0,1.0,,3.0,10,1.0,1.0,5.0,7.0,5.0,2.0,4.0,8.0,5.0,8.0,5.0,4.0,7.0,3.0,1.0,8.0,4.0,4.0,5.0,4.0,9.0,,5.0,2.0,7.0,4.0,4.0,6.0,7.0,3.0,8.0,6.0,6.0,8.0,9.0,6.0,10.0,9.0,9.0,9.0,5.0,5.0,2.0,1.0,6.0,3,8.0,10,1
2013-06-14,53663,,11,1,4911.0,90274810,UIL,U I L HOLDINGS CORP,UIL,221111.0,N,A,R,21819,1,4931.0,90274810.0,,,49.0,493.0,,,,,,,38.69,-0.007694,50699.0,1.0,38.99,1961544.31,UIL,6.0,7.0,1.0,,3.0,10,1.0,1.0,5.0,7.0,5.0,2.0,4.0,8.0,5.0,8.0,5.0,4.0,7.0,3.0,1.0,8.0,4.0,4.0,5.0,4.0,9.0,,5.0,2.0,7.0,4.0,4.0,6.0,7.0,3.0,8.0,6.0,6.0,8.0,9.0,6.0,10.0,9.0,9.0,9.0,5.0,5.0,2.0,1.0,6.0,3,8.0,10,1
2013-06-17,53663,,11,1,4911.0,90274810,UIL,U I L HOLDINGS CORP,UIL,221111.0,N,A,R,21819,1,4931.0,90274810.0,,,49.0,493.0,,,,,,,38.71,0.000517,50699.0,1.0,38.95,1962558.29,UIL,6.0,7.0,1.0,,3.0,10,1.0,1.0,5.0,7.0,5.0,2.0,4.0,8.0,5.0,8.0,5.0,4.0,7.0,3.0,1.0,8.0,4.0,4.0,5.0,4.0,9.0,,5.0,2.0,7.0,4.0,4.0,6.0,7.0,3.0,8.0,6.0,6.0,8.0,9.0,6.0,10.0,9.0,9.0,9.0,5.0,5.0,2.0,1.0,6.0,3,8.0,10,1
2013-06-18,53663,,11,1,4911.0,90274810,UIL,U I L HOLDINGS CORP,UIL,221111.0,N,A,R,21819,1,4931.0,90274810.0,,,49.0,493.0,,,,,,,39.44,0.018858,50699.0,1.0,38.86,1999568.56,UIL,6.0,7.0,1.0,,3.0,10,1.0,1.0,5.0,7.0,5.0,2.0,4.0,8.0,5.0,8.0,5.0,4.0,7.0,3.0,1.0,8.0,4.0,4.0,5.0,4.0,9.0,,5.0,2.0,7.0,4.0,4.0,6.0,7.0,3.0,8.0,6.0,6.0,8.0,9.0,6.0,10.0,9.0,9.0,9.0,5.0,5.0,2.0,1.0,6.0,3,8.0,10,1
2013-06-19,53663,,11,1,4911.0,90274810,UIL,U I L HOLDINGS CORP,UIL,221111.0,N,A,R,21819,1,4931.0,90274810.0,,,49.0,493.0,,,,,,,38.49,-0.024087,50699.0,1.0,39.41,1951404.51,UIL,6.0,7.0,1.0,,3.0,10,1.0,1.0,5.0,7.0,5.0,2.0,4.0,8.0,5.0,8.0,5.0,4.0,7.0,3.0,1.0,8.0,4.0,4.0,5.0,4.0,9.0,,5.0,2.0,7.0,4.0,4.0,6.0,7.0,3.0,8.0,6.0,6.0,8.0,9.0,6.0,10.0,9.0,9.0,9.0,5.0,5.0,2.0,1.0,6.0,3,8.0,10,1
2013-06-20,53663,,11,1,4911.0,90274810,UIL,U I L HOLDINGS CORP,UIL,221111.0,N,A,R,21819,1,4931.0,90274810.0,,,49.0,493.0,,,,,,,37.15,-0.034814,50699.0,1.0,38.16,1883467.85,UIL,6.0,7.0,1.0,,3.0,10,1.0,1.0,5.0,7.0,5.0,2.0,4.0,8.0,5.0,8.0,5.0,4.0,7.0,3.0,1.0,8.0,4.0,4.0,5.0,4.0,9.0,,5.0,2.0,7.0,4.0,4.0,6.0,7.0,3.0,8.0,6.0,6.0,8.0,9.0,6.0,10.0,9.0,9.0,9.0,5.0,5.0,2.0,1.0,6.0,3,8.0,10,1
2013-06-21,53663,,11,1,4911.0,90274810,UIL,U I L HOLDINGS CORP,UIL,221111.0,N,A,R,21819,1,4931.0,90274810.0,,,49.0,493.0,,,,,,,37.18,0.000808,50699.0,1.0,37.12,1884988.82,UIL,6.0,7.0,1.0,,3.0,10,1.0,1.0,5.0,7.0,5.0,2.0,4.0,8.0,5.0,8.0,5.0,4.0,7.0,3.0,1.0,8.0,4.0,4.0,5.0,4.0,9.0,,5.0,2.0,7.0,4.0,4.0,6.0,7.0,3.0,8.0,6.0,6.0,8.0,9.0,6.0,10.0,9.0,9.0,9.0,5.0,5.0,2.0,1.0,6.0,3,8.0,10,1
2013-06-24,53663,,11,1,4911.0,90274810,UIL,U I L HOLDINGS CORP,UIL,221111.0,N,A,R,21819,1,4931.0,90274810.0,,,49.0,493.0,,,,,,,36.64,-0.014524,50699.0,1.0,36.93,1857611.36,UIL,6.0,7.0,1.0,,3.0,10,1.0,1.0,5.0,7.0,5.0,2.0,4.0,8.0,5.0,8.0,5.0,4.0,7.0,3.0,1.0,8.0,4.0,4.0,5.0,4.0,9.0,,5.0,2.0,7.0,4.0,4.0,6.0,7.0,3.0,8.0,6.0,6.0,8.0,9.0,6.0,10.0,9.0,9.0,9.0,5.0,5.0,2.0,1.0,6.0,3,8.0,10,1
2013-06-25,53663,,11,1,4911.0,90274810,UIL,U I L HOLDINGS CORP,UIL,221111.0,N,A,R,21819,1,4931.0,90274810.0,,,49.0,493.0,,,,,,,37.01,0.010098,50699.0,1.0,36.83,1876369.99,UIL,6.0,7.0,1.0,,3.0,10,1.0,1.0,5.0,7.0,5.0,2.0,4.0,8.0,5.0,8.0,5.0,4.0,7.0,3.0,1.0,8.0,4.0,4.0,5.0,4.0,9.0,,5.0,2.0,7.0,4.0,4.0,6.0,7.0,3.0,8.0,6.0,6.0,8.0,9.0,6.0,10.0,9.0,9.0,9.0,5.0,5.0,2.0,1.0,6.0,3,8.0,10,1
2013-06-26,53663,,11,1,4911.0,90274810,UIL,U I L HOLDINGS CORP,UIL,221111.0,N,A,R,21819,1,4931.0,90274810.0,,,49.0,493.0,,,,,,,37.58,0.015401,50699.0,1.0,37.32,1905268.42,UIL,6.0,7.0,1.0,,3.0,10,1.0,1.0,5.0,7.0,5.0,2.0,4.0,8.0,5.0,8.0,5.0,4.0,7.0,3.0,1.0,8.0,4.0,4.0,5.0,4.0,9.0,,5.0,2.0,7.0,4.0,4.0,6.0,7.0,3.0,8.0,6.0,6.0,8.0,9.0,6.0,10.0,9.0,9.0,9.0,5.0,5.0,2.0,1.0,6.0,3,8.0,10,1
2013-06-27,53663,,11,1,4911.0,90274810,UIL,U I L HOLDINGS CORP,UIL,221111.0,N,A,R,21819,1,4931.0,90274810.0,,,49.0,493.0,,,,,,,38.04,0.012241,50699.0,1.0,37.88,1928589.96,UIL,6.0,7.0,1.0,,3.0,10,1.0,1.0,5.0,7.0,5.0,2.0,4.0,8.0,5.0,8.0,5.0,4.0,7.0,3.0,1.0,8.0,4.0,4.0,5.0,4.0,9.0,,5.0,2.0,7.0,4.0,4.0,6.0,7.0,3.0,8.0,6.0,6.0,8.0,9.0,6.0,10.0,9.0,9.0,9.0,5.0,5.0,2.0,1.0,6.0,3,8.0,10,1
2013-06-28,53663,,11,1,4911.0,90274810,UIL,U I L HOLDINGS CORP,UIL,221111.0,N,A,R,21819,1,4931.0,90274810.0,,,49.0,493.0,,,,,,,38.25,0.00552,50699.0,1.0,38.03,1939236.75,UIL,6.0,7.0,1.0,,3.0,10,1.0,1.0,5.0,7.0,5.0,2.0,4.0,8.0,5.0,8.0,5.0,4.0,7.0,3.0,1.0,8.0,4.0,4.0,5.0,4.0,9.0,,5.0,2.0,7.0,4.0,4.0,6.0,7.0,3.0,8.0,6.0,6.0,8.0,9.0,6.0,10.0,9.0,9.0,9.0,5.0,5.0,2.0,1.0,6.0,3,8.0,10,1
2013-07-01,53663,,11,1,4911.0,90274810,UIL,U I L HOLDINGS CORP,UIL,221111.0,N,A,R,21819,1,4931.0,90274810.0,,,49.0,493.0,,,,,,,37.68,-0.014902,50699.0,1.0,38.23,1910338.32,UIL,6.0,8.0,1.0,,3.0,10,1.0,1.0,6.0,7.0,6.0,2.0,4.0,10.0,6.0,8.0,5.0,5.0,9.0,8.0,9.0,8.0,4.0,4.0,5.0,4.0,9.0,,3.0,4.0,6.0,3.0,4.0,3.0,6.0,3.0,8.0,6.0,7.0,7.0,9.0,6.0,6.0,10.0,9.0,7.0,7.0,8.0,6.0,2.0,6.0,3,8.0,10,1
2013-07-02,53663,,11,1,4911.0,90274810,UIL,U I L HOLDINGS CORP,UIL,221111.0,N,A,R,21819,1,4931.0,90274810.0,,,49.0,493.0,,,,,,,37.66,-0.000531,50699.0,1.0,37.67,1909324.34,UIL,6.0,8.0,1.0,,3.0,10,1.0,1.0,6.0,7.0,6.0,2.0,4.0,10.0,6.0,8.0,5.0,5.0,9.0,8.0,9.0,8.0,4.0,4.0,5.0,4.0,9.0,,3.0,4.0,6.0,3.0,4.0,3.0,6.0,3.0,8.0,6.0,7.0,7.0,9.0,6.0,6.0,10.0,9.0,7.0,7.0,8.0,6.0,2.0,6.0,3,8.0,10,1
2013-07-03,53663,,11,1,4911.0,90274810,UIL,U I L HOLDINGS CORP,UIL,221111.0,N,A,R,21819,1,4931.0,90274810.0,,,49.0,493.0,,,,,,,37.76,0.002655,50699.0,1.0,37.59,1914394.24,UIL,6.0,8.0,1.0,,3.0,10,1.0,1.0,6.0,7.0,6.0,2.0,4.0,10.0,6.0,8.0,5.0,5.0,9.0,8.0,9.0,8.0,4.0,4.0,5.0,4.0,9.0,,3.0,4.0,6.0,3.0,4.0,3.0,6.0,3.0,8.0,6.0,7.0,7.0,9.0,6.0,6.0,10.0,9.0,7.0,7.0,8.0,6.0,2.0,6.0,3,8.0,10,1
2013-07-05,53663,,11,1,4911.0,90274810,UIL,U I L HOLDINGS CORP,UIL,221111.0,N,A,R,21819,1,4931.0,90274810.0,,,49.0,493.0,,,,,,,37.78,0.00053,50699.0,1.0,38.22,1915408.22,UIL,6.0,8.0,1.0,,3.0,10,1.0,1.0,6.0,7.0,6.0,2.0,4.0,10.0,6.0,8.0,5.0,5.0,9.0,8.0,9.0,8.0,4.0,4.0,5.0,4.0,9.0,,3.0,4.0,6.0,3.0,4.0,3.0,6.0,3.0,8.0,6.0,7.0,7.0,9.0,6.0,6.0,10.0,9.0,7.0,7.0,8.0,6.0,2.0,6.0,3,8.0,10,1
2013-07-08,53663,,11,1,4911.0,90274810,UIL,U I L HOLDINGS CORP,UIL,221111.0,N,A,R,21819,1,4931.0,90274810.0,,,49.0,493.0,,,,,,,38.4,0.016411,50699.0,1.0,38.0,1946841.6,UIL,6.0,8.0,1.0,,3.0,10,1.0,1.0,6.0,7.0,6.0,2.0,4.0,10.0,6.0,8.0,5.0,5.0,9.0,8.0,9.0,8.0,4.0,4.0,5.0,4.0,9.0,,3.0,4.0,6.0,3.0,4.0,3.0,6.0,3.0,8.0,6.0,7.0,7.0,9.0,6.0,6.0,10.0,9.0,7.0,7.0,8.0,6.0,2.0,6.0,3,8.0,10,1
2013-07-09,53663,,11,1,4911.0,90274810,UIL,U I L HOLDINGS CORP,UIL,221111.0,N,A,R,21819,1,4931.0,90274810.0,,,49.0,493.0,,,,,,,38.9,0.013021,50699.0,1.0,38.61,1972191.1,UIL,6.0,8.0,1.0,,3.0,10,1.0,1.0,6.0,7.0,6.0,2.0,4.0,10.0,6.0,8.0,5.0,5.0,9.0,8.0,9.0,8.0,4.0,4.0,5.0,4.0,9.0,,3.0,4.0,6.0,3.0,4.0,3.0,6.0,3.0,8.0,6.0,7.0,7.0,9.0,6.0,6.0,10.0,9.0,7.0,7.0,8.0,6.0,2.0,6.0,3,8.0,10,1
2013-07-10,53663,,11,1,4911.0,90274810,UIL,U I L HOLDINGS CORP,UIL,221111.0,N,A,R,21819,1,4931.0,90274810.0,,,49.0,493.0,,,,,,,39.47,0.014653,50699.0,1.0,38.87,2001089.53,UIL,6.0,8.0,1.0,,3.0,10,1.0,1.0,6.0,7.0,6.0,2.0,4.0,10.0,6.0,8.0,5.0,5.0,9.0,8.0,9.0,8.0,4.0,4.0,5.0,4.0,9.0,,3.0,4.0,6.0,3.0,4.0,3.0,6.0,3.0,8.0,6.0,7.0,7.0,9.0,6.0,6.0,10.0,9.0,7.0,7.0,8.0,6.0,2.0,6.0,3,8.0,10,1
2013-07-11,53663,,11,1,4911.0,90274810,UIL,U I L HOLDINGS CORP,UIL,221111.0,N,A,R,21819,1,4931.0,90274810.0,,,49.0,493.0,,,,,,,40.01,0.013681,50699.0,1.0,39.7,2028466.99,UIL,6.0,8.0,1.0,,3.0,10,1.0,1.0,6.0,7.0,6.0,2.0,4.0,10.0,6.0,8.0,5.0,5.0,9.0,8.0,9.0,8.0,4.0,4.0,5.0,4.0,9.0,,3.0,4.0,6.0,3.0,4.0,3.0,6.0,3.0,8.0,6.0,7.0,7.0,9.0,6.0,6.0,10.0,9.0,7.0,7.0,8.0,6.0,2.0,6.0,3,8.0,10,1
2013-07-12,53663,,11,1,4911.0,90274810,UIL,U I L HOLDINGS CORP,UIL,221111.0,N,A,R,21819,1,4931.0,90274810.0,,,49.0,493.0,,,,,,,40.12,0.002749,50699.0,1.0,39.96,2034043.88,UIL,6.0,8.0,1.0,,3.0,10,1.0,1.0,6.0,7.0,6.0,2.0,4.0,10.0,6.0,8.0,5.0,5.0,9.0,8.0,9.0,8.0,4.0,4.0,5.0,4.0,9.0,,3.0,4.0,6.0,3.0,4.0,3.0,6.0,3.0,8.0,6.0,7.0,7.0,9.0,6.0,6.0,10.0,9.0,7.0,7.0,8.0,6.0,2.0,6.0,3,8.0,10,1
2013-07-15,53663,,11,1,4911.0,90274810,UIL,U I L HOLDINGS CORP,UIL,221111.0,N,A,R,21819,1,4931.0,90274810.0,,,49.0,493.0,,,,,,,40.84,0.017946,50699.0,1.0,40.06,2070547.16,UIL,6.0,8.0,1.0,,3.0,10,1.0,1.0,6.0,7.0,6.0,2.0,4.0,10.0,6.0,8.0,5.0,5.0,9.0,8.0,9.0,8.0,4.0,4.0,5.0,4.0,9.0,,3.0,4.0,6.0,3.0,4.0,3.0,6.0,3.0,8.0,6.0,7.0,7.0,9.0,6.0,6.0,10.0,9.0,7.0,7.0,8.0,6.0,2.0,6.0,3,8.0,10,1
2013-07-16,53663,,11,1,4911.0,90274810,UIL,U I L HOLDINGS CORP,UIL,221111.0,N,A,R,21819,1,4931.0,90274810.0,,,49.0,493.0,,,,,,,40.55,-0.007101,50699.0,1.0,40.8,2055844.45,UIL,6.0,8.0,1.0,,3.0,10,1.0,1.0,6.0,7.0,6.0,2.0,4.0,10.0,6.0,8.0,5.0,5.0,9.0,8.0,9.0,8.0,4.0,4.0,5.0,4.0,9.0,,3.0,4.0,6.0,3.0,4.0,3.0,6.0,3.0,8.0,6.0,7.0,7.0,9.0,6.0,6.0,10.0,9.0,7.0,7.0,8.0,6.0,2.0,6.0,3,8.0,10,1
2013-07-17,53663,,11,1,4911.0,90274810,UIL,U I L HOLDINGS CORP,UIL,221111.0,N,A,R,21819,1,4931.0,90274810.0,,,49.0,493.0,,,,,,,40.63,0.001973,50699.0,1.0,40.8,2059900.37,UIL,6.0,8.0,1.0,,3.0,10,1.0,1.0,6.0,7.0,6.0,2.0,4.0,10.0,6.0,8.0,5.0,5.0,9.0,8.0,9.0,8.0,4.0,4.0,5.0,4.0,9.0,,3.0,4.0,6.0,3.0,4.0,3.0,6.0,3.0,8.0,6.0,7.0,7.0,9.0,6.0,6.0,10.0,9.0,7.0,7.0,8.0,6.0,2.0,6.0,3,8.0,10,1
2013-07-18,53663,,11,1,4911.0,90274810,UIL,U I L HOLDINGS CORP,UIL,221111.0,N,A,R,21819,1,4931.0,90274810.0,,,49.0,493.0,,,,,,,41.21,0.014275,50699.0,1.0,40.64,2089305.79,UIL,6.0,8.0,1.0,,3.0,10,1.0,1.0,6.0,7.0,6.0,2.0,4.0,10.0,6.0,8.0,5.0,5.0,9.0,8.0,9.0,8.0,4.0,4.0,5.0,4.0,9.0,,3.0,4.0,6.0,3.0,4.0,3.0,6.0,3.0,8.0,6.0,7.0,7.0,9.0,6.0,6.0,10.0,9.0,7.0,7.0,8.0,6.0,2.0,6.0,3,8.0,10,1
2013-07-19,53663,,11,1,4911.0,90274810,UIL,U I L HOLDINGS CORP,UIL,221111.0,N,A,R,21819,1,4931.0,90274810.0,,,49.0,493.0,,,,,,,41.25,0.000971,50699.0,1.0,41.19,2091333.75,UIL,6.0,8.0,1.0,,3.0,10,1.0,1.0,6.0,7.0,6.0,2.0,4.0,10.0,6.0,8.0,5.0,5.0,9.0,8.0,9.0,8.0,4.0,4.0,5.0,4.0,9.0,,3.0,4.0,6.0,3.0,4.0,3.0,6.0,3.0,8.0,6.0,7.0,7.0,9.0,6.0,6.0,10.0,9.0,7.0,7.0,8.0,6.0,2.0,6.0,3,8.0,10,1
2013-07-22,53663,,11,1,4911.0,90274810,UIL,U I L HOLDINGS CORP,UIL,221111.0,N,A,R,21819,1,4931.0,90274810.0,,,49.0,493.0,,,,,,,41.23,-0.000485,50699.0,1.0,41.32,2090319.77,UIL,6.0,8.0,1.0,,3.0,10,1.0,1.0,6.0,7.0,6.0,2.0,4.0,10.0,6.0,8.0,5.0,5.0,9.0,8.0,9.0,8.0,4.0,4.0,5.0,4.0,9.0,,3.0,4.0,6.0,3.0,4.0,3.0,6.0,3.0,8.0,6.0,7.0,7.0,9.0,6.0,6.0,10.0,9.0,7.0,7.0,8.0,6.0,2.0,6.0,3,8.0,10,1
2013-07-23,53663,,11,1,4911.0,90274810,UIL,U I L HOLDINGS CORP,UIL,221111.0,N,A,R,21819,1,4931.0,90274810.0,,,49.0,493.0,,,,,,,41.24,0.000243,50699.0,1.0,41.35,2090826.76,UIL,6.0,8.0,1.0,,3.0,10,1.0,1.0,6.0,7.0,6.0,2.0,4.0,10.0,6.0,8.0,5.0,5.0,9.0,8.0,9.0,8.0,4.0,4.0,5.0,4.0,9.0,,3.0,4.0,6.0,3.0,4.0,3.0,6.0,3.0,8.0,6.0,7.0,7.0,9.0,6.0,6.0,10.0,9.0,7.0,7.0,8.0,6.0,2.0,6.0,3,8.0,10,1
2013-07-24,53663,,11,1,4911.0,90274810,UIL,U I L HOLDINGS CORP,UIL,221111.0,N,A,R,21819,1,4931.0,90274810.0,,,49.0,493.0,,,,,,,40.37,-0.021096,50699.0,1.0,41.32,2046718.63,UIL,6.0,8.0,1.0,,3.0,10,1.0,1.0,6.0,7.0,6.0,2.0,4.0,10.0,6.0,8.0,5.0,5.0,9.0,8.0,9.0,8.0,4.0,4.0,5.0,4.0,9.0,,3.0,4.0,6.0,3.0,4.0,3.0,6.0,3.0,8.0,6.0,7.0,7.0,9.0,6.0,6.0,10.0,9.0,7.0,7.0,8.0,6.0,2.0,6.0,3,8.0,10,1
2013-07-25,53663,,11,1,4911.0,90274810,UIL,U I L HOLDINGS CORP,UIL,221111.0,N,A,R,21819,1,4931.0,90274810.0,,,49.0,493.0,,,,,,,40.65,0.006936,50699.0,1.0,40.3,2060914.35,UIL,6.0,8.0,1.0,,3.0,10,1.0,1.0,6.0,7.0,6.0,2.0,4.0,10.0,6.0,8.0,5.0,5.0,9.0,8.0,9.0,8.0,4.0,4.0,5.0,4.0,9.0,,3.0,4.0,6.0,3.0,4.0,3.0,6.0,3.0,8.0,6.0,7.0,7.0,9.0,6.0,6.0,10.0,9.0,7.0,7.0,8.0,6.0,2.0,6.0,3,8.0,10,1
2013-07-26,53663,,11,1,4911.0,90274810,UIL,U I L HOLDINGS CORP,UIL,221111.0,N,A,R,21819,1,4931.0,90274810.0,,,49.0,493.0,,,,,,,40.73,0.001968,50699.0,1.0,40.45,2064970.27,UIL,6.0,8.0,1.0,,3.0,10,1.0,1.0,6.0,7.0,6.0,2.0,4.0,10.0,6.0,8.0,5.0,5.0,9.0,8.0,9.0,8.0,4.0,4.0,5.0,4.0,9.0,,3.0,4.0,6.0,3.0,4.0,3.0,6.0,3.0,8.0,6.0,7.0,7.0,9.0,6.0,6.0,10.0,9.0,7.0,7.0,8.0,6.0,2.0,6.0,3,8.0,10,1
2013-07-29,53663,,11,1,4911.0,90274810,UIL,U I L HOLDINGS CORP,UIL,221111.0,N,A,R,21819,1,4931.0,90274810.0,,,49.0,493.0,,,,,,,41.07,0.008348,50699.0,1.0,40.76,2082207.93,UIL,6.0,8.0,1.0,,3.0,10,1.0,1.0,6.0,7.0,6.0,2.0,4.0,10.0,6.0,8.0,5.0,5.0,9.0,8.0,9.0,8.0,4.0,4.0,5.0,4.0,9.0,,3.0,4.0,6.0,3.0,4.0,3.0,6.0,3.0,8.0,6.0,7.0,7.0,9.0,6.0,6.0,10.0,9.0,7.0,7.0,8.0,6.0,2.0,6.0,3,8.0,10,1
2013-07-30,53663,,11,1,4911.0,90274810,UIL,U I L HOLDINGS CORP,UIL,221111.0,N,A,R,21819,1,4931.0,90274810.0,,,49.0,493.0,,,,,,,41.04,-0.00073,50699.0,1.0,41.21,2080686.96,UIL,6.0,8.0,1.0,,3.0,10,1.0,1.0,6.0,7.0,6.0,2.0,4.0,10.0,6.0,8.0,5.0,5.0,9.0,8.0,9.0,8.0,4.0,4.0,5.0,4.0,9.0,,3.0,4.0,6.0,3.0,4.0,3.0,6.0,3.0,8.0,6.0,7.0,7.0,9.0,6.0,6.0,10.0,9.0,7.0,7.0,8.0,6.0,2.0,6.0,3,8.0,10,1
2013-07-31,53663,,11,1,4911.0,90274810,UIL,U I L HOLDINGS CORP,UIL,221111.0,N,A,R,21819,1,4931.0,90274810.0,,,49.0,493.0,,,,,,,40.84,-0.004873,50699.0,1.0,41.05,2070547.16,UIL,6.0,8.0,1.0,,3.0,10,1.0,1.0,6.0,7.0,6.0,2.0,4.0,10.0,6.0,8.0,5.0,5.0,9.0,8.0,9.0,8.0,4.0,4.0,5.0,4.0,9.0,,3.0,4.0,6.0,3.0,4.0,3.0,6.0,3.0,8.0,6.0,7.0,7.0,9.0,6.0,6.0,10.0,9.0,7.0,7.0,8.0,6.0,2.0,6.0,3,8.0,10,1
2013-08-01,53663,,11,1,4911.0,90274810,UIL,U I L HOLDINGS CORP,UIL,221111.0,N,A,R,21819,1,4931.0,90274810.0,,,49.0,493.0,,,,,,,41.01,0.004163,50699.0,1.0,41.1,2079165.99,UIL,6.0,8.0,1.0,,3.0,10,1.0,1.0,6.0,7.0,6.0,2.0,4.0,10.0,6.0,8.0,5.0,5.0,9.0,8.0,9.0,8.0,4.0,4.0,5.0,4.0,9.0,,4.0,4.0,6.0,3.0,5.0,3.0,6.0,3.0,8.0,6.0,7.0,7.0,9.0,6.0,5.0,9.0,9.0,8.0,5.0,4.0,2.0,1.0,6.0,3,8.0,10,1
2013-08-02,53663,,11,1,4911.0,90274810,UIL,U I L HOLDINGS CORP,UIL,221111.0,N,A,R,21819,1,4931.0,90274810.0,,,49.0,493.0,,,,,,,40.94,-0.001707,50699.0,1.0,40.91,2075617.06,UIL,6.0,8.0,1.0,,3.0,10,1.0,1.0,6.0,7.0,6.0,2.0,4.0,10.0,6.0,8.0,5.0,5.0,9.0,8.0,9.0,8.0,4.0,4.0,5.0,4.0,9.0,,4.0,4.0,6.0,3.0,5.0,3.0,6.0,3.0,8.0,6.0,7.0,7.0,9.0,6.0,5.0,9.0,9.0,8.0,5.0,4.0,2.0,1.0,6.0,3,8.0,10,1
2013-08-05,53663,,11,1,4911.0,90274810,UIL,U I L HOLDINGS CORP,UIL,221111.0,N,A,R,21819,1,4931.0,90274810.0,,,49.0,493.0,,,,,,,40.71,-0.005618,50699.0,1.0,40.9,2063956.29,UIL,6.0,8.0,1.0,,3.0,10,1.0,1.0,6.0,7.0,6.0,2.0,4.0,10.0,6.0,8.0,5.0,5.0,9.0,8.0,9.0,8.0,4.0,4.0,5.0,4.0,9.0,,4.0,4.0,6.0,3.0,5.0,3.0,6.0,3.0,8.0,6.0,7.0,7.0,9.0,6.0,5.0,9.0,9.0,8.0,5.0,4.0,2.0,1.0,6.0,3,8.0,10,1
2013-08-06,53663,,11,1,4911.0,90274810,UIL,U I L HOLDINGS CORP,UIL,221111.0,N,A,R,21819,1,4931.0,90274810.0,,,49.0,493.0,,,,,,,40.23,-0.011791,50699.0,1.0,40.66,2039620.77,UIL,6.0,8.0,1.0,,3.0,10,1.0,1.0,6.0,7.0,6.0,2.0,4.0,10.0,6.0,8.0,5.0,5.0,9.0,8.0,9.0,8.0,4.0,4.0,5.0,4.0,9.0,,4.0,4.0,6.0,3.0,5.0,3.0,6.0,3.0,8.0,6.0,7.0,7.0,9.0,6.0,5.0,9.0,9.0,8.0,5.0,4.0,2.0,1.0,6.0,3,8.0,10,1
2013-08-07,53663,,11,1,4911.0,90274810,UIL,U I L HOLDINGS CORP,UIL,221111.0,N,A,R,21819,1,4931.0,90274810.0,,,49.0,493.0,,,,,,,40.25,0.000497,50699.0,1.0,40.75,2040634.75,UIL,6.0,8.0,1.0,,3.0,10,1.0,1.0,6.0,7.0,6.0,2.0,4.0,10.0,6.0,8.0,5.0,5.0,9.0,8.0,9.0,8.0,4.0,4.0,5.0,4.0,9.0,,4.0,4.0,6.0,3.0,5.0,3.0,6.0,3.0,8.0,6.0,7.0,7.0,9.0,6.0,5.0,9.0,9.0,8.0,5.0,4.0,2.0,1.0,6.0,3,8.0,10,1
2013-08-08,53663,,11,1,4911.0,90274810,UIL,U I L HOLDINGS CORP,UIL,221111.0,N,A,R,21819,1,4931.0,90274810.0,,,49.0,493.0,,,,,,,40.27,0.000497,50699.0,1.0,40.42,2041648.73,UIL,6.0,8.0,1.0,,3.0,10,1.0,1.0,6.0,7.0,6.0,2.0,4.0,10.0,6.0,8.0,5.0,5.0,9.0,8.0,9.0,8.0,4.0,4.0,5.0,4.0,9.0,,4.0,4.0,6.0,3.0,5.0,3.0,6.0,3.0,8.0,6.0,7.0,7.0,9.0,6.0,5.0,9.0,9.0,8.0,5.0,4.0,2.0,1.0,6.0,3,8.0,10,1
2013-08-09,53663,,11,1,4911.0,90274810,UIL,U I L HOLDINGS CORP,UIL,221111.0,N,A,R,21819,1,4931.0,90274810.0,,,49.0,493.0,,,,,,,39.97,-0.00745,50699.0,1.0,40.22,2026439.03,UIL,6.0,8.0,1.0,,3.0,10,1.0,1.0,6.0,7.0,6.0,2.0,4.0,10.0,6.0,8.0,5.0,5.0,9.0,8.0,9.0,8.0,4.0,4.0,5.0,4.0,9.0,,4.0,4.0,6.0,3.0,5.0,3.0,6.0,3.0,8.0,6.0,7.0,7.0,9.0,6.0,5.0,9.0,9.0,8.0,5.0,4.0,2.0,1.0,6.0,3,8.0,10,1
2013-08-12,53663,,11,1,4911.0,90274810,UIL,U I L HOLDINGS CORP,UIL,221111.0,N,A,R,21819,1,4931.0,90274810.0,,,49.0,493.0,,,,,,,40.04,0.001751,50699.0,1.0,39.65,2029987.96,UIL,6.0,8.0,1.0,,3.0,10,1.0,1.0,6.0,7.0,6.0,2.0,4.0,10.0,6.0,8.0,5.0,5.0,9.0,8.0,9.0,8.0,4.0,4.0,5.0,4.0,9.0,,4.0,4.0,6.0,3.0,5.0,3.0,6.0,3.0,8.0,6.0,7.0,7.0,9.0,6.0,5.0,9.0,9.0,8.0,5.0,4.0,2.0,1.0,6.0,3,8.0,10,1
2013-08-13,53663,,11,1,4911.0,90274810,UIL,U I L HOLDINGS CORP,UIL,221111.0,N,A,R,21819,1,4931.0,90274810.0,,,49.0,493.0,,,,,,,40.05,0.00025,50699.0,1.0,40.01,2030494.95,UIL,6.0,8.0,1.0,,3.0,10,1.0,1.0,6.0,7.0,6.0,2.0,4.0,10.0,6.0,8.0,5.0,5.0,9.0,8.0,9.0,8.0,4.0,4.0,5.0,4.0,9.0,,4.0,4.0,6.0,3.0,5.0,3.0,6.0,3.0,8.0,6.0,7.0,7.0,9.0,6.0,5.0,9.0,9.0,8.0,5.0,4.0,2.0,1.0,6.0,3,8.0,10,1
2013-08-14,53663,,11,1,4911.0,90274810,UIL,U I L HOLDINGS CORP,UIL,221111.0,N,A,R,21819,1,4931.0,90274810.0,,,49.0,493.0,,,,,,,39.59,-0.011486,50699.0,1.0,39.93,2007173.41,UIL,6.0,8.0,1.0,,3.0,10,1.0,1.0,6.0,7.0,6.0,2.0,4.0,10.0,6.0,8.0,5.0,5.0,9.0,8.0,9.0,8.0,4.0,4.0,5.0,4.0,9.0,,4.0,4.0,6.0,3.0,5.0,3.0,6.0,3.0,8.0,6.0,7.0,7.0,9.0,6.0,5.0,9.0,9.0,8.0,5.0,4.0,2.0,1.0,6.0,3,8.0,10,1
2013-08-15,53663,,11,1,4911.0,90274810,UIL,U I L HOLDINGS CORP,UIL,221111.0,N,A,R,21819,1,4931.0,90274810.0,,,49.0,493.0,,,,,,,38.47,-0.02829,50699.0,1.0,39.11,1950390.53,UIL,6.0,8.0,1.0,,3.0,10,1.0,1.0,6.0,7.0,6.0,2.0,4.0,10.0,6.0,8.0,5.0,5.0,9.0,8.0,9.0,8.0,4.0,4.0,5.0,4.0,9.0,,4.0,4.0,6.0,3.0,5.0,3.0,6.0,3.0,8.0,6.0,7.0,7.0,9.0,6.0,5.0,9.0,9.0,8.0,5.0,4.0,2.0,1.0,6.0,3,8.0,10,1
2013-08-16,53663,,11,1,4911.0,90274810,UIL,U I L HOLDINGS CORP,UIL,221111.0,N,A,R,21819,1,4931.0,90274810.0,,,49.0,493.0,,,,,,,37.94,-0.013777,50699.0,1.0,38.34,1923520.06,UIL,6.0,8.0,1.0,,3.0,10,1.0,1.0,6.0,7.0,6.0,2.0,4.0,10.0,6.0,8.0,5.0,5.0,9.0,8.0,9.0,8.0,4.0,4.0,5.0,4.0,9.0,,4.0,4.0,6.0,3.0,5.0,3.0,6.0,3.0,8.0,6.0,7.0,7.0,9.0,6.0,5.0,9.0,9.0,8.0,5.0,4.0,2.0,1.0,6.0,3,8.0,10,1
2013-08-19,53663,,11,1,4911.0,90274810,UIL,U I L HOLDINGS CORP,UIL,221111.0,N,A,R,21819,1,4931.0,90274810.0,,,49.0,493.0,,,,,,,37.31,-0.016605,50699.0,1.0,37.93,1891579.69,UIL,6.0,8.0,1.0,,3.0,10,1.0,1.0,6.0,7.0,6.0,2.0,4.0,10.0,6.0,8.0,5.0,5.0,9.0,8.0,9.0,8.0,4.0,4.0,5.0,4.0,9.0,,4.0,4.0,6.0,3.0,5.0,3.0,6.0,3.0,8.0,6.0,7.0,7.0,9.0,6.0,5.0,9.0,9.0,8.0,5.0,4.0,2.0,1.0,6.0,3,8.0,10,1
2013-08-20,53663,,11,1,4911.0,90274810,UIL,U I L HOLDINGS CORP,UIL,221111.0,N,A,R,21819,1,4931.0,90274810.0,,,49.0,493.0,,,,,,,37.6,0.007773,50699.0,1.0,37.4,1906282.4,UIL,6.0,8.0,1.0,,3.0,10,1.0,1.0,6.0,7.0,6.0,2.0,4.0,10.0,6.0,8.0,5.0,5.0,9.0,8.0,9.0,8.0,4.0,4.0,5.0,4.0,9.0,,4.0,4.0,6.0,3.0,5.0,3.0,6.0,3.0,8.0,6.0,7.0,7.0,9.0,6.0,5.0,9.0,9.0,8.0,5.0,4.0,2.0,1.0,6.0,3,8.0,10,1
2013-08-21,53663,,11,1,4911.0,90274810,UIL,U I L HOLDINGS CORP,UIL,221111.0,N,A,R,21819,1,4931.0,90274810.0,,,49.0,493.0,,,,,,,36.93,-0.017819,50699.0,1.0,37.45,1872314.07,UIL,6.0,8.0,1.0,,3.0,10,1.0,1.0,6.0,7.0,6.0,2.0,4.0,10.0,6.0,8.0,5.0,5.0,9.0,8.0,9.0,8.0,4.0,4.0,5.0,4.0,9.0,,4.0,4.0,6.0,3.0,5.0,3.0,6.0,3.0,8.0,6.0,7.0,7.0,9.0,6.0,5.0,9.0,9.0,8.0,5.0,4.0,2.0,1.0,6.0,3,8.0,10,1
2013-08-22,53663,,11,1,4911.0,90274810,UIL,U I L HOLDINGS CORP,UIL,221111.0,N,A,R,21819,1,4931.0,90274810.0,,,49.0,493.0,,,,,,,37.12,0.005145,50699.0,1.0,37.07,1881946.88,UIL,6.0,8.0,1.0,,3.0,10,1.0,1.0,6.0,7.0,6.0,2.0,4.0,10.0,6.0,8.0,5.0,5.0,9.0,8.0,9.0,8.0,4.0,4.0,5.0,4.0,9.0,,4.0,4.0,6.0,3.0,5.0,3.0,6.0,3.0,8.0,6.0,7.0,7.0,9.0,6.0,5.0,9.0,9.0,8.0,5.0,4.0,2.0,1.0,6.0,3,8.0,10,1
2013-08-23,53663,,11,1,4911.0,90274810,UIL,U I L HOLDINGS CORP,UIL,221111.0,N,A,R,21819,1,4931.0,90274810.0,,,49.0,493.0,,,,,,,37.31,0.005119,50699.0,1.0,37.15,1891579.69,UIL,6.0,8.0,1.0,,3.0,10,1.0,1.0,6.0,7.0,6.0,2.0,4.0,10.0,6.0,8.0,5.0,5.0,9.0,8.0,9.0,8.0,4.0,4.0,5.0,4.0,9.0,,4.0,4.0,6.0,3.0,5.0,3.0,6.0,3.0,8.0,6.0,7.0,7.0,9.0,6.0,5.0,9.0,9.0,8.0,5.0,4.0,2.0,1.0,6.0,3,8.0,10,1
2013-08-26,53663,,11,1,4911.0,90274810,UIL,U I L HOLDINGS CORP,UIL,221111.0,N,A,R,21819,1,4931.0,90274810.0,,,49.0,493.0,,,,,,,36.98,-0.008845,50699.0,1.0,37.47,1874849.02,UIL,6.0,8.0,1.0,,3.0,10,1.0,1.0,6.0,7.0,6.0,2.0,4.0,10.0,6.0,8.0,5.0,5.0,9.0,8.0,9.0,8.0,4.0,4.0,5.0,4.0,9.0,,4.0,4.0,6.0,3.0,5.0,3.0,6.0,3.0,8.0,6.0,7.0,7.0,9.0,6.0,5.0,9.0,9.0,8.0,5.0,4.0,2.0,1.0,6.0,3,8.0,10,1
2013-08-27,53663,,11,1,4911.0,90274810,UIL,U I L HOLDINGS CORP,UIL,221111.0,N,A,R,21819,1,4931.0,90274810.0,,,49.0,493.0,,,,,,,37.37,0.010546,50699.0,1.0,36.7,1894621.63,UIL,6.0,8.0,1.0,,3.0,10,1.0,1.0,6.0,7.0,6.0,2.0,4.0,10.0,6.0,8.0,5.0,5.0,9.0,8.0,9.0,8.0,4.0,4.0,5.0,4.0,9.0,,4.0,4.0,6.0,3.0,5.0,3.0,6.0,3.0,8.0,6.0,7.0,7.0,9.0,6.0,5.0,9.0,9.0,8.0,5.0,4.0,2.0,1.0,6.0,3,8.0,10,1
2013-08-28,53663,,11,1,4911.0,90274810,UIL,U I L HOLDINGS CORP,UIL,221111.0,N,A,R,21819,1,4931.0,90274810.0,,,49.0,493.0,,,,,,,37.83,0.012309,50699.0,1.0,37.35,1917943.17,UIL,6.0,8.0,1.0,,3.0,10,1.0,1.0,6.0,7.0,6.0,2.0,4.0,10.0,6.0,8.0,5.0,5.0,9.0,8.0,9.0,8.0,4.0,4.0,5.0,4.0,9.0,,4.0,4.0,6.0,3.0,5.0,3.0,6.0,3.0,8.0,6.0,7.0,7.0,9.0,6.0,5.0,9.0,9.0,8.0,5.0,4.0,2.0,1.0,6.0,3,8.0,10,1
2013-08-29,53663,,11,1,4911.0,90274810,UIL,U I L HOLDINGS CORP,UIL,221111.0,N,A,R,21819,1,4931.0,90274810.0,,,49.0,493.0,,,,,,,37.82,-0.000264,50699.0,1.0,37.88,1917436.18,UIL,6.0,8.0,1.0,,3.0,10,1.0,1.0,6.0,7.0,6.0,2.0,4.0,10.0,6.0,8.0,5.0,5.0,9.0,8.0,9.0,8.0,4.0,4.0,5.0,4.0,9.0,,4.0,4.0,6.0,3.0,5.0,3.0,6.0,3.0,8.0,6.0,7.0,7.0,9.0,6.0,5.0,9.0,9.0,8.0,5.0,4.0,2.0,1.0,6.0,3,8.0,10,1
2013-08-30,53663,,11,1,4911.0,90274810,UIL,U I L HOLDINGS CORP,UIL,221111.0,N,A,R,21819,1,4931.0,90274810.0,,,49.0,493.0,,,,,,,37.76,-0.001586,50713.0,1.0,37.85,1914922.88,UIL,6.0,8.0,1.0,,3.0,10,1.0,1.0,6.0,7.0,6.0,2.0,4.0,10.0,6.0,8.0,5.0,5.0,9.0,8.0,9.0,8.0,4.0,4.0,5.0,4.0,9.0,,4.0,4.0,6.0,3.0,5.0,3.0,6.0,3.0,8.0,6.0,7.0,7.0,9.0,6.0,5.0,9.0,9.0,8.0,5.0,4.0,2.0,1.0,6.0,3,8.0,10,1
2013-09-03,53663,,11,1,4911.0,90274810,UIL,U I L HOLDINGS CORP,UIL,221111.0,N,A,R,21819,1,4931.0,90274810.0,,,49.0,493.0,,,,,,,36.81,-0.025159,50713.0,1.0,38.08,1866745.53,UIL,6.0,8.0,1.0,,3.0,10,1.0,1.0,6.0,7.0,6.0,2.0,4.0,10.0,6.0,8.0,5.0,5.0,9.0,8.0,9.0,8.0,4.0,4.0,5.0,4.0,9.0,,5.0,3.0,7.0,4.0,4.0,4.0,3.0,4.0,8.0,7.0,7.0,3.0,4.0,3.0,8.0,9.0,9.0,9.0,8.0,8.0,5.0,2.0,6.0,3,8.0,10,1
2013-09-04,53663,,11,1,4911.0,90274810,UIL,U I L HOLDINGS CORP,UIL,221111.0,N,A,R,21819,1,4931.0,90274810.0,,,49.0,493.0,,,,,,,36.82,0.000272,50713.0,1.0,36.8,1867252.66,UIL,6.0,8.0,1.0,,3.0,10,1.0,1.0,6.0,7.0,6.0,2.0,4.0,10.0,6.0,8.0,5.0,5.0,9.0,8.0,9.0,8.0,4.0,4.0,5.0,4.0,9.0,,5.0,3.0,7.0,4.0,4.0,4.0,3.0,4.0,8.0,7.0,7.0,3.0,4.0,3.0,8.0,9.0,9.0,9.0,8.0,8.0,5.0,2.0,6.0,3,8.0,10,1
2013-09-05,53663,,11,1,4911.0,90274810,UIL,U I L HOLDINGS CORP,UIL,221111.0,N,A,R,21819,1,4931.0,90274810.0,,,49.0,493.0,,,,,,,36.41,-0.011135,50713.0,1.0,36.74,1846460.33,UIL,6.0,8.0,1.0,,3.0,10,1.0,1.0,6.0,7.0,6.0,2.0,4.0,10.0,6.0,8.0,5.0,5.0,9.0,8.0,9.0,8.0,4.0,4.0,5.0,4.0,9.0,,5.0,3.0,7.0,4.0,4.0,4.0,3.0,4.0,8.0,7.0,7.0,3.0,4.0,3.0,8.0,9.0,9.0,9.0,8.0,8.0,5.0,2.0,6.0,3,8.0,10,1
2013-09-06,53663,,11,1,4911.0,90274810,UIL,U I L HOLDINGS CORP,UIL,221111.0,N,A,R,21819,1,4931.0,90274810.0,,,49.0,493.0,,,,,,,36.36,-0.001373,50713.0,1.0,36.7,1843924.68,UIL,6.0,8.0,1.0,,3.0,10,1.0,1.0,6.0,7.0,6.0,2.0,4.0,10.0,6.0,8.0,5.0,5.0,9.0,8.0,9.0,8.0,4.0,4.0,5.0,4.0,9.0,,5.0,3.0,7.0,4.0,4.0,4.0,3.0,4.0,8.0,7.0,7.0,3.0,4.0,3.0,8.0,9.0,9.0,9.0,8.0,8.0,5.0,2.0,6.0,3,8.0,10,1
2013-09-09,53663,,11,1,4911.0,90274810,UIL,U I L HOLDINGS CORP,UIL,221111.0,N,A,R,21819,1,4931.0,90274810.0,,,49.0,493.0,,,,,,,36.61,0.006876,50713.0,1.0,36.39,1856602.93,UIL,6.0,8.0,1.0,,3.0,10,1.0,1.0,6.0,7.0,6.0,2.0,4.0,10.0,6.0,8.0,5.0,5.0,9.0,8.0,9.0,8.0,4.0,4.0,5.0,4.0,9.0,,5.0,3.0,7.0,4.0,4.0,4.0,3.0,4.0,8.0,7.0,7.0,3.0,4.0,3.0,8.0,9.0,9.0,9.0,8.0,8.0,5.0,2.0,6.0,3,8.0,10,1
2013-09-10,53663,,11,1,4911.0,90274810,UIL,U I L HOLDINGS CORP,UIL,221111.0,N,A,R,21819,1,4931.0,90274810.0,,,49.0,493.0,,,,,,,36.84,0.006282,50713.0,1.0,36.68,1868266.92,UIL,6.0,8.0,1.0,,3.0,10,1.0,1.0,6.0,7.0,6.0,2.0,4.0,10.0,6.0,8.0,5.0,5.0,9.0,8.0,9.0,8.0,4.0,4.0,5.0,4.0,9.0,,5.0,3.0,7.0,4.0,4.0,4.0,3.0,4.0,8.0,7.0,7.0,3.0,4.0,3.0,8.0,9.0,9.0,9.0,8.0,8.0,5.0,2.0,6.0,3,8.0,10,1
2013-09-11,53663,,11,1,4911.0,90274810,UIL,U I L HOLDINGS CORP,UIL,221111.0,N,A,R,21819,1,4931.0,90274810.0,,,49.0,493.0,,,,,,,36.56,-0.0076,50713.0,1.0,36.8,1854067.28,UIL,6.0,8.0,1.0,,3.0,10,1.0,1.0,6.0,7.0,6.0,2.0,4.0,10.0,6.0,8.0,5.0,5.0,9.0,8.0,9.0,8.0,4.0,4.0,5.0,4.0,9.0,,5.0,3.0,7.0,4.0,4.0,4.0,3.0,4.0,8.0,7.0,7.0,3.0,4.0,3.0,8.0,9.0,9.0,9.0,8.0,8.0,5.0,2.0,6.0,3,8.0,10,1
2013-09-12,53663,,11,1,4911.0,90274810,UIL,U I L HOLDINGS CORP,UIL,221111.0,N,A,R,21819,1,4931.0,90274810.0,,,49.0,493.0,,,,,,,36.46,-0.002735,50713.0,1.0,36.67,1848995.98,UIL,6.0,8.0,1.0,,3.0,10,1.0,1.0,6.0,7.0,6.0,2.0,4.0,10.0,6.0,8.0,5.0,5.0,9.0,8.0,9.0,8.0,4.0,4.0,5.0,4.0,9.0,,5.0,3.0,7.0,4.0,4.0,4.0,3.0,4.0,8.0,7.0,7.0,3.0,4.0,3.0,8.0,9.0,9.0,9.0,8.0,8.0,5.0,2.0,6.0,3,8.0,10,1
2013-09-13,53663,,11,1,4911.0,90274810,UIL,U I L HOLDINGS CORP,UIL,221111.0,N,A,R,21819,1,4931.0,90274810.0,,,49.0,493.0,,,,,,,36.67,0.00576,50713.0,1.0,36.67,1859645.71,UIL,6.0,8.0,1.0,,3.0,10,1.0,1.0,6.0,7.0,6.0,2.0,4.0,10.0,6.0,8.0,5.0,5.0,9.0,8.0,9.0,8.0,4.0,4.0,5.0,4.0,9.0,,5.0,3.0,7.0,4.0,4.0,4.0,3.0,4.0,8.0,7.0,7.0,3.0,4.0,3.0,8.0,9.0,9.0,9.0,8.0,8.0,5.0,2.0,6.0,3,8.0,10,1
2013-09-16,53663,,11,1,4911.0,90274810,UIL,U I L HOLDINGS CORP,UIL,221111.0,N,A,R,21819,1,4931.0,90274810.0,,,49.0,493.0,1232.0,0.432,0.0,,,,36.48,0.006599,50713.0,1.0,36.61,1850010.24,UIL,6.0,8.0,1.0,,3.0,10,1.0,1.0,6.0,7.0,6.0,2.0,4.0,10.0,6.0,8.0,5.0,5.0,9.0,8.0,9.0,8.0,4.0,4.0,5.0,4.0,9.0,,5.0,3.0,7.0,4.0,4.0,4.0,3.0,4.0,8.0,7.0,7.0,3.0,4.0,3.0,8.0,9.0,9.0,9.0,8.0,8.0,5.0,2.0,6.0,3,8.0,10,1
2013-09-17,53663,,11,1,4911.0,90274810,UIL,U I L HOLDINGS CORP,UIL,221111.0,N,A,R,21819,1,4931.0,90274810.0,,,49.0,493.0,,,,,,,36.46,-0.000548,50713.0,1.0,36.4,1848995.98,UIL,6.0,8.0,1.0,,3.0,10,1.0,1.0,6.0,7.0,6.0,2.0,4.0,10.0,6.0,8.0,5.0,5.0,9.0,8.0,9.0,8.0,4.0,4.0,5.0,4.0,9.0,,5.0,3.0,7.0,4.0,4.0,4.0,3.0,4.0,8.0,7.0,7.0,3.0,4.0,3.0,8.0,9.0,9.0,9.0,8.0,8.0,5.0,2.0,6.0,3,8.0,10,1
2013-09-18,53663,,11,1,4911.0,90274810,UIL,U I L HOLDINGS CORP,UIL,221111.0,N,A,R,21819,1,4931.0,90274810.0,,,49.0,493.0,,,,,,,37.68,0.033461,50713.0,1.0,36.35,1910865.84,UIL,6.0,8.0,1.0,,3.0,10,1.0,1.0,6.0,7.0,6.0,2.0,4.0,10.0,6.0,8.0,5.0,5.0,9.0,8.0,9.0,8.0,4.0,4.0,5.0,4.0,9.0,,5.0,3.0,7.0,4.0,4.0,4.0,3.0,4.0,8.0,7.0,7.0,3.0,4.0,3.0,8.0,9.0,9.0,9.0,8.0,8.0,5.0,2.0,6.0,3,8.0,10,1
2013-09-19,53663,,11,1,4911.0,90274810,UIL,U I L HOLDINGS CORP,UIL,221111.0,N,A,R,21819,1,4931.0,90274810.0,,,49.0,493.0,,,,,,,37.69,0.000265,50713.0,1.0,37.6,1911372.97,UIL,6.0,8.0,1.0,,3.0,10,1.0,1.0,6.0,7.0,6.0,2.0,4.0,10.0,6.0,8.0,5.0,5.0,9.0,8.0,9.0,8.0,4.0,4.0,5.0,4.0,9.0,,5.0,3.0,7.0,4.0,4.0,4.0,3.0,4.0,8.0,7.0,7.0,3.0,4.0,3.0,8.0,9.0,9.0,9.0,8.0,8.0,5.0,2.0,6.0,3,8.0,10,1
2013-09-20,53663,,11,1,4911.0,90274810,UIL,U I L HOLDINGS CORP,UIL,221111.0,N,A,R,21819,1,4931.0,90274810.0,,,49.0,493.0,,,,,,,37.81,0.003184,50713.0,1.0,37.78,1917458.53,UIL,6.0,8.0,1.0,,3.0,10,1.0,1.0,6.0,7.0,6.0,2.0,4.0,10.0,6.0,8.0,5.0,5.0,9.0,8.0,9.0,8.0,4.0,4.0,5.0,4.0,9.0,,5.0,3.0,7.0,4.0,4.0,4.0,3.0,4.0,8.0,7.0,7.0,3.0,4.0,3.0,8.0,9.0,9.0,9.0,8.0,8.0,5.0,2.0,6.0,3,8.0,10,1
2013-09-23,53663,,11,1,4911.0,90274810,UIL,U I L HOLDINGS CORP,UIL,221111.0,N,A,R,21819,1,4931.0,90274810.0,,,49.0,493.0,,,,,,,38.56,0.019836,50713.0,1.0,37.6,1955493.28,UIL,6.0,8.0,1.0,,3.0,10,1.0,1.0,6.0,7.0,6.0,2.0,4.0,10.0,6.0,8.0,5.0,5.0,9.0,8.0,9.0,8.0,4.0,4.0,5.0,4.0,9.0,,5.0,3.0,7.0,4.0,4.0,4.0,3.0,4.0,8.0,7.0,7.0,3.0,4.0,3.0,8.0,9.0,9.0,9.0,8.0,8.0,5.0,2.0,6.0,3,8.0,10,1
2013-09-24,53663,,11,1,4911.0,90274810,UIL,U I L HOLDINGS CORP,UIL,221111.0,N,A,R,21819,1,4931.0,90274810.0,,,49.0,493.0,,,,,,,38.52,-0.001037,50713.0,1.0,38.49,1953464.76,UIL,6.0,8.0,1.0,,3.0,10,1.0,1.0,6.0,7.0,6.0,2.0,4.0,10.0,6.0,8.0,5.0,5.0,9.0,8.0,9.0,8.0,4.0,4.0,5.0,4.0,9.0,,5.0,3.0,7.0,4.0,4.0,4.0,3.0,4.0,8.0,7.0,7.0,3.0,4.0,3.0,8.0,9.0,9.0,9.0,8.0,8.0,5.0,2.0,6.0,3,8.0,10,1
2013-09-25,53663,,11,1,4911.0,90274810,UIL,U I L HOLDINGS CORP,UIL,221111.0,N,A,R,21819,1,4931.0,90274810.0,,,49.0,493.0,,,,,,,38.45,-0.001817,50713.0,1.0,38.49,1949914.85,UIL,6.0,8.0,1.0,,3.0,10,1.0,1.0,6.0,7.0,6.0,2.0,4.0,10.0,6.0,8.0,5.0,5.0,9.0,8.0,9.0,8.0,4.0,4.0,5.0,4.0,9.0,,5.0,3.0,7.0,4.0,4.0,4.0,3.0,4.0,8.0,7.0,7.0,3.0,4.0,3.0,8.0,9.0,9.0,9.0,8.0,8.0,5.0,2.0,6.0,3,8.0,10,1
2013-09-26,53663,,11,1,4911.0,90274810,UIL,U I L HOLDINGS CORP,UIL,221111.0,N,A,R,21819,1,4931.0,90274810.0,,,49.0,493.0,,,,,,,37.78,-0.017425,50713.0,1.0,38.38,1915937.14,UIL,6.0,8.0,1.0,,3.0,10,1.0,1.0,6.0,7.0,6.0,2.0,4.0,10.0,6.0,8.0,5.0,5.0,9.0,8.0,9.0,8.0,4.0,4.0,5.0,4.0,9.0,,5.0,3.0,7.0,4.0,4.0,4.0,3.0,4.0,8.0,7.0,7.0,3.0,4.0,3.0,8.0,9.0,9.0,9.0,8.0,8.0,5.0,2.0,6.0,3,8.0,10,1
2013-09-27,53663,,11,1,4911.0,90274810,UIL,U I L HOLDINGS CORP,UIL,221111.0,N,A,R,21819,1,4931.0,90274810.0,,,49.0,493.0,,,,,,,36.77,-0.026734,50713.0,1.0,36.86,1864717.01,UIL,6.0,8.0,1.0,,3.0,10,1.0,1.0,6.0,7.0,6.0,2.0,4.0,10.0,6.0,8.0,5.0,5.0,9.0,8.0,9.0,8.0,4.0,4.0,5.0,4.0,9.0,,5.0,3.0,7.0,4.0,4.0,4.0,3.0,4.0,8.0,7.0,7.0,3.0,4.0,3.0,8.0,9.0,9.0,9.0,8.0,8.0,5.0,2.0,6.0,3,8.0,10,1
2013-09-30,53663,,11,1,4911.0,90274810,UIL,U I L HOLDINGS CORP,UIL,221111.0,N,A,R,21819,1,4931.0,90274810.0,,,49.0,493.0,,,,,,,37.18,0.01115,55713.0,1.0,36.53,2071409.34,UIL,6.0,8.0,1.0,,3.0,10,1.0,1.0,6.0,7.0,6.0,2.0,4.0,10.0,6.0,8.0,5.0,5.0,9.0,8.0,9.0,8.0,4.0,4.0,5.0,4.0,9.0,,5.0,3.0,7.0,4.0,4.0,4.0,3.0,4.0,8.0,7.0,7.0,3.0,4.0,3.0,8.0,9.0,9.0,9.0,8.0,8.0,5.0,2.0,6.0,3,8.0,10,1
2013-10-01,53663,,11,1,4911.0,90274810,UIL,U I L HOLDINGS CORP,UIL,221111.0,N,A,R,21819,1,4931.0,90274810.0,,,49.0,493.0,,,,,,,37.34,0.004303,55713.0,1.0,37.24,2080323.42,UIL,6.0,8.0,1.0,,3.0,10,1.0,1.0,6.0,7.0,6.0,2.0,4.0,10.0,6.0,8.0,5.0,5.0,9.0,8.0,9.0,8.0,4.0,4.0,5.0,4.0,9.0,,3.0,2.0,5.0,2.0,5.0,3.0,5.0,5.0,8.0,1.0,7.0,3.0,4.0,3.0,9.0,7.0,9.0,7.0,7.0,7.0,4.0,3.0,6.0,3,7.0,10,1
2013-10-02,53663,,11,1,4911.0,90274810,UIL,U I L HOLDINGS CORP,UIL,221111.0,N,A,R,21819,1,4931.0,90274810.0,,,49.0,493.0,,,,,,,37.61,0.007231,55713.0,1.0,37.22,2095365.93,UIL,6.0,8.0,1.0,,3.0,10,1.0,1.0,6.0,7.0,6.0,2.0,4.0,10.0,6.0,8.0,5.0,5.0,9.0,8.0,9.0,8.0,4.0,4.0,5.0,4.0,9.0,,3.0,2.0,5.0,2.0,5.0,3.0,5.0,5.0,8.0,1.0,7.0,3.0,4.0,3.0,9.0,7.0,9.0,7.0,7.0,7.0,4.0,3.0,6.0,3,7.0,10,1
2013-10-03,53663,,11,1,4911.0,90274810,UIL,U I L HOLDINGS CORP,UIL,221111.0,N,A,R,21819,1,4931.0,90274810.0,,,49.0,493.0,,,,,,,37.13,-0.012763,55713.0,1.0,37.57,2068623.69,UIL,6.0,8.0,1.0,,3.0,10,1.0,1.0,6.0,7.0,6.0,2.0,4.0,10.0,6.0,8.0,5.0,5.0,9.0,8.0,9.0,8.0,4.0,4.0,5.0,4.0,9.0,,3.0,2.0,5.0,2.0,5.0,3.0,5.0,5.0,8.0,1.0,7.0,3.0,4.0,3.0,9.0,7.0,9.0,7.0,7.0,7.0,4.0,3.0,6.0,3,7.0,10,1
2013-10-04,53663,,11,1,4911.0,90274810,UIL,U I L HOLDINGS CORP,UIL,221111.0,N,A,R,21819,1,4931.0,90274810.0,,,49.0,493.0,,,,,,,36.97,-0.004309,55713.0,1.0,37.03,2059709.61,UIL,6.0,8.0,1.0,,3.0,10,1.0,1.0,6.0,7.0,6.0,2.0,4.0,10.0,6.0,8.0,5.0,5.0,9.0,8.0,9.0,8.0,4.0,4.0,5.0,4.0,9.0,,3.0,2.0,5.0,2.0,5.0,3.0,5.0,5.0,8.0,1.0,7.0,3.0,4.0,3.0,9.0,7.0,9.0,7.0,7.0,7.0,4.0,3.0,6.0,3,7.0,10,1
2013-10-07,53663,,11,1,4911.0,90274810,UIL,U I L HOLDINGS CORP,UIL,221111.0,N,A,R,21819,1,4931.0,90274810.0,,,49.0,493.0,,,,,,,36.83,-0.003787,55713.0,1.0,36.75,2051909.79,UIL,6.0,8.0,1.0,,3.0,10,1.0,1.0,6.0,7.0,6.0,2.0,4.0,10.0,6.0,8.0,5.0,5.0,9.0,8.0,9.0,8.0,4.0,4.0,5.0,4.0,9.0,,3.0,2.0,5.0,2.0,5.0,3.0,5.0,5.0,8.0,1.0,7.0,3.0,4.0,3.0,9.0,7.0,9.0,7.0,7.0,7.0,4.0,3.0,6.0,3,7.0,10,1
2013-10-08,53663,,11,1,4911.0,90274810,UIL,U I L HOLDINGS CORP,UIL,221111.0,N,A,R,21819,1,4931.0,90274810.0,,,49.0,493.0,,,,,,,36.7,-0.00353,55713.0,1.0,36.7,2044667.1,UIL,6.0,8.0,1.0,,3.0,10,1.0,1.0,6.0,7.0,6.0,2.0,4.0,10.0,6.0,8.0,5.0,5.0,9.0,8.0,9.0,8.0,4.0,4.0,5.0,4.0,9.0,,3.0,2.0,5.0,2.0,5.0,3.0,5.0,5.0,8.0,1.0,7.0,3.0,4.0,3.0,9.0,7.0,9.0,7.0,7.0,7.0,4.0,3.0,6.0,3,7.0,10,1
2013-10-09,53663,,11,1,4911.0,90274810,UIL,U I L HOLDINGS CORP,UIL,221111.0,N,A,R,21819,1,4931.0,90274810.0,,,49.0,493.0,,,,,,,36.67,-0.000818,55713.0,1.0,36.84,2042995.71,UIL,6.0,8.0,1.0,,3.0,10,1.0,1.0,6.0,7.0,6.0,2.0,4.0,10.0,6.0,8.0,5.0,5.0,9.0,8.0,9.0,8.0,4.0,4.0,5.0,4.0,9.0,,3.0,2.0,5.0,2.0,5.0,3.0,5.0,5.0,8.0,1.0,7.0,3.0,4.0,3.0,9.0,7.0,9.0,7.0,7.0,7.0,4.0,3.0,6.0,3,7.0,10,1
2013-10-10,53663,,11,1,4911.0,90274810,UIL,U I L HOLDINGS CORP,UIL,221111.0,N,A,R,21819,1,4931.0,90274810.0,,,49.0,493.0,,,,,,,37.12,0.012272,55713.0,1.0,37.04,2068066.56,UIL,6.0,8.0,1.0,,3.0,10,1.0,1.0,6.0,7.0,6.0,2.0,4.0,10.0,6.0,8.0,5.0,5.0,9.0,8.0,9.0,8.0,4.0,4.0,5.0,4.0,9.0,,3.0,2.0,5.0,2.0,5.0,3.0,5.0,5.0,8.0,1.0,7.0,3.0,4.0,3.0,9.0,7.0,9.0,7.0,7.0,7.0,4.0,3.0,6.0,3,7.0,10,1
2013-10-11,53663,,11,1,4911.0,90274810,UIL,U I L HOLDINGS CORP,UIL,221111.0,N,A,R,21819,1,4931.0,90274810.0,,,49.0,493.0,,,,,,,37.49,0.009968,55713.0,1.0,37.03,2088680.37,UIL,6.0,8.0,1.0,,3.0,10,1.0,1.0,6.0,7.0,6.0,2.0,4.0,10.0,6.0,8.0,5.0,5.0,9.0,8.0,9.0,8.0,4.0,4.0,5.0,4.0,9.0,,3.0,2.0,5.0,2.0,5.0,3.0,5.0,5.0,8.0,1.0,7.0,3.0,4.0,3.0,9.0,7.0,9.0,7.0,7.0,7.0,4.0,3.0,6.0,3,7.0,10,1
2013-10-14,53663,,11,1,4911.0,90274810,UIL,U I L HOLDINGS CORP,UIL,221111.0,N,A,R,21819,1,4931.0,90274810.0,,,49.0,493.0,,,,,,,37.39,-0.002667,55713.0,1.0,37.4,2083109.07,UIL,6.0,8.0,1.0,,3.0,10,1.0,1.0,6.0,7.0,6.0,2.0,4.0,10.0,6.0,8.0,5.0,5.0,9.0,8.0,9.0,8.0,4.0,4.0,5.0,4.0,9.0,,3.0,2.0,5.0,2.0,5.0,3.0,5.0,5.0,8.0,1.0,7.0,3.0,4.0,3.0,9.0,7.0,9.0,7.0,7.0,7.0,4.0,3.0,6.0,3,7.0,10,1
2013-10-15,53663,,11,1,4911.0,90274810,UIL,U I L HOLDINGS CORP,UIL,221111.0,N,A,R,21819,1,4931.0,90274810.0,,,49.0,493.0,,,,,,,36.88,-0.01364,55713.0,1.0,37.23,2054695.44,UIL,6.0,8.0,1.0,,3.0,10,1.0,1.0,6.0,7.0,6.0,2.0,4.0,10.0,6.0,8.0,5.0,5.0,9.0,8.0,9.0,8.0,4.0,4.0,5.0,4.0,9.0,,3.0,2.0,5.0,2.0,5.0,3.0,5.0,5.0,8.0,1.0,7.0,3.0,4.0,3.0,9.0,7.0,9.0,7.0,7.0,7.0,4.0,3.0,6.0,3,7.0,10,1
2013-10-16,53663,,11,1,4911.0,90274810,UIL,U I L HOLDINGS CORP,UIL,221111.0,N,A,R,21819,1,4931.0,90274810.0,,,49.0,493.0,,,,,,,37.16,0.007592,55713.0,1.0,36.99,2070295.08,UIL,6.0,8.0,1.0,,3.0,10,1.0,1.0,6.0,7.0,6.0,2.0,4.0,10.0,6.0,8.0,5.0,5.0,9.0,8.0,9.0,8.0,4.0,4.0,5.0,4.0,9.0,,3.0,2.0,5.0,2.0,5.0,3.0,5.0,5.0,8.0,1.0,7.0,3.0,4.0,3.0,9.0,7.0,9.0,7.0,7.0,7.0,4.0,3.0,6.0,3,7.0,10,1
2013-10-17,53663,,11,1,4911.0,90274810,UIL,U I L HOLDINGS CORP,UIL,221111.0,N,A,R,21819,1,4931.0,90274810.0,,,49.0,493.0,,,,,,,37.91,0.020183,55713.0,1.0,37.05,2112079.83,UIL,6.0,8.0,1.0,,3.0,10,1.0,1.0,6.0,7.0,6.0,2.0,4.0,10.0,6.0,8.0,5.0,5.0,9.0,8.0,9.0,8.0,4.0,4.0,5.0,4.0,9.0,,3.0,2.0,5.0,2.0,5.0,3.0,5.0,5.0,8.0,1.0,7.0,3.0,4.0,3.0,9.0,7.0,9.0,7.0,7.0,7.0,4.0,3.0,6.0,3,7.0,10,1
2013-10-18,53663,,11,1,4911.0,90274810,UIL,U I L HOLDINGS CORP,UIL,221111.0,N,A,R,21819,1,4931.0,90274810.0,,,49.0,493.0,,,,,,,38.38,0.012398,55713.0,1.0,38.08,2138264.94,UIL,6.0,8.0,1.0,,3.0,10,1.0,1.0,6.0,7.0,6.0,2.0,4.0,10.0,6.0,8.0,5.0,5.0,9.0,8.0,9.0,8.0,4.0,4.0,5.0,4.0,9.0,,3.0,2.0,5.0,2.0,5.0,3.0,5.0,5.0,8.0,1.0,7.0,3.0,4.0,3.0,9.0,7.0,9.0,7.0,7.0,7.0,4.0,3.0,6.0,3,7.0,10,1
2013-10-21,53663,,11,1,4911.0,90274810,UIL,U I L HOLDINGS CORP,UIL,221111.0,N,A,R,21819,1,4931.0,90274810.0,,,49.0,493.0,,,,,,,38.04,-0.008859,55713.0,1.0,38.32,2119322.52,UIL,6.0,8.0,1.0,,3.0,10,1.0,1.0,6.0,7.0,6.0,2.0,4.0,10.0,6.0,8.0,5.0,5.0,9.0,8.0,9.0,8.0,4.0,4.0,5.0,4.0,9.0,,3.0,2.0,5.0,2.0,5.0,3.0,5.0,5.0,8.0,1.0,7.0,3.0,4.0,3.0,9.0,7.0,9.0,7.0,7.0,7.0,4.0,3.0,6.0,3,7.0,10,1
2013-10-22,53663,,11,1,4911.0,90274810,UIL,U I L HOLDINGS CORP,UIL,221111.0,N,A,R,21819,1,4931.0,90274810.0,,,49.0,493.0,,,,,,,38.61,0.014984,55713.0,1.0,38.1,2151078.93,UIL,6.0,8.0,1.0,,3.0,10,1.0,1.0,6.0,7.0,6.0,2.0,4.0,10.0,6.0,8.0,5.0,5.0,9.0,8.0,9.0,8.0,4.0,4.0,5.0,4.0,9.0,,3.0,2.0,5.0,2.0,5.0,3.0,5.0,5.0,8.0,1.0,7.0,3.0,4.0,3.0,9.0,7.0,9.0,7.0,7.0,7.0,4.0,3.0,6.0,3,7.0,10,1
2013-10-23,53663,,11,1,4911.0,90274810,UIL,U I L HOLDINGS CORP,UIL,221111.0,N,A,R,21819,1,4931.0,90274810.0,,,49.0,493.0,,,,,,,38.67,0.001554,55713.0,1.0,38.52,2154421.71,UIL,6.0,8.0,1.0,,3.0,10,1.0,1.0,6.0,7.0,6.0,2.0,4.0,10.0,6.0,8.0,5.0,5.0,9.0,8.0,9.0,8.0,4.0,4.0,5.0,4.0,9.0,,3.0,2.0,5.0,2.0,5.0,3.0,5.0,5.0,8.0,1.0,7.0,3.0,4.0,3.0,9.0,7.0,9.0,7.0,7.0,7.0,4.0,3.0,6.0,3,7.0,10,1
2013-10-24,53663,,11,1,4911.0,90274810,UIL,U I L HOLDINGS CORP,UIL,221111.0,N,A,R,21819,1,4931.0,90274810.0,,,49.0,493.0,,,,,,,38.53,-0.00362,55713.0,1.0,38.67,2146621.89,UIL,6.0,8.0,1.0,,3.0,10,1.0,1.0,6.0,7.0,6.0,2.0,4.0,10.0,6.0,8.0,5.0,5.0,9.0,8.0,9.0,8.0,4.0,4.0,5.0,4.0,9.0,,3.0,2.0,5.0,2.0,5.0,3.0,5.0,5.0,8.0,1.0,7.0,3.0,4.0,3.0,9.0,7.0,9.0,7.0,7.0,7.0,4.0,3.0,6.0,3,7.0,10,1
2013-10-25,53663,,11,1,4911.0,90274810,UIL,U I L HOLDINGS CORP,UIL,221111.0,N,A,R,21819,1,4931.0,90274810.0,,,49.0,493.0,,,,,,,39.06,0.013756,55713.0,1.0,38.52,2176149.78,UIL,6.0,8.0,1.0,,3.0,10,1.0,1.0,6.0,7.0,6.0,2.0,4.0,10.0,6.0,8.0,5.0,5.0,9.0,8.0,9.0,8.0,4.0,4.0,5.0,4.0,9.0,,3.0,2.0,5.0,2.0,5.0,3.0,5.0,5.0,8.0,1.0,7.0,3.0,4.0,3.0,9.0,7.0,9.0,7.0,7.0,7.0,4.0,3.0,6.0,3,7.0,10,1
2013-10-28,53663,,11,1,4911.0,90274810,UIL,U I L HOLDINGS CORP,UIL,221111.0,N,A,R,21819,1,4931.0,90274810.0,,,49.0,493.0,,,,,,,39.34,0.007168,55713.0,1.0,39.19,2191749.42,UIL,6.0,8.0,1.0,,3.0,10,1.0,1.0,6.0,7.0,6.0,2.0,4.0,10.0,6.0,8.0,5.0,5.0,9.0,8.0,9.0,8.0,4.0,4.0,5.0,4.0,9.0,,3.0,2.0,5.0,2.0,5.0,3.0,5.0,5.0,8.0,1.0,7.0,3.0,4.0,3.0,9.0,7.0,9.0,7.0,7.0,7.0,4.0,3.0,6.0,3,7.0,10,1
2013-10-29,53663,,11,1,4911.0,90274810,UIL,U I L HOLDINGS CORP,UIL,221111.0,N,A,R,21819,1,4931.0,90274810.0,,,49.0,493.0,,,,,,,39.31,-0.000763,55713.0,1.0,39.24,2190078.03,UIL,6.0,8.0,1.0,,3.0,10,1.0,1.0,6.0,7.0,6.0,2.0,4.0,10.0,6.0,8.0,5.0,5.0,9.0,8.0,9.0,8.0,4.0,4.0,5.0,4.0,9.0,,3.0,2.0,5.0,2.0,5.0,3.0,5.0,5.0,8.0,1.0,7.0,3.0,4.0,3.0,9.0,7.0,9.0,7.0,7.0,7.0,4.0,3.0,6.0,3,7.0,10,1
2013-10-30,53663,,11,1,4911.0,90274810,UIL,U I L HOLDINGS CORP,UIL,221111.0,N,A,R,21819,1,4931.0,90274810.0,,,49.0,493.0,,,,,,,38.97,-0.008649,55713.0,1.0,39.4,2171135.61,UIL,6.0,8.0,1.0,,3.0,10,1.0,1.0,6.0,7.0,6.0,2.0,4.0,10.0,6.0,8.0,5.0,5.0,9.0,8.0,9.0,8.0,4.0,4.0,5.0,4.0,9.0,,3.0,2.0,5.0,2.0,5.0,3.0,5.0,5.0,8.0,1.0,7.0,3.0,4.0,3.0,9.0,7.0,9.0,7.0,7.0,7.0,4.0,3.0,6.0,3,7.0,10,1
2013-10-31,53663,,11,1,4911.0,90274810,UIL,U I L HOLDINGS CORP,UIL,221111.0,N,A,R,21819,1,4931.0,90274810.0,,,49.0,493.0,,,,,,,38.52,-0.011547,55713.0,1.0,38.87,2146064.76,UIL,6.0,8.0,1.0,,3.0,10,1.0,1.0,6.0,7.0,6.0,2.0,4.0,10.0,6.0,8.0,5.0,5.0,9.0,8.0,9.0,8.0,4.0,4.0,5.0,4.0,9.0,,3.0,2.0,5.0,2.0,5.0,3.0,5.0,5.0,8.0,1.0,7.0,3.0,4.0,3.0,9.0,7.0,9.0,7.0,7.0,7.0,4.0,3.0,6.0,3,7.0,10,1
2013-11-01,53663,,11,1,4911.0,90274810,UIL,U I L HOLDINGS CORP,UIL,221111.0,N,A,R,21819,1,4931.0,90274810.0,,,49.0,493.0,,,,,,,38.85,0.008567,55713.0,1.0,38.42,2164450.05,UIL,6.0,8.0,1.0,,3.0,10,1.0,1.0,6.0,7.0,6.0,2.0,4.0,10.0,6.0,8.0,5.0,5.0,9.0,8.0,9.0,8.0,4.0,4.0,5.0,4.0,9.0,,2.0,1.0,5.0,2.0,5.0,2.0,4.0,7.0,8.0,1.0,6.0,3.0,4.0,3.0,6.0,7.0,9.0,6.0,5.0,6.0,2.0,2.0,6.0,3,6.0,10,1
2013-11-04,53663,,11,1,4911.0,90274810,UIL,U I L HOLDINGS CORP,UIL,221111.0,N,A,R,21819,1,4931.0,90274810.0,,,49.0,493.0,,,,,,,39.15,0.007722,55713.0,1.0,39.06,2181163.95,UIL,6.0,8.0,1.0,,3.0,10,1.0,1.0,6.0,7.0,6.0,2.0,4.0,10.0,6.0,8.0,5.0,5.0,9.0,8.0,9.0,8.0,4.0,4.0,5.0,4.0,9.0,,2.0,1.0,5.0,2.0,5.0,2.0,4.0,7.0,8.0,1.0,6.0,3.0,4.0,3.0,6.0,7.0,9.0,6.0,5.0,6.0,2.0,2.0,6.0,3,6.0,10,1
2013-11-05,53663,,11,1,4911.0,90274810,UIL,U I L HOLDINGS CORP,UIL,221111.0,N,A,R,21819,1,4931.0,90274810.0,,,49.0,493.0,,,,,,,38.15,-0.025543,55713.0,1.0,38.8,2125450.95,UIL,6.0,8.0,1.0,,3.0,10,1.0,1.0,6.0,7.0,6.0,2.0,4.0,10.0,6.0,8.0,5.0,5.0,9.0,8.0,9.0,8.0,4.0,4.0,5.0,4.0,9.0,,2.0,1.0,5.0,2.0,5.0,2.0,4.0,7.0,8.0,1.0,6.0,3.0,4.0,3.0,6.0,7.0,9.0,6.0,5.0,6.0,2.0,2.0,6.0,3,6.0,10,1
2013-11-06,53663,,11,1,4911.0,90274810,UIL,U I L HOLDINGS CORP,UIL,221111.0,N,A,R,21819,1,4931.0,90274810.0,,,49.0,493.0,,,,,,,38.48,0.00865,55713.0,1.0,38.29,2143836.24,UIL,6.0,8.0,1.0,,3.0,10,1.0,1.0,6.0,7.0,6.0,2.0,4.0,10.0,6.0,8.0,5.0,5.0,9.0,8.0,9.0,8.0,4.0,4.0,5.0,4.0,9.0,,2.0,1.0,5.0,2.0,5.0,2.0,4.0,7.0,8.0,1.0,6.0,3.0,4.0,3.0,6.0,7.0,9.0,6.0,5.0,6.0,2.0,2.0,6.0,3,6.0,10,1
2013-11-07,53663,,11,1,4911.0,90274810,UIL,U I L HOLDINGS CORP,UIL,221111.0,N,A,R,21819,1,4931.0,90274810.0,,,49.0,493.0,,,,,,,38.16,-0.008316,55713.0,1.0,38.53,2126008.08,UIL,6.0,8.0,1.0,,3.0,10,1.0,1.0,6.0,7.0,6.0,2.0,4.0,10.0,6.0,8.0,5.0,5.0,9.0,8.0,9.0,8.0,4.0,4.0,5.0,4.0,9.0,,2.0,1.0,5.0,2.0,5.0,2.0,4.0,7.0,8.0,1.0,6.0,3.0,4.0,3.0,6.0,7.0,9.0,6.0,5.0,6.0,2.0,2.0,6.0,3,6.0,10,1
2013-11-08,53663,,11,1,4911.0,90274810,UIL,U I L HOLDINGS CORP,UIL,221111.0,N,A,R,21819,1,4931.0,90274810.0,,,49.0,493.0,,,,,,,38.39,0.006027,55713.0,1.0,38.04,2138822.07,UIL,6.0,8.0,1.0,,3.0,10,1.0,1.0,6.0,7.0,6.0,2.0,4.0,10.0,6.0,8.0,5.0,5.0,9.0,8.0,9.0,8.0,4.0,4.0,5.0,4.0,9.0,,2.0,1.0,5.0,2.0,5.0,2.0,4.0,7.0,8.0,1.0,6.0,3.0,4.0,3.0,6.0,7.0,9.0,6.0,5.0,6.0,2.0,2.0,6.0,3,6.0,10,1
2013-11-11,53663,,11,1,4911.0,90274810,UIL,U I L HOLDINGS CORP,UIL,221111.0,N,A,R,21819,1,4931.0,90274810.0,,,49.0,493.0,,,,,,,38.2,-0.004949,55713.0,1.0,38.25,2128236.6,UIL,6.0,8.0,1.0,,3.0,10,1.0,1.0,6.0,7.0,6.0,2.0,4.0,10.0,6.0,8.0,5.0,5.0,9.0,8.0,9.0,8.0,4.0,4.0,5.0,4.0,9.0,,2.0,1.0,5.0,2.0,5.0,2.0,4.0,7.0,8.0,1.0,6.0,3.0,4.0,3.0,6.0,7.0,9.0,6.0,5.0,6.0,2.0,2.0,6.0,3,6.0,10,1
2013-11-12,53663,,11,1,4911.0,90274810,UIL,U I L HOLDINGS CORP,UIL,221111.0,N,A,R,21819,1,4931.0,90274810.0,,,49.0,493.0,,,,,,,37.69,-0.013351,55713.0,1.0,38.15,2099822.97,UIL,6.0,8.0,1.0,,3.0,10,1.0,1.0,6.0,7.0,6.0,2.0,4.0,10.0,6.0,8.0,5.0,5.0,9.0,8.0,9.0,8.0,4.0,4.0,5.0,4.0,9.0,,2.0,1.0,5.0,2.0,5.0,2.0,4.0,7.0,8.0,1.0,6.0,3.0,4.0,3.0,6.0,7.0,9.0,6.0,5.0,6.0,2.0,2.0,6.0,3,6.0,10,1
2013-11-13,53663,,11,1,4911.0,90274810,UIL,U I L HOLDINGS CORP,UIL,221111.0,N,A,R,21819,1,4931.0,90274810.0,,,49.0,493.0,,,,,,,37.84,0.00398,55713.0,1.0,37.54,2108179.92,UIL,6.0,8.0,1.0,,3.0,10,1.0,1.0,6.0,7.0,6.0,2.0,4.0,10.0,6.0,8.0,5.0,5.0,9.0,8.0,9.0,8.0,4.0,4.0,5.0,4.0,9.0,,2.0,1.0,5.0,2.0,5.0,2.0,4.0,7.0,8.0,1.0,6.0,3.0,4.0,3.0,6.0,7.0,9.0,6.0,5.0,6.0,2.0,2.0,6.0,3,6.0,10,1
2013-11-14,53663,,11,1,4911.0,90274810,UIL,U I L HOLDINGS CORP,UIL,221111.0,N,A,R,21819,1,4931.0,90274810.0,,,49.0,493.0,,,,,,,38.26,0.011099,55713.0,1.0,38.0,2131579.38,UIL,6.0,8.0,1.0,,3.0,10,1.0,1.0,6.0,7.0,6.0,2.0,4.0,10.0,6.0,8.0,5.0,5.0,9.0,8.0,9.0,8.0,4.0,4.0,5.0,4.0,9.0,,2.0,1.0,5.0,2.0,5.0,2.0,4.0,7.0,8.0,1.0,6.0,3.0,4.0,3.0,6.0,7.0,9.0,6.0,5.0,6.0,2.0,2.0,6.0,3,6.0,10,1
2013-11-15,53663,,11,1,4911.0,90274810,UIL,U I L HOLDINGS CORP,UIL,221111.0,N,A,R,21819,1,4931.0,90274810.0,,,49.0,493.0,,,,,,,38.2,-0.001568,55713.0,1.0,38.19,2128236.6,UIL,6.0,8.0,1.0,,3.0,10,1.0,1.0,6.0,7.0,6.0,2.0,4.0,10.0,6.0,8.0,5.0,5.0,9.0,8.0,9.0,8.0,4.0,4.0,5.0,4.0,9.0,,2.0,1.0,5.0,2.0,5.0,2.0,4.0,7.0,8.0,1.0,6.0,3.0,4.0,3.0,6.0,7.0,9.0,6.0,5.0,6.0,2.0,2.0,6.0,3,6.0,10,1
2013-11-18,53663,,11,1,4911.0,90274810,UIL,U I L HOLDINGS CORP,UIL,221111.0,N,A,R,21819,1,4931.0,90274810.0,,,49.0,493.0,,,,,,,38.33,0.003403,55713.0,1.0,38.22,2135479.29,UIL,6.0,8.0,1.0,,3.0,10,1.0,1.0,6.0,7.0,6.0,2.0,4.0,10.0,6.0,8.0,5.0,5.0,9.0,8.0,9.0,8.0,4.0,4.0,5.0,4.0,9.0,,2.0,1.0,5.0,2.0,5.0,2.0,4.0,7.0,8.0,1.0,6.0,3.0,4.0,3.0,6.0,7.0,9.0,6.0,5.0,6.0,2.0,2.0,6.0,3,6.0,10,1
2013-11-19,53663,,11,1,4911.0,90274810,UIL,U I L HOLDINGS CORP,UIL,221111.0,N,A,R,21819,1,4931.0,90274810.0,,,49.0,493.0,,,,,,,38.21,-0.003131,55713.0,1.0,38.23,2128793.73,UIL,6.0,8.0,1.0,,3.0,10,1.0,1.0,6.0,7.0,6.0,2.0,4.0,10.0,6.0,8.0,5.0,5.0,9.0,8.0,9.0,8.0,4.0,4.0,5.0,4.0,9.0,,2.0,1.0,5.0,2.0,5.0,2.0,4.0,7.0,8.0,1.0,6.0,3.0,4.0,3.0,6.0,7.0,9.0,6.0,5.0,6.0,2.0,2.0,6.0,3,6.0,10,1
2013-11-20,53663,,11,1,4911.0,90274810,UIL,U I L HOLDINGS CORP,UIL,221111.0,N,A,R,21819,1,4931.0,90274810.0,,,49.0,493.0,,,,,,,37.48,-0.019105,55713.0,1.0,38.34,2088123.24,UIL,6.0,8.0,1.0,,3.0,10,1.0,1.0,6.0,7.0,6.0,2.0,4.0,10.0,6.0,8.0,5.0,5.0,9.0,8.0,9.0,8.0,4.0,4.0,5.0,4.0,9.0,,2.0,1.0,5.0,2.0,5.0,2.0,4.0,7.0,8.0,1.0,6.0,3.0,4.0,3.0,6.0,7.0,9.0,6.0,5.0,6.0,2.0,2.0,6.0,3,6.0,10,1
2013-11-21,53663,,11,1,4911.0,90274810,UIL,U I L HOLDINGS CORP,UIL,221111.0,N,A,R,21819,1,4931.0,90274810.0,,,49.0,493.0,,,,,,,37.78,0.008004,55713.0,1.0,37.51,2104837.14,UIL,6.0,8.0,1.0,,3.0,10,1.0,1.0,6.0,7.0,6.0,2.0,4.0,10.0,6.0,8.0,5.0,5.0,9.0,8.0,9.0,8.0,4.0,4.0,5.0,4.0,9.0,,2.0,1.0,5.0,2.0,5.0,2.0,4.0,7.0,8.0,1.0,6.0,3.0,4.0,3.0,6.0,7.0,9.0,6.0,5.0,6.0,2.0,2.0,6.0,3,6.0,10,1
2013-11-22,53663,,11,1,4911.0,90274810,UIL,U I L HOLDINGS CORP,UIL,221111.0,N,A,R,21819,1,4931.0,90274810.0,,,49.0,493.0,,,,,,,37.84,0.001588,55713.0,1.0,37.76,2108179.92,UIL,6.0,8.0,1.0,,3.0,10,1.0,1.0,6.0,7.0,6.0,2.0,4.0,10.0,6.0,8.0,5.0,5.0,9.0,8.0,9.0,8.0,4.0,4.0,5.0,4.0,9.0,,2.0,1.0,5.0,2.0,5.0,2.0,4.0,7.0,8.0,1.0,6.0,3.0,4.0,3.0,6.0,7.0,9.0,6.0,5.0,6.0,2.0,2.0,6.0,3,6.0,10,1
2013-11-25,53663,,11,1,4911.0,90274810,UIL,U I L HOLDINGS CORP,UIL,221111.0,N,A,R,21819,1,4931.0,90274810.0,,,49.0,493.0,,,,,,,37.65,-0.005021,55713.0,1.0,37.83,2097594.45,UIL,6.0,8.0,1.0,,3.0,10,1.0,1.0,6.0,7.0,6.0,2.0,4.0,10.0,6.0,8.0,5.0,5.0,9.0,8.0,9.0,8.0,4.0,4.0,5.0,4.0,9.0,,2.0,1.0,5.0,2.0,5.0,2.0,4.0,7.0,8.0,1.0,6.0,3.0,4.0,3.0,6.0,7.0,9.0,6.0,5.0,6.0,2.0,2.0,6.0,3,6.0,10,1
2013-11-26,53663,,11,1,4911.0,90274810,UIL,U I L HOLDINGS CORP,UIL,221111.0,N,A,R,21819,1,4931.0,90274810.0,,,49.0,493.0,,,,,,,37.42,-0.006109,55713.0,1.0,37.72,2084780.46,UIL,6.0,8.0,1.0,,3.0,10,1.0,1.0,6.0,7.0,6.0,2.0,4.0,10.0,6.0,8.0,5.0,5.0,9.0,8.0,9.0,8.0,4.0,4.0,5.0,4.0,9.0,,2.0,1.0,5.0,2.0,5.0,2.0,4.0,7.0,8.0,1.0,6.0,3.0,4.0,3.0,6.0,7.0,9.0,6.0,5.0,6.0,2.0,2.0,6.0,3,6.0,10,1
2013-11-27,53663,,11,1,4911.0,90274810,UIL,U I L HOLDINGS CORP,UIL,221111.0,N,A,R,21819,1,4931.0,90274810.0,,,49.0,493.0,,,,,,,37.51,0.002405,55713.0,1.0,37.33,2089794.63,UIL,6.0,8.0,1.0,,3.0,10,1.0,1.0,6.0,7.0,6.0,2.0,4.0,10.0,6.0,8.0,5.0,5.0,9.0,8.0,9.0,8.0,4.0,4.0,5.0,4.0,9.0,,2.0,1.0,5.0,2.0,5.0,2.0,4.0,7.0,8.0,1.0,6.0,3.0,4.0,3.0,6.0,7.0,9.0,6.0,5.0,6.0,2.0,2.0,6.0,3,6.0,10,1
2013-11-29,53663,,11,1,4911.0,90274810,UIL,U I L HOLDINGS CORP,UIL,221111.0,N,A,R,21819,1,4931.0,90274810.0,,,49.0,493.0,,,,,,,37.53,0.000533,56463.0,1.0,37.62,2119056.39,UIL,6.0,8.0,1.0,,3.0,10,1.0,1.0,6.0,7.0,6.0,2.0,4.0,10.0,6.0,8.0,5.0,5.0,9.0,8.0,9.0,8.0,4.0,4.0,5.0,4.0,9.0,,2.0,1.0,5.0,2.0,5.0,2.0,4.0,7.0,8.0,1.0,6.0,3.0,4.0,3.0,6.0,7.0,9.0,6.0,5.0,6.0,2.0,2.0,6.0,3,6.0,10,1
2013-12-02,53663,,11,1,4911.0,90274810,UIL,U I L HOLDINGS CORP,UIL,221111.0,N,A,R,21819,1,4931.0,90274810.0,,,49.0,493.0,,,,,,,37.31,-0.005862,56463.0,1.0,37.61,2106634.53,UIL,6.0,8.0,1.0,,3.0,10,1.0,1.0,6.0,7.0,6.0,2.0,4.0,10.0,6.0,8.0,5.0,5.0,9.0,8.0,9.0,8.0,4.0,4.0,5.0,4.0,9.0,,2.0,2.0,4.0,2.0,4.0,3.0,4.0,7.0,8.0,1.0,2.0,2.0,3.0,2.0,9.0,7.0,9.0,4.0,6.0,6.0,3.0,1.0,6.0,3,6.0,10,1
2013-12-03,53663,,11,1,4911.0,90274810,UIL,U I L HOLDINGS CORP,UIL,221111.0,N,A,R,21819,1,4931.0,90274810.0,,,49.0,493.0,,,,,,,37.35,0.001072,56463.0,1.0,37.27,2108893.05,UIL,6.0,8.0,1.0,,3.0,10,1.0,1.0,6.0,7.0,6.0,2.0,4.0,10.0,6.0,8.0,5.0,5.0,9.0,8.0,9.0,8.0,4.0,4.0,5.0,4.0,9.0,,2.0,2.0,4.0,2.0,4.0,3.0,4.0,7.0,8.0,1.0,2.0,2.0,3.0,2.0,9.0,7.0,9.0,4.0,6.0,6.0,3.0,1.0,6.0,3,6.0,10,1
2013-12-04,53663,,11,1,4911.0,90274810,UIL,U I L HOLDINGS CORP,UIL,221111.0,N,A,R,21819,1,4931.0,90274810.0,,,49.0,493.0,,,,,,,37.29,-0.001606,56463.0,1.0,37.1,2105505.27,UIL,6.0,8.0,1.0,,3.0,10,1.0,1.0,6.0,7.0,6.0,2.0,4.0,10.0,6.0,8.0,5.0,5.0,9.0,8.0,9.0,8.0,4.0,4.0,5.0,4.0,9.0,,2.0,2.0,4.0,2.0,4.0,3.0,4.0,7.0,8.0,1.0,2.0,2.0,3.0,2.0,9.0,7.0,9.0,4.0,6.0,6.0,3.0,1.0,6.0,3,6.0,10,1
2013-12-05,53663,,11,1,4911.0,90274810,UIL,U I L HOLDINGS CORP,UIL,221111.0,N,A,R,21819,1,4931.0,90274810.0,,,49.0,493.0,,,,,,,37.29,0.0,56463.0,1.0,37.29,2105505.27,UIL,6.0,8.0,1.0,,3.0,10,1.0,1.0,6.0,7.0,6.0,2.0,4.0,10.0,6.0,8.0,5.0,5.0,9.0,8.0,9.0,8.0,4.0,4.0,5.0,4.0,9.0,,2.0,2.0,4.0,2.0,4.0,3.0,4.0,7.0,8.0,1.0,2.0,2.0,3.0,2.0,9.0,7.0,9.0,4.0,6.0,6.0,3.0,1.0,6.0,3,6.0,10,1
2013-12-06,53663,,11,1,4911.0,90274810,UIL,U I L HOLDINGS CORP,UIL,221111.0,N,A,R,21819,1,4931.0,90274810.0,,,49.0,493.0,,,,,,,37.77,0.012872,56463.0,1.0,37.48,2132607.51,UIL,6.0,8.0,1.0,,3.0,10,1.0,1.0,6.0,7.0,6.0,2.0,4.0,10.0,6.0,8.0,5.0,5.0,9.0,8.0,9.0,8.0,4.0,4.0,5.0,4.0,9.0,,2.0,2.0,4.0,2.0,4.0,3.0,4.0,7.0,8.0,1.0,2.0,2.0,3.0,2.0,9.0,7.0,9.0,4.0,6.0,6.0,3.0,1.0,6.0,3,6.0,10,1
2013-12-09,53663,,11,1,4911.0,90274810,UIL,U I L HOLDINGS CORP,UIL,221111.0,N,A,R,21819,1,4931.0,90274810.0,,,49.0,493.0,,,,,,,37.68,-0.002383,56463.0,1.0,37.84,2127525.84,UIL,6.0,8.0,1.0,,3.0,10,1.0,1.0,6.0,7.0,6.0,2.0,4.0,10.0,6.0,8.0,5.0,5.0,9.0,8.0,9.0,8.0,4.0,4.0,5.0,4.0,9.0,,2.0,2.0,4.0,2.0,4.0,3.0,4.0,7.0,8.0,1.0,2.0,2.0,3.0,2.0,9.0,7.0,9.0,4.0,6.0,6.0,3.0,1.0,6.0,3,6.0,10,1
2013-12-10,53663,,11,1,4911.0,90274810,UIL,U I L HOLDINGS CORP,UIL,221111.0,N,A,R,21819,1,4931.0,90274810.0,,,49.0,493.0,,,,,,,37.0,-0.018047,56463.0,1.0,37.57,2089131.0,UIL,6.0,8.0,1.0,,3.0,10,1.0,1.0,6.0,7.0,6.0,2.0,4.0,10.0,6.0,8.0,5.0,5.0,9.0,8.0,9.0,8.0,4.0,4.0,5.0,4.0,9.0,,2.0,2.0,4.0,2.0,4.0,3.0,4.0,7.0,8.0,1.0,2.0,2.0,3.0,2.0,9.0,7.0,9.0,4.0,6.0,6.0,3.0,1.0,6.0,3,6.0,10,1
2013-12-11,53663,,11,1,4911.0,90274810,UIL,U I L HOLDINGS CORP,UIL,221111.0,N,A,R,21819,1,4931.0,90274810.0,,,49.0,493.0,,,,,,,36.7,-0.008108,56463.0,1.0,36.93,2072192.1,UIL,6.0,8.0,1.0,,3.0,10,1.0,1.0,6.0,7.0,6.0,2.0,4.0,10.0,6.0,8.0,5.0,5.0,9.0,8.0,9.0,8.0,4.0,4.0,5.0,4.0,9.0,,2.0,2.0,4.0,2.0,4.0,3.0,4.0,7.0,8.0,1.0,2.0,2.0,3.0,2.0,9.0,7.0,9.0,4.0,6.0,6.0,3.0,1.0,6.0,3,6.0,10,1
2013-12-12,53663,,11,1,4911.0,90274810,UIL,U I L HOLDINGS CORP,UIL,221111.0,N,A,R,21819,1,4931.0,90274810.0,,,49.0,493.0,,,,,,,37.04,0.009264,56463.0,1.0,36.79,2091389.52,UIL,6.0,8.0,1.0,,3.0,10,1.0,1.0,6.0,7.0,6.0,2.0,4.0,10.0,6.0,8.0,5.0,5.0,9.0,8.0,9.0,8.0,4.0,4.0,5.0,4.0,9.0,,2.0,2.0,4.0,2.0,4.0,3.0,4.0,7.0,8.0,1.0,2.0,2.0,3.0,2.0,9.0,7.0,9.0,4.0,6.0,6.0,3.0,1.0,6.0,3,6.0,10,1
2013-12-13,53663,,11,1,4911.0,90274810,UIL,U I L HOLDINGS CORP,UIL,221111.0,N,A,R,21819,1,4931.0,90274810.0,,,49.0,493.0,,,,,,,37.13,0.00243,56463.0,1.0,37.17,2096471.19,UIL,6.0,8.0,1.0,,3.0,10,1.0,1.0,6.0,7.0,6.0,2.0,4.0,10.0,6.0,8.0,5.0,5.0,9.0,8.0,9.0,8.0,4.0,4.0,5.0,4.0,9.0,,2.0,2.0,4.0,2.0,4.0,3.0,4.0,7.0,8.0,1.0,2.0,2.0,3.0,2.0,9.0,7.0,9.0,4.0,6.0,6.0,3.0,1.0,6.0,3,6.0,10,1
2013-12-16,53663,,11,1,4911.0,90274810,UIL,U I L HOLDINGS CORP,UIL,221111.0,N,A,R,21819,1,4931.0,90274810.0,,,49.0,493.0,1232.0,0.432,0.0,,,,37.03,0.008941,56463.0,1.0,36.94,2090824.89,UIL,6.0,8.0,1.0,,3.0,10,1.0,1.0,6.0,7.0,6.0,2.0,4.0,10.0,6.0,8.0,5.0,5.0,9.0,8.0,9.0,8.0,4.0,4.0,5.0,4.0,9.0,,2.0,2.0,4.0,2.0,4.0,3.0,4.0,7.0,8.0,1.0,2.0,2.0,3.0,2.0,9.0,7.0,9.0,4.0,6.0,6.0,3.0,1.0,6.0,3,6.0,10,1
2013-12-17,53663,,11,1,4911.0,90274810,UIL,U I L HOLDINGS CORP,UIL,221111.0,N,A,R,21819,1,4931.0,90274810.0,,,49.0,493.0,,,,,,,37.01,-0.00054,56463.0,1.0,36.96,2089695.63,UIL,6.0,8.0,1.0,,3.0,10,1.0,1.0,6.0,7.0,6.0,2.0,4.0,10.0,6.0,8.0,5.0,5.0,9.0,8.0,9.0,8.0,4.0,4.0,5.0,4.0,9.0,,2.0,2.0,4.0,2.0,4.0,3.0,4.0,7.0,8.0,1.0,2.0,2.0,3.0,2.0,9.0,7.0,9.0,4.0,6.0,6.0,3.0,1.0,6.0,3,6.0,10,1
2013-12-18,53663,,11,1,4911.0,90274810,UIL,U I L HOLDINGS CORP,UIL,221111.0,N,A,R,21819,1,4931.0,90274810.0,,,49.0,493.0,,,,,,,37.85,0.022697,56463.0,1.0,36.99,2137124.55,UIL,6.0,8.0,1.0,,3.0,10,1.0,1.0,6.0,7.0,6.0,2.0,4.0,10.0,6.0,8.0,5.0,5.0,9.0,8.0,9.0,8.0,4.0,4.0,5.0,4.0,9.0,,2.0,2.0,4.0,2.0,4.0,3.0,4.0,7.0,8.0,1.0,2.0,2.0,3.0,2.0,9.0,7.0,9.0,4.0,6.0,6.0,3.0,1.0,6.0,3,6.0,10,1
2013-12-19,53663,,11,1,4911.0,90274810,UIL,U I L HOLDINGS CORP,UIL,221111.0,N,A,R,21819,1,4931.0,90274810.0,,,49.0,493.0,,,,,,,37.49,-0.009511,56463.0,1.0,37.79,2116797.87,UIL,6.0,8.0,1.0,,3.0,10,1.0,1.0,6.0,7.0,6.0,2.0,4.0,10.0,6.0,8.0,5.0,5.0,9.0,8.0,9.0,8.0,4.0,4.0,5.0,4.0,9.0,,2.0,2.0,4.0,2.0,4.0,3.0,4.0,7.0,8.0,1.0,2.0,2.0,3.0,2.0,9.0,7.0,9.0,4.0,6.0,6.0,3.0,1.0,6.0,3,6.0,10,1
2013-12-20,53663,,11,1,4911.0,90274810,UIL,U I L HOLDINGS CORP,UIL,221111.0,N,A,R,21819,1,4931.0,90274810.0,,,49.0,493.0,,,,,,,38.82,0.035476,56463.0,1.0,37.78,2191893.66,UIL,6.0,8.0,1.0,,3.0,10,1.0,1.0,6.0,7.0,6.0,2.0,4.0,10.0,6.0,8.0,5.0,5.0,9.0,8.0,9.0,8.0,4.0,4.0,5.0,4.0,9.0,,2.0,2.0,4.0,2.0,4.0,3.0,4.0,7.0,8.0,1.0,2.0,2.0,3.0,2.0,9.0,7.0,9.0,4.0,6.0,6.0,3.0,1.0,6.0,3,6.0,10,1
2013-12-23,53663,,11,1,4911.0,90274810,UIL,U I L HOLDINGS CORP,UIL,221111.0,N,A,R,21819,1,4931.0,90274810.0,,,49.0,493.0,,,,,,,38.69,-0.003349,56463.0,1.0,39.0,2184553.47,UIL,6.0,8.0,1.0,,3.0,10,1.0,1.0,6.0,7.0,6.0,2.0,4.0,10.0,6.0,8.0,5.0,5.0,9.0,8.0,9.0,8.0,4.0,4.0,5.0,4.0,9.0,,2.0,2.0,4.0,2.0,4.0,3.0,4.0,7.0,8.0,1.0,2.0,2.0,3.0,2.0,9.0,7.0,9.0,4.0,6.0,6.0,3.0,1.0,6.0,3,6.0,10,1
2013-12-24,53663,,11,1,4911.0,90274810,UIL,U I L HOLDINGS CORP,UIL,221111.0,N,A,R,21819,1,4931.0,90274810.0,,,49.0,493.0,,,,,,,38.78,0.002326,56463.0,1.0,38.79,2189635.14,UIL,6.0,8.0,1.0,,3.0,10,1.0,1.0,6.0,7.0,6.0,2.0,4.0,10.0,6.0,8.0,5.0,5.0,9.0,8.0,9.0,8.0,4.0,4.0,5.0,4.0,9.0,,2.0,2.0,4.0,2.0,4.0,3.0,4.0,7.0,8.0,1.0,2.0,2.0,3.0,2.0,9.0,7.0,9.0,4.0,6.0,6.0,3.0,1.0,6.0,3,6.0,10,1
2013-12-26,53663,,11,1,4911.0,90274810,UIL,U I L HOLDINGS CORP,UIL,221111.0,N,A,R,21819,1,4931.0,90274810.0,,,49.0,493.0,,,,,,,38.43,-0.009025,56463.0,1.0,38.89,2169873.09,UIL,6.0,8.0,1.0,,3.0,10,1.0,1.0,6.0,7.0,6.0,2.0,4.0,10.0,6.0,8.0,5.0,5.0,9.0,8.0,9.0,8.0,4.0,4.0,5.0,4.0,9.0,,2.0,2.0,4.0,2.0,4.0,3.0,4.0,7.0,8.0,1.0,2.0,2.0,3.0,2.0,9.0,7.0,9.0,4.0,6.0,6.0,3.0,1.0,6.0,3,6.0,10,1
2013-12-27,53663,,11,1,4911.0,90274810,UIL,U I L HOLDINGS CORP,UIL,221111.0,N,A,R,21819,1,4931.0,90274810.0,,,49.0,493.0,,,,,,,38.62,0.004944,56463.0,1.0,38.6,2180601.06,UIL,6.0,8.0,1.0,,3.0,10,1.0,1.0,6.0,7.0,6.0,2.0,4.0,10.0,6.0,8.0,5.0,5.0,9.0,8.0,9.0,8.0,4.0,4.0,5.0,4.0,9.0,,2.0,2.0,4.0,2.0,4.0,3.0,4.0,7.0,8.0,1.0,2.0,2.0,3.0,2.0,9.0,7.0,9.0,4.0,6.0,6.0,3.0,1.0,6.0,3,6.0,10,1
2013-12-30,53663,,11,1,4911.0,90274810,UIL,U I L HOLDINGS CORP,UIL,221111.0,N,A,R,21819,1,4931.0,90274810.0,,,49.0,493.0,,,,,,,38.67,0.001295,56463.0,1.0,38.65,2183424.21,UIL,6.0,8.0,1.0,,3.0,10,1.0,1.0,6.0,7.0,6.0,2.0,4.0,10.0,6.0,8.0,5.0,5.0,9.0,8.0,9.0,8.0,4.0,4.0,5.0,4.0,9.0,,2.0,2.0,4.0,2.0,4.0,3.0,4.0,7.0,8.0,1.0,2.0,2.0,3.0,2.0,9.0,7.0,9.0,4.0,6.0,6.0,3.0,1.0,6.0,3,6.0,10,1
2013-12-31,53663,,11,1,4911.0,90274810,UIL,U I L HOLDINGS CORP,UIL,221111.0,N,A,R,21819,1,4931.0,90274810.0,,,49.0,493.0,,,,,,,38.75,0.002069,56463.0,1.0,38.78,2187941.25,UIL,6.0,8.0,1.0,,3.0,10,1.0,1.0,6.0,7.0,6.0,2.0,4.0,10.0,6.0,8.0,5.0,5.0,9.0,8.0,9.0,8.0,4.0,4.0,5.0,4.0,9.0,,2.0,2.0,4.0,2.0,4.0,3.0,4.0,7.0,8.0,1.0,2.0,2.0,3.0,2.0,9.0,7.0,9.0,4.0,6.0,6.0,3.0,1.0,6.0,3,6.0,10,1
2014-01-02,53663,,11,1,4911.0,90274810,UIL,U I L HOLDINGS CORP,UIL,221111.0,N,A,R,21819,1,4931.0,90274810.0,,,49.0,493.0,,,,,,,37.95,-0.020645,56463.0,1.0,38.76,2142770.85,UIL,6.0,8.0,1.0,,3.0,10,1.0,1.0,6.0,7.0,6.0,2.0,4.0,10.0,6.0,8.0,5.0,5.0,9.0,8.0,9.0,8.0,4.0,4.0,5.0,4.0,9.0,,2.0,1.0,5.0,2.0,4.0,2.0,6.0,7.0,8.0,1.0,2.0,2.0,3.0,2.0,4.0,9.0,9.0,3.0,3.0,3.0,1.0,1.0,6.0,3,7.0,10,1
2014-01-03,53663,,11,1,4911.0,90274810,UIL,U I L HOLDINGS CORP,UIL,221111.0,N,A,R,21819,1,4931.0,90274810.0,,,49.0,493.0,,,,,,,37.85,-0.002635,56463.0,1.0,37.89,2137124.55,UIL,6.0,8.0,1.0,,3.0,10,1.0,1.0,6.0,7.0,6.0,2.0,4.0,10.0,6.0,8.0,5.0,5.0,9.0,8.0,9.0,8.0,4.0,4.0,5.0,4.0,9.0,,2.0,1.0,5.0,2.0,4.0,2.0,6.0,7.0,8.0,1.0,2.0,2.0,3.0,2.0,4.0,9.0,9.0,3.0,3.0,3.0,1.0,1.0,6.0,3,7.0,10,1
2014-01-06,53663,,11,1,4911.0,90274810,UIL,U I L HOLDINGS CORP,UIL,221111.0,N,A,R,21819,1,4931.0,90274810.0,,,49.0,493.0,,,,,,,37.59,-0.006869,56463.0,1.0,37.92,2122444.17,UIL,6.0,8.0,1.0,,3.0,10,1.0,1.0,6.0,7.0,6.0,2.0,4.0,10.0,6.0,8.0,5.0,5.0,9.0,8.0,9.0,8.0,4.0,4.0,5.0,4.0,9.0,,2.0,1.0,5.0,2.0,4.0,2.0,6.0,7.0,8.0,1.0,2.0,2.0,3.0,2.0,4.0,9.0,9.0,3.0,3.0,3.0,1.0,1.0,6.0,3,7.0,10,1
2014-01-07,53663,,11,1,4911.0,90274810,UIL,U I L HOLDINGS CORP,UIL,221111.0,N,A,R,21819,1,4931.0,90274810.0,,,49.0,493.0,,,,,,,37.84,0.006651,56463.0,1.0,37.65,2136559.92,UIL,6.0,8.0,1.0,,3.0,10,1.0,1.0,6.0,7.0,6.0,2.0,4.0,10.0,6.0,8.0,5.0,5.0,9.0,8.0,9.0,8.0,4.0,4.0,5.0,4.0,9.0,,2.0,1.0,5.0,2.0,4.0,2.0,6.0,7.0,8.0,1.0,2.0,2.0,3.0,2.0,4.0,9.0,9.0,3.0,3.0,3.0,1.0,1.0,6.0,3,7.0,10,1
2014-01-08,53663,,11,1,4911.0,90274810,UIL,U I L HOLDINGS CORP,UIL,221111.0,N,A,R,21819,1,4931.0,90274810.0,,,49.0,493.0,,,,,,,37.48,-0.009514,56463.0,1.0,37.84,2116233.24,UIL,6.0,8.0,1.0,,3.0,10,1.0,1.0,6.0,7.0,6.0,2.0,4.0,10.0,6.0,8.0,5.0,5.0,9.0,8.0,9.0,8.0,4.0,4.0,5.0,4.0,9.0,,2.0,1.0,5.0,2.0,4.0,2.0,6.0,7.0,8.0,1.0,2.0,2.0,3.0,2.0,4.0,9.0,9.0,3.0,3.0,3.0,1.0,1.0,6.0,3,7.0,10,1
2014-01-09,53663,20140220.0,11,1,4931.0,90274810,UIL,U I L HOLDINGS CORP,UIL,221111.0,N,A,R,21819,1,4931.0,90274810.0,,,49.0,493.0,,,,,,,37.76,0.007471,56463.0,1.0,37.48,2132042.88,UIL,6.0,8.0,1.0,,3.0,10,1.0,1.0,6.0,7.0,6.0,2.0,4.0,10.0,6.0,8.0,5.0,5.0,9.0,8.0,9.0,8.0,4.0,4.0,5.0,4.0,9.0,,2.0,1.0,5.0,2.0,4.0,2.0,6.0,7.0,8.0,1.0,2.0,2.0,3.0,2.0,4.0,9.0,9.0,3.0,3.0,3.0,1.0,1.0,6.0,3,7.0,10,1
2014-01-10,53663,,11,1,4931.0,90274810,UIL,U I L HOLDINGS CORP,UIL,221111.0,N,A,R,21819,1,4931.0,90274810.0,,,49.0,493.0,,,,,,,38.39,0.016684,56463.0,1.0,37.8,2167614.57,UIL,6.0,8.0,1.0,,3.0,10,1.0,1.0,6.0,7.0,6.0,2.0,4.0,10.0,6.0,8.0,5.0,5.0,9.0,8.0,9.0,8.0,4.0,4.0,5.0,4.0,9.0,,2.0,1.0,5.0,2.0,4.0,2.0,6.0,7.0,8.0,1.0,2.0,2.0,3.0,2.0,4.0,9.0,9.0,3.0,3.0,3.0,1.0,1.0,6.0,3,7.0,10,1
2014-01-13,53663,,11,1,4931.0,90274810,UIL,U I L HOLDINGS CORP,UIL,221111.0,N,A,R,21819,1,4931.0,90274810.0,,,49.0,493.0,,,,,,,38.03,-0.009377,56463.0,1.0,38.22,2147287.89,UIL,6.0,8.0,1.0,,3.0,10,1.0,1.0,6.0,7.0,6.0,2.0,4.0,10.0,6.0,8.0,5.0,5.0,9.0,8.0,9.0,8.0,4.0,4.0,5.0,4.0,9.0,,2.0,1.0,5.0,2.0,4.0,2.0,6.0,7.0,8.0,1.0,2.0,2.0,3.0,2.0,4.0,9.0,9.0,3.0,3.0,3.0,1.0,1.0,6.0,3,7.0,10,1
2014-01-14,53663,,11,1,4931.0,90274810,UIL,U I L HOLDINGS CORP,UIL,221111.0,N,A,R,21819,1,4931.0,90274810.0,,,49.0,493.0,,,,,,,37.98,-0.001315,56463.0,1.0,38.05,2144464.74,UIL,6.0,8.0,1.0,,3.0,10,1.0,1.0,6.0,7.0,6.0,2.0,4.0,10.0,6.0,8.0,5.0,5.0,9.0,8.0,9.0,8.0,4.0,4.0,5.0,4.0,9.0,,2.0,1.0,5.0,2.0,4.0,2.0,6.0,7.0,8.0,1.0,2.0,2.0,3.0,2.0,4.0,9.0,9.0,3.0,3.0,3.0,1.0,1.0,6.0,3,7.0,10,1
2014-01-15,53663,,11,1,4931.0,90274810,UIL,U I L HOLDINGS CORP,UIL,221111.0,N,A,R,21819,1,4931.0,90274810.0,,,49.0,493.0,,,,,,,37.8,-0.004739,56463.0,1.0,38.08,2134301.4,UIL,6.0,8.0,1.0,,3.0,10,1.0,1.0,6.0,7.0,6.0,2.0,4.0,10.0,6.0,8.0,5.0,5.0,9.0,8.0,9.0,8.0,4.0,4.0,5.0,4.0,9.0,,2.0,1.0,5.0,2.0,4.0,2.0,6.0,7.0,8.0,1.0,2.0,2.0,3.0,2.0,4.0,9.0,9.0,3.0,3.0,3.0,1.0,1.0,6.0,3,7.0,10,1
2014-01-16,53663,,11,1,4931.0,90274810,UIL,U I L HOLDINGS CORP,UIL,221111.0,N,A,R,21819,1,4931.0,90274810.0,,,49.0,493.0,,,,,,,37.95,0.003968,56463.0,1.0,37.78,2142770.85,UIL,6.0,8.0,1.0,,3.0,10,1.0,1.0,6.0,7.0,6.0,2.0,4.0,10.0,6.0,8.0,5.0,5.0,9.0,8.0,9.0,8.0,4.0,4.0,5.0,4.0,9.0,,2.0,1.0,5.0,2.0,4.0,2.0,6.0,7.0,8.0,1.0,2.0,2.0,3.0,2.0,4.0,9.0,9.0,3.0,3.0,3.0,1.0,1.0,6.0,3,7.0,10,1
2014-01-17,53663,,11,1,4931.0,90274810,UIL,U I L HOLDINGS CORP,UIL,221111.0,N,A,R,21819,1,4931.0,90274810.0,,,49.0,493.0,,,,,,,37.99,0.001054,56463.0,1.0,37.89,2145029.37,UIL,6.0,8.0,1.0,,3.0,10,1.0,1.0,6.0,7.0,6.0,2.0,4.0,10.0,6.0,8.0,5.0,5.0,9.0,8.0,9.0,8.0,4.0,4.0,5.0,4.0,9.0,,2.0,1.0,5.0,2.0,4.0,2.0,6.0,7.0,8.0,1.0,2.0,2.0,3.0,2.0,4.0,9.0,9.0,3.0,3.0,3.0,1.0,1.0,6.0,3,7.0,10,1
2014-01-21,53663,,11,1,4931.0,90274810,UIL,U I L HOLDINGS CORP,UIL,221111.0,N,A,R,21819,1,4931.0,90274810.0,,,49.0,493.0,,,,,,,38.53,0.014214,56463.0,1.0,38.15,2175519.39,UIL,6.0,8.0,1.0,,3.0,10,1.0,1.0,6.0,7.0,6.0,2.0,4.0,10.0,6.0,8.0,5.0,5.0,9.0,8.0,9.0,8.0,4.0,4.0,5.0,4.0,9.0,,2.0,1.0,5.0,2.0,4.0,2.0,6.0,7.0,8.0,1.0,2.0,2.0,3.0,2.0,4.0,9.0,9.0,3.0,3.0,3.0,1.0,1.0,6.0,3,7.0,10,1
2014-01-22,53663,,11,1,4931.0,90274810,UIL,U I L HOLDINGS CORP,UIL,221111.0,N,A,R,21819,1,4931.0,90274810.0,,,49.0,493.0,,,,,,,38.47,-0.001557,56463.0,1.0,38.59,2172131.61,UIL,6.0,8.0,1.0,,3.0,10,1.0,1.0,6.0,7.0,6.0,2.0,4.0,10.0,6.0,8.0,5.0,5.0,9.0,8.0,9.0,8.0,4.0,4.0,5.0,4.0,9.0,,2.0,1.0,5.0,2.0,4.0,2.0,6.0,7.0,8.0,1.0,2.0,2.0,3.0,2.0,4.0,9.0,9.0,3.0,3.0,3.0,1.0,1.0,6.0,3,7.0,10,1
2014-01-23,53663,,11,1,4931.0,90274810,UIL,U I L HOLDINGS CORP,UIL,221111.0,N,A,R,21819,1,4931.0,90274810.0,,,49.0,493.0,,,,,,,38.64,0.004419,56463.0,1.0,38.25,2181730.32,UIL,6.0,8.0,1.0,,3.0,10,1.0,1.0,6.0,7.0,6.0,2.0,4.0,10.0,6.0,8.0,5.0,5.0,9.0,8.0,9.0,8.0,4.0,4.0,5.0,4.0,9.0,,2.0,1.0,5.0,2.0,4.0,2.0,6.0,7.0,8.0,1.0,2.0,2.0,3.0,2.0,4.0,9.0,9.0,3.0,3.0,3.0,1.0,1.0,6.0,3,7.0,10,1
2014-01-24,53663,,11,1,4931.0,90274810,UIL,U I L HOLDINGS CORP,UIL,221111.0,N,A,R,21819,1,4931.0,90274810.0,,,49.0,493.0,,,,,,,38.23,-0.010611,56463.0,1.0,38.38,2158580.49,UIL,6.0,8.0,1.0,,3.0,10,1.0,1.0,6.0,7.0,6.0,2.0,4.0,10.0,6.0,8.0,5.0,5.0,9.0,8.0,9.0,8.0,4.0,4.0,5.0,4.0,9.0,,2.0,1.0,5.0,2.0,4.0,2.0,6.0,7.0,8.0,1.0,2.0,2.0,3.0,2.0,4.0,9.0,9.0,3.0,3.0,3.0,1.0,1.0,6.0,3,7.0,10,1
2014-01-27,53663,,11,1,4931.0,90274810,UIL,U I L HOLDINGS CORP,UIL,221111.0,N,A,R,21819,1,4931.0,90274810.0,,,49.0,493.0,,,,,,,38.02,-0.005493,56463.0,1.0,38.17,2146723.26,UIL,6.0,8.0,1.0,,3.0,10,1.0,1.0,6.0,7.0,6.0,2.0,4.0,10.0,6.0,8.0,5.0,5.0,9.0,8.0,9.0,8.0,4.0,4.0,5.0,4.0,9.0,,2.0,1.0,5.0,2.0,4.0,2.0,6.0,7.0,8.0,1.0,2.0,2.0,3.0,2.0,4.0,9.0,9.0,3.0,3.0,3.0,1.0,1.0,6.0,3,7.0,10,1
2014-01-28,53663,,11,1,4931.0,90274810,UIL,U I L HOLDINGS CORP,UIL,221111.0,N,A,R,21819,1,4931.0,90274810.0,,,49.0,493.0,,,,,,,38.07,0.001315,56463.0,1.0,38.02,2149546.41,UIL,6.0,8.0,1.0,,3.0,10,1.0,1.0,6.0,7.0,6.0,2.0,4.0,10.0,6.0,8.0,5.0,5.0,9.0,8.0,9.0,8.0,4.0,4.0,5.0,4.0,9.0,,2.0,1.0,5.0,2.0,4.0,2.0,6.0,7.0,8.0,1.0,2.0,2.0,3.0,2.0,4.0,9.0,9.0,3.0,3.0,3.0,1.0,1.0,6.0,3,7.0,10,1
2014-01-29,53663,,11,1,4931.0,90274810,UIL,U I L HOLDINGS CORP,UIL,221111.0,N,A,R,21819,1,4931.0,90274810.0,,,49.0,493.0,,,,,,,37.88,-0.004991,56463.0,1.0,37.91,2138818.44,UIL,6.0,8.0,1.0,,3.0,10,1.0,1.0,6.0,7.0,6.0,2.0,4.0,10.0,6.0,8.0,5.0,5.0,9.0,8.0,9.0,8.0,4.0,4.0,5.0,4.0,9.0,,2.0,1.0,5.0,2.0,4.0,2.0,6.0,7.0,8.0,1.0,2.0,2.0,3.0,2.0,4.0,9.0,9.0,3.0,3.0,3.0,1.0,1.0,6.0,3,7.0,10,1
2014-01-30,53663,,11,1,4931.0,90274810,UIL,U I L HOLDINGS CORP,UIL,221111.0,N,A,R,21819,1,4931.0,90274810.0,,,49.0,493.0,,,,,,,38.47,0.015576,56463.0,1.0,38.0,2172131.61,UIL,6.0,8.0,1.0,,3.0,10,1.0,1.0,6.0,7.0,6.0,2.0,4.0,10.0,6.0,8.0,5.0,5.0,9.0,8.0,9.0,8.0,4.0,4.0,5.0,4.0,9.0,,2.0,1.0,5.0,2.0,4.0,2.0,6.0,7.0,8.0,1.0,2.0,2.0,3.0,2.0,4.0,9.0,9.0,3.0,3.0,3.0,1.0,1.0,6.0,3,7.0,10,1
2014-01-31,53663,,11,1,4931.0,90274810,UIL,U I L HOLDINGS CORP,UIL,221111.0,N,A,R,21819,1,4931.0,90274810.0,,,49.0,493.0,,,,,,,38.67,0.005199,56463.0,1.0,37.78,2183424.21,UIL,6.0,8.0,1.0,,3.0,10,1.0,1.0,6.0,7.0,6.0,2.0,4.0,10.0,6.0,8.0,5.0,5.0,9.0,8.0,9.0,8.0,4.0,4.0,5.0,4.0,9.0,,2.0,1.0,5.0,2.0,4.0,2.0,6.0,7.0,8.0,1.0,2.0,2.0,3.0,2.0,4.0,9.0,9.0,3.0,3.0,3.0,1.0,1.0,6.0,3,7.0,10,1
2014-02-03,53663,,11,1,4931.0,90274810,UIL,U I L HOLDINGS CORP,UIL,221111.0,N,A,R,21819,1,4931.0,90274810.0,,,49.0,493.0,,,,,,,38.52,-0.003879,56463.0,1.0,38.7,2174954.76,UIL,6.0,8.0,1.0,,3.0,10,1.0,1.0,6.0,7.0,6.0,2.0,4.0,10.0,6.0,8.0,5.0,5.0,9.0,8.0,9.0,8.0,4.0,4.0,5.0,4.0,9.0,,2.0,3.0,5.0,2.0,4.0,3.0,7.0,7.0,8.0,1.0,2.0,3.0,3.0,2.0,4.0,8.0,9.0,3.0,7.0,7.0,5.0,1.0,6.0,3,8.0,10,1
2014-02-04,53663,,11,1,4931.0,90274810,UIL,U I L HOLDINGS CORP,UIL,221111.0,N,A,R,21819,1,4931.0,90274810.0,,,49.0,493.0,,,,,,,38.04,-0.012461,56463.0,1.0,38.6,2147852.52,UIL,6.0,8.0,1.0,,3.0,10,1.0,1.0,6.0,7.0,6.0,2.0,4.0,10.0,6.0,8.0,5.0,5.0,9.0,8.0,9.0,8.0,4.0,4.0,5.0,4.0,9.0,,2.0,3.0,5.0,2.0,4.0,3.0,7.0,7.0,8.0,1.0,2.0,3.0,3.0,2.0,4.0,8.0,9.0,3.0,7.0,7.0,5.0,1.0,6.0,3,8.0,10,1
2014-02-05,53663,,11,1,4931.0,90274810,UIL,U I L HOLDINGS CORP,UIL,221111.0,N,A,R,21819,1,4931.0,90274810.0,,,49.0,493.0,,,,,,,37.59,-0.01183,56463.0,1.0,37.86,2122444.17,UIL,6.0,8.0,1.0,,3.0,10,1.0,1.0,6.0,7.0,6.0,2.0,4.0,10.0,6.0,8.0,5.0,5.0,9.0,8.0,9.0,8.0,4.0,4.0,5.0,4.0,9.0,,2.0,3.0,5.0,2.0,4.0,3.0,7.0,7.0,8.0,1.0,2.0,3.0,3.0,2.0,4.0,8.0,9.0,3.0,7.0,7.0,5.0,1.0,6.0,3,8.0,10,1
2014-02-06,53663,,11,1,4931.0,90274810,UIL,U I L HOLDINGS CORP,UIL,221111.0,N,A,R,21819,1,4931.0,90274810.0,,,49.0,493.0,,,,,,,37.77,0.004789,56463.0,1.0,37.64,2132607.51,UIL,6.0,8.0,1.0,,3.0,10,1.0,1.0,6.0,7.0,6.0,2.0,4.0,10.0,6.0,8.0,5.0,5.0,9.0,8.0,9.0,8.0,4.0,4.0,5.0,4.0,9.0,,2.0,3.0,5.0,2.0,4.0,3.0,7.0,7.0,8.0,1.0,2.0,3.0,3.0,2.0,4.0,8.0,9.0,3.0,7.0,7.0,5.0,1.0,6.0,3,8.0,10,1
2014-02-07,53663,,11,1,4931.0,90274810,UIL,U I L HOLDINGS CORP,UIL,221111.0,N,A,R,21819,1,4931.0,90274810.0,,,49.0,493.0,,,,,,,37.9,0.003442,56463.0,1.0,37.88,2139947.7,UIL,6.0,8.0,1.0,,3.0,10,1.0,1.0,6.0,7.0,6.0,2.0,4.0,10.0,6.0,8.0,5.0,5.0,9.0,8.0,9.0,8.0,4.0,4.0,5.0,4.0,9.0,,2.0,3.0,5.0,2.0,4.0,3.0,7.0,7.0,8.0,1.0,2.0,3.0,3.0,2.0,4.0,8.0,9.0,3.0,7.0,7.0,5.0,1.0,6.0,3,8.0,10,1
2014-02-10,53663,,11,1,4931.0,90274810,UIL,U I L HOLDINGS CORP,UIL,221111.0,N,A,R,21819,1,4931.0,90274810.0,,,49.0,493.0,,,,,,,38.18,0.007388,56463.0,1.0,37.8,2155757.34,UIL,6.0,8.0,1.0,,3.0,10,1.0,1.0,6.0,7.0,6.0,2.0,4.0,10.0,6.0,8.0,5.0,5.0,9.0,8.0,9.0,8.0,4.0,4.0,5.0,4.0,9.0,,2.0,3.0,5.0,2.0,4.0,3.0,7.0,7.0,8.0,1.0,2.0,3.0,3.0,2.0,4.0,8.0,9.0,3.0,7.0,7.0,5.0,1.0,6.0,3,8.0,10,1
2014-02-11,53663,,11,1,4931.0,90274810,UIL,U I L HOLDINGS CORP,UIL,221111.0,N,A,R,21819,1,4931.0,90274810.0,,,49.0,493.0,,,,,,,38.7,0.01362,56463.0,1.0,38.11,2185118.1,UIL,6.0,8.0,1.0,,3.0,10,1.0,1.0,6.0,7.0,6.0,2.0,4.0,10.0,6.0,8.0,5.0,5.0,9.0,8.0,9.0,8.0,4.0,4.0,5.0,4.0,9.0,,2.0,3.0,5.0,2.0,4.0,3.0,7.0,7.0,8.0,1.0,2.0,3.0,3.0,2.0,4.0,8.0,9.0,3.0,7.0,7.0,5.0,1.0,6.0,3,8.0,10,1
2014-02-12,53663,,11,1,4931.0,90274810,UIL,U I L HOLDINGS CORP,UIL,221111.0,N,A,R,21819,1,4931.0,90274810.0,,,49.0,493.0,,,,,,,38.8,0.002584,56463.0,1.0,38.62,2190764.4,UIL,6.0,8.0,1.0,,3.0,10,1.0,1.0,6.0,7.0,6.0,2.0,4.0,10.0,6.0,8.0,5.0,5.0,9.0,8.0,9.0,8.0,4.0,4.0,5.0,4.0,9.0,,2.0,3.0,5.0,2.0,4.0,3.0,7.0,7.0,8.0,1.0,2.0,3.0,3.0,2.0,4.0,8.0,9.0,3.0,7.0,7.0,5.0,1.0,6.0,3,8.0,10,1
2014-02-13,53663,,11,1,4931.0,90274810,UIL,U I L HOLDINGS CORP,UIL,221111.0,N,A,R,21819,1,4931.0,90274810.0,,,49.0,493.0,,,,,,,39.72,0.023711,56463.0,1.0,38.56,2242710.36,UIL,6.0,8.0,1.0,,3.0,10,1.0,1.0,6.0,7.0,6.0,2.0,4.0,10.0,6.0,8.0,5.0,5.0,9.0,8.0,9.0,8.0,4.0,4.0,5.0,4.0,9.0,,2.0,3.0,5.0,2.0,4.0,3.0,7.0,7.0,8.0,1.0,2.0,3.0,3.0,2.0,4.0,8.0,9.0,3.0,7.0,7.0,5.0,1.0,6.0,3,8.0,10,1
2014-02-14,53663,,11,1,4931.0,90274810,UIL,U I L HOLDINGS CORP,UIL,221111.0,N,A,R,21819,1,4931.0,90274810.0,,,49.0,493.0,,,,,,,40.17,0.011329,56463.0,1.0,39.73,2268118.71,UIL,6.0,8.0,1.0,,3.0,10,1.0,1.0,6.0,7.0,6.0,2.0,4.0,10.0,6.0,8.0,5.0,5.0,9.0,8.0,9.0,8.0,4.0,4.0,5.0,4.0,9.0,,2.0,3.0,5.0,2.0,4.0,3.0,7.0,7.0,8.0,1.0,2.0,3.0,3.0,2.0,4.0,8.0,9.0,3.0,7.0,7.0,5.0,1.0,6.0,3,8.0,10,1
2014-02-18,53663,,11,1,4931.0,90274810,UIL,U I L HOLDINGS CORP,UIL,221111.0,N,A,R,21819,1,4931.0,90274810.0,,,49.0,493.0,,,,,,,40.3,0.003236,56463.0,1.0,40.13,2275458.9,UIL,6.0,8.0,1.0,,3.0,10,1.0,1.0,6.0,7.0,6.0,2.0,4.0,10.0,6.0,8.0,5.0,5.0,9.0,8.0,9.0,8.0,4.0,4.0,5.0,4.0,9.0,,2.0,3.0,5.0,2.0,4.0,3.0,7.0,7.0,8.0,1.0,2.0,3.0,3.0,2.0,4.0,8.0,9.0,3.0,7.0,7.0,5.0,1.0,6.0,3,8.0,10,1
2014-02-19,53663,,11,1,4931.0,90274810,UIL,U I L HOLDINGS CORP,UIL,221111.0,N,A,R,21819,1,4931.0,90274810.0,,,49.0,493.0,,,,,,,39.7,-0.014888,56463.0,1.0,40.12,2241581.1,UIL,6.0,8.0,1.0,,3.0,10,1.0,1.0,6.0,7.0,6.0,2.0,4.0,10.0,6.0,8.0,5.0,5.0,9.0,8.0,9.0,8.0,4.0,4.0,5.0,4.0,9.0,,2.0,3.0,5.0,2.0,4.0,3.0,7.0,7.0,8.0,1.0,2.0,3.0,3.0,2.0,4.0,8.0,9.0,3.0,7.0,7.0,5.0,1.0,6.0,3,8.0,10,1
2014-02-20,53663,,11,1,4931.0,90274810,UIL,U I L HOLDINGS CORP,UIL,221111.0,N,A,R,21819,1,4931.0,90274810.0,,,49.0,493.0,,,,,,,40.32,0.015617,56463.0,1.0,39.71,2276588.16,UIL,6.0,8.0,1.0,,3.0,10,1.0,1.0,6.0,7.0,6.0,2.0,4.0,10.0,6.0,8.0,5.0,5.0,9.0,8.0,9.0,8.0,4.0,4.0,5.0,4.0,9.0,,2.0,3.0,5.0,2.0,4.0,3.0,7.0,7.0,8.0,1.0,2.0,3.0,3.0,2.0,4.0,8.0,9.0,3.0,7.0,7.0,5.0,1.0,6.0,3,8.0,10,1
2014-02-21,53663,20151216.0,11,1,4931.0,90274810,UIL,U I L HOLDINGS CORP,UIL,221118.0,N,A,R,21819,1,4931.0,90274810.0,,,49.0,493.0,,,,,,,40.0,-0.007937,56463.0,1.0,40.68,2258520.0,UIL,6.0,8.0,1.0,,3.0,10,1.0,1.0,6.0,7.0,6.0,2.0,4.0,10.0,6.0,8.0,5.0,5.0,9.0,8.0,9.0,8.0,4.0,4.0,5.0,4.0,9.0,,2.0,3.0,5.0,2.0,4.0,3.0,7.0,7.0,8.0,1.0,2.0,3.0,3.0,2.0,4.0,8.0,9.0,3.0,7.0,7.0,5.0,1.0,6.0,3,8.0,10,1
2014-02-24,53663,,11,1,4931.0,90274810,UIL,U I L HOLDINGS CORP,UIL,221118.0,N,A,R,21819,1,4931.0,90274810.0,,,49.0,493.0,,,,,,,39.61,-0.00975,56463.0,1.0,40.0,2236499.43,UIL,6.0,8.0,1.0,,3.0,10,1.0,1.0,6.0,7.0,6.0,2.0,4.0,10.0,6.0,8.0,5.0,5.0,9.0,8.0,9.0,8.0,4.0,4.0,5.0,4.0,9.0,,2.0,3.0,5.0,2.0,4.0,3.0,7.0,7.0,8.0,1.0,2.0,3.0,3.0,2.0,4.0,8.0,9.0,3.0,7.0,7.0,5.0,1.0,6.0,3,8.0,10,1
2014-02-25,53663,,11,1,4931.0,90274810,UIL,U I L HOLDINGS CORP,UIL,221118.0,N,A,R,21819,1,4931.0,90274810.0,,,49.0,493.0,,,,,,,39.65,0.00101,56463.0,1.0,39.61,2238757.95,UIL,6.0,8.0,1.0,,3.0,10,1.0,1.0,6.0,7.0,6.0,2.0,4.0,10.0,6.0,8.0,5.0,5.0,9.0,8.0,9.0,8.0,4.0,4.0,5.0,4.0,9.0,,2.0,3.0,5.0,2.0,4.0,3.0,7.0,7.0,8.0,1.0,2.0,3.0,3.0,2.0,4.0,8.0,9.0,3.0,7.0,7.0,5.0,1.0,6.0,3,8.0,10,1
2014-02-26,53663,,11,1,4931.0,90274810,UIL,U I L HOLDINGS CORP,UIL,221118.0,N,A,R,21819,1,4931.0,90274810.0,,,49.0,493.0,,,,,,,39.48,-0.004288,56463.0,1.0,39.7,2229159.24,UIL,6.0,8.0,1.0,,3.0,10,1.0,1.0,6.0,7.0,6.0,2.0,4.0,10.0,6.0,8.0,5.0,5.0,9.0,8.0,9.0,8.0,4.0,4.0,5.0,4.0,9.0,,2.0,3.0,5.0,2.0,4.0,3.0,7.0,7.0,8.0,1.0,2.0,3.0,3.0,2.0,4.0,8.0,9.0,3.0,7.0,7.0,5.0,1.0,6.0,3,8.0,10,1
2014-02-27,53663,,11,1,4931.0,90274810,UIL,U I L HOLDINGS CORP,UIL,221118.0,N,A,R,21819,1,4931.0,90274810.0,,,49.0,493.0,,,,,,,39.45,-0.00076,56463.0,1.0,39.28,2227465.35,UIL,6.0,8.0,1.0,,3.0,10,1.0,1.0,6.0,7.0,6.0,2.0,4.0,10.0,6.0,8.0,5.0,5.0,9.0,8.0,9.0,8.0,4.0,4.0,5.0,4.0,9.0,,2.0,3.0,5.0,2.0,4.0,3.0,7.0,7.0,8.0,1.0,2.0,3.0,3.0,2.0,4.0,8.0,9.0,3.0,7.0,7.0,5.0,1.0,6.0,3,8.0,10,1
2014-02-28,53663,,11,1,4931.0,90274810,UIL,U I L HOLDINGS CORP,UIL,221118.0,N,A,R,21819,1,4931.0,90274810.0,,,49.0,493.0,,,,,,,38.72,-0.018504,56463.0,1.0,39.23,2186247.36,UIL,6.0,8.0,1.0,,3.0,10,1.0,1.0,6.0,7.0,6.0,2.0,4.0,10.0,6.0,8.0,5.0,5.0,9.0,8.0,9.0,8.0,4.0,4.0,5.0,4.0,9.0,,2.0,3.0,5.0,2.0,4.0,3.0,7.0,7.0,8.0,1.0,2.0,3.0,3.0,2.0,4.0,8.0,9.0,3.0,7.0,7.0,5.0,1.0,6.0,3,8.0,10,1
2014-03-03,53663,,11,1,4931.0,90274810,UIL,U I L HOLDINGS CORP,UIL,221118.0,N,A,R,21819,1,4931.0,90274810.0,,,49.0,493.0,,,,,,,36.97,-0.045196,56463.0,1.0,38.74,2087437.11,UIL,6.0,8.0,1.0,,3.0,10,1.0,1.0,6.0,7.0,6.0,2.0,4.0,10.0,6.0,8.0,5.0,5.0,9.0,8.0,9.0,8.0,4.0,4.0,5.0,4.0,9.0,,3.0,3.0,5.0,2.0,3.0,3.0,8.0,6.0,8.0,1.0,7.0,6.0,8.0,5.0,8.0,9.0,9.0,3.0,8.0,8.0,6.0,1.0,6.0,3,8.0,10,1
2014-03-04,53663,,11,1,4931.0,90274810,UIL,U I L HOLDINGS CORP,UIL,221118.0,N,A,R,21819,1,4931.0,90274810.0,,,49.0,493.0,,,,,,,36.38,-0.015959,56463.0,1.0,37.15,2054123.94,UIL,6.0,8.0,1.0,,3.0,10,1.0,1.0,6.0,7.0,6.0,2.0,4.0,10.0,6.0,8.0,5.0,5.0,9.0,8.0,9.0,8.0,4.0,4.0,5.0,4.0,9.0,,3.0,3.0,5.0,2.0,3.0,3.0,8.0,6.0,8.0,1.0,7.0,6.0,8.0,5.0,8.0,9.0,9.0,3.0,8.0,8.0,6.0,1.0,6.0,3,8.0,10,1
2014-03-05,53663,,11,1,4931.0,90274810,UIL,U I L HOLDINGS CORP,UIL,221118.0,N,A,R,21819,1,4931.0,90274810.0,,,49.0,493.0,,,,,,,35.75,-0.017317,56463.0,1.0,36.22,2018552.25,UIL,6.0,8.0,1.0,,3.0,10,1.0,1.0,6.0,7.0,6.0,2.0,4.0,10.0,6.0,8.0,5.0,5.0,9.0,8.0,9.0,8.0,4.0,4.0,5.0,4.0,9.0,,3.0,3.0,5.0,2.0,3.0,3.0,8.0,6.0,8.0,1.0,7.0,6.0,8.0,5.0,8.0,9.0,9.0,3.0,8.0,8.0,6.0,1.0,6.0,3,8.0,10,1
2014-03-06,53663,,11,1,4931.0,90274810,UIL,U I L HOLDINGS CORP,UIL,221118.0,N,A,R,21819,1,4931.0,90274810.0,,,49.0,493.0,1232.0,0.432,0.0,,,,34.62,-0.019525,56463.0,1.0,35.42,1954749.06,UIL,6.0,8.0,1.0,,3.0,10,1.0,1.0,6.0,7.0,6.0,2.0,4.0,10.0,6.0,8.0,5.0,5.0,9.0,8.0,9.0,8.0,4.0,4.0,5.0,4.0,9.0,,3.0,3.0,5.0,2.0,3.0,3.0,8.0,6.0,8.0,1.0,7.0,6.0,8.0,5.0,8.0,9.0,9.0,3.0,8.0,8.0,6.0,1.0,6.0,3,8.0,10,1
2014-03-07,53663,,11,1,4931.0,90274810,UIL,U I L HOLDINGS CORP,UIL,221118.0,N,A,R,21819,1,4931.0,90274810.0,,,49.0,493.0,,,,,,,34.84,0.006355,56463.0,1.0,34.67,1967170.92,UIL,6.0,8.0,1.0,,3.0,10,1.0,1.0,6.0,7.0,6.0,2.0,4.0,10.0,6.0,8.0,5.0,5.0,9.0,8.0,9.0,8.0,4.0,4.0,5.0,4.0,9.0,,3.0,3.0,5.0,2.0,3.0,3.0,8.0,6.0,8.0,1.0,7.0,6.0,8.0,5.0,8.0,9.0,9.0,3.0,8.0,8.0,6.0,1.0,6.0,3,8.0,10,1
2014-03-10,53663,,11,1,4931.0,90274810,UIL,U I L HOLDINGS CORP,UIL,221118.0,N,A,R,21819,1,4931.0,90274810.0,,,49.0,493.0,,,,,,,35.7,0.024684,56463.0,1.0,35.5,2015729.1,UIL,6.0,8.0,1.0,,3.0,10,1.0,1.0,6.0,7.0,6.0,2.0,4.0,10.0,6.0,8.0,5.0,5.0,9.0,8.0,9.0,8.0,4.0,4.0,5.0,4.0,9.0,,3.0,3.0,5.0,2.0,3.0,3.0,8.0,6.0,8.0,1.0,7.0,6.0,8.0,5.0,8.0,9.0,9.0,3.0,8.0,8.0,6.0,1.0,6.0,3,8.0,10,1
2014-03-11,53663,,11,1,4931.0,90274810,UIL,U I L HOLDINGS CORP,UIL,221118.0,N,A,R,21819,1,4931.0,90274810.0,,,49.0,493.0,,,,,,,35.45,-0.007003,56463.0,1.0,35.86,2001613.35,UIL,6.0,8.0,1.0,,3.0,10,1.0,1.0,6.0,7.0,6.0,2.0,4.0,10.0,6.0,8.0,5.0,5.0,9.0,8.0,9.0,8.0,4.0,4.0,5.0,4.0,9.0,,3.0,3.0,5.0,2.0,3.0,3.0,8.0,6.0,8.0,1.0,7.0,6.0,8.0,5.0,8.0,9.0,9.0,3.0,8.0,8.0,6.0,1.0,6.0,3,8.0,10,1
2014-03-12,53663,,11,1,4931.0,90274810,UIL,U I L HOLDINGS CORP,UIL,221118.0,N,A,R,21819,1,4931.0,90274810.0,,,49.0,493.0,,,,,,,36.13,0.019182,56463.0,1.0,35.43,2040008.19,UIL,6.0,8.0,1.0,,3.0,10,1.0,1.0,6.0,7.0,6.0,2.0,4.0,10.0,6.0,8.0,5.0,5.0,9.0,8.0,9.0,8.0,4.0,4.0,5.0,4.0,9.0,,3.0,3.0,5.0,2.0,3.0,3.0,8.0,6.0,8.0,1.0,7.0,6.0,8.0,5.0,8.0,9.0,9.0,3.0,8.0,8.0,6.0,1.0,6.0,3,8.0,10,1
2014-03-13,53663,,11,1,4931.0,90274810,UIL,U I L HOLDINGS CORP,UIL,221118.0,N,A,R,21819,1,4931.0,90274810.0,,,49.0,493.0,,,,,,,36.76,0.017437,56463.0,1.0,36.74,2075579.88,UIL,6.0,8.0,1.0,,3.0,10,1.0,1.0,6.0,7.0,6.0,2.0,4.0,10.0,6.0,8.0,5.0,5.0,9.0,8.0,9.0,8.0,4.0,4.0,5.0,4.0,9.0,,3.0,3.0,5.0,2.0,3.0,3.0,8.0,6.0,8.0,1.0,7.0,6.0,8.0,5.0,8.0,9.0,9.0,3.0,8.0,8.0,6.0,1.0,6.0,3,8.0,10,1
2014-03-14,53663,,11,1,4931.0,90274810,UIL,U I L HOLDINGS CORP,UIL,221118.0,N,A,R,21819,1,4931.0,90274810.0,,,49.0,493.0,,,,,,,36.33,-0.011697,56463.0,1.0,36.7,2051300.79,UIL,6.0,8.0,1.0,,3.0,10,1.0,1.0,6.0,7.0,6.0,2.0,4.0,10.0,6.0,8.0,5.0,5.0,9.0,8.0,9.0,8.0,4.0,4.0,5.0,4.0,9.0,,3.0,3.0,5.0,2.0,3.0,3.0,8.0,6.0,8.0,1.0,7.0,6.0,8.0,5.0,8.0,9.0,9.0,3.0,8.0,8.0,6.0,1.0,6.0,3,8.0,10,1
2014-03-17,53663,,11,1,4931.0,90274810,UIL,U I L HOLDINGS CORP,UIL,221118.0,N,A,R,21819,1,4931.0,90274810.0,,,49.0,493.0,,,,,,,36.55,0.006056,56463.0,1.0,36.58,2063722.65,UIL,6.0,8.0,1.0,,3.0,10,1.0,1.0,6.0,7.0,6.0,2.0,4.0,10.0,6.0,8.0,5.0,5.0,9.0,8.0,9.0,8.0,4.0,4.0,5.0,4.0,9.0,,3.0,3.0,5.0,2.0,3.0,3.0,8.0,6.0,8.0,1.0,7.0,6.0,8.0,5.0,8.0,9.0,9.0,3.0,8.0,8.0,6.0,1.0,6.0,3,8.0,10,1
2014-03-18,53663,,11,1,4931.0,90274810,UIL,U I L HOLDINGS CORP,UIL,221118.0,N,A,R,21819,1,4931.0,90274810.0,,,49.0,493.0,,,,,,,36.49,-0.001642,56463.0,1.0,36.68,2060334.87,UIL,6.0,8.0,1.0,,3.0,10,1.0,1.0,6.0,7.0,6.0,2.0,4.0,10.0,6.0,8.0,5.0,5.0,9.0,8.0,9.0,8.0,4.0,4.0,5.0,4.0,9.0,,3.0,3.0,5.0,2.0,3.0,3.0,8.0,6.0,8.0,1.0,7.0,6.0,8.0,5.0,8.0,9.0,9.0,3.0,8.0,8.0,6.0,1.0,6.0,3,8.0,10,1
2014-03-19,53663,,11,1,4931.0,90274810,UIL,U I L HOLDINGS CORP,UIL,221118.0,N,A,R,21819,1,4931.0,90274810.0,,,49.0,493.0,,,,,,,35.52,-0.026583,56463.0,1.0,36.49,2005565.76,UIL,6.0,8.0,1.0,,3.0,10,1.0,1.0,6.0,7.0,6.0,2.0,4.0,10.0,6.0,8.0,5.0,5.0,9.0,8.0,9.0,8.0,4.0,4.0,5.0,4.0,9.0,,3.0,3.0,5.0,2.0,3.0,3.0,8.0,6.0,8.0,1.0,7.0,6.0,8.0,5.0,8.0,9.0,9.0,3.0,8.0,8.0,6.0,1.0,6.0,3,8.0,10,1
2014-03-20,53663,,11,1,4931.0,90274810,UIL,U I L HOLDINGS CORP,UIL,221118.0,N,A,R,21819,1,4931.0,90274810.0,,,49.0,493.0,,,,,,,36.0,0.013514,56463.0,1.0,35.45,2032668.0,UIL,6.0,8.0,1.0,,3.0,10,1.0,1.0,6.0,7.0,6.0,2.0,4.0,10.0,6.0,8.0,5.0,5.0,9.0,8.0,9.0,8.0,4.0,4.0,5.0,4.0,9.0,,3.0,3.0,5.0,2.0,3.0,3.0,8.0,6.0,8.0,1.0,7.0,6.0,8.0,5.0,8.0,9.0,9.0,3.0,8.0,8.0,6.0,1.0,6.0,3,8.0,10,1
2014-03-21,53663,,11,1,4931.0,90274810,UIL,U I L HOLDINGS CORP,UIL,221118.0,N,A,R,21819,1,4931.0,90274810.0,,,49.0,493.0,,,,,,,35.84,-0.004444,56463.0,1.0,36.2,2023633.92,UIL,6.0,8.0,1.0,,3.0,10,1.0,1.0,6.0,7.0,6.0,2.0,4.0,10.0,6.0,8.0,5.0,5.0,9.0,8.0,9.0,8.0,4.0,4.0,5.0,4.0,9.0,,3.0,3.0,5.0,2.0,3.0,3.0,8.0,6.0,8.0,1.0,7.0,6.0,8.0,5.0,8.0,9.0,9.0,3.0,8.0,8.0,6.0,1.0,6.0,3,8.0,10,1
2014-03-24,53663,,11,1,4931.0,90274810,UIL,U I L HOLDINGS CORP,UIL,221118.0,N,A,R,21819,1,4931.0,90274810.0,,,49.0,493.0,,,,,,,35.84,0.0,56463.0,1.0,35.93,2023633.92,UIL,6.0,8.0,1.0,,3.0,10,1.0,1.0,6.0,7.0,6.0,2.0,4.0,10.0,6.0,8.0,5.0,5.0,9.0,8.0,9.0,8.0,4.0,4.0,5.0,4.0,9.0,,3.0,3.0,5.0,2.0,3.0,3.0,8.0,6.0,8.0,1.0,7.0,6.0,8.0,5.0,8.0,9.0,9.0,3.0,8.0,8.0,6.0,1.0,6.0,3,8.0,10,1
2014-03-25,53663,,11,1,4931.0,90274810,UIL,U I L HOLDINGS CORP,UIL,221118.0,N,A,R,21819,1,4931.0,90274810.0,,,49.0,493.0,,,,,,,35.95,0.003069,56463.0,1.0,35.98,2029844.85,UIL,6.0,8.0,1.0,,3.0,10,1.0,1.0,6.0,7.0,6.0,2.0,4.0,10.0,6.0,8.0,5.0,5.0,9.0,8.0,9.0,8.0,4.0,4.0,5.0,4.0,9.0,,3.0,3.0,5.0,2.0,3.0,3.0,8.0,6.0,8.0,1.0,7.0,6.0,8.0,5.0,8.0,9.0,9.0,3.0,8.0,8.0,6.0,1.0,6.0,3,8.0,10,1
2014-03-26,53663,,11,1,4931.0,90274810,UIL,U I L HOLDINGS CORP,UIL,221118.0,N,A,R,21819,1,4931.0,90274810.0,,,49.0,493.0,,,,,,,35.52,-0.011961,56463.0,1.0,36.21,2005565.76,UIL,6.0,8.0,1.0,,3.0,10,1.0,1.0,6.0,7.0,6.0,2.0,4.0,10.0,6.0,8.0,5.0,5.0,9.0,8.0,9.0,8.0,4.0,4.0,5.0,4.0,9.0,,3.0,3.0,5.0,2.0,3.0,3.0,8.0,6.0,8.0,1.0,7.0,6.0,8.0,5.0,8.0,9.0,9.0,3.0,8.0,8.0,6.0,1.0,6.0,3,8.0,10,1
2014-03-27,53663,,11,1,4931.0,90274810,UIL,U I L HOLDINGS CORP,UIL,221118.0,N,A,R,21819,1,4931.0,90274810.0,,,49.0,493.0,,,,,,,36.09,0.016047,56463.0,1.0,35.5,2037749.67,UIL,6.0,8.0,1.0,,3.0,10,1.0,1.0,6.0,7.0,6.0,2.0,4.0,10.0,6.0,8.0,5.0,5.0,9.0,8.0,9.0,8.0,4.0,4.0,5.0,4.0,9.0,,3.0,3.0,5.0,2.0,3.0,3.0,8.0,6.0,8.0,1.0,7.0,6.0,8.0,5.0,8.0,9.0,9.0,3.0,8.0,8.0,6.0,1.0,6.0,3,8.0,10,1
2014-03-28,53663,,11,1,4931.0,90274810,UIL,U I L HOLDINGS CORP,UIL,221118.0,N,A,R,21819,1,4931.0,90274810.0,,,49.0,493.0,,,,,,,36.22,0.003602,56463.0,1.0,36.13,2045089.86,UIL,6.0,8.0,1.0,,3.0,10,1.0,1.0,6.0,7.0,6.0,2.0,4.0,10.0,6.0,8.0,5.0,5.0,9.0,8.0,9.0,8.0,4.0,4.0,5.0,4.0,9.0,,3.0,3.0,5.0,2.0,3.0,3.0,8.0,6.0,8.0,1.0,7.0,6.0,8.0,5.0,8.0,9.0,9.0,3.0,8.0,8.0,6.0,1.0,6.0,3,8.0,10,1
2014-03-31,53663,,11,1,4931.0,90274810,UIL,U I L HOLDINGS CORP,UIL,221118.0,N,A,R,21819,1,4931.0,90274810.0,,,49.0,493.0,,,,,,,36.81,0.016289,56531.0,1.0,36.4,2080906.11,UIL,6.0,8.0,1.0,,3.0,10,1.0,1.0,6.0,7.0,6.0,2.0,4.0,10.0,6.0,8.0,5.0,5.0,9.0,8.0,9.0,8.0,4.0,4.0,5.0,4.0,9.0,,3.0,3.0,5.0,2.0,3.0,3.0,8.0,6.0,8.0,1.0,7.0,6.0,8.0,5.0,8.0,9.0,9.0,3.0,8.0,8.0,6.0,1.0,6.0,3,8.0,10,1
2014-04-01,53663,,11,1,4931.0,90274810,UIL,U I L HOLDINGS CORP,UIL,221118.0,N,A,R,21819,1,4931.0,90274810.0,,,49.0,493.0,,,,,,,36.47,-0.009237,56531.0,1.0,36.83,2061685.57,UIL,6.0,8.0,1.0,,3.0,10,1.0,1.0,6.0,7.0,6.0,2.0,4.0,10.0,6.0,8.0,5.0,5.0,9.0,8.0,9.0,8.0,4.0,4.0,5.0,4.0,9.0,,3.0,5.0,5.0,2.0,3.0,2.0,6.0,6.0,9.0,1.0,7.0,6.0,8.0,5.0,8.0,7.0,10.0,4.0,9.0,10.0,9.0,1.0,6.0,3,6.0,10,1
2014-04-02,53663,,11,1,4931.0,90274810,UIL,U I L HOLDINGS CORP,UIL,221118.0,N,A,R,21819,1,4931.0,90274810.0,,,49.0,493.0,,,,,,,36.55,0.002194,56531.0,1.0,36.59,2066208.05,UIL,6.0,8.0,1.0,,3.0,10,1.0,1.0,6.0,7.0,6.0,2.0,4.0,10.0,6.0,8.0,5.0,5.0,9.0,8.0,9.0,8.0,4.0,4.0,5.0,4.0,9.0,,3.0,5.0,5.0,2.0,3.0,2.0,6.0,6.0,9.0,1.0,7.0,6.0,8.0,5.0,8.0,7.0,10.0,4.0,9.0,10.0,9.0,1.0,6.0,3,6.0,10,1
2014-04-03,53663,,11,1,4931.0,90274810,UIL,U I L HOLDINGS CORP,UIL,221118.0,N,A,R,21819,1,4931.0,90274810.0,,,49.0,493.0,,,,,,,36.59,0.001094,56531.0,1.0,36.7,2068469.29,UIL,6.0,8.0,1.0,,3.0,10,1.0,1.0,6.0,7.0,6.0,2.0,4.0,10.0,6.0,8.0,5.0,5.0,9.0,8.0,9.0,8.0,4.0,4.0,5.0,4.0,9.0,,3.0,5.0,5.0,2.0,3.0,2.0,6.0,6.0,9.0,1.0,7.0,6.0,8.0,5.0,8.0,7.0,10.0,4.0,9.0,10.0,9.0,1.0,6.0,3,6.0,10,1
2014-04-04,53663,,11,1,4931.0,90274810,UIL,U I L HOLDINGS CORP,UIL,221118.0,N,A,R,21819,1,4931.0,90274810.0,,,49.0,493.0,,,,,,,36.51,-0.002186,56531.0,1.0,37.01,2063946.81,UIL,6.0,8.0,1.0,,3.0,10,1.0,1.0,6.0,7.0,6.0,2.0,4.0,10.0,6.0,8.0,5.0,5.0,9.0,8.0,9.0,8.0,4.0,4.0,5.0,4.0,9.0,,3.0,5.0,5.0,2.0,3.0,2.0,6.0,6.0,9.0,1.0,7.0,6.0,8.0,5.0,8.0,7.0,10.0,4.0,9.0,10.0,9.0,1.0,6.0,3,6.0,10,1
2014-04-07,53663,,11,1,4931.0,90274810,UIL,U I L HOLDINGS CORP,UIL,221118.0,N,A,R,21819,1,4931.0,90274810.0,,,49.0,493.0,,,,,,,36.98,0.012873,56531.0,1.0,36.45,2090516.38,UIL,6.0,8.0,1.0,,3.0,10,1.0,1.0,6.0,7.0,6.0,2.0,4.0,10.0,6.0,8.0,5.0,5.0,9.0,8.0,9.0,8.0,4.0,4.0,5.0,4.0,9.0,,3.0,5.0,5.0,2.0,3.0,2.0,6.0,6.0,9.0,1.0,7.0,6.0,8.0,5.0,8.0,7.0,10.0,4.0,9.0,10.0,9.0,1.0,6.0,3,6.0,10,1
2014-04-08,53663,,11,1,4931.0,90274810,UIL,U I L HOLDINGS CORP,UIL,221118.0,N,A,R,21819,1,4931.0,90274810.0,,,49.0,493.0,,,,,,,36.87,-0.002975,56531.0,1.0,36.96,2084297.97,UIL,6.0,8.0,1.0,,3.0,10,1.0,1.0,6.0,7.0,6.0,2.0,4.0,10.0,6.0,8.0,5.0,5.0,9.0,8.0,9.0,8.0,4.0,4.0,5.0,4.0,9.0,,3.0,5.0,5.0,2.0,3.0,2.0,6.0,6.0,9.0,1.0,7.0,6.0,8.0,5.0,8.0,7.0,10.0,4.0,9.0,10.0,9.0,1.0,6.0,3,6.0,10,1
2014-04-09,53663,,11,1,4931.0,90274810,UIL,U I L HOLDINGS CORP,UIL,221118.0,N,A,R,21819,1,4931.0,90274810.0,,,49.0,493.0,,,,,,,36.15,-0.019528,56531.0,1.0,36.89,2043595.65,UIL,6.0,8.0,1.0,,3.0,10,1.0,1.0,6.0,7.0,6.0,2.0,4.0,10.0,6.0,8.0,5.0,5.0,9.0,8.0,9.0,8.0,4.0,4.0,5.0,4.0,9.0,,3.0,5.0,5.0,2.0,3.0,2.0,6.0,6.0,9.0,1.0,7.0,6.0,8.0,5.0,8.0,7.0,10.0,4.0,9.0,10.0,9.0,1.0,6.0,3,6.0,10,1
2014-04-10,53663,,11,1,4931.0,90274810,UIL,U I L HOLDINGS CORP,UIL,221118.0,N,A,R,21819,1,4931.0,90274810.0,,,49.0,493.0,,,,,,,36.35,0.005532,56531.0,1.0,36.22,2054901.85,UIL,6.0,8.0,1.0,,3.0,10,1.0,1.0,6.0,7.0,6.0,2.0,4.0,10.0,6.0,8.0,5.0,5.0,9.0,8.0,9.0,8.0,4.0,4.0,5.0,4.0,9.0,,3.0,5.0,5.0,2.0,3.0,2.0,6.0,6.0,9.0,1.0,7.0,6.0,8.0,5.0,8.0,7.0,10.0,4.0,9.0,10.0,9.0,1.0,6.0,3,6.0,10,1
2014-04-11,53663,,11,1,4931.0,90274810,UIL,U I L HOLDINGS CORP,UIL,221118.0,N,A,R,21819,1,4931.0,90274810.0,,,49.0,493.0,,,,,,,36.35,0.0,56531.0,1.0,36.17,2054901.85,UIL,6.0,8.0,1.0,,3.0,10,1.0,1.0,6.0,7.0,6.0,2.0,4.0,10.0,6.0,8.0,5.0,5.0,9.0,8.0,9.0,8.0,4.0,4.0,5.0,4.0,9.0,,3.0,5.0,5.0,2.0,3.0,2.0,6.0,6.0,9.0,1.0,7.0,6.0,8.0,5.0,8.0,7.0,10.0,4.0,9.0,10.0,9.0,1.0,6.0,3,6.0,10,1
2014-04-14,53663,,11,1,4931.0,90274810,UIL,U I L HOLDINGS CORP,UIL,221118.0,N,A,R,21819,1,4931.0,90274810.0,,,49.0,493.0,,,,,,,36.82,0.01293,56531.0,1.0,36.59,2081471.42,UIL,6.0,8.0,1.0,,3.0,10,1.0,1.0,6.0,7.0,6.0,2.0,4.0,10.0,6.0,8.0,5.0,5.0,9.0,8.0,9.0,8.0,4.0,4.0,5.0,4.0,9.0,,3.0,5.0,5.0,2.0,3.0,2.0,6.0,6.0,9.0,1.0,7.0,6.0,8.0,5.0,8.0,7.0,10.0,4.0,9.0,10.0,9.0,1.0,6.0,3,6.0,10,1
2014-04-15,53663,,11,1,4931.0,90274810,UIL,U I L HOLDINGS CORP,UIL,221118.0,N,A,R,21819,1,4931.0,90274810.0,,,49.0,493.0,,,,,,,37.28,0.012493,56531.0,1.0,36.83,2107475.68,UIL,6.0,8.0,1.0,,3.0,10,1.0,1.0,6.0,7.0,6.0,2.0,4.0,10.0,6.0,8.0,5.0,5.0,9.0,8.0,9.0,8.0,4.0,4.0,5.0,4.0,9.0,,3.0,5.0,5.0,2.0,3.0,2.0,6.0,6.0,9.0,1.0,7.0,6.0,8.0,5.0,8.0,7.0,10.0,4.0,9.0,10.0,9.0,1.0,6.0,3,6.0,10,1
2014-04-16,53663,,11,1,4931.0,90274810,UIL,U I L HOLDINGS CORP,UIL,221118.0,N,A,R,21819,1,4931.0,90274810.0,,,49.0,493.0,,,,,,,37.45,0.00456,56531.0,1.0,37.4,2117085.95,UIL,6.0,8.0,1.0,,3.0,10,1.0,1.0,6.0,7.0,6.0,2.0,4.0,10.0,6.0,8.0,5.0,5.0,9.0,8.0,9.0,8.0,4.0,4.0,5.0,4.0,9.0,,3.0,5.0,5.0,2.0,3.0,2.0,6.0,6.0,9.0,1.0,7.0,6.0,8.0,5.0,8.0,7.0,10.0,4.0,9.0,10.0,9.0,1.0,6.0,3,6.0,10,1
2014-04-17,53663,,11,1,4931.0,90274810,UIL,U I L HOLDINGS CORP,UIL,221118.0,N,A,R,21819,1,4931.0,90274810.0,,,49.0,493.0,,,,,,,37.19,-0.006943,56531.0,1.0,37.39,2102387.89,UIL,6.0,8.0,1.0,,3.0,10,1.0,1.0,6.0,7.0,6.0,2.0,4.0,10.0,6.0,8.0,5.0,5.0,9.0,8.0,9.0,8.0,4.0,4.0,5.0,4.0,9.0,,3.0,5.0,5.0,2.0,3.0,2.0,6.0,6.0,9.0,1.0,7.0,6.0,8.0,5.0,8.0,7.0,10.0,4.0,9.0,10.0,9.0,1.0,6.0,3,6.0,10,1
2014-04-21,53663,,11,1,4931.0,90274810,UIL,U I L HOLDINGS CORP,UIL,221118.0,N,A,R,21819,1,4931.0,90274810.0,,,49.0,493.0,,,,,,,36.77,-0.011293,56531.0,1.0,37.2,2078644.87,UIL,6.0,8.0,1.0,,3.0,10,1.0,1.0,6.0,7.0,6.0,2.0,4.0,10.0,6.0,8.0,5.0,5.0,9.0,8.0,9.0,8.0,4.0,4.0,5.0,4.0,9.0,,3.0,5.0,5.0,2.0,3.0,2.0,6.0,6.0,9.0,1.0,7.0,6.0,8.0,5.0,8.0,7.0,10.0,4.0,9.0,10.0,9.0,1.0,6.0,3,6.0,10,1
2014-04-22,53663,,11,1,4931.0,90274810,UIL,U I L HOLDINGS CORP,UIL,221118.0,N,A,R,21819,1,4931.0,90274810.0,,,49.0,493.0,,,,,,,37.16,0.010606,56531.0,1.0,36.86,2100691.96,UIL,6.0,8.0,1.0,,3.0,10,1.0,1.0,6.0,7.0,6.0,2.0,4.0,10.0,6.0,8.0,5.0,5.0,9.0,8.0,9.0,8.0,4.0,4.0,5.0,4.0,9.0,,3.0,5.0,5.0,2.0,3.0,2.0,6.0,6.0,9.0,1.0,7.0,6.0,8.0,5.0,8.0,7.0,10.0,4.0,9.0,10.0,9.0,1.0,6.0,3,6.0,10,1
2014-04-23,53663,,11,1,4931.0,90274810,UIL,U I L HOLDINGS CORP,UIL,221118.0,N,A,R,21819,1,4931.0,90274810.0,,,49.0,493.0,,,,,,,37.0,-0.004306,56531.0,1.0,37.13,2091647.0,UIL,6.0,8.0,1.0,,3.0,10,1.0,1.0,6.0,7.0,6.0,2.0,4.0,10.0,6.0,8.0,5.0,5.0,9.0,8.0,9.0,8.0,4.0,4.0,5.0,4.0,9.0,,3.0,5.0,5.0,2.0,3.0,2.0,6.0,6.0,9.0,1.0,7.0,6.0,8.0,5.0,8.0,7.0,10.0,4.0,9.0,10.0,9.0,1.0,6.0,3,6.0,10,1
2014-04-24,53663,,11,1,4931.0,90274810,UIL,U I L HOLDINGS CORP,UIL,221118.0,N,A,R,21819,1,4931.0,90274810.0,,,49.0,493.0,,,,,,,37.0,0.0,56531.0,1.0,37.12,2091647.0,UIL,6.0,8.0,1.0,,3.0,10,1.0,1.0,6.0,7.0,6.0,2.0,4.0,10.0,6.0,8.0,5.0,5.0,9.0,8.0,9.0,8.0,4.0,4.0,5.0,4.0,9.0,,3.0,5.0,5.0,2.0,3.0,2.0,6.0,6.0,9.0,1.0,7.0,6.0,8.0,5.0,8.0,7.0,10.0,4.0,9.0,10.0,9.0,1.0,6.0,3,6.0,10,1
2014-04-25,53663,,11,1,4931.0,90274810,UIL,U I L HOLDINGS CORP,UIL,221118.0,N,A,R,21819,1,4931.0,90274810.0,,,49.0,493.0,,,,,,,37.0,0.0,56531.0,1.0,36.93,2091647.0,UIL,6.0,8.0,1.0,,3.0,10,1.0,1.0,6.0,7.0,6.0,2.0,4.0,10.0,6.0,8.0,5.0,5.0,9.0,8.0,9.0,8.0,4.0,4.0,5.0,4.0,9.0,,3.0,5.0,5.0,2.0,3.0,2.0,6.0,6.0,9.0,1.0,7.0,6.0,8.0,5.0,8.0,7.0,10.0,4.0,9.0,10.0,9.0,1.0,6.0,3,6.0,10,1
2014-04-28,53663,,11,1,4931.0,90274810,UIL,U I L HOLDINGS CORP,UIL,221118.0,N,A,R,21819,1,4931.0,90274810.0,,,49.0,493.0,,,,,,,37.0,0.0,56531.0,1.0,37.06,2091647.0,UIL,6.0,8.0,1.0,,3.0,10,1.0,1.0,6.0,7.0,6.0,2.0,4.0,10.0,6.0,8.0,5.0,5.0,9.0,8.0,9.0,8.0,4.0,4.0,5.0,4.0,9.0,,3.0,5.0,5.0,2.0,3.0,2.0,6.0,6.0,9.0,1.0,7.0,6.0,8.0,5.0,8.0,7.0,10.0,4.0,9.0,10.0,9.0,1.0,6.0,3,6.0,10,1
2014-04-29,53663,,11,1,4931.0,90274810,UIL,U I L HOLDINGS CORP,UIL,221118.0,N,A,R,21819,1,4931.0,90274810.0,,,49.0,493.0,,,,,,,36.84,-0.004324,56531.0,1.0,37.12,2082602.04,UIL,6.0,8.0,1.0,,3.0,10,1.0,1.0,6.0,7.0,6.0,2.0,4.0,10.0,6.0,8.0,5.0,5.0,9.0,8.0,9.0,8.0,4.0,4.0,5.0,4.0,9.0,,3.0,5.0,5.0,2.0,3.0,2.0,6.0,6.0,9.0,1.0,7.0,6.0,8.0,5.0,8.0,7.0,10.0,4.0,9.0,10.0,9.0,1.0,6.0,3,6.0,10,1
2014-04-30,53663,,11,1,4931.0,90274810,UIL,U I L HOLDINGS CORP,UIL,221118.0,N,A,R,21819,1,4931.0,90274810.0,,,49.0,493.0,,,,,,,36.73,-0.002986,56531.0,1.0,36.95,2076383.63,UIL,6.0,8.0,1.0,,3.0,10,1.0,1.0,6.0,7.0,6.0,2.0,4.0,10.0,6.0,8.0,5.0,5.0,9.0,8.0,9.0,8.0,4.0,4.0,5.0,4.0,9.0,,3.0,5.0,5.0,2.0,3.0,2.0,6.0,6.0,9.0,1.0,7.0,6.0,8.0,5.0,8.0,7.0,10.0,4.0,9.0,10.0,9.0,1.0,6.0,3,6.0,10,1
2014-05-01,53663,,11,1,4931.0,90274810,UIL,U I L HOLDINGS CORP,UIL,221118.0,N,A,R,21819,1,4931.0,90274810.0,,,49.0,493.0,,,,,,,36.63,-0.002723,56531.0,1.0,36.8,2070730.53,UIL,6.0,8.0,1.0,,3.0,10,1.0,1.0,6.0,7.0,6.0,2.0,4.0,10.0,6.0,8.0,5.0,5.0,9.0,8.0,9.0,8.0,4.0,4.0,5.0,4.0,9.0,,3.0,10.0,6.0,2.0,3.0,2.0,6.0,5.0,9.0,1.0,8.0,7.0,9.0,5.0,5.0,6.0,10.0,2.0,8.0,8.0,10.0,1.0,6.0,3,5.0,10,1
2014-05-02,53663,,11,1,4931.0,90274810,UIL,U I L HOLDINGS CORP,UIL,221118.0,N,A,R,21819,1,4931.0,90274810.0,,,49.0,493.0,,,,,,,35.96,-0.018291,56531.0,1.0,36.56,2032854.76,UIL,6.0,8.0,1.0,,3.0,10,1.0,1.0,6.0,7.0,6.0,2.0,4.0,10.0,6.0,8.0,5.0,5.0,9.0,8.0,9.0,8.0,4.0,4.0,5.0,4.0,9.0,,3.0,10.0,6.0,2.0,3.0,2.0,6.0,5.0,9.0,1.0,8.0,7.0,9.0,5.0,5.0,6.0,10.0,2.0,8.0,8.0,10.0,1.0,6.0,3,5.0,10,1
2014-05-05,53663,,11,1,4931.0,90274810,UIL,U I L HOLDINGS CORP,UIL,221118.0,N,A,R,21819,1,4931.0,90274810.0,,,49.0,493.0,,,,,,,35.72,-0.006674,56531.0,1.0,35.77,2019287.32,UIL,6.0,8.0,1.0,,3.0,10,1.0,1.0,6.0,7.0,6.0,2.0,4.0,10.0,6.0,8.0,5.0,5.0,9.0,8.0,9.0,8.0,4.0,4.0,5.0,4.0,9.0,,3.0,10.0,6.0,2.0,3.0,2.0,6.0,5.0,9.0,1.0,8.0,7.0,9.0,5.0,5.0,6.0,10.0,2.0,8.0,8.0,10.0,1.0,6.0,3,5.0,10,1
2014-05-06,53663,,11,1,4931.0,90274810,UIL,U I L HOLDINGS CORP,UIL,221118.0,N,A,R,21819,1,4931.0,90274810.0,,,49.0,493.0,,,,,,,35.22,-0.013998,56531.0,1.0,35.73,1991021.82,UIL,6.0,8.0,1.0,,3.0,10,1.0,1.0,6.0,7.0,6.0,2.0,4.0,10.0,6.0,8.0,5.0,5.0,9.0,8.0,9.0,8.0,4.0,4.0,5.0,4.0,9.0,,3.0,10.0,6.0,2.0,3.0,2.0,6.0,5.0,9.0,1.0,8.0,7.0,9.0,5.0,5.0,6.0,10.0,2.0,8.0,8.0,10.0,1.0,6.0,3,5.0,10,1
2014-05-07,53663,,11,1,4931.0,90274810,UIL,U I L HOLDINGS CORP,UIL,221118.0,N,A,R,21819,1,4931.0,90274810.0,,,49.0,493.0,,,,,,,35.92,0.019875,56531.0,1.0,35.4,2030593.52,UIL,6.0,8.0,1.0,,3.0,10,1.0,1.0,6.0,7.0,6.0,2.0,4.0,10.0,6.0,8.0,5.0,5.0,9.0,8.0,9.0,8.0,4.0,4.0,5.0,4.0,9.0,,3.0,10.0,6.0,2.0,3.0,2.0,6.0,5.0,9.0,1.0,8.0,7.0,9.0,5.0,5.0,6.0,10.0,2.0,8.0,8.0,10.0,1.0,6.0,3,5.0,10,1
2014-05-08,53663,,11,1,4931.0,90274810,UIL,U I L HOLDINGS CORP,UIL,221118.0,N,A,R,21819,1,4931.0,90274810.0,,,49.0,493.0,,,,,,,35.33,-0.016425,56531.0,1.0,36.0,1997240.23,UIL,6.0,8.0,1.0,,3.0,10,1.0,1.0,6.0,7.0,6.0,2.0,4.0,10.0,6.0,8.0,5.0,5.0,9.0,8.0,9.0,8.0,4.0,4.0,5.0,4.0,9.0,,3.0,10.0,6.0,2.0,3.0,2.0,6.0,5.0,9.0,1.0,8.0,7.0,9.0,5.0,5.0,6.0,10.0,2.0,8.0,8.0,10.0,1.0,6.0,3,5.0,10,1
2014-05-09,53663,,11,1,4931.0,90274810,UIL,U I L HOLDINGS CORP,UIL,221118.0,N,A,R,21819,1,4931.0,90274810.0,,,49.0,493.0,,,,,,,35.22,-0.003114,56531.0,1.0,35.29,1991021.82,UIL,6.0,8.0,1.0,,3.0,10,1.0,1.0,6.0,7.0,6.0,2.0,4.0,10.0,6.0,8.0,5.0,5.0,9.0,8.0,9.0,8.0,4.0,4.0,5.0,4.0,9.0,,3.0,10.0,6.0,2.0,3.0,2.0,6.0,5.0,9.0,1.0,8.0,7.0,9.0,5.0,5.0,6.0,10.0,2.0,8.0,8.0,10.0,1.0,6.0,3,5.0,10,1
2014-05-12,53663,,11,1,4931.0,90274810,UIL,U I L HOLDINGS CORP,UIL,221118.0,N,A,R,21819,1,4931.0,90274810.0,,,49.0,493.0,,,,,,,35.65,0.012209,56531.0,1.0,35.41,2015330.15,UIL,6.0,8.0,1.0,,3.0,10,1.0,1.0,6.0,7.0,6.0,2.0,4.0,10.0,6.0,8.0,5.0,5.0,9.0,8.0,9.0,8.0,4.0,4.0,5.0,4.0,9.0,,3.0,10.0,6.0,2.0,3.0,2.0,6.0,5.0,9.0,1.0,8.0,7.0,9.0,5.0,5.0,6.0,10.0,2.0,8.0,8.0,10.0,1.0,6.0,3,5.0,10,1
2014-05-13,53663,,11,1,4931.0,90274810,UIL,U I L HOLDINGS CORP,UIL,221118.0,N,A,R,21819,1,4931.0,90274810.0,,,49.0,493.0,,,,,,,35.89,0.006732,56531.0,1.0,35.75,2028897.59,UIL,6.0,8.0,1.0,,3.0,10,1.0,1.0,6.0,7.0,6.0,2.0,4.0,10.0,6.0,8.0,5.0,5.0,9.0,8.0,9.0,8.0,4.0,4.0,5.0,4.0,9.0,,3.0,10.0,6.0,2.0,3.0,2.0,6.0,5.0,9.0,1.0,8.0,7.0,9.0,5.0,5.0,6.0,10.0,2.0,8.0,8.0,10.0,1.0,6.0,3,5.0,10,1
2014-05-14,53663,,11,1,4931.0,90274810,UIL,U I L HOLDINGS CORP,UIL,221118.0,N,A,R,21819,1,4931.0,90274810.0,,,49.0,493.0,,,,,,,36.25,0.010031,56531.0,1.0,36.01,2049248.75,UIL,6.0,8.0,1.0,,3.0,10,1.0,1.0,6.0,7.0,6.0,2.0,4.0,10.0,6.0,8.0,5.0,5.0,9.0,8.0,9.0,8.0,4.0,4.0,5.0,4.0,9.0,,3.0,10.0,6.0,2.0,3.0,2.0,6.0,5.0,9.0,1.0,8.0,7.0,9.0,5.0,5.0,6.0,10.0,2.0,8.0,8.0,10.0,1.0,6.0,3,5.0,10,1
2014-05-15,53663,,11,1,4931.0,90274810,UIL,U I L HOLDINGS CORP,UIL,221118.0,N,A,R,21819,1,4931.0,90274810.0,,,49.0,493.0,,,,,,,36.17,-0.002207,56531.0,1.0,36.22,2044726.27,UIL,6.0,8.0,1.0,,3.0,10,1.0,1.0,6.0,7.0,6.0,2.0,4.0,10.0,6.0,8.0,5.0,5.0,9.0,8.0,9.0,8.0,4.0,4.0,5.0,4.0,9.0,,3.0,10.0,6.0,2.0,3.0,2.0,6.0,5.0,9.0,1.0,8.0,7.0,9.0,5.0,5.0,6.0,10.0,2.0,8.0,8.0,10.0,1.0,6.0,3,5.0,10,1
2014-05-16,53663,,11,1,4931.0,90274810,UIL,U I L HOLDINGS CORP,UIL,221118.0,N,A,R,21819,1,4931.0,90274810.0,,,49.0,493.0,,,,,,,36.6,0.011888,56531.0,1.0,36.17,2069034.6,UIL,6.0,8.0,1.0,,3.0,10,1.0,1.0,6.0,7.0,6.0,2.0,4.0,10.0,6.0,8.0,5.0,5.0,9.0,8.0,9.0,8.0,4.0,4.0,5.0,4.0,9.0,,3.0,10.0,6.0,2.0,3.0,2.0,6.0,5.0,9.0,1.0,8.0,7.0,9.0,5.0,5.0,6.0,10.0,2.0,8.0,8.0,10.0,1.0,6.0,3,5.0,10,1
2014-05-19,53663,,11,1,4931.0,90274810,UIL,U I L HOLDINGS CORP,UIL,221118.0,N,A,R,21819,1,4931.0,90274810.0,,,49.0,493.0,,,,,,,36.2,-0.010929,56531.0,1.0,36.56,2046422.2,UIL,6.0,8.0,1.0,,3.0,10,1.0,1.0,6.0,7.0,6.0,2.0,4.0,10.0,6.0,8.0,5.0,5.0,9.0,8.0,9.0,8.0,4.0,4.0,5.0,4.0,9.0,,3.0,10.0,6.0,2.0,3.0,2.0,6.0,5.0,9.0,1.0,8.0,7.0,9.0,5.0,5.0,6.0,10.0,2.0,8.0,8.0,10.0,1.0,6.0,3,5.0,10,1
2014-05-20,53663,,11,1,4931.0,90274810,UIL,U I L HOLDINGS CORP,UIL,221118.0,N,A,R,21819,1,4931.0,90274810.0,,,49.0,493.0,,,,,,,35.95,-0.006906,56531.0,1.0,36.22,2032289.45,UIL,6.0,8.0,1.0,,3.0,10,1.0,1.0,6.0,7.0,6.0,2.0,4.0,10.0,6.0,8.0,5.0,5.0,9.0,8.0,9.0,8.0,4.0,4.0,5.0,4.0,9.0,,3.0,10.0,6.0,2.0,3.0,2.0,6.0,5.0,9.0,1.0,8.0,7.0,9.0,5.0,5.0,6.0,10.0,2.0,8.0,8.0,10.0,1.0,6.0,3,5.0,10,1
2014-05-21,53663,,11,1,4931.0,90274810,UIL,U I L HOLDINGS CORP,UIL,221118.0,N,A,R,21819,1,4931.0,90274810.0,,,49.0,493.0,,,,,,,35.77,-0.005007,56531.0,1.0,36.09,2022113.87,UIL,6.0,8.0,1.0,,3.0,10,1.0,1.0,6.0,7.0,6.0,2.0,4.0,10.0,6.0,8.0,5.0,5.0,9.0,8.0,9.0,8.0,4.0,4.0,5.0,4.0,9.0,,3.0,10.0,6.0,2.0,3.0,2.0,6.0,5.0,9.0,1.0,8.0,7.0,9.0,5.0,5.0,6.0,10.0,2.0,8.0,8.0,10.0,1.0,6.0,3,5.0,10,1
2014-05-22,53663,,11,1,4931.0,90274810,UIL,U I L HOLDINGS CORP,UIL,221118.0,N,A,R,21819,1,4931.0,90274810.0,,,49.0,493.0,,,,,,,36.12,0.009785,56531.0,1.0,35.77,2041899.72,UIL,6.0,8.0,1.0,,3.0,10,1.0,1.0,6.0,7.0,6.0,2.0,4.0,10.0,6.0,8.0,5.0,5.0,9.0,8.0,9.0,8.0,4.0,4.0,5.0,4.0,9.0,,3.0,10.0,6.0,2.0,3.0,2.0,6.0,5.0,9.0,1.0,8.0,7.0,9.0,5.0,5.0,6.0,10.0,2.0,8.0,8.0,10.0,1.0,6.0,3,5.0,10,1
2014-05-23,53663,,11,1,4931.0,90274810,UIL,U I L HOLDINGS CORP,UIL,221118.0,N,A,R,21819,1,4931.0,90274810.0,,,49.0,493.0,,,,,,,36.19,0.001938,56531.0,1.0,36.13,2045856.89,UIL,6.0,8.0,1.0,,3.0,10,1.0,1.0,6.0,7.0,6.0,2.0,4.0,10.0,6.0,8.0,5.0,5.0,9.0,8.0,9.0,8.0,4.0,4.0,5.0,4.0,9.0,,3.0,10.0,6.0,2.0,3.0,2.0,6.0,5.0,9.0,1.0,8.0,7.0,9.0,5.0,5.0,6.0,10.0,2.0,8.0,8.0,10.0,1.0,6.0,3,5.0,10,1
2014-05-27,53663,,11,1,4931.0,90274810,UIL,U I L HOLDINGS CORP,UIL,221118.0,N,A,R,21819,1,4931.0,90274810.0,,,49.0,493.0,,,,,,,36.55,0.009948,56531.0,1.0,36.45,2066208.05,UIL,6.0,8.0,1.0,,3.0,10,1.0,1.0,6.0,7.0,6.0,2.0,4.0,10.0,6.0,8.0,5.0,5.0,9.0,8.0,9.0,8.0,4.0,4.0,5.0,4.0,9.0,,3.0,10.0,6.0,2.0,3.0,2.0,6.0,5.0,9.0,1.0,8.0,7.0,9.0,5.0,5.0,6.0,10.0,2.0,8.0,8.0,10.0,1.0,6.0,3,5.0,10,1
2014-05-28,53663,,11,1,4931.0,90274810,UIL,U I L HOLDINGS CORP,UIL,221118.0,N,A,R,21819,1,4931.0,90274810.0,,,49.0,493.0,,,,,,,36.76,0.005746,56531.0,1.0,36.53,2078079.56,UIL,6.0,8.0,1.0,,3.0,10,1.0,1.0,6.0,7.0,6.0,2.0,4.0,10.0,6.0,8.0,5.0,5.0,9.0,8.0,9.0,8.0,4.0,4.0,5.0,4.0,9.0,,3.0,10.0,6.0,2.0,3.0,2.0,6.0,5.0,9.0,1.0,8.0,7.0,9.0,5.0,5.0,6.0,10.0,2.0,8.0,8.0,10.0,1.0,6.0,3,5.0,10,1
2014-05-29,53663,,11,1,4931.0,90274810,UIL,U I L HOLDINGS CORP,UIL,221118.0,N,A,R,21819,1,4931.0,90274810.0,,,49.0,493.0,,,,,,,36.99,0.006257,56531.0,1.0,36.8,2091081.69,UIL,6.0,8.0,1.0,,3.0,10,1.0,1.0,6.0,7.0,6.0,2.0,4.0,10.0,6.0,8.0,5.0,5.0,9.0,8.0,9.0,8.0,4.0,4.0,5.0,4.0,9.0,,3.0,10.0,6.0,2.0,3.0,2.0,6.0,5.0,9.0,1.0,8.0,7.0,9.0,5.0,5.0,6.0,10.0,2.0,8.0,8.0,10.0,1.0,6.0,3,5.0,10,1
2014-05-30,53663,,11,1,4931.0,90274810,UIL,U I L HOLDINGS CORP,UIL,221118.0,N,A,R,21819,1,4931.0,90274810.0,,,49.0,493.0,,,,,,,36.97,-0.000541,56533.0,1.0,37.04,2090025.01,UIL,6.0,8.0,1.0,,3.0,10,1.0,1.0,6.0,7.0,6.0,2.0,4.0,10.0,6.0,8.0,5.0,5.0,9.0,8.0,9.0,8.0,4.0,4.0,5.0,4.0,9.0,,3.0,10.0,6.0,2.0,3.0,2.0,6.0,5.0,9.0,1.0,8.0,7.0,9.0,5.0,5.0,6.0,10.0,2.0,8.0,8.0,10.0,1.0,6.0,3,5.0,10,1
2014-06-02,53663,,11,1,4931.0,90274810,UIL,U I L HOLDINGS CORP,UIL,221118.0,N,A,R,21819,1,4931.0,90274810.0,,,49.0,493.0,,,,,,,36.78,-0.005139,56533.0,1.0,36.98,2079283.74,UIL,6.0,8.0,1.0,,3.0,10,1.0,1.0,6.0,7.0,6.0,2.0,4.0,10.0,6.0,8.0,5.0,5.0,9.0,8.0,9.0,8.0,4.0,4.0,5.0,4.0,9.0,,3.0,10.0,6.0,2.0,3.0,3.0,6.0,4.0,9.0,1.0,6.0,7.0,10.0,6.0,6.0,6.0,10.0,10.0,4.0,4.0,8.0,2.0,6.0,3,4.0,10,1
2014-06-03,53663,,11,1,4931.0,90274810,UIL,U I L HOLDINGS CORP,UIL,221118.0,N,A,R,21819,1,4931.0,90274810.0,,,49.0,493.0,,,,,,,36.6,-0.004894,56533.0,1.0,36.65,2069107.8,UIL,6.0,8.0,1.0,,3.0,10,1.0,1.0,6.0,7.0,6.0,2.0,4.0,10.0,6.0,8.0,5.0,5.0,9.0,8.0,9.0,8.0,4.0,4.0,5.0,4.0,9.0,,3.0,10.0,6.0,2.0,3.0,3.0,6.0,4.0,9.0,1.0,6.0,7.0,10.0,6.0,6.0,6.0,10.0,10.0,4.0,4.0,8.0,2.0,6.0,3,4.0,10,1
2014-06-04,53663,,11,1,4931.0,90274810,UIL,U I L HOLDINGS CORP,UIL,221118.0,N,A,R,21819,1,4931.0,90274810.0,,,49.0,493.0,,,,,,,36.19,-0.011202,56533.0,1.0,36.5,2045929.27,UIL,6.0,8.0,1.0,,3.0,10,1.0,1.0,6.0,7.0,6.0,2.0,4.0,10.0,6.0,8.0,5.0,5.0,9.0,8.0,9.0,8.0,4.0,4.0,5.0,4.0,9.0,,3.0,10.0,6.0,2.0,3.0,3.0,6.0,4.0,9.0,1.0,6.0,7.0,10.0,6.0,6.0,6.0,10.0,10.0,4.0,4.0,8.0,2.0,6.0,3,4.0,10,1
2014-06-05,53663,,11,1,4931.0,90274810,UIL,U I L HOLDINGS CORP,UIL,221118.0,N,A,R,21819,1,4931.0,90274810.0,,,49.0,493.0,,,,,,,36.6,0.011329,56533.0,1.0,36.22,2069107.8,UIL,6.0,8.0,1.0,,3.0,10,1.0,1.0,6.0,7.0,6.0,2.0,4.0,10.0,6.0,8.0,5.0,5.0,9.0,8.0,9.0,8.0,4.0,4.0,5.0,4.0,9.0,,3.0,10.0,6.0,2.0,3.0,3.0,6.0,4.0,9.0,1.0,6.0,7.0,10.0,6.0,6.0,6.0,10.0,10.0,4.0,4.0,8.0,2.0,6.0,3,4.0,10,1
2014-06-06,53663,,11,1,4931.0,90274810,UIL,U I L HOLDINGS CORP,UIL,221118.0,N,A,R,21819,1,4931.0,90274810.0,,,49.0,493.0,,,,,,,36.66,0.001639,56533.0,1.0,36.6,2072499.78,UIL,6.0,8.0,1.0,,3.0,10,1.0,1.0,6.0,7.0,6.0,2.0,4.0,10.0,6.0,8.0,5.0,5.0,9.0,8.0,9.0,8.0,4.0,4.0,5.0,4.0,9.0,,3.0,10.0,6.0,2.0,3.0,3.0,6.0,4.0,9.0,1.0,6.0,7.0,10.0,6.0,6.0,6.0,10.0,10.0,4.0,4.0,8.0,2.0,6.0,3,4.0,10,1
2014-06-09,53663,,11,1,4931.0,90274810,UIL,U I L HOLDINGS CORP,UIL,221118.0,N,A,R,21819,1,4931.0,90274810.0,,,49.0,493.0,,,,,,,36.66,0.0,56533.0,1.0,36.66,2072499.78,UIL,6.0,8.0,1.0,,3.0,10,1.0,1.0,6.0,7.0,6.0,2.0,4.0,10.0,6.0,8.0,5.0,5.0,9.0,8.0,9.0,8.0,4.0,4.0,5.0,4.0,9.0,,3.0,10.0,6.0,2.0,3.0,3.0,6.0,4.0,9.0,1.0,6.0,7.0,10.0,6.0,6.0,6.0,10.0,10.0,4.0,4.0,8.0,2.0,6.0,3,4.0,10,1
2014-06-10,53663,,11,1,4931.0,90274810,UIL,U I L HOLDINGS CORP,UIL,221118.0,N,A,R,21819,1,4931.0,90274810.0,,,49.0,493.0,,,,,,,36.65,-0.000273,56533.0,1.0,36.75,2071934.45,UIL,6.0,8.0,1.0,,3.0,10,1.0,1.0,6.0,7.0,6.0,2.0,4.0,10.0,6.0,8.0,5.0,5.0,9.0,8.0,9.0,8.0,4.0,4.0,5.0,4.0,9.0,,3.0,10.0,6.0,2.0,3.0,3.0,6.0,4.0,9.0,1.0,6.0,7.0,10.0,6.0,6.0,6.0,10.0,10.0,4.0,4.0,8.0,2.0,6.0,3,4.0,10,1
2014-06-11,53663,,11,1,4931.0,90274810,UIL,U I L HOLDINGS CORP,UIL,221118.0,N,A,R,21819,1,4931.0,90274810.0,,,49.0,493.0,,,,,,,36.33,-0.008731,56533.0,1.0,36.55,2053843.89,UIL,6.0,8.0,1.0,,3.0,10,1.0,1.0,6.0,7.0,6.0,2.0,4.0,10.0,6.0,8.0,5.0,5.0,9.0,8.0,9.0,8.0,4.0,4.0,5.0,4.0,9.0,,3.0,10.0,6.0,2.0,3.0,3.0,6.0,4.0,9.0,1.0,6.0,7.0,10.0,6.0,6.0,6.0,10.0,10.0,4.0,4.0,8.0,2.0,6.0,3,4.0,10,1
2014-06-12,53663,,11,1,4931.0,90274810,UIL,U I L HOLDINGS CORP,UIL,221118.0,N,A,R,21819,1,4931.0,90274810.0,,,49.0,493.0,1232.0,0.432,0.0,,,,36.35,0.012441,56533.0,1.0,35.81,2054974.55,UIL,6.0,8.0,1.0,,3.0,10,1.0,1.0,6.0,7.0,6.0,2.0,4.0,10.0,6.0,8.0,5.0,5.0,9.0,8.0,9.0,8.0,4.0,4.0,5.0,4.0,9.0,,3.0,10.0,6.0,2.0,3.0,3.0,6.0,4.0,9.0,1.0,6.0,7.0,10.0,6.0,6.0,6.0,10.0,10.0,4.0,4.0,8.0,2.0,6.0,3,4.0,10,1
2014-06-13,53663,,11,1,4931.0,90274810,UIL,U I L HOLDINGS CORP,UIL,221118.0,N,A,R,21819,1,4931.0,90274810.0,,,49.0,493.0,,,,,,,36.61,0.007153,56533.0,1.0,36.29,2069673.13,UIL,6.0,8.0,1.0,,3.0,10,1.0,1.0,6.0,7.0,6.0,2.0,4.0,10.0,6.0,8.0,5.0,5.0,9.0,8.0,9.0,8.0,4.0,4.0,5.0,4.0,9.0,,3.0,10.0,6.0,2.0,3.0,3.0,6.0,4.0,9.0,1.0,6.0,7.0,10.0,6.0,6.0,6.0,10.0,10.0,4.0,4.0,8.0,2.0,6.0,3,4.0,10,1
2014-06-16,53663,,11,1,4931.0,90274810,UIL,U I L HOLDINGS CORP,UIL,221118.0,N,A,R,21819,1,4931.0,90274810.0,,,49.0,493.0,,,,,,,36.64,0.000819,56533.0,1.0,36.52,2071369.12,UIL,6.0,8.0,1.0,,3.0,10,1.0,1.0,6.0,7.0,6.0,2.0,4.0,10.0,6.0,8.0,5.0,5.0,9.0,8.0,9.0,8.0,4.0,4.0,5.0,4.0,9.0,,3.0,10.0,6.0,2.0,3.0,3.0,6.0,4.0,9.0,1.0,6.0,7.0,10.0,6.0,6.0,6.0,10.0,10.0,4.0,4.0,8.0,2.0,6.0,3,4.0,10,1
2014-06-17,53663,,11,1,4931.0,90274810,UIL,U I L HOLDINGS CORP,UIL,221118.0,N,A,R,21819,1,4931.0,90274810.0,,,49.0,493.0,,,,,,,36.68,0.001092,56533.0,1.0,36.51,2073630.44,UIL,6.0,8.0,1.0,,3.0,10,1.0,1.0,6.0,7.0,6.0,2.0,4.0,10.0,6.0,8.0,5.0,5.0,9.0,8.0,9.0,8.0,4.0,4.0,5.0,4.0,9.0,,3.0,10.0,6.0,2.0,3.0,3.0,6.0,4.0,9.0,1.0,6.0,7.0,10.0,6.0,6.0,6.0,10.0,10.0,4.0,4.0,8.0,2.0,6.0,3,4.0,10,1
2014-06-18,53663,,11,1,4931.0,90274810,UIL,U I L HOLDINGS CORP,UIL,221118.0,N,A,R,21819,1,4931.0,90274810.0,,,49.0,493.0,,,,,,,37.53,0.023173,56533.0,1.0,36.61,2121683.49,UIL,6.0,8.0,1.0,,3.0,10,1.0,1.0,6.0,7.0,6.0,2.0,4.0,10.0,6.0,8.0,5.0,5.0,9.0,8.0,9.0,8.0,4.0,4.0,5.0,4.0,9.0,,3.0,10.0,6.0,2.0,3.0,3.0,6.0,4.0,9.0,1.0,6.0,7.0,10.0,6.0,6.0,6.0,10.0,10.0,4.0,4.0,8.0,2.0,6.0,3,4.0,10,1
2014-06-19,53663,,11,1,4931.0,90274810,UIL,U I L HOLDINGS CORP,UIL,221118.0,N,A,R,21819,1,4931.0,90274810.0,,,49.0,493.0,,,,,,,37.48,-0.001332,56533.0,1.0,37.55,2118856.84,UIL,6.0,8.0,1.0,,3.0,10,1.0,1.0,6.0,7.0,6.0,2.0,4.0,10.0,6.0,8.0,5.0,5.0,9.0,8.0,9.0,8.0,4.0,4.0,5.0,4.0,9.0,,3.0,10.0,6.0,2.0,3.0,3.0,6.0,4.0,9.0,1.0,6.0,7.0,10.0,6.0,6.0,6.0,10.0,10.0,4.0,4.0,8.0,2.0,6.0,3,4.0,10,1
2014-06-20,53663,,11,1,4931.0,90274810,UIL,U I L HOLDINGS CORP,UIL,221118.0,N,A,R,21819,1,4931.0,90274810.0,,,49.0,493.0,,,,,,,37.43,-0.001334,56533.0,1.0,37.62,2116030.19,UIL,6.0,8.0,1.0,,3.0,10,1.0,1.0,6.0,7.0,6.0,2.0,4.0,10.0,6.0,8.0,5.0,5.0,9.0,8.0,9.0,8.0,4.0,4.0,5.0,4.0,9.0,,3.0,10.0,6.0,2.0,3.0,3.0,6.0,4.0,9.0,1.0,6.0,7.0,10.0,6.0,6.0,6.0,10.0,10.0,4.0,4.0,8.0,2.0,6.0,3,4.0,10,1
2014-06-23,53663,,11,1,4931.0,90274810,UIL,U I L HOLDINGS CORP,UIL,221118.0,N,A,R,21819,1,4931.0,90274810.0,,,49.0,493.0,,,,,,,37.48,0.001336,56533.0,1.0,37.58,2118856.84,UIL,6.0,8.0,1.0,,3.0,10,1.0,1.0,6.0,7.0,6.0,2.0,4.0,10.0,6.0,8.0,5.0,5.0,9.0,8.0,9.0,8.0,4.0,4.0,5.0,4.0,9.0,,3.0,10.0,6.0,2.0,3.0,3.0,6.0,4.0,9.0,1.0,6.0,7.0,10.0,6.0,6.0,6.0,10.0,10.0,4.0,4.0,8.0,2.0,6.0,3,4.0,10,1
2014-06-24,53663,,11,1,4931.0,90274810,UIL,U I L HOLDINGS CORP,UIL,221118.0,N,A,R,21819,1,4931.0,90274810.0,,,49.0,493.0,,,,,,,37.52,0.001067,56533.0,1.0,37.35,2121118.16,UIL,6.0,8.0,1.0,,3.0,10,1.0,1.0,6.0,7.0,6.0,2.0,4.0,10.0,6.0,8.0,5.0,5.0,9.0,8.0,9.0,8.0,4.0,4.0,5.0,4.0,9.0,,3.0,10.0,6.0,2.0,3.0,3.0,6.0,4.0,9.0,1.0,6.0,7.0,10.0,6.0,6.0,6.0,10.0,10.0,4.0,4.0,8.0,2.0,6.0,3,4.0,10,1
2014-06-25,53663,,11,1,4931.0,90274810,UIL,U I L HOLDINGS CORP,UIL,221118.0,N,A,R,21819,1,4931.0,90274810.0,,,49.0,493.0,,,,,,,37.88,0.009595,56533.0,1.0,37.41,2141470.04,UIL,6.0,8.0,1.0,,3.0,10,1.0,1.0,6.0,7.0,6.0,2.0,4.0,10.0,6.0,8.0,5.0,5.0,9.0,8.0,9.0,8.0,4.0,4.0,5.0,4.0,9.0,,3.0,10.0,6.0,2.0,3.0,3.0,6.0,4.0,9.0,1.0,6.0,7.0,10.0,6.0,6.0,6.0,10.0,10.0,4.0,4.0,8.0,2.0,6.0,3,4.0,10,1
2014-06-26,53663,,11,1,4931.0,90274810,UIL,U I L HOLDINGS CORP,UIL,221118.0,N,A,R,21819,1,4931.0,90274810.0,,,49.0,493.0,,,,,,,38.19,0.008184,56533.0,1.0,37.9,2158995.27,UIL,6.0,8.0,1.0,,3.0,10,1.0,1.0,6.0,7.0,6.0,2.0,4.0,10.0,6.0,8.0,5.0,5.0,9.0,8.0,9.0,8.0,4.0,4.0,5.0,4.0,9.0,,3.0,10.0,6.0,2.0,3.0,3.0,6.0,4.0,9.0,1.0,6.0,7.0,10.0,6.0,6.0,6.0,10.0,10.0,4.0,4.0,8.0,2.0,6.0,3,4.0,10,1
2014-06-27,53663,,11,1,4931.0,90274810,UIL,U I L HOLDINGS CORP,UIL,221118.0,N,A,R,21819,1,4931.0,90274810.0,,,49.0,493.0,,,,,,,38.4,0.005499,56533.0,1.0,37.97,2170867.2,UIL,6.0,8.0,1.0,,3.0,10,1.0,1.0,6.0,7.0,6.0,2.0,4.0,10.0,6.0,8.0,5.0,5.0,9.0,8.0,9.0,8.0,4.0,4.0,5.0,4.0,9.0,,3.0,10.0,6.0,2.0,3.0,3.0,6.0,4.0,9.0,1.0,6.0,7.0,10.0,6.0,6.0,6.0,10.0,10.0,4.0,4.0,8.0,2.0,6.0,3,4.0,10,1
2014-06-30,53663,,11,1,4931.0,90274810,UIL,U I L HOLDINGS CORP,UIL,221118.0,N,A,R,21819,1,4931.0,90274810.0,,,49.0,493.0,,,,,,,38.71,0.008073,56533.0,1.0,38.42,2188392.43,UIL,6.0,8.0,1.0,,3.0,10,1.0,1.0,6.0,7.0,6.0,2.0,4.0,10.0,6.0,8.0,5.0,5.0,9.0,8.0,9.0,8.0,4.0,4.0,5.0,4.0,9.0,,3.0,10.0,6.0,2.0,3.0,3.0,6.0,4.0,9.0,1.0,6.0,7.0,10.0,6.0,6.0,6.0,10.0,10.0,4.0,4.0,8.0,2.0,6.0,3,4.0,10,1
2014-07-01,53663,,11,1,4931.0,90274810,UIL,U I L HOLDINGS CORP,UIL,221118.0,N,A,R,21819,1,4931.0,90274810.0,,,49.0,493.0,,,,,,,38.56,-0.003875,56533.0,1.0,38.64,2179912.48,UIL,6.0,9.0,1.0,,4.0,10,1.0,1.0,1.0,6.0,6.0,2.0,4.0,9.0,7.0,9.0,6.0,4.0,9.0,5.0,4.0,9.0,4.0,4.0,6.0,5.0,2.0,,5.0,10.0,8.0,4.0,3.0,2.0,8.0,5.0,9.0,1.0,6.0,7.0,10.0,6.0,4.0,8.0,10.0,7.0,6.0,5.0,8.0,1.0,6.0,2,5.0,10,1
2014-07-02,53663,,11,1,4931.0,90274810,UIL,U I L HOLDINGS CORP,UIL,221118.0,N,A,R,21819,1,4931.0,90274810.0,,,49.0,493.0,,,,,,,37.64,-0.023859,56533.0,1.0,38.4,2127902.12,UIL,6.0,9.0,1.0,,4.0,10,1.0,1.0,1.0,6.0,6.0,2.0,4.0,9.0,7.0,9.0,6.0,4.0,9.0,5.0,4.0,9.0,4.0,4.0,6.0,5.0,2.0,,5.0,10.0,8.0,4.0,3.0,2.0,8.0,5.0,9.0,1.0,6.0,7.0,10.0,6.0,4.0,8.0,10.0,7.0,6.0,5.0,8.0,1.0,6.0,2,5.0,10,1
2014-07-03,53663,,11,1,4931.0,90274810,UIL,U I L HOLDINGS CORP,UIL,221118.0,N,A,R,21819,1,4931.0,90274810.0,,,49.0,493.0,,,,,,,37.25,-0.010361,56533.0,1.0,37.59,2105854.25,UIL,6.0,9.0,1.0,,4.0,10,1.0,1.0,1.0,6.0,6.0,2.0,4.0,9.0,7.0,9.0,6.0,4.0,9.0,5.0,4.0,9.0,4.0,4.0,6.0,5.0,2.0,,5.0,10.0,8.0,4.0,3.0,2.0,8.0,5.0,9.0,1.0,6.0,7.0,10.0,6.0,4.0,8.0,10.0,7.0,6.0,5.0,8.0,1.0,6.0,2,5.0,10,1
2014-07-07,53663,,11,1,4931.0,90274810,UIL,U I L HOLDINGS CORP,UIL,221118.0,N,A,R,21819,1,4931.0,90274810.0,,,49.0,493.0,,,,,,,37.16,-0.002416,56533.0,1.0,37.25,2100766.28,UIL,6.0,9.0,1.0,,4.0,10,1.0,1.0,1.0,6.0,6.0,2.0,4.0,9.0,7.0,9.0,6.0,4.0,9.0,5.0,4.0,9.0,4.0,4.0,6.0,5.0,2.0,,5.0,10.0,8.0,4.0,3.0,2.0,8.0,5.0,9.0,1.0,6.0,7.0,10.0,6.0,4.0,8.0,10.0,7.0,6.0,5.0,8.0,1.0,6.0,2,5.0,10,1
2014-07-08,53663,,11,1,4931.0,90274810,UIL,U I L HOLDINGS CORP,UIL,221118.0,N,A,R,21819,1,4931.0,90274810.0,,,49.0,493.0,,,,,,,37.51,0.009419,56533.0,1.0,37.15,2120552.83,UIL,6.0,9.0,1.0,,4.0,10,1.0,1.0,1.0,6.0,6.0,2.0,4.0,9.0,7.0,9.0,6.0,4.0,9.0,5.0,4.0,9.0,4.0,4.0,6.0,5.0,2.0,,5.0,10.0,8.0,4.0,3.0,2.0,8.0,5.0,9.0,1.0,6.0,7.0,10.0,6.0,4.0,8.0,10.0,7.0,6.0,5.0,8.0,1.0,6.0,2,5.0,10,1
2014-07-09,53663,,11,1,4931.0,90274810,UIL,U I L HOLDINGS CORP,UIL,221118.0,N,A,R,21819,1,4931.0,90274810.0,,,49.0,493.0,,,,,,,37.44,-0.001866,56533.0,1.0,37.66,2116595.52,UIL,6.0,9.0,1.0,,4.0,10,1.0,1.0,1.0,6.0,6.0,2.0,4.0,9.0,7.0,9.0,6.0,4.0,9.0,5.0,4.0,9.0,4.0,4.0,6.0,5.0,2.0,,5.0,10.0,8.0,4.0,3.0,2.0,8.0,5.0,9.0,1.0,6.0,7.0,10.0,6.0,4.0,8.0,10.0,7.0,6.0,5.0,8.0,1.0,6.0,2,5.0,10,1
2014-07-10,53663,,11,1,4931.0,90274810,UIL,U I L HOLDINGS CORP,UIL,221118.0,N,A,R,21819,1,4931.0,90274810.0,,,49.0,493.0,,,,,,,37.73,0.007746,56533.0,1.0,37.23,2132990.09,UIL,6.0,9.0,1.0,,4.0,10,1.0,1.0,1.0,6.0,6.0,2.0,4.0,9.0,7.0,9.0,6.0,4.0,9.0,5.0,4.0,9.0,4.0,4.0,6.0,5.0,2.0,,5.0,10.0,8.0,4.0,3.0,2.0,8.0,5.0,9.0,1.0,6.0,7.0,10.0,6.0,4.0,8.0,10.0,7.0,6.0,5.0,8.0,1.0,6.0,2,5.0,10,1
2014-07-11,53663,,11,1,4931.0,90274810,UIL,U I L HOLDINGS CORP,UIL,221118.0,N,A,R,21819,1,4931.0,90274810.0,,,49.0,493.0,,,,,,,37.27,-0.012192,56533.0,1.0,37.8,2106984.91,UIL,6.0,9.0,1.0,,4.0,10,1.0,1.0,1.0,6.0,6.0,2.0,4.0,9.0,7.0,9.0,6.0,4.0,9.0,5.0,4.0,9.0,4.0,4.0,6.0,5.0,2.0,,5.0,10.0,8.0,4.0,3.0,2.0,8.0,5.0,9.0,1.0,6.0,7.0,10.0,6.0,4.0,8.0,10.0,7.0,6.0,5.0,8.0,1.0,6.0,2,5.0,10,1
2014-07-14,53663,,11,1,4931.0,90274810,UIL,U I L HOLDINGS CORP,UIL,221118.0,N,A,R,21819,1,4931.0,90274810.0,,,49.0,493.0,,,,,,,37.13,-0.003756,56533.0,1.0,37.26,2099070.29,UIL,6.0,9.0,1.0,,4.0,10,1.0,1.0,1.0,6.0,6.0,2.0,4.0,9.0,7.0,9.0,6.0,4.0,9.0,5.0,4.0,9.0,4.0,4.0,6.0,5.0,2.0,,5.0,10.0,8.0,4.0,3.0,2.0,8.0,5.0,9.0,1.0,6.0,7.0,10.0,6.0,4.0,8.0,10.0,7.0,6.0,5.0,8.0,1.0,6.0,2,5.0,10,1
2014-07-15,53663,,11,1,4931.0,90274810,UIL,U I L HOLDINGS CORP,UIL,221118.0,N,A,R,21819,1,4931.0,90274810.0,,,49.0,493.0,,,,,,,37.18,0.001347,56533.0,1.0,37.03,2101896.94,UIL,6.0,9.0,1.0,,4.0,10,1.0,1.0,1.0,6.0,6.0,2.0,4.0,9.0,7.0,9.0,6.0,4.0,9.0,5.0,4.0,9.0,4.0,4.0,6.0,5.0,2.0,,5.0,10.0,8.0,4.0,3.0,2.0,8.0,5.0,9.0,1.0,6.0,7.0,10.0,6.0,4.0,8.0,10.0,7.0,6.0,5.0,8.0,1.0,6.0,2,5.0,10,1
2014-07-16,53663,,11,1,4931.0,90274810,UIL,U I L HOLDINGS CORP,UIL,221118.0,N,A,R,21819,1,4931.0,90274810.0,,,49.0,493.0,,,,,,,37.01,-0.004572,56533.0,1.0,37.23,2092286.33,UIL,6.0,9.0,1.0,,4.0,10,1.0,1.0,1.0,6.0,6.0,2.0,4.0,9.0,7.0,9.0,6.0,4.0,9.0,5.0,4.0,9.0,4.0,4.0,6.0,5.0,2.0,,5.0,10.0,8.0,4.0,3.0,2.0,8.0,5.0,9.0,1.0,6.0,7.0,10.0,6.0,4.0,8.0,10.0,7.0,6.0,5.0,8.0,1.0,6.0,2,5.0,10,1
2014-07-17,53663,,11,1,4931.0,90274810,UIL,U I L HOLDINGS CORP,UIL,221118.0,N,A,R,21819,1,4931.0,90274810.0,,,49.0,493.0,,,,,,,36.54,-0.012699,56533.0,1.0,36.87,2065715.82,UIL,6.0,9.0,1.0,,4.0,10,1.0,1.0,1.0,6.0,6.0,2.0,4.0,9.0,7.0,9.0,6.0,4.0,9.0,5.0,4.0,9.0,4.0,4.0,6.0,5.0,2.0,,5.0,10.0,8.0,4.0,3.0,2.0,8.0,5.0,9.0,1.0,6.0,7.0,10.0,6.0,4.0,8.0,10.0,7.0,6.0,5.0,8.0,1.0,6.0,2,5.0,10,1
2014-07-18,53663,,11,1,4931.0,90274810,UIL,U I L HOLDINGS CORP,UIL,221118.0,N,A,R,21819,1,4931.0,90274810.0,,,49.0,493.0,,,,,,,37.23,0.018883,56533.0,1.0,36.5,2104723.59,UIL,6.0,9.0,1.0,,4.0,10,1.0,1.0,1.0,6.0,6.0,2.0,4.0,9.0,7.0,9.0,6.0,4.0,9.0,5.0,4.0,9.0,4.0,4.0,6.0,5.0,2.0,,5.0,10.0,8.0,4.0,3.0,2.0,8.0,5.0,9.0,1.0,6.0,7.0,10.0,6.0,4.0,8.0,10.0,7.0,6.0,5.0,8.0,1.0,6.0,2,5.0,10,1
2014-07-21,53663,,11,1,4931.0,90274810,UIL,U I L HOLDINGS CORP,UIL,221118.0,N,A,R,21819,1,4931.0,90274810.0,,,49.0,493.0,,,,,,,37.09,-0.00376,56533.0,1.0,37.14,2096808.97,UIL,6.0,9.0,1.0,,4.0,10,1.0,1.0,1.0,6.0,6.0,2.0,4.0,9.0,7.0,9.0,6.0,4.0,9.0,5.0,4.0,9.0,4.0,4.0,6.0,5.0,2.0,,5.0,10.0,8.0,4.0,3.0,2.0,8.0,5.0,9.0,1.0,6.0,7.0,10.0,6.0,4.0,8.0,10.0,7.0,6.0,5.0,8.0,1.0,6.0,2,5.0,10,1
2014-07-22,53663,,11,1,4931.0,90274810,UIL,U I L HOLDINGS CORP,UIL,221118.0,N,A,R,21819,1,4931.0,90274810.0,,,49.0,493.0,,,,,,,37.0,-0.002427,56533.0,1.0,37.2,2091721.0,UIL,6.0,9.0,1.0,,4.0,10,1.0,1.0,1.0,6.0,6.0,2.0,4.0,9.0,7.0,9.0,6.0,4.0,9.0,5.0,4.0,9.0,4.0,4.0,6.0,5.0,2.0,,5.0,10.0,8.0,4.0,3.0,2.0,8.0,5.0,9.0,1.0,6.0,7.0,10.0,6.0,4.0,8.0,10.0,7.0,6.0,5.0,8.0,1.0,6.0,2,5.0,10,1
2014-07-23,53663,,11,1,4931.0,90274810,UIL,U I L HOLDINGS CORP,UIL,221118.0,N,A,R,21819,1,4931.0,90274810.0,,,49.0,493.0,,,,,,,36.71,-0.007838,56533.0,1.0,36.96,2075326.43,UIL,6.0,9.0,1.0,,4.0,10,1.0,1.0,1.0,6.0,6.0,2.0,4.0,9.0,7.0,9.0,6.0,4.0,9.0,5.0,4.0,9.0,4.0,4.0,6.0,5.0,2.0,,5.0,10.0,8.0,4.0,3.0,2.0,8.0,5.0,9.0,1.0,6.0,7.0,10.0,6.0,4.0,8.0,10.0,7.0,6.0,5.0,8.0,1.0,6.0,2,5.0,10,1
2014-07-24,53663,,11,1,4931.0,90274810,UIL,U I L HOLDINGS CORP,UIL,221118.0,N,A,R,21819,1,4931.0,90274810.0,,,49.0,493.0,,,,,,,36.69,-0.000545,56533.0,1.0,36.69,2074195.77,UIL,6.0,9.0,1.0,,4.0,10,1.0,1.0,1.0,6.0,6.0,2.0,4.0,9.0,7.0,9.0,6.0,4.0,9.0,5.0,4.0,9.0,4.0,4.0,6.0,5.0,2.0,,5.0,10.0,8.0,4.0,3.0,2.0,8.0,5.0,9.0,1.0,6.0,7.0,10.0,6.0,4.0,8.0,10.0,7.0,6.0,5.0,8.0,1.0,6.0,2,5.0,10,1
2014-07-25,53663,,11,1,4931.0,90274810,UIL,U I L HOLDINGS CORP,UIL,221118.0,N,A,R,21819,1,4931.0,90274810.0,,,49.0,493.0,,,,,,,36.3,-0.01063,56533.0,1.0,36.6,2052147.9,UIL,6.0,9.0,1.0,,4.0,10,1.0,1.0,1.0,6.0,6.0,2.0,4.0,9.0,7.0,9.0,6.0,4.0,9.0,5.0,4.0,9.0,4.0,4.0,6.0,5.0,2.0,,5.0,10.0,8.0,4.0,3.0,2.0,8.0,5.0,9.0,1.0,6.0,7.0,10.0,6.0,4.0,8.0,10.0,7.0,6.0,5.0,8.0,1.0,6.0,2,5.0,10,1
2014-07-28,53663,,11,1,4931.0,90274810,UIL,U I L HOLDINGS CORP,UIL,221118.0,N,A,R,21819,1,4931.0,90274810.0,,,49.0,493.0,,,,,,,36.88,0.015978,56533.0,1.0,36.3,2084937.04,UIL,6.0,9.0,1.0,,4.0,10,1.0,1.0,1.0,6.0,6.0,2.0,4.0,9.0,7.0,9.0,6.0,4.0,9.0,5.0,4.0,9.0,4.0,4.0,6.0,5.0,2.0,,5.0,10.0,8.0,4.0,3.0,2.0,8.0,5.0,9.0,1.0,6.0,7.0,10.0,6.0,4.0,8.0,10.0,7.0,6.0,5.0,8.0,1.0,6.0,2,5.0,10,1
2014-07-29,53663,,11,1,4931.0,90274810,UIL,U I L HOLDINGS CORP,UIL,221118.0,N,A,R,21819,1,4931.0,90274810.0,,,49.0,493.0,,,,,,,36.44,-0.011931,56533.0,1.0,36.85,2060062.52,UIL,6.0,9.0,1.0,,4.0,10,1.0,1.0,1.0,6.0,6.0,2.0,4.0,9.0,7.0,9.0,6.0,4.0,9.0,5.0,4.0,9.0,4.0,4.0,6.0,5.0,2.0,,5.0,10.0,8.0,4.0,3.0,2.0,8.0,5.0,9.0,1.0,6.0,7.0,10.0,6.0,4.0,8.0,10.0,7.0,6.0,5.0,8.0,1.0,6.0,2,5.0,10,1
2014-07-30,53663,,11,1,4931.0,90274810,UIL,U I L HOLDINGS CORP,UIL,221118.0,N,A,R,21819,1,4931.0,90274810.0,,,49.0,493.0,,,,,,,35.95,-0.013447,56533.0,1.0,36.5,2032361.35,UIL,6.0,9.0,1.0,,4.0,10,1.0,1.0,1.0,6.0,6.0,2.0,4.0,9.0,7.0,9.0,6.0,4.0,9.0,5.0,4.0,9.0,4.0,4.0,6.0,5.0,2.0,,5.0,10.0,8.0,4.0,3.0,2.0,8.0,5.0,9.0,1.0,6.0,7.0,10.0,6.0,4.0,8.0,10.0,7.0,6.0,5.0,8.0,1.0,6.0,2,5.0,10,1
2014-07-31,53663,,11,1,4931.0,90274810,UIL,U I L HOLDINGS CORP,UIL,221118.0,N,A,R,21819,1,4931.0,90274810.0,,,49.0,493.0,,,,,,,35.11,-0.023366,56533.0,1.0,35.73,1984873.63,UIL,6.0,9.0,1.0,,4.0,10,1.0,1.0,1.0,6.0,6.0,2.0,4.0,9.0,7.0,9.0,6.0,4.0,9.0,5.0,4.0,9.0,4.0,4.0,6.0,5.0,2.0,,5.0,10.0,8.0,4.0,3.0,2.0,8.0,5.0,9.0,1.0,6.0,7.0,10.0,6.0,4.0,8.0,10.0,7.0,6.0,5.0,8.0,1.0,6.0,2,5.0,10,1
2014-08-01,53663,,11,1,4931.0,90274810,UIL,U I L HOLDINGS CORP,UIL,221118.0,N,A,R,21819,1,4931.0,90274810.0,,,49.0,493.0,,,,,,,35.25,0.003987,56533.0,1.0,35.16,1992788.25,UIL,6.0,9.0,1.0,,4.0,10,1.0,1.0,1.0,6.0,6.0,2.0,4.0,9.0,7.0,9.0,6.0,4.0,9.0,5.0,4.0,9.0,4.0,4.0,6.0,5.0,2.0,,5.0,7.0,8.0,4.0,3.0,3.0,7.0,5.0,9.0,1.0,6.0,7.0,10.0,6.0,8.0,8.0,10.0,7.0,6.0,7.0,8.0,2.0,6.0,2,6.0,10,1
2014-08-04,53663,,11,1,4931.0,90274810,UIL,U I L HOLDINGS CORP,UIL,221118.0,N,A,R,21819,1,4931.0,90274810.0,,,49.0,493.0,,,,,,,35.12,-0.003688,56533.0,1.0,35.32,1985438.96,UIL,6.0,9.0,1.0,,4.0,10,1.0,1.0,1.0,6.0,6.0,2.0,4.0,9.0,7.0,9.0,6.0,4.0,9.0,5.0,4.0,9.0,4.0,4.0,6.0,5.0,2.0,,5.0,7.0,8.0,4.0,3.0,3.0,7.0,5.0,9.0,1.0,6.0,7.0,10.0,6.0,8.0,8.0,10.0,7.0,6.0,7.0,8.0,2.0,6.0,2,6.0,10,1
2014-08-05,53663,,11,1,4931.0,90274810,UIL,U I L HOLDINGS CORP,UIL,221118.0,N,A,R,21819,1,4931.0,90274810.0,,,49.0,493.0,,,,,,,34.85,-0.007688,56533.0,1.0,35.06,1970175.05,UIL,6.0,9.0,1.0,,4.0,10,1.0,1.0,1.0,6.0,6.0,2.0,4.0,9.0,7.0,9.0,6.0,4.0,9.0,5.0,4.0,9.0,4.0,4.0,6.0,5.0,2.0,,5.0,7.0,8.0,4.0,3.0,3.0,7.0,5.0,9.0,1.0,6.0,7.0,10.0,6.0,8.0,8.0,10.0,7.0,6.0,7.0,8.0,2.0,6.0,2,6.0,10,1
2014-08-06,53663,,11,1,4931.0,90274810,UIL,U I L HOLDINGS CORP,UIL,221118.0,N,A,R,21819,1,4931.0,90274810.0,,,49.0,493.0,,,,,,,34.75,-0.002869,56533.0,1.0,34.69,1964521.75,UIL,6.0,9.0,1.0,,4.0,10,1.0,1.0,1.0,6.0,6.0,2.0,4.0,9.0,7.0,9.0,6.0,4.0,9.0,5.0,4.0,9.0,4.0,4.0,6.0,5.0,2.0,,5.0,7.0,8.0,4.0,3.0,3.0,7.0,5.0,9.0,1.0,6.0,7.0,10.0,6.0,8.0,8.0,10.0,7.0,6.0,7.0,8.0,2.0,6.0,2,6.0,10,1
2014-08-07,53663,,11,1,4931.0,90274810,UIL,U I L HOLDINGS CORP,UIL,221118.0,N,A,R,21819,1,4931.0,90274810.0,,,49.0,493.0,,,,,,,34.72,-0.000863,56533.0,1.0,34.74,1962825.76,UIL,6.0,9.0,1.0,,4.0,10,1.0,1.0,1.0,6.0,6.0,2.0,4.0,9.0,7.0,9.0,6.0,4.0,9.0,5.0,4.0,9.0,4.0,4.0,6.0,5.0,2.0,,5.0,7.0,8.0,4.0,3.0,3.0,7.0,5.0,9.0,1.0,6.0,7.0,10.0,6.0,8.0,8.0,10.0,7.0,6.0,7.0,8.0,2.0,6.0,2,6.0,10,1
2014-08-08,53663,,11,1,4931.0,90274810,UIL,U I L HOLDINGS CORP,UIL,221118.0,N,A,R,21819,1,4931.0,90274810.0,,,49.0,493.0,,,,,,,35.58,0.02477,56533.0,1.0,34.74,2011444.14,UIL,6.0,9.0,1.0,,4.0,10,1.0,1.0,1.0,6.0,6.0,2.0,4.0,9.0,7.0,9.0,6.0,4.0,9.0,5.0,4.0,9.0,4.0,4.0,6.0,5.0,2.0,,5.0,7.0,8.0,4.0,3.0,3.0,7.0,5.0,9.0,1.0,6.0,7.0,10.0,6.0,8.0,8.0,10.0,7.0,6.0,7.0,8.0,2.0,6.0,2,6.0,10,1
2014-08-11,53663,,11,1,4931.0,90274810,UIL,U I L HOLDINGS CORP,UIL,221118.0,N,A,R,21819,1,4931.0,90274810.0,,,49.0,493.0,,,,,,,35.41,-0.004778,56533.0,1.0,35.66,2001833.53,UIL,6.0,9.0,1.0,,4.0,10,1.0,1.0,1.0,6.0,6.0,2.0,4.0,9.0,7.0,9.0,6.0,4.0,9.0,5.0,4.0,9.0,4.0,4.0,6.0,5.0,2.0,,5.0,7.0,8.0,4.0,3.0,3.0,7.0,5.0,9.0,1.0,6.0,7.0,10.0,6.0,8.0,8.0,10.0,7.0,6.0,7.0,8.0,2.0,6.0,2,6.0,10,1
2014-08-12,53663,,11,1,4931.0,90274810,UIL,U I L HOLDINGS CORP,UIL,221118.0,N,A,R,21819,1,4931.0,90274810.0,,,49.0,493.0,,,,,,,35.31,-0.002824,56533.0,1.0,35.3,1996180.23,UIL,6.0,9.0,1.0,,4.0,10,1.0,1.0,1.0,6.0,6.0,2.0,4.0,9.0,7.0,9.0,6.0,4.0,9.0,5.0,4.0,9.0,4.0,4.0,6.0,5.0,2.0,,5.0,7.0,8.0,4.0,3.0,3.0,7.0,5.0,9.0,1.0,6.0,7.0,10.0,6.0,8.0,8.0,10.0,7.0,6.0,7.0,8.0,2.0,6.0,2,6.0,10,1
2014-08-13,53663,,11,1,4931.0,90274810,UIL,U I L HOLDINGS CORP,UIL,221118.0,N,A,R,21819,1,4931.0,90274810.0,,,49.0,493.0,,,,,,,35.47,0.004531,56533.0,1.0,35.37,2005225.51,UIL,6.0,9.0,1.0,,4.0,10,1.0,1.0,1.0,6.0,6.0,2.0,4.0,9.0,7.0,9.0,6.0,4.0,9.0,5.0,4.0,9.0,4.0,4.0,6.0,5.0,2.0,,5.0,7.0,8.0,4.0,3.0,3.0,7.0,5.0,9.0,1.0,6.0,7.0,10.0,6.0,8.0,8.0,10.0,7.0,6.0,7.0,8.0,2.0,6.0,2,6.0,10,1
2014-08-14,53663,,11,1,4931.0,90274810,UIL,U I L HOLDINGS CORP,UIL,221118.0,N,A,R,21819,1,4931.0,90274810.0,,,49.0,493.0,,,,,,,35.87,0.011277,56533.0,1.0,35.59,2027838.71,UIL,6.0,9.0,1.0,,4.0,10,1.0,1.0,1.0,6.0,6.0,2.0,4.0,9.0,7.0,9.0,6.0,4.0,9.0,5.0,4.0,9.0,4.0,4.0,6.0,5.0,2.0,,5.0,7.0,8.0,4.0,3.0,3.0,7.0,5.0,9.0,1.0,6.0,7.0,10.0,6.0,8.0,8.0,10.0,7.0,6.0,7.0,8.0,2.0,6.0,2,6.0,10,1
2014-08-15,53663,,11,1,4931.0,90274810,UIL,U I L HOLDINGS CORP,UIL,221118.0,N,A,R,21819,1,4931.0,90274810.0,,,49.0,493.0,,,,,,,36.02,0.004182,56533.0,1.0,36.19,2036318.66,UIL,6.0,9.0,1.0,,4.0,10,1.0,1.0,1.0,6.0,6.0,2.0,4.0,9.0,7.0,9.0,6.0,4.0,9.0,5.0,4.0,9.0,4.0,4.0,6.0,5.0,2.0,,5.0,7.0,8.0,4.0,3.0,3.0,7.0,5.0,9.0,1.0,6.0,7.0,10.0,6.0,8.0,8.0,10.0,7.0,6.0,7.0,8.0,2.0,6.0,2,6.0,10,1
2014-08-18,53663,,11,1,4931.0,90274810,UIL,U I L HOLDINGS CORP,UIL,221118.0,N,A,R,21819,1,4931.0,90274810.0,,,49.0,493.0,,,,,,,36.0,-0.000555,56533.0,1.0,36.24,2035188.0,UIL,6.0,9.0,1.0,,4.0,10,1.0,1.0,1.0,6.0,6.0,2.0,4.0,9.0,7.0,9.0,6.0,4.0,9.0,5.0,4.0,9.0,4.0,4.0,6.0,5.0,2.0,,5.0,7.0,8.0,4.0,3.0,3.0,7.0,5.0,9.0,1.0,6.0,7.0,10.0,6.0,8.0,8.0,10.0,7.0,6.0,7.0,8.0,2.0,6.0,2,6.0,10,1
2014-08-19,53663,,11,1,4931.0,90274810,UIL,U I L HOLDINGS CORP,UIL,221118.0,N,A,R,21819,1,4931.0,90274810.0,,,49.0,493.0,,,,,,,36.36,0.01,56533.0,1.0,36.0,2055539.88,UIL,6.0,9.0,1.0,,4.0,10,1.0,1.0,1.0,6.0,6.0,2.0,4.0,9.0,7.0,9.0,6.0,4.0,9.0,5.0,4.0,9.0,4.0,4.0,6.0,5.0,2.0,,5.0,7.0,8.0,4.0,3.0,3.0,7.0,5.0,9.0,1.0,6.0,7.0,10.0,6.0,8.0,8.0,10.0,7.0,6.0,7.0,8.0,2.0,6.0,2,6.0,10,1
2014-08-20,53663,,11,1,4931.0,90274810,UIL,U I L HOLDINGS CORP,UIL,221118.0,N,A,R,21819,1,4931.0,90274810.0,,,49.0,493.0,,,,,,,36.42,0.00165,56533.0,1.0,36.29,2058931.86,UIL,6.0,9.0,1.0,,4.0,10,1.0,1.0,1.0,6.0,6.0,2.0,4.0,9.0,7.0,9.0,6.0,4.0,9.0,5.0,4.0,9.0,4.0,4.0,6.0,5.0,2.0,,5.0,7.0,8.0,4.0,3.0,3.0,7.0,5.0,9.0,1.0,6.0,7.0,10.0,6.0,8.0,8.0,10.0,7.0,6.0,7.0,8.0,2.0,6.0,2,6.0,10,1
2014-08-21,53663,,11,1,4931.0,90274810,UIL,U I L HOLDINGS CORP,UIL,221118.0,N,A,R,21819,1,4931.0,90274810.0,,,49.0,493.0,,,,,,,36.41,-0.000275,56533.0,1.0,36.5,2058366.53,UIL,6.0,9.0,1.0,,4.0,10,1.0,1.0,1.0,6.0,6.0,2.0,4.0,9.0,7.0,9.0,6.0,4.0,9.0,5.0,4.0,9.0,4.0,4.0,6.0,5.0,2.0,,5.0,7.0,8.0,4.0,3.0,3.0,7.0,5.0,9.0,1.0,6.0,7.0,10.0,6.0,8.0,8.0,10.0,7.0,6.0,7.0,8.0,2.0,6.0,2,6.0,10,1
2014-08-22,53663,,11,1,4931.0,90274810,UIL,U I L HOLDINGS CORP,UIL,221118.0,N,A,R,21819,1,4931.0,90274810.0,,,49.0,493.0,,,,,,,36.54,0.00357,56533.0,1.0,36.47,2065715.82,UIL,6.0,9.0,1.0,,4.0,10,1.0,1.0,1.0,6.0,6.0,2.0,4.0,9.0,7.0,9.0,6.0,4.0,9.0,5.0,4.0,9.0,4.0,4.0,6.0,5.0,2.0,,5.0,7.0,8.0,4.0,3.0,3.0,7.0,5.0,9.0,1.0,6.0,7.0,10.0,6.0,8.0,8.0,10.0,7.0,6.0,7.0,8.0,2.0,6.0,2,6.0,10,1
2014-08-25,53663,,11,1,4931.0,90274810,UIL,U I L HOLDINGS CORP,UIL,221118.0,N,A,R,21819,1,4931.0,90274810.0,,,49.0,493.0,,,,,,,36.62,0.002189,56533.0,1.0,36.7,2070238.46,UIL,6.0,9.0,1.0,,4.0,10,1.0,1.0,1.0,6.0,6.0,2.0,4.0,9.0,7.0,9.0,6.0,4.0,9.0,5.0,4.0,9.0,4.0,4.0,6.0,5.0,2.0,,5.0,7.0,8.0,4.0,3.0,3.0,7.0,5.0,9.0,1.0,6.0,7.0,10.0,6.0,8.0,8.0,10.0,7.0,6.0,7.0,8.0,2.0,6.0,2,6.0,10,1
2014-08-26,53663,,11,1,4931.0,90274810,UIL,U I L HOLDINGS CORP,UIL,221118.0,N,A,R,21819,1,4931.0,90274810.0,,,49.0,493.0,,,,,,,36.58,-0.001092,56533.0,1.0,36.67,2067977.14,UIL,6.0,9.0,1.0,,4.0,10,1.0,1.0,1.0,6.0,6.0,2.0,4.0,9.0,7.0,9.0,6.0,4.0,9.0,5.0,4.0,9.0,4.0,4.0,6.0,5.0,2.0,,5.0,7.0,8.0,4.0,3.0,3.0,7.0,5.0,9.0,1.0,6.0,7.0,10.0,6.0,8.0,8.0,10.0,7.0,6.0,7.0,8.0,2.0,6.0,2,6.0,10,1
2014-08-27,53663,,11,1,4931.0,90274810,UIL,U I L HOLDINGS CORP,UIL,221118.0,N,A,R,21819,1,4931.0,90274810.0,,,49.0,493.0,,,,,,,36.96,0.010388,56533.0,1.0,36.73,2089459.68,UIL,6.0,9.0,1.0,,4.0,10,1.0,1.0,1.0,6.0,6.0,2.0,4.0,9.0,7.0,9.0,6.0,4.0,9.0,5.0,4.0,9.0,4.0,4.0,6.0,5.0,2.0,,5.0,7.0,8.0,4.0,3.0,3.0,7.0,5.0,9.0,1.0,6.0,7.0,10.0,6.0,8.0,8.0,10.0,7.0,6.0,7.0,8.0,2.0,6.0,2,6.0,10,1
2014-08-28,53663,,11,1,4931.0,90274810,UIL,U I L HOLDINGS CORP,UIL,221118.0,N,A,R,21819,1,4931.0,90274810.0,,,49.0,493.0,,,,,,,36.88,-0.002164,56533.0,1.0,36.96,2084937.04,UIL,6.0,9.0,1.0,,4.0,10,1.0,1.0,1.0,6.0,6.0,2.0,4.0,9.0,7.0,9.0,6.0,4.0,9.0,5.0,4.0,9.0,4.0,4.0,6.0,5.0,2.0,,5.0,7.0,8.0,4.0,3.0,3.0,7.0,5.0,9.0,1.0,6.0,7.0,10.0,6.0,8.0,8.0,10.0,7.0,6.0,7.0,8.0,2.0,6.0,2,6.0,10,1
2014-08-29,53663,,11,1,4931.0,90274810,UIL,U I L HOLDINGS CORP,UIL,221118.0,N,A,R,21819,1,4931.0,90274810.0,,,49.0,493.0,,,,,,,37.25,0.010033,56546.0,1.0,36.96,2106338.5,UIL,6.0,9.0,1.0,,4.0,10,1.0,1.0,1.0,6.0,6.0,2.0,4.0,9.0,7.0,9.0,6.0,4.0,9.0,5.0,4.0,9.0,4.0,4.0,6.0,5.0,2.0,,5.0,7.0,8.0,4.0,3.0,3.0,7.0,5.0,9.0,1.0,6.0,7.0,10.0,6.0,8.0,8.0,10.0,7.0,6.0,7.0,8.0,2.0,6.0,2,6.0,10,1
2014-09-02,53663,,11,1,4931.0,90274810,UIL,U I L HOLDINGS CORP,UIL,221118.0,N,A,R,21819,1,4931.0,90274810.0,,,49.0,493.0,,,,,,,36.85,-0.010738,56546.0,1.0,37.22,2083720.1,UIL,6.0,9.0,1.0,,4.0,10,1.0,1.0,1.0,6.0,6.0,2.0,4.0,9.0,7.0,9.0,6.0,4.0,9.0,5.0,4.0,9.0,4.0,4.0,6.0,5.0,2.0,,3.0,8.0,6.0,2.0,3.0,3.0,6.0,5.0,9.0,1.0,3.0,3.0,3.0,3.0,4.0,8.0,10.0,5.0,5.0,4.0,6.0,1.0,6.0,2,6.0,10,1
2014-09-03,53663,,11,1,4931.0,90274810,UIL,U I L HOLDINGS CORP,UIL,221118.0,N,A,R,21819,1,4931.0,90274810.0,,,49.0,493.0,,,,,,,36.86,0.000271,56546.0,1.0,36.93,2084285.56,UIL,6.0,9.0,1.0,,4.0,10,1.0,1.0,1.0,6.0,6.0,2.0,4.0,9.0,7.0,9.0,6.0,4.0,9.0,5.0,4.0,9.0,4.0,4.0,6.0,5.0,2.0,,3.0,8.0,6.0,2.0,3.0,3.0,6.0,5.0,9.0,1.0,3.0,3.0,3.0,3.0,4.0,8.0,10.0,5.0,5.0,4.0,6.0,1.0,6.0,2,6.0,10,1
2014-09-04,53663,,11,1,4931.0,90274810,UIL,U I L HOLDINGS CORP,UIL,221118.0,N,A,R,21819,1,4931.0,90274810.0,,,49.0,493.0,,,,,,,37.12,0.007054,56546.0,1.0,36.8,2098987.52,UIL,6.0,9.0,1.0,,4.0,10,1.0,1.0,1.0,6.0,6.0,2.0,4.0,9.0,7.0,9.0,6.0,4.0,9.0,5.0,4.0,9.0,4.0,4.0,6.0,5.0,2.0,,3.0,8.0,6.0,2.0,3.0,3.0,6.0,5.0,9.0,1.0,3.0,3.0,3.0,3.0,4.0,8.0,10.0,5.0,5.0,4.0,6.0,1.0,6.0,2,6.0,10,1
2014-09-05,53663,,11,1,4931.0,90274810,UIL,U I L HOLDINGS CORP,UIL,221118.0,N,A,R,21819,1,4931.0,90274810.0,,,49.0,493.0,,,,,,,37.49,0.009968,56546.0,1.0,37.13,2119909.54,UIL,6.0,9.0,1.0,,4.0,10,1.0,1.0,1.0,6.0,6.0,2.0,4.0,9.0,7.0,9.0,6.0,4.0,9.0,5.0,4.0,9.0,4.0,4.0,6.0,5.0,2.0,,3.0,8.0,6.0,2.0,3.0,3.0,6.0,5.0,9.0,1.0,3.0,3.0,3.0,3.0,4.0,8.0,10.0,5.0,5.0,4.0,6.0,1.0,6.0,2,6.0,10,1
2014-09-08,53663,,11,1,4931.0,90274810,UIL,U I L HOLDINGS CORP,UIL,221118.0,N,A,R,21819,1,4931.0,90274810.0,,,49.0,493.0,,,,,,,37.56,0.001867,56546.0,1.0,37.48,2123867.76,UIL,6.0,9.0,1.0,,4.0,10,1.0,1.0,1.0,6.0,6.0,2.0,4.0,9.0,7.0,9.0,6.0,4.0,9.0,5.0,4.0,9.0,4.0,4.0,6.0,5.0,2.0,,3.0,8.0,6.0,2.0,3.0,3.0,6.0,5.0,9.0,1.0,3.0,3.0,3.0,3.0,4.0,8.0,10.0,5.0,5.0,4.0,6.0,1.0,6.0,2,6.0,10,1
2014-09-09,53663,,11,1,4931.0,90274810,UIL,U I L HOLDINGS CORP,UIL,221118.0,N,A,R,21819,1,4931.0,90274810.0,,,49.0,493.0,,,,,,,37.22,-0.009052,56546.0,1.0,37.45,2104642.12,UIL,6.0,9.0,1.0,,4.0,10,1.0,1.0,1.0,6.0,6.0,2.0,4.0,9.0,7.0,9.0,6.0,4.0,9.0,5.0,4.0,9.0,4.0,4.0,6.0,5.0,2.0,,3.0,8.0,6.0,2.0,3.0,3.0,6.0,5.0,9.0,1.0,3.0,3.0,3.0,3.0,4.0,8.0,10.0,5.0,5.0,4.0,6.0,1.0,6.0,2,6.0,10,1
2014-09-10,53663,,11,1,4931.0,90274810,UIL,U I L HOLDINGS CORP,UIL,221118.0,N,A,R,21819,1,4931.0,90274810.0,,,49.0,493.0,,,,,,,37.24,0.000537,56546.0,1.0,37.16,2105773.04,UIL,6.0,9.0,1.0,,4.0,10,1.0,1.0,1.0,6.0,6.0,2.0,4.0,9.0,7.0,9.0,6.0,4.0,9.0,5.0,4.0,9.0,4.0,4.0,6.0,5.0,2.0,,3.0,8.0,6.0,2.0,3.0,3.0,6.0,5.0,9.0,1.0,3.0,3.0,3.0,3.0,4.0,8.0,10.0,5.0,5.0,4.0,6.0,1.0,6.0,2,6.0,10,1
2014-09-11,53663,,11,1,4931.0,90274810,UIL,U I L HOLDINGS CORP,UIL,221118.0,N,A,R,21819,1,4931.0,90274810.0,,,49.0,493.0,,,,,,,37.83,0.015843,56546.0,1.0,37.19,2139135.18,UIL,6.0,9.0,1.0,,4.0,10,1.0,1.0,1.0,6.0,6.0,2.0,4.0,9.0,7.0,9.0,6.0,4.0,9.0,5.0,4.0,9.0,4.0,4.0,6.0,5.0,2.0,,3.0,8.0,6.0,2.0,3.0,3.0,6.0,5.0,9.0,1.0,3.0,3.0,3.0,3.0,4.0,8.0,10.0,5.0,5.0,4.0,6.0,1.0,6.0,2,6.0,10,1
2014-09-12,53663,,11,1,4931.0,90274810,UIL,U I L HOLDINGS CORP,UIL,221118.0,N,A,R,21819,1,4931.0,90274810.0,,,49.0,493.0,,,,,,,37.1,-0.019297,56546.0,1.0,37.72,2097856.6,UIL,6.0,9.0,1.0,,4.0,10,1.0,1.0,1.0,6.0,6.0,2.0,4.0,9.0,7.0,9.0,6.0,4.0,9.0,5.0,4.0,9.0,4.0,4.0,6.0,5.0,2.0,,3.0,8.0,6.0,2.0,3.0,3.0,6.0,5.0,9.0,1.0,3.0,3.0,3.0,3.0,4.0,8.0,10.0,5.0,5.0,4.0,6.0,1.0,6.0,2,6.0,10,1
2014-09-15,53663,,11,1,4931.0,90274810,UIL,U I L HOLDINGS CORP,UIL,221118.0,N,A,R,21819,1,4931.0,90274810.0,,,49.0,493.0,1232.0,0.432,0.0,,,,36.88,0.005714,56546.0,1.0,36.64,2085416.48,UIL,6.0,9.0,1.0,,4.0,10,1.0,1.0,1.0,6.0,6.0,2.0,4.0,9.0,7.0,9.0,6.0,4.0,9.0,5.0,4.0,9.0,4.0,4.0,6.0,5.0,2.0,,3.0,8.0,6.0,2.0,3.0,3.0,6.0,5.0,9.0,1.0,3.0,3.0,3.0,3.0,4.0,8.0,10.0,5.0,5.0,4.0,6.0,1.0,6.0,2,6.0,10,1
2014-09-16,53663,,11,1,4931.0,90274810,UIL,U I L HOLDINGS CORP,UIL,221118.0,N,A,R,21819,1,4931.0,90274810.0,,,49.0,493.0,,,,,,,37.23,0.00949,56546.0,1.0,36.85,2105207.58,UIL,6.0,9.0,1.0,,4.0,10,1.0,1.0,1.0,6.0,6.0,2.0,4.0,9.0,7.0,9.0,6.0,4.0,9.0,5.0,4.0,9.0,4.0,4.0,6.0,5.0,2.0,,3.0,8.0,6.0,2.0,3.0,3.0,6.0,5.0,9.0,1.0,3.0,3.0,3.0,3.0,4.0,8.0,10.0,5.0,5.0,4.0,6.0,1.0,6.0,2,6.0,10,1
2014-09-17,53663,,11,1,4931.0,90274810,UIL,U I L HOLDINGS CORP,UIL,221118.0,N,A,R,21819,1,4931.0,90274810.0,,,49.0,493.0,,,,,,,37.17,-0.001612,56546.0,1.0,37.23,2101814.82,UIL,6.0,9.0,1.0,,4.0,10,1.0,1.0,1.0,6.0,6.0,2.0,4.0,9.0,7.0,9.0,6.0,4.0,9.0,5.0,4.0,9.0,4.0,4.0,6.0,5.0,2.0,,3.0,8.0,6.0,2.0,3.0,3.0,6.0,5.0,9.0,1.0,3.0,3.0,3.0,3.0,4.0,8.0,10.0,5.0,5.0,4.0,6.0,1.0,6.0,2,6.0,10,1
2014-09-18,53663,,11,1,4931.0,90274810,UIL,U I L HOLDINGS CORP,UIL,221118.0,N,A,R,21819,1,4931.0,90274810.0,,,49.0,493.0,,,,,,,37.04,-0.003497,56546.0,1.0,37.3,2094463.84,UIL,6.0,9.0,1.0,,4.0,10,1.0,1.0,1.0,6.0,6.0,2.0,4.0,9.0,7.0,9.0,6.0,4.0,9.0,5.0,4.0,9.0,4.0,4.0,6.0,5.0,2.0,,3.0,8.0,6.0,2.0,3.0,3.0,6.0,5.0,9.0,1.0,3.0,3.0,3.0,3.0,4.0,8.0,10.0,5.0,5.0,4.0,6.0,1.0,6.0,2,6.0,10,1
2014-09-19,53663,,11,1,4931.0,90274810,UIL,U I L HOLDINGS CORP,UIL,221118.0,N,A,R,21819,1,4931.0,90274810.0,,,49.0,493.0,,,,,,,37.34,0.008099,56546.0,1.0,37.02,2111427.64,UIL,6.0,9.0,1.0,,4.0,10,1.0,1.0,1.0,6.0,6.0,2.0,4.0,9.0,7.0,9.0,6.0,4.0,9.0,5.0,4.0,9.0,4.0,4.0,6.0,5.0,2.0,,3.0,8.0,6.0,2.0,3.0,3.0,6.0,5.0,9.0,1.0,3.0,3.0,3.0,3.0,4.0,8.0,10.0,5.0,5.0,4.0,6.0,1.0,6.0,2,6.0,10,1
2014-09-22,53663,,11,1,4931.0,90274810,UIL,U I L HOLDINGS CORP,UIL,221118.0,N,A,R,21819,1,4931.0,90274810.0,,,49.0,493.0,,,,,,,36.47,-0.023299,56546.0,1.0,37.18,2062232.62,UIL,6.0,9.0,1.0,,4.0,10,1.0,1.0,1.0,6.0,6.0,2.0,4.0,9.0,7.0,9.0,6.0,4.0,9.0,5.0,4.0,9.0,4.0,4.0,6.0,5.0,2.0,,3.0,8.0,6.0,2.0,3.0,3.0,6.0,5.0,9.0,1.0,3.0,3.0,3.0,3.0,4.0,8.0,10.0,5.0,5.0,4.0,6.0,1.0,6.0,2,6.0,10,1
2014-09-23,53663,,11,1,4931.0,90274810,UIL,U I L HOLDINGS CORP,UIL,221118.0,N,A,R,21819,1,4931.0,90274810.0,,,49.0,493.0,,,,,,,36.06,-0.011242,56546.0,1.0,36.3,2039048.76,UIL,6.0,9.0,1.0,,4.0,10,1.0,1.0,1.0,6.0,6.0,2.0,4.0,9.0,7.0,9.0,6.0,4.0,9.0,5.0,4.0,9.0,4.0,4.0,6.0,5.0,2.0,,3.0,8.0,6.0,2.0,3.0,3.0,6.0,5.0,9.0,1.0,3.0,3.0,3.0,3.0,4.0,8.0,10.0,5.0,5.0,4.0,6.0,1.0,6.0,2,6.0,10,1
2014-09-24,53663,,11,1,4931.0,90274810,UIL,U I L HOLDINGS CORP,UIL,221118.0,N,A,R,21819,1,4931.0,90274810.0,,,49.0,493.0,,,,,,,36.12,0.001664,56546.0,1.0,36.19,2042441.52,UIL,6.0,9.0,1.0,,4.0,10,1.0,1.0,1.0,6.0,6.0,2.0,4.0,9.0,7.0,9.0,6.0,4.0,9.0,5.0,4.0,9.0,4.0,4.0,6.0,5.0,2.0,,3.0,8.0,6.0,2.0,3.0,3.0,6.0,5.0,9.0,1.0,3.0,3.0,3.0,3.0,4.0,8.0,10.0,5.0,5.0,4.0,6.0,1.0,6.0,2,6.0,10,1
2014-09-25,53663,,11,1,4931.0,90274810,UIL,U I L HOLDINGS CORP,UIL,221118.0,N,A,R,21819,1,4931.0,90274810.0,,,49.0,493.0,,,,,,,35.85,-0.007475,56546.0,1.0,36.15,2027174.1,UIL,6.0,9.0,1.0,,4.0,10,1.0,1.0,1.0,6.0,6.0,2.0,4.0,9.0,7.0,9.0,6.0,4.0,9.0,5.0,4.0,9.0,4.0,4.0,6.0,5.0,2.0,,3.0,8.0,6.0,2.0,3.0,3.0,6.0,5.0,9.0,1.0,3.0,3.0,3.0,3.0,4.0,8.0,10.0,5.0,5.0,4.0,6.0,1.0,6.0,2,6.0,10,1
2014-09-26,53663,,11,1,4931.0,90274810,UIL,U I L HOLDINGS CORP,UIL,221118.0,N,A,R,21819,1,4931.0,90274810.0,,,49.0,493.0,,,,,,,35.83,-0.000558,56546.0,1.0,35.81,2026043.18,UIL,6.0,9.0,1.0,,4.0,10,1.0,1.0,1.0,6.0,6.0,2.0,4.0,9.0,7.0,9.0,6.0,4.0,9.0,5.0,4.0,9.0,4.0,4.0,6.0,5.0,2.0,,3.0,8.0,6.0,2.0,3.0,3.0,6.0,5.0,9.0,1.0,3.0,3.0,3.0,3.0,4.0,8.0,10.0,5.0,5.0,4.0,6.0,1.0,6.0,2,6.0,10,1
2014-09-29,53663,,11,1,4931.0,90274810,UIL,U I L HOLDINGS CORP,UIL,221118.0,N,A,R,21819,1,4931.0,90274810.0,,,49.0,493.0,,,,,,,35.67,-0.004466,56546.0,1.0,35.63,2016995.82,UIL,6.0,9.0,1.0,,4.0,10,1.0,1.0,1.0,6.0,6.0,2.0,4.0,9.0,7.0,9.0,6.0,4.0,9.0,5.0,4.0,9.0,4.0,4.0,6.0,5.0,2.0,,3.0,8.0,6.0,2.0,3.0,3.0,6.0,5.0,9.0,1.0,3.0,3.0,3.0,3.0,4.0,8.0,10.0,5.0,5.0,4.0,6.0,1.0,6.0,2,6.0,10,1
2014-09-30,53663,,11,1,4931.0,90274810,UIL,U I L HOLDINGS CORP,UIL,221118.0,N,A,R,21819,1,4931.0,90274810.0,,,49.0,493.0,,,,,,,35.4,-0.007569,56546.0,1.0,35.76,2001728.4,UIL,6.0,9.0,1.0,,4.0,10,1.0,1.0,1.0,6.0,6.0,2.0,4.0,9.0,7.0,9.0,6.0,4.0,9.0,5.0,4.0,9.0,4.0,4.0,6.0,5.0,2.0,,3.0,8.0,6.0,2.0,3.0,3.0,6.0,5.0,9.0,1.0,3.0,3.0,3.0,3.0,4.0,8.0,10.0,5.0,5.0,4.0,6.0,1.0,6.0,2,6.0,10,1
2014-10-01,53663,,11,1,4931.0,90274810,UIL,U I L HOLDINGS CORP,UIL,221118.0,N,A,R,21819,1,4931.0,90274810.0,,,49.0,493.0,,,,,,,35.53,0.003672,56546.0,1.0,35.51,2009079.38,UIL,6.0,9.0,1.0,,4.0,10,1.0,1.0,1.0,6.0,6.0,2.0,4.0,9.0,7.0,9.0,6.0,4.0,9.0,5.0,4.0,9.0,4.0,4.0,6.0,5.0,2.0,,4.0,7.0,7.0,4.0,4.0,4.0,8.0,6.0,9.0,3.0,3.0,3.0,3.0,3.0,5.0,8.0,10.0,3.0,4.0,5.0,6.0,1.0,6.0,2,7.0,10,1
2014-10-02,53663,,11,1,4931.0,90274810,UIL,U I L HOLDINGS CORP,UIL,221118.0,N,A,R,21819,1,4931.0,90274810.0,,,49.0,493.0,,,,,,,36.1,0.016043,56546.0,1.0,35.51,2041310.6,UIL,6.0,9.0,1.0,,4.0,10,1.0,1.0,1.0,6.0,6.0,2.0,4.0,9.0,7.0,9.0,6.0,4.0,9.0,5.0,4.0,9.0,4.0,4.0,6.0,5.0,2.0,,4.0,7.0,7.0,4.0,4.0,4.0,8.0,6.0,9.0,3.0,3.0,3.0,3.0,3.0,5.0,8.0,10.0,3.0,4.0,5.0,6.0,1.0,6.0,2,7.0,10,1
2014-10-03,53663,,11,1,4931.0,90274810,UIL,U I L HOLDINGS CORP,UIL,221118.0,N,A,R,21819,1,4931.0,90274810.0,,,49.0,493.0,,,,,,,36.37,0.007479,56546.0,1.0,36.41,2056578.02,UIL,6.0,9.0,1.0,,4.0,10,1.0,1.0,1.0,6.0,6.0,2.0,4.0,9.0,7.0,9.0,6.0,4.0,9.0,5.0,4.0,9.0,4.0,4.0,6.0,5.0,2.0,,4.0,7.0,7.0,4.0,4.0,4.0,8.0,6.0,9.0,3.0,3.0,3.0,3.0,3.0,5.0,8.0,10.0,3.0,4.0,5.0,6.0,1.0,6.0,2,7.0,10,1
2014-10-06,53663,,11,1,4931.0,90274810,UIL,U I L HOLDINGS CORP,UIL,221118.0,N,A,R,21819,1,4931.0,90274810.0,,,49.0,493.0,,,,,,,36.66,0.007974,56546.0,1.0,36.42,2072976.36,UIL,6.0,9.0,1.0,,4.0,10,1.0,1.0,1.0,6.0,6.0,2.0,4.0,9.0,7.0,9.0,6.0,4.0,9.0,5.0,4.0,9.0,4.0,4.0,6.0,5.0,2.0,,4.0,7.0,7.0,4.0,4.0,4.0,8.0,6.0,9.0,3.0,3.0,3.0,3.0,3.0,5.0,8.0,10.0,3.0,4.0,5.0,6.0,1.0,6.0,2,7.0,10,1
2014-10-07,53663,,11,1,4931.0,90274810,UIL,U I L HOLDINGS CORP,UIL,221118.0,N,A,R,21819,1,4931.0,90274810.0,,,49.0,493.0,,,,,,,36.58,-0.002182,56546.0,1.0,36.46,2068452.68,UIL,6.0,9.0,1.0,,4.0,10,1.0,1.0,1.0,6.0,6.0,2.0,4.0,9.0,7.0,9.0,6.0,4.0,9.0,5.0,4.0,9.0,4.0,4.0,6.0,5.0,2.0,,4.0,7.0,7.0,4.0,4.0,4.0,8.0,6.0,9.0,3.0,3.0,3.0,3.0,3.0,5.0,8.0,10.0,3.0,4.0,5.0,6.0,1.0,6.0,2,7.0,10,1
2014-10-08,53663,,11,1,4931.0,90274810,UIL,U I L HOLDINGS CORP,UIL,221118.0,N,A,R,21819,1,4931.0,90274810.0,,,49.0,493.0,,,,,,,37.66,0.029524,56546.0,1.0,36.53,2129522.36,UIL,6.0,9.0,1.0,,4.0,10,1.0,1.0,1.0,6.0,6.0,2.0,4.0,9.0,7.0,9.0,6.0,4.0,9.0,5.0,4.0,9.0,4.0,4.0,6.0,5.0,2.0,,4.0,7.0,7.0,4.0,4.0,4.0,8.0,6.0,9.0,3.0,3.0,3.0,3.0,3.0,5.0,8.0,10.0,3.0,4.0,5.0,6.0,1.0,6.0,2,7.0,10,1
2014-10-09,53663,,11,1,4931.0,90274810,UIL,U I L HOLDINGS CORP,UIL,221118.0,N,A,R,21819,1,4931.0,90274810.0,,,49.0,493.0,,,,,,,36.88,-0.020712,56546.0,1.0,37.66,2085416.48,UIL,6.0,9.0,1.0,,4.0,10,1.0,1.0,1.0,6.0,6.0,2.0,4.0,9.0,7.0,9.0,6.0,4.0,9.0,5.0,4.0,9.0,4.0,4.0,6.0,5.0,2.0,,4.0,7.0,7.0,4.0,4.0,4.0,8.0,6.0,9.0,3.0,3.0,3.0,3.0,3.0,5.0,8.0,10.0,3.0,4.0,5.0,6.0,1.0,6.0,2,7.0,10,1
2014-10-10,53663,,11,1,4931.0,90274810,UIL,U I L HOLDINGS CORP,UIL,221118.0,N,A,R,21819,1,4931.0,90274810.0,,,49.0,493.0,,,,,,,36.98,0.002711,56546.0,1.0,36.83,2091071.08,UIL,6.0,9.0,1.0,,4.0,10,1.0,1.0,1.0,6.0,6.0,2.0,4.0,9.0,7.0,9.0,6.0,4.0,9.0,5.0,4.0,9.0,4.0,4.0,6.0,5.0,2.0,,4.0,7.0,7.0,4.0,4.0,4.0,8.0,6.0,9.0,3.0,3.0,3.0,3.0,3.0,5.0,8.0,10.0,3.0,4.0,5.0,6.0,1.0,6.0,2,7.0,10,1
2014-10-13,53663,,11,1,4931.0,90274810,UIL,U I L HOLDINGS CORP,UIL,221118.0,N,A,R,21819,1,4931.0,90274810.0,,,49.0,493.0,,,,,,,37.55,0.015414,56546.0,1.0,37.02,2123302.3,UIL,6.0,9.0,1.0,,4.0,10,1.0,1.0,1.0,6.0,6.0,2.0,4.0,9.0,7.0,9.0,6.0,4.0,9.0,5.0,4.0,9.0,4.0,4.0,6.0,5.0,2.0,,4.0,7.0,7.0,4.0,4.0,4.0,8.0,6.0,9.0,3.0,3.0,3.0,3.0,3.0,5.0,8.0,10.0,3.0,4.0,5.0,6.0,1.0,6.0,2,7.0,10,1
2014-10-14,53663,,11,1,4931.0,90274810,UIL,U I L HOLDINGS CORP,UIL,221118.0,N,A,R,21819,1,4931.0,90274810.0,,,49.0,493.0,,,,,,,38.58,0.02743,56546.0,1.0,37.87,2181544.68,UIL,6.0,9.0,1.0,,4.0,10,1.0,1.0,1.0,6.0,6.0,2.0,4.0,9.0,7.0,9.0,6.0,4.0,9.0,5.0,4.0,9.0,4.0,4.0,6.0,5.0,2.0,,4.0,7.0,7.0,4.0,4.0,4.0,8.0,6.0,9.0,3.0,3.0,3.0,3.0,3.0,5.0,8.0,10.0,3.0,4.0,5.0,6.0,1.0,6.0,2,7.0,10,1
2014-10-15,53663,,11,1,4931.0,90274810,UIL,U I L HOLDINGS CORP,UIL,221118.0,N,A,R,21819,1,4931.0,90274810.0,,,49.0,493.0,,,,,,,38.71,0.00337,56546.0,1.0,38.36,2188895.66,UIL,6.0,9.0,1.0,,4.0,10,1.0,1.0,1.0,6.0,6.0,2.0,4.0,9.0,7.0,9.0,6.0,4.0,9.0,5.0,4.0,9.0,4.0,4.0,6.0,5.0,2.0,,4.0,7.0,7.0,4.0,4.0,4.0,8.0,6.0,9.0,3.0,3.0,3.0,3.0,3.0,5.0,8.0,10.0,3.0,4.0,5.0,6.0,1.0,6.0,2,7.0,10,1
2014-10-16,53663,,11,1,4931.0,90274810,UIL,U I L HOLDINGS CORP,UIL,221118.0,N,A,R,21819,1,4931.0,90274810.0,,,49.0,493.0,,,,,,,38.75,0.001033,56546.0,1.0,38.43,2191157.5,UIL,6.0,9.0,1.0,,4.0,10,1.0,1.0,1.0,6.0,6.0,2.0,4.0,9.0,7.0,9.0,6.0,4.0,9.0,5.0,4.0,9.0,4.0,4.0,6.0,5.0,2.0,,4.0,7.0,7.0,4.0,4.0,4.0,8.0,6.0,9.0,3.0,3.0,3.0,3.0,3.0,5.0,8.0,10.0,3.0,4.0,5.0,6.0,1.0,6.0,2,7.0,10,1
2014-10-17,53663,,11,1,4931.0,90274810,UIL,U I L HOLDINGS CORP,UIL,221118.0,N,A,R,21819,1,4931.0,90274810.0,,,49.0,493.0,,,,,,,38.85,0.002581,56546.0,1.0,39.07,2196812.1,UIL,6.0,9.0,1.0,,4.0,10,1.0,1.0,1.0,6.0,6.0,2.0,4.0,9.0,7.0,9.0,6.0,4.0,9.0,5.0,4.0,9.0,4.0,4.0,6.0,5.0,2.0,,4.0,7.0,7.0,4.0,4.0,4.0,8.0,6.0,9.0,3.0,3.0,3.0,3.0,3.0,5.0,8.0,10.0,3.0,4.0,5.0,6.0,1.0,6.0,2,7.0,10,1
2014-10-20,53663,,11,1,4931.0,90274810,UIL,U I L HOLDINGS CORP,UIL,221118.0,N,A,R,21819,1,4931.0,90274810.0,,,49.0,493.0,,,,,,,39.36,0.013127,56546.0,1.0,38.87,2225650.56,UIL,6.0,9.0,1.0,,4.0,10,1.0,1.0,1.0,6.0,6.0,2.0,4.0,9.0,7.0,9.0,6.0,4.0,9.0,5.0,4.0,9.0,4.0,4.0,6.0,5.0,2.0,,4.0,7.0,7.0,4.0,4.0,4.0,8.0,6.0,9.0,3.0,3.0,3.0,3.0,3.0,5.0,8.0,10.0,3.0,4.0,5.0,6.0,1.0,6.0,2,7.0,10,1
2014-10-21,53663,,11,1,4931.0,90274810,UIL,U I L HOLDINGS CORP,UIL,221118.0,N,A,R,21819,1,4931.0,90274810.0,,,49.0,493.0,,,,,,,39.68,0.00813,56546.0,1.0,39.44,2243745.28,UIL,6.0,9.0,1.0,,4.0,10,1.0,1.0,1.0,6.0,6.0,2.0,4.0,9.0,7.0,9.0,6.0,4.0,9.0,5.0,4.0,9.0,4.0,4.0,6.0,5.0,2.0,,4.0,7.0,7.0,4.0,4.0,4.0,8.0,6.0,9.0,3.0,3.0,3.0,3.0,3.0,5.0,8.0,10.0,3.0,4.0,5.0,6.0,1.0,6.0,2,7.0,10,1
2014-10-22,53663,,11,1,4931.0,90274810,UIL,U I L HOLDINGS CORP,UIL,221118.0,N,A,R,21819,1,4931.0,90274810.0,,,49.0,493.0,,,,,,,39.89,0.005292,56546.0,1.0,39.72,2255619.94,UIL,6.0,9.0,1.0,,4.0,10,1.0,1.0,1.0,6.0,6.0,2.0,4.0,9.0,7.0,9.0,6.0,4.0,9.0,5.0,4.0,9.0,4.0,4.0,6.0,5.0,2.0,,4.0,7.0,7.0,4.0,4.0,4.0,8.0,6.0,9.0,3.0,3.0,3.0,3.0,3.0,5.0,8.0,10.0,3.0,4.0,5.0,6.0,1.0,6.0,2,7.0,10,1
2014-10-23,53663,,11,1,4931.0,90274810,UIL,U I L HOLDINGS CORP,UIL,221118.0,N,A,R,21819,1,4931.0,90274810.0,,,49.0,493.0,,,,,,,39.92,0.000752,56546.0,1.0,40.06,2257316.32,UIL,6.0,9.0,1.0,,4.0,10,1.0,1.0,1.0,6.0,6.0,2.0,4.0,9.0,7.0,9.0,6.0,4.0,9.0,5.0,4.0,9.0,4.0,4.0,6.0,5.0,2.0,,4.0,7.0,7.0,4.0,4.0,4.0,8.0,6.0,9.0,3.0,3.0,3.0,3.0,3.0,5.0,8.0,10.0,3.0,4.0,5.0,6.0,1.0,6.0,2,7.0,10,1
2014-10-24,53663,,11,1,4931.0,90274810,UIL,U I L HOLDINGS CORP,UIL,221118.0,N,A,R,21819,1,4931.0,90274810.0,,,49.0,493.0,,,,,,,39.71,-0.00526,56546.0,1.0,40.04,2245441.66,UIL,6.0,9.0,1.0,,4.0,10,1.0,1.0,1.0,6.0,6.0,2.0,4.0,9.0,7.0,9.0,6.0,4.0,9.0,5.0,4.0,9.0,4.0,4.0,6.0,5.0,2.0,,4.0,7.0,7.0,4.0,4.0,4.0,8.0,6.0,9.0,3.0,3.0,3.0,3.0,3.0,5.0,8.0,10.0,3.0,4.0,5.0,6.0,1.0,6.0,2,7.0,10,1
2014-10-27,53663,,11,1,4931.0,90274810,UIL,U I L HOLDINGS CORP,UIL,221118.0,N,A,R,21819,1,4931.0,90274810.0,,,49.0,493.0,,,,,,,39.61,-0.002518,56546.0,1.0,39.68,2239787.06,UIL,6.0,9.0,1.0,,4.0,10,1.0,1.0,1.0,6.0,6.0,2.0,4.0,9.0,7.0,9.0,6.0,4.0,9.0,5.0,4.0,9.0,4.0,4.0,6.0,5.0,2.0,,4.0,7.0,7.0,4.0,4.0,4.0,8.0,6.0,9.0,3.0,3.0,3.0,3.0,3.0,5.0,8.0,10.0,3.0,4.0,5.0,6.0,1.0,6.0,2,7.0,10,1
2014-10-28,53663,,11,1,4931.0,90274810,UIL,U I L HOLDINGS CORP,UIL,221118.0,N,A,R,21819,1,4931.0,90274810.0,,,49.0,493.0,,,,,,,41.43,0.045948,56546.0,1.0,39.93,2342700.78,UIL,6.0,9.0,1.0,,4.0,10,1.0,1.0,1.0,6.0,6.0,2.0,4.0,9.0,7.0,9.0,6.0,4.0,9.0,5.0,4.0,9.0,4.0,4.0,6.0,5.0,2.0,,4.0,7.0,7.0,4.0,4.0,4.0,8.0,6.0,9.0,3.0,3.0,3.0,3.0,3.0,5.0,8.0,10.0,3.0,4.0,5.0,6.0,1.0,6.0,2,7.0,10,1
2014-10-29,53663,,11,1,4931.0,90274810,UIL,U I L HOLDINGS CORP,UIL,221118.0,N,A,R,21819,1,4931.0,90274810.0,,,49.0,493.0,,,,,,,40.8,-0.015206,56546.0,1.0,41.41,2307076.8,UIL,6.0,9.0,1.0,,4.0,10,1.0,1.0,1.0,6.0,6.0,2.0,4.0,9.0,7.0,9.0,6.0,4.0,9.0,5.0,4.0,9.0,4.0,4.0,6.0,5.0,2.0,,4.0,7.0,7.0,4.0,4.0,4.0,8.0,6.0,9.0,3.0,3.0,3.0,3.0,3.0,5.0,8.0,10.0,3.0,4.0,5.0,6.0,1.0,6.0,2,7.0,10,1
2014-10-30,53663,,11,1,4931.0,90274810,UIL,U I L HOLDINGS CORP,UIL,221118.0,N,A,R,21819,1,4931.0,90274810.0,,,49.0,493.0,,,,,,,41.47,0.016422,56546.0,1.0,40.74,2344962.62,UIL,6.0,9.0,1.0,,4.0,10,1.0,1.0,1.0,6.0,6.0,2.0,4.0,9.0,7.0,9.0,6.0,4.0,9.0,5.0,4.0,9.0,4.0,4.0,6.0,5.0,2.0,,4.0,7.0,7.0,4.0,4.0,4.0,8.0,6.0,9.0,3.0,3.0,3.0,3.0,3.0,5.0,8.0,10.0,3.0,4.0,5.0,6.0,1.0,6.0,2,7.0,10,1
2014-10-31,53663,,11,1,4931.0,90274810,UIL,U I L HOLDINGS CORP,UIL,221118.0,N,A,R,21819,1,4931.0,90274810.0,,,49.0,493.0,,,,,,,41.14,-0.007958,56546.0,1.0,41.79,2326302.44,UIL,6.0,9.0,1.0,,4.0,10,1.0,1.0,1.0,6.0,6.0,2.0,4.0,9.0,7.0,9.0,6.0,4.0,9.0,5.0,4.0,9.0,4.0,4.0,6.0,5.0,2.0,,4.0,7.0,7.0,4.0,4.0,4.0,8.0,6.0,9.0,3.0,3.0,3.0,3.0,3.0,5.0,8.0,10.0,3.0,4.0,5.0,6.0,1.0,6.0,2,7.0,10,1
2014-11-03,53663,,11,1,4931.0,90274810,UIL,U I L HOLDINGS CORP,UIL,221118.0,N,A,R,21819,1,4931.0,90274810.0,,,49.0,493.0,,,,,,,41.28,0.003403,56546.0,1.0,41.21,2334218.88,UIL,6.0,9.0,1.0,,4.0,10,1.0,1.0,1.0,6.0,6.0,2.0,4.0,9.0,7.0,9.0,6.0,4.0,9.0,5.0,4.0,9.0,4.0,4.0,6.0,5.0,2.0,,6.0,6.0,9.0,5.0,5.0,4.0,8.0,6.0,9.0,3.0,3.0,3.0,3.0,3.0,1.0,8.0,10.0,4.0,2.0,1.0,2.0,1.0,6.0,2,6.0,10,1
2014-11-04,53663,,11,1,4931.0,90274810,UIL,U I L HOLDINGS CORP,UIL,221118.0,N,A,R,21819,1,4931.0,90274810.0,,,49.0,493.0,,,,,,,41.29,0.000242,56546.0,1.0,41.34,2334784.34,UIL,6.0,9.0,1.0,,4.0,10,1.0,1.0,1.0,6.0,6.0,2.0,4.0,9.0,7.0,9.0,6.0,4.0,9.0,5.0,4.0,9.0,4.0,4.0,6.0,5.0,2.0,,6.0,6.0,9.0,5.0,5.0,4.0,8.0,6.0,9.0,3.0,3.0,3.0,3.0,3.0,1.0,8.0,10.0,4.0,2.0,1.0,2.0,1.0,6.0,2,6.0,10,1
2014-11-05,53663,,11,1,4931.0,90274810,UIL,U I L HOLDINGS CORP,UIL,221118.0,N,A,R,21819,1,4931.0,90274810.0,,,49.0,493.0,,,,,,,42.22,0.022524,56546.0,1.0,40.33,2387372.12,UIL,6.0,9.0,1.0,,4.0,10,1.0,1.0,1.0,6.0,6.0,2.0,4.0,9.0,7.0,9.0,6.0,4.0,9.0,5.0,4.0,9.0,4.0,4.0,6.0,5.0,2.0,,6.0,6.0,9.0,5.0,5.0,4.0,8.0,6.0,9.0,3.0,3.0,3.0,3.0,3.0,1.0,8.0,10.0,4.0,2.0,1.0,2.0,1.0,6.0,2,6.0,10,1
2014-11-06,53663,,11,1,4931.0,90274810,UIL,U I L HOLDINGS CORP,UIL,221118.0,N,A,R,21819,1,4931.0,90274810.0,,,49.0,493.0,,,,,,,41.82,-0.009474,56546.0,1.0,42.21,2364753.72,UIL,6.0,9.0,1.0,,4.0,10,1.0,1.0,1.0,6.0,6.0,2.0,4.0,9.0,7.0,9.0,6.0,4.0,9.0,5.0,4.0,9.0,4.0,4.0,6.0,5.0,2.0,,6.0,6.0,9.0,5.0,5.0,4.0,8.0,6.0,9.0,3.0,3.0,3.0,3.0,3.0,1.0,8.0,10.0,4.0,2.0,1.0,2.0,1.0,6.0,2,6.0,10,1
2014-11-07,53663,,11,1,4931.0,90274810,UIL,U I L HOLDINGS CORP,UIL,221118.0,N,A,R,21819,1,4931.0,90274810.0,,,49.0,493.0,,,,,,,42.15,0.007891,56546.0,1.0,41.9,2383413.9,UIL,6.0,9.0,1.0,,4.0,10,1.0,1.0,1.0,6.0,6.0,2.0,4.0,9.0,7.0,9.0,6.0,4.0,9.0,5.0,4.0,9.0,4.0,4.0,6.0,5.0,2.0,,6.0,6.0,9.0,5.0,5.0,4.0,8.0,6.0,9.0,3.0,3.0,3.0,3.0,3.0,1.0,8.0,10.0,4.0,2.0,1.0,2.0,1.0,6.0,2,6.0,10,1
2014-11-10,53663,,11,1,4931.0,90274810,UIL,U I L HOLDINGS CORP,UIL,221118.0,N,A,R,21819,1,4931.0,90274810.0,,,49.0,493.0,,,,,,,42.46,0.007355,56546.0,1.0,42.05,2400943.16,UIL,6.0,9.0,1.0,,4.0,10,1.0,1.0,1.0,6.0,6.0,2.0,4.0,9.0,7.0,9.0,6.0,4.0,9.0,5.0,4.0,9.0,4.0,4.0,6.0,5.0,2.0,,6.0,6.0,9.0,5.0,5.0,4.0,8.0,6.0,9.0,3.0,3.0,3.0,3.0,3.0,1.0,8.0,10.0,4.0,2.0,1.0,2.0,1.0,6.0,2,6.0,10,1
2014-11-11,53663,,11,1,4931.0,90274810,UIL,U I L HOLDINGS CORP,UIL,221118.0,N,A,R,21819,1,4931.0,90274810.0,,,49.0,493.0,,,,,,,41.63,-0.019548,56546.0,1.0,42.32,2354009.98,UIL,6.0,9.0,1.0,,4.0,10,1.0,1.0,1.0,6.0,6.0,2.0,4.0,9.0,7.0,9.0,6.0,4.0,9.0,5.0,4.0,9.0,4.0,4.0,6.0,5.0,2.0,,6.0,6.0,9.0,5.0,5.0,4.0,8.0,6.0,9.0,3.0,3.0,3.0,3.0,3.0,1.0,8.0,10.0,4.0,2.0,1.0,2.0,1.0,6.0,2,6.0,10,1
2014-11-12,53663,,11,1,4931.0,90274810,UIL,U I L HOLDINGS CORP,UIL,221118.0,N,A,R,21819,1,4931.0,90274810.0,,,49.0,493.0,,,,,,,40.68,-0.02282,56546.0,1.0,41.32,2300291.28,UIL,6.0,9.0,1.0,,4.0,10,1.0,1.0,1.0,6.0,6.0,2.0,4.0,9.0,7.0,9.0,6.0,4.0,9.0,5.0,4.0,9.0,4.0,4.0,6.0,5.0,2.0,,6.0,6.0,9.0,5.0,5.0,4.0,8.0,6.0,9.0,3.0,3.0,3.0,3.0,3.0,1.0,8.0,10.0,4.0,2.0,1.0,2.0,1.0,6.0,2,6.0,10,1
2014-11-13,53663,,11,1,4931.0,90274810,UIL,U I L HOLDINGS CORP,UIL,221118.0,N,A,R,21819,1,4931.0,90274810.0,,,49.0,493.0,,,,,,,39.95,-0.017945,56546.0,1.0,40.09,2259012.7,UIL,6.0,9.0,1.0,,4.0,10,1.0,1.0,1.0,6.0,6.0,2.0,4.0,9.0,7.0,9.0,6.0,4.0,9.0,5.0,4.0,9.0,4.0,4.0,6.0,5.0,2.0,,6.0,6.0,9.0,5.0,5.0,4.0,8.0,6.0,9.0,3.0,3.0,3.0,3.0,3.0,1.0,8.0,10.0,4.0,2.0,1.0,2.0,1.0,6.0,2,6.0,10,1
2014-11-14,53663,,11,1,4931.0,90274810,UIL,U I L HOLDINGS CORP,UIL,221118.0,N,A,R,21819,1,4931.0,90274810.0,,,49.0,493.0,,,,,,,39.32,-0.01577,56546.0,1.0,39.86,2223388.72,UIL,6.0,9.0,1.0,,4.0,10,1.0,1.0,1.0,6.0,6.0,2.0,4.0,9.0,7.0,9.0,6.0,4.0,9.0,5.0,4.0,9.0,4.0,4.0,6.0,5.0,2.0,,6.0,6.0,9.0,5.0,5.0,4.0,8.0,6.0,9.0,3.0,3.0,3.0,3.0,3.0,1.0,8.0,10.0,4.0,2.0,1.0,2.0,1.0,6.0,2,6.0,10,1
2014-11-17,53663,,11,1,4931.0,90274810,UIL,U I L HOLDINGS CORP,UIL,221118.0,N,A,R,21819,1,4931.0,90274810.0,,,49.0,493.0,,,,,,,39.86,0.013733,56546.0,1.0,39.39,2253923.56,UIL,6.0,9.0,1.0,,4.0,10,1.0,1.0,1.0,6.0,6.0,2.0,4.0,9.0,7.0,9.0,6.0,4.0,9.0,5.0,4.0,9.0,4.0,4.0,6.0,5.0,2.0,,6.0,6.0,9.0,5.0,5.0,4.0,8.0,6.0,9.0,3.0,3.0,3.0,3.0,3.0,1.0,8.0,10.0,4.0,2.0,1.0,2.0,1.0,6.0,2,6.0,10,1
2014-11-18,53663,,11,1,4931.0,90274810,UIL,U I L HOLDINGS CORP,UIL,221118.0,N,A,R,21819,1,4931.0,90274810.0,,,49.0,493.0,,,,,,,40.16,0.007526,56546.0,1.0,39.94,2270887.36,UIL,6.0,9.0,1.0,,4.0,10,1.0,1.0,1.0,6.0,6.0,2.0,4.0,9.0,7.0,9.0,6.0,4.0,9.0,5.0,4.0,9.0,4.0,4.0,6.0,5.0,2.0,,6.0,6.0,9.0,5.0,5.0,4.0,8.0,6.0,9.0,3.0,3.0,3.0,3.0,3.0,1.0,8.0,10.0,4.0,2.0,1.0,2.0,1.0,6.0,2,6.0,10,1
2014-11-19,53663,,11,1,4931.0,90274810,UIL,U I L HOLDINGS CORP,UIL,221118.0,N,A,R,21819,1,4931.0,90274810.0,,,49.0,493.0,,,,,,,40.38,0.005478,56546.0,1.0,40.08,2283327.48,UIL,6.0,9.0,1.0,,4.0,10,1.0,1.0,1.0,6.0,6.0,2.0,4.0,9.0,7.0,9.0,6.0,4.0,9.0,5.0,4.0,9.0,4.0,4.0,6.0,5.0,2.0,,6.0,6.0,9.0,5.0,5.0,4.0,8.0,6.0,9.0,3.0,3.0,3.0,3.0,3.0,1.0,8.0,10.0,4.0,2.0,1.0,2.0,1.0,6.0,2,6.0,10,1
2014-11-20,53663,,11,1,4931.0,90274810,UIL,U I L HOLDINGS CORP,UIL,221118.0,N,A,R,21819,1,4931.0,90274810.0,,,49.0,493.0,,,,,,,39.84,-0.013373,56546.0,1.0,40.3,2252792.64,UIL,6.0,9.0,1.0,,4.0,10,1.0,1.0,1.0,6.0,6.0,2.0,4.0,9.0,7.0,9.0,6.0,4.0,9.0,5.0,4.0,9.0,4.0,4.0,6.0,5.0,2.0,,6.0,6.0,9.0,5.0,5.0,4.0,8.0,6.0,9.0,3.0,3.0,3.0,3.0,3.0,1.0,8.0,10.0,4.0,2.0,1.0,2.0,1.0,6.0,2,6.0,10,1
2014-11-21,53663,,11,1,4931.0,90274810,UIL,U I L HOLDINGS CORP,UIL,221118.0,N,A,R,21819,1,4931.0,90274810.0,,,49.0,493.0,,,,,,,39.57,-0.006777,56546.0,1.0,40.3,2237525.22,UIL,6.0,9.0,1.0,,4.0,10,1.0,1.0,1.0,6.0,6.0,2.0,4.0,9.0,7.0,9.0,6.0,4.0,9.0,5.0,4.0,9.0,4.0,4.0,6.0,5.0,2.0,,6.0,6.0,9.0,5.0,5.0,4.0,8.0,6.0,9.0,3.0,3.0,3.0,3.0,3.0,1.0,8.0,10.0,4.0,2.0,1.0,2.0,1.0,6.0,2,6.0,10,1
2014-11-24,53663,,11,1,4931.0,90274810,UIL,U I L HOLDINGS CORP,UIL,221118.0,N,A,R,21819,1,4931.0,90274810.0,,,49.0,493.0,,,,,,,39.51,-0.001516,56546.0,1.0,39.79,2234132.46,UIL,6.0,9.0,1.0,,4.0,10,1.0,1.0,1.0,6.0,6.0,2.0,4.0,9.0,7.0,9.0,6.0,4.0,9.0,5.0,4.0,9.0,4.0,4.0,6.0,5.0,2.0,,6.0,6.0,9.0,5.0,5.0,4.0,8.0,6.0,9.0,3.0,3.0,3.0,3.0,3.0,1.0,8.0,10.0,4.0,2.0,1.0,2.0,1.0,6.0,2,6.0,10,1
2014-11-25,53663,,11,1,4931.0,90274810,UIL,U I L HOLDINGS CORP,UIL,221118.0,N,A,R,21819,1,4931.0,90274810.0,,,49.0,493.0,,,,,,,39.47,-0.001012,56546.0,1.0,39.67,2231870.62,UIL,6.0,9.0,1.0,,4.0,10,1.0,1.0,1.0,6.0,6.0,2.0,4.0,9.0,7.0,9.0,6.0,4.0,9.0,5.0,4.0,9.0,4.0,4.0,6.0,5.0,2.0,,6.0,6.0,9.0,5.0,5.0,4.0,8.0,6.0,9.0,3.0,3.0,3.0,3.0,3.0,1.0,8.0,10.0,4.0,2.0,1.0,2.0,1.0,6.0,2,6.0,10,1
2014-11-26,53663,,11,1,4931.0,90274810,UIL,U I L HOLDINGS CORP,UIL,221118.0,N,A,R,21819,1,4931.0,90274810.0,,,49.0,493.0,,,,,,,39.8,0.008361,56546.0,1.0,39.55,2250530.8,UIL,6.0,9.0,1.0,,4.0,10,1.0,1.0,1.0,6.0,6.0,2.0,4.0,9.0,7.0,9.0,6.0,4.0,9.0,5.0,4.0,9.0,4.0,4.0,6.0,5.0,2.0,,6.0,6.0,9.0,5.0,5.0,4.0,8.0,6.0,9.0,3.0,3.0,3.0,3.0,3.0,1.0,8.0,10.0,4.0,2.0,1.0,2.0,1.0,6.0,2,6.0,10,1
2014-11-28,53663,,11,1,4931.0,90274810,UIL,U I L HOLDINGS CORP,UIL,221118.0,N,A,R,21819,1,4931.0,90274810.0,,,49.0,493.0,,,,,,,39.8,0.0,56546.0,1.0,39.88,2250530.8,UIL,6.0,9.0,1.0,,4.0,10,1.0,1.0,1.0,6.0,6.0,2.0,4.0,9.0,7.0,9.0,6.0,4.0,9.0,5.0,4.0,9.0,4.0,4.0,6.0,5.0,2.0,,6.0,6.0,9.0,5.0,5.0,4.0,8.0,6.0,9.0,3.0,3.0,3.0,3.0,3.0,1.0,8.0,10.0,4.0,2.0,1.0,2.0,1.0,6.0,2,6.0,10,1
2014-12-01,53663,,11,1,4931.0,90274810,UIL,U I L HOLDINGS CORP,UIL,221118.0,N,A,R,21819,1,4931.0,90274810.0,,,49.0,493.0,,,,,,,39.73,-0.001759,56546.0,1.0,39.56,2246572.58,UIL,6.0,9.0,1.0,,4.0,10,1.0,1.0,1.0,6.0,6.0,2.0,4.0,9.0,7.0,9.0,6.0,4.0,9.0,5.0,4.0,9.0,4.0,4.0,6.0,5.0,2.0,,8.0,5.0,10.0,8.0,5.0,7.0,9.0,6.0,9.0,6.0,6.0,3.0,3.0,3.0,8.0,7.0,10.0,5.0,7.0,8.0,7.0,1.0,6.0,2,6.0,10,1
2014-12-02,53663,,11,1,4931.0,90274810,UIL,U I L HOLDINGS CORP,UIL,221118.0,N,A,R,21819,1,4931.0,90274810.0,,,49.0,493.0,,,,,,,40.24,0.012837,56546.0,1.0,39.91,2275411.04,UIL,6.0,9.0,1.0,,4.0,10,1.0,1.0,1.0,6.0,6.0,2.0,4.0,9.0,7.0,9.0,6.0,4.0,9.0,5.0,4.0,9.0,4.0,4.0,6.0,5.0,2.0,,8.0,5.0,10.0,8.0,5.0,7.0,9.0,6.0,9.0,6.0,6.0,3.0,3.0,3.0,8.0,7.0,10.0,5.0,7.0,8.0,7.0,1.0,6.0,2,6.0,10,1
2014-12-03,53663,,11,1,4931.0,90274810,UIL,U I L HOLDINGS CORP,UIL,221118.0,N,A,R,21819,1,4931.0,90274810.0,,,49.0,493.0,,,,,,,40.63,0.009692,56546.0,1.0,40.47,2297463.98,UIL,6.0,9.0,1.0,,4.0,10,1.0,1.0,1.0,6.0,6.0,2.0,4.0,9.0,7.0,9.0,6.0,4.0,9.0,5.0,4.0,9.0,4.0,4.0,6.0,5.0,2.0,,8.0,5.0,10.0,8.0,5.0,7.0,9.0,6.0,9.0,6.0,6.0,3.0,3.0,3.0,8.0,7.0,10.0,5.0,7.0,8.0,7.0,1.0,6.0,2,6.0,10,1
2014-12-04,53663,,11,1,4931.0,90274810,UIL,U I L HOLDINGS CORP,UIL,221118.0,N,A,R,21819,1,4931.0,90274810.0,,,49.0,493.0,,,,,,,40.98,0.008614,56546.0,1.0,40.66,2317255.08,UIL,6.0,9.0,1.0,,4.0,10,1.0,1.0,1.0,6.0,6.0,2.0,4.0,9.0,7.0,9.0,6.0,4.0,9.0,5.0,4.0,9.0,4.0,4.0,6.0,5.0,2.0,,8.0,5.0,10.0,8.0,5.0,7.0,9.0,6.0,9.0,6.0,6.0,3.0,3.0,3.0,8.0,7.0,10.0,5.0,7.0,8.0,7.0,1.0,6.0,2,6.0,10,1
2014-12-05,53663,,11,1,4931.0,90274810,UIL,U I L HOLDINGS CORP,UIL,221118.0,N,A,R,21819,1,4931.0,90274810.0,,,49.0,493.0,,,,,,,41.63,0.015861,56546.0,1.0,41.3,2354009.98,UIL,6.0,9.0,1.0,,4.0,10,1.0,1.0,1.0,6.0,6.0,2.0,4.0,9.0,7.0,9.0,6.0,4.0,9.0,5.0,4.0,9.0,4.0,4.0,6.0,5.0,2.0,,8.0,5.0,10.0,8.0,5.0,7.0,9.0,6.0,9.0,6.0,6.0,3.0,3.0,3.0,8.0,7.0,10.0,5.0,7.0,8.0,7.0,1.0,6.0,2,6.0,10,1
2014-12-08,53663,,11,1,4931.0,90274810,UIL,U I L HOLDINGS CORP,UIL,221118.0,N,A,R,21819,1,4931.0,90274810.0,,,49.0,493.0,,,,,,,42.26,0.015133,56546.0,1.0,41.73,2389633.96,UIL,6.0,9.0,1.0,,4.0,10,1.0,1.0,1.0,6.0,6.0,2.0,4.0,9.0,7.0,9.0,6.0,4.0,9.0,5.0,4.0,9.0,4.0,4.0,6.0,5.0,2.0,,8.0,5.0,10.0,8.0,5.0,7.0,9.0,6.0,9.0,6.0,6.0,3.0,3.0,3.0,8.0,7.0,10.0,5.0,7.0,8.0,7.0,1.0,6.0,2,6.0,10,1
2014-12-09,53663,,11,1,4931.0,90274810,UIL,U I L HOLDINGS CORP,UIL,221118.0,N,A,R,21819,1,4931.0,90274810.0,,,49.0,493.0,,,,,,,42.96,0.016564,56546.0,1.0,41.94,2429216.16,UIL,6.0,9.0,1.0,,4.0,10,1.0,1.0,1.0,6.0,6.0,2.0,4.0,9.0,7.0,9.0,6.0,4.0,9.0,5.0,4.0,9.0,4.0,4.0,6.0,5.0,2.0,,8.0,5.0,10.0,8.0,5.0,7.0,9.0,6.0,9.0,6.0,6.0,3.0,3.0,3.0,8.0,7.0,10.0,5.0,7.0,8.0,7.0,1.0,6.0,2,6.0,10,1
2014-12-10,53663,,11,1,4931.0,90274810,UIL,U I L HOLDINGS CORP,UIL,221118.0,N,A,R,21819,1,4931.0,90274810.0,,,49.0,493.0,,,,,,,42.65,-0.007216,56546.0,1.0,42.83,2411686.9,UIL,6.0,9.0,1.0,,4.0,10,1.0,1.0,1.0,6.0,6.0,2.0,4.0,9.0,7.0,9.0,6.0,4.0,9.0,5.0,4.0,9.0,4.0,4.0,6.0,5.0,2.0,,8.0,5.0,10.0,8.0,5.0,7.0,9.0,6.0,9.0,6.0,6.0,3.0,3.0,3.0,8.0,7.0,10.0,5.0,7.0,8.0,7.0,1.0,6.0,2,6.0,10,1
2014-12-11,53663,,11,1,4931.0,90274810,UIL,U I L HOLDINGS CORP,UIL,221118.0,N,A,R,21819,1,4931.0,90274810.0,,,49.0,493.0,,,,,,,43.35,0.016413,56546.0,1.0,42.86,2451269.1,UIL,6.0,9.0,1.0,,4.0,10,1.0,1.0,1.0,6.0,6.0,2.0,4.0,9.0,7.0,9.0,6.0,4.0,9.0,5.0,4.0,9.0,4.0,4.0,6.0,5.0,2.0,,8.0,5.0,10.0,8.0,5.0,7.0,9.0,6.0,9.0,6.0,6.0,3.0,3.0,3.0,8.0,7.0,10.0,5.0,7.0,8.0,7.0,1.0,6.0,2,6.0,10,1
2014-12-12,53663,,11,1,4931.0,90274810,UIL,U I L HOLDINGS CORP,UIL,221118.0,N,A,R,21819,1,4931.0,90274810.0,,,49.0,493.0,,,,,,,43.03,-0.007382,56546.0,1.0,42.88,2433174.38,UIL,6.0,9.0,1.0,,4.0,10,1.0,1.0,1.0,6.0,6.0,2.0,4.0,9.0,7.0,9.0,6.0,4.0,9.0,5.0,4.0,9.0,4.0,4.0,6.0,5.0,2.0,,8.0,5.0,10.0,8.0,5.0,7.0,9.0,6.0,9.0,6.0,6.0,3.0,3.0,3.0,8.0,7.0,10.0,5.0,7.0,8.0,7.0,1.0,6.0,2,6.0,10,1
2014-12-15,53663,,11,1,4931.0,90274810,UIL,U I L HOLDINGS CORP,UIL,221118.0,N,A,R,21819,1,4931.0,90274810.0,,,49.0,493.0,1232.0,0.432,0.0,,,,41.95,-0.015059,56546.0,1.0,42.5,2372104.7,UIL,6.0,9.0,1.0,,4.0,10,1.0,1.0,1.0,6.0,6.0,2.0,4.0,9.0,7.0,9.0,6.0,4.0,9.0,5.0,4.0,9.0,4.0,4.0,6.0,5.0,2.0,,8.0,5.0,10.0,8.0,5.0,7.0,9.0,6.0,9.0,6.0,6.0,3.0,3.0,3.0,8.0,7.0,10.0,5.0,7.0,8.0,7.0,1.0,6.0,2,6.0,10,1
2014-12-16,53663,,11,1,4931.0,90274810,UIL,U I L HOLDINGS CORP,UIL,221118.0,N,A,R,21819,1,4931.0,90274810.0,,,49.0,493.0,,,,,,,41.82,-0.003099,56546.0,1.0,41.9,2364753.72,UIL,6.0,9.0,1.0,,4.0,10,1.0,1.0,1.0,6.0,6.0,2.0,4.0,9.0,7.0,9.0,6.0,4.0,9.0,5.0,4.0,9.0,4.0,4.0,6.0,5.0,2.0,,8.0,5.0,10.0,8.0,5.0,7.0,9.0,6.0,9.0,6.0,6.0,3.0,3.0,3.0,8.0,7.0,10.0,5.0,7.0,8.0,7.0,1.0,6.0,2,6.0,10,1
2014-12-17,53663,,11,1,4931.0,90274810,UIL,U I L HOLDINGS CORP,UIL,221118.0,N,A,R,21819,1,4931.0,90274810.0,,,49.0,493.0,,,,,,,42.66,0.020086,56546.0,1.0,41.8,2412252.36,UIL,6.0,9.0,1.0,,4.0,10,1.0,1.0,1.0,6.0,6.0,2.0,4.0,9.0,7.0,9.0,6.0,4.0,9.0,5.0,4.0,9.0,4.0,4.0,6.0,5.0,2.0,,8.0,5.0,10.0,8.0,5.0,7.0,9.0,6.0,9.0,6.0,6.0,3.0,3.0,3.0,8.0,7.0,10.0,5.0,7.0,8.0,7.0,1.0,6.0,2,6.0,10,1
2014-12-18,53663,,11,1,4931.0,90274810,UIL,U I L HOLDINGS CORP,UIL,221118.0,N,A,R,21819,1,4931.0,90274810.0,,,49.0,493.0,,,,,,,43.03,0.008673,56546.0,1.0,42.92,2433174.38,UIL,6.0,9.0,1.0,,4.0,10,1.0,1.0,1.0,6.0,6.0,2.0,4.0,9.0,7.0,9.0,6.0,4.0,9.0,5.0,4.0,9.0,4.0,4.0,6.0,5.0,2.0,,8.0,5.0,10.0,8.0,5.0,7.0,9.0,6.0,9.0,6.0,6.0,3.0,3.0,3.0,8.0,7.0,10.0,5.0,7.0,8.0,7.0,1.0,6.0,2,6.0,10,1
2014-12-19,53663,,11,1,4931.0,90274810,UIL,U I L HOLDINGS CORP,UIL,221118.0,N,A,R,21819,1,4931.0,90274810.0,,,49.0,493.0,,,,,,,43.3,0.006275,56546.0,1.0,43.05,2448441.8,UIL,6.0,9.0,1.0,,4.0,10,1.0,1.0,1.0,6.0,6.0,2.0,4.0,9.0,7.0,9.0,6.0,4.0,9.0,5.0,4.0,9.0,4.0,4.0,6.0,5.0,2.0,,8.0,5.0,10.0,8.0,5.0,7.0,9.0,6.0,9.0,6.0,6.0,3.0,3.0,3.0,8.0,7.0,10.0,5.0,7.0,8.0,7.0,1.0,6.0,2,6.0,10,1
2014-12-22,53663,,11,1,4931.0,90274810,UIL,U I L HOLDINGS CORP,UIL,221118.0,N,A,R,21819,1,4931.0,90274810.0,,,49.0,493.0,,,,,,,43.42,0.002771,56546.0,1.0,43.21,2455227.32,UIL,6.0,9.0,1.0,,4.0,10,1.0,1.0,1.0,6.0,6.0,2.0,4.0,9.0,7.0,9.0,6.0,4.0,9.0,5.0,4.0,9.0,4.0,4.0,6.0,5.0,2.0,,8.0,5.0,10.0,8.0,5.0,7.0,9.0,6.0,9.0,6.0,6.0,3.0,3.0,3.0,8.0,7.0,10.0,5.0,7.0,8.0,7.0,1.0,6.0,2,6.0,10,1
2014-12-23,53663,,11,1,4931.0,90274810,UIL,U I L HOLDINGS CORP,UIL,221118.0,N,A,R,21819,1,4931.0,90274810.0,,,49.0,493.0,,,,,,,43.79,0.008521,56546.0,1.0,43.49,2476149.34,UIL,6.0,9.0,1.0,,4.0,10,1.0,1.0,1.0,6.0,6.0,2.0,4.0,9.0,7.0,9.0,6.0,4.0,9.0,5.0,4.0,9.0,4.0,4.0,6.0,5.0,2.0,,8.0,5.0,10.0,8.0,5.0,7.0,9.0,6.0,9.0,6.0,6.0,3.0,3.0,3.0,8.0,7.0,10.0,5.0,7.0,8.0,7.0,1.0,6.0,2,6.0,10,1
2014-12-24,53663,,11,1,4931.0,90274810,UIL,U I L HOLDINGS CORP,UIL,221118.0,N,A,R,21819,1,4931.0,90274810.0,,,49.0,493.0,,,,,,,44.62,0.018954,56546.0,1.0,43.74,2523082.52,UIL,6.0,9.0,1.0,,4.0,10,1.0,1.0,1.0,6.0,6.0,2.0,4.0,9.0,7.0,9.0,6.0,4.0,9.0,5.0,4.0,9.0,4.0,4.0,6.0,5.0,2.0,,8.0,5.0,10.0,8.0,5.0,7.0,9.0,6.0,9.0,6.0,6.0,3.0,3.0,3.0,8.0,7.0,10.0,5.0,7.0,8.0,7.0,1.0,6.0,2,6.0,10,1
2014-12-26,53663,,11,1,4931.0,90274810,UIL,U I L HOLDINGS CORP,UIL,221118.0,N,A,R,21819,1,4931.0,90274810.0,,,49.0,493.0,,,,,,,45.14,0.011654,56546.0,1.0,44.63,2552486.44,UIL,6.0,9.0,1.0,,4.0,10,1.0,1.0,1.0,6.0,6.0,2.0,4.0,9.0,7.0,9.0,6.0,4.0,9.0,5.0,4.0,9.0,4.0,4.0,6.0,5.0,2.0,,8.0,5.0,10.0,8.0,5.0,7.0,9.0,6.0,9.0,6.0,6.0,3.0,3.0,3.0,8.0,7.0,10.0,5.0,7.0,8.0,7.0,1.0,6.0,2,6.0,10,1
2014-12-29,53663,,11,1,4931.0,90274810,UIL,U I L HOLDINGS CORP,UIL,221118.0,N,A,R,21819,1,4931.0,90274810.0,,,49.0,493.0,,,,,,,46.07,0.020603,56546.0,1.0,45.31,2605074.22,UIL,6.0,9.0,1.0,,4.0,10,1.0,1.0,1.0,6.0,6.0,2.0,4.0,9.0,7.0,9.0,6.0,4.0,9.0,5.0,4.0,9.0,4.0,4.0,6.0,5.0,2.0,,8.0,5.0,10.0,8.0,5.0,7.0,9.0,6.0,9.0,6.0,6.0,3.0,3.0,3.0,8.0,7.0,10.0,5.0,7.0,8.0,7.0,1.0,6.0,2,6.0,10,1
2014-12-30,53663,,11,1,4931.0,90274810,UIL,U I L HOLDINGS CORP,UIL,221118.0,N,A,R,21819,1,4931.0,90274810.0,,,49.0,493.0,,,,,,,44.88,-0.02583,56546.0,1.0,46.03,2537784.48,UIL,6.0,9.0,1.0,,4.0,10,1.0,1.0,1.0,6.0,6.0,2.0,4.0,9.0,7.0,9.0,6.0,4.0,9.0,5.0,4.0,9.0,4.0,4.0,6.0,5.0,2.0,,8.0,5.0,10.0,8.0,5.0,7.0,9.0,6.0,9.0,6.0,6.0,3.0,3.0,3.0,8.0,7.0,10.0,5.0,7.0,8.0,7.0,1.0,6.0,2,6.0,10,1
2014-12-31,53663,,11,1,4931.0,90274810,UIL,U I L HOLDINGS CORP,UIL,221118.0,N,A,R,21819,1,4931.0,90274810.0,,,49.0,493.0,,,,,,,43.54,-0.029857,56546.0,1.0,44.91,2462012.84,UIL,6.0,9.0,1.0,,4.0,10,1.0,1.0,1.0,6.0,6.0,2.0,4.0,9.0,7.0,9.0,6.0,4.0,9.0,5.0,4.0,9.0,4.0,4.0,6.0,5.0,2.0,,8.0,5.0,10.0,8.0,5.0,7.0,9.0,6.0,9.0,6.0,6.0,3.0,3.0,3.0,8.0,7.0,10.0,5.0,7.0,8.0,7.0,1.0,6.0,2,6.0,10,1
2015-01-02,53663,,11,1,4931.0,90274810,UIL,U I L HOLDINGS CORP,UIL,221118.0,N,A,R,21819,1,4931.0,90274810.0,,,49.0,493.0,,,,,,,44.3,0.017455,56546.0,1.0,43.69,2504987.8,UIL,6.0,9.0,1.0,,4.0,10,1.0,1.0,1.0,6.0,6.0,2.0,4.0,9.0,7.0,9.0,6.0,4.0,9.0,5.0,4.0,9.0,4.0,4.0,6.0,5.0,2.0,,7.0,5.0,10.0,6.0,5.0,6.0,9.0,6.0,8.0,6.0,6.0,3.0,3.0,3.0,1.0,7.0,10.0,4.0,2.0,1.0,1.0,1.0,6.0,2,5.0,10,1
2015-01-05,53663,,11,1,4931.0,90274810,UIL,U I L HOLDINGS CORP,UIL,221118.0,N,A,R,21819,1,4931.0,90274810.0,,,49.0,493.0,,,,,,,43.58,-0.016253,56546.0,1.0,44.22,2464274.68,UIL,6.0,9.0,1.0,,4.0,10,1.0,1.0,1.0,6.0,6.0,2.0,4.0,9.0,7.0,9.0,6.0,4.0,9.0,5.0,4.0,9.0,4.0,4.0,6.0,5.0,2.0,,7.0,5.0,10.0,6.0,5.0,6.0,9.0,6.0,8.0,6.0,6.0,3.0,3.0,3.0,1.0,7.0,10.0,4.0,2.0,1.0,1.0,1.0,6.0,2,5.0,10,1
2015-01-06,53663,,11,1,4931.0,90274810,UIL,U I L HOLDINGS CORP,UIL,221118.0,N,A,R,21819,1,4931.0,90274810.0,,,49.0,493.0,,,,,,,43.33,-0.005737,56546.0,1.0,43.67,2450138.18,UIL,6.0,9.0,1.0,,4.0,10,1.0,1.0,1.0,6.0,6.0,2.0,4.0,9.0,7.0,9.0,6.0,4.0,9.0,5.0,4.0,9.0,4.0,4.0,6.0,5.0,2.0,,7.0,5.0,10.0,6.0,5.0,6.0,9.0,6.0,8.0,6.0,6.0,3.0,3.0,3.0,1.0,7.0,10.0,4.0,2.0,1.0,1.0,1.0,6.0,2,5.0,10,1
2015-01-07,53663,,11,1,4931.0,90274810,UIL,U I L HOLDINGS CORP,UIL,221118.0,N,A,R,21819,1,4931.0,90274810.0,,,49.0,493.0,,,,,,,44.06,0.016847,56546.0,1.0,43.5,2491416.76,UIL,6.0,9.0,1.0,,4.0,10,1.0,1.0,1.0,6.0,6.0,2.0,4.0,9.0,7.0,9.0,6.0,4.0,9.0,5.0,4.0,9.0,4.0,4.0,6.0,5.0,2.0,,7.0,5.0,10.0,6.0,5.0,6.0,9.0,6.0,8.0,6.0,6.0,3.0,3.0,3.0,1.0,7.0,10.0,4.0,2.0,1.0,1.0,1.0,6.0,2,5.0,10,1
2015-01-08,53663,,11,1,4931.0,90274810,UIL,U I L HOLDINGS CORP,UIL,221118.0,N,A,R,21819,1,4931.0,90274810.0,,,49.0,493.0,,,,,,,44.46,0.009078,56546.0,1.0,44.17,2514035.16,UIL,6.0,9.0,1.0,,4.0,10,1.0,1.0,1.0,6.0,6.0,2.0,4.0,9.0,7.0,9.0,6.0,4.0,9.0,5.0,4.0,9.0,4.0,4.0,6.0,5.0,2.0,,7.0,5.0,10.0,6.0,5.0,6.0,9.0,6.0,8.0,6.0,6.0,3.0,3.0,3.0,1.0,7.0,10.0,4.0,2.0,1.0,1.0,1.0,6.0,2,5.0,10,1
2015-01-09,53663,,11,1,4931.0,90274810,UIL,U I L HOLDINGS CORP,UIL,221118.0,N,A,R,21819,1,4931.0,90274810.0,,,49.0,493.0,,,,,,,44.42,-0.0009,56546.0,1.0,44.57,2511773.32,UIL,6.0,9.0,1.0,,4.0,10,1.0,1.0,1.0,6.0,6.0,2.0,4.0,9.0,7.0,9.0,6.0,4.0,9.0,5.0,4.0,9.0,4.0,4.0,6.0,5.0,2.0,,7.0,5.0,10.0,6.0,5.0,6.0,9.0,6.0,8.0,6.0,6.0,3.0,3.0,3.0,1.0,7.0,10.0,4.0,2.0,1.0,1.0,1.0,6.0,2,5.0,10,1
2015-01-12,53663,,11,1,4931.0,90274810,UIL,U I L HOLDINGS CORP,UIL,221118.0,N,A,R,21819,1,4931.0,90274810.0,,,49.0,493.0,,,,,,,43.88,-0.012157,56546.0,1.0,43.96,2481238.48,UIL,6.0,9.0,1.0,,4.0,10,1.0,1.0,1.0,6.0,6.0,2.0,4.0,9.0,7.0,9.0,6.0,4.0,9.0,5.0,4.0,9.0,4.0,4.0,6.0,5.0,2.0,,7.0,5.0,10.0,6.0,5.0,6.0,9.0,6.0,8.0,6.0,6.0,3.0,3.0,3.0,1.0,7.0,10.0,4.0,2.0,1.0,1.0,1.0,6.0,2,5.0,10,1
2015-01-13,53663,,11,1,4931.0,90274810,UIL,U I L HOLDINGS CORP,UIL,221118.0,N,A,R,21819,1,4931.0,90274810.0,,,49.0,493.0,,,,,,,44.8,0.020966,56546.0,1.0,44.27,2533260.8,UIL,6.0,9.0,1.0,,4.0,10,1.0,1.0,1.0,6.0,6.0,2.0,4.0,9.0,7.0,9.0,6.0,4.0,9.0,5.0,4.0,9.0,4.0,4.0,6.0,5.0,2.0,,7.0,5.0,10.0,6.0,5.0,6.0,9.0,6.0,8.0,6.0,6.0,3.0,3.0,3.0,1.0,7.0,10.0,4.0,2.0,1.0,1.0,1.0,6.0,2,5.0,10,1
2015-01-14,53663,,11,1,4931.0,90274810,UIL,U I L HOLDINGS CORP,UIL,221118.0,N,A,R,21819,1,4931.0,90274810.0,,,49.0,493.0,,,,,,,45.56,0.016964,56546.0,1.0,44.51,2576235.76,UIL,6.0,9.0,1.0,,4.0,10,1.0,1.0,1.0,6.0,6.0,2.0,4.0,9.0,7.0,9.0,6.0,4.0,9.0,5.0,4.0,9.0,4.0,4.0,6.0,5.0,2.0,,7.0,5.0,10.0,6.0,5.0,6.0,9.0,6.0,8.0,6.0,6.0,3.0,3.0,3.0,1.0,7.0,10.0,4.0,2.0,1.0,1.0,1.0,6.0,2,5.0,10,1
2015-01-15,53663,,11,1,4931.0,90274810,UIL,U I L HOLDINGS CORP,UIL,221118.0,N,A,R,21819,1,4931.0,90274810.0,,,49.0,493.0,,,,,,,45.74,0.003951,56546.0,1.0,45.7,2586414.04,UIL,6.0,9.0,1.0,,4.0,10,1.0,1.0,1.0,6.0,6.0,2.0,4.0,9.0,7.0,9.0,6.0,4.0,9.0,5.0,4.0,9.0,4.0,4.0,6.0,5.0,2.0,,7.0,5.0,10.0,6.0,5.0,6.0,9.0,6.0,8.0,6.0,6.0,3.0,3.0,3.0,1.0,7.0,10.0,4.0,2.0,1.0,1.0,1.0,6.0,2,5.0,10,1
2015-01-16,53663,,11,1,4931.0,90274810,UIL,U I L HOLDINGS CORP,UIL,221118.0,N,A,R,21819,1,4931.0,90274810.0,,,49.0,493.0,,,,,,,46.44,0.015304,56546.0,1.0,45.49,2625996.24,UIL,6.0,9.0,1.0,,4.0,10,1.0,1.0,1.0,6.0,6.0,2.0,4.0,9.0,7.0,9.0,6.0,4.0,9.0,5.0,4.0,9.0,4.0,4.0,6.0,5.0,2.0,,7.0,5.0,10.0,6.0,5.0,6.0,9.0,6.0,8.0,6.0,6.0,3.0,3.0,3.0,1.0,7.0,10.0,4.0,2.0,1.0,1.0,1.0,6.0,2,5.0,10,1
2015-01-20,53663,,11,1,4931.0,90274810,UIL,U I L HOLDINGS CORP,UIL,221118.0,N,A,R,21819,1,4931.0,90274810.0,,,49.0,493.0,,,,,,,46.35,-0.001938,56546.0,1.0,46.58,2620907.1,UIL,6.0,9.0,1.0,,4.0,10,1.0,1.0,1.0,6.0,6.0,2.0,4.0,9.0,7.0,9.0,6.0,4.0,9.0,5.0,4.0,9.0,4.0,4.0,6.0,5.0,2.0,,7.0,5.0,10.0,6.0,5.0,6.0,9.0,6.0,8.0,6.0,6.0,3.0,3.0,3.0,1.0,7.0,10.0,4.0,2.0,1.0,1.0,1.0,6.0,2,5.0,10,1
2015-01-21,53663,,11,1,4931.0,90274810,UIL,U I L HOLDINGS CORP,UIL,221118.0,N,A,R,21819,1,4931.0,90274810.0,,,49.0,493.0,,,,,,,46.46,0.002373,56546.0,1.0,46.1,2627127.16,UIL,6.0,9.0,1.0,,4.0,10,1.0,1.0,1.0,6.0,6.0,2.0,4.0,9.0,7.0,9.0,6.0,4.0,9.0,5.0,4.0,9.0,4.0,4.0,6.0,5.0,2.0,,7.0,5.0,10.0,6.0,5.0,6.0,9.0,6.0,8.0,6.0,6.0,3.0,3.0,3.0,1.0,7.0,10.0,4.0,2.0,1.0,1.0,1.0,6.0,2,5.0,10,1
2015-01-22,53663,,11,1,4931.0,90274810,UIL,U I L HOLDINGS CORP,UIL,221118.0,N,A,R,21819,1,4931.0,90274810.0,,,49.0,493.0,,,,,,,46.64,0.003874,56546.0,1.0,46.75,2637305.44,UIL,6.0,9.0,1.0,,4.0,10,1.0,1.0,1.0,6.0,6.0,2.0,4.0,9.0,7.0,9.0,6.0,4.0,9.0,5.0,4.0,9.0,4.0,4.0,6.0,5.0,2.0,,7.0,5.0,10.0,6.0,5.0,6.0,9.0,6.0,8.0,6.0,6.0,3.0,3.0,3.0,1.0,7.0,10.0,4.0,2.0,1.0,1.0,1.0,6.0,2,5.0,10,1
2015-01-23,53663,,11,1,4931.0,90274810,UIL,U I L HOLDINGS CORP,UIL,221118.0,N,A,R,21819,1,4931.0,90274810.0,,,49.0,493.0,,,,,,,47.35,0.015223,56546.0,1.0,46.64,2677453.1,UIL,6.0,9.0,1.0,,4.0,10,1.0,1.0,1.0,6.0,6.0,2.0,4.0,9.0,7.0,9.0,6.0,4.0,9.0,5.0,4.0,9.0,4.0,4.0,6.0,5.0,2.0,,7.0,5.0,10.0,6.0,5.0,6.0,9.0,6.0,8.0,6.0,6.0,3.0,3.0,3.0,1.0,7.0,10.0,4.0,2.0,1.0,1.0,1.0,6.0,2,5.0,10,1
2015-01-26,53663,,11,1,4931.0,90274810,UIL,U I L HOLDINGS CORP,UIL,221118.0,N,A,R,21819,1,4931.0,90274810.0,,,49.0,493.0,,,,,,,47.32,-0.000634,56546.0,1.0,47.16,2675756.72,UIL,6.0,9.0,1.0,,4.0,10,1.0,1.0,1.0,6.0,6.0,2.0,4.0,9.0,7.0,9.0,6.0,4.0,9.0,5.0,4.0,9.0,4.0,4.0,6.0,5.0,2.0,,7.0,5.0,10.0,6.0,5.0,6.0,9.0,6.0,8.0,6.0,6.0,3.0,3.0,3.0,1.0,7.0,10.0,4.0,2.0,1.0,1.0,1.0,6.0,2,5.0,10,1
2015-01-27,53663,,11,1,4931.0,90274810,UIL,U I L HOLDINGS CORP,UIL,221118.0,N,A,R,21819,1,4931.0,90274810.0,,,49.0,493.0,,,,,,,47.34,0.000423,56546.0,1.0,47.04,2676887.64,UIL,6.0,9.0,1.0,,4.0,10,1.0,1.0,1.0,6.0,6.0,2.0,4.0,9.0,7.0,9.0,6.0,4.0,9.0,5.0,4.0,9.0,4.0,4.0,6.0,5.0,2.0,,7.0,5.0,10.0,6.0,5.0,6.0,9.0,6.0,8.0,6.0,6.0,3.0,3.0,3.0,1.0,7.0,10.0,4.0,2.0,1.0,1.0,1.0,6.0,2,5.0,10,1
2015-01-28,53663,,11,1,4931.0,90274810,UIL,U I L HOLDINGS CORP,UIL,221118.0,N,A,R,21819,1,4931.0,90274810.0,,,49.0,493.0,,,,,,,46.68,-0.013942,56546.0,1.0,47.41,2639567.28,UIL,6.0,9.0,1.0,,4.0,10,1.0,1.0,1.0,6.0,6.0,2.0,4.0,9.0,7.0,9.0,6.0,4.0,9.0,5.0,4.0,9.0,4.0,4.0,6.0,5.0,2.0,,7.0,5.0,10.0,6.0,5.0,6.0,9.0,6.0,8.0,6.0,6.0,3.0,3.0,3.0,1.0,7.0,10.0,4.0,2.0,1.0,1.0,1.0,6.0,2,5.0,10,1
2015-01-29,53663,,11,1,4931.0,90274810,UIL,U I L HOLDINGS CORP,UIL,221118.0,N,A,R,21819,1,4931.0,90274810.0,,,49.0,493.0,,,,,,,47.36,0.014567,56546.0,1.0,46.66,2678018.56,UIL,6.0,9.0,1.0,,4.0,10,1.0,1.0,1.0,6.0,6.0,2.0,4.0,9.0,7.0,9.0,6.0,4.0,9.0,5.0,4.0,9.0,4.0,4.0,6.0,5.0,2.0,,7.0,5.0,10.0,6.0,5.0,6.0,9.0,6.0,8.0,6.0,6.0,3.0,3.0,3.0,1.0,7.0,10.0,4.0,2.0,1.0,1.0,1.0,6.0,2,5.0,10,1
2015-01-30,53663,,11,1,4931.0,90274810,UIL,U I L HOLDINGS CORP,UIL,221118.0,N,A,R,21819,1,4931.0,90274810.0,,,49.0,493.0,,,,,,,46.0,-0.028716,56546.0,1.0,47.18,2601116.0,UIL,6.0,9.0,1.0,,4.0,10,1.0,1.0,1.0,6.0,6.0,2.0,4.0,9.0,7.0,9.0,6.0,4.0,9.0,5.0,4.0,9.0,4.0,4.0,6.0,5.0,2.0,,7.0,5.0,10.0,6.0,5.0,6.0,9.0,6.0,8.0,6.0,6.0,3.0,3.0,3.0,1.0,7.0,10.0,4.0,2.0,1.0,1.0,1.0,6.0,2,5.0,10,1
2015-02-02,53663,,11,1,4931.0,90274810,UIL,U I L HOLDINGS CORP,UIL,221118.0,N,A,R,21819,1,4931.0,90274810.0,,,49.0,493.0,,,,,,,46.07,0.001522,56546.0,1.0,45.97,2605074.22,UIL,6.0,9.0,1.0,,4.0,10,1.0,1.0,1.0,6.0,6.0,2.0,4.0,9.0,7.0,9.0,6.0,4.0,9.0,5.0,4.0,9.0,4.0,4.0,6.0,5.0,2.0,,8.0,8.0,10.0,8.0,6.0,7.0,9.0,6.0,8.0,6.0,6.0,4.0,4.0,4.0,1.0,7.0,10.0,4.0,3.0,3.0,5.0,1.0,7.0,2,6.0,10,1
2015-02-03,53663,,11,1,4931.0,90274810,UIL,U I L HOLDINGS CORP,UIL,221118.0,N,A,R,21819,1,4931.0,90274810.0,,,49.0,493.0,,,,,,,46.27,0.004341,56546.0,1.0,46.01,2616383.42,UIL,6.0,9.0,1.0,,4.0,10,1.0,1.0,1.0,6.0,6.0,2.0,4.0,9.0,7.0,9.0,6.0,4.0,9.0,5.0,4.0,9.0,4.0,4.0,6.0,5.0,2.0,,8.0,8.0,10.0,8.0,6.0,7.0,9.0,6.0,8.0,6.0,6.0,4.0,4.0,4.0,1.0,7.0,10.0,4.0,3.0,3.0,5.0,1.0,7.0,2,6.0,10,1
2015-02-04,53663,,11,1,4931.0,90274810,UIL,U I L HOLDINGS CORP,UIL,221118.0,N,A,R,21819,1,4931.0,90274810.0,,,49.0,493.0,,,,,,,45.52,-0.016209,56546.0,1.0,46.18,2573973.92,UIL,6.0,9.0,1.0,,4.0,10,1.0,1.0,1.0,6.0,6.0,2.0,4.0,9.0,7.0,9.0,6.0,4.0,9.0,5.0,4.0,9.0,4.0,4.0,6.0,5.0,2.0,,8.0,8.0,10.0,8.0,6.0,7.0,9.0,6.0,8.0,6.0,6.0,4.0,4.0,4.0,1.0,7.0,10.0,4.0,3.0,3.0,5.0,1.0,7.0,2,6.0,10,1
2015-02-05,53663,,11,1,4931.0,90274810,UIL,U I L HOLDINGS CORP,UIL,221118.0,N,A,R,21819,1,4931.0,90274810.0,,,49.0,493.0,,,,,,,46.01,0.010764,56546.0,1.0,45.6,2601681.46,UIL,6.0,9.0,1.0,,4.0,10,1.0,1.0,1.0,6.0,6.0,2.0,4.0,9.0,7.0,9.0,6.0,4.0,9.0,5.0,4.0,9.0,4.0,4.0,6.0,5.0,2.0,,8.0,8.0,10.0,8.0,6.0,7.0,9.0,6.0,8.0,6.0,6.0,4.0,4.0,4.0,1.0,7.0,10.0,4.0,3.0,3.0,5.0,1.0,7.0,2,6.0,10,1
2015-02-06,53663,,11,1,4931.0,90274810,UIL,U I L HOLDINGS CORP,UIL,221118.0,N,A,R,21819,1,4931.0,90274810.0,,,49.0,493.0,,,,,,,43.56,-0.053249,56546.0,1.0,45.88,2463143.76,UIL,6.0,9.0,1.0,,4.0,10,1.0,1.0,1.0,6.0,6.0,2.0,4.0,9.0,7.0,9.0,6.0,4.0,9.0,5.0,4.0,9.0,4.0,4.0,6.0,5.0,2.0,,8.0,8.0,10.0,8.0,6.0,7.0,9.0,6.0,8.0,6.0,6.0,4.0,4.0,4.0,1.0,7.0,10.0,4.0,3.0,3.0,5.0,1.0,7.0,2,6.0,10,1
2015-02-09,53663,,11,1,4931.0,90274810,UIL,U I L HOLDINGS CORP,UIL,221118.0,N,A,R,21819,1,4931.0,90274810.0,,,49.0,493.0,,,,,,,42.66,-0.020661,56546.0,1.0,43.54,2412252.36,UIL,6.0,9.0,1.0,,4.0,10,1.0,1.0,1.0,6.0,6.0,2.0,4.0,9.0,7.0,9.0,6.0,4.0,9.0,5.0,4.0,9.0,4.0,4.0,6.0,5.0,2.0,,8.0,8.0,10.0,8.0,6.0,7.0,9.0,6.0,8.0,6.0,6.0,4.0,4.0,4.0,1.0,7.0,10.0,4.0,3.0,3.0,5.0,1.0,7.0,2,6.0,10,1
2015-02-10,53663,,11,1,4931.0,90274810,UIL,U I L HOLDINGS CORP,UIL,221118.0,N,A,R,21819,1,4931.0,90274810.0,,,49.0,493.0,,,,,,,43.44,0.018284,56546.0,1.0,42.73,2456358.24,UIL,6.0,9.0,1.0,,4.0,10,1.0,1.0,1.0,6.0,6.0,2.0,4.0,9.0,7.0,9.0,6.0,4.0,9.0,5.0,4.0,9.0,4.0,4.0,6.0,5.0,2.0,,8.0,8.0,10.0,8.0,6.0,7.0,9.0,6.0,8.0,6.0,6.0,4.0,4.0,4.0,1.0,7.0,10.0,4.0,3.0,3.0,5.0,1.0,7.0,2,6.0,10,1
2015-02-11,53663,,11,1,4931.0,90274810,UIL,U I L HOLDINGS CORP,UIL,221118.0,N,A,R,21819,1,4931.0,90274810.0,,,49.0,493.0,,,,,,,42.7,-0.017035,56546.0,1.0,43.35,2414514.2,UIL,6.0,9.0,1.0,,4.0,10,1.0,1.0,1.0,6.0,6.0,2.0,4.0,9.0,7.0,9.0,6.0,4.0,9.0,5.0,4.0,9.0,4.0,4.0,6.0,5.0,2.0,,8.0,8.0,10.0,8.0,6.0,7.0,9.0,6.0,8.0,6.0,6.0,4.0,4.0,4.0,1.0,7.0,10.0,4.0,3.0,3.0,5.0,1.0,7.0,2,6.0,10,1
2015-02-12,53663,,11,1,4931.0,90274810,UIL,U I L HOLDINGS CORP,UIL,221118.0,N,A,R,21819,1,4931.0,90274810.0,,,49.0,493.0,,,,,,,42.8,0.002342,56546.0,1.0,42.74,2420168.8,UIL,6.0,9.0,1.0,,4.0,10,1.0,1.0,1.0,6.0,6.0,2.0,4.0,9.0,7.0,9.0,6.0,4.0,9.0,5.0,4.0,9.0,4.0,4.0,6.0,5.0,2.0,,8.0,8.0,10.0,8.0,6.0,7.0,9.0,6.0,8.0,6.0,6.0,4.0,4.0,4.0,1.0,7.0,10.0,4.0,3.0,3.0,5.0,1.0,7.0,2,6.0,10,1
2015-02-13,53663,,11,1,4931.0,90274810,UIL,U I L HOLDINGS CORP,UIL,221118.0,N,A,R,21819,1,4931.0,90274810.0,,,49.0,493.0,,,,,,,42.08,-0.016822,56546.0,1.0,42.63,2379455.68,UIL,6.0,9.0,1.0,,4.0,10,1.0,1.0,1.0,6.0,6.0,2.0,4.0,9.0,7.0,9.0,6.0,4.0,9.0,5.0,4.0,9.0,4.0,4.0,6.0,5.0,2.0,,8.0,8.0,10.0,8.0,6.0,7.0,9.0,6.0,8.0,6.0,6.0,4.0,4.0,4.0,1.0,7.0,10.0,4.0,3.0,3.0,5.0,1.0,7.0,2,6.0,10,1
2015-02-17,53663,,11,1,4931.0,90274810,UIL,U I L HOLDINGS CORP,UIL,221118.0,N,A,R,21819,1,4931.0,90274810.0,,,49.0,493.0,,,,,,,42.04,-0.000951,56546.0,1.0,42.1,2377193.84,UIL,6.0,9.0,1.0,,4.0,10,1.0,1.0,1.0,6.0,6.0,2.0,4.0,9.0,7.0,9.0,6.0,4.0,9.0,5.0,4.0,9.0,4.0,4.0,6.0,5.0,2.0,,8.0,8.0,10.0,8.0,6.0,7.0,9.0,6.0,8.0,6.0,6.0,4.0,4.0,4.0,1.0,7.0,10.0,4.0,3.0,3.0,5.0,1.0,7.0,2,6.0,10,1
2015-02-18,53663,,11,1,4931.0,90274810,UIL,U I L HOLDINGS CORP,UIL,221118.0,N,A,R,21819,1,4931.0,90274810.0,,,49.0,493.0,,,,,,,42.83,0.018792,56546.0,1.0,42.09,2421865.18,UIL,6.0,9.0,1.0,,4.0,10,1.0,1.0,1.0,6.0,6.0,2.0,4.0,9.0,7.0,9.0,6.0,4.0,9.0,5.0,4.0,9.0,4.0,4.0,6.0,5.0,2.0,,8.0,8.0,10.0,8.0,6.0,7.0,9.0,6.0,8.0,6.0,6.0,4.0,4.0,4.0,1.0,7.0,10.0,4.0,3.0,3.0,5.0,1.0,7.0,2,6.0,10,1
2015-02-19,53663,,11,1,4931.0,90274810,UIL,U I L HOLDINGS CORP,UIL,221118.0,N,A,R,21819,1,4931.0,90274810.0,,,49.0,493.0,,,,,,,42.44,-0.009106,56546.0,1.0,42.68,2399812.24,UIL,6.0,9.0,1.0,,4.0,10,1.0,1.0,1.0,6.0,6.0,2.0,4.0,9.0,7.0,9.0,6.0,4.0,9.0,5.0,4.0,9.0,4.0,4.0,6.0,5.0,2.0,,8.0,8.0,10.0,8.0,6.0,7.0,9.0,6.0,8.0,6.0,6.0,4.0,4.0,4.0,1.0,7.0,10.0,4.0,3.0,3.0,5.0,1.0,7.0,2,6.0,10,1
2015-02-20,53663,,11,1,4931.0,90274810,UIL,U I L HOLDINGS CORP,UIL,221118.0,N,A,R,21819,1,4931.0,90274810.0,,,49.0,493.0,,,,,,,42.23,-0.004948,56546.0,1.0,42.49,2387937.58,UIL,6.0,9.0,1.0,,4.0,10,1.0,1.0,1.0,6.0,6.0,2.0,4.0,9.0,7.0,9.0,6.0,4.0,9.0,5.0,4.0,9.0,4.0,4.0,6.0,5.0,2.0,,8.0,8.0,10.0,8.0,6.0,7.0,9.0,6.0,8.0,6.0,6.0,4.0,4.0,4.0,1.0,7.0,10.0,4.0,3.0,3.0,5.0,1.0,7.0,2,6.0,10,1
2015-02-23,53663,,11,1,4931.0,90274810,UIL,U I L HOLDINGS CORP,UIL,221118.0,N,A,R,21819,1,4931.0,90274810.0,,,49.0,493.0,,,,,,,42.59,0.008525,56546.0,1.0,42.21,2408294.14,UIL,6.0,9.0,1.0,,4.0,10,1.0,1.0,1.0,6.0,6.0,2.0,4.0,9.0,7.0,9.0,6.0,4.0,9.0,5.0,4.0,9.0,4.0,4.0,6.0,5.0,2.0,,8.0,8.0,10.0,8.0,6.0,7.0,9.0,6.0,8.0,6.0,6.0,4.0,4.0,4.0,1.0,7.0,10.0,4.0,3.0,3.0,5.0,1.0,7.0,2,6.0,10,1
2015-02-24,53663,,11,1,4931.0,90274810,UIL,U I L HOLDINGS CORP,UIL,221118.0,N,A,R,21819,1,4931.0,90274810.0,,,49.0,493.0,,,,,,,42.38,-0.004931,56546.0,1.0,42.59,2396419.48,UIL,6.0,9.0,1.0,,4.0,10,1.0,1.0,1.0,6.0,6.0,2.0,4.0,9.0,7.0,9.0,6.0,4.0,9.0,5.0,4.0,9.0,4.0,4.0,6.0,5.0,2.0,,8.0,8.0,10.0,8.0,6.0,7.0,9.0,6.0,8.0,6.0,6.0,4.0,4.0,4.0,1.0,7.0,10.0,4.0,3.0,3.0,5.0,1.0,7.0,2,6.0,10,1
2015-02-25,53663,,11,1,4931.0,90274810,UIL,U I L HOLDINGS CORP,UIL,221118.0,N,A,R,21819,1,4931.0,90274810.0,,,49.0,493.0,,,,,,,42.33,-0.00118,56546.0,1.0,42.5,2393592.18,UIL,6.0,9.0,1.0,,4.0,10,1.0,1.0,1.0,6.0,6.0,2.0,4.0,9.0,7.0,9.0,6.0,4.0,9.0,5.0,4.0,9.0,4.0,4.0,6.0,5.0,2.0,,8.0,8.0,10.0,8.0,6.0,7.0,9.0,6.0,8.0,6.0,6.0,4.0,4.0,4.0,1.0,7.0,10.0,4.0,3.0,3.0,5.0,1.0,7.0,2,6.0,10,1
2015-02-26,53663,,11,1,4931.0,90274810,UIL,U I L HOLDINGS CORP,UIL,221118.0,N,A,R,21819,1,4931.0,90274810.0,,,49.0,493.0,,,,,,,52.07,0.230097,56546.0,1.0,50.5,2944350.22,UIL,6.0,9.0,1.0,,4.0,10,1.0,1.0,1.0,6.0,6.0,2.0,4.0,9.0,7.0,9.0,6.0,4.0,9.0,5.0,4.0,9.0,4.0,4.0,6.0,5.0,2.0,,8.0,8.0,10.0,8.0,6.0,7.0,9.0,6.0,8.0,6.0,6.0,4.0,4.0,4.0,1.0,7.0,10.0,4.0,3.0,3.0,5.0,1.0,7.0,2,6.0,10,1
2015-02-27,53663,,11,1,4931.0,90274810,UIL,U I L HOLDINGS CORP,UIL,221118.0,N,A,R,21819,1,4931.0,90274810.0,,,49.0,493.0,,,,,,,50.55,-0.029191,56546.0,1.0,51.32,2858400.3,UIL,6.0,9.0,1.0,,4.0,10,1.0,1.0,1.0,6.0,6.0,2.0,4.0,9.0,7.0,9.0,6.0,4.0,9.0,5.0,4.0,9.0,4.0,4.0,6.0,5.0,2.0,,8.0,8.0,10.0,8.0,6.0,7.0,9.0,6.0,8.0,6.0,6.0,4.0,4.0,4.0,1.0,7.0,10.0,4.0,3.0,3.0,5.0,1.0,7.0,2,6.0,10,1
2015-03-02,53663,,11,1,4931.0,90274810,UIL,U I L HOLDINGS CORP,UIL,221118.0,N,A,R,21819,1,4931.0,90274810.0,,,49.0,493.0,,,,,,,50.5,-0.000989,56546.0,1.0,50.21,2855573.0,UIL,6.0,9.0,1.0,,4.0,10,1.0,1.0,1.0,6.0,6.0,2.0,4.0,9.0,7.0,9.0,6.0,4.0,9.0,5.0,4.0,9.0,4.0,4.0,6.0,5.0,2.0,,10.0,4.0,10.0,9.0,7.0,9.0,8.0,6.0,8.0,6.0,4.0,4.0,7.0,5.0,4.0,2.0,10.0,2.0,1.0,,,1.0,7.0,2,5.0,10,1
2015-03-03,53663,,11,1,4931.0,90274810,UIL,U I L HOLDINGS CORP,UIL,221118.0,N,A,R,21819,1,4931.0,90274810.0,,,49.0,493.0,,,,,,,50.4,-0.00198,56546.0,1.0,50.32,2849918.4,UIL,6.0,9.0,1.0,,4.0,10,1.0,1.0,1.0,6.0,6.0,2.0,4.0,9.0,7.0,9.0,6.0,4.0,9.0,5.0,4.0,9.0,4.0,4.0,6.0,5.0,2.0,,10.0,4.0,10.0,9.0,7.0,9.0,8.0,6.0,8.0,6.0,4.0,4.0,7.0,5.0,4.0,2.0,10.0,2.0,1.0,,,1.0,7.0,2,5.0,10,1
2015-03-04,53663,,11,1,4931.0,90274810,UIL,U I L HOLDINGS CORP,UIL,221118.0,N,A,R,21819,1,4931.0,90274810.0,,,49.0,493.0,,,,,,,50.62,0.004365,56546.0,1.0,50.09,2862358.52,UIL,6.0,9.0,1.0,,4.0,10,1.0,1.0,1.0,6.0,6.0,2.0,4.0,9.0,7.0,9.0,6.0,4.0,9.0,5.0,4.0,9.0,4.0,4.0,6.0,5.0,2.0,,10.0,4.0,10.0,9.0,7.0,9.0,8.0,6.0,8.0,6.0,4.0,4.0,7.0,5.0,4.0,2.0,10.0,2.0,1.0,,,1.0,7.0,2,5.0,10,1
2015-03-05,53663,,11,1,4931.0,90274810,UIL,U I L HOLDINGS CORP,UIL,221118.0,N,A,R,21819,1,4931.0,90274810.0,,,49.0,493.0,,,,,,,50.61,-0.000198,56546.0,1.0,50.85,2861793.06,UIL,6.0,9.0,1.0,,4.0,10,1.0,1.0,1.0,6.0,6.0,2.0,4.0,9.0,7.0,9.0,6.0,4.0,9.0,5.0,4.0,9.0,4.0,4.0,6.0,5.0,2.0,,10.0,4.0,10.0,9.0,7.0,9.0,8.0,6.0,8.0,6.0,4.0,4.0,7.0,5.0,4.0,2.0,10.0,2.0,1.0,,,1.0,7.0,2,5.0,10,1
2015-03-06,53663,,11,1,4931.0,90274810,UIL,U I L HOLDINGS CORP,UIL,221118.0,N,A,R,21819,1,4931.0,90274810.0,,,49.0,493.0,1232.0,0.432,0.0,,,,49.1,-0.0213,56546.0,1.0,49.5,2776408.6,UIL,6.0,9.0,1.0,,4.0,10,1.0,1.0,1.0,6.0,6.0,2.0,4.0,9.0,7.0,9.0,6.0,4.0,9.0,5.0,4.0,9.0,4.0,4.0,6.0,5.0,2.0,,10.0,4.0,10.0,9.0,7.0,9.0,8.0,6.0,8.0,6.0,4.0,4.0,7.0,5.0,4.0,2.0,10.0,2.0,1.0,,,1.0,7.0,2,5.0,10,1
2015-03-09,53663,,11,1,4931.0,90274810,UIL,U I L HOLDINGS CORP,UIL,221118.0,N,A,R,21819,1,4931.0,90274810.0,,,49.0,493.0,,,,,,,49.59,0.00998,56546.0,1.0,48.89,2804116.14,UIL,6.0,9.0,1.0,,4.0,10,1.0,1.0,1.0,6.0,6.0,2.0,4.0,9.0,7.0,9.0,6.0,4.0,9.0,5.0,4.0,9.0,4.0,4.0,6.0,5.0,2.0,,10.0,4.0,10.0,9.0,7.0,9.0,8.0,6.0,8.0,6.0,4.0,4.0,7.0,5.0,4.0,2.0,10.0,2.0,1.0,,,1.0,7.0,2,5.0,10,1
2015-03-10,53663,,11,1,4931.0,90274810,UIL,U I L HOLDINGS CORP,UIL,221118.0,N,A,R,21819,1,4931.0,90274810.0,,,49.0,493.0,,,,,,,49.46,-0.002622,56546.0,1.0,49.2,2796765.16,UIL,6.0,9.0,1.0,,4.0,10,1.0,1.0,1.0,6.0,6.0,2.0,4.0,9.0,7.0,9.0,6.0,4.0,9.0,5.0,4.0,9.0,4.0,4.0,6.0,5.0,2.0,,10.0,4.0,10.0,9.0,7.0,9.0,8.0,6.0,8.0,6.0,4.0,4.0,7.0,5.0,4.0,2.0,10.0,2.0,1.0,,,1.0,7.0,2,5.0,10,1
2015-03-11,53663,,11,1,4931.0,90274810,UIL,U I L HOLDINGS CORP,UIL,221118.0,N,A,R,21819,1,4931.0,90274810.0,,,49.0,493.0,,,,,,,49.23,-0.00465,56546.0,1.0,49.52,2783759.58,UIL,6.0,9.0,1.0,,4.0,10,1.0,1.0,1.0,6.0,6.0,2.0,4.0,9.0,7.0,9.0,6.0,4.0,9.0,5.0,4.0,9.0,4.0,4.0,6.0,5.0,2.0,,10.0,4.0,10.0,9.0,7.0,9.0,8.0,6.0,8.0,6.0,4.0,4.0,7.0,5.0,4.0,2.0,10.0,2.0,1.0,,,1.0,7.0,2,5.0,10,1
2015-03-12,53663,,11,1,4931.0,90274810,UIL,U I L HOLDINGS CORP,UIL,221118.0,N,A,R,21819,1,4931.0,90274810.0,,,49.0,493.0,,,,,,,49.77,0.010969,56546.0,1.0,49.44,2814294.42,UIL,6.0,9.0,1.0,,4.0,10,1.0,1.0,1.0,6.0,6.0,2.0,4.0,9.0,7.0,9.0,6.0,4.0,9.0,5.0,4.0,9.0,4.0,4.0,6.0,5.0,2.0,,10.0,4.0,10.0,9.0,7.0,9.0,8.0,6.0,8.0,6.0,4.0,4.0,7.0,5.0,4.0,2.0,10.0,2.0,1.0,,,1.0,7.0,2,5.0,10,1
2015-03-13,53663,,11,1,4931.0,90274810,UIL,U I L HOLDINGS CORP,UIL,221118.0,N,A,R,21819,1,4931.0,90274810.0,,,49.0,493.0,,,,,,,49.38,-0.007836,56546.0,1.0,49.55,2792241.48,UIL,6.0,9.0,1.0,,4.0,10,1.0,1.0,1.0,6.0,6.0,2.0,4.0,9.0,7.0,9.0,6.0,4.0,9.0,5.0,4.0,9.0,4.0,4.0,6.0,5.0,2.0,,10.0,4.0,10.0,9.0,7.0,9.0,8.0,6.0,8.0,6.0,4.0,4.0,7.0,5.0,4.0,2.0,10.0,2.0,1.0,,,1.0,7.0,2,5.0,10,1
2015-03-16,53663,,11,1,4931.0,90274810,UIL,U I L HOLDINGS CORP,UIL,221118.0,N,A,R,21819,1,4931.0,90274810.0,,,49.0,493.0,,,,,,,49.41,0.000608,56546.0,1.0,49.44,2793937.86,UIL,6.0,9.0,1.0,,4.0,10,1.0,1.0,1.0,6.0,6.0,2.0,4.0,9.0,7.0,9.0,6.0,4.0,9.0,5.0,4.0,9.0,4.0,4.0,6.0,5.0,2.0,,10.0,4.0,10.0,9.0,7.0,9.0,8.0,6.0,8.0,6.0,4.0,4.0,7.0,5.0,4.0,2.0,10.0,2.0,1.0,,,1.0,7.0,2,5.0,10,1
2015-03-17,53663,,11,1,4931.0,90274810,UIL,U I L HOLDINGS CORP,UIL,221118.0,N,A,R,21819,1,4931.0,90274810.0,,,49.0,493.0,,,,,,,48.9,-0.010322,56546.0,1.0,49.4,2765099.4,UIL,6.0,9.0,1.0,,4.0,10,1.0,1.0,1.0,6.0,6.0,2.0,4.0,9.0,7.0,9.0,6.0,4.0,9.0,5.0,4.0,9.0,4.0,4.0,6.0,5.0,2.0,,10.0,4.0,10.0,9.0,7.0,9.0,8.0,6.0,8.0,6.0,4.0,4.0,7.0,5.0,4.0,2.0,10.0,2.0,1.0,,,1.0,7.0,2,5.0,10,1
2015-03-18,53663,,11,1,4931.0,90274810,UIL,U I L HOLDINGS CORP,UIL,221118.0,N,A,R,21819,1,4931.0,90274810.0,,,49.0,493.0,,,,,,,48.78,-0.002454,56546.0,1.0,48.9,2758313.88,UIL,6.0,9.0,1.0,,4.0,10,1.0,1.0,1.0,6.0,6.0,2.0,4.0,9.0,7.0,9.0,6.0,4.0,9.0,5.0,4.0,9.0,4.0,4.0,6.0,5.0,2.0,,10.0,4.0,10.0,9.0,7.0,9.0,8.0,6.0,8.0,6.0,4.0,4.0,7.0,5.0,4.0,2.0,10.0,2.0,1.0,,,1.0,7.0,2,5.0,10,1
2015-03-19,53663,,11,1,4931.0,90274810,UIL,U I L HOLDINGS CORP,UIL,221118.0,N,A,R,21819,1,4931.0,90274810.0,,,49.0,493.0,,,,,,,49.02,0.00492,56546.0,1.0,48.61,2771884.92,UIL,6.0,9.0,1.0,,4.0,10,1.0,1.0,1.0,6.0,6.0,2.0,4.0,9.0,7.0,9.0,6.0,4.0,9.0,5.0,4.0,9.0,4.0,4.0,6.0,5.0,2.0,,10.0,4.0,10.0,9.0,7.0,9.0,8.0,6.0,8.0,6.0,4.0,4.0,7.0,5.0,4.0,2.0,10.0,2.0,1.0,,,1.0,7.0,2,5.0,10,1
2015-03-20,53663,,11,1,4931.0,90274810,UIL,U I L HOLDINGS CORP,UIL,221118.0,N,A,R,21819,1,4931.0,90274810.0,,,49.0,493.0,,,,,,,49.82,0.01632,56546.0,1.0,49.45,2817121.72,UIL,6.0,9.0,1.0,,4.0,10,1.0,1.0,1.0,6.0,6.0,2.0,4.0,9.0,7.0,9.0,6.0,4.0,9.0,5.0,4.0,9.0,4.0,4.0,6.0,5.0,2.0,,10.0,4.0,10.0,9.0,7.0,9.0,8.0,6.0,8.0,6.0,4.0,4.0,7.0,5.0,4.0,2.0,10.0,2.0,1.0,,,1.0,7.0,2,5.0,10,1
2015-03-23,53663,,11,1,4931.0,90274810,UIL,U I L HOLDINGS CORP,UIL,221118.0,N,A,R,21819,1,4931.0,90274810.0,,,49.0,493.0,,,,,,,49.83,0.000201,56546.0,1.0,49.74,2817687.18,UIL,6.0,9.0,1.0,,4.0,10,1.0,1.0,1.0,6.0,6.0,2.0,4.0,9.0,7.0,9.0,6.0,4.0,9.0,5.0,4.0,9.0,4.0,4.0,6.0,5.0,2.0,,10.0,4.0,10.0,9.0,7.0,9.0,8.0,6.0,8.0,6.0,4.0,4.0,7.0,5.0,4.0,2.0,10.0,2.0,1.0,,,1.0,7.0,2,5.0,10,1
2015-03-24,53663,,11,1,4931.0,90274810,UIL,U I L HOLDINGS CORP,UIL,221118.0,N,A,R,21819,1,4931.0,90274810.0,,,49.0,493.0,,,,,,,49.99,0.003211,56546.0,1.0,49.76,2826734.54,UIL,6.0,9.0,1.0,,4.0,10,1.0,1.0,1.0,6.0,6.0,2.0,4.0,9.0,7.0,9.0,6.0,4.0,9.0,5.0,4.0,9.0,4.0,4.0,6.0,5.0,2.0,,10.0,4.0,10.0,9.0,7.0,9.0,8.0,6.0,8.0,6.0,4.0,4.0,7.0,5.0,4.0,2.0,10.0,2.0,1.0,,,1.0,7.0,2,5.0,10,1
2015-03-25,53663,,11,1,4931.0,90274810,UIL,U I L HOLDINGS CORP,UIL,221118.0,N,A,R,21819,1,4931.0,90274810.0,,,49.0,493.0,,,,,,,49.16,-0.016603,56546.0,1.0,50.18,2779801.36,UIL,6.0,9.0,1.0,,4.0,10,1.0,1.0,1.0,6.0,6.0,2.0,4.0,9.0,7.0,9.0,6.0,4.0,9.0,5.0,4.0,9.0,4.0,4.0,6.0,5.0,2.0,,10.0,4.0,10.0,9.0,7.0,9.0,8.0,6.0,8.0,6.0,4.0,4.0,7.0,5.0,4.0,2.0,10.0,2.0,1.0,,,1.0,7.0,2,5.0,10,1
2015-03-26,53663,,11,1,4931.0,90274810,UIL,U I L HOLDINGS CORP,UIL,221118.0,N,A,R,21819,1,4931.0,90274810.0,,,49.0,493.0,,,,,,,49.76,0.012205,56546.0,1.0,49.12,2813728.96,UIL,6.0,9.0,1.0,,4.0,10,1.0,1.0,1.0,6.0,6.0,2.0,4.0,9.0,7.0,9.0,6.0,4.0,9.0,5.0,4.0,9.0,4.0,4.0,6.0,5.0,2.0,,10.0,4.0,10.0,9.0,7.0,9.0,8.0,6.0,8.0,6.0,4.0,4.0,7.0,5.0,4.0,2.0,10.0,2.0,1.0,,,1.0,7.0,2,5.0,10,1
2015-03-27,53663,,11,1,4931.0,90274810,UIL,U I L HOLDINGS CORP,UIL,221118.0,N,A,R,21819,1,4931.0,90274810.0,,,49.0,493.0,,,,,,,50.24,0.009646,56546.0,1.0,49.9,2840871.04,UIL,6.0,9.0,1.0,,4.0,10,1.0,1.0,1.0,6.0,6.0,2.0,4.0,9.0,7.0,9.0,6.0,4.0,9.0,5.0,4.0,9.0,4.0,4.0,6.0,5.0,2.0,,10.0,4.0,10.0,9.0,7.0,9.0,8.0,6.0,8.0,6.0,4.0,4.0,7.0,5.0,4.0,2.0,10.0,2.0,1.0,,,1.0,7.0,2,5.0,10,1
2015-03-30,53663,,11,1,4931.0,90274810,UIL,U I L HOLDINGS CORP,UIL,221118.0,N,A,R,21819,1,4931.0,90274810.0,,,49.0,493.0,,,,,,,50.83,0.011744,56546.0,1.0,50.55,2874233.18,UIL,6.0,9.0,1.0,,4.0,10,1.0,1.0,1.0,6.0,6.0,2.0,4.0,9.0,7.0,9.0,6.0,4.0,9.0,5.0,4.0,9.0,4.0,4.0,6.0,5.0,2.0,,10.0,4.0,10.0,9.0,7.0,9.0,8.0,6.0,8.0,6.0,4.0,4.0,7.0,5.0,4.0,2.0,10.0,2.0,1.0,,,1.0,7.0,2,5.0,10,1
2015-03-31,53663,,11,1,4931.0,90274810,UIL,U I L HOLDINGS CORP,UIL,221118.0,N,A,R,21819,1,4931.0,90274810.0,,,49.0,493.0,,,,,,,51.42,0.011607,56546.0,1.0,50.76,2907595.32,UIL,6.0,9.0,1.0,,4.0,10,1.0,1.0,1.0,6.0,6.0,2.0,4.0,9.0,7.0,9.0,6.0,4.0,9.0,5.0,4.0,9.0,4.0,4.0,6.0,5.0,2.0,,10.0,4.0,10.0,9.0,7.0,9.0,8.0,6.0,8.0,6.0,4.0,4.0,7.0,5.0,4.0,2.0,10.0,2.0,1.0,,,1.0,7.0,2,5.0,10,1
2015-04-01,53663,,11,1,4931.0,90274810,UIL,U I L HOLDINGS CORP,UIL,221118.0,N,A,R,21819,1,4931.0,90274810.0,,,49.0,493.0,,,,,,,51.06,-0.007001,56546.0,1.0,51.35,2887238.76,UIL,6.0,9.0,1.0,,4.0,10,1.0,1.0,1.0,6.0,6.0,2.0,4.0,9.0,7.0,9.0,6.0,4.0,9.0,5.0,4.0,9.0,4.0,4.0,6.0,5.0,2.0,,10.0,5.0,10.0,9.0,6.0,10.0,8.0,6.0,7.0,6.0,3.0,5.0,6.0,5.0,4.0,2.0,10.0,7.0,4.0,,,1.0,7.0,2,4.0,10,1
2015-04-02,53663,,11,1,4931.0,90274810,UIL,U I L HOLDINGS CORP,UIL,221118.0,N,A,R,21819,1,4931.0,90274810.0,,,49.0,493.0,,,,,,,50.81,-0.004896,56546.0,1.0,51.14,2873102.26,UIL,6.0,9.0,1.0,,4.0,10,1.0,1.0,1.0,6.0,6.0,2.0,4.0,9.0,7.0,9.0,6.0,4.0,9.0,5.0,4.0,9.0,4.0,4.0,6.0,5.0,2.0,,10.0,5.0,10.0,9.0,6.0,10.0,8.0,6.0,7.0,6.0,3.0,5.0,6.0,5.0,4.0,2.0,10.0,7.0,4.0,,,1.0,7.0,2,4.0,10,1
2015-04-06,53663,,11,1,4931.0,90274810,UIL,U I L HOLDINGS CORP,UIL,221118.0,N,A,R,21819,1,4931.0,90274810.0,,,49.0,493.0,,,,,,,51.2,0.007676,56546.0,1.0,50.75,2895155.2,UIL,6.0,9.0,1.0,,4.0,10,1.0,1.0,1.0,6.0,6.0,2.0,4.0,9.0,7.0,9.0,6.0,4.0,9.0,5.0,4.0,9.0,4.0,4.0,6.0,5.0,2.0,,10.0,5.0,10.0,9.0,6.0,10.0,8.0,6.0,7.0,6.0,3.0,5.0,6.0,5.0,4.0,2.0,10.0,7.0,4.0,,,1.0,7.0,2,4.0,10,1
2015-04-07,53663,,11,1,4931.0,90274810,UIL,U I L HOLDINGS CORP,UIL,221118.0,N,A,R,21819,1,4931.0,90274810.0,,,49.0,493.0,,,,,,,50.9,-0.005859,56546.0,1.0,51.11,2878191.4,UIL,6.0,9.0,1.0,,4.0,10,1.0,1.0,1.0,6.0,6.0,2.0,4.0,9.0,7.0,9.0,6.0,4.0,9.0,5.0,4.0,9.0,4.0,4.0,6.0,5.0,2.0,,10.0,5.0,10.0,9.0,6.0,10.0,8.0,6.0,7.0,6.0,3.0,5.0,6.0,5.0,4.0,2.0,10.0,7.0,4.0,,,1.0,7.0,2,4.0,10,1
2015-04-08,53663,,11,1,4931.0,90274810,UIL,U I L HOLDINGS CORP,UIL,221118.0,N,A,R,21819,1,4931.0,90274810.0,,,49.0,493.0,,,,,,,51.01,0.002161,56546.0,1.0,50.99,2884411.46,UIL,6.0,9.0,1.0,,4.0,10,1.0,1.0,1.0,6.0,6.0,2.0,4.0,9.0,7.0,9.0,6.0,4.0,9.0,5.0,4.0,9.0,4.0,4.0,6.0,5.0,2.0,,10.0,5.0,10.0,9.0,6.0,10.0,8.0,6.0,7.0,6.0,3.0,5.0,6.0,5.0,4.0,2.0,10.0,7.0,4.0,,,1.0,7.0,2,4.0,10,1
2015-04-09,53663,,11,1,4931.0,90274810,UIL,U I L HOLDINGS CORP,UIL,221118.0,N,A,R,21819,1,4931.0,90274810.0,,,49.0,493.0,,,,,,,51.05,0.000784,56546.0,1.0,50.94,2886673.3,UIL,6.0,9.0,1.0,,4.0,10,1.0,1.0,1.0,6.0,6.0,2.0,4.0,9.0,7.0,9.0,6.0,4.0,9.0,5.0,4.0,9.0,4.0,4.0,6.0,5.0,2.0,,10.0,5.0,10.0,9.0,6.0,10.0,8.0,6.0,7.0,6.0,3.0,5.0,6.0,5.0,4.0,2.0,10.0,7.0,4.0,,,1.0,7.0,2,4.0,10,1
2015-04-10,53663,,11,1,4931.0,90274810,UIL,U I L HOLDINGS CORP,UIL,221118.0,N,A,R,21819,1,4931.0,90274810.0,,,49.0,493.0,,,,,,,51.18,0.002547,56546.0,1.0,51.27,2894024.28,UIL,6.0,9.0,1.0,,4.0,10,1.0,1.0,1.0,6.0,6.0,2.0,4.0,9.0,7.0,9.0,6.0,4.0,9.0,5.0,4.0,9.0,4.0,4.0,6.0,5.0,2.0,,10.0,5.0,10.0,9.0,6.0,10.0,8.0,6.0,7.0,6.0,3.0,5.0,6.0,5.0,4.0,2.0,10.0,7.0,4.0,,,1.0,7.0,2,4.0,10,1
2015-04-13,53663,,11,1,4931.0,90274810,UIL,U I L HOLDINGS CORP,UIL,221118.0,N,A,R,21819,1,4931.0,90274810.0,,,49.0,493.0,,,,,,,51.02,-0.003126,56546.0,1.0,51.05,2884976.92,UIL,6.0,9.0,1.0,,4.0,10,1.0,1.0,1.0,6.0,6.0,2.0,4.0,9.0,7.0,9.0,6.0,4.0,9.0,5.0,4.0,9.0,4.0,4.0,6.0,5.0,2.0,,10.0,5.0,10.0,9.0,6.0,10.0,8.0,6.0,7.0,6.0,3.0,5.0,6.0,5.0,4.0,2.0,10.0,7.0,4.0,,,1.0,7.0,2,4.0,10,1
2015-04-14,53663,,11,1,4931.0,90274810,UIL,U I L HOLDINGS CORP,UIL,221118.0,N,A,R,21819,1,4931.0,90274810.0,,,49.0,493.0,,,,,,,51.07,0.00098,56546.0,1.0,51.07,2887804.22,UIL,6.0,9.0,1.0,,4.0,10,1.0,1.0,1.0,6.0,6.0,2.0,4.0,9.0,7.0,9.0,6.0,4.0,9.0,5.0,4.0,9.0,4.0,4.0,6.0,5.0,2.0,,10.0,5.0,10.0,9.0,6.0,10.0,8.0,6.0,7.0,6.0,3.0,5.0,6.0,5.0,4.0,2.0,10.0,7.0,4.0,,,1.0,7.0,2,4.0,10,1
2015-04-15,53663,,11,1,4931.0,90274810,UIL,U I L HOLDINGS CORP,UIL,221118.0,N,A,R,21819,1,4931.0,90274810.0,,,49.0,493.0,,,,,,,50.74,-0.006462,56546.0,1.0,50.98,2869144.04,UIL,6.0,9.0,1.0,,4.0,10,1.0,1.0,1.0,6.0,6.0,2.0,4.0,9.0,7.0,9.0,6.0,4.0,9.0,5.0,4.0,9.0,4.0,4.0,6.0,5.0,2.0,,10.0,5.0,10.0,9.0,6.0,10.0,8.0,6.0,7.0,6.0,3.0,5.0,6.0,5.0,4.0,2.0,10.0,7.0,4.0,,,1.0,7.0,2,4.0,10,1
2015-04-16,53663,,11,1,4931.0,90274810,UIL,U I L HOLDINGS CORP,UIL,221118.0,N,A,R,21819,1,4931.0,90274810.0,,,49.0,493.0,,,,,,,50.2,-0.010643,56546.0,1.0,50.7,2838609.2,UIL,6.0,9.0,1.0,,4.0,10,1.0,1.0,1.0,6.0,6.0,2.0,4.0,9.0,7.0,9.0,6.0,4.0,9.0,5.0,4.0,9.0,4.0,4.0,6.0,5.0,2.0,,10.0,5.0,10.0,9.0,6.0,10.0,8.0,6.0,7.0,6.0,3.0,5.0,6.0,5.0,4.0,2.0,10.0,7.0,4.0,,,1.0,7.0,2,4.0,10,1
2015-04-17,53663,,11,1,4931.0,90274810,UIL,U I L HOLDINGS CORP,UIL,221118.0,N,A,R,21819,1,4931.0,90274810.0,,,49.0,493.0,,,,,,,49.78,-0.008367,56546.0,1.0,50.1,2814859.88,UIL,6.0,9.0,1.0,,4.0,10,1.0,1.0,1.0,6.0,6.0,2.0,4.0,9.0,7.0,9.0,6.0,4.0,9.0,5.0,4.0,9.0,4.0,4.0,6.0,5.0,2.0,,10.0,5.0,10.0,9.0,6.0,10.0,8.0,6.0,7.0,6.0,3.0,5.0,6.0,5.0,4.0,2.0,10.0,7.0,4.0,,,1.0,7.0,2,4.0,10,1
2015-04-20,53663,,11,1,4931.0,90274810,UIL,U I L HOLDINGS CORP,UIL,221118.0,N,A,R,21819,1,4931.0,90274810.0,,,49.0,493.0,,,,,,,49.94,0.003214,56546.0,1.0,49.91,2823907.24,UIL,6.0,9.0,1.0,,4.0,10,1.0,1.0,1.0,6.0,6.0,2.0,4.0,9.0,7.0,9.0,6.0,4.0,9.0,5.0,4.0,9.0,4.0,4.0,6.0,5.0,2.0,,10.0,5.0,10.0,9.0,6.0,10.0,8.0,6.0,7.0,6.0,3.0,5.0,6.0,5.0,4.0,2.0,10.0,7.0,4.0,,,1.0,7.0,2,4.0,10,1
2015-04-21,53663,,11,1,4931.0,90274810,UIL,U I L HOLDINGS CORP,UIL,221118.0,N,A,R,21819,1,4931.0,90274810.0,,,49.0,493.0,,,,,,,49.87,-0.001402,56546.0,1.0,50.07,2819949.02,UIL,6.0,9.0,1.0,,4.0,10,1.0,1.0,1.0,6.0,6.0,2.0,4.0,9.0,7.0,9.0,6.0,4.0,9.0,5.0,4.0,9.0,4.0,4.0,6.0,5.0,2.0,,10.0,5.0,10.0,9.0,6.0,10.0,8.0,6.0,7.0,6.0,3.0,5.0,6.0,5.0,4.0,2.0,10.0,7.0,4.0,,,1.0,7.0,2,4.0,10,1
2015-04-22,53663,,11,1,4931.0,90274810,UIL,U I L HOLDINGS CORP,UIL,221118.0,N,A,R,21819,1,4931.0,90274810.0,,,49.0,493.0,,,,,,,50.64,0.01544,56546.0,1.0,49.88,2863489.44,UIL,6.0,9.0,1.0,,4.0,10,1.0,1.0,1.0,6.0,6.0,2.0,4.0,9.0,7.0,9.0,6.0,4.0,9.0,5.0,4.0,9.0,4.0,4.0,6.0,5.0,2.0,,10.0,5.0,10.0,9.0,6.0,10.0,8.0,6.0,7.0,6.0,3.0,5.0,6.0,5.0,4.0,2.0,10.0,7.0,4.0,,,1.0,7.0,2,4.0,10,1
2015-04-23,53663,,11,1,4931.0,90274810,UIL,U I L HOLDINGS CORP,UIL,221118.0,N,A,R,21819,1,4931.0,90274810.0,,,49.0,493.0,,,,,,,50.73,0.001777,56546.0,1.0,50.7,2868578.58,UIL,6.0,9.0,1.0,,4.0,10,1.0,1.0,1.0,6.0,6.0,2.0,4.0,9.0,7.0,9.0,6.0,4.0,9.0,5.0,4.0,9.0,4.0,4.0,6.0,5.0,2.0,,10.0,5.0,10.0,9.0,6.0,10.0,8.0,6.0,7.0,6.0,3.0,5.0,6.0,5.0,4.0,2.0,10.0,7.0,4.0,,,1.0,7.0,2,4.0,10,1
2015-04-24,53663,,11,1,4931.0,90274810,UIL,U I L HOLDINGS CORP,UIL,221118.0,N,A,R,21819,1,4931.0,90274810.0,,,49.0,493.0,,,,,,,50.95,0.004337,56546.0,1.0,50.91,2881018.7,UIL,6.0,9.0,1.0,,4.0,10,1.0,1.0,1.0,6.0,6.0,2.0,4.0,9.0,7.0,9.0,6.0,4.0,9.0,5.0,4.0,9.0,4.0,4.0,6.0,5.0,2.0,,10.0,5.0,10.0,9.0,6.0,10.0,8.0,6.0,7.0,6.0,3.0,5.0,6.0,5.0,4.0,2.0,10.0,7.0,4.0,,,1.0,7.0,2,4.0,10,1
2015-04-27,53663,,11,1,4931.0,90274810,UIL,U I L HOLDINGS CORP,UIL,221118.0,N,A,R,21819,1,4931.0,90274810.0,,,49.0,493.0,,,,,,,50.25,-0.013739,56546.0,1.0,51.24,2841436.5,UIL,6.0,9.0,1.0,,4.0,10,1.0,1.0,1.0,6.0,6.0,2.0,4.0,9.0,7.0,9.0,6.0,4.0,9.0,5.0,4.0,9.0,4.0,4.0,6.0,5.0,2.0,,10.0,5.0,10.0,9.0,6.0,10.0,8.0,6.0,7.0,6.0,3.0,5.0,6.0,5.0,4.0,2.0,10.0,7.0,4.0,,,1.0,7.0,2,4.0,10,1
2015-04-28,53663,,11,1,4931.0,90274810,UIL,U I L HOLDINGS CORP,UIL,221118.0,N,A,R,21819,1,4931.0,90274810.0,,,49.0,493.0,,,,,,,50.89,0.012736,56546.0,1.0,50.23,2877625.94,UIL,6.0,9.0,1.0,,4.0,10,1.0,1.0,1.0,6.0,6.0,2.0,4.0,9.0,7.0,9.0,6.0,4.0,9.0,5.0,4.0,9.0,4.0,4.0,6.0,5.0,2.0,,10.0,5.0,10.0,9.0,6.0,10.0,8.0,6.0,7.0,6.0,3.0,5.0,6.0,5.0,4.0,2.0,10.0,7.0,4.0,,,1.0,7.0,2,4.0,10,1
2015-04-29,53663,,11,1,4931.0,90274810,UIL,U I L HOLDINGS CORP,UIL,221118.0,N,A,R,21819,1,4931.0,90274810.0,,,49.0,493.0,,,,,,,50.75,-0.002751,56546.0,1.0,50.68,2869709.5,UIL,6.0,9.0,1.0,,4.0,10,1.0,1.0,1.0,6.0,6.0,2.0,4.0,9.0,7.0,9.0,6.0,4.0,9.0,5.0,4.0,9.0,4.0,4.0,6.0,5.0,2.0,,10.0,5.0,10.0,9.0,6.0,10.0,8.0,6.0,7.0,6.0,3.0,5.0,6.0,5.0,4.0,2.0,10.0,7.0,4.0,,,1.0,7.0,2,4.0,10,1
2015-04-30,53663,,11,1,4931.0,90274810,UIL,U I L HOLDINGS CORP,UIL,221118.0,N,A,R,21819,1,4931.0,90274810.0,,,49.0,493.0,,,,,,,49.88,-0.017143,56617.0,1.0,50.52,2824055.96,UIL,6.0,9.0,1.0,,4.0,10,1.0,1.0,1.0,6.0,6.0,2.0,4.0,9.0,7.0,9.0,6.0,4.0,9.0,5.0,4.0,9.0,4.0,4.0,6.0,5.0,2.0,,10.0,5.0,10.0,9.0,6.0,10.0,8.0,6.0,7.0,6.0,3.0,5.0,6.0,5.0,4.0,2.0,10.0,7.0,4.0,,,1.0,7.0,2,4.0,10,1
2015-05-01,53663,,11,1,4931.0,90274810,UIL,U I L HOLDINGS CORP,UIL,221118.0,N,A,R,21819,1,4931.0,90274810.0,,,49.0,493.0,,,,,,,49.76,-0.002406,56617.0,1.0,49.63,2817261.92,UIL,6.0,9.0,1.0,,4.0,10,1.0,1.0,1.0,6.0,6.0,2.0,4.0,9.0,7.0,9.0,6.0,4.0,9.0,5.0,4.0,9.0,4.0,4.0,6.0,5.0,2.0,,10.0,2.0,10.0,9.0,7.0,10.0,8.0,6.0,8.0,6.0,8.0,8.0,9.0,6.0,7.0,1.0,10.0,4.0,7.0,,,1.0,7.0,2,4.0,10,1
2015-05-04,53663,,11,1,4931.0,90274810,UIL,U I L HOLDINGS CORP,UIL,221118.0,N,A,R,21819,1,4931.0,90274810.0,,,49.0,493.0,,,,,,,49.75,-0.000201,56617.0,1.0,49.78,2816695.75,UIL,6.0,9.0,1.0,,4.0,10,1.0,1.0,1.0,6.0,6.0,2.0,4.0,9.0,7.0,9.0,6.0,4.0,9.0,5.0,4.0,9.0,4.0,4.0,6.0,5.0,2.0,,10.0,2.0,10.0,9.0,7.0,10.0,8.0,6.0,8.0,6.0,8.0,8.0,9.0,6.0,7.0,1.0,10.0,4.0,7.0,,,1.0,7.0,2,4.0,10,1
2015-05-05,53663,,11,1,4931.0,90274810,UIL,U I L HOLDINGS CORP,UIL,221118.0,N,A,R,21819,1,4931.0,90274810.0,,,49.0,493.0,,,,,,,48.99,-0.015276,56617.0,1.0,49.6,2773666.83,UIL,6.0,9.0,1.0,,4.0,10,1.0,1.0,1.0,6.0,6.0,2.0,4.0,9.0,7.0,9.0,6.0,4.0,9.0,5.0,4.0,9.0,4.0,4.0,6.0,5.0,2.0,,10.0,2.0,10.0,9.0,7.0,10.0,8.0,6.0,8.0,6.0,8.0,8.0,9.0,6.0,7.0,1.0,10.0,4.0,7.0,,,1.0,7.0,2,4.0,10,1
2015-05-06,53663,,11,1,4931.0,90274810,UIL,U I L HOLDINGS CORP,UIL,221118.0,N,A,R,21819,1,4931.0,90274810.0,,,49.0,493.0,,,,,,,48.7,-0.00592,56617.0,1.0,48.97,2757247.9,UIL,6.0,9.0,1.0,,4.0,10,1.0,1.0,1.0,6.0,6.0,2.0,4.0,9.0,7.0,9.0,6.0,4.0,9.0,5.0,4.0,9.0,4.0,4.0,6.0,5.0,2.0,,10.0,2.0,10.0,9.0,7.0,10.0,8.0,6.0,8.0,6.0,8.0,8.0,9.0,6.0,7.0,1.0,10.0,4.0,7.0,,,1.0,7.0,2,4.0,10,1
2015-05-07,53663,,11,1,4931.0,90274810,UIL,U I L HOLDINGS CORP,UIL,221118.0,N,A,R,21819,1,4931.0,90274810.0,,,49.0,493.0,,,,,,,48.55,-0.00308,56617.0,1.0,48.77,2748755.35,UIL,6.0,9.0,1.0,,4.0,10,1.0,1.0,1.0,6.0,6.0,2.0,4.0,9.0,7.0,9.0,6.0,4.0,9.0,5.0,4.0,9.0,4.0,4.0,6.0,5.0,2.0,,10.0,2.0,10.0,9.0,7.0,10.0,8.0,6.0,8.0,6.0,8.0,8.0,9.0,6.0,7.0,1.0,10.0,4.0,7.0,,,1.0,7.0,2,4.0,10,1
2015-05-08,53663,,11,1,4931.0,90274810,UIL,U I L HOLDINGS CORP,UIL,221118.0,N,A,R,21819,1,4931.0,90274810.0,,,49.0,493.0,,,,,,,48.83,0.005767,56617.0,1.0,48.88,2764608.11,UIL,6.0,9.0,1.0,,4.0,10,1.0,1.0,1.0,6.0,6.0,2.0,4.0,9.0,7.0,9.0,6.0,4.0,9.0,5.0,4.0,9.0,4.0,4.0,6.0,5.0,2.0,,10.0,2.0,10.0,9.0,7.0,10.0,8.0,6.0,8.0,6.0,8.0,8.0,9.0,6.0,7.0,1.0,10.0,4.0,7.0,,,1.0,7.0,2,4.0,10,1
2015-05-11,53663,,11,1,4931.0,90274810,UIL,U I L HOLDINGS CORP,UIL,221118.0,N,A,R,21819,1,4931.0,90274810.0,,,49.0,493.0,,,,,,,48.83,0.0,56617.0,1.0,48.65,2764608.11,UIL,6.0,9.0,1.0,,4.0,10,1.0,1.0,1.0,6.0,6.0,2.0,4.0,9.0,7.0,9.0,6.0,4.0,9.0,5.0,4.0,9.0,4.0,4.0,6.0,5.0,2.0,,10.0,2.0,10.0,9.0,7.0,10.0,8.0,6.0,8.0,6.0,8.0,8.0,9.0,6.0,7.0,1.0,10.0,4.0,7.0,,,1.0,7.0,2,4.0,10,1
2015-05-12,53663,,11,1,4931.0,90274810,UIL,U I L HOLDINGS CORP,UIL,221118.0,N,A,R,21819,1,4931.0,90274810.0,,,49.0,493.0,,,,,,,48.82,-0.000205,56617.0,1.0,48.66,2764041.94,UIL,6.0,9.0,1.0,,4.0,10,1.0,1.0,1.0,6.0,6.0,2.0,4.0,9.0,7.0,9.0,6.0,4.0,9.0,5.0,4.0,9.0,4.0,4.0,6.0,5.0,2.0,,10.0,2.0,10.0,9.0,7.0,10.0,8.0,6.0,8.0,6.0,8.0,8.0,9.0,6.0,7.0,1.0,10.0,4.0,7.0,,,1.0,7.0,2,4.0,10,1
2015-05-13,53663,,11,1,4931.0,90274810,UIL,U I L HOLDINGS CORP,UIL,221118.0,N,A,R,21819,1,4931.0,90274810.0,,,49.0,493.0,,,,,,,48.83,0.000205,56617.0,1.0,48.9,2764608.11,UIL,6.0,9.0,1.0,,4.0,10,1.0,1.0,1.0,6.0,6.0,2.0,4.0,9.0,7.0,9.0,6.0,4.0,9.0,5.0,4.0,9.0,4.0,4.0,6.0,5.0,2.0,,10.0,2.0,10.0,9.0,7.0,10.0,8.0,6.0,8.0,6.0,8.0,8.0,9.0,6.0,7.0,1.0,10.0,4.0,7.0,,,1.0,7.0,2,4.0,10,1
2015-05-14,53663,,11,1,4931.0,90274810,UIL,U I L HOLDINGS CORP,UIL,221118.0,N,A,R,21819,1,4931.0,90274810.0,,,49.0,493.0,,,,,,,49.85,0.020889,56617.0,1.0,48.97,2822357.45,UIL,6.0,9.0,1.0,,4.0,10,1.0,1.0,1.0,6.0,6.0,2.0,4.0,9.0,7.0,9.0,6.0,4.0,9.0,5.0,4.0,9.0,4.0,4.0,6.0,5.0,2.0,,10.0,2.0,10.0,9.0,7.0,10.0,8.0,6.0,8.0,6.0,8.0,8.0,9.0,6.0,7.0,1.0,10.0,4.0,7.0,,,1.0,7.0,2,4.0,10,1
2015-05-15,53663,,11,1,4931.0,90274810,UIL,U I L HOLDINGS CORP,UIL,221118.0,N,A,R,21819,1,4931.0,90274810.0,,,49.0,493.0,,,,,,,49.8,-0.001003,56617.0,1.0,49.85,2819526.6,UIL,6.0,9.0,1.0,,4.0,10,1.0,1.0,1.0,6.0,6.0,2.0,4.0,9.0,7.0,9.0,6.0,4.0,9.0,5.0,4.0,9.0,4.0,4.0,6.0,5.0,2.0,,10.0,2.0,10.0,9.0,7.0,10.0,8.0,6.0,8.0,6.0,8.0,8.0,9.0,6.0,7.0,1.0,10.0,4.0,7.0,,,1.0,7.0,2,4.0,10,1
2015-05-18,53663,,11,1,4931.0,90274810,UIL,U I L HOLDINGS CORP,UIL,221118.0,N,A,R,21819,1,4931.0,90274810.0,,,49.0,493.0,,,,,,,50.27,0.009438,56617.0,1.0,49.67,2846136.59,UIL,6.0,9.0,1.0,,4.0,10,1.0,1.0,1.0,6.0,6.0,2.0,4.0,9.0,7.0,9.0,6.0,4.0,9.0,5.0,4.0,9.0,4.0,4.0,6.0,5.0,2.0,,10.0,2.0,10.0,9.0,7.0,10.0,8.0,6.0,8.0,6.0,8.0,8.0,9.0,6.0,7.0,1.0,10.0,4.0,7.0,,,1.0,7.0,2,4.0,10,1
2015-05-19,53663,,11,1,4931.0,90274810,UIL,U I L HOLDINGS CORP,UIL,221118.0,N,A,R,21819,1,4931.0,90274810.0,,,49.0,493.0,,,,,,,50.53,0.005172,56617.0,1.0,50.07,2860857.01,UIL,6.0,9.0,1.0,,4.0,10,1.0,1.0,1.0,6.0,6.0,2.0,4.0,9.0,7.0,9.0,6.0,4.0,9.0,5.0,4.0,9.0,4.0,4.0,6.0,5.0,2.0,,10.0,2.0,10.0,9.0,7.0,10.0,8.0,6.0,8.0,6.0,8.0,8.0,9.0,6.0,7.0,1.0,10.0,4.0,7.0,,,1.0,7.0,2,4.0,10,1
2015-05-20,53663,,11,1,4931.0,90274810,UIL,U I L HOLDINGS CORP,UIL,221118.0,N,A,R,21819,1,4931.0,90274810.0,,,49.0,493.0,,,,,,,50.48,-0.000989,56617.0,1.0,50.29,2858026.16,UIL,6.0,9.0,1.0,,4.0,10,1.0,1.0,1.0,6.0,6.0,2.0,4.0,9.0,7.0,9.0,6.0,4.0,9.0,5.0,4.0,9.0,4.0,4.0,6.0,5.0,2.0,,10.0,2.0,10.0,9.0,7.0,10.0,8.0,6.0,8.0,6.0,8.0,8.0,9.0,6.0,7.0,1.0,10.0,4.0,7.0,,,1.0,7.0,2,4.0,10,1
2015-05-21,53663,,11,1,4931.0,90274810,UIL,U I L HOLDINGS CORP,UIL,221118.0,N,A,R,21819,1,4931.0,90274810.0,,,49.0,493.0,,,,,,,50.75,0.005349,56617.0,1.0,50.34,2873312.75,UIL,6.0,9.0,1.0,,4.0,10,1.0,1.0,1.0,6.0,6.0,2.0,4.0,9.0,7.0,9.0,6.0,4.0,9.0,5.0,4.0,9.0,4.0,4.0,6.0,5.0,2.0,,10.0,2.0,10.0,9.0,7.0,10.0,8.0,6.0,8.0,6.0,8.0,8.0,9.0,6.0,7.0,1.0,10.0,4.0,7.0,,,1.0,7.0,2,4.0,10,1
2015-05-22,53663,,11,1,4931.0,90274810,UIL,U I L HOLDINGS CORP,UIL,221118.0,N,A,R,21819,1,4931.0,90274810.0,,,49.0,493.0,,,,,,,50.52,-0.004532,56617.0,1.0,50.54,2860290.84,UIL,6.0,9.0,1.0,,4.0,10,1.0,1.0,1.0,6.0,6.0,2.0,4.0,9.0,7.0,9.0,6.0,4.0,9.0,5.0,4.0,9.0,4.0,4.0,6.0,5.0,2.0,,10.0,2.0,10.0,9.0,7.0,10.0,8.0,6.0,8.0,6.0,8.0,8.0,9.0,6.0,7.0,1.0,10.0,4.0,7.0,,,1.0,7.0,2,4.0,10,1
2015-05-26,53663,,11,1,4931.0,90274810,UIL,U I L HOLDINGS CORP,UIL,221118.0,N,A,R,21819,1,4931.0,90274810.0,,,49.0,493.0,,,,,,,50.33,-0.003761,56617.0,1.0,50.37,2849533.61,UIL,6.0,9.0,1.0,,4.0,10,1.0,1.0,1.0,6.0,6.0,2.0,4.0,9.0,7.0,9.0,6.0,4.0,9.0,5.0,4.0,9.0,4.0,4.0,6.0,5.0,2.0,,10.0,2.0,10.0,9.0,7.0,10.0,8.0,6.0,8.0,6.0,8.0,8.0,9.0,6.0,7.0,1.0,10.0,4.0,7.0,,,1.0,7.0,2,4.0,10,1
2015-05-27,53663,,11,1,4931.0,90274810,UIL,U I L HOLDINGS CORP,UIL,221118.0,N,A,R,21819,1,4931.0,90274810.0,,,49.0,493.0,,,,,,,50.84,0.010133,56617.0,1.0,50.41,2878408.28,UIL,6.0,9.0,1.0,,4.0,10,1.0,1.0,1.0,6.0,6.0,2.0,4.0,9.0,7.0,9.0,6.0,4.0,9.0,5.0,4.0,9.0,4.0,4.0,6.0,5.0,2.0,,10.0,2.0,10.0,9.0,7.0,10.0,8.0,6.0,8.0,6.0,8.0,8.0,9.0,6.0,7.0,1.0,10.0,4.0,7.0,,,1.0,7.0,2,4.0,10,1
2015-05-28,53663,,11,1,4931.0,90274810,UIL,U I L HOLDINGS CORP,UIL,221118.0,N,A,R,21819,1,4931.0,90274810.0,,,49.0,493.0,,,,,,,50.96,0.00236,56617.0,1.0,50.63,2885202.32,UIL,6.0,9.0,1.0,,4.0,10,1.0,1.0,1.0,6.0,6.0,2.0,4.0,9.0,7.0,9.0,6.0,4.0,9.0,5.0,4.0,9.0,4.0,4.0,6.0,5.0,2.0,,10.0,2.0,10.0,9.0,7.0,10.0,8.0,6.0,8.0,6.0,8.0,8.0,9.0,6.0,7.0,1.0,10.0,4.0,7.0,,,1.0,7.0,2,4.0,10,1
2015-05-29,53663,,11,1,4931.0,90274810,UIL,U I L HOLDINGS CORP,UIL,221118.0,N,A,R,21819,1,4931.0,90274810.0,,,49.0,493.0,,,,,,,50.69,-0.005298,56617.0,1.0,50.72,2869915.73,UIL,6.0,9.0,1.0,,4.0,10,1.0,1.0,1.0,6.0,6.0,2.0,4.0,9.0,7.0,9.0,6.0,4.0,9.0,5.0,4.0,9.0,4.0,4.0,6.0,5.0,2.0,,10.0,2.0,10.0,9.0,7.0,10.0,8.0,6.0,8.0,6.0,8.0,8.0,9.0,6.0,7.0,1.0,10.0,4.0,7.0,,,1.0,7.0,2,4.0,10,1
2015-06-01,53663,,11,1,4931.0,90274810,UIL,U I L HOLDINGS CORP,UIL,221118.0,N,A,R,21819,1,4931.0,90274810.0,,,49.0,493.0,,,,,,,51.02,0.00651,56617.0,1.0,50.75,2888599.34,UIL,6.0,9.0,1.0,,4.0,10,1.0,1.0,1.0,6.0,6.0,2.0,4.0,9.0,7.0,9.0,6.0,4.0,9.0,5.0,4.0,9.0,4.0,4.0,6.0,5.0,2.0,,9.0,3.0,10.0,8.0,7.0,10.0,8.0,6.0,8.0,6.0,6.0,7.0,9.0,7.0,5.0,9.0,10.0,9.0,3.0,3.0,1.0,1.0,7.0,2,6.0,10,1
2015-06-02,53663,,11,1,4931.0,90274810,UIL,U I L HOLDINGS CORP,UIL,221118.0,N,A,R,21819,1,4931.0,90274810.0,,,49.0,493.0,,,,,,,50.51,-0.009996,56617.0,1.0,50.79,2859724.67,UIL,6.0,9.0,1.0,,4.0,10,1.0,1.0,1.0,6.0,6.0,2.0,4.0,9.0,7.0,9.0,6.0,4.0,9.0,5.0,4.0,9.0,4.0,4.0,6.0,5.0,2.0,,9.0,3.0,10.0,8.0,7.0,10.0,8.0,6.0,8.0,6.0,6.0,7.0,9.0,7.0,5.0,9.0,10.0,9.0,3.0,3.0,1.0,1.0,7.0,2,6.0,10,1
2015-06-03,53663,,11,1,4931.0,90274810,UIL,U I L HOLDINGS CORP,UIL,221118.0,N,A,R,21819,1,4931.0,90274810.0,,,49.0,493.0,,,,,,,49.72,-0.01564,56617.0,1.0,50.39,2814997.24,UIL,6.0,9.0,1.0,,4.0,10,1.0,1.0,1.0,6.0,6.0,2.0,4.0,9.0,7.0,9.0,6.0,4.0,9.0,5.0,4.0,9.0,4.0,4.0,6.0,5.0,2.0,,9.0,3.0,10.0,8.0,7.0,10.0,8.0,6.0,8.0,6.0,6.0,7.0,9.0,7.0,5.0,9.0,10.0,9.0,3.0,3.0,1.0,1.0,7.0,2,6.0,10,1
2015-06-04,53663,,11,1,4931.0,90274810,UIL,U I L HOLDINGS CORP,UIL,221118.0,N,A,R,21819,1,4931.0,90274810.0,,,49.0,493.0,,,,,,,49.58,-0.002816,56617.0,1.0,49.49,2807070.86,UIL,6.0,9.0,1.0,,4.0,10,1.0,1.0,1.0,6.0,6.0,2.0,4.0,9.0,7.0,9.0,6.0,4.0,9.0,5.0,4.0,9.0,4.0,4.0,6.0,5.0,2.0,,9.0,3.0,10.0,8.0,7.0,10.0,8.0,6.0,8.0,6.0,6.0,7.0,9.0,7.0,5.0,9.0,10.0,9.0,3.0,3.0,1.0,1.0,7.0,2,6.0,10,1
2015-06-05,53663,,11,1,4931.0,90274810,UIL,U I L HOLDINGS CORP,UIL,221118.0,N,A,R,21819,1,4931.0,90274810.0,,,49.0,493.0,,,,,,,48.97,-0.012303,56617.0,1.0,49.3,2772534.49,UIL,6.0,9.0,1.0,,4.0,10,1.0,1.0,1.0,6.0,6.0,2.0,4.0,9.0,7.0,9.0,6.0,4.0,9.0,5.0,4.0,9.0,4.0,4.0,6.0,5.0,2.0,,9.0,3.0,10.0,8.0,7.0,10.0,8.0,6.0,8.0,6.0,6.0,7.0,9.0,7.0,5.0,9.0,10.0,9.0,3.0,3.0,1.0,1.0,7.0,2,6.0,10,1
2015-06-08,53663,,11,1,4931.0,90274810,UIL,U I L HOLDINGS CORP,UIL,221118.0,N,A,R,21819,1,4931.0,90274810.0,,,49.0,493.0,,,,,,,48.84,-0.002655,56617.0,1.0,48.83,2765174.28,UIL,6.0,9.0,1.0,,4.0,10,1.0,1.0,1.0,6.0,6.0,2.0,4.0,9.0,7.0,9.0,6.0,4.0,9.0,5.0,4.0,9.0,4.0,4.0,6.0,5.0,2.0,,9.0,3.0,10.0,8.0,7.0,10.0,8.0,6.0,8.0,6.0,6.0,7.0,9.0,7.0,5.0,9.0,10.0,9.0,3.0,3.0,1.0,1.0,7.0,2,6.0,10,1
2015-06-09,53663,,11,1,4931.0,90274810,UIL,U I L HOLDINGS CORP,UIL,221118.0,N,A,R,21819,1,4931.0,90274810.0,,,49.0,493.0,,,,,,,48.91,0.001433,56617.0,1.0,48.94,2769137.47,UIL,6.0,9.0,1.0,,4.0,10,1.0,1.0,1.0,6.0,6.0,2.0,4.0,9.0,7.0,9.0,6.0,4.0,9.0,5.0,4.0,9.0,4.0,4.0,6.0,5.0,2.0,,9.0,3.0,10.0,8.0,7.0,10.0,8.0,6.0,8.0,6.0,6.0,7.0,9.0,7.0,5.0,9.0,10.0,9.0,3.0,3.0,1.0,1.0,7.0,2,6.0,10,1
2015-06-10,53663,,11,1,4931.0,90274810,UIL,U I L HOLDINGS CORP,UIL,221118.0,N,A,R,21819,1,4931.0,90274810.0,,,49.0,493.0,,,,,,,48.66,-0.005111,56617.0,1.0,49.07,2754983.22,UIL,6.0,9.0,1.0,,4.0,10,1.0,1.0,1.0,6.0,6.0,2.0,4.0,9.0,7.0,9.0,6.0,4.0,9.0,5.0,4.0,9.0,4.0,4.0,6.0,5.0,2.0,,9.0,3.0,10.0,8.0,7.0,10.0,8.0,6.0,8.0,6.0,6.0,7.0,9.0,7.0,5.0,9.0,10.0,9.0,3.0,3.0,1.0,1.0,7.0,2,6.0,10,1
2015-06-11,53663,,11,1,4931.0,90274810,UIL,U I L HOLDINGS CORP,UIL,221118.0,N,A,R,21819,1,4931.0,90274810.0,,,49.0,493.0,1232.0,0.432,0.0,,,,48.25,0.000452,56617.0,1.0,48.51,2731770.25,UIL,6.0,9.0,1.0,,4.0,10,1.0,1.0,1.0,6.0,6.0,2.0,4.0,9.0,7.0,9.0,6.0,4.0,9.0,5.0,4.0,9.0,4.0,4.0,6.0,5.0,2.0,,9.0,3.0,10.0,8.0,7.0,10.0,8.0,6.0,8.0,6.0,6.0,7.0,9.0,7.0,5.0,9.0,10.0,9.0,3.0,3.0,1.0,1.0,7.0,2,6.0,10,1
2015-06-12,53663,,11,1,4931.0,90274810,UIL,U I L HOLDINGS CORP,UIL,221118.0,N,A,R,21819,1,4931.0,90274810.0,,,49.0,493.0,,,,,,,47.86,-0.008083,56617.0,1.0,48.0,2709689.62,UIL,6.0,9.0,1.0,,4.0,10,1.0,1.0,1.0,6.0,6.0,2.0,4.0,9.0,7.0,9.0,6.0,4.0,9.0,5.0,4.0,9.0,4.0,4.0,6.0,5.0,2.0,,9.0,3.0,10.0,8.0,7.0,10.0,8.0,6.0,8.0,6.0,6.0,7.0,9.0,7.0,5.0,9.0,10.0,9.0,3.0,3.0,1.0,1.0,7.0,2,6.0,10,1
2015-06-15,53663,,11,1,4931.0,90274810,UIL,U I L HOLDINGS CORP,UIL,221118.0,N,A,R,21819,1,4931.0,90274810.0,,,49.0,493.0,,,,,,,47.75,-0.002298,56617.0,1.0,47.7,2703461.75,UIL,6.0,9.0,1.0,,4.0,10,1.0,1.0,1.0,6.0,6.0,2.0,4.0,9.0,7.0,9.0,6.0,4.0,9.0,5.0,4.0,9.0,4.0,4.0,6.0,5.0,2.0,,9.0,3.0,10.0,8.0,7.0,10.0,8.0,6.0,8.0,6.0,6.0,7.0,9.0,7.0,5.0,9.0,10.0,9.0,3.0,3.0,1.0,1.0,7.0,2,6.0,10,1
2015-06-16,53663,,11,1,4931.0,90274810,UIL,U I L HOLDINGS CORP,UIL,221118.0,N,A,R,21819,1,4931.0,90274810.0,,,49.0,493.0,,,,,,,48.02,0.005654,56617.0,1.0,47.57,2718748.34,UIL,6.0,9.0,1.0,,4.0,10,1.0,1.0,1.0,6.0,6.0,2.0,4.0,9.0,7.0,9.0,6.0,4.0,9.0,5.0,4.0,9.0,4.0,4.0,6.0,5.0,2.0,,9.0,3.0,10.0,8.0,7.0,10.0,8.0,6.0,8.0,6.0,6.0,7.0,9.0,7.0,5.0,9.0,10.0,9.0,3.0,3.0,1.0,1.0,7.0,2,6.0,10,1
2015-06-17,53663,,11,1,4931.0,90274810,UIL,U I L HOLDINGS CORP,UIL,221118.0,N,A,R,21819,1,4931.0,90274810.0,,,49.0,493.0,,,,,,,48.5,0.009996,56617.0,1.0,48.12,2745924.5,UIL,6.0,9.0,1.0,,4.0,10,1.0,1.0,1.0,6.0,6.0,2.0,4.0,9.0,7.0,9.0,6.0,4.0,9.0,5.0,4.0,9.0,4.0,4.0,6.0,5.0,2.0,,9.0,3.0,10.0,8.0,7.0,10.0,8.0,6.0,8.0,6.0,6.0,7.0,9.0,7.0,5.0,9.0,10.0,9.0,3.0,3.0,1.0,1.0,7.0,2,6.0,10,1
2015-06-18,53663,,11,1,4931.0,90274810,UIL,U I L HOLDINGS CORP,UIL,221118.0,N,A,R,21819,1,4931.0,90274810.0,,,49.0,493.0,,,,,,,48.75,0.005155,56617.0,1.0,48.45,2760078.75,UIL,6.0,9.0,1.0,,4.0,10,1.0,1.0,1.0,6.0,6.0,2.0,4.0,9.0,7.0,9.0,6.0,4.0,9.0,5.0,4.0,9.0,4.0,4.0,6.0,5.0,2.0,,9.0,3.0,10.0,8.0,7.0,10.0,8.0,6.0,8.0,6.0,6.0,7.0,9.0,7.0,5.0,9.0,10.0,9.0,3.0,3.0,1.0,1.0,7.0,2,6.0,10,1
2015-06-19,53663,,11,1,4931.0,90274810,UIL,U I L HOLDINGS CORP,UIL,221118.0,N,A,R,21819,1,4931.0,90274810.0,,,49.0,493.0,,,,,,,48.36,-0.008,56617.0,1.0,48.44,2737998.12,UIL,6.0,9.0,1.0,,4.0,10,1.0,1.0,1.0,6.0,6.0,2.0,4.0,9.0,7.0,9.0,6.0,4.0,9.0,5.0,4.0,9.0,4.0,4.0,6.0,5.0,2.0,,9.0,3.0,10.0,8.0,7.0,10.0,8.0,6.0,8.0,6.0,6.0,7.0,9.0,7.0,5.0,9.0,10.0,9.0,3.0,3.0,1.0,1.0,7.0,2,6.0,10,1
2015-06-22,53663,,11,1,4931.0,90274810,UIL,U I L HOLDINGS CORP,UIL,221118.0,N,A,R,21819,1,4931.0,90274810.0,,,49.0,493.0,,,,,,,47.75,-0.012614,56617.0,1.0,48.69,2703461.75,UIL,6.0,9.0,1.0,,4.0,10,1.0,1.0,1.0,6.0,6.0,2.0,4.0,9.0,7.0,9.0,6.0,4.0,9.0,5.0,4.0,9.0,4.0,4.0,6.0,5.0,2.0,,9.0,3.0,10.0,8.0,7.0,10.0,8.0,6.0,8.0,6.0,6.0,7.0,9.0,7.0,5.0,9.0,10.0,9.0,3.0,3.0,1.0,1.0,7.0,2,6.0,10,1
2015-06-23,53663,,11,1,4931.0,90274810,UIL,U I L HOLDINGS CORP,UIL,221118.0,N,A,R,21819,1,4931.0,90274810.0,,,49.0,493.0,,,,,,,48.01,0.005445,56617.0,1.0,47.82,2718182.17,UIL,6.0,9.0,1.0,,4.0,10,1.0,1.0,1.0,6.0,6.0,2.0,4.0,9.0,7.0,9.0,6.0,4.0,9.0,5.0,4.0,9.0,4.0,4.0,6.0,5.0,2.0,,9.0,3.0,10.0,8.0,7.0,10.0,8.0,6.0,8.0,6.0,6.0,7.0,9.0,7.0,5.0,9.0,10.0,9.0,3.0,3.0,1.0,1.0,7.0,2,6.0,10,1
2015-06-24,53663,,11,1,4931.0,90274810,UIL,U I L HOLDINGS CORP,UIL,221118.0,N,A,R,21819,1,4931.0,90274810.0,,,49.0,493.0,,,,,,,48.0,-0.000208,56617.0,1.0,47.9,2717616.0,UIL,6.0,9.0,1.0,,4.0,10,1.0,1.0,1.0,6.0,6.0,2.0,4.0,9.0,7.0,9.0,6.0,4.0,9.0,5.0,4.0,9.0,4.0,4.0,6.0,5.0,2.0,,9.0,3.0,10.0,8.0,7.0,10.0,8.0,6.0,8.0,6.0,6.0,7.0,9.0,7.0,5.0,9.0,10.0,9.0,3.0,3.0,1.0,1.0,7.0,2,6.0,10,1
2015-06-25,53663,,11,1,4931.0,90274810,UIL,U I L HOLDINGS CORP,UIL,221118.0,N,A,R,21819,1,4931.0,90274810.0,,,49.0,493.0,,,,,,,47.99,-0.000208,56617.0,1.0,47.95,2717049.83,UIL,6.0,9.0,1.0,,4.0,10,1.0,1.0,1.0,6.0,6.0,2.0,4.0,9.0,7.0,9.0,6.0,4.0,9.0,5.0,4.0,9.0,4.0,4.0,6.0,5.0,2.0,,9.0,3.0,10.0,8.0,7.0,10.0,8.0,6.0,8.0,6.0,6.0,7.0,9.0,7.0,5.0,9.0,10.0,9.0,3.0,3.0,1.0,1.0,7.0,2,6.0,10,1
2015-06-26,53663,,11,1,4931.0,90274810,UIL,U I L HOLDINGS CORP,UIL,221118.0,N,A,R,21819,1,4931.0,90274810.0,,,49.0,493.0,,,,,,,47.99,0.0,56617.0,1.0,48.0,2717049.83,UIL,6.0,9.0,1.0,,4.0,10,1.0,1.0,1.0,6.0,6.0,2.0,4.0,9.0,7.0,9.0,6.0,4.0,9.0,5.0,4.0,9.0,4.0,4.0,6.0,5.0,2.0,,9.0,3.0,10.0,8.0,7.0,10.0,8.0,6.0,8.0,6.0,6.0,7.0,9.0,7.0,5.0,9.0,10.0,9.0,3.0,3.0,1.0,1.0,7.0,2,6.0,10,1
2015-06-29,53663,,11,1,4931.0,90274810,UIL,U I L HOLDINGS CORP,UIL,221118.0,N,A,R,21819,1,4931.0,90274810.0,,,49.0,493.0,,,,,,,47.53,-0.009585,56617.0,1.0,48.0,2691006.01,UIL,6.0,9.0,1.0,,4.0,10,1.0,1.0,1.0,6.0,6.0,2.0,4.0,9.0,7.0,9.0,6.0,4.0,9.0,5.0,4.0,9.0,4.0,4.0,6.0,5.0,2.0,,9.0,3.0,10.0,8.0,7.0,10.0,8.0,6.0,8.0,6.0,6.0,7.0,9.0,7.0,5.0,9.0,10.0,9.0,3.0,3.0,1.0,1.0,7.0,2,6.0,10,1
2015-06-30,53663,,11,1,4931.0,90274810,UIL,U I L HOLDINGS CORP,UIL,221118.0,N,A,R,21819,1,4931.0,90274810.0,,,49.0,493.0,,,,,,,45.82,-0.035977,56617.0,1.0,47.81,2594190.94,UIL,6.0,9.0,1.0,,4.0,10,1.0,1.0,1.0,6.0,6.0,2.0,4.0,9.0,7.0,9.0,6.0,4.0,9.0,5.0,4.0,9.0,4.0,4.0,6.0,5.0,2.0,,9.0,3.0,10.0,8.0,7.0,10.0,8.0,6.0,8.0,6.0,6.0,7.0,9.0,7.0,5.0,9.0,10.0,9.0,3.0,3.0,1.0,1.0,7.0,2,6.0,10,1
2015-07-01,53663,,11,1,4931.0,90274810,UIL,U I L HOLDINGS CORP,UIL,221118.0,N,A,R,21819,1,4931.0,90274810.0,,,49.0,493.0,,,,,,,45.02,-0.01746,56617.0,1.0,46.23,2548897.34,UIL,6.0,8.0,1.0,,4.0,10,10.0,1.0,6.0,7.0,7.0,2.0,4.0,9.0,5.0,7.0,6.0,4.0,9.0,6.0,8.0,8.0,4.0,4.0,5.0,2.0,4.0,,10.0,2.0,10.0,8.0,7.0,10.0,6.0,6.0,8.0,6.0,6.0,7.0,9.0,7.0,9.0,9.0,10.0,6.0,8.0,9.0,5.0,1.0,7.0,2,8.0,10,1
2015-07-02,53663,,11,1,4931.0,90274810,UIL,U I L HOLDINGS CORP,UIL,221118.0,N,A,R,21819,1,4931.0,90274810.0,,,49.0,493.0,,,,,,,45.34,0.007108,56617.0,1.0,44.25,2567014.78,UIL,6.0,8.0,1.0,,4.0,10,10.0,1.0,6.0,7.0,7.0,2.0,4.0,9.0,5.0,7.0,6.0,4.0,9.0,6.0,8.0,8.0,4.0,4.0,5.0,2.0,4.0,,10.0,2.0,10.0,8.0,7.0,10.0,6.0,6.0,8.0,6.0,6.0,7.0,9.0,7.0,9.0,9.0,10.0,6.0,8.0,9.0,5.0,1.0,7.0,2,8.0,10,1
2015-07-06,53663,,11,1,4931.0,90274810,UIL,U I L HOLDINGS CORP,UIL,221118.0,N,A,R,21819,1,4931.0,90274810.0,,,49.0,493.0,,,,,,,45.73,0.008602,56617.0,1.0,45.31,2589095.41,UIL,6.0,8.0,1.0,,4.0,10,10.0,1.0,6.0,7.0,7.0,2.0,4.0,9.0,5.0,7.0,6.0,4.0,9.0,6.0,8.0,8.0,4.0,4.0,5.0,2.0,4.0,,10.0,2.0,10.0,8.0,7.0,10.0,6.0,6.0,8.0,6.0,6.0,7.0,9.0,7.0,9.0,9.0,10.0,6.0,8.0,9.0,5.0,1.0,7.0,2,8.0,10,1
2015-07-07,53663,,11,1,4931.0,90274810,UIL,U I L HOLDINGS CORP,UIL,221118.0,N,A,R,21819,1,4931.0,90274810.0,,,49.0,493.0,,,,,,,47.0,0.027772,56617.0,1.0,45.76,2660999.0,UIL,6.0,8.0,1.0,,4.0,10,10.0,1.0,6.0,7.0,7.0,2.0,4.0,9.0,5.0,7.0,6.0,4.0,9.0,6.0,8.0,8.0,4.0,4.0,5.0,2.0,4.0,,10.0,2.0,10.0,8.0,7.0,10.0,6.0,6.0,8.0,6.0,6.0,7.0,9.0,7.0,9.0,9.0,10.0,6.0,8.0,9.0,5.0,1.0,7.0,2,8.0,10,1
2015-07-08,53663,,11,1,4931.0,90274810,UIL,U I L HOLDINGS CORP,UIL,221118.0,N,A,R,21819,1,4931.0,90274810.0,,,49.0,493.0,,,,,,,47.0,0.0,56617.0,1.0,46.84,2660999.0,UIL,6.0,8.0,1.0,,4.0,10,10.0,1.0,6.0,7.0,7.0,2.0,4.0,9.0,5.0,7.0,6.0,4.0,9.0,6.0,8.0,8.0,4.0,4.0,5.0,2.0,4.0,,10.0,2.0,10.0,8.0,7.0,10.0,6.0,6.0,8.0,6.0,6.0,7.0,9.0,7.0,9.0,9.0,10.0,6.0,8.0,9.0,5.0,1.0,7.0,2,8.0,10,1
2015-07-09,53663,,11,1,4931.0,90274810,UIL,U I L HOLDINGS CORP,UIL,221118.0,N,A,R,21819,1,4931.0,90274810.0,,,49.0,493.0,,,,,,,46.89,-0.00234,56617.0,1.0,47.29,2654771.13,UIL,6.0,8.0,1.0,,4.0,10,10.0,1.0,6.0,7.0,7.0,2.0,4.0,9.0,5.0,7.0,6.0,4.0,9.0,6.0,8.0,8.0,4.0,4.0,5.0,2.0,4.0,,10.0,2.0,10.0,8.0,7.0,10.0,6.0,6.0,8.0,6.0,6.0,7.0,9.0,7.0,9.0,9.0,10.0,6.0,8.0,9.0,5.0,1.0,7.0,2,8.0,10,1
2015-07-10,53663,,11,1,4931.0,90274810,UIL,U I L HOLDINGS CORP,UIL,221118.0,N,A,R,21819,1,4931.0,90274810.0,,,49.0,493.0,,,,,,,47.3,0.008744,56617.0,1.0,46.95,2677984.1,UIL,6.0,8.0,1.0,,4.0,10,10.0,1.0,6.0,7.0,7.0,2.0,4.0,9.0,5.0,7.0,6.0,4.0,9.0,6.0,8.0,8.0,4.0,4.0,5.0,2.0,4.0,,10.0,2.0,10.0,8.0,7.0,10.0,6.0,6.0,8.0,6.0,6.0,7.0,9.0,7.0,9.0,9.0,10.0,6.0,8.0,9.0,5.0,1.0,7.0,2,8.0,10,1
2015-07-13,53663,,11,1,4931.0,90274810,UIL,U I L HOLDINGS CORP,UIL,221118.0,N,A,R,21819,1,4931.0,90274810.0,,,49.0,493.0,,,,,,,47.75,0.009514,56617.0,1.0,47.45,2703461.75,UIL,6.0,8.0,1.0,,4.0,10,10.0,1.0,6.0,7.0,7.0,2.0,4.0,9.0,5.0,7.0,6.0,4.0,9.0,6.0,8.0,8.0,4.0,4.0,5.0,2.0,4.0,,10.0,2.0,10.0,8.0,7.0,10.0,6.0,6.0,8.0,6.0,6.0,7.0,9.0,7.0,9.0,9.0,10.0,6.0,8.0,9.0,5.0,1.0,7.0,2,8.0,10,1
2015-07-14,53663,,11,1,4931.0,90274810,UIL,U I L HOLDINGS CORP,UIL,221118.0,N,A,R,21819,1,4931.0,90274810.0,,,49.0,493.0,,,,,,,46.85,-0.018848,56617.0,1.0,47.6,2652506.45,UIL,6.0,8.0,1.0,,4.0,10,10.0,1.0,6.0,7.0,7.0,2.0,4.0,9.0,5.0,7.0,6.0,4.0,9.0,6.0,8.0,8.0,4.0,4.0,5.0,2.0,4.0,,10.0,2.0,10.0,8.0,7.0,10.0,6.0,6.0,8.0,6.0,6.0,7.0,9.0,7.0,9.0,9.0,10.0,6.0,8.0,9.0,5.0,1.0,7.0,2,8.0,10,1
2015-07-15,53663,,11,1,4931.0,90274810,UIL,U I L HOLDINGS CORP,UIL,221118.0,N,A,R,21819,1,4931.0,90274810.0,,,49.0,493.0,,,,,,,46.84,-0.000213,56617.0,1.0,46.72,2651940.28,UIL,6.0,8.0,1.0,,4.0,10,10.0,1.0,6.0,7.0,7.0,2.0,4.0,9.0,5.0,7.0,6.0,4.0,9.0,6.0,8.0,8.0,4.0,4.0,5.0,2.0,4.0,,10.0,2.0,10.0,8.0,7.0,10.0,6.0,6.0,8.0,6.0,6.0,7.0,9.0,7.0,9.0,9.0,10.0,6.0,8.0,9.0,5.0,1.0,7.0,2,8.0,10,1
2015-07-16,53663,,11,1,4931.0,90274810,UIL,U I L HOLDINGS CORP,UIL,221118.0,N,A,R,21819,1,4931.0,90274810.0,,,49.0,493.0,,,,,,,47.26,0.008967,56617.0,1.0,46.94,2675719.42,UIL,6.0,8.0,1.0,,4.0,10,10.0,1.0,6.0,7.0,7.0,2.0,4.0,9.0,5.0,7.0,6.0,4.0,9.0,6.0,8.0,8.0,4.0,4.0,5.0,2.0,4.0,,10.0,2.0,10.0,8.0,7.0,10.0,6.0,6.0,8.0,6.0,6.0,7.0,9.0,7.0,9.0,9.0,10.0,6.0,8.0,9.0,5.0,1.0,7.0,2,8.0,10,1
2015-07-17,53663,,11,1,4931.0,90274810,UIL,U I L HOLDINGS CORP,UIL,221118.0,N,A,R,21819,1,4931.0,90274810.0,,,49.0,493.0,,,,,,,47.05,-0.004443,56617.0,1.0,47.12,2663829.85,UIL,6.0,8.0,1.0,,4.0,10,10.0,1.0,6.0,7.0,7.0,2.0,4.0,9.0,5.0,7.0,6.0,4.0,9.0,6.0,8.0,8.0,4.0,4.0,5.0,2.0,4.0,,10.0,2.0,10.0,8.0,7.0,10.0,6.0,6.0,8.0,6.0,6.0,7.0,9.0,7.0,9.0,9.0,10.0,6.0,8.0,9.0,5.0,1.0,7.0,2,8.0,10,1
2015-07-20,53663,,11,1,4931.0,90274810,UIL,U I L HOLDINGS CORP,UIL,221118.0,N,A,R,21819,1,4931.0,90274810.0,,,49.0,493.0,,,,,,,46.88,-0.003613,56617.0,1.0,47.17,2654204.96,UIL,6.0,8.0,1.0,,4.0,10,10.0,1.0,6.0,7.0,7.0,2.0,4.0,9.0,5.0,7.0,6.0,4.0,9.0,6.0,8.0,8.0,4.0,4.0,5.0,2.0,4.0,,10.0,2.0,10.0,8.0,7.0,10.0,6.0,6.0,8.0,6.0,6.0,7.0,9.0,7.0,9.0,9.0,10.0,6.0,8.0,9.0,5.0,1.0,7.0,2,8.0,10,1
2015-07-21,53663,,11,1,4931.0,90274810,UIL,U I L HOLDINGS CORP,UIL,221118.0,N,A,R,21819,1,4931.0,90274810.0,,,49.0,493.0,,,,,,,47.07,0.004053,56617.0,1.0,46.86,2664962.19,UIL,6.0,8.0,1.0,,4.0,10,10.0,1.0,6.0,7.0,7.0,2.0,4.0,9.0,5.0,7.0,6.0,4.0,9.0,6.0,8.0,8.0,4.0,4.0,5.0,2.0,4.0,,10.0,2.0,10.0,8.0,7.0,10.0,6.0,6.0,8.0,6.0,6.0,7.0,9.0,7.0,9.0,9.0,10.0,6.0,8.0,9.0,5.0,1.0,7.0,2,8.0,10,1
2015-07-22,53663,,11,1,4931.0,90274810,UIL,U I L HOLDINGS CORP,UIL,221118.0,N,A,R,21819,1,4931.0,90274810.0,,,49.0,493.0,,,,,,,47.72,0.013809,56617.0,1.0,47.16,2701763.24,UIL,6.0,8.0,1.0,,4.0,10,10.0,1.0,6.0,7.0,7.0,2.0,4.0,9.0,5.0,7.0,6.0,4.0,9.0,6.0,8.0,8.0,4.0,4.0,5.0,2.0,4.0,,10.0,2.0,10.0,8.0,7.0,10.0,6.0,6.0,8.0,6.0,6.0,7.0,9.0,7.0,9.0,9.0,10.0,6.0,8.0,9.0,5.0,1.0,7.0,2,8.0,10,1
2015-07-23,53663,,11,1,4931.0,90274810,UIL,U I L HOLDINGS CORP,UIL,221118.0,N,A,R,21819,1,4931.0,90274810.0,,,49.0,493.0,,,,,,,46.85,-0.018231,56617.0,1.0,47.81,2652506.45,UIL,6.0,8.0,1.0,,4.0,10,10.0,1.0,6.0,7.0,7.0,2.0,4.0,9.0,5.0,7.0,6.0,4.0,9.0,6.0,8.0,8.0,4.0,4.0,5.0,2.0,4.0,,10.0,2.0,10.0,8.0,7.0,10.0,6.0,6.0,8.0,6.0,6.0,7.0,9.0,7.0,9.0,9.0,10.0,6.0,8.0,9.0,5.0,1.0,7.0,2,8.0,10,1
2015-07-24,53663,,11,1,4931.0,90274810,UIL,U I L HOLDINGS CORP,UIL,221118.0,N,A,R,21819,1,4931.0,90274810.0,,,49.0,493.0,,,,,,,46.24,-0.01302,56617.0,1.0,46.95,2617970.08,UIL,6.0,8.0,1.0,,4.0,10,10.0,1.0,6.0,7.0,7.0,2.0,4.0,9.0,5.0,7.0,6.0,4.0,9.0,6.0,8.0,8.0,4.0,4.0,5.0,2.0,4.0,,10.0,2.0,10.0,8.0,7.0,10.0,6.0,6.0,8.0,6.0,6.0,7.0,9.0,7.0,9.0,9.0,10.0,6.0,8.0,9.0,5.0,1.0,7.0,2,8.0,10,1
2015-07-27,53663,,11,1,4931.0,90274810,UIL,U I L HOLDINGS CORP,UIL,221118.0,N,A,R,21819,1,4931.0,90274810.0,,,49.0,493.0,,,,,,,47.36,0.024221,56617.0,1.0,46.01,2681381.12,UIL,6.0,8.0,1.0,,4.0,10,10.0,1.0,6.0,7.0,7.0,2.0,4.0,9.0,5.0,7.0,6.0,4.0,9.0,6.0,8.0,8.0,4.0,4.0,5.0,2.0,4.0,,10.0,2.0,10.0,8.0,7.0,10.0,6.0,6.0,8.0,6.0,6.0,7.0,9.0,7.0,9.0,9.0,10.0,6.0,8.0,9.0,5.0,1.0,7.0,2,8.0,10,1
2015-07-28,53663,,11,1,4931.0,90274810,UIL,U I L HOLDINGS CORP,UIL,221118.0,N,A,R,21819,1,4931.0,90274810.0,,,49.0,493.0,,,,,,,47.29,-0.001478,56617.0,1.0,47.42,2677417.93,UIL,6.0,8.0,1.0,,4.0,10,10.0,1.0,6.0,7.0,7.0,2.0,4.0,9.0,5.0,7.0,6.0,4.0,9.0,6.0,8.0,8.0,4.0,4.0,5.0,2.0,4.0,,10.0,2.0,10.0,8.0,7.0,10.0,6.0,6.0,8.0,6.0,6.0,7.0,9.0,7.0,9.0,9.0,10.0,6.0,8.0,9.0,5.0,1.0,7.0,2,8.0,10,1
2015-07-29,53663,,11,1,4931.0,90274810,UIL,U I L HOLDINGS CORP,UIL,221118.0,N,A,R,21819,1,4931.0,90274810.0,,,49.0,493.0,,,,,,,47.01,-0.005921,56617.0,1.0,47.24,2661565.17,UIL,6.0,8.0,1.0,,4.0,10,10.0,1.0,6.0,7.0,7.0,2.0,4.0,9.0,5.0,7.0,6.0,4.0,9.0,6.0,8.0,8.0,4.0,4.0,5.0,2.0,4.0,,10.0,2.0,10.0,8.0,7.0,10.0,6.0,6.0,8.0,6.0,6.0,7.0,9.0,7.0,9.0,9.0,10.0,6.0,8.0,9.0,5.0,1.0,7.0,2,8.0,10,1
2015-07-30,53663,,11,1,4931.0,90274810,UIL,U I L HOLDINGS CORP,UIL,221118.0,N,A,R,21819,1,4931.0,90274810.0,,,49.0,493.0,,,,,,,47.21,0.004254,56617.0,1.0,46.85,2672888.57,UIL,6.0,8.0,1.0,,4.0,10,10.0,1.0,6.0,7.0,7.0,2.0,4.0,9.0,5.0,7.0,6.0,4.0,9.0,6.0,8.0,8.0,4.0,4.0,5.0,2.0,4.0,,10.0,2.0,10.0,8.0,7.0,10.0,6.0,6.0,8.0,6.0,6.0,7.0,9.0,7.0,9.0,9.0,10.0,6.0,8.0,9.0,5.0,1.0,7.0,2,8.0,10,1
2015-07-31,53663,,11,1,4931.0,90274810,UIL,U I L HOLDINGS CORP,UIL,221118.0,N,A,R,21819,1,4931.0,90274810.0,,,49.0,493.0,,,,,,,47.94,0.015463,56617.0,1.0,47.39,2714218.98,UIL,6.0,8.0,1.0,,4.0,10,10.0,1.0,6.0,7.0,7.0,2.0,4.0,9.0,5.0,7.0,6.0,4.0,9.0,6.0,8.0,8.0,4.0,4.0,5.0,2.0,4.0,,10.0,2.0,10.0,8.0,7.0,10.0,6.0,6.0,8.0,6.0,6.0,7.0,9.0,7.0,9.0,9.0,10.0,6.0,8.0,9.0,5.0,1.0,7.0,2,8.0,10,1
2015-08-03,53663,,11,1,4931.0,90274810,UIL,U I L HOLDINGS CORP,UIL,221118.0,N,A,R,21819,1,4931.0,90274810.0,,,49.0,493.0,,,,,,,48.17,0.004798,56617.0,1.0,47.9,2727240.89,UIL,6.0,8.0,1.0,,4.0,10,10.0,1.0,6.0,7.0,7.0,2.0,4.0,9.0,5.0,7.0,6.0,4.0,9.0,6.0,8.0,8.0,4.0,4.0,5.0,2.0,4.0,,7.0,2.0,9.0,6.0,5.0,9.0,6.0,7.0,8.0,6.0,,,,,3.0,7.0,10.0,7.0,3.0,4.0,2.0,1.0,7.0,2,8.0,10,1
2015-08-04,53663,,11,1,4931.0,90274810,UIL,U I L HOLDINGS CORP,UIL,221118.0,N,A,R,21819,1,4931.0,90274810.0,,,49.0,493.0,,,,,,,47.72,-0.009342,56617.0,1.0,48.08,2701763.24,UIL,6.0,8.0,1.0,,4.0,10,10.0,1.0,6.0,7.0,7.0,2.0,4.0,9.0,5.0,7.0,6.0,4.0,9.0,6.0,8.0,8.0,4.0,4.0,5.0,2.0,4.0,,7.0,2.0,9.0,6.0,5.0,9.0,6.0,7.0,8.0,6.0,,,,,3.0,7.0,10.0,7.0,3.0,4.0,2.0,1.0,7.0,2,8.0,10,1
2015-08-05,53663,,11,1,4931.0,90274810,UIL,U I L HOLDINGS CORP,UIL,221118.0,N,A,R,21819,1,4931.0,90274810.0,,,49.0,493.0,,,,,,,47.77,0.001048,56617.0,1.0,48.0,2704594.09,UIL,6.0,8.0,1.0,,4.0,10,10.0,1.0,6.0,7.0,7.0,2.0,4.0,9.0,5.0,7.0,6.0,4.0,9.0,6.0,8.0,8.0,4.0,4.0,5.0,2.0,4.0,,7.0,2.0,9.0,6.0,5.0,9.0,6.0,7.0,8.0,6.0,,,,,3.0,7.0,10.0,7.0,3.0,4.0,2.0,1.0,7.0,2,8.0,10,1
2015-08-06,53663,,11,1,4931.0,90274810,UIL,U I L HOLDINGS CORP,UIL,221118.0,N,A,R,21819,1,4931.0,90274810.0,,,49.0,493.0,,,,,,,46.87,-0.01884,56617.0,1.0,46.94,2653638.79,UIL,6.0,8.0,1.0,,4.0,10,10.0,1.0,6.0,7.0,7.0,2.0,4.0,9.0,5.0,7.0,6.0,4.0,9.0,6.0,8.0,8.0,4.0,4.0,5.0,2.0,4.0,,7.0,2.0,9.0,6.0,5.0,9.0,6.0,7.0,8.0,6.0,,,,,3.0,7.0,10.0,7.0,3.0,4.0,2.0,1.0,7.0,2,8.0,10,1
2015-08-07,53663,,11,1,4931.0,90274810,UIL,U I L HOLDINGS CORP,UIL,221118.0,N,A,R,21819,1,4931.0,90274810.0,,,49.0,493.0,,,,,,,46.67,-0.004267,56617.0,1.0,46.5,2642315.39,UIL,6.0,8.0,1.0,,4.0,10,10.0,1.0,6.0,7.0,7.0,2.0,4.0,9.0,5.0,7.0,6.0,4.0,9.0,6.0,8.0,8.0,4.0,4.0,5.0,2.0,4.0,,7.0,2.0,9.0,6.0,5.0,9.0,6.0,7.0,8.0,6.0,,,,,3.0,7.0,10.0,7.0,3.0,4.0,2.0,1.0,7.0,2,8.0,10,1
2015-08-10,53663,,11,1,4931.0,90274810,UIL,U I L HOLDINGS CORP,UIL,221118.0,N,A,R,21819,1,4931.0,90274810.0,,,49.0,493.0,,,,,,,46.95,0.006,56617.0,1.0,46.75,2658168.15,UIL,6.0,8.0,1.0,,4.0,10,10.0,1.0,6.0,7.0,7.0,2.0,4.0,9.0,5.0,7.0,6.0,4.0,9.0,6.0,8.0,8.0,4.0,4.0,5.0,2.0,4.0,,7.0,2.0,9.0,6.0,5.0,9.0,6.0,7.0,8.0,6.0,,,,,3.0,7.0,10.0,7.0,3.0,4.0,2.0,1.0,7.0,2,8.0,10,1
2015-08-11,53663,,11,1,4931.0,90274810,UIL,U I L HOLDINGS CORP,UIL,221118.0,N,A,R,21819,1,4931.0,90274810.0,,,49.0,493.0,,,,,,,47.19,0.005112,56617.0,1.0,46.83,2671756.23,UIL,6.0,8.0,1.0,,4.0,10,10.0,1.0,6.0,7.0,7.0,2.0,4.0,9.0,5.0,7.0,6.0,4.0,9.0,6.0,8.0,8.0,4.0,4.0,5.0,2.0,4.0,,7.0,2.0,9.0,6.0,5.0,9.0,6.0,7.0,8.0,6.0,,,,,3.0,7.0,10.0,7.0,3.0,4.0,2.0,1.0,7.0,2,8.0,10,1
2015-08-12,53663,,11,1,4931.0,90274810,UIL,U I L HOLDINGS CORP,UIL,221118.0,N,A,R,21819,1,4931.0,90274810.0,,,49.0,493.0,,,,,,,47.32,0.002755,56617.0,1.0,46.92,2679116.44,UIL,6.0,8.0,1.0,,4.0,10,10.0,1.0,6.0,7.0,7.0,2.0,4.0,9.0,5.0,7.0,6.0,4.0,9.0,6.0,8.0,8.0,4.0,4.0,5.0,2.0,4.0,,7.0,2.0,9.0,6.0,5.0,9.0,6.0,7.0,8.0,6.0,,,,,3.0,7.0,10.0,7.0,3.0,4.0,2.0,1.0,7.0,2,8.0,10,1
2015-08-13,53663,,11,1,4931.0,90274810,UIL,U I L HOLDINGS CORP,UIL,221118.0,N,A,R,21819,1,4931.0,90274810.0,,,49.0,493.0,,,,,,,47.03,-0.006129,56617.0,1.0,47.14,2662697.51,UIL,6.0,8.0,1.0,,4.0,10,10.0,1.0,6.0,7.0,7.0,2.0,4.0,9.0,5.0,7.0,6.0,4.0,9.0,6.0,8.0,8.0,4.0,4.0,5.0,2.0,4.0,,7.0,2.0,9.0,6.0,5.0,9.0,6.0,7.0,8.0,6.0,,,,,3.0,7.0,10.0,7.0,3.0,4.0,2.0,1.0,7.0,2,8.0,10,1
2015-08-14,53663,,11,1,4931.0,90274810,UIL,U I L HOLDINGS CORP,UIL,221118.0,N,A,R,21819,1,4931.0,90274810.0,,,49.0,493.0,,,,,,,47.62,0.012545,56617.0,1.0,46.95,2696101.54,UIL,6.0,8.0,1.0,,4.0,10,10.0,1.0,6.0,7.0,7.0,2.0,4.0,9.0,5.0,7.0,6.0,4.0,9.0,6.0,8.0,8.0,4.0,4.0,5.0,2.0,4.0,,7.0,2.0,9.0,6.0,5.0,9.0,6.0,7.0,8.0,6.0,,,,,3.0,7.0,10.0,7.0,3.0,4.0,2.0,1.0,7.0,2,8.0,10,1
2015-08-17,53663,,11,1,4931.0,90274810,UIL,U I L HOLDINGS CORP,UIL,221118.0,N,A,R,21819,1,4931.0,90274810.0,,,49.0,493.0,,,,,,,49.2,0.033179,56617.0,1.0,47.45,2785556.4,UIL,6.0,8.0,1.0,,4.0,10,10.0,1.0,6.0,7.0,7.0,2.0,4.0,9.0,5.0,7.0,6.0,4.0,9.0,6.0,8.0,8.0,4.0,4.0,5.0,2.0,4.0,,7.0,2.0,9.0,6.0,5.0,9.0,6.0,7.0,8.0,6.0,,,,,3.0,7.0,10.0,7.0,3.0,4.0,2.0,1.0,7.0,2,8.0,10,1
2015-08-18,53663,,11,1,4931.0,90274810,UIL,U I L HOLDINGS CORP,UIL,221118.0,N,A,R,21819,1,4931.0,90274810.0,,,49.0,493.0,,,,,,,49.15,-0.001016,56617.0,1.0,48.98,2782725.55,UIL,6.0,8.0,1.0,,4.0,10,10.0,1.0,6.0,7.0,7.0,2.0,4.0,9.0,5.0,7.0,6.0,4.0,9.0,6.0,8.0,8.0,4.0,4.0,5.0,2.0,4.0,,7.0,2.0,9.0,6.0,5.0,9.0,6.0,7.0,8.0,6.0,,,,,3.0,7.0,10.0,7.0,3.0,4.0,2.0,1.0,7.0,2,8.0,10,1
2015-08-19,53663,,11,1,4931.0,90274810,UIL,U I L HOLDINGS CORP,UIL,221118.0,N,A,R,21819,1,4931.0,90274810.0,,,49.0,493.0,,,,,,,48.97,-0.003662,56617.0,1.0,48.73,2772534.49,UIL,6.0,8.0,1.0,,4.0,10,10.0,1.0,6.0,7.0,7.0,2.0,4.0,9.0,5.0,7.0,6.0,4.0,9.0,6.0,8.0,8.0,4.0,4.0,5.0,2.0,4.0,,7.0,2.0,9.0,6.0,5.0,9.0,6.0,7.0,8.0,6.0,,,,,3.0,7.0,10.0,7.0,3.0,4.0,2.0,1.0,7.0,2,8.0,10,1
2015-08-20,53663,,11,1,4931.0,90274810,UIL,U I L HOLDINGS CORP,UIL,221118.0,N,A,R,21819,1,4931.0,90274810.0,,,49.0,493.0,,,,,,,48.49,-0.009802,56617.0,1.0,48.56,2745358.33,UIL,6.0,8.0,1.0,,4.0,10,10.0,1.0,6.0,7.0,7.0,2.0,4.0,9.0,5.0,7.0,6.0,4.0,9.0,6.0,8.0,8.0,4.0,4.0,5.0,2.0,4.0,,7.0,2.0,9.0,6.0,5.0,9.0,6.0,7.0,8.0,6.0,,,,,3.0,7.0,10.0,7.0,3.0,4.0,2.0,1.0,7.0,2,8.0,10,1
2015-08-21,53663,,11,1,4931.0,90274810,UIL,U I L HOLDINGS CORP,UIL,221118.0,N,A,R,21819,1,4931.0,90274810.0,,,49.0,493.0,,,,,,,47.62,-0.017942,56617.0,1.0,46.5,2696101.54,UIL,6.0,8.0,1.0,,4.0,10,10.0,1.0,6.0,7.0,7.0,2.0,4.0,9.0,5.0,7.0,6.0,4.0,9.0,6.0,8.0,8.0,4.0,4.0,5.0,2.0,4.0,,7.0,2.0,9.0,6.0,5.0,9.0,6.0,7.0,8.0,6.0,,,,,3.0,7.0,10.0,7.0,3.0,4.0,2.0,1.0,7.0,2,8.0,10,1
2015-08-24,53663,,11,1,4931.0,90274810,UIL,U I L HOLDINGS CORP,UIL,221118.0,N,A,R,21819,1,4931.0,90274810.0,,,49.0,493.0,,,,,,,46.7,-0.01932,56617.0,1.0,45.0,2644013.9,UIL,6.0,8.0,1.0,,4.0,10,10.0,1.0,6.0,7.0,7.0,2.0,4.0,9.0,5.0,7.0,6.0,4.0,9.0,6.0,8.0,8.0,4.0,4.0,5.0,2.0,4.0,,7.0,2.0,9.0,6.0,5.0,9.0,6.0,7.0,8.0,6.0,,,,,3.0,7.0,10.0,7.0,3.0,4.0,2.0,1.0,7.0,2,8.0,10,1
2015-08-25,53663,,11,1,4931.0,90274810,UIL,U I L HOLDINGS CORP,UIL,221118.0,N,A,R,21819,1,4931.0,90274810.0,,,49.0,493.0,,,,,,,45.56,-0.024411,56617.0,1.0,47.74,2579470.52,UIL,6.0,8.0,1.0,,4.0,10,10.0,1.0,6.0,7.0,7.0,2.0,4.0,9.0,5.0,7.0,6.0,4.0,9.0,6.0,8.0,8.0,4.0,4.0,5.0,2.0,4.0,,7.0,2.0,9.0,6.0,5.0,9.0,6.0,7.0,8.0,6.0,,,,,3.0,7.0,10.0,7.0,3.0,4.0,2.0,1.0,7.0,2,8.0,10,1
2015-08-26,53663,,11,1,4931.0,90274810,UIL,U I L HOLDINGS CORP,UIL,221118.0,N,A,R,21819,1,4931.0,90274810.0,,,49.0,493.0,,,,,,,45.86,0.006585,56617.0,1.0,46.22,2596455.62,UIL,6.0,8.0,1.0,,4.0,10,10.0,1.0,6.0,7.0,7.0,2.0,4.0,9.0,5.0,7.0,6.0,4.0,9.0,6.0,8.0,8.0,4.0,4.0,5.0,2.0,4.0,,7.0,2.0,9.0,6.0,5.0,9.0,6.0,7.0,8.0,6.0,,,,,3.0,7.0,10.0,7.0,3.0,4.0,2.0,1.0,7.0,2,8.0,10,1
2015-08-27,53663,,11,1,4931.0,90274810,UIL,U I L HOLDINGS CORP,UIL,221118.0,N,A,R,21819,1,4931.0,90274810.0,,,49.0,493.0,,,,,,,46.22,0.00785,56617.0,1.0,46.03,2616837.74,UIL,6.0,8.0,1.0,,4.0,10,10.0,1.0,6.0,7.0,7.0,2.0,4.0,9.0,5.0,7.0,6.0,4.0,9.0,6.0,8.0,8.0,4.0,4.0,5.0,2.0,4.0,,7.0,2.0,9.0,6.0,5.0,9.0,6.0,7.0,8.0,6.0,,,,,3.0,7.0,10.0,7.0,3.0,4.0,2.0,1.0,7.0,2,8.0,10,1
2015-08-28,53663,,11,1,4931.0,90274810,UIL,U I L HOLDINGS CORP,UIL,221118.0,N,A,R,21819,1,4931.0,90274810.0,,,49.0,493.0,,,,,,,46.01,-0.004544,56617.0,1.0,46.1,2604948.17,UIL,6.0,8.0,1.0,,4.0,10,10.0,1.0,6.0,7.0,7.0,2.0,4.0,9.0,5.0,7.0,6.0,4.0,9.0,6.0,8.0,8.0,4.0,4.0,5.0,2.0,4.0,,7.0,2.0,9.0,6.0,5.0,9.0,6.0,7.0,8.0,6.0,,,,,3.0,7.0,10.0,7.0,3.0,4.0,2.0,1.0,7.0,2,8.0,10,1
2015-08-31,53663,,11,1,4931.0,90274810,UIL,U I L HOLDINGS CORP,UIL,221118.0,N,A,R,21819,1,4931.0,90274810.0,,,49.0,493.0,,,,,,,45.53,-0.010433,56629.0,1.0,46.28,2578318.37,UIL,6.0,8.0,1.0,,4.0,10,10.0,1.0,6.0,7.0,7.0,2.0,4.0,9.0,5.0,7.0,6.0,4.0,9.0,6.0,8.0,8.0,4.0,4.0,5.0,2.0,4.0,,7.0,2.0,9.0,6.0,5.0,9.0,6.0,7.0,8.0,6.0,,,,,3.0,7.0,10.0,7.0,3.0,4.0,2.0,1.0,7.0,2,8.0,10,1
2015-09-01,53663,,11,1,4931.0,90274810,UIL,U I L HOLDINGS CORP,UIL,221118.0,N,A,R,21819,1,4931.0,90274810.0,,,49.0,493.0,,,,,,,44.83,-0.015374,56629.0,1.0,44.96,2538678.07,UIL,6.0,8.0,1.0,,4.0,10,10.0,1.0,6.0,7.0,7.0,2.0,4.0,9.0,5.0,7.0,6.0,4.0,9.0,6.0,8.0,8.0,4.0,4.0,5.0,2.0,4.0,,6.0,5.0,9.0,5.0,7.0,9.0,8.0,7.0,8.0,6.0,7.0,4.0,4.0,4.0,5.0,7.0,10.0,6.0,6.0,7.0,6.0,4.0,7.0,2,9.0,10,1
2015-09-02,53663,,11,1,4931.0,90274810,UIL,U I L HOLDINGS CORP,UIL,221118.0,N,A,R,21819,1,4931.0,90274810.0,,,49.0,493.0,,,,,,,44.29,-0.012046,56629.0,1.0,45.19,2508098.41,UIL,6.0,8.0,1.0,,4.0,10,10.0,1.0,6.0,7.0,7.0,2.0,4.0,9.0,5.0,7.0,6.0,4.0,9.0,6.0,8.0,8.0,4.0,4.0,5.0,2.0,4.0,,6.0,5.0,9.0,5.0,7.0,9.0,8.0,7.0,8.0,6.0,7.0,4.0,4.0,4.0,5.0,7.0,10.0,6.0,6.0,7.0,6.0,4.0,7.0,2,9.0,10,1
2015-09-03,53663,,11,1,4931.0,90274810,UIL,U I L HOLDINGS CORP,UIL,221118.0,N,A,R,21819,1,4931.0,90274810.0,,,49.0,493.0,,,,,,,44.29,0.0,56629.0,1.0,44.57,2508098.41,UIL,6.0,8.0,1.0,,4.0,10,10.0,1.0,6.0,7.0,7.0,2.0,4.0,9.0,5.0,7.0,6.0,4.0,9.0,6.0,8.0,8.0,4.0,4.0,5.0,2.0,4.0,,6.0,5.0,9.0,5.0,7.0,9.0,8.0,7.0,8.0,6.0,7.0,4.0,4.0,4.0,5.0,7.0,10.0,6.0,6.0,7.0,6.0,4.0,7.0,2,9.0,10,1
2015-09-04,53663,,11,1,4931.0,90274810,UIL,U I L HOLDINGS CORP,UIL,221118.0,N,A,R,21819,1,4931.0,90274810.0,,,49.0,493.0,,,,,,,43.58,-0.016031,56629.0,1.0,43.95,2467891.82,UIL,6.0,8.0,1.0,,4.0,10,10.0,1.0,6.0,7.0,7.0,2.0,4.0,9.0,5.0,7.0,6.0,4.0,9.0,6.0,8.0,8.0,4.0,4.0,5.0,2.0,4.0,,6.0,5.0,9.0,5.0,7.0,9.0,8.0,7.0,8.0,6.0,7.0,4.0,4.0,4.0,5.0,7.0,10.0,6.0,6.0,7.0,6.0,4.0,7.0,2,9.0,10,1
2015-09-08,53663,,11,1,4931.0,90274810,UIL,U I L HOLDINGS CORP,UIL,221118.0,N,A,R,21819,1,4931.0,90274810.0,,,49.0,493.0,,,,,,,45.71,0.048876,56629.0,1.0,43.86,2588511.59,UIL,6.0,8.0,1.0,,4.0,10,10.0,1.0,6.0,7.0,7.0,2.0,4.0,9.0,5.0,7.0,6.0,4.0,9.0,6.0,8.0,8.0,4.0,4.0,5.0,2.0,4.0,,6.0,5.0,9.0,5.0,7.0,9.0,8.0,7.0,8.0,6.0,7.0,4.0,4.0,4.0,5.0,7.0,10.0,6.0,6.0,7.0,6.0,4.0,7.0,2,9.0,10,1
2015-09-09,53663,,11,1,4931.0,90274810,UIL,U I L HOLDINGS CORP,UIL,221118.0,N,A,R,21819,1,4931.0,90274810.0,,,49.0,493.0,,,,,,,46.22,0.011157,56629.0,1.0,45.9,2617392.38,UIL,6.0,8.0,1.0,,4.0,10,10.0,1.0,6.0,7.0,7.0,2.0,4.0,9.0,5.0,7.0,6.0,4.0,9.0,6.0,8.0,8.0,4.0,4.0,5.0,2.0,4.0,,6.0,5.0,9.0,5.0,7.0,9.0,8.0,7.0,8.0,6.0,7.0,4.0,4.0,4.0,5.0,7.0,10.0,6.0,6.0,7.0,6.0,4.0,7.0,2,9.0,10,1
2015-09-10,53663,,11,1,4931.0,90274810,UIL,U I L HOLDINGS CORP,UIL,221118.0,N,A,R,21819,1,4931.0,90274810.0,,,49.0,493.0,,,,,,,47.22,0.021636,56629.0,1.0,46.09,2674021.38,UIL,6.0,8.0,1.0,,4.0,10,10.0,1.0,6.0,7.0,7.0,2.0,4.0,9.0,5.0,7.0,6.0,4.0,9.0,6.0,8.0,8.0,4.0,4.0,5.0,2.0,4.0,,6.0,5.0,9.0,5.0,7.0,9.0,8.0,7.0,8.0,6.0,7.0,4.0,4.0,4.0,5.0,7.0,10.0,6.0,6.0,7.0,6.0,4.0,7.0,2,9.0,10,1
2015-09-11,53663,,11,1,4931.0,90274810,UIL,U I L HOLDINGS CORP,UIL,221118.0,N,A,R,21819,1,4931.0,90274810.0,,,49.0,493.0,,,,,,,48.6,0.029225,56629.0,1.0,47.05,2752169.4,UIL,6.0,8.0,1.0,,4.0,10,10.0,1.0,6.0,7.0,7.0,2.0,4.0,9.0,5.0,7.0,6.0,4.0,9.0,6.0,8.0,8.0,4.0,4.0,5.0,2.0,4.0,,6.0,5.0,9.0,5.0,7.0,9.0,8.0,7.0,8.0,6.0,7.0,4.0,4.0,4.0,5.0,7.0,10.0,6.0,6.0,7.0,6.0,4.0,7.0,2,9.0,10,1
2015-09-14,53663,,11,1,4931.0,90274810,UIL,U I L HOLDINGS CORP,UIL,221118.0,N,A,R,21819,1,4931.0,90274810.0,,,49.0,493.0,1232.0,0.432,0.0,,,,47.55,-0.012716,56629.0,1.0,48.32,2692708.95,UIL,6.0,8.0,1.0,,4.0,10,10.0,1.0,6.0,7.0,7.0,2.0,4.0,9.0,5.0,7.0,6.0,4.0,9.0,6.0,8.0,8.0,4.0,4.0,5.0,2.0,4.0,,6.0,5.0,9.0,5.0,7.0,9.0,8.0,7.0,8.0,6.0,7.0,4.0,4.0,4.0,5.0,7.0,10.0,6.0,6.0,7.0,6.0,4.0,7.0,2,9.0,10,1
2015-09-15,53663,,11,1,4931.0,90274810,UIL,U I L HOLDINGS CORP,UIL,221118.0,N,A,R,21819,1,4931.0,90274810.0,,,49.0,493.0,,,,,,,47.52,-0.000631,56629.0,1.0,47.42,2691010.08,UIL,6.0,8.0,1.0,,4.0,10,10.0,1.0,6.0,7.0,7.0,2.0,4.0,9.0,5.0,7.0,6.0,4.0,9.0,6.0,8.0,8.0,4.0,4.0,5.0,2.0,4.0,,6.0,5.0,9.0,5.0,7.0,9.0,8.0,7.0,8.0,6.0,7.0,4.0,4.0,4.0,5.0,7.0,10.0,6.0,6.0,7.0,6.0,4.0,7.0,2,9.0,10,1
2015-09-16,53663,,11,1,4931.0,90274810,UIL,U I L HOLDINGS CORP,UIL,221118.0,N,A,R,21819,1,4931.0,90274810.0,,,49.0,493.0,,,,,,,48.29,0.016204,56629.0,1.0,47.52,2734614.41,UIL,6.0,8.0,1.0,,4.0,10,10.0,1.0,6.0,7.0,7.0,2.0,4.0,9.0,5.0,7.0,6.0,4.0,9.0,6.0,8.0,8.0,4.0,4.0,5.0,2.0,4.0,,6.0,5.0,9.0,5.0,7.0,9.0,8.0,7.0,8.0,6.0,7.0,4.0,4.0,4.0,5.0,7.0,10.0,6.0,6.0,7.0,6.0,4.0,7.0,2,9.0,10,1
2015-09-17,53663,,11,1,4931.0,90274810,UIL,U I L HOLDINGS CORP,UIL,221118.0,N,A,R,21819,1,4931.0,90274810.0,,,49.0,493.0,,,,,,,48.81,0.010768,56629.0,1.0,48.25,2764061.49,UIL,6.0,8.0,1.0,,4.0,10,10.0,1.0,6.0,7.0,7.0,2.0,4.0,9.0,5.0,7.0,6.0,4.0,9.0,6.0,8.0,8.0,4.0,4.0,5.0,2.0,4.0,,6.0,5.0,9.0,5.0,7.0,9.0,8.0,7.0,8.0,6.0,7.0,4.0,4.0,4.0,5.0,7.0,10.0,6.0,6.0,7.0,6.0,4.0,7.0,2,9.0,10,1
2015-09-18,53663,,11,1,4931.0,90274810,UIL,U I L HOLDINGS CORP,UIL,221118.0,N,A,R,21819,1,4931.0,90274810.0,,,49.0,493.0,,,,,,,48.01,-0.01639,56629.0,1.0,48.34,2718758.29,UIL,6.0,8.0,1.0,,4.0,10,10.0,1.0,6.0,7.0,7.0,2.0,4.0,9.0,5.0,7.0,6.0,4.0,9.0,6.0,8.0,8.0,4.0,4.0,5.0,2.0,4.0,,6.0,5.0,9.0,5.0,7.0,9.0,8.0,7.0,8.0,6.0,7.0,4.0,4.0,4.0,5.0,7.0,10.0,6.0,6.0,7.0,6.0,4.0,7.0,2,9.0,10,1
2015-09-21,53663,,11,1,4931.0,90274810,UIL,U I L HOLDINGS CORP,UIL,221118.0,N,A,R,21819,1,4931.0,90274810.0,,,49.0,493.0,,,,,,,48.54,0.011039,56629.0,1.0,48.13,2748771.66,UIL,6.0,8.0,1.0,,4.0,10,10.0,1.0,6.0,7.0,7.0,2.0,4.0,9.0,5.0,7.0,6.0,4.0,9.0,6.0,8.0,8.0,4.0,4.0,5.0,2.0,4.0,,6.0,5.0,9.0,5.0,7.0,9.0,8.0,7.0,8.0,6.0,7.0,4.0,4.0,4.0,5.0,7.0,10.0,6.0,6.0,7.0,6.0,4.0,7.0,2,9.0,10,1
2015-09-22,53663,,11,1,4931.0,90274810,UIL,U I L HOLDINGS CORP,UIL,221118.0,N,A,R,21819,1,4931.0,90274810.0,,,49.0,493.0,,,,,,,48.32,-0.004532,56629.0,1.0,48.28,2736313.28,UIL,6.0,8.0,1.0,,4.0,10,10.0,1.0,6.0,7.0,7.0,2.0,4.0,9.0,5.0,7.0,6.0,4.0,9.0,6.0,8.0,8.0,4.0,4.0,5.0,2.0,4.0,,6.0,5.0,9.0,5.0,7.0,9.0,8.0,7.0,8.0,6.0,7.0,4.0,4.0,4.0,5.0,7.0,10.0,6.0,6.0,7.0,6.0,4.0,7.0,2,9.0,10,1
2015-09-23,53663,,11,1,4931.0,90274810,UIL,U I L HOLDINGS CORP,UIL,221118.0,N,A,R,21819,1,4931.0,90274810.0,,,49.0,493.0,,,,,,,48.66,0.007036,56629.0,1.0,48.04,2755567.14,UIL,6.0,8.0,1.0,,4.0,10,10.0,1.0,6.0,7.0,7.0,2.0,4.0,9.0,5.0,7.0,6.0,4.0,9.0,6.0,8.0,8.0,4.0,4.0,5.0,2.0,4.0,,6.0,5.0,9.0,5.0,7.0,9.0,8.0,7.0,8.0,6.0,7.0,4.0,4.0,4.0,5.0,7.0,10.0,6.0,6.0,7.0,6.0,4.0,7.0,2,9.0,10,1
2015-09-24,53663,,11,1,4931.0,90274810,UIL,U I L HOLDINGS CORP,UIL,221118.0,N,A,R,21819,1,4931.0,90274810.0,,,49.0,493.0,,,,,,,49.5,0.017263,56629.0,1.0,48.27,2803135.5,UIL,6.0,8.0,1.0,,4.0,10,10.0,1.0,6.0,7.0,7.0,2.0,4.0,9.0,5.0,7.0,6.0,4.0,9.0,6.0,8.0,8.0,4.0,4.0,5.0,2.0,4.0,,6.0,5.0,9.0,5.0,7.0,9.0,8.0,7.0,8.0,6.0,7.0,4.0,4.0,4.0,5.0,7.0,10.0,6.0,6.0,7.0,6.0,4.0,7.0,2,9.0,10,1
2015-09-25,53663,,11,1,4931.0,90274810,UIL,U I L HOLDINGS CORP,UIL,221118.0,N,A,R,21819,1,4931.0,90274810.0,,,49.0,493.0,,,,,,,50.05,0.011111,56629.0,1.0,49.69,2834281.45,UIL,6.0,8.0,1.0,,4.0,10,10.0,1.0,6.0,7.0,7.0,2.0,4.0,9.0,5.0,7.0,6.0,4.0,9.0,6.0,8.0,8.0,4.0,4.0,5.0,2.0,4.0,,6.0,5.0,9.0,5.0,7.0,9.0,8.0,7.0,8.0,6.0,7.0,4.0,4.0,4.0,5.0,7.0,10.0,6.0,6.0,7.0,6.0,4.0,7.0,2,9.0,10,1
2015-09-28,53663,,11,1,4931.0,90274810,UIL,U I L HOLDINGS CORP,UIL,221118.0,N,A,R,21819,1,4931.0,90274810.0,,,49.0,493.0,,,,,,,50.23,0.003596,56629.0,1.0,49.96,2844474.67,UIL,6.0,8.0,1.0,,4.0,10,10.0,1.0,6.0,7.0,7.0,2.0,4.0,9.0,5.0,7.0,6.0,4.0,9.0,6.0,8.0,8.0,4.0,4.0,5.0,2.0,4.0,,6.0,5.0,9.0,5.0,7.0,9.0,8.0,7.0,8.0,6.0,7.0,4.0,4.0,4.0,5.0,7.0,10.0,6.0,6.0,7.0,6.0,4.0,7.0,2,9.0,10,1
2015-09-29,53663,,11,1,4931.0,90274810,UIL,U I L HOLDINGS CORP,UIL,221118.0,N,A,R,21819,1,4931.0,90274810.0,,,49.0,493.0,,,,,,,50.26,0.000597,56629.0,1.0,50.22,2846173.54,UIL,6.0,8.0,1.0,,4.0,10,10.0,1.0,6.0,7.0,7.0,2.0,4.0,9.0,5.0,7.0,6.0,4.0,9.0,6.0,8.0,8.0,4.0,4.0,5.0,2.0,4.0,,6.0,5.0,9.0,5.0,7.0,9.0,8.0,7.0,8.0,6.0,7.0,4.0,4.0,4.0,5.0,7.0,10.0,6.0,6.0,7.0,6.0,4.0,7.0,2,9.0,10,1
2015-09-30,53663,,11,1,4931.0,90274810,UIL,U I L HOLDINGS CORP,UIL,221118.0,N,A,R,21819,1,4931.0,90274810.0,,,49.0,493.0,,,,,,,50.27,0.000199,56629.0,1.0,50.4,2846739.83,UIL,6.0,8.0,1.0,,4.0,10,10.0,1.0,6.0,7.0,7.0,2.0,4.0,9.0,5.0,7.0,6.0,4.0,9.0,6.0,8.0,8.0,4.0,4.0,5.0,2.0,4.0,,6.0,5.0,9.0,5.0,7.0,9.0,8.0,7.0,8.0,6.0,7.0,4.0,4.0,4.0,5.0,7.0,10.0,6.0,6.0,7.0,6.0,4.0,7.0,2,9.0,10,1
2015-10-01,53663,,11,1,4931.0,90274810,UIL,U I L HOLDINGS CORP,UIL,221118.0,N,A,R,21819,1,4931.0,90274810.0,,,49.0,493.0,,,,,,,48.73,-0.030635,56629.0,1.0,50.29,2759531.17,UIL,6.0,8.0,1.0,,4.0,10,10.0,1.0,6.0,7.0,7.0,2.0,4.0,9.0,5.0,7.0,6.0,4.0,9.0,6.0,8.0,8.0,4.0,4.0,5.0,2.0,4.0,,5.0,7.0,8.0,4.0,7.0,9.0,7.0,7.0,7.0,6.0,7.0,4.0,4.0,4.0,1.0,6.0,10.0,6.0,1.0,1.0,1.0,5.0,8.0,2,9.0,10,1
2015-10-02,53663,,11,1,4931.0,90274810,UIL,U I L HOLDINGS CORP,UIL,221118.0,N,A,R,21819,1,4931.0,90274810.0,,,49.0,493.0,,,,,,,49.22,0.010055,56629.0,1.0,48.74,2787279.38,UIL,6.0,8.0,1.0,,4.0,10,10.0,1.0,6.0,7.0,7.0,2.0,4.0,9.0,5.0,7.0,6.0,4.0,9.0,6.0,8.0,8.0,4.0,4.0,5.0,2.0,4.0,,5.0,7.0,8.0,4.0,7.0,9.0,7.0,7.0,7.0,6.0,7.0,4.0,4.0,4.0,1.0,6.0,10.0,6.0,1.0,1.0,1.0,5.0,8.0,2,9.0,10,1
2015-10-05,53663,,11,1,4931.0,90274810,UIL,U I L HOLDINGS CORP,UIL,221118.0,N,A,R,21819,1,4931.0,90274810.0,,,49.0,493.0,,,,,,,50.31,0.022145,56629.0,1.0,49.45,2849004.99,UIL,6.0,8.0,1.0,,4.0,10,10.0,1.0,6.0,7.0,7.0,2.0,4.0,9.0,5.0,7.0,6.0,4.0,9.0,6.0,8.0,8.0,4.0,4.0,5.0,2.0,4.0,,5.0,7.0,8.0,4.0,7.0,9.0,7.0,7.0,7.0,6.0,7.0,4.0,4.0,4.0,1.0,6.0,10.0,6.0,1.0,1.0,1.0,5.0,8.0,2,9.0,10,1
2015-10-06,53663,,11,1,4931.0,90274810,UIL,U I L HOLDINGS CORP,UIL,221118.0,N,A,R,21819,1,4931.0,90274810.0,,,49.0,493.0,,,,,,,49.51,-0.015901,56629.0,1.0,50.21,2803701.79,UIL,6.0,8.0,1.0,,4.0,10,10.0,1.0,6.0,7.0,7.0,2.0,4.0,9.0,5.0,7.0,6.0,4.0,9.0,6.0,8.0,8.0,4.0,4.0,5.0,2.0,4.0,,5.0,7.0,8.0,4.0,7.0,9.0,7.0,7.0,7.0,6.0,7.0,4.0,4.0,4.0,1.0,6.0,10.0,6.0,1.0,1.0,1.0,5.0,8.0,2,9.0,10,1
2015-10-07,53663,,11,1,4931.0,90274810,UIL,U I L HOLDINGS CORP,UIL,221118.0,N,A,R,21819,1,4931.0,90274810.0,,,49.0,493.0,,,,,,,49.36,-0.00303,56629.0,1.0,49.66,2795207.44,UIL,6.0,8.0,1.0,,4.0,10,10.0,1.0,6.0,7.0,7.0,2.0,4.0,9.0,5.0,7.0,6.0,4.0,9.0,6.0,8.0,8.0,4.0,4.0,5.0,2.0,4.0,,5.0,7.0,8.0,4.0,7.0,9.0,7.0,7.0,7.0,6.0,7.0,4.0,4.0,4.0,1.0,6.0,10.0,6.0,1.0,1.0,1.0,5.0,8.0,2,9.0,10,1
2015-10-08,53663,,11,1,4931.0,90274810,UIL,U I L HOLDINGS CORP,UIL,221118.0,N,A,R,21819,1,4931.0,90274810.0,,,49.0,493.0,,,,,,,50.55,0.024109,56629.0,1.0,49.3,2862595.95,UIL,6.0,8.0,1.0,,4.0,10,10.0,1.0,6.0,7.0,7.0,2.0,4.0,9.0,5.0,7.0,6.0,4.0,9.0,6.0,8.0,8.0,4.0,4.0,5.0,2.0,4.0,,5.0,7.0,8.0,4.0,7.0,9.0,7.0,7.0,7.0,6.0,7.0,4.0,4.0,4.0,1.0,6.0,10.0,6.0,1.0,1.0,1.0,5.0,8.0,2,9.0,10,1
2015-10-09,53663,,11,1,4931.0,90274810,UIL,U I L HOLDINGS CORP,UIL,221118.0,N,A,R,21819,1,4931.0,90274810.0,,,49.0,493.0,,,,,,,49.59,-0.018991,56629.0,1.0,50.62,2808232.11,UIL,6.0,8.0,1.0,,4.0,10,10.0,1.0,6.0,7.0,7.0,2.0,4.0,9.0,5.0,7.0,6.0,4.0,9.0,6.0,8.0,8.0,4.0,4.0,5.0,2.0,4.0,,5.0,7.0,8.0,4.0,7.0,9.0,7.0,7.0,7.0,6.0,7.0,4.0,4.0,4.0,1.0,6.0,10.0,6.0,1.0,1.0,1.0,5.0,8.0,2,9.0,10,1
2015-10-12,53663,,11,1,4931.0,90274810,UIL,U I L HOLDINGS CORP,UIL,221118.0,N,A,R,21819,1,4931.0,90274810.0,,,49.0,493.0,,,,,,,50.0,0.008268,56629.0,1.0,49.69,2831450.0,UIL,6.0,8.0,1.0,,4.0,10,10.0,1.0,6.0,7.0,7.0,2.0,4.0,9.0,5.0,7.0,6.0,4.0,9.0,6.0,8.0,8.0,4.0,4.0,5.0,2.0,4.0,,5.0,7.0,8.0,4.0,7.0,9.0,7.0,7.0,7.0,6.0,7.0,4.0,4.0,4.0,1.0,6.0,10.0,6.0,1.0,1.0,1.0,5.0,8.0,2,9.0,10,1
2015-10-13,53663,,11,1,4931.0,90274810,UIL,U I L HOLDINGS CORP,UIL,221118.0,N,A,R,21819,1,4931.0,90274810.0,,,49.0,493.0,,,,,,,49.54,-0.0092,56629.0,1.0,49.96,2805400.66,UIL,6.0,8.0,1.0,,4.0,10,10.0,1.0,6.0,7.0,7.0,2.0,4.0,9.0,5.0,7.0,6.0,4.0,9.0,6.0,8.0,8.0,4.0,4.0,5.0,2.0,4.0,,5.0,7.0,8.0,4.0,7.0,9.0,7.0,7.0,7.0,6.0,7.0,4.0,4.0,4.0,1.0,6.0,10.0,6.0,1.0,1.0,1.0,5.0,8.0,2,9.0,10,1
2015-10-14,53663,,11,1,4931.0,90274810,UIL,U I L HOLDINGS CORP,UIL,221118.0,N,A,R,21819,1,4931.0,90274810.0,,,49.0,493.0,,,,,,,49.39,-0.003028,56629.0,1.0,49.71,2796906.31,UIL,6.0,8.0,1.0,,4.0,10,10.0,1.0,6.0,7.0,7.0,2.0,4.0,9.0,5.0,7.0,6.0,4.0,9.0,6.0,8.0,8.0,4.0,4.0,5.0,2.0,4.0,,5.0,7.0,8.0,4.0,7.0,9.0,7.0,7.0,7.0,6.0,7.0,4.0,4.0,4.0,1.0,6.0,10.0,6.0,1.0,1.0,1.0,5.0,8.0,2,9.0,10,1
2015-10-15,53663,,11,1,4931.0,90274810,UIL,U I L HOLDINGS CORP,UIL,221118.0,N,A,R,21819,1,4931.0,90274810.0,,,49.0,493.0,,,,,,,50.48,0.022069,56629.0,1.0,49.53,2858631.92,UIL,6.0,8.0,1.0,,4.0,10,10.0,1.0,6.0,7.0,7.0,2.0,4.0,9.0,5.0,7.0,6.0,4.0,9.0,6.0,8.0,8.0,4.0,4.0,5.0,2.0,4.0,,5.0,7.0,8.0,4.0,7.0,9.0,7.0,7.0,7.0,6.0,7.0,4.0,4.0,4.0,1.0,6.0,10.0,6.0,1.0,1.0,1.0,5.0,8.0,2,9.0,10,1
2015-10-16,53663,,11,1,4931.0,90274810,UIL,U I L HOLDINGS CORP,UIL,221118.0,N,A,R,21819,1,4931.0,90274810.0,,,49.0,493.0,,,,,,,50.27,-0.00416,56629.0,1.0,50.65,2846739.83,UIL,6.0,8.0,1.0,,4.0,10,10.0,1.0,6.0,7.0,7.0,2.0,4.0,9.0,5.0,7.0,6.0,4.0,9.0,6.0,8.0,8.0,4.0,4.0,5.0,2.0,4.0,,5.0,7.0,8.0,4.0,7.0,9.0,7.0,7.0,7.0,6.0,7.0,4.0,4.0,4.0,1.0,6.0,10.0,6.0,1.0,1.0,1.0,5.0,8.0,2,9.0,10,1
2015-10-19,53663,,11,1,4931.0,90274810,UIL,U I L HOLDINGS CORP,UIL,221118.0,N,A,R,21819,1,4931.0,90274810.0,,,49.0,493.0,,,,,,,50.38,0.002188,56629.0,1.0,50.18,2852969.02,UIL,6.0,8.0,1.0,,4.0,10,10.0,1.0,6.0,7.0,7.0,2.0,4.0,9.0,5.0,7.0,6.0,4.0,9.0,6.0,8.0,8.0,4.0,4.0,5.0,2.0,4.0,,5.0,7.0,8.0,4.0,7.0,9.0,7.0,7.0,7.0,6.0,7.0,4.0,4.0,4.0,1.0,6.0,10.0,6.0,1.0,1.0,1.0,5.0,8.0,2,9.0,10,1
2015-10-20,53663,,11,1,4931.0,90274810,UIL,U I L HOLDINGS CORP,UIL,221118.0,N,A,R,21819,1,4931.0,90274810.0,,,49.0,493.0,,,,,,,50.65,0.005359,56629.0,1.0,50.29,2868258.85,UIL,6.0,8.0,1.0,,4.0,10,10.0,1.0,6.0,7.0,7.0,2.0,4.0,9.0,5.0,7.0,6.0,4.0,9.0,6.0,8.0,8.0,4.0,4.0,5.0,2.0,4.0,,5.0,7.0,8.0,4.0,7.0,9.0,7.0,7.0,7.0,6.0,7.0,4.0,4.0,4.0,1.0,6.0,10.0,6.0,1.0,1.0,1.0,5.0,8.0,2,9.0,10,1
2015-10-21,53663,,11,1,4931.0,90274810,UIL,U I L HOLDINGS CORP,UIL,221118.0,N,A,R,21819,1,4931.0,90274810.0,,,49.0,493.0,,,,,,,50.57,-0.00158,56629.0,1.0,50.72,2863728.53,UIL,6.0,8.0,1.0,,4.0,10,10.0,1.0,6.0,7.0,7.0,2.0,4.0,9.0,5.0,7.0,6.0,4.0,9.0,6.0,8.0,8.0,4.0,4.0,5.0,2.0,4.0,,5.0,7.0,8.0,4.0,7.0,9.0,7.0,7.0,7.0,6.0,7.0,4.0,4.0,4.0,1.0,6.0,10.0,6.0,1.0,1.0,1.0,5.0,8.0,2,9.0,10,1
2015-10-22,53663,,11,1,4931.0,90274810,UIL,U I L HOLDINGS CORP,UIL,221118.0,N,A,R,21819,1,4931.0,90274810.0,,,49.0,493.0,,,,,,,51.18,0.012063,56629.0,1.0,50.69,2898272.22,UIL,6.0,8.0,1.0,,4.0,10,10.0,1.0,6.0,7.0,7.0,2.0,4.0,9.0,5.0,7.0,6.0,4.0,9.0,6.0,8.0,8.0,4.0,4.0,5.0,2.0,4.0,,5.0,7.0,8.0,4.0,7.0,9.0,7.0,7.0,7.0,6.0,7.0,4.0,4.0,4.0,1.0,6.0,10.0,6.0,1.0,1.0,1.0,5.0,8.0,2,9.0,10,1
2015-10-23,53663,,11,1,4931.0,90274810,UIL,U I L HOLDINGS CORP,UIL,221118.0,N,A,R,21819,1,4931.0,90274810.0,,,49.0,493.0,,,,,,,51.19,0.000195,56629.0,1.0,51.29,2898838.51,UIL,6.0,8.0,1.0,,4.0,10,10.0,1.0,6.0,7.0,7.0,2.0,4.0,9.0,5.0,7.0,6.0,4.0,9.0,6.0,8.0,8.0,4.0,4.0,5.0,2.0,4.0,,5.0,7.0,8.0,4.0,7.0,9.0,7.0,7.0,7.0,6.0,7.0,4.0,4.0,4.0,1.0,6.0,10.0,6.0,1.0,1.0,1.0,5.0,8.0,2,9.0,10,1
2015-10-26,53663,,11,1,4931.0,90274810,UIL,U I L HOLDINGS CORP,UIL,221118.0,N,A,R,21819,1,4931.0,90274810.0,,,49.0,493.0,,,,,,,51.18,-0.000195,56629.0,1.0,51.15,2898272.22,UIL,6.0,8.0,1.0,,4.0,10,10.0,1.0,6.0,7.0,7.0,2.0,4.0,9.0,5.0,7.0,6.0,4.0,9.0,6.0,8.0,8.0,4.0,4.0,5.0,2.0,4.0,,5.0,7.0,8.0,4.0,7.0,9.0,7.0,7.0,7.0,6.0,7.0,4.0,4.0,4.0,1.0,6.0,10.0,6.0,1.0,1.0,1.0,5.0,8.0,2,9.0,10,1
2015-10-27,53663,,11,1,4931.0,90274810,UIL,U I L HOLDINGS CORP,UIL,221118.0,N,A,R,21819,1,4931.0,90274810.0,,,49.0,493.0,,,,,,,50.09,-0.021297,56629.0,1.0,51.09,2836546.61,UIL,6.0,8.0,1.0,,4.0,10,10.0,1.0,6.0,7.0,7.0,2.0,4.0,9.0,5.0,7.0,6.0,4.0,9.0,6.0,8.0,8.0,4.0,4.0,5.0,2.0,4.0,,5.0,7.0,8.0,4.0,7.0,9.0,7.0,7.0,7.0,6.0,7.0,4.0,4.0,4.0,1.0,6.0,10.0,6.0,1.0,1.0,1.0,5.0,8.0,2,9.0,10,1
2015-10-28,53663,,11,1,4931.0,90274810,UIL,U I L HOLDINGS CORP,UIL,221118.0,N,A,R,21819,1,4931.0,90274810.0,,,49.0,493.0,,,,,,,49.46,-0.012577,56629.0,1.0,50.1,2800870.34,UIL,6.0,8.0,1.0,,4.0,10,10.0,1.0,6.0,7.0,7.0,2.0,4.0,9.0,5.0,7.0,6.0,4.0,9.0,6.0,8.0,8.0,4.0,4.0,5.0,2.0,4.0,,5.0,7.0,8.0,4.0,7.0,9.0,7.0,7.0,7.0,6.0,7.0,4.0,4.0,4.0,1.0,6.0,10.0,6.0,1.0,1.0,1.0,5.0,8.0,2,9.0,10,1
2015-10-29,53663,,11,1,4931.0,90274810,UIL,U I L HOLDINGS CORP,UIL,221118.0,N,A,R,21819,1,4931.0,90274810.0,,,49.0,493.0,,,,,,,50.06,0.012131,56629.0,1.0,49.3,2834847.74,UIL,6.0,8.0,1.0,,4.0,10,10.0,1.0,6.0,7.0,7.0,2.0,4.0,9.0,5.0,7.0,6.0,4.0,9.0,6.0,8.0,8.0,4.0,4.0,5.0,2.0,4.0,,5.0,7.0,8.0,4.0,7.0,9.0,7.0,7.0,7.0,6.0,7.0,4.0,4.0,4.0,1.0,6.0,10.0,6.0,1.0,1.0,1.0,5.0,8.0,2,9.0,10,1
2015-10-30,53663,,11,1,4931.0,90274810,UIL,U I L HOLDINGS CORP,UIL,221118.0,N,A,R,21819,1,4931.0,90274810.0,,,49.0,493.0,,,,,,,50.99,0.018578,56629.0,1.0,50.33,2887512.71,UIL,6.0,8.0,1.0,,4.0,10,10.0,1.0,6.0,7.0,7.0,2.0,4.0,9.0,5.0,7.0,6.0,4.0,9.0,6.0,8.0,8.0,4.0,4.0,5.0,2.0,4.0,,5.0,7.0,8.0,4.0,7.0,9.0,7.0,7.0,7.0,6.0,7.0,4.0,4.0,4.0,1.0,6.0,10.0,6.0,1.0,1.0,1.0,5.0,8.0,2,9.0,10,1
2015-11-02,53663,,11,1,4931.0,90274810,UIL,U I L HOLDINGS CORP,UIL,221118.0,N,A,R,21819,1,4931.0,90274810.0,,,49.0,493.0,,,,,,,51.23,0.004707,56629.0,1.0,50.85,2901103.67,UIL,6.0,8.0,1.0,,4.0,10,10.0,1.0,6.0,7.0,7.0,2.0,4.0,9.0,5.0,7.0,6.0,4.0,9.0,6.0,8.0,8.0,4.0,4.0,5.0,2.0,4.0,,8.0,4.0,9.0,7.0,7.0,10.0,5.0,6.0,7.0,6.0,,3.0,4.0,,8.0,7.0,10.0,3.0,6.0,6.0,4.0,5.0,7.0,2,10.0,10,1
2015-11-03,53663,,11,1,4931.0,90274810,UIL,U I L HOLDINGS CORP,UIL,221118.0,N,A,R,21819,1,4931.0,90274810.0,,,49.0,493.0,,,,,,,51.53,0.005856,56629.0,1.0,50.07,2918092.37,UIL,6.0,8.0,1.0,,4.0,10,10.0,1.0,6.0,7.0,7.0,2.0,4.0,9.0,5.0,7.0,6.0,4.0,9.0,6.0,8.0,8.0,4.0,4.0,5.0,2.0,4.0,,8.0,4.0,9.0,7.0,7.0,10.0,5.0,6.0,7.0,6.0,,3.0,4.0,,8.0,7.0,10.0,3.0,6.0,6.0,4.0,5.0,7.0,2,10.0,10,1
2015-11-04,53663,,11,1,4931.0,90274810,UIL,U I L HOLDINGS CORP,UIL,221118.0,N,A,R,21819,1,4931.0,90274810.0,,,49.0,493.0,,,,,,,51.63,0.001941,56629.0,1.0,51.6,2923755.27,UIL,6.0,8.0,1.0,,4.0,10,10.0,1.0,6.0,7.0,7.0,2.0,4.0,9.0,5.0,7.0,6.0,4.0,9.0,6.0,8.0,8.0,4.0,4.0,5.0,2.0,4.0,,8.0,4.0,9.0,7.0,7.0,10.0,5.0,6.0,7.0,6.0,,3.0,4.0,,8.0,7.0,10.0,3.0,6.0,6.0,4.0,5.0,7.0,2,10.0,10,1
2015-11-05,53663,,11,1,4931.0,90274810,UIL,U I L HOLDINGS CORP,UIL,221118.0,N,A,R,21819,1,4931.0,90274810.0,,,49.0,493.0,,,,,,,51.05,-0.011234,56629.0,1.0,51.67,2890910.45,UIL,6.0,8.0,1.0,,4.0,10,10.0,1.0,6.0,7.0,7.0,2.0,4.0,9.0,5.0,7.0,6.0,4.0,9.0,6.0,8.0,8.0,4.0,4.0,5.0,2.0,4.0,,8.0,4.0,9.0,7.0,7.0,10.0,5.0,6.0,7.0,6.0,,3.0,4.0,,8.0,7.0,10.0,3.0,6.0,6.0,4.0,5.0,7.0,2,10.0,10,1
2015-11-06,53663,,11,1,4931.0,90274810,UIL,U I L HOLDINGS CORP,UIL,221118.0,N,A,R,21819,1,4931.0,90274810.0,,,49.0,493.0,,,,,,,49.95,-0.021547,56629.0,1.0,50.61,2828618.55,UIL,6.0,8.0,1.0,,4.0,10,10.0,1.0,6.0,7.0,7.0,2.0,4.0,9.0,5.0,7.0,6.0,4.0,9.0,6.0,8.0,8.0,4.0,4.0,5.0,2.0,4.0,,8.0,4.0,9.0,7.0,7.0,10.0,5.0,6.0,7.0,6.0,,3.0,4.0,,8.0,7.0,10.0,3.0,6.0,6.0,4.0,5.0,7.0,2,10.0,10,1
2015-11-09,53663,,11,1,4931.0,90274810,UIL,U I L HOLDINGS CORP,UIL,221118.0,N,A,R,21819,1,4931.0,90274810.0,,,49.0,493.0,,,,,,,49.03,-0.018418,56629.0,1.0,49.68,2776519.87,UIL,6.0,8.0,1.0,,4.0,10,10.0,1.0,6.0,7.0,7.0,2.0,4.0,9.0,5.0,7.0,6.0,4.0,9.0,6.0,8.0,8.0,4.0,4.0,5.0,2.0,4.0,,8.0,4.0,9.0,7.0,7.0,10.0,5.0,6.0,7.0,6.0,,3.0,4.0,,8.0,7.0,10.0,3.0,6.0,6.0,4.0,5.0,7.0,2,10.0,10,1
2015-11-10,53663,,11,1,4931.0,90274810,UIL,U I L HOLDINGS CORP,UIL,221118.0,N,A,R,21819,1,4931.0,90274810.0,,,49.0,493.0,,,,,,,49.75,0.014685,56629.0,1.0,49.13,2817292.75,UIL,6.0,8.0,1.0,,4.0,10,10.0,1.0,6.0,7.0,7.0,2.0,4.0,9.0,5.0,7.0,6.0,4.0,9.0,6.0,8.0,8.0,4.0,4.0,5.0,2.0,4.0,,8.0,4.0,9.0,7.0,7.0,10.0,5.0,6.0,7.0,6.0,,3.0,4.0,,8.0,7.0,10.0,3.0,6.0,6.0,4.0,5.0,7.0,2,10.0,10,1
2015-11-11,53663,,11,1,4931.0,90274810,UIL,U I L HOLDINGS CORP,UIL,221118.0,N,A,R,21819,1,4931.0,90274810.0,,,49.0,493.0,,,,,,,49.8,0.001005,56629.0,1.0,49.84,2820124.2,UIL,6.0,8.0,1.0,,4.0,10,10.0,1.0,6.0,7.0,7.0,2.0,4.0,9.0,5.0,7.0,6.0,4.0,9.0,6.0,8.0,8.0,4.0,4.0,5.0,2.0,4.0,,8.0,4.0,9.0,7.0,7.0,10.0,5.0,6.0,7.0,6.0,,3.0,4.0,,8.0,7.0,10.0,3.0,6.0,6.0,4.0,5.0,7.0,2,10.0,10,1
2015-11-12,53663,,11,1,4931.0,90274810,UIL,U I L HOLDINGS CORP,UIL,221118.0,N,A,R,21819,1,4931.0,90274810.0,,,49.0,493.0,,,,,,,49.53,-0.005422,56629.0,1.0,50.05,2804834.37,UIL,6.0,8.0,1.0,,4.0,10,10.0,1.0,6.0,7.0,7.0,2.0,4.0,9.0,5.0,7.0,6.0,4.0,9.0,6.0,8.0,8.0,4.0,4.0,5.0,2.0,4.0,,8.0,4.0,9.0,7.0,7.0,10.0,5.0,6.0,7.0,6.0,,3.0,4.0,,8.0,7.0,10.0,3.0,6.0,6.0,4.0,5.0,7.0,2,10.0,10,1
2015-11-13,53663,,11,1,4931.0,90274810,UIL,U I L HOLDINGS CORP,UIL,221118.0,N,A,R,21819,1,4931.0,90274810.0,,,49.0,493.0,,,,,,,48.7,-0.016757,56629.0,1.0,49.33,2757832.3,UIL,6.0,8.0,1.0,,4.0,10,10.0,1.0,6.0,7.0,7.0,2.0,4.0,9.0,5.0,7.0,6.0,4.0,9.0,6.0,8.0,8.0,4.0,4.0,5.0,2.0,4.0,,8.0,4.0,9.0,7.0,7.0,10.0,5.0,6.0,7.0,6.0,,3.0,4.0,,8.0,7.0,10.0,3.0,6.0,6.0,4.0,5.0,7.0,2,10.0,10,1
2015-11-16,53663,,11,1,4931.0,90274810,UIL,U I L HOLDINGS CORP,UIL,221118.0,N,A,R,21819,1,4931.0,90274810.0,,,49.0,493.0,,,,,,,49.12,0.008624,56629.0,1.0,48.58,2781616.48,UIL,6.0,8.0,1.0,,4.0,10,10.0,1.0,6.0,7.0,7.0,2.0,4.0,9.0,5.0,7.0,6.0,4.0,9.0,6.0,8.0,8.0,4.0,4.0,5.0,2.0,4.0,,8.0,4.0,9.0,7.0,7.0,10.0,5.0,6.0,7.0,6.0,,3.0,4.0,,8.0,7.0,10.0,3.0,6.0,6.0,4.0,5.0,7.0,2,10.0,10,1
2015-11-17,53663,,11,1,4931.0,90274810,UIL,U I L HOLDINGS CORP,UIL,221118.0,N,A,R,21819,1,4931.0,90274810.0,,,49.0,493.0,,,,,,,48.2,-0.01873,56629.0,1.0,49.04,2729517.8,UIL,6.0,8.0,1.0,,4.0,10,10.0,1.0,6.0,7.0,7.0,2.0,4.0,9.0,5.0,7.0,6.0,4.0,9.0,6.0,8.0,8.0,4.0,4.0,5.0,2.0,4.0,,8.0,4.0,9.0,7.0,7.0,10.0,5.0,6.0,7.0,6.0,,3.0,4.0,,8.0,7.0,10.0,3.0,6.0,6.0,4.0,5.0,7.0,2,10.0,10,1
2015-11-18,53663,,11,1,4931.0,90274810,UIL,U I L HOLDINGS CORP,UIL,221118.0,N,A,R,21819,1,4931.0,90274810.0,,,49.0,493.0,,,,,,,48.14,-0.001245,56629.0,1.0,48.08,2726120.06,UIL,6.0,8.0,1.0,,4.0,10,10.0,1.0,6.0,7.0,7.0,2.0,4.0,9.0,5.0,7.0,6.0,4.0,9.0,6.0,8.0,8.0,4.0,4.0,5.0,2.0,4.0,,8.0,4.0,9.0,7.0,7.0,10.0,5.0,6.0,7.0,6.0,,3.0,4.0,,8.0,7.0,10.0,3.0,6.0,6.0,4.0,5.0,7.0,2,10.0,10,1
2015-11-19,53663,,11,1,4931.0,90274810,UIL,U I L HOLDINGS CORP,UIL,221118.0,N,A,R,21819,1,4931.0,90274810.0,,,49.0,493.0,,,,,,,48.1,-0.000831,56629.0,1.0,48.11,2723854.9,UIL,6.0,8.0,1.0,,4.0,10,10.0,1.0,6.0,7.0,7.0,2.0,4.0,9.0,5.0,7.0,6.0,4.0,9.0,6.0,8.0,8.0,4.0,4.0,5.0,2.0,4.0,,8.0,4.0,9.0,7.0,7.0,10.0,5.0,6.0,7.0,6.0,,3.0,4.0,,8.0,7.0,10.0,3.0,6.0,6.0,4.0,5.0,7.0,2,10.0,10,1
2015-11-20,53663,,11,1,4931.0,90274810,UIL,U I L HOLDINGS CORP,UIL,221118.0,N,A,R,21819,1,4931.0,90274810.0,,,49.0,493.0,,,,,,,48.58,0.009979,56629.0,1.0,48.25,2751036.82,UIL,6.0,8.0,1.0,,4.0,10,10.0,1.0,6.0,7.0,7.0,2.0,4.0,9.0,5.0,7.0,6.0,4.0,9.0,6.0,8.0,8.0,4.0,4.0,5.0,2.0,4.0,,8.0,4.0,9.0,7.0,7.0,10.0,5.0,6.0,7.0,6.0,,3.0,4.0,,8.0,7.0,10.0,3.0,6.0,6.0,4.0,5.0,7.0,2,10.0,10,1
2015-11-23,53663,,11,1,4931.0,90274810,UIL,U I L HOLDINGS CORP,UIL,221118.0,N,A,R,21819,1,4931.0,90274810.0,,,49.0,493.0,,,,,,,49.29,0.014615,56629.0,1.0,48.68,2791243.41,UIL,6.0,8.0,1.0,,4.0,10,10.0,1.0,6.0,7.0,7.0,2.0,4.0,9.0,5.0,7.0,6.0,4.0,9.0,6.0,8.0,8.0,4.0,4.0,5.0,2.0,4.0,,8.0,4.0,9.0,7.0,7.0,10.0,5.0,6.0,7.0,6.0,,3.0,4.0,,8.0,7.0,10.0,3.0,6.0,6.0,4.0,5.0,7.0,2,10.0,10,1
2015-11-24,53663,,11,1,4931.0,90274810,UIL,U I L HOLDINGS CORP,UIL,221118.0,N,A,R,21819,1,4931.0,90274810.0,,,49.0,493.0,,,,,,,50.38,0.022114,56629.0,1.0,49.22,2852969.02,UIL,6.0,8.0,1.0,,4.0,10,10.0,1.0,6.0,7.0,7.0,2.0,4.0,9.0,5.0,7.0,6.0,4.0,9.0,6.0,8.0,8.0,4.0,4.0,5.0,2.0,4.0,,8.0,4.0,9.0,7.0,7.0,10.0,5.0,6.0,7.0,6.0,,3.0,4.0,,8.0,7.0,10.0,3.0,6.0,6.0,4.0,5.0,7.0,2,10.0,10,1
2015-11-25,53663,,11,1,4931.0,90274810,UIL,U I L HOLDINGS CORP,UIL,221118.0,N,A,R,21819,1,4931.0,90274810.0,,,49.0,493.0,,,,,,,50.75,0.007344,56629.0,1.0,50.26,2873921.75,UIL,6.0,8.0,1.0,,4.0,10,10.0,1.0,6.0,7.0,7.0,2.0,4.0,9.0,5.0,7.0,6.0,4.0,9.0,6.0,8.0,8.0,4.0,4.0,5.0,2.0,4.0,,8.0,4.0,9.0,7.0,7.0,10.0,5.0,6.0,7.0,6.0,,3.0,4.0,,8.0,7.0,10.0,3.0,6.0,6.0,4.0,5.0,7.0,2,10.0,10,1
2015-11-27,53663,,11,1,4931.0,90274810,UIL,U I L HOLDINGS CORP,UIL,221118.0,N,A,R,21819,1,4931.0,90274810.0,,,49.0,493.0,,,,,,,50.73,-0.000394,56629.0,1.0,50.67,2872789.17,UIL,6.0,8.0,1.0,,4.0,10,10.0,1.0,6.0,7.0,7.0,2.0,4.0,9.0,5.0,7.0,6.0,4.0,9.0,6.0,8.0,8.0,4.0,4.0,5.0,2.0,4.0,,8.0,4.0,9.0,7.0,7.0,10.0,5.0,6.0,7.0,6.0,,3.0,4.0,,8.0,7.0,10.0,3.0,6.0,6.0,4.0,5.0,7.0,2,10.0,10,1
2015-11-30,53663,,11,1,4931.0,90274810,UIL,U I L HOLDINGS CORP,UIL,221118.0,N,A,R,21819,1,4931.0,90274810.0,,,49.0,493.0,,,,,,,50.85,0.002365,56629.0,1.0,50.83,2879584.65,UIL,6.0,8.0,1.0,,4.0,10,10.0,1.0,6.0,7.0,7.0,2.0,4.0,9.0,5.0,7.0,6.0,4.0,9.0,6.0,8.0,8.0,4.0,4.0,5.0,2.0,4.0,,8.0,4.0,9.0,7.0,7.0,10.0,5.0,6.0,7.0,6.0,,3.0,4.0,,8.0,7.0,10.0,3.0,6.0,6.0,4.0,5.0,7.0,2,10.0,10,1
2015-12-01,53663,,11,1,4931.0,90274810,UIL,U I L HOLDINGS CORP,UIL,221118.0,N,A,R,21819,1,4931.0,90274810.0,,,49.0,493.0,,,,,,,50.89,0.000787,56629.0,1.0,51.13,2881849.81,UIL,6.0,8.0,1.0,,4.0,10,10.0,1.0,6.0,7.0,7.0,2.0,4.0,9.0,5.0,7.0,6.0,4.0,9.0,6.0,8.0,8.0,4.0,4.0,5.0,2.0,4.0,,,3.0,,,,10.0,3.0,6.0,7.0,5.0,,4.0,4.0,4.0,7.0,7.0,10.0,7.0,4.0,3.0,2.0,4.0,7.0,2,9.0,10,1
2015-12-02,53663,,11,1,4931.0,90274810,UIL,U I L HOLDINGS CORP,UIL,221118.0,N,A,R,21819,1,4931.0,90274810.0,,,49.0,493.0,,,,,,,49.38,-0.029672,56629.0,1.0,50.83,2796340.02,UIL,6.0,8.0,1.0,,4.0,10,10.0,1.0,6.0,7.0,7.0,2.0,4.0,9.0,5.0,7.0,6.0,4.0,9.0,6.0,8.0,8.0,4.0,4.0,5.0,2.0,4.0,,,3.0,,,,10.0,3.0,6.0,7.0,5.0,,4.0,4.0,4.0,7.0,7.0,10.0,7.0,4.0,3.0,2.0,4.0,7.0,2,9.0,10,1
2015-12-03,53663,,11,1,4931.0,90274810,UIL,U I L HOLDINGS CORP,UIL,221118.0,N,A,R,21819,1,4931.0,90274810.0,,,49.0,493.0,,,,,,,49.15,-0.004658,56629.0,1.0,49.33,2783315.35,UIL,6.0,8.0,1.0,,4.0,10,10.0,1.0,6.0,7.0,7.0,2.0,4.0,9.0,5.0,7.0,6.0,4.0,9.0,6.0,8.0,8.0,4.0,4.0,5.0,2.0,4.0,,,3.0,,,,10.0,3.0,6.0,7.0,5.0,,4.0,4.0,4.0,7.0,7.0,10.0,7.0,4.0,3.0,2.0,4.0,7.0,2,9.0,10,1
2015-12-04,53663,,11,1,4931.0,90274810,UIL,U I L HOLDINGS CORP,UIL,221118.0,N,A,R,21819,1,4931.0,90274810.0,,,49.0,493.0,,,,,,,49.22,0.001424,56629.0,1.0,49.13,2787279.38,UIL,6.0,8.0,1.0,,4.0,10,10.0,1.0,6.0,7.0,7.0,2.0,4.0,9.0,5.0,7.0,6.0,4.0,9.0,6.0,8.0,8.0,4.0,4.0,5.0,2.0,4.0,,,3.0,,,,10.0,3.0,6.0,7.0,5.0,,4.0,4.0,4.0,7.0,7.0,10.0,7.0,4.0,3.0,2.0,4.0,7.0,2,9.0,10,1
2015-12-07,53663,,11,1,4931.0,90274810,UIL,U I L HOLDINGS CORP,UIL,221118.0,N,A,R,21819,1,4931.0,90274810.0,,,49.0,493.0,,,,,,,48.0,-0.024787,56629.0,1.0,49.27,2718192.0,UIL,6.0,8.0,1.0,,4.0,10,10.0,1.0,6.0,7.0,7.0,2.0,4.0,9.0,5.0,7.0,6.0,4.0,9.0,6.0,8.0,8.0,4.0,4.0,5.0,2.0,4.0,,,3.0,,,,10.0,3.0,6.0,7.0,5.0,,4.0,4.0,4.0,7.0,7.0,10.0,7.0,4.0,3.0,2.0,4.0,7.0,2,9.0,10,1
2015-12-08,53663,,11,1,4931.0,90274810,UIL,U I L HOLDINGS CORP,UIL,221118.0,N,A,R,21819,1,4931.0,90274810.0,,,49.0,493.0,,,,,,,47.82,-0.00375,56629.0,1.0,47.82,2707998.78,UIL,6.0,8.0,1.0,,4.0,10,10.0,1.0,6.0,7.0,7.0,2.0,4.0,9.0,5.0,7.0,6.0,4.0,9.0,6.0,8.0,8.0,4.0,4.0,5.0,2.0,4.0,,,3.0,,,,10.0,3.0,6.0,7.0,5.0,,4.0,4.0,4.0,7.0,7.0,10.0,7.0,4.0,3.0,2.0,4.0,7.0,2,9.0,10,1
2015-12-09,53663,,11,1,4931.0,90274810,UIL,U I L HOLDINGS CORP,UIL,221118.0,N,A,R,21819,1,4931.0,90274810.0,,,49.0,493.0,,,,,,,47.51,-0.006483,56629.0,1.0,47.71,2690443.79,UIL,6.0,8.0,1.0,,4.0,10,10.0,1.0,6.0,7.0,7.0,2.0,4.0,9.0,5.0,7.0,6.0,4.0,9.0,6.0,8.0,8.0,4.0,4.0,5.0,2.0,4.0,,,3.0,,,,10.0,3.0,6.0,7.0,5.0,,4.0,4.0,4.0,7.0,7.0,10.0,7.0,4.0,3.0,2.0,4.0,7.0,2,9.0,10,1
2015-12-10,53663,,11,1,4931.0,90274810,UIL,U I L HOLDINGS CORP,UIL,221118.0,N,A,R,21819,1,4931.0,90274810.0,,,49.0,493.0,1232.0,0.432,0.0,,,,46.96,-0.002484,56629.0,1.0,47.26,2659297.84,UIL,6.0,8.0,1.0,,4.0,10,10.0,1.0,6.0,7.0,7.0,2.0,4.0,9.0,5.0,7.0,6.0,4.0,9.0,6.0,8.0,8.0,4.0,4.0,5.0,2.0,4.0,,,3.0,,,,10.0,3.0,6.0,7.0,5.0,,4.0,4.0,4.0,7.0,7.0,10.0,7.0,4.0,3.0,2.0,4.0,7.0,2,9.0,10,1
2015-12-11,53663,,11,1,4931.0,90274810,UIL,U I L HOLDINGS CORP,UIL,221118.0,N,A,R,21819,1,4931.0,90274810.0,,,49.0,493.0,,,,,,,46.44,-0.011073,56629.0,1.0,45.91,2629850.76,UIL,6.0,8.0,1.0,,4.0,10,10.0,1.0,6.0,7.0,7.0,2.0,4.0,9.0,5.0,7.0,6.0,4.0,9.0,6.0,8.0,8.0,4.0,4.0,5.0,2.0,4.0,,,3.0,,,,10.0,3.0,6.0,7.0,5.0,,4.0,4.0,4.0,7.0,7.0,10.0,7.0,4.0,3.0,2.0,4.0,7.0,2,9.0,10,1
2015-12-14,53663,,11,1,4931.0,90274810,UIL,U I L HOLDINGS CORP,UIL,221118.0,N,A,R,21819,1,4931.0,90274810.0,,,49.0,493.0,,,,,,,47.16,0.015504,56629.0,1.0,46.44,2670623.64,UIL,6.0,8.0,1.0,,4.0,10,10.0,1.0,6.0,7.0,7.0,2.0,4.0,9.0,5.0,7.0,6.0,4.0,9.0,6.0,8.0,8.0,4.0,4.0,5.0,2.0,4.0,,,3.0,,,,10.0,3.0,6.0,7.0,5.0,,4.0,4.0,4.0,7.0,7.0,10.0,7.0,4.0,3.0,2.0,4.0,7.0,2,9.0,10,1
2015-12-15,53663,,11,1,4931.0,90274810,UIL,U I L HOLDINGS CORP,UIL,221118.0,N,A,R,21819,1,4931.0,90274810.0,,,49.0,493.0,,,,,,,47.46,0.006361,56629.0,1.0,47.0,2687612.34,UIL,6.0,8.0,1.0,,4.0,10,10.0,1.0,6.0,7.0,7.0,2.0,4.0,9.0,5.0,7.0,6.0,4.0,9.0,6.0,8.0,8.0,4.0,4.0,5.0,2.0,4.0,,,3.0,,,,10.0,3.0,6.0,7.0,5.0,,4.0,4.0,4.0,7.0,7.0,10.0,7.0,4.0,3.0,2.0,4.0,7.0,2,9.0,10,1
2015-12-16,53663,,11,1,4931.0,90274810,UIL,U I L HOLDINGS CORP,UIL,221118.0,N,A,R,21819,1,4931.0,90274810.0,241.0,,49.0,493.0,,,,,15859.0,0.0,50.1,0.055626,56629.0,1.0,47.95,2837112.9,UIL,6.0,8.0,1.0,,4.0,10,10.0,1.0,6.0,7.0,7.0,2.0,4.0,9.0,5.0,7.0,6.0,4.0,9.0,6.0,8.0,8.0,4.0,4.0,5.0,2.0,4.0,,,3.0,,,,10.0,3.0,6.0,7.0,5.0,,4.0,4.0,4.0,7.0,7.0,10.0,7.0,4.0,3.0,2.0,4.0,7.0,2,9.0,10,1
2015-12-17,53663,,11,1,4931.0,90274810,UIL,U I L HOLDINGS CORP,UIL,221118.0,N,A,R,21819,1,4931.0,90274810.0,,,49.0,493.0,3723.0,36.12,-1.0,15859.0,,,,,,,,,<undefined>,6.0,8.0,1.0,,4.0,10,10.0,1.0,6.0,7.0,7.0,2.0,4.0,9.0,5.0,7.0,6.0,4.0,9.0,6.0,8.0,8.0,4.0,4.0,5.0,2.0,4.0,,,3.0,,,,10.0,3.0,6.0,7.0,5.0,,4.0,4.0,4.0,7.0,7.0,10.0,7.0,4.0,3.0,2.0,4.0,7.0,2,9.0,10,1
2015-12-17,53663,,11,1,4931.0,90274810,UIL,U I L HOLDINGS CORP,UIL,221118.0,N,A,R,21819,1,4931.0,90274810.0,,,49.0,493.0,3225.0,10.5,-1.0,,,,,,,,,,<undefined>,6.0,8.0,1.0,,4.0,10,10.0,1.0,6.0,7.0,7.0,2.0,4.0,9.0,5.0,7.0,6.0,4.0,9.0,6.0,8.0,8.0,4.0,4.0,5.0,2.0,4.0,,,3.0,,,,10.0,3.0,6.0,7.0,5.0,,4.0,4.0,4.0,7.0,7.0,10.0,7.0,4.0,3.0,2.0,4.0,7.0,2,9.0,10,1
