,PERMNO,NAMEENDT,SHRCD,EXCHCD,SICCD,NCUSIP,TICKER,COMNAM,TSYMBOL,NAICS,PRIMEXCH,TRDSTAT,SECSTAT,PERMCO,HEXCD,HSICCD,CUSIP,DLSTCD,NEXTDT,HSICMG,HSICIG,DISTCD,DIVAMT,FACPR,ACPERM,NWPERM,DLPRC,PRC,RET,SHROUT,CFACPR,OPENPRC,MARKETCAP,TAQ_TICKER,pNYSE_size,pNYSE_value,pNYSE_prof,pNYSE_dur,pNYSE_valprof,pNYSE_fscore,pNYSE_debtiss,pNYSE_repurch,pNYSE_nissa,pNYSE_accruals,pNYSE_growth,pNYSE_aturnover,pNYSE_gmargins,pNYSE_divp,pNYSE_ep,pNYSE_cfp,pNYSE_noa,pNYSE_inv,pNYSE_invcap,pNYSE_igrowth,pNYSE_sgrowth,pNYSE_lev,pNYSE_roaa,pNYSE_roea,pNYSE_sp,pNYSE_gltnoa,pNYSE_divg,pNYSE_invaci,pNYSE_mom,pNYSE_indmom,pNYSE_valmom,pNYSE_valmomprof,pNYSE_shortint,pNYSE_mom12,pNYSE_momrev,pNYSE_lrrev,pNYSE_valuem,pNYSE_nissm,pNYSE_sue,pNYSE_roe,pNYSE_rome,pNYSE_roa,pNYSE_strev,pNYSE_ivol,pNYSE_betaarb,pNYSE_season,pNYSE_indrrev,pNYSE_indrrevlv,pNYSE_indmomrev,pNYSE_ciss,pNYSE_price,pNYSE_age,pNYSE_shvol,pNYSE_exchsw,pNYSE_ipo
2005-01-03,77495,,11,3,3670.0,55403410,MWAV,M WAVE INC,MWAV,334412.0,Q,A,R,11447,3,3670.0,55403420.0,,,36.0,367.0,,,,,,,1.46,0.106061,5956.0,0.25,1.32,8695.76,MWAV,10.0,2.0,,4.0,,1,10.0,1.0,8.0,10.0,10.0,9.0,1.0,,,,10.0,10.0,10.0,10.0,10.0,9.0,,1.0,10.0,10.0,,,,1.0,,,10.0,10.0,3.0,10.0,1.0,1.0,,1.0,1.0,1.0,10.0,1.0,1.0,10.0,10.0,,,10.0,1.0,7,1.0,10,1
2005-01-04,77495,,11,3,3670.0,55403410,MWAV,M WAVE INC,MWAV,334412.0,Q,A,R,11447,3,3670.0,55403420.0,,,36.0,367.0,,,,,,,1.68,0.150685,5956.0,0.25,1.44,10006.08,MWAV,10.0,2.0,,4.0,,1,10.0,1.0,8.0,10.0,10.0,9.0,1.0,,,,10.0,10.0,10.0,10.0,10.0,9.0,,1.0,10.0,10.0,,,,1.0,,,10.0,10.0,3.0,10.0,1.0,1.0,,1.0,1.0,1.0,10.0,1.0,1.0,10.0,10.0,,,10.0,1.0,7,1.0,10,1
2005-01-05,77495,,11,3,3670.0,55403410,MWAV,M WAVE INC,MWAV,334412.0,Q,A,R,11447,3,3670.0,55403420.0,,,36.0,367.0,,,,,,,1.45,-0.136905,5956.0,0.25,1.6,8636.2,MWAV,10.0,2.0,,4.0,,1,10.0,1.0,8.0,10.0,10.0,9.0,1.0,,,,10.0,10.0,10.0,10.0,10.0,9.0,,1.0,10.0,10.0,,,,1.0,,,10.0,10.0,3.0,10.0,1.0,1.0,,1.0,1.0,1.0,10.0,1.0,1.0,10.0,10.0,,,10.0,1.0,7,1.0,10,1
2005-01-06,77495,,11,3,3670.0,55403410,MWAV,M WAVE INC,MWAV,334412.0,Q,A,R,11447,3,3670.0,55403420.0,,,36.0,367.0,,,,,,,1.4,-0.034483,5956.0,0.25,1.46,8338.4,MWAV,10.0,2.0,,4.0,,1,10.0,1.0,8.0,10.0,10.0,9.0,1.0,,,,10.0,10.0,10.0,10.0,10.0,9.0,,1.0,10.0,10.0,,,,1.0,,,10.0,10.0,3.0,10.0,1.0,1.0,,1.0,1.0,1.0,10.0,1.0,1.0,10.0,10.0,,,10.0,1.0,7,1.0,10,1
2005-01-07,77495,,11,3,3670.0,55403410,MWAV,M WAVE INC,MWAV,334412.0,Q,A,R,11447,3,3670.0,55403420.0,,,36.0,367.0,,,,,,,1.42,0.014286,5956.0,0.25,1.42,8457.52,MWAV,10.0,2.0,,4.0,,1,10.0,1.0,8.0,10.0,10.0,9.0,1.0,,,,10.0,10.0,10.0,10.0,10.0,9.0,,1.0,10.0,10.0,,,,1.0,,,10.0,10.0,3.0,10.0,1.0,1.0,,1.0,1.0,1.0,10.0,1.0,1.0,10.0,10.0,,,10.0,1.0,7,1.0,10,1
2005-01-10,77495,,11,3,3670.0,55403410,MWAV,M WAVE INC,MWAV,334412.0,Q,A,R,11447,3,3670.0,55403420.0,,,36.0,367.0,,,,,,,1.27,-0.105634,5956.0,0.25,1.42,7564.12,MWAV,10.0,2.0,,4.0,,1,10.0,1.0,8.0,10.0,10.0,9.0,1.0,,,,10.0,10.0,10.0,10.0,10.0,9.0,,1.0,10.0,10.0,,,,1.0,,,10.0,10.0,3.0,10.0,1.0,1.0,,1.0,1.0,1.0,10.0,1.0,1.0,10.0,10.0,,,10.0,1.0,7,1.0,10,1
2005-01-11,77495,,11,3,3670.0,55403410,MWAV,M WAVE INC,MWAV,334412.0,Q,A,R,11447,3,3670.0,55403420.0,,,36.0,367.0,,,,,,,1.28,0.007874,5956.0,0.25,1.25,7623.68,MWAV,10.0,2.0,,4.0,,1,10.0,1.0,8.0,10.0,10.0,9.0,1.0,,,,10.0,10.0,10.0,10.0,10.0,9.0,,1.0,10.0,10.0,,,,1.0,,,10.0,10.0,3.0,10.0,1.0,1.0,,1.0,1.0,1.0,10.0,1.0,1.0,10.0,10.0,,,10.0,1.0,7,1.0,10,1
2005-01-12,77495,,11,3,3670.0,55403410,MWAV,M WAVE INC,MWAV,334412.0,Q,A,R,11447,3,3670.0,55403420.0,,,36.0,367.0,,,,,,,1.3,0.015625,5956.0,0.25,1.27,7742.8,MWAV,10.0,2.0,,4.0,,1,10.0,1.0,8.0,10.0,10.0,9.0,1.0,,,,10.0,10.0,10.0,10.0,10.0,9.0,,1.0,10.0,10.0,,,,1.0,,,10.0,10.0,3.0,10.0,1.0,1.0,,1.0,1.0,1.0,10.0,1.0,1.0,10.0,10.0,,,10.0,1.0,7,1.0,10,1
2005-01-13,77495,,11,3,3670.0,55403410,MWAV,M WAVE INC,MWAV,334412.0,Q,A,R,11447,3,3670.0,55403420.0,,,36.0,367.0,,,,,,,1.35,0.038462,5956.0,0.25,1.3,8040.6,MWAV,10.0,2.0,,4.0,,1,10.0,1.0,8.0,10.0,10.0,9.0,1.0,,,,10.0,10.0,10.0,10.0,10.0,9.0,,1.0,10.0,10.0,,,,1.0,,,10.0,10.0,3.0,10.0,1.0,1.0,,1.0,1.0,1.0,10.0,1.0,1.0,10.0,10.0,,,10.0,1.0,7,1.0,10,1
2005-01-14,77495,,11,3,3670.0,55403410,MWAV,M WAVE INC,MWAV,334412.0,Q,A,R,11447,3,3670.0,55403420.0,,,36.0,367.0,,,,,,,1.35,0.0,5956.0,0.25,1.41,8040.6,MWAV,10.0,2.0,,4.0,,1,10.0,1.0,8.0,10.0,10.0,9.0,1.0,,,,10.0,10.0,10.0,10.0,10.0,9.0,,1.0,10.0,10.0,,,,1.0,,,10.0,10.0,3.0,10.0,1.0,1.0,,1.0,1.0,1.0,10.0,1.0,1.0,10.0,10.0,,,10.0,1.0,7,1.0,10,1
2005-01-18,77495,,11,3,3670.0,55403410,MWAV,M WAVE INC,MWAV,334412.0,Q,A,R,11447,3,3670.0,55403420.0,,,36.0,367.0,,,,,,,1.31,-0.02963,5956.0,0.25,1.38,7802.36,MWAV,10.0,2.0,,4.0,,1,10.0,1.0,8.0,10.0,10.0,9.0,1.0,,,,10.0,10.0,10.0,10.0,10.0,9.0,,1.0,10.0,10.0,,,,1.0,,,10.0,10.0,3.0,10.0,1.0,1.0,,1.0,1.0,1.0,10.0,1.0,1.0,10.0,10.0,,,10.0,1.0,7,1.0,10,1
2005-01-19,77495,,11,3,3670.0,55403410,MWAV,M WAVE INC,MWAV,334412.0,Q,A,R,11447,3,3670.0,55403420.0,,,36.0,367.0,,,,,,,1.27,-0.030534,5956.0,0.25,1.3,7564.12,MWAV,10.0,2.0,,4.0,,1,10.0,1.0,8.0,10.0,10.0,9.0,1.0,,,,10.0,10.0,10.0,10.0,10.0,9.0,,1.0,10.0,10.0,,,,1.0,,,10.0,10.0,3.0,10.0,1.0,1.0,,1.0,1.0,1.0,10.0,1.0,1.0,10.0,10.0,,,10.0,1.0,7,1.0,10,1
2005-01-20,77495,,11,3,3670.0,55403410,MWAV,M WAVE INC,MWAV,334412.0,Q,A,R,11447,3,3670.0,55403420.0,,,36.0,367.0,,,,,,,1.25,-0.015748,5956.0,0.25,1.27,7445.0,MWAV,10.0,2.0,,4.0,,1,10.0,1.0,8.0,10.0,10.0,9.0,1.0,,,,10.0,10.0,10.0,10.0,10.0,9.0,,1.0,10.0,10.0,,,,1.0,,,10.0,10.0,3.0,10.0,1.0,1.0,,1.0,1.0,1.0,10.0,1.0,1.0,10.0,10.0,,,10.0,1.0,7,1.0,10,1
2005-01-21,77495,,11,3,3670.0,55403410,MWAV,M WAVE INC,MWAV,334412.0,Q,A,R,11447,3,3670.0,55403420.0,,,36.0,367.0,,,,,,,1.24,-0.008,5956.0,0.25,1.21,7385.44,MWAV,10.0,2.0,,4.0,,1,10.0,1.0,8.0,10.0,10.0,9.0,1.0,,,,10.0,10.0,10.0,10.0,10.0,9.0,,1.0,10.0,10.0,,,,1.0,,,10.0,10.0,3.0,10.0,1.0,1.0,,1.0,1.0,1.0,10.0,1.0,1.0,10.0,10.0,,,10.0,1.0,7,1.0,10,1
2005-01-24,77495,,11,3,3670.0,55403410,MWAV,M WAVE INC,MWAV,334412.0,Q,A,R,11447,3,3670.0,55403420.0,,,36.0,367.0,,,,,,,1.13,-0.08871,5956.0,0.25,1.2,6730.28,MWAV,10.0,2.0,,4.0,,1,10.0,1.0,8.0,10.0,10.0,9.0,1.0,,,,10.0,10.0,10.0,10.0,10.0,9.0,,1.0,10.0,10.0,,,,1.0,,,10.0,10.0,3.0,10.0,1.0,1.0,,1.0,1.0,1.0,10.0,1.0,1.0,10.0,10.0,,,10.0,1.0,7,1.0,10,1
2005-01-25,77495,,11,3,3670.0,55403410,MWAV,M WAVE INC,MWAV,334412.0,Q,A,R,11447,3,3670.0,55403420.0,,,36.0,367.0,,,,,,,1.31,0.159292,5956.0,0.25,1.13,7802.36,MWAV,10.0,2.0,,4.0,,1,10.0,1.0,8.0,10.0,10.0,9.0,1.0,,,,10.0,10.0,10.0,10.0,10.0,9.0,,1.0,10.0,10.0,,,,1.0,,,10.0,10.0,3.0,10.0,1.0,1.0,,1.0,1.0,1.0,10.0,1.0,1.0,10.0,10.0,,,10.0,1.0,7,1.0,10,1
2005-01-26,77495,,11,3,3670.0,55403410,MWAV,M WAVE INC,MWAV,334412.0,Q,A,R,11447,3,3670.0,55403420.0,,,36.0,367.0,,,,,,,1.24,-0.053435,5956.0,0.25,1.29,7385.44,MWAV,10.0,2.0,,4.0,,1,10.0,1.0,8.0,10.0,10.0,9.0,1.0,,,,10.0,10.0,10.0,10.0,10.0,9.0,,1.0,10.0,10.0,,,,1.0,,,10.0,10.0,3.0,10.0,1.0,1.0,,1.0,1.0,1.0,10.0,1.0,1.0,10.0,10.0,,,10.0,1.0,7,1.0,10,1
2005-01-27,77495,,11,3,3670.0,55403410,MWAV,M WAVE INC,MWAV,334412.0,Q,A,R,11447,3,3670.0,55403420.0,,,36.0,367.0,,,,,,,1.21,-0.024194,5956.0,0.25,1.21,7206.76,MWAV,10.0,2.0,,4.0,,1,10.0,1.0,8.0,10.0,10.0,9.0,1.0,,,,10.0,10.0,10.0,10.0,10.0,9.0,,1.0,10.0,10.0,,,,1.0,,,10.0,10.0,3.0,10.0,1.0,1.0,,1.0,1.0,1.0,10.0,1.0,1.0,10.0,10.0,,,10.0,1.0,7,1.0,10,1
2005-01-28,77495,,11,3,3670.0,55403410,MWAV,M WAVE INC,MWAV,334412.0,Q,A,R,11447,3,3670.0,55403420.0,,,36.0,367.0,,,,,,,1.22,0.008264,5956.0,0.25,1.27,7266.32,MWAV,10.0,2.0,,4.0,,1,10.0,1.0,8.0,10.0,10.0,9.0,1.0,,,,10.0,10.0,10.0,10.0,10.0,9.0,,1.0,10.0,10.0,,,,1.0,,,10.0,10.0,3.0,10.0,1.0,1.0,,1.0,1.0,1.0,10.0,1.0,1.0,10.0,10.0,,,10.0,1.0,7,1.0,10,1
2005-01-31,77495,,11,3,3670.0,55403410,MWAV,M WAVE INC,MWAV,334412.0,Q,A,R,11447,3,3670.0,55403420.0,,,36.0,367.0,,,,,,,1.23,0.008197,5956.0,0.25,1.22,7325.88,MWAV,10.0,2.0,,4.0,,1,10.0,1.0,8.0,10.0,10.0,9.0,1.0,,,,10.0,10.0,10.0,10.0,10.0,9.0,,1.0,10.0,10.0,,,,1.0,,,10.0,10.0,3.0,10.0,1.0,1.0,,1.0,1.0,1.0,10.0,1.0,1.0,10.0,10.0,,,10.0,1.0,7,1.0,10,1
2005-02-01,77495,,11,3,3670.0,55403410,MWAV,M WAVE INC,MWAV,334412.0,Q,A,R,11447,3,3670.0,55403420.0,,,36.0,367.0,,,,,,,1.25,0.01626,5956.0,0.25,1.26,7445.0,MWAV,10.0,2.0,,4.0,,1,10.0,1.0,8.0,10.0,10.0,9.0,1.0,,,,10.0,10.0,10.0,10.0,10.0,9.0,,1.0,10.0,10.0,,,,1.0,,,10.0,10.0,10.0,10.0,1.0,1.0,,1.0,1.0,1.0,8.0,1.0,1.0,10.0,5.0,,,10.0,1.0,7,1.0,10,1
2005-02-02,77495,,11,3,3670.0,55403410,MWAV,M WAVE INC,MWAV,334412.0,Q,A,R,11447,3,3670.0,55403420.0,,,36.0,367.0,,,,,,,1.21,-0.032,5956.0,0.25,1.24,7206.76,MWAV,10.0,2.0,,4.0,,1,10.0,1.0,8.0,10.0,10.0,9.0,1.0,,,,10.0,10.0,10.0,10.0,10.0,9.0,,1.0,10.0,10.0,,,,1.0,,,10.0,10.0,10.0,10.0,1.0,1.0,,1.0,1.0,1.0,8.0,1.0,1.0,10.0,5.0,,,10.0,1.0,7,1.0,10,1
2005-02-03,77495,,11,3,3670.0,55403410,MWAV,M WAVE INC,MWAV,334412.0,Q,A,R,11447,3,3670.0,55403420.0,,,36.0,367.0,,,,,,,1.21,0.0,5956.0,0.25,1.23,7206.76,MWAV,10.0,2.0,,4.0,,1,10.0,1.0,8.0,10.0,10.0,9.0,1.0,,,,10.0,10.0,10.0,10.0,10.0,9.0,,1.0,10.0,10.0,,,,1.0,,,10.0,10.0,10.0,10.0,1.0,1.0,,1.0,1.0,1.0,8.0,1.0,1.0,10.0,5.0,,,10.0,1.0,7,1.0,10,1
2005-02-04,77495,,11,3,3670.0,55403410,MWAV,M WAVE INC,MWAV,334412.0,Q,A,R,11447,3,3670.0,55403420.0,,,36.0,367.0,,,,,,,1.201,-0.007438,5956.0,0.25,1.22,7153.156,MWAV,10.0,2.0,,4.0,,1,10.0,1.0,8.0,10.0,10.0,9.0,1.0,,,,10.0,10.0,10.0,10.0,10.0,9.0,,1.0,10.0,10.0,,,,1.0,,,10.0,10.0,10.0,10.0,1.0,1.0,,1.0,1.0,1.0,8.0,1.0,1.0,10.0,5.0,,,10.0,1.0,7,1.0,10,1
2005-02-07,77495,,11,3,3670.0,55403410,MWAV,M WAVE INC,MWAV,334412.0,Q,A,R,11447,3,3670.0,55403420.0,,,36.0,367.0,,,,,,,1.24,0.032473,5956.0,0.25,1.16,7385.44,MWAV,10.0,2.0,,4.0,,1,10.0,1.0,8.0,10.0,10.0,9.0,1.0,,,,10.0,10.0,10.0,10.0,10.0,9.0,,1.0,10.0,10.0,,,,1.0,,,10.0,10.0,10.0,10.0,1.0,1.0,,1.0,1.0,1.0,8.0,1.0,1.0,10.0,5.0,,,10.0,1.0,7,1.0,10,1
2005-02-08,77495,,11,3,3670.0,55403410,MWAV,M WAVE INC,MWAV,334412.0,Q,A,R,11447,3,3670.0,55403420.0,,,36.0,367.0,,,,,,,1.201,-0.031452,5956.0,0.25,1.23,7153.156,MWAV,10.0,2.0,,4.0,,1,10.0,1.0,8.0,10.0,10.0,9.0,1.0,,,,10.0,10.0,10.0,10.0,10.0,9.0,,1.0,10.0,10.0,,,,1.0,,,10.0,10.0,10.0,10.0,1.0,1.0,,1.0,1.0,1.0,8.0,1.0,1.0,10.0,5.0,,,10.0,1.0,7,1.0,10,1
2005-02-09,77495,,11,3,3670.0,55403410,MWAV,M WAVE INC,MWAV,334412.0,Q,A,R,11447,3,3670.0,55403420.0,,,36.0,367.0,,,,,,,1.25,0.040799,5956.0,0.25,1.21,7445.0,MWAV,10.0,2.0,,4.0,,1,10.0,1.0,8.0,10.0,10.0,9.0,1.0,,,,10.0,10.0,10.0,10.0,10.0,9.0,,1.0,10.0,10.0,,,,1.0,,,10.0,10.0,10.0,10.0,1.0,1.0,,1.0,1.0,1.0,8.0,1.0,1.0,10.0,5.0,,,10.0,1.0,7,1.0,10,1
2005-02-10,77495,,11,3,3670.0,55403410,MWAV,M WAVE INC,MWAV,334412.0,Q,A,R,11447,3,3670.0,55403420.0,,,36.0,367.0,,,,,,,1.24,-0.008,5956.0,0.25,1.23,7385.44,MWAV,10.0,2.0,,4.0,,1,10.0,1.0,8.0,10.0,10.0,9.0,1.0,,,,10.0,10.0,10.0,10.0,10.0,9.0,,1.0,10.0,10.0,,,,1.0,,,10.0,10.0,10.0,10.0,1.0,1.0,,1.0,1.0,1.0,8.0,1.0,1.0,10.0,5.0,,,10.0,1.0,7,1.0,10,1
2005-02-11,77495,,11,3,3670.0,55403410,MWAV,M WAVE INC,MWAV,334412.0,Q,A,R,11447,3,3670.0,55403420.0,,,36.0,367.0,,,,,,,1.2,-0.032258,5956.0,0.25,1.2,7147.2,MWAV,10.0,2.0,,4.0,,1,10.0,1.0,8.0,10.0,10.0,9.0,1.0,,,,10.0,10.0,10.0,10.0,10.0,9.0,,1.0,10.0,10.0,,,,1.0,,,10.0,10.0,10.0,10.0,1.0,1.0,,1.0,1.0,1.0,8.0,1.0,1.0,10.0,5.0,,,10.0,1.0,7,1.0,10,1
2005-02-14,77495,,11,3,3670.0,55403410,MWAV,M WAVE INC,MWAV,334412.0,Q,A,R,11447,3,3670.0,55403420.0,,,36.0,367.0,,,,,,,1.229,0.024167,5956.0,0.25,1.2,7319.924,MWAV,10.0,2.0,,4.0,,1,10.0,1.0,8.0,10.0,10.0,9.0,1.0,,,,10.0,10.0,10.0,10.0,10.0,9.0,,1.0,10.0,10.0,,,,1.0,,,10.0,10.0,10.0,10.0,1.0,1.0,,1.0,1.0,1.0,8.0,1.0,1.0,10.0,5.0,,,10.0,1.0,7,1.0,10,1
2005-02-15,77495,,11,3,3670.0,55403410,MWAV,M WAVE INC,MWAV,334412.0,Q,A,R,11447,3,3670.0,55403420.0,,,36.0,367.0,,,,,,,1.23,0.000814,5956.0,0.25,1.21,7325.88,MWAV,10.0,2.0,,4.0,,1,10.0,1.0,8.0,10.0,10.0,9.0,1.0,,,,10.0,10.0,10.0,10.0,10.0,9.0,,1.0,10.0,10.0,,,,1.0,,,10.0,10.0,10.0,10.0,1.0,1.0,,1.0,1.0,1.0,8.0,1.0,1.0,10.0,5.0,,,10.0,1.0,7,1.0,10,1
2005-02-16,77495,,11,3,3670.0,55403410,MWAV,M WAVE INC,MWAV,334412.0,Q,A,R,11447,3,3670.0,55403420.0,,,36.0,367.0,,,,,,,1.2,-0.02439,5956.0,0.25,1.25,7147.2,MWAV,10.0,2.0,,4.0,,1,10.0,1.0,8.0,10.0,10.0,9.0,1.0,,,,10.0,10.0,10.0,10.0,10.0,9.0,,1.0,10.0,10.0,,,,1.0,,,10.0,10.0,10.0,10.0,1.0,1.0,,1.0,1.0,1.0,8.0,1.0,1.0,10.0,5.0,,,10.0,1.0,7,1.0,10,1
2005-02-17,77495,,11,3,3670.0,55403410,MWAV,M WAVE INC,MWAV,334412.0,Q,A,R,11447,3,3670.0,55403420.0,,,36.0,367.0,,,,,,,1.2,0.0,5956.0,0.25,1.2,7147.2,MWAV,10.0,2.0,,4.0,,1,10.0,1.0,8.0,10.0,10.0,9.0,1.0,,,,10.0,10.0,10.0,10.0,10.0,9.0,,1.0,10.0,10.0,,,,1.0,,,10.0,10.0,10.0,10.0,1.0,1.0,,1.0,1.0,1.0,8.0,1.0,1.0,10.0,5.0,,,10.0,1.0,7,1.0,10,1
2005-02-18,77495,,11,3,3670.0,55403410,MWAV,M WAVE INC,MWAV,334412.0,Q,A,R,11447,3,3670.0,55403420.0,,,36.0,367.0,,,,,,,1.21,0.008333,5956.0,0.25,1.2,7206.76,MWAV,10.0,2.0,,4.0,,1,10.0,1.0,8.0,10.0,10.0,9.0,1.0,,,,10.0,10.0,10.0,10.0,10.0,9.0,,1.0,10.0,10.0,,,,1.0,,,10.0,10.0,10.0,10.0,1.0,1.0,,1.0,1.0,1.0,8.0,1.0,1.0,10.0,5.0,,,10.0,1.0,7,1.0,10,1
2005-02-22,77495,,11,3,3670.0,55403410,MWAV,M WAVE INC,MWAV,334412.0,Q,A,R,11447,3,3670.0,55403420.0,,,36.0,367.0,,,,,,,1.15,-0.049587,5956.0,0.25,1.24,6849.4,MWAV,10.0,2.0,,4.0,,1,10.0,1.0,8.0,10.0,10.0,9.0,1.0,,,,10.0,10.0,10.0,10.0,10.0,9.0,,1.0,10.0,10.0,,,,1.0,,,10.0,10.0,10.0,10.0,1.0,1.0,,1.0,1.0,1.0,8.0,1.0,1.0,10.0,5.0,,,10.0,1.0,7,1.0,10,1
2005-02-23,77495,,11,3,3670.0,55403410,MWAV,M WAVE INC,MWAV,334412.0,Q,A,R,11447,3,3670.0,55403420.0,,,36.0,367.0,,,,,,,1.17,0.017391,5956.0,0.25,1.14,6968.52,MWAV,10.0,2.0,,4.0,,1,10.0,1.0,8.0,10.0,10.0,9.0,1.0,,,,10.0,10.0,10.0,10.0,10.0,9.0,,1.0,10.0,10.0,,,,1.0,,,10.0,10.0,10.0,10.0,1.0,1.0,,1.0,1.0,1.0,8.0,1.0,1.0,10.0,5.0,,,10.0,1.0,7,1.0,10,1
2005-02-24,77495,,11,3,3670.0,55403410,MWAV,M WAVE INC,MWAV,334412.0,Q,A,R,11447,3,3670.0,55403420.0,,,36.0,367.0,,,,,,,1.14,-0.025641,5956.0,0.25,1.141,6789.84,MWAV,10.0,2.0,,4.0,,1,10.0,1.0,8.0,10.0,10.0,9.0,1.0,,,,10.0,10.0,10.0,10.0,10.0,9.0,,1.0,10.0,10.0,,,,1.0,,,10.0,10.0,10.0,10.0,1.0,1.0,,1.0,1.0,1.0,8.0,1.0,1.0,10.0,5.0,,,10.0,1.0,7,1.0,10,1
2005-02-25,77495,,11,3,3670.0,55403410,MWAV,M WAVE INC,MWAV,334412.0,Q,A,R,11447,3,3670.0,55403420.0,,,36.0,367.0,,,,,,,1.15,0.008772,5956.0,0.25,1.15,6849.4,MWAV,10.0,2.0,,4.0,,1,10.0,1.0,8.0,10.0,10.0,9.0,1.0,,,,10.0,10.0,10.0,10.0,10.0,9.0,,1.0,10.0,10.0,,,,1.0,,,10.0,10.0,10.0,10.0,1.0,1.0,,1.0,1.0,1.0,8.0,1.0,1.0,10.0,5.0,,,10.0,1.0,7,1.0,10,1
2005-02-28,77495,,11,3,3670.0,55403410,MWAV,M WAVE INC,MWAV,334412.0,Q,A,R,11447,3,3670.0,55403420.0,,,36.0,367.0,,,,,,,1.2,0.043478,5956.0,0.25,1.28,7147.2,MWAV,10.0,2.0,,4.0,,1,10.0,1.0,8.0,10.0,10.0,9.0,1.0,,,,10.0,10.0,10.0,10.0,10.0,9.0,,1.0,10.0,10.0,,,,1.0,,,10.0,10.0,10.0,10.0,1.0,1.0,,1.0,1.0,1.0,8.0,1.0,1.0,10.0,5.0,,,10.0,1.0,7,1.0,10,1
2005-03-01,77495,,11,3,3670.0,55403410,MWAV,M WAVE INC,MWAV,334412.0,Q,A,R,11447,3,3670.0,55403420.0,,,36.0,367.0,,,,,,,1.39,0.158333,5956.0,0.25,1.26,8278.84,MWAV,10.0,2.0,,4.0,,1,10.0,1.0,8.0,10.0,10.0,9.0,1.0,,,,10.0,10.0,10.0,10.0,10.0,9.0,,1.0,10.0,10.0,,,,4.0,,,10.0,7.0,9.0,10.0,2.0,1.0,,,,,8.0,1.0,1.0,10.0,9.0,,,5.0,1.0,7,1.0,10,1
2005-03-02,77495,,11,3,3670.0,55403410,MWAV,M WAVE INC,MWAV,334412.0,Q,A,R,11447,3,3670.0,55403420.0,,,36.0,367.0,,,,,,,1.36,-0.021583,5956.0,0.25,1.35,8100.16,MWAV,10.0,2.0,,4.0,,1,10.0,1.0,8.0,10.0,10.0,9.0,1.0,,,,10.0,10.0,10.0,10.0,10.0,9.0,,1.0,10.0,10.0,,,,4.0,,,10.0,7.0,9.0,10.0,2.0,1.0,,,,,8.0,1.0,1.0,10.0,9.0,,,5.0,1.0,7,1.0,10,1
2005-03-03,77495,,11,3,3670.0,55403410,MWAV,M WAVE INC,MWAV,334412.0,Q,A,R,11447,3,3670.0,55403420.0,,,36.0,367.0,,,,,,,1.3,-0.044118,5956.0,0.25,1.33,7742.8,MWAV,10.0,2.0,,4.0,,1,10.0,1.0,8.0,10.0,10.0,9.0,1.0,,,,10.0,10.0,10.0,10.0,10.0,9.0,,1.0,10.0,10.0,,,,4.0,,,10.0,7.0,9.0,10.0,2.0,1.0,,,,,8.0,1.0,1.0,10.0,9.0,,,5.0,1.0,7,1.0,10,1
2005-03-04,77495,,11,3,3670.0,55403410,MWAV,M WAVE INC,MWAV,334412.0,Q,A,R,11447,3,3670.0,55403420.0,,,36.0,367.0,,,,,,,1.21,-0.069231,5956.0,0.25,1.26,7206.76,MWAV,10.0,2.0,,4.0,,1,10.0,1.0,8.0,10.0,10.0,9.0,1.0,,,,10.0,10.0,10.0,10.0,10.0,9.0,,1.0,10.0,10.0,,,,4.0,,,10.0,7.0,9.0,10.0,2.0,1.0,,,,,8.0,1.0,1.0,10.0,9.0,,,5.0,1.0,7,1.0,10,1
2005-03-07,77495,,11,3,3670.0,55403410,MWAV,M WAVE INC,MWAV,334412.0,Q,A,R,11447,3,3670.0,55403420.0,,,36.0,367.0,,,,,,,1.24,0.024793,5956.0,0.25,1.21,7385.44,MWAV,10.0,2.0,,4.0,,1,10.0,1.0,8.0,10.0,10.0,9.0,1.0,,,,10.0,10.0,10.0,10.0,10.0,9.0,,1.0,10.0,10.0,,,,4.0,,,10.0,7.0,9.0,10.0,2.0,1.0,,,,,8.0,1.0,1.0,10.0,9.0,,,5.0,1.0,7,1.0,10,1
2005-03-08,77495,,11,3,3670.0,55403410,MWAV,M WAVE INC,MWAV,334412.0,Q,A,R,11447,3,3670.0,55403420.0,,,36.0,367.0,,,,,,,1.28,0.032258,5956.0,0.25,1.21,7623.68,MWAV,10.0,2.0,,4.0,,1,10.0,1.0,8.0,10.0,10.0,9.0,1.0,,,,10.0,10.0,10.0,10.0,10.0,9.0,,1.0,10.0,10.0,,,,4.0,,,10.0,7.0,9.0,10.0,2.0,1.0,,,,,8.0,1.0,1.0,10.0,9.0,,,5.0,1.0,7,1.0,10,1
2005-03-09,77495,,11,3,3670.0,55403410,MWAV,M WAVE INC,MWAV,334412.0,Q,A,R,11447,3,3670.0,55403420.0,,,36.0,367.0,,,,,,,1.33,0.039063,5956.0,0.25,1.29,7921.48,MWAV,10.0,2.0,,4.0,,1,10.0,1.0,8.0,10.0,10.0,9.0,1.0,,,,10.0,10.0,10.0,10.0,10.0,9.0,,1.0,10.0,10.0,,,,4.0,,,10.0,7.0,9.0,10.0,2.0,1.0,,,,,8.0,1.0,1.0,10.0,9.0,,,5.0,1.0,7,1.0,10,1
2005-03-10,77495,,11,3,3670.0,55403410,MWAV,M WAVE INC,MWAV,334412.0,Q,A,R,11447,3,3670.0,55403420.0,,,36.0,367.0,,,,,,,1.3,-0.022556,5956.0,0.25,1.28,7742.8,MWAV,10.0,2.0,,4.0,,1,10.0,1.0,8.0,10.0,10.0,9.0,1.0,,,,10.0,10.0,10.0,10.0,10.0,9.0,,1.0,10.0,10.0,,,,4.0,,,10.0,7.0,9.0,10.0,2.0,1.0,,,,,8.0,1.0,1.0,10.0,9.0,,,5.0,1.0,7,1.0,10,1
2005-03-11,77495,,11,3,3670.0,55403410,MWAV,M WAVE INC,MWAV,334412.0,Q,A,R,11447,3,3670.0,55403420.0,,,36.0,367.0,,,,,,,1.36,0.046154,5956.0,0.25,1.279,8100.16,MWAV,10.0,2.0,,4.0,,1,10.0,1.0,8.0,10.0,10.0,9.0,1.0,,,,10.0,10.0,10.0,10.0,10.0,9.0,,1.0,10.0,10.0,,,,4.0,,,10.0,7.0,9.0,10.0,2.0,1.0,,,,,8.0,1.0,1.0,10.0,9.0,,,5.0,1.0,7,1.0,10,1
2005-03-14,77495,,11,3,3670.0,55403410,MWAV,M WAVE INC,MWAV,334412.0,Q,A,R,11447,3,3670.0,55403420.0,,,36.0,367.0,,,,,,,1.43,0.051471,5956.0,0.25,1.4,8517.08,MWAV,10.0,2.0,,4.0,,1,10.0,1.0,8.0,10.0,10.0,9.0,1.0,,,,10.0,10.0,10.0,10.0,10.0,9.0,,1.0,10.0,10.0,,,,4.0,,,10.0,7.0,9.0,10.0,2.0,1.0,,,,,8.0,1.0,1.0,10.0,9.0,,,5.0,1.0,7,1.0,10,1
2005-03-15,77495,,11,3,3670.0,55403410,MWAV,M WAVE INC,MWAV,334412.0,Q,A,R,11447,3,3670.0,55403420.0,,,36.0,367.0,,,,,,,1.349,-0.056643,5956.0,0.25,1.49,8034.644,MWAV,10.0,2.0,,4.0,,1,10.0,1.0,8.0,10.0,10.0,9.0,1.0,,,,10.0,10.0,10.0,10.0,10.0,9.0,,1.0,10.0,10.0,,,,4.0,,,10.0,7.0,9.0,10.0,2.0,1.0,,,,,8.0,1.0,1.0,10.0,9.0,,,5.0,1.0,7,1.0,10,1
2005-03-16,77495,,11,3,3670.0,55403410,MWAV,M WAVE INC,MWAV,334412.0,Q,A,R,11447,3,3670.0,55403420.0,,,36.0,367.0,,,,,,,1.28,-0.051149,5956.0,0.25,1.3,7623.68,MWAV,10.0,2.0,,4.0,,1,10.0,1.0,8.0,10.0,10.0,9.0,1.0,,,,10.0,10.0,10.0,10.0,10.0,9.0,,1.0,10.0,10.0,,,,4.0,,,10.0,7.0,9.0,10.0,2.0,1.0,,,,,8.0,1.0,1.0,10.0,9.0,,,5.0,1.0,7,1.0,10,1
2005-03-17,77495,,11,3,3670.0,55403410,MWAV,M WAVE INC,MWAV,334412.0,Q,A,R,11447,3,3670.0,55403420.0,,,36.0,367.0,,,,,,,1.26,-0.015625,5956.0,0.25,1.25,7504.56,MWAV,10.0,2.0,,4.0,,1,10.0,1.0,8.0,10.0,10.0,9.0,1.0,,,,10.0,10.0,10.0,10.0,10.0,9.0,,1.0,10.0,10.0,,,,4.0,,,10.0,7.0,9.0,10.0,2.0,1.0,,,,,8.0,1.0,1.0,10.0,9.0,,,5.0,1.0,7,1.0,10,1
2005-03-18,77495,,11,3,3670.0,55403410,MWAV,M WAVE INC,MWAV,334412.0,Q,A,R,11447,3,3670.0,55403420.0,,,36.0,367.0,,,,,,,1.23,-0.02381,5956.0,0.25,1.22,7325.88,MWAV,10.0,2.0,,4.0,,1,10.0,1.0,8.0,10.0,10.0,9.0,1.0,,,,10.0,10.0,10.0,10.0,10.0,9.0,,1.0,10.0,10.0,,,,4.0,,,10.0,7.0,9.0,10.0,2.0,1.0,,,,,8.0,1.0,1.0,10.0,9.0,,,5.0,1.0,7,1.0,10,1
2005-03-21,77495,,11,3,3670.0,55403410,MWAV,M WAVE INC,MWAV,334412.0,Q,A,R,11447,3,3670.0,55403420.0,,,36.0,367.0,,,,,,,1.21,-0.01626,5956.0,0.25,1.23,7206.76,MWAV,10.0,2.0,,4.0,,1,10.0,1.0,8.0,10.0,10.0,9.0,1.0,,,,10.0,10.0,10.0,10.0,10.0,9.0,,1.0,10.0,10.0,,,,4.0,,,10.0,7.0,9.0,10.0,2.0,1.0,,,,,8.0,1.0,1.0,10.0,9.0,,,5.0,1.0,7,1.0,10,1
2005-03-22,77495,,11,3,3670.0,55403410,MWAV,M WAVE INC,MWAV,334412.0,Q,A,R,11447,3,3670.0,55403420.0,,,36.0,367.0,,,,,,,1.26,0.041322,5956.0,0.25,1.229,7504.56,MWAV,10.0,2.0,,4.0,,1,10.0,1.0,8.0,10.0,10.0,9.0,1.0,,,,10.0,10.0,10.0,10.0,10.0,9.0,,1.0,10.0,10.0,,,,4.0,,,10.0,7.0,9.0,10.0,2.0,1.0,,,,,8.0,1.0,1.0,10.0,9.0,,,5.0,1.0,7,1.0,10,1
2005-03-23,77495,,11,3,3670.0,55403410,MWAV,M WAVE INC,MWAV,334412.0,Q,A,R,11447,3,3670.0,55403420.0,,,36.0,367.0,,,,,,,1.41,0.119048,5956.0,0.25,1.39,8397.96,MWAV,10.0,2.0,,4.0,,1,10.0,1.0,8.0,10.0,10.0,9.0,1.0,,,,10.0,10.0,10.0,10.0,10.0,9.0,,1.0,10.0,10.0,,,,4.0,,,10.0,7.0,9.0,10.0,2.0,1.0,,,,,8.0,1.0,1.0,10.0,9.0,,,5.0,1.0,7,1.0,10,1
2005-03-24,77495,,11,3,3670.0,55403410,MWAV,M WAVE INC,MWAV,334412.0,Q,A,R,11447,3,3670.0,55403420.0,,,36.0,367.0,,,,,,,1.34,-0.049645,5956.0,0.25,1.41,7981.04,MWAV,10.0,2.0,,4.0,,1,10.0,1.0,8.0,10.0,10.0,9.0,1.0,,,,10.0,10.0,10.0,10.0,10.0,9.0,,1.0,10.0,10.0,,,,4.0,,,10.0,7.0,9.0,10.0,2.0,1.0,,,,,8.0,1.0,1.0,10.0,9.0,,,5.0,1.0,7,1.0,10,1
2005-03-28,77495,,11,3,3670.0,55403410,MWAV,M WAVE INC,MWAV,334412.0,Q,A,R,11447,3,3670.0,55403420.0,,,36.0,367.0,,,,,,,1.28,-0.044776,5956.0,0.25,1.33,7623.68,MWAV,10.0,2.0,,4.0,,1,10.0,1.0,8.0,10.0,10.0,9.0,1.0,,,,10.0,10.0,10.0,10.0,10.0,9.0,,1.0,10.0,10.0,,,,4.0,,,10.0,7.0,9.0,10.0,2.0,1.0,,,,,8.0,1.0,1.0,10.0,9.0,,,5.0,1.0,7,1.0,10,1
2005-03-29,77495,,11,3,3670.0,55403410,MWAV,M WAVE INC,MWAV,334412.0,Q,A,R,11447,3,3670.0,55403420.0,,,36.0,367.0,,,,,,,1.24,-0.03125,5956.0,0.25,1.26,7385.44,MWAV,10.0,2.0,,4.0,,1,10.0,1.0,8.0,10.0,10.0,9.0,1.0,,,,10.0,10.0,10.0,10.0,10.0,9.0,,1.0,10.0,10.0,,,,4.0,,,10.0,7.0,9.0,10.0,2.0,1.0,,,,,8.0,1.0,1.0,10.0,9.0,,,5.0,1.0,7,1.0,10,1
2005-03-30,77495,,11,3,3670.0,55403410,MWAV,M WAVE INC,MWAV,334412.0,Q,A,R,11447,3,3670.0,55403420.0,,,36.0,367.0,,,,,,,1.24,0.0,5956.0,0.25,1.22,7385.44,MWAV,10.0,2.0,,4.0,,1,10.0,1.0,8.0,10.0,10.0,9.0,1.0,,,,10.0,10.0,10.0,10.0,10.0,9.0,,1.0,10.0,10.0,,,,4.0,,,10.0,7.0,9.0,10.0,2.0,1.0,,,,,8.0,1.0,1.0,10.0,9.0,,,5.0,1.0,7,1.0,10,1
2005-03-31,77495,,11,3,3670.0,55403410,MWAV,M WAVE INC,MWAV,334412.0,Q,A,R,11447,3,3670.0,55403420.0,,,36.0,367.0,,,,,,,1.28,0.032258,5956.0,0.25,1.38,7623.68,MWAV,10.0,2.0,,4.0,,1,10.0,1.0,8.0,10.0,10.0,9.0,1.0,,,,10.0,10.0,10.0,10.0,10.0,9.0,,1.0,10.0,10.0,,,,4.0,,,10.0,7.0,9.0,10.0,2.0,1.0,,,,,8.0,1.0,1.0,10.0,9.0,,,5.0,1.0,7,1.0,10,1
2005-04-01,77495,,11,3,3670.0,55403410,MWAV,M WAVE INC,MWAV,334412.0,Q,A,R,11447,3,3670.0,55403420.0,,,36.0,367.0,,,,,,,1.25,-0.023437,5956.0,0.25,1.279,7445.0,MWAV,10.0,2.0,,4.0,,1,10.0,1.0,8.0,10.0,10.0,9.0,1.0,,,,10.0,10.0,10.0,10.0,10.0,9.0,,1.0,10.0,10.0,,,,3.0,,,10.0,1.0,2.0,9.0,2.0,1.0,,,,,2.0,1.0,1.0,1.0,1.0,,,2.0,1.0,7,1.0,10,1
2005-04-04,77495,,11,3,3670.0,55403410,MWAV,M WAVE INC,MWAV,334412.0,Q,A,R,11447,3,3670.0,55403420.0,,,36.0,367.0,,,,,,,1.24,-0.008,5956.0,0.25,1.22,7385.44,MWAV,10.0,2.0,,4.0,,1,10.0,1.0,8.0,10.0,10.0,9.0,1.0,,,,10.0,10.0,10.0,10.0,10.0,9.0,,1.0,10.0,10.0,,,,3.0,,,10.0,1.0,2.0,9.0,2.0,1.0,,,,,2.0,1.0,1.0,1.0,1.0,,,2.0,1.0,7,1.0,10,1
2005-04-05,77495,,11,3,3670.0,55403410,MWAV,M WAVE INC,MWAV,334412.0,Q,A,R,11447,3,3670.0,55403420.0,,,36.0,367.0,,,,,,,1.23,-0.008065,5956.0,0.25,1.23,7325.88,MWAV,10.0,2.0,,4.0,,1,10.0,1.0,8.0,10.0,10.0,9.0,1.0,,,,10.0,10.0,10.0,10.0,10.0,9.0,,1.0,10.0,10.0,,,,3.0,,,10.0,1.0,2.0,9.0,2.0,1.0,,,,,2.0,1.0,1.0,1.0,1.0,,,2.0,1.0,7,1.0,10,1
2005-04-06,77495,,11,3,3670.0,55403410,MWAV,M WAVE INC,MWAV,334412.0,Q,A,R,11447,3,3670.0,55403420.0,,,36.0,367.0,,,,,,,1.29,0.04878,5956.0,0.25,1.25,7683.24,MWAV,10.0,2.0,,4.0,,1,10.0,1.0,8.0,10.0,10.0,9.0,1.0,,,,10.0,10.0,10.0,10.0,10.0,9.0,,1.0,10.0,10.0,,,,3.0,,,10.0,1.0,2.0,9.0,2.0,1.0,,,,,2.0,1.0,1.0,1.0,1.0,,,2.0,1.0,7,1.0,10,1
2005-04-07,77495,,11,3,3670.0,55403410,MWAV,M WAVE INC,MWAV,334412.0,Q,A,R,11447,3,3670.0,55403420.0,,,36.0,367.0,,,,,,,1.243,-0.036434,5956.0,0.25,1.26,7403.308,MWAV,10.0,2.0,,4.0,,1,10.0,1.0,8.0,10.0,10.0,9.0,1.0,,,,10.0,10.0,10.0,10.0,10.0,9.0,,1.0,10.0,10.0,,,,3.0,,,10.0,1.0,2.0,9.0,2.0,1.0,,,,,2.0,1.0,1.0,1.0,1.0,,,2.0,1.0,7,1.0,10,1
2005-04-08,77495,,11,3,3670.0,55403410,MWAV,M WAVE INC,MWAV,334412.0,Q,A,R,11447,3,3670.0,55403420.0,,,36.0,367.0,,,,,,,1.26,0.013677,5956.0,0.25,1.25,7504.56,MWAV,10.0,2.0,,4.0,,1,10.0,1.0,8.0,10.0,10.0,9.0,1.0,,,,10.0,10.0,10.0,10.0,10.0,9.0,,1.0,10.0,10.0,,,,3.0,,,10.0,1.0,2.0,9.0,2.0,1.0,,,,,2.0,1.0,1.0,1.0,1.0,,,2.0,1.0,7,1.0,10,1
2005-04-11,77495,,11,3,3670.0,55403410,MWAV,M WAVE INC,MWAV,334412.0,Q,A,R,11447,3,3670.0,55403420.0,,,36.0,367.0,,,,,,,1.25,-0.007937,5956.0,0.25,1.25,7445.0,MWAV,10.0,2.0,,4.0,,1,10.0,1.0,8.0,10.0,10.0,9.0,1.0,,,,10.0,10.0,10.0,10.0,10.0,9.0,,1.0,10.0,10.0,,,,3.0,,,10.0,1.0,2.0,9.0,2.0,1.0,,,,,2.0,1.0,1.0,1.0,1.0,,,2.0,1.0,7,1.0,10,1
2005-04-12,77495,,11,3,3670.0,55403410,MWAV,M WAVE INC,MWAV,334412.0,Q,A,R,11447,3,3670.0,55403420.0,,,36.0,367.0,,,,,,,1.27,0.016,5956.0,0.25,1.25,7564.12,MWAV,10.0,2.0,,4.0,,1,10.0,1.0,8.0,10.0,10.0,9.0,1.0,,,,10.0,10.0,10.0,10.0,10.0,9.0,,1.0,10.0,10.0,,,,3.0,,,10.0,1.0,2.0,9.0,2.0,1.0,,,,,2.0,1.0,1.0,1.0,1.0,,,2.0,1.0,7,1.0,10,1
2005-04-13,77495,,11,3,3670.0,55403410,MWAV,M WAVE INC,MWAV,334412.0,Q,A,R,11447,3,3670.0,55403420.0,,,36.0,367.0,,,,,,,1.29,0.015748,5956.0,0.25,1.25,7683.24,MWAV,10.0,2.0,,4.0,,1,10.0,1.0,8.0,10.0,10.0,9.0,1.0,,,,10.0,10.0,10.0,10.0,10.0,9.0,,1.0,10.0,10.0,,,,3.0,,,10.0,1.0,2.0,9.0,2.0,1.0,,,,,2.0,1.0,1.0,1.0,1.0,,,2.0,1.0,7,1.0,10,1
2005-04-14,77495,,11,3,3670.0,55403410,MWAV,M WAVE INC,MWAV,334412.0,Q,A,R,11447,3,3670.0,55403420.0,,,36.0,367.0,,,,,,,1.24,-0.03876,5956.0,0.25,1.32,7385.44,MWAV,10.0,2.0,,4.0,,1,10.0,1.0,8.0,10.0,10.0,9.0,1.0,,,,10.0,10.0,10.0,10.0,10.0,9.0,,1.0,10.0,10.0,,,,3.0,,,10.0,1.0,2.0,9.0,2.0,1.0,,,,,2.0,1.0,1.0,1.0,1.0,,,2.0,1.0,7,1.0,10,1
2005-04-15,77495,,11,3,3670.0,55403410,MWAV,M WAVE INC,MWAV,334412.0,Q,A,R,11447,3,3670.0,55403420.0,,,36.0,367.0,,,,,,,1.2,-0.032258,5956.0,0.25,1.24,7147.2,MWAV,10.0,2.0,,4.0,,1,10.0,1.0,8.0,10.0,10.0,9.0,1.0,,,,10.0,10.0,10.0,10.0,10.0,9.0,,1.0,10.0,10.0,,,,3.0,,,10.0,1.0,2.0,9.0,2.0,1.0,,,,,2.0,1.0,1.0,1.0,1.0,,,2.0,1.0,7,1.0,10,1
2005-04-18,77495,,11,3,3670.0,55403410,MWAV,M WAVE INC,MWAV,334412.0,Q,A,R,11447,3,3670.0,55403420.0,,,36.0,367.0,,,,,,,1.25,0.041667,5956.0,0.25,1.28,7445.0,MWAV,10.0,2.0,,4.0,,1,10.0,1.0,8.0,10.0,10.0,9.0,1.0,,,,10.0,10.0,10.0,10.0,10.0,9.0,,1.0,10.0,10.0,,,,3.0,,,10.0,1.0,2.0,9.0,2.0,1.0,,,,,2.0,1.0,1.0,1.0,1.0,,,2.0,1.0,7,1.0,10,1
2005-04-19,77495,,11,3,3670.0,55403410,MWAV,M WAVE INC,MWAV,334412.0,Q,A,R,11447,3,3670.0,55403420.0,,,36.0,367.0,,,,,,,1.24,-0.008,5956.0,0.25,1.22,7385.44,MWAV,10.0,2.0,,4.0,,1,10.0,1.0,8.0,10.0,10.0,9.0,1.0,,,,10.0,10.0,10.0,10.0,10.0,9.0,,1.0,10.0,10.0,,,,3.0,,,10.0,1.0,2.0,9.0,2.0,1.0,,,,,2.0,1.0,1.0,1.0,1.0,,,2.0,1.0,7,1.0,10,1
2005-04-20,77495,,11,3,3670.0,55403410,MWAV,M WAVE INC,MWAV,334412.0,Q,A,R,11447,3,3670.0,55403420.0,,,36.0,367.0,,,,,,,1.2,-0.032258,5956.0,0.25,1.22,7147.2,MWAV,10.0,2.0,,4.0,,1,10.0,1.0,8.0,10.0,10.0,9.0,1.0,,,,10.0,10.0,10.0,10.0,10.0,9.0,,1.0,10.0,10.0,,,,3.0,,,10.0,1.0,2.0,9.0,2.0,1.0,,,,,2.0,1.0,1.0,1.0,1.0,,,2.0,1.0,7,1.0,10,1
2005-04-21,77495,,11,3,3670.0,55403410,MWAV,M WAVE INC,MWAV,334412.0,Q,A,R,11447,3,3670.0,55403420.0,,,36.0,367.0,,,,,,,1.19,-0.008333,5956.0,0.25,1.2,7087.64,MWAV,10.0,2.0,,4.0,,1,10.0,1.0,8.0,10.0,10.0,9.0,1.0,,,,10.0,10.0,10.0,10.0,10.0,9.0,,1.0,10.0,10.0,,,,3.0,,,10.0,1.0,2.0,9.0,2.0,1.0,,,,,2.0,1.0,1.0,1.0,1.0,,,2.0,1.0,7,1.0,10,1
2005-04-22,77495,,11,3,3670.0,55403410,MWAV,M WAVE INC,MWAV,334412.0,Q,A,R,11447,3,3670.0,55403420.0,,,36.0,367.0,,,,,,,1.17,-0.016807,5956.0,0.25,1.14,6968.52,MWAV,10.0,2.0,,4.0,,1,10.0,1.0,8.0,10.0,10.0,9.0,1.0,,,,10.0,10.0,10.0,10.0,10.0,9.0,,1.0,10.0,10.0,,,,3.0,,,10.0,1.0,2.0,9.0,2.0,1.0,,,,,2.0,1.0,1.0,1.0,1.0,,,2.0,1.0,7,1.0,10,1
2005-04-25,77495,,11,3,3670.0,55403410,MWAV,M WAVE INC,MWAV,334412.0,Q,A,R,11447,3,3670.0,55403420.0,,,36.0,367.0,,,,,,,1.17,0.0,5956.0,0.25,1.14,6968.52,MWAV,10.0,2.0,,4.0,,1,10.0,1.0,8.0,10.0,10.0,9.0,1.0,,,,10.0,10.0,10.0,10.0,10.0,9.0,,1.0,10.0,10.0,,,,3.0,,,10.0,1.0,2.0,9.0,2.0,1.0,,,,,2.0,1.0,1.0,1.0,1.0,,,2.0,1.0,7,1.0,10,1
2005-04-26,77495,,11,3,3670.0,55403410,MWAV,M WAVE INC,MWAV,334412.0,Q,A,R,11447,3,3670.0,55403420.0,,,36.0,367.0,,,,,,,1.15,-0.017094,5956.0,0.25,1.14,6849.4,MWAV,10.0,2.0,,4.0,,1,10.0,1.0,8.0,10.0,10.0,9.0,1.0,,,,10.0,10.0,10.0,10.0,10.0,9.0,,1.0,10.0,10.0,,,,3.0,,,10.0,1.0,2.0,9.0,2.0,1.0,,,,,2.0,1.0,1.0,1.0,1.0,,,2.0,1.0,7,1.0,10,1
2005-04-27,77495,,11,3,3670.0,55403410,MWAV,M WAVE INC,MWAV,334412.0,Q,A,R,11447,3,3670.0,55403420.0,,,36.0,367.0,,,,,,,1.16,0.008696,5956.0,0.25,1.175,6908.96,MWAV,10.0,2.0,,4.0,,1,10.0,1.0,8.0,10.0,10.0,9.0,1.0,,,,10.0,10.0,10.0,10.0,10.0,9.0,,1.0,10.0,10.0,,,,3.0,,,10.0,1.0,2.0,9.0,2.0,1.0,,,,,2.0,1.0,1.0,1.0,1.0,,,2.0,1.0,7,1.0,10,1
2005-04-28,77495,,11,3,3670.0,55403410,MWAV,M WAVE INC,MWAV,334412.0,Q,A,R,11447,3,3670.0,55403420.0,,,36.0,367.0,,,,,,,1.13,-0.025862,5956.0,0.25,1.14,6730.28,MWAV,10.0,2.0,,4.0,,1,10.0,1.0,8.0,10.0,10.0,9.0,1.0,,,,10.0,10.0,10.0,10.0,10.0,9.0,,1.0,10.0,10.0,,,,3.0,,,10.0,1.0,2.0,9.0,2.0,1.0,,,,,2.0,1.0,1.0,1.0,1.0,,,2.0,1.0,7,1.0,10,1
2005-04-29,77495,,11,3,3670.0,55403410,MWAV,M WAVE INC,MWAV,334412.0,Q,A,R,11447,3,3670.0,55403420.0,,,36.0,367.0,,,,,,,1.03,-0.088496,5956.0,0.25,1.12,6134.68,MWAV,10.0,2.0,,4.0,,1,10.0,1.0,8.0,10.0,10.0,9.0,1.0,,,,10.0,10.0,10.0,10.0,10.0,9.0,,1.0,10.0,10.0,,,,3.0,,,10.0,1.0,2.0,9.0,2.0,1.0,,,,,2.0,1.0,1.0,1.0,1.0,,,2.0,1.0,7,1.0,10,1
2005-05-02,77495,,11,3,3670.0,55403410,MWAV,M WAVE INC,MWAV,334412.0,Q,A,R,11447,3,3670.0,55403420.0,,,36.0,367.0,,,,,,,0.94,-0.087379,5956.0,0.25,1.021,5598.64,MWAV,10.0,2.0,,4.0,,1,10.0,1.0,8.0,10.0,10.0,9.0,1.0,,,,10.0,10.0,10.0,10.0,10.0,9.0,,1.0,10.0,10.0,,,,2.0,,,10.0,3.0,1.0,10.0,2.0,1.0,,10.0,9.0,8.0,10.0,1.0,1.0,1.0,10.0,,,2.0,1.0,7,2.0,10,1
2005-05-03,77495,,11,3,3670.0,55403410,MWAV,M WAVE INC,MWAV,334412.0,Q,A,R,11447,3,3670.0,55403420.0,,,36.0,367.0,,,,,,,0.89,-0.053192,5956.0,0.25,0.91,5300.84,MWAV,10.0,2.0,,4.0,,1,10.0,1.0,8.0,10.0,10.0,9.0,1.0,,,,10.0,10.0,10.0,10.0,10.0,9.0,,1.0,10.0,10.0,,,,2.0,,,10.0,3.0,1.0,10.0,2.0,1.0,,10.0,9.0,8.0,10.0,1.0,1.0,1.0,10.0,,,2.0,1.0,7,2.0,10,1
2005-05-04,77495,,11,3,3670.0,55403410,MWAV,M WAVE INC,MWAV,334412.0,Q,A,R,11447,3,3670.0,55403420.0,,,36.0,367.0,,,,,,,1.12,0.258427,5956.0,0.25,0.92,6670.72,MWAV,10.0,2.0,,4.0,,1,10.0,1.0,8.0,10.0,10.0,9.0,1.0,,,,10.0,10.0,10.0,10.0,10.0,9.0,,1.0,10.0,10.0,,,,2.0,,,10.0,3.0,1.0,10.0,2.0,1.0,,10.0,9.0,8.0,10.0,1.0,1.0,1.0,10.0,,,2.0,1.0,7,2.0,10,1
2005-05-05,77495,,11,3,3670.0,55403410,MWAV,M WAVE INC,MWAV,334412.0,Q,A,R,11447,3,3670.0,55403420.0,,,36.0,367.0,,,,,,,1.03,-0.080357,5956.0,0.25,1.11,6134.68,MWAV,10.0,2.0,,4.0,,1,10.0,1.0,8.0,10.0,10.0,9.0,1.0,,,,10.0,10.0,10.0,10.0,10.0,9.0,,1.0,10.0,10.0,,,,2.0,,,10.0,3.0,1.0,10.0,2.0,1.0,,10.0,9.0,8.0,10.0,1.0,1.0,1.0,10.0,,,2.0,1.0,7,2.0,10,1
2005-05-06,77495,,11,3,3670.0,55403410,MWAV,M WAVE INC,MWAV,334412.0,Q,A,R,11447,3,3670.0,55403420.0,,,36.0,367.0,,,,,,,1.14,0.106796,5956.0,0.25,1.03,6789.84,MWAV,10.0,2.0,,4.0,,1,10.0,1.0,8.0,10.0,10.0,9.0,1.0,,,,10.0,10.0,10.0,10.0,10.0,9.0,,1.0,10.0,10.0,,,,2.0,,,10.0,3.0,1.0,10.0,2.0,1.0,,10.0,9.0,8.0,10.0,1.0,1.0,1.0,10.0,,,2.0,1.0,7,2.0,10,1
2005-05-09,77495,,11,3,3670.0,55403410,MWAV,M WAVE INC,MWAV,334412.0,Q,A,R,11447,3,3670.0,55403420.0,,,36.0,367.0,,,,,,,1.24,0.087719,5956.0,0.25,1.24,7385.44,MWAV,10.0,2.0,,4.0,,1,10.0,1.0,8.0,10.0,10.0,9.0,1.0,,,,10.0,10.0,10.0,10.0,10.0,9.0,,1.0,10.0,10.0,,,,2.0,,,10.0,3.0,1.0,10.0,2.0,1.0,,10.0,9.0,8.0,10.0,1.0,1.0,1.0,10.0,,,2.0,1.0,7,2.0,10,1
2005-05-10,77495,,11,3,3670.0,55403410,MWAV,M WAVE INC,MWAV,334412.0,Q,A,R,11447,3,3670.0,55403420.0,,,36.0,367.0,,,,,,,1.16,-0.064516,5956.0,0.25,1.25,6908.96,MWAV,10.0,2.0,,4.0,,1,10.0,1.0,8.0,10.0,10.0,9.0,1.0,,,,10.0,10.0,10.0,10.0,10.0,9.0,,1.0,10.0,10.0,,,,2.0,,,10.0,3.0,1.0,10.0,2.0,1.0,,10.0,9.0,8.0,10.0,1.0,1.0,1.0,10.0,,,2.0,1.0,7,2.0,10,1
2005-05-11,77495,,11,3,3670.0,55403410,MWAV,M WAVE INC,MWAV,334412.0,Q,A,R,11447,3,3670.0,55403420.0,,,36.0,367.0,,,,,,,1.05,-0.094828,5956.0,0.25,1.15,6253.8,MWAV,10.0,2.0,,4.0,,1,10.0,1.0,8.0,10.0,10.0,9.0,1.0,,,,10.0,10.0,10.0,10.0,10.0,9.0,,1.0,10.0,10.0,,,,2.0,,,10.0,3.0,1.0,10.0,2.0,1.0,,10.0,9.0,8.0,10.0,1.0,1.0,1.0,10.0,,,2.0,1.0,7,2.0,10,1
2005-05-12,77495,,11,3,3670.0,55403410,MWAV,M WAVE INC,MWAV,334412.0,Q,A,R,11447,3,3670.0,55403420.0,,,36.0,367.0,,,,,,,1.0,-0.047619,5956.0,0.25,1.01,5956.0,MWAV,10.0,2.0,,4.0,,1,10.0,1.0,8.0,10.0,10.0,9.0,1.0,,,,10.0,10.0,10.0,10.0,10.0,9.0,,1.0,10.0,10.0,,,,2.0,,,10.0,3.0,1.0,10.0,2.0,1.0,,10.0,9.0,8.0,10.0,1.0,1.0,1.0,10.0,,,2.0,1.0,7,2.0,10,1
2005-05-13,77495,,11,3,3670.0,55403410,MWAV,M WAVE INC,MWAV,334412.0,Q,A,R,11447,3,3670.0,55403420.0,,,36.0,367.0,,,,,,,1.04,0.04,5956.0,0.25,0.99,6194.24,MWAV,10.0,2.0,,4.0,,1,10.0,1.0,8.0,10.0,10.0,9.0,1.0,,,,10.0,10.0,10.0,10.0,10.0,9.0,,1.0,10.0,10.0,,,,2.0,,,10.0,3.0,1.0,10.0,2.0,1.0,,10.0,9.0,8.0,10.0,1.0,1.0,1.0,10.0,,,2.0,1.0,7,2.0,10,1
2005-05-16,77495,,11,3,3670.0,55403410,MWAV,M WAVE INC,MWAV,334412.0,Q,A,R,11447,3,3670.0,55403420.0,,,36.0,367.0,,,,,,,1.0,-0.038462,5956.0,0.25,0.98,5956.0,MWAV,10.0,2.0,,4.0,,1,10.0,1.0,8.0,10.0,10.0,9.0,1.0,,,,10.0,10.0,10.0,10.0,10.0,9.0,,1.0,10.0,10.0,,,,2.0,,,10.0,3.0,1.0,10.0,2.0,1.0,,10.0,9.0,8.0,10.0,1.0,1.0,1.0,10.0,,,2.0,1.0,7,2.0,10,1
2005-05-17,77495,,11,3,3670.0,55403410,MWAV,M WAVE INC,MWAV,334412.0,Q,A,R,11447,3,3670.0,55403420.0,,,36.0,367.0,,,,,,,1.02,0.02,5956.0,0.25,0.98,6075.12,MWAV,10.0,2.0,,4.0,,1,10.0,1.0,8.0,10.0,10.0,9.0,1.0,,,,10.0,10.0,10.0,10.0,10.0,9.0,,1.0,10.0,10.0,,,,2.0,,,10.0,3.0,1.0,10.0,2.0,1.0,,10.0,9.0,8.0,10.0,1.0,1.0,1.0,10.0,,,2.0,1.0,7,2.0,10,1
2005-05-18,77495,,11,3,3670.0,55403410,MWAV,M WAVE INC,MWAV,334412.0,Q,A,R,11447,3,3670.0,55403420.0,,,36.0,367.0,,,,,,,0.98,-0.039216,5956.0,0.25,1.03,5836.88,MWAV,10.0,2.0,,4.0,,1,10.0,1.0,8.0,10.0,10.0,9.0,1.0,,,,10.0,10.0,10.0,10.0,10.0,9.0,,1.0,10.0,10.0,,,,2.0,,,10.0,3.0,1.0,10.0,2.0,1.0,,10.0,9.0,8.0,10.0,1.0,1.0,1.0,10.0,,,2.0,1.0,7,2.0,10,1
2005-05-19,77495,,11,3,3670.0,55403410,MWAV,M WAVE INC,MWAV,334412.0,Q,A,R,11447,3,3670.0,55403420.0,,,36.0,367.0,,,,,,,1.01,0.030612,5956.0,0.25,1.01,6015.56,MWAV,10.0,2.0,,4.0,,1,10.0,1.0,8.0,10.0,10.0,9.0,1.0,,,,10.0,10.0,10.0,10.0,10.0,9.0,,1.0,10.0,10.0,,,,2.0,,,10.0,3.0,1.0,10.0,2.0,1.0,,10.0,9.0,8.0,10.0,1.0,1.0,1.0,10.0,,,2.0,1.0,7,2.0,10,1
2005-05-20,77495,,11,3,3670.0,55403410,MWAV,M WAVE INC,MWAV,334412.0,Q,A,R,11447,3,3670.0,55403420.0,,,36.0,367.0,,,,,,,0.99,-0.019802,5956.0,0.25,1.0,5896.44,MWAV,10.0,2.0,,4.0,,1,10.0,1.0,8.0,10.0,10.0,9.0,1.0,,,,10.0,10.0,10.0,10.0,10.0,9.0,,1.0,10.0,10.0,,,,2.0,,,10.0,3.0,1.0,10.0,2.0,1.0,,10.0,9.0,8.0,10.0,1.0,1.0,1.0,10.0,,,2.0,1.0,7,2.0,10,1
2005-05-23,77495,,11,3,3670.0,55403410,MWAV,M WAVE INC,MWAV,334412.0,Q,A,R,11447,3,3670.0,55403420.0,,,36.0,367.0,,,,,,,1.0,0.010101,5956.0,0.25,1.0,5956.0,MWAV,10.0,2.0,,4.0,,1,10.0,1.0,8.0,10.0,10.0,9.0,1.0,,,,10.0,10.0,10.0,10.0,10.0,9.0,,1.0,10.0,10.0,,,,2.0,,,10.0,3.0,1.0,10.0,2.0,1.0,,10.0,9.0,8.0,10.0,1.0,1.0,1.0,10.0,,,2.0,1.0,7,2.0,10,1
2005-05-24,77495,,11,3,3670.0,55403410,MWAV,M WAVE INC,MWAV,334412.0,Q,A,R,11447,3,3670.0,55403420.0,,,36.0,367.0,,,,,,,1.0,0.0,5956.0,0.25,0.99,5956.0,MWAV,10.0,2.0,,4.0,,1,10.0,1.0,8.0,10.0,10.0,9.0,1.0,,,,10.0,10.0,10.0,10.0,10.0,9.0,,1.0,10.0,10.0,,,,2.0,,,10.0,3.0,1.0,10.0,2.0,1.0,,10.0,9.0,8.0,10.0,1.0,1.0,1.0,10.0,,,2.0,1.0,7,2.0,10,1
2005-05-25,77495,,11,3,3670.0,55403410,MWAV,M WAVE INC,MWAV,334412.0,Q,A,R,11447,3,3670.0,55403420.0,,,36.0,367.0,,,,,,,1.08,0.08,5956.0,0.25,1.01,6432.48,MWAV,10.0,2.0,,4.0,,1,10.0,1.0,8.0,10.0,10.0,9.0,1.0,,,,10.0,10.0,10.0,10.0,10.0,9.0,,1.0,10.0,10.0,,,,2.0,,,10.0,3.0,1.0,10.0,2.0,1.0,,10.0,9.0,8.0,10.0,1.0,1.0,1.0,10.0,,,2.0,1.0,7,2.0,10,1
2005-05-26,77495,,11,3,3670.0,55403410,MWAV,M WAVE INC,MWAV,334412.0,Q,A,R,11447,3,3670.0,55403420.0,,,36.0,367.0,,,,,,,1.06,-0.018519,5956.0,0.25,1.1,6313.36,MWAV,10.0,2.0,,4.0,,1,10.0,1.0,8.0,10.0,10.0,9.0,1.0,,,,10.0,10.0,10.0,10.0,10.0,9.0,,1.0,10.0,10.0,,,,2.0,,,10.0,3.0,1.0,10.0,2.0,1.0,,10.0,9.0,8.0,10.0,1.0,1.0,1.0,10.0,,,2.0,1.0,7,2.0,10,1
2005-05-27,77495,,11,3,3670.0,55403410,MWAV,M WAVE INC,MWAV,334412.0,Q,A,R,11447,3,3670.0,55403420.0,,,36.0,367.0,,,,,,,1.1,0.037736,5956.0,0.25,1.08,6551.6,MWAV,10.0,2.0,,4.0,,1,10.0,1.0,8.0,10.0,10.0,9.0,1.0,,,,10.0,10.0,10.0,10.0,10.0,9.0,,1.0,10.0,10.0,,,,2.0,,,10.0,3.0,1.0,10.0,2.0,1.0,,10.0,9.0,8.0,10.0,1.0,1.0,1.0,10.0,,,2.0,1.0,7,2.0,10,1
2005-05-31,77495,,11,3,3670.0,55403410,MWAV,M WAVE INC,MWAV,334412.0,Q,A,R,11447,3,3670.0,55403420.0,,,36.0,367.0,,,,,,,1.06,-0.036364,5956.0,0.25,1.15,6313.36,MWAV,10.0,2.0,,4.0,,1,10.0,1.0,8.0,10.0,10.0,9.0,1.0,,,,10.0,10.0,10.0,10.0,10.0,9.0,,1.0,10.0,10.0,,,,2.0,,,10.0,3.0,1.0,10.0,2.0,1.0,,10.0,9.0,8.0,10.0,1.0,1.0,1.0,10.0,,,2.0,1.0,7,2.0,10,1
2005-06-01,77495,,11,3,3670.0,55403410,MWAV,M WAVE INC,MWAV,334412.0,Q,A,R,11447,3,3670.0,55403420.0,,,36.0,367.0,,,,,,,1.0101,-0.047075,5956.0,0.25,1.0,6016.1556,MWAV,10.0,2.0,,4.0,,1,10.0,1.0,8.0,10.0,10.0,9.0,1.0,,,,10.0,10.0,10.0,10.0,10.0,9.0,,1.0,10.0,10.0,,,,5.0,,,10.0,1.0,1.0,9.0,1.0,1.0,,1.0,1.0,,6.0,1.0,1.0,10.0,9.0,,,10.0,1.0,7,1.0,10,1
2005-06-02,77495,,11,3,3670.0,55403410,MWAV,M WAVE INC,MWAV,334412.0,Q,A,R,11447,3,3670.0,55403420.0,,,36.0,367.0,,,,,,,1.03,0.019701,5956.0,0.25,0.99,6134.68,MWAV,10.0,2.0,,4.0,,1,10.0,1.0,8.0,10.0,10.0,9.0,1.0,,,,10.0,10.0,10.0,10.0,10.0,9.0,,1.0,10.0,10.0,,,,5.0,,,10.0,1.0,1.0,9.0,1.0,1.0,,1.0,1.0,,6.0,1.0,1.0,10.0,9.0,,,10.0,1.0,7,1.0,10,1
2005-06-03,77495,,11,3,3670.0,55403410,MWAV,M WAVE INC,MWAV,334412.0,Q,A,R,11447,3,3670.0,55403420.0,,,36.0,367.0,,,,,,,1.02,-0.009709,5956.0,0.25,1.08,6075.12,MWAV,10.0,2.0,,4.0,,1,10.0,1.0,8.0,10.0,10.0,9.0,1.0,,,,10.0,10.0,10.0,10.0,10.0,9.0,,1.0,10.0,10.0,,,,5.0,,,10.0,1.0,1.0,9.0,1.0,1.0,,1.0,1.0,,6.0,1.0,1.0,10.0,9.0,,,10.0,1.0,7,1.0,10,1
2005-06-06,77495,,11,3,3670.0,55403410,MWAV,M WAVE INC,MWAV,334412.0,Q,A,R,11447,3,3670.0,55403420.0,,,36.0,367.0,,,,,,,1.069,0.048039,5956.0,0.25,1.02,6366.964,MWAV,10.0,2.0,,4.0,,1,10.0,1.0,8.0,10.0,10.0,9.0,1.0,,,,10.0,10.0,10.0,10.0,10.0,9.0,,1.0,10.0,10.0,,,,5.0,,,10.0,1.0,1.0,9.0,1.0,1.0,,1.0,1.0,,6.0,1.0,1.0,10.0,9.0,,,10.0,1.0,7,1.0,10,1
2005-06-07,77495,,11,3,3670.0,55403410,MWAV,M WAVE INC,MWAV,334412.0,Q,A,R,11447,3,3670.0,55403420.0,,,36.0,367.0,,,,,,,1.0101,-0.055098,5956.0,0.25,1.0,6016.1556,MWAV,10.0,2.0,,4.0,,1,10.0,1.0,8.0,10.0,10.0,9.0,1.0,,,,10.0,10.0,10.0,10.0,10.0,9.0,,1.0,10.0,10.0,,,,5.0,,,10.0,1.0,1.0,9.0,1.0,1.0,,1.0,1.0,,6.0,1.0,1.0,10.0,9.0,,,10.0,1.0,7,1.0,10,1
2005-06-08,77495,,11,3,3670.0,55403410,MWAV,M WAVE INC,MWAV,334412.0,Q,A,R,11447,3,3670.0,55403420.0,,,36.0,367.0,,,,,,,1.01,-9.9e-05,5956.0,0.25,1.01,6015.56,MWAV,10.0,2.0,,4.0,,1,10.0,1.0,8.0,10.0,10.0,9.0,1.0,,,,10.0,10.0,10.0,10.0,10.0,9.0,,1.0,10.0,10.0,,,,5.0,,,10.0,1.0,1.0,9.0,1.0,1.0,,1.0,1.0,,6.0,1.0,1.0,10.0,9.0,,,10.0,1.0,7,1.0,10,1
2005-06-09,77495,,11,3,3670.0,55403410,MWAV,M WAVE INC,MWAV,334412.0,Q,A,R,11447,3,3670.0,55403420.0,,,36.0,367.0,,,,,,,1.02,0.009901,5956.0,0.25,1.02,6075.12,MWAV,10.0,2.0,,4.0,,1,10.0,1.0,8.0,10.0,10.0,9.0,1.0,,,,10.0,10.0,10.0,10.0,10.0,9.0,,1.0,10.0,10.0,,,,5.0,,,10.0,1.0,1.0,9.0,1.0,1.0,,1.0,1.0,,6.0,1.0,1.0,10.0,9.0,,,10.0,1.0,7,1.0,10,1
2005-06-10,77495,,11,3,3670.0,55403410,MWAV,M WAVE INC,MWAV,334412.0,Q,A,R,11447,3,3670.0,55403420.0,,,36.0,367.0,,,,,,,1.06,0.039216,5956.0,0.25,1.05,6313.36,MWAV,10.0,2.0,,4.0,,1,10.0,1.0,8.0,10.0,10.0,9.0,1.0,,,,10.0,10.0,10.0,10.0,10.0,9.0,,1.0,10.0,10.0,,,,5.0,,,10.0,1.0,1.0,9.0,1.0,1.0,,1.0,1.0,,6.0,1.0,1.0,10.0,9.0,,,10.0,1.0,7,1.0,10,1
2005-06-13,77495,,11,3,3670.0,55403410,MWAV,M WAVE INC,MWAV,334412.0,Q,A,R,11447,3,3670.0,55403420.0,,,36.0,367.0,,,,,,,1.02,-0.037736,5956.0,0.25,1.01,6075.12,MWAV,10.0,2.0,,4.0,,1,10.0,1.0,8.0,10.0,10.0,9.0,1.0,,,,10.0,10.0,10.0,10.0,10.0,9.0,,1.0,10.0,10.0,,,,5.0,,,10.0,1.0,1.0,9.0,1.0,1.0,,1.0,1.0,,6.0,1.0,1.0,10.0,9.0,,,10.0,1.0,7,1.0,10,1
2005-06-14,77495,,11,3,3670.0,55403410,MWAV,M WAVE INC,MWAV,334412.0,Q,A,R,11447,3,3670.0,55403420.0,,,36.0,367.0,,,,,,,1.02,0.0,5956.0,0.25,1.02,6075.12,MWAV,10.0,2.0,,4.0,,1,10.0,1.0,8.0,10.0,10.0,9.0,1.0,,,,10.0,10.0,10.0,10.0,10.0,9.0,,1.0,10.0,10.0,,,,5.0,,,10.0,1.0,1.0,9.0,1.0,1.0,,1.0,1.0,,6.0,1.0,1.0,10.0,9.0,,,10.0,1.0,7,1.0,10,1
2005-06-15,77495,,11,3,3670.0,55403410,MWAV,M WAVE INC,MWAV,334412.0,Q,A,R,11447,3,3670.0,55403420.0,,,36.0,367.0,,,,,,,1.02,0.0,5956.0,0.25,1.05,6075.12,MWAV,10.0,2.0,,4.0,,1,10.0,1.0,8.0,10.0,10.0,9.0,1.0,,,,10.0,10.0,10.0,10.0,10.0,9.0,,1.0,10.0,10.0,,,,5.0,,,10.0,1.0,1.0,9.0,1.0,1.0,,1.0,1.0,,6.0,1.0,1.0,10.0,9.0,,,10.0,1.0,7,1.0,10,1
2005-06-16,77495,,11,3,3670.0,55403410,MWAV,M WAVE INC,MWAV,334412.0,Q,A,R,11447,3,3670.0,55403420.0,,,36.0,367.0,,,,,,,1.02,0.0,5956.0,0.25,1.01,6075.12,MWAV,10.0,2.0,,4.0,,1,10.0,1.0,8.0,10.0,10.0,9.0,1.0,,,,10.0,10.0,10.0,10.0,10.0,9.0,,1.0,10.0,10.0,,,,5.0,,,10.0,1.0,1.0,9.0,1.0,1.0,,1.0,1.0,,6.0,1.0,1.0,10.0,9.0,,,10.0,1.0,7,1.0,10,1
2005-06-17,77495,,11,3,3670.0,55403410,MWAV,M WAVE INC,MWAV,334412.0,Q,A,R,11447,3,3670.0,55403420.0,,,36.0,367.0,,,,,,,1.06,0.039216,5956.0,0.25,1.01,6313.36,MWAV,10.0,2.0,,4.0,,1,10.0,1.0,8.0,10.0,10.0,9.0,1.0,,,,10.0,10.0,10.0,10.0,10.0,9.0,,1.0,10.0,10.0,,,,5.0,,,10.0,1.0,1.0,9.0,1.0,1.0,,1.0,1.0,,6.0,1.0,1.0,10.0,9.0,,,10.0,1.0,7,1.0,10,1
2005-06-20,77495,,11,3,3670.0,55403410,MWAV,M WAVE INC,MWAV,334412.0,Q,A,R,11447,3,3670.0,55403420.0,,,36.0,367.0,,,,,,,1.032,-0.026415,5956.0,0.25,1.01,6146.592,MWAV,10.0,2.0,,4.0,,1,10.0,1.0,8.0,10.0,10.0,9.0,1.0,,,,10.0,10.0,10.0,10.0,10.0,9.0,,1.0,10.0,10.0,,,,5.0,,,10.0,1.0,1.0,9.0,1.0,1.0,,1.0,1.0,,6.0,1.0,1.0,10.0,9.0,,,10.0,1.0,7,1.0,10,1
2005-06-21,77495,,11,3,3670.0,55403410,MWAV,M WAVE INC,MWAV,334412.0,Q,A,R,11447,3,3670.0,55403420.0,,,36.0,367.0,,,,,,,1.1,0.065892,5956.0,0.25,,6551.6,MWAV,10.0,2.0,,4.0,,1,10.0,1.0,8.0,10.0,10.0,9.0,1.0,,,,10.0,10.0,10.0,10.0,10.0,9.0,,1.0,10.0,10.0,,,,5.0,,,10.0,1.0,1.0,9.0,1.0,1.0,,1.0,1.0,,6.0,1.0,1.0,10.0,9.0,,,10.0,1.0,7,1.0,10,1
2005-06-22,77495,,11,3,3670.0,55403410,MWAV,M WAVE INC,MWAV,334412.0,Q,A,R,11447,3,3670.0,55403420.0,,,36.0,367.0,,,,,,,1.11,0.009091,5956.0,0.25,1.12,6611.16,MWAV,10.0,2.0,,4.0,,1,10.0,1.0,8.0,10.0,10.0,9.0,1.0,,,,10.0,10.0,10.0,10.0,10.0,9.0,,1.0,10.0,10.0,,,,5.0,,,10.0,1.0,1.0,9.0,1.0,1.0,,1.0,1.0,,6.0,1.0,1.0,10.0,9.0,,,10.0,1.0,7,1.0,10,1
2005-06-23,77495,,11,3,3670.0,55403410,MWAV,M WAVE INC,MWAV,334412.0,Q,A,R,11447,3,3670.0,55403420.0,,,36.0,367.0,,,,,,,1.03,-0.072072,5956.0,0.25,1.06,6134.68,MWAV,10.0,2.0,,4.0,,1,10.0,1.0,8.0,10.0,10.0,9.0,1.0,,,,10.0,10.0,10.0,10.0,10.0,9.0,,1.0,10.0,10.0,,,,5.0,,,10.0,1.0,1.0,9.0,1.0,1.0,,1.0,1.0,,6.0,1.0,1.0,10.0,9.0,,,10.0,1.0,7,1.0,10,1
2005-06-24,77495,,11,3,3670.0,55403410,MWAV,M WAVE INC,MWAV,334412.0,Q,A,R,11447,3,3670.0,55403420.0,,,36.0,367.0,,,,,,,1.03,0.0,5956.0,0.25,1.01,6134.68,MWAV,10.0,2.0,,4.0,,1,10.0,1.0,8.0,10.0,10.0,9.0,1.0,,,,10.0,10.0,10.0,10.0,10.0,9.0,,1.0,10.0,10.0,,,,5.0,,,10.0,1.0,1.0,9.0,1.0,1.0,,1.0,1.0,,6.0,1.0,1.0,10.0,9.0,,,10.0,1.0,7,1.0,10,1
2005-06-27,77495,,11,3,3670.0,55403410,MWAV,M WAVE INC,MWAV,334412.0,Q,A,R,11447,3,3670.0,55403420.0,,,36.0,367.0,,,,,,,1.01,-0.019417,5956.0,0.25,1.01,6015.56,MWAV,10.0,2.0,,4.0,,1,10.0,1.0,8.0,10.0,10.0,9.0,1.0,,,,10.0,10.0,10.0,10.0,10.0,9.0,,1.0,10.0,10.0,,,,5.0,,,10.0,1.0,1.0,9.0,1.0,1.0,,1.0,1.0,,6.0,1.0,1.0,10.0,9.0,,,10.0,1.0,7,1.0,10,1
2005-06-28,77495,,11,3,3670.0,55403410,MWAV,M WAVE INC,MWAV,334412.0,Q,A,R,11447,3,3670.0,55403420.0,,,36.0,367.0,,,,,,,0.96,-0.049505,5956.0,0.25,1.02,5717.76,MWAV,10.0,2.0,,4.0,,1,10.0,1.0,8.0,10.0,10.0,9.0,1.0,,,,10.0,10.0,10.0,10.0,10.0,9.0,,1.0,10.0,10.0,,,,5.0,,,10.0,1.0,1.0,9.0,1.0,1.0,,1.0,1.0,,6.0,1.0,1.0,10.0,9.0,,,10.0,1.0,7,1.0,10,1
2005-06-29,77495,,11,3,3670.0,55403410,MWAV,M WAVE INC,MWAV,334412.0,Q,A,R,11447,3,3670.0,55403420.0,,,36.0,367.0,,,,,,,0.97,0.010417,5956.0,0.25,0.95,5777.32,MWAV,10.0,2.0,,4.0,,1,10.0,1.0,8.0,10.0,10.0,9.0,1.0,,,,10.0,10.0,10.0,10.0,10.0,9.0,,1.0,10.0,10.0,,,,5.0,,,10.0,1.0,1.0,9.0,1.0,1.0,,1.0,1.0,,6.0,1.0,1.0,10.0,9.0,,,10.0,1.0,7,1.0,10,1
2005-06-30,77495,,11,3,3670.0,55403410,MWAV,M WAVE INC,MWAV,334412.0,Q,A,R,11447,3,3670.0,55403420.0,,,36.0,367.0,,,,,,,1.03,0.061856,5956.0,0.25,1.03,6134.68,MWAV,10.0,2.0,,4.0,,1,10.0,1.0,8.0,10.0,10.0,9.0,1.0,,,,10.0,10.0,10.0,10.0,10.0,9.0,,1.0,10.0,10.0,,,,5.0,,,10.0,1.0,1.0,9.0,1.0,1.0,,1.0,1.0,,6.0,1.0,1.0,10.0,9.0,,,10.0,1.0,7,1.0,10,1
2005-07-01,77495,,11,3,3670.0,55403410,MWAV,M WAVE INC,MWAV,334412.0,Q,A,R,11447,3,3670.0,55403420.0,,,36.0,367.0,,,,,,,0.97,-0.058252,5956.0,0.25,1.0,5777.32,MWAV,10.0,2.0,9.0,1.0,6.0,1,10.0,1.0,1.0,1.0,10.0,10.0,2.0,,1.0,,10.0,10.0,1.0,1.0,2.0,3.0,1.0,1.0,9.0,5.0,,,,6.0,,,10.0,2.0,1.0,10.0,3.0,1.0,,2.0,1.0,,9.0,1.0,1.0,9.0,8.0,,,10.0,1.0,7,2.0,10,1
2005-07-05,77495,,11,3,3670.0,55403410,MWAV,M WAVE INC,MWAV,334412.0,Q,A,R,11447,3,3670.0,55403420.0,,,36.0,367.0,,,,,,,0.97,0.0,5956.0,0.25,0.95,5777.32,MWAV,10.0,2.0,9.0,1.0,6.0,1,10.0,1.0,1.0,1.0,10.0,10.0,2.0,,1.0,,10.0,10.0,1.0,1.0,2.0,3.0,1.0,1.0,9.0,5.0,,,,6.0,,,10.0,2.0,1.0,10.0,3.0,1.0,,2.0,1.0,,9.0,1.0,1.0,9.0,8.0,,,10.0,1.0,7,2.0,10,1
2005-07-06,77495,,11,3,3670.0,55403410,MWAV,M WAVE INC,MWAV,334412.0,Q,A,R,11447,3,3670.0,55403420.0,,,36.0,367.0,,,,,,,0.92,-0.051546,5956.0,0.25,0.974,5479.52,MWAV,10.0,2.0,9.0,1.0,6.0,1,10.0,1.0,1.0,1.0,10.0,10.0,2.0,,1.0,,10.0,10.0,1.0,1.0,2.0,3.0,1.0,1.0,9.0,5.0,,,,6.0,,,10.0,2.0,1.0,10.0,3.0,1.0,,2.0,1.0,,9.0,1.0,1.0,9.0,8.0,,,10.0,1.0,7,2.0,10,1
2005-07-07,77495,,11,3,3670.0,55403410,MWAV,M WAVE INC,MWAV,334412.0,Q,A,R,11447,3,3670.0,55403420.0,,,36.0,367.0,,,,,,,0.93,0.01087,5956.0,0.25,0.9,5539.08,MWAV,10.0,2.0,9.0,1.0,6.0,1,10.0,1.0,1.0,1.0,10.0,10.0,2.0,,1.0,,10.0,10.0,1.0,1.0,2.0,3.0,1.0,1.0,9.0,5.0,,,,6.0,,,10.0,2.0,1.0,10.0,3.0,1.0,,2.0,1.0,,9.0,1.0,1.0,9.0,8.0,,,10.0,1.0,7,2.0,10,1
2005-07-08,77495,,11,3,3670.0,55403410,MWAV,M WAVE INC,MWAV,334412.0,Q,A,R,11447,3,3670.0,55403420.0,,,36.0,367.0,,,,,,,0.95,0.021505,5956.0,0.25,0.936,5658.2,MWAV,10.0,2.0,9.0,1.0,6.0,1,10.0,1.0,1.0,1.0,10.0,10.0,2.0,,1.0,,10.0,10.0,1.0,1.0,2.0,3.0,1.0,1.0,9.0,5.0,,,,6.0,,,10.0,2.0,1.0,10.0,3.0,1.0,,2.0,1.0,,9.0,1.0,1.0,9.0,8.0,,,10.0,1.0,7,2.0,10,1
2005-07-11,77495,,11,3,3670.0,55403410,MWAV,M WAVE INC,MWAV,334412.0,Q,A,R,11447,3,3670.0,55403420.0,,,36.0,367.0,,,,,,,0.94,-0.010526,5956.0,0.25,0.95,5598.64,MWAV,10.0,2.0,9.0,1.0,6.0,1,10.0,1.0,1.0,1.0,10.0,10.0,2.0,,1.0,,10.0,10.0,1.0,1.0,2.0,3.0,1.0,1.0,9.0,5.0,,,,6.0,,,10.0,2.0,1.0,10.0,3.0,1.0,,2.0,1.0,,9.0,1.0,1.0,9.0,8.0,,,10.0,1.0,7,2.0,10,1
2005-07-12,77495,,11,3,3670.0,55403410,MWAV,M WAVE INC,MWAV,334412.0,Q,A,R,11447,3,3670.0,55403420.0,,,36.0,367.0,,,,,,,0.93,-0.010638,5956.0,0.25,0.92,5539.08,MWAV,10.0,2.0,9.0,1.0,6.0,1,10.0,1.0,1.0,1.0,10.0,10.0,2.0,,1.0,,10.0,10.0,1.0,1.0,2.0,3.0,1.0,1.0,9.0,5.0,,,,6.0,,,10.0,2.0,1.0,10.0,3.0,1.0,,2.0,1.0,,9.0,1.0,1.0,9.0,8.0,,,10.0,1.0,7,2.0,10,1
2005-07-13,77495,,11,3,3670.0,55403410,MWAV,M WAVE INC,MWAV,334412.0,Q,A,R,11447,3,3670.0,55403420.0,,,36.0,367.0,,,,,,,0.94,0.010753,5956.0,0.25,0.92,5598.64,MWAV,10.0,2.0,9.0,1.0,6.0,1,10.0,1.0,1.0,1.0,10.0,10.0,2.0,,1.0,,10.0,10.0,1.0,1.0,2.0,3.0,1.0,1.0,9.0,5.0,,,,6.0,,,10.0,2.0,1.0,10.0,3.0,1.0,,2.0,1.0,,9.0,1.0,1.0,9.0,8.0,,,10.0,1.0,7,2.0,10,1
2005-07-14,77495,,11,3,3670.0,55403410,MWAV,M WAVE INC,MWAV,334412.0,Q,A,R,11447,3,3670.0,55403420.0,,,36.0,367.0,,,,,,,0.984,0.046809,5956.0,0.25,0.96,5860.704,MWAV,10.0,2.0,9.0,1.0,6.0,1,10.0,1.0,1.0,1.0,10.0,10.0,2.0,,1.0,,10.0,10.0,1.0,1.0,2.0,3.0,1.0,1.0,9.0,5.0,,,,6.0,,,10.0,2.0,1.0,10.0,3.0,1.0,,2.0,1.0,,9.0,1.0,1.0,9.0,8.0,,,10.0,1.0,7,2.0,10,1
2005-07-15,77495,,11,3,3670.0,55403410,MWAV,M WAVE INC,MWAV,334412.0,Q,A,R,11447,3,3670.0,55403420.0,,,36.0,367.0,,,,,,,0.931,-0.053862,5956.0,0.25,1.04,5545.036,MWAV,10.0,2.0,9.0,1.0,6.0,1,10.0,1.0,1.0,1.0,10.0,10.0,2.0,,1.0,,10.0,10.0,1.0,1.0,2.0,3.0,1.0,1.0,9.0,5.0,,,,6.0,,,10.0,2.0,1.0,10.0,3.0,1.0,,2.0,1.0,,9.0,1.0,1.0,9.0,8.0,,,10.0,1.0,7,2.0,10,1
2005-07-18,77495,,11,3,3670.0,55403410,MWAV,M WAVE INC,MWAV,334412.0,Q,A,R,11447,3,3670.0,55403420.0,,,36.0,367.0,,,,,,,0.95,0.020408,5956.0,0.25,0.92,5658.2,MWAV,10.0,2.0,9.0,1.0,6.0,1,10.0,1.0,1.0,1.0,10.0,10.0,2.0,,1.0,,10.0,10.0,1.0,1.0,2.0,3.0,1.0,1.0,9.0,5.0,,,,6.0,,,10.0,2.0,1.0,10.0,3.0,1.0,,2.0,1.0,,9.0,1.0,1.0,9.0,8.0,,,10.0,1.0,7,2.0,10,1
2005-07-19,77495,,11,3,3670.0,55403410,MWAV,M WAVE INC,MWAV,334412.0,Q,A,R,11447,3,3670.0,55403420.0,,,36.0,367.0,,,,,,,0.98,0.031579,5956.0,0.25,0.95,5836.88,MWAV,10.0,2.0,9.0,1.0,6.0,1,10.0,1.0,1.0,1.0,10.0,10.0,2.0,,1.0,,10.0,10.0,1.0,1.0,2.0,3.0,1.0,1.0,9.0,5.0,,,,6.0,,,10.0,2.0,1.0,10.0,3.0,1.0,,2.0,1.0,,9.0,1.0,1.0,9.0,8.0,,,10.0,1.0,7,2.0,10,1
2005-07-20,77495,,11,3,3670.0,55403410,MWAV,M WAVE INC,MWAV,334412.0,Q,A,R,11447,3,3670.0,55403420.0,,,36.0,367.0,,,,,,,1.0,0.020408,5956.0,0.25,0.92,5956.0,MWAV,10.0,2.0,9.0,1.0,6.0,1,10.0,1.0,1.0,1.0,10.0,10.0,2.0,,1.0,,10.0,10.0,1.0,1.0,2.0,3.0,1.0,1.0,9.0,5.0,,,,6.0,,,10.0,2.0,1.0,10.0,3.0,1.0,,2.0,1.0,,9.0,1.0,1.0,9.0,8.0,,,10.0,1.0,7,2.0,10,1
2005-07-21,77495,,11,3,3670.0,55403410,MWAV,M WAVE INC,MWAV,334412.0,Q,A,R,11447,3,3670.0,55403420.0,,,36.0,367.0,,,,,,,1.03,0.03,5956.0,0.25,0.95,6134.68,MWAV,10.0,2.0,9.0,1.0,6.0,1,10.0,1.0,1.0,1.0,10.0,10.0,2.0,,1.0,,10.0,10.0,1.0,1.0,2.0,3.0,1.0,1.0,9.0,5.0,,,,6.0,,,10.0,2.0,1.0,10.0,3.0,1.0,,2.0,1.0,,9.0,1.0,1.0,9.0,8.0,,,10.0,1.0,7,2.0,10,1
2005-07-22,77495,,11,3,3670.0,55403410,MWAV,M WAVE INC,MWAV,334412.0,Q,A,R,11447,3,3670.0,55403420.0,,,36.0,367.0,,,,,,,1.03,0.0,5956.0,0.25,0.98,6134.68,MWAV,10.0,2.0,9.0,1.0,6.0,1,10.0,1.0,1.0,1.0,10.0,10.0,2.0,,1.0,,10.0,10.0,1.0,1.0,2.0,3.0,1.0,1.0,9.0,5.0,,,,6.0,,,10.0,2.0,1.0,10.0,3.0,1.0,,2.0,1.0,,9.0,1.0,1.0,9.0,8.0,,,10.0,1.0,7,2.0,10,1
2005-07-25,77495,,11,3,3670.0,55403410,MWAV,M WAVE INC,MWAV,334412.0,Q,A,R,11447,3,3670.0,55403420.0,,,36.0,367.0,,,,,,,1.02,-0.009709,5956.0,0.25,0.96,6075.12,MWAV,10.0,2.0,9.0,1.0,6.0,1,10.0,1.0,1.0,1.0,10.0,10.0,2.0,,1.0,,10.0,10.0,1.0,1.0,2.0,3.0,1.0,1.0,9.0,5.0,,,,6.0,,,10.0,2.0,1.0,10.0,3.0,1.0,,2.0,1.0,,9.0,1.0,1.0,9.0,8.0,,,10.0,1.0,7,2.0,10,1
2005-07-26,77495,,11,3,3670.0,55403410,MWAV,M WAVE INC,MWAV,334412.0,Q,A,R,11447,3,3670.0,55403420.0,,,36.0,367.0,,,,,,,1.03,0.009804,5956.0,0.25,1.02,6134.68,MWAV,10.0,2.0,9.0,1.0,6.0,1,10.0,1.0,1.0,1.0,10.0,10.0,2.0,,1.0,,10.0,10.0,1.0,1.0,2.0,3.0,1.0,1.0,9.0,5.0,,,,6.0,,,10.0,2.0,1.0,10.0,3.0,1.0,,2.0,1.0,,9.0,1.0,1.0,9.0,8.0,,,10.0,1.0,7,2.0,10,1
2005-07-27,77495,,11,3,3670.0,55403410,MWAV,M WAVE INC,MWAV,334412.0,Q,A,R,11447,3,3670.0,55403420.0,,,36.0,367.0,,,,,,,1.02,-0.009709,5956.0,0.25,0.98,6075.12,MWAV,10.0,2.0,9.0,1.0,6.0,1,10.0,1.0,1.0,1.0,10.0,10.0,2.0,,1.0,,10.0,10.0,1.0,1.0,2.0,3.0,1.0,1.0,9.0,5.0,,,,6.0,,,10.0,2.0,1.0,10.0,3.0,1.0,,2.0,1.0,,9.0,1.0,1.0,9.0,8.0,,,10.0,1.0,7,2.0,10,1
2005-07-28,77495,,11,3,3670.0,55403410,MWAV,M WAVE INC,MWAV,334412.0,Q,A,R,11447,3,3670.0,55403420.0,,,36.0,367.0,,,,,,,1.02,0.0,5956.0,0.25,1.02,6075.12,MWAV,10.0,2.0,9.0,1.0,6.0,1,10.0,1.0,1.0,1.0,10.0,10.0,2.0,,1.0,,10.0,10.0,1.0,1.0,2.0,3.0,1.0,1.0,9.0,5.0,,,,6.0,,,10.0,2.0,1.0,10.0,3.0,1.0,,2.0,1.0,,9.0,1.0,1.0,9.0,8.0,,,10.0,1.0,7,2.0,10,1
2005-07-29,77495,,11,3,3670.0,55403410,MWAV,M WAVE INC,MWAV,334412.0,Q,A,R,11447,3,3670.0,55403420.0,,,36.0,367.0,,,,,,,0.98,-0.039216,5956.0,0.25,0.99,5836.88,MWAV,10.0,2.0,9.0,1.0,6.0,1,10.0,1.0,1.0,1.0,10.0,10.0,2.0,,1.0,,10.0,10.0,1.0,1.0,2.0,3.0,1.0,1.0,9.0,5.0,,,,6.0,,,10.0,2.0,1.0,10.0,3.0,1.0,,2.0,1.0,,9.0,1.0,1.0,9.0,8.0,,,10.0,1.0,7,2.0,10,1
2005-08-01,77495,,11,3,3670.0,55403410,MWAV,M WAVE INC,MWAV,334412.0,Q,A,R,11447,3,3670.0,55403420.0,,,36.0,367.0,,,,,,,0.93,-0.05102,5956.0,0.25,0.99,5539.08,MWAV,10.0,2.0,9.0,1.0,6.0,1,10.0,1.0,1.0,1.0,10.0,10.0,2.0,,1.0,,10.0,10.0,1.0,1.0,2.0,3.0,1.0,1.0,9.0,5.0,,,,10.0,,,10.0,1.0,1.0,10.0,3.0,1.0,,1.0,1.0,1.0,10.0,1.0,1.0,1.0,10.0,,,9.0,1.0,7,2.0,10,1
2005-08-02,77495,,11,3,3670.0,55403410,MWAV,M WAVE INC,MWAV,334412.0,Q,A,R,11447,3,3670.0,55403420.0,,,36.0,367.0,,,,,,,0.83,-0.107527,5956.0,0.25,0.94,4943.48,MWAV,10.0,2.0,9.0,1.0,6.0,1,10.0,1.0,1.0,1.0,10.0,10.0,2.0,,1.0,,10.0,10.0,1.0,1.0,2.0,3.0,1.0,1.0,9.0,5.0,,,,10.0,,,10.0,1.0,1.0,10.0,3.0,1.0,,1.0,1.0,1.0,10.0,1.0,1.0,1.0,10.0,,,9.0,1.0,7,2.0,10,1
2005-08-03,77495,,11,3,3670.0,55403410,MWAV,M WAVE INC,MWAV,334412.0,Q,A,R,11447,3,3670.0,55403420.0,,,36.0,367.0,,,,,,,0.87,0.048193,5956.0,0.25,0.83,5181.72,MWAV,10.0,2.0,9.0,1.0,6.0,1,10.0,1.0,1.0,1.0,10.0,10.0,2.0,,1.0,,10.0,10.0,1.0,1.0,2.0,3.0,1.0,1.0,9.0,5.0,,,,10.0,,,10.0,1.0,1.0,10.0,3.0,1.0,,1.0,1.0,1.0,10.0,1.0,1.0,1.0,10.0,,,9.0,1.0,7,2.0,10,1
2005-08-04,77495,,11,3,3670.0,55403410,MWAV,M WAVE INC,MWAV,334412.0,Q,A,R,11447,3,3670.0,55403420.0,,,36.0,367.0,,,,,,,0.87,0.0,5956.0,0.25,0.88,5181.72,MWAV,10.0,2.0,9.0,1.0,6.0,1,10.0,1.0,1.0,1.0,10.0,10.0,2.0,,1.0,,10.0,10.0,1.0,1.0,2.0,3.0,1.0,1.0,9.0,5.0,,,,10.0,,,10.0,1.0,1.0,10.0,3.0,1.0,,1.0,1.0,1.0,10.0,1.0,1.0,1.0,10.0,,,9.0,1.0,7,2.0,10,1
2005-08-05,77495,,11,3,3670.0,55403410,MWAV,M WAVE INC,MWAV,334412.0,Q,A,R,11447,3,3670.0,55403420.0,,,36.0,367.0,,,,,,,0.8799,0.011379,5956.0,0.25,0.86,5240.6844,MWAV,10.0,2.0,9.0,1.0,6.0,1,10.0,1.0,1.0,1.0,10.0,10.0,2.0,,1.0,,10.0,10.0,1.0,1.0,2.0,3.0,1.0,1.0,9.0,5.0,,,,10.0,,,10.0,1.0,1.0,10.0,3.0,1.0,,1.0,1.0,1.0,10.0,1.0,1.0,1.0,10.0,,,9.0,1.0,7,2.0,10,1
2005-08-08,77495,,11,3,3670.0,55403410,MWAV,M WAVE INC,MWAV,334412.0,Q,A,R,11447,3,3670.0,55403420.0,,,36.0,367.0,,,,,,,0.86,-0.022616,5956.0,0.25,0.9,5122.16,MWAV,10.0,2.0,9.0,1.0,6.0,1,10.0,1.0,1.0,1.0,10.0,10.0,2.0,,1.0,,10.0,10.0,1.0,1.0,2.0,3.0,1.0,1.0,9.0,5.0,,,,10.0,,,10.0,1.0,1.0,10.0,3.0,1.0,,1.0,1.0,1.0,10.0,1.0,1.0,1.0,10.0,,,9.0,1.0,7,2.0,10,1
2005-08-09,77495,,11,3,3670.0,55403410,MWAV,M WAVE INC,MWAV,334412.0,Q,A,R,11447,3,3670.0,55403420.0,,,36.0,367.0,,,,,,,0.82,-0.046512,5956.0,0.25,0.82,4883.92,MWAV,10.0,2.0,9.0,1.0,6.0,1,10.0,1.0,1.0,1.0,10.0,10.0,2.0,,1.0,,10.0,10.0,1.0,1.0,2.0,3.0,1.0,1.0,9.0,5.0,,,,10.0,,,10.0,1.0,1.0,10.0,3.0,1.0,,1.0,1.0,1.0,10.0,1.0,1.0,1.0,10.0,,,9.0,1.0,7,2.0,10,1
2005-08-10,77495,,11,3,3670.0,55403410,MWAV,M WAVE INC,MWAV,334412.0,Q,A,R,11447,3,3670.0,55403420.0,,,36.0,367.0,,,,,,,0.74,-0.097561,5956.0,0.25,0.78,4407.44,MWAV,10.0,2.0,9.0,1.0,6.0,1,10.0,1.0,1.0,1.0,10.0,10.0,2.0,,1.0,,10.0,10.0,1.0,1.0,2.0,3.0,1.0,1.0,9.0,5.0,,,,10.0,,,10.0,1.0,1.0,10.0,3.0,1.0,,1.0,1.0,1.0,10.0,1.0,1.0,1.0,10.0,,,9.0,1.0,7,2.0,10,1
2005-08-11,77495,,11,3,3670.0,55403410,MWAV,M WAVE INC,MWAV,334412.0,Q,A,R,11447,3,3670.0,55403420.0,,,36.0,367.0,,,,,,,0.84,0.135135,5956.0,0.25,0.75,5003.04,MWAV,10.0,2.0,9.0,1.0,6.0,1,10.0,1.0,1.0,1.0,10.0,10.0,2.0,,1.0,,10.0,10.0,1.0,1.0,2.0,3.0,1.0,1.0,9.0,5.0,,,,10.0,,,10.0,1.0,1.0,10.0,3.0,1.0,,1.0,1.0,1.0,10.0,1.0,1.0,1.0,10.0,,,9.0,1.0,7,2.0,10,1
2005-08-12,77495,,11,3,3670.0,55403410,MWAV,M WAVE INC,MWAV,334412.0,Q,A,R,11447,3,3670.0,55403420.0,,,36.0,367.0,,,,,,,0.86,0.02381,5956.0,0.25,0.84,5122.16,MWAV,10.0,2.0,9.0,1.0,6.0,1,10.0,1.0,1.0,1.0,10.0,10.0,2.0,,1.0,,10.0,10.0,1.0,1.0,2.0,3.0,1.0,1.0,9.0,5.0,,,,10.0,,,10.0,1.0,1.0,10.0,3.0,1.0,,1.0,1.0,1.0,10.0,1.0,1.0,1.0,10.0,,,9.0,1.0,7,2.0,10,1
2005-08-15,77495,,11,3,3670.0,55403410,MWAV,M WAVE INC,MWAV,334412.0,Q,A,R,11447,3,3670.0,55403420.0,,,36.0,367.0,,,,,,,0.89,0.034884,5956.0,0.25,0.86,5300.84,MWAV,10.0,2.0,9.0,1.0,6.0,1,10.0,1.0,1.0,1.0,10.0,10.0,2.0,,1.0,,10.0,10.0,1.0,1.0,2.0,3.0,1.0,1.0,9.0,5.0,,,,10.0,,,10.0,1.0,1.0,10.0,3.0,1.0,,1.0,1.0,1.0,10.0,1.0,1.0,1.0,10.0,,,9.0,1.0,7,2.0,10,1
2005-08-16,77495,,11,3,3670.0,55403410,MWAV,M WAVE INC,MWAV,334412.0,Q,A,R,11447,3,3670.0,55403420.0,,,36.0,367.0,,,,,,,0.95,0.067416,5956.0,0.25,0.89,5658.2,MWAV,10.0,2.0,9.0,1.0,6.0,1,10.0,1.0,1.0,1.0,10.0,10.0,2.0,,1.0,,10.0,10.0,1.0,1.0,2.0,3.0,1.0,1.0,9.0,5.0,,,,10.0,,,10.0,1.0,1.0,10.0,3.0,1.0,,1.0,1.0,1.0,10.0,1.0,1.0,1.0,10.0,,,9.0,1.0,7,2.0,10,1
2005-08-17,77495,,11,3,3670.0,55403410,MWAV,M WAVE INC,MWAV,334412.0,Q,A,R,11447,3,3670.0,55403420.0,,,36.0,367.0,,,,,,,0.97,0.021053,5956.0,0.25,0.94,5777.32,MWAV,10.0,2.0,9.0,1.0,6.0,1,10.0,1.0,1.0,1.0,10.0,10.0,2.0,,1.0,,10.0,10.0,1.0,1.0,2.0,3.0,1.0,1.0,9.0,5.0,,,,10.0,,,10.0,1.0,1.0,10.0,3.0,1.0,,1.0,1.0,1.0,10.0,1.0,1.0,1.0,10.0,,,9.0,1.0,7,2.0,10,1
2005-08-18,77495,,11,3,3670.0,55403410,MWAV,M WAVE INC,MWAV,334412.0,Q,A,R,11447,3,3670.0,55403420.0,,,36.0,367.0,,,,,,,0.98,0.010309,5956.0,0.25,0.95,5836.88,MWAV,10.0,2.0,9.0,1.0,6.0,1,10.0,1.0,1.0,1.0,10.0,10.0,2.0,,1.0,,10.0,10.0,1.0,1.0,2.0,3.0,1.0,1.0,9.0,5.0,,,,10.0,,,10.0,1.0,1.0,10.0,3.0,1.0,,1.0,1.0,1.0,10.0,1.0,1.0,1.0,10.0,,,9.0,1.0,7,2.0,10,1
2005-08-19,77495,,11,3,3670.0,55403410,MWAV,M WAVE INC,MWAV,334412.0,Q,A,R,11447,3,3670.0,55403420.0,,,36.0,367.0,,,,,,,0.99,0.010204,5956.0,0.25,0.95,5896.44,MWAV,10.0,2.0,9.0,1.0,6.0,1,10.0,1.0,1.0,1.0,10.0,10.0,2.0,,1.0,,10.0,10.0,1.0,1.0,2.0,3.0,1.0,1.0,9.0,5.0,,,,10.0,,,10.0,1.0,1.0,10.0,3.0,1.0,,1.0,1.0,1.0,10.0,1.0,1.0,1.0,10.0,,,9.0,1.0,7,2.0,10,1
2005-08-22,77495,,11,3,3670.0,55403410,MWAV,M WAVE INC,MWAV,334412.0,Q,A,R,11447,3,3670.0,55403420.0,,,36.0,367.0,,,,,,,0.97,-0.020202,5956.0,0.25,0.99,5777.32,MWAV,10.0,2.0,9.0,1.0,6.0,1,10.0,1.0,1.0,1.0,10.0,10.0,2.0,,1.0,,10.0,10.0,1.0,1.0,2.0,3.0,1.0,1.0,9.0,5.0,,,,10.0,,,10.0,1.0,1.0,10.0,3.0,1.0,,1.0,1.0,1.0,10.0,1.0,1.0,1.0,10.0,,,9.0,1.0,7,2.0,10,1
2005-08-23,77495,,11,3,3670.0,55403410,MWAV,M WAVE INC,MWAV,334412.0,Q,A,R,11447,3,3670.0,55403420.0,,,36.0,367.0,,,,,,,0.95,-0.020619,5956.0,0.25,0.97,5658.2,MWAV,10.0,2.0,9.0,1.0,6.0,1,10.0,1.0,1.0,1.0,10.0,10.0,2.0,,1.0,,10.0,10.0,1.0,1.0,2.0,3.0,1.0,1.0,9.0,5.0,,,,10.0,,,10.0,1.0,1.0,10.0,3.0,1.0,,1.0,1.0,1.0,10.0,1.0,1.0,1.0,10.0,,,9.0,1.0,7,2.0,10,1
2005-08-24,77495,,11,3,3670.0,55403410,MWAV,M WAVE INC,MWAV,334412.0,Q,A,R,11447,3,3670.0,55403420.0,,,36.0,367.0,,,,,,,0.98,0.031579,5956.0,0.25,0.97,5836.88,MWAV,10.0,2.0,9.0,1.0,6.0,1,10.0,1.0,1.0,1.0,10.0,10.0,2.0,,1.0,,10.0,10.0,1.0,1.0,2.0,3.0,1.0,1.0,9.0,5.0,,,,10.0,,,10.0,1.0,1.0,10.0,3.0,1.0,,1.0,1.0,1.0,10.0,1.0,1.0,1.0,10.0,,,9.0,1.0,7,2.0,10,1
2005-08-25,77495,,11,3,3670.0,55403410,MWAV,M WAVE INC,MWAV,334412.0,Q,A,R,11447,3,3670.0,55403420.0,,,36.0,367.0,,,,,,,0.98,0.0,5956.0,0.25,1.0,5836.88,MWAV,10.0,2.0,9.0,1.0,6.0,1,10.0,1.0,1.0,1.0,10.0,10.0,2.0,,1.0,,10.0,10.0,1.0,1.0,2.0,3.0,1.0,1.0,9.0,5.0,,,,10.0,,,10.0,1.0,1.0,10.0,3.0,1.0,,1.0,1.0,1.0,10.0,1.0,1.0,1.0,10.0,,,9.0,1.0,7,2.0,10,1
2005-08-26,77495,,11,3,3670.0,55403410,MWAV,M WAVE INC,MWAV,334412.0,Q,A,R,11447,3,3670.0,55403420.0,,,36.0,367.0,,,,,,,0.99,0.010204,5956.0,0.25,0.99,5896.44,MWAV,10.0,2.0,9.0,1.0,6.0,1,10.0,1.0,1.0,1.0,10.0,10.0,2.0,,1.0,,10.0,10.0,1.0,1.0,2.0,3.0,1.0,1.0,9.0,5.0,,,,10.0,,,10.0,1.0,1.0,10.0,3.0,1.0,,1.0,1.0,1.0,10.0,1.0,1.0,1.0,10.0,,,9.0,1.0,7,2.0,10,1
2005-08-29,77495,,11,3,3670.0,55403410,MWAV,M WAVE INC,MWAV,334412.0,Q,A,R,11447,3,3670.0,55403420.0,,,36.0,367.0,,,,,,,0.95,-0.040404,5956.0,0.25,0.89,5658.2,MWAV,10.0,2.0,9.0,1.0,6.0,1,10.0,1.0,1.0,1.0,10.0,10.0,2.0,,1.0,,10.0,10.0,1.0,1.0,2.0,3.0,1.0,1.0,9.0,5.0,,,,10.0,,,10.0,1.0,1.0,10.0,3.0,1.0,,1.0,1.0,1.0,10.0,1.0,1.0,1.0,10.0,,,9.0,1.0,7,2.0,10,1
2005-08-30,77495,,11,3,3670.0,55403410,MWAV,M WAVE INC,MWAV,334412.0,Q,A,R,11447,3,3670.0,55403420.0,,,36.0,367.0,,,,,,,0.98,0.031579,5956.0,0.25,0.88,5836.88,MWAV,10.0,2.0,9.0,1.0,6.0,1,10.0,1.0,1.0,1.0,10.0,10.0,2.0,,1.0,,10.0,10.0,1.0,1.0,2.0,3.0,1.0,1.0,9.0,5.0,,,,10.0,,,10.0,1.0,1.0,10.0,3.0,1.0,,1.0,1.0,1.0,10.0,1.0,1.0,1.0,10.0,,,9.0,1.0,7,2.0,10,1
2005-08-31,77495,,11,3,3670.0,55403410,MWAV,M WAVE INC,MWAV,334412.0,Q,A,R,11447,3,3670.0,55403420.0,,,36.0,367.0,,,,,,,1.0,0.020408,5956.0,0.25,0.9,5956.0,MWAV,10.0,2.0,9.0,1.0,6.0,1,10.0,1.0,1.0,1.0,10.0,10.0,2.0,,1.0,,10.0,10.0,1.0,1.0,2.0,3.0,1.0,1.0,9.0,5.0,,,,10.0,,,10.0,1.0,1.0,10.0,3.0,1.0,,1.0,1.0,1.0,10.0,1.0,1.0,1.0,10.0,,,9.0,1.0,7,2.0,10,1
2005-09-01,77495,,11,3,3670.0,55403410,MWAV,M WAVE INC,MWAV,334412.0,Q,A,R,11447,3,3670.0,55403420.0,,,36.0,367.0,,,,,,,0.95,-0.05,5956.0,0.25,1.0,5658.2,MWAV,10.0,2.0,9.0,1.0,6.0,1,10.0,1.0,1.0,1.0,10.0,10.0,2.0,,1.0,,10.0,10.0,1.0,1.0,2.0,3.0,1.0,1.0,9.0,5.0,,,,10.0,,,10.0,2.0,1.0,10.0,4.0,1.0,,1.0,1.0,1.0,3.0,1.0,1.0,10.0,4.0,,,10.0,1.0,7,5.0,10,1
2005-09-02,77495,,11,3,3670.0,55403410,MWAV,M WAVE INC,MWAV,334412.0,Q,A,R,11447,3,3670.0,55403420.0,,,36.0,367.0,,,,,,,0.98,0.031579,5956.0,0.25,0.95,5836.88,MWAV,10.0,2.0,9.0,1.0,6.0,1,10.0,1.0,1.0,1.0,10.0,10.0,2.0,,1.0,,10.0,10.0,1.0,1.0,2.0,3.0,1.0,1.0,9.0,5.0,,,,10.0,,,10.0,2.0,1.0,10.0,4.0,1.0,,1.0,1.0,1.0,3.0,1.0,1.0,10.0,4.0,,,10.0,1.0,7,5.0,10,1
2005-09-06,77495,,11,3,3670.0,55403410,MWAV,M WAVE INC,MWAV,334412.0,Q,A,R,11447,3,3670.0,55403420.0,,,36.0,367.0,,,,,,,0.97,-0.010204,5956.0,0.25,0.94,5777.32,MWAV,10.0,2.0,9.0,1.0,6.0,1,10.0,1.0,1.0,1.0,10.0,10.0,2.0,,1.0,,10.0,10.0,1.0,1.0,2.0,3.0,1.0,1.0,9.0,5.0,,,,10.0,,,10.0,2.0,1.0,10.0,4.0,1.0,,1.0,1.0,1.0,3.0,1.0,1.0,10.0,4.0,,,10.0,1.0,7,5.0,10,1
2005-09-07,77495,,11,3,3670.0,55403410,MWAV,M WAVE INC,MWAV,334412.0,Q,A,R,11447,3,3670.0,55403420.0,,,36.0,367.0,,,,,,,0.97,0.0,5956.0,0.25,0.97,5777.32,MWAV,10.0,2.0,9.0,1.0,6.0,1,10.0,1.0,1.0,1.0,10.0,10.0,2.0,,1.0,,10.0,10.0,1.0,1.0,2.0,3.0,1.0,1.0,9.0,5.0,,,,10.0,,,10.0,2.0,1.0,10.0,4.0,1.0,,1.0,1.0,1.0,3.0,1.0,1.0,10.0,4.0,,,10.0,1.0,7,5.0,10,1
2005-09-08,77495,,11,3,3670.0,55403410,MWAV,M WAVE INC,MWAV,334412.0,Q,A,R,11447,3,3670.0,55403420.0,,,36.0,367.0,,,,,,,0.94,-0.030928,5956.0,0.25,0.98,5598.64,MWAV,10.0,2.0,9.0,1.0,6.0,1,10.0,1.0,1.0,1.0,10.0,10.0,2.0,,1.0,,10.0,10.0,1.0,1.0,2.0,3.0,1.0,1.0,9.0,5.0,,,,10.0,,,10.0,2.0,1.0,10.0,4.0,1.0,,1.0,1.0,1.0,3.0,1.0,1.0,10.0,4.0,,,10.0,1.0,7,5.0,10,1
2005-09-09,77495,,11,3,3670.0,55403410,MWAV,M WAVE INC,MWAV,334412.0,Q,A,R,11447,3,3670.0,55403420.0,,,36.0,367.0,,,,,,,0.98,0.042553,5956.0,0.25,0.91,5836.88,MWAV,10.0,2.0,9.0,1.0,6.0,1,10.0,1.0,1.0,1.0,10.0,10.0,2.0,,1.0,,10.0,10.0,1.0,1.0,2.0,3.0,1.0,1.0,9.0,5.0,,,,10.0,,,10.0,2.0,1.0,10.0,4.0,1.0,,1.0,1.0,1.0,3.0,1.0,1.0,10.0,4.0,,,10.0,1.0,7,5.0,10,1
2005-09-12,77495,,11,3,3670.0,55403410,MWAV,M WAVE INC,MWAV,334412.0,Q,A,R,11447,3,3670.0,55403420.0,,,36.0,367.0,,,,,,,1.0,0.020408,5956.0,0.25,0.98,5956.0,MWAV,10.0,2.0,9.0,1.0,6.0,1,10.0,1.0,1.0,1.0,10.0,10.0,2.0,,1.0,,10.0,10.0,1.0,1.0,2.0,3.0,1.0,1.0,9.0,5.0,,,,10.0,,,10.0,2.0,1.0,10.0,4.0,1.0,,1.0,1.0,1.0,3.0,1.0,1.0,10.0,4.0,,,10.0,1.0,7,5.0,10,1
2005-09-13,77495,,11,3,3670.0,55403410,MWAV,M WAVE INC,MWAV,334412.0,Q,A,R,11447,3,3670.0,55403420.0,,,36.0,367.0,,,,,,,0.98,-0.02,5956.0,0.25,0.94,5836.88,MWAV,10.0,2.0,9.0,1.0,6.0,1,10.0,1.0,1.0,1.0,10.0,10.0,2.0,,1.0,,10.0,10.0,1.0,1.0,2.0,3.0,1.0,1.0,9.0,5.0,,,,10.0,,,10.0,2.0,1.0,10.0,4.0,1.0,,1.0,1.0,1.0,3.0,1.0,1.0,10.0,4.0,,,10.0,1.0,7,5.0,10,1
2005-09-14,77495,,11,3,3670.0,55403410,MWAV,M WAVE INC,MWAV,334412.0,Q,A,R,11447,3,3670.0,55403420.0,,,36.0,367.0,,,,,,,0.97,-0.010204,5956.0,0.25,0.95,5777.32,MWAV,10.0,2.0,9.0,1.0,6.0,1,10.0,1.0,1.0,1.0,10.0,10.0,2.0,,1.0,,10.0,10.0,1.0,1.0,2.0,3.0,1.0,1.0,9.0,5.0,,,,10.0,,,10.0,2.0,1.0,10.0,4.0,1.0,,1.0,1.0,1.0,3.0,1.0,1.0,10.0,4.0,,,10.0,1.0,7,5.0,10,1
2005-09-15,77495,,11,3,3670.0,55403410,MWAV,M WAVE INC,MWAV,334412.0,Q,A,R,11447,3,3670.0,55403420.0,,,36.0,367.0,,,,,,,0.97,0.0,5956.0,0.25,0.916,5777.32,MWAV,10.0,2.0,9.0,1.0,6.0,1,10.0,1.0,1.0,1.0,10.0,10.0,2.0,,1.0,,10.0,10.0,1.0,1.0,2.0,3.0,1.0,1.0,9.0,5.0,,,,10.0,,,10.0,2.0,1.0,10.0,4.0,1.0,,1.0,1.0,1.0,3.0,1.0,1.0,10.0,4.0,,,10.0,1.0,7,5.0,10,1
2005-09-16,77495,,11,3,3670.0,55403410,MWAV,M WAVE INC,MWAV,334412.0,Q,A,R,11447,3,3670.0,55403420.0,,,36.0,367.0,,,,,,,1.0,0.030928,5956.0,0.25,0.93,5956.0,MWAV,10.0,2.0,9.0,1.0,6.0,1,10.0,1.0,1.0,1.0,10.0,10.0,2.0,,1.0,,10.0,10.0,1.0,1.0,2.0,3.0,1.0,1.0,9.0,5.0,,,,10.0,,,10.0,2.0,1.0,10.0,4.0,1.0,,1.0,1.0,1.0,3.0,1.0,1.0,10.0,4.0,,,10.0,1.0,7,5.0,10,1
2005-09-19,77495,,11,3,3670.0,55403410,MWAV,M WAVE INC,MWAV,334412.0,Q,A,R,11447,3,3670.0,55403420.0,,,36.0,367.0,,,,,,,0.98,-0.02,5956.0,0.25,0.9,5836.88,MWAV,10.0,2.0,9.0,1.0,6.0,1,10.0,1.0,1.0,1.0,10.0,10.0,2.0,,1.0,,10.0,10.0,1.0,1.0,2.0,3.0,1.0,1.0,9.0,5.0,,,,10.0,,,10.0,2.0,1.0,10.0,4.0,1.0,,1.0,1.0,1.0,3.0,1.0,1.0,10.0,4.0,,,10.0,1.0,7,5.0,10,1
2005-09-20,77495,,11,3,3670.0,55403410,MWAV,M WAVE INC,MWAV,334412.0,Q,A,R,11447,3,3670.0,55403420.0,,,36.0,367.0,,,,,,,0.97,-0.010204,5956.0,0.25,0.93,5777.32,MWAV,10.0,2.0,9.0,1.0,6.0,1,10.0,1.0,1.0,1.0,10.0,10.0,2.0,,1.0,,10.0,10.0,1.0,1.0,2.0,3.0,1.0,1.0,9.0,5.0,,,,10.0,,,10.0,2.0,1.0,10.0,4.0,1.0,,1.0,1.0,1.0,3.0,1.0,1.0,10.0,4.0,,,10.0,1.0,7,5.0,10,1
2005-09-21,77495,,11,3,3670.0,55403410,MWAV,M WAVE INC,MWAV,334412.0,Q,A,R,11447,3,3670.0,55403420.0,,,36.0,367.0,,,,,,,0.95,-0.020619,5956.0,0.25,0.92,5658.2,MWAV,10.0,2.0,9.0,1.0,6.0,1,10.0,1.0,1.0,1.0,10.0,10.0,2.0,,1.0,,10.0,10.0,1.0,1.0,2.0,3.0,1.0,1.0,9.0,5.0,,,,10.0,,,10.0,2.0,1.0,10.0,4.0,1.0,,1.0,1.0,1.0,3.0,1.0,1.0,10.0,4.0,,,10.0,1.0,7,5.0,10,1
2005-09-22,77495,,11,3,3670.0,55403410,MWAV,M WAVE INC,MWAV,334412.0,Q,A,R,11447,3,3670.0,55403420.0,,,36.0,367.0,,,,,,,0.97,0.021053,5956.0,0.25,0.97,5777.32,MWAV,10.0,2.0,9.0,1.0,6.0,1,10.0,1.0,1.0,1.0,10.0,10.0,2.0,,1.0,,10.0,10.0,1.0,1.0,2.0,3.0,1.0,1.0,9.0,5.0,,,,10.0,,,10.0,2.0,1.0,10.0,4.0,1.0,,1.0,1.0,1.0,3.0,1.0,1.0,10.0,4.0,,,10.0,1.0,7,5.0,10,1
2005-09-23,77495,,11,3,3670.0,55403410,MWAV,M WAVE INC,MWAV,334412.0,Q,A,R,11447,3,3670.0,55403420.0,,,36.0,367.0,,,,,,,0.97,0.0,5956.0,0.25,0.96,5777.32,MWAV,10.0,2.0,9.0,1.0,6.0,1,10.0,1.0,1.0,1.0,10.0,10.0,2.0,,1.0,,10.0,10.0,1.0,1.0,2.0,3.0,1.0,1.0,9.0,5.0,,,,10.0,,,10.0,2.0,1.0,10.0,4.0,1.0,,1.0,1.0,1.0,3.0,1.0,1.0,10.0,4.0,,,10.0,1.0,7,5.0,10,1
2005-09-26,77495,,11,3,3670.0,55403410,MWAV,M WAVE INC,MWAV,334412.0,Q,A,R,11447,3,3670.0,55403420.0,,,36.0,367.0,,,,,,,0.95,-0.020619,5956.0,0.25,0.97,5658.2,MWAV,10.0,2.0,9.0,1.0,6.0,1,10.0,1.0,1.0,1.0,10.0,10.0,2.0,,1.0,,10.0,10.0,1.0,1.0,2.0,3.0,1.0,1.0,9.0,5.0,,,,10.0,,,10.0,2.0,1.0,10.0,4.0,1.0,,1.0,1.0,1.0,3.0,1.0,1.0,10.0,4.0,,,10.0,1.0,7,5.0,10,1
2005-09-27,77495,,11,3,3670.0,55403410,MWAV,M WAVE INC,MWAV,334412.0,Q,A,R,11447,3,3670.0,55403420.0,,,36.0,367.0,,,,,,,0.96,0.010526,5956.0,0.25,0.9,5717.76,MWAV,10.0,2.0,9.0,1.0,6.0,1,10.0,1.0,1.0,1.0,10.0,10.0,2.0,,1.0,,10.0,10.0,1.0,1.0,2.0,3.0,1.0,1.0,9.0,5.0,,,,10.0,,,10.0,2.0,1.0,10.0,4.0,1.0,,1.0,1.0,1.0,3.0,1.0,1.0,10.0,4.0,,,10.0,1.0,7,5.0,10,1
2005-09-28,77495,,11,3,3670.0,55403410,MWAV,M WAVE INC,MWAV,334412.0,Q,A,R,11447,3,3670.0,55403420.0,,,36.0,367.0,,,,,,,0.9648,0.005,5956.0,0.25,0.95,5746.3488,MWAV,10.0,2.0,9.0,1.0,6.0,1,10.0,1.0,1.0,1.0,10.0,10.0,2.0,,1.0,,10.0,10.0,1.0,1.0,2.0,3.0,1.0,1.0,9.0,5.0,,,,10.0,,,10.0,2.0,1.0,10.0,4.0,1.0,,1.0,1.0,1.0,3.0,1.0,1.0,10.0,4.0,,,10.0,1.0,7,5.0,10,1
2005-09-29,77495,,11,3,3670.0,55403410,MWAV,M WAVE INC,MWAV,334412.0,Q,A,R,11447,3,3670.0,55403420.0,,,36.0,367.0,,,,,,,1.0,0.036484,5956.0,0.25,0.96,5956.0,MWAV,10.0,2.0,9.0,1.0,6.0,1,10.0,1.0,1.0,1.0,10.0,10.0,2.0,,1.0,,10.0,10.0,1.0,1.0,2.0,3.0,1.0,1.0,9.0,5.0,,,,10.0,,,10.0,2.0,1.0,10.0,4.0,1.0,,1.0,1.0,1.0,3.0,1.0,1.0,10.0,4.0,,,10.0,1.0,7,5.0,10,1
2005-09-30,77495,,11,3,3670.0,55403410,MWAV,M WAVE INC,MWAV,334412.0,Q,A,R,11447,3,3670.0,55403420.0,,,36.0,367.0,,,,,,,0.99,-0.01,5956.0,0.25,1.0,5896.44,MWAV,10.0,2.0,9.0,1.0,6.0,1,10.0,1.0,1.0,1.0,10.0,10.0,2.0,,1.0,,10.0,10.0,1.0,1.0,2.0,3.0,1.0,1.0,9.0,5.0,,,,10.0,,,10.0,2.0,1.0,10.0,4.0,1.0,,1.0,1.0,1.0,3.0,1.0,1.0,10.0,4.0,,,10.0,1.0,7,5.0,10,1
2005-10-03,77495,,11,3,3670.0,55403410,MWAV,M WAVE INC,MWAV,334412.0,Q,A,R,11447,3,3670.0,55403420.0,,,36.0,367.0,,,,,,,0.98,-0.010101,5956.0,0.25,0.93,5836.88,MWAV,10.0,2.0,9.0,1.0,6.0,1,10.0,1.0,1.0,1.0,10.0,10.0,2.0,,1.0,,10.0,10.0,1.0,1.0,2.0,3.0,1.0,1.0,9.0,5.0,,,,9.0,,,10.0,1.0,4.0,10.0,5.0,1.0,,1.0,1.0,1.0,6.0,1.0,1.0,5.0,7.0,,,3.0,1.0,7,7.0,10,1
2005-10-04,77495,,11,3,3670.0,55403410,MWAV,M WAVE INC,MWAV,334412.0,Q,A,R,11447,3,3670.0,55403420.0,,,36.0,367.0,,,,,,,0.95,-0.030612,5956.0,0.25,0.98,5658.2,MWAV,10.0,2.0,9.0,1.0,6.0,1,10.0,1.0,1.0,1.0,10.0,10.0,2.0,,1.0,,10.0,10.0,1.0,1.0,2.0,3.0,1.0,1.0,9.0,5.0,,,,9.0,,,10.0,1.0,4.0,10.0,5.0,1.0,,1.0,1.0,1.0,6.0,1.0,1.0,5.0,7.0,,,3.0,1.0,7,7.0,10,1
2005-10-05,77495,,11,3,3670.0,55403410,MWAV,M WAVE INC,MWAV,334412.0,Q,A,R,11447,3,3670.0,55403420.0,,,36.0,367.0,,,,,,,0.97,0.021053,5956.0,0.25,0.92,5777.32,MWAV,10.0,2.0,9.0,1.0,6.0,1,10.0,1.0,1.0,1.0,10.0,10.0,2.0,,1.0,,10.0,10.0,1.0,1.0,2.0,3.0,1.0,1.0,9.0,5.0,,,,9.0,,,10.0,1.0,4.0,10.0,5.0,1.0,,1.0,1.0,1.0,6.0,1.0,1.0,5.0,7.0,,,3.0,1.0,7,7.0,10,1
2005-10-06,77495,,11,3,3670.0,55403410,MWAV,M WAVE INC,MWAV,334412.0,Q,A,R,11447,3,3670.0,55403420.0,,,36.0,367.0,,,,,,,0.94,-0.030928,5956.0,0.25,0.96,5598.64,MWAV,10.0,2.0,9.0,1.0,6.0,1,10.0,1.0,1.0,1.0,10.0,10.0,2.0,,1.0,,10.0,10.0,1.0,1.0,2.0,3.0,1.0,1.0,9.0,5.0,,,,9.0,,,10.0,1.0,4.0,10.0,5.0,1.0,,1.0,1.0,1.0,6.0,1.0,1.0,5.0,7.0,,,3.0,1.0,7,7.0,10,1
2005-10-07,77495,,11,3,3670.0,55403410,MWAV,M WAVE INC,MWAV,334412.0,Q,A,R,11447,3,3670.0,55403420.0,,,36.0,367.0,,,,,,,0.95,0.010638,5956.0,0.25,0.89,5658.2,MWAV,10.0,2.0,9.0,1.0,6.0,1,10.0,1.0,1.0,1.0,10.0,10.0,2.0,,1.0,,10.0,10.0,1.0,1.0,2.0,3.0,1.0,1.0,9.0,5.0,,,,9.0,,,10.0,1.0,4.0,10.0,5.0,1.0,,1.0,1.0,1.0,6.0,1.0,1.0,5.0,7.0,,,3.0,1.0,7,7.0,10,1
2005-10-10,77495,,11,3,3670.0,55403410,MWAV,M WAVE INC,MWAV,334412.0,Q,A,R,11447,3,3670.0,55403420.0,,,36.0,367.0,,,,,,,0.9,-0.052632,5956.0,0.25,0.916,5360.4,MWAV,10.0,2.0,9.0,1.0,6.0,1,10.0,1.0,1.0,1.0,10.0,10.0,2.0,,1.0,,10.0,10.0,1.0,1.0,2.0,3.0,1.0,1.0,9.0,5.0,,,,9.0,,,10.0,1.0,4.0,10.0,5.0,1.0,,1.0,1.0,1.0,6.0,1.0,1.0,5.0,7.0,,,3.0,1.0,7,7.0,10,1
2005-10-11,77495,,11,3,3670.0,55403410,MWAV,M WAVE INC,MWAV,334412.0,Q,A,R,11447,3,3670.0,55403420.0,,,36.0,367.0,,,,,,,0.92,0.022222,5956.0,0.25,0.89,5479.52,MWAV,10.0,2.0,9.0,1.0,6.0,1,10.0,1.0,1.0,1.0,10.0,10.0,2.0,,1.0,,10.0,10.0,1.0,1.0,2.0,3.0,1.0,1.0,9.0,5.0,,,,9.0,,,10.0,1.0,4.0,10.0,5.0,1.0,,1.0,1.0,1.0,6.0,1.0,1.0,5.0,7.0,,,3.0,1.0,7,7.0,10,1
2005-10-12,77495,,11,3,3670.0,55403410,MWAV,M WAVE INC,MWAV,334412.0,Q,A,R,11447,3,3670.0,55403420.0,,,36.0,367.0,,,,,,,0.8,-0.130435,5956.0,0.25,0.85,4764.8,MWAV,10.0,2.0,9.0,1.0,6.0,1,10.0,1.0,1.0,1.0,10.0,10.0,2.0,,1.0,,10.0,10.0,1.0,1.0,2.0,3.0,1.0,1.0,9.0,5.0,,,,9.0,,,10.0,1.0,4.0,10.0,5.0,1.0,,1.0,1.0,1.0,6.0,1.0,1.0,5.0,7.0,,,3.0,1.0,7,7.0,10,1
2005-10-13,77495,,11,3,3670.0,55403410,MWAV,M WAVE INC,MWAV,334412.0,Q,A,R,11447,3,3670.0,55403420.0,,,36.0,367.0,,,,,,,0.7801,-0.024875,5956.0,0.25,0.78,4646.2756,MWAV,10.0,2.0,9.0,1.0,6.0,1,10.0,1.0,1.0,1.0,10.0,10.0,2.0,,1.0,,10.0,10.0,1.0,1.0,2.0,3.0,1.0,1.0,9.0,5.0,,,,9.0,,,10.0,1.0,4.0,10.0,5.0,1.0,,1.0,1.0,1.0,6.0,1.0,1.0,5.0,7.0,,,3.0,1.0,7,7.0,10,1
2005-10-14,77495,,11,3,3670.0,55403410,MWAV,M WAVE INC,MWAV,334412.0,Q,A,R,11447,3,3670.0,55403420.0,,,36.0,367.0,,,,,,,0.7801,0.0,5956.0,0.25,0.8,4646.2756,MWAV,10.0,2.0,9.0,1.0,6.0,1,10.0,1.0,1.0,1.0,10.0,10.0,2.0,,1.0,,10.0,10.0,1.0,1.0,2.0,3.0,1.0,1.0,9.0,5.0,,,,9.0,,,10.0,1.0,4.0,10.0,5.0,1.0,,1.0,1.0,1.0,6.0,1.0,1.0,5.0,7.0,,,3.0,1.0,7,7.0,10,1
2005-10-17,77495,,11,3,3670.0,55403410,MWAV,M WAVE INC,MWAV,334412.0,Q,A,R,11447,3,3670.0,55403420.0,,,36.0,367.0,,,,,,,0.76,-0.025766,5956.0,0.25,0.79,4526.56,MWAV,10.0,2.0,9.0,1.0,6.0,1,10.0,1.0,1.0,1.0,10.0,10.0,2.0,,1.0,,10.0,10.0,1.0,1.0,2.0,3.0,1.0,1.0,9.0,5.0,,,,9.0,,,10.0,1.0,4.0,10.0,5.0,1.0,,1.0,1.0,1.0,6.0,1.0,1.0,5.0,7.0,,,3.0,1.0,7,7.0,10,1
2005-10-18,77495,,11,3,3670.0,55403410,MWAV,M WAVE INC,MWAV,334412.0,Q,A,R,11447,3,3670.0,55403420.0,,,36.0,367.0,,,,,,,0.73,-0.039474,5956.0,0.25,0.75,4347.88,MWAV,10.0,2.0,9.0,1.0,6.0,1,10.0,1.0,1.0,1.0,10.0,10.0,2.0,,1.0,,10.0,10.0,1.0,1.0,2.0,3.0,1.0,1.0,9.0,5.0,,,,9.0,,,10.0,1.0,4.0,10.0,5.0,1.0,,1.0,1.0,1.0,6.0,1.0,1.0,5.0,7.0,,,3.0,1.0,7,7.0,10,1
2005-10-19,77495,,11,3,3670.0,55403410,MWAV,M WAVE INC,MWAV,334412.0,Q,A,R,11447,3,3670.0,55403420.0,,,36.0,367.0,,,,,,,0.65,-0.109589,5956.0,0.25,0.718,3871.4,MWAV,10.0,2.0,9.0,1.0,6.0,1,10.0,1.0,1.0,1.0,10.0,10.0,2.0,,1.0,,10.0,10.0,1.0,1.0,2.0,3.0,1.0,1.0,9.0,5.0,,,,9.0,,,10.0,1.0,4.0,10.0,5.0,1.0,,1.0,1.0,1.0,6.0,1.0,1.0,5.0,7.0,,,3.0,1.0,7,7.0,10,1
2005-10-20,77495,,11,3,3670.0,55403410,MWAV,M WAVE INC,MWAV,334412.0,Q,A,R,11447,3,3670.0,55403420.0,,,36.0,367.0,,,,,,,0.75,0.153846,5956.0,0.25,0.65,4467.0,MWAV,10.0,2.0,9.0,1.0,6.0,1,10.0,1.0,1.0,1.0,10.0,10.0,2.0,,1.0,,10.0,10.0,1.0,1.0,2.0,3.0,1.0,1.0,9.0,5.0,,,,9.0,,,10.0,1.0,4.0,10.0,5.0,1.0,,1.0,1.0,1.0,6.0,1.0,1.0,5.0,7.0,,,3.0,1.0,7,7.0,10,1
2005-10-21,77495,,11,3,3670.0,55403410,MWAV,M WAVE INC,MWAV,334412.0,Q,A,R,11447,3,3670.0,55403420.0,,,36.0,367.0,,,,,,,0.694,-0.074667,5956.0,0.25,0.75,4133.464,MWAV,10.0,2.0,9.0,1.0,6.0,1,10.0,1.0,1.0,1.0,10.0,10.0,2.0,,1.0,,10.0,10.0,1.0,1.0,2.0,3.0,1.0,1.0,9.0,5.0,,,,9.0,,,10.0,1.0,4.0,10.0,5.0,1.0,,1.0,1.0,1.0,6.0,1.0,1.0,5.0,7.0,,,3.0,1.0,7,7.0,10,1
2005-10-24,77495,,11,3,3670.0,55403410,MWAV,M WAVE INC,MWAV,334412.0,Q,A,R,11447,3,3670.0,55403420.0,,,36.0,367.0,,,,,,,0.63,-0.092219,5956.0,0.25,0.66,3752.28,MWAV,10.0,2.0,9.0,1.0,6.0,1,10.0,1.0,1.0,1.0,10.0,10.0,2.0,,1.0,,10.0,10.0,1.0,1.0,2.0,3.0,1.0,1.0,9.0,5.0,,,,9.0,,,10.0,1.0,4.0,10.0,5.0,1.0,,1.0,1.0,1.0,6.0,1.0,1.0,5.0,7.0,,,3.0,1.0,7,7.0,10,1
2005-10-25,77495,,11,3,3670.0,55403410,MWAV,M WAVE INC,MWAV,334412.0,Q,A,R,11447,3,3670.0,55403420.0,,,36.0,367.0,,,,,,,0.63,0.0,5956.0,0.25,0.55,3752.28,MWAV,10.0,2.0,9.0,1.0,6.0,1,10.0,1.0,1.0,1.0,10.0,10.0,2.0,,1.0,,10.0,10.0,1.0,1.0,2.0,3.0,1.0,1.0,9.0,5.0,,,,9.0,,,10.0,1.0,4.0,10.0,5.0,1.0,,1.0,1.0,1.0,6.0,1.0,1.0,5.0,7.0,,,3.0,1.0,7,7.0,10,1
2005-10-26,77495,,11,3,3670.0,55403410,MWAV,M WAVE INC,MWAV,334412.0,Q,A,R,11447,3,3670.0,55403420.0,,,36.0,367.0,,,,,,,0.63,0.0,5956.0,0.25,0.64,3752.28,MWAV,10.0,2.0,9.0,1.0,6.0,1,10.0,1.0,1.0,1.0,10.0,10.0,2.0,,1.0,,10.0,10.0,1.0,1.0,2.0,3.0,1.0,1.0,9.0,5.0,,,,9.0,,,10.0,1.0,4.0,10.0,5.0,1.0,,1.0,1.0,1.0,6.0,1.0,1.0,5.0,7.0,,,3.0,1.0,7,7.0,10,1
2005-10-27,77495,,11,3,3670.0,55403410,MWAV,M WAVE INC,MWAV,334412.0,Q,A,R,11447,3,3670.0,55403420.0,,,36.0,367.0,,,,,,,0.6,-0.047619,5956.0,0.25,0.61,3573.6,MWAV,10.0,2.0,9.0,1.0,6.0,1,10.0,1.0,1.0,1.0,10.0,10.0,2.0,,1.0,,10.0,10.0,1.0,1.0,2.0,3.0,1.0,1.0,9.0,5.0,,,,9.0,,,10.0,1.0,4.0,10.0,5.0,1.0,,1.0,1.0,1.0,6.0,1.0,1.0,5.0,7.0,,,3.0,1.0,7,7.0,10,1
2005-10-28,77495,,11,3,3670.0,55403410,MWAV,M WAVE INC,MWAV,334412.0,Q,A,R,11447,3,3670.0,55403420.0,,,36.0,367.0,,,,,,,0.62,0.033333,5956.0,0.25,0.64,3692.72,MWAV,10.0,2.0,9.0,1.0,6.0,1,10.0,1.0,1.0,1.0,10.0,10.0,2.0,,1.0,,10.0,10.0,1.0,1.0,2.0,3.0,1.0,1.0,9.0,5.0,,,,9.0,,,10.0,1.0,4.0,10.0,5.0,1.0,,1.0,1.0,1.0,6.0,1.0,1.0,5.0,7.0,,,3.0,1.0,7,7.0,10,1
2005-10-31,77495,,11,3,3670.0,55403410,MWAV,M WAVE INC,MWAV,334412.0,Q,A,R,11447,3,3670.0,55403420.0,,,36.0,367.0,,,,,,,0.66,0.064516,5956.0,0.25,0.63,3930.96,MWAV,10.0,2.0,9.0,1.0,6.0,1,10.0,1.0,1.0,1.0,10.0,10.0,2.0,,1.0,,10.0,10.0,1.0,1.0,2.0,3.0,1.0,1.0,9.0,5.0,,,,9.0,,,10.0,1.0,4.0,10.0,5.0,1.0,,1.0,1.0,1.0,6.0,1.0,1.0,5.0,7.0,,,3.0,1.0,7,7.0,10,1
2005-11-01,77495,,11,3,3670.0,55403410,MWAV,M WAVE INC,MWAV,334412.0,Q,A,R,11447,3,3670.0,55403420.0,,,36.0,367.0,,,,,,,0.6,-0.090909,5956.0,0.25,0.63,3573.6,MWAV,10.0,2.0,9.0,1.0,6.0,1,10.0,1.0,1.0,1.0,10.0,10.0,2.0,,1.0,,10.0,10.0,1.0,1.0,2.0,3.0,1.0,1.0,9.0,5.0,,,,8.0,,,10.0,1.0,10.0,10.0,7.0,1.0,,1.0,1.0,1.0,10.0,1.0,1.0,10.0,10.0,,,3.0,1.0,7,8.0,10,1
2005-11-02,77495,,11,3,3670.0,55403410,MWAV,M WAVE INC,MWAV,334412.0,Q,A,R,11447,3,3670.0,55403420.0,,,36.0,367.0,,,,,,,0.55,-0.083333,5956.0,0.25,0.59,3275.8,MWAV,10.0,2.0,9.0,1.0,6.0,1,10.0,1.0,1.0,1.0,10.0,10.0,2.0,,1.0,,10.0,10.0,1.0,1.0,2.0,3.0,1.0,1.0,9.0,5.0,,,,8.0,,,10.0,1.0,10.0,10.0,7.0,1.0,,1.0,1.0,1.0,10.0,1.0,1.0,10.0,10.0,,,3.0,1.0,7,8.0,10,1
2005-11-03,77495,,11,3,3670.0,55403410,MWAV,M WAVE INC,MWAV,334412.0,Q,A,R,11447,3,3670.0,55403420.0,,,36.0,367.0,,,,,,,0.48,-0.127273,5956.0,0.25,0.56,2858.88,MWAV,10.0,2.0,9.0,1.0,6.0,1,10.0,1.0,1.0,1.0,10.0,10.0,2.0,,1.0,,10.0,10.0,1.0,1.0,2.0,3.0,1.0,1.0,9.0,5.0,,,,8.0,,,10.0,1.0,10.0,10.0,7.0,1.0,,1.0,1.0,1.0,10.0,1.0,1.0,10.0,10.0,,,3.0,1.0,7,8.0,10,1
2005-11-04,77495,,11,3,3670.0,55403410,MWAV,M WAVE INC,MWAV,334412.0,Q,A,R,11447,3,3670.0,55403420.0,,,36.0,367.0,,,,,,,0.5,0.041667,5956.0,0.25,0.42,2978.0,MWAV,10.0,2.0,9.0,1.0,6.0,1,10.0,1.0,1.0,1.0,10.0,10.0,2.0,,1.0,,10.0,10.0,1.0,1.0,2.0,3.0,1.0,1.0,9.0,5.0,,,,8.0,,,10.0,1.0,10.0,10.0,7.0,1.0,,1.0,1.0,1.0,10.0,1.0,1.0,10.0,10.0,,,3.0,1.0,7,8.0,10,1
2005-11-07,77495,,11,3,3670.0,55403410,MWAV,M WAVE INC,MWAV,334412.0,Q,A,R,11447,3,3670.0,55403420.0,,,36.0,367.0,,,,,,,0.5,0.0,5956.0,0.25,0.5,2978.0,MWAV,10.0,2.0,9.0,1.0,6.0,1,10.0,1.0,1.0,1.0,10.0,10.0,2.0,,1.0,,10.0,10.0,1.0,1.0,2.0,3.0,1.0,1.0,9.0,5.0,,,,8.0,,,10.0,1.0,10.0,10.0,7.0,1.0,,1.0,1.0,1.0,10.0,1.0,1.0,10.0,10.0,,,3.0,1.0,7,8.0,10,1
2005-11-08,77495,,11,3,3670.0,55403410,MWAV,M WAVE INC,MWAV,334412.0,Q,A,R,11447,3,3670.0,55403420.0,,,36.0,367.0,,,,,,,0.53,0.06,5956.0,0.25,0.5,3156.68,MWAV,10.0,2.0,9.0,1.0,6.0,1,10.0,1.0,1.0,1.0,10.0,10.0,2.0,,1.0,,10.0,10.0,1.0,1.0,2.0,3.0,1.0,1.0,9.0,5.0,,,,8.0,,,10.0,1.0,10.0,10.0,7.0,1.0,,1.0,1.0,1.0,10.0,1.0,1.0,10.0,10.0,,,3.0,1.0,7,8.0,10,1
2005-11-09,77495,,11,3,3670.0,55403410,MWAV,M WAVE INC,MWAV,334412.0,Q,A,R,11447,3,3670.0,55403420.0,,,36.0,367.0,,,,,,,0.54,0.018868,5956.0,0.25,0.54,3216.24,MWAV,10.0,2.0,9.0,1.0,6.0,1,10.0,1.0,1.0,1.0,10.0,10.0,2.0,,1.0,,10.0,10.0,1.0,1.0,2.0,3.0,1.0,1.0,9.0,5.0,,,,8.0,,,10.0,1.0,10.0,10.0,7.0,1.0,,1.0,1.0,1.0,10.0,1.0,1.0,10.0,10.0,,,3.0,1.0,7,8.0,10,1
2005-11-10,77495,,11,3,3670.0,55403410,MWAV,M WAVE INC,MWAV,334412.0,Q,A,R,11447,3,3670.0,55403420.0,,,36.0,367.0,,,,,,,0.54,0.0,5956.0,0.25,0.6,3216.24,MWAV,10.0,2.0,9.0,1.0,6.0,1,10.0,1.0,1.0,1.0,10.0,10.0,2.0,,1.0,,10.0,10.0,1.0,1.0,2.0,3.0,1.0,1.0,9.0,5.0,,,,8.0,,,10.0,1.0,10.0,10.0,7.0,1.0,,1.0,1.0,1.0,10.0,1.0,1.0,10.0,10.0,,,3.0,1.0,7,8.0,10,1
2005-11-11,77495,,11,3,3670.0,55403410,MWAV,M WAVE INC,MWAV,334412.0,Q,A,R,11447,3,3670.0,55403420.0,,,36.0,367.0,,,,,,,0.5,-0.074074,5956.0,0.25,0.53,2978.0,MWAV,10.0,2.0,9.0,1.0,6.0,1,10.0,1.0,1.0,1.0,10.0,10.0,2.0,,1.0,,10.0,10.0,1.0,1.0,2.0,3.0,1.0,1.0,9.0,5.0,,,,8.0,,,10.0,1.0,10.0,10.0,7.0,1.0,,1.0,1.0,1.0,10.0,1.0,1.0,10.0,10.0,,,3.0,1.0,7,8.0,10,1
2005-11-14,77495,,11,3,3670.0,55403410,MWAV,M WAVE INC,MWAV,334412.0,Q,A,R,11447,3,3670.0,55403420.0,,,36.0,367.0,,,,,,,0.46,-0.08,5956.0,0.25,0.5,2739.76,MWAV,10.0,2.0,9.0,1.0,6.0,1,10.0,1.0,1.0,1.0,10.0,10.0,2.0,,1.0,,10.0,10.0,1.0,1.0,2.0,3.0,1.0,1.0,9.0,5.0,,,,8.0,,,10.0,1.0,10.0,10.0,7.0,1.0,,1.0,1.0,1.0,10.0,1.0,1.0,10.0,10.0,,,3.0,1.0,7,8.0,10,1
2005-11-15,77495,,11,3,3670.0,55403410,MWAV,M WAVE INC,MWAV,334412.0,Q,A,R,11447,3,3670.0,55403420.0,,,36.0,367.0,,,,,,,0.5,0.086957,5956.0,0.25,0.46,2978.0,MWAV,10.0,2.0,9.0,1.0,6.0,1,10.0,1.0,1.0,1.0,10.0,10.0,2.0,,1.0,,10.0,10.0,1.0,1.0,2.0,3.0,1.0,1.0,9.0,5.0,,,,8.0,,,10.0,1.0,10.0,10.0,7.0,1.0,,1.0,1.0,1.0,10.0,1.0,1.0,10.0,10.0,,,3.0,1.0,7,8.0,10,1
2005-11-16,77495,,11,3,3670.0,55403410,MWAV,M WAVE INC,MWAV,334412.0,Q,A,R,11447,3,3670.0,55403420.0,,,36.0,367.0,,,,,,,0.53,0.06,5956.0,0.25,0.44,3156.68,MWAV,10.0,2.0,9.0,1.0,6.0,1,10.0,1.0,1.0,1.0,10.0,10.0,2.0,,1.0,,10.0,10.0,1.0,1.0,2.0,3.0,1.0,1.0,9.0,5.0,,,,8.0,,,10.0,1.0,10.0,10.0,7.0,1.0,,1.0,1.0,1.0,10.0,1.0,1.0,10.0,10.0,,,3.0,1.0,7,8.0,10,1
2005-11-17,77495,,11,3,3670.0,55403410,MWAV,M WAVE INC,MWAV,334412.0,Q,A,R,11447,3,3670.0,55403420.0,,,36.0,367.0,,,,,,,0.48,-0.09434,5956.0,0.25,0.5,2858.88,MWAV,10.0,2.0,9.0,1.0,6.0,1,10.0,1.0,1.0,1.0,10.0,10.0,2.0,,1.0,,10.0,10.0,1.0,1.0,2.0,3.0,1.0,1.0,9.0,5.0,,,,8.0,,,10.0,1.0,10.0,10.0,7.0,1.0,,1.0,1.0,1.0,10.0,1.0,1.0,10.0,10.0,,,3.0,1.0,7,8.0,10,1
2005-11-18,77495,,11,3,3670.0,55403410,MWAV,M WAVE INC,MWAV,334412.0,Q,A,R,11447,3,3670.0,55403420.0,,,36.0,367.0,,,,,,,0.494,0.029167,5956.0,0.25,0.48,2942.264,MWAV,10.0,2.0,9.0,1.0,6.0,1,10.0,1.0,1.0,1.0,10.0,10.0,2.0,,1.0,,10.0,10.0,1.0,1.0,2.0,3.0,1.0,1.0,9.0,5.0,,,,8.0,,,10.0,1.0,10.0,10.0,7.0,1.0,,1.0,1.0,1.0,10.0,1.0,1.0,10.0,10.0,,,3.0,1.0,7,8.0,10,1
2005-11-21,77495,,11,3,3670.0,55403410,MWAV,M WAVE INC,MWAV,334412.0,Q,A,R,11447,3,3670.0,55403420.0,,,36.0,367.0,,,,,,,0.5545,0.12247,5956.0,0.25,0.47,3302.602,MWAV,10.0,2.0,9.0,1.0,6.0,1,10.0,1.0,1.0,1.0,10.0,10.0,2.0,,1.0,,10.0,10.0,1.0,1.0,2.0,3.0,1.0,1.0,9.0,5.0,,,,8.0,,,10.0,1.0,10.0,10.0,7.0,1.0,,1.0,1.0,1.0,10.0,1.0,1.0,10.0,10.0,,,3.0,1.0,7,8.0,10,1
2005-11-22,77495,,11,3,3670.0,55403410,MWAV,M WAVE INC,MWAV,334412.0,Q,A,R,11447,3,3670.0,55403420.0,,,36.0,367.0,,,,,,,0.4745,-0.144274,5956.0,0.25,0.51,2826.122,MWAV,10.0,2.0,9.0,1.0,6.0,1,10.0,1.0,1.0,1.0,10.0,10.0,2.0,,1.0,,10.0,10.0,1.0,1.0,2.0,3.0,1.0,1.0,9.0,5.0,,,,8.0,,,10.0,1.0,10.0,10.0,7.0,1.0,,1.0,1.0,1.0,10.0,1.0,1.0,10.0,10.0,,,3.0,1.0,7,8.0,10,1
2005-11-23,77495,,11,3,3670.0,55403410,MWAV,M WAVE INC,MWAV,334412.0,Q,A,R,11447,3,3670.0,55403420.0,,,36.0,367.0,,,,,,,0.55,0.159115,5956.0,0.25,0.5,3275.8,MWAV,10.0,2.0,9.0,1.0,6.0,1,10.0,1.0,1.0,1.0,10.0,10.0,2.0,,1.0,,10.0,10.0,1.0,1.0,2.0,3.0,1.0,1.0,9.0,5.0,,,,8.0,,,10.0,1.0,10.0,10.0,7.0,1.0,,1.0,1.0,1.0,10.0,1.0,1.0,10.0,10.0,,,3.0,1.0,7,8.0,10,1
2005-11-25,77495,,11,3,3670.0,55403410,MWAV,M WAVE INC,MWAV,334412.0,Q,A,R,11447,3,3670.0,55403420.0,,,36.0,367.0,,,,,,,0.59,0.072727,5956.0,0.25,0.55,3514.04,MWAV,10.0,2.0,9.0,1.0,6.0,1,10.0,1.0,1.0,1.0,10.0,10.0,2.0,,1.0,,10.0,10.0,1.0,1.0,2.0,3.0,1.0,1.0,9.0,5.0,,,,8.0,,,10.0,1.0,10.0,10.0,7.0,1.0,,1.0,1.0,1.0,10.0,1.0,1.0,10.0,10.0,,,3.0,1.0,7,8.0,10,1
2005-11-28,77495,,11,3,3670.0,55403410,MWAV,M WAVE INC,MWAV,334412.0,Q,A,R,11447,3,3670.0,55403420.0,,,36.0,367.0,,,,,,,0.57,-0.033898,5956.0,0.25,0.56,3394.92,MWAV,10.0,2.0,9.0,1.0,6.0,1,10.0,1.0,1.0,1.0,10.0,10.0,2.0,,1.0,,10.0,10.0,1.0,1.0,2.0,3.0,1.0,1.0,9.0,5.0,,,,8.0,,,10.0,1.0,10.0,10.0,7.0,1.0,,1.0,1.0,1.0,10.0,1.0,1.0,10.0,10.0,,,3.0,1.0,7,8.0,10,1
2005-11-29,77495,,11,3,3670.0,55403410,MWAV,M WAVE INC,MWAV,334412.0,Q,A,R,11447,3,3670.0,55403420.0,,,36.0,367.0,,,,,,,0.48,-0.157895,5956.0,0.25,0.57,2858.88,MWAV,10.0,2.0,9.0,1.0,6.0,1,10.0,1.0,1.0,1.0,10.0,10.0,2.0,,1.0,,10.0,10.0,1.0,1.0,2.0,3.0,1.0,1.0,9.0,5.0,,,,8.0,,,10.0,1.0,10.0,10.0,7.0,1.0,,1.0,1.0,1.0,10.0,1.0,1.0,10.0,10.0,,,3.0,1.0,7,8.0,10,1
2005-11-30,77495,,11,3,3670.0,55403410,MWAV,M WAVE INC,MWAV,334412.0,Q,A,R,11447,3,3670.0,55403420.0,,,36.0,367.0,,,,,,,0.59,0.229167,5956.0,0.25,0.48,3514.04,MWAV,10.0,2.0,9.0,1.0,6.0,1,10.0,1.0,1.0,1.0,10.0,10.0,2.0,,1.0,,10.0,10.0,1.0,1.0,2.0,3.0,1.0,1.0,9.0,5.0,,,,8.0,,,10.0,1.0,10.0,10.0,7.0,1.0,,1.0,1.0,1.0,10.0,1.0,1.0,10.0,10.0,,,3.0,1.0,7,8.0,10,1
2005-12-01,77495,,11,3,3670.0,55403410,MWAV,M WAVE INC,MWAV,334412.0,Q,A,R,11447,3,3670.0,55403420.0,,,36.0,367.0,,,,,,,0.48,-0.186441,5956.0,0.25,0.59,2858.88,MWAV,10.0,2.0,9.0,1.0,6.0,1,10.0,1.0,1.0,1.0,10.0,10.0,2.0,,1.0,,10.0,10.0,1.0,1.0,2.0,3.0,1.0,1.0,9.0,5.0,,,,8.0,,,10.0,1.0,5.0,10.0,6.0,1.0,,1.0,1.0,1.0,10.0,1.0,2.0,1.0,10.0,,,2.0,1.0,7,9.0,10,1
2005-12-02,77495,,11,3,3670.0,55403410,MWAV,M WAVE INC,MWAV,334412.0,Q,A,R,11447,3,3670.0,55403420.0,,,36.0,367.0,,,,,,,0.46,-0.041667,5956.0,0.25,0.45,2739.76,MWAV,10.0,2.0,9.0,1.0,6.0,1,10.0,1.0,1.0,1.0,10.0,10.0,2.0,,1.0,,10.0,10.0,1.0,1.0,2.0,3.0,1.0,1.0,9.0,5.0,,,,8.0,,,10.0,1.0,5.0,10.0,6.0,1.0,,1.0,1.0,1.0,10.0,1.0,2.0,1.0,10.0,,,2.0,1.0,7,9.0,10,1
2005-12-05,77495,,11,3,3670.0,55403410,MWAV,M WAVE INC,MWAV,334412.0,Q,A,R,11447,3,3670.0,55403420.0,,,36.0,367.0,,,,,,,0.44,-0.043478,5956.0,0.25,0.45,2620.64,MWAV,10.0,2.0,9.0,1.0,6.0,1,10.0,1.0,1.0,1.0,10.0,10.0,2.0,,1.0,,10.0,10.0,1.0,1.0,2.0,3.0,1.0,1.0,9.0,5.0,,,,8.0,,,10.0,1.0,5.0,10.0,6.0,1.0,,1.0,1.0,1.0,10.0,1.0,2.0,1.0,10.0,,,2.0,1.0,7,9.0,10,1
2005-12-06,77495,,11,3,3670.0,55403410,MWAV,M WAVE INC,MWAV,334412.0,Q,A,R,11447,3,3670.0,55403420.0,,,36.0,367.0,,,,,,,0.45,0.022727,5956.0,0.25,0.44,2680.2,MWAV,10.0,2.0,9.0,1.0,6.0,1,10.0,1.0,1.0,1.0,10.0,10.0,2.0,,1.0,,10.0,10.0,1.0,1.0,2.0,3.0,1.0,1.0,9.0,5.0,,,,8.0,,,10.0,1.0,5.0,10.0,6.0,1.0,,1.0,1.0,1.0,10.0,1.0,2.0,1.0,10.0,,,2.0,1.0,7,9.0,10,1
2005-12-07,77495,,11,3,3670.0,55403410,MWAV,M WAVE INC,MWAV,334412.0,Q,A,R,11447,3,3670.0,55403420.0,,,36.0,367.0,,,,,,,0.45,0.0,5956.0,0.25,0.5,2680.2,MWAV,10.0,2.0,9.0,1.0,6.0,1,10.0,1.0,1.0,1.0,10.0,10.0,2.0,,1.0,,10.0,10.0,1.0,1.0,2.0,3.0,1.0,1.0,9.0,5.0,,,,8.0,,,10.0,1.0,5.0,10.0,6.0,1.0,,1.0,1.0,1.0,10.0,1.0,2.0,1.0,10.0,,,2.0,1.0,7,9.0,10,1
2005-12-08,77495,,11,3,3670.0,55403410,MWAV,M WAVE INC,MWAV,334412.0,Q,A,R,11447,3,3670.0,55403420.0,,,36.0,367.0,,,,,,,0.44,-0.022222,5956.0,0.25,0.45,2620.64,MWAV,10.0,2.0,9.0,1.0,6.0,1,10.0,1.0,1.0,1.0,10.0,10.0,2.0,,1.0,,10.0,10.0,1.0,1.0,2.0,3.0,1.0,1.0,9.0,5.0,,,,8.0,,,10.0,1.0,5.0,10.0,6.0,1.0,,1.0,1.0,1.0,10.0,1.0,2.0,1.0,10.0,,,2.0,1.0,7,9.0,10,1
2005-12-09,77495,,11,3,3670.0,55403410,MWAV,M WAVE INC,MWAV,334412.0,Q,A,R,11447,3,3670.0,55403420.0,,,36.0,367.0,,,,,,,0.44,0.0,5956.0,0.25,0.45,2620.64,MWAV,10.0,2.0,9.0,1.0,6.0,1,10.0,1.0,1.0,1.0,10.0,10.0,2.0,,1.0,,10.0,10.0,1.0,1.0,2.0,3.0,1.0,1.0,9.0,5.0,,,,8.0,,,10.0,1.0,5.0,10.0,6.0,1.0,,1.0,1.0,1.0,10.0,1.0,2.0,1.0,10.0,,,2.0,1.0,7,9.0,10,1
2005-12-12,77495,,11,3,3670.0,55403410,MWAV,M WAVE INC,MWAV,334412.0,Q,A,R,11447,3,3670.0,55403420.0,,,36.0,367.0,,,,,,,0.43,-0.022727,5956.0,0.25,0.44,2561.08,MWAV,10.0,2.0,9.0,1.0,6.0,1,10.0,1.0,1.0,1.0,10.0,10.0,2.0,,1.0,,10.0,10.0,1.0,1.0,2.0,3.0,1.0,1.0,9.0,5.0,,,,8.0,,,10.0,1.0,5.0,10.0,6.0,1.0,,1.0,1.0,1.0,10.0,1.0,2.0,1.0,10.0,,,2.0,1.0,7,9.0,10,1
2005-12-13,77495,,11,3,3670.0,55403410,MWAV,M WAVE INC,MWAV,334412.0,Q,A,R,11447,3,3670.0,55403420.0,,,36.0,367.0,,,,,,,0.45,0.046512,5956.0,0.25,0.42,2680.2,MWAV,10.0,2.0,9.0,1.0,6.0,1,10.0,1.0,1.0,1.0,10.0,10.0,2.0,,1.0,,10.0,10.0,1.0,1.0,2.0,3.0,1.0,1.0,9.0,5.0,,,,8.0,,,10.0,1.0,5.0,10.0,6.0,1.0,,1.0,1.0,1.0,10.0,1.0,2.0,1.0,10.0,,,2.0,1.0,7,9.0,10,1
2005-12-14,77495,,11,3,3670.0,55403410,MWAV,M WAVE INC,MWAV,334412.0,Q,A,R,11447,3,3670.0,55403420.0,,,36.0,367.0,,,,,,,0.41,-0.088889,5956.0,0.25,0.42,2441.96,MWAV,10.0,2.0,9.0,1.0,6.0,1,10.0,1.0,1.0,1.0,10.0,10.0,2.0,,1.0,,10.0,10.0,1.0,1.0,2.0,3.0,1.0,1.0,9.0,5.0,,,,8.0,,,10.0,1.0,5.0,10.0,6.0,1.0,,1.0,1.0,1.0,10.0,1.0,2.0,1.0,10.0,,,2.0,1.0,7,9.0,10,1
2005-12-15,77495,,11,3,3670.0,55403410,MWAV,M WAVE INC,MWAV,334412.0,Q,A,R,11447,3,3670.0,55403420.0,,,36.0,367.0,,,,,,,0.35,-0.146341,5956.0,0.25,0.41,2084.6,MWAV,10.0,2.0,9.0,1.0,6.0,1,10.0,1.0,1.0,1.0,10.0,10.0,2.0,,1.0,,10.0,10.0,1.0,1.0,2.0,3.0,1.0,1.0,9.0,5.0,,,,8.0,,,10.0,1.0,5.0,10.0,6.0,1.0,,1.0,1.0,1.0,10.0,1.0,2.0,1.0,10.0,,,2.0,1.0,7,9.0,10,1
2005-12-16,77495,,11,3,3670.0,55403410,MWAV,M WAVE INC,MWAV,334412.0,Q,A,R,11447,3,3670.0,55403420.0,,,36.0,367.0,,,,,,,0.32,-0.085714,5956.0,0.25,0.36,1905.92,MWAV,10.0,2.0,9.0,1.0,6.0,1,10.0,1.0,1.0,1.0,10.0,10.0,2.0,,1.0,,10.0,10.0,1.0,1.0,2.0,3.0,1.0,1.0,9.0,5.0,,,,8.0,,,10.0,1.0,5.0,10.0,6.0,1.0,,1.0,1.0,1.0,10.0,1.0,2.0,1.0,10.0,,,2.0,1.0,7,9.0,10,1
2005-12-19,77495,,11,3,3670.0,55403410,MWAV,M WAVE INC,MWAV,334412.0,Q,A,R,11447,3,3670.0,55403420.0,,,36.0,367.0,,,,,,,0.3,-0.0625,5956.0,0.25,0.3,1786.8,MWAV,10.0,2.0,9.0,1.0,6.0,1,10.0,1.0,1.0,1.0,10.0,10.0,2.0,,1.0,,10.0,10.0,1.0,1.0,2.0,3.0,1.0,1.0,9.0,5.0,,,,8.0,,,10.0,1.0,5.0,10.0,6.0,1.0,,1.0,1.0,1.0,10.0,1.0,2.0,1.0,10.0,,,2.0,1.0,7,9.0,10,1
2005-12-20,77495,,11,3,3670.0,55403410,MWAV,M WAVE INC,MWAV,334412.0,Q,A,R,11447,3,3670.0,55403420.0,,,36.0,367.0,,,,,,,0.33,0.1,5956.0,0.25,0.3,1965.48,MWAV,10.0,2.0,9.0,1.0,6.0,1,10.0,1.0,1.0,1.0,10.0,10.0,2.0,,1.0,,10.0,10.0,1.0,1.0,2.0,3.0,1.0,1.0,9.0,5.0,,,,8.0,,,10.0,1.0,5.0,10.0,6.0,1.0,,1.0,1.0,1.0,10.0,1.0,2.0,1.0,10.0,,,2.0,1.0,7,9.0,10,1
2005-12-21,77495,,11,3,3670.0,55403410,MWAV,M WAVE INC,MWAV,334412.0,Q,A,R,11447,3,3670.0,55403420.0,,,36.0,367.0,,,,,,,0.38,0.151515,5956.0,0.25,0.33,2263.28,MWAV,10.0,2.0,9.0,1.0,6.0,1,10.0,1.0,1.0,1.0,10.0,10.0,2.0,,1.0,,10.0,10.0,1.0,1.0,2.0,3.0,1.0,1.0,9.0,5.0,,,,8.0,,,10.0,1.0,5.0,10.0,6.0,1.0,,1.0,1.0,1.0,10.0,1.0,2.0,1.0,10.0,,,2.0,1.0,7,9.0,10,1
2005-12-22,77495,,11,3,3670.0,55403410,MWAV,M WAVE INC,MWAV,334412.0,Q,A,R,11447,3,3670.0,55403420.0,,,36.0,367.0,,,,,,,0.52,0.368421,5956.0,0.25,0.36,3097.12,MWAV,10.0,2.0,9.0,1.0,6.0,1,10.0,1.0,1.0,1.0,10.0,10.0,2.0,,1.0,,10.0,10.0,1.0,1.0,2.0,3.0,1.0,1.0,9.0,5.0,,,,8.0,,,10.0,1.0,5.0,10.0,6.0,1.0,,1.0,1.0,1.0,10.0,1.0,2.0,1.0,10.0,,,2.0,1.0,7,9.0,10,1
2005-12-23,77495,,11,3,3670.0,55403410,MWAV,M WAVE INC,MWAV,334412.0,Q,A,R,11447,3,3670.0,55403420.0,,,36.0,367.0,,,,,,,0.77,0.480769,5956.0,0.25,0.55,4586.12,MWAV,10.0,2.0,9.0,1.0,6.0,1,10.0,1.0,1.0,1.0,10.0,10.0,2.0,,1.0,,10.0,10.0,1.0,1.0,2.0,3.0,1.0,1.0,9.0,5.0,,,,8.0,,,10.0,1.0,5.0,10.0,6.0,1.0,,1.0,1.0,1.0,10.0,1.0,2.0,1.0,10.0,,,2.0,1.0,7,9.0,10,1
2005-12-27,77495,,11,3,3670.0,55403410,MWAV,M WAVE INC,MWAV,334412.0,Q,A,R,11447,3,3670.0,55403420.0,,,36.0,367.0,,,,,,,0.74,-0.038961,5956.0,0.25,0.9,4407.44,MWAV,10.0,2.0,9.0,1.0,6.0,1,10.0,1.0,1.0,1.0,10.0,10.0,2.0,,1.0,,10.0,10.0,1.0,1.0,2.0,3.0,1.0,1.0,9.0,5.0,,,,8.0,,,10.0,1.0,5.0,10.0,6.0,1.0,,1.0,1.0,1.0,10.0,1.0,2.0,1.0,10.0,,,2.0,1.0,7,9.0,10,1
2005-12-28,77495,,11,3,3670.0,55403410,MWAV,M WAVE INC,MWAV,334412.0,Q,A,R,11447,3,3670.0,55403420.0,,,36.0,367.0,,,,,,,0.69,-0.067568,5956.0,0.25,0.7,4109.64,MWAV,10.0,2.0,9.0,1.0,6.0,1,10.0,1.0,1.0,1.0,10.0,10.0,2.0,,1.0,,10.0,10.0,1.0,1.0,2.0,3.0,1.0,1.0,9.0,5.0,,,,8.0,,,10.0,1.0,5.0,10.0,6.0,1.0,,1.0,1.0,1.0,10.0,1.0,2.0,1.0,10.0,,,2.0,1.0,7,9.0,10,1
2005-12-29,77495,,11,3,3670.0,55403410,MWAV,M WAVE INC,MWAV,334412.0,Q,A,R,11447,3,3670.0,55403420.0,,,36.0,367.0,,,,,,,0.65,-0.057971,5956.0,0.25,0.76,3871.4,MWAV,10.0,2.0,9.0,1.0,6.0,1,10.0,1.0,1.0,1.0,10.0,10.0,2.0,,1.0,,10.0,10.0,1.0,1.0,2.0,3.0,1.0,1.0,9.0,5.0,,,,8.0,,,10.0,1.0,5.0,10.0,6.0,1.0,,1.0,1.0,1.0,10.0,1.0,2.0,1.0,10.0,,,2.0,1.0,7,9.0,10,1
2005-12-30,77495,,11,3,3670.0,55403410,MWAV,M WAVE INC,MWAV,334412.0,Q,A,R,11447,3,3670.0,55403420.0,,,36.0,367.0,,,,,,,0.57,-0.123077,6203.0,0.25,0.6,3535.71,MWAV,10.0,2.0,9.0,1.0,6.0,1,10.0,1.0,1.0,1.0,10.0,10.0,2.0,,1.0,,10.0,10.0,1.0,1.0,2.0,3.0,1.0,1.0,9.0,5.0,,,,8.0,,,10.0,1.0,5.0,10.0,6.0,1.0,,1.0,1.0,1.0,10.0,1.0,2.0,1.0,10.0,,,2.0,1.0,7,9.0,10,1
2006-01-03,77495,,11,3,3670.0,55403410,MWAV,M WAVE INC,MWAV,334412.0,Q,A,R,11447,3,3670.0,55403420.0,,,36.0,367.0,,,,,,,0.5,-0.122807,6203.0,0.25,0.51,3101.5,MWAV,10.0,2.0,9.0,1.0,6.0,1,10.0,1.0,1.0,1.0,10.0,10.0,2.0,,1.0,,10.0,10.0,1.0,1.0,2.0,3.0,1.0,1.0,9.0,5.0,,,,8.0,,,10.0,1.0,9.0,10.0,6.0,2.0,,1.0,1.0,1.0,8.0,1.0,2.0,10.0,6.0,,,3.0,1.0,7,6.0,10,1
2006-01-04,77495,,11,3,3670.0,55403410,MWAV,M WAVE INC,MWAV,334412.0,Q,A,R,11447,3,3670.0,55403420.0,,,36.0,367.0,,,,,,,0.46,-0.08,6203.0,0.25,0.41,2853.38,MWAV,10.0,2.0,9.0,1.0,6.0,1,10.0,1.0,1.0,1.0,10.0,10.0,2.0,,1.0,,10.0,10.0,1.0,1.0,2.0,3.0,1.0,1.0,9.0,5.0,,,,8.0,,,10.0,1.0,9.0,10.0,6.0,2.0,,1.0,1.0,1.0,8.0,1.0,2.0,10.0,6.0,,,3.0,1.0,7,6.0,10,1
2006-01-05,77495,,11,3,3670.0,55403410,MWAV,M WAVE INC,MWAV,334412.0,Q,A,R,11447,3,3670.0,55403420.0,,,36.0,367.0,,,,,,,0.55,0.195652,6203.0,0.25,0.47,3411.65,MWAV,10.0,2.0,9.0,1.0,6.0,1,10.0,1.0,1.0,1.0,10.0,10.0,2.0,,1.0,,10.0,10.0,1.0,1.0,2.0,3.0,1.0,1.0,9.0,5.0,,,,8.0,,,10.0,1.0,9.0,10.0,6.0,2.0,,1.0,1.0,1.0,8.0,1.0,2.0,10.0,6.0,,,3.0,1.0,7,6.0,10,1
2006-01-06,77495,,11,3,3670.0,55403410,MWAV,M WAVE INC,MWAV,334412.0,Q,A,R,11447,3,3670.0,55403420.0,,,36.0,367.0,,,,,,,0.519,-0.056364,6203.0,0.25,0.56,3219.357,MWAV,10.0,2.0,9.0,1.0,6.0,1,10.0,1.0,1.0,1.0,10.0,10.0,2.0,,1.0,,10.0,10.0,1.0,1.0,2.0,3.0,1.0,1.0,9.0,5.0,,,,8.0,,,10.0,1.0,9.0,10.0,6.0,2.0,,1.0,1.0,1.0,8.0,1.0,2.0,10.0,6.0,,,3.0,1.0,7,6.0,10,1
2006-01-09,77495,,11,3,3670.0,55403410,MWAV,M WAVE INC,MWAV,334412.0,Q,A,R,11447,3,3670.0,55403420.0,,,36.0,367.0,,,,,,,0.49,-0.055877,6203.0,0.25,0.44,3039.47,MWAV,10.0,2.0,9.0,1.0,6.0,1,10.0,1.0,1.0,1.0,10.0,10.0,2.0,,1.0,,10.0,10.0,1.0,1.0,2.0,3.0,1.0,1.0,9.0,5.0,,,,8.0,,,10.0,1.0,9.0,10.0,6.0,2.0,,1.0,1.0,1.0,8.0,1.0,2.0,10.0,6.0,,,3.0,1.0,7,6.0,10,1
2006-01-10,77495,,11,3,3670.0,55403410,MWAV,M WAVE INC,MWAV,334412.0,Q,A,R,11447,3,3670.0,55403420.0,,,36.0,367.0,,,,,,,0.4,-0.183673,6203.0,0.25,0.33,2481.2,MWAV,10.0,2.0,9.0,1.0,6.0,1,10.0,1.0,1.0,1.0,10.0,10.0,2.0,,1.0,,10.0,10.0,1.0,1.0,2.0,3.0,1.0,1.0,9.0,5.0,,,,8.0,,,10.0,1.0,9.0,10.0,6.0,2.0,,1.0,1.0,1.0,8.0,1.0,2.0,10.0,6.0,,,3.0,1.0,7,6.0,10,1
2006-01-11,77495,,11,3,3670.0,55403410,MWAV,M WAVE INC,MWAV,334412.0,Q,A,R,11447,3,3670.0,55403420.0,,,36.0,367.0,,,,,,,0.43,0.075,6203.0,0.25,0.4,2667.29,MWAV,10.0,2.0,9.0,1.0,6.0,1,10.0,1.0,1.0,1.0,10.0,10.0,2.0,,1.0,,10.0,10.0,1.0,1.0,2.0,3.0,1.0,1.0,9.0,5.0,,,,8.0,,,10.0,1.0,9.0,10.0,6.0,2.0,,1.0,1.0,1.0,8.0,1.0,2.0,10.0,6.0,,,3.0,1.0,7,6.0,10,1
2006-01-12,77495,,11,3,3670.0,55403410,MWAV,M WAVE INC,MWAV,334412.0,Q,A,R,11447,3,3670.0,55403420.0,,,36.0,367.0,,,,,,,0.43,0.0,6203.0,0.25,0.4,2667.29,MWAV,10.0,2.0,9.0,1.0,6.0,1,10.0,1.0,1.0,1.0,10.0,10.0,2.0,,1.0,,10.0,10.0,1.0,1.0,2.0,3.0,1.0,1.0,9.0,5.0,,,,8.0,,,10.0,1.0,9.0,10.0,6.0,2.0,,1.0,1.0,1.0,8.0,1.0,2.0,10.0,6.0,,,3.0,1.0,7,6.0,10,1
2006-01-13,77495,,11,3,3670.0,55403410,MWAV,M WAVE INC,MWAV,334412.0,Q,A,R,11447,3,3670.0,55403420.0,,,36.0,367.0,,,,,,,0.4099,-0.046744,6203.0,0.25,0.39,2542.6097,MWAV,10.0,2.0,9.0,1.0,6.0,1,10.0,1.0,1.0,1.0,10.0,10.0,2.0,,1.0,,10.0,10.0,1.0,1.0,2.0,3.0,1.0,1.0,9.0,5.0,,,,8.0,,,10.0,1.0,9.0,10.0,6.0,2.0,,1.0,1.0,1.0,8.0,1.0,2.0,10.0,6.0,,,3.0,1.0,7,6.0,10,1
2006-01-17,77495,,11,3,3670.0,55403410,MWAV,M WAVE INC,MWAV,334412.0,Q,A,R,11447,3,3670.0,55403420.0,,,36.0,367.0,,,,,,,0.4,-0.024152,6203.0,0.25,0.42,2481.2,MWAV,10.0,2.0,9.0,1.0,6.0,1,10.0,1.0,1.0,1.0,10.0,10.0,2.0,,1.0,,10.0,10.0,1.0,1.0,2.0,3.0,1.0,1.0,9.0,5.0,,,,8.0,,,10.0,1.0,9.0,10.0,6.0,2.0,,1.0,1.0,1.0,8.0,1.0,2.0,10.0,6.0,,,3.0,1.0,7,6.0,10,1
2006-01-18,77495,,11,3,3670.0,55403410,MWAV,M WAVE INC,MWAV,334412.0,Q,A,R,11447,3,3670.0,55403420.0,,,36.0,367.0,,,,,,,0.4,0.0,6203.0,0.25,0.39,2481.2,MWAV,10.0,2.0,9.0,1.0,6.0,1,10.0,1.0,1.0,1.0,10.0,10.0,2.0,,1.0,,10.0,10.0,1.0,1.0,2.0,3.0,1.0,1.0,9.0,5.0,,,,8.0,,,10.0,1.0,9.0,10.0,6.0,2.0,,1.0,1.0,1.0,8.0,1.0,2.0,10.0,6.0,,,3.0,1.0,7,6.0,10,1
2006-01-19,77495,,11,3,3670.0,55403410,MWAV,M WAVE INC,MWAV,334412.0,Q,A,R,11447,3,3670.0,55403420.0,,,36.0,367.0,,,,,,,0.41,0.025,6203.0,0.25,0.37,2543.23,MWAV,10.0,2.0,9.0,1.0,6.0,1,10.0,1.0,1.0,1.0,10.0,10.0,2.0,,1.0,,10.0,10.0,1.0,1.0,2.0,3.0,1.0,1.0,9.0,5.0,,,,8.0,,,10.0,1.0,9.0,10.0,6.0,2.0,,1.0,1.0,1.0,8.0,1.0,2.0,10.0,6.0,,,3.0,1.0,7,6.0,10,1
2006-01-20,77495,,11,3,3670.0,55403410,MWAV,M WAVE INC,MWAV,334412.0,Q,A,R,11447,3,3670.0,55403420.0,,,36.0,367.0,,,,,,,0.3999,-0.024634,6203.0,0.25,0.41,2480.5797,MWAV,10.0,2.0,9.0,1.0,6.0,1,10.0,1.0,1.0,1.0,10.0,10.0,2.0,,1.0,,10.0,10.0,1.0,1.0,2.0,3.0,1.0,1.0,9.0,5.0,,,,8.0,,,10.0,1.0,9.0,10.0,6.0,2.0,,1.0,1.0,1.0,8.0,1.0,2.0,10.0,6.0,,,3.0,1.0,7,6.0,10,1
2006-01-23,77495,,11,3,3670.0,55403410,MWAV,M WAVE INC,MWAV,334412.0,Q,A,R,11447,3,3670.0,55403420.0,,,36.0,367.0,,,,,,,0.389,-0.027257,6203.0,0.25,0.37,2412.967,MWAV,10.0,2.0,9.0,1.0,6.0,1,10.0,1.0,1.0,1.0,10.0,10.0,2.0,,1.0,,10.0,10.0,1.0,1.0,2.0,3.0,1.0,1.0,9.0,5.0,,,,8.0,,,10.0,1.0,9.0,10.0,6.0,2.0,,1.0,1.0,1.0,8.0,1.0,2.0,10.0,6.0,,,3.0,1.0,7,6.0,10,1
2006-01-24,77495,,11,3,3670.0,55403410,MWAV,M WAVE INC,MWAV,334412.0,Q,A,R,11447,3,3670.0,55403420.0,,,36.0,367.0,,,,,,,0.38,-0.023136,6203.0,0.25,0.36,2357.14,MWAV,10.0,2.0,9.0,1.0,6.0,1,10.0,1.0,1.0,1.0,10.0,10.0,2.0,,1.0,,10.0,10.0,1.0,1.0,2.0,3.0,1.0,1.0,9.0,5.0,,,,8.0,,,10.0,1.0,9.0,10.0,6.0,2.0,,1.0,1.0,1.0,8.0,1.0,2.0,10.0,6.0,,,3.0,1.0,7,6.0,10,1
2006-01-25,77495,,11,3,3670.0,55403410,MWAV,M WAVE INC,MWAV,334412.0,Q,A,R,11447,3,3670.0,55403420.0,,,36.0,367.0,,,,,,,0.36,-0.052632,6203.0,0.25,0.35,2233.08,MWAV,10.0,2.0,9.0,1.0,6.0,1,10.0,1.0,1.0,1.0,10.0,10.0,2.0,,1.0,,10.0,10.0,1.0,1.0,2.0,3.0,1.0,1.0,9.0,5.0,,,,8.0,,,10.0,1.0,9.0,10.0,6.0,2.0,,1.0,1.0,1.0,8.0,1.0,2.0,10.0,6.0,,,3.0,1.0,7,6.0,10,1
2006-01-26,77495,,11,3,3670.0,55403410,MWAV,M WAVE INC,MWAV,334412.0,Q,A,R,11447,3,3670.0,55403420.0,,,36.0,367.0,,,,,,,0.37,0.027778,6203.0,0.25,0.35,2295.11,MWAV,10.0,2.0,9.0,1.0,6.0,1,10.0,1.0,1.0,1.0,10.0,10.0,2.0,,1.0,,10.0,10.0,1.0,1.0,2.0,3.0,1.0,1.0,9.0,5.0,,,,8.0,,,10.0,1.0,9.0,10.0,6.0,2.0,,1.0,1.0,1.0,8.0,1.0,2.0,10.0,6.0,,,3.0,1.0,7,6.0,10,1
2006-01-27,77495,,11,3,3670.0,55403410,MWAV,M WAVE INC,MWAV,334412.0,Q,A,R,11447,3,3670.0,55403420.0,,,36.0,367.0,,,,,,,0.33,-0.108108,6203.0,0.25,0.35,2046.99,MWAV,10.0,2.0,9.0,1.0,6.0,1,10.0,1.0,1.0,1.0,10.0,10.0,2.0,,1.0,,10.0,10.0,1.0,1.0,2.0,3.0,1.0,1.0,9.0,5.0,,,,8.0,,,10.0,1.0,9.0,10.0,6.0,2.0,,1.0,1.0,1.0,8.0,1.0,2.0,10.0,6.0,,,3.0,1.0,7,6.0,10,1
2006-01-30,77495,,11,3,3670.0,55403410,MWAV,M WAVE INC,MWAV,334412.0,Q,A,R,11447,3,3670.0,55403420.0,,,36.0,367.0,,,,,,,0.482,0.460606,6203.0,0.25,0.31,2989.846,MWAV,10.0,2.0,9.0,1.0,6.0,1,10.0,1.0,1.0,1.0,10.0,10.0,2.0,,1.0,,10.0,10.0,1.0,1.0,2.0,3.0,1.0,1.0,9.0,5.0,,,,8.0,,,10.0,1.0,9.0,10.0,6.0,2.0,,1.0,1.0,1.0,8.0,1.0,2.0,10.0,6.0,,,3.0,1.0,7,6.0,10,1
2006-01-31,77495,,11,3,3670.0,55403410,MWAV,M WAVE INC,MWAV,334412.0,Q,A,R,11447,3,3670.0,55403420.0,,,36.0,367.0,,,,,,,0.6299,0.306846,6203.0,0.25,0.54,3907.2697,MWAV,10.0,2.0,9.0,1.0,6.0,1,10.0,1.0,1.0,1.0,10.0,10.0,2.0,,1.0,,10.0,10.0,1.0,1.0,2.0,3.0,1.0,1.0,9.0,5.0,,,,8.0,,,10.0,1.0,9.0,10.0,6.0,2.0,,1.0,1.0,1.0,8.0,1.0,2.0,10.0,6.0,,,3.0,1.0,7,6.0,10,1
2006-02-01,77495,,11,3,3670.0,55403410,MWAV,M WAVE INC,MWAV,334412.0,Q,A,R,11447,3,3670.0,55403420.0,,,36.0,367.0,,,,,,,0.65,0.03191,6203.0,0.25,0.6,4031.95,MWAV,10.0,2.0,9.0,1.0,6.0,1,10.0,1.0,1.0,1.0,10.0,10.0,2.0,,1.0,,10.0,10.0,1.0,1.0,2.0,3.0,1.0,1.0,9.0,5.0,,,,7.0,,,9.0,1.0,8.0,10.0,6.0,2.0,,1.0,1.0,1.0,3.0,1.0,3.0,9.0,3.0,,,6.0,1.0,7,4.0,10,1
2006-02-02,77495,,11,3,3670.0,55403410,MWAV,M WAVE INC,MWAV,334412.0,Q,A,R,11447,3,3670.0,55403420.0,,,36.0,367.0,,,,,,,0.7,0.076923,6203.0,0.25,0.66,4342.1,MWAV,10.0,2.0,9.0,1.0,6.0,1,10.0,1.0,1.0,1.0,10.0,10.0,2.0,,1.0,,10.0,10.0,1.0,1.0,2.0,3.0,1.0,1.0,9.0,5.0,,,,7.0,,,9.0,1.0,8.0,10.0,6.0,2.0,,1.0,1.0,1.0,3.0,1.0,3.0,9.0,3.0,,,6.0,1.0,7,4.0,10,1
2006-02-03,77495,,11,3,3670.0,55403410,MWAV,M WAVE INC,MWAV,334412.0,Q,A,R,11447,3,3670.0,55403420.0,,,36.0,367.0,,,,,,,0.6239,-0.108714,6203.0,0.25,0.75,3870.0517,MWAV,10.0,2.0,9.0,1.0,6.0,1,10.0,1.0,1.0,1.0,10.0,10.0,2.0,,1.0,,10.0,10.0,1.0,1.0,2.0,3.0,1.0,1.0,9.0,5.0,,,,7.0,,,9.0,1.0,8.0,10.0,6.0,2.0,,1.0,1.0,1.0,3.0,1.0,3.0,9.0,3.0,,,6.0,1.0,7,4.0,10,1
2006-02-06,77495,,11,3,3670.0,55403410,MWAV,M WAVE INC,MWAV,334412.0,Q,A,R,11447,3,3670.0,55403420.0,,,36.0,367.0,,,,,,,0.62,-0.006251,6203.0,0.25,0.7,3845.86,MWAV,10.0,2.0,9.0,1.0,6.0,1,10.0,1.0,1.0,1.0,10.0,10.0,2.0,,1.0,,10.0,10.0,1.0,1.0,2.0,3.0,1.0,1.0,9.0,5.0,,,,7.0,,,9.0,1.0,8.0,10.0,6.0,2.0,,1.0,1.0,1.0,3.0,1.0,3.0,9.0,3.0,,,6.0,1.0,7,4.0,10,1
2006-02-07,77495,,11,3,3670.0,55403410,MWAV,M WAVE INC,MWAV,334412.0,Q,A,R,11447,3,3670.0,55403420.0,,,36.0,367.0,,,,,,,0.579,-0.066129,6203.0,0.25,0.57,3591.537,MWAV,10.0,2.0,9.0,1.0,6.0,1,10.0,1.0,1.0,1.0,10.0,10.0,2.0,,1.0,,10.0,10.0,1.0,1.0,2.0,3.0,1.0,1.0,9.0,5.0,,,,7.0,,,9.0,1.0,8.0,10.0,6.0,2.0,,1.0,1.0,1.0,3.0,1.0,3.0,9.0,3.0,,,6.0,1.0,7,4.0,10,1
2006-02-08,77495,,11,3,3670.0,55403410,MWAV,M WAVE INC,MWAV,334412.0,Q,A,R,11447,3,3670.0,55403420.0,,,36.0,367.0,,,,,,,0.62,0.070812,6203.0,0.25,0.51,3845.86,MWAV,10.0,2.0,9.0,1.0,6.0,1,10.0,1.0,1.0,1.0,10.0,10.0,2.0,,1.0,,10.0,10.0,1.0,1.0,2.0,3.0,1.0,1.0,9.0,5.0,,,,7.0,,,9.0,1.0,8.0,10.0,6.0,2.0,,1.0,1.0,1.0,3.0,1.0,3.0,9.0,3.0,,,6.0,1.0,7,4.0,10,1
2006-02-09,77495,,11,3,3670.0,55403410,MWAV,M WAVE INC,MWAV,334412.0,Q,A,R,11447,3,3670.0,55403420.0,,,36.0,367.0,,,,,,,0.64,0.032258,6203.0,0.25,0.6699,3969.92,MWAV,10.0,2.0,9.0,1.0,6.0,1,10.0,1.0,1.0,1.0,10.0,10.0,2.0,,1.0,,10.0,10.0,1.0,1.0,2.0,3.0,1.0,1.0,9.0,5.0,,,,7.0,,,9.0,1.0,8.0,10.0,6.0,2.0,,1.0,1.0,1.0,3.0,1.0,3.0,9.0,3.0,,,6.0,1.0,7,4.0,10,1
2006-02-10,77495,,11,3,3670.0,55403410,MWAV,M WAVE INC,MWAV,334412.0,Q,A,R,11447,3,3670.0,55403420.0,,,36.0,367.0,,,,,,,0.6,-0.0625,6203.0,0.25,0.61,3721.8,MWAV,10.0,2.0,9.0,1.0,6.0,1,10.0,1.0,1.0,1.0,10.0,10.0,2.0,,1.0,,10.0,10.0,1.0,1.0,2.0,3.0,1.0,1.0,9.0,5.0,,,,7.0,,,9.0,1.0,8.0,10.0,6.0,2.0,,1.0,1.0,1.0,3.0,1.0,3.0,9.0,3.0,,,6.0,1.0,7,4.0,10,1
2006-02-13,77495,,11,3,3670.0,55403410,MWAV,M WAVE INC,MWAV,334412.0,Q,A,R,11447,3,3670.0,55403420.0,,,36.0,367.0,,,,,,,0.64,0.066667,6203.0,0.25,0.51,3969.92,MWAV,10.0,2.0,9.0,1.0,6.0,1,10.0,1.0,1.0,1.0,10.0,10.0,2.0,,1.0,,10.0,10.0,1.0,1.0,2.0,3.0,1.0,1.0,9.0,5.0,,,,7.0,,,9.0,1.0,8.0,10.0,6.0,2.0,,1.0,1.0,1.0,3.0,1.0,3.0,9.0,3.0,,,6.0,1.0,7,4.0,10,1
2006-02-14,77495,,11,3,3670.0,55403410,MWAV,M WAVE INC,MWAV,334412.0,Q,A,R,11447,3,3670.0,55403420.0,,,36.0,367.0,,,,,,,0.62,-0.03125,6203.0,0.25,0.65,3845.86,MWAV,10.0,2.0,9.0,1.0,6.0,1,10.0,1.0,1.0,1.0,10.0,10.0,2.0,,1.0,,10.0,10.0,1.0,1.0,2.0,3.0,1.0,1.0,9.0,5.0,,,,7.0,,,9.0,1.0,8.0,10.0,6.0,2.0,,1.0,1.0,1.0,3.0,1.0,3.0,9.0,3.0,,,6.0,1.0,7,4.0,10,1
2006-02-15,77495,,11,3,3670.0,55403410,MWAV,M WAVE INC,MWAV,334412.0,Q,A,R,11447,3,3670.0,55403420.0,,,36.0,367.0,,,,,,,0.64,0.032258,6203.0,0.25,0.62,3969.92,MWAV,10.0,2.0,9.0,1.0,6.0,1,10.0,1.0,1.0,1.0,10.0,10.0,2.0,,1.0,,10.0,10.0,1.0,1.0,2.0,3.0,1.0,1.0,9.0,5.0,,,,7.0,,,9.0,1.0,8.0,10.0,6.0,2.0,,1.0,1.0,1.0,3.0,1.0,3.0,9.0,3.0,,,6.0,1.0,7,4.0,10,1
2006-02-16,77495,,11,3,3670.0,55403410,MWAV,M WAVE INC,MWAV,334412.0,Q,A,R,11447,3,3670.0,55403420.0,,,36.0,367.0,,,,,,,0.69,0.078125,6203.0,0.25,0.69,4280.07,MWAV,10.0,2.0,9.0,1.0,6.0,1,10.0,1.0,1.0,1.0,10.0,10.0,2.0,,1.0,,10.0,10.0,1.0,1.0,2.0,3.0,1.0,1.0,9.0,5.0,,,,7.0,,,9.0,1.0,8.0,10.0,6.0,2.0,,1.0,1.0,1.0,3.0,1.0,3.0,9.0,3.0,,,6.0,1.0,7,4.0,10,1
2006-02-17,77495,,11,3,3670.0,55403410,MWAV,M WAVE INC,MWAV,334412.0,Q,A,R,11447,3,3670.0,55403420.0,,,36.0,367.0,,,,,,,0.69,0.0,6203.0,0.25,0.7398,4280.07,MWAV,10.0,2.0,9.0,1.0,6.0,1,10.0,1.0,1.0,1.0,10.0,10.0,2.0,,1.0,,10.0,10.0,1.0,1.0,2.0,3.0,1.0,1.0,9.0,5.0,,,,7.0,,,9.0,1.0,8.0,10.0,6.0,2.0,,1.0,1.0,1.0,3.0,1.0,3.0,9.0,3.0,,,6.0,1.0,7,4.0,10,1
2006-02-21,77495,,11,3,3670.0,55403410,MWAV,M WAVE INC,MWAV,334412.0,Q,A,R,11447,3,3670.0,55403420.0,,,36.0,367.0,,,,,,,0.59,-0.144928,6203.0,0.25,0.68,3659.77,MWAV,10.0,2.0,9.0,1.0,6.0,1,10.0,1.0,1.0,1.0,10.0,10.0,2.0,,1.0,,10.0,10.0,1.0,1.0,2.0,3.0,1.0,1.0,9.0,5.0,,,,7.0,,,9.0,1.0,8.0,10.0,6.0,2.0,,1.0,1.0,1.0,3.0,1.0,3.0,9.0,3.0,,,6.0,1.0,7,4.0,10,1
2006-02-22,77495,,11,3,3670.0,55403410,MWAV,M WAVE INC,MWAV,334412.0,Q,A,R,11447,3,3670.0,55403420.0,,,36.0,367.0,,,,,,,0.6199,0.050678,6203.0,0.25,0.6,3845.2397,MWAV,10.0,2.0,9.0,1.0,6.0,1,10.0,1.0,1.0,1.0,10.0,10.0,2.0,,1.0,,10.0,10.0,1.0,1.0,2.0,3.0,1.0,1.0,9.0,5.0,,,,7.0,,,9.0,1.0,8.0,10.0,6.0,2.0,,1.0,1.0,1.0,3.0,1.0,3.0,9.0,3.0,,,6.0,1.0,7,4.0,10,1
2006-02-23,77495,,11,3,3670.0,55403410,MWAV,M WAVE INC,MWAV,334412.0,Q,A,R,11447,3,3670.0,55403420.0,,,36.0,367.0,,,,,,,0.609,-0.017583,6203.0,0.25,0.5812,3777.627,MWAV,10.0,2.0,9.0,1.0,6.0,1,10.0,1.0,1.0,1.0,10.0,10.0,2.0,,1.0,,10.0,10.0,1.0,1.0,2.0,3.0,1.0,1.0,9.0,5.0,,,,7.0,,,9.0,1.0,8.0,10.0,6.0,2.0,,1.0,1.0,1.0,3.0,1.0,3.0,9.0,3.0,,,6.0,1.0,7,4.0,10,1
2006-02-24,77495,,11,3,3670.0,55403410,MWAV,M WAVE INC,MWAV,334412.0,Q,A,R,11447,3,3670.0,55403420.0,,,36.0,367.0,,,,,,,0.6,-0.014778,6203.0,0.25,0.63,3721.8,MWAV,10.0,2.0,9.0,1.0,6.0,1,10.0,1.0,1.0,1.0,10.0,10.0,2.0,,1.0,,10.0,10.0,1.0,1.0,2.0,3.0,1.0,1.0,9.0,5.0,,,,7.0,,,9.0,1.0,8.0,10.0,6.0,2.0,,1.0,1.0,1.0,3.0,1.0,3.0,9.0,3.0,,,6.0,1.0,7,4.0,10,1
2006-02-27,77495,,11,3,3670.0,55403410,MWAV,M WAVE INC,MWAV,334412.0,Q,A,R,11447,3,3670.0,55403420.0,,,36.0,367.0,,,,,,,0.61,0.016667,6203.0,0.25,0.6,3783.83,MWAV,10.0,2.0,9.0,1.0,6.0,1,10.0,1.0,1.0,1.0,10.0,10.0,2.0,,1.0,,10.0,10.0,1.0,1.0,2.0,3.0,1.0,1.0,9.0,5.0,,,,7.0,,,9.0,1.0,8.0,10.0,6.0,2.0,,1.0,1.0,1.0,3.0,1.0,3.0,9.0,3.0,,,6.0,1.0,7,4.0,10,1
2006-02-28,77495,,11,3,3670.0,55403410,MWAV,M WAVE INC,MWAV,334412.0,Q,A,R,11447,3,3670.0,55403420.0,,,36.0,367.0,,,,,,,0.6799,0.11459,6203.0,0.25,0.5614,4217.4197,MWAV,10.0,2.0,9.0,1.0,6.0,1,10.0,1.0,1.0,1.0,10.0,10.0,2.0,,1.0,,10.0,10.0,1.0,1.0,2.0,3.0,1.0,1.0,9.0,5.0,,,,7.0,,,9.0,1.0,8.0,10.0,6.0,2.0,,1.0,1.0,1.0,3.0,1.0,3.0,9.0,3.0,,,6.0,1.0,7,4.0,10,1
2006-03-01,77495,,11,3,3670.0,55403410,MWAV,M WAVE INC,MWAV,334412.0,Q,A,R,11447,3,3670.0,55403420.0,,,36.0,367.0,,,,,,,0.68,0.000147,6203.0,0.25,0.6799,4218.04,MWAV,10.0,2.0,9.0,1.0,6.0,1,10.0,1.0,1.0,1.0,10.0,10.0,2.0,,1.0,,10.0,10.0,1.0,1.0,2.0,3.0,1.0,1.0,9.0,5.0,,,,6.0,,,10.0,1.0,9.0,10.0,1.0,2.0,,,,,2.0,1.0,3.0,10.0,2.0,,,1.0,1.0,7,3.0,10,1
2006-03-02,77495,,11,3,3670.0,55403410,MWAV,M WAVE INC,MWAV,334412.0,Q,A,R,11447,3,3670.0,55403420.0,,,36.0,367.0,,,,,,,0.96,0.411765,6203.0,0.25,0.79,5954.88,MWAV,10.0,2.0,9.0,1.0,6.0,1,10.0,1.0,1.0,1.0,10.0,10.0,2.0,,1.0,,10.0,10.0,1.0,1.0,2.0,3.0,1.0,1.0,9.0,5.0,,,,6.0,,,10.0,1.0,9.0,10.0,1.0,2.0,,,,,2.0,1.0,3.0,10.0,2.0,,,1.0,1.0,7,3.0,10,1
2006-03-03,77495,,11,3,3670.0,55403410,MWAV,M WAVE INC,MWAV,334412.0,Q,A,R,11447,3,3670.0,55403420.0,,,36.0,367.0,,,,,,,0.91,-0.052083,6203.0,0.25,0.95,5644.73,MWAV,10.0,2.0,9.0,1.0,6.0,1,10.0,1.0,1.0,1.0,10.0,10.0,2.0,,1.0,,10.0,10.0,1.0,1.0,2.0,3.0,1.0,1.0,9.0,5.0,,,,6.0,,,10.0,1.0,9.0,10.0,1.0,2.0,,,,,2.0,1.0,3.0,10.0,2.0,,,1.0,1.0,7,3.0,10,1
2006-03-06,77495,,11,3,3670.0,55403410,MWAV,M WAVE INC,MWAV,334412.0,Q,A,R,11447,3,3670.0,55403420.0,,,36.0,367.0,,,,,,,0.88,-0.032967,6203.0,0.25,0.95,5458.64,MWAV,10.0,2.0,9.0,1.0,6.0,1,10.0,1.0,1.0,1.0,10.0,10.0,2.0,,1.0,,10.0,10.0,1.0,1.0,2.0,3.0,1.0,1.0,9.0,5.0,,,,6.0,,,10.0,1.0,9.0,10.0,1.0,2.0,,,,,2.0,1.0,3.0,10.0,2.0,,,1.0,1.0,7,3.0,10,1
2006-03-07,77495,,11,3,3670.0,55403410,MWAV,M WAVE INC,MWAV,334412.0,Q,A,R,11447,3,3670.0,55403420.0,,,36.0,367.0,,,,,,,0.869,-0.0125,6203.0,0.25,0.93,5390.407,MWAV,10.0,2.0,9.0,1.0,6.0,1,10.0,1.0,1.0,1.0,10.0,10.0,2.0,,1.0,,10.0,10.0,1.0,1.0,2.0,3.0,1.0,1.0,9.0,5.0,,,,6.0,,,10.0,1.0,9.0,10.0,1.0,2.0,,,,,2.0,1.0,3.0,10.0,2.0,,,1.0,1.0,7,3.0,10,1
2006-03-08,77495,,11,3,3670.0,55403410,MWAV,M WAVE INC,MWAV,334412.0,Q,A,R,11447,3,3670.0,55403420.0,,,36.0,367.0,,,,,,,0.82,-0.056387,6203.0,0.25,0.86,5086.46,MWAV,10.0,2.0,9.0,1.0,6.0,1,10.0,1.0,1.0,1.0,10.0,10.0,2.0,,1.0,,10.0,10.0,1.0,1.0,2.0,3.0,1.0,1.0,9.0,5.0,,,,6.0,,,10.0,1.0,9.0,10.0,1.0,2.0,,,,,2.0,1.0,3.0,10.0,2.0,,,1.0,1.0,7,3.0,10,1
2006-03-09,77495,,11,3,3670.0,55403410,MWAV,M WAVE INC,MWAV,334412.0,Q,A,R,11447,3,3670.0,55403420.0,,,36.0,367.0,,,,,,,0.86,0.048781,6203.0,0.25,0.94,5334.58,MWAV,10.0,2.0,9.0,1.0,6.0,1,10.0,1.0,1.0,1.0,10.0,10.0,2.0,,1.0,,10.0,10.0,1.0,1.0,2.0,3.0,1.0,1.0,9.0,5.0,,,,6.0,,,10.0,1.0,9.0,10.0,1.0,2.0,,,,,2.0,1.0,3.0,10.0,2.0,,,1.0,1.0,7,3.0,10,1
2006-03-10,77495,,11,3,3670.0,55403410,MWAV,M WAVE INC,MWAV,334412.0,Q,A,R,11447,3,3670.0,55403420.0,,,36.0,367.0,,,,,,,0.85,-0.011628,6203.0,0.25,0.93,5272.55,MWAV,10.0,2.0,9.0,1.0,6.0,1,10.0,1.0,1.0,1.0,10.0,10.0,2.0,,1.0,,10.0,10.0,1.0,1.0,2.0,3.0,1.0,1.0,9.0,5.0,,,,6.0,,,10.0,1.0,9.0,10.0,1.0,2.0,,,,,2.0,1.0,3.0,10.0,2.0,,,1.0,1.0,7,3.0,10,1
2006-03-13,77495,,11,3,3670.0,55403410,MWAV,M WAVE INC,MWAV,334412.0,Q,A,R,11447,3,3670.0,55403420.0,,,36.0,367.0,,,,,,,0.8201,-0.035176,6203.0,0.25,0.85,5087.0803,MWAV,10.0,2.0,9.0,1.0,6.0,1,10.0,1.0,1.0,1.0,10.0,10.0,2.0,,1.0,,10.0,10.0,1.0,1.0,2.0,3.0,1.0,1.0,9.0,5.0,,,,6.0,,,10.0,1.0,9.0,10.0,1.0,2.0,,,,,2.0,1.0,3.0,10.0,2.0,,,1.0,1.0,7,3.0,10,1
2006-03-14,77495,,11,3,3670.0,55403410,MWAV,M WAVE INC,MWAV,334412.0,Q,A,R,11447,3,3670.0,55403420.0,,,36.0,367.0,,,,,,,0.77,-0.06109,6203.0,0.25,0.8,4776.31,MWAV,10.0,2.0,9.0,1.0,6.0,1,10.0,1.0,1.0,1.0,10.0,10.0,2.0,,1.0,,10.0,10.0,1.0,1.0,2.0,3.0,1.0,1.0,9.0,5.0,,,,6.0,,,10.0,1.0,9.0,10.0,1.0,2.0,,,,,2.0,1.0,3.0,10.0,2.0,,,1.0,1.0,7,3.0,10,1
2006-03-15,77495,,11,3,3670.0,55403410,MWAV,M WAVE INC,MWAV,334412.0,Q,A,R,11447,3,3670.0,55403420.0,,,36.0,367.0,,,,,,,0.84,0.090909,6203.0,0.25,0.79,5210.52,MWAV,10.0,2.0,9.0,1.0,6.0,1,10.0,1.0,1.0,1.0,10.0,10.0,2.0,,1.0,,10.0,10.0,1.0,1.0,2.0,3.0,1.0,1.0,9.0,5.0,,,,6.0,,,10.0,1.0,9.0,10.0,1.0,2.0,,,,,2.0,1.0,3.0,10.0,2.0,,,1.0,1.0,7,3.0,10,1
2006-03-16,77495,,11,3,3670.0,55403410,MWAV,M WAVE INC,MWAV,334412.0,Q,A,R,11447,3,3670.0,55403420.0,,,36.0,367.0,,,,,,,0.7701,-0.083214,6203.0,0.25,0.7701,4776.9303,MWAV,10.0,2.0,9.0,1.0,6.0,1,10.0,1.0,1.0,1.0,10.0,10.0,2.0,,1.0,,10.0,10.0,1.0,1.0,2.0,3.0,1.0,1.0,9.0,5.0,,,,6.0,,,10.0,1.0,9.0,10.0,1.0,2.0,,,,,2.0,1.0,3.0,10.0,2.0,,,1.0,1.0,7,3.0,10,1
2006-03-17,77495,,11,3,3670.0,55403410,MWAV,M WAVE INC,MWAV,334412.0,Q,A,R,11447,3,3670.0,55403420.0,,,36.0,367.0,,,,,,,0.79,0.025841,6203.0,0.25,0.77,4900.37,MWAV,10.0,2.0,9.0,1.0,6.0,1,10.0,1.0,1.0,1.0,10.0,10.0,2.0,,1.0,,10.0,10.0,1.0,1.0,2.0,3.0,1.0,1.0,9.0,5.0,,,,6.0,,,10.0,1.0,9.0,10.0,1.0,2.0,,,,,2.0,1.0,3.0,10.0,2.0,,,1.0,1.0,7,3.0,10,1
2006-03-20,77495,,11,3,3670.0,55403410,MWAV,M WAVE INC,MWAV,334412.0,Q,A,R,11447,3,3670.0,55403420.0,,,36.0,367.0,,,,,,,0.8,0.012658,6203.0,0.25,0.77,4962.4,MWAV,10.0,2.0,9.0,1.0,6.0,1,10.0,1.0,1.0,1.0,10.0,10.0,2.0,,1.0,,10.0,10.0,1.0,1.0,2.0,3.0,1.0,1.0,9.0,5.0,,,,6.0,,,10.0,1.0,9.0,10.0,1.0,2.0,,,,,2.0,1.0,3.0,10.0,2.0,,,1.0,1.0,7,3.0,10,1
2006-03-21,77495,,11,3,3670.0,55403410,MWAV,M WAVE INC,MWAV,334412.0,Q,A,R,11447,3,3670.0,55403420.0,,,36.0,367.0,,,,,,,0.7888,-0.014,6203.0,0.25,0.79,4892.9264,MWAV,10.0,2.0,9.0,1.0,6.0,1,10.0,1.0,1.0,1.0,10.0,10.0,2.0,,1.0,,10.0,10.0,1.0,1.0,2.0,3.0,1.0,1.0,9.0,5.0,,,,6.0,,,10.0,1.0,9.0,10.0,1.0,2.0,,,,,2.0,1.0,3.0,10.0,2.0,,,1.0,1.0,7,3.0,10,1
2006-03-22,77495,,11,3,3670.0,55403410,MWAV,M WAVE INC,MWAV,334412.0,Q,A,R,11447,3,3670.0,55403420.0,,,36.0,367.0,,,,,,,0.8399,0.064782,6203.0,0.25,0.78,5209.8997,MWAV,10.0,2.0,9.0,1.0,6.0,1,10.0,1.0,1.0,1.0,10.0,10.0,2.0,,1.0,,10.0,10.0,1.0,1.0,2.0,3.0,1.0,1.0,9.0,5.0,,,,6.0,,,10.0,1.0,9.0,10.0,1.0,2.0,,,,,2.0,1.0,3.0,10.0,2.0,,,1.0,1.0,7,3.0,10,1
2006-03-23,77495,,11,3,3670.0,55403410,MWAV,M WAVE INC,MWAV,334412.0,Q,A,R,11447,3,3670.0,55403420.0,,,36.0,367.0,,,,,,,0.849,0.010835,6203.0,0.25,0.8199,5266.347,MWAV,10.0,2.0,9.0,1.0,6.0,1,10.0,1.0,1.0,1.0,10.0,10.0,2.0,,1.0,,10.0,10.0,1.0,1.0,2.0,3.0,1.0,1.0,9.0,5.0,,,,6.0,,,10.0,1.0,9.0,10.0,1.0,2.0,,,,,2.0,1.0,3.0,10.0,2.0,,,1.0,1.0,7,3.0,10,1
2006-03-24,77495,,11,3,3670.0,55403410,MWAV,M WAVE INC,MWAV,334412.0,Q,A,R,11447,3,3670.0,55403420.0,,,36.0,367.0,,,,,,,0.8,-0.057715,6203.0,0.25,0.75,4962.4,MWAV,10.0,2.0,9.0,1.0,6.0,1,10.0,1.0,1.0,1.0,10.0,10.0,2.0,,1.0,,10.0,10.0,1.0,1.0,2.0,3.0,1.0,1.0,9.0,5.0,,,,6.0,,,10.0,1.0,9.0,10.0,1.0,2.0,,,,,2.0,1.0,3.0,10.0,2.0,,,1.0,1.0,7,3.0,10,1
2006-03-27,77495,,11,3,3670.0,55403410,MWAV,M WAVE INC,MWAV,334412.0,Q,A,R,11447,3,3670.0,55403420.0,,,36.0,367.0,,,,,,,0.8,0.0,6203.0,0.25,0.52,4962.4,MWAV,10.0,2.0,9.0,1.0,6.0,1,10.0,1.0,1.0,1.0,10.0,10.0,2.0,,1.0,,10.0,10.0,1.0,1.0,2.0,3.0,1.0,1.0,9.0,5.0,,,,6.0,,,10.0,1.0,9.0,10.0,1.0,2.0,,,,,2.0,1.0,3.0,10.0,2.0,,,1.0,1.0,7,3.0,10,1
2006-03-28,77495,,11,3,3670.0,55403410,MWAV,M WAVE INC,MWAV,334412.0,Q,A,R,11447,3,3670.0,55403420.0,,,36.0,367.0,,,,,,,0.7499,-0.062625,6203.0,0.25,0.75,4651.6297,MWAV,10.0,2.0,9.0,1.0,6.0,1,10.0,1.0,1.0,1.0,10.0,10.0,2.0,,1.0,,10.0,10.0,1.0,1.0,2.0,3.0,1.0,1.0,9.0,5.0,,,,6.0,,,10.0,1.0,9.0,10.0,1.0,2.0,,,,,2.0,1.0,3.0,10.0,2.0,,,1.0,1.0,7,3.0,10,1
2006-03-29,77495,,11,3,3670.0,55403410,MWAV,M WAVE INC,MWAV,334412.0,Q,A,R,11447,3,3670.0,55403420.0,,,36.0,367.0,,,,,,,0.74,-0.013202,6203.0,0.25,0.6975,4590.22,MWAV,10.0,2.0,9.0,1.0,6.0,1,10.0,1.0,1.0,1.0,10.0,10.0,2.0,,1.0,,10.0,10.0,1.0,1.0,2.0,3.0,1.0,1.0,9.0,5.0,,,,6.0,,,10.0,1.0,9.0,10.0,1.0,2.0,,,,,2.0,1.0,3.0,10.0,2.0,,,1.0,1.0,7,3.0,10,1
2006-03-30,77495,,11,3,3670.0,55403410,MWAV,M WAVE INC,MWAV,334412.0,Q,A,R,11447,3,3670.0,55403420.0,,,36.0,367.0,,,,,,,0.68,-0.081081,6203.0,0.25,0.7,4218.04,MWAV,10.0,2.0,9.0,1.0,6.0,1,10.0,1.0,1.0,1.0,10.0,10.0,2.0,,1.0,,10.0,10.0,1.0,1.0,2.0,3.0,1.0,1.0,9.0,5.0,,,,6.0,,,10.0,1.0,9.0,10.0,1.0,2.0,,,,,2.0,1.0,3.0,10.0,2.0,,,1.0,1.0,7,3.0,10,1
2006-03-31,77495,,11,3,3670.0,55403410,MWAV,M WAVE INC,MWAV,334412.0,Q,A,R,11447,3,3670.0,55403420.0,,,36.0,367.0,,,,,,,0.6899,0.014559,6203.0,0.25,0.7,4279.4497,MWAV,10.0,2.0,9.0,1.0,6.0,1,10.0,1.0,1.0,1.0,10.0,10.0,2.0,,1.0,,10.0,10.0,1.0,1.0,2.0,3.0,1.0,1.0,9.0,5.0,,,,6.0,,,10.0,1.0,9.0,10.0,1.0,2.0,,,,,2.0,1.0,3.0,10.0,2.0,,,1.0,1.0,7,3.0,10,1
2006-04-03,77495,,11,3,3670.0,55403410,MWAV,M WAVE INC,MWAV,334412.0,Q,A,R,11447,3,3670.0,55403420.0,,,36.0,367.0,,,,,,,0.66,-0.04334,6203.0,0.25,0.65,4093.98,MWAV,10.0,2.0,9.0,1.0,6.0,1,10.0,1.0,1.0,1.0,10.0,10.0,2.0,,1.0,,10.0,10.0,1.0,1.0,2.0,3.0,1.0,1.0,9.0,5.0,,,,5.0,,,10.0,1.0,6.0,10.0,1.0,2.0,,,,,6.0,1.0,4.0,1.0,7.0,,,1.0,1.0,6,4.0,10,1
2006-04-04,77495,,11,3,3670.0,55403410,MWAV,M WAVE INC,MWAV,334412.0,Q,A,R,11447,3,3670.0,55403420.0,,,36.0,367.0,,,,,,,0.69,0.045455,6203.0,0.25,0.7,4280.07,MWAV,10.0,2.0,9.0,1.0,6.0,1,10.0,1.0,1.0,1.0,10.0,10.0,2.0,,1.0,,10.0,10.0,1.0,1.0,2.0,3.0,1.0,1.0,9.0,5.0,,,,5.0,,,10.0,1.0,6.0,10.0,1.0,2.0,,,,,6.0,1.0,4.0,1.0,7.0,,,1.0,1.0,6,4.0,10,1
2006-04-05,77495,,11,3,3670.0,55403410,MWAV,M WAVE INC,MWAV,334412.0,Q,A,R,11447,3,3670.0,55403420.0,,,36.0,367.0,,,,,,,0.72,0.043478,6203.0,0.25,0.69,4466.16,MWAV,10.0,2.0,9.0,1.0,6.0,1,10.0,1.0,1.0,1.0,10.0,10.0,2.0,,1.0,,10.0,10.0,1.0,1.0,2.0,3.0,1.0,1.0,9.0,5.0,,,,5.0,,,10.0,1.0,6.0,10.0,1.0,2.0,,,,,6.0,1.0,4.0,1.0,7.0,,,1.0,1.0,6,4.0,10,1
2006-04-06,77495,,11,3,3670.0,55403410,MWAV,M WAVE INC,MWAV,334412.0,Q,A,R,11447,3,3670.0,55403420.0,,,36.0,367.0,,,,,,,0.79,0.097222,6203.0,0.25,0.65,4900.37,MWAV,10.0,2.0,9.0,1.0,6.0,1,10.0,1.0,1.0,1.0,10.0,10.0,2.0,,1.0,,10.0,10.0,1.0,1.0,2.0,3.0,1.0,1.0,9.0,5.0,,,,5.0,,,10.0,1.0,6.0,10.0,1.0,2.0,,,,,6.0,1.0,4.0,1.0,7.0,,,1.0,1.0,6,4.0,10,1
2006-04-07,77495,,11,3,3670.0,55403410,MWAV,M WAVE INC,MWAV,334412.0,Q,A,R,11447,3,3670.0,55403420.0,,,36.0,367.0,,,,,,,0.79,0.0,6203.0,0.25,0.79,4900.37,MWAV,10.0,2.0,9.0,1.0,6.0,1,10.0,1.0,1.0,1.0,10.0,10.0,2.0,,1.0,,10.0,10.0,1.0,1.0,2.0,3.0,1.0,1.0,9.0,5.0,,,,5.0,,,10.0,1.0,6.0,10.0,1.0,2.0,,,,,6.0,1.0,4.0,1.0,7.0,,,1.0,1.0,6,4.0,10,1
2006-04-10,77495,,11,3,3670.0,55403410,MWAV,M WAVE INC,MWAV,334412.0,Q,A,R,11447,3,3670.0,55403420.0,,,36.0,367.0,,,,,,,0.84,0.063291,6203.0,0.25,0.75,5210.52,MWAV,10.0,2.0,9.0,1.0,6.0,1,10.0,1.0,1.0,1.0,10.0,10.0,2.0,,1.0,,10.0,10.0,1.0,1.0,2.0,3.0,1.0,1.0,9.0,5.0,,,,5.0,,,10.0,1.0,6.0,10.0,1.0,2.0,,,,,6.0,1.0,4.0,1.0,7.0,,,1.0,1.0,6,4.0,10,1
2006-04-11,77495,,11,3,3670.0,55403410,MWAV,M WAVE INC,MWAV,334412.0,Q,A,R,11447,3,3670.0,55403420.0,,,36.0,367.0,,,,,,,1.3,0.547619,6203.0,0.25,0.84,8063.9,MWAV,10.0,2.0,9.0,1.0,6.0,1,10.0,1.0,1.0,1.0,10.0,10.0,2.0,,1.0,,10.0,10.0,1.0,1.0,2.0,3.0,1.0,1.0,9.0,5.0,,,,5.0,,,10.0,1.0,6.0,10.0,1.0,2.0,,,,,6.0,1.0,4.0,1.0,7.0,,,1.0,1.0,6,4.0,10,1
2006-04-12,77495,,11,3,3670.0,55403410,MWAV,M WAVE INC,MWAV,334412.0,Q,A,R,11447,3,3670.0,55403420.0,,,36.0,367.0,,,,,,,1.1,-0.153846,6203.0,0.25,1.53,6823.3,MWAV,10.0,2.0,9.0,1.0,6.0,1,10.0,1.0,1.0,1.0,10.0,10.0,2.0,,1.0,,10.0,10.0,1.0,1.0,2.0,3.0,1.0,1.0,9.0,5.0,,,,5.0,,,10.0,1.0,6.0,10.0,1.0,2.0,,,,,6.0,1.0,4.0,1.0,7.0,,,1.0,1.0,6,4.0,10,1
2006-04-13,77495,,11,3,3670.0,55403410,MWAV,M WAVE INC,MWAV,334412.0,Q,A,R,11447,3,3670.0,55403420.0,,,36.0,367.0,,,,,,,1.14,0.036364,6203.0,0.25,1.06,7071.42,MWAV,10.0,2.0,9.0,1.0,6.0,1,10.0,1.0,1.0,1.0,10.0,10.0,2.0,,1.0,,10.0,10.0,1.0,1.0,2.0,3.0,1.0,1.0,9.0,5.0,,,,5.0,,,10.0,1.0,6.0,10.0,1.0,2.0,,,,,6.0,1.0,4.0,1.0,7.0,,,1.0,1.0,6,4.0,10,1
2006-04-17,77495,,11,3,3670.0,55403410,MWAV,M WAVE INC,MWAV,334412.0,Q,A,R,11447,3,3670.0,55403420.0,,,36.0,367.0,,,,,,,1.095,-0.039474,6203.0,0.25,1.14,6792.285,MWAV,10.0,2.0,9.0,1.0,6.0,1,10.0,1.0,1.0,1.0,10.0,10.0,2.0,,1.0,,10.0,10.0,1.0,1.0,2.0,3.0,1.0,1.0,9.0,5.0,,,,5.0,,,10.0,1.0,6.0,10.0,1.0,2.0,,,,,6.0,1.0,4.0,1.0,7.0,,,1.0,1.0,6,4.0,10,1
2006-04-18,77495,,11,3,3670.0,55403410,MWAV,M WAVE INC,MWAV,334412.0,Q,A,R,11447,3,3670.0,55403420.0,,,36.0,367.0,,,,,,,1.1,0.004566,6203.0,0.25,1.2,6823.3,MWAV,10.0,2.0,9.0,1.0,6.0,1,10.0,1.0,1.0,1.0,10.0,10.0,2.0,,1.0,,10.0,10.0,1.0,1.0,2.0,3.0,1.0,1.0,9.0,5.0,,,,5.0,,,10.0,1.0,6.0,10.0,1.0,2.0,,,,,6.0,1.0,4.0,1.0,7.0,,,1.0,1.0,6,4.0,10,1
2006-04-19,77495,,11,3,3670.0,55403410,MWAV,M WAVE INC,MWAV,334412.0,Q,A,R,11447,3,3670.0,55403420.0,,,36.0,367.0,,,,,,,1.19,0.081818,6203.0,0.25,1.07,7381.57,MWAV,10.0,2.0,9.0,1.0,6.0,1,10.0,1.0,1.0,1.0,10.0,10.0,2.0,,1.0,,10.0,10.0,1.0,1.0,2.0,3.0,1.0,1.0,9.0,5.0,,,,5.0,,,10.0,1.0,6.0,10.0,1.0,2.0,,,,,6.0,1.0,4.0,1.0,7.0,,,1.0,1.0,6,4.0,10,1
2006-04-20,77495,,11,3,3670.0,55403410,MWAV,M WAVE INC,MWAV,334412.0,Q,A,R,11447,3,3670.0,55403420.0,,,36.0,367.0,,,,,,,1.52,0.277311,6203.0,0.25,1.2,9428.56,MWAV,10.0,2.0,9.0,1.0,6.0,1,10.0,1.0,1.0,1.0,10.0,10.0,2.0,,1.0,,10.0,10.0,1.0,1.0,2.0,3.0,1.0,1.0,9.0,5.0,,,,5.0,,,10.0,1.0,6.0,10.0,1.0,2.0,,,,,6.0,1.0,4.0,1.0,7.0,,,1.0,1.0,6,4.0,10,1
2006-04-21,77495,,11,3,3670.0,55403410,MWAV,M WAVE INC,MWAV,334412.0,Q,A,R,11447,3,3670.0,55403420.0,,,36.0,367.0,,,,,,,1.45,-0.046053,6203.0,0.25,1.5,8994.35,MWAV,10.0,2.0,9.0,1.0,6.0,1,10.0,1.0,1.0,1.0,10.0,10.0,2.0,,1.0,,10.0,10.0,1.0,1.0,2.0,3.0,1.0,1.0,9.0,5.0,,,,5.0,,,10.0,1.0,6.0,10.0,1.0,2.0,,,,,6.0,1.0,4.0,1.0,7.0,,,1.0,1.0,6,4.0,10,1
2006-04-24,77495,,11,3,3670.0,55403410,MWAV,M WAVE INC,MWAV,334412.0,Q,A,R,11447,3,3670.0,55403420.0,,,36.0,367.0,,,,,,,1.6,0.103448,6203.0,0.25,1.77,9924.8,MWAV,10.0,2.0,9.0,1.0,6.0,1,10.0,1.0,1.0,1.0,10.0,10.0,2.0,,1.0,,10.0,10.0,1.0,1.0,2.0,3.0,1.0,1.0,9.0,5.0,,,,5.0,,,10.0,1.0,6.0,10.0,1.0,2.0,,,,,6.0,1.0,4.0,1.0,7.0,,,1.0,1.0,6,4.0,10,1
2006-04-25,77495,,11,3,3670.0,55403410,MWAV,M WAVE INC,MWAV,334412.0,Q,A,R,11447,3,3670.0,55403420.0,,,36.0,367.0,,,,,,,1.44,-0.1,6203.0,0.25,1.7,8932.32,MWAV,10.0,2.0,9.0,1.0,6.0,1,10.0,1.0,1.0,1.0,10.0,10.0,2.0,,1.0,,10.0,10.0,1.0,1.0,2.0,3.0,1.0,1.0,9.0,5.0,,,,5.0,,,10.0,1.0,6.0,10.0,1.0,2.0,,,,,6.0,1.0,4.0,1.0,7.0,,,1.0,1.0,6,4.0,10,1
2006-04-26,77495,,11,3,3670.0,55403410,MWAV,M WAVE INC,MWAV,334412.0,Q,A,R,11447,3,3670.0,55403420.0,,,36.0,367.0,,,,,,,1.55,0.076389,6203.0,0.25,1.4,9614.65,MWAV,10.0,2.0,9.0,1.0,6.0,1,10.0,1.0,1.0,1.0,10.0,10.0,2.0,,1.0,,10.0,10.0,1.0,1.0,2.0,3.0,1.0,1.0,9.0,5.0,,,,5.0,,,10.0,1.0,6.0,10.0,1.0,2.0,,,,,6.0,1.0,4.0,1.0,7.0,,,1.0,1.0,6,4.0,10,1
2006-04-27,77495,,11,3,3670.0,55403410,MWAV,M WAVE INC,MWAV,334412.0,Q,A,R,11447,3,3670.0,55403420.0,,,36.0,367.0,,,,,,,1.4199,-0.083935,6203.0,0.25,1.6,8807.6397,MWAV,10.0,2.0,9.0,1.0,6.0,1,10.0,1.0,1.0,1.0,10.0,10.0,2.0,,1.0,,10.0,10.0,1.0,1.0,2.0,3.0,1.0,1.0,9.0,5.0,,,,5.0,,,10.0,1.0,6.0,10.0,1.0,2.0,,,,,6.0,1.0,4.0,1.0,7.0,,,1.0,1.0,6,4.0,10,1
2006-04-28,77495,,11,3,3670.0,55403410,MWAV,M WAVE INC,MWAV,334412.0,Q,A,R,11447,3,3670.0,55403420.0,,,36.0,367.0,,,,,,,1.3101,-0.077329,6203.0,0.25,1.4,8126.5503,MWAV,10.0,2.0,9.0,1.0,6.0,1,10.0,1.0,1.0,1.0,10.0,10.0,2.0,,1.0,,10.0,10.0,1.0,1.0,2.0,3.0,1.0,1.0,9.0,5.0,,,,5.0,,,10.0,1.0,6.0,10.0,1.0,2.0,,,,,6.0,1.0,4.0,1.0,7.0,,,1.0,1.0,6,4.0,10,1
2006-05-01,77495,,11,3,3670.0,55403410,MWAV,M WAVE INC,MWAV,334412.0,Q,A,R,11447,3,3670.0,55403420.0,,,36.0,367.0,,,,,,,1.24,-0.053507,6203.0,0.25,1.29,7691.72,MWAV,10.0,2.0,9.0,1.0,6.0,1,10.0,1.0,1.0,1.0,10.0,10.0,2.0,,1.0,,10.0,10.0,1.0,1.0,2.0,3.0,1.0,1.0,9.0,5.0,,,,7.0,,,8.0,1.0,8.0,10.0,1.0,2.0,,,1.0,1.0,1.0,1.0,8.0,1.0,1.0,,,3.0,1.0,6,1.0,10,1
2006-05-02,77495,,11,3,3670.0,55403410,MWAV,M WAVE INC,MWAV,334412.0,Q,A,R,11447,3,3670.0,55403420.0,,,36.0,367.0,,,,,,,1.36,0.096774,6203.0,0.25,1.22,8436.08,MWAV,10.0,2.0,9.0,1.0,6.0,1,10.0,1.0,1.0,1.0,10.0,10.0,2.0,,1.0,,10.0,10.0,1.0,1.0,2.0,3.0,1.0,1.0,9.0,5.0,,,,7.0,,,8.0,1.0,8.0,10.0,1.0,2.0,,,1.0,1.0,1.0,1.0,8.0,1.0,1.0,,,3.0,1.0,6,1.0,10,1
2006-05-03,77495,,11,3,3670.0,55403410,MWAV,M WAVE INC,MWAV,334412.0,Q,A,R,11447,3,3670.0,55403420.0,,,36.0,367.0,,,,,,,1.3,-0.044118,6203.0,0.25,1.3,8063.9,MWAV,10.0,2.0,9.0,1.0,6.0,1,10.0,1.0,1.0,1.0,10.0,10.0,2.0,,1.0,,10.0,10.0,1.0,1.0,2.0,3.0,1.0,1.0,9.0,5.0,,,,7.0,,,8.0,1.0,8.0,10.0,1.0,2.0,,,1.0,1.0,1.0,1.0,8.0,1.0,1.0,,,3.0,1.0,6,1.0,10,1
2006-05-04,77495,,11,3,3670.0,55403410,MWAV,M WAVE INC,MWAV,334412.0,Q,A,R,11447,3,3670.0,55403420.0,,,36.0,367.0,,,,,,,1.25,-0.038462,6203.0,0.25,1.2,7753.75,MWAV,10.0,2.0,9.0,1.0,6.0,1,10.0,1.0,1.0,1.0,10.0,10.0,2.0,,1.0,,10.0,10.0,1.0,1.0,2.0,3.0,1.0,1.0,9.0,5.0,,,,7.0,,,8.0,1.0,8.0,10.0,1.0,2.0,,,1.0,1.0,1.0,1.0,8.0,1.0,1.0,,,3.0,1.0,6,1.0,10,1
2006-05-05,77495,,11,3,3670.0,55403410,MWAV,M WAVE INC,MWAV,334412.0,Q,A,R,11447,3,3670.0,55403420.0,,,36.0,367.0,,,,,,,1.26,0.008,6203.0,0.25,1.3,7815.78,MWAV,10.0,2.0,9.0,1.0,6.0,1,10.0,1.0,1.0,1.0,10.0,10.0,2.0,,1.0,,10.0,10.0,1.0,1.0,2.0,3.0,1.0,1.0,9.0,5.0,,,,7.0,,,8.0,1.0,8.0,10.0,1.0,2.0,,,1.0,1.0,1.0,1.0,8.0,1.0,1.0,,,3.0,1.0,6,1.0,10,1
2006-05-08,77495,,11,3,3670.0,55403410,MWAV,M WAVE INC,MWAV,334412.0,Q,A,R,11447,3,3670.0,55403420.0,,,36.0,367.0,,,,,,,1.29,0.02381,6203.0,0.25,1.27,8001.87,MWAV,10.0,2.0,9.0,1.0,6.0,1,10.0,1.0,1.0,1.0,10.0,10.0,2.0,,1.0,,10.0,10.0,1.0,1.0,2.0,3.0,1.0,1.0,9.0,5.0,,,,7.0,,,8.0,1.0,8.0,10.0,1.0,2.0,,,1.0,1.0,1.0,1.0,8.0,1.0,1.0,,,3.0,1.0,6,1.0,10,1
2006-05-09,77495,,11,3,3670.0,55403410,MWAV,M WAVE INC,MWAV,334412.0,Q,A,R,11447,3,3670.0,55403420.0,,,36.0,367.0,,,,,,,1.23,-0.046512,6203.0,0.25,1.27,7629.69,MWAV,10.0,2.0,9.0,1.0,6.0,1,10.0,1.0,1.0,1.0,10.0,10.0,2.0,,1.0,,10.0,10.0,1.0,1.0,2.0,3.0,1.0,1.0,9.0,5.0,,,,7.0,,,8.0,1.0,8.0,10.0,1.0,2.0,,,1.0,1.0,1.0,1.0,8.0,1.0,1.0,,,3.0,1.0,6,1.0,10,1
2006-05-10,77495,,11,3,3670.0,55403410,MWAV,M WAVE INC,MWAV,334412.0,Q,A,R,11447,3,3670.0,55403420.0,,,36.0,367.0,,,,,,,1.16,-0.056911,6203.0,0.25,1.27,7195.48,MWAV,10.0,2.0,9.0,1.0,6.0,1,10.0,1.0,1.0,1.0,10.0,10.0,2.0,,1.0,,10.0,10.0,1.0,1.0,2.0,3.0,1.0,1.0,9.0,5.0,,,,7.0,,,8.0,1.0,8.0,10.0,1.0,2.0,,,1.0,1.0,1.0,1.0,8.0,1.0,1.0,,,3.0,1.0,6,1.0,10,1
2006-05-11,77495,,11,3,3670.0,55403410,MWAV,M WAVE INC,MWAV,334412.0,Q,A,R,11447,3,3670.0,55403420.0,,,36.0,367.0,,,,,,,1.2,0.034483,6203.0,0.25,1.1,7443.6,MWAV,10.0,2.0,9.0,1.0,6.0,1,10.0,1.0,1.0,1.0,10.0,10.0,2.0,,1.0,,10.0,10.0,1.0,1.0,2.0,3.0,1.0,1.0,9.0,5.0,,,,7.0,,,8.0,1.0,8.0,10.0,1.0,2.0,,,1.0,1.0,1.0,1.0,8.0,1.0,1.0,,,3.0,1.0,6,1.0,10,1
2006-05-12,77495,,11,3,3670.0,55403410,MWAV,M WAVE INC,MWAV,334412.0,Q,A,R,11447,3,3670.0,55403420.0,,,36.0,367.0,,,,,,,1.11,-0.075,6203.0,0.25,1.11,6885.33,MWAV,10.0,2.0,9.0,1.0,6.0,1,10.0,1.0,1.0,1.0,10.0,10.0,2.0,,1.0,,10.0,10.0,1.0,1.0,2.0,3.0,1.0,1.0,9.0,5.0,,,,7.0,,,8.0,1.0,8.0,10.0,1.0,2.0,,,1.0,1.0,1.0,1.0,8.0,1.0,1.0,,,3.0,1.0,6,1.0,10,1
2006-05-15,77495,,11,3,3670.0,55403410,MWAV,M WAVE INC,MWAV,334412.0,Q,A,R,11447,3,3670.0,55403420.0,,,36.0,367.0,,,,,,,1.11,0.0,6203.0,0.25,1.02,6885.33,MWAV,10.0,2.0,9.0,1.0,6.0,1,10.0,1.0,1.0,1.0,10.0,10.0,2.0,,1.0,,10.0,10.0,1.0,1.0,2.0,3.0,1.0,1.0,9.0,5.0,,,,7.0,,,8.0,1.0,8.0,10.0,1.0,2.0,,,1.0,1.0,1.0,1.0,8.0,1.0,1.0,,,3.0,1.0,6,1.0,10,1
2006-05-16,77495,,11,3,3670.0,55403410,MWAV,M WAVE INC,MWAV,334412.0,Q,A,R,11447,3,3670.0,55403420.0,,,36.0,367.0,,,,,,,0.9,-0.189189,6203.0,0.25,1.05,5582.7,MWAV,10.0,2.0,9.0,1.0,6.0,1,10.0,1.0,1.0,1.0,10.0,10.0,2.0,,1.0,,10.0,10.0,1.0,1.0,2.0,3.0,1.0,1.0,9.0,5.0,,,,7.0,,,8.0,1.0,8.0,10.0,1.0,2.0,,,1.0,1.0,1.0,1.0,8.0,1.0,1.0,,,3.0,1.0,6,1.0,10,1
2006-05-17,77495,,11,3,3670.0,55403410,MWAV,M WAVE INC,MWAV,334412.0,Q,A,R,11447,3,3670.0,55403420.0,,,36.0,367.0,,,,,,,0.8,-0.111111,6203.0,0.25,0.8,4962.4,MWAV,10.0,2.0,9.0,1.0,6.0,1,10.0,1.0,1.0,1.0,10.0,10.0,2.0,,1.0,,10.0,10.0,1.0,1.0,2.0,3.0,1.0,1.0,9.0,5.0,,,,7.0,,,8.0,1.0,8.0,10.0,1.0,2.0,,,1.0,1.0,1.0,1.0,8.0,1.0,1.0,,,3.0,1.0,6,1.0,10,1
2006-05-18,77495,,11,3,3670.0,55403410,MWAV,M WAVE INC,MWAV,334412.0,Q,A,R,11447,3,3670.0,55403420.0,,,36.0,367.0,,,,,,,0.7799,-0.025125,6203.0,0.25,0.8,4837.7197,MWAV,10.0,2.0,9.0,1.0,6.0,1,10.0,1.0,1.0,1.0,10.0,10.0,2.0,,1.0,,10.0,10.0,1.0,1.0,2.0,3.0,1.0,1.0,9.0,5.0,,,,7.0,,,8.0,1.0,8.0,10.0,1.0,2.0,,,1.0,1.0,1.0,1.0,8.0,1.0,1.0,,,3.0,1.0,6,1.0,10,1
2006-05-19,77495,,11,3,3670.0,55403410,MWAV,M WAVE INC,MWAV,334412.0,Q,A,R,11447,3,3670.0,55403420.0,,,36.0,367.0,,,,,,,0.75,-0.038338,6203.0,0.25,0.7722,4652.25,MWAV,10.0,2.0,9.0,1.0,6.0,1,10.0,1.0,1.0,1.0,10.0,10.0,2.0,,1.0,,10.0,10.0,1.0,1.0,2.0,3.0,1.0,1.0,9.0,5.0,,,,7.0,,,8.0,1.0,8.0,10.0,1.0,2.0,,,1.0,1.0,1.0,1.0,8.0,1.0,1.0,,,3.0,1.0,6,1.0,10,1
2006-05-22,77495,,11,3,3670.0,55403410,MWAV,M WAVE INC,MWAV,334412.0,Q,A,R,11447,3,3670.0,55403420.0,,,36.0,367.0,,,,,,,0.66,-0.12,6203.0,0.25,0.7,4093.98,MWAV,10.0,2.0,9.0,1.0,6.0,1,10.0,1.0,1.0,1.0,10.0,10.0,2.0,,1.0,,10.0,10.0,1.0,1.0,2.0,3.0,1.0,1.0,9.0,5.0,,,,7.0,,,8.0,1.0,8.0,10.0,1.0,2.0,,,1.0,1.0,1.0,1.0,8.0,1.0,1.0,,,3.0,1.0,6,1.0,10,1
2006-05-23,77495,,11,3,3670.0,55403410,MWAV,M WAVE INC,MWAV,334412.0,Q,A,R,11447,3,3670.0,55403420.0,,,36.0,367.0,,,,,,,0.78,0.181818,6203.0,0.25,0.67,4838.34,MWAV,10.0,2.0,9.0,1.0,6.0,1,10.0,1.0,1.0,1.0,10.0,10.0,2.0,,1.0,,10.0,10.0,1.0,1.0,2.0,3.0,1.0,1.0,9.0,5.0,,,,7.0,,,8.0,1.0,8.0,10.0,1.0,2.0,,,1.0,1.0,1.0,1.0,8.0,1.0,1.0,,,3.0,1.0,6,1.0,10,1
2006-05-24,77495,,11,3,3670.0,55403410,MWAV,M WAVE INC,MWAV,334412.0,Q,A,R,11447,3,3670.0,55403420.0,,,36.0,367.0,,,,,,,0.7001,-0.102436,6203.0,0.25,0.85,4342.7203,MWAV,10.0,2.0,9.0,1.0,6.0,1,10.0,1.0,1.0,1.0,10.0,10.0,2.0,,1.0,,10.0,10.0,1.0,1.0,2.0,3.0,1.0,1.0,9.0,5.0,,,,7.0,,,8.0,1.0,8.0,10.0,1.0,2.0,,,1.0,1.0,1.0,1.0,8.0,1.0,1.0,,,3.0,1.0,6,1.0,10,1
2006-05-25,77495,,11,3,3670.0,55403410,MWAV,M WAVE INC,MWAV,334412.0,Q,A,R,11447,3,3670.0,55403420.0,,,36.0,367.0,,,,,,,0.77,0.099843,6203.0,0.25,0.71,4776.31,MWAV,10.0,2.0,9.0,1.0,6.0,1,10.0,1.0,1.0,1.0,10.0,10.0,2.0,,1.0,,10.0,10.0,1.0,1.0,2.0,3.0,1.0,1.0,9.0,5.0,,,,7.0,,,8.0,1.0,8.0,10.0,1.0,2.0,,,1.0,1.0,1.0,1.0,8.0,1.0,1.0,,,3.0,1.0,6,1.0,10,1
2006-05-26,77495,,11,3,3670.0,55403410,MWAV,M WAVE INC,MWAV,334412.0,Q,A,R,11447,3,3670.0,55403420.0,,,36.0,367.0,,,,,,,0.7999,0.038831,6203.0,0.25,0.73,4961.7797,MWAV,10.0,2.0,9.0,1.0,6.0,1,10.0,1.0,1.0,1.0,10.0,10.0,2.0,,1.0,,10.0,10.0,1.0,1.0,2.0,3.0,1.0,1.0,9.0,5.0,,,,7.0,,,8.0,1.0,8.0,10.0,1.0,2.0,,,1.0,1.0,1.0,1.0,8.0,1.0,1.0,,,3.0,1.0,6,1.0,10,1
2006-05-30,77495,,11,3,3670.0,55403410,MWAV,M WAVE INC,MWAV,334412.0,Q,A,R,11447,3,3670.0,55403420.0,,,36.0,367.0,,,,,,,-0.765,-0.04363,6203.0,0.25,,-4745.295,MWAV,10.0,2.0,9.0,1.0,6.0,1,10.0,1.0,1.0,1.0,10.0,10.0,2.0,,1.0,,10.0,10.0,1.0,1.0,2.0,3.0,1.0,1.0,9.0,5.0,,,,7.0,,,8.0,1.0,8.0,10.0,1.0,2.0,,,1.0,1.0,1.0,1.0,8.0,1.0,1.0,,,3.0,1.0,6,1.0,10,1
2006-05-31,77495,,11,3,3670.0,55403410,MWAV,M WAVE INC,MWAV,334412.0,Q,A,R,11447,3,3670.0,55403420.0,,,36.0,367.0,,,,,,,0.7601,-0.006405,6203.0,0.25,0.76,4714.9003,MWAV,10.0,2.0,9.0,1.0,6.0,1,10.0,1.0,1.0,1.0,10.0,10.0,2.0,,1.0,,10.0,10.0,1.0,1.0,2.0,3.0,1.0,1.0,9.0,5.0,,,,7.0,,,8.0,1.0,8.0,10.0,1.0,2.0,,,1.0,1.0,1.0,1.0,8.0,1.0,1.0,,,3.0,1.0,6,1.0,10,1
2006-06-01,77495,,11,3,3670.0,55403410,MWAV,M WAVE INC,MWAV,334412.0,Q,A,R,11447,3,3670.0,55403420.0,,,36.0,367.0,,,,,,,0.69,-0.092225,6203.0,0.25,0.76,4280.07,MWAV,10.0,2.0,9.0,1.0,6.0,1,10.0,1.0,1.0,1.0,10.0,10.0,2.0,,1.0,,10.0,10.0,1.0,1.0,2.0,3.0,1.0,1.0,9.0,5.0,,,,2.0,,,9.0,7.0,10.0,10.0,5.0,2.0,,1.0,1.0,,10.0,1.0,8.0,10.0,10.0,,,2.0,1.0,6,2.0,10,1
2006-06-02,77495,,11,3,3670.0,55403410,MWAV,M WAVE INC,MWAV,334412.0,Q,A,R,11447,3,3670.0,55403420.0,,,36.0,367.0,,,,,,,0.71,0.028985,6203.0,0.25,0.75,4404.13,MWAV,10.0,2.0,9.0,1.0,6.0,1,10.0,1.0,1.0,1.0,10.0,10.0,2.0,,1.0,,10.0,10.0,1.0,1.0,2.0,3.0,1.0,1.0,9.0,5.0,,,,2.0,,,9.0,7.0,10.0,10.0,5.0,2.0,,1.0,1.0,,10.0,1.0,8.0,10.0,10.0,,,2.0,1.0,6,2.0,10,1
2006-06-05,77495,,11,3,3670.0,55403410,MWAV,M WAVE INC,MWAV,334412.0,Q,A,R,11447,3,3670.0,55403420.0,,,36.0,367.0,,,,,,,0.68,-0.042253,6203.0,0.25,0.7,4218.04,MWAV,10.0,2.0,9.0,1.0,6.0,1,10.0,1.0,1.0,1.0,10.0,10.0,2.0,,1.0,,10.0,10.0,1.0,1.0,2.0,3.0,1.0,1.0,9.0,5.0,,,,2.0,,,9.0,7.0,10.0,10.0,5.0,2.0,,1.0,1.0,,10.0,1.0,8.0,10.0,10.0,,,2.0,1.0,6,2.0,10,1
2006-06-06,77495,,11,3,3670.0,55403410,MWAV,M WAVE INC,MWAV,334412.0,Q,A,R,11447,3,3670.0,55403420.0,,,36.0,367.0,,,,,,,0.69,0.014706,6203.0,0.25,0.67,4280.07,MWAV,10.0,2.0,9.0,1.0,6.0,1,10.0,1.0,1.0,1.0,10.0,10.0,2.0,,1.0,,10.0,10.0,1.0,1.0,2.0,3.0,1.0,1.0,9.0,5.0,,,,2.0,,,9.0,7.0,10.0,10.0,5.0,2.0,,1.0,1.0,,10.0,1.0,8.0,10.0,10.0,,,2.0,1.0,6,2.0,10,1
2006-06-07,77495,,11,3,3670.0,55403410,MWAV,M WAVE INC,MWAV,334412.0,Q,A,R,11447,3,3670.0,55403420.0,,,36.0,367.0,,,,,,,0.68,-0.014493,6203.0,0.25,0.68,4218.04,MWAV,10.0,2.0,9.0,1.0,6.0,1,10.0,1.0,1.0,1.0,10.0,10.0,2.0,,1.0,,10.0,10.0,1.0,1.0,2.0,3.0,1.0,1.0,9.0,5.0,,,,2.0,,,9.0,7.0,10.0,10.0,5.0,2.0,,1.0,1.0,,10.0,1.0,8.0,10.0,10.0,,,2.0,1.0,6,2.0,10,1
2006-06-08,77495,,11,3,3670.0,55403410,MWAV,M WAVE INC,MWAV,334412.0,Q,A,R,11447,3,3670.0,55403420.0,,,36.0,367.0,,,,,,,0.63,-0.073529,6203.0,0.25,0.65,3907.89,MWAV,10.0,2.0,9.0,1.0,6.0,1,10.0,1.0,1.0,1.0,10.0,10.0,2.0,,1.0,,10.0,10.0,1.0,1.0,2.0,3.0,1.0,1.0,9.0,5.0,,,,2.0,,,9.0,7.0,10.0,10.0,5.0,2.0,,1.0,1.0,,10.0,1.0,8.0,10.0,10.0,,,2.0,1.0,6,2.0,10,1
2006-06-09,77495,,11,3,3670.0,55403410,MWAV,M WAVE INC,MWAV,334412.0,Q,A,R,11447,3,3670.0,55403420.0,,,36.0,367.0,,,,,,,0.63,0.0,6203.0,0.25,0.63,3907.89,MWAV,10.0,2.0,9.0,1.0,6.0,1,10.0,1.0,1.0,1.0,10.0,10.0,2.0,,1.0,,10.0,10.0,1.0,1.0,2.0,3.0,1.0,1.0,9.0,5.0,,,,2.0,,,9.0,7.0,10.0,10.0,5.0,2.0,,1.0,1.0,,10.0,1.0,8.0,10.0,10.0,,,2.0,1.0,6,2.0,10,1
2006-06-12,77495,,11,3,3670.0,55403410,MWAV,M WAVE INC,MWAV,334412.0,Q,A,R,11447,3,3670.0,55403420.0,,,36.0,367.0,,,,,,,0.628,-0.003175,6203.0,0.25,0.63,3895.484,MWAV,10.0,2.0,9.0,1.0,6.0,1,10.0,1.0,1.0,1.0,10.0,10.0,2.0,,1.0,,10.0,10.0,1.0,1.0,2.0,3.0,1.0,1.0,9.0,5.0,,,,2.0,,,9.0,7.0,10.0,10.0,5.0,2.0,,1.0,1.0,,10.0,1.0,8.0,10.0,10.0,,,2.0,1.0,6,2.0,10,1
2006-06-13,77495,,11,3,3670.0,55403410,MWAV,M WAVE INC,MWAV,334412.0,Q,A,R,11447,3,3670.0,55403420.0,,,36.0,367.0,,,,,,,0.67,0.066879,6203.0,0.25,0.63,4156.01,MWAV,10.0,2.0,9.0,1.0,6.0,1,10.0,1.0,1.0,1.0,10.0,10.0,2.0,,1.0,,10.0,10.0,1.0,1.0,2.0,3.0,1.0,1.0,9.0,5.0,,,,2.0,,,9.0,7.0,10.0,10.0,5.0,2.0,,1.0,1.0,,10.0,1.0,8.0,10.0,10.0,,,2.0,1.0,6,2.0,10,1
2006-06-14,77495,,11,3,3670.0,55403410,MWAV,M WAVE INC,MWAV,334412.0,Q,A,R,11447,3,3670.0,55403420.0,,,36.0,367.0,,,,,,,0.66,-0.014925,6203.0,0.25,0.68,4093.98,MWAV,10.0,2.0,9.0,1.0,6.0,1,10.0,1.0,1.0,1.0,10.0,10.0,2.0,,1.0,,10.0,10.0,1.0,1.0,2.0,3.0,1.0,1.0,9.0,5.0,,,,2.0,,,9.0,7.0,10.0,10.0,5.0,2.0,,1.0,1.0,,10.0,1.0,8.0,10.0,10.0,,,2.0,1.0,6,2.0,10,1
2006-06-15,77495,,11,3,3670.0,55403410,MWAV,M WAVE INC,MWAV,334412.0,Q,A,R,11447,3,3670.0,55403420.0,,,36.0,367.0,,,,,,,0.69,0.045455,6203.0,0.25,0.73,4280.07,MWAV,10.0,2.0,9.0,1.0,6.0,1,10.0,1.0,1.0,1.0,10.0,10.0,2.0,,1.0,,10.0,10.0,1.0,1.0,2.0,3.0,1.0,1.0,9.0,5.0,,,,2.0,,,9.0,7.0,10.0,10.0,5.0,2.0,,1.0,1.0,,10.0,1.0,8.0,10.0,10.0,,,2.0,1.0,6,2.0,10,1
2006-06-16,77495,,11,3,3670.0,55403410,MWAV,M WAVE INC,MWAV,334412.0,Q,A,R,11447,3,3670.0,55403420.0,,,36.0,367.0,,,,,,,0.84,0.217391,6203.0,0.25,0.7,5210.52,MWAV,10.0,2.0,9.0,1.0,6.0,1,10.0,1.0,1.0,1.0,10.0,10.0,2.0,,1.0,,10.0,10.0,1.0,1.0,2.0,3.0,1.0,1.0,9.0,5.0,,,,2.0,,,9.0,7.0,10.0,10.0,5.0,2.0,,1.0,1.0,,10.0,1.0,8.0,10.0,10.0,,,2.0,1.0,6,2.0,10,1
2006-06-19,77495,,11,3,3670.0,55403410,MWAV,M WAVE INC,MWAV,334412.0,Q,A,R,11447,3,3670.0,55403420.0,,,36.0,367.0,,,,,,,0.8601,0.023929,6203.0,0.25,1.0,5335.2003,MWAV,10.0,2.0,9.0,1.0,6.0,1,10.0,1.0,1.0,1.0,10.0,10.0,2.0,,1.0,,10.0,10.0,1.0,1.0,2.0,3.0,1.0,1.0,9.0,5.0,,,,2.0,,,9.0,7.0,10.0,10.0,5.0,2.0,,1.0,1.0,,10.0,1.0,8.0,10.0,10.0,,,2.0,1.0,6,2.0,10,1
2006-06-20,77495,,11,3,3670.0,55403410,MWAV,M WAVE INC,MWAV,334412.0,Q,A,R,11447,3,3670.0,55403420.0,,,36.0,367.0,,,,,,,0.84,-0.023369,6203.0,0.25,0.91,5210.52,MWAV,10.0,2.0,9.0,1.0,6.0,1,10.0,1.0,1.0,1.0,10.0,10.0,2.0,,1.0,,10.0,10.0,1.0,1.0,2.0,3.0,1.0,1.0,9.0,5.0,,,,2.0,,,9.0,7.0,10.0,10.0,5.0,2.0,,1.0,1.0,,10.0,1.0,8.0,10.0,10.0,,,2.0,1.0,6,2.0,10,1
2006-06-21,77495,,11,3,3670.0,55403410,MWAV,M WAVE INC,MWAV,334412.0,Q,A,R,11447,3,3670.0,55403420.0,,,36.0,367.0,,,,,,,0.8399,-0.000119,6203.0,0.25,0.8599,5209.8997,MWAV,10.0,2.0,9.0,1.0,6.0,1,10.0,1.0,1.0,1.0,10.0,10.0,2.0,,1.0,,10.0,10.0,1.0,1.0,2.0,3.0,1.0,1.0,9.0,5.0,,,,2.0,,,9.0,7.0,10.0,10.0,5.0,2.0,,1.0,1.0,,10.0,1.0,8.0,10.0,10.0,,,2.0,1.0,6,2.0,10,1
2006-06-22,77495,,11,3,3670.0,55403410,MWAV,M WAVE INC,MWAV,334412.0,Q,A,R,11447,3,3670.0,55403420.0,,,36.0,367.0,,,,,,,0.88,0.047744,6203.0,0.25,0.8604,5458.64,MWAV,10.0,2.0,9.0,1.0,6.0,1,10.0,1.0,1.0,1.0,10.0,10.0,2.0,,1.0,,10.0,10.0,1.0,1.0,2.0,3.0,1.0,1.0,9.0,5.0,,,,2.0,,,9.0,7.0,10.0,10.0,5.0,2.0,,1.0,1.0,,10.0,1.0,8.0,10.0,10.0,,,2.0,1.0,6,2.0,10,1
2006-06-23,77495,,11,3,3670.0,55403410,MWAV,M WAVE INC,MWAV,334412.0,Q,A,R,11447,3,3670.0,55403420.0,,,36.0,367.0,,,,,,,0.92,0.045455,6203.0,0.25,0.851,5706.76,MWAV,10.0,2.0,9.0,1.0,6.0,1,10.0,1.0,1.0,1.0,10.0,10.0,2.0,,1.0,,10.0,10.0,1.0,1.0,2.0,3.0,1.0,1.0,9.0,5.0,,,,2.0,,,9.0,7.0,10.0,10.0,5.0,2.0,,1.0,1.0,,10.0,1.0,8.0,10.0,10.0,,,2.0,1.0,6,2.0,10,1
2006-06-26,77495,,11,3,3670.0,55403410,MWAV,M WAVE INC,MWAV,334412.0,Q,A,R,11447,3,3670.0,55403420.0,,,36.0,367.0,,,,,,,1.03,0.119565,6203.0,0.25,0.92,6389.09,MWAV,10.0,2.0,9.0,1.0,6.0,1,10.0,1.0,1.0,1.0,10.0,10.0,2.0,,1.0,,10.0,10.0,1.0,1.0,2.0,3.0,1.0,1.0,9.0,5.0,,,,2.0,,,9.0,7.0,10.0,10.0,5.0,2.0,,1.0,1.0,,10.0,1.0,8.0,10.0,10.0,,,2.0,1.0,6,2.0,10,1
2006-06-27,77495,,11,3,3670.0,55403410,MWAV,M WAVE INC,MWAV,334412.0,Q,A,R,11447,3,3670.0,55403420.0,,,36.0,367.0,,,,,,,0.92,-0.106796,6203.0,0.25,0.94,5706.76,MWAV,10.0,2.0,9.0,1.0,6.0,1,10.0,1.0,1.0,1.0,10.0,10.0,2.0,,1.0,,10.0,10.0,1.0,1.0,2.0,3.0,1.0,1.0,9.0,5.0,,,,2.0,,,9.0,7.0,10.0,10.0,5.0,2.0,,1.0,1.0,,10.0,1.0,8.0,10.0,10.0,,,2.0,1.0,6,2.0,10,1
2006-06-28,77495,,11,3,3670.0,55403410,MWAV,M WAVE INC,MWAV,334412.0,Q,A,R,11447,3,3670.0,55403420.0,,,36.0,367.0,,,,,,,0.93,0.01087,6203.0,0.25,0.87,5768.79,MWAV,10.0,2.0,9.0,1.0,6.0,1,10.0,1.0,1.0,1.0,10.0,10.0,2.0,,1.0,,10.0,10.0,1.0,1.0,2.0,3.0,1.0,1.0,9.0,5.0,,,,2.0,,,9.0,7.0,10.0,10.0,5.0,2.0,,1.0,1.0,,10.0,1.0,8.0,10.0,10.0,,,2.0,1.0,6,2.0,10,1
2006-06-29,77495,,11,3,3670.0,55403410,MWAV,M WAVE INC,MWAV,334412.0,Q,A,R,11447,3,3670.0,55403420.0,,,36.0,367.0,,,,,,,0.94,0.010753,6203.0,0.25,0.93,5830.82,MWAV,10.0,2.0,9.0,1.0,6.0,1,10.0,1.0,1.0,1.0,10.0,10.0,2.0,,1.0,,10.0,10.0,1.0,1.0,2.0,3.0,1.0,1.0,9.0,5.0,,,,2.0,,,9.0,7.0,10.0,10.0,5.0,2.0,,1.0,1.0,,10.0,1.0,8.0,10.0,10.0,,,2.0,1.0,6,2.0,10,1
2006-06-30,77495,20061217.0,11,3,3670.0,55403410,MWAV,M WAVE INC,MWAV,334220.0,Q,A,R,11447,3,3670.0,55403420.0,,,36.0,367.0,,,,,,,0.9299,-0.010745,6203.0,0.25,0.889,5768.1697,MWAV,10.0,2.0,9.0,1.0,6.0,1,10.0,1.0,1.0,1.0,10.0,10.0,2.0,,1.0,,10.0,10.0,1.0,1.0,2.0,3.0,1.0,1.0,9.0,5.0,,,,2.0,,,9.0,7.0,10.0,10.0,5.0,2.0,,1.0,1.0,,10.0,1.0,8.0,10.0,10.0,,,2.0,1.0,6,2.0,10,1
2006-07-03,77495,,11,3,3670.0,55403410,MWAV,M WAVE INC,MWAV,334220.0,Q,A,R,11447,3,3670.0,55403420.0,,,36.0,367.0,,,,,,,0.89,-0.042908,6203.0,0.25,0.89,5520.67,MWAV,10.0,,10.0,,,1,1.0,1.0,2.0,10.0,10.0,10.0,3.0,,1.0,,10.0,1.0,1.0,7.0,10.0,6.0,1.0,,10.0,10.0,,,,2.0,,,9.0,1.0,10.0,10.0,,2.0,,,1.0,,1.0,1.0,8.0,1.0,1.0,,,2.0,1.0,6,2.0,10,1
2006-07-05,77495,,11,3,3670.0,55403410,MWAV,M WAVE INC,MWAV,334220.0,Q,A,R,11447,3,3670.0,55403420.0,,,36.0,367.0,,,,,,,0.8699,-0.022584,6203.0,0.25,0.89,5395.9897,MWAV,10.0,,10.0,,,1,1.0,1.0,2.0,10.0,10.0,10.0,3.0,,1.0,,10.0,1.0,1.0,7.0,10.0,6.0,1.0,,10.0,10.0,,,,2.0,,,9.0,1.0,10.0,10.0,,2.0,,,1.0,,1.0,1.0,8.0,1.0,1.0,,,2.0,1.0,6,2.0,10,1
2006-07-06,77495,,11,3,3670.0,55403410,MWAV,M WAVE INC,MWAV,334220.0,Q,A,R,11447,3,3670.0,55403420.0,,,36.0,367.0,,,,,,,0.93,0.069088,6203.0,0.25,0.74,5768.79,MWAV,10.0,,10.0,,,1,1.0,1.0,2.0,10.0,10.0,10.0,3.0,,1.0,,10.0,1.0,1.0,7.0,10.0,6.0,1.0,,10.0,10.0,,,,2.0,,,9.0,1.0,10.0,10.0,,2.0,,,1.0,,1.0,1.0,8.0,1.0,1.0,,,2.0,1.0,6,2.0,10,1
2006-07-07,77495,,11,3,3670.0,55403410,MWAV,M WAVE INC,MWAV,334220.0,Q,A,R,11447,3,3670.0,55403420.0,,,36.0,367.0,,,,,,,0.91,-0.021505,6203.0,0.25,0.9,5644.73,MWAV,10.0,,10.0,,,1,1.0,1.0,2.0,10.0,10.0,10.0,3.0,,1.0,,10.0,1.0,1.0,7.0,10.0,6.0,1.0,,10.0,10.0,,,,2.0,,,9.0,1.0,10.0,10.0,,2.0,,,1.0,,1.0,1.0,8.0,1.0,1.0,,,2.0,1.0,6,2.0,10,1
2006-07-10,77495,,11,3,3670.0,55403410,MWAV,M WAVE INC,MWAV,334220.0,Q,A,R,11447,3,3670.0,55403420.0,,,36.0,367.0,,,,,,,0.89,-0.021978,6203.0,0.25,0.8804,5520.67,MWAV,10.0,,10.0,,,1,1.0,1.0,2.0,10.0,10.0,10.0,3.0,,1.0,,10.0,1.0,1.0,7.0,10.0,6.0,1.0,,10.0,10.0,,,,2.0,,,9.0,1.0,10.0,10.0,,2.0,,,1.0,,1.0,1.0,8.0,1.0,1.0,,,2.0,1.0,6,2.0,10,1
2006-07-11,77495,,11,3,3670.0,55403410,MWAV,M WAVE INC,MWAV,334220.0,Q,A,R,11447,3,3670.0,55403420.0,,,36.0,367.0,,,,,,,0.87,-0.022472,6203.0,0.25,0.85,5396.61,MWAV,10.0,,10.0,,,1,1.0,1.0,2.0,10.0,10.0,10.0,3.0,,1.0,,10.0,1.0,1.0,7.0,10.0,6.0,1.0,,10.0,10.0,,,,2.0,,,9.0,1.0,10.0,10.0,,2.0,,,1.0,,1.0,1.0,8.0,1.0,1.0,,,2.0,1.0,6,2.0,10,1
2006-07-12,77495,,11,3,3670.0,55403410,MWAV,M WAVE INC,MWAV,334220.0,Q,A,R,11447,3,3670.0,55403420.0,,,36.0,367.0,,,,,,,0.87,0.0,6203.0,0.25,0.9799,5396.61,MWAV,10.0,,10.0,,,1,1.0,1.0,2.0,10.0,10.0,10.0,3.0,,1.0,,10.0,1.0,1.0,7.0,10.0,6.0,1.0,,10.0,10.0,,,,2.0,,,9.0,1.0,10.0,10.0,,2.0,,,1.0,,1.0,1.0,8.0,1.0,1.0,,,2.0,1.0,6,2.0,10,1
2006-07-13,77495,,11,3,3670.0,55403410,MWAV,M WAVE INC,MWAV,334220.0,Q,A,R,11447,3,3670.0,55403420.0,,,36.0,367.0,,,,,,,0.8699,-0.000115,6203.0,0.25,0.87,5395.9897,MWAV,10.0,,10.0,,,1,1.0,1.0,2.0,10.0,10.0,10.0,3.0,,1.0,,10.0,1.0,1.0,7.0,10.0,6.0,1.0,,10.0,10.0,,,,2.0,,,9.0,1.0,10.0,10.0,,2.0,,,1.0,,1.0,1.0,8.0,1.0,1.0,,,2.0,1.0,6,2.0,10,1
2006-07-14,77495,,11,3,3670.0,55403410,MWAV,M WAVE INC,MWAV,334220.0,Q,A,R,11447,3,3670.0,55403420.0,,,36.0,367.0,,,,,,,-0.85,-0.022876,6203.0,0.25,,-5272.55,MWAV,10.0,,10.0,,,1,1.0,1.0,2.0,10.0,10.0,10.0,3.0,,1.0,,10.0,1.0,1.0,7.0,10.0,6.0,1.0,,10.0,10.0,,,,2.0,,,9.0,1.0,10.0,10.0,,2.0,,,1.0,,1.0,1.0,8.0,1.0,1.0,,,2.0,1.0,6,2.0,10,1
2006-07-17,77495,,11,3,3670.0,55403410,MWAV,M WAVE INC,MWAV,334220.0,Q,A,R,11447,3,3670.0,55403420.0,,,36.0,367.0,,,,,,,0.84,-0.011765,6203.0,0.25,0.81,5210.52,MWAV,10.0,,10.0,,,1,1.0,1.0,2.0,10.0,10.0,10.0,3.0,,1.0,,10.0,1.0,1.0,7.0,10.0,6.0,1.0,,10.0,10.0,,,,2.0,,,9.0,1.0,10.0,10.0,,2.0,,,1.0,,1.0,1.0,8.0,1.0,1.0,,,2.0,1.0,6,2.0,10,1
2006-07-18,77495,,11,3,3670.0,55403410,MWAV,M WAVE INC,MWAV,334220.0,Q,A,R,11447,3,3670.0,55403420.0,,,36.0,367.0,,,,,,,0.9,0.071429,6203.0,0.25,0.8,5582.7,MWAV,10.0,,10.0,,,1,1.0,1.0,2.0,10.0,10.0,10.0,3.0,,1.0,,10.0,1.0,1.0,7.0,10.0,6.0,1.0,,10.0,10.0,,,,2.0,,,9.0,1.0,10.0,10.0,,2.0,,,1.0,,1.0,1.0,8.0,1.0,1.0,,,2.0,1.0,6,2.0,10,1
2006-07-19,77495,,11,3,3670.0,55403410,MWAV,M WAVE INC,MWAV,334220.0,Q,A,R,11447,3,3670.0,55403420.0,,,36.0,367.0,,,,,,,0.87,-0.033333,6203.0,0.25,0.89,5396.61,MWAV,10.0,,10.0,,,1,1.0,1.0,2.0,10.0,10.0,10.0,3.0,,1.0,,10.0,1.0,1.0,7.0,10.0,6.0,1.0,,10.0,10.0,,,,2.0,,,9.0,1.0,10.0,10.0,,2.0,,,1.0,,1.0,1.0,8.0,1.0,1.0,,,2.0,1.0,6,2.0,10,1
2006-07-20,77495,,11,3,3670.0,55403410,MWAV,M WAVE INC,MWAV,334220.0,Q,A,R,11447,3,3670.0,55403420.0,,,36.0,367.0,,,,,,,0.8799,0.011379,6203.0,0.25,0.886,5458.0197,MWAV,10.0,,10.0,,,1,1.0,1.0,2.0,10.0,10.0,10.0,3.0,,1.0,,10.0,1.0,1.0,7.0,10.0,6.0,1.0,,10.0,10.0,,,,2.0,,,9.0,1.0,10.0,10.0,,2.0,,,1.0,,1.0,1.0,8.0,1.0,1.0,,,2.0,1.0,6,2.0,10,1
2006-07-21,77495,,11,3,3670.0,55403410,MWAV,M WAVE INC,MWAV,334220.0,Q,A,R,11447,3,3670.0,55403420.0,,,36.0,367.0,,,,,,,0.8899,0.011365,6203.0,0.25,0.8554,5520.0497,MWAV,10.0,,10.0,,,1,1.0,1.0,2.0,10.0,10.0,10.0,3.0,,1.0,,10.0,1.0,1.0,7.0,10.0,6.0,1.0,,10.0,10.0,,,,2.0,,,9.0,1.0,10.0,10.0,,2.0,,,1.0,,1.0,1.0,8.0,1.0,1.0,,,2.0,1.0,6,2.0,10,1
2006-07-24,77495,,11,3,3670.0,55403410,MWAV,M WAVE INC,MWAV,334220.0,Q,A,R,11447,3,3670.0,55403420.0,,,36.0,367.0,,,,,,,0.96,0.078773,6203.0,0.25,0.89,5954.88,MWAV,10.0,,10.0,,,1,1.0,1.0,2.0,10.0,10.0,10.0,3.0,,1.0,,10.0,1.0,1.0,7.0,10.0,6.0,1.0,,10.0,10.0,,,,2.0,,,9.0,1.0,10.0,10.0,,2.0,,,1.0,,1.0,1.0,8.0,1.0,1.0,,,2.0,1.0,6,2.0,10,1
2006-07-25,77495,,11,3,3670.0,55403410,MWAV,M WAVE INC,MWAV,334220.0,Q,A,R,11447,3,3670.0,55403420.0,,,36.0,367.0,,,,,,,0.88,-0.083333,6203.0,0.25,0.97,5458.64,MWAV,10.0,,10.0,,,1,1.0,1.0,2.0,10.0,10.0,10.0,3.0,,1.0,,10.0,1.0,1.0,7.0,10.0,6.0,1.0,,10.0,10.0,,,,2.0,,,9.0,1.0,10.0,10.0,,2.0,,,1.0,,1.0,1.0,8.0,1.0,1.0,,,2.0,1.0,6,2.0,10,1
2006-07-26,77495,,11,3,3670.0,55403410,MWAV,M WAVE INC,MWAV,334220.0,Q,A,R,11447,3,3670.0,55403420.0,,,36.0,367.0,,,,,,,0.92,0.045455,6203.0,0.25,0.8996,5706.76,MWAV,10.0,,10.0,,,1,1.0,1.0,2.0,10.0,10.0,10.0,3.0,,1.0,,10.0,1.0,1.0,7.0,10.0,6.0,1.0,,10.0,10.0,,,,2.0,,,9.0,1.0,10.0,10.0,,2.0,,,1.0,,1.0,1.0,8.0,1.0,1.0,,,2.0,1.0,6,2.0,10,1
2006-07-27,77495,,11,3,3670.0,55403410,MWAV,M WAVE INC,MWAV,334220.0,Q,A,R,11447,3,3670.0,55403420.0,,,36.0,367.0,,,,,,,0.94,0.021739,6203.0,0.25,0.9012,5830.82,MWAV,10.0,,10.0,,,1,1.0,1.0,2.0,10.0,10.0,10.0,3.0,,1.0,,10.0,1.0,1.0,7.0,10.0,6.0,1.0,,10.0,10.0,,,,2.0,,,9.0,1.0,10.0,10.0,,2.0,,,1.0,,1.0,1.0,8.0,1.0,1.0,,,2.0,1.0,6,2.0,10,1
2006-07-28,77495,,11,3,3670.0,55403410,MWAV,M WAVE INC,MWAV,334220.0,Q,A,R,11447,3,3670.0,55403420.0,,,36.0,367.0,,,,,,,0.93,-0.010638,6203.0,0.25,0.95,5768.79,MWAV,10.0,,10.0,,,1,1.0,1.0,2.0,10.0,10.0,10.0,3.0,,1.0,,10.0,1.0,1.0,7.0,10.0,6.0,1.0,,10.0,10.0,,,,2.0,,,9.0,1.0,10.0,10.0,,2.0,,,1.0,,1.0,1.0,8.0,1.0,1.0,,,2.0,1.0,6,2.0,10,1
2006-07-31,77495,,11,3,3670.0,55403410,MWAV,M WAVE INC,MWAV,334220.0,Q,A,R,11447,3,3670.0,55403420.0,,,36.0,367.0,,,,,,,0.96,0.032258,6203.0,0.25,0.96,5954.88,MWAV,10.0,,10.0,,,1,1.0,1.0,2.0,10.0,10.0,10.0,3.0,,1.0,,10.0,1.0,1.0,7.0,10.0,6.0,1.0,,10.0,10.0,,,,2.0,,,9.0,1.0,10.0,10.0,,2.0,,,1.0,,1.0,1.0,8.0,1.0,1.0,,,2.0,1.0,6,2.0,10,1
2006-08-01,77495,,11,3,3670.0,55403410,MWAV,M WAVE INC,MWAV,334220.0,Q,A,R,11447,3,3670.0,55403420.0,,,36.0,367.0,,,,,,,0.9399,-0.020937,6203.0,0.25,0.9,5830.1997,MWAV,10.0,,10.0,,,1,1.0,1.0,2.0,10.0,10.0,10.0,3.0,,1.0,,10.0,1.0,1.0,7.0,10.0,6.0,1.0,,10.0,10.0,,,,1.0,,,9.0,4.0,10.0,10.0,,2.0,,,1.0,1.0,3.0,1.0,9.0,1.0,1.0,,,1.0,1.0,6,9.0,10,1
2006-08-02,77495,,11,3,3670.0,55403410,MWAV,M WAVE INC,MWAV,334220.0,Q,A,R,11447,3,3670.0,55403420.0,,,36.0,367.0,,,,,,,0.9499,0.010639,6203.0,0.25,0.9499,5892.2297,MWAV,10.0,,10.0,,,1,1.0,1.0,2.0,10.0,10.0,10.0,3.0,,1.0,,10.0,1.0,1.0,7.0,10.0,6.0,1.0,,10.0,10.0,,,,1.0,,,9.0,4.0,10.0,10.0,,2.0,,,1.0,1.0,3.0,1.0,9.0,1.0,1.0,,,1.0,1.0,6,9.0,10,1
2006-08-03,77495,,11,3,3670.0,55403410,MWAV,M WAVE INC,MWAV,334220.0,Q,A,R,11447,3,3670.0,55403420.0,,,36.0,367.0,,,,,,,0.94,-0.010422,6203.0,0.25,0.95,5830.82,MWAV,10.0,,10.0,,,1,1.0,1.0,2.0,10.0,10.0,10.0,3.0,,1.0,,10.0,1.0,1.0,7.0,10.0,6.0,1.0,,10.0,10.0,,,,1.0,,,9.0,4.0,10.0,10.0,,2.0,,,1.0,1.0,3.0,1.0,9.0,1.0,1.0,,,1.0,1.0,6,9.0,10,1
2006-08-04,77495,,11,3,3670.0,55403410,MWAV,M WAVE INC,MWAV,334220.0,Q,A,R,11447,3,3670.0,55403420.0,,,36.0,367.0,,,,,,,0.89,-0.053192,6203.0,0.25,0.9525,5520.67,MWAV,10.0,,10.0,,,1,1.0,1.0,2.0,10.0,10.0,10.0,3.0,,1.0,,10.0,1.0,1.0,7.0,10.0,6.0,1.0,,10.0,10.0,,,,1.0,,,9.0,4.0,10.0,10.0,,2.0,,,1.0,1.0,3.0,1.0,9.0,1.0,1.0,,,1.0,1.0,6,9.0,10,1
2006-08-07,77495,,11,3,3670.0,55403410,MWAV,M WAVE INC,MWAV,334220.0,Q,A,R,11447,3,3670.0,55403420.0,,,36.0,367.0,,,,,,,0.92,0.033708,6203.0,0.25,0.89,5706.76,MWAV,10.0,,10.0,,,1,1.0,1.0,2.0,10.0,10.0,10.0,3.0,,1.0,,10.0,1.0,1.0,7.0,10.0,6.0,1.0,,10.0,10.0,,,,1.0,,,9.0,4.0,10.0,10.0,,2.0,,,1.0,1.0,3.0,1.0,9.0,1.0,1.0,,,1.0,1.0,6,9.0,10,1
2006-08-08,77495,,11,3,3670.0,55403410,MWAV,M WAVE INC,MWAV,334220.0,Q,A,R,11447,3,3670.0,55403420.0,,,36.0,367.0,,,,,,,-0.9,-0.021739,6203.0,0.25,,-5582.7,MWAV,10.0,,10.0,,,1,1.0,1.0,2.0,10.0,10.0,10.0,3.0,,1.0,,10.0,1.0,1.0,7.0,10.0,6.0,1.0,,10.0,10.0,,,,1.0,,,9.0,4.0,10.0,10.0,,2.0,,,1.0,1.0,3.0,1.0,9.0,1.0,1.0,,,1.0,1.0,6,9.0,10,1
2006-08-09,77495,,11,3,3670.0,55403410,MWAV,M WAVE INC,MWAV,334220.0,Q,A,R,11447,3,3670.0,55403420.0,,,36.0,367.0,,,,,,,0.9799,0.088778,6203.0,0.25,0.89,6078.3197,MWAV,10.0,,10.0,,,1,1.0,1.0,2.0,10.0,10.0,10.0,3.0,,1.0,,10.0,1.0,1.0,7.0,10.0,6.0,1.0,,10.0,10.0,,,,1.0,,,9.0,4.0,10.0,10.0,,2.0,,,1.0,1.0,3.0,1.0,9.0,1.0,1.0,,,1.0,1.0,6,9.0,10,1
2006-08-10,77495,,11,3,3670.0,55403410,MWAV,M WAVE INC,MWAV,334220.0,Q,A,R,11447,3,3670.0,55403420.0,,,36.0,367.0,,,,,,,0.89,-0.091744,6203.0,0.25,0.8886,5520.67,MWAV,10.0,,10.0,,,1,1.0,1.0,2.0,10.0,10.0,10.0,3.0,,1.0,,10.0,1.0,1.0,7.0,10.0,6.0,1.0,,10.0,10.0,,,,1.0,,,9.0,4.0,10.0,10.0,,2.0,,,1.0,1.0,3.0,1.0,9.0,1.0,1.0,,,1.0,1.0,6,9.0,10,1
2006-08-11,77495,,11,3,3670.0,55403410,MWAV,M WAVE INC,MWAV,334220.0,Q,A,R,11447,3,3670.0,55403420.0,,,36.0,367.0,,,,,,,0.87,-0.022472,6203.0,0.25,0.9,5396.61,MWAV,10.0,,10.0,,,1,1.0,1.0,2.0,10.0,10.0,10.0,3.0,,1.0,,10.0,1.0,1.0,7.0,10.0,6.0,1.0,,10.0,10.0,,,,1.0,,,9.0,4.0,10.0,10.0,,2.0,,,1.0,1.0,3.0,1.0,9.0,1.0,1.0,,,1.0,1.0,6,9.0,10,1
2006-08-14,77495,,11,3,3670.0,55403410,MWAV,M WAVE INC,MWAV,334220.0,Q,A,R,11447,3,3670.0,55403420.0,,,36.0,367.0,,,,,,,0.8499,-0.023103,6203.0,0.25,0.86,5271.9297,MWAV,10.0,,10.0,,,1,1.0,1.0,2.0,10.0,10.0,10.0,3.0,,1.0,,10.0,1.0,1.0,7.0,10.0,6.0,1.0,,10.0,10.0,,,,1.0,,,9.0,4.0,10.0,10.0,,2.0,,,1.0,1.0,3.0,1.0,9.0,1.0,1.0,,,1.0,1.0,6,9.0,10,1
2006-08-15,77495,,11,3,3670.0,55403410,MWAV,M WAVE INC,MWAV,334220.0,Q,A,R,11447,3,3670.0,55403420.0,,,36.0,367.0,,,,,,,0.86,0.011884,6203.0,0.25,0.85,5334.58,MWAV,10.0,,10.0,,,1,1.0,1.0,2.0,10.0,10.0,10.0,3.0,,1.0,,10.0,1.0,1.0,7.0,10.0,6.0,1.0,,10.0,10.0,,,,1.0,,,9.0,4.0,10.0,10.0,,2.0,,,1.0,1.0,3.0,1.0,9.0,1.0,1.0,,,1.0,1.0,6,9.0,10,1
2006-08-16,77495,,11,3,3670.0,55403410,MWAV,M WAVE INC,MWAV,334220.0,Q,A,R,11447,3,3670.0,55403420.0,,,36.0,367.0,,,,,,,0.86,0.0,6203.0,0.25,0.86,5334.58,MWAV,10.0,,10.0,,,1,1.0,1.0,2.0,10.0,10.0,10.0,3.0,,1.0,,10.0,1.0,1.0,7.0,10.0,6.0,1.0,,10.0,10.0,,,,1.0,,,9.0,4.0,10.0,10.0,,2.0,,,1.0,1.0,3.0,1.0,9.0,1.0,1.0,,,1.0,1.0,6,9.0,10,1
2006-08-17,77495,,11,3,3670.0,55403410,MWAV,M WAVE INC,MWAV,334220.0,Q,A,R,11447,3,3670.0,55403420.0,,,36.0,367.0,,,,,,,0.82,-0.046512,6203.0,0.25,0.87,5086.46,MWAV,10.0,,10.0,,,1,1.0,1.0,2.0,10.0,10.0,10.0,3.0,,1.0,,10.0,1.0,1.0,7.0,10.0,6.0,1.0,,10.0,10.0,,,,1.0,,,9.0,4.0,10.0,10.0,,2.0,,,1.0,1.0,3.0,1.0,9.0,1.0,1.0,,,1.0,1.0,6,9.0,10,1
2006-08-18,77495,,11,3,3670.0,55403410,MWAV,M WAVE INC,MWAV,334220.0,Q,A,R,11447,3,3670.0,55403420.0,,,36.0,367.0,,,,,,,0.86,0.048781,6203.0,0.25,0.81,5334.58,MWAV,10.0,,10.0,,,1,1.0,1.0,2.0,10.0,10.0,10.0,3.0,,1.0,,10.0,1.0,1.0,7.0,10.0,6.0,1.0,,10.0,10.0,,,,1.0,,,9.0,4.0,10.0,10.0,,2.0,,,1.0,1.0,3.0,1.0,9.0,1.0,1.0,,,1.0,1.0,6,9.0,10,1
2006-08-21,77495,,11,3,3670.0,55403410,MWAV,M WAVE INC,MWAV,334220.0,Q,A,R,11447,3,3670.0,55403420.0,,,36.0,367.0,,,,,,,0.83,-0.034884,6203.0,0.25,0.92,5148.49,MWAV,10.0,,10.0,,,1,1.0,1.0,2.0,10.0,10.0,10.0,3.0,,1.0,,10.0,1.0,1.0,7.0,10.0,6.0,1.0,,10.0,10.0,,,,1.0,,,9.0,4.0,10.0,10.0,,2.0,,,1.0,1.0,3.0,1.0,9.0,1.0,1.0,,,1.0,1.0,6,9.0,10,1
2006-08-22,77495,,11,3,3670.0,55403410,MWAV,M WAVE INC,MWAV,334220.0,Q,A,R,11447,3,3670.0,55403420.0,,,36.0,367.0,,,,,,,0.83,0.0,6203.0,0.25,0.84,5148.49,MWAV,10.0,,10.0,,,1,1.0,1.0,2.0,10.0,10.0,10.0,3.0,,1.0,,10.0,1.0,1.0,7.0,10.0,6.0,1.0,,10.0,10.0,,,,1.0,,,9.0,4.0,10.0,10.0,,2.0,,,1.0,1.0,3.0,1.0,9.0,1.0,1.0,,,1.0,1.0,6,9.0,10,1
2006-08-23,77495,,11,3,3670.0,55403410,MWAV,M WAVE INC,MWAV,334220.0,Q,A,R,11447,3,3670.0,55403420.0,,,36.0,367.0,,,,,,,0.83,0.0,6203.0,0.25,0.83,5148.49,MWAV,10.0,,10.0,,,1,1.0,1.0,2.0,10.0,10.0,10.0,3.0,,1.0,,10.0,1.0,1.0,7.0,10.0,6.0,1.0,,10.0,10.0,,,,1.0,,,9.0,4.0,10.0,10.0,,2.0,,,1.0,1.0,3.0,1.0,9.0,1.0,1.0,,,1.0,1.0,6,9.0,10,1
2006-08-24,77495,,11,3,3670.0,55403410,MWAV,M WAVE INC,MWAV,334220.0,Q,A,R,11447,3,3670.0,55403420.0,,,36.0,367.0,,,,,,,0.82,-0.012048,6203.0,0.25,0.82,5086.46,MWAV,10.0,,10.0,,,1,1.0,1.0,2.0,10.0,10.0,10.0,3.0,,1.0,,10.0,1.0,1.0,7.0,10.0,6.0,1.0,,10.0,10.0,,,,1.0,,,9.0,4.0,10.0,10.0,,2.0,,,1.0,1.0,3.0,1.0,9.0,1.0,1.0,,,1.0,1.0,6,9.0,10,1
2006-08-25,77495,,11,3,3670.0,55403410,MWAV,M WAVE INC,MWAV,334220.0,Q,A,R,11447,3,3670.0,55403420.0,,,36.0,367.0,,,,,,,0.8,-0.02439,6203.0,0.25,0.78,4962.4,MWAV,10.0,,10.0,,,1,1.0,1.0,2.0,10.0,10.0,10.0,3.0,,1.0,,10.0,1.0,1.0,7.0,10.0,6.0,1.0,,10.0,10.0,,,,1.0,,,9.0,4.0,10.0,10.0,,2.0,,,1.0,1.0,3.0,1.0,9.0,1.0,1.0,,,1.0,1.0,6,9.0,10,1
2006-08-28,77495,,11,3,3670.0,55403410,MWAV,M WAVE INC,MWAV,334220.0,Q,A,R,11447,3,3670.0,55403420.0,,,36.0,367.0,,,,,,,-0.785,-0.01875,6203.0,0.25,,-4869.355,MWAV,10.0,,10.0,,,1,1.0,1.0,2.0,10.0,10.0,10.0,3.0,,1.0,,10.0,1.0,1.0,7.0,10.0,6.0,1.0,,10.0,10.0,,,,1.0,,,9.0,4.0,10.0,10.0,,2.0,,,1.0,1.0,3.0,1.0,9.0,1.0,1.0,,,1.0,1.0,6,9.0,10,1
2006-08-29,77495,,11,3,3670.0,55403410,MWAV,M WAVE INC,MWAV,334220.0,Q,A,R,11447,3,3670.0,55403420.0,,,36.0,367.0,,,,,,,0.7999,0.018981,6203.0,0.25,0.75,4961.7797,MWAV,10.0,,10.0,,,1,1.0,1.0,2.0,10.0,10.0,10.0,3.0,,1.0,,10.0,1.0,1.0,7.0,10.0,6.0,1.0,,10.0,10.0,,,,1.0,,,9.0,4.0,10.0,10.0,,2.0,,,1.0,1.0,3.0,1.0,9.0,1.0,1.0,,,1.0,1.0,6,9.0,10,1
2006-08-30,77495,,11,3,3670.0,55403410,MWAV,M WAVE INC,MWAV,334220.0,Q,A,R,11447,3,3670.0,55403420.0,,,36.0,367.0,,,,,,,0.79,-0.012377,6203.0,0.25,0.77,4900.37,MWAV,10.0,,10.0,,,1,1.0,1.0,2.0,10.0,10.0,10.0,3.0,,1.0,,10.0,1.0,1.0,7.0,10.0,6.0,1.0,,10.0,10.0,,,,1.0,,,9.0,4.0,10.0,10.0,,2.0,,,1.0,1.0,3.0,1.0,9.0,1.0,1.0,,,1.0,1.0,6,9.0,10,1
2006-08-31,77495,,11,3,3670.0,55403410,MWAV,M WAVE INC,MWAV,334220.0,Q,A,R,11447,3,3670.0,55403420.0,,,36.0,367.0,,,,,,,0.8,0.012658,6203.0,0.25,0.8,4962.4,MWAV,10.0,,10.0,,,1,1.0,1.0,2.0,10.0,10.0,10.0,3.0,,1.0,,10.0,1.0,1.0,7.0,10.0,6.0,1.0,,10.0,10.0,,,,1.0,,,9.0,4.0,10.0,10.0,,2.0,,,1.0,1.0,3.0,1.0,9.0,1.0,1.0,,,1.0,1.0,6,9.0,10,1
2006-09-01,77495,,11,3,3670.0,55403410,MWAV,M WAVE INC,MWAV,334220.0,Q,A,R,11447,3,3670.0,55403420.0,,,36.0,367.0,,,,,,,0.7999,-0.000125,6203.0,0.25,0.85,4961.7797,MWAV,10.0,,10.0,,,1,1.0,1.0,2.0,10.0,10.0,10.0,3.0,,1.0,,10.0,1.0,1.0,7.0,10.0,6.0,1.0,,10.0,10.0,,,,2.0,,,10.0,4.0,10.0,10.0,,2.0,,,1.0,1.0,10.0,1.0,9.0,8.0,10.0,,,2.0,1.0,6,10.0,10,1
2006-09-05,77495,,11,3,3670.0,55403410,MWAV,M WAVE INC,MWAV,334220.0,Q,A,R,11447,3,3670.0,55403420.0,,,36.0,367.0,,,,,,,0.73,-0.087386,6203.0,0.25,0.72,4528.19,MWAV,10.0,,10.0,,,1,1.0,1.0,2.0,10.0,10.0,10.0,3.0,,1.0,,10.0,1.0,1.0,7.0,10.0,6.0,1.0,,10.0,10.0,,,,2.0,,,10.0,4.0,10.0,10.0,,2.0,,,1.0,1.0,10.0,1.0,9.0,8.0,10.0,,,2.0,1.0,6,10.0,10,1
2006-09-06,77495,,11,3,3670.0,55403410,MWAV,M WAVE INC,MWAV,334220.0,Q,A,R,11447,3,3670.0,55403420.0,,,36.0,367.0,,,,,,,0.74,0.013699,6203.0,0.25,0.73,4590.22,MWAV,10.0,,10.0,,,1,1.0,1.0,2.0,10.0,10.0,10.0,3.0,,1.0,,10.0,1.0,1.0,7.0,10.0,6.0,1.0,,10.0,10.0,,,,2.0,,,10.0,4.0,10.0,10.0,,2.0,,,1.0,1.0,10.0,1.0,9.0,8.0,10.0,,,2.0,1.0,6,10.0,10,1
2006-09-07,77495,,11,3,3670.0,55403410,MWAV,M WAVE INC,MWAV,334220.0,Q,A,R,11447,3,3670.0,55403420.0,,,36.0,367.0,,,,,,,0.76,0.027027,6203.0,0.25,0.76,4714.28,MWAV,10.0,,10.0,,,1,1.0,1.0,2.0,10.0,10.0,10.0,3.0,,1.0,,10.0,1.0,1.0,7.0,10.0,6.0,1.0,,10.0,10.0,,,,2.0,,,10.0,4.0,10.0,10.0,,2.0,,,1.0,1.0,10.0,1.0,9.0,8.0,10.0,,,2.0,1.0,6,10.0,10,1
2006-09-08,77495,,11,3,3670.0,55403410,MWAV,M WAVE INC,MWAV,334220.0,Q,A,R,11447,3,3670.0,55403420.0,,,36.0,367.0,,,,,,,0.78,0.026316,6203.0,0.25,0.79,4838.34,MWAV,10.0,,10.0,,,1,1.0,1.0,2.0,10.0,10.0,10.0,3.0,,1.0,,10.0,1.0,1.0,7.0,10.0,6.0,1.0,,10.0,10.0,,,,2.0,,,10.0,4.0,10.0,10.0,,2.0,,,1.0,1.0,10.0,1.0,9.0,8.0,10.0,,,2.0,1.0,6,10.0,10,1
2006-09-11,77495,,11,3,3670.0,55403410,MWAV,M WAVE INC,MWAV,334220.0,Q,A,R,11447,3,3670.0,55403420.0,,,36.0,367.0,,,,,,,0.75,-0.038462,6203.0,0.25,0.751,4652.25,MWAV,10.0,,10.0,,,1,1.0,1.0,2.0,10.0,10.0,10.0,3.0,,1.0,,10.0,1.0,1.0,7.0,10.0,6.0,1.0,,10.0,10.0,,,,2.0,,,10.0,4.0,10.0,10.0,,2.0,,,1.0,1.0,10.0,1.0,9.0,8.0,10.0,,,2.0,1.0,6,10.0,10,1
2006-09-12,77495,,11,3,3670.0,55403410,MWAV,M WAVE INC,MWAV,334220.0,Q,A,R,11447,3,3670.0,55403420.0,,,36.0,367.0,,,,,,,0.7499,-0.000133,6203.0,0.25,0.76,4651.6297,MWAV,10.0,,10.0,,,1,1.0,1.0,2.0,10.0,10.0,10.0,3.0,,1.0,,10.0,1.0,1.0,7.0,10.0,6.0,1.0,,10.0,10.0,,,,2.0,,,10.0,4.0,10.0,10.0,,2.0,,,1.0,1.0,10.0,1.0,9.0,8.0,10.0,,,2.0,1.0,6,10.0,10,1
2006-09-13,77495,,11,3,3670.0,55403410,MWAV,M WAVE INC,MWAV,334220.0,Q,A,R,11447,3,3670.0,55403420.0,,,36.0,367.0,,,,,,,0.7,-0.066542,6203.0,0.25,0.641,4342.1,MWAV,10.0,,10.0,,,1,1.0,1.0,2.0,10.0,10.0,10.0,3.0,,1.0,,10.0,1.0,1.0,7.0,10.0,6.0,1.0,,10.0,10.0,,,,2.0,,,10.0,4.0,10.0,10.0,,2.0,,,1.0,1.0,10.0,1.0,9.0,8.0,10.0,,,2.0,1.0,6,10.0,10,1
2006-09-14,77495,,11,3,3670.0,55403410,MWAV,M WAVE INC,MWAV,334220.0,Q,A,R,11447,3,3670.0,55403420.0,,,36.0,367.0,,,,,,,0.74,0.057143,6203.0,0.25,0.7,4590.22,MWAV,10.0,,10.0,,,1,1.0,1.0,2.0,10.0,10.0,10.0,3.0,,1.0,,10.0,1.0,1.0,7.0,10.0,6.0,1.0,,10.0,10.0,,,,2.0,,,10.0,4.0,10.0,10.0,,2.0,,,1.0,1.0,10.0,1.0,9.0,8.0,10.0,,,2.0,1.0,6,10.0,10,1
2006-09-15,77495,,11,3,3670.0,55403410,MWAV,M WAVE INC,MWAV,334220.0,Q,A,R,11447,3,3670.0,55403420.0,,,36.0,367.0,,,,,,,0.72,-0.027027,6203.0,0.25,0.73,4466.16,MWAV,10.0,,10.0,,,1,1.0,1.0,2.0,10.0,10.0,10.0,3.0,,1.0,,10.0,1.0,1.0,7.0,10.0,6.0,1.0,,10.0,10.0,,,,2.0,,,10.0,4.0,10.0,10.0,,2.0,,,1.0,1.0,10.0,1.0,9.0,8.0,10.0,,,2.0,1.0,6,10.0,10,1
2006-09-18,77495,,11,3,3670.0,55403410,MWAV,M WAVE INC,MWAV,334220.0,Q,A,R,11447,3,3670.0,55403420.0,,,36.0,367.0,,,,,,,0.72,0.0,6203.0,0.25,0.6915,4466.16,MWAV,10.0,,10.0,,,1,1.0,1.0,2.0,10.0,10.0,10.0,3.0,,1.0,,10.0,1.0,1.0,7.0,10.0,6.0,1.0,,10.0,10.0,,,,2.0,,,10.0,4.0,10.0,10.0,,2.0,,,1.0,1.0,10.0,1.0,9.0,8.0,10.0,,,2.0,1.0,6,10.0,10,1
2006-09-19,77495,,11,3,3670.0,55403410,MWAV,M WAVE INC,MWAV,334220.0,Q,A,R,11447,3,3670.0,55403420.0,,,36.0,367.0,,,,,,,0.7288,0.012222,6203.0,0.25,0.69,4520.7464,MWAV,10.0,,10.0,,,1,1.0,1.0,2.0,10.0,10.0,10.0,3.0,,1.0,,10.0,1.0,1.0,7.0,10.0,6.0,1.0,,10.0,10.0,,,,2.0,,,10.0,4.0,10.0,10.0,,2.0,,,1.0,1.0,10.0,1.0,9.0,8.0,10.0,,,2.0,1.0,6,10.0,10,1
2006-09-20,77495,,11,3,3670.0,55403410,MWAV,M WAVE INC,MWAV,334220.0,Q,A,R,11447,3,3670.0,55403420.0,,,36.0,367.0,,,,,,,0.71,-0.025796,6203.0,0.25,0.72,4404.13,MWAV,10.0,,10.0,,,1,1.0,1.0,2.0,10.0,10.0,10.0,3.0,,1.0,,10.0,1.0,1.0,7.0,10.0,6.0,1.0,,10.0,10.0,,,,2.0,,,10.0,4.0,10.0,10.0,,2.0,,,1.0,1.0,10.0,1.0,9.0,8.0,10.0,,,2.0,1.0,6,10.0,10,1
2006-09-21,77495,,11,3,3670.0,55403410,MWAV,M WAVE INC,MWAV,334220.0,Q,A,R,11447,3,3670.0,55403420.0,,,36.0,367.0,,,,,,,-0.67,-0.056338,6203.0,0.25,,-4156.01,MWAV,10.0,,10.0,,,1,1.0,1.0,2.0,10.0,10.0,10.0,3.0,,1.0,,10.0,1.0,1.0,7.0,10.0,6.0,1.0,,10.0,10.0,,,,2.0,,,10.0,4.0,10.0,10.0,,2.0,,,1.0,1.0,10.0,1.0,9.0,8.0,10.0,,,2.0,1.0,6,10.0,10,1
2006-09-22,77495,,11,3,3670.0,55403410,MWAV,M WAVE INC,MWAV,334220.0,Q,A,R,11447,3,3670.0,55403420.0,,,36.0,367.0,,,,,,,0.7,0.044776,6203.0,0.25,0.7,4342.1,MWAV,10.0,,10.0,,,1,1.0,1.0,2.0,10.0,10.0,10.0,3.0,,1.0,,10.0,1.0,1.0,7.0,10.0,6.0,1.0,,10.0,10.0,,,,2.0,,,10.0,4.0,10.0,10.0,,2.0,,,1.0,1.0,10.0,1.0,9.0,8.0,10.0,,,2.0,1.0,6,10.0,10,1
2006-09-25,77495,,11,3,3670.0,55403410,MWAV,M WAVE INC,MWAV,334220.0,Q,A,R,11447,3,3670.0,55403420.0,,,36.0,367.0,,,,,,,0.66,-0.057143,6203.0,0.25,0.66,4093.98,MWAV,10.0,,10.0,,,1,1.0,1.0,2.0,10.0,10.0,10.0,3.0,,1.0,,10.0,1.0,1.0,7.0,10.0,6.0,1.0,,10.0,10.0,,,,2.0,,,10.0,4.0,10.0,10.0,,2.0,,,1.0,1.0,10.0,1.0,9.0,8.0,10.0,,,2.0,1.0,6,10.0,10,1
2006-09-26,77495,,11,3,3670.0,55403410,MWAV,M WAVE INC,MWAV,334220.0,Q,A,R,11447,3,3670.0,55403420.0,,,36.0,367.0,,,,,,,0.71,0.075758,6203.0,0.25,0.72,4404.13,MWAV,10.0,,10.0,,,1,1.0,1.0,2.0,10.0,10.0,10.0,3.0,,1.0,,10.0,1.0,1.0,7.0,10.0,6.0,1.0,,10.0,10.0,,,,2.0,,,10.0,4.0,10.0,10.0,,2.0,,,1.0,1.0,10.0,1.0,9.0,8.0,10.0,,,2.0,1.0,6,10.0,10,1
2006-09-27,77495,,11,3,3670.0,55403410,MWAV,M WAVE INC,MWAV,334220.0,Q,A,R,11447,3,3670.0,55403420.0,,,36.0,367.0,,,,,,,0.7,-0.014084,6203.0,0.25,0.6632,4342.1,MWAV,10.0,,10.0,,,1,1.0,1.0,2.0,10.0,10.0,10.0,3.0,,1.0,,10.0,1.0,1.0,7.0,10.0,6.0,1.0,,10.0,10.0,,,,2.0,,,10.0,4.0,10.0,10.0,,2.0,,,1.0,1.0,10.0,1.0,9.0,8.0,10.0,,,2.0,1.0,6,10.0,10,1
2006-09-28,77495,,11,3,3670.0,55403410,MWAV,M WAVE INC,MWAV,334220.0,Q,A,R,11447,3,3670.0,55403420.0,,,36.0,367.0,,,,,,,0.71,0.014286,6203.0,0.25,0.71,4404.13,MWAV,10.0,,10.0,,,1,1.0,1.0,2.0,10.0,10.0,10.0,3.0,,1.0,,10.0,1.0,1.0,7.0,10.0,6.0,1.0,,10.0,10.0,,,,2.0,,,10.0,4.0,10.0,10.0,,2.0,,,1.0,1.0,10.0,1.0,9.0,8.0,10.0,,,2.0,1.0,6,10.0,10,1
2006-09-29,77495,,11,3,3670.0,55403410,MWAV,M WAVE INC,MWAV,334220.0,Q,A,R,11447,3,3670.0,55403420.0,,,36.0,367.0,,,,,,,0.66,-0.070422,7053.0,0.25,0.62,4654.98,MWAV,10.0,,10.0,,,1,1.0,1.0,2.0,10.0,10.0,10.0,3.0,,1.0,,10.0,1.0,1.0,7.0,10.0,6.0,1.0,,10.0,10.0,,,,2.0,,,10.0,4.0,10.0,10.0,,2.0,,,1.0,1.0,10.0,1.0,9.0,8.0,10.0,,,2.0,1.0,6,10.0,10,1
2006-10-02,77495,,11,3,3670.0,55403410,MWAV,M WAVE INC,MWAV,334220.0,Q,A,R,11447,3,3670.0,55403420.0,,,36.0,367.0,,,,,,,0.6799,0.030151,7053.0,0.25,0.68,4795.3347,MWAV,10.0,,10.0,,,1,1.0,1.0,2.0,10.0,10.0,10.0,3.0,,1.0,,10.0,1.0,1.0,7.0,10.0,6.0,1.0,,10.0,10.0,,,,2.0,,,10.0,2.0,10.0,10.0,,1.0,,,1.0,1.0,10.0,1.0,9.0,2.0,10.0,,,2.0,1.0,6,10.0,10,1
2006-10-03,77495,,11,3,3670.0,55403410,MWAV,M WAVE INC,MWAV,334220.0,Q,A,R,11447,3,3670.0,55403420.0,,,36.0,367.0,,,,,,,0.6799,0.0,7053.0,0.25,0.6799,4795.3347,MWAV,10.0,,10.0,,,1,1.0,1.0,2.0,10.0,10.0,10.0,3.0,,1.0,,10.0,1.0,1.0,7.0,10.0,6.0,1.0,,10.0,10.0,,,,2.0,,,10.0,2.0,10.0,10.0,,1.0,,,1.0,1.0,10.0,1.0,9.0,2.0,10.0,,,2.0,1.0,6,10.0,10,1
2006-10-04,77495,,11,3,3670.0,55403410,MWAV,M WAVE INC,MWAV,334220.0,Q,A,R,11447,3,3670.0,55403420.0,,,36.0,367.0,,,,,,,0.67,-0.014561,7053.0,0.25,0.67,4725.51,MWAV,10.0,,10.0,,,1,1.0,1.0,2.0,10.0,10.0,10.0,3.0,,1.0,,10.0,1.0,1.0,7.0,10.0,6.0,1.0,,10.0,10.0,,,,2.0,,,10.0,2.0,10.0,10.0,,1.0,,,1.0,1.0,10.0,1.0,9.0,2.0,10.0,,,2.0,1.0,6,10.0,10,1
2006-10-05,77495,,11,3,3670.0,55403410,MWAV,M WAVE INC,MWAV,334220.0,Q,A,R,11447,3,3670.0,55403420.0,,,36.0,367.0,,,,,,,0.66,-0.014925,7053.0,0.25,0.66,4654.98,MWAV,10.0,,10.0,,,1,1.0,1.0,2.0,10.0,10.0,10.0,3.0,,1.0,,10.0,1.0,1.0,7.0,10.0,6.0,1.0,,10.0,10.0,,,,2.0,,,10.0,2.0,10.0,10.0,,1.0,,,1.0,1.0,10.0,1.0,9.0,2.0,10.0,,,2.0,1.0,6,10.0,10,1
2006-10-06,77495,,11,3,3670.0,55403410,MWAV,M WAVE INC,MWAV,334220.0,Q,A,R,11447,3,3670.0,55403420.0,,,36.0,367.0,,,,,,,0.64,-0.030303,7053.0,0.25,0.6001,4513.92,MWAV,10.0,,10.0,,,1,1.0,1.0,2.0,10.0,10.0,10.0,3.0,,1.0,,10.0,1.0,1.0,7.0,10.0,6.0,1.0,,10.0,10.0,,,,2.0,,,10.0,2.0,10.0,10.0,,1.0,,,1.0,1.0,10.0,1.0,9.0,2.0,10.0,,,2.0,1.0,6,10.0,10,1
2006-10-09,77495,,11,3,3670.0,55403410,MWAV,M WAVE INC,MWAV,334220.0,Q,A,R,11447,3,3670.0,55403420.0,,,36.0,367.0,,,,,,,0.6299,-0.015781,7053.0,0.25,0.6044,4442.6847,MWAV,10.0,,10.0,,,1,1.0,1.0,2.0,10.0,10.0,10.0,3.0,,1.0,,10.0,1.0,1.0,7.0,10.0,6.0,1.0,,10.0,10.0,,,,2.0,,,10.0,2.0,10.0,10.0,,1.0,,,1.0,1.0,10.0,1.0,9.0,2.0,10.0,,,2.0,1.0,6,10.0,10,1
2006-10-10,77495,,11,3,3670.0,55403410,MWAV,M WAVE INC,MWAV,334220.0,Q,A,R,11447,3,3670.0,55403420.0,,,36.0,367.0,,,,,,,0.6299,0.0,7053.0,0.25,0.6298,4442.6847,MWAV,10.0,,10.0,,,1,1.0,1.0,2.0,10.0,10.0,10.0,3.0,,1.0,,10.0,1.0,1.0,7.0,10.0,6.0,1.0,,10.0,10.0,,,,2.0,,,10.0,2.0,10.0,10.0,,1.0,,,1.0,1.0,10.0,1.0,9.0,2.0,10.0,,,2.0,1.0,6,10.0,10,1
2006-10-11,77495,,11,3,3670.0,55403410,MWAV,M WAVE INC,MWAV,334220.0,Q,A,R,11447,3,3670.0,55403420.0,,,36.0,367.0,,,,,,,0.55,-0.126845,7053.0,0.25,0.6,3879.15,MWAV,10.0,,10.0,,,1,1.0,1.0,2.0,10.0,10.0,10.0,3.0,,1.0,,10.0,1.0,1.0,7.0,10.0,6.0,1.0,,10.0,10.0,,,,2.0,,,10.0,2.0,10.0,10.0,,1.0,,,1.0,1.0,10.0,1.0,9.0,2.0,10.0,,,2.0,1.0,6,10.0,10,1
2006-10-12,77495,,11,3,3670.0,55403410,MWAV,M WAVE INC,MWAV,334220.0,Q,A,R,11447,3,3670.0,55403420.0,,,36.0,367.0,,,,,,,0.69,0.254545,7053.0,0.25,0.55,4866.57,MWAV,10.0,,10.0,,,1,1.0,1.0,2.0,10.0,10.0,10.0,3.0,,1.0,,10.0,1.0,1.0,7.0,10.0,6.0,1.0,,10.0,10.0,,,,2.0,,,10.0,2.0,10.0,10.0,,1.0,,,1.0,1.0,10.0,1.0,9.0,2.0,10.0,,,2.0,1.0,6,10.0,10,1
2006-10-13,77495,,11,3,3670.0,55403410,MWAV,M WAVE INC,MWAV,334220.0,Q,A,R,11447,3,3670.0,55403420.0,,,36.0,367.0,,,,,,,0.6899,-0.000145,7053.0,0.25,0.7,4865.8647,MWAV,10.0,,10.0,,,1,1.0,1.0,2.0,10.0,10.0,10.0,3.0,,1.0,,10.0,1.0,1.0,7.0,10.0,6.0,1.0,,10.0,10.0,,,,2.0,,,10.0,2.0,10.0,10.0,,1.0,,,1.0,1.0,10.0,1.0,9.0,2.0,10.0,,,2.0,1.0,6,10.0,10,1
2006-10-16,77495,,11,3,3670.0,55403410,MWAV,M WAVE INC,MWAV,334220.0,Q,A,R,11447,3,3670.0,55403420.0,,,36.0,367.0,,,,,,,0.66,-0.04334,7053.0,0.25,0.6899,4654.98,MWAV,10.0,,10.0,,,1,1.0,1.0,2.0,10.0,10.0,10.0,3.0,,1.0,,10.0,1.0,1.0,7.0,10.0,6.0,1.0,,10.0,10.0,,,,2.0,,,10.0,2.0,10.0,10.0,,1.0,,,1.0,1.0,10.0,1.0,9.0,2.0,10.0,,,2.0,1.0,6,10.0,10,1
2006-10-17,77495,,11,3,3670.0,55403410,MWAV,M WAVE INC,MWAV,334220.0,Q,A,R,11447,3,3670.0,55403420.0,,,36.0,367.0,,,,,,,0.63,-0.045455,7053.0,0.25,0.57,4443.39,MWAV,10.0,,10.0,,,1,1.0,1.0,2.0,10.0,10.0,10.0,3.0,,1.0,,10.0,1.0,1.0,7.0,10.0,6.0,1.0,,10.0,10.0,,,,2.0,,,10.0,2.0,10.0,10.0,,1.0,,,1.0,1.0,10.0,1.0,9.0,2.0,10.0,,,2.0,1.0,6,10.0,10,1
2006-10-18,77495,,11,3,3670.0,55403410,MWAV,M WAVE INC,MWAV,334220.0,Q,A,R,11447,3,3670.0,55403420.0,,,36.0,367.0,,,,,,,0.65,0.031746,7053.0,0.25,0.6799,4584.45,MWAV,10.0,,10.0,,,1,1.0,1.0,2.0,10.0,10.0,10.0,3.0,,1.0,,10.0,1.0,1.0,7.0,10.0,6.0,1.0,,10.0,10.0,,,,2.0,,,10.0,2.0,10.0,10.0,,1.0,,,1.0,1.0,10.0,1.0,9.0,2.0,10.0,,,2.0,1.0,6,10.0,10,1
2006-10-19,77495,,11,3,3670.0,55403410,MWAV,M WAVE INC,MWAV,334220.0,Q,A,R,11447,3,3670.0,55403420.0,,,36.0,367.0,,,,,,,0.6199,-0.046308,7053.0,0.25,0.6498,4372.1547,MWAV,10.0,,10.0,,,1,1.0,1.0,2.0,10.0,10.0,10.0,3.0,,1.0,,10.0,1.0,1.0,7.0,10.0,6.0,1.0,,10.0,10.0,,,,2.0,,,10.0,2.0,10.0,10.0,,1.0,,,1.0,1.0,10.0,1.0,9.0,2.0,10.0,,,2.0,1.0,6,10.0,10,1
2006-10-20,77495,,11,3,3670.0,55403410,MWAV,M WAVE INC,MWAV,334220.0,Q,A,R,11447,3,3670.0,55403420.0,,,36.0,367.0,,,,,,,0.6499,0.048395,7053.0,0.25,0.6,4583.7447,MWAV,10.0,,10.0,,,1,1.0,1.0,2.0,10.0,10.0,10.0,3.0,,1.0,,10.0,1.0,1.0,7.0,10.0,6.0,1.0,,10.0,10.0,,,,2.0,,,10.0,2.0,10.0,10.0,,1.0,,,1.0,1.0,10.0,1.0,9.0,2.0,10.0,,,2.0,1.0,6,10.0,10,1
2006-10-23,77495,,11,3,3670.0,55403410,MWAV,M WAVE INC,MWAV,334220.0,Q,A,R,11447,3,3670.0,55403420.0,,,36.0,367.0,,,,,,,0.6,-0.076781,7053.0,0.25,0.614,4231.8,MWAV,10.0,,10.0,,,1,1.0,1.0,2.0,10.0,10.0,10.0,3.0,,1.0,,10.0,1.0,1.0,7.0,10.0,6.0,1.0,,10.0,10.0,,,,2.0,,,10.0,2.0,10.0,10.0,,1.0,,,1.0,1.0,10.0,1.0,9.0,2.0,10.0,,,2.0,1.0,6,10.0,10,1
2006-10-24,77495,,11,3,3670.0,55403410,MWAV,M WAVE INC,MWAV,334220.0,Q,A,R,11447,3,3670.0,55403420.0,,,36.0,367.0,,,,,,,-0.585,-0.025,7053.0,0.25,,-4126.005,MWAV,10.0,,10.0,,,1,1.0,1.0,2.0,10.0,10.0,10.0,3.0,,1.0,,10.0,1.0,1.0,7.0,10.0,6.0,1.0,,10.0,10.0,,,,2.0,,,10.0,2.0,10.0,10.0,,1.0,,,1.0,1.0,10.0,1.0,9.0,2.0,10.0,,,2.0,1.0,6,10.0,10,1
2006-10-25,77495,,11,3,3670.0,55403410,MWAV,M WAVE INC,MWAV,334220.0,Q,A,R,11447,3,3670.0,55403420.0,,,36.0,367.0,,,,,,,0.5999,0.02547,7053.0,0.25,0.5999,4231.0947,MWAV,10.0,,10.0,,,1,1.0,1.0,2.0,10.0,10.0,10.0,3.0,,1.0,,10.0,1.0,1.0,7.0,10.0,6.0,1.0,,10.0,10.0,,,,2.0,,,10.0,2.0,10.0,10.0,,1.0,,,1.0,1.0,10.0,1.0,9.0,2.0,10.0,,,2.0,1.0,6,10.0,10,1
2006-10-26,77495,,11,3,3670.0,55403410,MWAV,M WAVE INC,MWAV,334220.0,Q,A,R,11447,3,3670.0,55403420.0,,,36.0,367.0,,,,,,,0.6499,0.083347,7053.0,0.25,0.6,4583.7447,MWAV,10.0,,10.0,,,1,1.0,1.0,2.0,10.0,10.0,10.0,3.0,,1.0,,10.0,1.0,1.0,7.0,10.0,6.0,1.0,,10.0,10.0,,,,2.0,,,10.0,2.0,10.0,10.0,,1.0,,,1.0,1.0,10.0,1.0,9.0,2.0,10.0,,,2.0,1.0,6,10.0,10,1
2006-10-27,77495,,11,3,3670.0,55403410,MWAV,M WAVE INC,MWAV,334220.0,Q,A,R,11447,3,3670.0,55403420.0,,,36.0,367.0,,,,,,,0.6199,-0.046161,7053.0,0.25,0.57,4372.1547,MWAV,10.0,,10.0,,,1,1.0,1.0,2.0,10.0,10.0,10.0,3.0,,1.0,,10.0,1.0,1.0,7.0,10.0,6.0,1.0,,10.0,10.0,,,,2.0,,,10.0,2.0,10.0,10.0,,1.0,,,1.0,1.0,10.0,1.0,9.0,2.0,10.0,,,2.0,1.0,6,10.0,10,1
2006-10-30,77495,,11,3,3670.0,55403410,MWAV,M WAVE INC,MWAV,334220.0,Q,A,R,11447,3,3670.0,55403420.0,,,36.0,367.0,,,,,,,-0.6049,-0.024197,7053.0,0.25,,-4266.3597,MWAV,10.0,,10.0,,,1,1.0,1.0,2.0,10.0,10.0,10.0,3.0,,1.0,,10.0,1.0,1.0,7.0,10.0,6.0,1.0,,10.0,10.0,,,,2.0,,,10.0,2.0,10.0,10.0,,1.0,,,1.0,1.0,10.0,1.0,9.0,2.0,10.0,,,2.0,1.0,6,10.0,10,1
2006-10-31,77495,,11,3,3670.0,55403410,MWAV,M WAVE INC,MWAV,334220.0,Q,A,R,11447,3,3670.0,55403420.0,,,36.0,367.0,,,,,,,0.59,-0.024632,7053.0,0.25,0.6299,4161.27,MWAV,10.0,,10.0,,,1,1.0,1.0,2.0,10.0,10.0,10.0,3.0,,1.0,,10.0,1.0,1.0,7.0,10.0,6.0,1.0,,10.0,10.0,,,,2.0,,,10.0,2.0,10.0,10.0,,1.0,,,1.0,1.0,10.0,1.0,9.0,2.0,10.0,,,2.0,1.0,6,10.0,10,1
2006-11-01,77495,,11,3,3670.0,55403410,MWAV,M WAVE INC,MWAV,334220.0,Q,A,R,11447,3,3670.0,55403420.0,,,36.0,367.0,,,,,,,0.7899,0.338814,7053.0,0.25,0.5388,5571.1647,MWAV,10.0,,10.0,,,1,1.0,1.0,2.0,10.0,10.0,10.0,3.0,,1.0,,10.0,1.0,1.0,7.0,10.0,6.0,1.0,,10.0,10.0,,,,2.0,,,10.0,4.0,10.0,10.0,,1.0,,,1.0,1.0,10.0,1.0,9.0,10.0,10.0,,,1.0,1.0,6,10.0,10,1
2006-11-02,77495,,11,3,3670.0,55403410,MWAV,M WAVE INC,MWAV,334220.0,Q,A,R,11447,3,3670.0,55403420.0,,,36.0,367.0,,,,,,,0.69,-0.126472,7053.0,0.25,0.89,4866.57,MWAV,10.0,,10.0,,,1,1.0,1.0,2.0,10.0,10.0,10.0,3.0,,1.0,,10.0,1.0,1.0,7.0,10.0,6.0,1.0,,10.0,10.0,,,,2.0,,,10.0,4.0,10.0,10.0,,1.0,,,1.0,1.0,10.0,1.0,9.0,10.0,10.0,,,1.0,1.0,6,10.0,10,1
2006-11-03,77495,,11,3,3670.0,55403410,MWAV,M WAVE INC,MWAV,334220.0,Q,A,R,11447,3,3670.0,55403420.0,,,36.0,367.0,,,,,,,0.74,0.072464,7053.0,0.25,0.8399,5219.22,MWAV,10.0,,10.0,,,1,1.0,1.0,2.0,10.0,10.0,10.0,3.0,,1.0,,10.0,1.0,1.0,7.0,10.0,6.0,1.0,,10.0,10.0,,,,2.0,,,10.0,4.0,10.0,10.0,,1.0,,,1.0,1.0,10.0,1.0,9.0,10.0,10.0,,,1.0,1.0,6,10.0,10,1
2006-11-06,77495,,11,3,3670.0,55403410,MWAV,M WAVE INC,MWAV,334220.0,Q,A,R,11447,3,3670.0,55403420.0,,,36.0,367.0,,,,,,,0.6699,-0.09473,7053.0,0.25,0.6598,4724.8047,MWAV,10.0,,10.0,,,1,1.0,1.0,2.0,10.0,10.0,10.0,3.0,,1.0,,10.0,1.0,1.0,7.0,10.0,6.0,1.0,,10.0,10.0,,,,2.0,,,10.0,4.0,10.0,10.0,,1.0,,,1.0,1.0,10.0,1.0,9.0,10.0,10.0,,,1.0,1.0,6,10.0,10,1
2006-11-07,77495,,11,3,3670.0,55403410,MWAV,M WAVE INC,MWAV,334220.0,Q,A,R,11447,3,3670.0,55403420.0,,,36.0,367.0,,,,,,,0.7399,0.104493,7053.0,0.25,0.7399,5218.5147,MWAV,10.0,,10.0,,,1,1.0,1.0,2.0,10.0,10.0,10.0,3.0,,1.0,,10.0,1.0,1.0,7.0,10.0,6.0,1.0,,10.0,10.0,,,,2.0,,,10.0,4.0,10.0,10.0,,1.0,,,1.0,1.0,10.0,1.0,9.0,10.0,10.0,,,1.0,1.0,6,10.0,10,1
2006-11-08,77495,,11,3,3670.0,55403410,MWAV,M WAVE INC,MWAV,334220.0,Q,A,R,11447,3,3670.0,55403420.0,,,36.0,367.0,,,,,,,0.7,-0.053926,7053.0,0.25,0.73,4937.1,MWAV,10.0,,10.0,,,1,1.0,1.0,2.0,10.0,10.0,10.0,3.0,,1.0,,10.0,1.0,1.0,7.0,10.0,6.0,1.0,,10.0,10.0,,,,2.0,,,10.0,4.0,10.0,10.0,,1.0,,,1.0,1.0,10.0,1.0,9.0,10.0,10.0,,,1.0,1.0,6,10.0,10,1
2006-11-09,77495,,11,3,3670.0,55403410,MWAV,M WAVE INC,MWAV,334220.0,Q,A,R,11447,3,3670.0,55403420.0,,,36.0,367.0,,,,,,,0.62,-0.114286,7053.0,0.25,0.7199,4372.86,MWAV,10.0,,10.0,,,1,1.0,1.0,2.0,10.0,10.0,10.0,3.0,,1.0,,10.0,1.0,1.0,7.0,10.0,6.0,1.0,,10.0,10.0,,,,2.0,,,10.0,4.0,10.0,10.0,,1.0,,,1.0,1.0,10.0,1.0,9.0,10.0,10.0,,,1.0,1.0,6,10.0,10,1
2006-11-10,77495,,11,3,3670.0,55403410,MWAV,M WAVE INC,MWAV,334220.0,Q,A,R,11447,3,3670.0,55403420.0,,,36.0,367.0,,,,,,,0.61,-0.016129,7053.0,0.25,0.62,4302.33,MWAV,10.0,,10.0,,,1,1.0,1.0,2.0,10.0,10.0,10.0,3.0,,1.0,,10.0,1.0,1.0,7.0,10.0,6.0,1.0,,10.0,10.0,,,,2.0,,,10.0,4.0,10.0,10.0,,1.0,,,1.0,1.0,10.0,1.0,9.0,10.0,10.0,,,1.0,1.0,6,10.0,10,1
2006-11-13,77495,,11,3,3670.0,55403410,MWAV,M WAVE INC,MWAV,334220.0,Q,A,R,11447,3,3670.0,55403420.0,,,36.0,367.0,,,,,,,0.72,0.180328,7053.0,0.25,0.603,5078.16,MWAV,10.0,,10.0,,,1,1.0,1.0,2.0,10.0,10.0,10.0,3.0,,1.0,,10.0,1.0,1.0,7.0,10.0,6.0,1.0,,10.0,10.0,,,,2.0,,,10.0,4.0,10.0,10.0,,1.0,,,1.0,1.0,10.0,1.0,9.0,10.0,10.0,,,1.0,1.0,6,10.0,10,1
2006-11-14,77495,,11,3,3670.0,55403410,MWAV,M WAVE INC,MWAV,334220.0,Q,A,R,11447,3,3670.0,55403420.0,,,36.0,367.0,,,,,,,0.74,0.027778,7053.0,0.25,0.7499,5219.22,MWAV,10.0,,10.0,,,1,1.0,1.0,2.0,10.0,10.0,10.0,3.0,,1.0,,10.0,1.0,1.0,7.0,10.0,6.0,1.0,,10.0,10.0,,,,2.0,,,10.0,4.0,10.0,10.0,,1.0,,,1.0,1.0,10.0,1.0,9.0,10.0,10.0,,,1.0,1.0,6,10.0,10,1
2006-11-15,77495,,11,3,3670.0,55403410,MWAV,M WAVE INC,MWAV,334220.0,Q,A,R,11447,3,3670.0,55403420.0,,,36.0,367.0,,,,,,,0.7,-0.054054,7053.0,0.25,0.7,4937.1,MWAV,10.0,,10.0,,,1,1.0,1.0,2.0,10.0,10.0,10.0,3.0,,1.0,,10.0,1.0,1.0,7.0,10.0,6.0,1.0,,10.0,10.0,,,,2.0,,,10.0,4.0,10.0,10.0,,1.0,,,1.0,1.0,10.0,1.0,9.0,10.0,10.0,,,1.0,1.0,6,10.0,10,1
2006-11-16,77495,,11,3,3670.0,55403410,MWAV,M WAVE INC,MWAV,334220.0,Q,A,R,11447,3,3670.0,55403420.0,,,36.0,367.0,,,,,,,0.67,-0.042857,7053.0,0.25,0.62,4725.51,MWAV,10.0,,10.0,,,1,1.0,1.0,2.0,10.0,10.0,10.0,3.0,,1.0,,10.0,1.0,1.0,7.0,10.0,6.0,1.0,,10.0,10.0,,,,2.0,,,10.0,4.0,10.0,10.0,,1.0,,,1.0,1.0,10.0,1.0,9.0,10.0,10.0,,,1.0,1.0,6,10.0,10,1
2006-11-17,77495,,11,3,3670.0,55403410,MWAV,M WAVE INC,MWAV,334220.0,Q,A,R,11447,3,3670.0,55403420.0,,,36.0,367.0,,,,,,,0.7,0.044776,7053.0,0.25,0.65,4937.1,MWAV,10.0,,10.0,,,1,1.0,1.0,2.0,10.0,10.0,10.0,3.0,,1.0,,10.0,1.0,1.0,7.0,10.0,6.0,1.0,,10.0,10.0,,,,2.0,,,10.0,4.0,10.0,10.0,,1.0,,,1.0,1.0,10.0,1.0,9.0,10.0,10.0,,,1.0,1.0,6,10.0,10,1
2006-11-20,77495,,11,3,3670.0,55403410,MWAV,M WAVE INC,MWAV,334220.0,Q,A,R,11447,3,3670.0,55403420.0,,,36.0,367.0,,,,,,,0.68,-0.028571,7053.0,0.25,0.6526,4796.04,MWAV,10.0,,10.0,,,1,1.0,1.0,2.0,10.0,10.0,10.0,3.0,,1.0,,10.0,1.0,1.0,7.0,10.0,6.0,1.0,,10.0,10.0,,,,2.0,,,10.0,4.0,10.0,10.0,,1.0,,,1.0,1.0,10.0,1.0,9.0,10.0,10.0,,,1.0,1.0,6,10.0,10,1
2006-11-21,77495,,11,3,3670.0,55403410,MWAV,M WAVE INC,MWAV,334220.0,Q,A,R,11447,3,3670.0,55403420.0,,,36.0,367.0,,,,,,,0.72,0.058824,7053.0,0.25,0.68,5078.16,MWAV,10.0,,10.0,,,1,1.0,1.0,2.0,10.0,10.0,10.0,3.0,,1.0,,10.0,1.0,1.0,7.0,10.0,6.0,1.0,,10.0,10.0,,,,2.0,,,10.0,4.0,10.0,10.0,,1.0,,,1.0,1.0,10.0,1.0,9.0,10.0,10.0,,,1.0,1.0,6,10.0,10,1
2006-11-22,77495,,11,3,3670.0,55403410,MWAV,M WAVE INC,MWAV,334220.0,Q,A,R,11447,3,3670.0,55403420.0,,,36.0,367.0,,,,,,,0.72,0.0,7053.0,0.25,0.72,5078.16,MWAV,10.0,,10.0,,,1,1.0,1.0,2.0,10.0,10.0,10.0,3.0,,1.0,,10.0,1.0,1.0,7.0,10.0,6.0,1.0,,10.0,10.0,,,,2.0,,,10.0,4.0,10.0,10.0,,1.0,,,1.0,1.0,10.0,1.0,9.0,10.0,10.0,,,1.0,1.0,6,10.0,10,1
2006-11-24,77495,,11,3,3670.0,55403410,MWAV,M WAVE INC,MWAV,334220.0,Q,A,R,11447,3,3670.0,55403420.0,,,36.0,367.0,,,,,,,0.71,-0.013889,7053.0,0.25,0.74,5007.63,MWAV,10.0,,10.0,,,1,1.0,1.0,2.0,10.0,10.0,10.0,3.0,,1.0,,10.0,1.0,1.0,7.0,10.0,6.0,1.0,,10.0,10.0,,,,2.0,,,10.0,4.0,10.0,10.0,,1.0,,,1.0,1.0,10.0,1.0,9.0,10.0,10.0,,,1.0,1.0,6,10.0,10,1
2006-11-27,77495,,11,3,3670.0,55403410,MWAV,M WAVE INC,MWAV,334220.0,Q,A,R,11447,3,3670.0,55403420.0,,,36.0,367.0,,,,,,,0.78,0.098592,7053.0,0.25,0.74,5501.34,MWAV,10.0,,10.0,,,1,1.0,1.0,2.0,10.0,10.0,10.0,3.0,,1.0,,10.0,1.0,1.0,7.0,10.0,6.0,1.0,,10.0,10.0,,,,2.0,,,10.0,4.0,10.0,10.0,,1.0,,,1.0,1.0,10.0,1.0,9.0,10.0,10.0,,,1.0,1.0,6,10.0,10,1
2006-11-28,77495,,11,3,3670.0,55403410,MWAV,M WAVE INC,MWAV,334220.0,Q,A,R,11447,3,3670.0,55403420.0,,,36.0,367.0,,,,,,,0.72,-0.076923,7053.0,0.25,0.85,5078.16,MWAV,10.0,,10.0,,,1,1.0,1.0,2.0,10.0,10.0,10.0,3.0,,1.0,,10.0,1.0,1.0,7.0,10.0,6.0,1.0,,10.0,10.0,,,,2.0,,,10.0,4.0,10.0,10.0,,1.0,,,1.0,1.0,10.0,1.0,9.0,10.0,10.0,,,1.0,1.0,6,10.0,10,1
2006-11-29,77495,,11,3,3670.0,55403410,MWAV,M WAVE INC,MWAV,334220.0,Q,A,R,11447,3,3670.0,55403420.0,,,36.0,367.0,,,,,,,0.77,0.069444,7053.0,0.25,0.81,5430.81,MWAV,10.0,,10.0,,,1,1.0,1.0,2.0,10.0,10.0,10.0,3.0,,1.0,,10.0,1.0,1.0,7.0,10.0,6.0,1.0,,10.0,10.0,,,,2.0,,,10.0,4.0,10.0,10.0,,1.0,,,1.0,1.0,10.0,1.0,9.0,10.0,10.0,,,1.0,1.0,6,10.0,10,1
2006-11-30,77495,,11,3,3670.0,55403410,MWAV,M WAVE INC,MWAV,334220.0,Q,A,R,11447,3,3670.0,55403420.0,,,36.0,367.0,,,,,,,0.7282,-0.054286,7053.0,0.25,0.688,5135.9946,MWAV,10.0,,10.0,,,1,1.0,1.0,2.0,10.0,10.0,10.0,3.0,,1.0,,10.0,1.0,1.0,7.0,10.0,6.0,1.0,,10.0,10.0,,,,2.0,,,10.0,4.0,10.0,10.0,,1.0,,,1.0,1.0,10.0,1.0,9.0,10.0,10.0,,,1.0,1.0,6,10.0,10,1
2006-12-01,77495,,11,3,3670.0,55403410,MWAV,M WAVE INC,MWAV,334220.0,Q,A,R,11447,3,3670.0,55403420.0,,,36.0,367.0,,,,,,,0.649,-0.108761,7053.0,0.25,0.673,4577.397,MWAV,10.0,,10.0,,,1,1.0,1.0,2.0,10.0,10.0,10.0,3.0,,1.0,,10.0,1.0,1.0,7.0,10.0,6.0,1.0,,10.0,10.0,,,,2.0,,,10.0,3.0,10.0,10.0,,1.0,,,1.0,1.0,1.0,1.0,9.0,1.0,1.0,,,3.0,1.0,6,6.0,10,1
2006-12-04,77495,,11,3,3670.0,55403410,MWAV,M WAVE INC,MWAV,334220.0,Q,A,R,11447,3,3670.0,55403420.0,,,36.0,367.0,,,,,,,0.66,0.016949,7053.0,0.25,0.6366,4654.98,MWAV,10.0,,10.0,,,1,1.0,1.0,2.0,10.0,10.0,10.0,3.0,,1.0,,10.0,1.0,1.0,7.0,10.0,6.0,1.0,,10.0,10.0,,,,2.0,,,10.0,3.0,10.0,10.0,,1.0,,,1.0,1.0,1.0,1.0,9.0,1.0,1.0,,,3.0,1.0,6,6.0,10,1
2006-12-05,77495,,11,3,3670.0,55403410,MWAV,M WAVE INC,MWAV,334220.0,Q,A,R,11447,3,3670.0,55403420.0,,,36.0,367.0,,,,,,,0.64,-0.030303,7053.0,0.25,0.68,4513.92,MWAV,10.0,,10.0,,,1,1.0,1.0,2.0,10.0,10.0,10.0,3.0,,1.0,,10.0,1.0,1.0,7.0,10.0,6.0,1.0,,10.0,10.0,,,,2.0,,,10.0,3.0,10.0,10.0,,1.0,,,1.0,1.0,1.0,1.0,9.0,1.0,1.0,,,3.0,1.0,6,6.0,10,1
2006-12-06,77495,,11,3,3670.0,55403410,MWAV,M WAVE INC,MWAV,334220.0,Q,A,R,11447,3,3670.0,55403420.0,,,36.0,367.0,,,,,,,0.63,-0.015625,7053.0,0.25,0.63,4443.39,MWAV,10.0,,10.0,,,1,1.0,1.0,2.0,10.0,10.0,10.0,3.0,,1.0,,10.0,1.0,1.0,7.0,10.0,6.0,1.0,,10.0,10.0,,,,2.0,,,10.0,3.0,10.0,10.0,,1.0,,,1.0,1.0,1.0,1.0,9.0,1.0,1.0,,,3.0,1.0,6,6.0,10,1
2006-12-07,77495,,11,3,3670.0,55403410,MWAV,M WAVE INC,MWAV,334220.0,Q,A,R,11447,3,3670.0,55403420.0,,,36.0,367.0,,,,,,,0.6299,-0.000159,7053.0,0.25,0.6,4442.6847,MWAV,10.0,,10.0,,,1,1.0,1.0,2.0,10.0,10.0,10.0,3.0,,1.0,,10.0,1.0,1.0,7.0,10.0,6.0,1.0,,10.0,10.0,,,,2.0,,,10.0,3.0,10.0,10.0,,1.0,,,1.0,1.0,1.0,1.0,9.0,1.0,1.0,,,3.0,1.0,6,6.0,10,1
2006-12-08,77495,,11,3,3670.0,55403410,MWAV,M WAVE INC,MWAV,334220.0,Q,A,R,11447,3,3670.0,55403420.0,,,36.0,367.0,,,,,,,0.6199,-0.015876,7053.0,0.25,0.591,4372.1547,MWAV,10.0,,10.0,,,1,1.0,1.0,2.0,10.0,10.0,10.0,3.0,,1.0,,10.0,1.0,1.0,7.0,10.0,6.0,1.0,,10.0,10.0,,,,2.0,,,10.0,3.0,10.0,10.0,,1.0,,,1.0,1.0,1.0,1.0,9.0,1.0,1.0,,,3.0,1.0,6,6.0,10,1
2006-12-11,77495,,11,3,3670.0,55403410,MWAV,M WAVE INC,MWAV,334220.0,Q,A,R,11447,3,3670.0,55403420.0,,,36.0,367.0,,,,,,,0.581,-0.062752,7053.0,0.25,0.581,4097.793,MWAV,10.0,,10.0,,,1,1.0,1.0,2.0,10.0,10.0,10.0,3.0,,1.0,,10.0,1.0,1.0,7.0,10.0,6.0,1.0,,10.0,10.0,,,,2.0,,,10.0,3.0,10.0,10.0,,1.0,,,1.0,1.0,1.0,1.0,9.0,1.0,1.0,,,3.0,1.0,6,6.0,10,1
2006-12-12,77495,,11,3,3670.0,55403410,MWAV,M WAVE INC,MWAV,334220.0,Q,A,R,11447,3,3670.0,55403420.0,,,36.0,367.0,,,,,,,0.59,0.015491,7053.0,0.25,0.561,4161.27,MWAV,10.0,,10.0,,,1,1.0,1.0,2.0,10.0,10.0,10.0,3.0,,1.0,,10.0,1.0,1.0,7.0,10.0,6.0,1.0,,10.0,10.0,,,,2.0,,,10.0,3.0,10.0,10.0,,1.0,,,1.0,1.0,1.0,1.0,9.0,1.0,1.0,,,3.0,1.0,6,6.0,10,1
2006-12-13,77495,,11,3,3670.0,55403410,MWAV,M WAVE INC,MWAV,334220.0,Q,A,R,11447,3,3670.0,55403420.0,,,36.0,367.0,,,,,,,0.67,0.135593,7053.0,0.25,0.6,4725.51,MWAV,10.0,,10.0,,,1,1.0,1.0,2.0,10.0,10.0,10.0,3.0,,1.0,,10.0,1.0,1.0,7.0,10.0,6.0,1.0,,10.0,10.0,,,,2.0,,,10.0,3.0,10.0,10.0,,1.0,,,1.0,1.0,1.0,1.0,9.0,1.0,1.0,,,3.0,1.0,6,6.0,10,1
2006-12-14,77495,,11,3,3670.0,55403410,MWAV,M WAVE INC,MWAV,334220.0,Q,A,R,11447,3,3670.0,55403420.0,,,36.0,367.0,,,,,,,0.74,0.104478,7053.0,0.25,0.68,5219.22,MWAV,10.0,,10.0,,,1,1.0,1.0,2.0,10.0,10.0,10.0,3.0,,1.0,,10.0,1.0,1.0,7.0,10.0,6.0,1.0,,10.0,10.0,,,,2.0,,,10.0,3.0,10.0,10.0,,1.0,,,1.0,1.0,1.0,1.0,9.0,1.0,1.0,,,3.0,1.0,6,6.0,10,1
2006-12-15,77495,,11,3,3670.0,55403410,MWAV,M WAVE INC,MWAV,334220.0,Q,A,R,11447,3,3670.0,55403420.0,,,36.0,367.0,,,,,,,0.71,-0.040541,7053.0,0.25,0.672,5007.63,MWAV,10.0,,10.0,,,1,1.0,1.0,2.0,10.0,10.0,10.0,3.0,,1.0,,10.0,1.0,1.0,7.0,10.0,6.0,1.0,,10.0,10.0,,,,2.0,,,10.0,3.0,10.0,10.0,,1.0,,,1.0,1.0,1.0,1.0,9.0,1.0,1.0,,,3.0,1.0,6,6.0,10,1
2006-12-18,77495,20070117.0,11,3,3670.0,55403420,MWAV,M WAVE INC,MWAVD,334220.0,Q,A,R,11447,3,3670.0,55403420.0,,,36.0,367.0,5523.0,0.0,-0.75,,,,2.77,-0.024648,1763.0,1.0,1.79,4883.51,MWAVD,10.0,,10.0,,,1,1.0,1.0,2.0,10.0,10.0,10.0,3.0,,1.0,,10.0,1.0,1.0,7.0,10.0,6.0,1.0,,10.0,10.0,,,,2.0,,,10.0,3.0,10.0,10.0,,1.0,,,1.0,1.0,1.0,1.0,9.0,1.0,1.0,,,3.0,1.0,6,6.0,10,1
2006-12-19,77495,,11,3,3670.0,55403420,MWAV,M WAVE INC,MWAVD,334220.0,Q,A,R,11447,3,3670.0,55403420.0,,,36.0,367.0,,,,,,,2.856,0.031047,1763.0,1.0,2.856,5035.128,MWAVD,10.0,,10.0,,,1,1.0,1.0,2.0,10.0,10.0,10.0,3.0,,1.0,,10.0,1.0,1.0,7.0,10.0,6.0,1.0,,10.0,10.0,,,,2.0,,,10.0,3.0,10.0,10.0,,1.0,,,1.0,1.0,1.0,1.0,9.0,1.0,1.0,,,3.0,1.0,6,6.0,10,1
2006-12-20,77495,,11,3,3670.0,55403420,MWAV,M WAVE INC,MWAVD,334220.0,Q,A,R,11447,3,3670.0,55403420.0,,,36.0,367.0,,,,,,,2.83,-0.009104,1763.0,1.0,2.83,4989.29,MWAVD,10.0,,10.0,,,1,1.0,1.0,2.0,10.0,10.0,10.0,3.0,,1.0,,10.0,1.0,1.0,7.0,10.0,6.0,1.0,,10.0,10.0,,,,2.0,,,10.0,3.0,10.0,10.0,,1.0,,,1.0,1.0,1.0,1.0,9.0,1.0,1.0,,,3.0,1.0,6,6.0,10,1
2006-12-21,77495,,11,3,3670.0,55403420,MWAV,M WAVE INC,MWAVD,334220.0,Q,A,R,11447,3,3670.0,55403420.0,,,36.0,367.0,,,,,,,2.7499,-0.028304,1763.0,1.0,2.05,4848.0737,MWAVD,10.0,,10.0,,,1,1.0,1.0,2.0,10.0,10.0,10.0,3.0,,1.0,,10.0,1.0,1.0,7.0,10.0,6.0,1.0,,10.0,10.0,,,,2.0,,,10.0,3.0,10.0,10.0,,1.0,,,1.0,1.0,1.0,1.0,9.0,1.0,1.0,,,3.0,1.0,6,6.0,10,1
2006-12-22,77495,,11,3,3670.0,55403420,MWAV,M WAVE INC,MWAVD,334220.0,Q,A,R,11447,3,3670.0,55403420.0,,,36.0,367.0,,,,,,,2.3,-0.163606,1763.0,1.0,2.48,4054.9,MWAVD,10.0,,10.0,,,1,1.0,1.0,2.0,10.0,10.0,10.0,3.0,,1.0,,10.0,1.0,1.0,7.0,10.0,6.0,1.0,,10.0,10.0,,,,2.0,,,10.0,3.0,10.0,10.0,,1.0,,,1.0,1.0,1.0,1.0,9.0,1.0,1.0,,,3.0,1.0,6,6.0,10,1
2006-12-26,77495,,11,3,3670.0,55403420,MWAV,M WAVE INC,MWAVD,334220.0,Q,A,R,11447,3,3670.0,55403420.0,,,36.0,367.0,,,,,,,2.07,-0.1,1763.0,1.0,2.4,3649.41,MWAVD,10.0,,10.0,,,1,1.0,1.0,2.0,10.0,10.0,10.0,3.0,,1.0,,10.0,1.0,1.0,7.0,10.0,6.0,1.0,,10.0,10.0,,,,2.0,,,10.0,3.0,10.0,10.0,,1.0,,,1.0,1.0,1.0,1.0,9.0,1.0,1.0,,,3.0,1.0,6,6.0,10,1
2006-12-27,77495,,11,3,3670.0,55403420,MWAV,M WAVE INC,MWAVD,334220.0,Q,A,R,11447,3,3670.0,55403420.0,,,36.0,367.0,,,,,,,2.06,-0.004831,1763.0,1.0,2.08,3631.78,MWAVD,10.0,,10.0,,,1,1.0,1.0,2.0,10.0,10.0,10.0,3.0,,1.0,,10.0,1.0,1.0,7.0,10.0,6.0,1.0,,10.0,10.0,,,,2.0,,,10.0,3.0,10.0,10.0,,1.0,,,1.0,1.0,1.0,1.0,9.0,1.0,1.0,,,3.0,1.0,6,6.0,10,1
2006-12-28,77495,,11,3,3670.0,55403420,MWAV,M WAVE INC,MWAVD,334220.0,Q,A,R,11447,3,3670.0,55403420.0,,,36.0,367.0,,,,,,,2.24,0.087379,1763.0,1.0,2.1,3949.12,MWAVD,10.0,,10.0,,,1,1.0,1.0,2.0,10.0,10.0,10.0,3.0,,1.0,,10.0,1.0,1.0,7.0,10.0,6.0,1.0,,10.0,10.0,,,,2.0,,,10.0,3.0,10.0,10.0,,1.0,,,1.0,1.0,1.0,1.0,9.0,1.0,1.0,,,3.0,1.0,6,6.0,10,1
2006-12-29,77495,,11,3,3670.0,55403420,MWAV,M WAVE INC,MWAVD,334220.0,Q,A,R,11447,3,3670.0,55403420.0,,,36.0,367.0,,,,,,,2.28,0.017857,1763.0,1.0,2.38,4019.64,MWAVD,10.0,,10.0,,,1,1.0,1.0,2.0,10.0,10.0,10.0,3.0,,1.0,,10.0,1.0,1.0,7.0,10.0,6.0,1.0,,10.0,10.0,,,,2.0,,,10.0,3.0,10.0,10.0,,1.0,,,1.0,1.0,1.0,1.0,9.0,1.0,1.0,,,3.0,1.0,6,6.0,10,1
2007-01-03,77495,,11,3,3670.0,55403420,MWAV,M WAVE INC,MWAVD,334220.0,Q,A,R,11447,3,3670.0,55403420.0,,,36.0,367.0,,,,,,,3.1,0.359649,1763.0,1.0,2.3,5465.3,MWAVD,10.0,,10.0,,,1,1.0,1.0,2.0,10.0,10.0,10.0,3.0,,1.0,,10.0,1.0,1.0,7.0,10.0,6.0,1.0,,10.0,10.0,,,,2.0,,,9.0,8.0,10.0,10.0,,1.0,,,1.0,1.0,10.0,1.0,9.0,10.0,10.0,,,8.0,1.0,6,4.0,10,1
2007-01-04,77495,,11,3,3670.0,55403420,MWAV,M WAVE INC,MWAVD,334220.0,Q,A,R,11447,3,3670.0,55403420.0,,,36.0,367.0,,,,,,,2.97,-0.041935,1763.0,1.0,3.3,5236.11,MWAVD,10.0,,10.0,,,1,1.0,1.0,2.0,10.0,10.0,10.0,3.0,,1.0,,10.0,1.0,1.0,7.0,10.0,6.0,1.0,,10.0,10.0,,,,2.0,,,9.0,8.0,10.0,10.0,,1.0,,,1.0,1.0,10.0,1.0,9.0,10.0,10.0,,,8.0,1.0,6,4.0,10,1
2007-01-05,77495,,11,3,3670.0,55403420,MWAV,M WAVE INC,MWAVD,334220.0,Q,A,R,11447,3,3670.0,55403420.0,,,36.0,367.0,,,,,,,2.46,-0.171717,1763.0,1.0,2.32,4336.98,MWAVD,10.0,,10.0,,,1,1.0,1.0,2.0,10.0,10.0,10.0,3.0,,1.0,,10.0,1.0,1.0,7.0,10.0,6.0,1.0,,10.0,10.0,,,,2.0,,,9.0,8.0,10.0,10.0,,1.0,,,1.0,1.0,10.0,1.0,9.0,10.0,10.0,,,8.0,1.0,6,4.0,10,1
2007-01-08,77495,,11,3,3670.0,55403420,MWAV,M WAVE INC,MWAVD,334220.0,Q,A,R,11447,3,3670.0,55403420.0,,,36.0,367.0,,,,,,,3.0,0.219512,1763.0,1.0,2.97,5289.0,MWAVD,10.0,,10.0,,,1,1.0,1.0,2.0,10.0,10.0,10.0,3.0,,1.0,,10.0,1.0,1.0,7.0,10.0,6.0,1.0,,10.0,10.0,,,,2.0,,,9.0,8.0,10.0,10.0,,1.0,,,1.0,1.0,10.0,1.0,9.0,10.0,10.0,,,8.0,1.0,6,4.0,10,1
2007-01-09,77495,,11,3,3670.0,55403420,MWAV,M WAVE INC,MWAVD,334220.0,Q,A,R,11447,3,3670.0,55403420.0,,,36.0,367.0,,,,,,,3.03,0.01,1763.0,1.0,3.29,5341.89,MWAVD,10.0,,10.0,,,1,1.0,1.0,2.0,10.0,10.0,10.0,3.0,,1.0,,10.0,1.0,1.0,7.0,10.0,6.0,1.0,,10.0,10.0,,,,2.0,,,9.0,8.0,10.0,10.0,,1.0,,,1.0,1.0,10.0,1.0,9.0,10.0,10.0,,,8.0,1.0,6,4.0,10,1
2007-01-10,77495,,11,3,3670.0,55403420,MWAV,M WAVE INC,MWAVD,334220.0,Q,A,R,11447,3,3670.0,55403420.0,,,36.0,367.0,,,,,,,3.26,0.075908,1763.0,1.0,3.03,5747.38,MWAVD,10.0,,10.0,,,1,1.0,1.0,2.0,10.0,10.0,10.0,3.0,,1.0,,10.0,1.0,1.0,7.0,10.0,6.0,1.0,,10.0,10.0,,,,2.0,,,9.0,8.0,10.0,10.0,,1.0,,,1.0,1.0,10.0,1.0,9.0,10.0,10.0,,,8.0,1.0,6,4.0,10,1
2007-01-11,77495,,11,3,3670.0,55403420,MWAV,M WAVE INC,MWAVD,334220.0,Q,A,R,11447,3,3670.0,55403420.0,,,36.0,367.0,,,,,,,3.24,-0.006135,1763.0,1.0,3.26,5712.12,MWAVD,10.0,,10.0,,,1,1.0,1.0,2.0,10.0,10.0,10.0,3.0,,1.0,,10.0,1.0,1.0,7.0,10.0,6.0,1.0,,10.0,10.0,,,,2.0,,,9.0,8.0,10.0,10.0,,1.0,,,1.0,1.0,10.0,1.0,9.0,10.0,10.0,,,8.0,1.0,6,4.0,10,1
2007-01-12,77495,,11,3,3670.0,55403420,MWAV,M WAVE INC,MWAVD,334220.0,Q,A,R,11447,3,3670.0,55403420.0,,,36.0,367.0,,,,,,,3.29,0.015432,1763.0,1.0,3.21,5800.27,MWAVD,10.0,,10.0,,,1,1.0,1.0,2.0,10.0,10.0,10.0,3.0,,1.0,,10.0,1.0,1.0,7.0,10.0,6.0,1.0,,10.0,10.0,,,,2.0,,,9.0,8.0,10.0,10.0,,1.0,,,1.0,1.0,10.0,1.0,9.0,10.0,10.0,,,8.0,1.0,6,4.0,10,1
2007-01-16,77495,,11,3,3670.0,55403420,MWAV,M WAVE INC,MWAVD,334220.0,Q,A,R,11447,3,3670.0,55403420.0,,,36.0,367.0,,,,,,,3.2,-0.027356,1763.0,1.0,3.29,5641.6,MWAVD,10.0,,10.0,,,1,1.0,1.0,2.0,10.0,10.0,10.0,3.0,,1.0,,10.0,1.0,1.0,7.0,10.0,6.0,1.0,,10.0,10.0,,,,2.0,,,9.0,8.0,10.0,10.0,,1.0,,,1.0,1.0,10.0,1.0,9.0,10.0,10.0,,,8.0,1.0,6,4.0,10,1
2007-01-17,77495,,11,3,3670.0,55403420,MWAV,M WAVE INC,MWAVD,334220.0,Q,A,R,11447,3,3670.0,55403420.0,,,36.0,367.0,,,,,,,3.29,0.028125,1763.0,1.0,3.065,5800.27,MWAVD,10.0,,10.0,,,1,1.0,1.0,2.0,10.0,10.0,10.0,3.0,,1.0,,10.0,1.0,1.0,7.0,10.0,6.0,1.0,,10.0,10.0,,,,2.0,,,9.0,8.0,10.0,10.0,,1.0,,,1.0,1.0,10.0,1.0,9.0,10.0,10.0,,,8.0,1.0,6,4.0,10,1
2007-01-18,77495,20080402.0,11,3,3670.0,55403420,MWAV,M WAVE INC,MWAV,334220.0,Q,A,R,11447,3,3670.0,55403420.0,,,36.0,367.0,,,,,,,3.28,-0.00304,1763.0,1.0,3.29,5782.64,MWAV,10.0,,10.0,,,1,1.0,1.0,2.0,10.0,10.0,10.0,3.0,,1.0,,10.0,1.0,1.0,7.0,10.0,6.0,1.0,,10.0,10.0,,,,2.0,,,9.0,8.0,10.0,10.0,,1.0,,,1.0,1.0,10.0,1.0,9.0,10.0,10.0,,,8.0,1.0,6,4.0,10,1
2007-01-19,77495,,11,3,3670.0,55403420,MWAV,M WAVE INC,MWAV,334220.0,Q,A,R,11447,3,3670.0,55403420.0,,,36.0,367.0,,,,,,,3.15,-0.039634,1763.0,1.0,3.0401,5553.45,MWAV,10.0,,10.0,,,1,1.0,1.0,2.0,10.0,10.0,10.0,3.0,,1.0,,10.0,1.0,1.0,7.0,10.0,6.0,1.0,,10.0,10.0,,,,2.0,,,9.0,8.0,10.0,10.0,,1.0,,,1.0,1.0,10.0,1.0,9.0,10.0,10.0,,,8.0,1.0,6,4.0,10,1
2007-01-22,77495,,11,3,3670.0,55403420,MWAV,M WAVE INC,MWAV,334220.0,Q,A,R,11447,3,3670.0,55403420.0,,,36.0,367.0,,,,,,,3.4,0.079365,1763.0,1.0,3.389,5994.2,MWAV,10.0,,10.0,,,1,1.0,1.0,2.0,10.0,10.0,10.0,3.0,,1.0,,10.0,1.0,1.0,7.0,10.0,6.0,1.0,,10.0,10.0,,,,2.0,,,9.0,8.0,10.0,10.0,,1.0,,,1.0,1.0,10.0,1.0,9.0,10.0,10.0,,,8.0,1.0,6,4.0,10,1
2007-01-23,77495,,11,3,3670.0,55403420,MWAV,M WAVE INC,MWAV,334220.0,Q,A,R,11447,3,3670.0,55403420.0,,,36.0,367.0,,,,,,,3.299,-0.029706,1763.0,1.0,3.37,5816.137,MWAV,10.0,,10.0,,,1,1.0,1.0,2.0,10.0,10.0,10.0,3.0,,1.0,,10.0,1.0,1.0,7.0,10.0,6.0,1.0,,10.0,10.0,,,,2.0,,,9.0,8.0,10.0,10.0,,1.0,,,1.0,1.0,10.0,1.0,9.0,10.0,10.0,,,8.0,1.0,6,4.0,10,1
2007-01-24,77495,,11,3,3670.0,55403420,MWAV,M WAVE INC,MWAV,334220.0,Q,A,R,11447,3,3670.0,55403420.0,,,36.0,367.0,,,,,,,3.48,0.054865,1763.0,1.0,3.28,6135.24,MWAV,10.0,,10.0,,,1,1.0,1.0,2.0,10.0,10.0,10.0,3.0,,1.0,,10.0,1.0,1.0,7.0,10.0,6.0,1.0,,10.0,10.0,,,,2.0,,,9.0,8.0,10.0,10.0,,1.0,,,1.0,1.0,10.0,1.0,9.0,10.0,10.0,,,8.0,1.0,6,4.0,10,1
2007-01-25,77495,,11,3,3670.0,55403420,MWAV,M WAVE INC,MWAV,334220.0,Q,A,R,11447,3,3670.0,55403420.0,,,36.0,367.0,,,,,,,3.485,0.001437,1763.0,1.0,3.138,6144.055,MWAV,10.0,,10.0,,,1,1.0,1.0,2.0,10.0,10.0,10.0,3.0,,1.0,,10.0,1.0,1.0,7.0,10.0,6.0,1.0,,10.0,10.0,,,,2.0,,,9.0,8.0,10.0,10.0,,1.0,,,1.0,1.0,10.0,1.0,9.0,10.0,10.0,,,8.0,1.0,6,4.0,10,1
2007-01-26,77495,,11,3,3670.0,55403420,MWAV,M WAVE INC,MWAV,334220.0,Q,A,R,11447,3,3670.0,55403420.0,,,36.0,367.0,,,,,,,3.45,-0.010043,1763.0,1.0,3.45,6082.35,MWAV,10.0,,10.0,,,1,1.0,1.0,2.0,10.0,10.0,10.0,3.0,,1.0,,10.0,1.0,1.0,7.0,10.0,6.0,1.0,,10.0,10.0,,,,2.0,,,9.0,8.0,10.0,10.0,,1.0,,,1.0,1.0,10.0,1.0,9.0,10.0,10.0,,,8.0,1.0,6,4.0,10,1
2007-01-29,77495,,11,3,3670.0,55403420,MWAV,M WAVE INC,MWAV,334220.0,Q,A,R,11447,3,3670.0,55403420.0,,,36.0,367.0,,,,,,,4.22,0.223188,1763.0,1.0,3.55,7439.86,MWAV,10.0,,10.0,,,1,1.0,1.0,2.0,10.0,10.0,10.0,3.0,,1.0,,10.0,1.0,1.0,7.0,10.0,6.0,1.0,,10.0,10.0,,,,2.0,,,9.0,8.0,10.0,10.0,,1.0,,,1.0,1.0,10.0,1.0,9.0,10.0,10.0,,,8.0,1.0,6,4.0,10,1
2007-01-30,77495,,11,3,3670.0,55403420,MWAV,M WAVE INC,MWAV,334220.0,Q,A,R,11447,3,3670.0,55403420.0,,,36.0,367.0,,,,,,,3.8,-0.099526,1763.0,1.0,4.22,6699.4,MWAV,10.0,,10.0,,,1,1.0,1.0,2.0,10.0,10.0,10.0,3.0,,1.0,,10.0,1.0,1.0,7.0,10.0,6.0,1.0,,10.0,10.0,,,,2.0,,,9.0,8.0,10.0,10.0,,1.0,,,1.0,1.0,10.0,1.0,9.0,10.0,10.0,,,8.0,1.0,6,4.0,10,1
2007-01-31,77495,,11,3,3670.0,55403420,MWAV,M WAVE INC,MWAV,334220.0,Q,A,R,11447,3,3670.0,55403420.0,,,36.0,367.0,,,,,,,3.92,0.031579,1763.0,1.0,4.08,6910.96,MWAV,10.0,,10.0,,,1,1.0,1.0,2.0,10.0,10.0,10.0,3.0,,1.0,,10.0,1.0,1.0,7.0,10.0,6.0,1.0,,10.0,10.0,,,,2.0,,,9.0,8.0,10.0,10.0,,1.0,,,1.0,1.0,10.0,1.0,9.0,10.0,10.0,,,8.0,1.0,6,4.0,10,1
2007-02-01,77495,,11,3,3670.0,55403420,MWAV,M WAVE INC,MWAV,334220.0,Q,A,R,11447,3,3670.0,55403420.0,,,36.0,367.0,,,,,,,3.62,-0.076531,1763.0,1.0,3.99,6382.06,MWAV,10.0,,10.0,,,1,1.0,1.0,2.0,10.0,10.0,10.0,3.0,,1.0,,10.0,1.0,1.0,7.0,10.0,6.0,1.0,,10.0,10.0,,,,3.0,,,10.0,2.0,10.0,10.0,,1.0,,,1.0,1.0,1.0,1.0,9.0,4.0,1.0,,,1.0,1.0,6,3.0,10,1
2007-02-02,77495,,11,3,3670.0,55403420,MWAV,M WAVE INC,MWAV,334220.0,Q,A,R,11447,3,3670.0,55403420.0,,,36.0,367.0,,,,,,,3.69,0.019337,1763.0,1.0,3.95,6505.47,MWAV,10.0,,10.0,,,1,1.0,1.0,2.0,10.0,10.0,10.0,3.0,,1.0,,10.0,1.0,1.0,7.0,10.0,6.0,1.0,,10.0,10.0,,,,3.0,,,10.0,2.0,10.0,10.0,,1.0,,,1.0,1.0,1.0,1.0,9.0,4.0,1.0,,,1.0,1.0,6,3.0,10,1
2007-02-05,77495,,11,3,3670.0,55403420,MWAV,M WAVE INC,MWAV,334220.0,Q,A,R,11447,3,3670.0,55403420.0,,,36.0,367.0,,,,,,,3.59,-0.0271,1763.0,1.0,3.63,6329.17,MWAV,10.0,,10.0,,,1,1.0,1.0,2.0,10.0,10.0,10.0,3.0,,1.0,,10.0,1.0,1.0,7.0,10.0,6.0,1.0,,10.0,10.0,,,,3.0,,,10.0,2.0,10.0,10.0,,1.0,,,1.0,1.0,1.0,1.0,9.0,4.0,1.0,,,1.0,1.0,6,3.0,10,1
2007-02-06,77495,,11,3,3670.0,55403420,MWAV,M WAVE INC,MWAV,334220.0,Q,A,R,11447,3,3670.0,55403420.0,,,36.0,367.0,,,,,,,3.4,-0.052925,1763.0,1.0,3.41,5994.2,MWAV,10.0,,10.0,,,1,1.0,1.0,2.0,10.0,10.0,10.0,3.0,,1.0,,10.0,1.0,1.0,7.0,10.0,6.0,1.0,,10.0,10.0,,,,3.0,,,10.0,2.0,10.0,10.0,,1.0,,,1.0,1.0,1.0,1.0,9.0,4.0,1.0,,,1.0,1.0,6,3.0,10,1
2007-02-07,77495,,11,3,3670.0,55403420,MWAV,M WAVE INC,MWAV,334220.0,Q,A,R,11447,3,3670.0,55403420.0,,,36.0,367.0,,,,,,,3.29,-0.032353,1763.0,1.0,3.74,5800.27,MWAV,10.0,,10.0,,,1,1.0,1.0,2.0,10.0,10.0,10.0,3.0,,1.0,,10.0,1.0,1.0,7.0,10.0,6.0,1.0,,10.0,10.0,,,,3.0,,,10.0,2.0,10.0,10.0,,1.0,,,1.0,1.0,1.0,1.0,9.0,4.0,1.0,,,1.0,1.0,6,3.0,10,1
2007-02-08,77495,,11,3,3670.0,55403420,MWAV,M WAVE INC,MWAV,334220.0,Q,A,R,11447,3,3670.0,55403420.0,,,36.0,367.0,,,,,,,3.22,-0.021277,1763.0,1.0,3.33,5676.86,MWAV,10.0,,10.0,,,1,1.0,1.0,2.0,10.0,10.0,10.0,3.0,,1.0,,10.0,1.0,1.0,7.0,10.0,6.0,1.0,,10.0,10.0,,,,3.0,,,10.0,2.0,10.0,10.0,,1.0,,,1.0,1.0,1.0,1.0,9.0,4.0,1.0,,,1.0,1.0,6,3.0,10,1
2007-02-09,77495,,11,3,3670.0,55403420,MWAV,M WAVE INC,MWAV,334220.0,Q,A,R,11447,3,3670.0,55403420.0,,,36.0,367.0,,,,,,,3.11,-0.034162,1763.0,1.0,3.13,5482.93,MWAV,10.0,,10.0,,,1,1.0,1.0,2.0,10.0,10.0,10.0,3.0,,1.0,,10.0,1.0,1.0,7.0,10.0,6.0,1.0,,10.0,10.0,,,,3.0,,,10.0,2.0,10.0,10.0,,1.0,,,1.0,1.0,1.0,1.0,9.0,4.0,1.0,,,1.0,1.0,6,3.0,10,1
2007-02-12,77495,,11,3,3670.0,55403420,MWAV,M WAVE INC,MWAV,334220.0,Q,A,R,11447,3,3670.0,55403420.0,,,36.0,367.0,,,,,,,3.1,-0.003215,1763.0,1.0,3.11,5465.3,MWAV,10.0,,10.0,,,1,1.0,1.0,2.0,10.0,10.0,10.0,3.0,,1.0,,10.0,1.0,1.0,7.0,10.0,6.0,1.0,,10.0,10.0,,,,3.0,,,10.0,2.0,10.0,10.0,,1.0,,,1.0,1.0,1.0,1.0,9.0,4.0,1.0,,,1.0,1.0,6,3.0,10,1
2007-02-13,77495,,11,3,3670.0,55403420,MWAV,M WAVE INC,MWAV,334220.0,Q,A,R,11447,3,3670.0,55403420.0,,,36.0,367.0,,,,,,,2.94,-0.051613,1763.0,1.0,2.86,5183.22,MWAV,10.0,,10.0,,,1,1.0,1.0,2.0,10.0,10.0,10.0,3.0,,1.0,,10.0,1.0,1.0,7.0,10.0,6.0,1.0,,10.0,10.0,,,,3.0,,,10.0,2.0,10.0,10.0,,1.0,,,1.0,1.0,1.0,1.0,9.0,4.0,1.0,,,1.0,1.0,6,3.0,10,1
2007-02-14,77495,,11,3,3670.0,55403420,MWAV,M WAVE INC,MWAV,334220.0,Q,A,R,11447,3,3670.0,55403420.0,,,36.0,367.0,,,,,,,3.53,0.20068,1763.0,1.0,2.8808,6223.39,MWAV,10.0,,10.0,,,1,1.0,1.0,2.0,10.0,10.0,10.0,3.0,,1.0,,10.0,1.0,1.0,7.0,10.0,6.0,1.0,,10.0,10.0,,,,3.0,,,10.0,2.0,10.0,10.0,,1.0,,,1.0,1.0,1.0,1.0,9.0,4.0,1.0,,,1.0,1.0,6,3.0,10,1
2007-02-15,77495,,11,3,3670.0,55403420,MWAV,M WAVE INC,MWAV,334220.0,Q,A,R,11447,3,3670.0,55403420.0,,,36.0,367.0,,,,,,,3.25,-0.07932,1763.0,1.0,3.3,5729.75,MWAV,10.0,,10.0,,,1,1.0,1.0,2.0,10.0,10.0,10.0,3.0,,1.0,,10.0,1.0,1.0,7.0,10.0,6.0,1.0,,10.0,10.0,,,,3.0,,,10.0,2.0,10.0,10.0,,1.0,,,1.0,1.0,1.0,1.0,9.0,4.0,1.0,,,1.0,1.0,6,3.0,10,1
2007-02-16,77495,,11,3,3670.0,55403420,MWAV,M WAVE INC,MWAV,334220.0,Q,A,R,11447,3,3670.0,55403420.0,,,36.0,367.0,,,,,,,3.395,0.044615,1763.0,1.0,3.52,5985.385,MWAV,10.0,,10.0,,,1,1.0,1.0,2.0,10.0,10.0,10.0,3.0,,1.0,,10.0,1.0,1.0,7.0,10.0,6.0,1.0,,10.0,10.0,,,,3.0,,,10.0,2.0,10.0,10.0,,1.0,,,1.0,1.0,1.0,1.0,9.0,4.0,1.0,,,1.0,1.0,6,3.0,10,1
2007-02-20,77495,,11,3,3670.0,55403420,MWAV,M WAVE INC,MWAV,334220.0,Q,A,R,11447,3,3670.0,55403420.0,,,36.0,367.0,,,,,,,3.48,0.025037,1763.0,1.0,3.4,6135.24,MWAV,10.0,,10.0,,,1,1.0,1.0,2.0,10.0,10.0,10.0,3.0,,1.0,,10.0,1.0,1.0,7.0,10.0,6.0,1.0,,10.0,10.0,,,,3.0,,,10.0,2.0,10.0,10.0,,1.0,,,1.0,1.0,1.0,1.0,9.0,4.0,1.0,,,1.0,1.0,6,3.0,10,1
2007-02-21,77495,,11,3,3670.0,55403420,MWAV,M WAVE INC,MWAV,334220.0,Q,A,R,11447,3,3670.0,55403420.0,,,36.0,367.0,,,,,,,3.2401,-0.068937,1763.0,1.0,3.49,5712.2963,MWAV,10.0,,10.0,,,1,1.0,1.0,2.0,10.0,10.0,10.0,3.0,,1.0,,10.0,1.0,1.0,7.0,10.0,6.0,1.0,,10.0,10.0,,,,3.0,,,10.0,2.0,10.0,10.0,,1.0,,,1.0,1.0,1.0,1.0,9.0,4.0,1.0,,,1.0,1.0,6,3.0,10,1
2007-02-22,77495,,11,3,3670.0,55403420,MWAV,M WAVE INC,MWAV,334220.0,Q,A,R,11447,3,3670.0,55403420.0,,,36.0,367.0,,,,,,,3.535,0.091016,1763.0,1.0,3.53,6232.205,MWAV,10.0,,10.0,,,1,1.0,1.0,2.0,10.0,10.0,10.0,3.0,,1.0,,10.0,1.0,1.0,7.0,10.0,6.0,1.0,,10.0,10.0,,,,3.0,,,10.0,2.0,10.0,10.0,,1.0,,,1.0,1.0,1.0,1.0,9.0,4.0,1.0,,,1.0,1.0,6,3.0,10,1
2007-02-23,77495,,11,3,3670.0,55403420,MWAV,M WAVE INC,MWAV,334220.0,Q,A,R,11447,3,3670.0,55403420.0,,,36.0,367.0,,,,,,,3.4,-0.03819,1763.0,1.0,3.54,5994.2,MWAV,10.0,,10.0,,,1,1.0,1.0,2.0,10.0,10.0,10.0,3.0,,1.0,,10.0,1.0,1.0,7.0,10.0,6.0,1.0,,10.0,10.0,,,,3.0,,,10.0,2.0,10.0,10.0,,1.0,,,1.0,1.0,1.0,1.0,9.0,4.0,1.0,,,1.0,1.0,6,3.0,10,1
2007-02-26,77495,,11,3,3670.0,55403420,MWAV,M WAVE INC,MWAV,334220.0,Q,A,R,11447,3,3670.0,55403420.0,,,36.0,367.0,,,,,,,3.41,0.002941,1763.0,1.0,3.3,6011.83,MWAV,10.0,,10.0,,,1,1.0,1.0,2.0,10.0,10.0,10.0,3.0,,1.0,,10.0,1.0,1.0,7.0,10.0,6.0,1.0,,10.0,10.0,,,,3.0,,,10.0,2.0,10.0,10.0,,1.0,,,1.0,1.0,1.0,1.0,9.0,4.0,1.0,,,1.0,1.0,6,3.0,10,1
2007-02-27,77495,,11,3,3670.0,55403420,MWAV,M WAVE INC,MWAV,334220.0,Q,A,R,11447,3,3670.0,55403420.0,,,36.0,367.0,,,,,,,3.47,0.017595,1763.0,1.0,3.39,6117.61,MWAV,10.0,,10.0,,,1,1.0,1.0,2.0,10.0,10.0,10.0,3.0,,1.0,,10.0,1.0,1.0,7.0,10.0,6.0,1.0,,10.0,10.0,,,,3.0,,,10.0,2.0,10.0,10.0,,1.0,,,1.0,1.0,1.0,1.0,9.0,4.0,1.0,,,1.0,1.0,6,3.0,10,1
2007-02-28,77495,,11,3,3670.0,55403420,MWAV,M WAVE INC,MWAV,334220.0,Q,A,R,11447,3,3670.0,55403420.0,,,36.0,367.0,,,,,,,3.32,-0.043228,1763.0,1.0,3.28,5853.16,MWAV,10.0,,10.0,,,1,1.0,1.0,2.0,10.0,10.0,10.0,3.0,,1.0,,10.0,1.0,1.0,7.0,10.0,6.0,1.0,,10.0,10.0,,,,3.0,,,10.0,2.0,10.0,10.0,,1.0,,,1.0,1.0,1.0,1.0,9.0,4.0,1.0,,,1.0,1.0,6,3.0,10,1
2007-03-01,77495,,11,3,3670.0,55403420,MWAV,M WAVE INC,MWAV,334220.0,Q,A,R,11447,3,3670.0,55403420.0,,,36.0,367.0,,,,,,,3.2624,-0.017349,1763.0,1.0,3.29,5751.6112,MWAV,10.0,,10.0,,,1,1.0,1.0,2.0,10.0,10.0,10.0,3.0,,1.0,,10.0,1.0,1.0,7.0,10.0,6.0,1.0,,10.0,10.0,,,,2.0,,,10.0,9.0,10.0,10.0,,1.0,,,,,10.0,1.0,10.0,10.0,10.0,,,1.0,1.0,6,4.0,10,1
2007-03-02,77495,,11,3,3670.0,55403420,MWAV,M WAVE INC,MWAV,334220.0,Q,A,R,11447,3,3670.0,55403420.0,,,36.0,367.0,,,,,,,3.31,0.01459,1763.0,1.0,3.3,5835.53,MWAV,10.0,,10.0,,,1,1.0,1.0,2.0,10.0,10.0,10.0,3.0,,1.0,,10.0,1.0,1.0,7.0,10.0,6.0,1.0,,10.0,10.0,,,,2.0,,,10.0,9.0,10.0,10.0,,1.0,,,,,10.0,1.0,10.0,10.0,10.0,,,1.0,1.0,6,4.0,10,1
2007-03-05,77495,,11,3,3670.0,55403420,MWAV,M WAVE INC,MWAV,334220.0,Q,A,R,11447,3,3670.0,55403420.0,,,36.0,367.0,,,,,,,3.35,0.012085,1763.0,1.0,3.31,5906.05,MWAV,10.0,,10.0,,,1,1.0,1.0,2.0,10.0,10.0,10.0,3.0,,1.0,,10.0,1.0,1.0,7.0,10.0,6.0,1.0,,10.0,10.0,,,,2.0,,,10.0,9.0,10.0,10.0,,1.0,,,,,10.0,1.0,10.0,10.0,10.0,,,1.0,1.0,6,4.0,10,1
2007-03-06,77495,,11,3,3670.0,55403420,MWAV,M WAVE INC,MWAV,334220.0,Q,A,R,11447,3,3670.0,55403420.0,,,36.0,367.0,,,,,,,3.41,0.017911,1763.0,1.0,3.25,6011.83,MWAV,10.0,,10.0,,,1,1.0,1.0,2.0,10.0,10.0,10.0,3.0,,1.0,,10.0,1.0,1.0,7.0,10.0,6.0,1.0,,10.0,10.0,,,,2.0,,,10.0,9.0,10.0,10.0,,1.0,,,,,10.0,1.0,10.0,10.0,10.0,,,1.0,1.0,6,4.0,10,1
2007-03-07,77495,,11,3,3670.0,55403420,MWAV,M WAVE INC,MWAV,334220.0,Q,A,R,11447,3,3670.0,55403420.0,,,36.0,367.0,,,,,,,3.65,0.070381,1763.0,1.0,3.5,6434.95,MWAV,10.0,,10.0,,,1,1.0,1.0,2.0,10.0,10.0,10.0,3.0,,1.0,,10.0,1.0,1.0,7.0,10.0,6.0,1.0,,10.0,10.0,,,,2.0,,,10.0,9.0,10.0,10.0,,1.0,,,,,10.0,1.0,10.0,10.0,10.0,,,1.0,1.0,6,4.0,10,1
2007-03-08,77495,,11,3,3670.0,55403420,MWAV,M WAVE INC,MWAV,334220.0,Q,A,R,11447,3,3670.0,55403420.0,,,36.0,367.0,,,,,,,3.53,-0.032877,1763.0,1.0,3.45,6223.39,MWAV,10.0,,10.0,,,1,1.0,1.0,2.0,10.0,10.0,10.0,3.0,,1.0,,10.0,1.0,1.0,7.0,10.0,6.0,1.0,,10.0,10.0,,,,2.0,,,10.0,9.0,10.0,10.0,,1.0,,,,,10.0,1.0,10.0,10.0,10.0,,,1.0,1.0,6,4.0,10,1
2007-03-09,77495,,11,3,3670.0,55403420,MWAV,M WAVE INC,MWAV,334220.0,Q,A,R,11447,3,3670.0,55403420.0,,,36.0,367.0,,,,,,,3.6,0.01983,1763.0,1.0,3.51,6346.8,MWAV,10.0,,10.0,,,1,1.0,1.0,2.0,10.0,10.0,10.0,3.0,,1.0,,10.0,1.0,1.0,7.0,10.0,6.0,1.0,,10.0,10.0,,,,2.0,,,10.0,9.0,10.0,10.0,,1.0,,,,,10.0,1.0,10.0,10.0,10.0,,,1.0,1.0,6,4.0,10,1
2007-03-12,77495,,11,3,3670.0,55403420,MWAV,M WAVE INC,MWAV,334220.0,Q,A,R,11447,3,3670.0,55403420.0,,,36.0,367.0,,,,,,,3.6,0.0,1763.0,1.0,3.6,6346.8,MWAV,10.0,,10.0,,,1,1.0,1.0,2.0,10.0,10.0,10.0,3.0,,1.0,,10.0,1.0,1.0,7.0,10.0,6.0,1.0,,10.0,10.0,,,,2.0,,,10.0,9.0,10.0,10.0,,1.0,,,,,10.0,1.0,10.0,10.0,10.0,,,1.0,1.0,6,4.0,10,1
2007-03-13,77495,,11,3,3670.0,55403420,MWAV,M WAVE INC,MWAV,334220.0,Q,A,R,11447,3,3670.0,55403420.0,,,36.0,367.0,,,,,,,3.5999,-2.8e-05,1763.0,1.0,3.3501,6346.6237,MWAV,10.0,,10.0,,,1,1.0,1.0,2.0,10.0,10.0,10.0,3.0,,1.0,,10.0,1.0,1.0,7.0,10.0,6.0,1.0,,10.0,10.0,,,,2.0,,,10.0,9.0,10.0,10.0,,1.0,,,,,10.0,1.0,10.0,10.0,10.0,,,1.0,1.0,6,4.0,10,1
2007-03-14,77495,,11,3,3670.0,55403420,MWAV,M WAVE INC,MWAV,334220.0,Q,A,R,11447,3,3670.0,55403420.0,,,36.0,367.0,,,,,,,3.26,-0.094419,1763.0,1.0,3.42,5747.38,MWAV,10.0,,10.0,,,1,1.0,1.0,2.0,10.0,10.0,10.0,3.0,,1.0,,10.0,1.0,1.0,7.0,10.0,6.0,1.0,,10.0,10.0,,,,2.0,,,10.0,9.0,10.0,10.0,,1.0,,,,,10.0,1.0,10.0,10.0,10.0,,,1.0,1.0,6,4.0,10,1
2007-03-15,77495,,11,3,3670.0,55403420,MWAV,M WAVE INC,MWAV,334220.0,Q,A,R,11447,3,3670.0,55403420.0,,,36.0,367.0,,,,,,,3.58,0.098159,1763.0,1.0,3.52,6311.54,MWAV,10.0,,10.0,,,1,1.0,1.0,2.0,10.0,10.0,10.0,3.0,,1.0,,10.0,1.0,1.0,7.0,10.0,6.0,1.0,,10.0,10.0,,,,2.0,,,10.0,9.0,10.0,10.0,,1.0,,,,,10.0,1.0,10.0,10.0,10.0,,,1.0,1.0,6,4.0,10,1
2007-03-16,77495,,11,3,3670.0,55403420,MWAV,M WAVE INC,MWAV,334220.0,Q,A,R,11447,3,3670.0,55403420.0,,,36.0,367.0,,,,,,,-3.465,-0.032123,1763.0,1.0,,-6108.795,MWAV,10.0,,10.0,,,1,1.0,1.0,2.0,10.0,10.0,10.0,3.0,,1.0,,10.0,1.0,1.0,7.0,10.0,6.0,1.0,,10.0,10.0,,,,2.0,,,10.0,9.0,10.0,10.0,,1.0,,,,,10.0,1.0,10.0,10.0,10.0,,,1.0,1.0,6,4.0,10,1
2007-03-19,77495,,11,3,3670.0,55403420,MWAV,M WAVE INC,MWAV,334220.0,Q,A,R,11447,3,3670.0,55403420.0,,,36.0,367.0,,,,,,,3.25,-0.062049,1763.0,1.0,2.85,5729.75,MWAV,10.0,,10.0,,,1,1.0,1.0,2.0,10.0,10.0,10.0,3.0,,1.0,,10.0,1.0,1.0,7.0,10.0,6.0,1.0,,10.0,10.0,,,,2.0,,,10.0,9.0,10.0,10.0,,1.0,,,,,10.0,1.0,10.0,10.0,10.0,,,1.0,1.0,6,4.0,10,1
2007-03-20,77495,,11,3,3670.0,55403420,MWAV,M WAVE INC,MWAV,334220.0,Q,A,R,11447,3,3670.0,55403420.0,,,36.0,367.0,,,,,,,3.25,0.0,1763.0,1.0,3.29,5729.75,MWAV,10.0,,10.0,,,1,1.0,1.0,2.0,10.0,10.0,10.0,3.0,,1.0,,10.0,1.0,1.0,7.0,10.0,6.0,1.0,,10.0,10.0,,,,2.0,,,10.0,9.0,10.0,10.0,,1.0,,,,,10.0,1.0,10.0,10.0,10.0,,,1.0,1.0,6,4.0,10,1
2007-03-21,77495,,11,3,3670.0,55403420,MWAV,M WAVE INC,MWAV,334220.0,Q,A,R,11447,3,3670.0,55403420.0,,,36.0,367.0,,,,,,,3.33,0.024615,1763.0,1.0,3.29,5870.79,MWAV,10.0,,10.0,,,1,1.0,1.0,2.0,10.0,10.0,10.0,3.0,,1.0,,10.0,1.0,1.0,7.0,10.0,6.0,1.0,,10.0,10.0,,,,2.0,,,10.0,9.0,10.0,10.0,,1.0,,,,,10.0,1.0,10.0,10.0,10.0,,,1.0,1.0,6,4.0,10,1
2007-03-22,77495,,11,3,3670.0,55403420,MWAV,M WAVE INC,MWAV,334220.0,Q,A,R,11447,3,3670.0,55403420.0,,,36.0,367.0,,,,,,,3.22,-0.033033,1763.0,1.0,3.21,5676.86,MWAV,10.0,,10.0,,,1,1.0,1.0,2.0,10.0,10.0,10.0,3.0,,1.0,,10.0,1.0,1.0,7.0,10.0,6.0,1.0,,10.0,10.0,,,,2.0,,,10.0,9.0,10.0,10.0,,1.0,,,,,10.0,1.0,10.0,10.0,10.0,,,1.0,1.0,6,4.0,10,1
2007-03-23,77495,,11,3,3670.0,55403420,MWAV,M WAVE INC,MWAV,334220.0,Q,A,R,11447,3,3670.0,55403420.0,,,36.0,367.0,,,,,,,3.7,0.149068,1763.0,1.0,3.54,6523.1,MWAV,10.0,,10.0,,,1,1.0,1.0,2.0,10.0,10.0,10.0,3.0,,1.0,,10.0,1.0,1.0,7.0,10.0,6.0,1.0,,10.0,10.0,,,,2.0,,,10.0,9.0,10.0,10.0,,1.0,,,,,10.0,1.0,10.0,10.0,10.0,,,1.0,1.0,6,4.0,10,1
2007-03-26,77495,,11,3,3670.0,55403420,MWAV,M WAVE INC,MWAV,334220.0,Q,A,R,11447,3,3670.0,55403420.0,,,36.0,367.0,,,,,,,3.86,0.043243,1763.0,1.0,4.07,6805.18,MWAV,10.0,,10.0,,,1,1.0,1.0,2.0,10.0,10.0,10.0,3.0,,1.0,,10.0,1.0,1.0,7.0,10.0,6.0,1.0,,10.0,10.0,,,,2.0,,,10.0,9.0,10.0,10.0,,1.0,,,,,10.0,1.0,10.0,10.0,10.0,,,1.0,1.0,6,4.0,10,1
2007-03-27,77495,,11,3,3670.0,55403420,MWAV,M WAVE INC,MWAV,334220.0,Q,A,R,11447,3,3670.0,55403420.0,,,36.0,367.0,,,,,,,3.59,-0.069948,1763.0,1.0,3.76,6329.17,MWAV,10.0,,10.0,,,1,1.0,1.0,2.0,10.0,10.0,10.0,3.0,,1.0,,10.0,1.0,1.0,7.0,10.0,6.0,1.0,,10.0,10.0,,,,2.0,,,10.0,9.0,10.0,10.0,,1.0,,,,,10.0,1.0,10.0,10.0,10.0,,,1.0,1.0,6,4.0,10,1
2007-03-28,77495,,11,3,3670.0,55403420,MWAV,M WAVE INC,MWAV,334220.0,Q,A,R,11447,3,3670.0,55403420.0,,,36.0,367.0,,,,,,,3.43,-0.044568,1763.0,1.0,3.72,6047.09,MWAV,10.0,,10.0,,,1,1.0,1.0,2.0,10.0,10.0,10.0,3.0,,1.0,,10.0,1.0,1.0,7.0,10.0,6.0,1.0,,10.0,10.0,,,,2.0,,,10.0,9.0,10.0,10.0,,1.0,,,,,10.0,1.0,10.0,10.0,10.0,,,1.0,1.0,6,4.0,10,1
2007-03-29,77495,,11,3,3670.0,55403420,MWAV,M WAVE INC,MWAV,334220.0,Q,A,R,11447,3,3670.0,55403420.0,,,36.0,367.0,,,,,,,3.43,0.0,1763.0,1.0,3.43,6047.09,MWAV,10.0,,10.0,,,1,1.0,1.0,2.0,10.0,10.0,10.0,3.0,,1.0,,10.0,1.0,1.0,7.0,10.0,6.0,1.0,,10.0,10.0,,,,2.0,,,10.0,9.0,10.0,10.0,,1.0,,,,,10.0,1.0,10.0,10.0,10.0,,,1.0,1.0,6,4.0,10,1
2007-03-30,77495,,11,3,3670.0,55403420,MWAV,M WAVE INC,MWAV,334220.0,Q,A,R,11447,3,3670.0,55403420.0,,,36.0,367.0,,,,,,,3.64,0.061225,1763.0,1.0,3.43,6417.32,MWAV,10.0,,10.0,,,1,1.0,1.0,2.0,10.0,10.0,10.0,3.0,,1.0,,10.0,1.0,1.0,7.0,10.0,6.0,1.0,,10.0,10.0,,,,2.0,,,10.0,9.0,10.0,10.0,,1.0,,,,,10.0,1.0,10.0,10.0,10.0,,,1.0,1.0,6,4.0,10,1
2007-04-02,77495,,11,3,3670.0,55403420,MWAV,M WAVE INC,MWAV,334220.0,Q,A,R,11447,3,3670.0,55403420.0,,,36.0,367.0,,,,,,,3.46,-0.049451,1763.0,1.0,3.7,6099.98,MWAV,10.0,,10.0,,,1,1.0,1.0,2.0,10.0,10.0,10.0,3.0,,1.0,,10.0,1.0,1.0,7.0,10.0,6.0,1.0,,10.0,10.0,,,,1.0,,,10.0,7.0,10.0,10.0,,1.0,,,,,2.0,1.0,10.0,1.0,1.0,,,1.0,1.0,6,7.0,10,1
2007-04-03,77495,,11,3,3670.0,55403420,MWAV,M WAVE INC,MWAV,334220.0,Q,A,R,11447,3,3670.0,55403420.0,,,36.0,367.0,,,,,,,3.25,-0.060694,1763.0,1.0,3.25,5729.75,MWAV,10.0,,10.0,,,1,1.0,1.0,2.0,10.0,10.0,10.0,3.0,,1.0,,10.0,1.0,1.0,7.0,10.0,6.0,1.0,,10.0,10.0,,,,1.0,,,10.0,7.0,10.0,10.0,,1.0,,,,,2.0,1.0,10.0,1.0,1.0,,,1.0,1.0,6,7.0,10,1
2007-04-04,77495,,11,3,3670.0,55403420,MWAV,M WAVE INC,MWAV,334220.0,Q,A,R,11447,3,3670.0,55403420.0,,,36.0,367.0,,,,,,,3.408,0.048615,1763.0,1.0,3.28,6008.304,MWAV,10.0,,10.0,,,1,1.0,1.0,2.0,10.0,10.0,10.0,3.0,,1.0,,10.0,1.0,1.0,7.0,10.0,6.0,1.0,,10.0,10.0,,,,1.0,,,10.0,7.0,10.0,10.0,,1.0,,,,,2.0,1.0,10.0,1.0,1.0,,,1.0,1.0,6,7.0,10,1
2007-04-05,77495,,11,3,3670.0,55403420,MWAV,M WAVE INC,MWAV,334220.0,Q,A,R,11447,3,3670.0,55403420.0,,,36.0,367.0,,,,,,,3.59,0.053404,1763.0,1.0,3.58,6329.17,MWAV,10.0,,10.0,,,1,1.0,1.0,2.0,10.0,10.0,10.0,3.0,,1.0,,10.0,1.0,1.0,7.0,10.0,6.0,1.0,,10.0,10.0,,,,1.0,,,10.0,7.0,10.0,10.0,,1.0,,,,,2.0,1.0,10.0,1.0,1.0,,,1.0,1.0,6,7.0,10,1
2007-04-09,77495,,11,3,3670.0,55403420,MWAV,M WAVE INC,MWAV,334220.0,Q,A,R,11447,3,3670.0,55403420.0,,,36.0,367.0,,,,,,,3.44,-0.041783,1763.0,1.0,3.48,6064.72,MWAV,10.0,,10.0,,,1,1.0,1.0,2.0,10.0,10.0,10.0,3.0,,1.0,,10.0,1.0,1.0,7.0,10.0,6.0,1.0,,10.0,10.0,,,,1.0,,,10.0,7.0,10.0,10.0,,1.0,,,,,2.0,1.0,10.0,1.0,1.0,,,1.0,1.0,6,7.0,10,1
2007-04-10,77495,,11,3,3670.0,55403420,MWAV,M WAVE INC,MWAV,334220.0,Q,A,R,11447,3,3670.0,55403420.0,,,36.0,367.0,,,,,,,3.49,0.014535,1763.0,1.0,3.33,6152.87,MWAV,10.0,,10.0,,,1,1.0,1.0,2.0,10.0,10.0,10.0,3.0,,1.0,,10.0,1.0,1.0,7.0,10.0,6.0,1.0,,10.0,10.0,,,,1.0,,,10.0,7.0,10.0,10.0,,1.0,,,,,2.0,1.0,10.0,1.0,1.0,,,1.0,1.0,6,7.0,10,1
2007-04-11,77495,,11,3,3670.0,55403420,MWAV,M WAVE INC,MWAV,334220.0,Q,A,R,11447,3,3670.0,55403420.0,,,36.0,367.0,,,,,,,3.42,-0.020057,1763.0,1.0,3.37,6029.46,MWAV,10.0,,10.0,,,1,1.0,1.0,2.0,10.0,10.0,10.0,3.0,,1.0,,10.0,1.0,1.0,7.0,10.0,6.0,1.0,,10.0,10.0,,,,1.0,,,10.0,7.0,10.0,10.0,,1.0,,,,,2.0,1.0,10.0,1.0,1.0,,,1.0,1.0,6,7.0,10,1
2007-04-12,77495,,11,3,3670.0,55403420,MWAV,M WAVE INC,MWAV,334220.0,Q,A,R,11447,3,3670.0,55403420.0,,,36.0,367.0,,,,,,,3.44,0.005848,1763.0,1.0,3.4,6064.72,MWAV,10.0,,10.0,,,1,1.0,1.0,2.0,10.0,10.0,10.0,3.0,,1.0,,10.0,1.0,1.0,7.0,10.0,6.0,1.0,,10.0,10.0,,,,1.0,,,10.0,7.0,10.0,10.0,,1.0,,,,,2.0,1.0,10.0,1.0,1.0,,,1.0,1.0,6,7.0,10,1
2007-04-13,77495,,11,3,3670.0,55403420,MWAV,M WAVE INC,MWAV,334220.0,Q,A,R,11447,3,3670.0,55403420.0,,,36.0,367.0,,,,,,,3.435,-0.001454,1763.0,1.0,3.29,6055.905,MWAV,10.0,,10.0,,,1,1.0,1.0,2.0,10.0,10.0,10.0,3.0,,1.0,,10.0,1.0,1.0,7.0,10.0,6.0,1.0,,10.0,10.0,,,,1.0,,,10.0,7.0,10.0,10.0,,1.0,,,,,2.0,1.0,10.0,1.0,1.0,,,1.0,1.0,6,7.0,10,1
2007-04-16,77495,,11,3,3670.0,55403420,MWAV,M WAVE INC,MWAV,334220.0,Q,A,R,11447,3,3670.0,55403420.0,,,36.0,367.0,,,,,,,3.26,-0.050946,1763.0,1.0,3.42,5747.38,MWAV,10.0,,10.0,,,1,1.0,1.0,2.0,10.0,10.0,10.0,3.0,,1.0,,10.0,1.0,1.0,7.0,10.0,6.0,1.0,,10.0,10.0,,,,1.0,,,10.0,7.0,10.0,10.0,,1.0,,,,,2.0,1.0,10.0,1.0,1.0,,,1.0,1.0,6,7.0,10,1
2007-04-17,77495,,11,3,3670.0,55403420,MWAV,M WAVE INC,MWAV,334220.0,Q,A,R,11447,3,3670.0,55403420.0,,,36.0,367.0,,,,,,,3.37,0.033742,1763.0,1.0,3.3,5941.31,MWAV,10.0,,10.0,,,1,1.0,1.0,2.0,10.0,10.0,10.0,3.0,,1.0,,10.0,1.0,1.0,7.0,10.0,6.0,1.0,,10.0,10.0,,,,1.0,,,10.0,7.0,10.0,10.0,,1.0,,,,,2.0,1.0,10.0,1.0,1.0,,,1.0,1.0,6,7.0,10,1
2007-04-18,77495,,11,3,3670.0,55403420,MWAV,M WAVE INC,MWAV,334220.0,Q,A,R,11447,3,3670.0,55403420.0,,,36.0,367.0,,,,,,,3.39,0.005935,1763.0,1.0,3.35,5976.57,MWAV,10.0,,10.0,,,1,1.0,1.0,2.0,10.0,10.0,10.0,3.0,,1.0,,10.0,1.0,1.0,7.0,10.0,6.0,1.0,,10.0,10.0,,,,1.0,,,10.0,7.0,10.0,10.0,,1.0,,,,,2.0,1.0,10.0,1.0,1.0,,,1.0,1.0,6,7.0,10,1
2007-04-19,77495,,11,3,3670.0,55403420,MWAV,M WAVE INC,MWAV,334220.0,Q,A,R,11447,3,3670.0,55403420.0,,,36.0,367.0,,,,,,,3.27,-0.035398,1763.0,1.0,3.27,5765.01,MWAV,10.0,,10.0,,,1,1.0,1.0,2.0,10.0,10.0,10.0,3.0,,1.0,,10.0,1.0,1.0,7.0,10.0,6.0,1.0,,10.0,10.0,,,,1.0,,,10.0,7.0,10.0,10.0,,1.0,,,,,2.0,1.0,10.0,1.0,1.0,,,1.0,1.0,6,7.0,10,1
2007-04-20,77495,,11,3,3670.0,55403420,MWAV,M WAVE INC,MWAV,334220.0,Q,A,R,11447,3,3670.0,55403420.0,,,36.0,367.0,,,,,,,3.2,-0.021407,1763.0,1.0,3.22,5641.6,MWAV,10.0,,10.0,,,1,1.0,1.0,2.0,10.0,10.0,10.0,3.0,,1.0,,10.0,1.0,1.0,7.0,10.0,6.0,1.0,,10.0,10.0,,,,1.0,,,10.0,7.0,10.0,10.0,,1.0,,,,,2.0,1.0,10.0,1.0,1.0,,,1.0,1.0,6,7.0,10,1
2007-04-23,77495,,11,3,3670.0,55403420,MWAV,M WAVE INC,MWAV,334220.0,Q,A,R,11447,3,3670.0,55403420.0,,,36.0,367.0,,,,,,,3.34,0.04375,1763.0,1.0,3.33,5888.42,MWAV,10.0,,10.0,,,1,1.0,1.0,2.0,10.0,10.0,10.0,3.0,,1.0,,10.0,1.0,1.0,7.0,10.0,6.0,1.0,,10.0,10.0,,,,1.0,,,10.0,7.0,10.0,10.0,,1.0,,,,,2.0,1.0,10.0,1.0,1.0,,,1.0,1.0,6,7.0,10,1
2007-04-24,77495,,11,3,3670.0,55403420,MWAV,M WAVE INC,MWAV,334220.0,Q,A,R,11447,3,3670.0,55403420.0,,,36.0,367.0,,,,,,,3.26,-0.023952,1763.0,1.0,3.21,5747.38,MWAV,10.0,,10.0,,,1,1.0,1.0,2.0,10.0,10.0,10.0,3.0,,1.0,,10.0,1.0,1.0,7.0,10.0,6.0,1.0,,10.0,10.0,,,,1.0,,,10.0,7.0,10.0,10.0,,1.0,,,,,2.0,1.0,10.0,1.0,1.0,,,1.0,1.0,6,7.0,10,1
2007-04-25,77495,,11,3,3670.0,55403420,MWAV,M WAVE INC,MWAV,334220.0,Q,A,R,11447,3,3670.0,55403420.0,,,36.0,367.0,,,,,,,3.36,0.030675,1763.0,1.0,3.25,5923.68,MWAV,10.0,,10.0,,,1,1.0,1.0,2.0,10.0,10.0,10.0,3.0,,1.0,,10.0,1.0,1.0,7.0,10.0,6.0,1.0,,10.0,10.0,,,,1.0,,,10.0,7.0,10.0,10.0,,1.0,,,,,2.0,1.0,10.0,1.0,1.0,,,1.0,1.0,6,7.0,10,1
2007-04-26,77495,,11,3,3670.0,55403420,MWAV,M WAVE INC,MWAV,334220.0,Q,A,R,11447,3,3670.0,55403420.0,,,36.0,367.0,,,,,,,3.75,0.116071,1763.0,1.0,3.14,6611.25,MWAV,10.0,,10.0,,,1,1.0,1.0,2.0,10.0,10.0,10.0,3.0,,1.0,,10.0,1.0,1.0,7.0,10.0,6.0,1.0,,10.0,10.0,,,,1.0,,,10.0,7.0,10.0,10.0,,1.0,,,,,2.0,1.0,10.0,1.0,1.0,,,1.0,1.0,6,7.0,10,1
2007-04-27,77495,,11,3,3670.0,55403420,MWAV,M WAVE INC,MWAV,334220.0,Q,A,R,11447,3,3670.0,55403420.0,,,36.0,367.0,,,,,,,3.3,-0.12,1763.0,1.0,3.8,5817.9,MWAV,10.0,,10.0,,,1,1.0,1.0,2.0,10.0,10.0,10.0,3.0,,1.0,,10.0,1.0,1.0,7.0,10.0,6.0,1.0,,10.0,10.0,,,,1.0,,,10.0,7.0,10.0,10.0,,1.0,,,,,2.0,1.0,10.0,1.0,1.0,,,1.0,1.0,6,7.0,10,1
2007-04-30,77495,,11,3,3670.0,55403420,MWAV,M WAVE INC,MWAV,334220.0,Q,A,R,11447,3,3670.0,55403420.0,,,36.0,367.0,,,,,,,3.31,0.00303,1763.0,1.0,3.29,5835.53,MWAV,10.0,,10.0,,,1,1.0,1.0,2.0,10.0,10.0,10.0,3.0,,1.0,,10.0,1.0,1.0,7.0,10.0,6.0,1.0,,10.0,10.0,,,,1.0,,,10.0,7.0,10.0,10.0,,1.0,,,,,2.0,1.0,10.0,1.0,1.0,,,1.0,1.0,6,7.0,10,1
2007-05-01,77495,,11,3,3670.0,55403420,MWAV,M WAVE INC,MWAV,334220.0,Q,A,R,11447,3,3670.0,55403420.0,,,36.0,367.0,,,,,,,3.23,-0.024169,1763.0,1.0,3.29,5694.49,MWAV,10.0,,10.0,,,1,1.0,1.0,2.0,10.0,10.0,10.0,3.0,,1.0,,10.0,1.0,1.0,7.0,10.0,6.0,1.0,,10.0,10.0,,,,2.0,,,10.0,1.0,10.0,10.0,,1.0,,,1.0,1.0,10.0,1.0,10.0,1.0,10.0,,,1.0,1.0,6,10.0,10,1
2007-05-02,77495,,11,3,3670.0,55403420,MWAV,M WAVE INC,MWAV,334220.0,Q,A,R,11447,3,3670.0,55403420.0,,,36.0,367.0,,,,,,,3.25,0.006192,1763.0,1.0,3.25,5729.75,MWAV,10.0,,10.0,,,1,1.0,1.0,2.0,10.0,10.0,10.0,3.0,,1.0,,10.0,1.0,1.0,7.0,10.0,6.0,1.0,,10.0,10.0,,,,2.0,,,10.0,1.0,10.0,10.0,,1.0,,,1.0,1.0,10.0,1.0,10.0,1.0,10.0,,,1.0,1.0,6,10.0,10,1
2007-05-03,77495,,11,3,3670.0,55403420,MWAV,M WAVE INC,MWAV,334220.0,Q,A,R,11447,3,3670.0,55403420.0,,,36.0,367.0,,,,,,,3.146,-0.032,1763.0,1.0,3.17,5546.398,MWAV,10.0,,10.0,,,1,1.0,1.0,2.0,10.0,10.0,10.0,3.0,,1.0,,10.0,1.0,1.0,7.0,10.0,6.0,1.0,,10.0,10.0,,,,2.0,,,10.0,1.0,10.0,10.0,,1.0,,,1.0,1.0,10.0,1.0,10.0,1.0,10.0,,,1.0,1.0,6,10.0,10,1
2007-05-04,77495,,11,3,3670.0,55403420,MWAV,M WAVE INC,MWAV,334220.0,Q,A,R,11447,3,3670.0,55403420.0,,,36.0,367.0,,,,,,,3.29,0.045772,1763.0,1.0,3.29,5800.27,MWAV,10.0,,10.0,,,1,1.0,1.0,2.0,10.0,10.0,10.0,3.0,,1.0,,10.0,1.0,1.0,7.0,10.0,6.0,1.0,,10.0,10.0,,,,2.0,,,10.0,1.0,10.0,10.0,,1.0,,,1.0,1.0,10.0,1.0,10.0,1.0,10.0,,,1.0,1.0,6,10.0,10,1
2007-05-07,77495,,11,3,3670.0,55403420,MWAV,M WAVE INC,MWAV,334220.0,Q,A,R,11447,3,3670.0,55403420.0,,,36.0,367.0,,,,,,,3.25,-0.012158,1763.0,1.0,3.3,5729.75,MWAV,10.0,,10.0,,,1,1.0,1.0,2.0,10.0,10.0,10.0,3.0,,1.0,,10.0,1.0,1.0,7.0,10.0,6.0,1.0,,10.0,10.0,,,,2.0,,,10.0,1.0,10.0,10.0,,1.0,,,1.0,1.0,10.0,1.0,10.0,1.0,10.0,,,1.0,1.0,6,10.0,10,1
2007-05-08,77495,,11,3,3670.0,55403420,MWAV,M WAVE INC,MWAV,334220.0,Q,A,R,11447,3,3670.0,55403420.0,,,36.0,367.0,,,,,,,3.28,0.009231,1763.0,1.0,3.29,5782.64,MWAV,10.0,,10.0,,,1,1.0,1.0,2.0,10.0,10.0,10.0,3.0,,1.0,,10.0,1.0,1.0,7.0,10.0,6.0,1.0,,10.0,10.0,,,,2.0,,,10.0,1.0,10.0,10.0,,1.0,,,1.0,1.0,10.0,1.0,10.0,1.0,10.0,,,1.0,1.0,6,10.0,10,1
2007-05-09,77495,,11,3,3670.0,55403420,MWAV,M WAVE INC,MWAV,334220.0,Q,A,R,11447,3,3670.0,55403420.0,,,36.0,367.0,,,,,,,3.07,-0.064024,1763.0,1.0,3.2,5412.41,MWAV,10.0,,10.0,,,1,1.0,1.0,2.0,10.0,10.0,10.0,3.0,,1.0,,10.0,1.0,1.0,7.0,10.0,6.0,1.0,,10.0,10.0,,,,2.0,,,10.0,1.0,10.0,10.0,,1.0,,,1.0,1.0,10.0,1.0,10.0,1.0,10.0,,,1.0,1.0,6,10.0,10,1
2007-05-10,77495,,11,3,3670.0,55403420,MWAV,M WAVE INC,MWAV,334220.0,Q,A,R,11447,3,3670.0,55403420.0,,,36.0,367.0,,,,,,,3.18,0.035831,1763.0,1.0,3.08,5606.34,MWAV,10.0,,10.0,,,1,1.0,1.0,2.0,10.0,10.0,10.0,3.0,,1.0,,10.0,1.0,1.0,7.0,10.0,6.0,1.0,,10.0,10.0,,,,2.0,,,10.0,1.0,10.0,10.0,,1.0,,,1.0,1.0,10.0,1.0,10.0,1.0,10.0,,,1.0,1.0,6,10.0,10,1
2007-05-11,77495,,11,3,3670.0,55403420,MWAV,M WAVE INC,MWAV,334220.0,Q,A,R,11447,3,3670.0,55403420.0,,,36.0,367.0,,,,,,,3.25,0.022013,1793.0,1.0,3.25,5827.25,MWAV,10.0,,10.0,,,1,1.0,1.0,2.0,10.0,10.0,10.0,3.0,,1.0,,10.0,1.0,1.0,7.0,10.0,6.0,1.0,,10.0,10.0,,,,2.0,,,10.0,1.0,10.0,10.0,,1.0,,,1.0,1.0,10.0,1.0,10.0,1.0,10.0,,,1.0,1.0,6,10.0,10,1
2007-05-14,77495,,11,3,3670.0,55403420,MWAV,M WAVE INC,MWAV,334220.0,Q,A,R,11447,3,3670.0,55403420.0,,,36.0,367.0,,,,,,,3.0801,-0.052277,1793.0,1.0,3.25,5522.6193,MWAV,10.0,,10.0,,,1,1.0,1.0,2.0,10.0,10.0,10.0,3.0,,1.0,,10.0,1.0,1.0,7.0,10.0,6.0,1.0,,10.0,10.0,,,,2.0,,,10.0,1.0,10.0,10.0,,1.0,,,1.0,1.0,10.0,1.0,10.0,1.0,10.0,,,1.0,1.0,6,10.0,10,1
2007-05-15,77495,,11,3,3670.0,55403420,MWAV,M WAVE INC,MWAV,334220.0,Q,A,R,11447,3,3670.0,55403420.0,,,36.0,367.0,,,,,,,3.19,0.035681,1793.0,1.0,3.04,5719.67,MWAV,10.0,,10.0,,,1,1.0,1.0,2.0,10.0,10.0,10.0,3.0,,1.0,,10.0,1.0,1.0,7.0,10.0,6.0,1.0,,10.0,10.0,,,,2.0,,,10.0,1.0,10.0,10.0,,1.0,,,1.0,1.0,10.0,1.0,10.0,1.0,10.0,,,1.0,1.0,6,10.0,10,1
2007-05-16,77495,,11,3,3670.0,55403420,MWAV,M WAVE INC,MWAV,334220.0,Q,A,R,11447,3,3670.0,55403420.0,,,36.0,367.0,,,,,,,2.87,-0.100314,1793.0,1.0,3.01,5145.91,MWAV,10.0,,10.0,,,1,1.0,1.0,2.0,10.0,10.0,10.0,3.0,,1.0,,10.0,1.0,1.0,7.0,10.0,6.0,1.0,,10.0,10.0,,,,2.0,,,10.0,1.0,10.0,10.0,,1.0,,,1.0,1.0,10.0,1.0,10.0,1.0,10.0,,,1.0,1.0,6,10.0,10,1
2007-05-17,77495,,11,3,3670.0,55403420,MWAV,M WAVE INC,MWAV,334220.0,Q,A,R,11447,3,3670.0,55403420.0,,,36.0,367.0,,,,,,,2.87,0.0,1793.0,1.0,3.15,5145.91,MWAV,10.0,,10.0,,,1,1.0,1.0,2.0,10.0,10.0,10.0,3.0,,1.0,,10.0,1.0,1.0,7.0,10.0,6.0,1.0,,10.0,10.0,,,,2.0,,,10.0,1.0,10.0,10.0,,1.0,,,1.0,1.0,10.0,1.0,10.0,1.0,10.0,,,1.0,1.0,6,10.0,10,1
2007-05-18,77495,,11,3,3670.0,55403420,MWAV,M WAVE INC,MWAV,334220.0,Q,A,R,11447,3,3670.0,55403420.0,,,36.0,367.0,,,,,,,3.1,0.080139,1793.0,1.0,3.1,5558.3,MWAV,10.0,,10.0,,,1,1.0,1.0,2.0,10.0,10.0,10.0,3.0,,1.0,,10.0,1.0,1.0,7.0,10.0,6.0,1.0,,10.0,10.0,,,,2.0,,,10.0,1.0,10.0,10.0,,1.0,,,1.0,1.0,10.0,1.0,10.0,1.0,10.0,,,1.0,1.0,6,10.0,10,1
2007-05-21,77495,,11,3,3670.0,55403420,MWAV,M WAVE INC,MWAV,334220.0,Q,A,R,11447,3,3670.0,55403420.0,,,36.0,367.0,,,,,,,3.14,0.012903,1793.0,1.0,3.07,5630.02,MWAV,10.0,,10.0,,,1,1.0,1.0,2.0,10.0,10.0,10.0,3.0,,1.0,,10.0,1.0,1.0,7.0,10.0,6.0,1.0,,10.0,10.0,,,,2.0,,,10.0,1.0,10.0,10.0,,1.0,,,1.0,1.0,10.0,1.0,10.0,1.0,10.0,,,1.0,1.0,6,10.0,10,1
2007-05-22,77495,,11,3,3670.0,55403420,MWAV,M WAVE INC,MWAV,334220.0,Q,A,R,11447,3,3670.0,55403420.0,,,36.0,367.0,,,,,,,3.25,0.035032,1793.0,1.0,3.14,5827.25,MWAV,10.0,,10.0,,,1,1.0,1.0,2.0,10.0,10.0,10.0,3.0,,1.0,,10.0,1.0,1.0,7.0,10.0,6.0,1.0,,10.0,10.0,,,,2.0,,,10.0,1.0,10.0,10.0,,1.0,,,1.0,1.0,10.0,1.0,10.0,1.0,10.0,,,1.0,1.0,6,10.0,10,1
2007-05-23,77495,,11,3,3670.0,55403420,MWAV,M WAVE INC,MWAV,334220.0,Q,A,R,11447,3,3670.0,55403420.0,,,36.0,367.0,,,,,,,3.3,0.015385,1793.0,1.0,3.3,5916.9,MWAV,10.0,,10.0,,,1,1.0,1.0,2.0,10.0,10.0,10.0,3.0,,1.0,,10.0,1.0,1.0,7.0,10.0,6.0,1.0,,10.0,10.0,,,,2.0,,,10.0,1.0,10.0,10.0,,1.0,,,1.0,1.0,10.0,1.0,10.0,1.0,10.0,,,1.0,1.0,6,10.0,10,1
2007-05-24,77495,,11,3,3670.0,55403420,MWAV,M WAVE INC,MWAV,334220.0,Q,A,R,11447,3,3670.0,55403420.0,,,36.0,367.0,,,,,,,-3.04,-0.078788,1793.0,1.0,,-5450.72,MWAV,10.0,,10.0,,,1,1.0,1.0,2.0,10.0,10.0,10.0,3.0,,1.0,,10.0,1.0,1.0,7.0,10.0,6.0,1.0,,10.0,10.0,,,,2.0,,,10.0,1.0,10.0,10.0,,1.0,,,1.0,1.0,10.0,1.0,10.0,1.0,10.0,,,1.0,1.0,6,10.0,10,1
2007-05-25,77495,,11,3,3670.0,55403420,MWAV,M WAVE INC,MWAV,334220.0,Q,A,R,11447,3,3670.0,55403420.0,,,36.0,367.0,,,,,,,3.24,0.065789,1793.0,1.0,3.24,5809.32,MWAV,10.0,,10.0,,,1,1.0,1.0,2.0,10.0,10.0,10.0,3.0,,1.0,,10.0,1.0,1.0,7.0,10.0,6.0,1.0,,10.0,10.0,,,,2.0,,,10.0,1.0,10.0,10.0,,1.0,,,1.0,1.0,10.0,1.0,10.0,1.0,10.0,,,1.0,1.0,6,10.0,10,1
2007-05-29,77495,,11,3,3670.0,55403420,MWAV,M WAVE INC,MWAV,334220.0,Q,A,R,11447,3,3670.0,55403420.0,,,36.0,367.0,,,,,,,-3.03,-0.064815,1793.0,1.0,,-5432.79,MWAV,10.0,,10.0,,,1,1.0,1.0,2.0,10.0,10.0,10.0,3.0,,1.0,,10.0,1.0,1.0,7.0,10.0,6.0,1.0,,10.0,10.0,,,,2.0,,,10.0,1.0,10.0,10.0,,1.0,,,1.0,1.0,10.0,1.0,10.0,1.0,10.0,,,1.0,1.0,6,10.0,10,1
2007-05-30,77495,,11,3,3670.0,55403420,MWAV,M WAVE INC,MWAV,334220.0,Q,A,R,11447,3,3670.0,55403420.0,,,36.0,367.0,,,,,,,2.87,-0.052805,1793.0,1.0,2.87,5145.91,MWAV,10.0,,10.0,,,1,1.0,1.0,2.0,10.0,10.0,10.0,3.0,,1.0,,10.0,1.0,1.0,7.0,10.0,6.0,1.0,,10.0,10.0,,,,2.0,,,10.0,1.0,10.0,10.0,,1.0,,,1.0,1.0,10.0,1.0,10.0,1.0,10.0,,,1.0,1.0,6,10.0,10,1
2007-05-31,77495,,11,3,3670.0,55403420,MWAV,M WAVE INC,MWAV,334220.0,Q,A,R,11447,3,3670.0,55403420.0,,,36.0,367.0,,,,,,,3.05,0.062718,1793.0,1.0,3.18,5468.65,MWAV,10.0,,10.0,,,1,1.0,1.0,2.0,10.0,10.0,10.0,3.0,,1.0,,10.0,1.0,1.0,7.0,10.0,6.0,1.0,,10.0,10.0,,,,2.0,,,10.0,1.0,10.0,10.0,,1.0,,,1.0,1.0,10.0,1.0,10.0,1.0,10.0,,,1.0,1.0,6,10.0,10,1
2007-06-01,77495,,11,3,3670.0,55403420,MWAV,M WAVE INC,MWAV,334220.0,Q,A,R,11447,3,3670.0,55403420.0,,,36.0,367.0,,,,,,,3.21,0.052459,1793.0,1.0,2.98,5755.53,MWAV,10.0,,10.0,,,1,1.0,1.0,2.0,10.0,10.0,10.0,3.0,,1.0,,10.0,1.0,1.0,7.0,10.0,6.0,1.0,,10.0,10.0,,,,2.0,,,10.0,4.0,1.0,10.0,,1.0,,,1.0,,10.0,1.0,10.0,10.0,10.0,,,1.0,1.0,6,10.0,10,1
2007-06-04,77495,,11,3,3670.0,55403420,MWAV,M WAVE INC,MWAV,334220.0,Q,A,R,11447,3,3670.0,55403420.0,,,36.0,367.0,,,,,,,3.42,0.065421,1793.0,1.0,3.23,6132.06,MWAV,10.0,,10.0,,,1,1.0,1.0,2.0,10.0,10.0,10.0,3.0,,1.0,,10.0,1.0,1.0,7.0,10.0,6.0,1.0,,10.0,10.0,,,,2.0,,,10.0,4.0,1.0,10.0,,1.0,,,1.0,,10.0,1.0,10.0,10.0,10.0,,,1.0,1.0,6,10.0,10,1
2007-06-05,77495,,11,3,3670.0,55403420,MWAV,M WAVE INC,MWAV,334220.0,Q,A,R,11447,3,3670.0,55403420.0,,,36.0,367.0,,,,,,,3.1,-0.093567,1793.0,1.0,3.35,5558.3,MWAV,10.0,,10.0,,,1,1.0,1.0,2.0,10.0,10.0,10.0,3.0,,1.0,,10.0,1.0,1.0,7.0,10.0,6.0,1.0,,10.0,10.0,,,,2.0,,,10.0,4.0,1.0,10.0,,1.0,,,1.0,,10.0,1.0,10.0,10.0,10.0,,,1.0,1.0,6,10.0,10,1
2007-06-06,77495,,11,3,3670.0,55403420,MWAV,M WAVE INC,MWAV,334220.0,Q,A,R,11447,3,3670.0,55403420.0,,,36.0,367.0,,,,,,,3.25,0.048387,1793.0,1.0,3.32,5827.25,MWAV,10.0,,10.0,,,1,1.0,1.0,2.0,10.0,10.0,10.0,3.0,,1.0,,10.0,1.0,1.0,7.0,10.0,6.0,1.0,,10.0,10.0,,,,2.0,,,10.0,4.0,1.0,10.0,,1.0,,,1.0,,10.0,1.0,10.0,10.0,10.0,,,1.0,1.0,6,10.0,10,1
2007-06-07,77495,,11,3,3670.0,55403420,MWAV,M WAVE INC,MWAV,334220.0,Q,A,R,11447,3,3670.0,55403420.0,,,36.0,367.0,,,,,,,3.0,-0.076923,1793.0,1.0,2.99,5379.0,MWAV,10.0,,10.0,,,1,1.0,1.0,2.0,10.0,10.0,10.0,3.0,,1.0,,10.0,1.0,1.0,7.0,10.0,6.0,1.0,,10.0,10.0,,,,2.0,,,10.0,4.0,1.0,10.0,,1.0,,,1.0,,10.0,1.0,10.0,10.0,10.0,,,1.0,1.0,6,10.0,10,1
2007-06-08,77495,,11,3,3670.0,55403420,MWAV,M WAVE INC,MWAV,334220.0,Q,A,R,11447,3,3670.0,55403420.0,,,36.0,367.0,,,,,,,3.02,0.006667,1793.0,1.0,2.99,5414.86,MWAV,10.0,,10.0,,,1,1.0,1.0,2.0,10.0,10.0,10.0,3.0,,1.0,,10.0,1.0,1.0,7.0,10.0,6.0,1.0,,10.0,10.0,,,,2.0,,,10.0,4.0,1.0,10.0,,1.0,,,1.0,,10.0,1.0,10.0,10.0,10.0,,,1.0,1.0,6,10.0,10,1
2007-06-11,77495,,11,3,3670.0,55403420,MWAV,M WAVE INC,MWAV,334220.0,Q,A,R,11447,3,3670.0,55403420.0,,,36.0,367.0,,,,,,,3.02,0.0,1793.0,1.0,3.03,5414.86,MWAV,10.0,,10.0,,,1,1.0,1.0,2.0,10.0,10.0,10.0,3.0,,1.0,,10.0,1.0,1.0,7.0,10.0,6.0,1.0,,10.0,10.0,,,,2.0,,,10.0,4.0,1.0,10.0,,1.0,,,1.0,,10.0,1.0,10.0,10.0,10.0,,,1.0,1.0,6,10.0,10,1
2007-06-12,77495,,11,3,3670.0,55403420,MWAV,M WAVE INC,MWAV,334220.0,Q,A,R,11447,3,3670.0,55403420.0,,,36.0,367.0,,,,,,,3.04,0.006623,1793.0,1.0,3.05,5450.72,MWAV,10.0,,10.0,,,1,1.0,1.0,2.0,10.0,10.0,10.0,3.0,,1.0,,10.0,1.0,1.0,7.0,10.0,6.0,1.0,,10.0,10.0,,,,2.0,,,10.0,4.0,1.0,10.0,,1.0,,,1.0,,10.0,1.0,10.0,10.0,10.0,,,1.0,1.0,6,10.0,10,1
2007-06-13,77495,,11,3,3670.0,55403420,MWAV,M WAVE INC,MWAV,334220.0,Q,A,R,11447,3,3670.0,55403420.0,,,36.0,367.0,,,,,,,-3.02,-0.006579,1793.0,1.0,,-5414.86,MWAV,10.0,,10.0,,,1,1.0,1.0,2.0,10.0,10.0,10.0,3.0,,1.0,,10.0,1.0,1.0,7.0,10.0,6.0,1.0,,10.0,10.0,,,,2.0,,,10.0,4.0,1.0,10.0,,1.0,,,1.0,,10.0,1.0,10.0,10.0,10.0,,,1.0,1.0,6,10.0,10,1
2007-06-14,77495,,11,3,3670.0,55403420,MWAV,M WAVE INC,MWAV,334220.0,Q,A,R,11447,3,3670.0,55403420.0,,,36.0,367.0,,,,,,,3.03,0.003311,1793.0,1.0,3.03,5432.79,MWAV,10.0,,10.0,,,1,1.0,1.0,2.0,10.0,10.0,10.0,3.0,,1.0,,10.0,1.0,1.0,7.0,10.0,6.0,1.0,,10.0,10.0,,,,2.0,,,10.0,4.0,1.0,10.0,,1.0,,,1.0,,10.0,1.0,10.0,10.0,10.0,,,1.0,1.0,6,10.0,10,1
2007-06-15,77495,,11,3,3670.0,55403420,MWAV,M WAVE INC,MWAV,334220.0,Q,A,R,11447,3,3670.0,55403420.0,,,36.0,367.0,,,,,,,-3.05,0.006601,1793.0,1.0,,-5468.65,MWAV,10.0,,10.0,,,1,1.0,1.0,2.0,10.0,10.0,10.0,3.0,,1.0,,10.0,1.0,1.0,7.0,10.0,6.0,1.0,,10.0,10.0,,,,2.0,,,10.0,4.0,1.0,10.0,,1.0,,,1.0,,10.0,1.0,10.0,10.0,10.0,,,1.0,1.0,6,10.0,10,1
2007-06-18,77495,,11,3,3670.0,55403420,MWAV,M WAVE INC,MWAV,334220.0,Q,A,R,11447,3,3670.0,55403420.0,,,36.0,367.0,,,,,,,3.13,0.026229,1793.0,1.0,3.2,5612.09,MWAV,10.0,,10.0,,,1,1.0,1.0,2.0,10.0,10.0,10.0,3.0,,1.0,,10.0,1.0,1.0,7.0,10.0,6.0,1.0,,10.0,10.0,,,,2.0,,,10.0,4.0,1.0,10.0,,1.0,,,1.0,,10.0,1.0,10.0,10.0,10.0,,,1.0,1.0,6,10.0,10,1
2007-06-19,77495,,11,3,3670.0,55403420,MWAV,M WAVE INC,MWAV,334220.0,Q,A,R,11447,3,3670.0,55403420.0,,,36.0,367.0,,,,,,,2.98,-0.047923,1793.0,1.0,3.193,5343.14,MWAV,10.0,,10.0,,,1,1.0,1.0,2.0,10.0,10.0,10.0,3.0,,1.0,,10.0,1.0,1.0,7.0,10.0,6.0,1.0,,10.0,10.0,,,,2.0,,,10.0,4.0,1.0,10.0,,1.0,,,1.0,,10.0,1.0,10.0,10.0,10.0,,,1.0,1.0,6,10.0,10,1
2007-06-20,77495,,11,3,3670.0,55403420,MWAV,M WAVE INC,MWAV,334220.0,Q,A,R,11447,3,3670.0,55403420.0,,,36.0,367.0,,,,,,,2.96,-0.006711,1793.0,1.0,2.98,5307.28,MWAV,10.0,,10.0,,,1,1.0,1.0,2.0,10.0,10.0,10.0,3.0,,1.0,,10.0,1.0,1.0,7.0,10.0,6.0,1.0,,10.0,10.0,,,,2.0,,,10.0,4.0,1.0,10.0,,1.0,,,1.0,,10.0,1.0,10.0,10.0,10.0,,,1.0,1.0,6,10.0,10,1
2007-06-21,77495,,11,3,3670.0,55403420,MWAV,M WAVE INC,MWAV,334220.0,Q,A,R,11447,3,3670.0,55403420.0,,,36.0,367.0,,,,,,,3.04,0.027027,1793.0,1.0,2.92,5450.72,MWAV,10.0,,10.0,,,1,1.0,1.0,2.0,10.0,10.0,10.0,3.0,,1.0,,10.0,1.0,1.0,7.0,10.0,6.0,1.0,,10.0,10.0,,,,2.0,,,10.0,4.0,1.0,10.0,,1.0,,,1.0,,10.0,1.0,10.0,10.0,10.0,,,1.0,1.0,6,10.0,10,1
2007-06-22,77495,,11,3,3670.0,55403420,MWAV,M WAVE INC,MWAV,334220.0,Q,A,R,11447,3,3670.0,55403420.0,,,36.0,367.0,,,,,,,3.02,-0.006579,1793.0,1.0,3.03,5414.86,MWAV,10.0,,10.0,,,1,1.0,1.0,2.0,10.0,10.0,10.0,3.0,,1.0,,10.0,1.0,1.0,7.0,10.0,6.0,1.0,,10.0,10.0,,,,2.0,,,10.0,4.0,1.0,10.0,,1.0,,,1.0,,10.0,1.0,10.0,10.0,10.0,,,1.0,1.0,6,10.0,10,1
2007-06-25,77495,,11,3,3670.0,55403420,MWAV,M WAVE INC,MWAV,334220.0,Q,A,R,11447,3,3670.0,55403420.0,,,36.0,367.0,,,,,,,3.01,-0.003311,1793.0,1.0,3.01,5396.93,MWAV,10.0,,10.0,,,1,1.0,1.0,2.0,10.0,10.0,10.0,3.0,,1.0,,10.0,1.0,1.0,7.0,10.0,6.0,1.0,,10.0,10.0,,,,2.0,,,10.0,4.0,1.0,10.0,,1.0,,,1.0,,10.0,1.0,10.0,10.0,10.0,,,1.0,1.0,6,10.0,10,1
2007-06-26,77495,,11,3,3670.0,55403420,MWAV,M WAVE INC,MWAV,334220.0,Q,A,R,11447,3,3670.0,55403420.0,,,36.0,367.0,,,,,,,3.02,0.003322,1793.0,1.0,2.9,5414.86,MWAV,10.0,,10.0,,,1,1.0,1.0,2.0,10.0,10.0,10.0,3.0,,1.0,,10.0,1.0,1.0,7.0,10.0,6.0,1.0,,10.0,10.0,,,,2.0,,,10.0,4.0,1.0,10.0,,1.0,,,1.0,,10.0,1.0,10.0,10.0,10.0,,,1.0,1.0,6,10.0,10,1
2007-06-27,77495,,11,3,3670.0,55403420,MWAV,M WAVE INC,MWAV,334220.0,Q,A,R,11447,3,3670.0,55403420.0,,,36.0,367.0,,,,,,,3.0358,0.005232,1793.0,1.0,2.87,5443.1894,MWAV,10.0,,10.0,,,1,1.0,1.0,2.0,10.0,10.0,10.0,3.0,,1.0,,10.0,1.0,1.0,7.0,10.0,6.0,1.0,,10.0,10.0,,,,2.0,,,10.0,4.0,1.0,10.0,,1.0,,,1.0,,10.0,1.0,10.0,10.0,10.0,,,1.0,1.0,6,10.0,10,1
2007-06-28,77495,,11,3,3670.0,55403420,MWAV,M WAVE INC,MWAV,334220.0,Q,A,R,11447,3,3670.0,55403420.0,,,36.0,367.0,,,,,,,2.9,-0.044733,1793.0,1.0,3.01,5199.7,MWAV,10.0,,10.0,,,1,1.0,1.0,2.0,10.0,10.0,10.0,3.0,,1.0,,10.0,1.0,1.0,7.0,10.0,6.0,1.0,,10.0,10.0,,,,2.0,,,10.0,4.0,1.0,10.0,,1.0,,,1.0,,10.0,1.0,10.0,10.0,10.0,,,1.0,1.0,6,10.0,10,1
2007-06-29,77495,,11,3,3670.0,55403420,MWAV,M WAVE INC,MWAV,334220.0,Q,A,R,11447,3,3670.0,55403420.0,,,36.0,367.0,,,,,,,2.76,-0.048276,1813.0,1.0,2.99,5003.88,MWAV,10.0,,10.0,,,1,1.0,1.0,2.0,10.0,10.0,10.0,3.0,,1.0,,10.0,1.0,1.0,7.0,10.0,6.0,1.0,,10.0,10.0,,,,2.0,,,10.0,4.0,1.0,10.0,,1.0,,,1.0,,10.0,1.0,10.0,10.0,10.0,,,1.0,1.0,6,10.0,10,1
2007-07-02,77495,,11,3,3670.0,55403420,MWAV,M WAVE INC,MWAV,334220.0,Q,A,R,11447,3,3670.0,55403420.0,,,36.0,367.0,,,,,,,2.95,0.068841,1813.0,1.0,3.07,5348.35,MWAV,10.0,,9.0,,,1,1.0,1.0,1.0,7.0,7.0,10.0,4.0,,1.0,,10.0,10.0,10.0,10.0,10.0,6.0,1.0,,9.0,7.0,,,,7.0,,,10.0,1.0,2.0,10.0,,1.0,,,1.0,,10.0,1.0,10.0,1.0,10.0,,,1.0,1.0,6,10.0,10,1
2007-07-03,77495,,11,3,3670.0,55403420,MWAV,M WAVE INC,MWAV,334220.0,Q,A,R,11447,3,3670.0,55403420.0,,,36.0,367.0,,,,,,,2.69,-0.088136,1813.0,1.0,2.71,4876.97,MWAV,10.0,,9.0,,,1,1.0,1.0,1.0,7.0,7.0,10.0,4.0,,1.0,,10.0,10.0,10.0,10.0,10.0,6.0,1.0,,9.0,7.0,,,,7.0,,,10.0,1.0,2.0,10.0,,1.0,,,1.0,,10.0,1.0,10.0,1.0,10.0,,,1.0,1.0,6,10.0,10,1
2007-07-05,77495,,11,3,3670.0,55403420,MWAV,M WAVE INC,MWAV,334220.0,Q,A,R,11447,3,3670.0,55403420.0,,,36.0,367.0,,,,,,,2.69,0.0,1813.0,1.0,2.69,4876.97,MWAV,10.0,,9.0,,,1,1.0,1.0,1.0,7.0,7.0,10.0,4.0,,1.0,,10.0,10.0,10.0,10.0,10.0,6.0,1.0,,9.0,7.0,,,,7.0,,,10.0,1.0,2.0,10.0,,1.0,,,1.0,,10.0,1.0,10.0,1.0,10.0,,,1.0,1.0,6,10.0,10,1
2007-07-06,77495,,11,3,3670.0,55403420,MWAV,M WAVE INC,MWAV,334220.0,Q,A,R,11447,3,3670.0,55403420.0,,,36.0,367.0,,,,,,,2.588,-0.037918,1813.0,1.0,2.66,4692.044,MWAV,10.0,,9.0,,,1,1.0,1.0,1.0,7.0,7.0,10.0,4.0,,1.0,,10.0,10.0,10.0,10.0,10.0,6.0,1.0,,9.0,7.0,,,,7.0,,,10.0,1.0,2.0,10.0,,1.0,,,1.0,,10.0,1.0,10.0,1.0,10.0,,,1.0,1.0,6,10.0,10,1
2007-07-09,77495,,11,3,3670.0,55403420,MWAV,M WAVE INC,MWAV,334220.0,Q,A,R,11447,3,3670.0,55403420.0,,,36.0,367.0,,,,,,,2.93,0.132148,1813.0,1.0,2.668,5312.09,MWAV,10.0,,9.0,,,1,1.0,1.0,1.0,7.0,7.0,10.0,4.0,,1.0,,10.0,10.0,10.0,10.0,10.0,6.0,1.0,,9.0,7.0,,,,7.0,,,10.0,1.0,2.0,10.0,,1.0,,,1.0,,10.0,1.0,10.0,1.0,10.0,,,1.0,1.0,6,10.0,10,1
2007-07-10,77495,,11,3,3670.0,55403420,MWAV,M WAVE INC,MWAV,334220.0,Q,A,R,11447,3,3670.0,55403420.0,,,36.0,367.0,,,,,,,2.9,-0.010239,1813.0,1.0,2.9,5257.7,MWAV,10.0,,9.0,,,1,1.0,1.0,1.0,7.0,7.0,10.0,4.0,,1.0,,10.0,10.0,10.0,10.0,10.0,6.0,1.0,,9.0,7.0,,,,7.0,,,10.0,1.0,2.0,10.0,,1.0,,,1.0,,10.0,1.0,10.0,1.0,10.0,,,1.0,1.0,6,10.0,10,1
2007-07-11,77495,,11,3,3670.0,55403420,MWAV,M WAVE INC,MWAV,334220.0,Q,A,R,11447,3,3670.0,55403420.0,,,36.0,367.0,,,,,,,2.6,-0.103448,1813.0,1.0,2.66,4713.8,MWAV,10.0,,9.0,,,1,1.0,1.0,1.0,7.0,7.0,10.0,4.0,,1.0,,10.0,10.0,10.0,10.0,10.0,6.0,1.0,,9.0,7.0,,,,7.0,,,10.0,1.0,2.0,10.0,,1.0,,,1.0,,10.0,1.0,10.0,1.0,10.0,,,1.0,1.0,6,10.0,10,1
2007-07-12,77495,,11,3,3670.0,55403420,MWAV,M WAVE INC,MWAV,334220.0,Q,A,R,11447,3,3670.0,55403420.0,,,36.0,367.0,,,,,,,2.5,-0.038462,1813.0,1.0,2.54,4532.5,MWAV,10.0,,9.0,,,1,1.0,1.0,1.0,7.0,7.0,10.0,4.0,,1.0,,10.0,10.0,10.0,10.0,10.0,6.0,1.0,,9.0,7.0,,,,7.0,,,10.0,1.0,2.0,10.0,,1.0,,,1.0,,10.0,1.0,10.0,1.0,10.0,,,1.0,1.0,6,10.0,10,1
2007-07-13,77495,,11,3,3670.0,55403420,MWAV,M WAVE INC,MWAV,334220.0,Q,A,R,11447,3,3670.0,55403420.0,,,36.0,367.0,,,,,,,2.762,0.1048,1813.0,1.0,2.5,5007.506,MWAV,10.0,,9.0,,,1,1.0,1.0,1.0,7.0,7.0,10.0,4.0,,1.0,,10.0,10.0,10.0,10.0,10.0,6.0,1.0,,9.0,7.0,,,,7.0,,,10.0,1.0,2.0,10.0,,1.0,,,1.0,,10.0,1.0,10.0,1.0,10.0,,,1.0,1.0,6,10.0,10,1
2007-07-16,77495,,11,3,3670.0,55403420,MWAV,M WAVE INC,MWAV,334220.0,Q,A,R,11447,3,3670.0,55403420.0,,,36.0,367.0,,,,,,,2.52,-0.087618,1813.0,1.0,2.88,4568.76,MWAV,10.0,,9.0,,,1,1.0,1.0,1.0,7.0,7.0,10.0,4.0,,1.0,,10.0,10.0,10.0,10.0,10.0,6.0,1.0,,9.0,7.0,,,,7.0,,,10.0,1.0,2.0,10.0,,1.0,,,1.0,,10.0,1.0,10.0,1.0,10.0,,,1.0,1.0,6,10.0,10,1
2007-07-17,77495,,11,3,3670.0,55403420,MWAV,M WAVE INC,MWAV,334220.0,Q,A,R,11447,3,3670.0,55403420.0,,,36.0,367.0,,,,,,,2.5,-0.007937,1813.0,1.0,2.51,4532.5,MWAV,10.0,,9.0,,,1,1.0,1.0,1.0,7.0,7.0,10.0,4.0,,1.0,,10.0,10.0,10.0,10.0,10.0,6.0,1.0,,9.0,7.0,,,,7.0,,,10.0,1.0,2.0,10.0,,1.0,,,1.0,,10.0,1.0,10.0,1.0,10.0,,,1.0,1.0,6,10.0,10,1
2007-07-18,77495,,11,3,3670.0,55403420,MWAV,M WAVE INC,MWAV,334220.0,Q,A,R,11447,3,3670.0,55403420.0,,,36.0,367.0,,,,,,,2.29,-0.084,1813.0,1.0,2.51,4151.77,MWAV,10.0,,9.0,,,1,1.0,1.0,1.0,7.0,7.0,10.0,4.0,,1.0,,10.0,10.0,10.0,10.0,10.0,6.0,1.0,,9.0,7.0,,,,7.0,,,10.0,1.0,2.0,10.0,,1.0,,,1.0,,10.0,1.0,10.0,1.0,10.0,,,1.0,1.0,6,10.0,10,1
2007-07-19,77495,,11,3,3670.0,55403420,MWAV,M WAVE INC,MWAV,334220.0,Q,A,R,11447,3,3670.0,55403420.0,,,36.0,367.0,,,,,,,2.17,-0.052402,1813.0,1.0,2.54,3934.21,MWAV,10.0,,9.0,,,1,1.0,1.0,1.0,7.0,7.0,10.0,4.0,,1.0,,10.0,10.0,10.0,10.0,10.0,6.0,1.0,,9.0,7.0,,,,7.0,,,10.0,1.0,2.0,10.0,,1.0,,,1.0,,10.0,1.0,10.0,1.0,10.0,,,1.0,1.0,6,10.0,10,1
2007-07-20,77495,,11,3,3670.0,55403420,MWAV,M WAVE INC,MWAV,334220.0,Q,A,R,11447,3,3670.0,55403420.0,,,36.0,367.0,,,,,,,2.76,0.271889,1813.0,1.0,1.99,5003.88,MWAV,10.0,,9.0,,,1,1.0,1.0,1.0,7.0,7.0,10.0,4.0,,1.0,,10.0,10.0,10.0,10.0,10.0,6.0,1.0,,9.0,7.0,,,,7.0,,,10.0,1.0,2.0,10.0,,1.0,,,1.0,,10.0,1.0,10.0,1.0,10.0,,,1.0,1.0,6,10.0,10,1
2007-07-23,77495,,11,3,3670.0,55403420,MWAV,M WAVE INC,MWAV,334220.0,Q,A,R,11447,3,3670.0,55403420.0,,,36.0,367.0,,,,,,,2.7,-0.021739,1813.0,1.0,3.0,4895.1,MWAV,10.0,,9.0,,,1,1.0,1.0,1.0,7.0,7.0,10.0,4.0,,1.0,,10.0,10.0,10.0,10.0,10.0,6.0,1.0,,9.0,7.0,,,,7.0,,,10.0,1.0,2.0,10.0,,1.0,,,1.0,,10.0,1.0,10.0,1.0,10.0,,,1.0,1.0,6,10.0,10,1
2007-07-24,77495,,11,3,3670.0,55403420,MWAV,M WAVE INC,MWAV,334220.0,Q,A,R,11447,3,3670.0,55403420.0,,,36.0,367.0,,,,,,,2.54,-0.059259,1813.0,1.0,2.66,4605.02,MWAV,10.0,,9.0,,,1,1.0,1.0,1.0,7.0,7.0,10.0,4.0,,1.0,,10.0,10.0,10.0,10.0,10.0,6.0,1.0,,9.0,7.0,,,,7.0,,,10.0,1.0,2.0,10.0,,1.0,,,1.0,,10.0,1.0,10.0,1.0,10.0,,,1.0,1.0,6,10.0,10,1
2007-07-25,77495,,11,3,3670.0,55403420,MWAV,M WAVE INC,MWAV,334220.0,Q,A,R,11447,3,3670.0,55403420.0,,,36.0,367.0,,,,,,,2.42,-0.047244,1813.0,1.0,2.612,4387.46,MWAV,10.0,,9.0,,,1,1.0,1.0,1.0,7.0,7.0,10.0,4.0,,1.0,,10.0,10.0,10.0,10.0,10.0,6.0,1.0,,9.0,7.0,,,,7.0,,,10.0,1.0,2.0,10.0,,1.0,,,1.0,,10.0,1.0,10.0,1.0,10.0,,,1.0,1.0,6,10.0,10,1
2007-07-26,77495,,11,3,3670.0,55403420,MWAV,M WAVE INC,MWAV,334220.0,Q,A,R,11447,3,3670.0,55403420.0,,,36.0,367.0,,,,,,,2.4,-0.008264,1813.0,1.0,2.42,4351.2,MWAV,10.0,,9.0,,,1,1.0,1.0,1.0,7.0,7.0,10.0,4.0,,1.0,,10.0,10.0,10.0,10.0,10.0,6.0,1.0,,9.0,7.0,,,,7.0,,,10.0,1.0,2.0,10.0,,1.0,,,1.0,,10.0,1.0,10.0,1.0,10.0,,,1.0,1.0,6,10.0,10,1
2007-07-27,77495,,11,3,3670.0,55403420,MWAV,M WAVE INC,MWAV,334220.0,Q,A,R,11447,3,3670.0,55403420.0,,,36.0,367.0,,,,,,,2.522,0.050833,1813.0,1.0,2.41,4572.386,MWAV,10.0,,9.0,,,1,1.0,1.0,1.0,7.0,7.0,10.0,4.0,,1.0,,10.0,10.0,10.0,10.0,10.0,6.0,1.0,,9.0,7.0,,,,7.0,,,10.0,1.0,2.0,10.0,,1.0,,,1.0,,10.0,1.0,10.0,1.0,10.0,,,1.0,1.0,6,10.0,10,1
2007-07-30,77495,,11,3,3670.0,55403420,MWAV,M WAVE INC,MWAV,334220.0,Q,A,R,11447,3,3670.0,55403420.0,,,36.0,367.0,,,,,,,2.321,-0.079699,1813.0,1.0,2.49,4207.973,MWAV,10.0,,9.0,,,1,1.0,1.0,1.0,7.0,7.0,10.0,4.0,,1.0,,10.0,10.0,10.0,10.0,10.0,6.0,1.0,,9.0,7.0,,,,7.0,,,10.0,1.0,2.0,10.0,,1.0,,,1.0,,10.0,1.0,10.0,1.0,10.0,,,1.0,1.0,6,10.0,10,1
2007-07-31,77495,,11,3,3670.0,55403420,MWAV,M WAVE INC,MWAV,334220.0,Q,A,R,11447,3,3670.0,55403420.0,,,36.0,367.0,,,,,,,2.35,0.012495,1813.0,1.0,2.49,4260.55,MWAV,10.0,,9.0,,,1,1.0,1.0,1.0,7.0,7.0,10.0,4.0,,1.0,,10.0,10.0,10.0,10.0,10.0,6.0,1.0,,9.0,7.0,,,,7.0,,,10.0,1.0,2.0,10.0,,1.0,,,1.0,,10.0,1.0,10.0,1.0,10.0,,,1.0,1.0,6,10.0,10,1
2007-08-01,77495,,11,3,3670.0,55403420,MWAV,M WAVE INC,MWAV,334220.0,Q,A,R,11447,3,3670.0,55403420.0,,,36.0,367.0,,,,,,,2.23,-0.051064,1813.0,1.0,2.0,4042.99,MWAV,10.0,,9.0,,,1,1.0,1.0,1.0,7.0,7.0,10.0,4.0,,1.0,,10.0,10.0,10.0,10.0,10.0,6.0,1.0,,9.0,7.0,,,,8.0,,,10.0,1.0,1.0,10.0,,1.0,,,1.0,1.0,9.0,1.0,10.0,1.0,10.0,,,1.0,1.0,6,10.0,10,1
2007-08-02,77495,,11,3,3670.0,55403420,MWAV,M WAVE INC,MWAV,334220.0,Q,A,R,11447,3,3670.0,55403420.0,,,36.0,367.0,,,,,,,2.43,0.089686,1813.0,1.0,2.4,4405.59,MWAV,10.0,,9.0,,,1,1.0,1.0,1.0,7.0,7.0,10.0,4.0,,1.0,,10.0,10.0,10.0,10.0,10.0,6.0,1.0,,9.0,7.0,,,,8.0,,,10.0,1.0,1.0,10.0,,1.0,,,1.0,1.0,9.0,1.0,10.0,1.0,10.0,,,1.0,1.0,6,10.0,10,1
2007-08-03,77495,,11,3,3670.0,55403420,MWAV,M WAVE INC,MWAV,334220.0,Q,A,R,11447,3,3670.0,55403420.0,,,36.0,367.0,,,,,,,2.26,-0.069959,1813.0,1.0,2.2,4097.38,MWAV,10.0,,9.0,,,1,1.0,1.0,1.0,7.0,7.0,10.0,4.0,,1.0,,10.0,10.0,10.0,10.0,10.0,6.0,1.0,,9.0,7.0,,,,8.0,,,10.0,1.0,1.0,10.0,,1.0,,,1.0,1.0,9.0,1.0,10.0,1.0,10.0,,,1.0,1.0,6,10.0,10,1
2007-08-06,77495,,11,3,3670.0,55403420,MWAV,M WAVE INC,MWAV,334220.0,Q,A,R,11447,3,3670.0,55403420.0,,,36.0,367.0,,,,,,,2.26,0.0,1813.0,1.0,2.18,4097.38,MWAV,10.0,,9.0,,,1,1.0,1.0,1.0,7.0,7.0,10.0,4.0,,1.0,,10.0,10.0,10.0,10.0,10.0,6.0,1.0,,9.0,7.0,,,,8.0,,,10.0,1.0,1.0,10.0,,1.0,,,1.0,1.0,9.0,1.0,10.0,1.0,10.0,,,1.0,1.0,6,10.0,10,1
2007-08-07,77495,,11,3,3670.0,55403420,MWAV,M WAVE INC,MWAV,334220.0,Q,A,R,11447,3,3670.0,55403420.0,,,36.0,367.0,,,,,,,2.05,-0.09292,1813.0,1.0,2.07,3716.65,MWAV,10.0,,9.0,,,1,1.0,1.0,1.0,7.0,7.0,10.0,4.0,,1.0,,10.0,10.0,10.0,10.0,10.0,6.0,1.0,,9.0,7.0,,,,8.0,,,10.0,1.0,1.0,10.0,,1.0,,,1.0,1.0,9.0,1.0,10.0,1.0,10.0,,,1.0,1.0,6,10.0,10,1
2007-08-08,77495,,11,3,3670.0,55403420,MWAV,M WAVE INC,MWAV,334220.0,Q,A,R,11447,3,3670.0,55403420.0,,,36.0,367.0,,,,,,,2.32,0.131707,1813.0,1.0,2.25,4206.16,MWAV,10.0,,9.0,,,1,1.0,1.0,1.0,7.0,7.0,10.0,4.0,,1.0,,10.0,10.0,10.0,10.0,10.0,6.0,1.0,,9.0,7.0,,,,8.0,,,10.0,1.0,1.0,10.0,,1.0,,,1.0,1.0,9.0,1.0,10.0,1.0,10.0,,,1.0,1.0,6,10.0,10,1
2007-08-09,77495,,11,3,3670.0,55403420,MWAV,M WAVE INC,MWAV,334220.0,Q,A,R,11447,3,3670.0,55403420.0,,,36.0,367.0,,,,,,,2.33,0.00431,1813.0,1.0,2.44,4224.29,MWAV,10.0,,9.0,,,1,1.0,1.0,1.0,7.0,7.0,10.0,4.0,,1.0,,10.0,10.0,10.0,10.0,10.0,6.0,1.0,,9.0,7.0,,,,8.0,,,10.0,1.0,1.0,10.0,,1.0,,,1.0,1.0,9.0,1.0,10.0,1.0,10.0,,,1.0,1.0,6,10.0,10,1
2007-08-10,77495,,11,3,3670.0,55403420,MWAV,M WAVE INC,MWAV,334220.0,Q,A,R,11447,3,3670.0,55403420.0,,,36.0,367.0,,,,,,,2.1,-0.098712,1813.0,1.0,2.3,3807.3,MWAV,10.0,,9.0,,,1,1.0,1.0,1.0,7.0,7.0,10.0,4.0,,1.0,,10.0,10.0,10.0,10.0,10.0,6.0,1.0,,9.0,7.0,,,,8.0,,,10.0,1.0,1.0,10.0,,1.0,,,1.0,1.0,9.0,1.0,10.0,1.0,10.0,,,1.0,1.0,6,10.0,10,1
2007-08-13,77495,,11,3,3670.0,55403420,MWAV,M WAVE INC,MWAV,334220.0,Q,A,R,11447,3,3670.0,55403420.0,,,36.0,367.0,,,,,,,2.07,-0.014286,1813.0,1.0,2.07,3752.91,MWAV,10.0,,9.0,,,1,1.0,1.0,1.0,7.0,7.0,10.0,4.0,,1.0,,10.0,10.0,10.0,10.0,10.0,6.0,1.0,,9.0,7.0,,,,8.0,,,10.0,1.0,1.0,10.0,,1.0,,,1.0,1.0,9.0,1.0,10.0,1.0,10.0,,,1.0,1.0,6,10.0,10,1
2007-08-14,77495,,11,3,3670.0,55403420,MWAV,M WAVE INC,MWAV,334220.0,Q,A,R,11447,3,3670.0,55403420.0,,,36.0,367.0,,,,,,,2.12,0.024155,1813.0,1.0,2.05,3843.56,MWAV,10.0,,9.0,,,1,1.0,1.0,1.0,7.0,7.0,10.0,4.0,,1.0,,10.0,10.0,10.0,10.0,10.0,6.0,1.0,,9.0,7.0,,,,8.0,,,10.0,1.0,1.0,10.0,,1.0,,,1.0,1.0,9.0,1.0,10.0,1.0,10.0,,,1.0,1.0,6,10.0,10,1
2007-08-15,77495,,11,3,3670.0,55403420,MWAV,M WAVE INC,MWAV,334220.0,Q,A,R,11447,3,3670.0,55403420.0,,,36.0,367.0,,,,,,,2.056,-0.030189,1813.0,1.0,2.17,3727.528,MWAV,10.0,,9.0,,,1,1.0,1.0,1.0,7.0,7.0,10.0,4.0,,1.0,,10.0,10.0,10.0,10.0,10.0,6.0,1.0,,9.0,7.0,,,,8.0,,,10.0,1.0,1.0,10.0,,1.0,,,1.0,1.0,9.0,1.0,10.0,1.0,10.0,,,1.0,1.0,6,10.0,10,1
2007-08-16,77495,,11,3,3670.0,55403420,MWAV,M WAVE INC,MWAV,334220.0,Q,A,R,11447,3,3670.0,55403420.0,,,36.0,367.0,,,,,,,2.0,-0.027237,1813.0,1.0,2.05,3626.0,MWAV,10.0,,9.0,,,1,1.0,1.0,1.0,7.0,7.0,10.0,4.0,,1.0,,10.0,10.0,10.0,10.0,10.0,6.0,1.0,,9.0,7.0,,,,8.0,,,10.0,1.0,1.0,10.0,,1.0,,,1.0,1.0,9.0,1.0,10.0,1.0,10.0,,,1.0,1.0,6,10.0,10,1
2007-08-17,77495,,11,3,3670.0,55403420,MWAV,M WAVE INC,MWAV,334220.0,Q,A,R,11447,3,3670.0,55403420.0,,,36.0,367.0,,,,,,,1.77,-0.115,1813.0,1.0,1.9,3209.01,MWAV,10.0,,9.0,,,1,1.0,1.0,1.0,7.0,7.0,10.0,4.0,,1.0,,10.0,10.0,10.0,10.0,10.0,6.0,1.0,,9.0,7.0,,,,8.0,,,10.0,1.0,1.0,10.0,,1.0,,,1.0,1.0,9.0,1.0,10.0,1.0,10.0,,,1.0,1.0,6,10.0,10,1
2007-08-20,77495,,11,3,3670.0,55403420,MWAV,M WAVE INC,MWAV,334220.0,Q,A,R,11447,3,3670.0,55403420.0,,,36.0,367.0,,,,,,,1.97,0.112994,1813.0,1.0,1.84,3571.61,MWAV,10.0,,9.0,,,1,1.0,1.0,1.0,7.0,7.0,10.0,4.0,,1.0,,10.0,10.0,10.0,10.0,10.0,6.0,1.0,,9.0,7.0,,,,8.0,,,10.0,1.0,1.0,10.0,,1.0,,,1.0,1.0,9.0,1.0,10.0,1.0,10.0,,,1.0,1.0,6,10.0,10,1
2007-08-21,77495,,11,3,3670.0,55403420,MWAV,M WAVE INC,MWAV,334220.0,Q,A,R,11447,3,3670.0,55403420.0,,,36.0,367.0,,,,,,,1.911,-0.029949,1813.0,1.0,1.78,3464.643,MWAV,10.0,,9.0,,,1,1.0,1.0,1.0,7.0,7.0,10.0,4.0,,1.0,,10.0,10.0,10.0,10.0,10.0,6.0,1.0,,9.0,7.0,,,,8.0,,,10.0,1.0,1.0,10.0,,1.0,,,1.0,1.0,9.0,1.0,10.0,1.0,10.0,,,1.0,1.0,6,10.0,10,1
2007-08-22,77495,,11,3,3670.0,55403420,MWAV,M WAVE INC,MWAV,334220.0,Q,A,R,11447,3,3670.0,55403420.0,,,36.0,367.0,,,,,,,1.98,0.036107,1813.0,1.0,1.91,3589.74,MWAV,10.0,,9.0,,,1,1.0,1.0,1.0,7.0,7.0,10.0,4.0,,1.0,,10.0,10.0,10.0,10.0,10.0,6.0,1.0,,9.0,7.0,,,,8.0,,,10.0,1.0,1.0,10.0,,1.0,,,1.0,1.0,9.0,1.0,10.0,1.0,10.0,,,1.0,1.0,6,10.0,10,1
2007-08-23,77495,,11,3,3670.0,55403420,MWAV,M WAVE INC,MWAV,334220.0,Q,A,R,11447,3,3670.0,55403420.0,,,36.0,367.0,,,,,,,-1.95,-0.015152,1813.0,1.0,,-3535.35,MWAV,10.0,,9.0,,,1,1.0,1.0,1.0,7.0,7.0,10.0,4.0,,1.0,,10.0,10.0,10.0,10.0,10.0,6.0,1.0,,9.0,7.0,,,,8.0,,,10.0,1.0,1.0,10.0,,1.0,,,1.0,1.0,9.0,1.0,10.0,1.0,10.0,,,1.0,1.0,6,10.0,10,1
2007-08-24,77495,,11,3,3670.0,55403420,MWAV,M WAVE INC,MWAV,334220.0,Q,A,R,11447,3,3670.0,55403420.0,,,36.0,367.0,,,,,,,-1.955,0.002564,1813.0,1.0,,-3544.415,MWAV,10.0,,9.0,,,1,1.0,1.0,1.0,7.0,7.0,10.0,4.0,,1.0,,10.0,10.0,10.0,10.0,10.0,6.0,1.0,,9.0,7.0,,,,8.0,,,10.0,1.0,1.0,10.0,,1.0,,,1.0,1.0,9.0,1.0,10.0,1.0,10.0,,,1.0,1.0,6,10.0,10,1
2007-08-27,77495,,11,3,3670.0,55403420,MWAV,M WAVE INC,MWAV,334220.0,Q,A,R,11447,3,3670.0,55403420.0,,,36.0,367.0,,,,,,,-1.95,-0.002557,1813.0,1.0,,-3535.35,MWAV,10.0,,9.0,,,1,1.0,1.0,1.0,7.0,7.0,10.0,4.0,,1.0,,10.0,10.0,10.0,10.0,10.0,6.0,1.0,,9.0,7.0,,,,8.0,,,10.0,1.0,1.0,10.0,,1.0,,,1.0,1.0,9.0,1.0,10.0,1.0,10.0,,,1.0,1.0,6,10.0,10,1
2007-08-28,77495,,11,3,3670.0,55403420,MWAV,M WAVE INC,MWAV,334220.0,Q,A,R,11447,3,3670.0,55403420.0,,,36.0,367.0,,,,,,,1.91,-0.020513,1813.0,1.0,1.91,3462.83,MWAV,10.0,,9.0,,,1,1.0,1.0,1.0,7.0,7.0,10.0,4.0,,1.0,,10.0,10.0,10.0,10.0,10.0,6.0,1.0,,9.0,7.0,,,,8.0,,,10.0,1.0,1.0,10.0,,1.0,,,1.0,1.0,9.0,1.0,10.0,1.0,10.0,,,1.0,1.0,6,10.0,10,1
2007-08-29,77495,,11,3,3670.0,55403420,MWAV,M WAVE INC,MWAV,334220.0,Q,A,R,11447,3,3670.0,55403420.0,,,36.0,367.0,,,,,,,1.92,0.005236,1813.0,1.0,1.928,3480.96,MWAV,10.0,,9.0,,,1,1.0,1.0,1.0,7.0,7.0,10.0,4.0,,1.0,,10.0,10.0,10.0,10.0,10.0,6.0,1.0,,9.0,7.0,,,,8.0,,,10.0,1.0,1.0,10.0,,1.0,,,1.0,1.0,9.0,1.0,10.0,1.0,10.0,,,1.0,1.0,6,10.0,10,1
2007-08-30,77495,,11,3,3670.0,55403420,MWAV,M WAVE INC,MWAV,334220.0,Q,A,R,11447,3,3670.0,55403420.0,,,36.0,367.0,,,,,,,1.918,-0.001042,1813.0,1.0,1.9,3477.334,MWAV,10.0,,9.0,,,1,1.0,1.0,1.0,7.0,7.0,10.0,4.0,,1.0,,10.0,10.0,10.0,10.0,10.0,6.0,1.0,,9.0,7.0,,,,8.0,,,10.0,1.0,1.0,10.0,,1.0,,,1.0,1.0,9.0,1.0,10.0,1.0,10.0,,,1.0,1.0,6,10.0,10,1
2007-08-31,77495,,11,3,3670.0,55403420,MWAV,M WAVE INC,MWAV,334220.0,Q,A,R,11447,3,3670.0,55403420.0,,,36.0,367.0,,,,,,,2.0,0.042753,1813.0,1.0,1.9899,3626.0,MWAV,10.0,,9.0,,,1,1.0,1.0,1.0,7.0,7.0,10.0,4.0,,1.0,,10.0,10.0,10.0,10.0,10.0,6.0,1.0,,9.0,7.0,,,,8.0,,,10.0,1.0,1.0,10.0,,1.0,,,1.0,1.0,9.0,1.0,10.0,1.0,10.0,,,1.0,1.0,6,10.0,10,1
2007-09-04,77495,,11,3,3670.0,55403420,MWAV,M WAVE INC,MWAV,334220.0,Q,A,R,11447,3,3670.0,55403420.0,,,36.0,367.0,,,,,,,2.04,0.02,1813.0,1.0,1.98,3698.52,MWAV,10.0,,9.0,,,1,1.0,1.0,1.0,7.0,7.0,10.0,4.0,,1.0,,10.0,10.0,10.0,10.0,10.0,6.0,1.0,,9.0,7.0,,,,8.0,,,10.0,1.0,1.0,10.0,,1.0,,,1.0,1.0,10.0,1.0,10.0,7.0,10.0,,,1.0,1.0,6,10.0,10,1
2007-09-05,77495,,11,3,3670.0,55403420,MWAV,M WAVE INC,MWAV,334220.0,Q,A,R,11447,3,3670.0,55403420.0,,,36.0,367.0,,,,,,,1.98,-0.029412,1813.0,1.0,1.99,3589.74,MWAV,10.0,,9.0,,,1,1.0,1.0,1.0,7.0,7.0,10.0,4.0,,1.0,,10.0,10.0,10.0,10.0,10.0,6.0,1.0,,9.0,7.0,,,,8.0,,,10.0,1.0,1.0,10.0,,1.0,,,1.0,1.0,10.0,1.0,10.0,7.0,10.0,,,1.0,1.0,6,10.0,10,1
2007-09-06,77495,,11,3,3670.0,55403420,MWAV,M WAVE INC,MWAV,334220.0,Q,A,R,11447,3,3670.0,55403420.0,,,36.0,367.0,,,,,,,-2.02,0.020202,1813.0,1.0,,-3662.26,MWAV,10.0,,9.0,,,1,1.0,1.0,1.0,7.0,7.0,10.0,4.0,,1.0,,10.0,10.0,10.0,10.0,10.0,6.0,1.0,,9.0,7.0,,,,8.0,,,10.0,1.0,1.0,10.0,,1.0,,,1.0,1.0,10.0,1.0,10.0,7.0,10.0,,,1.0,1.0,6,10.0,10,1
2007-09-07,77495,,11,3,3670.0,55403420,MWAV,M WAVE INC,MWAV,334220.0,Q,A,R,11447,3,3670.0,55403420.0,,,36.0,367.0,,,,,,,2.04,0.009901,1813.0,1.0,1.92,3698.52,MWAV,10.0,,9.0,,,1,1.0,1.0,1.0,7.0,7.0,10.0,4.0,,1.0,,10.0,10.0,10.0,10.0,10.0,6.0,1.0,,9.0,7.0,,,,8.0,,,10.0,1.0,1.0,10.0,,1.0,,,1.0,1.0,10.0,1.0,10.0,7.0,10.0,,,1.0,1.0,6,10.0,10,1
2007-09-10,77495,,11,3,3670.0,55403420,MWAV,M WAVE INC,MWAV,334220.0,Q,A,R,11447,3,3670.0,55403420.0,,,36.0,367.0,,,,,,,1.8288,-0.103529,1813.0,1.0,1.93,3315.6144,MWAV,10.0,,9.0,,,1,1.0,1.0,1.0,7.0,7.0,10.0,4.0,,1.0,,10.0,10.0,10.0,10.0,10.0,6.0,1.0,,9.0,7.0,,,,8.0,,,10.0,1.0,1.0,10.0,,1.0,,,1.0,1.0,10.0,1.0,10.0,7.0,10.0,,,1.0,1.0,6,10.0,10,1
2007-09-11,77495,,11,3,3670.0,55403420,MWAV,M WAVE INC,MWAV,334220.0,Q,A,R,11447,3,3670.0,55403420.0,,,36.0,367.0,,,,,,,1.61,-0.119641,1813.0,1.0,1.71,2918.93,MWAV,10.0,,9.0,,,1,1.0,1.0,1.0,7.0,7.0,10.0,4.0,,1.0,,10.0,10.0,10.0,10.0,10.0,6.0,1.0,,9.0,7.0,,,,8.0,,,10.0,1.0,1.0,10.0,,1.0,,,1.0,1.0,10.0,1.0,10.0,7.0,10.0,,,1.0,1.0,6,10.0,10,1
2007-09-12,77495,,11,3,3670.0,55403420,MWAV,M WAVE INC,MWAV,334220.0,Q,A,R,11447,3,3670.0,55403420.0,,,36.0,367.0,,,,,,,1.96,0.217391,1813.0,1.0,1.5501,3553.48,MWAV,10.0,,9.0,,,1,1.0,1.0,1.0,7.0,7.0,10.0,4.0,,1.0,,10.0,10.0,10.0,10.0,10.0,6.0,1.0,,9.0,7.0,,,,8.0,,,10.0,1.0,1.0,10.0,,1.0,,,1.0,1.0,10.0,1.0,10.0,7.0,10.0,,,1.0,1.0,6,10.0,10,1
2007-09-13,77495,,11,3,3670.0,55403420,MWAV,M WAVE INC,MWAV,334220.0,Q,A,R,11447,3,3670.0,55403420.0,,,36.0,367.0,,,,,,,2.01,0.02551,1813.0,1.0,1.93,3644.13,MWAV,10.0,,9.0,,,1,1.0,1.0,1.0,7.0,7.0,10.0,4.0,,1.0,,10.0,10.0,10.0,10.0,10.0,6.0,1.0,,9.0,7.0,,,,8.0,,,10.0,1.0,1.0,10.0,,1.0,,,1.0,1.0,10.0,1.0,10.0,7.0,10.0,,,1.0,1.0,6,10.0,10,1
2007-09-14,77495,,11,3,3670.0,55403420,MWAV,M WAVE INC,MWAV,334220.0,Q,A,R,11447,3,3670.0,55403420.0,,,36.0,367.0,,,,,,,1.76,-0.124378,1813.0,1.0,2.05,3190.88,MWAV,10.0,,9.0,,,1,1.0,1.0,1.0,7.0,7.0,10.0,4.0,,1.0,,10.0,10.0,10.0,10.0,10.0,6.0,1.0,,9.0,7.0,,,,8.0,,,10.0,1.0,1.0,10.0,,1.0,,,1.0,1.0,10.0,1.0,10.0,7.0,10.0,,,1.0,1.0,6,10.0,10,1
2007-09-17,77495,,11,3,3670.0,55403420,MWAV,M WAVE INC,MWAV,334220.0,Q,A,R,11447,3,3670.0,55403420.0,,,36.0,367.0,,,,,,,2.11,0.198864,1813.0,1.0,1.79,3825.43,MWAV,10.0,,9.0,,,1,1.0,1.0,1.0,7.0,7.0,10.0,4.0,,1.0,,10.0,10.0,10.0,10.0,10.0,6.0,1.0,,9.0,7.0,,,,8.0,,,10.0,1.0,1.0,10.0,,1.0,,,1.0,1.0,10.0,1.0,10.0,7.0,10.0,,,1.0,1.0,6,10.0,10,1
2007-09-18,77495,,11,3,3670.0,55403420,MWAV,M WAVE INC,MWAV,334220.0,Q,A,R,11447,3,3670.0,55403420.0,,,36.0,367.0,,,,,,,2.88,0.364929,1813.0,1.0,2.35,5221.44,MWAV,10.0,,9.0,,,1,1.0,1.0,1.0,7.0,7.0,10.0,4.0,,1.0,,10.0,10.0,10.0,10.0,10.0,6.0,1.0,,9.0,7.0,,,,8.0,,,10.0,1.0,1.0,10.0,,1.0,,,1.0,1.0,10.0,1.0,10.0,7.0,10.0,,,1.0,1.0,6,10.0,10,1
2007-09-19,77495,,11,3,3670.0,55403420,MWAV,M WAVE INC,MWAV,334220.0,Q,A,R,11447,3,3670.0,55403420.0,,,36.0,367.0,,,,,,,2.25,-0.21875,1813.0,1.0,2.88,4079.25,MWAV,10.0,,9.0,,,1,1.0,1.0,1.0,7.0,7.0,10.0,4.0,,1.0,,10.0,10.0,10.0,10.0,10.0,6.0,1.0,,9.0,7.0,,,,8.0,,,10.0,1.0,1.0,10.0,,1.0,,,1.0,1.0,10.0,1.0,10.0,7.0,10.0,,,1.0,1.0,6,10.0,10,1
2007-09-20,77495,,11,3,3670.0,55403420,MWAV,M WAVE INC,MWAV,334220.0,Q,A,R,11447,3,3670.0,55403420.0,,,36.0,367.0,,,,,,,2.94,0.306667,1813.0,1.0,2.4,5330.22,MWAV,10.0,,9.0,,,1,1.0,1.0,1.0,7.0,7.0,10.0,4.0,,1.0,,10.0,10.0,10.0,10.0,10.0,6.0,1.0,,9.0,7.0,,,,8.0,,,10.0,1.0,1.0,10.0,,1.0,,,1.0,1.0,10.0,1.0,10.0,7.0,10.0,,,1.0,1.0,6,10.0,10,1
2007-09-21,77495,,11,3,3670.0,55403420,MWAV,M WAVE INC,MWAV,334220.0,Q,A,R,11447,3,3670.0,55403420.0,,,36.0,367.0,,,,,,,2.75,-0.064626,1813.0,1.0,3.1,4985.75,MWAV,10.0,,9.0,,,1,1.0,1.0,1.0,7.0,7.0,10.0,4.0,,1.0,,10.0,10.0,10.0,10.0,10.0,6.0,1.0,,9.0,7.0,,,,8.0,,,10.0,1.0,1.0,10.0,,1.0,,,1.0,1.0,10.0,1.0,10.0,7.0,10.0,,,1.0,1.0,6,10.0,10,1
2007-09-24,77495,,11,3,3670.0,55403420,MWAV,M WAVE INC,MWAV,334220.0,Q,A,R,11447,3,3670.0,55403420.0,,,36.0,367.0,,,,,,,2.52,-0.083636,1813.0,1.0,2.73,4568.76,MWAV,10.0,,9.0,,,1,1.0,1.0,1.0,7.0,7.0,10.0,4.0,,1.0,,10.0,10.0,10.0,10.0,10.0,6.0,1.0,,9.0,7.0,,,,8.0,,,10.0,1.0,1.0,10.0,,1.0,,,1.0,1.0,10.0,1.0,10.0,7.0,10.0,,,1.0,1.0,6,10.0,10,1
2007-09-25,77495,,11,3,3670.0,55403420,MWAV,M WAVE INC,MWAV,334220.0,Q,A,R,11447,3,3670.0,55403420.0,,,36.0,367.0,,,,,,,2.381,-0.055159,1813.0,1.0,2.49,4316.753,MWAV,10.0,,9.0,,,1,1.0,1.0,1.0,7.0,7.0,10.0,4.0,,1.0,,10.0,10.0,10.0,10.0,10.0,6.0,1.0,,9.0,7.0,,,,8.0,,,10.0,1.0,1.0,10.0,,1.0,,,1.0,1.0,10.0,1.0,10.0,7.0,10.0,,,1.0,1.0,6,10.0,10,1
2007-09-26,77495,,11,3,3670.0,55403420,MWAV,M WAVE INC,MWAV,334220.0,Q,A,R,11447,3,3670.0,55403420.0,,,36.0,367.0,,,,,,,2.36,-0.00882,1813.0,1.0,2.39,4278.68,MWAV,10.0,,9.0,,,1,1.0,1.0,1.0,7.0,7.0,10.0,4.0,,1.0,,10.0,10.0,10.0,10.0,10.0,6.0,1.0,,9.0,7.0,,,,8.0,,,10.0,1.0,1.0,10.0,,1.0,,,1.0,1.0,10.0,1.0,10.0,7.0,10.0,,,1.0,1.0,6,10.0,10,1
2007-09-27,77495,,11,3,3670.0,55403420,MWAV,M WAVE INC,MWAV,334220.0,Q,A,R,11447,3,3670.0,55403420.0,,,36.0,367.0,,,,,,,2.3,-0.025424,1813.0,1.0,2.32,4169.9,MWAV,10.0,,9.0,,,1,1.0,1.0,1.0,7.0,7.0,10.0,4.0,,1.0,,10.0,10.0,10.0,10.0,10.0,6.0,1.0,,9.0,7.0,,,,8.0,,,10.0,1.0,1.0,10.0,,1.0,,,1.0,1.0,10.0,1.0,10.0,7.0,10.0,,,1.0,1.0,6,10.0,10,1
2007-09-28,77495,,11,3,3670.0,55403420,MWAV,M WAVE INC,MWAV,334220.0,Q,A,R,11447,3,3670.0,55403420.0,,,36.0,367.0,,,,,,,2.2002,-0.043391,1813.0,1.0,2.3,3988.9626,MWAV,10.0,,9.0,,,1,1.0,1.0,1.0,7.0,7.0,10.0,4.0,,1.0,,10.0,10.0,10.0,10.0,10.0,6.0,1.0,,9.0,7.0,,,,8.0,,,10.0,1.0,1.0,10.0,,1.0,,,1.0,1.0,10.0,1.0,10.0,7.0,10.0,,,1.0,1.0,6,10.0,10,1
2007-10-01,77495,,11,3,3670.0,55403420,MWAV,M WAVE INC,MWAV,334220.0,Q,A,R,11447,3,3670.0,55403420.0,,,36.0,367.0,,,,,,,2.27,0.031724,1813.0,1.0,2.36,4115.51,MWAV,10.0,,9.0,,,1,1.0,1.0,1.0,7.0,7.0,10.0,4.0,,1.0,,10.0,10.0,10.0,10.0,10.0,6.0,1.0,,9.0,7.0,,,,8.0,,,10.0,1.0,2.0,10.0,,2.0,,,1.0,1.0,2.0,1.0,10.0,1.0,2.0,,,2.0,1.0,6,7.0,10,1
2007-10-02,77495,,11,3,3670.0,55403420,MWAV,M WAVE INC,MWAV,334220.0,Q,A,R,11447,3,3670.0,55403420.0,,,36.0,367.0,,,,,,,2.36,0.039648,1813.0,1.0,2.28,4278.68,MWAV,10.0,,9.0,,,1,1.0,1.0,1.0,7.0,7.0,10.0,4.0,,1.0,,10.0,10.0,10.0,10.0,10.0,6.0,1.0,,9.0,7.0,,,,8.0,,,10.0,1.0,2.0,10.0,,2.0,,,1.0,1.0,2.0,1.0,10.0,1.0,2.0,,,2.0,1.0,6,7.0,10,1
2007-10-03,77495,,11,3,3670.0,55403420,MWAV,M WAVE INC,MWAV,334220.0,Q,A,R,11447,3,3670.0,55403420.0,,,36.0,367.0,,,,,,,2.26,-0.042373,1813.0,1.0,2.16,4097.38,MWAV,10.0,,9.0,,,1,1.0,1.0,1.0,7.0,7.0,10.0,4.0,,1.0,,10.0,10.0,10.0,10.0,10.0,6.0,1.0,,9.0,7.0,,,,8.0,,,10.0,1.0,2.0,10.0,,2.0,,,1.0,1.0,2.0,1.0,10.0,1.0,2.0,,,2.0,1.0,6,7.0,10,1
2007-10-04,77495,,11,3,3670.0,55403420,MWAV,M WAVE INC,MWAV,334220.0,Q,A,R,11447,3,3670.0,55403420.0,,,36.0,367.0,,,,,,,2.264,0.00177,1813.0,1.0,2.22,4104.632,MWAV,10.0,,9.0,,,1,1.0,1.0,1.0,7.0,7.0,10.0,4.0,,1.0,,10.0,10.0,10.0,10.0,10.0,6.0,1.0,,9.0,7.0,,,,8.0,,,10.0,1.0,2.0,10.0,,2.0,,,1.0,1.0,2.0,1.0,10.0,1.0,2.0,,,2.0,1.0,6,7.0,10,1
2007-10-05,77495,,11,3,3670.0,55403420,MWAV,M WAVE INC,MWAV,334220.0,Q,A,R,11447,3,3670.0,55403420.0,,,36.0,367.0,,,,,,,2.23,-0.015018,1813.0,1.0,2.23,4042.99,MWAV,10.0,,9.0,,,1,1.0,1.0,1.0,7.0,7.0,10.0,4.0,,1.0,,10.0,10.0,10.0,10.0,10.0,6.0,1.0,,9.0,7.0,,,,8.0,,,10.0,1.0,2.0,10.0,,2.0,,,1.0,1.0,2.0,1.0,10.0,1.0,2.0,,,2.0,1.0,6,7.0,10,1
2007-10-08,77495,,11,3,3670.0,55403420,MWAV,M WAVE INC,MWAV,334220.0,Q,A,R,11447,3,3670.0,55403420.0,,,36.0,367.0,,,,,,,2.22,-0.004484,1813.0,1.0,2.191,4024.86,MWAV,10.0,,9.0,,,1,1.0,1.0,1.0,7.0,7.0,10.0,4.0,,1.0,,10.0,10.0,10.0,10.0,10.0,6.0,1.0,,9.0,7.0,,,,8.0,,,10.0,1.0,2.0,10.0,,2.0,,,1.0,1.0,2.0,1.0,10.0,1.0,2.0,,,2.0,1.0,6,7.0,10,1
2007-10-09,77495,,11,3,3670.0,55403420,MWAV,M WAVE INC,MWAV,334220.0,Q,A,R,11447,3,3670.0,55403420.0,,,36.0,367.0,,,,,,,2.08,-0.063063,1813.0,1.0,2.43,3771.04,MWAV,10.0,,9.0,,,1,1.0,1.0,1.0,7.0,7.0,10.0,4.0,,1.0,,10.0,10.0,10.0,10.0,10.0,6.0,1.0,,9.0,7.0,,,,8.0,,,10.0,1.0,2.0,10.0,,2.0,,,1.0,1.0,2.0,1.0,10.0,1.0,2.0,,,2.0,1.0,6,7.0,10,1
2007-10-10,77495,,11,3,3670.0,55403420,MWAV,M WAVE INC,MWAV,334220.0,Q,A,R,11447,3,3670.0,55403420.0,,,36.0,367.0,,,,,,,2.06,-0.009615,1813.0,1.0,2.11,3734.78,MWAV,10.0,,9.0,,,1,1.0,1.0,1.0,7.0,7.0,10.0,4.0,,1.0,,10.0,10.0,10.0,10.0,10.0,6.0,1.0,,9.0,7.0,,,,8.0,,,10.0,1.0,2.0,10.0,,2.0,,,1.0,1.0,2.0,1.0,10.0,1.0,2.0,,,2.0,1.0,6,7.0,10,1
2007-10-11,77495,,11,3,3670.0,55403420,MWAV,M WAVE INC,MWAV,334220.0,Q,A,R,11447,3,3670.0,55403420.0,,,36.0,367.0,,,,,,,2.05,-0.004854,1813.0,1.0,2.08,3716.65,MWAV,10.0,,9.0,,,1,1.0,1.0,1.0,7.0,7.0,10.0,4.0,,1.0,,10.0,10.0,10.0,10.0,10.0,6.0,1.0,,9.0,7.0,,,,8.0,,,10.0,1.0,2.0,10.0,,2.0,,,1.0,1.0,2.0,1.0,10.0,1.0,2.0,,,2.0,1.0,6,7.0,10,1
2007-10-12,77495,,11,3,3670.0,55403420,MWAV,M WAVE INC,MWAV,334220.0,Q,A,R,11447,3,3670.0,55403420.0,,,36.0,367.0,,,,,,,2.11,0.029268,1813.0,1.0,2.06,3825.43,MWAV,10.0,,9.0,,,1,1.0,1.0,1.0,7.0,7.0,10.0,4.0,,1.0,,10.0,10.0,10.0,10.0,10.0,6.0,1.0,,9.0,7.0,,,,8.0,,,10.0,1.0,2.0,10.0,,2.0,,,1.0,1.0,2.0,1.0,10.0,1.0,2.0,,,2.0,1.0,6,7.0,10,1
2007-10-15,77495,,11,3,3670.0,55403420,MWAV,M WAVE INC,MWAV,334220.0,Q,A,R,11447,3,3670.0,55403420.0,,,36.0,367.0,,,,,,,2.1,-0.004739,1813.0,1.0,2.25,3807.3,MWAV,10.0,,9.0,,,1,1.0,1.0,1.0,7.0,7.0,10.0,4.0,,1.0,,10.0,10.0,10.0,10.0,10.0,6.0,1.0,,9.0,7.0,,,,8.0,,,10.0,1.0,2.0,10.0,,2.0,,,1.0,1.0,2.0,1.0,10.0,1.0,2.0,,,2.0,1.0,6,7.0,10,1
2007-10-16,77495,,11,3,3670.0,55403420,MWAV,M WAVE INC,MWAV,334220.0,Q,A,R,11447,3,3670.0,55403420.0,,,36.0,367.0,,,,,,,2.04,-0.028571,1813.0,1.0,2.1,3698.52,MWAV,10.0,,9.0,,,1,1.0,1.0,1.0,7.0,7.0,10.0,4.0,,1.0,,10.0,10.0,10.0,10.0,10.0,6.0,1.0,,9.0,7.0,,,,8.0,,,10.0,1.0,2.0,10.0,,2.0,,,1.0,1.0,2.0,1.0,10.0,1.0,2.0,,,2.0,1.0,6,7.0,10,1
2007-10-17,77495,,11,3,3670.0,55403420,MWAV,M WAVE INC,MWAV,334220.0,Q,A,R,11447,3,3670.0,55403420.0,,,36.0,367.0,,,,,,,2.04,0.0,1813.0,1.0,1.954,3698.52,MWAV,10.0,,9.0,,,1,1.0,1.0,1.0,7.0,7.0,10.0,4.0,,1.0,,10.0,10.0,10.0,10.0,10.0,6.0,1.0,,9.0,7.0,,,,8.0,,,10.0,1.0,2.0,10.0,,2.0,,,1.0,1.0,2.0,1.0,10.0,1.0,2.0,,,2.0,1.0,6,7.0,10,1
2007-10-18,77495,,11,3,3670.0,55403420,MWAV,M WAVE INC,MWAV,334220.0,Q,A,R,11447,3,3670.0,55403420.0,,,36.0,367.0,,,,,,,2.0399,-4.9e-05,1813.0,1.0,2.0399,3698.3387,MWAV,10.0,,9.0,,,1,1.0,1.0,1.0,7.0,7.0,10.0,4.0,,1.0,,10.0,10.0,10.0,10.0,10.0,6.0,1.0,,9.0,7.0,,,,8.0,,,10.0,1.0,2.0,10.0,,2.0,,,1.0,1.0,2.0,1.0,10.0,1.0,2.0,,,2.0,1.0,6,7.0,10,1
2007-10-19,77495,,11,3,3670.0,55403420,MWAV,M WAVE INC,MWAV,334220.0,Q,A,R,11447,3,3670.0,55403420.0,,,36.0,367.0,,,,,,,1.95,-0.044071,1813.0,1.0,2.022,3535.35,MWAV,10.0,,9.0,,,1,1.0,1.0,1.0,7.0,7.0,10.0,4.0,,1.0,,10.0,10.0,10.0,10.0,10.0,6.0,1.0,,9.0,7.0,,,,8.0,,,10.0,1.0,2.0,10.0,,2.0,,,1.0,1.0,2.0,1.0,10.0,1.0,2.0,,,2.0,1.0,6,7.0,10,1
2007-10-22,77495,,11,3,3670.0,55403420,MWAV,M WAVE INC,MWAV,334220.0,Q,A,R,11447,3,3670.0,55403420.0,,,36.0,367.0,,,,,,,2.0,0.025641,1813.0,1.0,2.0,3626.0,MWAV,10.0,,9.0,,,1,1.0,1.0,1.0,7.0,7.0,10.0,4.0,,1.0,,10.0,10.0,10.0,10.0,10.0,6.0,1.0,,9.0,7.0,,,,8.0,,,10.0,1.0,2.0,10.0,,2.0,,,1.0,1.0,2.0,1.0,10.0,1.0,2.0,,,2.0,1.0,6,7.0,10,1
2007-10-23,77495,,11,3,3670.0,55403420,MWAV,M WAVE INC,MWAV,334220.0,Q,A,R,11447,3,3670.0,55403420.0,,,36.0,367.0,,,,,,,1.96,-0.02,1813.0,1.0,1.99,3553.48,MWAV,10.0,,9.0,,,1,1.0,1.0,1.0,7.0,7.0,10.0,4.0,,1.0,,10.0,10.0,10.0,10.0,10.0,6.0,1.0,,9.0,7.0,,,,8.0,,,10.0,1.0,2.0,10.0,,2.0,,,1.0,1.0,2.0,1.0,10.0,1.0,2.0,,,2.0,1.0,6,7.0,10,1
2007-10-24,77495,,11,3,3670.0,55403420,MWAV,M WAVE INC,MWAV,334220.0,Q,A,R,11447,3,3670.0,55403420.0,,,36.0,367.0,,,,,,,1.9399,-0.010255,1813.0,1.0,1.85,3517.0387,MWAV,10.0,,9.0,,,1,1.0,1.0,1.0,7.0,7.0,10.0,4.0,,1.0,,10.0,10.0,10.0,10.0,10.0,6.0,1.0,,9.0,7.0,,,,8.0,,,10.0,1.0,2.0,10.0,,2.0,,,1.0,1.0,2.0,1.0,10.0,1.0,2.0,,,2.0,1.0,6,7.0,10,1
2007-10-25,77495,,11,3,3670.0,55403420,MWAV,M WAVE INC,MWAV,334220.0,Q,A,R,11447,3,3670.0,55403420.0,,,36.0,367.0,,,,,,,2.0,0.030981,1813.0,1.0,2.0,3626.0,MWAV,10.0,,9.0,,,1,1.0,1.0,1.0,7.0,7.0,10.0,4.0,,1.0,,10.0,10.0,10.0,10.0,10.0,6.0,1.0,,9.0,7.0,,,,8.0,,,10.0,1.0,2.0,10.0,,2.0,,,1.0,1.0,2.0,1.0,10.0,1.0,2.0,,,2.0,1.0,6,7.0,10,1
2007-10-26,77495,,11,3,3670.0,55403420,MWAV,M WAVE INC,MWAV,334220.0,Q,A,R,11447,3,3670.0,55403420.0,,,36.0,367.0,,,,,,,2.0501,0.02505,1813.0,1.0,2.12,3716.8313,MWAV,10.0,,9.0,,,1,1.0,1.0,1.0,7.0,7.0,10.0,4.0,,1.0,,10.0,10.0,10.0,10.0,10.0,6.0,1.0,,9.0,7.0,,,,8.0,,,10.0,1.0,2.0,10.0,,2.0,,,1.0,1.0,2.0,1.0,10.0,1.0,2.0,,,2.0,1.0,6,7.0,10,1
2007-10-29,77495,,11,3,3670.0,55403420,MWAV,M WAVE INC,MWAV,334220.0,Q,A,R,11447,3,3670.0,55403420.0,,,36.0,367.0,,,,,,,2.1108,0.029608,1813.0,1.0,2.1392,3826.8804,MWAV,10.0,,9.0,,,1,1.0,1.0,1.0,7.0,7.0,10.0,4.0,,1.0,,10.0,10.0,10.0,10.0,10.0,6.0,1.0,,9.0,7.0,,,,8.0,,,10.0,1.0,2.0,10.0,,2.0,,,1.0,1.0,2.0,1.0,10.0,1.0,2.0,,,2.0,1.0,6,7.0,10,1
2007-10-30,77495,,11,3,3670.0,55403420,MWAV,M WAVE INC,MWAV,334220.0,Q,A,R,11447,3,3670.0,55403420.0,,,36.0,367.0,,,,,,,2.04,-0.033542,1813.0,1.0,2.1,3698.52,MWAV,10.0,,9.0,,,1,1.0,1.0,1.0,7.0,7.0,10.0,4.0,,1.0,,10.0,10.0,10.0,10.0,10.0,6.0,1.0,,9.0,7.0,,,,8.0,,,10.0,1.0,2.0,10.0,,2.0,,,1.0,1.0,2.0,1.0,10.0,1.0,2.0,,,2.0,1.0,6,7.0,10,1
2007-10-31,77495,,11,3,3670.0,55403420,MWAV,M WAVE INC,MWAV,334220.0,Q,A,R,11447,3,3670.0,55403420.0,,,36.0,367.0,,,,,,,2.03,-0.004902,1813.0,1.0,2.03,3680.39,MWAV,10.0,,9.0,,,1,1.0,1.0,1.0,7.0,7.0,10.0,4.0,,1.0,,10.0,10.0,10.0,10.0,10.0,6.0,1.0,,9.0,7.0,,,,8.0,,,10.0,1.0,2.0,10.0,,2.0,,,1.0,1.0,2.0,1.0,10.0,1.0,2.0,,,2.0,1.0,6,7.0,10,1
2007-11-01,77495,,11,3,3670.0,55403420,MWAV,M WAVE INC,MWAV,334220.0,Q,A,R,11447,3,3670.0,55403420.0,,,36.0,367.0,,,,,,,2.05,0.009852,1813.0,1.0,2.06,3716.65,MWAV,10.0,,9.0,,,1,1.0,1.0,1.0,7.0,7.0,10.0,4.0,,1.0,,10.0,10.0,10.0,10.0,10.0,6.0,1.0,,9.0,7.0,,,,7.0,,,10.0,3.0,6.0,10.0,,2.0,,,1.0,1.0,9.0,1.0,10.0,10.0,9.0,,,10.0,1.0,6,7.0,10,1
2007-11-02,77495,,11,3,3670.0,55403420,MWAV,M WAVE INC,MWAV,334220.0,Q,A,R,11447,3,3670.0,55403420.0,,,36.0,367.0,,,,,,,2.02,-0.014634,1813.0,1.0,2.05,3662.26,MWAV,10.0,,9.0,,,1,1.0,1.0,1.0,7.0,7.0,10.0,4.0,,1.0,,10.0,10.0,10.0,10.0,10.0,6.0,1.0,,9.0,7.0,,,,7.0,,,10.0,3.0,6.0,10.0,,2.0,,,1.0,1.0,9.0,1.0,10.0,10.0,9.0,,,10.0,1.0,6,7.0,10,1
2007-11-05,77495,,11,3,3670.0,55403420,MWAV,M WAVE INC,MWAV,334220.0,Q,A,R,11447,3,3670.0,55403420.0,,,36.0,367.0,,,,,,,2.04,0.009901,1813.0,1.0,2.02,3698.52,MWAV,10.0,,9.0,,,1,1.0,1.0,1.0,7.0,7.0,10.0,4.0,,1.0,,10.0,10.0,10.0,10.0,10.0,6.0,1.0,,9.0,7.0,,,,7.0,,,10.0,3.0,6.0,10.0,,2.0,,,1.0,1.0,9.0,1.0,10.0,10.0,9.0,,,10.0,1.0,6,7.0,10,1
2007-11-06,77495,,11,3,3670.0,55403420,MWAV,M WAVE INC,MWAV,334220.0,Q,A,R,11447,3,3670.0,55403420.0,,,36.0,367.0,,,,,,,2.06,0.009804,1813.0,1.0,2.0504,3734.78,MWAV,10.0,,9.0,,,1,1.0,1.0,1.0,7.0,7.0,10.0,4.0,,1.0,,10.0,10.0,10.0,10.0,10.0,6.0,1.0,,9.0,7.0,,,,7.0,,,10.0,3.0,6.0,10.0,,2.0,,,1.0,1.0,9.0,1.0,10.0,10.0,9.0,,,10.0,1.0,6,7.0,10,1
2007-11-07,77495,,11,3,3670.0,55403420,MWAV,M WAVE INC,MWAV,334220.0,Q,A,R,11447,3,3670.0,55403420.0,,,36.0,367.0,,,,,,,1.97,-0.043689,1813.0,1.0,1.95,3571.61,MWAV,10.0,,9.0,,,1,1.0,1.0,1.0,7.0,7.0,10.0,4.0,,1.0,,10.0,10.0,10.0,10.0,10.0,6.0,1.0,,9.0,7.0,,,,7.0,,,10.0,3.0,6.0,10.0,,2.0,,,1.0,1.0,9.0,1.0,10.0,10.0,9.0,,,10.0,1.0,6,7.0,10,1
2007-11-08,77495,,11,3,3670.0,55403420,MWAV,M WAVE INC,MWAV,334220.0,Q,A,R,11447,3,3670.0,55403420.0,,,36.0,367.0,,,,,,,1.97,0.0,1813.0,1.0,1.982,3571.61,MWAV,10.0,,9.0,,,1,1.0,1.0,1.0,7.0,7.0,10.0,4.0,,1.0,,10.0,10.0,10.0,10.0,10.0,6.0,1.0,,9.0,7.0,,,,7.0,,,10.0,3.0,6.0,10.0,,2.0,,,1.0,1.0,9.0,1.0,10.0,10.0,9.0,,,10.0,1.0,6,7.0,10,1
2007-11-09,77495,,11,3,3670.0,55403420,MWAV,M WAVE INC,MWAV,334220.0,Q,A,R,11447,3,3670.0,55403420.0,,,36.0,367.0,,,,,,,1.95,-0.010152,1813.0,1.0,1.97,3535.35,MWAV,10.0,,9.0,,,1,1.0,1.0,1.0,7.0,7.0,10.0,4.0,,1.0,,10.0,10.0,10.0,10.0,10.0,6.0,1.0,,9.0,7.0,,,,7.0,,,10.0,3.0,6.0,10.0,,2.0,,,1.0,1.0,9.0,1.0,10.0,10.0,9.0,,,10.0,1.0,6,7.0,10,1
2007-11-12,77495,,11,3,3670.0,55403420,MWAV,M WAVE INC,MWAV,334220.0,Q,A,R,11447,3,3670.0,55403420.0,,,36.0,367.0,,,,,,,1.8799,-0.035949,1813.0,1.0,2.01,3408.2587,MWAV,10.0,,9.0,,,1,1.0,1.0,1.0,7.0,7.0,10.0,4.0,,1.0,,10.0,10.0,10.0,10.0,10.0,6.0,1.0,,9.0,7.0,,,,7.0,,,10.0,3.0,6.0,10.0,,2.0,,,1.0,1.0,9.0,1.0,10.0,10.0,9.0,,,10.0,1.0,6,7.0,10,1
2007-11-13,77495,,11,3,3670.0,55403420,MWAV,M WAVE INC,MWAV,334220.0,Q,A,R,11447,3,3670.0,55403420.0,,,36.0,367.0,,,,,,,1.8,-0.042502,1813.0,1.0,1.7801,3263.4,MWAV,10.0,,9.0,,,1,1.0,1.0,1.0,7.0,7.0,10.0,4.0,,1.0,,10.0,10.0,10.0,10.0,10.0,6.0,1.0,,9.0,7.0,,,,7.0,,,10.0,3.0,6.0,10.0,,2.0,,,1.0,1.0,9.0,1.0,10.0,10.0,9.0,,,10.0,1.0,6,7.0,10,1
2007-11-14,77495,,11,3,3670.0,55403420,MWAV,M WAVE INC,MWAV,334220.0,Q,A,R,11447,3,3670.0,55403420.0,,,36.0,367.0,,,,,,,1.63,-0.094444,1813.0,1.0,1.78,2955.19,MWAV,10.0,,9.0,,,1,1.0,1.0,1.0,7.0,7.0,10.0,4.0,,1.0,,10.0,10.0,10.0,10.0,10.0,6.0,1.0,,9.0,7.0,,,,7.0,,,10.0,3.0,6.0,10.0,,2.0,,,1.0,1.0,9.0,1.0,10.0,10.0,9.0,,,10.0,1.0,6,7.0,10,1
2007-11-15,77495,,11,3,3670.0,55403420,MWAV,M WAVE INC,MWAV,334220.0,Q,A,R,11447,3,3670.0,55403420.0,,,36.0,367.0,,,,,,,1.64,0.006135,1813.0,1.0,1.6399,2973.32,MWAV,10.0,,9.0,,,1,1.0,1.0,1.0,7.0,7.0,10.0,4.0,,1.0,,10.0,10.0,10.0,10.0,10.0,6.0,1.0,,9.0,7.0,,,,7.0,,,10.0,3.0,6.0,10.0,,2.0,,,1.0,1.0,9.0,1.0,10.0,10.0,9.0,,,10.0,1.0,6,7.0,10,1
2007-11-16,77495,,11,3,3670.0,55403420,MWAV,M WAVE INC,MWAV,334220.0,Q,A,R,11447,3,3670.0,55403420.0,,,36.0,367.0,,,,,,,1.52,-0.073171,1813.0,1.0,1.55,2755.76,MWAV,10.0,,9.0,,,1,1.0,1.0,1.0,7.0,7.0,10.0,4.0,,1.0,,10.0,10.0,10.0,10.0,10.0,6.0,1.0,,9.0,7.0,,,,7.0,,,10.0,3.0,6.0,10.0,,2.0,,,1.0,1.0,9.0,1.0,10.0,10.0,9.0,,,10.0,1.0,6,7.0,10,1
2007-11-19,77495,,11,3,3670.0,55403420,MWAV,M WAVE INC,MWAV,334220.0,Q,A,R,11447,3,3670.0,55403420.0,,,36.0,367.0,,,,,,,1.7,0.118421,1813.0,1.0,1.51,3082.1,MWAV,10.0,,9.0,,,1,1.0,1.0,1.0,7.0,7.0,10.0,4.0,,1.0,,10.0,10.0,10.0,10.0,10.0,6.0,1.0,,9.0,7.0,,,,7.0,,,10.0,3.0,6.0,10.0,,2.0,,,1.0,1.0,9.0,1.0,10.0,10.0,9.0,,,10.0,1.0,6,7.0,10,1
2007-11-20,77495,,11,3,3670.0,55403420,MWAV,M WAVE INC,MWAV,334220.0,Q,A,R,11447,3,3670.0,55403420.0,,,36.0,367.0,,,,,,,1.94,0.141176,1813.0,1.0,1.79,3517.22,MWAV,10.0,,9.0,,,1,1.0,1.0,1.0,7.0,7.0,10.0,4.0,,1.0,,10.0,10.0,10.0,10.0,10.0,6.0,1.0,,9.0,7.0,,,,7.0,,,10.0,3.0,6.0,10.0,,2.0,,,1.0,1.0,9.0,1.0,10.0,10.0,9.0,,,10.0,1.0,6,7.0,10,1
2007-11-21,77495,,11,3,3670.0,55403420,MWAV,M WAVE INC,MWAV,334220.0,Q,A,R,11447,3,3670.0,55403420.0,,,36.0,367.0,,,,,,,1.98,0.020619,1813.0,1.0,1.8501,3589.74,MWAV,10.0,,9.0,,,1,1.0,1.0,1.0,7.0,7.0,10.0,4.0,,1.0,,10.0,10.0,10.0,10.0,10.0,6.0,1.0,,9.0,7.0,,,,7.0,,,10.0,3.0,6.0,10.0,,2.0,,,1.0,1.0,9.0,1.0,10.0,10.0,9.0,,,10.0,1.0,6,7.0,10,1
2007-11-23,77495,,11,3,3670.0,55403420,MWAV,M WAVE INC,MWAV,334220.0,Q,A,R,11447,3,3670.0,55403420.0,,,36.0,367.0,,,,,,,1.7,-0.141414,1813.0,1.0,1.86,3082.1,MWAV,10.0,,9.0,,,1,1.0,1.0,1.0,7.0,7.0,10.0,4.0,,1.0,,10.0,10.0,10.0,10.0,10.0,6.0,1.0,,9.0,7.0,,,,7.0,,,10.0,3.0,6.0,10.0,,2.0,,,1.0,1.0,9.0,1.0,10.0,10.0,9.0,,,10.0,1.0,6,7.0,10,1
2007-11-26,77495,,11,3,3670.0,55403420,MWAV,M WAVE INC,MWAV,334220.0,Q,A,R,11447,3,3670.0,55403420.0,,,36.0,367.0,,,,,,,1.55,-0.088235,1813.0,1.0,1.71,2810.15,MWAV,10.0,,9.0,,,1,1.0,1.0,1.0,7.0,7.0,10.0,4.0,,1.0,,10.0,10.0,10.0,10.0,10.0,6.0,1.0,,9.0,7.0,,,,7.0,,,10.0,3.0,6.0,10.0,,2.0,,,1.0,1.0,9.0,1.0,10.0,10.0,9.0,,,10.0,1.0,6,7.0,10,1
2007-11-27,77495,,11,3,3670.0,55403420,MWAV,M WAVE INC,MWAV,334220.0,Q,A,R,11447,3,3670.0,55403420.0,,,36.0,367.0,,,,,,,1.53,-0.012903,1813.0,1.0,1.44,2773.89,MWAV,10.0,,9.0,,,1,1.0,1.0,1.0,7.0,7.0,10.0,4.0,,1.0,,10.0,10.0,10.0,10.0,10.0,6.0,1.0,,9.0,7.0,,,,7.0,,,10.0,3.0,6.0,10.0,,2.0,,,1.0,1.0,9.0,1.0,10.0,10.0,9.0,,,10.0,1.0,6,7.0,10,1
2007-11-28,77495,,11,3,3670.0,55403420,MWAV,M WAVE INC,MWAV,334220.0,Q,A,R,11447,3,3670.0,55403420.0,,,36.0,367.0,,,,,,,1.45,-0.052288,1813.0,1.0,1.38,2628.85,MWAV,10.0,,9.0,,,1,1.0,1.0,1.0,7.0,7.0,10.0,4.0,,1.0,,10.0,10.0,10.0,10.0,10.0,6.0,1.0,,9.0,7.0,,,,7.0,,,10.0,3.0,6.0,10.0,,2.0,,,1.0,1.0,9.0,1.0,10.0,10.0,9.0,,,10.0,1.0,6,7.0,10,1
2007-11-29,77495,,11,3,3670.0,55403420,MWAV,M WAVE INC,MWAV,334220.0,Q,A,R,11447,3,3670.0,55403420.0,,,36.0,367.0,,,,,,,1.28,-0.117241,1813.0,1.0,1.39,2320.64,MWAV,10.0,,9.0,,,1,1.0,1.0,1.0,7.0,7.0,10.0,4.0,,1.0,,10.0,10.0,10.0,10.0,10.0,6.0,1.0,,9.0,7.0,,,,7.0,,,10.0,3.0,6.0,10.0,,2.0,,,1.0,1.0,9.0,1.0,10.0,10.0,9.0,,,10.0,1.0,6,7.0,10,1
2007-11-30,77495,,11,3,3670.0,55403420,MWAV,M WAVE INC,MWAV,334220.0,Q,A,R,11447,3,3670.0,55403420.0,,,36.0,367.0,,,,,,,1.9,0.484375,1813.0,1.0,1.4,3444.7,MWAV,10.0,,9.0,,,1,1.0,1.0,1.0,7.0,7.0,10.0,4.0,,1.0,,10.0,10.0,10.0,10.0,10.0,6.0,1.0,,9.0,7.0,,,,7.0,,,10.0,3.0,6.0,10.0,,2.0,,,1.0,1.0,9.0,1.0,10.0,10.0,9.0,,,10.0,1.0,6,7.0,10,1
2007-12-03,77495,,11,3,3670.0,55403420,MWAV,M WAVE INC,MWAV,334220.0,Q,A,R,11447,3,3670.0,55403420.0,,,36.0,367.0,,,,,,,1.67,-0.121053,1813.0,1.0,1.8,3027.71,MWAV,10.0,,9.0,,,1,1.0,1.0,1.0,7.0,7.0,10.0,4.0,,1.0,,10.0,10.0,10.0,10.0,10.0,6.0,1.0,,9.0,7.0,,,,7.0,,,10.0,2.0,10.0,10.0,,2.0,,,1.0,1.0,6.0,1.0,10.0,1.0,6.0,,,1.0,1.0,6,6.0,10,1
2007-12-04,77495,,11,3,3670.0,55403420,MWAV,M WAVE INC,MWAV,334220.0,Q,A,R,11447,3,3670.0,55403420.0,,,36.0,367.0,,,,,,,1.6001,-0.041856,1813.0,1.0,1.44,2900.9813,MWAV,10.0,,9.0,,,1,1.0,1.0,1.0,7.0,7.0,10.0,4.0,,1.0,,10.0,10.0,10.0,10.0,10.0,6.0,1.0,,9.0,7.0,,,,7.0,,,10.0,2.0,10.0,10.0,,2.0,,,1.0,1.0,6.0,1.0,10.0,1.0,6.0,,,1.0,1.0,6,6.0,10,1
2007-12-05,77495,,11,3,3670.0,55403420,MWAV,M WAVE INC,MWAV,334220.0,Q,A,R,11447,3,3670.0,55403420.0,,,36.0,367.0,,,,,,,1.69,0.056184,1813.0,1.0,1.61,3063.97,MWAV,10.0,,9.0,,,1,1.0,1.0,1.0,7.0,7.0,10.0,4.0,,1.0,,10.0,10.0,10.0,10.0,10.0,6.0,1.0,,9.0,7.0,,,,7.0,,,10.0,2.0,10.0,10.0,,2.0,,,1.0,1.0,6.0,1.0,10.0,1.0,6.0,,,1.0,1.0,6,6.0,10,1
2007-12-06,77495,,11,3,3670.0,55403420,MWAV,M WAVE INC,MWAV,334220.0,Q,A,R,11447,3,3670.0,55403420.0,,,36.0,367.0,,,,,,,1.63,-0.035503,1813.0,1.0,1.6,2955.19,MWAV,10.0,,9.0,,,1,1.0,1.0,1.0,7.0,7.0,10.0,4.0,,1.0,,10.0,10.0,10.0,10.0,10.0,6.0,1.0,,9.0,7.0,,,,7.0,,,10.0,2.0,10.0,10.0,,2.0,,,1.0,1.0,6.0,1.0,10.0,1.0,6.0,,,1.0,1.0,6,6.0,10,1
2007-12-07,77495,,11,3,3670.0,55403420,MWAV,M WAVE INC,MWAV,334220.0,Q,A,R,11447,3,3670.0,55403420.0,,,36.0,367.0,,,,,,,1.88,0.153374,1813.0,1.0,1.65,3408.44,MWAV,10.0,,9.0,,,1,1.0,1.0,1.0,7.0,7.0,10.0,4.0,,1.0,,10.0,10.0,10.0,10.0,10.0,6.0,1.0,,9.0,7.0,,,,7.0,,,10.0,2.0,10.0,10.0,,2.0,,,1.0,1.0,6.0,1.0,10.0,1.0,6.0,,,1.0,1.0,6,6.0,10,1
2007-12-10,77495,,11,3,3670.0,55403420,MWAV,M WAVE INC,MWAV,334220.0,Q,A,R,11447,3,3670.0,55403420.0,,,36.0,367.0,,,,,,,1.93,0.026596,1813.0,1.0,1.8001,3499.09,MWAV,10.0,,9.0,,,1,1.0,1.0,1.0,7.0,7.0,10.0,4.0,,1.0,,10.0,10.0,10.0,10.0,10.0,6.0,1.0,,9.0,7.0,,,,7.0,,,10.0,2.0,10.0,10.0,,2.0,,,1.0,1.0,6.0,1.0,10.0,1.0,6.0,,,1.0,1.0,6,6.0,10,1
2007-12-11,77495,,11,3,3670.0,55403420,MWAV,M WAVE INC,MWAV,334220.0,Q,A,R,11447,3,3670.0,55403420.0,,,36.0,367.0,,,,,,,1.868,-0.032124,1813.0,1.0,1.74,3386.684,MWAV,10.0,,9.0,,,1,1.0,1.0,1.0,7.0,7.0,10.0,4.0,,1.0,,10.0,10.0,10.0,10.0,10.0,6.0,1.0,,9.0,7.0,,,,7.0,,,10.0,2.0,10.0,10.0,,2.0,,,1.0,1.0,6.0,1.0,10.0,1.0,6.0,,,1.0,1.0,6,6.0,10,1
2007-12-12,77495,,11,3,3670.0,55403420,MWAV,M WAVE INC,MWAV,334220.0,Q,A,R,11447,3,3670.0,55403420.0,,,36.0,367.0,,,,,,,1.6,-0.143469,1813.0,1.0,1.66,2900.8,MWAV,10.0,,9.0,,,1,1.0,1.0,1.0,7.0,7.0,10.0,4.0,,1.0,,10.0,10.0,10.0,10.0,10.0,6.0,1.0,,9.0,7.0,,,,7.0,,,10.0,2.0,10.0,10.0,,2.0,,,1.0,1.0,6.0,1.0,10.0,1.0,6.0,,,1.0,1.0,6,6.0,10,1
2007-12-13,77495,,11,3,3670.0,55403420,MWAV,M WAVE INC,MWAV,334220.0,Q,A,R,11447,3,3670.0,55403420.0,,,36.0,367.0,,,,,,,1.5,-0.0625,1813.0,1.0,1.6,2719.5,MWAV,10.0,,9.0,,,1,1.0,1.0,1.0,7.0,7.0,10.0,4.0,,1.0,,10.0,10.0,10.0,10.0,10.0,6.0,1.0,,9.0,7.0,,,,7.0,,,10.0,2.0,10.0,10.0,,2.0,,,1.0,1.0,6.0,1.0,10.0,1.0,6.0,,,1.0,1.0,6,6.0,10,1
2007-12-14,77495,,11,3,3670.0,55403420,MWAV,M WAVE INC,MWAV,334220.0,Q,A,R,11447,3,3670.0,55403420.0,,,36.0,367.0,,,,,,,1.58,0.053333,1813.0,1.0,1.5,2864.54,MWAV,10.0,,9.0,,,1,1.0,1.0,1.0,7.0,7.0,10.0,4.0,,1.0,,10.0,10.0,10.0,10.0,10.0,6.0,1.0,,9.0,7.0,,,,7.0,,,10.0,2.0,10.0,10.0,,2.0,,,1.0,1.0,6.0,1.0,10.0,1.0,6.0,,,1.0,1.0,6,6.0,10,1
2007-12-17,77495,,11,3,3670.0,55403420,MWAV,M WAVE INC,MWAV,334220.0,Q,A,R,11447,3,3670.0,55403420.0,,,36.0,367.0,,,,,,,1.47,-0.06962,1813.0,1.0,1.53,2665.11,MWAV,10.0,,9.0,,,1,1.0,1.0,1.0,7.0,7.0,10.0,4.0,,1.0,,10.0,10.0,10.0,10.0,10.0,6.0,1.0,,9.0,7.0,,,,7.0,,,10.0,2.0,10.0,10.0,,2.0,,,1.0,1.0,6.0,1.0,10.0,1.0,6.0,,,1.0,1.0,6,6.0,10,1
2007-12-18,77495,,11,3,3670.0,55403420,MWAV,M WAVE INC,MWAV,334220.0,Q,A,R,11447,3,3670.0,55403420.0,,,36.0,367.0,,,,,,,1.54,0.047619,1813.0,1.0,1.41,2792.02,MWAV,10.0,,9.0,,,1,1.0,1.0,1.0,7.0,7.0,10.0,4.0,,1.0,,10.0,10.0,10.0,10.0,10.0,6.0,1.0,,9.0,7.0,,,,7.0,,,10.0,2.0,10.0,10.0,,2.0,,,1.0,1.0,6.0,1.0,10.0,1.0,6.0,,,1.0,1.0,6,6.0,10,1
2007-12-19,77495,,11,3,3670.0,55403420,MWAV,M WAVE INC,MWAV,334220.0,Q,A,R,11447,3,3670.0,55403420.0,,,36.0,367.0,,,,,,,1.46,-0.051948,1813.0,1.0,1.49,2646.98,MWAV,10.0,,9.0,,,1,1.0,1.0,1.0,7.0,7.0,10.0,4.0,,1.0,,10.0,10.0,10.0,10.0,10.0,6.0,1.0,,9.0,7.0,,,,7.0,,,10.0,2.0,10.0,10.0,,2.0,,,1.0,1.0,6.0,1.0,10.0,1.0,6.0,,,1.0,1.0,6,6.0,10,1
2007-12-20,77495,,11,3,3670.0,55403420,MWAV,M WAVE INC,MWAV,334220.0,Q,A,R,11447,3,3670.0,55403420.0,,,36.0,367.0,,,,,,,1.48,0.013699,1813.0,1.0,1.36,2683.24,MWAV,10.0,,9.0,,,1,1.0,1.0,1.0,7.0,7.0,10.0,4.0,,1.0,,10.0,10.0,10.0,10.0,10.0,6.0,1.0,,9.0,7.0,,,,7.0,,,10.0,2.0,10.0,10.0,,2.0,,,1.0,1.0,6.0,1.0,10.0,1.0,6.0,,,1.0,1.0,6,6.0,10,1
2007-12-21,77495,,11,3,3670.0,55403420,MWAV,M WAVE INC,MWAV,334220.0,Q,A,R,11447,3,3670.0,55403420.0,,,36.0,367.0,,,,,,,1.78,0.202703,1813.0,1.0,1.45,3227.14,MWAV,10.0,,9.0,,,1,1.0,1.0,1.0,7.0,7.0,10.0,4.0,,1.0,,10.0,10.0,10.0,10.0,10.0,6.0,1.0,,9.0,7.0,,,,7.0,,,10.0,2.0,10.0,10.0,,2.0,,,1.0,1.0,6.0,1.0,10.0,1.0,6.0,,,1.0,1.0,6,6.0,10,1
2007-12-24,77495,,11,3,3670.0,55403420,MWAV,M WAVE INC,MWAV,334220.0,Q,A,R,11447,3,3670.0,55403420.0,,,36.0,367.0,,,,,,,1.74,-0.022472,1813.0,1.0,1.54,3154.62,MWAV,10.0,,9.0,,,1,1.0,1.0,1.0,7.0,7.0,10.0,4.0,,1.0,,10.0,10.0,10.0,10.0,10.0,6.0,1.0,,9.0,7.0,,,,7.0,,,10.0,2.0,10.0,10.0,,2.0,,,1.0,1.0,6.0,1.0,10.0,1.0,6.0,,,1.0,1.0,6,6.0,10,1
2007-12-26,77495,,11,3,3670.0,55403420,MWAV,M WAVE INC,MWAV,334220.0,Q,A,R,11447,3,3670.0,55403420.0,,,36.0,367.0,,,,,,,1.73,-0.005747,1813.0,1.0,1.73,3136.49,MWAV,10.0,,9.0,,,1,1.0,1.0,1.0,7.0,7.0,10.0,4.0,,1.0,,10.0,10.0,10.0,10.0,10.0,6.0,1.0,,9.0,7.0,,,,7.0,,,10.0,2.0,10.0,10.0,,2.0,,,1.0,1.0,6.0,1.0,10.0,1.0,6.0,,,1.0,1.0,6,6.0,10,1
2007-12-27,77495,,11,3,3670.0,55403420,MWAV,M WAVE INC,MWAV,334220.0,Q,A,R,11447,3,3670.0,55403420.0,,,36.0,367.0,,,,,,,1.88,0.086705,1813.0,1.0,1.54,3408.44,MWAV,10.0,,9.0,,,1,1.0,1.0,1.0,7.0,7.0,10.0,4.0,,1.0,,10.0,10.0,10.0,10.0,10.0,6.0,1.0,,9.0,7.0,,,,7.0,,,10.0,2.0,10.0,10.0,,2.0,,,1.0,1.0,6.0,1.0,10.0,1.0,6.0,,,1.0,1.0,6,6.0,10,1
2007-12-28,77495,,11,3,3670.0,55403420,MWAV,M WAVE INC,MWAV,334220.0,Q,A,R,11447,3,3670.0,55403420.0,,,36.0,367.0,,,,,,,1.28,-0.319149,1813.0,1.0,1.78,2320.64,MWAV,10.0,,9.0,,,1,1.0,1.0,1.0,7.0,7.0,10.0,4.0,,1.0,,10.0,10.0,10.0,10.0,10.0,6.0,1.0,,9.0,7.0,,,,7.0,,,10.0,2.0,10.0,10.0,,2.0,,,1.0,1.0,6.0,1.0,10.0,1.0,6.0,,,1.0,1.0,6,6.0,10,1
2007-12-31,77495,,11,3,3670.0,55403420,MWAV,M WAVE INC,MWAV,334220.0,Q,A,R,11447,3,3670.0,55403420.0,,,36.0,367.0,,,,,,,1.55,0.210937,1813.0,1.0,1.46,2810.15,MWAV,10.0,,9.0,,,1,1.0,1.0,1.0,7.0,7.0,10.0,4.0,,1.0,,10.0,10.0,10.0,10.0,10.0,6.0,1.0,,9.0,7.0,,,,7.0,,,10.0,2.0,10.0,10.0,,2.0,,,1.0,1.0,6.0,1.0,10.0,1.0,6.0,,,1.0,1.0,6,6.0,10,1
2008-01-02,77495,,11,3,3670.0,55403420,MWAV,M WAVE INC,MWAV,334220.0,Q,A,R,11447,3,3670.0,55403420.0,,,36.0,367.0,,,,,,,-1.5,-0.032258,1813.0,1.0,,-2719.5,MWAV,10.0,,9.0,,,1,1.0,1.0,1.0,7.0,7.0,10.0,4.0,,1.0,,10.0,10.0,10.0,10.0,10.0,6.0,1.0,,9.0,7.0,,,,6.0,,,10.0,3.0,8.0,10.0,,2.0,,,1.0,1.0,10.0,1.0,10.0,10.0,10.0,,,1.0,1.0,6,8.0,10,1
2008-01-03,77495,,11,3,3670.0,55403420,MWAV,M WAVE INC,MWAV,334220.0,Q,A,R,11447,3,3670.0,55403420.0,,,36.0,367.0,,,,,,,1.5,0.0,1813.0,1.0,1.4101,2719.5,MWAV,10.0,,9.0,,,1,1.0,1.0,1.0,7.0,7.0,10.0,4.0,,1.0,,10.0,10.0,10.0,10.0,10.0,6.0,1.0,,9.0,7.0,,,,6.0,,,10.0,3.0,8.0,10.0,,2.0,,,1.0,1.0,10.0,1.0,10.0,10.0,10.0,,,1.0,1.0,6,8.0,10,1
2008-01-04,77495,,11,3,3670.0,55403420,MWAV,M WAVE INC,MWAV,334220.0,Q,A,R,11447,3,3670.0,55403420.0,,,36.0,367.0,,,,,,,1.4399,-0.040067,1813.0,1.0,1.3501,2610.5387,MWAV,10.0,,9.0,,,1,1.0,1.0,1.0,7.0,7.0,10.0,4.0,,1.0,,10.0,10.0,10.0,10.0,10.0,6.0,1.0,,9.0,7.0,,,,6.0,,,10.0,3.0,8.0,10.0,,2.0,,,1.0,1.0,10.0,1.0,10.0,10.0,10.0,,,1.0,1.0,6,8.0,10,1
2008-01-07,77495,,11,3,3670.0,55403420,MWAV,M WAVE INC,MWAV,334220.0,Q,A,R,11447,3,3670.0,55403420.0,,,36.0,367.0,,,,,,,1.4299,-0.006945,1813.0,1.0,1.3401,2592.4087,MWAV,10.0,,9.0,,,1,1.0,1.0,1.0,7.0,7.0,10.0,4.0,,1.0,,10.0,10.0,10.0,10.0,10.0,6.0,1.0,,9.0,7.0,,,,6.0,,,10.0,3.0,8.0,10.0,,2.0,,,1.0,1.0,10.0,1.0,10.0,10.0,10.0,,,1.0,1.0,6,8.0,10,1
2008-01-08,77495,,11,3,3670.0,55403420,MWAV,M WAVE INC,MWAV,334220.0,Q,A,R,11447,3,3670.0,55403420.0,,,36.0,367.0,,,,,,,1.3999,-0.020981,1813.0,1.0,1.32,2538.0187,MWAV,10.0,,9.0,,,1,1.0,1.0,1.0,7.0,7.0,10.0,4.0,,1.0,,10.0,10.0,10.0,10.0,10.0,6.0,1.0,,9.0,7.0,,,,6.0,,,10.0,3.0,8.0,10.0,,2.0,,,1.0,1.0,10.0,1.0,10.0,10.0,10.0,,,1.0,1.0,6,8.0,10,1
2008-01-09,77495,,11,3,3670.0,55403420,MWAV,M WAVE INC,MWAV,334220.0,Q,A,R,11447,3,3670.0,55403420.0,,,36.0,367.0,,,,,,,1.38,-0.014215,1813.0,1.0,1.4,2501.94,MWAV,10.0,,9.0,,,1,1.0,1.0,1.0,7.0,7.0,10.0,4.0,,1.0,,10.0,10.0,10.0,10.0,10.0,6.0,1.0,,9.0,7.0,,,,6.0,,,10.0,3.0,8.0,10.0,,2.0,,,1.0,1.0,10.0,1.0,10.0,10.0,10.0,,,1.0,1.0,6,8.0,10,1
2008-01-10,77495,,11,3,3670.0,55403420,MWAV,M WAVE INC,MWAV,334220.0,Q,A,R,11447,3,3670.0,55403420.0,,,36.0,367.0,,,,,,,1.43,0.036232,1813.0,1.0,1.4,2592.59,MWAV,10.0,,9.0,,,1,1.0,1.0,1.0,7.0,7.0,10.0,4.0,,1.0,,10.0,10.0,10.0,10.0,10.0,6.0,1.0,,9.0,7.0,,,,6.0,,,10.0,3.0,8.0,10.0,,2.0,,,1.0,1.0,10.0,1.0,10.0,10.0,10.0,,,1.0,1.0,6,8.0,10,1
2008-01-11,77495,,11,3,3670.0,55403420,MWAV,M WAVE INC,MWAV,334220.0,Q,A,R,11447,3,3670.0,55403420.0,,,36.0,367.0,,,,,,,1.33,-0.06993,1813.0,1.0,1.31,2411.29,MWAV,10.0,,9.0,,,1,1.0,1.0,1.0,7.0,7.0,10.0,4.0,,1.0,,10.0,10.0,10.0,10.0,10.0,6.0,1.0,,9.0,7.0,,,,6.0,,,10.0,3.0,8.0,10.0,,2.0,,,1.0,1.0,10.0,1.0,10.0,10.0,10.0,,,1.0,1.0,6,8.0,10,1
2008-01-14,77495,,11,3,3670.0,55403420,MWAV,M WAVE INC,MWAV,334220.0,Q,A,R,11447,3,3670.0,55403420.0,,,36.0,367.0,,,,,,,1.12,-0.157895,1813.0,1.0,1.32,2030.56,MWAV,10.0,,9.0,,,1,1.0,1.0,1.0,7.0,7.0,10.0,4.0,,1.0,,10.0,10.0,10.0,10.0,10.0,6.0,1.0,,9.0,7.0,,,,6.0,,,10.0,3.0,8.0,10.0,,2.0,,,1.0,1.0,10.0,1.0,10.0,10.0,10.0,,,1.0,1.0,6,8.0,10,1
2008-01-15,77495,,11,3,3670.0,55403420,MWAV,M WAVE INC,MWAV,334220.0,Q,A,R,11447,3,3670.0,55403420.0,,,36.0,367.0,,,,,,,0.974,-0.130357,1813.0,1.0,1.14,1765.862,MWAV,10.0,,9.0,,,1,1.0,1.0,1.0,7.0,7.0,10.0,4.0,,1.0,,10.0,10.0,10.0,10.0,10.0,6.0,1.0,,9.0,7.0,,,,6.0,,,10.0,3.0,8.0,10.0,,2.0,,,1.0,1.0,10.0,1.0,10.0,10.0,10.0,,,1.0,1.0,6,8.0,10,1
2008-01-16,77495,,11,3,3670.0,55403420,MWAV,M WAVE INC,MWAV,334220.0,Q,A,R,11447,3,3670.0,55403420.0,,,36.0,367.0,,,,,,,0.94,-0.034908,1813.0,1.0,0.87,1704.22,MWAV,10.0,,9.0,,,1,1.0,1.0,1.0,7.0,7.0,10.0,4.0,,1.0,,10.0,10.0,10.0,10.0,10.0,6.0,1.0,,9.0,7.0,,,,6.0,,,10.0,3.0,8.0,10.0,,2.0,,,1.0,1.0,10.0,1.0,10.0,10.0,10.0,,,1.0,1.0,6,8.0,10,1
2008-01-17,77495,,11,3,3670.0,55403420,MWAV,M WAVE INC,MWAV,334220.0,Q,A,R,11447,3,3670.0,55403420.0,,,36.0,367.0,,,,,,,0.92,-0.021277,1813.0,1.0,0.92,1667.96,MWAV,10.0,,9.0,,,1,1.0,1.0,1.0,7.0,7.0,10.0,4.0,,1.0,,10.0,10.0,10.0,10.0,10.0,6.0,1.0,,9.0,7.0,,,,6.0,,,10.0,3.0,8.0,10.0,,2.0,,,1.0,1.0,10.0,1.0,10.0,10.0,10.0,,,1.0,1.0,6,8.0,10,1
2008-01-18,77495,,11,3,3670.0,55403420,MWAV,M WAVE INC,MWAV,334220.0,Q,A,R,11447,3,3670.0,55403420.0,,,36.0,367.0,,,,,,,0.9001,-0.02163,1813.0,1.0,0.9,1631.8813,MWAV,10.0,,9.0,,,1,1.0,1.0,1.0,7.0,7.0,10.0,4.0,,1.0,,10.0,10.0,10.0,10.0,10.0,6.0,1.0,,9.0,7.0,,,,6.0,,,10.0,3.0,8.0,10.0,,2.0,,,1.0,1.0,10.0,1.0,10.0,10.0,10.0,,,1.0,1.0,6,8.0,10,1
2008-01-22,77495,,11,3,3670.0,55403420,MWAV,M WAVE INC,MWAV,334220.0,Q,A,R,11447,3,3670.0,55403420.0,,,36.0,367.0,,,,,,,0.916,0.017665,1813.0,1.0,0.9,1660.708,MWAV,10.0,,9.0,,,1,1.0,1.0,1.0,7.0,7.0,10.0,4.0,,1.0,,10.0,10.0,10.0,10.0,10.0,6.0,1.0,,9.0,7.0,,,,6.0,,,10.0,3.0,8.0,10.0,,2.0,,,1.0,1.0,10.0,1.0,10.0,10.0,10.0,,,1.0,1.0,6,8.0,10,1
2008-01-23,77495,,11,3,3670.0,55403420,MWAV,M WAVE INC,MWAV,334220.0,Q,A,R,11447,3,3670.0,55403420.0,,,36.0,367.0,,,,,,,0.99,0.080786,1813.0,1.0,0.99,1794.87,MWAV,10.0,,9.0,,,1,1.0,1.0,1.0,7.0,7.0,10.0,4.0,,1.0,,10.0,10.0,10.0,10.0,10.0,6.0,1.0,,9.0,7.0,,,,6.0,,,10.0,3.0,8.0,10.0,,2.0,,,1.0,1.0,10.0,1.0,10.0,10.0,10.0,,,1.0,1.0,6,8.0,10,1
2008-01-24,77495,,11,3,3670.0,55403420,MWAV,M WAVE INC,MWAV,334220.0,Q,A,R,11447,3,3670.0,55403420.0,,,36.0,367.0,,,,,,,0.93,-0.060606,1813.0,1.0,0.86,1686.09,MWAV,10.0,,9.0,,,1,1.0,1.0,1.0,7.0,7.0,10.0,4.0,,1.0,,10.0,10.0,10.0,10.0,10.0,6.0,1.0,,9.0,7.0,,,,6.0,,,10.0,3.0,8.0,10.0,,2.0,,,1.0,1.0,10.0,1.0,10.0,10.0,10.0,,,1.0,1.0,6,8.0,10,1
2008-01-25,77495,,11,3,3670.0,55403420,MWAV,M WAVE INC,MWAV,334220.0,Q,A,R,11447,3,3670.0,55403420.0,,,36.0,367.0,,,,,,,0.9,-0.032258,1813.0,1.0,0.93,1631.7,MWAV,10.0,,9.0,,,1,1.0,1.0,1.0,7.0,7.0,10.0,4.0,,1.0,,10.0,10.0,10.0,10.0,10.0,6.0,1.0,,9.0,7.0,,,,6.0,,,10.0,3.0,8.0,10.0,,2.0,,,1.0,1.0,10.0,1.0,10.0,10.0,10.0,,,1.0,1.0,6,8.0,10,1
2008-01-28,77495,,11,3,3670.0,55403420,MWAV,M WAVE INC,MWAV,334220.0,Q,A,R,11447,3,3670.0,55403420.0,,,36.0,367.0,,,,,,,0.96,0.066667,1813.0,1.0,0.91,1740.48,MWAV,10.0,,9.0,,,1,1.0,1.0,1.0,7.0,7.0,10.0,4.0,,1.0,,10.0,10.0,10.0,10.0,10.0,6.0,1.0,,9.0,7.0,,,,6.0,,,10.0,3.0,8.0,10.0,,2.0,,,1.0,1.0,10.0,1.0,10.0,10.0,10.0,,,1.0,1.0,6,8.0,10,1
2008-01-29,77495,,11,3,3670.0,55403420,MWAV,M WAVE INC,MWAV,334220.0,Q,A,R,11447,3,3670.0,55403420.0,,,36.0,367.0,,,,,,,1.09,0.135417,1813.0,1.0,1.12,1976.17,MWAV,10.0,,9.0,,,1,1.0,1.0,1.0,7.0,7.0,10.0,4.0,,1.0,,10.0,10.0,10.0,10.0,10.0,6.0,1.0,,9.0,7.0,,,,6.0,,,10.0,3.0,8.0,10.0,,2.0,,,1.0,1.0,10.0,1.0,10.0,10.0,10.0,,,1.0,1.0,6,8.0,10,1
2008-01-30,77495,,11,3,3670.0,55403420,MWAV,M WAVE INC,MWAV,334220.0,Q,A,R,11447,3,3670.0,55403420.0,,,36.0,367.0,,,,,,,0.91,-0.165138,1813.0,1.0,1.11,1649.83,MWAV,10.0,,9.0,,,1,1.0,1.0,1.0,7.0,7.0,10.0,4.0,,1.0,,10.0,10.0,10.0,10.0,10.0,6.0,1.0,,9.0,7.0,,,,6.0,,,10.0,3.0,8.0,10.0,,2.0,,,1.0,1.0,10.0,1.0,10.0,10.0,10.0,,,1.0,1.0,6,8.0,10,1
2008-01-31,77495,,11,3,3670.0,55403420,MWAV,M WAVE INC,MWAV,334220.0,Q,A,R,11447,3,3670.0,55403420.0,,,36.0,367.0,,,,,,,1.0,0.098901,1813.0,1.0,0.98,1813.0,MWAV,10.0,,9.0,,,1,1.0,1.0,1.0,7.0,7.0,10.0,4.0,,1.0,,10.0,10.0,10.0,10.0,10.0,6.0,1.0,,9.0,7.0,,,,6.0,,,10.0,3.0,8.0,10.0,,2.0,,,1.0,1.0,10.0,1.0,10.0,10.0,10.0,,,1.0,1.0,6,8.0,10,1
2008-02-01,77495,,11,3,3670.0,55403420,MWAV,M WAVE INC,MWAV,334220.0,Q,A,R,11447,3,3670.0,55403420.0,,,36.0,367.0,,,,,,,1.24,0.24,1813.0,1.0,1.01,2248.12,MWAV,10.0,,9.0,,,1,1.0,1.0,1.0,7.0,7.0,10.0,4.0,,1.0,,10.0,10.0,10.0,10.0,10.0,6.0,1.0,,9.0,7.0,,,,3.0,,,10.0,1.0,10.0,10.0,,2.0,,,1.0,1.0,10.0,1.0,10.0,4.0,10.0,,,1.0,1.0,6,9.0,10,1
2008-02-04,77495,,11,3,3670.0,55403420,MWAV,M WAVE INC,MWAV,334220.0,Q,A,R,11447,3,3670.0,55403420.0,,,36.0,367.0,,,,,,,0.95,-0.233871,1813.0,1.0,1.16,1722.35,MWAV,10.0,,9.0,,,1,1.0,1.0,1.0,7.0,7.0,10.0,4.0,,1.0,,10.0,10.0,10.0,10.0,10.0,6.0,1.0,,9.0,7.0,,,,3.0,,,10.0,1.0,10.0,10.0,,2.0,,,1.0,1.0,10.0,1.0,10.0,4.0,10.0,,,1.0,1.0,6,9.0,10,1
2008-02-05,77495,,11,3,3670.0,55403420,MWAV,M WAVE INC,MWAV,334220.0,Q,A,R,11447,3,3670.0,55403420.0,,,36.0,367.0,,,,,,,0.9,-0.052632,1813.0,1.0,0.96,1631.7,MWAV,10.0,,9.0,,,1,1.0,1.0,1.0,7.0,7.0,10.0,4.0,,1.0,,10.0,10.0,10.0,10.0,10.0,6.0,1.0,,9.0,7.0,,,,3.0,,,10.0,1.0,10.0,10.0,,2.0,,,1.0,1.0,10.0,1.0,10.0,4.0,10.0,,,1.0,1.0,6,9.0,10,1
2008-02-06,77495,,11,3,3670.0,55403420,MWAV,M WAVE INC,MWAV,334220.0,Q,A,R,11447,3,3670.0,55403420.0,,,36.0,367.0,,,,,,,0.85,-0.055556,1813.0,1.0,0.9,1541.05,MWAV,10.0,,9.0,,,1,1.0,1.0,1.0,7.0,7.0,10.0,4.0,,1.0,,10.0,10.0,10.0,10.0,10.0,6.0,1.0,,9.0,7.0,,,,3.0,,,10.0,1.0,10.0,10.0,,2.0,,,1.0,1.0,10.0,1.0,10.0,4.0,10.0,,,1.0,1.0,6,9.0,10,1
2008-02-07,77495,,11,3,3670.0,55403420,MWAV,M WAVE INC,MWAV,334220.0,Q,A,R,11447,3,3670.0,55403420.0,,,36.0,367.0,,,,,,,0.824,-0.030588,1813.0,1.0,0.82,1493.912,MWAV,10.0,,9.0,,,1,1.0,1.0,1.0,7.0,7.0,10.0,4.0,,1.0,,10.0,10.0,10.0,10.0,10.0,6.0,1.0,,9.0,7.0,,,,3.0,,,10.0,1.0,10.0,10.0,,2.0,,,1.0,1.0,10.0,1.0,10.0,4.0,10.0,,,1.0,1.0,6,9.0,10,1
2008-02-08,77495,,11,3,3670.0,55403420,MWAV,M WAVE INC,MWAV,334220.0,Q,A,R,11447,3,3670.0,55403420.0,,,36.0,367.0,,,,,,,0.8,-0.029126,1813.0,1.0,0.84,1450.4,MWAV,10.0,,9.0,,,1,1.0,1.0,1.0,7.0,7.0,10.0,4.0,,1.0,,10.0,10.0,10.0,10.0,10.0,6.0,1.0,,9.0,7.0,,,,3.0,,,10.0,1.0,10.0,10.0,,2.0,,,1.0,1.0,10.0,1.0,10.0,4.0,10.0,,,1.0,1.0,6,9.0,10,1
2008-02-11,77495,,11,3,3670.0,55403420,MWAV,M WAVE INC,MWAV,334220.0,Q,A,R,11447,3,3670.0,55403420.0,,,36.0,367.0,,,,,,,0.7403,-0.074625,1813.0,1.0,0.79,1342.1639,MWAV,10.0,,9.0,,,1,1.0,1.0,1.0,7.0,7.0,10.0,4.0,,1.0,,10.0,10.0,10.0,10.0,10.0,6.0,1.0,,9.0,7.0,,,,3.0,,,10.0,1.0,10.0,10.0,,2.0,,,1.0,1.0,10.0,1.0,10.0,4.0,10.0,,,1.0,1.0,6,9.0,10,1
2008-02-12,77495,,11,3,3670.0,55403420,MWAV,M WAVE INC,MWAV,334220.0,Q,A,R,11447,3,3670.0,55403420.0,,,36.0,367.0,,,,,,,0.76,0.026611,1813.0,1.0,0.79,1377.88,MWAV,10.0,,9.0,,,1,1.0,1.0,1.0,7.0,7.0,10.0,4.0,,1.0,,10.0,10.0,10.0,10.0,10.0,6.0,1.0,,9.0,7.0,,,,3.0,,,10.0,1.0,10.0,10.0,,2.0,,,1.0,1.0,10.0,1.0,10.0,4.0,10.0,,,1.0,1.0,6,9.0,10,1
2008-02-13,77495,,11,3,3670.0,55403420,MWAV,M WAVE INC,MWAV,334220.0,Q,A,R,11447,3,3670.0,55403420.0,,,36.0,367.0,,,,,,,0.75,-0.013158,1813.0,1.0,0.76,1359.75,MWAV,10.0,,9.0,,,1,1.0,1.0,1.0,7.0,7.0,10.0,4.0,,1.0,,10.0,10.0,10.0,10.0,10.0,6.0,1.0,,9.0,7.0,,,,3.0,,,10.0,1.0,10.0,10.0,,2.0,,,1.0,1.0,10.0,1.0,10.0,4.0,10.0,,,1.0,1.0,6,9.0,10,1
2008-02-14,77495,,11,3,3670.0,55403420,MWAV,M WAVE INC,MWAV,334220.0,Q,A,R,11447,3,3670.0,55403420.0,,,36.0,367.0,,,,,,,0.74,-0.013333,1813.0,1.0,0.7428,1341.62,MWAV,10.0,,9.0,,,1,1.0,1.0,1.0,7.0,7.0,10.0,4.0,,1.0,,10.0,10.0,10.0,10.0,10.0,6.0,1.0,,9.0,7.0,,,,3.0,,,10.0,1.0,10.0,10.0,,2.0,,,1.0,1.0,10.0,1.0,10.0,4.0,10.0,,,1.0,1.0,6,9.0,10,1
2008-02-15,77495,,11,3,3670.0,55403420,MWAV,M WAVE INC,MWAV,334220.0,Q,A,R,11447,3,3670.0,55403420.0,,,36.0,367.0,,,,,,,0.6099,-0.175811,1813.0,1.0,0.678,1105.7487,MWAV,10.0,,9.0,,,1,1.0,1.0,1.0,7.0,7.0,10.0,4.0,,1.0,,10.0,10.0,10.0,10.0,10.0,6.0,1.0,,9.0,7.0,,,,3.0,,,10.0,1.0,10.0,10.0,,2.0,,,1.0,1.0,10.0,1.0,10.0,4.0,10.0,,,1.0,1.0,6,9.0,10,1
2008-02-19,77495,,11,3,3670.0,55403420,MWAV,M WAVE INC,MWAV,334220.0,Q,A,R,11447,3,3670.0,55403420.0,,,36.0,367.0,,,,,,,0.67,0.098541,1813.0,1.0,0.5401,1214.71,MWAV,10.0,,9.0,,,1,1.0,1.0,1.0,7.0,7.0,10.0,4.0,,1.0,,10.0,10.0,10.0,10.0,10.0,6.0,1.0,,9.0,7.0,,,,3.0,,,10.0,1.0,10.0,10.0,,2.0,,,1.0,1.0,10.0,1.0,10.0,4.0,10.0,,,1.0,1.0,6,9.0,10,1
2008-02-20,77495,,11,3,3670.0,55403420,MWAV,M WAVE INC,MWAV,334220.0,Q,A,R,11447,3,3670.0,55403420.0,,,36.0,367.0,,,,,,,0.65,-0.029851,1813.0,1.0,0.596,1178.45,MWAV,10.0,,9.0,,,1,1.0,1.0,1.0,7.0,7.0,10.0,4.0,,1.0,,10.0,10.0,10.0,10.0,10.0,6.0,1.0,,9.0,7.0,,,,3.0,,,10.0,1.0,10.0,10.0,,2.0,,,1.0,1.0,10.0,1.0,10.0,4.0,10.0,,,1.0,1.0,6,9.0,10,1
2008-02-21,77495,,11,3,3670.0,55403420,MWAV,M WAVE INC,MWAV,334220.0,Q,A,R,11447,3,3670.0,55403420.0,,,36.0,367.0,,,,,,,0.6,-0.076923,1813.0,1.0,0.59,1087.8,MWAV,10.0,,9.0,,,1,1.0,1.0,1.0,7.0,7.0,10.0,4.0,,1.0,,10.0,10.0,10.0,10.0,10.0,6.0,1.0,,9.0,7.0,,,,3.0,,,10.0,1.0,10.0,10.0,,2.0,,,1.0,1.0,10.0,1.0,10.0,4.0,10.0,,,1.0,1.0,6,9.0,10,1
2008-02-22,77495,,11,3,3670.0,55403420,MWAV,M WAVE INC,MWAV,334220.0,Q,A,R,11447,3,3670.0,55403420.0,,,36.0,367.0,,,,,,,0.51,-0.15,1813.0,1.0,0.6,924.63,MWAV,10.0,,9.0,,,1,1.0,1.0,1.0,7.0,7.0,10.0,4.0,,1.0,,10.0,10.0,10.0,10.0,10.0,6.0,1.0,,9.0,7.0,,,,3.0,,,10.0,1.0,10.0,10.0,,2.0,,,1.0,1.0,10.0,1.0,10.0,4.0,10.0,,,1.0,1.0,6,9.0,10,1
2008-02-25,77495,,11,3,3670.0,55403420,MWAV,M WAVE INC,MWAV,334220.0,Q,A,R,11447,3,3670.0,55403420.0,,,36.0,367.0,,,,,,,0.58,0.137255,1813.0,1.0,0.669,1051.54,MWAV,10.0,,9.0,,,1,1.0,1.0,1.0,7.0,7.0,10.0,4.0,,1.0,,10.0,10.0,10.0,10.0,10.0,6.0,1.0,,9.0,7.0,,,,3.0,,,10.0,1.0,10.0,10.0,,2.0,,,1.0,1.0,10.0,1.0,10.0,4.0,10.0,,,1.0,1.0,6,9.0,10,1
2008-02-26,77495,,11,3,3670.0,55403420,MWAV,M WAVE INC,MWAV,334220.0,Q,A,R,11447,3,3670.0,55403420.0,,,36.0,367.0,,,,,,,0.5501,-0.051552,1813.0,1.0,0.57,997.3313,MWAV,10.0,,9.0,,,1,1.0,1.0,1.0,7.0,7.0,10.0,4.0,,1.0,,10.0,10.0,10.0,10.0,10.0,6.0,1.0,,9.0,7.0,,,,3.0,,,10.0,1.0,10.0,10.0,,2.0,,,1.0,1.0,10.0,1.0,10.0,4.0,10.0,,,1.0,1.0,6,9.0,10,1
2008-02-27,77495,,11,3,3670.0,55403420,MWAV,M WAVE INC,MWAV,334220.0,Q,A,R,11447,3,3670.0,55403420.0,,,36.0,367.0,,,,,,,0.54,-0.01836,1813.0,1.0,0.55,979.02,MWAV,10.0,,9.0,,,1,1.0,1.0,1.0,7.0,7.0,10.0,4.0,,1.0,,10.0,10.0,10.0,10.0,10.0,6.0,1.0,,9.0,7.0,,,,3.0,,,10.0,1.0,10.0,10.0,,2.0,,,1.0,1.0,10.0,1.0,10.0,4.0,10.0,,,1.0,1.0,6,9.0,10,1
2008-02-28,77495,,11,3,3670.0,55403420,MWAV,M WAVE INC,MWAV,334220.0,Q,A,R,11447,3,3670.0,55403420.0,,,36.0,367.0,,,,,,,0.6,0.111111,1813.0,1.0,0.62,1087.8,MWAV,10.0,,9.0,,,1,1.0,1.0,1.0,7.0,7.0,10.0,4.0,,1.0,,10.0,10.0,10.0,10.0,10.0,6.0,1.0,,9.0,7.0,,,,3.0,,,10.0,1.0,10.0,10.0,,2.0,,,1.0,1.0,10.0,1.0,10.0,4.0,10.0,,,1.0,1.0,6,9.0,10,1
2008-02-29,77495,,11,3,3670.0,55403420,MWAV,M WAVE INC,MWAV,334220.0,Q,A,R,11447,3,3670.0,55403420.0,,,36.0,367.0,,,,,,,0.55,-0.083333,1813.0,1.0,0.6,997.15,MWAV,10.0,,9.0,,,1,1.0,1.0,1.0,7.0,7.0,10.0,4.0,,1.0,,10.0,10.0,10.0,10.0,10.0,6.0,1.0,,9.0,7.0,,,,3.0,,,10.0,1.0,10.0,10.0,,2.0,,,1.0,1.0,10.0,1.0,10.0,4.0,10.0,,,1.0,1.0,6,9.0,10,1
2008-03-03,77495,,11,3,3670.0,55403420,MWAV,M WAVE INC,MWAV,334220.0,Q,A,R,11447,3,3670.0,55403420.0,,,36.0,367.0,,,,,,,0.575,0.045455,1813.0,1.0,0.541,1042.475,MWAV,10.0,,9.0,,,1,1.0,1.0,1.0,7.0,7.0,10.0,4.0,,1.0,,10.0,10.0,10.0,10.0,10.0,6.0,1.0,,9.0,7.0,,,,3.0,,,10.0,1.0,8.0,10.0,,2.0,,,,,10.0,1.0,10.0,10.0,10.0,,,1.0,1.0,6,9.0,10,1
2008-03-04,77495,,11,3,3670.0,55403420,MWAV,M WAVE INC,MWAV,334220.0,Q,A,R,11447,3,3670.0,55403420.0,,,36.0,367.0,,,,,,,0.57,-0.008696,1813.0,1.0,0.57,1033.41,MWAV,10.0,,9.0,,,1,1.0,1.0,1.0,7.0,7.0,10.0,4.0,,1.0,,10.0,10.0,10.0,10.0,10.0,6.0,1.0,,9.0,7.0,,,,3.0,,,10.0,1.0,8.0,10.0,,2.0,,,,,10.0,1.0,10.0,10.0,10.0,,,1.0,1.0,6,9.0,10,1
2008-03-05,77495,,11,3,3670.0,55403420,MWAV,M WAVE INC,MWAV,334220.0,Q,A,R,11447,3,3670.0,55403420.0,,,36.0,367.0,,,,,,,0.51,-0.105263,1813.0,1.0,0.51,924.63,MWAV,10.0,,9.0,,,1,1.0,1.0,1.0,7.0,7.0,10.0,4.0,,1.0,,10.0,10.0,10.0,10.0,10.0,6.0,1.0,,9.0,7.0,,,,3.0,,,10.0,1.0,8.0,10.0,,2.0,,,,,10.0,1.0,10.0,10.0,10.0,,,1.0,1.0,6,9.0,10,1
2008-03-06,77495,,11,3,3670.0,55403420,MWAV,M WAVE INC,MWAV,334220.0,Q,A,R,11447,3,3670.0,55403420.0,,,36.0,367.0,,,,,,,0.63,0.235294,1813.0,1.0,0.52,1142.19,MWAV,10.0,,9.0,,,1,1.0,1.0,1.0,7.0,7.0,10.0,4.0,,1.0,,10.0,10.0,10.0,10.0,10.0,6.0,1.0,,9.0,7.0,,,,3.0,,,10.0,1.0,8.0,10.0,,2.0,,,,,10.0,1.0,10.0,10.0,10.0,,,1.0,1.0,6,9.0,10,1
2008-03-07,77495,,11,3,3670.0,55403420,MWAV,M WAVE INC,MWAV,334220.0,Q,A,R,11447,3,3670.0,55403420.0,,,36.0,367.0,,,,,,,0.51,-0.190476,1813.0,1.0,0.5998,924.63,MWAV,10.0,,9.0,,,1,1.0,1.0,1.0,7.0,7.0,10.0,4.0,,1.0,,10.0,10.0,10.0,10.0,10.0,6.0,1.0,,9.0,7.0,,,,3.0,,,10.0,1.0,8.0,10.0,,2.0,,,,,10.0,1.0,10.0,10.0,10.0,,,1.0,1.0,6,9.0,10,1
2008-03-10,77495,,11,3,3670.0,55403420,MWAV,M WAVE INC,MWAV,334220.0,Q,A,R,11447,3,3670.0,55403420.0,,,36.0,367.0,,,,,,,0.492,-0.035294,1813.0,1.0,0.49,891.996,MWAV,10.0,,9.0,,,1,1.0,1.0,1.0,7.0,7.0,10.0,4.0,,1.0,,10.0,10.0,10.0,10.0,10.0,6.0,1.0,,9.0,7.0,,,,3.0,,,10.0,1.0,8.0,10.0,,2.0,,,,,10.0,1.0,10.0,10.0,10.0,,,1.0,1.0,6,9.0,10,1
2008-03-11,77495,,11,3,3670.0,55403420,MWAV,M WAVE INC,MWAV,334220.0,Q,A,R,11447,3,3670.0,55403420.0,,,36.0,367.0,,,,,,,0.478,-0.028455,1813.0,1.0,0.46,866.614,MWAV,10.0,,9.0,,,1,1.0,1.0,1.0,7.0,7.0,10.0,4.0,,1.0,,10.0,10.0,10.0,10.0,10.0,6.0,1.0,,9.0,7.0,,,,3.0,,,10.0,1.0,8.0,10.0,,2.0,,,,,10.0,1.0,10.0,10.0,10.0,,,1.0,1.0,6,9.0,10,1
2008-03-12,77495,,11,3,3670.0,55403420,MWAV,M WAVE INC,MWAV,334220.0,Q,A,R,11447,3,3670.0,55403420.0,,,36.0,367.0,,,,,,,0.55,0.150628,1813.0,1.0,0.478,997.15,MWAV,10.0,,9.0,,,1,1.0,1.0,1.0,7.0,7.0,10.0,4.0,,1.0,,10.0,10.0,10.0,10.0,10.0,6.0,1.0,,9.0,7.0,,,,3.0,,,10.0,1.0,8.0,10.0,,2.0,,,,,10.0,1.0,10.0,10.0,10.0,,,1.0,1.0,6,9.0,10,1
2008-03-13,77495,,11,3,3670.0,55403420,MWAV,M WAVE INC,MWAV,334220.0,Q,A,R,11447,3,3670.0,55403420.0,,,36.0,367.0,,,,,,,-0.45,-0.181818,1813.0,1.0,,-815.85,MWAV,10.0,,9.0,,,1,1.0,1.0,1.0,7.0,7.0,10.0,4.0,,1.0,,10.0,10.0,10.0,10.0,10.0,6.0,1.0,,9.0,7.0,,,,3.0,,,10.0,1.0,8.0,10.0,,2.0,,,,,10.0,1.0,10.0,10.0,10.0,,,1.0,1.0,6,9.0,10,1
2008-03-14,77495,,11,3,3670.0,55403420,MWAV,M WAVE INC,MWAV,334220.0,Q,A,R,11447,3,3670.0,55403420.0,,,36.0,367.0,,,,,,,0.4,-0.111111,1813.0,1.0,0.539,725.2,MWAV,10.0,,9.0,,,1,1.0,1.0,1.0,7.0,7.0,10.0,4.0,,1.0,,10.0,10.0,10.0,10.0,10.0,6.0,1.0,,9.0,7.0,,,,3.0,,,10.0,1.0,8.0,10.0,,2.0,,,,,10.0,1.0,10.0,10.0,10.0,,,1.0,1.0,6,9.0,10,1
2008-03-17,77495,,11,3,3670.0,55403420,MWAV,M WAVE INC,MWAV,334220.0,Q,A,R,11447,3,3670.0,55403420.0,,,36.0,367.0,,,,,,,0.43,0.075,1813.0,1.0,0.36,779.59,MWAV,10.0,,9.0,,,1,1.0,1.0,1.0,7.0,7.0,10.0,4.0,,1.0,,10.0,10.0,10.0,10.0,10.0,6.0,1.0,,9.0,7.0,,,,3.0,,,10.0,1.0,8.0,10.0,,2.0,,,,,10.0,1.0,10.0,10.0,10.0,,,1.0,1.0,6,9.0,10,1
2008-03-18,77495,,11,3,3670.0,55403420,MWAV,M WAVE INC,MWAV,334220.0,Q,A,R,11447,3,3670.0,55403420.0,,,36.0,367.0,,,,,,,-0.38,-0.116279,1813.0,1.0,,-688.94,MWAV,10.0,,9.0,,,1,1.0,1.0,1.0,7.0,7.0,10.0,4.0,,1.0,,10.0,10.0,10.0,10.0,10.0,6.0,1.0,,9.0,7.0,,,,3.0,,,10.0,1.0,8.0,10.0,,2.0,,,,,10.0,1.0,10.0,10.0,10.0,,,1.0,1.0,6,9.0,10,1
2008-03-19,77495,,11,3,3670.0,55403420,MWAV,M WAVE INC,MWAV,334220.0,Q,A,R,11447,3,3670.0,55403420.0,,,36.0,367.0,,,,,,,0.44,0.157895,1813.0,1.0,0.44,797.72,MWAV,10.0,,9.0,,,1,1.0,1.0,1.0,7.0,7.0,10.0,4.0,,1.0,,10.0,10.0,10.0,10.0,10.0,6.0,1.0,,9.0,7.0,,,,3.0,,,10.0,1.0,8.0,10.0,,2.0,,,,,10.0,1.0,10.0,10.0,10.0,,,1.0,1.0,6,9.0,10,1
2008-03-20,77495,,11,3,3670.0,55403420,MWAV,M WAVE INC,MWAV,334220.0,Q,A,R,11447,3,3670.0,55403420.0,,,36.0,367.0,,,,,,,0.4,-0.090909,1813.0,1.0,0.3488,725.2,MWAV,10.0,,9.0,,,1,1.0,1.0,1.0,7.0,7.0,10.0,4.0,,1.0,,10.0,10.0,10.0,10.0,10.0,6.0,1.0,,9.0,7.0,,,,3.0,,,10.0,1.0,8.0,10.0,,2.0,,,,,10.0,1.0,10.0,10.0,10.0,,,1.0,1.0,6,9.0,10,1
2008-03-24,77495,,11,3,3670.0,55403420,MWAV,M WAVE INC,MWAV,334220.0,Q,A,R,11447,3,3670.0,55403420.0,,,36.0,367.0,,,,,,,0.449,0.1225,1813.0,1.0,0.3716,814.037,MWAV,10.0,,9.0,,,1,1.0,1.0,1.0,7.0,7.0,10.0,4.0,,1.0,,10.0,10.0,10.0,10.0,10.0,6.0,1.0,,9.0,7.0,,,,3.0,,,10.0,1.0,8.0,10.0,,2.0,,,,,10.0,1.0,10.0,10.0,10.0,,,1.0,1.0,6,9.0,10,1
2008-03-25,77495,,11,3,3670.0,55403420,MWAV,M WAVE INC,MWAV,334220.0,Q,A,R,11447,3,3670.0,55403420.0,,,36.0,367.0,,,,,,,0.45,0.002227,1813.0,1.0,0.32,815.85,MWAV,10.0,,9.0,,,1,1.0,1.0,1.0,7.0,7.0,10.0,4.0,,1.0,,10.0,10.0,10.0,10.0,10.0,6.0,1.0,,9.0,7.0,,,,3.0,,,10.0,1.0,8.0,10.0,,2.0,,,,,10.0,1.0,10.0,10.0,10.0,,,1.0,1.0,6,9.0,10,1
2008-03-26,77495,,11,3,3670.0,55403420,MWAV,M WAVE INC,MWAV,334220.0,Q,A,R,11447,3,3670.0,55403420.0,,,36.0,367.0,,,,,,,0.43,-0.044444,1813.0,1.0,0.42,779.59,MWAV,10.0,,9.0,,,1,1.0,1.0,1.0,7.0,7.0,10.0,4.0,,1.0,,10.0,10.0,10.0,10.0,10.0,6.0,1.0,,9.0,7.0,,,,3.0,,,10.0,1.0,8.0,10.0,,2.0,,,,,10.0,1.0,10.0,10.0,10.0,,,1.0,1.0,6,9.0,10,1
2008-03-27,77495,,11,3,3670.0,55403420,MWAV,M WAVE INC,MWAV,334220.0,Q,A,R,11447,3,3670.0,55403420.0,,,36.0,367.0,,,,,,,0.44,0.023256,1813.0,1.0,0.44,797.72,MWAV,10.0,,9.0,,,1,1.0,1.0,1.0,7.0,7.0,10.0,4.0,,1.0,,10.0,10.0,10.0,10.0,10.0,6.0,1.0,,9.0,7.0,,,,3.0,,,10.0,1.0,8.0,10.0,,2.0,,,,,10.0,1.0,10.0,10.0,10.0,,,1.0,1.0,6,9.0,10,1
2008-03-28,77495,,11,3,3670.0,55403420,MWAV,M WAVE INC,MWAV,334220.0,Q,A,R,11447,3,3670.0,55403420.0,,,36.0,367.0,,,,,,,0.44,0.0,1813.0,1.0,0.341,797.72,MWAV,10.0,,9.0,,,1,1.0,1.0,1.0,7.0,7.0,10.0,4.0,,1.0,,10.0,10.0,10.0,10.0,10.0,6.0,1.0,,9.0,7.0,,,,3.0,,,10.0,1.0,8.0,10.0,,2.0,,,,,10.0,1.0,10.0,10.0,10.0,,,1.0,1.0,6,9.0,10,1
2008-03-31,77495,,11,3,3670.0,55403420,MWAV,M WAVE INC,MWAV,334220.0,Q,A,R,11447,3,3670.0,55403420.0,,,36.0,367.0,,,,,,,0.45,0.022727,1813.0,1.0,0.3901,815.85,MWAV,10.0,,9.0,,,1,1.0,1.0,1.0,7.0,7.0,10.0,4.0,,1.0,,10.0,10.0,10.0,10.0,10.0,6.0,1.0,,9.0,7.0,,,,3.0,,,10.0,1.0,8.0,10.0,,2.0,,,,,10.0,1.0,10.0,10.0,10.0,,,1.0,1.0,6,9.0,10,1
2008-04-01,77495,,11,3,3670.0,55403420,MWAV,M WAVE INC,MWAV,334220.0,Q,A,R,11447,3,3670.0,55403420.0,,,36.0,367.0,,,,,,,0.45,0.0,1813.0,1.0,0.424,815.85,MWAV,10.0,,9.0,,,1,1.0,1.0,1.0,7.0,7.0,10.0,4.0,,1.0,,10.0,10.0,10.0,10.0,10.0,6.0,1.0,,9.0,7.0,,,,3.0,,,,1.0,8.0,10.0,,2.0,,,1.0,1.0,10.0,1.0,10.0,1.0,10.0,,,1.0,1.0,6,10.0,10,1
2008-04-02,77495,,11,3,3670.0,55403420,MWAV,M WAVE INC,MWAV,334220.0,Q,A,R,11447,3,3670.0,55403420.0,582.0,20080403.0,36.0,367.0,,,,,0.0,0.3,0.36,-0.2,1813.0,1.0,0.36,652.68,MWAV,10.0,,9.0,,,1,1.0,1.0,1.0,7.0,7.0,10.0,4.0,,1.0,,10.0,10.0,10.0,10.0,10.0,6.0,1.0,,9.0,7.0,,,,3.0,,,,1.0,8.0,10.0,,2.0,,,1.0,1.0,10.0,1.0,10.0,1.0,10.0,,,1.0,1.0,6,10.0,10,1
2008-04-03,77495,,11,3,3670.0,55403420,MWAV,M WAVE INC,MWAV,334220.0,Q,A,R,11447,3,3670.0,55403420.0,,,36.0,367.0,,,,,,,,,,,,,<undefined>,10.0,,9.0,,,1,1.0,1.0,1.0,7.0,7.0,10.0,4.0,,1.0,,10.0,10.0,10.0,10.0,10.0,6.0,1.0,,9.0,7.0,,,,3.0,,,,1.0,8.0,10.0,,2.0,,,1.0,1.0,10.0,1.0,10.0,1.0,10.0,,,1.0,1.0,6,10.0,10,1
