,PERMNO,NAMEENDT,SHRCD,EXCHCD,SICCD,NCUSIP,TICKER,COMNAM,TSYMBOL,NAICS,PRIMEXCH,TRDSTAT,SECSTAT,PERMCO,HEXCD,HSICCD,CUSIP,DLSTCD,NEXTDT,HSICMG,HSICIG,DISTCD,DIVAMT,FACPR,ACPERM,NWPERM,DLPRC,PRC,RET,SHROUT,CFACPR,OPENPRC,MARKETCAP,TAQ_TICKER,pNYSE_size,pNYSE_value,pNYSE_prof,pNYSE_dur,pNYSE_valprof,pNYSE_fscore,pNYSE_debtiss,pNYSE_repurch,pNYSE_nissa,pNYSE_accruals,pNYSE_growth,pNYSE_aturnover,pNYSE_gmargins,pNYSE_divp,pNYSE_ep,pNYSE_cfp,pNYSE_noa,pNYSE_inv,pNYSE_invcap,pNYSE_igrowth,pNYSE_sgrowth,pNYSE_lev,pNYSE_roaa,pNYSE_roea,pNYSE_sp,pNYSE_gltnoa,pNYSE_divg,pNYSE_invaci,pNYSE_mom,pNYSE_indmom,pNYSE_valmom,pNYSE_valmomprof,pNYSE_shortint,pNYSE_mom12,pNYSE_momrev,pNYSE_lrrev,pNYSE_valuem,pNYSE_nissm,pNYSE_sue,pNYSE_roe,pNYSE_rome,pNYSE_roa,pNYSE_strev,pNYSE_ivol,pNYSE_betaarb,pNYSE_season,pNYSE_indrrev,pNYSE_indrrevlv,pNYSE_indmomrev,pNYSE_ciss,pNYSE_price,pNYSE_age,pNYSE_shvol,pNYSE_exchsw,pNYSE_ipo
2005-01-03,80517,,11,3,6020.0,14528210,CRRB,CARROLLTON BANCORP,CRRB,522110.0,Q,A,R,13085,3,6020.0,,,,60.0,602.0,,,,,,,16.355,-0.079629,2835.0,1.0,16.5,46366.425,CRRB,10.0,,,,,1,10.0,1.0,7.0,,,,,7.0,3.0,2.0,,,,,,10.0,2.0,3.0,3.0,,3.0,,4.0,6.0,,,10.0,3.0,6.0,6.0,,7.0,,2.0,2.0,2.0,3.0,3.0,10.0,3.0,3.0,,,9.0,3.0,7,10.0,10,1
2005-01-04,80517,,11,3,6020.0,14528210,CRRB,CARROLLTON BANCORP,CRRB,522110.0,Q,A,R,13085,3,6020.0,,,,60.0,602.0,,,,,,,16.331,-0.001467,2835.0,1.0,16.33,46298.385,CRRB,10.0,,,,,1,10.0,1.0,7.0,,,,,7.0,3.0,2.0,,,,,,10.0,2.0,3.0,3.0,,3.0,,4.0,6.0,,,10.0,3.0,6.0,6.0,,7.0,,2.0,2.0,2.0,3.0,3.0,10.0,3.0,3.0,,,9.0,3.0,7,10.0,10,1
2005-01-05,80517,,11,3,6020.0,14528210,CRRB,CARROLLTON BANCORP,CRRB,522110.0,Q,A,R,13085,3,6020.0,,,,60.0,602.0,,,,,,,-16.41,0.004837,2835.0,1.0,,-46522.35,CRRB,10.0,,,,,1,10.0,1.0,7.0,,,,,7.0,3.0,2.0,,,,,,10.0,2.0,3.0,3.0,,3.0,,4.0,6.0,,,10.0,3.0,6.0,6.0,,7.0,,2.0,2.0,2.0,3.0,3.0,10.0,3.0,3.0,,,9.0,3.0,7,10.0,10,1
2005-01-06,80517,,11,3,6020.0,14528210,CRRB,CARROLLTON BANCORP,CRRB,522110.0,Q,A,R,13085,3,6020.0,,,,60.0,602.0,,,,,,,16.49,0.004875,2835.0,1.0,16.5,46749.15,CRRB,10.0,,,,,1,10.0,1.0,7.0,,,,,7.0,3.0,2.0,,,,,,10.0,2.0,3.0,3.0,,3.0,,4.0,6.0,,,10.0,3.0,6.0,6.0,,7.0,,2.0,2.0,2.0,3.0,3.0,10.0,3.0,3.0,,,9.0,3.0,7,10.0,10,1
2005-01-07,80517,,11,3,6020.0,14528210,CRRB,CARROLLTON BANCORP,CRRB,522110.0,Q,A,R,13085,3,6020.0,,,,60.0,602.0,,,,,,,16.06,-0.026076,2835.0,1.0,16.4,45530.1,CRRB,10.0,,,,,1,10.0,1.0,7.0,,,,,7.0,3.0,2.0,,,,,,10.0,2.0,3.0,3.0,,3.0,,4.0,6.0,,,10.0,3.0,6.0,6.0,,7.0,,2.0,2.0,2.0,3.0,3.0,10.0,3.0,3.0,,,9.0,3.0,7,10.0,10,1
2005-01-10,80517,,11,3,6020.0,14528210,CRRB,CARROLLTON BANCORP,CRRB,522110.0,Q,A,R,13085,3,6020.0,,,,60.0,602.0,,,,,,,16.0,-0.003736,2835.0,1.0,16.11,45360.0,CRRB,10.0,,,,,1,10.0,1.0,7.0,,,,,7.0,3.0,2.0,,,,,,10.0,2.0,3.0,3.0,,3.0,,4.0,6.0,,,10.0,3.0,6.0,6.0,,7.0,,2.0,2.0,2.0,3.0,3.0,10.0,3.0,3.0,,,9.0,3.0,7,10.0,10,1
2005-01-11,80517,,11,3,6020.0,14528210,CRRB,CARROLLTON BANCORP,CRRB,522110.0,Q,A,R,13085,3,6020.0,,,,60.0,602.0,,,,,,,15.76,-0.015,2835.0,1.0,16.0,44679.6,CRRB,10.0,,,,,1,10.0,1.0,7.0,,,,,7.0,3.0,2.0,,,,,,10.0,2.0,3.0,3.0,,3.0,,4.0,6.0,,,10.0,3.0,6.0,6.0,,7.0,,2.0,2.0,2.0,3.0,3.0,10.0,3.0,3.0,,,9.0,3.0,7,10.0,10,1
2005-01-12,80517,,11,3,6020.0,14528210,CRRB,CARROLLTON BANCORP,CRRB,522110.0,Q,A,R,13085,3,6020.0,,,,60.0,602.0,,,,,,,15.87,0.00698,2835.0,1.0,16.0,44991.45,CRRB,10.0,,,,,1,10.0,1.0,7.0,,,,,7.0,3.0,2.0,,,,,,10.0,2.0,3.0,3.0,,3.0,,4.0,6.0,,,10.0,3.0,6.0,6.0,,7.0,,2.0,2.0,2.0,3.0,3.0,10.0,3.0,3.0,,,9.0,3.0,7,10.0,10,1
2005-01-13,80517,,11,3,6020.0,14528210,CRRB,CARROLLTON BANCORP,CRRB,522110.0,Q,A,R,13085,3,6020.0,,,,60.0,602.0,,,,,,,15.6,-0.017013,2835.0,1.0,15.751,44226.0,CRRB,10.0,,,,,1,10.0,1.0,7.0,,,,,7.0,3.0,2.0,,,,,,10.0,2.0,3.0,3.0,,3.0,,4.0,6.0,,,10.0,3.0,6.0,6.0,,7.0,,2.0,2.0,2.0,3.0,3.0,10.0,3.0,3.0,,,9.0,3.0,7,10.0,10,1
2005-01-14,80517,,11,3,6020.0,14528210,CRRB,CARROLLTON BANCORP,CRRB,522110.0,Q,A,R,13085,3,6020.0,,,,60.0,602.0,,,,,,,-15.945,0.022115,2835.0,1.0,,-45204.075,CRRB,10.0,,,,,1,10.0,1.0,7.0,,,,,7.0,3.0,2.0,,,,,,10.0,2.0,3.0,3.0,,3.0,,4.0,6.0,,,10.0,3.0,6.0,6.0,,7.0,,2.0,2.0,2.0,3.0,3.0,10.0,3.0,3.0,,,9.0,3.0,7,10.0,10,1
2005-01-18,80517,,11,3,6020.0,14528210,CRRB,CARROLLTON BANCORP,CRRB,522110.0,Q,A,R,13085,3,6020.0,,,,60.0,602.0,,,,,,,15.5,-0.027908,2835.0,1.0,15.8,43942.5,CRRB,10.0,,,,,1,10.0,1.0,7.0,,,,,7.0,3.0,2.0,,,,,,10.0,2.0,3.0,3.0,,3.0,,4.0,6.0,,,10.0,3.0,6.0,6.0,,7.0,,2.0,2.0,2.0,3.0,3.0,10.0,3.0,3.0,,,9.0,3.0,7,10.0,10,1
2005-01-19,80517,,11,3,6020.0,14528210,CRRB,CARROLLTON BANCORP,CRRB,522110.0,Q,A,R,13085,3,6020.0,,,,60.0,602.0,,,,,,,15.1,-0.025806,2835.0,1.0,15.5,42808.5,CRRB,10.0,,,,,1,10.0,1.0,7.0,,,,,7.0,3.0,2.0,,,,,,10.0,2.0,3.0,3.0,,3.0,,4.0,6.0,,,10.0,3.0,6.0,6.0,,7.0,,2.0,2.0,2.0,3.0,3.0,10.0,3.0,3.0,,,9.0,3.0,7,10.0,10,1
2005-01-20,80517,,11,3,6020.0,14528210,CRRB,CARROLLTON BANCORP,CRRB,522110.0,Q,A,R,13085,3,6020.0,,,,60.0,602.0,,,,,,,15.07,-0.001987,2835.0,1.0,15.17,42723.45,CRRB,10.0,,,,,1,10.0,1.0,7.0,,,,,7.0,3.0,2.0,,,,,,10.0,2.0,3.0,3.0,,3.0,,4.0,6.0,,,10.0,3.0,6.0,6.0,,7.0,,2.0,2.0,2.0,3.0,3.0,10.0,3.0,3.0,,,9.0,3.0,7,10.0,10,1
2005-01-21,80517,,11,3,6020.0,14528210,CRRB,CARROLLTON BANCORP,CRRB,522110.0,Q,A,R,13085,3,6020.0,,,,60.0,602.0,,,,,,,15.05,-0.001327,2835.0,1.0,15.051,42666.75,CRRB,10.0,,,,,1,10.0,1.0,7.0,,,,,7.0,3.0,2.0,,,,,,10.0,2.0,3.0,3.0,,3.0,,4.0,6.0,,,10.0,3.0,6.0,6.0,,7.0,,2.0,2.0,2.0,3.0,3.0,10.0,3.0,3.0,,,9.0,3.0,7,10.0,10,1
2005-01-24,80517,,11,3,6020.0,14528210,CRRB,CARROLLTON BANCORP,CRRB,522110.0,Q,A,R,13085,3,6020.0,,,,60.0,602.0,,,,,,,15.0,-0.003322,2835.0,1.0,15.05,42525.0,CRRB,10.0,,,,,1,10.0,1.0,7.0,,,,,7.0,3.0,2.0,,,,,,10.0,2.0,3.0,3.0,,3.0,,4.0,6.0,,,10.0,3.0,6.0,6.0,,7.0,,2.0,2.0,2.0,3.0,3.0,10.0,3.0,3.0,,,9.0,3.0,7,10.0,10,1
2005-01-25,80517,,11,3,6020.0,14528210,CRRB,CARROLLTON BANCORP,CRRB,522110.0,Q,A,R,13085,3,6020.0,,,,60.0,602.0,,,,,,,15.189,0.0126,2835.0,1.0,14.99,43060.815,CRRB,10.0,,,,,1,10.0,1.0,7.0,,,,,7.0,3.0,2.0,,,,,,10.0,2.0,3.0,3.0,,3.0,,4.0,6.0,,,10.0,3.0,6.0,6.0,,7.0,,2.0,2.0,2.0,3.0,3.0,10.0,3.0,3.0,,,9.0,3.0,7,10.0,10,1
2005-01-26,80517,,11,3,6020.0,14528210,CRRB,CARROLLTON BANCORP,CRRB,522110.0,Q,A,R,13085,3,6020.0,,,,60.0,602.0,,,,,,,16.01,0.054052,2835.0,1.0,15.19,45388.35,CRRB,10.0,,,,,1,10.0,1.0,7.0,,,,,7.0,3.0,2.0,,,,,,10.0,2.0,3.0,3.0,,3.0,,4.0,6.0,,,10.0,3.0,6.0,6.0,,7.0,,2.0,2.0,2.0,3.0,3.0,10.0,3.0,3.0,,,9.0,3.0,7,10.0,10,1
2005-01-27,80517,,11,3,6020.0,14528210,CRRB,CARROLLTON BANCORP,CRRB,522110.0,Q,A,R,13085,3,6020.0,,,,60.0,602.0,,,,,,,16.25,0.014991,2835.0,1.0,16.0,46068.75,CRRB,10.0,,,,,1,10.0,1.0,7.0,,,,,7.0,3.0,2.0,,,,,,10.0,2.0,3.0,3.0,,3.0,,4.0,6.0,,,10.0,3.0,6.0,6.0,,7.0,,2.0,2.0,2.0,3.0,3.0,10.0,3.0,3.0,,,9.0,3.0,7,10.0,10,1
2005-01-28,80517,,11,3,6020.0,14528210,CRRB,CARROLLTON BANCORP,CRRB,522110.0,Q,A,R,13085,3,6020.0,,,,60.0,602.0,,,,,,,17.0,0.046154,2835.0,1.0,15.8,48195.0,CRRB,10.0,,,,,1,10.0,1.0,7.0,,,,,7.0,3.0,2.0,,,,,,10.0,2.0,3.0,3.0,,3.0,,4.0,6.0,,,10.0,3.0,6.0,6.0,,7.0,,2.0,2.0,2.0,3.0,3.0,10.0,3.0,3.0,,,9.0,3.0,7,10.0,10,1
2005-01-31,80517,,11,3,6020.0,14528210,CRRB,CARROLLTON BANCORP,CRRB,522110.0,Q,A,R,13085,3,6020.0,,,,60.0,602.0,,,,,,,15.9,-0.064706,2835.0,1.0,16.9,45076.5,CRRB,10.0,,,,,1,10.0,1.0,7.0,,,,,7.0,3.0,2.0,,,,,,10.0,2.0,3.0,3.0,,3.0,,4.0,6.0,,,10.0,3.0,6.0,6.0,,7.0,,2.0,2.0,2.0,3.0,3.0,10.0,3.0,3.0,,,9.0,3.0,7,10.0,10,1
2005-02-01,80517,,11,3,6020.0,14528210,CRRB,CARROLLTON BANCORP,CRRB,522110.0,Q,A,R,13085,3,6020.0,,,,60.0,602.0,,,,,,,15.75,-0.009434,2835.0,1.0,16.24,44651.25,CRRB,10.0,,,,,1,10.0,1.0,7.0,,,,,7.0,3.0,2.0,,,,,,10.0,2.0,3.0,3.0,,3.0,,6.0,5.0,,,10.0,3.0,9.0,6.0,,7.0,,2.0,2.0,,9.0,2.0,10.0,8.0,9.0,,,9.0,3.0,7,10.0,10,1
2005-02-02,80517,,11,3,6020.0,14528210,CRRB,CARROLLTON BANCORP,CRRB,522110.0,Q,A,R,13085,3,6020.0,,,,60.0,602.0,,,,,,,-16.025,0.01746,2835.0,1.0,,-45430.875,CRRB,10.0,,,,,1,10.0,1.0,7.0,,,,,7.0,3.0,2.0,,,,,,10.0,2.0,3.0,3.0,,3.0,,6.0,5.0,,,10.0,3.0,9.0,6.0,,7.0,,2.0,2.0,,9.0,2.0,10.0,8.0,9.0,,,9.0,3.0,7,10.0,10,1
2005-02-03,80517,,11,3,6020.0,14528210,CRRB,CARROLLTON BANCORP,CRRB,522110.0,Q,A,R,13085,3,6020.0,,,,60.0,602.0,,,,,,,15.75,-0.017161,2835.0,1.0,15.75,44651.25,CRRB,10.0,,,,,1,10.0,1.0,7.0,,,,,7.0,3.0,2.0,,,,,,10.0,2.0,3.0,3.0,,3.0,,6.0,5.0,,,10.0,3.0,9.0,6.0,,7.0,,2.0,2.0,,9.0,2.0,10.0,8.0,9.0,,,9.0,3.0,7,10.0,10,1
2005-02-04,80517,,11,3,6020.0,14528210,CRRB,CARROLLTON BANCORP,CRRB,522110.0,Q,A,R,13085,3,6020.0,,,,60.0,602.0,,,,,,,15.9,0.009524,2835.0,1.0,15.55,45076.5,CRRB,10.0,,,,,1,10.0,1.0,7.0,,,,,7.0,3.0,2.0,,,,,,10.0,2.0,3.0,3.0,,3.0,,6.0,5.0,,,10.0,3.0,9.0,6.0,,7.0,,2.0,2.0,,9.0,2.0,10.0,8.0,9.0,,,9.0,3.0,7,10.0,10,1
2005-02-07,80517,,11,3,6020.0,14528210,CRRB,CARROLLTON BANCORP,CRRB,522110.0,Q,A,R,13085,3,6020.0,,,,60.0,602.0,,,,,,,15.91,0.000629,2835.0,1.0,15.91,45104.85,CRRB,10.0,,,,,1,10.0,1.0,7.0,,,,,7.0,3.0,2.0,,,,,,10.0,2.0,3.0,3.0,,3.0,,6.0,5.0,,,10.0,3.0,9.0,6.0,,7.0,,2.0,2.0,,9.0,2.0,10.0,8.0,9.0,,,9.0,3.0,7,10.0,10,1
2005-02-08,80517,,11,3,6020.0,14528210,CRRB,CARROLLTON BANCORP,CRRB,522110.0,Q,A,R,13085,3,6020.0,,,,60.0,602.0,,,,,,,16.22,0.019485,2835.0,1.0,16.49,45983.7,CRRB,10.0,,,,,1,10.0,1.0,7.0,,,,,7.0,3.0,2.0,,,,,,10.0,2.0,3.0,3.0,,3.0,,6.0,5.0,,,10.0,3.0,9.0,6.0,,7.0,,2.0,2.0,,9.0,2.0,10.0,8.0,9.0,,,9.0,3.0,7,10.0,10,1
2005-02-09,80517,,11,3,6020.0,14528210,CRRB,CARROLLTON BANCORP,CRRB,522110.0,Q,A,R,13085,3,6020.0,,,,60.0,602.0,,,,,,,16.2,-0.001233,2835.0,1.0,16.3,45927.0,CRRB,10.0,,,,,1,10.0,1.0,7.0,,,,,7.0,3.0,2.0,,,,,,10.0,2.0,3.0,3.0,,3.0,,6.0,5.0,,,10.0,3.0,9.0,6.0,,7.0,,2.0,2.0,,9.0,2.0,10.0,8.0,9.0,,,9.0,3.0,7,10.0,10,1
2005-02-10,80517,,11,3,6020.0,14528210,CRRB,CARROLLTON BANCORP,CRRB,522110.0,Q,A,R,13085,3,6020.0,,,,60.0,602.0,,,,,,,16.22,0.001234,2835.0,1.0,16.25,45983.7,CRRB,10.0,,,,,1,10.0,1.0,7.0,,,,,7.0,3.0,2.0,,,,,,10.0,2.0,3.0,3.0,,3.0,,6.0,5.0,,,10.0,3.0,9.0,6.0,,7.0,,2.0,2.0,,9.0,2.0,10.0,8.0,9.0,,,9.0,3.0,7,10.0,10,1
2005-02-11,80517,,11,3,6020.0,14528210,CRRB,CARROLLTON BANCORP,CRRB,522110.0,Q,A,R,13085,3,6020.0,,,,60.0,602.0,,,,,,,16.16,-0.003699,2835.0,1.0,16.12,45813.6,CRRB,10.0,,,,,1,10.0,1.0,7.0,,,,,7.0,3.0,2.0,,,,,,10.0,2.0,3.0,3.0,,3.0,,6.0,5.0,,,10.0,3.0,9.0,6.0,,7.0,,2.0,2.0,,9.0,2.0,10.0,8.0,9.0,,,9.0,3.0,7,10.0,10,1
2005-02-14,80517,,11,3,6020.0,14528210,CRRB,CARROLLTON BANCORP,CRRB,522110.0,Q,A,R,13085,3,6020.0,,,,60.0,602.0,1232.0,0.1,0.0,,,,-16.02,-0.002475,2835.0,1.0,,-45416.7,CRRB,10.0,,,,,1,10.0,1.0,7.0,,,,,7.0,3.0,2.0,,,,,,10.0,2.0,3.0,3.0,,3.0,,6.0,5.0,,,10.0,3.0,9.0,6.0,,7.0,,2.0,2.0,,9.0,2.0,10.0,8.0,9.0,,,9.0,3.0,7,10.0,10,1
2005-02-15,80517,,11,3,6020.0,14528210,CRRB,CARROLLTON BANCORP,CRRB,522110.0,Q,A,R,13085,3,6020.0,,,,60.0,602.0,,,,,,,-15.92,-0.006242,2835.0,1.0,,-45133.2,CRRB,10.0,,,,,1,10.0,1.0,7.0,,,,,7.0,3.0,2.0,,,,,,10.0,2.0,3.0,3.0,,3.0,,6.0,5.0,,,10.0,3.0,9.0,6.0,,7.0,,2.0,2.0,,9.0,2.0,10.0,8.0,9.0,,,9.0,3.0,7,10.0,10,1
2005-02-16,80517,,11,3,6020.0,14528210,CRRB,CARROLLTON BANCORP,CRRB,522110.0,Q,A,R,13085,3,6020.0,,,,60.0,602.0,,,,,,,15.95,0.001884,2835.0,1.0,15.85,45218.25,CRRB,10.0,,,,,1,10.0,1.0,7.0,,,,,7.0,3.0,2.0,,,,,,10.0,2.0,3.0,3.0,,3.0,,6.0,5.0,,,10.0,3.0,9.0,6.0,,7.0,,2.0,2.0,,9.0,2.0,10.0,8.0,9.0,,,9.0,3.0,7,10.0,10,1
2005-02-17,80517,,11,3,6020.0,14528210,CRRB,CARROLLTON BANCORP,CRRB,522110.0,Q,A,R,13085,3,6020.0,,,,60.0,602.0,,,,,,,15.4,-0.034483,2835.0,1.0,15.65,43659.0,CRRB,10.0,,,,,1,10.0,1.0,7.0,,,,,7.0,3.0,2.0,,,,,,10.0,2.0,3.0,3.0,,3.0,,6.0,5.0,,,10.0,3.0,9.0,6.0,,7.0,,2.0,2.0,,9.0,2.0,10.0,8.0,9.0,,,9.0,3.0,7,10.0,10,1
2005-02-18,80517,,11,3,6020.0,14528210,CRRB,CARROLLTON BANCORP,CRRB,522110.0,Q,A,R,13085,3,6020.0,,,,60.0,602.0,,,,,,,14.45,-0.061688,2835.0,1.0,15.15,40965.75,CRRB,10.0,,,,,1,10.0,1.0,7.0,,,,,7.0,3.0,2.0,,,,,,10.0,2.0,3.0,3.0,,3.0,,6.0,5.0,,,10.0,3.0,9.0,6.0,,7.0,,2.0,2.0,,9.0,2.0,10.0,8.0,9.0,,,9.0,3.0,7,10.0,10,1
2005-02-22,80517,,11,3,6020.0,14528210,CRRB,CARROLLTON BANCORP,CRRB,522110.0,Q,A,R,13085,3,6020.0,,,,60.0,602.0,,,,,,,15.0,0.038062,2835.0,1.0,14.53,42525.0,CRRB,10.0,,,,,1,10.0,1.0,7.0,,,,,7.0,3.0,2.0,,,,,,10.0,2.0,3.0,3.0,,3.0,,6.0,5.0,,,10.0,3.0,9.0,6.0,,7.0,,2.0,2.0,,9.0,2.0,10.0,8.0,9.0,,,9.0,3.0,7,10.0,10,1
2005-02-23,80517,,11,3,6020.0,14528210,CRRB,CARROLLTON BANCORP,CRRB,522110.0,Q,A,R,13085,3,6020.0,,,,60.0,602.0,,,,,,,14.66,-0.022667,2835.0,1.0,15.2,41561.1,CRRB,10.0,,,,,1,10.0,1.0,7.0,,,,,7.0,3.0,2.0,,,,,,10.0,2.0,3.0,3.0,,3.0,,6.0,5.0,,,10.0,3.0,9.0,6.0,,7.0,,2.0,2.0,,9.0,2.0,10.0,8.0,9.0,,,9.0,3.0,7,10.0,10,1
2005-02-24,80517,,11,3,6020.0,14528210,CRRB,CARROLLTON BANCORP,CRRB,522110.0,Q,A,R,13085,3,6020.0,,,,60.0,602.0,,,,,,,14.8,0.00955,2835.0,1.0,14.67,41958.0,CRRB,10.0,,,,,1,10.0,1.0,7.0,,,,,7.0,3.0,2.0,,,,,,10.0,2.0,3.0,3.0,,3.0,,6.0,5.0,,,10.0,3.0,9.0,6.0,,7.0,,2.0,2.0,,9.0,2.0,10.0,8.0,9.0,,,9.0,3.0,7,10.0,10,1
2005-02-25,80517,,11,3,6020.0,14528210,CRRB,CARROLLTON BANCORP,CRRB,522110.0,Q,A,R,13085,3,6020.0,,,,60.0,602.0,,,,,,,14.75,-0.003378,2835.0,1.0,15.25,41816.25,CRRB,10.0,,,,,1,10.0,1.0,7.0,,,,,7.0,3.0,2.0,,,,,,10.0,2.0,3.0,3.0,,3.0,,6.0,5.0,,,10.0,3.0,9.0,6.0,,7.0,,2.0,2.0,,9.0,2.0,10.0,8.0,9.0,,,9.0,3.0,7,10.0,10,1
2005-02-28,80517,,11,3,6020.0,14528210,CRRB,CARROLLTON BANCORP,CRRB,522110.0,Q,A,R,13085,3,6020.0,,,,60.0,602.0,,,,,,,14.74,-0.000678,2835.0,1.0,14.75,41787.9,CRRB,10.0,,,,,1,10.0,1.0,7.0,,,,,7.0,3.0,2.0,,,,,,10.0,2.0,3.0,3.0,,3.0,,6.0,5.0,,,10.0,3.0,9.0,6.0,,7.0,,2.0,2.0,,9.0,2.0,10.0,8.0,9.0,,,9.0,3.0,7,10.0,10,1
2005-03-01,80517,,11,3,6020.0,14528210,CRRB,CARROLLTON BANCORP,CRRB,522110.0,Q,A,R,13085,3,6020.0,,,,60.0,602.0,,,,,,,14.13,-0.041384,2850.0,1.0,14.72,40270.5,CRRB,10.0,,,,,1,10.0,1.0,7.0,,,,,7.0,3.0,2.0,,,,,,10.0,2.0,3.0,3.0,,3.0,,2.0,2.0,,,10.0,2.0,8.0,7.0,,7.0,,2.0,2.0,2.0,10.0,2.0,10.0,3.0,9.0,,,5.0,2.0,7,10.0,10,1
2005-03-02,80517,,11,3,6020.0,14528210,CRRB,CARROLLTON BANCORP,CRRB,522110.0,Q,A,R,13085,3,6020.0,,,,60.0,602.0,,,,,,,14.48,0.02477,2850.0,1.0,14.5,41268.0,CRRB,10.0,,,,,1,10.0,1.0,7.0,,,,,7.0,3.0,2.0,,,,,,10.0,2.0,3.0,3.0,,3.0,,2.0,2.0,,,10.0,2.0,8.0,7.0,,7.0,,2.0,2.0,2.0,10.0,2.0,10.0,3.0,9.0,,,5.0,2.0,7,10.0,10,1
2005-03-03,80517,,11,3,6020.0,14528210,CRRB,CARROLLTON BANCORP,CRRB,522110.0,Q,A,R,13085,3,6020.0,,,,60.0,602.0,,,,,,,14.39,-0.006215,2850.0,1.0,14.39,41011.5,CRRB,10.0,,,,,1,10.0,1.0,7.0,,,,,7.0,3.0,2.0,,,,,,10.0,2.0,3.0,3.0,,3.0,,2.0,2.0,,,10.0,2.0,8.0,7.0,,7.0,,2.0,2.0,2.0,10.0,2.0,10.0,3.0,9.0,,,5.0,2.0,7,10.0,10,1
2005-03-04,80517,,11,3,6020.0,14528210,CRRB,CARROLLTON BANCORP,CRRB,522110.0,Q,A,R,13085,3,6020.0,,,,60.0,602.0,,,,,,,14.9,0.035441,2850.0,1.0,14.9,42465.0,CRRB,10.0,,,,,1,10.0,1.0,7.0,,,,,7.0,3.0,2.0,,,,,,10.0,2.0,3.0,3.0,,3.0,,2.0,2.0,,,10.0,2.0,8.0,7.0,,7.0,,2.0,2.0,2.0,10.0,2.0,10.0,3.0,9.0,,,5.0,2.0,7,10.0,10,1
2005-03-07,80517,,11,3,6020.0,14528210,CRRB,CARROLLTON BANCORP,CRRB,522110.0,Q,A,R,13085,3,6020.0,,,,60.0,602.0,,,,,,,14.9,0.0,2850.0,1.0,14.9,42465.0,CRRB,10.0,,,,,1,10.0,1.0,7.0,,,,,7.0,3.0,2.0,,,,,,10.0,2.0,3.0,3.0,,3.0,,2.0,2.0,,,10.0,2.0,8.0,7.0,,7.0,,2.0,2.0,2.0,10.0,2.0,10.0,3.0,9.0,,,5.0,2.0,7,10.0,10,1
2005-03-08,80517,,11,3,6020.0,14528210,CRRB,CARROLLTON BANCORP,CRRB,522110.0,Q,A,R,13085,3,6020.0,,,,60.0,602.0,,,,,,,14.72,-0.01208,2850.0,1.0,14.16,41952.0,CRRB,10.0,,,,,1,10.0,1.0,7.0,,,,,7.0,3.0,2.0,,,,,,10.0,2.0,3.0,3.0,,3.0,,2.0,2.0,,,10.0,2.0,8.0,7.0,,7.0,,2.0,2.0,2.0,10.0,2.0,10.0,3.0,9.0,,,5.0,2.0,7,10.0,10,1
2005-03-09,80517,,11,3,6020.0,14528210,CRRB,CARROLLTON BANCORP,CRRB,522110.0,Q,A,R,13085,3,6020.0,,,,60.0,602.0,,,,,,,14.95,0.015625,2850.0,1.0,14.95,42607.5,CRRB,10.0,,,,,1,10.0,1.0,7.0,,,,,7.0,3.0,2.0,,,,,,10.0,2.0,3.0,3.0,,3.0,,2.0,2.0,,,10.0,2.0,8.0,7.0,,7.0,,2.0,2.0,2.0,10.0,2.0,10.0,3.0,9.0,,,5.0,2.0,7,10.0,10,1
2005-03-10,80517,,11,3,6020.0,14528210,CRRB,CARROLLTON BANCORP,CRRB,522110.0,Q,A,R,13085,3,6020.0,,,,60.0,602.0,,,,,,,-14.865,-0.005686,2850.0,1.0,,-42365.25,CRRB,10.0,,,,,1,10.0,1.0,7.0,,,,,7.0,3.0,2.0,,,,,,10.0,2.0,3.0,3.0,,3.0,,2.0,2.0,,,10.0,2.0,8.0,7.0,,7.0,,2.0,2.0,2.0,10.0,2.0,10.0,3.0,9.0,,,5.0,2.0,7,10.0,10,1
2005-03-11,80517,,11,3,6020.0,14528210,CRRB,CARROLLTON BANCORP,CRRB,522110.0,Q,A,R,13085,3,6020.0,,,,60.0,602.0,,,,,,,14.67,-0.013118,2850.0,1.0,14.67,41809.5,CRRB,10.0,,,,,1,10.0,1.0,7.0,,,,,7.0,3.0,2.0,,,,,,10.0,2.0,3.0,3.0,,3.0,,2.0,2.0,,,10.0,2.0,8.0,7.0,,7.0,,2.0,2.0,2.0,10.0,2.0,10.0,3.0,9.0,,,5.0,2.0,7,10.0,10,1
2005-03-14,80517,,11,3,6020.0,14528210,CRRB,CARROLLTON BANCORP,CRRB,522110.0,Q,A,R,13085,3,6020.0,,,,60.0,602.0,,,,,,,14.94,0.018405,2850.0,1.0,14.65,42579.0,CRRB,10.0,,,,,1,10.0,1.0,7.0,,,,,7.0,3.0,2.0,,,,,,10.0,2.0,3.0,3.0,,3.0,,2.0,2.0,,,10.0,2.0,8.0,7.0,,7.0,,2.0,2.0,2.0,10.0,2.0,10.0,3.0,9.0,,,5.0,2.0,7,10.0,10,1
2005-03-15,80517,,11,3,6020.0,14528210,CRRB,CARROLLTON BANCORP,CRRB,522110.0,Q,A,R,13085,3,6020.0,,,,60.0,602.0,,,,,,,15.24,0.02008,2850.0,1.0,15.22,43434.0,CRRB,10.0,,,,,1,10.0,1.0,7.0,,,,,7.0,3.0,2.0,,,,,,10.0,2.0,3.0,3.0,,3.0,,2.0,2.0,,,10.0,2.0,8.0,7.0,,7.0,,2.0,2.0,2.0,10.0,2.0,10.0,3.0,9.0,,,5.0,2.0,7,10.0,10,1
2005-03-16,80517,,11,3,6020.0,14528210,CRRB,CARROLLTON BANCORP,CRRB,522110.0,Q,A,R,13085,3,6020.0,,,,60.0,602.0,,,,,,,15.11,-0.00853,2850.0,1.0,15.01,43063.5,CRRB,10.0,,,,,1,10.0,1.0,7.0,,,,,7.0,3.0,2.0,,,,,,10.0,2.0,3.0,3.0,,3.0,,2.0,2.0,,,10.0,2.0,8.0,7.0,,7.0,,2.0,2.0,2.0,10.0,2.0,10.0,3.0,9.0,,,5.0,2.0,7,10.0,10,1
2005-03-17,80517,,11,3,6020.0,14528210,CRRB,CARROLLTON BANCORP,CRRB,522110.0,Q,A,R,13085,3,6020.0,,,,60.0,602.0,,,,,,,-15.145,0.002316,2850.0,1.0,,-43163.25,CRRB,10.0,,,,,1,10.0,1.0,7.0,,,,,7.0,3.0,2.0,,,,,,10.0,2.0,3.0,3.0,,3.0,,2.0,2.0,,,10.0,2.0,8.0,7.0,,7.0,,2.0,2.0,2.0,10.0,2.0,10.0,3.0,9.0,,,5.0,2.0,7,10.0,10,1
2005-03-18,80517,,11,3,6020.0,14528210,CRRB,CARROLLTON BANCORP,CRRB,522110.0,Q,A,R,13085,3,6020.0,,,,60.0,602.0,,,,,,,-15.225,0.005282,2850.0,1.0,,-43391.25,CRRB,10.0,,,,,1,10.0,1.0,7.0,,,,,7.0,3.0,2.0,,,,,,10.0,2.0,3.0,3.0,,3.0,,2.0,2.0,,,10.0,2.0,8.0,7.0,,7.0,,2.0,2.0,2.0,10.0,2.0,10.0,3.0,9.0,,,5.0,2.0,7,10.0,10,1
2005-03-21,80517,,11,3,6020.0,14528210,CRRB,CARROLLTON BANCORP,CRRB,522110.0,Q,A,R,13085,3,6020.0,,,,60.0,602.0,,,,,,,15.0,-0.014778,2850.0,1.0,15.02,42750.0,CRRB,10.0,,,,,1,10.0,1.0,7.0,,,,,7.0,3.0,2.0,,,,,,10.0,2.0,3.0,3.0,,3.0,,2.0,2.0,,,10.0,2.0,8.0,7.0,,7.0,,2.0,2.0,2.0,10.0,2.0,10.0,3.0,9.0,,,5.0,2.0,7,10.0,10,1
2005-03-22,80517,,11,3,6020.0,14528210,CRRB,CARROLLTON BANCORP,CRRB,522110.0,Q,A,R,13085,3,6020.0,,,,60.0,602.0,,,,,,,-15.085,0.005667,2850.0,1.0,,-42992.25,CRRB,10.0,,,,,1,10.0,1.0,7.0,,,,,7.0,3.0,2.0,,,,,,10.0,2.0,3.0,3.0,,3.0,,2.0,2.0,,,10.0,2.0,8.0,7.0,,7.0,,2.0,2.0,2.0,10.0,2.0,10.0,3.0,9.0,,,5.0,2.0,7,10.0,10,1
2005-03-23,80517,,11,3,6020.0,14528210,CRRB,CARROLLTON BANCORP,CRRB,522110.0,Q,A,R,13085,3,6020.0,,,,60.0,602.0,,,,,,,15.0,-0.005635,2850.0,1.0,14.81,42750.0,CRRB,10.0,,,,,1,10.0,1.0,7.0,,,,,7.0,3.0,2.0,,,,,,10.0,2.0,3.0,3.0,,3.0,,2.0,2.0,,,10.0,2.0,8.0,7.0,,7.0,,2.0,2.0,2.0,10.0,2.0,10.0,3.0,9.0,,,5.0,2.0,7,10.0,10,1
2005-03-24,80517,,11,3,6020.0,14528210,CRRB,CARROLLTON BANCORP,CRRB,522110.0,Q,A,R,13085,3,6020.0,,,,60.0,602.0,,,,,,,-15.245,0.016333,2850.0,1.0,,-43448.25,CRRB,10.0,,,,,1,10.0,1.0,7.0,,,,,7.0,3.0,2.0,,,,,,10.0,2.0,3.0,3.0,,3.0,,2.0,2.0,,,10.0,2.0,8.0,7.0,,7.0,,2.0,2.0,2.0,10.0,2.0,10.0,3.0,9.0,,,5.0,2.0,7,10.0,10,1
2005-03-28,80517,,11,3,6020.0,14528210,CRRB,CARROLLTON BANCORP,CRRB,522110.0,Q,A,R,13085,3,6020.0,,,,60.0,602.0,,,,,,,15.0,-0.016071,2850.0,1.0,15.0,42750.0,CRRB,10.0,,,,,1,10.0,1.0,7.0,,,,,7.0,3.0,2.0,,,,,,10.0,2.0,3.0,3.0,,3.0,,2.0,2.0,,,10.0,2.0,8.0,7.0,,7.0,,2.0,2.0,2.0,10.0,2.0,10.0,3.0,9.0,,,5.0,2.0,7,10.0,10,1
2005-03-29,80517,,11,3,6020.0,14528210,CRRB,CARROLLTON BANCORP,CRRB,522110.0,Q,A,R,13085,3,6020.0,,,,60.0,602.0,,,,,,,15.0,0.0,2850.0,1.0,15.021,42750.0,CRRB,10.0,,,,,1,10.0,1.0,7.0,,,,,7.0,3.0,2.0,,,,,,10.0,2.0,3.0,3.0,,3.0,,2.0,2.0,,,10.0,2.0,8.0,7.0,,7.0,,2.0,2.0,2.0,10.0,2.0,10.0,3.0,9.0,,,5.0,2.0,7,10.0,10,1
2005-03-30,80517,,11,3,6020.0,14528210,CRRB,CARROLLTON BANCORP,CRRB,522110.0,Q,A,R,13085,3,6020.0,,,,60.0,602.0,,,,,,,-15.245,0.016333,2850.0,1.0,,-43448.25,CRRB,10.0,,,,,1,10.0,1.0,7.0,,,,,7.0,3.0,2.0,,,,,,10.0,2.0,3.0,3.0,,3.0,,2.0,2.0,,,10.0,2.0,8.0,7.0,,7.0,,2.0,2.0,2.0,10.0,2.0,10.0,3.0,9.0,,,5.0,2.0,7,10.0,10,1
2005-03-31,80517,,11,3,6020.0,14528210,CRRB,CARROLLTON BANCORP,CRRB,522110.0,Q,A,R,13085,3,6020.0,,,,60.0,602.0,,,,,,,-15.185,-0.003936,2850.0,1.0,,-43277.25,CRRB,10.0,,,,,1,10.0,1.0,7.0,,,,,7.0,3.0,2.0,,,,,,10.0,2.0,3.0,3.0,,3.0,,2.0,2.0,,,10.0,2.0,8.0,7.0,,7.0,,2.0,2.0,2.0,10.0,2.0,10.0,3.0,9.0,,,5.0,2.0,7,10.0,10,1
2005-04-01,80517,,11,3,6020.0,14528210,CRRB,CARROLLTON BANCORP,CRRB,522110.0,Q,A,R,13085,3,6020.0,,,,60.0,602.0,,,,,,,14.75,-0.028647,2850.0,1.0,14.88,42037.5,CRRB,10.0,,,,,1,10.0,1.0,7.0,,,,,7.0,3.0,2.0,,,,,,10.0,2.0,3.0,3.0,,3.0,,1.0,2.0,,,10.0,2.0,8.0,6.0,,6.0,,2.0,2.0,2.0,3.0,1.0,10.0,2.0,2.0,,,8.0,2.0,7,10.0,10,1
2005-04-04,80517,,11,3,6020.0,14528210,CRRB,CARROLLTON BANCORP,CRRB,522110.0,Q,A,R,13085,3,6020.0,,,,60.0,602.0,,,,,,,14.55,-0.013559,2850.0,1.0,14.65,41467.5,CRRB,10.0,,,,,1,10.0,1.0,7.0,,,,,7.0,3.0,2.0,,,,,,10.0,2.0,3.0,3.0,,3.0,,1.0,2.0,,,10.0,2.0,8.0,6.0,,6.0,,2.0,2.0,2.0,3.0,1.0,10.0,2.0,2.0,,,8.0,2.0,7,10.0,10,1
2005-04-05,80517,,11,3,6020.0,14528210,CRRB,CARROLLTON BANCORP,CRRB,522110.0,Q,A,R,13085,3,6020.0,,,,60.0,602.0,,,,,,,-14.78,0.015808,2850.0,1.0,,-42123.0,CRRB,10.0,,,,,1,10.0,1.0,7.0,,,,,7.0,3.0,2.0,,,,,,10.0,2.0,3.0,3.0,,3.0,,1.0,2.0,,,10.0,2.0,8.0,6.0,,6.0,,2.0,2.0,2.0,3.0,1.0,10.0,2.0,2.0,,,8.0,2.0,7,10.0,10,1
2005-04-06,80517,,11,3,6020.0,14528210,CRRB,CARROLLTON BANCORP,CRRB,522110.0,Q,A,R,13085,3,6020.0,,,,60.0,602.0,,,,,,,-15.05,0.018268,2850.0,1.0,,-42892.5,CRRB,10.0,,,,,1,10.0,1.0,7.0,,,,,7.0,3.0,2.0,,,,,,10.0,2.0,3.0,3.0,,3.0,,1.0,2.0,,,10.0,2.0,8.0,6.0,,6.0,,2.0,2.0,2.0,3.0,1.0,10.0,2.0,2.0,,,8.0,2.0,7,10.0,10,1
2005-04-07,80517,,11,3,6020.0,14528210,CRRB,CARROLLTON BANCORP,CRRB,522110.0,Q,A,R,13085,3,6020.0,,,,60.0,602.0,,,,,,,-14.93,-0.007973,2850.0,1.0,,-42550.5,CRRB,10.0,,,,,1,10.0,1.0,7.0,,,,,7.0,3.0,2.0,,,,,,10.0,2.0,3.0,3.0,,3.0,,1.0,2.0,,,10.0,2.0,8.0,6.0,,6.0,,2.0,2.0,2.0,3.0,1.0,10.0,2.0,2.0,,,8.0,2.0,7,10.0,10,1
2005-04-08,80517,,11,3,6020.0,14528210,CRRB,CARROLLTON BANCORP,CRRB,522110.0,Q,A,R,13085,3,6020.0,,,,60.0,602.0,,,,,,,15.27,0.022773,2850.0,1.0,15.0,43519.5,CRRB,10.0,,,,,1,10.0,1.0,7.0,,,,,7.0,3.0,2.0,,,,,,10.0,2.0,3.0,3.0,,3.0,,1.0,2.0,,,10.0,2.0,8.0,6.0,,6.0,,2.0,2.0,2.0,3.0,1.0,10.0,2.0,2.0,,,8.0,2.0,7,10.0,10,1
2005-04-11,80517,,11,3,6020.0,14528210,CRRB,CARROLLTON BANCORP,CRRB,522110.0,Q,A,R,13085,3,6020.0,,,,60.0,602.0,,,,,,,14.77,-0.032744,2850.0,1.0,15.24,42094.5,CRRB,10.0,,,,,1,10.0,1.0,7.0,,,,,7.0,3.0,2.0,,,,,,10.0,2.0,3.0,3.0,,3.0,,1.0,2.0,,,10.0,2.0,8.0,6.0,,6.0,,2.0,2.0,2.0,3.0,1.0,10.0,2.0,2.0,,,8.0,2.0,7,10.0,10,1
2005-04-12,80517,,11,3,6020.0,14528210,CRRB,CARROLLTON BANCORP,CRRB,522110.0,Q,A,R,13085,3,6020.0,,,,60.0,602.0,,,,,,,-15.075,0.02065,2850.0,1.0,,-42963.75,CRRB,10.0,,,,,1,10.0,1.0,7.0,,,,,7.0,3.0,2.0,,,,,,10.0,2.0,3.0,3.0,,3.0,,1.0,2.0,,,10.0,2.0,8.0,6.0,,6.0,,2.0,2.0,2.0,3.0,1.0,10.0,2.0,2.0,,,8.0,2.0,7,10.0,10,1
2005-04-13,80517,,11,3,6020.0,14528210,CRRB,CARROLLTON BANCORP,CRRB,522110.0,Q,A,R,13085,3,6020.0,,,,60.0,602.0,,,,,,,-14.8,-0.018242,2850.0,1.0,,-42180.0,CRRB,10.0,,,,,1,10.0,1.0,7.0,,,,,7.0,3.0,2.0,,,,,,10.0,2.0,3.0,3.0,,3.0,,1.0,2.0,,,10.0,2.0,8.0,6.0,,6.0,,2.0,2.0,2.0,3.0,1.0,10.0,2.0,2.0,,,8.0,2.0,7,10.0,10,1
2005-04-14,80517,,11,3,6020.0,14528210,CRRB,CARROLLTON BANCORP,CRRB,522110.0,Q,A,R,13085,3,6020.0,,,,60.0,602.0,,,,,,,14.4,-0.027027,2850.0,1.0,14.7,41040.0,CRRB,10.0,,,,,1,10.0,1.0,7.0,,,,,7.0,3.0,2.0,,,,,,10.0,2.0,3.0,3.0,,3.0,,1.0,2.0,,,10.0,2.0,8.0,6.0,,6.0,,2.0,2.0,2.0,3.0,1.0,10.0,2.0,2.0,,,8.0,2.0,7,10.0,10,1
2005-04-15,80517,,11,3,6020.0,14528210,CRRB,CARROLLTON BANCORP,CRRB,522110.0,Q,A,R,13085,3,6020.0,,,,60.0,602.0,,,,,,,14.5,0.006944,2850.0,1.0,14.75,41325.0,CRRB,10.0,,,,,1,10.0,1.0,7.0,,,,,7.0,3.0,2.0,,,,,,10.0,2.0,3.0,3.0,,3.0,,1.0,2.0,,,10.0,2.0,8.0,6.0,,6.0,,2.0,2.0,2.0,3.0,1.0,10.0,2.0,2.0,,,8.0,2.0,7,10.0,10,1
2005-04-18,80517,,11,3,6020.0,14528210,CRRB,CARROLLTON BANCORP,CRRB,522110.0,Q,A,R,13085,3,6020.0,,,,60.0,602.0,,,,,,,-14.425,-0.005172,2850.0,1.0,,-41111.25,CRRB,10.0,,,,,1,10.0,1.0,7.0,,,,,7.0,3.0,2.0,,,,,,10.0,2.0,3.0,3.0,,3.0,,1.0,2.0,,,10.0,2.0,8.0,6.0,,6.0,,2.0,2.0,2.0,3.0,1.0,10.0,2.0,2.0,,,8.0,2.0,7,10.0,10,1
2005-04-19,80517,,11,3,6020.0,14528210,CRRB,CARROLLTON BANCORP,CRRB,522110.0,Q,A,R,13085,3,6020.0,,,,60.0,602.0,,,,,,,14.45,0.001733,2850.0,1.0,14.25,41182.5,CRRB,10.0,,,,,1,10.0,1.0,7.0,,,,,7.0,3.0,2.0,,,,,,10.0,2.0,3.0,3.0,,3.0,,1.0,2.0,,,10.0,2.0,8.0,6.0,,6.0,,2.0,2.0,2.0,3.0,1.0,10.0,2.0,2.0,,,8.0,2.0,7,10.0,10,1
2005-04-20,80517,,11,3,6020.0,14528210,CRRB,CARROLLTON BANCORP,CRRB,522110.0,Q,A,R,13085,3,6020.0,,,,60.0,602.0,,,,,,,-14.625,0.012111,2850.0,1.0,,-41681.25,CRRB,10.0,,,,,1,10.0,1.0,7.0,,,,,7.0,3.0,2.0,,,,,,10.0,2.0,3.0,3.0,,3.0,,1.0,2.0,,,10.0,2.0,8.0,6.0,,6.0,,2.0,2.0,2.0,3.0,1.0,10.0,2.0,2.0,,,8.0,2.0,7,10.0,10,1
2005-04-21,80517,,11,3,6020.0,14528210,CRRB,CARROLLTON BANCORP,CRRB,522110.0,Q,A,R,13085,3,6020.0,,,,60.0,602.0,,,,,,,14.25,-0.025641,2850.0,1.0,14.25,40612.5,CRRB,10.0,,,,,1,10.0,1.0,7.0,,,,,7.0,3.0,2.0,,,,,,10.0,2.0,3.0,3.0,,3.0,,1.0,2.0,,,10.0,2.0,8.0,6.0,,6.0,,2.0,2.0,2.0,3.0,1.0,10.0,2.0,2.0,,,8.0,2.0,7,10.0,10,1
2005-04-22,80517,,11,3,6020.0,14528210,CRRB,CARROLLTON BANCORP,CRRB,522110.0,Q,A,R,13085,3,6020.0,,,,60.0,602.0,,,,,,,-14.6,0.024561,2850.0,1.0,,-41610.0,CRRB,10.0,,,,,1,10.0,1.0,7.0,,,,,7.0,3.0,2.0,,,,,,10.0,2.0,3.0,3.0,,3.0,,1.0,2.0,,,10.0,2.0,8.0,6.0,,6.0,,2.0,2.0,2.0,3.0,1.0,10.0,2.0,2.0,,,8.0,2.0,7,10.0,10,1
2005-04-25,80517,,11,3,6020.0,14528210,CRRB,CARROLLTON BANCORP,CRRB,522110.0,Q,A,R,13085,3,6020.0,,,,60.0,602.0,,,,,,,14.25,-0.023973,2850.0,1.0,14.25,40612.5,CRRB,10.0,,,,,1,10.0,1.0,7.0,,,,,7.0,3.0,2.0,,,,,,10.0,2.0,3.0,3.0,,3.0,,1.0,2.0,,,10.0,2.0,8.0,6.0,,6.0,,2.0,2.0,2.0,3.0,1.0,10.0,2.0,2.0,,,8.0,2.0,7,10.0,10,1
2005-04-26,80517,,11,3,6020.0,14528210,CRRB,CARROLLTON BANCORP,CRRB,522110.0,Q,A,R,13085,3,6020.0,,,,60.0,602.0,,,,,,,-14.625,0.026316,2850.0,1.0,,-41681.25,CRRB,10.0,,,,,1,10.0,1.0,7.0,,,,,7.0,3.0,2.0,,,,,,10.0,2.0,3.0,3.0,,3.0,,1.0,2.0,,,10.0,2.0,8.0,6.0,,6.0,,2.0,2.0,2.0,3.0,1.0,10.0,2.0,2.0,,,8.0,2.0,7,10.0,10,1
2005-04-27,80517,,11,3,6020.0,14528210,CRRB,CARROLLTON BANCORP,CRRB,522110.0,Q,A,R,13085,3,6020.0,,,,60.0,602.0,,,,,,,15.0,0.025641,2850.0,1.0,15.0,42750.0,CRRB,10.0,,,,,1,10.0,1.0,7.0,,,,,7.0,3.0,2.0,,,,,,10.0,2.0,3.0,3.0,,3.0,,1.0,2.0,,,10.0,2.0,8.0,6.0,,6.0,,2.0,2.0,2.0,3.0,1.0,10.0,2.0,2.0,,,8.0,2.0,7,10.0,10,1
2005-04-28,80517,,11,3,6020.0,14528210,CRRB,CARROLLTON BANCORP,CRRB,522110.0,Q,A,R,13085,3,6020.0,,,,60.0,602.0,,,,,,,-15.25,0.016667,2850.0,1.0,,-43462.5,CRRB,10.0,,,,,1,10.0,1.0,7.0,,,,,7.0,3.0,2.0,,,,,,10.0,2.0,3.0,3.0,,3.0,,1.0,2.0,,,10.0,2.0,8.0,6.0,,6.0,,2.0,2.0,2.0,3.0,1.0,10.0,2.0,2.0,,,8.0,2.0,7,10.0,10,1
2005-04-29,80517,,11,3,6020.0,14528210,CRRB,CARROLLTON BANCORP,CRRB,522110.0,Q,A,R,13085,3,6020.0,,,,60.0,602.0,,,,,,,15.01,-0.015738,2850.0,1.0,15.0,42778.5,CRRB,10.0,,,,,1,10.0,1.0,7.0,,,,,7.0,3.0,2.0,,,,,,10.0,2.0,3.0,3.0,,3.0,,1.0,2.0,,,10.0,2.0,8.0,6.0,,6.0,,2.0,2.0,2.0,3.0,1.0,10.0,2.0,2.0,,,8.0,2.0,7,10.0,10,1
2005-05-02,80517,,11,3,6020.0,14528210,CRRB,CARROLLTON BANCORP,CRRB,522110.0,Q,A,R,13085,3,6020.0,,,,60.0,602.0,,,,,,,14.75,-0.017322,2850.0,1.0,14.85,42037.5,CRRB,10.0,,,,,1,10.0,1.0,7.0,,,,,7.0,3.0,2.0,,,,,,10.0,2.0,3.0,3.0,,3.0,,2.0,3.0,,,10.0,3.0,9.0,6.0,,6.0,,5.0,4.0,2.0,4.0,2.0,10.0,6.0,6.0,,,8.0,3.0,7,10.0,10,1
2005-05-03,80517,,11,3,6020.0,14528210,CRRB,CARROLLTON BANCORP,CRRB,522110.0,Q,A,R,13085,3,6020.0,,,,60.0,602.0,,,,,,,-14.765,0.001017,2850.0,1.0,,-42080.25,CRRB,10.0,,,,,1,10.0,1.0,7.0,,,,,7.0,3.0,2.0,,,,,,10.0,2.0,3.0,3.0,,3.0,,2.0,3.0,,,10.0,3.0,9.0,6.0,,6.0,,5.0,4.0,2.0,4.0,2.0,10.0,6.0,6.0,,,8.0,3.0,7,10.0,10,1
2005-05-04,80517,,11,3,6020.0,14528210,CRRB,CARROLLTON BANCORP,CRRB,522110.0,Q,A,R,13085,3,6020.0,,,,60.0,602.0,,,,,,,14.75,-0.001016,2850.0,1.0,14.78,42037.5,CRRB,10.0,,,,,1,10.0,1.0,7.0,,,,,7.0,3.0,2.0,,,,,,10.0,2.0,3.0,3.0,,3.0,,2.0,3.0,,,10.0,3.0,9.0,6.0,,6.0,,5.0,4.0,2.0,4.0,2.0,10.0,6.0,6.0,,,8.0,3.0,7,10.0,10,1
2005-05-05,80517,,11,3,6020.0,14528210,CRRB,CARROLLTON BANCORP,CRRB,522110.0,Q,A,R,13085,3,6020.0,,,,60.0,602.0,,,,,,,-14.94,0.012881,2850.0,1.0,,-42579.0,CRRB,10.0,,,,,1,10.0,1.0,7.0,,,,,7.0,3.0,2.0,,,,,,10.0,2.0,3.0,3.0,,3.0,,2.0,3.0,,,10.0,3.0,9.0,6.0,,6.0,,5.0,4.0,2.0,4.0,2.0,10.0,6.0,6.0,,,8.0,3.0,7,10.0,10,1
2005-05-06,80517,,11,3,6020.0,14528210,CRRB,CARROLLTON BANCORP,CRRB,522110.0,Q,A,R,13085,3,6020.0,,,,60.0,602.0,,,,,,,-14.94,0.0,2850.0,1.0,,-42579.0,CRRB,10.0,,,,,1,10.0,1.0,7.0,,,,,7.0,3.0,2.0,,,,,,10.0,2.0,3.0,3.0,,3.0,,2.0,3.0,,,10.0,3.0,9.0,6.0,,6.0,,5.0,4.0,2.0,4.0,2.0,10.0,6.0,6.0,,,8.0,3.0,7,10.0,10,1
2005-05-09,80517,,11,3,6020.0,14528210,CRRB,CARROLLTON BANCORP,CRRB,522110.0,Q,A,R,13085,3,6020.0,,,,60.0,602.0,,,,,,,-14.94,0.0,2850.0,1.0,,-42579.0,CRRB,10.0,,,,,1,10.0,1.0,7.0,,,,,7.0,3.0,2.0,,,,,,10.0,2.0,3.0,3.0,,3.0,,2.0,3.0,,,10.0,3.0,9.0,6.0,,6.0,,5.0,4.0,2.0,4.0,2.0,10.0,6.0,6.0,,,8.0,3.0,7,10.0,10,1
2005-05-10,80517,,11,3,6020.0,14528210,CRRB,CARROLLTON BANCORP,CRRB,522110.0,Q,A,R,13085,3,6020.0,,,,60.0,602.0,1232.0,0.1,0.0,,,,14.7,-0.009371,2850.0,1.0,14.7,41895.0,CRRB,10.0,,,,,1,10.0,1.0,7.0,,,,,7.0,3.0,2.0,,,,,,10.0,2.0,3.0,3.0,,3.0,,2.0,3.0,,,10.0,3.0,9.0,6.0,,6.0,,5.0,4.0,2.0,4.0,2.0,10.0,6.0,6.0,,,8.0,3.0,7,10.0,10,1
2005-05-11,80517,,11,3,6020.0,14528210,CRRB,CARROLLTON BANCORP,CRRB,522110.0,Q,A,R,13085,3,6020.0,,,,60.0,602.0,,,,,,,14.71,0.00068,2850.0,1.0,15.5,41923.5,CRRB,10.0,,,,,1,10.0,1.0,7.0,,,,,7.0,3.0,2.0,,,,,,10.0,2.0,3.0,3.0,,3.0,,2.0,3.0,,,10.0,3.0,9.0,6.0,,6.0,,5.0,4.0,2.0,4.0,2.0,10.0,6.0,6.0,,,8.0,3.0,7,10.0,10,1
2005-05-12,80517,,11,3,6020.0,14528210,CRRB,CARROLLTON BANCORP,CRRB,522110.0,Q,A,R,13085,3,6020.0,,,,60.0,602.0,,,,,,,14.75,0.002719,2850.0,1.0,14.75,42037.5,CRRB,10.0,,,,,1,10.0,1.0,7.0,,,,,7.0,3.0,2.0,,,,,,10.0,2.0,3.0,3.0,,3.0,,2.0,3.0,,,10.0,3.0,9.0,6.0,,6.0,,5.0,4.0,2.0,4.0,2.0,10.0,6.0,6.0,,,8.0,3.0,7,10.0,10,1
2005-05-13,80517,,11,3,6020.0,14528210,CRRB,CARROLLTON BANCORP,CRRB,522110.0,Q,A,R,13085,3,6020.0,,,,60.0,602.0,,,,,,,15.0,0.016949,2850.0,1.0,,42750.0,CRRB,10.0,,,,,1,10.0,1.0,7.0,,,,,7.0,3.0,2.0,,,,,,10.0,2.0,3.0,3.0,,3.0,,2.0,3.0,,,10.0,3.0,9.0,6.0,,6.0,,5.0,4.0,2.0,4.0,2.0,10.0,6.0,6.0,,,8.0,3.0,7,10.0,10,1
2005-05-16,80517,,11,3,6020.0,14528210,CRRB,CARROLLTON BANCORP,CRRB,522110.0,Q,A,R,13085,3,6020.0,,,,60.0,602.0,,,,,,,-15.37,0.024667,2850.0,1.0,,-43804.5,CRRB,10.0,,,,,1,10.0,1.0,7.0,,,,,7.0,3.0,2.0,,,,,,10.0,2.0,3.0,3.0,,3.0,,2.0,3.0,,,10.0,3.0,9.0,6.0,,6.0,,5.0,4.0,2.0,4.0,2.0,10.0,6.0,6.0,,,8.0,3.0,7,10.0,10,1
2005-05-17,80517,,11,3,6020.0,14528210,CRRB,CARROLLTON BANCORP,CRRB,522110.0,Q,A,R,13085,3,6020.0,,,,60.0,602.0,,,,,,,15.0,-0.024073,2850.0,1.0,15.0,42750.0,CRRB,10.0,,,,,1,10.0,1.0,7.0,,,,,7.0,3.0,2.0,,,,,,10.0,2.0,3.0,3.0,,3.0,,2.0,3.0,,,10.0,3.0,9.0,6.0,,6.0,,5.0,4.0,2.0,4.0,2.0,10.0,6.0,6.0,,,8.0,3.0,7,10.0,10,1
2005-05-18,80517,,11,3,6020.0,14528210,CRRB,CARROLLTON BANCORP,CRRB,522110.0,Q,A,R,13085,3,6020.0,,,,60.0,602.0,,,,,,,15.02,0.001333,2850.0,1.0,15.0,42807.0,CRRB,10.0,,,,,1,10.0,1.0,7.0,,,,,7.0,3.0,2.0,,,,,,10.0,2.0,3.0,3.0,,3.0,,2.0,3.0,,,10.0,3.0,9.0,6.0,,6.0,,5.0,4.0,2.0,4.0,2.0,10.0,6.0,6.0,,,8.0,3.0,7,10.0,10,1
2005-05-19,80517,,11,3,6020.0,14528210,CRRB,CARROLLTON BANCORP,CRRB,522110.0,Q,A,R,13085,3,6020.0,,,,60.0,602.0,,,,,,,14.85,-0.011318,2850.0,1.0,14.85,42322.5,CRRB,10.0,,,,,1,10.0,1.0,7.0,,,,,7.0,3.0,2.0,,,,,,10.0,2.0,3.0,3.0,,3.0,,2.0,3.0,,,10.0,3.0,9.0,6.0,,6.0,,5.0,4.0,2.0,4.0,2.0,10.0,6.0,6.0,,,8.0,3.0,7,10.0,10,1
2005-05-20,80517,,11,3,6020.0,14528210,CRRB,CARROLLTON BANCORP,CRRB,522110.0,Q,A,R,13085,3,6020.0,,,,60.0,602.0,,,,,,,-15.4,0.037037,2850.0,1.0,,-43890.0,CRRB,10.0,,,,,1,10.0,1.0,7.0,,,,,7.0,3.0,2.0,,,,,,10.0,2.0,3.0,3.0,,3.0,,2.0,3.0,,,10.0,3.0,9.0,6.0,,6.0,,5.0,4.0,2.0,4.0,2.0,10.0,6.0,6.0,,,8.0,3.0,7,10.0,10,1
2005-05-23,80517,,11,3,6020.0,14528210,CRRB,CARROLLTON BANCORP,CRRB,522110.0,Q,A,R,13085,3,6020.0,,,,60.0,602.0,,,,,,,-15.4,0.0,2850.0,1.0,,-43890.0,CRRB,10.0,,,,,1,10.0,1.0,7.0,,,,,7.0,3.0,2.0,,,,,,10.0,2.0,3.0,3.0,,3.0,,2.0,3.0,,,10.0,3.0,9.0,6.0,,6.0,,5.0,4.0,2.0,4.0,2.0,10.0,6.0,6.0,,,8.0,3.0,7,10.0,10,1
2005-05-24,80517,,11,3,6020.0,14528210,CRRB,CARROLLTON BANCORP,CRRB,522110.0,Q,A,R,13085,3,6020.0,,,,60.0,602.0,,,,,,,-15.4,0.0,2850.0,1.0,,-43890.0,CRRB,10.0,,,,,1,10.0,1.0,7.0,,,,,7.0,3.0,2.0,,,,,,10.0,2.0,3.0,3.0,,3.0,,2.0,3.0,,,10.0,3.0,9.0,6.0,,6.0,,5.0,4.0,2.0,4.0,2.0,10.0,6.0,6.0,,,8.0,3.0,7,10.0,10,1
2005-05-25,80517,,11,3,6020.0,14528210,CRRB,CARROLLTON BANCORP,CRRB,522110.0,Q,A,R,13085,3,6020.0,,,,60.0,602.0,,,,,,,14.85,-0.035714,2850.0,1.0,14.85,42322.5,CRRB,10.0,,,,,1,10.0,1.0,7.0,,,,,7.0,3.0,2.0,,,,,,10.0,2.0,3.0,3.0,,3.0,,2.0,3.0,,,10.0,3.0,9.0,6.0,,6.0,,5.0,4.0,2.0,4.0,2.0,10.0,6.0,6.0,,,8.0,3.0,7,10.0,10,1
2005-05-26,80517,,11,3,6020.0,14528210,CRRB,CARROLLTON BANCORP,CRRB,522110.0,Q,A,R,13085,3,6020.0,,,,60.0,602.0,,,,,,,-15.4,0.037037,2850.0,1.0,,-43890.0,CRRB,10.0,,,,,1,10.0,1.0,7.0,,,,,7.0,3.0,2.0,,,,,,10.0,2.0,3.0,3.0,,3.0,,2.0,3.0,,,10.0,3.0,9.0,6.0,,6.0,,5.0,4.0,2.0,4.0,2.0,10.0,6.0,6.0,,,8.0,3.0,7,10.0,10,1
2005-05-27,80517,,11,3,6020.0,14528210,CRRB,CARROLLTON BANCORP,CRRB,522110.0,Q,A,R,13085,3,6020.0,,,,60.0,602.0,,,,,,,-15.425,0.001623,2850.0,1.0,,-43961.25,CRRB,10.0,,,,,1,10.0,1.0,7.0,,,,,7.0,3.0,2.0,,,,,,10.0,2.0,3.0,3.0,,3.0,,2.0,3.0,,,10.0,3.0,9.0,6.0,,6.0,,5.0,4.0,2.0,4.0,2.0,10.0,6.0,6.0,,,8.0,3.0,7,10.0,10,1
2005-05-31,80517,,11,3,6020.0,14528210,CRRB,CARROLLTON BANCORP,CRRB,522110.0,Q,A,R,13085,3,6020.0,,,,60.0,602.0,,,,,,,14.88,-0.035332,2850.0,1.0,14.85,42408.0,CRRB,10.0,,,,,1,10.0,1.0,7.0,,,,,7.0,3.0,2.0,,,,,,10.0,2.0,3.0,3.0,,3.0,,2.0,3.0,,,10.0,3.0,9.0,6.0,,6.0,,5.0,4.0,2.0,4.0,2.0,10.0,6.0,6.0,,,8.0,3.0,7,10.0,10,1
2005-06-01,80517,,11,3,6020.0,14528210,CRRB,CARROLLTON BANCORP,CRRB,522110.0,Q,A,R,13085,3,6020.0,,,,60.0,602.0,,,,,,,14.85,-0.002016,2850.0,1.0,14.85,42322.5,CRRB,10.0,,,,,1,10.0,1.0,7.0,,,,,7.0,3.0,2.0,,,,,,10.0,2.0,3.0,3.0,,3.0,,3.0,3.0,,,10.0,3.0,9.0,6.0,,6.0,,4.0,4.0,2.0,8.0,3.0,10.0,8.0,7.0,,,9.0,2.0,7,10.0,10,1
2005-06-02,80517,,11,3,6020.0,14528210,CRRB,CARROLLTON BANCORP,CRRB,522110.0,Q,A,R,13085,3,6020.0,,,,60.0,602.0,,,,,,,14.85,0.0,2850.0,1.0,14.85,42322.5,CRRB,10.0,,,,,1,10.0,1.0,7.0,,,,,7.0,3.0,2.0,,,,,,10.0,2.0,3.0,3.0,,3.0,,3.0,3.0,,,10.0,3.0,9.0,6.0,,6.0,,4.0,4.0,2.0,8.0,3.0,10.0,8.0,7.0,,,9.0,2.0,7,10.0,10,1
2005-06-03,80517,,11,3,6020.0,14528210,CRRB,CARROLLTON BANCORP,CRRB,522110.0,Q,A,R,13085,3,6020.0,,,,60.0,602.0,,,,,,,-15.165,0.021212,2850.0,1.0,,-43220.25,CRRB,10.0,,,,,1,10.0,1.0,7.0,,,,,7.0,3.0,2.0,,,,,,10.0,2.0,3.0,3.0,,3.0,,3.0,3.0,,,10.0,3.0,9.0,6.0,,6.0,,4.0,4.0,2.0,8.0,3.0,10.0,8.0,7.0,,,9.0,2.0,7,10.0,10,1
2005-06-06,80517,,11,3,6020.0,14528210,CRRB,CARROLLTON BANCORP,CRRB,522110.0,Q,A,R,13085,3,6020.0,,,,60.0,602.0,,,,,,,14.85,-0.020771,2850.0,1.0,14.85,42322.5,CRRB,10.0,,,,,1,10.0,1.0,7.0,,,,,7.0,3.0,2.0,,,,,,10.0,2.0,3.0,3.0,,3.0,,3.0,3.0,,,10.0,3.0,9.0,6.0,,6.0,,4.0,4.0,2.0,8.0,3.0,10.0,8.0,7.0,,,9.0,2.0,7,10.0,10,1
2005-06-07,80517,,11,3,6020.0,14528210,CRRB,CARROLLTON BANCORP,CRRB,522110.0,Q,A,R,13085,3,6020.0,,,,60.0,602.0,,,,,,,-15.245,0.026599,2850.0,1.0,,-43448.25,CRRB,10.0,,,,,1,10.0,1.0,7.0,,,,,7.0,3.0,2.0,,,,,,10.0,2.0,3.0,3.0,,3.0,,3.0,3.0,,,10.0,3.0,9.0,6.0,,6.0,,4.0,4.0,2.0,8.0,3.0,10.0,8.0,7.0,,,9.0,2.0,7,10.0,10,1
2005-06-08,80517,,11,3,6020.0,14528210,CRRB,CARROLLTON BANCORP,CRRB,522110.0,Q,A,R,13085,3,6020.0,,,,60.0,602.0,,,,,,,14.85,-0.02591,2850.0,1.0,14.85,42322.5,CRRB,10.0,,,,,1,10.0,1.0,7.0,,,,,7.0,3.0,2.0,,,,,,10.0,2.0,3.0,3.0,,3.0,,3.0,3.0,,,10.0,3.0,9.0,6.0,,6.0,,4.0,4.0,2.0,8.0,3.0,10.0,8.0,7.0,,,9.0,2.0,7,10.0,10,1
2005-06-09,80517,,11,3,6020.0,14528210,CRRB,CARROLLTON BANCORP,CRRB,522110.0,Q,A,R,13085,3,6020.0,,,,60.0,602.0,,,,,,,14.85,0.0,2850.0,1.0,14.85,42322.5,CRRB,10.0,,,,,1,10.0,1.0,7.0,,,,,7.0,3.0,2.0,,,,,,10.0,2.0,3.0,3.0,,3.0,,3.0,3.0,,,10.0,3.0,9.0,6.0,,6.0,,4.0,4.0,2.0,8.0,3.0,10.0,8.0,7.0,,,9.0,2.0,7,10.0,10,1
2005-06-10,80517,,11,3,6020.0,14528210,CRRB,CARROLLTON BANCORP,CRRB,522110.0,Q,A,R,13085,3,6020.0,,,,60.0,602.0,,,,,,,-15.22,0.024916,2850.0,1.0,,-43377.0,CRRB,10.0,,,,,1,10.0,1.0,7.0,,,,,7.0,3.0,2.0,,,,,,10.0,2.0,3.0,3.0,,3.0,,3.0,3.0,,,10.0,3.0,9.0,6.0,,6.0,,4.0,4.0,2.0,8.0,3.0,10.0,8.0,7.0,,,9.0,2.0,7,10.0,10,1
2005-06-13,80517,,11,3,6020.0,14528210,CRRB,CARROLLTON BANCORP,CRRB,522110.0,Q,A,R,13085,3,6020.0,,,,60.0,602.0,,,,,,,-15.275,0.003614,2850.0,1.0,,-43533.75,CRRB,10.0,,,,,1,10.0,1.0,7.0,,,,,7.0,3.0,2.0,,,,,,10.0,2.0,3.0,3.0,,3.0,,3.0,3.0,,,10.0,3.0,9.0,6.0,,6.0,,4.0,4.0,2.0,8.0,3.0,10.0,8.0,7.0,,,9.0,2.0,7,10.0,10,1
2005-06-14,80517,,11,3,6020.0,14528210,CRRB,CARROLLTON BANCORP,CRRB,522110.0,Q,A,R,13085,3,6020.0,,,,60.0,602.0,,,,,,,-15.29,0.000982,2850.0,1.0,,-43576.5,CRRB,10.0,,,,,1,10.0,1.0,7.0,,,,,7.0,3.0,2.0,,,,,,10.0,2.0,3.0,3.0,,3.0,,3.0,3.0,,,10.0,3.0,9.0,6.0,,6.0,,4.0,4.0,2.0,8.0,3.0,10.0,8.0,7.0,,,9.0,2.0,7,10.0,10,1
2005-06-15,80517,,11,3,6020.0,14528210,CRRB,CARROLLTON BANCORP,CRRB,522110.0,Q,A,R,13085,3,6020.0,,,,60.0,602.0,,,,,,,-15.285,-0.000327,2850.0,1.0,,-43562.25,CRRB,10.0,,,,,1,10.0,1.0,7.0,,,,,7.0,3.0,2.0,,,,,,10.0,2.0,3.0,3.0,,3.0,,3.0,3.0,,,10.0,3.0,9.0,6.0,,6.0,,4.0,4.0,2.0,8.0,3.0,10.0,8.0,7.0,,,9.0,2.0,7,10.0,10,1
2005-06-16,80517,,11,3,6020.0,14528210,CRRB,CARROLLTON BANCORP,CRRB,522110.0,Q,A,R,13085,3,6020.0,,,,60.0,602.0,,,,,,,-15.27,-0.000981,2850.0,1.0,,-43519.5,CRRB,10.0,,,,,1,10.0,1.0,7.0,,,,,7.0,3.0,2.0,,,,,,10.0,2.0,3.0,3.0,,3.0,,3.0,3.0,,,10.0,3.0,9.0,6.0,,6.0,,4.0,4.0,2.0,8.0,3.0,10.0,8.0,7.0,,,9.0,2.0,7,10.0,10,1
2005-06-17,80517,,11,3,6020.0,14528210,CRRB,CARROLLTON BANCORP,CRRB,522110.0,Q,A,R,13085,3,6020.0,,,,60.0,602.0,,,,,,,-15.295,0.001637,2850.0,1.0,,-43590.75,CRRB,10.0,,,,,1,10.0,1.0,7.0,,,,,7.0,3.0,2.0,,,,,,10.0,2.0,3.0,3.0,,3.0,,3.0,3.0,,,10.0,3.0,9.0,6.0,,6.0,,4.0,4.0,2.0,8.0,3.0,10.0,8.0,7.0,,,9.0,2.0,7,10.0,10,1
2005-06-20,80517,,11,3,6020.0,14528210,CRRB,CARROLLTON BANCORP,CRRB,522110.0,Q,A,R,13085,3,6020.0,,,,60.0,602.0,,,,,,,-15.25,-0.002942,2850.0,1.0,,-43462.5,CRRB,10.0,,,,,1,10.0,1.0,7.0,,,,,7.0,3.0,2.0,,,,,,10.0,2.0,3.0,3.0,,3.0,,3.0,3.0,,,10.0,3.0,9.0,6.0,,6.0,,4.0,4.0,2.0,8.0,3.0,10.0,8.0,7.0,,,9.0,2.0,7,10.0,10,1
2005-06-21,80517,,11,3,6020.0,14528210,CRRB,CARROLLTON BANCORP,CRRB,522110.0,Q,A,R,13085,3,6020.0,,,,60.0,602.0,,,,,,,14.85,-0.026229,2850.0,1.0,14.85,42322.5,CRRB,10.0,,,,,1,10.0,1.0,7.0,,,,,7.0,3.0,2.0,,,,,,10.0,2.0,3.0,3.0,,3.0,,3.0,3.0,,,10.0,3.0,9.0,6.0,,6.0,,4.0,4.0,2.0,8.0,3.0,10.0,8.0,7.0,,,9.0,2.0,7,10.0,10,1
2005-06-22,80517,,11,3,6020.0,14528210,CRRB,CARROLLTON BANCORP,CRRB,522110.0,Q,A,R,13085,3,6020.0,,,,60.0,602.0,,,,,,,-14.925,0.00505,2850.0,1.0,,-42536.25,CRRB,10.0,,,,,1,10.0,1.0,7.0,,,,,7.0,3.0,2.0,,,,,,10.0,2.0,3.0,3.0,,3.0,,3.0,3.0,,,10.0,3.0,9.0,6.0,,6.0,,4.0,4.0,2.0,8.0,3.0,10.0,8.0,7.0,,,9.0,2.0,7,10.0,10,1
2005-06-23,80517,,11,3,6020.0,14528210,CRRB,CARROLLTON BANCORP,CRRB,522110.0,Q,A,R,13085,3,6020.0,,,,60.0,602.0,,,,,,,14.8,-0.008375,2850.0,1.0,14.85,42180.0,CRRB,10.0,,,,,1,10.0,1.0,7.0,,,,,7.0,3.0,2.0,,,,,,10.0,2.0,3.0,3.0,,3.0,,3.0,3.0,,,10.0,3.0,9.0,6.0,,6.0,,4.0,4.0,2.0,8.0,3.0,10.0,8.0,7.0,,,9.0,2.0,7,10.0,10,1
2005-06-24,80517,,11,3,6020.0,14528210,CRRB,CARROLLTON BANCORP,CRRB,522110.0,Q,A,R,13085,3,6020.0,,,,60.0,602.0,,,,,,,14.75,-0.003378,2850.0,1.0,14.75,42037.5,CRRB,10.0,,,,,1,10.0,1.0,7.0,,,,,7.0,3.0,2.0,,,,,,10.0,2.0,3.0,3.0,,3.0,,3.0,3.0,,,10.0,3.0,9.0,6.0,,6.0,,4.0,4.0,2.0,8.0,3.0,10.0,8.0,7.0,,,9.0,2.0,7,10.0,10,1
2005-06-27,80517,,11,3,6020.0,14528210,CRRB,CARROLLTON BANCORP,CRRB,522110.0,Q,A,R,13085,3,6020.0,,,,60.0,602.0,,,,,,,14.8,0.00339,2850.0,1.0,14.8,42180.0,CRRB,10.0,,,,,1,10.0,1.0,7.0,,,,,7.0,3.0,2.0,,,,,,10.0,2.0,3.0,3.0,,3.0,,3.0,3.0,,,10.0,3.0,9.0,6.0,,6.0,,4.0,4.0,2.0,8.0,3.0,10.0,8.0,7.0,,,9.0,2.0,7,10.0,10,1
2005-06-28,80517,,11,3,6020.0,14528210,CRRB,CARROLLTON BANCORP,CRRB,522110.0,Q,A,R,13085,3,6020.0,,,,60.0,602.0,,,,,,,-15.14,0.022973,2850.0,1.0,,-43149.0,CRRB,10.0,,,,,1,10.0,1.0,7.0,,,,,7.0,3.0,2.0,,,,,,10.0,2.0,3.0,3.0,,3.0,,3.0,3.0,,,10.0,3.0,9.0,6.0,,6.0,,4.0,4.0,2.0,8.0,3.0,10.0,8.0,7.0,,,9.0,2.0,7,10.0,10,1
2005-06-29,80517,,11,3,6020.0,14528210,CRRB,CARROLLTON BANCORP,CRRB,522110.0,Q,A,R,13085,3,6020.0,,,,60.0,602.0,,,,,,,15.0,-0.009247,2850.0,1.0,15.0,42750.0,CRRB,10.0,,,,,1,10.0,1.0,7.0,,,,,7.0,3.0,2.0,,,,,,10.0,2.0,3.0,3.0,,3.0,,3.0,3.0,,,10.0,3.0,9.0,6.0,,6.0,,4.0,4.0,2.0,8.0,3.0,10.0,8.0,7.0,,,9.0,2.0,7,10.0,10,1
2005-06-30,80517,,11,3,6020.0,14528210,CRRB,CARROLLTON BANCORP,CRRB,522110.0,Q,A,R,13085,3,6020.0,,,,60.0,602.0,,,,,,,-14.85,-0.01,2850.0,1.0,,-42322.5,CRRB,10.0,,,,,1,10.0,1.0,7.0,,,,,7.0,3.0,2.0,,,,,,10.0,2.0,3.0,3.0,,3.0,,3.0,3.0,,,10.0,3.0,9.0,6.0,,6.0,,4.0,4.0,2.0,8.0,3.0,10.0,8.0,7.0,,,9.0,2.0,7,10.0,10,1
2005-07-01,80517,,11,3,6020.0,14528210,CRRB,CARROLLTON BANCORP,CRRB,522110.0,Q,A,R,13085,3,6020.0,,,,60.0,602.0,,,,,,,-14.75,-0.006734,2850.0,1.0,,-42037.5,CRRB,10.0,,,,,1,10.0,10.0,6.0,,,,,7.0,2.0,2.0,,,,,,10.0,2.0,2.0,3.0,,5.0,,3.0,4.0,,,10.0,3.0,9.0,7.0,,6.0,,3.0,4.0,2.0,8.0,3.0,10.0,6.0,7.0,,,7.0,2.0,7,10.0,10,1
2005-07-05,80517,,11,3,6020.0,14528210,CRRB,CARROLLTON BANCORP,CRRB,522110.0,Q,A,R,13085,3,6020.0,,,,60.0,602.0,,,,,,,14.7,-0.00339,2850.0,1.0,14.75,41895.0,CRRB,10.0,,,,,1,10.0,10.0,6.0,,,,,7.0,2.0,2.0,,,,,,10.0,2.0,2.0,3.0,,5.0,,3.0,4.0,,,10.0,3.0,9.0,7.0,,6.0,,3.0,4.0,2.0,8.0,3.0,10.0,6.0,7.0,,,7.0,2.0,7,10.0,10,1
2005-07-06,80517,,11,3,6020.0,14528210,CRRB,CARROLLTON BANCORP,CRRB,522110.0,Q,A,R,13085,3,6020.0,,,,60.0,602.0,,,,,,,-14.75,0.003401,2850.0,1.0,,-42037.5,CRRB,10.0,,,,,1,10.0,10.0,6.0,,,,,7.0,2.0,2.0,,,,,,10.0,2.0,2.0,3.0,,5.0,,3.0,4.0,,,10.0,3.0,9.0,7.0,,6.0,,3.0,4.0,2.0,8.0,3.0,10.0,6.0,7.0,,,7.0,2.0,7,10.0,10,1
2005-07-07,80517,,11,3,6020.0,14528210,CRRB,CARROLLTON BANCORP,CRRB,522110.0,Q,A,R,13085,3,6020.0,,,,60.0,602.0,,,,,,,14.54,-0.014237,2850.0,1.0,14.8,41439.0,CRRB,10.0,,,,,1,10.0,10.0,6.0,,,,,7.0,2.0,2.0,,,,,,10.0,2.0,2.0,3.0,,5.0,,3.0,4.0,,,10.0,3.0,9.0,7.0,,6.0,,3.0,4.0,2.0,8.0,3.0,10.0,6.0,7.0,,,7.0,2.0,7,10.0,10,1
2005-07-08,80517,,11,3,6020.0,14528210,CRRB,CARROLLTON BANCORP,CRRB,522110.0,Q,A,R,13085,3,6020.0,,,,60.0,602.0,,,,,,,14.71,0.011692,2850.0,1.0,14.7,41923.5,CRRB,10.0,,,,,1,10.0,10.0,6.0,,,,,7.0,2.0,2.0,,,,,,10.0,2.0,2.0,3.0,,5.0,,3.0,4.0,,,10.0,3.0,9.0,7.0,,6.0,,3.0,4.0,2.0,8.0,3.0,10.0,6.0,7.0,,,7.0,2.0,7,10.0,10,1
2005-07-11,80517,,11,3,6020.0,14528210,CRRB,CARROLLTON BANCORP,CRRB,522110.0,Q,A,R,13085,3,6020.0,,,,60.0,602.0,,,,,,,14.7,-0.00068,2850.0,1.0,14.77,41895.0,CRRB,10.0,,,,,1,10.0,10.0,6.0,,,,,7.0,2.0,2.0,,,,,,10.0,2.0,2.0,3.0,,5.0,,3.0,4.0,,,10.0,3.0,9.0,7.0,,6.0,,3.0,4.0,2.0,8.0,3.0,10.0,6.0,7.0,,,7.0,2.0,7,10.0,10,1
2005-07-12,80517,,11,3,6020.0,14528210,CRRB,CARROLLTON BANCORP,CRRB,522110.0,Q,A,R,13085,3,6020.0,,,,60.0,602.0,,,,,,,14.8,0.006803,2850.0,1.0,14.8,42180.0,CRRB,10.0,,,,,1,10.0,10.0,6.0,,,,,7.0,2.0,2.0,,,,,,10.0,2.0,2.0,3.0,,5.0,,3.0,4.0,,,10.0,3.0,9.0,7.0,,6.0,,3.0,4.0,2.0,8.0,3.0,10.0,6.0,7.0,,,7.0,2.0,7,10.0,10,1
2005-07-13,80517,,11,3,6020.0,14528210,CRRB,CARROLLTON BANCORP,CRRB,522110.0,Q,A,R,13085,3,6020.0,,,,60.0,602.0,,,,,,,14.85,0.003378,2850.0,1.0,14.7,42322.5,CRRB,10.0,,,,,1,10.0,10.0,6.0,,,,,7.0,2.0,2.0,,,,,,10.0,2.0,2.0,3.0,,5.0,,3.0,4.0,,,10.0,3.0,9.0,7.0,,6.0,,3.0,4.0,2.0,8.0,3.0,10.0,6.0,7.0,,,7.0,2.0,7,10.0,10,1
2005-07-14,80517,,11,3,6020.0,14528210,CRRB,CARROLLTON BANCORP,CRRB,522110.0,Q,A,R,13085,3,6020.0,,,,60.0,602.0,,,,,,,-14.75,-0.006734,2850.0,1.0,,-42037.5,CRRB,10.0,,,,,1,10.0,10.0,6.0,,,,,7.0,2.0,2.0,,,,,,10.0,2.0,2.0,3.0,,5.0,,3.0,4.0,,,10.0,3.0,9.0,7.0,,6.0,,3.0,4.0,2.0,8.0,3.0,10.0,6.0,7.0,,,7.0,2.0,7,10.0,10,1
2005-07-15,80517,,11,3,6020.0,14528210,CRRB,CARROLLTON BANCORP,CRRB,522110.0,Q,A,R,13085,3,6020.0,,,,60.0,602.0,,,,,,,14.7,-0.00339,2850.0,1.0,14.8,41895.0,CRRB,10.0,,,,,1,10.0,10.0,6.0,,,,,7.0,2.0,2.0,,,,,,10.0,2.0,2.0,3.0,,5.0,,3.0,4.0,,,10.0,3.0,9.0,7.0,,6.0,,3.0,4.0,2.0,8.0,3.0,10.0,6.0,7.0,,,7.0,2.0,7,10.0,10,1
2005-07-18,80517,,11,3,6020.0,14528210,CRRB,CARROLLTON BANCORP,CRRB,522110.0,Q,A,R,13085,3,6020.0,,,,60.0,602.0,,,,,,,14.7,0.0,2850.0,1.0,14.7,41895.0,CRRB,10.0,,,,,1,10.0,10.0,6.0,,,,,7.0,2.0,2.0,,,,,,10.0,2.0,2.0,3.0,,5.0,,3.0,4.0,,,10.0,3.0,9.0,7.0,,6.0,,3.0,4.0,2.0,8.0,3.0,10.0,6.0,7.0,,,7.0,2.0,7,10.0,10,1
2005-07-19,80517,,11,3,6020.0,14528210,CRRB,CARROLLTON BANCORP,CRRB,522110.0,Q,A,R,13085,3,6020.0,,,,60.0,602.0,,,,,,,14.7,0.0,2850.0,1.0,14.7,41895.0,CRRB,10.0,,,,,1,10.0,10.0,6.0,,,,,7.0,2.0,2.0,,,,,,10.0,2.0,2.0,3.0,,5.0,,3.0,4.0,,,10.0,3.0,9.0,7.0,,6.0,,3.0,4.0,2.0,8.0,3.0,10.0,6.0,7.0,,,7.0,2.0,7,10.0,10,1
2005-07-20,80517,,11,3,6020.0,14528210,CRRB,CARROLLTON BANCORP,CRRB,522110.0,Q,A,R,13085,3,6020.0,,,,60.0,602.0,,,,,,,-14.75,0.003401,2850.0,1.0,,-42037.5,CRRB,10.0,,,,,1,10.0,10.0,6.0,,,,,7.0,2.0,2.0,,,,,,10.0,2.0,2.0,3.0,,5.0,,3.0,4.0,,,10.0,3.0,9.0,7.0,,6.0,,3.0,4.0,2.0,8.0,3.0,10.0,6.0,7.0,,,7.0,2.0,7,10.0,10,1
2005-07-21,80517,,11,3,6020.0,14528210,CRRB,CARROLLTON BANCORP,CRRB,522110.0,Q,A,R,13085,3,6020.0,,,,60.0,602.0,,,,,,,-14.75,0.0,2850.0,1.0,,-42037.5,CRRB,10.0,,,,,1,10.0,10.0,6.0,,,,,7.0,2.0,2.0,,,,,,10.0,2.0,2.0,3.0,,5.0,,3.0,4.0,,,10.0,3.0,9.0,7.0,,6.0,,3.0,4.0,2.0,8.0,3.0,10.0,6.0,7.0,,,7.0,2.0,7,10.0,10,1
2005-07-22,80517,,11,3,6020.0,14528210,CRRB,CARROLLTON BANCORP,CRRB,522110.0,Q,A,R,13085,3,6020.0,,,,60.0,602.0,,,,,,,15.5,0.050847,2850.0,1.0,15.5,44175.0,CRRB,10.0,,,,,1,10.0,10.0,6.0,,,,,7.0,2.0,2.0,,,,,,10.0,2.0,2.0,3.0,,5.0,,3.0,4.0,,,10.0,3.0,9.0,7.0,,6.0,,3.0,4.0,2.0,8.0,3.0,10.0,6.0,7.0,,,7.0,2.0,7,10.0,10,1
2005-07-25,80517,,11,3,6020.0,14528210,CRRB,CARROLLTON BANCORP,CRRB,522110.0,Q,A,R,13085,3,6020.0,,,,60.0,602.0,,,,,,,14.7,-0.051613,2850.0,1.0,14.7,41895.0,CRRB,10.0,,,,,1,10.0,10.0,6.0,,,,,7.0,2.0,2.0,,,,,,10.0,2.0,2.0,3.0,,5.0,,3.0,4.0,,,10.0,3.0,9.0,7.0,,6.0,,3.0,4.0,2.0,8.0,3.0,10.0,6.0,7.0,,,7.0,2.0,7,10.0,10,1
2005-07-26,80517,,11,3,6020.0,14528210,CRRB,CARROLLTON BANCORP,CRRB,522110.0,Q,A,R,13085,3,6020.0,,,,60.0,602.0,,,,,,,14.7,0.0,2850.0,1.0,14.7,41895.0,CRRB,10.0,,,,,1,10.0,10.0,6.0,,,,,7.0,2.0,2.0,,,,,,10.0,2.0,2.0,3.0,,5.0,,3.0,4.0,,,10.0,3.0,9.0,7.0,,6.0,,3.0,4.0,2.0,8.0,3.0,10.0,6.0,7.0,,,7.0,2.0,7,10.0,10,1
2005-07-27,80517,,11,3,6020.0,14528210,CRRB,CARROLLTON BANCORP,CRRB,522110.0,Q,A,R,13085,3,6020.0,,,,60.0,602.0,,,,,,,15.4,0.047619,2850.0,1.0,14.75,43890.0,CRRB,10.0,,,,,1,10.0,10.0,6.0,,,,,7.0,2.0,2.0,,,,,,10.0,2.0,2.0,3.0,,5.0,,3.0,4.0,,,10.0,3.0,9.0,7.0,,6.0,,3.0,4.0,2.0,8.0,3.0,10.0,6.0,7.0,,,7.0,2.0,7,10.0,10,1
2005-07-28,80517,,11,3,6020.0,14528210,CRRB,CARROLLTON BANCORP,CRRB,522110.0,Q,A,R,13085,3,6020.0,,,,60.0,602.0,,,,,,,15.12,-0.018182,2850.0,1.0,15.12,43092.0,CRRB,10.0,,,,,1,10.0,10.0,6.0,,,,,7.0,2.0,2.0,,,,,,10.0,2.0,2.0,3.0,,5.0,,3.0,4.0,,,10.0,3.0,9.0,7.0,,6.0,,3.0,4.0,2.0,8.0,3.0,10.0,6.0,7.0,,,7.0,2.0,7,10.0,10,1
2005-07-29,80517,,11,3,6020.0,14528210,CRRB,CARROLLTON BANCORP,CRRB,522110.0,Q,A,R,13085,3,6020.0,,,,60.0,602.0,,,,,,,15.1,-0.001323,2850.0,1.0,15.25,43035.0,CRRB,10.0,,,,,1,10.0,10.0,6.0,,,,,7.0,2.0,2.0,,,,,,10.0,2.0,2.0,3.0,,5.0,,3.0,4.0,,,10.0,3.0,9.0,7.0,,6.0,,3.0,4.0,2.0,8.0,3.0,10.0,6.0,7.0,,,7.0,2.0,7,10.0,10,1
2005-08-01,80517,,11,3,6020.0,14528210,CRRB,CARROLLTON BANCORP,CRRB,522110.0,Q,A,R,13085,3,6020.0,,,,60.0,602.0,,,,,,,14.7,-0.02649,2850.0,1.0,15.1,41895.0,CRRB,10.0,,,,,1,10.0,10.0,6.0,,,,,7.0,2.0,2.0,,,,,,10.0,2.0,2.0,3.0,,5.0,,2.0,3.0,,,10.0,2.0,9.0,6.0,,6.0,,,,,7.0,3.0,10.0,6.0,5.0,,,7.0,2.0,7,10.0,10,1
2005-08-02,80517,,11,3,6020.0,14528210,CRRB,CARROLLTON BANCORP,CRRB,522110.0,Q,A,R,13085,3,6020.0,,,,60.0,602.0,,,,,,,15.0,0.020408,2850.0,1.0,14.9,42750.0,CRRB,10.0,,,,,1,10.0,10.0,6.0,,,,,7.0,2.0,2.0,,,,,,10.0,2.0,2.0,3.0,,5.0,,2.0,3.0,,,10.0,2.0,9.0,6.0,,6.0,,,,,7.0,3.0,10.0,6.0,5.0,,,7.0,2.0,7,10.0,10,1
2005-08-03,80517,,11,3,6020.0,14528210,CRRB,CARROLLTON BANCORP,CRRB,522110.0,Q,A,R,13085,3,6020.0,,,,60.0,602.0,,,,,,,15.61,0.040667,2850.0,1.0,15.0,44488.5,CRRB,10.0,,,,,1,10.0,10.0,6.0,,,,,7.0,2.0,2.0,,,,,,10.0,2.0,2.0,3.0,,5.0,,2.0,3.0,,,10.0,2.0,9.0,6.0,,6.0,,,,,7.0,3.0,10.0,6.0,5.0,,,7.0,2.0,7,10.0,10,1
2005-08-04,80517,,11,3,6020.0,14528210,CRRB,CARROLLTON BANCORP,CRRB,522110.0,Q,A,R,13085,3,6020.0,,,,60.0,602.0,,,,,,,15.4,-0.013453,2850.0,1.0,15.884,43890.0,CRRB,10.0,,,,,1,10.0,10.0,6.0,,,,,7.0,2.0,2.0,,,,,,10.0,2.0,2.0,3.0,,5.0,,2.0,3.0,,,10.0,2.0,9.0,6.0,,6.0,,,,,7.0,3.0,10.0,6.0,5.0,,,7.0,2.0,7,10.0,10,1
2005-08-05,80517,,11,3,6020.0,14528210,CRRB,CARROLLTON BANCORP,CRRB,522110.0,Q,A,R,13085,3,6020.0,,,,60.0,602.0,,,,,,,15.46,0.003896,2808.0,1.0,14.91,43411.68,CRRB,10.0,,,,,1,10.0,10.0,6.0,,,,,7.0,2.0,2.0,,,,,,10.0,2.0,2.0,3.0,,5.0,,2.0,3.0,,,10.0,2.0,9.0,6.0,,6.0,,,,,7.0,3.0,10.0,6.0,5.0,,,7.0,2.0,7,10.0,10,1
2005-08-08,80517,,11,3,6020.0,14528210,CRRB,CARROLLTON BANCORP,CRRB,522110.0,Q,A,R,13085,3,6020.0,,,,60.0,602.0,,,,,,,15.846,0.024968,2808.0,1.0,15.65,44495.568,CRRB,10.0,,,,,1,10.0,10.0,6.0,,,,,7.0,2.0,2.0,,,,,,10.0,2.0,2.0,3.0,,5.0,,2.0,3.0,,,10.0,2.0,9.0,6.0,,6.0,,,,,7.0,3.0,10.0,6.0,5.0,,,7.0,2.0,7,10.0,10,1
2005-08-09,80517,,11,3,6020.0,14528210,CRRB,CARROLLTON BANCORP,CRRB,522110.0,Q,A,R,13085,3,6020.0,,,,60.0,602.0,,,,,,,15.652,-0.012243,2808.0,1.0,16.0,43950.816,CRRB,10.0,,,,,1,10.0,10.0,6.0,,,,,7.0,2.0,2.0,,,,,,10.0,2.0,2.0,3.0,,5.0,,2.0,3.0,,,10.0,2.0,9.0,6.0,,6.0,,,,,7.0,3.0,10.0,6.0,5.0,,,7.0,2.0,7,10.0,10,1
2005-08-10,80517,,11,3,6020.0,14528210,CRRB,CARROLLTON BANCORP,CRRB,522110.0,Q,A,R,13085,3,6020.0,,,,60.0,602.0,1232.0,0.1,0.0,,,,15.5,-0.003322,2808.0,1.0,15.5,43524.0,CRRB,10.0,,,,,1,10.0,10.0,6.0,,,,,7.0,2.0,2.0,,,,,,10.0,2.0,2.0,3.0,,5.0,,2.0,3.0,,,10.0,2.0,9.0,6.0,,6.0,,,,,7.0,3.0,10.0,6.0,5.0,,,7.0,2.0,7,10.0,10,1
2005-08-11,80517,,11,3,6020.0,14528210,CRRB,CARROLLTON BANCORP,CRRB,522110.0,Q,A,R,13085,3,6020.0,,,,60.0,602.0,,,,,,,15.25,-0.016129,2808.0,1.0,15.25,42822.0,CRRB,10.0,,,,,1,10.0,10.0,6.0,,,,,7.0,2.0,2.0,,,,,,10.0,2.0,2.0,3.0,,5.0,,2.0,3.0,,,10.0,2.0,9.0,6.0,,6.0,,,,,7.0,3.0,10.0,6.0,5.0,,,7.0,2.0,7,10.0,10,1
2005-08-12,80517,,11,3,6020.0,14528210,CRRB,CARROLLTON BANCORP,CRRB,522110.0,Q,A,R,13085,3,6020.0,,,,60.0,602.0,,,,,,,15.34,0.005902,2808.0,1.0,15.25,43074.72,CRRB,10.0,,,,,1,10.0,10.0,6.0,,,,,7.0,2.0,2.0,,,,,,10.0,2.0,2.0,3.0,,5.0,,2.0,3.0,,,10.0,2.0,9.0,6.0,,6.0,,,,,7.0,3.0,10.0,6.0,5.0,,,7.0,2.0,7,10.0,10,1
2005-08-15,80517,,11,3,6020.0,14528210,CRRB,CARROLLTON BANCORP,CRRB,522110.0,Q,A,R,13085,3,6020.0,,,,60.0,602.0,,,,,,,15.25,-0.005867,2808.0,1.0,15.25,42822.0,CRRB,10.0,,,,,1,10.0,10.0,6.0,,,,,7.0,2.0,2.0,,,,,,10.0,2.0,2.0,3.0,,5.0,,2.0,3.0,,,10.0,2.0,9.0,6.0,,6.0,,,,,7.0,3.0,10.0,6.0,5.0,,,7.0,2.0,7,10.0,10,1
2005-08-16,80517,,11,3,6020.0,14528210,CRRB,CARROLLTON BANCORP,CRRB,522110.0,Q,A,R,13085,3,6020.0,,,,60.0,602.0,,,,,,,-15.355,0.006885,2808.0,1.0,,-43116.84,CRRB,10.0,,,,,1,10.0,10.0,6.0,,,,,7.0,2.0,2.0,,,,,,10.0,2.0,2.0,3.0,,5.0,,2.0,3.0,,,10.0,2.0,9.0,6.0,,6.0,,,,,7.0,3.0,10.0,6.0,5.0,,,7.0,2.0,7,10.0,10,1
2005-08-17,80517,,11,3,6020.0,14528210,CRRB,CARROLLTON BANCORP,CRRB,522110.0,Q,A,R,13085,3,6020.0,,,,60.0,602.0,,,,,,,15.26,-0.006187,2808.0,1.0,15.2501,42850.08,CRRB,10.0,,,,,1,10.0,10.0,6.0,,,,,7.0,2.0,2.0,,,,,,10.0,2.0,2.0,3.0,,5.0,,2.0,3.0,,,10.0,2.0,9.0,6.0,,6.0,,,,,7.0,3.0,10.0,6.0,5.0,,,7.0,2.0,7,10.0,10,1
2005-08-18,80517,,11,3,6020.0,14528210,CRRB,CARROLLTON BANCORP,CRRB,522110.0,Q,A,R,13085,3,6020.0,,,,60.0,602.0,,,,,,,15.25,-0.000655,2808.0,1.0,15.925,42822.0,CRRB,10.0,,,,,1,10.0,10.0,6.0,,,,,7.0,2.0,2.0,,,,,,10.0,2.0,2.0,3.0,,5.0,,2.0,3.0,,,10.0,2.0,9.0,6.0,,6.0,,,,,7.0,3.0,10.0,6.0,5.0,,,7.0,2.0,7,10.0,10,1
2005-08-19,80517,,11,3,6020.0,14528210,CRRB,CARROLLTON BANCORP,CRRB,522110.0,Q,A,R,13085,3,6020.0,,,,60.0,602.0,,,,,,,15.844,0.038951,2808.0,1.0,15.25,44489.952,CRRB,10.0,,,,,1,10.0,10.0,6.0,,,,,7.0,2.0,2.0,,,,,,10.0,2.0,2.0,3.0,,5.0,,2.0,3.0,,,10.0,2.0,9.0,6.0,,6.0,,,,,7.0,3.0,10.0,6.0,5.0,,,7.0,2.0,7,10.0,10,1
2005-08-22,80517,,11,3,6020.0,14528210,CRRB,CARROLLTON BANCORP,CRRB,522110.0,Q,A,R,13085,3,6020.0,,,,60.0,602.0,,,,,,,15.75,-0.005933,2808.0,1.0,15.75,44226.0,CRRB,10.0,,,,,1,10.0,10.0,6.0,,,,,7.0,2.0,2.0,,,,,,10.0,2.0,2.0,3.0,,5.0,,2.0,3.0,,,10.0,2.0,9.0,6.0,,6.0,,,,,7.0,3.0,10.0,6.0,5.0,,,7.0,2.0,7,10.0,10,1
2005-08-23,80517,,11,3,6020.0,14528210,CRRB,CARROLLTON BANCORP,CRRB,522110.0,Q,A,R,13085,3,6020.0,,,,60.0,602.0,,,,,,,-15.475,-0.01746,2808.0,1.0,,-43453.8,CRRB,10.0,,,,,1,10.0,10.0,6.0,,,,,7.0,2.0,2.0,,,,,,10.0,2.0,2.0,3.0,,5.0,,2.0,3.0,,,10.0,2.0,9.0,6.0,,6.0,,,,,7.0,3.0,10.0,6.0,5.0,,,7.0,2.0,7,10.0,10,1
2005-08-24,80517,,11,3,6020.0,14528210,CRRB,CARROLLTON BANCORP,CRRB,522110.0,Q,A,R,13085,3,6020.0,,,,60.0,602.0,,,,,,,-15.485,0.000646,2808.0,1.0,,-43481.88,CRRB,10.0,,,,,1,10.0,10.0,6.0,,,,,7.0,2.0,2.0,,,,,,10.0,2.0,2.0,3.0,,5.0,,2.0,3.0,,,10.0,2.0,9.0,6.0,,6.0,,,,,7.0,3.0,10.0,6.0,5.0,,,7.0,2.0,7,10.0,10,1
2005-08-25,80517,,11,3,6020.0,14528210,CRRB,CARROLLTON BANCORP,CRRB,522110.0,Q,A,R,13085,3,6020.0,,,,60.0,602.0,,,,,,,15.7,0.013884,2808.0,1.0,15.7,44085.6,CRRB,10.0,,,,,1,10.0,10.0,6.0,,,,,7.0,2.0,2.0,,,,,,10.0,2.0,2.0,3.0,,5.0,,2.0,3.0,,,10.0,2.0,9.0,6.0,,6.0,,,,,7.0,3.0,10.0,6.0,5.0,,,7.0,2.0,7,10.0,10,1
2005-08-26,80517,,11,3,6020.0,14528210,CRRB,CARROLLTON BANCORP,CRRB,522110.0,Q,A,R,13085,3,6020.0,,,,60.0,602.0,,,,,,,15.25,-0.028662,2808.0,1.0,15.25,42822.0,CRRB,10.0,,,,,1,10.0,10.0,6.0,,,,,7.0,2.0,2.0,,,,,,10.0,2.0,2.0,3.0,,5.0,,2.0,3.0,,,10.0,2.0,9.0,6.0,,6.0,,,,,7.0,3.0,10.0,6.0,5.0,,,7.0,2.0,7,10.0,10,1
2005-08-29,80517,,11,3,6020.0,14528210,CRRB,CARROLLTON BANCORP,CRRB,522110.0,Q,A,R,13085,3,6020.0,,,,60.0,602.0,,,,,,,15.46,0.01377,2808.0,1.0,15.25,43411.68,CRRB,10.0,,,,,1,10.0,10.0,6.0,,,,,7.0,2.0,2.0,,,,,,10.0,2.0,2.0,3.0,,5.0,,2.0,3.0,,,10.0,2.0,9.0,6.0,,6.0,,,,,7.0,3.0,10.0,6.0,5.0,,,7.0,2.0,7,10.0,10,1
2005-08-30,80517,,11,3,6020.0,14528210,CRRB,CARROLLTON BANCORP,CRRB,522110.0,Q,A,R,13085,3,6020.0,,,,60.0,602.0,,,,,,,15.25,-0.013583,2808.0,1.0,15.25,42822.0,CRRB,10.0,,,,,1,10.0,10.0,6.0,,,,,7.0,2.0,2.0,,,,,,10.0,2.0,2.0,3.0,,5.0,,2.0,3.0,,,10.0,2.0,9.0,6.0,,6.0,,,,,7.0,3.0,10.0,6.0,5.0,,,7.0,2.0,7,10.0,10,1
2005-08-31,80517,,11,3,6020.0,14528210,CRRB,CARROLLTON BANCORP,CRRB,522110.0,Q,A,R,13085,3,6020.0,,,,60.0,602.0,,,,,,,15.25,0.0,2808.0,1.0,15.25,42822.0,CRRB,10.0,,,,,1,10.0,10.0,6.0,,,,,7.0,2.0,2.0,,,,,,10.0,2.0,2.0,3.0,,5.0,,2.0,3.0,,,10.0,2.0,9.0,6.0,,6.0,,,,,7.0,3.0,10.0,6.0,5.0,,,7.0,2.0,7,10.0,10,1
2005-09-01,80517,,11,3,6020.0,14528210,CRRB,CARROLLTON BANCORP,CRRB,522110.0,Q,A,R,13085,3,6020.0,,,,60.0,602.0,,,,,,,15.25,0.0,2808.0,1.0,15.25,42822.0,CRRB,10.0,,,,,1,10.0,10.0,6.0,,,,,7.0,2.0,2.0,,,,,,10.0,2.0,2.0,3.0,,5.0,,3.0,4.0,,,10.0,2.0,8.0,6.0,,8.0,,3.0,6.0,2.0,4.0,3.0,10.0,8.0,3.0,,,9.0,2.0,7,10.0,10,1
2005-09-02,80517,,11,3,6020.0,14528210,CRRB,CARROLLTON BANCORP,CRRB,522110.0,Q,A,R,13085,3,6020.0,,,,60.0,602.0,,,,,,,15.25,0.0,2808.0,1.0,15.25,42822.0,CRRB,10.0,,,,,1,10.0,10.0,6.0,,,,,7.0,2.0,2.0,,,,,,10.0,2.0,2.0,3.0,,5.0,,3.0,4.0,,,10.0,2.0,8.0,6.0,,8.0,,3.0,6.0,2.0,4.0,3.0,10.0,8.0,3.0,,,9.0,2.0,7,10.0,10,1
2005-09-06,80517,,11,3,6020.0,14528210,CRRB,CARROLLTON BANCORP,CRRB,522110.0,Q,A,R,13085,3,6020.0,,,,60.0,602.0,,,,,,,15.25,0.0,2808.0,1.0,15.25,42822.0,CRRB,10.0,,,,,1,10.0,10.0,6.0,,,,,7.0,2.0,2.0,,,,,,10.0,2.0,2.0,3.0,,5.0,,3.0,4.0,,,10.0,2.0,8.0,6.0,,8.0,,3.0,6.0,2.0,4.0,3.0,10.0,8.0,3.0,,,9.0,2.0,7,10.0,10,1
2005-09-07,80517,,11,3,6020.0,14528210,CRRB,CARROLLTON BANCORP,CRRB,522110.0,Q,A,R,13085,3,6020.0,,,,60.0,602.0,,,,,,,15.24,-0.000656,2808.0,1.0,15.27,42793.92,CRRB,10.0,,,,,1,10.0,10.0,6.0,,,,,7.0,2.0,2.0,,,,,,10.0,2.0,2.0,3.0,,5.0,,3.0,4.0,,,10.0,2.0,8.0,6.0,,8.0,,3.0,6.0,2.0,4.0,3.0,10.0,8.0,3.0,,,9.0,2.0,7,10.0,10,1
2005-09-08,80517,,11,3,6020.0,14528210,CRRB,CARROLLTON BANCORP,CRRB,522110.0,Q,A,R,13085,3,6020.0,,,,60.0,602.0,,,,,,,15.25,0.000656,2808.0,1.0,15.25,42822.0,CRRB,10.0,,,,,1,10.0,10.0,6.0,,,,,7.0,2.0,2.0,,,,,,10.0,2.0,2.0,3.0,,5.0,,3.0,4.0,,,10.0,2.0,8.0,6.0,,8.0,,3.0,6.0,2.0,4.0,3.0,10.0,8.0,3.0,,,9.0,2.0,7,10.0,10,1
2005-09-09,80517,,11,3,6020.0,14528210,CRRB,CARROLLTON BANCORP,CRRB,522110.0,Q,A,R,13085,3,6020.0,,,,60.0,602.0,,,,,,,15.25,0.0,2808.0,1.0,15.25,42822.0,CRRB,10.0,,,,,1,10.0,10.0,6.0,,,,,7.0,2.0,2.0,,,,,,10.0,2.0,2.0,3.0,,5.0,,3.0,4.0,,,10.0,2.0,8.0,6.0,,8.0,,3.0,6.0,2.0,4.0,3.0,10.0,8.0,3.0,,,9.0,2.0,7,10.0,10,1
2005-09-12,80517,,11,3,6020.0,14528210,CRRB,CARROLLTON BANCORP,CRRB,522110.0,Q,A,R,13085,3,6020.0,,,,60.0,602.0,,,,,,,15.25,0.0,2808.0,1.0,15.25,42822.0,CRRB,10.0,,,,,1,10.0,10.0,6.0,,,,,7.0,2.0,2.0,,,,,,10.0,2.0,2.0,3.0,,5.0,,3.0,4.0,,,10.0,2.0,8.0,6.0,,8.0,,3.0,6.0,2.0,4.0,3.0,10.0,8.0,3.0,,,9.0,2.0,7,10.0,10,1
2005-09-13,80517,,11,3,6020.0,14528210,CRRB,CARROLLTON BANCORP,CRRB,522110.0,Q,A,R,13085,3,6020.0,,,,60.0,602.0,,,,,,,-15.25,0.0,2808.0,1.0,,-42822.0,CRRB,10.0,,,,,1,10.0,10.0,6.0,,,,,7.0,2.0,2.0,,,,,,10.0,2.0,2.0,3.0,,5.0,,3.0,4.0,,,10.0,2.0,8.0,6.0,,8.0,,3.0,6.0,2.0,4.0,3.0,10.0,8.0,3.0,,,9.0,2.0,7,10.0,10,1
2005-09-14,80517,,11,3,6020.0,14528210,CRRB,CARROLLTON BANCORP,CRRB,522110.0,Q,A,R,13085,3,6020.0,,,,60.0,602.0,,,,,,,15.25,0.0,2808.0,1.0,15.25,42822.0,CRRB,10.0,,,,,1,10.0,10.0,6.0,,,,,7.0,2.0,2.0,,,,,,10.0,2.0,2.0,3.0,,5.0,,3.0,4.0,,,10.0,2.0,8.0,6.0,,8.0,,3.0,6.0,2.0,4.0,3.0,10.0,8.0,3.0,,,9.0,2.0,7,10.0,10,1
2005-09-15,80517,,11,3,6020.0,14528210,CRRB,CARROLLTON BANCORP,CRRB,522110.0,Q,A,R,13085,3,6020.0,,,,60.0,602.0,,,,,,,15.11,-0.00918,2808.0,1.0,15.25,42428.88,CRRB,10.0,,,,,1,10.0,10.0,6.0,,,,,7.0,2.0,2.0,,,,,,10.0,2.0,2.0,3.0,,5.0,,3.0,4.0,,,10.0,2.0,8.0,6.0,,8.0,,3.0,6.0,2.0,4.0,3.0,10.0,8.0,3.0,,,9.0,2.0,7,10.0,10,1
2005-09-16,80517,,11,3,6020.0,14528210,CRRB,CARROLLTON BANCORP,CRRB,522110.0,Q,A,R,13085,3,6020.0,,,,60.0,602.0,,,,,,,15.11,0.0,2808.0,1.0,15.11,42428.88,CRRB,10.0,,,,,1,10.0,10.0,6.0,,,,,7.0,2.0,2.0,,,,,,10.0,2.0,2.0,3.0,,5.0,,3.0,4.0,,,10.0,2.0,8.0,6.0,,8.0,,3.0,6.0,2.0,4.0,3.0,10.0,8.0,3.0,,,9.0,2.0,7,10.0,10,1
2005-09-19,80517,,11,3,6020.0,14528210,CRRB,CARROLLTON BANCORP,CRRB,522110.0,Q,A,R,13085,3,6020.0,,,,60.0,602.0,,,,,,,15.0,-0.00728,2808.0,1.0,15.0,42120.0,CRRB,10.0,,,,,1,10.0,10.0,6.0,,,,,7.0,2.0,2.0,,,,,,10.0,2.0,2.0,3.0,,5.0,,3.0,4.0,,,10.0,2.0,8.0,6.0,,8.0,,3.0,6.0,2.0,4.0,3.0,10.0,8.0,3.0,,,9.0,2.0,7,10.0,10,1
2005-09-20,80517,,11,3,6020.0,14528210,CRRB,CARROLLTON BANCORP,CRRB,522110.0,Q,A,R,13085,3,6020.0,,,,60.0,602.0,,,,,,,15.0,0.0,2808.0,1.0,15.0,42120.0,CRRB,10.0,,,,,1,10.0,10.0,6.0,,,,,7.0,2.0,2.0,,,,,,10.0,2.0,2.0,3.0,,5.0,,3.0,4.0,,,10.0,2.0,8.0,6.0,,8.0,,3.0,6.0,2.0,4.0,3.0,10.0,8.0,3.0,,,9.0,2.0,7,10.0,10,1
2005-09-21,80517,,11,3,6020.0,14528210,CRRB,CARROLLTON BANCORP,CRRB,522110.0,Q,A,R,13085,3,6020.0,,,,60.0,602.0,,,,,,,15.19,0.012667,2808.0,1.0,15.19,42653.52,CRRB,10.0,,,,,1,10.0,10.0,6.0,,,,,7.0,2.0,2.0,,,,,,10.0,2.0,2.0,3.0,,5.0,,3.0,4.0,,,10.0,2.0,8.0,6.0,,8.0,,3.0,6.0,2.0,4.0,3.0,10.0,8.0,3.0,,,9.0,2.0,7,10.0,10,1
2005-09-22,80517,,11,3,6020.0,14528210,CRRB,CARROLLTON BANCORP,CRRB,522110.0,Q,A,R,13085,3,6020.0,,,,60.0,602.0,,,,,,,-15.245,0.003621,2808.0,1.0,,-42807.96,CRRB,10.0,,,,,1,10.0,10.0,6.0,,,,,7.0,2.0,2.0,,,,,,10.0,2.0,2.0,3.0,,5.0,,3.0,4.0,,,10.0,2.0,8.0,6.0,,8.0,,3.0,6.0,2.0,4.0,3.0,10.0,8.0,3.0,,,9.0,2.0,7,10.0,10,1
2005-09-23,80517,,11,3,6020.0,14528210,CRRB,CARROLLTON BANCORP,CRRB,522110.0,Q,A,R,13085,3,6020.0,,,,60.0,602.0,,,,,,,15.45,0.013447,2808.0,1.0,15.0,43383.6,CRRB,10.0,,,,,1,10.0,10.0,6.0,,,,,7.0,2.0,2.0,,,,,,10.0,2.0,2.0,3.0,,5.0,,3.0,4.0,,,10.0,2.0,8.0,6.0,,8.0,,3.0,6.0,2.0,4.0,3.0,10.0,8.0,3.0,,,9.0,2.0,7,10.0,10,1
2005-09-26,80517,,11,3,6020.0,14528210,CRRB,CARROLLTON BANCORP,CRRB,522110.0,Q,A,R,13085,3,6020.0,,,,60.0,602.0,,,,,,,-15.295,-0.010032,2808.0,1.0,,-42948.36,CRRB,10.0,,,,,1,10.0,10.0,6.0,,,,,7.0,2.0,2.0,,,,,,10.0,2.0,2.0,3.0,,5.0,,3.0,4.0,,,10.0,2.0,8.0,6.0,,8.0,,3.0,6.0,2.0,4.0,3.0,10.0,8.0,3.0,,,9.0,2.0,7,10.0,10,1
2005-09-27,80517,,11,3,6020.0,14528210,CRRB,CARROLLTON BANCORP,CRRB,522110.0,Q,A,R,13085,3,6020.0,,,,60.0,602.0,,,,,,,14.9,-0.025825,2808.0,1.0,15.0,41839.2,CRRB,10.0,,,,,1,10.0,10.0,6.0,,,,,7.0,2.0,2.0,,,,,,10.0,2.0,2.0,3.0,,5.0,,3.0,4.0,,,10.0,2.0,8.0,6.0,,8.0,,3.0,6.0,2.0,4.0,3.0,10.0,8.0,3.0,,,9.0,2.0,7,10.0,10,1
2005-09-28,80517,,11,3,6020.0,14528210,CRRB,CARROLLTON BANCORP,CRRB,522110.0,Q,A,R,13085,3,6020.0,,,,60.0,602.0,,,,,,,14.65,-0.016779,2808.0,1.0,14.85,41137.2,CRRB,10.0,,,,,1,10.0,10.0,6.0,,,,,7.0,2.0,2.0,,,,,,10.0,2.0,2.0,3.0,,5.0,,3.0,4.0,,,10.0,2.0,8.0,6.0,,8.0,,3.0,6.0,2.0,4.0,3.0,10.0,8.0,3.0,,,9.0,2.0,7,10.0,10,1
2005-09-29,80517,,11,3,6020.0,14528210,CRRB,CARROLLTON BANCORP,CRRB,522110.0,Q,A,R,13085,3,6020.0,,,,60.0,602.0,,,,,,,14.5,-0.010239,2808.0,1.0,14.5001,40716.0,CRRB,10.0,,,,,1,10.0,10.0,6.0,,,,,7.0,2.0,2.0,,,,,,10.0,2.0,2.0,3.0,,5.0,,3.0,4.0,,,10.0,2.0,8.0,6.0,,8.0,,3.0,6.0,2.0,4.0,3.0,10.0,8.0,3.0,,,9.0,2.0,7,10.0,10,1
2005-09-30,80517,,11,3,6020.0,14528210,CRRB,CARROLLTON BANCORP,CRRB,522110.0,Q,A,R,13085,3,6020.0,,,,60.0,602.0,,,,,,,-14.62,0.008276,2809.0,1.0,,-41067.58,CRRB,10.0,,,,,1,10.0,10.0,6.0,,,,,7.0,2.0,2.0,,,,,,10.0,2.0,2.0,3.0,,5.0,,3.0,4.0,,,10.0,2.0,8.0,6.0,,8.0,,3.0,6.0,2.0,4.0,3.0,10.0,8.0,3.0,,,9.0,2.0,7,10.0,10,1
2005-10-03,80517,,11,3,6020.0,14528210,CRRB,CARROLLTON BANCORP,CRRB,522110.0,Q,A,R,13085,3,6020.0,,,,60.0,602.0,,,,,,,14.5,-0.008208,2809.0,1.0,14.6,40730.5,CRRB,10.0,,,,,1,10.0,10.0,6.0,,,,,7.0,2.0,2.0,,,,,,10.0,2.0,2.0,3.0,,5.0,,5.0,4.0,,,10.0,2.0,7.0,6.0,,8.0,,3.0,6.0,2.0,8.0,4.0,10.0,2.0,7.0,,,4.0,2.0,7,10.0,10,1
2005-10-04,80517,,11,3,6020.0,14528210,CRRB,CARROLLTON BANCORP,CRRB,522110.0,Q,A,R,13085,3,6020.0,,,,60.0,602.0,,,,,,,14.5,0.0,2809.0,1.0,14.5,40730.5,CRRB,10.0,,,,,1,10.0,10.0,6.0,,,,,7.0,2.0,2.0,,,,,,10.0,2.0,2.0,3.0,,5.0,,5.0,4.0,,,10.0,2.0,7.0,6.0,,8.0,,3.0,6.0,2.0,8.0,4.0,10.0,2.0,7.0,,,4.0,2.0,7,10.0,10,1
2005-10-05,80517,,11,3,6020.0,14528210,CRRB,CARROLLTON BANCORP,CRRB,522110.0,Q,A,R,13085,3,6020.0,,,,60.0,602.0,,,,,,,-14.715,0.014828,2809.0,1.0,,-41334.435,CRRB,10.0,,,,,1,10.0,10.0,6.0,,,,,7.0,2.0,2.0,,,,,,10.0,2.0,2.0,3.0,,5.0,,5.0,4.0,,,10.0,2.0,7.0,6.0,,8.0,,3.0,6.0,2.0,8.0,4.0,10.0,2.0,7.0,,,4.0,2.0,7,10.0,10,1
2005-10-06,80517,,11,3,6020.0,14528210,CRRB,CARROLLTON BANCORP,CRRB,522110.0,Q,A,R,13085,3,6020.0,,,,60.0,602.0,,,,,,,14.5,-0.014611,2809.0,1.0,14.5,40730.5,CRRB,10.0,,,,,1,10.0,10.0,6.0,,,,,7.0,2.0,2.0,,,,,,10.0,2.0,2.0,3.0,,5.0,,5.0,4.0,,,10.0,2.0,7.0,6.0,,8.0,,3.0,6.0,2.0,8.0,4.0,10.0,2.0,7.0,,,4.0,2.0,7,10.0,10,1
2005-10-07,80517,,11,3,6020.0,14528210,CRRB,CARROLLTON BANCORP,CRRB,522110.0,Q,A,R,13085,3,6020.0,,,,60.0,602.0,,,,,,,-14.725,0.015517,2809.0,1.0,,-41362.525,CRRB,10.0,,,,,1,10.0,10.0,6.0,,,,,7.0,2.0,2.0,,,,,,10.0,2.0,2.0,3.0,,5.0,,5.0,4.0,,,10.0,2.0,7.0,6.0,,8.0,,3.0,6.0,2.0,8.0,4.0,10.0,2.0,7.0,,,4.0,2.0,7,10.0,10,1
2005-10-10,80517,,11,3,6020.0,14528210,CRRB,CARROLLTON BANCORP,CRRB,522110.0,Q,A,R,13085,3,6020.0,,,,60.0,602.0,,,,,,,14.15,-0.039049,2809.0,1.0,14.5,39747.35,CRRB,10.0,,,,,1,10.0,10.0,6.0,,,,,7.0,2.0,2.0,,,,,,10.0,2.0,2.0,3.0,,5.0,,5.0,4.0,,,10.0,2.0,7.0,6.0,,8.0,,3.0,6.0,2.0,8.0,4.0,10.0,2.0,7.0,,,4.0,2.0,7,10.0,10,1
2005-10-11,80517,,11,3,6020.0,14528210,CRRB,CARROLLTON BANCORP,CRRB,522110.0,Q,A,R,13085,3,6020.0,,,,60.0,602.0,,,,,,,14.0,-0.010601,2809.0,1.0,14.15,39326.0,CRRB,10.0,,,,,1,10.0,10.0,6.0,,,,,7.0,2.0,2.0,,,,,,10.0,2.0,2.0,3.0,,5.0,,5.0,4.0,,,10.0,2.0,7.0,6.0,,8.0,,3.0,6.0,2.0,8.0,4.0,10.0,2.0,7.0,,,4.0,2.0,7,10.0,10,1
2005-10-12,80517,,11,3,6020.0,14528210,CRRB,CARROLLTON BANCORP,CRRB,522110.0,Q,A,R,13085,3,6020.0,,,,60.0,602.0,,,,,,,14.0,0.0,2809.0,1.0,14.0,39326.0,CRRB,10.0,,,,,1,10.0,10.0,6.0,,,,,7.0,2.0,2.0,,,,,,10.0,2.0,2.0,3.0,,5.0,,5.0,4.0,,,10.0,2.0,7.0,6.0,,8.0,,3.0,6.0,2.0,8.0,4.0,10.0,2.0,7.0,,,4.0,2.0,7,10.0,10,1
2005-10-13,80517,,11,3,6020.0,14528210,CRRB,CARROLLTON BANCORP,CRRB,522110.0,Q,A,R,13085,3,6020.0,,,,60.0,602.0,,,,,,,14.0,0.0,2809.0,1.0,14.0,39326.0,CRRB,10.0,,,,,1,10.0,10.0,6.0,,,,,7.0,2.0,2.0,,,,,,10.0,2.0,2.0,3.0,,5.0,,5.0,4.0,,,10.0,2.0,7.0,6.0,,8.0,,3.0,6.0,2.0,8.0,4.0,10.0,2.0,7.0,,,4.0,2.0,7,10.0,10,1
2005-10-14,80517,,11,3,6020.0,14528210,CRRB,CARROLLTON BANCORP,CRRB,522110.0,Q,A,R,13085,3,6020.0,,,,60.0,602.0,,,,,,,-14.39,0.027857,2809.0,1.0,,-40421.51,CRRB,10.0,,,,,1,10.0,10.0,6.0,,,,,7.0,2.0,2.0,,,,,,10.0,2.0,2.0,3.0,,5.0,,5.0,4.0,,,10.0,2.0,7.0,6.0,,8.0,,3.0,6.0,2.0,8.0,4.0,10.0,2.0,7.0,,,4.0,2.0,7,10.0,10,1
2005-10-17,80517,,11,3,6020.0,14528210,CRRB,CARROLLTON BANCORP,CRRB,522110.0,Q,A,R,13085,3,6020.0,,,,60.0,602.0,,,,,,,-14.39,0.0,2809.0,1.0,,-40421.51,CRRB,10.0,,,,,1,10.0,10.0,6.0,,,,,7.0,2.0,2.0,,,,,,10.0,2.0,2.0,3.0,,5.0,,5.0,4.0,,,10.0,2.0,7.0,6.0,,8.0,,3.0,6.0,2.0,8.0,4.0,10.0,2.0,7.0,,,4.0,2.0,7,10.0,10,1
2005-10-18,80517,,11,3,6020.0,14528210,CRRB,CARROLLTON BANCORP,CRRB,522110.0,Q,A,R,13085,3,6020.0,,,,60.0,602.0,,,,,,,-14.385,-0.000347,2809.0,1.0,,-40407.465,CRRB,10.0,,,,,1,10.0,10.0,6.0,,,,,7.0,2.0,2.0,,,,,,10.0,2.0,2.0,3.0,,5.0,,5.0,4.0,,,10.0,2.0,7.0,6.0,,8.0,,3.0,6.0,2.0,8.0,4.0,10.0,2.0,7.0,,,4.0,2.0,7,10.0,10,1
2005-10-19,80517,,11,3,6020.0,14528210,CRRB,CARROLLTON BANCORP,CRRB,522110.0,Q,A,R,13085,3,6020.0,,,,60.0,602.0,,,,,,,14.0,-0.026764,2809.0,1.0,14.0,39326.0,CRRB,10.0,,,,,1,10.0,10.0,6.0,,,,,7.0,2.0,2.0,,,,,,10.0,2.0,2.0,3.0,,5.0,,5.0,4.0,,,10.0,2.0,7.0,6.0,,8.0,,3.0,6.0,2.0,8.0,4.0,10.0,2.0,7.0,,,4.0,2.0,7,10.0,10,1
2005-10-20,80517,,11,3,6020.0,14528210,CRRB,CARROLLTON BANCORP,CRRB,522110.0,Q,A,R,13085,3,6020.0,,,,60.0,602.0,,,,,,,14.0,0.0,2809.0,1.0,14.15,39326.0,CRRB,10.0,,,,,1,10.0,10.0,6.0,,,,,7.0,2.0,2.0,,,,,,10.0,2.0,2.0,3.0,,5.0,,5.0,4.0,,,10.0,2.0,7.0,6.0,,8.0,,3.0,6.0,2.0,8.0,4.0,10.0,2.0,7.0,,,4.0,2.0,7,10.0,10,1
2005-10-21,80517,,11,3,6020.0,14528210,CRRB,CARROLLTON BANCORP,CRRB,522110.0,Q,A,R,13085,3,6020.0,,,,60.0,602.0,,,,,,,-14.25,0.017857,2809.0,1.0,,-40028.25,CRRB,10.0,,,,,1,10.0,10.0,6.0,,,,,7.0,2.0,2.0,,,,,,10.0,2.0,2.0,3.0,,5.0,,5.0,4.0,,,10.0,2.0,7.0,6.0,,8.0,,3.0,6.0,2.0,8.0,4.0,10.0,2.0,7.0,,,4.0,2.0,7,10.0,10,1
2005-10-24,80517,,11,3,6020.0,14528210,CRRB,CARROLLTON BANCORP,CRRB,522110.0,Q,A,R,13085,3,6020.0,,,,60.0,602.0,,,,,,,14.0,-0.017544,2809.0,1.0,14.15,39326.0,CRRB,10.0,,,,,1,10.0,10.0,6.0,,,,,7.0,2.0,2.0,,,,,,10.0,2.0,2.0,3.0,,5.0,,5.0,4.0,,,10.0,2.0,7.0,6.0,,8.0,,3.0,6.0,2.0,8.0,4.0,10.0,2.0,7.0,,,4.0,2.0,7,10.0,10,1
2005-10-25,80517,,11,3,6020.0,14528210,CRRB,CARROLLTON BANCORP,CRRB,522110.0,Q,A,R,13085,3,6020.0,,,,60.0,602.0,,,,,,,-14.365,0.026071,2809.0,1.0,,-40351.285,CRRB,10.0,,,,,1,10.0,10.0,6.0,,,,,7.0,2.0,2.0,,,,,,10.0,2.0,2.0,3.0,,5.0,,5.0,4.0,,,10.0,2.0,7.0,6.0,,8.0,,3.0,6.0,2.0,8.0,4.0,10.0,2.0,7.0,,,4.0,2.0,7,10.0,10,1
2005-10-26,80517,,11,3,6020.0,14528210,CRRB,CARROLLTON BANCORP,CRRB,522110.0,Q,A,R,13085,3,6020.0,,,,60.0,602.0,,,,,,,-14.365,0.0,2809.0,1.0,,-40351.285,CRRB,10.0,,,,,1,10.0,10.0,6.0,,,,,7.0,2.0,2.0,,,,,,10.0,2.0,2.0,3.0,,5.0,,5.0,4.0,,,10.0,2.0,7.0,6.0,,8.0,,3.0,6.0,2.0,8.0,4.0,10.0,2.0,7.0,,,4.0,2.0,7,10.0,10,1
2005-10-27,80517,,11,3,6020.0,14528210,CRRB,CARROLLTON BANCORP,CRRB,522110.0,Q,A,R,13085,3,6020.0,,,,60.0,602.0,,,,,,,14.0,-0.025409,2809.0,1.0,14.01,39326.0,CRRB,10.0,,,,,1,10.0,10.0,6.0,,,,,7.0,2.0,2.0,,,,,,10.0,2.0,2.0,3.0,,5.0,,5.0,4.0,,,10.0,2.0,7.0,6.0,,8.0,,3.0,6.0,2.0,8.0,4.0,10.0,2.0,7.0,,,4.0,2.0,7,10.0,10,1
2005-10-28,80517,,11,3,6020.0,14528210,CRRB,CARROLLTON BANCORP,CRRB,522110.0,Q,A,R,13085,3,6020.0,,,,60.0,602.0,,,,,,,14.5,0.035714,2809.0,1.0,14.49,40730.5,CRRB,10.0,,,,,1,10.0,10.0,6.0,,,,,7.0,2.0,2.0,,,,,,10.0,2.0,2.0,3.0,,5.0,,5.0,4.0,,,10.0,2.0,7.0,6.0,,8.0,,3.0,6.0,2.0,8.0,4.0,10.0,2.0,7.0,,,4.0,2.0,7,10.0,10,1
2005-10-31,80517,,11,3,6020.0,14528210,CRRB,CARROLLTON BANCORP,CRRB,522110.0,Q,A,R,13085,3,6020.0,,,,60.0,602.0,,,,,,,14.5,0.0,2809.0,1.0,14.38,40730.5,CRRB,10.0,,,,,1,10.0,10.0,6.0,,,,,7.0,2.0,2.0,,,,,,10.0,2.0,2.0,3.0,,5.0,,5.0,4.0,,,10.0,2.0,7.0,6.0,,8.0,,3.0,6.0,2.0,8.0,4.0,10.0,2.0,7.0,,,4.0,2.0,7,10.0,10,1
2005-11-01,80517,,11,3,6020.0,14528210,CRRB,CARROLLTON BANCORP,CRRB,522110.0,Q,A,R,13085,3,6020.0,,,,60.0,602.0,,,,,,,14.65,0.010345,2809.0,1.0,14.76,41151.85,CRRB,10.0,,,,,1,10.0,10.0,6.0,,,,,7.0,2.0,2.0,,,,,,10.0,2.0,2.0,3.0,,5.0,,3.0,5.0,,,10.0,2.0,7.0,5.0,,8.0,,2.0,9.0,,4.0,5.0,10.0,5.0,7.0,,,9.0,2.0,7,10.0,10,1
2005-11-02,80517,,11,3,6020.0,14528210,CRRB,CARROLLTON BANCORP,CRRB,522110.0,Q,A,R,13085,3,6020.0,,,,60.0,602.0,,,,,,,14.5,-0.010239,2809.0,1.0,14.5,40730.5,CRRB,10.0,,,,,1,10.0,10.0,6.0,,,,,7.0,2.0,2.0,,,,,,10.0,2.0,2.0,3.0,,5.0,,3.0,5.0,,,10.0,2.0,7.0,5.0,,8.0,,2.0,9.0,,4.0,5.0,10.0,5.0,7.0,,,9.0,2.0,7,10.0,10,1
2005-11-03,80517,,11,3,6020.0,14528210,CRRB,CARROLLTON BANCORP,CRRB,522110.0,Q,A,R,13085,3,6020.0,,,,60.0,602.0,,,,,,,-14.745,0.016897,2809.0,1.0,,-41418.705,CRRB,10.0,,,,,1,10.0,10.0,6.0,,,,,7.0,2.0,2.0,,,,,,10.0,2.0,2.0,3.0,,5.0,,3.0,5.0,,,10.0,2.0,7.0,5.0,,8.0,,2.0,9.0,,4.0,5.0,10.0,5.0,7.0,,,9.0,2.0,7,10.0,10,1
2005-11-04,80517,,11,3,6020.0,14528210,CRRB,CARROLLTON BANCORP,CRRB,522110.0,Q,A,R,13085,3,6020.0,,,,60.0,602.0,,,,,,,14.5,-0.016616,2809.0,1.0,14.5,40730.5,CRRB,10.0,,,,,1,10.0,10.0,6.0,,,,,7.0,2.0,2.0,,,,,,10.0,2.0,2.0,3.0,,5.0,,3.0,5.0,,,10.0,2.0,7.0,5.0,,8.0,,2.0,9.0,,4.0,5.0,10.0,5.0,7.0,,,9.0,2.0,7,10.0,10,1
2005-11-07,80517,,11,3,6020.0,14528210,CRRB,CARROLLTON BANCORP,CRRB,522110.0,Q,A,R,13085,3,6020.0,,,,60.0,602.0,,,,,,,14.5,0.0,2809.0,1.0,14.5,40730.5,CRRB,10.0,,,,,1,10.0,10.0,6.0,,,,,7.0,2.0,2.0,,,,,,10.0,2.0,2.0,3.0,,5.0,,3.0,5.0,,,10.0,2.0,7.0,5.0,,8.0,,2.0,9.0,,4.0,5.0,10.0,5.0,7.0,,,9.0,2.0,7,10.0,10,1
2005-11-08,80517,,11,3,6020.0,14528210,CRRB,CARROLLTON BANCORP,CRRB,522110.0,Q,A,R,13085,3,6020.0,,,,60.0,602.0,1232.0,0.1,0.0,,,,-14.735,0.023103,2810.0,1.0,,-41405.35,CRRB,10.0,,,,,1,10.0,10.0,6.0,,,,,7.0,2.0,2.0,,,,,,10.0,2.0,2.0,3.0,,5.0,,3.0,5.0,,,10.0,2.0,7.0,5.0,,8.0,,2.0,9.0,,4.0,5.0,10.0,5.0,7.0,,,9.0,2.0,7,10.0,10,1
2005-11-09,80517,,11,3,6020.0,14528210,CRRB,CARROLLTON BANCORP,CRRB,522110.0,Q,A,R,13085,3,6020.0,,,,60.0,602.0,,,,,,,-14.735,0.0,2810.0,1.0,,-41405.35,CRRB,10.0,,,,,1,10.0,10.0,6.0,,,,,7.0,2.0,2.0,,,,,,10.0,2.0,2.0,3.0,,5.0,,3.0,5.0,,,10.0,2.0,7.0,5.0,,8.0,,2.0,9.0,,4.0,5.0,10.0,5.0,7.0,,,9.0,2.0,7,10.0,10,1
2005-11-10,80517,,11,3,6020.0,14528210,CRRB,CARROLLTON BANCORP,CRRB,522110.0,Q,A,R,13085,3,6020.0,,,,60.0,602.0,,,,,,,14.5,-0.015948,2810.0,1.0,14.5,40745.0,CRRB,10.0,,,,,1,10.0,10.0,6.0,,,,,7.0,2.0,2.0,,,,,,10.0,2.0,2.0,3.0,,5.0,,3.0,5.0,,,10.0,2.0,7.0,5.0,,8.0,,2.0,9.0,,4.0,5.0,10.0,5.0,7.0,,,9.0,2.0,7,10.0,10,1
2005-11-11,80517,,11,3,6020.0,14528210,CRRB,CARROLLTON BANCORP,CRRB,522110.0,Q,A,R,13085,3,6020.0,,,,60.0,602.0,,,,,,,14.5,0.0,2810.0,1.0,14.5,40745.0,CRRB,10.0,,,,,1,10.0,10.0,6.0,,,,,7.0,2.0,2.0,,,,,,10.0,2.0,2.0,3.0,,5.0,,3.0,5.0,,,10.0,2.0,7.0,5.0,,8.0,,2.0,9.0,,4.0,5.0,10.0,5.0,7.0,,,9.0,2.0,7,10.0,10,1
2005-11-14,80517,,11,3,6020.0,14528210,CRRB,CARROLLTON BANCORP,CRRB,522110.0,Q,A,R,13085,3,6020.0,,,,60.0,602.0,,,,,,,-14.82,0.022069,2810.0,1.0,,-41644.2,CRRB,10.0,,,,,1,10.0,10.0,6.0,,,,,7.0,2.0,2.0,,,,,,10.0,2.0,2.0,3.0,,5.0,,3.0,5.0,,,10.0,2.0,7.0,5.0,,8.0,,2.0,9.0,,4.0,5.0,10.0,5.0,7.0,,,9.0,2.0,7,10.0,10,1
2005-11-15,80517,,11,3,6020.0,14528210,CRRB,CARROLLTON BANCORP,CRRB,522110.0,Q,A,R,13085,3,6020.0,,,,60.0,602.0,,,,,,,14.5,-0.021592,2810.0,1.0,14.5,40745.0,CRRB,10.0,,,,,1,10.0,10.0,6.0,,,,,7.0,2.0,2.0,,,,,,10.0,2.0,2.0,3.0,,5.0,,3.0,5.0,,,10.0,2.0,7.0,5.0,,8.0,,2.0,9.0,,4.0,5.0,10.0,5.0,7.0,,,9.0,2.0,7,10.0,10,1
2005-11-16,80517,,11,3,6020.0,14528210,CRRB,CARROLLTON BANCORP,CRRB,522110.0,Q,A,R,13085,3,6020.0,,,,60.0,602.0,,,,,,,-14.74,0.016552,2810.0,1.0,,-41419.4,CRRB,10.0,,,,,1,10.0,10.0,6.0,,,,,7.0,2.0,2.0,,,,,,10.0,2.0,2.0,3.0,,5.0,,3.0,5.0,,,10.0,2.0,7.0,5.0,,8.0,,2.0,9.0,,4.0,5.0,10.0,5.0,7.0,,,9.0,2.0,7,10.0,10,1
2005-11-17,80517,,11,3,6020.0,14528210,CRRB,CARROLLTON BANCORP,CRRB,522110.0,Q,A,R,13085,3,6020.0,,,,60.0,602.0,,,,,,,-14.725,-0.001018,2810.0,1.0,,-41377.25,CRRB,10.0,,,,,1,10.0,10.0,6.0,,,,,7.0,2.0,2.0,,,,,,10.0,2.0,2.0,3.0,,5.0,,3.0,5.0,,,10.0,2.0,7.0,5.0,,8.0,,2.0,9.0,,4.0,5.0,10.0,5.0,7.0,,,9.0,2.0,7,10.0,10,1
2005-11-18,80517,,11,3,6020.0,14528210,CRRB,CARROLLTON BANCORP,CRRB,522110.0,Q,A,R,13085,3,6020.0,,,,60.0,602.0,,,,,,,-14.725,0.0,2810.0,1.0,,-41377.25,CRRB,10.0,,,,,1,10.0,10.0,6.0,,,,,7.0,2.0,2.0,,,,,,10.0,2.0,2.0,3.0,,5.0,,3.0,5.0,,,10.0,2.0,7.0,5.0,,8.0,,2.0,9.0,,4.0,5.0,10.0,5.0,7.0,,,9.0,2.0,7,10.0,10,1
2005-11-21,80517,,11,3,6020.0,14528210,CRRB,CARROLLTON BANCORP,CRRB,522110.0,Q,A,R,13085,3,6020.0,,,,60.0,602.0,,,,,,,-14.725,0.0,2810.0,1.0,,-41377.25,CRRB,10.0,,,,,1,10.0,10.0,6.0,,,,,7.0,2.0,2.0,,,,,,10.0,2.0,2.0,3.0,,5.0,,3.0,5.0,,,10.0,2.0,7.0,5.0,,8.0,,2.0,9.0,,4.0,5.0,10.0,5.0,7.0,,,9.0,2.0,7,10.0,10,1
2005-11-22,80517,,11,3,6020.0,14528210,CRRB,CARROLLTON BANCORP,CRRB,522110.0,Q,A,R,13085,3,6020.0,,,,60.0,602.0,,,,,,,-14.655,-0.004754,2810.0,1.0,,-41180.55,CRRB,10.0,,,,,1,10.0,10.0,6.0,,,,,7.0,2.0,2.0,,,,,,10.0,2.0,2.0,3.0,,5.0,,3.0,5.0,,,10.0,2.0,7.0,5.0,,8.0,,2.0,9.0,,4.0,5.0,10.0,5.0,7.0,,,9.0,2.0,7,10.0,10,1
2005-11-23,80517,,11,3,6020.0,14528210,CRRB,CARROLLTON BANCORP,CRRB,522110.0,Q,A,R,13085,3,6020.0,,,,60.0,602.0,,,,,,,14.5,-0.010577,2810.0,1.0,14.5,40745.0,CRRB,10.0,,,,,1,10.0,10.0,6.0,,,,,7.0,2.0,2.0,,,,,,10.0,2.0,2.0,3.0,,5.0,,3.0,5.0,,,10.0,2.0,7.0,5.0,,8.0,,2.0,9.0,,4.0,5.0,10.0,5.0,7.0,,,9.0,2.0,7,10.0,10,1
2005-11-25,80517,,11,3,6020.0,14528210,CRRB,CARROLLTON BANCORP,CRRB,522110.0,Q,A,R,13085,3,6020.0,,,,60.0,602.0,,,,,,,-14.65,0.010345,2810.0,1.0,,-41166.5,CRRB,10.0,,,,,1,10.0,10.0,6.0,,,,,7.0,2.0,2.0,,,,,,10.0,2.0,2.0,3.0,,5.0,,3.0,5.0,,,10.0,2.0,7.0,5.0,,8.0,,2.0,9.0,,4.0,5.0,10.0,5.0,7.0,,,9.0,2.0,7,10.0,10,1
2005-11-28,80517,,11,3,6020.0,14528210,CRRB,CARROLLTON BANCORP,CRRB,522110.0,Q,A,R,13085,3,6020.0,,,,60.0,602.0,,,,,,,14.5,-0.010239,2810.0,1.0,14.5,40745.0,CRRB,10.0,,,,,1,10.0,10.0,6.0,,,,,7.0,2.0,2.0,,,,,,10.0,2.0,2.0,3.0,,5.0,,3.0,5.0,,,10.0,2.0,7.0,5.0,,8.0,,2.0,9.0,,4.0,5.0,10.0,5.0,7.0,,,9.0,2.0,7,10.0,10,1
2005-11-29,80517,,11,3,6020.0,14528210,CRRB,CARROLLTON BANCORP,CRRB,522110.0,Q,A,R,13085,3,6020.0,,,,60.0,602.0,,,,,,,-14.62,0.008276,2810.0,1.0,,-41082.2,CRRB,10.0,,,,,1,10.0,10.0,6.0,,,,,7.0,2.0,2.0,,,,,,10.0,2.0,2.0,3.0,,5.0,,3.0,5.0,,,10.0,2.0,7.0,5.0,,8.0,,2.0,9.0,,4.0,5.0,10.0,5.0,7.0,,,9.0,2.0,7,10.0,10,1
2005-11-30,80517,,11,3,6020.0,14528210,CRRB,CARROLLTON BANCORP,CRRB,522110.0,Q,A,R,13085,3,6020.0,,,,60.0,602.0,,,,,,,14.62,0.0,2810.0,1.0,14.67,41082.2,CRRB,10.0,,,,,1,10.0,10.0,6.0,,,,,7.0,2.0,2.0,,,,,,10.0,2.0,2.0,3.0,,5.0,,3.0,5.0,,,10.0,2.0,7.0,5.0,,8.0,,2.0,9.0,,4.0,5.0,10.0,5.0,7.0,,,9.0,2.0,7,10.0,10,1
2005-12-01,80517,,11,3,6020.0,14528210,CRRB,CARROLLTON BANCORP,CRRB,522110.0,Q,A,R,13085,3,6020.0,,,,60.0,602.0,,,,,,,14.5,-0.008208,2810.0,1.0,14.55,40745.0,CRRB,10.0,,,,,1,10.0,10.0,6.0,,,,,7.0,2.0,2.0,,,,,,10.0,2.0,2.0,3.0,,5.0,,3.0,6.0,,,10.0,3.0,6.0,6.0,,8.0,,5.0,9.0,3.0,7.0,6.0,10.0,3.0,7.0,8.0,7.0,5.0,2.0,7,10.0,10,1
2005-12-02,80517,,11,3,6020.0,14528210,CRRB,CARROLLTON BANCORP,CRRB,522110.0,Q,A,R,13085,3,6020.0,,,,60.0,602.0,,,,,,,14.5,0.0,2810.0,1.0,14.5,40745.0,CRRB,10.0,,,,,1,10.0,10.0,6.0,,,,,7.0,2.0,2.0,,,,,,10.0,2.0,2.0,3.0,,5.0,,3.0,6.0,,,10.0,3.0,6.0,6.0,,8.0,,5.0,9.0,3.0,7.0,6.0,10.0,3.0,7.0,8.0,7.0,5.0,2.0,7,10.0,10,1
2005-12-05,80517,,11,3,6020.0,14528210,CRRB,CARROLLTON BANCORP,CRRB,522110.0,Q,A,R,13085,3,6020.0,,,,60.0,602.0,,,,,,,-14.75,0.017241,2810.0,1.0,,-41447.5,CRRB,10.0,,,,,1,10.0,10.0,6.0,,,,,7.0,2.0,2.0,,,,,,10.0,2.0,2.0,3.0,,5.0,,3.0,6.0,,,10.0,3.0,6.0,6.0,,8.0,,5.0,9.0,3.0,7.0,6.0,10.0,3.0,7.0,8.0,7.0,5.0,2.0,7,10.0,10,1
2005-12-06,80517,,11,3,6020.0,14528210,CRRB,CARROLLTON BANCORP,CRRB,522110.0,Q,A,R,13085,3,6020.0,,,,60.0,602.0,,,,,,,-14.75,0.0,2810.0,1.0,,-41447.5,CRRB,10.0,,,,,1,10.0,10.0,6.0,,,,,7.0,2.0,2.0,,,,,,10.0,2.0,2.0,3.0,,5.0,,3.0,6.0,,,10.0,3.0,6.0,6.0,,8.0,,5.0,9.0,3.0,7.0,6.0,10.0,3.0,7.0,8.0,7.0,5.0,2.0,7,10.0,10,1
2005-12-07,80517,,11,3,6020.0,14528210,CRRB,CARROLLTON BANCORP,CRRB,522110.0,Q,A,R,13085,3,6020.0,,,,60.0,602.0,,,,,,,14.5,-0.016949,2810.0,1.0,14.5,40745.0,CRRB,10.0,,,,,1,10.0,10.0,6.0,,,,,7.0,2.0,2.0,,,,,,10.0,2.0,2.0,3.0,,5.0,,3.0,6.0,,,10.0,3.0,6.0,6.0,,8.0,,5.0,9.0,3.0,7.0,6.0,10.0,3.0,7.0,8.0,7.0,5.0,2.0,7,10.0,10,1
2005-12-08,80517,,11,3,6020.0,14528210,CRRB,CARROLLTON BANCORP,CRRB,522110.0,Q,A,R,13085,3,6020.0,,,,60.0,602.0,,,,,,,-14.64,0.009655,2810.0,1.0,,-41138.4,CRRB,10.0,,,,,1,10.0,10.0,6.0,,,,,7.0,2.0,2.0,,,,,,10.0,2.0,2.0,3.0,,5.0,,3.0,6.0,,,10.0,3.0,6.0,6.0,,8.0,,5.0,9.0,3.0,7.0,6.0,10.0,3.0,7.0,8.0,7.0,5.0,2.0,7,10.0,10,1
2005-12-09,80517,,11,3,6020.0,14528210,CRRB,CARROLLTON BANCORP,CRRB,522110.0,Q,A,R,13085,3,6020.0,,,,60.0,602.0,,,,,,,-14.63,-0.000683,2810.0,1.0,,-41110.3,CRRB,10.0,,,,,1,10.0,10.0,6.0,,,,,7.0,2.0,2.0,,,,,,10.0,2.0,2.0,3.0,,5.0,,3.0,6.0,,,10.0,3.0,6.0,6.0,,8.0,,5.0,9.0,3.0,7.0,6.0,10.0,3.0,7.0,8.0,7.0,5.0,2.0,7,10.0,10,1
2005-12-12,80517,,11,3,6020.0,14528210,CRRB,CARROLLTON BANCORP,CRRB,522110.0,Q,A,R,13085,3,6020.0,,,,60.0,602.0,,,,,,,14.74,0.007519,2810.0,1.0,14.74,41419.4,CRRB,10.0,,,,,1,10.0,10.0,6.0,,,,,7.0,2.0,2.0,,,,,,10.0,2.0,2.0,3.0,,5.0,,3.0,6.0,,,10.0,3.0,6.0,6.0,,8.0,,5.0,9.0,3.0,7.0,6.0,10.0,3.0,7.0,8.0,7.0,5.0,2.0,7,10.0,10,1
2005-12-13,80517,,11,3,6020.0,14528210,CRRB,CARROLLTON BANCORP,CRRB,522110.0,Q,A,R,13085,3,6020.0,,,,60.0,602.0,,,,,,,14.5,-0.016282,2810.0,1.0,14.5,40745.0,CRRB,10.0,,,,,1,10.0,10.0,6.0,,,,,7.0,2.0,2.0,,,,,,10.0,2.0,2.0,3.0,,5.0,,3.0,6.0,,,10.0,3.0,6.0,6.0,,8.0,,5.0,9.0,3.0,7.0,6.0,10.0,3.0,7.0,8.0,7.0,5.0,2.0,7,10.0,10,1
2005-12-14,80517,,11,3,6020.0,14528210,CRRB,CARROLLTON BANCORP,CRRB,522110.0,Q,A,R,13085,3,6020.0,,,,60.0,602.0,,,,,,,14.5,0.0,2810.0,1.0,14.5,40745.0,CRRB,10.0,,,,,1,10.0,10.0,6.0,,,,,7.0,2.0,2.0,,,,,,10.0,2.0,2.0,3.0,,5.0,,3.0,6.0,,,10.0,3.0,6.0,6.0,,8.0,,5.0,9.0,3.0,7.0,6.0,10.0,3.0,7.0,8.0,7.0,5.0,2.0,7,10.0,10,1
2005-12-15,80517,,11,3,6020.0,14528210,CRRB,CARROLLTON BANCORP,CRRB,522110.0,Q,A,R,13085,3,6020.0,,,,60.0,602.0,,,,,,,14.5,0.0,2810.0,1.0,14.5,40745.0,CRRB,10.0,,,,,1,10.0,10.0,6.0,,,,,7.0,2.0,2.0,,,,,,10.0,2.0,2.0,3.0,,5.0,,3.0,6.0,,,10.0,3.0,6.0,6.0,,8.0,,5.0,9.0,3.0,7.0,6.0,10.0,3.0,7.0,8.0,7.0,5.0,2.0,7,10.0,10,1
2005-12-16,80517,,11,3,6020.0,14528210,CRRB,CARROLLTON BANCORP,CRRB,522110.0,Q,A,R,13085,3,6020.0,,,,60.0,602.0,,,,,,,14.5,0.0,2810.0,1.0,14.644,40745.0,CRRB,10.0,,,,,1,10.0,10.0,6.0,,,,,7.0,2.0,2.0,,,,,,10.0,2.0,2.0,3.0,,5.0,,3.0,6.0,,,10.0,3.0,6.0,6.0,,8.0,,5.0,9.0,3.0,7.0,6.0,10.0,3.0,7.0,8.0,7.0,5.0,2.0,7,10.0,10,1
2005-12-19,80517,,11,3,6020.0,14528210,CRRB,CARROLLTON BANCORP,CRRB,522110.0,Q,A,R,13085,3,6020.0,,,,60.0,602.0,,,,,,,14.5,0.0,2810.0,1.0,14.5,40745.0,CRRB,10.0,,,,,1,10.0,10.0,6.0,,,,,7.0,2.0,2.0,,,,,,10.0,2.0,2.0,3.0,,5.0,,3.0,6.0,,,10.0,3.0,6.0,6.0,,8.0,,5.0,9.0,3.0,7.0,6.0,10.0,3.0,7.0,8.0,7.0,5.0,2.0,7,10.0,10,1
2005-12-20,80517,,11,3,6020.0,14528210,CRRB,CARROLLTON BANCORP,CRRB,522110.0,Q,A,R,13085,3,6020.0,,,,60.0,602.0,,,,,,,14.5,0.0,2810.0,1.0,14.5,40745.0,CRRB,10.0,,,,,1,10.0,10.0,6.0,,,,,7.0,2.0,2.0,,,,,,10.0,2.0,2.0,3.0,,5.0,,3.0,6.0,,,10.0,3.0,6.0,6.0,,8.0,,5.0,9.0,3.0,7.0,6.0,10.0,3.0,7.0,8.0,7.0,5.0,2.0,7,10.0,10,1
2005-12-21,80517,,11,3,6020.0,14528210,CRRB,CARROLLTON BANCORP,CRRB,522110.0,Q,A,R,13085,3,6020.0,,,,60.0,602.0,,,,,,,14.5,0.0,2810.0,1.0,14.5,40745.0,CRRB,10.0,,,,,1,10.0,10.0,6.0,,,,,7.0,2.0,2.0,,,,,,10.0,2.0,2.0,3.0,,5.0,,3.0,6.0,,,10.0,3.0,6.0,6.0,,8.0,,5.0,9.0,3.0,7.0,6.0,10.0,3.0,7.0,8.0,7.0,5.0,2.0,7,10.0,10,1
2005-12-22,80517,,11,3,6020.0,14528210,CRRB,CARROLLTON BANCORP,CRRB,522110.0,Q,A,R,13085,3,6020.0,,,,60.0,602.0,,,,,,,14.5,0.0,2810.0,1.0,14.5,40745.0,CRRB,10.0,,,,,1,10.0,10.0,6.0,,,,,7.0,2.0,2.0,,,,,,10.0,2.0,2.0,3.0,,5.0,,3.0,6.0,,,10.0,3.0,6.0,6.0,,8.0,,5.0,9.0,3.0,7.0,6.0,10.0,3.0,7.0,8.0,7.0,5.0,2.0,7,10.0,10,1
2005-12-23,80517,,11,3,6020.0,14528210,CRRB,CARROLLTON BANCORP,CRRB,522110.0,Q,A,R,13085,3,6020.0,,,,60.0,602.0,,,,,,,14.5,0.0,2810.0,1.0,14.5001,40745.0,CRRB,10.0,,,,,1,10.0,10.0,6.0,,,,,7.0,2.0,2.0,,,,,,10.0,2.0,2.0,3.0,,5.0,,3.0,6.0,,,10.0,3.0,6.0,6.0,,8.0,,5.0,9.0,3.0,7.0,6.0,10.0,3.0,7.0,8.0,7.0,5.0,2.0,7,10.0,10,1
2005-12-27,80517,,11,3,6020.0,14528210,CRRB,CARROLLTON BANCORP,CRRB,522110.0,Q,A,R,13085,3,6020.0,,,,60.0,602.0,,,,,,,14.5,0.0,2810.0,1.0,14.5,40745.0,CRRB,10.0,,,,,1,10.0,10.0,6.0,,,,,7.0,2.0,2.0,,,,,,10.0,2.0,2.0,3.0,,5.0,,3.0,6.0,,,10.0,3.0,6.0,6.0,,8.0,,5.0,9.0,3.0,7.0,6.0,10.0,3.0,7.0,8.0,7.0,5.0,2.0,7,10.0,10,1
2005-12-28,80517,,11,3,6020.0,14528210,CRRB,CARROLLTON BANCORP,CRRB,522110.0,Q,A,R,13085,3,6020.0,,,,60.0,602.0,,,,,,,14.5,0.0,2810.0,1.0,14.5,40745.0,CRRB,10.0,,,,,1,10.0,10.0,6.0,,,,,7.0,2.0,2.0,,,,,,10.0,2.0,2.0,3.0,,5.0,,3.0,6.0,,,10.0,3.0,6.0,6.0,,8.0,,5.0,9.0,3.0,7.0,6.0,10.0,3.0,7.0,8.0,7.0,5.0,2.0,7,10.0,10,1
2005-12-29,80517,,11,3,6020.0,14528210,CRRB,CARROLLTON BANCORP,CRRB,522110.0,Q,A,R,13085,3,6020.0,,,,60.0,602.0,,,,,,,14.75,0.017241,2810.0,1.0,14.75,41447.5,CRRB,10.0,,,,,1,10.0,10.0,6.0,,,,,7.0,2.0,2.0,,,,,,10.0,2.0,2.0,3.0,,5.0,,3.0,6.0,,,10.0,3.0,6.0,6.0,,8.0,,5.0,9.0,3.0,7.0,6.0,10.0,3.0,7.0,8.0,7.0,5.0,2.0,7,10.0,10,1
2005-12-30,80517,,11,3,6020.0,14528210,CRRB,CARROLLTON BANCORP,CRRB,522110.0,Q,A,R,13085,3,6020.0,,,,60.0,602.0,,,,,,,15.0,0.016949,2810.0,1.0,14.5,42150.0,CRRB,10.0,,,,,1,10.0,10.0,6.0,,,,,7.0,2.0,2.0,,,,,,10.0,2.0,2.0,3.0,,5.0,,3.0,6.0,,,10.0,3.0,6.0,6.0,,8.0,,5.0,9.0,3.0,7.0,6.0,10.0,3.0,7.0,8.0,7.0,5.0,2.0,7,10.0,10,1
2006-01-03,80517,,11,3,6020.0,14528210,CRRB,CARROLLTON BANCORP,CRRB,522110.0,Q,A,R,13085,3,6020.0,,,,60.0,602.0,,,,,,,-14.71,-0.019333,2810.0,1.0,,-41335.1,CRRB,10.0,,,,,1,10.0,10.0,6.0,,,,,7.0,2.0,2.0,,,,,,10.0,2.0,2.0,3.0,,5.0,,4.0,6.0,,,10.0,2.0,7.0,5.0,,8.0,,5.0,9.0,3.0,4.0,6.0,10.0,2.0,4.0,3.0,3.0,6.0,2.0,7,10.0,10,1
2006-01-04,80517,,11,3,6020.0,14528210,CRRB,CARROLLTON BANCORP,CRRB,522110.0,Q,A,R,13085,3,6020.0,,,,60.0,602.0,,,,,,,14.4,-0.021074,2810.0,1.0,14.41,40464.0,CRRB,10.0,,,,,1,10.0,10.0,6.0,,,,,7.0,2.0,2.0,,,,,,10.0,2.0,2.0,3.0,,5.0,,4.0,6.0,,,10.0,2.0,7.0,5.0,,8.0,,5.0,9.0,3.0,4.0,6.0,10.0,2.0,4.0,3.0,3.0,6.0,2.0,7,10.0,10,1
2006-01-05,80517,,11,3,6020.0,14528210,CRRB,CARROLLTON BANCORP,CRRB,522110.0,Q,A,R,13085,3,6020.0,,,,60.0,602.0,,,,,,,14.5,0.006944,2810.0,1.0,15.2399,40745.0,CRRB,10.0,,,,,1,10.0,10.0,6.0,,,,,7.0,2.0,2.0,,,,,,10.0,2.0,2.0,3.0,,5.0,,4.0,6.0,,,10.0,2.0,7.0,5.0,,8.0,,5.0,9.0,3.0,4.0,6.0,10.0,2.0,4.0,3.0,3.0,6.0,2.0,7,10.0,10,1
2006-01-06,80517,,11,3,6020.0,14528210,CRRB,CARROLLTON BANCORP,CRRB,522110.0,Q,A,R,13085,3,6020.0,,,,60.0,602.0,,,,,,,15.292,0.054621,2810.0,1.0,14.5,42970.52,CRRB,10.0,,,,,1,10.0,10.0,6.0,,,,,7.0,2.0,2.0,,,,,,10.0,2.0,2.0,3.0,,5.0,,4.0,6.0,,,10.0,2.0,7.0,5.0,,8.0,,5.0,9.0,3.0,4.0,6.0,10.0,2.0,4.0,3.0,3.0,6.0,2.0,7,10.0,10,1
2006-01-09,80517,,11,3,6020.0,14528210,CRRB,CARROLLTON BANCORP,CRRB,522110.0,Q,A,R,13085,3,6020.0,,,,60.0,602.0,,,,,,,-14.895,-0.025961,2810.0,1.0,,-41854.95,CRRB,10.0,,,,,1,10.0,10.0,6.0,,,,,7.0,2.0,2.0,,,,,,10.0,2.0,2.0,3.0,,5.0,,4.0,6.0,,,10.0,2.0,7.0,5.0,,8.0,,5.0,9.0,3.0,4.0,6.0,10.0,2.0,4.0,3.0,3.0,6.0,2.0,7,10.0,10,1
2006-01-10,80517,,11,3,6020.0,14528210,CRRB,CARROLLTON BANCORP,CRRB,522110.0,Q,A,R,13085,3,6020.0,,,,60.0,602.0,,,,,,,15.49,0.039946,2810.0,1.0,15.47,43526.9,CRRB,10.0,,,,,1,10.0,10.0,6.0,,,,,7.0,2.0,2.0,,,,,,10.0,2.0,2.0,3.0,,5.0,,4.0,6.0,,,10.0,2.0,7.0,5.0,,8.0,,5.0,9.0,3.0,4.0,6.0,10.0,2.0,4.0,3.0,3.0,6.0,2.0,7,10.0,10,1
2006-01-11,80517,,11,3,6020.0,14528210,CRRB,CARROLLTON BANCORP,CRRB,522110.0,Q,A,R,13085,3,6020.0,,,,60.0,602.0,,,,,,,-15.275,-0.01388,2810.0,1.0,,-42922.75,CRRB,10.0,,,,,1,10.0,10.0,6.0,,,,,7.0,2.0,2.0,,,,,,10.0,2.0,2.0,3.0,,5.0,,4.0,6.0,,,10.0,2.0,7.0,5.0,,8.0,,5.0,9.0,3.0,4.0,6.0,10.0,2.0,4.0,3.0,3.0,6.0,2.0,7,10.0,10,1
2006-01-12,80517,,11,3,6020.0,14528210,CRRB,CARROLLTON BANCORP,CRRB,522110.0,Q,A,R,13085,3,6020.0,,,,60.0,602.0,,,,,,,14.5,-0.050736,2810.0,1.0,14.7,40745.0,CRRB,10.0,,,,,1,10.0,10.0,6.0,,,,,7.0,2.0,2.0,,,,,,10.0,2.0,2.0,3.0,,5.0,,4.0,6.0,,,10.0,2.0,7.0,5.0,,8.0,,5.0,9.0,3.0,4.0,6.0,10.0,2.0,4.0,3.0,3.0,6.0,2.0,7,10.0,10,1
2006-01-13,80517,,11,3,6020.0,14528210,CRRB,CARROLLTON BANCORP,CRRB,522110.0,Q,A,R,13085,3,6020.0,,,,60.0,602.0,,,,,,,15.0,0.034483,2810.0,1.0,14.85,42150.0,CRRB,10.0,,,,,1,10.0,10.0,6.0,,,,,7.0,2.0,2.0,,,,,,10.0,2.0,2.0,3.0,,5.0,,4.0,6.0,,,10.0,2.0,7.0,5.0,,8.0,,5.0,9.0,3.0,4.0,6.0,10.0,2.0,4.0,3.0,3.0,6.0,2.0,7,10.0,10,1
2006-01-17,80517,,11,3,6020.0,14528210,CRRB,CARROLLTON BANCORP,CRRB,522110.0,Q,A,R,13085,3,6020.0,,,,60.0,602.0,,,,,,,15.49,0.032667,2810.0,1.0,15.0,43526.9,CRRB,10.0,,,,,1,10.0,10.0,6.0,,,,,7.0,2.0,2.0,,,,,,10.0,2.0,2.0,3.0,,5.0,,4.0,6.0,,,10.0,2.0,7.0,5.0,,8.0,,5.0,9.0,3.0,4.0,6.0,10.0,2.0,4.0,3.0,3.0,6.0,2.0,7,10.0,10,1
2006-01-18,80517,,11,3,6020.0,14528210,CRRB,CARROLLTON BANCORP,CRRB,522110.0,Q,A,R,13085,3,6020.0,,,,60.0,602.0,,,,,,,-15.25,-0.015494,2810.0,1.0,,-42852.5,CRRB,10.0,,,,,1,10.0,10.0,6.0,,,,,7.0,2.0,2.0,,,,,,10.0,2.0,2.0,3.0,,5.0,,4.0,6.0,,,10.0,2.0,7.0,5.0,,8.0,,5.0,9.0,3.0,4.0,6.0,10.0,2.0,4.0,3.0,3.0,6.0,2.0,7,10.0,10,1
2006-01-19,80517,,11,3,6020.0,14528210,CRRB,CARROLLTON BANCORP,CRRB,522110.0,Q,A,R,13085,3,6020.0,,,,60.0,602.0,,,,,,,15.12,-0.008525,2810.0,1.0,15.5,42487.2,CRRB,10.0,,,,,1,10.0,10.0,6.0,,,,,7.0,2.0,2.0,,,,,,10.0,2.0,2.0,3.0,,5.0,,4.0,6.0,,,10.0,2.0,7.0,5.0,,8.0,,5.0,9.0,3.0,4.0,6.0,10.0,2.0,4.0,3.0,3.0,6.0,2.0,7,10.0,10,1
2006-01-20,80517,,11,3,6020.0,14528210,CRRB,CARROLLTON BANCORP,CRRB,522110.0,Q,A,R,13085,3,6020.0,,,,60.0,602.0,,,,,,,15.22,0.006614,2810.0,1.0,15.22,42768.2,CRRB,10.0,,,,,1,10.0,10.0,6.0,,,,,7.0,2.0,2.0,,,,,,10.0,2.0,2.0,3.0,,5.0,,4.0,6.0,,,10.0,2.0,7.0,5.0,,8.0,,5.0,9.0,3.0,4.0,6.0,10.0,2.0,4.0,3.0,3.0,6.0,2.0,7,10.0,10,1
2006-01-23,80517,,11,3,6020.0,14528210,CRRB,CARROLLTON BANCORP,CRRB,522110.0,Q,A,R,13085,3,6020.0,,,,60.0,602.0,,,,,,,15.13,-0.005913,2810.0,1.0,15.68,42515.3,CRRB,10.0,,,,,1,10.0,10.0,6.0,,,,,7.0,2.0,2.0,,,,,,10.0,2.0,2.0,3.0,,5.0,,4.0,6.0,,,10.0,2.0,7.0,5.0,,8.0,,5.0,9.0,3.0,4.0,6.0,10.0,2.0,4.0,3.0,3.0,6.0,2.0,7,10.0,10,1
2006-01-24,80517,,11,3,6020.0,14528210,CRRB,CARROLLTON BANCORP,CRRB,522110.0,Q,A,R,13085,3,6020.0,,,,60.0,602.0,,,,,,,15.45,0.02115,2810.0,1.0,15.0,43414.5,CRRB,10.0,,,,,1,10.0,10.0,6.0,,,,,7.0,2.0,2.0,,,,,,10.0,2.0,2.0,3.0,,5.0,,4.0,6.0,,,10.0,2.0,7.0,5.0,,8.0,,5.0,9.0,3.0,4.0,6.0,10.0,2.0,4.0,3.0,3.0,6.0,2.0,7,10.0,10,1
2006-01-25,80517,,11,3,6020.0,14528210,CRRB,CARROLLTON BANCORP,CRRB,522110.0,Q,A,R,13085,3,6020.0,,,,60.0,602.0,,,,,,,15.45,0.0,2810.0,1.0,15.45,43414.5,CRRB,10.0,,,,,1,10.0,10.0,6.0,,,,,7.0,2.0,2.0,,,,,,10.0,2.0,2.0,3.0,,5.0,,4.0,6.0,,,10.0,2.0,7.0,5.0,,8.0,,5.0,9.0,3.0,4.0,6.0,10.0,2.0,4.0,3.0,3.0,6.0,2.0,7,10.0,10,1
2006-01-26,80517,,11,3,6020.0,14528210,CRRB,CARROLLTON BANCORP,CRRB,522110.0,Q,A,R,13085,3,6020.0,,,,60.0,602.0,,,,,,,-15.23,-0.014239,2810.0,1.0,,-42796.3,CRRB,10.0,,,,,1,10.0,10.0,6.0,,,,,7.0,2.0,2.0,,,,,,10.0,2.0,2.0,3.0,,5.0,,4.0,6.0,,,10.0,2.0,7.0,5.0,,8.0,,5.0,9.0,3.0,4.0,6.0,10.0,2.0,4.0,3.0,3.0,6.0,2.0,7,10.0,10,1
2006-01-27,80517,,11,3,6020.0,14528210,CRRB,CARROLLTON BANCORP,CRRB,522110.0,Q,A,R,13085,3,6020.0,,,,60.0,602.0,,,,,,,15.0,-0.015102,2810.0,1.0,15.0,42150.0,CRRB,10.0,,,,,1,10.0,10.0,6.0,,,,,7.0,2.0,2.0,,,,,,10.0,2.0,2.0,3.0,,5.0,,4.0,6.0,,,10.0,2.0,7.0,5.0,,8.0,,5.0,9.0,3.0,4.0,6.0,10.0,2.0,4.0,3.0,3.0,6.0,2.0,7,10.0,10,1
2006-01-30,80517,,11,3,6020.0,14528210,CRRB,CARROLLTON BANCORP,CRRB,522110.0,Q,A,R,13085,3,6020.0,,,,60.0,602.0,,,,,,,15.2,0.013333,2810.0,1.0,15.0,42712.0,CRRB,10.0,,,,,1,10.0,10.0,6.0,,,,,7.0,2.0,2.0,,,,,,10.0,2.0,2.0,3.0,,5.0,,4.0,6.0,,,10.0,2.0,7.0,5.0,,8.0,,5.0,9.0,3.0,4.0,6.0,10.0,2.0,4.0,3.0,3.0,6.0,2.0,7,10.0,10,1
2006-01-31,80517,,11,3,6020.0,14528210,CRRB,CARROLLTON BANCORP,CRRB,522110.0,Q,A,R,13085,3,6020.0,,,,60.0,602.0,,,,,,,15.01,-0.0125,2810.0,1.0,15.0,42178.1,CRRB,10.0,,,,,1,10.0,10.0,6.0,,,,,7.0,2.0,2.0,,,,,,10.0,2.0,2.0,3.0,,5.0,,4.0,6.0,,,10.0,2.0,7.0,5.0,,8.0,,5.0,9.0,3.0,4.0,6.0,10.0,2.0,4.0,3.0,3.0,6.0,2.0,7,10.0,10,1
2006-02-01,80517,,11,3,6020.0,14528210,CRRB,CARROLLTON BANCORP,CRRB,522110.0,Q,A,R,13085,3,6020.0,,,,60.0,602.0,,,,,,,15.0,-0.000666,2810.0,1.0,15.0,42150.0,CRRB,10.0,,,,,1,10.0,10.0,6.0,,,,,7.0,2.0,2.0,,,,,,10.0,2.0,2.0,3.0,,5.0,,5.0,6.0,,,10.0,3.0,5.0,5.0,,8.0,,4.0,4.0,2.0,8.0,4.0,10.0,5.0,6.0,,,8.0,2.0,7,10.0,10,1
2006-02-02,80517,,11,3,6020.0,14528210,CRRB,CARROLLTON BANCORP,CRRB,522110.0,Q,A,R,13085,3,6020.0,,,,60.0,602.0,,,,,,,-15.105,0.007,2810.0,1.0,,-42445.05,CRRB,10.0,,,,,1,10.0,10.0,6.0,,,,,7.0,2.0,2.0,,,,,,10.0,2.0,2.0,3.0,,5.0,,5.0,6.0,,,10.0,3.0,5.0,5.0,,8.0,,4.0,4.0,2.0,8.0,4.0,10.0,5.0,6.0,,,8.0,2.0,7,10.0,10,1
2006-02-03,80517,,11,3,6020.0,14528210,CRRB,CARROLLTON BANCORP,CRRB,522110.0,Q,A,R,13085,3,6020.0,,,,60.0,602.0,,,,,,,-15.115,0.000662,2810.0,1.0,,-42473.15,CRRB,10.0,,,,,1,10.0,10.0,6.0,,,,,7.0,2.0,2.0,,,,,,10.0,2.0,2.0,3.0,,5.0,,5.0,6.0,,,10.0,3.0,5.0,5.0,,8.0,,4.0,4.0,2.0,8.0,4.0,10.0,5.0,6.0,,,8.0,2.0,7,10.0,10,1
2006-02-06,80517,,11,3,6020.0,14528210,CRRB,CARROLLTON BANCORP,CRRB,522110.0,Q,A,R,13085,3,6020.0,,,,60.0,602.0,,,,,,,15.0,-0.007608,2810.0,1.0,15.0,42150.0,CRRB,10.0,,,,,1,10.0,10.0,6.0,,,,,7.0,2.0,2.0,,,,,,10.0,2.0,2.0,3.0,,5.0,,5.0,6.0,,,10.0,3.0,5.0,5.0,,8.0,,4.0,4.0,2.0,8.0,4.0,10.0,5.0,6.0,,,8.0,2.0,7,10.0,10,1
2006-02-07,80517,,11,3,6020.0,14528210,CRRB,CARROLLTON BANCORP,CRRB,522110.0,Q,A,R,13085,3,6020.0,,,,60.0,602.0,,,,,,,-15.045,0.003,2810.0,1.0,,-42276.45,CRRB,10.0,,,,,1,10.0,10.0,6.0,,,,,7.0,2.0,2.0,,,,,,10.0,2.0,2.0,3.0,,5.0,,5.0,6.0,,,10.0,3.0,5.0,5.0,,8.0,,4.0,4.0,2.0,8.0,4.0,10.0,5.0,6.0,,,8.0,2.0,7,10.0,10,1
2006-02-08,80517,,11,3,6020.0,14528210,CRRB,CARROLLTON BANCORP,CRRB,522110.0,Q,A,R,13085,3,6020.0,,,,60.0,602.0,,,,,,,15.46,0.027584,2810.0,1.0,15.67,43442.6,CRRB,10.0,,,,,1,10.0,10.0,6.0,,,,,7.0,2.0,2.0,,,,,,10.0,2.0,2.0,3.0,,5.0,,5.0,6.0,,,10.0,3.0,5.0,5.0,,8.0,,4.0,4.0,2.0,8.0,4.0,10.0,5.0,6.0,,,8.0,2.0,7,10.0,10,1
2006-02-09,80517,,11,3,6020.0,14528210,CRRB,CARROLLTON BANCORP,CRRB,522110.0,Q,A,R,13085,3,6020.0,,,,60.0,602.0,,,,,,,-15.605,0.009379,2810.0,1.0,,-43850.05,CRRB,10.0,,,,,1,10.0,10.0,6.0,,,,,7.0,2.0,2.0,,,,,,10.0,2.0,2.0,3.0,,5.0,,5.0,6.0,,,10.0,3.0,5.0,5.0,,8.0,,4.0,4.0,2.0,8.0,4.0,10.0,5.0,6.0,,,8.0,2.0,7,10.0,10,1
2006-02-10,80517,,11,3,6020.0,14528210,CRRB,CARROLLTON BANCORP,CRRB,522110.0,Q,A,R,13085,3,6020.0,,,,60.0,602.0,,,,,,,15.2065,-0.025537,2810.0,1.0,15.2065,42730.265,CRRB,10.0,,,,,1,10.0,10.0,6.0,,,,,7.0,2.0,2.0,,,,,,10.0,2.0,2.0,3.0,,5.0,,5.0,6.0,,,10.0,3.0,5.0,5.0,,8.0,,4.0,4.0,2.0,8.0,4.0,10.0,5.0,6.0,,,8.0,2.0,7,10.0,10,1
2006-02-13,80517,,11,3,6020.0,14528210,CRRB,CARROLLTON BANCORP,CRRB,522110.0,Q,A,R,13085,3,6020.0,,,,60.0,602.0,,,,,,,-15.355,0.009766,2810.0,1.0,,-43147.55,CRRB,10.0,,,,,1,10.0,10.0,6.0,,,,,7.0,2.0,2.0,,,,,,10.0,2.0,2.0,3.0,,5.0,,5.0,6.0,,,10.0,3.0,5.0,5.0,,8.0,,4.0,4.0,2.0,8.0,4.0,10.0,5.0,6.0,,,8.0,2.0,7,10.0,10,1
2006-02-14,80517,,11,3,6020.0,14528210,CRRB,CARROLLTON BANCORP,CRRB,522110.0,Q,A,R,13085,3,6020.0,,,,60.0,602.0,,,,,,,-15.095,-0.016933,2810.0,1.0,,-42416.95,CRRB,10.0,,,,,1,10.0,10.0,6.0,,,,,7.0,2.0,2.0,,,,,,10.0,2.0,2.0,3.0,,5.0,,5.0,6.0,,,10.0,3.0,5.0,5.0,,8.0,,4.0,4.0,2.0,8.0,4.0,10.0,5.0,6.0,,,8.0,2.0,7,10.0,10,1
2006-02-15,80517,,11,3,6020.0,14528210,CRRB,CARROLLTON BANCORP,CRRB,522110.0,Q,A,R,13085,3,6020.0,,,,60.0,602.0,1232.0,0.11,0.0,,,,-15.095,0.007287,2810.0,1.0,,-42416.95,CRRB,10.0,,,,,1,10.0,10.0,6.0,,,,,7.0,2.0,2.0,,,,,,10.0,2.0,2.0,3.0,,5.0,,5.0,6.0,,,10.0,3.0,5.0,5.0,,8.0,,4.0,4.0,2.0,8.0,4.0,10.0,5.0,6.0,,,8.0,2.0,7,10.0,10,1
2006-02-16,80517,,11,3,6020.0,14528210,CRRB,CARROLLTON BANCORP,CRRB,522110.0,Q,A,R,13085,3,6020.0,,,,60.0,602.0,,,,,,,-15.095,0.0,2810.0,1.0,,-42416.95,CRRB,10.0,,,,,1,10.0,10.0,6.0,,,,,7.0,2.0,2.0,,,,,,10.0,2.0,2.0,3.0,,5.0,,5.0,6.0,,,10.0,3.0,5.0,5.0,,8.0,,4.0,4.0,2.0,8.0,4.0,10.0,5.0,6.0,,,8.0,2.0,7,10.0,10,1
2006-02-17,80517,,11,3,6020.0,14528210,CRRB,CARROLLTON BANCORP,CRRB,522110.0,Q,A,R,13085,3,6020.0,,,,60.0,602.0,,,,,,,-15.07,-0.001656,2810.0,1.0,,-42346.7,CRRB,10.0,,,,,1,10.0,10.0,6.0,,,,,7.0,2.0,2.0,,,,,,10.0,2.0,2.0,3.0,,5.0,,5.0,6.0,,,10.0,3.0,5.0,5.0,,8.0,,4.0,4.0,2.0,8.0,4.0,10.0,5.0,6.0,,,8.0,2.0,7,10.0,10,1
2006-02-21,80517,,11,3,6020.0,14528210,CRRB,CARROLLTON BANCORP,CRRB,522110.0,Q,A,R,13085,3,6020.0,,,,60.0,602.0,,,,,,,15.0,-0.004645,2810.0,1.0,15.0,42150.0,CRRB,10.0,,,,,1,10.0,10.0,6.0,,,,,7.0,2.0,2.0,,,,,,10.0,2.0,2.0,3.0,,5.0,,5.0,6.0,,,10.0,3.0,5.0,5.0,,8.0,,4.0,4.0,2.0,8.0,4.0,10.0,5.0,6.0,,,8.0,2.0,7,10.0,10,1
2006-02-22,80517,,11,3,6020.0,14528210,CRRB,CARROLLTON BANCORP,CRRB,522110.0,Q,A,R,13085,3,6020.0,,,,60.0,602.0,,,,,,,15.35,0.023333,2810.0,1.0,15.14,43133.5,CRRB,10.0,,,,,1,10.0,10.0,6.0,,,,,7.0,2.0,2.0,,,,,,10.0,2.0,2.0,3.0,,5.0,,5.0,6.0,,,10.0,3.0,5.0,5.0,,8.0,,4.0,4.0,2.0,8.0,4.0,10.0,5.0,6.0,,,8.0,2.0,7,10.0,10,1
2006-02-23,80517,,11,3,6020.0,14528210,CRRB,CARROLLTON BANCORP,CRRB,522110.0,Q,A,R,13085,3,6020.0,,,,60.0,602.0,,,,,,,-15.23,-0.007818,2813.0,1.0,,-42841.99,CRRB,10.0,,,,,1,10.0,10.0,6.0,,,,,7.0,2.0,2.0,,,,,,10.0,2.0,2.0,3.0,,5.0,,5.0,6.0,,,10.0,3.0,5.0,5.0,,8.0,,4.0,4.0,2.0,8.0,4.0,10.0,5.0,6.0,,,8.0,2.0,7,10.0,10,1
2006-02-24,80517,,11,3,6020.0,14528210,CRRB,CARROLLTON BANCORP,CRRB,522110.0,Q,A,R,13085,3,6020.0,,,,60.0,602.0,,,,,,,-15.175,-0.003611,2813.0,1.0,,-42687.275,CRRB,10.0,,,,,1,10.0,10.0,6.0,,,,,7.0,2.0,2.0,,,,,,10.0,2.0,2.0,3.0,,5.0,,5.0,6.0,,,10.0,3.0,5.0,5.0,,8.0,,4.0,4.0,2.0,8.0,4.0,10.0,5.0,6.0,,,8.0,2.0,7,10.0,10,1
2006-02-27,80517,,11,3,6020.0,14528210,CRRB,CARROLLTON BANCORP,CRRB,522110.0,Q,A,R,13085,3,6020.0,,,,60.0,602.0,,,,,,,14.9,-0.018122,2813.0,1.0,14.9,41913.7,CRRB,10.0,,,,,1,10.0,10.0,6.0,,,,,7.0,2.0,2.0,,,,,,10.0,2.0,2.0,3.0,,5.0,,5.0,6.0,,,10.0,3.0,5.0,5.0,,8.0,,4.0,4.0,2.0,8.0,4.0,10.0,5.0,6.0,,,8.0,2.0,7,10.0,10,1
2006-02-28,80517,,11,3,6020.0,14528210,CRRB,CARROLLTON BANCORP,CRRB,522110.0,Q,A,R,13085,3,6020.0,,,,60.0,602.0,,,,,,,-15.15,0.016779,2813.0,1.0,,-42616.95,CRRB,10.0,,,,,1,10.0,10.0,6.0,,,,,7.0,2.0,2.0,,,,,,10.0,2.0,2.0,3.0,,5.0,,5.0,6.0,,,10.0,3.0,5.0,5.0,,8.0,,4.0,4.0,2.0,8.0,4.0,10.0,5.0,6.0,,,8.0,2.0,7,10.0,10,1
2006-03-01,80517,,11,3,6020.0,14528210,CRRB,CARROLLTON BANCORP,CRRB,522110.0,Q,A,R,13085,3,6020.0,,,,60.0,602.0,,,,,,,15.25,0.006601,2813.0,1.0,15.95,42898.25,CRRB,10.0,,,,,1,10.0,10.0,6.0,,,,,7.0,2.0,2.0,,,,,,10.0,2.0,2.0,3.0,,5.0,,5.0,7.0,,,10.0,4.0,9.0,5.0,,8.0,,3.0,3.0,2.0,5.0,4.0,10.0,6.0,6.0,,,8.0,2.0,7,10.0,10,1
2006-03-02,80517,,11,3,6020.0,14528210,CRRB,CARROLLTON BANCORP,CRRB,522110.0,Q,A,R,13085,3,6020.0,,,,60.0,602.0,,,,,,,-15.245,-0.000328,2813.0,1.0,,-42884.185,CRRB,10.0,,,,,1,10.0,10.0,6.0,,,,,7.0,2.0,2.0,,,,,,10.0,2.0,2.0,3.0,,5.0,,5.0,7.0,,,10.0,4.0,9.0,5.0,,8.0,,3.0,3.0,2.0,5.0,4.0,10.0,6.0,6.0,,,8.0,2.0,7,10.0,10,1
2006-03-03,80517,,11,3,6020.0,14528210,CRRB,CARROLLTON BANCORP,CRRB,522110.0,Q,A,R,13085,3,6020.0,,,,60.0,602.0,,,,,,,-15.235,-0.000656,2813.0,1.0,,-42856.055,CRRB,10.0,,,,,1,10.0,10.0,6.0,,,,,7.0,2.0,2.0,,,,,,10.0,2.0,2.0,3.0,,5.0,,5.0,7.0,,,10.0,4.0,9.0,5.0,,8.0,,3.0,3.0,2.0,5.0,4.0,10.0,6.0,6.0,,,8.0,2.0,7,10.0,10,1
2006-03-06,80517,,11,3,6020.0,14528210,CRRB,CARROLLTON BANCORP,CRRB,522110.0,Q,A,R,13085,3,6020.0,,,,60.0,602.0,,,,,,,-15.235,0.0,2813.0,1.0,,-42856.055,CRRB,10.0,,,,,1,10.0,10.0,6.0,,,,,7.0,2.0,2.0,,,,,,10.0,2.0,2.0,3.0,,5.0,,5.0,7.0,,,10.0,4.0,9.0,5.0,,8.0,,3.0,3.0,2.0,5.0,4.0,10.0,6.0,6.0,,,8.0,2.0,7,10.0,10,1
2006-03-07,80517,,11,3,6020.0,14528210,CRRB,CARROLLTON BANCORP,CRRB,522110.0,Q,A,R,13085,3,6020.0,,,,60.0,602.0,,,,,,,-15.125,-0.00722,2813.0,1.0,,-42546.625,CRRB,10.0,,,,,1,10.0,10.0,6.0,,,,,7.0,2.0,2.0,,,,,,10.0,2.0,2.0,3.0,,5.0,,5.0,7.0,,,10.0,4.0,9.0,5.0,,8.0,,3.0,3.0,2.0,5.0,4.0,10.0,6.0,6.0,,,8.0,2.0,7,10.0,10,1
2006-03-08,80517,,11,3,6020.0,14528210,CRRB,CARROLLTON BANCORP,CRRB,522110.0,Q,A,R,13085,3,6020.0,,,,60.0,602.0,,,,,,,15.24,0.007603,2813.0,1.0,15.0,42870.12,CRRB,10.0,,,,,1,10.0,10.0,6.0,,,,,7.0,2.0,2.0,,,,,,10.0,2.0,2.0,3.0,,5.0,,5.0,7.0,,,10.0,4.0,9.0,5.0,,8.0,,3.0,3.0,2.0,5.0,4.0,10.0,6.0,6.0,,,8.0,2.0,7,10.0,10,1
2006-03-09,80517,,11,3,6020.0,14528210,CRRB,CARROLLTON BANCORP,CRRB,522110.0,Q,A,R,13085,3,6020.0,,,,60.0,602.0,,,,,,,-15.125,-0.007546,2813.0,1.0,,-42546.625,CRRB,10.0,,,,,1,10.0,10.0,6.0,,,,,7.0,2.0,2.0,,,,,,10.0,2.0,2.0,3.0,,5.0,,5.0,7.0,,,10.0,4.0,9.0,5.0,,8.0,,3.0,3.0,2.0,5.0,4.0,10.0,6.0,6.0,,,8.0,2.0,7,10.0,10,1
2006-03-10,80517,,11,3,6020.0,14528210,CRRB,CARROLLTON BANCORP,CRRB,522110.0,Q,A,R,13085,3,6020.0,,,,60.0,602.0,,,,,,,-15.125,0.0,2813.0,1.0,,-42546.625,CRRB,10.0,,,,,1,10.0,10.0,6.0,,,,,7.0,2.0,2.0,,,,,,10.0,2.0,2.0,3.0,,5.0,,5.0,7.0,,,10.0,4.0,9.0,5.0,,8.0,,3.0,3.0,2.0,5.0,4.0,10.0,6.0,6.0,,,8.0,2.0,7,10.0,10,1
2006-03-13,80517,,11,3,6020.0,14528210,CRRB,CARROLLTON BANCORP,CRRB,522110.0,Q,A,R,13085,3,6020.0,,,,60.0,602.0,,,,,,,15.0,-0.008264,2813.0,1.0,15.02,42195.0,CRRB,10.0,,,,,1,10.0,10.0,6.0,,,,,7.0,2.0,2.0,,,,,,10.0,2.0,2.0,3.0,,5.0,,5.0,7.0,,,10.0,4.0,9.0,5.0,,8.0,,3.0,3.0,2.0,5.0,4.0,10.0,6.0,6.0,,,8.0,2.0,7,10.0,10,1
2006-03-14,80517,,11,3,6020.0,14528210,CRRB,CARROLLTON BANCORP,CRRB,522110.0,Q,A,R,13085,3,6020.0,,,,60.0,602.0,,,,,,,15.25,0.016667,2813.0,1.0,15.25,42898.25,CRRB,10.0,,,,,1,10.0,10.0,6.0,,,,,7.0,2.0,2.0,,,,,,10.0,2.0,2.0,3.0,,5.0,,5.0,7.0,,,10.0,4.0,9.0,5.0,,8.0,,3.0,3.0,2.0,5.0,4.0,10.0,6.0,6.0,,,8.0,2.0,7,10.0,10,1
2006-03-15,80517,,11,3,6020.0,14528210,CRRB,CARROLLTON BANCORP,CRRB,522110.0,Q,A,R,13085,3,6020.0,,,,60.0,602.0,,,,,,,15.0,-0.016393,2813.0,1.0,15.0,42195.0,CRRB,10.0,,,,,1,10.0,10.0,6.0,,,,,7.0,2.0,2.0,,,,,,10.0,2.0,2.0,3.0,,5.0,,5.0,7.0,,,10.0,4.0,9.0,5.0,,8.0,,3.0,3.0,2.0,5.0,4.0,10.0,6.0,6.0,,,8.0,2.0,7,10.0,10,1
2006-03-16,80517,,11,3,6020.0,14528210,CRRB,CARROLLTON BANCORP,CRRB,522110.0,Q,A,R,13085,3,6020.0,,,,60.0,602.0,,,,,,,15.0,0.0,2813.0,1.0,15.0,42195.0,CRRB,10.0,,,,,1,10.0,10.0,6.0,,,,,7.0,2.0,2.0,,,,,,10.0,2.0,2.0,3.0,,5.0,,5.0,7.0,,,10.0,4.0,9.0,5.0,,8.0,,3.0,3.0,2.0,5.0,4.0,10.0,6.0,6.0,,,8.0,2.0,7,10.0,10,1
2006-03-17,80517,,11,3,6020.0,14528210,CRRB,CARROLLTON BANCORP,CRRB,522110.0,Q,A,R,13085,3,6020.0,,,,60.0,602.0,,,,,,,-15.125,0.008333,2813.0,1.0,,-42546.625,CRRB,10.0,,,,,1,10.0,10.0,6.0,,,,,7.0,2.0,2.0,,,,,,10.0,2.0,2.0,3.0,,5.0,,5.0,7.0,,,10.0,4.0,9.0,5.0,,8.0,,3.0,3.0,2.0,5.0,4.0,10.0,6.0,6.0,,,8.0,2.0,7,10.0,10,1
2006-03-20,80517,,11,3,6020.0,14528210,CRRB,CARROLLTON BANCORP,CRRB,522110.0,Q,A,R,13085,3,6020.0,,,,60.0,602.0,,,,,,,15.25,0.008264,2813.0,1.0,15.0,42898.25,CRRB,10.0,,,,,1,10.0,10.0,6.0,,,,,7.0,2.0,2.0,,,,,,10.0,2.0,2.0,3.0,,5.0,,5.0,7.0,,,10.0,4.0,9.0,5.0,,8.0,,3.0,3.0,2.0,5.0,4.0,10.0,6.0,6.0,,,8.0,2.0,7,10.0,10,1
2006-03-21,80517,,11,3,6020.0,14528210,CRRB,CARROLLTON BANCORP,CRRB,522110.0,Q,A,R,13085,3,6020.0,,,,60.0,602.0,,,,,,,-15.125,-0.008197,2813.0,1.0,,-42546.625,CRRB,10.0,,,,,1,10.0,10.0,6.0,,,,,7.0,2.0,2.0,,,,,,10.0,2.0,2.0,3.0,,5.0,,5.0,7.0,,,10.0,4.0,9.0,5.0,,8.0,,3.0,3.0,2.0,5.0,4.0,10.0,6.0,6.0,,,8.0,2.0,7,10.0,10,1
2006-03-22,80517,,11,3,6020.0,14528210,CRRB,CARROLLTON BANCORP,CRRB,522110.0,Q,A,R,13085,3,6020.0,,,,60.0,602.0,,,,,,,-15.125,0.0,2813.0,1.0,,-42546.625,CRRB,10.0,,,,,1,10.0,10.0,6.0,,,,,7.0,2.0,2.0,,,,,,10.0,2.0,2.0,3.0,,5.0,,5.0,7.0,,,10.0,4.0,9.0,5.0,,8.0,,3.0,3.0,2.0,5.0,4.0,10.0,6.0,6.0,,,8.0,2.0,7,10.0,10,1
2006-03-23,80517,,11,3,6020.0,14528210,CRRB,CARROLLTON BANCORP,CRRB,522110.0,Q,A,R,13085,3,6020.0,,,,60.0,602.0,,,,,,,15.23,0.006942,2813.0,1.0,15.0,42841.99,CRRB,10.0,,,,,1,10.0,10.0,6.0,,,,,7.0,2.0,2.0,,,,,,10.0,2.0,2.0,3.0,,5.0,,5.0,7.0,,,10.0,4.0,9.0,5.0,,8.0,,3.0,3.0,2.0,5.0,4.0,10.0,6.0,6.0,,,8.0,2.0,7,10.0,10,1
2006-03-24,80517,,11,3,6020.0,14528210,CRRB,CARROLLTON BANCORP,CRRB,522110.0,Q,A,R,13085,3,6020.0,,,,60.0,602.0,,,,,,,-15.12,-0.007223,2813.0,1.0,,-42532.56,CRRB,10.0,,,,,1,10.0,10.0,6.0,,,,,7.0,2.0,2.0,,,,,,10.0,2.0,2.0,3.0,,5.0,,5.0,7.0,,,10.0,4.0,9.0,5.0,,8.0,,3.0,3.0,2.0,5.0,4.0,10.0,6.0,6.0,,,8.0,2.0,7,10.0,10,1
2006-03-27,80517,,11,3,6020.0,14528210,CRRB,CARROLLTON BANCORP,CRRB,522110.0,Q,A,R,13085,3,6020.0,,,,60.0,602.0,,,,,,,-15.125,0.000331,2813.0,1.0,,-42546.625,CRRB,10.0,,,,,1,10.0,10.0,6.0,,,,,7.0,2.0,2.0,,,,,,10.0,2.0,2.0,3.0,,5.0,,5.0,7.0,,,10.0,4.0,9.0,5.0,,8.0,,3.0,3.0,2.0,5.0,4.0,10.0,6.0,6.0,,,8.0,2.0,7,10.0,10,1
2006-03-28,80517,,11,3,6020.0,14528210,CRRB,CARROLLTON BANCORP,CRRB,522110.0,Q,A,R,13085,3,6020.0,,,,60.0,602.0,,,,,,,-15.125,0.0,2813.0,1.0,,-42546.625,CRRB,10.0,,,,,1,10.0,10.0,6.0,,,,,7.0,2.0,2.0,,,,,,10.0,2.0,2.0,3.0,,5.0,,5.0,7.0,,,10.0,4.0,9.0,5.0,,8.0,,3.0,3.0,2.0,5.0,4.0,10.0,6.0,6.0,,,8.0,2.0,7,10.0,10,1
2006-03-29,80517,,11,3,6020.0,14528210,CRRB,CARROLLTON BANCORP,CRRB,522110.0,Q,A,R,13085,3,6020.0,,,,60.0,602.0,,,,,,,15.5,0.024793,2813.0,1.0,15.25,43601.5,CRRB,10.0,,,,,1,10.0,10.0,6.0,,,,,7.0,2.0,2.0,,,,,,10.0,2.0,2.0,3.0,,5.0,,5.0,7.0,,,10.0,4.0,9.0,5.0,,8.0,,3.0,3.0,2.0,5.0,4.0,10.0,6.0,6.0,,,8.0,2.0,7,10.0,10,1
2006-03-30,80517,,11,3,6020.0,14528210,CRRB,CARROLLTON BANCORP,CRRB,522110.0,Q,A,R,13085,3,6020.0,,,,60.0,602.0,,,,,,,15.56,0.003871,2813.0,1.0,15.74,43770.28,CRRB,10.0,,,,,1,10.0,10.0,6.0,,,,,7.0,2.0,2.0,,,,,,10.0,2.0,2.0,3.0,,5.0,,5.0,7.0,,,10.0,4.0,9.0,5.0,,8.0,,3.0,3.0,2.0,5.0,4.0,10.0,6.0,6.0,,,8.0,2.0,7,10.0,10,1
2006-03-31,80517,,11,3,6020.0,14528210,CRRB,CARROLLTON BANCORP,CRRB,522110.0,Q,A,R,13085,3,6020.0,,,,60.0,602.0,,,,,,,15.95,0.025064,2813.0,1.0,15.74,44867.35,CRRB,10.0,,,,,1,10.0,10.0,6.0,,,,,7.0,2.0,2.0,,,,,,10.0,2.0,2.0,3.0,,5.0,,5.0,7.0,,,10.0,4.0,9.0,5.0,,8.0,,3.0,3.0,2.0,5.0,4.0,10.0,6.0,6.0,,,8.0,2.0,7,10.0,10,1
2006-04-03,80517,,11,3,6020.0,14528210,CRRB,CARROLLTON BANCORP,CRRB,522110.0,Q,A,R,13085,3,6020.0,,,,60.0,602.0,,,,,,,16.0,0.003135,2813.0,1.0,15.96,45008.0,CRRB,10.0,,,,,1,10.0,10.0,6.0,,,,,7.0,2.0,2.0,,,,,,10.0,2.0,2.0,3.0,,5.0,,4.0,6.0,,,10.0,4.0,10.0,5.0,,8.0,,3.0,3.0,2.0,4.0,4.0,10.0,2.0,3.0,,,7.0,2.0,7,10.0,10,1
2006-04-04,80517,,11,3,6020.0,14528210,CRRB,CARROLLTON BANCORP,CRRB,522110.0,Q,A,R,13085,3,6020.0,,,,60.0,602.0,,,,,,,16.0,0.0,2813.0,1.0,16.0,45008.0,CRRB,10.0,,,,,1,10.0,10.0,6.0,,,,,7.0,2.0,2.0,,,,,,10.0,2.0,2.0,3.0,,5.0,,4.0,6.0,,,10.0,4.0,10.0,5.0,,8.0,,3.0,3.0,2.0,4.0,4.0,10.0,2.0,3.0,,,7.0,2.0,7,10.0,10,1
2006-04-05,80517,,11,3,6020.0,14528210,CRRB,CARROLLTON BANCORP,CRRB,522110.0,Q,A,R,13085,3,6020.0,,,,60.0,602.0,,,,,,,16.33,0.020625,2813.0,1.0,16.0,45936.29,CRRB,10.0,,,,,1,10.0,10.0,6.0,,,,,7.0,2.0,2.0,,,,,,10.0,2.0,2.0,3.0,,5.0,,4.0,6.0,,,10.0,4.0,10.0,5.0,,8.0,,3.0,3.0,2.0,4.0,4.0,10.0,2.0,3.0,,,7.0,2.0,7,10.0,10,1
2006-04-06,80517,,11,3,6020.0,14528210,CRRB,CARROLLTON BANCORP,CRRB,522110.0,Q,A,R,13085,3,6020.0,,,,60.0,602.0,,,,,,,-16.18,-0.009186,2813.0,1.0,,-45514.34,CRRB,10.0,,,,,1,10.0,10.0,6.0,,,,,7.0,2.0,2.0,,,,,,10.0,2.0,2.0,3.0,,5.0,,4.0,6.0,,,10.0,4.0,10.0,5.0,,8.0,,3.0,3.0,2.0,4.0,4.0,10.0,2.0,3.0,,,7.0,2.0,7,10.0,10,1
2006-04-07,80517,,11,3,6020.0,14528210,CRRB,CARROLLTON BANCORP,CRRB,522110.0,Q,A,R,13085,3,6020.0,,,,60.0,602.0,,,,,,,16.0,-0.011125,2813.0,1.0,16.01,45008.0,CRRB,10.0,,,,,1,10.0,10.0,6.0,,,,,7.0,2.0,2.0,,,,,,10.0,2.0,2.0,3.0,,5.0,,4.0,6.0,,,10.0,4.0,10.0,5.0,,8.0,,3.0,3.0,2.0,4.0,4.0,10.0,2.0,3.0,,,7.0,2.0,7,10.0,10,1
2006-04-10,80517,,11,3,6020.0,14528210,CRRB,CARROLLTON BANCORP,CRRB,522110.0,Q,A,R,13085,3,6020.0,,,,60.0,602.0,,,,,,,15.902,-0.006125,2813.0,1.0,15.85,44732.326,CRRB,10.0,,,,,1,10.0,10.0,6.0,,,,,7.0,2.0,2.0,,,,,,10.0,2.0,2.0,3.0,,5.0,,4.0,6.0,,,10.0,4.0,10.0,5.0,,8.0,,3.0,3.0,2.0,4.0,4.0,10.0,2.0,3.0,,,7.0,2.0,7,10.0,10,1
2006-04-11,80517,,11,3,6020.0,14528210,CRRB,CARROLLTON BANCORP,CRRB,522110.0,Q,A,R,13085,3,6020.0,,,,60.0,602.0,,,,,,,-16.105,0.012766,2813.0,1.0,,-45303.365,CRRB,10.0,,,,,1,10.0,10.0,6.0,,,,,7.0,2.0,2.0,,,,,,10.0,2.0,2.0,3.0,,5.0,,4.0,6.0,,,10.0,4.0,10.0,5.0,,8.0,,3.0,3.0,2.0,4.0,4.0,10.0,2.0,3.0,,,7.0,2.0,7,10.0,10,1
2006-04-12,80517,,11,3,6020.0,14528210,CRRB,CARROLLTON BANCORP,CRRB,522110.0,Q,A,R,13085,3,6020.0,,,,60.0,602.0,,,,,,,15.76,-0.021422,2813.0,1.0,15.8,44332.88,CRRB,10.0,,,,,1,10.0,10.0,6.0,,,,,7.0,2.0,2.0,,,,,,10.0,2.0,2.0,3.0,,5.0,,4.0,6.0,,,10.0,4.0,10.0,5.0,,8.0,,3.0,3.0,2.0,4.0,4.0,10.0,2.0,3.0,,,7.0,2.0,7,10.0,10,1
2006-04-13,80517,,11,3,6020.0,14528210,CRRB,CARROLLTON BANCORP,CRRB,522110.0,Q,A,R,13085,3,6020.0,,,,60.0,602.0,,,,,,,-16.08,0.020305,2813.0,1.0,,-45233.04,CRRB,10.0,,,,,1,10.0,10.0,6.0,,,,,7.0,2.0,2.0,,,,,,10.0,2.0,2.0,3.0,,5.0,,4.0,6.0,,,10.0,4.0,10.0,5.0,,8.0,,3.0,3.0,2.0,4.0,4.0,10.0,2.0,3.0,,,7.0,2.0,7,10.0,10,1
2006-04-17,80517,,11,3,6020.0,14528210,CRRB,CARROLLTON BANCORP,CRRB,522110.0,Q,A,R,13085,3,6020.0,,,,60.0,602.0,,,,,,,16.38,0.018657,2813.0,1.0,16.38,46076.94,CRRB,10.0,,,,,1,10.0,10.0,6.0,,,,,7.0,2.0,2.0,,,,,,10.0,2.0,2.0,3.0,,5.0,,4.0,6.0,,,10.0,4.0,10.0,5.0,,8.0,,3.0,3.0,2.0,4.0,4.0,10.0,2.0,3.0,,,7.0,2.0,7,10.0,10,1
2006-04-18,80517,,11,3,6020.0,14528210,CRRB,CARROLLTON BANCORP,CRRB,522110.0,Q,A,R,13085,3,6020.0,,,,60.0,602.0,,,,,,,16.31,-0.004273,2813.0,1.0,15.85,45880.03,CRRB,10.0,,,,,1,10.0,10.0,6.0,,,,,7.0,2.0,2.0,,,,,,10.0,2.0,2.0,3.0,,5.0,,4.0,6.0,,,10.0,4.0,10.0,5.0,,8.0,,3.0,3.0,2.0,4.0,4.0,10.0,2.0,3.0,,,7.0,2.0,7,10.0,10,1
2006-04-19,80517,,11,3,6020.0,14528210,CRRB,CARROLLTON BANCORP,CRRB,522110.0,Q,A,R,13085,3,6020.0,,,,60.0,602.0,,,,,,,-16.18,-0.007971,2813.0,1.0,,-45514.34,CRRB,10.0,,,,,1,10.0,10.0,6.0,,,,,7.0,2.0,2.0,,,,,,10.0,2.0,2.0,3.0,,5.0,,4.0,6.0,,,10.0,4.0,10.0,5.0,,8.0,,3.0,3.0,2.0,4.0,4.0,10.0,2.0,3.0,,,7.0,2.0,7,10.0,10,1
2006-04-20,80517,,11,3,6020.0,14528210,CRRB,CARROLLTON BANCORP,CRRB,522110.0,Q,A,R,13085,3,6020.0,,,,60.0,602.0,,,,,,,-16.475,0.018232,2813.0,1.0,,-46344.175,CRRB,10.0,,,,,1,10.0,10.0,6.0,,,,,7.0,2.0,2.0,,,,,,10.0,2.0,2.0,3.0,,5.0,,4.0,6.0,,,10.0,4.0,10.0,5.0,,8.0,,3.0,3.0,2.0,4.0,4.0,10.0,2.0,3.0,,,7.0,2.0,7,10.0,10,1
2006-04-21,80517,,11,3,6020.0,14528210,CRRB,CARROLLTON BANCORP,CRRB,522110.0,Q,A,R,13085,3,6020.0,,,,60.0,602.0,,,,,,,16.272,-0.012322,2813.0,1.0,16.272,45773.136,CRRB,10.0,,,,,1,10.0,10.0,6.0,,,,,7.0,2.0,2.0,,,,,,10.0,2.0,2.0,3.0,,5.0,,4.0,6.0,,,10.0,4.0,10.0,5.0,,8.0,,3.0,3.0,2.0,4.0,4.0,10.0,2.0,3.0,,,7.0,2.0,7,10.0,10,1
2006-04-24,80517,,11,3,6020.0,14528210,CRRB,CARROLLTON BANCORP,CRRB,522110.0,Q,A,R,13085,3,6020.0,,,,60.0,602.0,,,,,,,16.34,0.004179,2813.0,1.0,16.33,45964.42,CRRB,10.0,,,,,1,10.0,10.0,6.0,,,,,7.0,2.0,2.0,,,,,,10.0,2.0,2.0,3.0,,5.0,,4.0,6.0,,,10.0,4.0,10.0,5.0,,8.0,,3.0,3.0,2.0,4.0,4.0,10.0,2.0,3.0,,,7.0,2.0,7,10.0,10,1
2006-04-25,80517,,11,3,6020.0,14528210,CRRB,CARROLLTON BANCORP,CRRB,522110.0,Q,A,R,13085,3,6020.0,,,,60.0,602.0,,,,,,,16.46,0.007344,2813.0,1.0,16.34,46301.98,CRRB,10.0,,,,,1,10.0,10.0,6.0,,,,,7.0,2.0,2.0,,,,,,10.0,2.0,2.0,3.0,,5.0,,4.0,6.0,,,10.0,4.0,10.0,5.0,,8.0,,3.0,3.0,2.0,4.0,4.0,10.0,2.0,3.0,,,7.0,2.0,7,10.0,10,1
2006-04-26,80517,,11,3,6020.0,14528210,CRRB,CARROLLTON BANCORP,CRRB,522110.0,Q,A,R,13085,3,6020.0,,,,60.0,602.0,,,,,,,16.45,-0.000607,2813.0,1.0,16.45,46273.85,CRRB,10.0,,,,,1,10.0,10.0,6.0,,,,,7.0,2.0,2.0,,,,,,10.0,2.0,2.0,3.0,,5.0,,4.0,6.0,,,10.0,4.0,10.0,5.0,,8.0,,3.0,3.0,2.0,4.0,4.0,10.0,2.0,3.0,,,7.0,2.0,7,10.0,10,1
2006-04-27,80517,,11,3,6020.0,14528210,CRRB,CARROLLTON BANCORP,CRRB,522110.0,Q,A,R,13085,3,6020.0,,,,60.0,602.0,,,,,,,16.28,-0.010334,2813.0,1.0,16.75,45795.64,CRRB,10.0,,,,,1,10.0,10.0,6.0,,,,,7.0,2.0,2.0,,,,,,10.0,2.0,2.0,3.0,,5.0,,4.0,6.0,,,10.0,4.0,10.0,5.0,,8.0,,3.0,3.0,2.0,4.0,4.0,10.0,2.0,3.0,,,7.0,2.0,7,10.0,10,1
2006-04-28,80517,,11,3,6020.0,14528210,CRRB,CARROLLTON BANCORP,CRRB,522110.0,Q,A,R,13085,3,6020.0,,,,60.0,602.0,,,,,,,-16.44,0.009828,2813.0,1.0,,-46245.72,CRRB,10.0,,,,,1,10.0,10.0,6.0,,,,,7.0,2.0,2.0,,,,,,10.0,2.0,2.0,3.0,,5.0,,4.0,6.0,,,10.0,4.0,10.0,5.0,,8.0,,3.0,3.0,2.0,4.0,4.0,10.0,2.0,3.0,,,7.0,2.0,7,10.0,10,1
2006-05-01,80517,,11,3,6020.0,14528210,CRRB,CARROLLTON BANCORP,CRRB,522110.0,Q,A,R,13085,3,6020.0,,,,60.0,602.0,,,,,,,-16.21,-0.01399,2813.0,1.0,,-45598.73,CRRB,10.0,,,,,1,10.0,10.0,6.0,,,,,7.0,2.0,2.0,,,,,,10.0,2.0,2.0,3.0,,5.0,,6.0,5.0,,,10.0,4.0,9.0,4.0,,8.0,,6.0,8.0,2.0,4.0,7.0,10.0,5.0,6.0,7.0,7.0,9.0,2.0,7,10.0,10,1
2006-05-02,80517,,11,3,6020.0,14528210,CRRB,CARROLLTON BANCORP,CRRB,522110.0,Q,A,R,13085,3,6020.0,,,,60.0,602.0,,,,,,,16.3,0.005552,2813.0,1.0,16.3,45851.9,CRRB,10.0,,,,,1,10.0,10.0,6.0,,,,,7.0,2.0,2.0,,,,,,10.0,2.0,2.0,3.0,,5.0,,6.0,5.0,,,10.0,4.0,9.0,4.0,,8.0,,6.0,8.0,2.0,4.0,7.0,10.0,5.0,6.0,7.0,7.0,9.0,2.0,7,10.0,10,1
2006-05-03,80517,,11,3,6020.0,14528210,CRRB,CARROLLTON BANCORP,CRRB,522110.0,Q,A,R,13085,3,6020.0,,,,60.0,602.0,,,,,,,-16.465,0.010123,2813.0,1.0,,-46316.045,CRRB,10.0,,,,,1,10.0,10.0,6.0,,,,,7.0,2.0,2.0,,,,,,10.0,2.0,2.0,3.0,,5.0,,6.0,5.0,,,10.0,4.0,9.0,4.0,,8.0,,6.0,8.0,2.0,4.0,7.0,10.0,5.0,6.0,7.0,7.0,9.0,2.0,7,10.0,10,1
2006-05-04,80517,,11,3,6020.0,14528210,CRRB,CARROLLTON BANCORP,CRRB,522110.0,Q,A,R,13085,3,6020.0,,,,60.0,602.0,,,,,,,16.22,-0.01488,2813.0,1.0,16.89,45626.86,CRRB,10.0,,,,,1,10.0,10.0,6.0,,,,,7.0,2.0,2.0,,,,,,10.0,2.0,2.0,3.0,,5.0,,6.0,5.0,,,10.0,4.0,9.0,4.0,,8.0,,6.0,8.0,2.0,4.0,7.0,10.0,5.0,6.0,7.0,7.0,9.0,2.0,7,10.0,10,1
2006-05-05,80517,,11,3,6020.0,14528210,CRRB,CARROLLTON BANCORP,CRRB,522110.0,Q,A,R,13085,3,6020.0,,,,60.0,602.0,,,,,,,17.0,0.048089,2813.0,1.0,16.89,47821.0,CRRB,10.0,,,,,1,10.0,10.0,6.0,,,,,7.0,2.0,2.0,,,,,,10.0,2.0,2.0,3.0,,5.0,,6.0,5.0,,,10.0,4.0,9.0,4.0,,8.0,,6.0,8.0,2.0,4.0,7.0,10.0,5.0,6.0,7.0,7.0,9.0,2.0,7,10.0,10,1
2006-05-08,80517,,11,3,6020.0,14528210,CRRB,CARROLLTON BANCORP,CRRB,522110.0,Q,A,R,13085,3,6020.0,,,,60.0,602.0,,,,,,,17.0,0.0,2813.0,1.0,17.0,47821.0,CRRB,10.0,,,,,1,10.0,10.0,6.0,,,,,7.0,2.0,2.0,,,,,,10.0,2.0,2.0,3.0,,5.0,,6.0,5.0,,,10.0,4.0,9.0,4.0,,8.0,,6.0,8.0,2.0,4.0,7.0,10.0,5.0,6.0,7.0,7.0,9.0,2.0,7,10.0,10,1
2006-05-09,80517,,11,3,6020.0,14528210,CRRB,CARROLLTON BANCORP,CRRB,522110.0,Q,A,R,13085,3,6020.0,,,,60.0,602.0,1232.0,0.11,0.0,,,,17.0,0.006471,2813.0,1.0,17.0,47821.0,CRRB,10.0,,,,,1,10.0,10.0,6.0,,,,,7.0,2.0,2.0,,,,,,10.0,2.0,2.0,3.0,,5.0,,6.0,5.0,,,10.0,4.0,9.0,4.0,,8.0,,6.0,8.0,2.0,4.0,7.0,10.0,5.0,6.0,7.0,7.0,9.0,2.0,7,10.0,10,1
2006-05-10,80517,,11,3,6020.0,14528210,CRRB,CARROLLTON BANCORP,CRRB,522110.0,Q,A,R,13085,3,6020.0,,,,60.0,602.0,,,,,,,17.35,0.020588,2813.0,1.0,17.3,48805.55,CRRB,10.0,,,,,1,10.0,10.0,6.0,,,,,7.0,2.0,2.0,,,,,,10.0,2.0,2.0,3.0,,5.0,,6.0,5.0,,,10.0,4.0,9.0,4.0,,8.0,,6.0,8.0,2.0,4.0,7.0,10.0,5.0,6.0,7.0,7.0,9.0,2.0,7,10.0,10,1
2006-05-11,80517,,11,3,6020.0,14528210,CRRB,CARROLLTON BANCORP,CRRB,522110.0,Q,A,R,13085,3,6020.0,,,,60.0,602.0,,,,,,,17.34,-0.000576,2813.0,1.0,17.36,48777.42,CRRB,10.0,,,,,1,10.0,10.0,6.0,,,,,7.0,2.0,2.0,,,,,,10.0,2.0,2.0,3.0,,5.0,,6.0,5.0,,,10.0,4.0,9.0,4.0,,8.0,,6.0,8.0,2.0,4.0,7.0,10.0,5.0,6.0,7.0,7.0,9.0,2.0,7,10.0,10,1
2006-05-12,80517,,11,3,6020.0,14528210,CRRB,CARROLLTON BANCORP,CRRB,522110.0,Q,A,R,13085,3,6020.0,,,,60.0,602.0,,,,,,,17.4,0.00346,2813.0,1.0,17.4,48946.2,CRRB,10.0,,,,,1,10.0,10.0,6.0,,,,,7.0,2.0,2.0,,,,,,10.0,2.0,2.0,3.0,,5.0,,6.0,5.0,,,10.0,4.0,9.0,4.0,,8.0,,6.0,8.0,2.0,4.0,7.0,10.0,5.0,6.0,7.0,7.0,9.0,2.0,7,10.0,10,1
2006-05-15,80517,,11,3,6020.0,14528210,CRRB,CARROLLTON BANCORP,CRRB,522110.0,Q,A,R,13085,3,6020.0,,,,60.0,602.0,,,,,,,17.9,0.028736,2813.0,1.0,17.7,50352.7,CRRB,10.0,,,,,1,10.0,10.0,6.0,,,,,7.0,2.0,2.0,,,,,,10.0,2.0,2.0,3.0,,5.0,,6.0,5.0,,,10.0,4.0,9.0,4.0,,8.0,,6.0,8.0,2.0,4.0,7.0,10.0,5.0,6.0,7.0,7.0,9.0,2.0,7,10.0,10,1
2006-05-16,80517,,11,3,6020.0,14528210,CRRB,CARROLLTON BANCORP,CRRB,522110.0,Q,A,R,13085,3,6020.0,,,,60.0,602.0,,,,,,,18.25,0.019553,2813.0,1.0,18.01,51337.25,CRRB,10.0,,,,,1,10.0,10.0,6.0,,,,,7.0,2.0,2.0,,,,,,10.0,2.0,2.0,3.0,,5.0,,6.0,5.0,,,10.0,4.0,9.0,4.0,,8.0,,6.0,8.0,2.0,4.0,7.0,10.0,5.0,6.0,7.0,7.0,9.0,2.0,7,10.0,10,1
2006-05-17,80517,,11,3,6020.0,14528210,CRRB,CARROLLTON BANCORP,CRRB,522110.0,Q,A,R,13085,3,6020.0,,,,60.0,602.0,,,,,,,18.0,-0.013699,2813.0,1.0,18.27,50634.0,CRRB,10.0,,,,,1,10.0,10.0,6.0,,,,,7.0,2.0,2.0,,,,,,10.0,2.0,2.0,3.0,,5.0,,6.0,5.0,,,10.0,4.0,9.0,4.0,,8.0,,6.0,8.0,2.0,4.0,7.0,10.0,5.0,6.0,7.0,7.0,9.0,2.0,7,10.0,10,1
2006-05-18,80517,,11,3,6020.0,14528210,CRRB,CARROLLTON BANCORP,CRRB,522110.0,Q,A,R,13085,3,6020.0,,,,60.0,602.0,,,,,,,18.19,0.010556,2813.0,1.0,18.19,51168.47,CRRB,10.0,,,,,1,10.0,10.0,6.0,,,,,7.0,2.0,2.0,,,,,,10.0,2.0,2.0,3.0,,5.0,,6.0,5.0,,,10.0,4.0,9.0,4.0,,8.0,,6.0,8.0,2.0,4.0,7.0,10.0,5.0,6.0,7.0,7.0,9.0,2.0,7,10.0,10,1
2006-05-19,80517,,11,3,6020.0,14528210,CRRB,CARROLLTON BANCORP,CRRB,522110.0,Q,A,R,13085,3,6020.0,,,,60.0,602.0,,,,,,,-18.255,0.003573,2813.0,1.0,,-51351.315,CRRB,10.0,,,,,1,10.0,10.0,6.0,,,,,7.0,2.0,2.0,,,,,,10.0,2.0,2.0,3.0,,5.0,,6.0,5.0,,,10.0,4.0,9.0,4.0,,8.0,,6.0,8.0,2.0,4.0,7.0,10.0,5.0,6.0,7.0,7.0,9.0,2.0,7,10.0,10,1
2006-05-22,80517,,11,3,6020.0,14528210,CRRB,CARROLLTON BANCORP,CRRB,522110.0,Q,A,R,13085,3,6020.0,,,,60.0,602.0,,,,,,,18.0,-0.013969,2813.0,1.0,18.03,50634.0,CRRB,10.0,,,,,1,10.0,10.0,6.0,,,,,7.0,2.0,2.0,,,,,,10.0,2.0,2.0,3.0,,5.0,,6.0,5.0,,,10.0,4.0,9.0,4.0,,8.0,,6.0,8.0,2.0,4.0,7.0,10.0,5.0,6.0,7.0,7.0,9.0,2.0,7,10.0,10,1
2006-05-23,80517,,11,3,6020.0,14528210,CRRB,CARROLLTON BANCORP,CRRB,522110.0,Q,A,R,13085,3,6020.0,,,,60.0,602.0,,,,,,,-18.24,0.013333,2813.0,1.0,,-51309.12,CRRB,10.0,,,,,1,10.0,10.0,6.0,,,,,7.0,2.0,2.0,,,,,,10.0,2.0,2.0,3.0,,5.0,,6.0,5.0,,,10.0,4.0,9.0,4.0,,8.0,,6.0,8.0,2.0,4.0,7.0,10.0,5.0,6.0,7.0,7.0,9.0,2.0,7,10.0,10,1
2006-05-24,80517,,11,3,6020.0,14528210,CRRB,CARROLLTON BANCORP,CRRB,522110.0,Q,A,R,13085,3,6020.0,,,,60.0,602.0,,,,,,,18.03,-0.011513,2813.0,1.0,18.03,50718.39,CRRB,10.0,,,,,1,10.0,10.0,6.0,,,,,7.0,2.0,2.0,,,,,,10.0,2.0,2.0,3.0,,5.0,,6.0,5.0,,,10.0,4.0,9.0,4.0,,8.0,,6.0,8.0,2.0,4.0,7.0,10.0,5.0,6.0,7.0,7.0,9.0,2.0,7,10.0,10,1
2006-05-25,80517,,11,3,6020.0,14528210,CRRB,CARROLLTON BANCORP,CRRB,522110.0,Q,A,R,13085,3,6020.0,,,,60.0,602.0,,,,,,,-18.21,0.009983,2813.0,1.0,,-51224.73,CRRB,10.0,,,,,1,10.0,10.0,6.0,,,,,7.0,2.0,2.0,,,,,,10.0,2.0,2.0,3.0,,5.0,,6.0,5.0,,,10.0,4.0,9.0,4.0,,8.0,,6.0,8.0,2.0,4.0,7.0,10.0,5.0,6.0,7.0,7.0,9.0,2.0,7,10.0,10,1
2006-05-26,80517,,11,3,6020.0,14528210,CRRB,CARROLLTON BANCORP,CRRB,522110.0,Q,A,R,13085,3,6020.0,,,,60.0,602.0,,,,,,,-18.205,-0.000275,2813.0,1.0,,-51210.665,CRRB,10.0,,,,,1,10.0,10.0,6.0,,,,,7.0,2.0,2.0,,,,,,10.0,2.0,2.0,3.0,,5.0,,6.0,5.0,,,10.0,4.0,9.0,4.0,,8.0,,6.0,8.0,2.0,4.0,7.0,10.0,5.0,6.0,7.0,7.0,9.0,2.0,7,10.0,10,1
2006-05-30,80517,,11,3,6020.0,14528210,CRRB,CARROLLTON BANCORP,CRRB,522110.0,Q,A,R,13085,3,6020.0,,,,60.0,602.0,,,,,,,17.98,-0.012359,2813.0,1.0,18.03,50577.74,CRRB,10.0,,,,,1,10.0,10.0,6.0,,,,,7.0,2.0,2.0,,,,,,10.0,2.0,2.0,3.0,,5.0,,6.0,5.0,,,10.0,4.0,9.0,4.0,,8.0,,6.0,8.0,2.0,4.0,7.0,10.0,5.0,6.0,7.0,7.0,9.0,2.0,7,10.0,10,1
2006-05-31,80517,,11,3,6020.0,14528210,CRRB,CARROLLTON BANCORP,CRRB,522110.0,Q,A,R,13085,3,6020.0,,,,60.0,602.0,,,,,,,18.15,0.009455,2813.0,1.0,18.0,51055.95,CRRB,10.0,,,,,1,10.0,10.0,6.0,,,,,7.0,2.0,2.0,,,,,,10.0,2.0,2.0,3.0,,5.0,,6.0,5.0,,,10.0,4.0,9.0,4.0,,8.0,,6.0,8.0,2.0,4.0,7.0,10.0,5.0,6.0,7.0,7.0,9.0,2.0,7,10.0,10,1
2006-06-01,80517,,11,3,6020.0,14528210,CRRB,CARROLLTON BANCORP,CRRB,522110.0,Q,A,R,13085,3,6020.0,,,,60.0,602.0,,,,,,,18.6,0.024793,2813.0,1.0,18.4,52321.8,CRRB,10.0,,,,,1,10.0,10.0,6.0,,,,,7.0,2.0,2.0,,,,,,10.0,2.0,2.0,3.0,,5.0,,6.0,6.0,,,10.0,5.0,8.0,5.0,,8.0,,5.0,8.0,2.0,1.0,7.0,10.0,8.0,1.0,1.0,2.0,8.0,3.0,7,10.0,10,1
2006-06-02,80517,,11,3,6020.0,14528210,CRRB,CARROLLTON BANCORP,CRRB,522110.0,Q,A,R,13085,3,6020.0,,,,60.0,602.0,,,,,,,18.8,0.010753,2813.0,1.0,18.8,52884.4,CRRB,10.0,,,,,1,10.0,10.0,6.0,,,,,7.0,2.0,2.0,,,,,,10.0,2.0,2.0,3.0,,5.0,,6.0,6.0,,,10.0,5.0,8.0,5.0,,8.0,,5.0,8.0,2.0,1.0,7.0,10.0,8.0,1.0,1.0,2.0,8.0,3.0,7,10.0,10,1
2006-06-05,80517,,11,3,6020.0,14528210,CRRB,CARROLLTON BANCORP,CRRB,522110.0,Q,A,R,13085,3,6020.0,,,,60.0,602.0,,,,,,,18.02,-0.041489,2813.0,1.0,18.3501,50690.26,CRRB,10.0,,,,,1,10.0,10.0,6.0,,,,,7.0,2.0,2.0,,,,,,10.0,2.0,2.0,3.0,,5.0,,6.0,6.0,,,10.0,5.0,8.0,5.0,,8.0,,5.0,8.0,2.0,1.0,7.0,10.0,8.0,1.0,1.0,2.0,8.0,3.0,7,10.0,10,1
2006-06-06,80517,,11,3,6020.0,14528210,CRRB,CARROLLTON BANCORP,CRRB,522110.0,Q,A,R,13085,3,6020.0,,,,60.0,602.0,,,,,,,18.15,0.007214,2813.0,1.0,18.15,51055.95,CRRB,10.0,,,,,1,10.0,10.0,6.0,,,,,7.0,2.0,2.0,,,,,,10.0,2.0,2.0,3.0,,5.0,,6.0,6.0,,,10.0,5.0,8.0,5.0,,8.0,,5.0,8.0,2.0,1.0,7.0,10.0,8.0,1.0,1.0,2.0,8.0,3.0,7,10.0,10,1
2006-06-07,80517,,11,3,6020.0,14528210,CRRB,CARROLLTON BANCORP,CRRB,522110.0,Q,A,R,13085,3,6020.0,,,,60.0,602.0,,,,,,,18.15,0.0,2813.0,1.0,18.05,51055.95,CRRB,10.0,,,,,1,10.0,10.0,6.0,,,,,7.0,2.0,2.0,,,,,,10.0,2.0,2.0,3.0,,5.0,,6.0,6.0,,,10.0,5.0,8.0,5.0,,8.0,,5.0,8.0,2.0,1.0,7.0,10.0,8.0,1.0,1.0,2.0,8.0,3.0,7,10.0,10,1
2006-06-08,80517,,11,3,6020.0,14528210,CRRB,CARROLLTON BANCORP,CRRB,522110.0,Q,A,R,13085,3,6020.0,,,,60.0,602.0,,,,,,,17.92,-0.012672,2813.0,1.0,18.0,50408.96,CRRB,10.0,,,,,1,10.0,10.0,6.0,,,,,7.0,2.0,2.0,,,,,,10.0,2.0,2.0,3.0,,5.0,,6.0,6.0,,,10.0,5.0,8.0,5.0,,8.0,,5.0,8.0,2.0,1.0,7.0,10.0,8.0,1.0,1.0,2.0,8.0,3.0,7,10.0,10,1
2006-06-09,80517,,11,3,6020.0,14528210,CRRB,CARROLLTON BANCORP,CRRB,522110.0,Q,A,R,13085,3,6020.0,,,,60.0,602.0,,,,,,,18.3,0.021205,2813.0,1.0,18.14,51477.9,CRRB,10.0,,,,,1,10.0,10.0,6.0,,,,,7.0,2.0,2.0,,,,,,10.0,2.0,2.0,3.0,,5.0,,6.0,6.0,,,10.0,5.0,8.0,5.0,,8.0,,5.0,8.0,2.0,1.0,7.0,10.0,8.0,1.0,1.0,2.0,8.0,3.0,7,10.0,10,1
2006-06-12,80517,,11,3,6020.0,14528210,CRRB,CARROLLTON BANCORP,CRRB,522110.0,Q,A,R,13085,3,6020.0,,,,60.0,602.0,,,,,,,-18.16,-0.00765,2813.0,1.0,,-51084.08,CRRB,10.0,,,,,1,10.0,10.0,6.0,,,,,7.0,2.0,2.0,,,,,,10.0,2.0,2.0,3.0,,5.0,,6.0,6.0,,,10.0,5.0,8.0,5.0,,8.0,,5.0,8.0,2.0,1.0,7.0,10.0,8.0,1.0,1.0,2.0,8.0,3.0,7,10.0,10,1
2006-06-13,80517,,11,3,6020.0,14528210,CRRB,CARROLLTON BANCORP,CRRB,522110.0,Q,A,R,13085,3,6020.0,,,,60.0,602.0,,,,,,,17.92,-0.013216,2813.0,1.0,17.92,50408.96,CRRB,10.0,,,,,1,10.0,10.0,6.0,,,,,7.0,2.0,2.0,,,,,,10.0,2.0,2.0,3.0,,5.0,,6.0,6.0,,,10.0,5.0,8.0,5.0,,8.0,,5.0,8.0,2.0,1.0,7.0,10.0,8.0,1.0,1.0,2.0,8.0,3.0,7,10.0,10,1
2006-06-14,80517,,11,3,6020.0,14528210,CRRB,CARROLLTON BANCORP,CRRB,522110.0,Q,A,R,13085,3,6020.0,,,,60.0,602.0,,,,,,,17.92,0.0,2813.0,1.0,17.92,50408.96,CRRB,10.0,,,,,1,10.0,10.0,6.0,,,,,7.0,2.0,2.0,,,,,,10.0,2.0,2.0,3.0,,5.0,,6.0,6.0,,,10.0,5.0,8.0,5.0,,8.0,,5.0,8.0,2.0,1.0,7.0,10.0,8.0,1.0,1.0,2.0,8.0,3.0,7,10.0,10,1
2006-06-15,80517,,11,3,6020.0,14528210,CRRB,CARROLLTON BANCORP,CRRB,522110.0,Q,A,R,13085,3,6020.0,,,,60.0,602.0,,,,,,,-18.175,0.01423,2813.0,1.0,,-51126.275,CRRB,10.0,,,,,1,10.0,10.0,6.0,,,,,7.0,2.0,2.0,,,,,,10.0,2.0,2.0,3.0,,5.0,,6.0,6.0,,,10.0,5.0,8.0,5.0,,8.0,,5.0,8.0,2.0,1.0,7.0,10.0,8.0,1.0,1.0,2.0,8.0,3.0,7,10.0,10,1
2006-06-16,80517,,11,3,6020.0,14528210,CRRB,CARROLLTON BANCORP,CRRB,522110.0,Q,A,R,13085,3,6020.0,,,,60.0,602.0,,,,,,,18.35,0.009629,2813.0,1.0,18.48,51618.55,CRRB,10.0,,,,,1,10.0,10.0,6.0,,,,,7.0,2.0,2.0,,,,,,10.0,2.0,2.0,3.0,,5.0,,6.0,6.0,,,10.0,5.0,8.0,5.0,,8.0,,5.0,8.0,2.0,1.0,7.0,10.0,8.0,1.0,1.0,2.0,8.0,3.0,7,10.0,10,1
2006-06-19,80517,,11,3,6020.0,14528210,CRRB,CARROLLTON BANCORP,CRRB,522110.0,Q,A,R,13085,3,6020.0,,,,60.0,602.0,,,,,,,18.05,-0.016349,2813.0,1.0,18.49,50774.65,CRRB,10.0,,,,,1,10.0,10.0,6.0,,,,,7.0,2.0,2.0,,,,,,10.0,2.0,2.0,3.0,,5.0,,6.0,6.0,,,10.0,5.0,8.0,5.0,,8.0,,5.0,8.0,2.0,1.0,7.0,10.0,8.0,1.0,1.0,2.0,8.0,3.0,7,10.0,10,1
2006-06-20,80517,,11,3,6020.0,14528210,CRRB,CARROLLTON BANCORP,CRRB,522110.0,Q,A,R,13085,3,6020.0,,,,60.0,602.0,,,,,,,-18.075,0.001385,2813.0,1.0,,-50844.975,CRRB,10.0,,,,,1,10.0,10.0,6.0,,,,,7.0,2.0,2.0,,,,,,10.0,2.0,2.0,3.0,,5.0,,6.0,6.0,,,10.0,5.0,8.0,5.0,,8.0,,5.0,8.0,2.0,1.0,7.0,10.0,8.0,1.0,1.0,2.0,8.0,3.0,7,10.0,10,1
2006-06-21,80517,,11,3,6020.0,14528210,CRRB,CARROLLTON BANCORP,CRRB,522110.0,Q,A,R,13085,3,6020.0,,,,60.0,602.0,,,,,,,18.0,-0.004149,2813.0,1.0,18.0,50634.0,CRRB,10.0,,,,,1,10.0,10.0,6.0,,,,,7.0,2.0,2.0,,,,,,10.0,2.0,2.0,3.0,,5.0,,6.0,6.0,,,10.0,5.0,8.0,5.0,,8.0,,5.0,8.0,2.0,1.0,7.0,10.0,8.0,1.0,1.0,2.0,8.0,3.0,7,10.0,10,1
2006-06-22,80517,,11,3,6020.0,14528210,CRRB,CARROLLTON BANCORP,CRRB,522110.0,Q,A,R,13085,3,6020.0,,,,60.0,602.0,,,,,,,17.5,-0.027778,2813.0,1.0,17.91,49227.5,CRRB,10.0,,,,,1,10.0,10.0,6.0,,,,,7.0,2.0,2.0,,,,,,10.0,2.0,2.0,3.0,,5.0,,6.0,6.0,,,10.0,5.0,8.0,5.0,,8.0,,5.0,8.0,2.0,1.0,7.0,10.0,8.0,1.0,1.0,2.0,8.0,3.0,7,10.0,10,1
2006-06-23,80517,,11,3,6020.0,14528210,CRRB,CARROLLTON BANCORP,CRRB,522110.0,Q,A,R,13085,3,6020.0,,,,60.0,602.0,,,,,,,17.77,0.015429,2813.0,1.0,17.5,49987.01,CRRB,10.0,,,,,1,10.0,10.0,6.0,,,,,7.0,2.0,2.0,,,,,,10.0,2.0,2.0,3.0,,5.0,,6.0,6.0,,,10.0,5.0,8.0,5.0,,8.0,,5.0,8.0,2.0,1.0,7.0,10.0,8.0,1.0,1.0,2.0,8.0,3.0,7,10.0,10,1
2006-06-26,80517,,11,3,6020.0,14528210,CRRB,CARROLLTON BANCORP,CRRB,522110.0,Q,A,R,13085,3,6020.0,,,,60.0,602.0,,,,,,,17.59,-0.010129,2813.0,1.0,17.51,49480.67,CRRB,10.0,,,,,1,10.0,10.0,6.0,,,,,7.0,2.0,2.0,,,,,,10.0,2.0,2.0,3.0,,5.0,,6.0,6.0,,,10.0,5.0,8.0,5.0,,8.0,,5.0,8.0,2.0,1.0,7.0,10.0,8.0,1.0,1.0,2.0,8.0,3.0,7,10.0,10,1
2006-06-27,80517,,11,3,6020.0,14528210,CRRB,CARROLLTON BANCORP,CRRB,522110.0,Q,A,R,13085,3,6020.0,,,,60.0,602.0,,,,,,,17.66,0.00398,2813.0,1.0,17.66,49677.58,CRRB,10.0,,,,,1,10.0,10.0,6.0,,,,,7.0,2.0,2.0,,,,,,10.0,2.0,2.0,3.0,,5.0,,6.0,6.0,,,10.0,5.0,8.0,5.0,,8.0,,5.0,8.0,2.0,1.0,7.0,10.0,8.0,1.0,1.0,2.0,8.0,3.0,7,10.0,10,1
2006-06-28,80517,,11,3,6020.0,14528210,CRRB,CARROLLTON BANCORP,CRRB,522110.0,Q,A,R,13085,3,6020.0,,,,60.0,602.0,,,,,,,-17.325,-0.018969,2813.0,1.0,,-48735.225,CRRB,10.0,,,,,1,10.0,10.0,6.0,,,,,7.0,2.0,2.0,,,,,,10.0,2.0,2.0,3.0,,5.0,,6.0,6.0,,,10.0,5.0,8.0,5.0,,8.0,,5.0,8.0,2.0,1.0,7.0,10.0,8.0,1.0,1.0,2.0,8.0,3.0,7,10.0,10,1
2006-06-29,80517,,11,3,6020.0,14528210,CRRB,CARROLLTON BANCORP,CRRB,522110.0,Q,A,R,13085,3,6020.0,,,,60.0,602.0,,,,,,,17.4,0.004329,2813.0,1.0,17.3,48946.2,CRRB,10.0,,,,,1,10.0,10.0,6.0,,,,,7.0,2.0,2.0,,,,,,10.0,2.0,2.0,3.0,,5.0,,6.0,6.0,,,10.0,5.0,8.0,5.0,,8.0,,5.0,8.0,2.0,1.0,7.0,10.0,8.0,1.0,1.0,2.0,8.0,3.0,7,10.0,10,1
2006-06-30,80517,20131031.0,11,3,6020.0,14528210,CRRB,CARROLLTON BANCORP,CRRB,551111.0,Q,A,R,13085,3,6020.0,,,,60.0,602.0,,,,,,,17.75,0.020115,2813.0,1.0,17.75,49930.75,CRRB,10.0,,,,,1,10.0,10.0,6.0,,,,,7.0,2.0,2.0,,,,,,10.0,2.0,2.0,3.0,,5.0,,6.0,6.0,,,10.0,5.0,8.0,5.0,,8.0,,5.0,8.0,2.0,1.0,7.0,10.0,8.0,1.0,1.0,2.0,8.0,3.0,7,10.0,10,1
2006-07-03,80517,,11,3,6020.0,14528210,CRRB,CARROLLTON BANCORP,CRRB,551111.0,Q,A,R,13085,3,6020.0,,,,60.0,602.0,,,,,,,17.8,0.002817,2813.0,1.0,17.8,50071.4,CRRB,10.0,,,,,10,10.0,10.0,8.0,,,,,8.0,6.0,5.0,,,,,,10.0,2.0,3.0,5.0,,4.0,,9.0,5.0,,,10.0,8.0,8.0,6.0,,8.0,,4.0,8.0,2.0,7.0,6.0,10.0,7.0,6.0,7.0,7.0,9.0,3.0,7,10.0,10,1
2006-07-05,80517,,11,3,6020.0,14528210,CRRB,CARROLLTON BANCORP,CRRB,551111.0,Q,A,R,13085,3,6020.0,,,,60.0,602.0,,,,,,,17.1,-0.039326,2813.0,1.0,17.1,48102.3,CRRB,10.0,,,,,10,10.0,10.0,8.0,,,,,8.0,6.0,5.0,,,,,,10.0,2.0,3.0,5.0,,4.0,,9.0,5.0,,,10.0,8.0,8.0,6.0,,8.0,,4.0,8.0,2.0,7.0,6.0,10.0,7.0,6.0,7.0,7.0,9.0,3.0,7,10.0,10,1
2006-07-06,80517,,11,3,6020.0,14528210,CRRB,CARROLLTON BANCORP,CRRB,551111.0,Q,A,R,13085,3,6020.0,,,,60.0,602.0,,,,,,,17.1,0.0,2813.0,1.0,17.1,48102.3,CRRB,10.0,,,,,10,10.0,10.0,8.0,,,,,8.0,6.0,5.0,,,,,,10.0,2.0,3.0,5.0,,4.0,,9.0,5.0,,,10.0,8.0,8.0,6.0,,8.0,,4.0,8.0,2.0,7.0,6.0,10.0,7.0,6.0,7.0,7.0,9.0,3.0,7,10.0,10,1
2006-07-07,80517,,11,3,6020.0,14528210,CRRB,CARROLLTON BANCORP,CRRB,551111.0,Q,A,R,13085,3,6020.0,,,,60.0,602.0,,,,,,,17.56,0.026901,2813.0,1.0,17.07,49396.28,CRRB,10.0,,,,,10,10.0,10.0,8.0,,,,,8.0,6.0,5.0,,,,,,10.0,2.0,3.0,5.0,,4.0,,9.0,5.0,,,10.0,8.0,8.0,6.0,,8.0,,4.0,8.0,2.0,7.0,6.0,10.0,7.0,6.0,7.0,7.0,9.0,3.0,7,10.0,10,1
2006-07-10,80517,,11,3,6020.0,14528210,CRRB,CARROLLTON BANCORP,CRRB,551111.0,Q,A,R,13085,3,6020.0,,,,60.0,602.0,,,,,,,17.5,-0.003417,2813.0,1.0,17.35,49227.5,CRRB,10.0,,,,,10,10.0,10.0,8.0,,,,,8.0,6.0,5.0,,,,,,10.0,2.0,3.0,5.0,,4.0,,9.0,5.0,,,10.0,8.0,8.0,6.0,,8.0,,4.0,8.0,2.0,7.0,6.0,10.0,7.0,6.0,7.0,7.0,9.0,3.0,7,10.0,10,1
2006-07-11,80517,,11,3,6020.0,14528210,CRRB,CARROLLTON BANCORP,CRRB,551111.0,Q,A,R,13085,3,6020.0,,,,60.0,602.0,,,,,,,16.25,-0.071429,2813.0,1.0,17.0,45711.25,CRRB,10.0,,,,,10,10.0,10.0,8.0,,,,,8.0,6.0,5.0,,,,,,10.0,2.0,3.0,5.0,,4.0,,9.0,5.0,,,10.0,8.0,8.0,6.0,,8.0,,4.0,8.0,2.0,7.0,6.0,10.0,7.0,6.0,7.0,7.0,9.0,3.0,7,10.0,10,1
2006-07-12,80517,,11,3,6020.0,14528210,CRRB,CARROLLTON BANCORP,CRRB,551111.0,Q,A,R,13085,3,6020.0,,,,60.0,602.0,,,,,,,16.32,0.004308,2813.0,1.0,16.27,45908.16,CRRB,10.0,,,,,10,10.0,10.0,8.0,,,,,8.0,6.0,5.0,,,,,,10.0,2.0,3.0,5.0,,4.0,,9.0,5.0,,,10.0,8.0,8.0,6.0,,8.0,,4.0,8.0,2.0,7.0,6.0,10.0,7.0,6.0,7.0,7.0,9.0,3.0,7,10.0,10,1
2006-07-13,80517,,11,3,6020.0,14528210,CRRB,CARROLLTON BANCORP,CRRB,551111.0,Q,A,R,13085,3,6020.0,,,,60.0,602.0,,,,,,,16.3,-0.001226,2813.0,1.0,16.3,45851.9,CRRB,10.0,,,,,10,10.0,10.0,8.0,,,,,8.0,6.0,5.0,,,,,,10.0,2.0,3.0,5.0,,4.0,,9.0,5.0,,,10.0,8.0,8.0,6.0,,8.0,,4.0,8.0,2.0,7.0,6.0,10.0,7.0,6.0,7.0,7.0,9.0,3.0,7,10.0,10,1
2006-07-14,80517,,11,3,6020.0,14528210,CRRB,CARROLLTON BANCORP,CRRB,551111.0,Q,A,R,13085,3,6020.0,,,,60.0,602.0,,,,,,,-16.595,0.018098,2813.0,1.0,,-46681.735,CRRB,10.0,,,,,10,10.0,10.0,8.0,,,,,8.0,6.0,5.0,,,,,,10.0,2.0,3.0,5.0,,4.0,,9.0,5.0,,,10.0,8.0,8.0,6.0,,8.0,,4.0,8.0,2.0,7.0,6.0,10.0,7.0,6.0,7.0,7.0,9.0,3.0,7,10.0,10,1
2006-07-17,80517,,11,3,6020.0,14528210,CRRB,CARROLLTON BANCORP,CRRB,551111.0,Q,A,R,13085,3,6020.0,,,,60.0,602.0,,,,,,,-16.63,0.002109,2813.0,1.0,,-46780.19,CRRB,10.0,,,,,10,10.0,10.0,8.0,,,,,8.0,6.0,5.0,,,,,,10.0,2.0,3.0,5.0,,4.0,,9.0,5.0,,,10.0,8.0,8.0,6.0,,8.0,,4.0,8.0,2.0,7.0,6.0,10.0,7.0,6.0,7.0,7.0,9.0,3.0,7,10.0,10,1
2006-07-18,80517,,11,3,6020.0,14528210,CRRB,CARROLLTON BANCORP,CRRB,551111.0,Q,A,R,13085,3,6020.0,,,,60.0,602.0,,,,,,,-16.77,0.008419,2813.0,1.0,,-47174.01,CRRB,10.0,,,,,10,10.0,10.0,8.0,,,,,8.0,6.0,5.0,,,,,,10.0,2.0,3.0,5.0,,4.0,,9.0,5.0,,,10.0,8.0,8.0,6.0,,8.0,,4.0,8.0,2.0,7.0,6.0,10.0,7.0,6.0,7.0,7.0,9.0,3.0,7,10.0,10,1
2006-07-19,80517,,11,3,6020.0,14528210,CRRB,CARROLLTON BANCORP,CRRB,551111.0,Q,A,R,13085,3,6020.0,,,,60.0,602.0,,,,,,,16.99,0.013119,2813.0,1.0,16.55,47792.87,CRRB,10.0,,,,,10,10.0,10.0,8.0,,,,,8.0,6.0,5.0,,,,,,10.0,2.0,3.0,5.0,,4.0,,9.0,5.0,,,10.0,8.0,8.0,6.0,,8.0,,4.0,8.0,2.0,7.0,6.0,10.0,7.0,6.0,7.0,7.0,9.0,3.0,7,10.0,10,1
2006-07-20,80517,,11,3,6020.0,14528210,CRRB,CARROLLTON BANCORP,CRRB,551111.0,Q,A,R,13085,3,6020.0,,,,60.0,602.0,,,,,,,-16.815,-0.0103,2813.0,1.0,,-47300.595,CRRB,10.0,,,,,10,10.0,10.0,8.0,,,,,8.0,6.0,5.0,,,,,,10.0,2.0,3.0,5.0,,4.0,,9.0,5.0,,,10.0,8.0,8.0,6.0,,8.0,,4.0,8.0,2.0,7.0,6.0,10.0,7.0,6.0,7.0,7.0,9.0,3.0,7,10.0,10,1
2006-07-21,80517,,11,3,6020.0,14528210,CRRB,CARROLLTON BANCORP,CRRB,551111.0,Q,A,R,13085,3,6020.0,,,,60.0,602.0,,,,,,,-16.775,-0.002379,2813.0,1.0,,-47188.075,CRRB,10.0,,,,,10,10.0,10.0,8.0,,,,,8.0,6.0,5.0,,,,,,10.0,2.0,3.0,5.0,,4.0,,9.0,5.0,,,10.0,8.0,8.0,6.0,,8.0,,4.0,8.0,2.0,7.0,6.0,10.0,7.0,6.0,7.0,7.0,9.0,3.0,7,10.0,10,1
2006-07-24,80517,,11,3,6020.0,14528210,CRRB,CARROLLTON BANCORP,CRRB,551111.0,Q,A,R,13085,3,6020.0,,,,60.0,602.0,,,,,,,17.3,0.031297,2813.0,1.0,17.3,48664.9,CRRB,10.0,,,,,10,10.0,10.0,8.0,,,,,8.0,6.0,5.0,,,,,,10.0,2.0,3.0,5.0,,4.0,,9.0,5.0,,,10.0,8.0,8.0,6.0,,8.0,,4.0,8.0,2.0,7.0,6.0,10.0,7.0,6.0,7.0,7.0,9.0,3.0,7,10.0,10,1
2006-07-25,80517,,11,3,6020.0,14528210,CRRB,CARROLLTON BANCORP,CRRB,551111.0,Q,A,R,13085,3,6020.0,,,,60.0,602.0,,,,,,,-16.795,-0.029191,2813.0,1.0,,-47244.335,CRRB,10.0,,,,,10,10.0,10.0,8.0,,,,,8.0,6.0,5.0,,,,,,10.0,2.0,3.0,5.0,,4.0,,9.0,5.0,,,10.0,8.0,8.0,6.0,,8.0,,4.0,8.0,2.0,7.0,6.0,10.0,7.0,6.0,7.0,7.0,9.0,3.0,7,10.0,10,1
2006-07-26,80517,,11,3,6020.0,14528210,CRRB,CARROLLTON BANCORP,CRRB,551111.0,Q,A,R,13085,3,6020.0,,,,60.0,602.0,,,,,,,-16.785,-0.000595,2813.0,1.0,,-47216.205,CRRB,10.0,,,,,10,10.0,10.0,8.0,,,,,8.0,6.0,5.0,,,,,,10.0,2.0,3.0,5.0,,4.0,,9.0,5.0,,,10.0,8.0,8.0,6.0,,8.0,,4.0,8.0,2.0,7.0,6.0,10.0,7.0,6.0,7.0,7.0,9.0,3.0,7,10.0,10,1
2006-07-27,80517,,11,3,6020.0,14528210,CRRB,CARROLLTON BANCORP,CRRB,551111.0,Q,A,R,13085,3,6020.0,,,,60.0,602.0,,,,,,,-16.785,0.0,2813.0,1.0,,-47216.205,CRRB,10.0,,,,,10,10.0,10.0,8.0,,,,,8.0,6.0,5.0,,,,,,10.0,2.0,3.0,5.0,,4.0,,9.0,5.0,,,10.0,8.0,8.0,6.0,,8.0,,4.0,8.0,2.0,7.0,6.0,10.0,7.0,6.0,7.0,7.0,9.0,3.0,7,10.0,10,1
2006-07-28,80517,,11,3,6020.0,14528210,CRRB,CARROLLTON BANCORP,CRRB,551111.0,Q,A,R,13085,3,6020.0,,,,60.0,602.0,,,,,,,-16.87,0.005064,2813.0,1.0,,-47455.31,CRRB,10.0,,,,,10,10.0,10.0,8.0,,,,,8.0,6.0,5.0,,,,,,10.0,2.0,3.0,5.0,,4.0,,9.0,5.0,,,10.0,8.0,8.0,6.0,,8.0,,4.0,8.0,2.0,7.0,6.0,10.0,7.0,6.0,7.0,7.0,9.0,3.0,7,10.0,10,1
2006-07-31,80517,,11,3,6020.0,14528210,CRRB,CARROLLTON BANCORP,CRRB,551111.0,Q,A,R,13085,3,6020.0,,,,60.0,602.0,,,,,,,17.4899,0.036746,2813.0,1.0,17.4899,49199.0887,CRRB,10.0,,,,,10,10.0,10.0,8.0,,,,,8.0,6.0,5.0,,,,,,10.0,2.0,3.0,5.0,,4.0,,9.0,5.0,,,10.0,8.0,8.0,6.0,,8.0,,4.0,8.0,2.0,7.0,6.0,10.0,7.0,6.0,7.0,7.0,9.0,3.0,7,10.0,10,1
2006-08-01,80517,,11,3,6020.0,14528210,CRRB,CARROLLTON BANCORP,CRRB,551111.0,Q,A,R,13085,3,6020.0,,,,60.0,602.0,,,,,,,-16.945,-0.031155,2813.0,1.0,,-47666.285,CRRB,10.0,,,,,10,10.0,10.0,8.0,,,,,8.0,6.0,5.0,,,,,,10.0,2.0,3.0,5.0,,4.0,,8.0,8.0,,,10.0,8.0,9.0,6.0,,8.0,,,,,5.0,4.0,10.0,8.0,7.0,,,8.0,3.0,7,10.0,10,1
2006-08-02,80517,,11,3,6020.0,14528210,CRRB,CARROLLTON BANCORP,CRRB,551111.0,Q,A,R,13085,3,6020.0,,,,60.0,602.0,,,,,,,17.49,0.032163,2813.0,1.0,17.49,49199.37,CRRB,10.0,,,,,10,10.0,10.0,8.0,,,,,8.0,6.0,5.0,,,,,,10.0,2.0,3.0,5.0,,4.0,,8.0,8.0,,,10.0,8.0,9.0,6.0,,8.0,,,,,5.0,4.0,10.0,8.0,7.0,,,8.0,3.0,7,10.0,10,1
2006-08-03,80517,,11,3,6020.0,14528210,CRRB,CARROLLTON BANCORP,CRRB,551111.0,Q,A,R,13085,3,6020.0,,,,60.0,602.0,,,,,,,17.27,-0.012579,2813.0,1.0,17.27,48580.51,CRRB,10.0,,,,,10,10.0,10.0,8.0,,,,,8.0,6.0,5.0,,,,,,10.0,2.0,3.0,5.0,,4.0,,8.0,8.0,,,10.0,8.0,9.0,6.0,,8.0,,,,,5.0,4.0,10.0,8.0,7.0,,,8.0,3.0,7,10.0,10,1
2006-08-04,80517,,11,3,6020.0,14528210,CRRB,CARROLLTON BANCORP,CRRB,551111.0,Q,A,R,13085,3,6020.0,,,,60.0,602.0,,,,,,,17.27,0.0,2813.0,1.0,17.27,48580.51,CRRB,10.0,,,,,10,10.0,10.0,8.0,,,,,8.0,6.0,5.0,,,,,,10.0,2.0,3.0,5.0,,4.0,,8.0,8.0,,,10.0,8.0,9.0,6.0,,8.0,,,,,5.0,4.0,10.0,8.0,7.0,,,8.0,3.0,7,10.0,10,1
2006-08-07,80517,,11,3,6020.0,14528210,CRRB,CARROLLTON BANCORP,CRRB,551111.0,Q,A,R,13085,3,6020.0,,,,60.0,602.0,,,,,,,-17.485,0.012449,2813.0,1.0,,-49185.305,CRRB,10.0,,,,,10,10.0,10.0,8.0,,,,,8.0,6.0,5.0,,,,,,10.0,2.0,3.0,5.0,,4.0,,8.0,8.0,,,10.0,8.0,9.0,6.0,,8.0,,,,,5.0,4.0,10.0,8.0,7.0,,,8.0,3.0,7,10.0,10,1
2006-08-08,80517,,11,3,6020.0,14528210,CRRB,CARROLLTON BANCORP,CRRB,551111.0,Q,A,R,13085,3,6020.0,,,,60.0,602.0,,,,,,,17.29,-0.011152,2813.0,1.0,17.29,48636.77,CRRB,10.0,,,,,10,10.0,10.0,8.0,,,,,8.0,6.0,5.0,,,,,,10.0,2.0,3.0,5.0,,4.0,,8.0,8.0,,,10.0,8.0,9.0,6.0,,8.0,,,,,5.0,4.0,10.0,8.0,7.0,,,8.0,3.0,7,10.0,10,1
2006-08-09,80517,,11,3,6020.0,14528210,CRRB,CARROLLTON BANCORP,CRRB,551111.0,Q,A,R,13085,3,6020.0,,,,60.0,602.0,1232.0,0.11,0.0,,,,-17.195,0.000867,2813.0,1.0,,-48369.535,CRRB,10.0,,,,,10,10.0,10.0,8.0,,,,,8.0,6.0,5.0,,,,,,10.0,2.0,3.0,5.0,,4.0,,8.0,8.0,,,10.0,8.0,9.0,6.0,,8.0,,,,,5.0,4.0,10.0,8.0,7.0,,,8.0,3.0,7,10.0,10,1
2006-08-10,80517,,11,3,6020.0,14528210,CRRB,CARROLLTON BANCORP,CRRB,551111.0,Q,A,R,13085,3,6020.0,,,,60.0,602.0,,,,,,,17.1,-0.005525,2813.0,1.0,17.1,48102.3,CRRB,10.0,,,,,10,10.0,10.0,8.0,,,,,8.0,6.0,5.0,,,,,,10.0,2.0,3.0,5.0,,4.0,,8.0,8.0,,,10.0,8.0,9.0,6.0,,8.0,,,,,5.0,4.0,10.0,8.0,7.0,,,8.0,3.0,7,10.0,10,1
2006-08-11,80517,,11,3,6020.0,14528210,CRRB,CARROLLTON BANCORP,CRRB,551111.0,Q,A,R,13085,3,6020.0,,,,60.0,602.0,,,,,,,-17.66,0.032749,2813.0,1.0,,-49677.58,CRRB,10.0,,,,,10,10.0,10.0,8.0,,,,,8.0,6.0,5.0,,,,,,10.0,2.0,3.0,5.0,,4.0,,8.0,8.0,,,10.0,8.0,9.0,6.0,,8.0,,,,,5.0,4.0,10.0,8.0,7.0,,,8.0,3.0,7,10.0,10,1
2006-08-14,80517,,11,3,6020.0,14528210,CRRB,CARROLLTON BANCORP,CRRB,551111.0,Q,A,R,13085,3,6020.0,,,,60.0,602.0,,,,,,,17.1,-0.03171,2813.0,1.0,17.1,48102.3,CRRB,10.0,,,,,10,10.0,10.0,8.0,,,,,8.0,6.0,5.0,,,,,,10.0,2.0,3.0,5.0,,4.0,,8.0,8.0,,,10.0,8.0,9.0,6.0,,8.0,,,,,5.0,4.0,10.0,8.0,7.0,,,8.0,3.0,7,10.0,10,1
2006-08-15,80517,,11,3,6020.0,14528210,CRRB,CARROLLTON BANCORP,CRRB,551111.0,Q,A,R,13085,3,6020.0,,,,60.0,602.0,,,,,,,-17.475,0.02193,2813.0,1.0,,-49157.175,CRRB,10.0,,,,,10,10.0,10.0,8.0,,,,,8.0,6.0,5.0,,,,,,10.0,2.0,3.0,5.0,,4.0,,8.0,8.0,,,10.0,8.0,9.0,6.0,,8.0,,,,,5.0,4.0,10.0,8.0,7.0,,,8.0,3.0,7,10.0,10,1
2006-08-16,80517,,11,3,6020.0,14528210,CRRB,CARROLLTON BANCORP,CRRB,551111.0,Q,A,R,13085,3,6020.0,,,,60.0,602.0,,,,,,,-17.475,0.0,2813.0,1.0,,-49157.175,CRRB,10.0,,,,,10,10.0,10.0,8.0,,,,,8.0,6.0,5.0,,,,,,10.0,2.0,3.0,5.0,,4.0,,8.0,8.0,,,10.0,8.0,9.0,6.0,,8.0,,,,,5.0,4.0,10.0,8.0,7.0,,,8.0,3.0,7,10.0,10,1
2006-08-17,80517,,11,3,6020.0,14528210,CRRB,CARROLLTON BANCORP,CRRB,551111.0,Q,A,R,13085,3,6020.0,,,,60.0,602.0,,,,,,,17.84,0.020887,2813.0,1.0,17.83,50183.92,CRRB,10.0,,,,,10,10.0,10.0,8.0,,,,,8.0,6.0,5.0,,,,,,10.0,2.0,3.0,5.0,,4.0,,8.0,8.0,,,10.0,8.0,9.0,6.0,,8.0,,,,,5.0,4.0,10.0,8.0,7.0,,,8.0,3.0,7,10.0,10,1
2006-08-18,80517,,11,3,6020.0,14528210,CRRB,CARROLLTON BANCORP,CRRB,551111.0,Q,A,R,13085,3,6020.0,,,,60.0,602.0,,,,,,,17.85,0.000561,2813.0,1.0,17.85,50212.05,CRRB,10.0,,,,,10,10.0,10.0,8.0,,,,,8.0,6.0,5.0,,,,,,10.0,2.0,3.0,5.0,,4.0,,8.0,8.0,,,10.0,8.0,9.0,6.0,,8.0,,,,,5.0,4.0,10.0,8.0,7.0,,,8.0,3.0,7,10.0,10,1
2006-08-21,80517,,11,3,6020.0,14528210,CRRB,CARROLLTON BANCORP,CRRB,551111.0,Q,A,R,13085,3,6020.0,,,,60.0,602.0,,,,,,,17.3,-0.030812,2813.0,1.0,17.3,48664.9,CRRB,10.0,,,,,10,10.0,10.0,8.0,,,,,8.0,6.0,5.0,,,,,,10.0,2.0,3.0,5.0,,4.0,,8.0,8.0,,,10.0,8.0,9.0,6.0,,8.0,,,,,5.0,4.0,10.0,8.0,7.0,,,8.0,3.0,7,10.0,10,1
2006-08-22,80517,,11,3,6020.0,14528210,CRRB,CARROLLTON BANCORP,CRRB,551111.0,Q,A,R,13085,3,6020.0,,,,60.0,602.0,,,,,,,-17.635,0.019364,2813.0,1.0,,-49607.255,CRRB,10.0,,,,,10,10.0,10.0,8.0,,,,,8.0,6.0,5.0,,,,,,10.0,2.0,3.0,5.0,,4.0,,8.0,8.0,,,10.0,8.0,9.0,6.0,,8.0,,,,,5.0,4.0,10.0,8.0,7.0,,,8.0,3.0,7,10.0,10,1
2006-08-23,80517,,11,3,6020.0,14528210,CRRB,CARROLLTON BANCORP,CRRB,551111.0,Q,A,R,13085,3,6020.0,,,,60.0,602.0,,,,,,,17.28,-0.02013,2813.0,1.0,17.29,48608.64,CRRB,10.0,,,,,10,10.0,10.0,8.0,,,,,8.0,6.0,5.0,,,,,,10.0,2.0,3.0,5.0,,4.0,,8.0,8.0,,,10.0,8.0,9.0,6.0,,8.0,,,,,5.0,4.0,10.0,8.0,7.0,,,8.0,3.0,7,10.0,10,1
2006-08-24,80517,,11,3,6020.0,14528210,CRRB,CARROLLTON BANCORP,CRRB,551111.0,Q,A,R,13085,3,6020.0,,,,60.0,602.0,,,,,,,17.45,0.009838,2813.0,1.0,17.35,49086.85,CRRB,10.0,,,,,10,10.0,10.0,8.0,,,,,8.0,6.0,5.0,,,,,,10.0,2.0,3.0,5.0,,4.0,,8.0,8.0,,,10.0,8.0,9.0,6.0,,8.0,,,,,5.0,4.0,10.0,8.0,7.0,,,8.0,3.0,7,10.0,10,1
2006-08-25,80517,,11,3,6020.0,14528210,CRRB,CARROLLTON BANCORP,CRRB,551111.0,Q,A,R,13085,3,6020.0,,,,60.0,602.0,,,,,,,-17.425,-0.001433,2813.0,1.0,,-49016.525,CRRB,10.0,,,,,10,10.0,10.0,8.0,,,,,8.0,6.0,5.0,,,,,,10.0,2.0,3.0,5.0,,4.0,,8.0,8.0,,,10.0,8.0,9.0,6.0,,8.0,,,,,5.0,4.0,10.0,8.0,7.0,,,8.0,3.0,7,10.0,10,1
2006-08-28,80517,,11,3,6020.0,14528210,CRRB,CARROLLTON BANCORP,CRRB,551111.0,Q,A,R,13085,3,6020.0,,,,60.0,602.0,,,,,,,-17.425,0.0,2813.0,1.0,,-49016.525,CRRB,10.0,,,,,10,10.0,10.0,8.0,,,,,8.0,6.0,5.0,,,,,,10.0,2.0,3.0,5.0,,4.0,,8.0,8.0,,,10.0,8.0,9.0,6.0,,8.0,,,,,5.0,4.0,10.0,8.0,7.0,,,8.0,3.0,7,10.0,10,1
2006-08-29,80517,,11,3,6020.0,14528210,CRRB,CARROLLTON BANCORP,CRRB,551111.0,Q,A,R,13085,3,6020.0,,,,60.0,602.0,,,,,,,17.25,-0.010043,2813.0,1.0,17.1,48524.25,CRRB,10.0,,,,,10,10.0,10.0,8.0,,,,,8.0,6.0,5.0,,,,,,10.0,2.0,3.0,5.0,,4.0,,8.0,8.0,,,10.0,8.0,9.0,6.0,,8.0,,,,,5.0,4.0,10.0,8.0,7.0,,,8.0,3.0,7,10.0,10,1
2006-08-30,80517,,11,3,6020.0,14528210,CRRB,CARROLLTON BANCORP,CRRB,551111.0,Q,A,R,13085,3,6020.0,,,,60.0,602.0,,,,,,,-17.575,0.018841,2813.0,1.0,,-49438.475,CRRB,10.0,,,,,10,10.0,10.0,8.0,,,,,8.0,6.0,5.0,,,,,,10.0,2.0,3.0,5.0,,4.0,,8.0,8.0,,,10.0,8.0,9.0,6.0,,8.0,,,,,5.0,4.0,10.0,8.0,7.0,,,8.0,3.0,7,10.0,10,1
2006-08-31,80517,,11,3,6020.0,14528210,CRRB,CARROLLTON BANCORP,CRRB,551111.0,Q,A,R,13085,3,6020.0,,,,60.0,602.0,,,,,,,-17.575,0.0,2813.0,1.0,,-49438.475,CRRB,10.0,,,,,10,10.0,10.0,8.0,,,,,8.0,6.0,5.0,,,,,,10.0,2.0,3.0,5.0,,4.0,,8.0,8.0,,,10.0,8.0,9.0,6.0,,8.0,,,,,5.0,4.0,10.0,8.0,7.0,,,8.0,3.0,7,10.0,10,1
2006-09-01,80517,,11,3,6020.0,14528210,CRRB,CARROLLTON BANCORP,CRRB,551111.0,Q,A,R,13085,3,6020.0,,,,60.0,602.0,,,,,,,17.85,0.015647,2813.0,1.0,17.84,50212.05,CRRB,10.0,,,,,10,10.0,10.0,8.0,,,,,8.0,6.0,5.0,,,,,,10.0,2.0,3.0,5.0,,4.0,,9.0,7.0,,,10.0,7.0,8.0,6.0,,6.0,,2.0,2.0,2.0,6.0,4.0,10.0,7.0,5.0,,,9.0,3.0,7,10.0,10,1
2006-09-05,80517,,11,3,6020.0,14528210,CRRB,CARROLLTON BANCORP,CRRB,551111.0,Q,A,R,13085,3,6020.0,,,,60.0,602.0,,,,,,,17.99,0.007843,2813.0,1.0,17.45,50605.87,CRRB,10.0,,,,,10,10.0,10.0,8.0,,,,,8.0,6.0,5.0,,,,,,10.0,2.0,3.0,5.0,,4.0,,9.0,7.0,,,10.0,7.0,8.0,6.0,,6.0,,2.0,2.0,2.0,6.0,4.0,10.0,7.0,5.0,,,9.0,3.0,7,10.0,10,1
2006-09-06,80517,,11,3,6020.0,14528210,CRRB,CARROLLTON BANCORP,CRRB,551111.0,Q,A,R,13085,3,6020.0,,,,60.0,602.0,,,,,,,-17.945,-0.002501,2813.0,1.0,,-50479.285,CRRB,10.0,,,,,10,10.0,10.0,8.0,,,,,8.0,6.0,5.0,,,,,,10.0,2.0,3.0,5.0,,4.0,,9.0,7.0,,,10.0,7.0,8.0,6.0,,6.0,,2.0,2.0,2.0,6.0,4.0,10.0,7.0,5.0,,,9.0,3.0,7,10.0,10,1
2006-09-07,80517,,11,3,6020.0,14528210,CRRB,CARROLLTON BANCORP,CRRB,551111.0,Q,A,R,13085,3,6020.0,,,,60.0,602.0,,,,,,,-17.995,0.002786,2813.0,1.0,,-50619.935,CRRB,10.0,,,,,10,10.0,10.0,8.0,,,,,8.0,6.0,5.0,,,,,,10.0,2.0,3.0,5.0,,4.0,,9.0,7.0,,,10.0,7.0,8.0,6.0,,6.0,,2.0,2.0,2.0,6.0,4.0,10.0,7.0,5.0,,,9.0,3.0,7,10.0,10,1
2006-09-08,80517,,11,3,6020.0,14528210,CRRB,CARROLLTON BANCORP,CRRB,551111.0,Q,A,R,13085,3,6020.0,,,,60.0,602.0,,,,,,,-17.925,-0.00389,2813.0,1.0,,-50423.025,CRRB,10.0,,,,,10,10.0,10.0,8.0,,,,,8.0,6.0,5.0,,,,,,10.0,2.0,3.0,5.0,,4.0,,9.0,7.0,,,10.0,7.0,8.0,6.0,,6.0,,2.0,2.0,2.0,6.0,4.0,10.0,7.0,5.0,,,9.0,3.0,7,10.0,10,1
2006-09-11,80517,,11,3,6020.0,14528210,CRRB,CARROLLTON BANCORP,CRRB,551111.0,Q,A,R,13085,3,6020.0,,,,60.0,602.0,,,,,,,-17.75,-0.009763,2813.0,1.0,,-49930.75,CRRB,10.0,,,,,10,10.0,10.0,8.0,,,,,8.0,6.0,5.0,,,,,,10.0,2.0,3.0,5.0,,4.0,,9.0,7.0,,,10.0,7.0,8.0,6.0,,6.0,,2.0,2.0,2.0,6.0,4.0,10.0,7.0,5.0,,,9.0,3.0,7,10.0,10,1
2006-09-12,80517,,11,3,6020.0,14528210,CRRB,CARROLLTON BANCORP,CRRB,551111.0,Q,A,R,13085,3,6020.0,,,,60.0,602.0,,,,,,,17.5,-0.014085,2813.0,1.0,17.5,49227.5,CRRB,10.0,,,,,10,10.0,10.0,8.0,,,,,8.0,6.0,5.0,,,,,,10.0,2.0,3.0,5.0,,4.0,,9.0,7.0,,,10.0,7.0,8.0,6.0,,6.0,,2.0,2.0,2.0,6.0,4.0,10.0,7.0,5.0,,,9.0,3.0,7,10.0,10,1
2006-09-13,80517,,11,3,6020.0,14528210,CRRB,CARROLLTON BANCORP,CRRB,551111.0,Q,A,R,13085,3,6020.0,,,,60.0,602.0,,,,,,,17.49,-0.000571,2813.0,1.0,17.5,49199.37,CRRB,10.0,,,,,10,10.0,10.0,8.0,,,,,8.0,6.0,5.0,,,,,,10.0,2.0,3.0,5.0,,4.0,,9.0,7.0,,,10.0,7.0,8.0,6.0,,6.0,,2.0,2.0,2.0,6.0,4.0,10.0,7.0,5.0,,,9.0,3.0,7,10.0,10,1
2006-09-14,80517,,11,3,6020.0,14528210,CRRB,CARROLLTON BANCORP,CRRB,551111.0,Q,A,R,13085,3,6020.0,,,,60.0,602.0,,,,,,,17.52,0.001715,2813.0,1.0,17.52,49283.76,CRRB,10.0,,,,,10,10.0,10.0,8.0,,,,,8.0,6.0,5.0,,,,,,10.0,2.0,3.0,5.0,,4.0,,9.0,7.0,,,10.0,7.0,8.0,6.0,,6.0,,2.0,2.0,2.0,6.0,4.0,10.0,7.0,5.0,,,9.0,3.0,7,10.0,10,1
2006-09-15,80517,,11,3,6020.0,14528210,CRRB,CARROLLTON BANCORP,CRRB,551111.0,Q,A,R,13085,3,6020.0,,,,60.0,602.0,,,,,,,17.7,0.010274,2813.0,1.0,17.7,49790.1,CRRB,10.0,,,,,10,10.0,10.0,8.0,,,,,8.0,6.0,5.0,,,,,,10.0,2.0,3.0,5.0,,4.0,,9.0,7.0,,,10.0,7.0,8.0,6.0,,6.0,,2.0,2.0,2.0,6.0,4.0,10.0,7.0,5.0,,,9.0,3.0,7,10.0,10,1
2006-09-18,80517,,11,3,6020.0,14528210,CRRB,CARROLLTON BANCORP,CRRB,551111.0,Q,A,R,13085,3,6020.0,,,,60.0,602.0,,,,,,,17.5,-0.011299,2813.0,1.0,17.5,49227.5,CRRB,10.0,,,,,10,10.0,10.0,8.0,,,,,8.0,6.0,5.0,,,,,,10.0,2.0,3.0,5.0,,4.0,,9.0,7.0,,,10.0,7.0,8.0,6.0,,6.0,,2.0,2.0,2.0,6.0,4.0,10.0,7.0,5.0,,,9.0,3.0,7,10.0,10,1
2006-09-19,80517,,11,3,6020.0,14528210,CRRB,CARROLLTON BANCORP,CRRB,551111.0,Q,A,R,13085,3,6020.0,,,,60.0,602.0,,,,,,,18.0,0.028571,2813.0,1.0,18.0,50634.0,CRRB,10.0,,,,,10,10.0,10.0,8.0,,,,,8.0,6.0,5.0,,,,,,10.0,2.0,3.0,5.0,,4.0,,9.0,7.0,,,10.0,7.0,8.0,6.0,,6.0,,2.0,2.0,2.0,6.0,4.0,10.0,7.0,5.0,,,9.0,3.0,7,10.0,10,1
2006-09-20,80517,,11,3,6020.0,14528210,CRRB,CARROLLTON BANCORP,CRRB,551111.0,Q,A,R,13085,3,6020.0,,,,60.0,602.0,,,,,,,17.6,-0.022222,2813.0,1.0,17.6,49508.8,CRRB,10.0,,,,,10,10.0,10.0,8.0,,,,,8.0,6.0,5.0,,,,,,10.0,2.0,3.0,5.0,,4.0,,9.0,7.0,,,10.0,7.0,8.0,6.0,,6.0,,2.0,2.0,2.0,6.0,4.0,10.0,7.0,5.0,,,9.0,3.0,7,10.0,10,1
2006-09-21,80517,,11,3,6020.0,14528210,CRRB,CARROLLTON BANCORP,CRRB,551111.0,Q,A,R,13085,3,6020.0,,,,60.0,602.0,,,,,,,-17.675,0.004261,2813.0,1.0,,-49719.775,CRRB,10.0,,,,,10,10.0,10.0,8.0,,,,,8.0,6.0,5.0,,,,,,10.0,2.0,3.0,5.0,,4.0,,9.0,7.0,,,10.0,7.0,8.0,6.0,,6.0,,2.0,2.0,2.0,6.0,4.0,10.0,7.0,5.0,,,9.0,3.0,7,10.0,10,1
2006-09-22,80517,,11,3,6020.0,14528210,CRRB,CARROLLTON BANCORP,CRRB,551111.0,Q,A,R,13085,3,6020.0,,,,60.0,602.0,,,,,,,-17.675,0.0,2813.0,1.0,,-49719.775,CRRB,10.0,,,,,10,10.0,10.0,8.0,,,,,8.0,6.0,5.0,,,,,,10.0,2.0,3.0,5.0,,4.0,,9.0,7.0,,,10.0,7.0,8.0,6.0,,6.0,,2.0,2.0,2.0,6.0,4.0,10.0,7.0,5.0,,,9.0,3.0,7,10.0,10,1
2006-09-25,80517,,11,3,6020.0,14528210,CRRB,CARROLLTON BANCORP,CRRB,551111.0,Q,A,R,13085,3,6020.0,,,,60.0,602.0,,,,,,,-17.625,-0.002829,2813.0,1.0,,-49579.125,CRRB,10.0,,,,,10,10.0,10.0,8.0,,,,,8.0,6.0,5.0,,,,,,10.0,2.0,3.0,5.0,,4.0,,9.0,7.0,,,10.0,7.0,8.0,6.0,,6.0,,2.0,2.0,2.0,6.0,4.0,10.0,7.0,5.0,,,9.0,3.0,7,10.0,10,1
2006-09-26,80517,,11,3,6020.0,14528210,CRRB,CARROLLTON BANCORP,CRRB,551111.0,Q,A,R,13085,3,6020.0,,,,60.0,602.0,,,,,,,17.5,-0.007092,2813.0,1.0,17.51,49227.5,CRRB,10.0,,,,,10,10.0,10.0,8.0,,,,,8.0,6.0,5.0,,,,,,10.0,2.0,3.0,5.0,,4.0,,9.0,7.0,,,10.0,7.0,8.0,6.0,,6.0,,2.0,2.0,2.0,6.0,4.0,10.0,7.0,5.0,,,9.0,3.0,7,10.0,10,1
2006-09-27,80517,,11,3,6020.0,14528210,CRRB,CARROLLTON BANCORP,CRRB,551111.0,Q,A,R,13085,3,6020.0,,,,60.0,602.0,,,,,,,17.75,0.014286,2813.0,1.0,17.75,49930.75,CRRB,10.0,,,,,10,10.0,10.0,8.0,,,,,8.0,6.0,5.0,,,,,,10.0,2.0,3.0,5.0,,4.0,,9.0,7.0,,,10.0,7.0,8.0,6.0,,6.0,,2.0,2.0,2.0,6.0,4.0,10.0,7.0,5.0,,,9.0,3.0,7,10.0,10,1
2006-09-28,80517,,11,3,6020.0,14528210,CRRB,CARROLLTON BANCORP,CRRB,551111.0,Q,A,R,13085,3,6020.0,,,,60.0,602.0,,,,,,,-17.75,0.0,2813.0,1.0,,-49930.75,CRRB,10.0,,,,,10,10.0,10.0,8.0,,,,,8.0,6.0,5.0,,,,,,10.0,2.0,3.0,5.0,,4.0,,9.0,7.0,,,10.0,7.0,8.0,6.0,,6.0,,2.0,2.0,2.0,6.0,4.0,10.0,7.0,5.0,,,9.0,3.0,7,10.0,10,1
2006-09-29,80517,,11,3,6020.0,14528210,CRRB,CARROLLTON BANCORP,CRRB,551111.0,Q,A,R,13085,3,6020.0,,,,60.0,602.0,,,,,,,-17.75,0.0,2814.0,1.0,,-49948.5,CRRB,10.0,,,,,10,10.0,10.0,8.0,,,,,8.0,6.0,5.0,,,,,,10.0,2.0,3.0,5.0,,4.0,,9.0,7.0,,,10.0,7.0,8.0,6.0,,6.0,,2.0,2.0,2.0,6.0,4.0,10.0,7.0,5.0,,,9.0,3.0,7,10.0,10,1
2006-10-02,80517,,11,3,6020.0,14528210,CRRB,CARROLLTON BANCORP,CRRB,551111.0,Q,A,R,13085,3,6020.0,,,,60.0,602.0,,,,,,,17.5,-0.014085,2814.0,1.0,17.5,49245.0,CRRB,10.0,,,,,10,10.0,10.0,8.0,,,,,8.0,6.0,5.0,,,,,,10.0,2.0,3.0,5.0,,4.0,,9.0,9.0,,,10.0,8.0,6.0,7.0,,6.0,,2.0,2.0,2.0,6.0,4.0,10.0,4.0,7.0,,,7.0,3.0,7,10.0,10,1
2006-10-03,80517,,11,3,6020.0,14528210,CRRB,CARROLLTON BANCORP,CRRB,551111.0,Q,A,R,13085,3,6020.0,,,,60.0,602.0,,,,,,,17.5,0.0,2814.0,1.0,17.5,49245.0,CRRB,10.0,,,,,10,10.0,10.0,8.0,,,,,8.0,6.0,5.0,,,,,,10.0,2.0,3.0,5.0,,4.0,,9.0,9.0,,,10.0,8.0,6.0,7.0,,6.0,,2.0,2.0,2.0,6.0,4.0,10.0,4.0,7.0,,,7.0,3.0,7,10.0,10,1
2006-10-04,80517,,11,3,6020.0,14528210,CRRB,CARROLLTON BANCORP,CRRB,551111.0,Q,A,R,13085,3,6020.0,,,,60.0,602.0,,,,,,,-17.6,0.005714,2814.0,1.0,,-49526.4,CRRB,10.0,,,,,10,10.0,10.0,8.0,,,,,8.0,6.0,5.0,,,,,,10.0,2.0,3.0,5.0,,4.0,,9.0,9.0,,,10.0,8.0,6.0,7.0,,6.0,,2.0,2.0,2.0,6.0,4.0,10.0,4.0,7.0,,,7.0,3.0,7,10.0,10,1
2006-10-05,80517,,11,3,6020.0,14528210,CRRB,CARROLLTON BANCORP,CRRB,551111.0,Q,A,R,13085,3,6020.0,,,,60.0,602.0,,,,,,,-17.6,0.0,2814.0,1.0,,-49526.4,CRRB,10.0,,,,,10,10.0,10.0,8.0,,,,,8.0,6.0,5.0,,,,,,10.0,2.0,3.0,5.0,,4.0,,9.0,9.0,,,10.0,8.0,6.0,7.0,,6.0,,2.0,2.0,2.0,6.0,4.0,10.0,4.0,7.0,,,7.0,3.0,7,10.0,10,1
2006-10-06,80517,,11,3,6020.0,14528210,CRRB,CARROLLTON BANCORP,CRRB,551111.0,Q,A,R,13085,3,6020.0,,,,60.0,602.0,,,,,,,-17.625,0.00142,2814.0,1.0,,-49596.75,CRRB,10.0,,,,,10,10.0,10.0,8.0,,,,,8.0,6.0,5.0,,,,,,10.0,2.0,3.0,5.0,,4.0,,9.0,9.0,,,10.0,8.0,6.0,7.0,,6.0,,2.0,2.0,2.0,6.0,4.0,10.0,4.0,7.0,,,7.0,3.0,7,10.0,10,1
2006-10-09,80517,,11,3,6020.0,14528210,CRRB,CARROLLTON BANCORP,CRRB,551111.0,Q,A,R,13085,3,6020.0,,,,60.0,602.0,,,,,,,-17.625,0.0,2814.0,1.0,,-49596.75,CRRB,10.0,,,,,10,10.0,10.0,8.0,,,,,8.0,6.0,5.0,,,,,,10.0,2.0,3.0,5.0,,4.0,,9.0,9.0,,,10.0,8.0,6.0,7.0,,6.0,,2.0,2.0,2.0,6.0,4.0,10.0,4.0,7.0,,,7.0,3.0,7,10.0,10,1
2006-10-10,80517,,11,3,6020.0,14528210,CRRB,CARROLLTON BANCORP,CRRB,551111.0,Q,A,R,13085,3,6020.0,,,,60.0,602.0,,,,,,,-17.625,0.0,2814.0,1.0,,-49596.75,CRRB,10.0,,,,,10,10.0,10.0,8.0,,,,,8.0,6.0,5.0,,,,,,10.0,2.0,3.0,5.0,,4.0,,9.0,9.0,,,10.0,8.0,6.0,7.0,,6.0,,2.0,2.0,2.0,6.0,4.0,10.0,4.0,7.0,,,7.0,3.0,7,10.0,10,1
2006-10-11,80517,,11,3,6020.0,14528210,CRRB,CARROLLTON BANCORP,CRRB,551111.0,Q,A,R,13085,3,6020.0,,,,60.0,602.0,,,,,,,17.5,-0.007092,2814.0,1.0,17.5,49245.0,CRRB,10.0,,,,,10,10.0,10.0,8.0,,,,,8.0,6.0,5.0,,,,,,10.0,2.0,3.0,5.0,,4.0,,9.0,9.0,,,10.0,8.0,6.0,7.0,,6.0,,2.0,2.0,2.0,6.0,4.0,10.0,4.0,7.0,,,7.0,3.0,7,10.0,10,1
2006-10-12,80517,,11,3,6020.0,14528210,CRRB,CARROLLTON BANCORP,CRRB,551111.0,Q,A,R,13085,3,6020.0,,,,60.0,602.0,,,,,,,-17.725,0.012857,2814.0,1.0,,-49878.15,CRRB,10.0,,,,,10,10.0,10.0,8.0,,,,,8.0,6.0,5.0,,,,,,10.0,2.0,3.0,5.0,,4.0,,9.0,9.0,,,10.0,8.0,6.0,7.0,,6.0,,2.0,2.0,2.0,6.0,4.0,10.0,4.0,7.0,,,7.0,3.0,7,10.0,10,1
2006-10-13,80517,,11,3,6020.0,14528210,CRRB,CARROLLTON BANCORP,CRRB,551111.0,Q,A,R,13085,3,6020.0,,,,60.0,602.0,,,,,,,17.95,0.012694,2814.0,1.0,17.95,50511.3,CRRB,10.0,,,,,10,10.0,10.0,8.0,,,,,8.0,6.0,5.0,,,,,,10.0,2.0,3.0,5.0,,4.0,,9.0,9.0,,,10.0,8.0,6.0,7.0,,6.0,,2.0,2.0,2.0,6.0,4.0,10.0,4.0,7.0,,,7.0,3.0,7,10.0,10,1
2006-10-16,80517,,11,3,6020.0,14528210,CRRB,CARROLLTON BANCORP,CRRB,551111.0,Q,A,R,13085,3,6020.0,,,,60.0,602.0,,,,,,,-17.95,0.0,2814.0,1.0,,-50511.3,CRRB,10.0,,,,,10,10.0,10.0,8.0,,,,,8.0,6.0,5.0,,,,,,10.0,2.0,3.0,5.0,,4.0,,9.0,9.0,,,10.0,8.0,6.0,7.0,,6.0,,2.0,2.0,2.0,6.0,4.0,10.0,4.0,7.0,,,7.0,3.0,7,10.0,10,1
2006-10-17,80517,,11,3,6020.0,14528210,CRRB,CARROLLTON BANCORP,CRRB,551111.0,Q,A,R,13085,3,6020.0,,,,60.0,602.0,,,,,,,17.9,-0.002786,2814.0,1.0,17.9,50370.6,CRRB,10.0,,,,,10,10.0,10.0,8.0,,,,,8.0,6.0,5.0,,,,,,10.0,2.0,3.0,5.0,,4.0,,9.0,9.0,,,10.0,8.0,6.0,7.0,,6.0,,2.0,2.0,2.0,6.0,4.0,10.0,4.0,7.0,,,7.0,3.0,7,10.0,10,1
2006-10-18,80517,,11,3,6020.0,14528210,CRRB,CARROLLTON BANCORP,CRRB,551111.0,Q,A,R,13085,3,6020.0,,,,60.0,602.0,,,,,,,17.98,0.004469,2814.0,1.0,17.55,50595.72,CRRB,10.0,,,,,10,10.0,10.0,8.0,,,,,8.0,6.0,5.0,,,,,,10.0,2.0,3.0,5.0,,4.0,,9.0,9.0,,,10.0,8.0,6.0,7.0,,6.0,,2.0,2.0,2.0,6.0,4.0,10.0,4.0,7.0,,,7.0,3.0,7,10.0,10,1
2006-10-19,80517,,11,3,6020.0,14528210,CRRB,CARROLLTON BANCORP,CRRB,551111.0,Q,A,R,13085,3,6020.0,,,,60.0,602.0,,,,,,,-17.75,-0.012792,2814.0,1.0,,-49948.5,CRRB,10.0,,,,,10,10.0,10.0,8.0,,,,,8.0,6.0,5.0,,,,,,10.0,2.0,3.0,5.0,,4.0,,9.0,9.0,,,10.0,8.0,6.0,7.0,,6.0,,2.0,2.0,2.0,6.0,4.0,10.0,4.0,7.0,,,7.0,3.0,7,10.0,10,1
2006-10-20,80517,,11,3,6020.0,14528210,CRRB,CARROLLTON BANCORP,CRRB,551111.0,Q,A,R,13085,3,6020.0,,,,60.0,602.0,,,,,,,17.5,-0.014085,2814.0,1.0,17.55,49245.0,CRRB,10.0,,,,,10,10.0,10.0,8.0,,,,,8.0,6.0,5.0,,,,,,10.0,2.0,3.0,5.0,,4.0,,9.0,9.0,,,10.0,8.0,6.0,7.0,,6.0,,2.0,2.0,2.0,6.0,4.0,10.0,4.0,7.0,,,7.0,3.0,7,10.0,10,1
2006-10-23,80517,,11,3,6020.0,14528210,CRRB,CARROLLTON BANCORP,CRRB,551111.0,Q,A,R,13085,3,6020.0,,,,60.0,602.0,,,,,,,17.95,0.025714,2814.0,1.0,17.95,50511.3,CRRB,10.0,,,,,10,10.0,10.0,8.0,,,,,8.0,6.0,5.0,,,,,,10.0,2.0,3.0,5.0,,4.0,,9.0,9.0,,,10.0,8.0,6.0,7.0,,6.0,,2.0,2.0,2.0,6.0,4.0,10.0,4.0,7.0,,,7.0,3.0,7,10.0,10,1
2006-10-24,80517,,11,3,6020.0,14528210,CRRB,CARROLLTON BANCORP,CRRB,551111.0,Q,A,R,13085,3,6020.0,,,,60.0,602.0,,,,,,,17.95,0.0,2814.0,1.0,17.95,50511.3,CRRB,10.0,,,,,10,10.0,10.0,8.0,,,,,8.0,6.0,5.0,,,,,,10.0,2.0,3.0,5.0,,4.0,,9.0,9.0,,,10.0,8.0,6.0,7.0,,6.0,,2.0,2.0,2.0,6.0,4.0,10.0,4.0,7.0,,,7.0,3.0,7,10.0,10,1
2006-10-25,80517,,11,3,6020.0,14528210,CRRB,CARROLLTON BANCORP,CRRB,551111.0,Q,A,R,13085,3,6020.0,,,,60.0,602.0,,,,,,,-17.725,-0.012535,2814.0,1.0,,-49878.15,CRRB,10.0,,,,,10,10.0,10.0,8.0,,,,,8.0,6.0,5.0,,,,,,10.0,2.0,3.0,5.0,,4.0,,9.0,9.0,,,10.0,8.0,6.0,7.0,,6.0,,2.0,2.0,2.0,6.0,4.0,10.0,4.0,7.0,,,7.0,3.0,7,10.0,10,1
2006-10-26,80517,,11,3,6020.0,14528210,CRRB,CARROLLTON BANCORP,CRRB,551111.0,Q,A,R,13085,3,6020.0,,,,60.0,602.0,,,,,,,-17.725,0.0,2814.0,1.0,,-49878.15,CRRB,10.0,,,,,10,10.0,10.0,8.0,,,,,8.0,6.0,5.0,,,,,,10.0,2.0,3.0,5.0,,4.0,,9.0,9.0,,,10.0,8.0,6.0,7.0,,6.0,,2.0,2.0,2.0,6.0,4.0,10.0,4.0,7.0,,,7.0,3.0,7,10.0,10,1
2006-10-27,80517,,11,3,6020.0,14528210,CRRB,CARROLLTON BANCORP,CRRB,551111.0,Q,A,R,13085,3,6020.0,,,,60.0,602.0,,,,,,,17.5,-0.012694,2814.0,1.0,17.5,49245.0,CRRB,10.0,,,,,10,10.0,10.0,8.0,,,,,8.0,6.0,5.0,,,,,,10.0,2.0,3.0,5.0,,4.0,,9.0,9.0,,,10.0,8.0,6.0,7.0,,6.0,,2.0,2.0,2.0,6.0,4.0,10.0,4.0,7.0,,,7.0,3.0,7,10.0,10,1
2006-10-30,80517,,11,3,6020.0,14528210,CRRB,CARROLLTON BANCORP,CRRB,551111.0,Q,A,R,13085,3,6020.0,,,,60.0,602.0,,,,,,,17.3,-0.011429,2814.0,1.0,17.3,48682.2,CRRB,10.0,,,,,10,10.0,10.0,8.0,,,,,8.0,6.0,5.0,,,,,,10.0,2.0,3.0,5.0,,4.0,,9.0,9.0,,,10.0,8.0,6.0,7.0,,6.0,,2.0,2.0,2.0,6.0,4.0,10.0,4.0,7.0,,,7.0,3.0,7,10.0,10,1
2006-10-31,80517,,11,3,6020.0,14528210,CRRB,CARROLLTON BANCORP,CRRB,551111.0,Q,A,R,13085,3,6020.0,,,,60.0,602.0,,,,,,,17.35,0.00289,2814.0,1.0,17.3,48822.9,CRRB,10.0,,,,,10,10.0,10.0,8.0,,,,,8.0,6.0,5.0,,,,,,10.0,2.0,3.0,5.0,,4.0,,9.0,9.0,,,10.0,8.0,6.0,7.0,,6.0,,2.0,2.0,2.0,6.0,4.0,10.0,4.0,7.0,,,7.0,3.0,7,10.0,10,1
2006-11-01,80517,,11,3,6020.0,14528210,CRRB,CARROLLTON BANCORP,CRRB,551111.0,Q,A,R,13085,3,6020.0,,,,60.0,602.0,,,,,,,17.35,0.0,2814.0,1.0,17.35,48822.9,CRRB,10.0,,,,,10,10.0,10.0,8.0,,,,,8.0,6.0,5.0,,,,,,10.0,2.0,3.0,5.0,,4.0,,9.0,6.0,,,10.0,8.0,7.0,7.0,,6.0,,2.0,2.0,,9.0,6.0,10.0,2.0,8.0,8.0,7.0,8.0,3.0,7,10.0,10,1
2006-11-02,80517,,11,3,6020.0,14528210,CRRB,CARROLLTON BANCORP,CRRB,551111.0,Q,A,R,13085,3,6020.0,,,,60.0,602.0,,,,,,,17.2,-0.008646,2814.0,1.0,17.05,48400.8,CRRB,10.0,,,,,10,10.0,10.0,8.0,,,,,8.0,6.0,5.0,,,,,,10.0,2.0,3.0,5.0,,4.0,,9.0,6.0,,,10.0,8.0,7.0,7.0,,6.0,,2.0,2.0,,9.0,6.0,10.0,2.0,8.0,8.0,7.0,8.0,3.0,7,10.0,10,1
2006-11-03,80517,,11,3,6020.0,14528210,CRRB,CARROLLTON BANCORP,CRRB,551111.0,Q,A,R,13085,3,6020.0,,,,60.0,602.0,,,,,,,-17.37,0.009884,2814.0,1.0,,-48879.18,CRRB,10.0,,,,,10,10.0,10.0,8.0,,,,,8.0,6.0,5.0,,,,,,10.0,2.0,3.0,5.0,,4.0,,9.0,6.0,,,10.0,8.0,7.0,7.0,,6.0,,2.0,2.0,,9.0,6.0,10.0,2.0,8.0,8.0,7.0,8.0,3.0,7,10.0,10,1
2006-11-06,80517,,11,3,6020.0,14528210,CRRB,CARROLLTON BANCORP,CRRB,551111.0,Q,A,R,13085,3,6020.0,,,,60.0,602.0,,,,,,,-17.315,-0.003166,2814.0,1.0,,-48724.41,CRRB,10.0,,,,,10,10.0,10.0,8.0,,,,,8.0,6.0,5.0,,,,,,10.0,2.0,3.0,5.0,,4.0,,9.0,6.0,,,10.0,8.0,7.0,7.0,,6.0,,2.0,2.0,,9.0,6.0,10.0,2.0,8.0,8.0,7.0,8.0,3.0,7,10.0,10,1
2006-11-07,80517,,11,3,6020.0,14528210,CRRB,CARROLLTON BANCORP,CRRB,551111.0,Q,A,R,13085,3,6020.0,,,,60.0,602.0,,,,,,,17.0,-0.018192,2814.0,1.0,17.0,47838.0,CRRB,10.0,,,,,10,10.0,10.0,8.0,,,,,8.0,6.0,5.0,,,,,,10.0,2.0,3.0,5.0,,4.0,,9.0,6.0,,,10.0,8.0,7.0,7.0,,6.0,,2.0,2.0,,9.0,6.0,10.0,2.0,8.0,8.0,7.0,8.0,3.0,7,10.0,10,1
2006-11-08,80517,,11,3,6020.0,14528210,CRRB,CARROLLTON BANCORP,CRRB,551111.0,Q,A,R,13085,3,6020.0,,,,60.0,602.0,1232.0,0.12,0.0,,,,-17.3,0.024706,2814.0,1.0,,-48682.2,CRRB,10.0,,,,,10,10.0,10.0,8.0,,,,,8.0,6.0,5.0,,,,,,10.0,2.0,3.0,5.0,,4.0,,9.0,6.0,,,10.0,8.0,7.0,7.0,,6.0,,2.0,2.0,,9.0,6.0,10.0,2.0,8.0,8.0,7.0,8.0,3.0,7,10.0,10,1
2006-11-09,80517,,11,3,6020.0,14528210,CRRB,CARROLLTON BANCORP,CRRB,551111.0,Q,A,R,13085,3,6020.0,,,,60.0,602.0,,,,,,,-17.4,0.00578,2814.0,1.0,,-48963.6,CRRB,10.0,,,,,10,10.0,10.0,8.0,,,,,8.0,6.0,5.0,,,,,,10.0,2.0,3.0,5.0,,4.0,,9.0,6.0,,,10.0,8.0,7.0,7.0,,6.0,,2.0,2.0,,9.0,6.0,10.0,2.0,8.0,8.0,7.0,8.0,3.0,7,10.0,10,1
2006-11-10,80517,,11,3,6020.0,14528210,CRRB,CARROLLTON BANCORP,CRRB,551111.0,Q,A,R,13085,3,6020.0,,,,60.0,602.0,,,,,,,-17.285,-0.006609,2814.0,1.0,,-48639.99,CRRB,10.0,,,,,10,10.0,10.0,8.0,,,,,8.0,6.0,5.0,,,,,,10.0,2.0,3.0,5.0,,4.0,,9.0,6.0,,,10.0,8.0,7.0,7.0,,6.0,,2.0,2.0,,9.0,6.0,10.0,2.0,8.0,8.0,7.0,8.0,3.0,7,10.0,10,1
2006-11-13,80517,,11,3,6020.0,14528210,CRRB,CARROLLTON BANCORP,CRRB,551111.0,Q,A,R,13085,3,6020.0,,,,60.0,602.0,,,,,,,17.0,-0.016488,2814.0,1.0,17.0,47838.0,CRRB,10.0,,,,,10,10.0,10.0,8.0,,,,,8.0,6.0,5.0,,,,,,10.0,2.0,3.0,5.0,,4.0,,9.0,6.0,,,10.0,8.0,7.0,7.0,,6.0,,2.0,2.0,,9.0,6.0,10.0,2.0,8.0,8.0,7.0,8.0,3.0,7,10.0,10,1
2006-11-14,80517,,11,3,6020.0,14528210,CRRB,CARROLLTON BANCORP,CRRB,551111.0,Q,A,R,13085,3,6020.0,,,,60.0,602.0,,,,,,,19.25,0.132353,2814.0,1.0,17.05,54169.5,CRRB,10.0,,,,,10,10.0,10.0,8.0,,,,,8.0,6.0,5.0,,,,,,10.0,2.0,3.0,5.0,,4.0,,9.0,6.0,,,10.0,8.0,7.0,7.0,,6.0,,2.0,2.0,,9.0,6.0,10.0,2.0,8.0,8.0,7.0,8.0,3.0,7,10.0,10,1
2006-11-15,80517,,11,3,6020.0,14528210,CRRB,CARROLLTON BANCORP,CRRB,551111.0,Q,A,R,13085,3,6020.0,,,,60.0,602.0,,,,,,,18.12,-0.058701,2814.0,1.0,18.12,50989.68,CRRB,10.0,,,,,10,10.0,10.0,8.0,,,,,8.0,6.0,5.0,,,,,,10.0,2.0,3.0,5.0,,4.0,,9.0,6.0,,,10.0,8.0,7.0,7.0,,6.0,,2.0,2.0,,9.0,6.0,10.0,2.0,8.0,8.0,7.0,8.0,3.0,7,10.0,10,1
2006-11-16,80517,,11,3,6020.0,14528210,CRRB,CARROLLTON BANCORP,CRRB,551111.0,Q,A,R,13085,3,6020.0,,,,60.0,602.0,,,,,,,17.51,-0.033664,2814.0,1.0,17.51,49273.14,CRRB,10.0,,,,,10,10.0,10.0,8.0,,,,,8.0,6.0,5.0,,,,,,10.0,2.0,3.0,5.0,,4.0,,9.0,6.0,,,10.0,8.0,7.0,7.0,,6.0,,2.0,2.0,,9.0,6.0,10.0,2.0,8.0,8.0,7.0,8.0,3.0,7,10.0,10,1
2006-11-17,80517,,11,3,6020.0,14528210,CRRB,CARROLLTON BANCORP,CRRB,551111.0,Q,A,R,13085,3,6020.0,,,,60.0,602.0,,,,,,,-17.28,-0.013135,2814.0,1.0,,-48625.92,CRRB,10.0,,,,,10,10.0,10.0,8.0,,,,,8.0,6.0,5.0,,,,,,10.0,2.0,3.0,5.0,,4.0,,9.0,6.0,,,10.0,8.0,7.0,7.0,,6.0,,2.0,2.0,,9.0,6.0,10.0,2.0,8.0,8.0,7.0,8.0,3.0,7,10.0,10,1
2006-11-20,80517,,11,3,6020.0,14528210,CRRB,CARROLLTON BANCORP,CRRB,551111.0,Q,A,R,13085,3,6020.0,,,,60.0,602.0,,,,,,,-17.335,0.003183,2814.0,1.0,,-48780.69,CRRB,10.0,,,,,10,10.0,10.0,8.0,,,,,8.0,6.0,5.0,,,,,,10.0,2.0,3.0,5.0,,4.0,,9.0,6.0,,,10.0,8.0,7.0,7.0,,6.0,,2.0,2.0,,9.0,6.0,10.0,2.0,8.0,8.0,7.0,8.0,3.0,7,10.0,10,1
2006-11-21,80517,,11,3,6020.0,14528210,CRRB,CARROLLTON BANCORP,CRRB,551111.0,Q,A,R,13085,3,6020.0,,,,60.0,602.0,,,,,,,-18.06,0.041823,2814.0,1.0,,-50820.84,CRRB,10.0,,,,,10,10.0,10.0,8.0,,,,,8.0,6.0,5.0,,,,,,10.0,2.0,3.0,5.0,,4.0,,9.0,6.0,,,10.0,8.0,7.0,7.0,,6.0,,2.0,2.0,,9.0,6.0,10.0,2.0,8.0,8.0,7.0,8.0,3.0,7,10.0,10,1
2006-11-22,80517,,11,3,6020.0,14528210,CRRB,CARROLLTON BANCORP,CRRB,551111.0,Q,A,R,13085,3,6020.0,,,,60.0,602.0,,,,,,,17.7,-0.019934,2814.0,1.0,17.7,49807.8,CRRB,10.0,,,,,10,10.0,10.0,8.0,,,,,8.0,6.0,5.0,,,,,,10.0,2.0,3.0,5.0,,4.0,,9.0,6.0,,,10.0,8.0,7.0,7.0,,6.0,,2.0,2.0,,9.0,6.0,10.0,2.0,8.0,8.0,7.0,8.0,3.0,7,10.0,10,1
2006-11-24,80517,,11,3,6020.0,14528210,CRRB,CARROLLTON BANCORP,CRRB,551111.0,Q,A,R,13085,3,6020.0,,,,60.0,602.0,,,,,,,-18.07,0.020904,2814.0,1.0,,-50848.98,CRRB,10.0,,,,,10,10.0,10.0,8.0,,,,,8.0,6.0,5.0,,,,,,10.0,2.0,3.0,5.0,,4.0,,9.0,6.0,,,10.0,8.0,7.0,7.0,,6.0,,2.0,2.0,,9.0,6.0,10.0,2.0,8.0,8.0,7.0,8.0,3.0,7,10.0,10,1
2006-11-27,80517,,11,3,6020.0,14528210,CRRB,CARROLLTON BANCORP,CRRB,551111.0,Q,A,R,13085,3,6020.0,,,,60.0,602.0,,,,,,,-17.825,-0.013558,2814.0,1.0,,-50159.55,CRRB,10.0,,,,,10,10.0,10.0,8.0,,,,,8.0,6.0,5.0,,,,,,10.0,2.0,3.0,5.0,,4.0,,9.0,6.0,,,10.0,8.0,7.0,7.0,,6.0,,2.0,2.0,,9.0,6.0,10.0,2.0,8.0,8.0,7.0,8.0,3.0,7,10.0,10,1
2006-11-28,80517,,11,3,6020.0,14528210,CRRB,CARROLLTON BANCORP,CRRB,551111.0,Q,A,R,13085,3,6020.0,,,,60.0,602.0,,,,,,,-17.92,0.00533,2814.0,1.0,,-50426.88,CRRB,10.0,,,,,10,10.0,10.0,8.0,,,,,8.0,6.0,5.0,,,,,,10.0,2.0,3.0,5.0,,4.0,,9.0,6.0,,,10.0,8.0,7.0,7.0,,6.0,,2.0,2.0,,9.0,6.0,10.0,2.0,8.0,8.0,7.0,8.0,3.0,7,10.0,10,1
2006-11-29,80517,,11,3,6020.0,14528210,CRRB,CARROLLTON BANCORP,CRRB,551111.0,Q,A,R,13085,3,6020.0,,,,60.0,602.0,,,,,,,-17.97,0.00279,2814.0,1.0,,-50567.58,CRRB,10.0,,,,,10,10.0,10.0,8.0,,,,,8.0,6.0,5.0,,,,,,10.0,2.0,3.0,5.0,,4.0,,9.0,6.0,,,10.0,8.0,7.0,7.0,,6.0,,2.0,2.0,,9.0,6.0,10.0,2.0,8.0,8.0,7.0,8.0,3.0,7,10.0,10,1
2006-11-30,80517,,11,3,6020.0,14528210,CRRB,CARROLLTON BANCORP,CRRB,551111.0,Q,A,R,13085,3,6020.0,,,,60.0,602.0,,,,,,,17.7,-0.015025,2814.0,1.0,17.7,49807.8,CRRB,10.0,,,,,10,10.0,10.0,8.0,,,,,8.0,6.0,5.0,,,,,,10.0,2.0,3.0,5.0,,4.0,,9.0,6.0,,,10.0,8.0,7.0,7.0,,6.0,,2.0,2.0,,9.0,6.0,10.0,2.0,8.0,8.0,7.0,8.0,3.0,7,10.0,10,1
2006-12-01,80517,,11,3,6020.0,14528210,CRRB,CARROLLTON BANCORP,CRRB,551111.0,Q,A,R,13085,3,6020.0,,,,60.0,602.0,,,,,,,17.9,0.011299,2814.0,1.0,17.9,50370.6,CRRB,10.0,,,,,10,10.0,10.0,8.0,,,,,8.0,6.0,5.0,,,,,,10.0,2.0,3.0,5.0,,4.0,,7.0,5.0,,,10.0,7.0,8.0,7.0,,6.0,,4.0,7.0,2.0,5.0,2.0,10.0,6.0,4.0,,,8.0,3.0,7,10.0,10,1
2006-12-04,80517,,11,3,6020.0,14528210,CRRB,CARROLLTON BANCORP,CRRB,551111.0,Q,A,R,13085,3,6020.0,,,,60.0,602.0,,,,,,,18.25,0.019553,2814.0,1.0,18.24,51355.5,CRRB,10.0,,,,,10,10.0,10.0,8.0,,,,,8.0,6.0,5.0,,,,,,10.0,2.0,3.0,5.0,,4.0,,7.0,5.0,,,10.0,7.0,8.0,7.0,,6.0,,4.0,7.0,2.0,5.0,2.0,10.0,6.0,4.0,,,8.0,3.0,7,10.0,10,1
2006-12-05,80517,,11,3,6020.0,14528210,CRRB,CARROLLTON BANCORP,CRRB,551111.0,Q,A,R,13085,3,6020.0,,,,60.0,602.0,,,,,,,17.79,-0.025205,2814.0,1.0,18.43,50061.06,CRRB,10.0,,,,,10,10.0,10.0,8.0,,,,,8.0,6.0,5.0,,,,,,10.0,2.0,3.0,5.0,,4.0,,7.0,5.0,,,10.0,7.0,8.0,7.0,,6.0,,4.0,7.0,2.0,5.0,2.0,10.0,6.0,4.0,,,8.0,3.0,7,10.0,10,1
2006-12-06,80517,,11,3,6020.0,14528210,CRRB,CARROLLTON BANCORP,CRRB,551111.0,Q,A,R,13085,3,6020.0,,,,60.0,602.0,,,,,,,17.11,-0.038224,2814.0,1.0,17.11,48147.54,CRRB,10.0,,,,,10,10.0,10.0,8.0,,,,,8.0,6.0,5.0,,,,,,10.0,2.0,3.0,5.0,,4.0,,7.0,5.0,,,10.0,7.0,8.0,7.0,,6.0,,4.0,7.0,2.0,5.0,2.0,10.0,6.0,4.0,,,8.0,3.0,7,10.0,10,1
2006-12-07,80517,,11,3,6020.0,14528210,CRRB,CARROLLTON BANCORP,CRRB,551111.0,Q,A,R,13085,3,6020.0,,,,60.0,602.0,,,,,,,-17.53,0.024547,2814.0,1.0,,-49329.42,CRRB,10.0,,,,,10,10.0,10.0,8.0,,,,,8.0,6.0,5.0,,,,,,10.0,2.0,3.0,5.0,,4.0,,7.0,5.0,,,10.0,7.0,8.0,7.0,,6.0,,4.0,7.0,2.0,5.0,2.0,10.0,6.0,4.0,,,8.0,3.0,7,10.0,10,1
2006-12-08,80517,,11,3,6020.0,14528210,CRRB,CARROLLTON BANCORP,CRRB,551111.0,Q,A,R,13085,3,6020.0,,,,60.0,602.0,,,,,,,17.1,-0.024529,2814.0,1.0,17.05,48119.4,CRRB,10.0,,,,,10,10.0,10.0,8.0,,,,,8.0,6.0,5.0,,,,,,10.0,2.0,3.0,5.0,,4.0,,7.0,5.0,,,10.0,7.0,8.0,7.0,,6.0,,4.0,7.0,2.0,5.0,2.0,10.0,6.0,4.0,,,8.0,3.0,7,10.0,10,1
2006-12-11,80517,,11,3,6020.0,14528210,CRRB,CARROLLTON BANCORP,CRRB,551111.0,Q,A,R,13085,3,6020.0,,,,60.0,602.0,,,,,,,17.07,-0.001754,2814.0,1.0,17.12,48034.98,CRRB,10.0,,,,,10,10.0,10.0,8.0,,,,,8.0,6.0,5.0,,,,,,10.0,2.0,3.0,5.0,,4.0,,7.0,5.0,,,10.0,7.0,8.0,7.0,,6.0,,4.0,7.0,2.0,5.0,2.0,10.0,6.0,4.0,,,8.0,3.0,7,10.0,10,1
2006-12-12,80517,,11,3,6020.0,14528210,CRRB,CARROLLTON BANCORP,CRRB,551111.0,Q,A,R,13085,3,6020.0,,,,60.0,602.0,,,,,,,-17.505,0.025483,2814.0,1.0,,-49259.07,CRRB,10.0,,,,,10,10.0,10.0,8.0,,,,,8.0,6.0,5.0,,,,,,10.0,2.0,3.0,5.0,,4.0,,7.0,5.0,,,10.0,7.0,8.0,7.0,,6.0,,4.0,7.0,2.0,5.0,2.0,10.0,6.0,4.0,,,8.0,3.0,7,10.0,10,1
2006-12-13,80517,,11,3,6020.0,14528210,CRRB,CARROLLTON BANCORP,CRRB,551111.0,Q,A,R,13085,3,6020.0,,,,60.0,602.0,,,,,,,17.07,-0.02485,2814.0,1.0,17.07,48034.98,CRRB,10.0,,,,,10,10.0,10.0,8.0,,,,,8.0,6.0,5.0,,,,,,10.0,2.0,3.0,5.0,,4.0,,7.0,5.0,,,10.0,7.0,8.0,7.0,,6.0,,4.0,7.0,2.0,5.0,2.0,10.0,6.0,4.0,,,8.0,3.0,7,10.0,10,1
2006-12-14,80517,,11,3,6020.0,14528210,CRRB,CARROLLTON BANCORP,CRRB,551111.0,Q,A,R,13085,3,6020.0,,,,60.0,602.0,,,,,,,17.9,0.048623,2814.0,1.0,17.9,50370.6,CRRB,10.0,,,,,10,10.0,10.0,8.0,,,,,8.0,6.0,5.0,,,,,,10.0,2.0,3.0,5.0,,4.0,,7.0,5.0,,,10.0,7.0,8.0,7.0,,6.0,,4.0,7.0,2.0,5.0,2.0,10.0,6.0,4.0,,,8.0,3.0,7,10.0,10,1
2006-12-15,80517,,11,3,6020.0,14528210,CRRB,CARROLLTON BANCORP,CRRB,551111.0,Q,A,R,13085,3,6020.0,,,,60.0,602.0,,,,,,,17.94,0.002235,2814.0,1.0,17.94,50483.16,CRRB,10.0,,,,,10,10.0,10.0,8.0,,,,,8.0,6.0,5.0,,,,,,10.0,2.0,3.0,5.0,,4.0,,7.0,5.0,,,10.0,7.0,8.0,7.0,,6.0,,4.0,7.0,2.0,5.0,2.0,10.0,6.0,4.0,,,8.0,3.0,7,10.0,10,1
2006-12-18,80517,,11,3,6020.0,14528210,CRRB,CARROLLTON BANCORP,CRRB,551111.0,Q,A,R,13085,3,6020.0,,,,60.0,602.0,,,,,,,-17.66,-0.015608,2814.0,1.0,,-49695.24,CRRB,10.0,,,,,10,10.0,10.0,8.0,,,,,8.0,6.0,5.0,,,,,,10.0,2.0,3.0,5.0,,4.0,,7.0,5.0,,,10.0,7.0,8.0,7.0,,6.0,,4.0,7.0,2.0,5.0,2.0,10.0,6.0,4.0,,,8.0,3.0,7,10.0,10,1
2006-12-19,80517,,11,3,6020.0,14528210,CRRB,CARROLLTON BANCORP,CRRB,551111.0,Q,A,R,13085,3,6020.0,,,,60.0,602.0,,,,,,,-17.52,-0.007927,2814.0,1.0,,-49301.28,CRRB,10.0,,,,,10,10.0,10.0,8.0,,,,,8.0,6.0,5.0,,,,,,10.0,2.0,3.0,5.0,,4.0,,7.0,5.0,,,10.0,7.0,8.0,7.0,,6.0,,4.0,7.0,2.0,5.0,2.0,10.0,6.0,4.0,,,8.0,3.0,7,10.0,10,1
2006-12-20,80517,,11,3,6020.0,14528210,CRRB,CARROLLTON BANCORP,CRRB,551111.0,Q,A,R,13085,3,6020.0,,,,60.0,602.0,,,,,,,-17.535,0.000856,2814.0,1.0,,-49343.49,CRRB,10.0,,,,,10,10.0,10.0,8.0,,,,,8.0,6.0,5.0,,,,,,10.0,2.0,3.0,5.0,,4.0,,7.0,5.0,,,10.0,7.0,8.0,7.0,,6.0,,4.0,7.0,2.0,5.0,2.0,10.0,6.0,4.0,,,8.0,3.0,7,10.0,10,1
2006-12-21,80517,,11,3,6020.0,14528210,CRRB,CARROLLTON BANCORP,CRRB,551111.0,Q,A,R,13085,3,6020.0,,,,60.0,602.0,,,,,,,-17.535,0.0,2814.0,1.0,,-49343.49,CRRB,10.0,,,,,10,10.0,10.0,8.0,,,,,8.0,6.0,5.0,,,,,,10.0,2.0,3.0,5.0,,4.0,,7.0,5.0,,,10.0,7.0,8.0,7.0,,6.0,,4.0,7.0,2.0,5.0,2.0,10.0,6.0,4.0,,,8.0,3.0,7,10.0,10,1
2006-12-22,80517,,11,3,6020.0,14528210,CRRB,CARROLLTON BANCORP,CRRB,551111.0,Q,A,R,13085,3,6020.0,,,,60.0,602.0,,,,,,,-17.555,0.001141,2814.0,1.0,,-49399.77,CRRB,10.0,,,,,10,10.0,10.0,8.0,,,,,8.0,6.0,5.0,,,,,,10.0,2.0,3.0,5.0,,4.0,,7.0,5.0,,,10.0,7.0,8.0,7.0,,6.0,,4.0,7.0,2.0,5.0,2.0,10.0,6.0,4.0,,,8.0,3.0,7,10.0,10,1
2006-12-26,80517,,11,3,6020.0,14528210,CRRB,CARROLLTON BANCORP,CRRB,551111.0,Q,A,R,13085,3,6020.0,,,,60.0,602.0,,,,,,,-17.58,0.001424,2814.0,1.0,,-49470.12,CRRB,10.0,,,,,10,10.0,10.0,8.0,,,,,8.0,6.0,5.0,,,,,,10.0,2.0,3.0,5.0,,4.0,,7.0,5.0,,,10.0,7.0,8.0,7.0,,6.0,,4.0,7.0,2.0,5.0,2.0,10.0,6.0,4.0,,,8.0,3.0,7,10.0,10,1
2006-12-27,80517,,11,3,6020.0,14528210,CRRB,CARROLLTON BANCORP,CRRB,551111.0,Q,A,R,13085,3,6020.0,,,,60.0,602.0,,,,,,,-17.575,-0.000284,2814.0,1.0,,-49456.05,CRRB,10.0,,,,,10,10.0,10.0,8.0,,,,,8.0,6.0,5.0,,,,,,10.0,2.0,3.0,5.0,,4.0,,7.0,5.0,,,10.0,7.0,8.0,7.0,,6.0,,4.0,7.0,2.0,5.0,2.0,10.0,6.0,4.0,,,8.0,3.0,7,10.0,10,1
2006-12-28,80517,,11,3,6020.0,14528210,CRRB,CARROLLTON BANCORP,CRRB,551111.0,Q,A,R,13085,3,6020.0,,,,60.0,602.0,,,,,,,17.16,-0.023613,2814.0,1.0,17.16,48288.24,CRRB,10.0,,,,,10,10.0,10.0,8.0,,,,,8.0,6.0,5.0,,,,,,10.0,2.0,3.0,5.0,,4.0,,7.0,5.0,,,10.0,7.0,8.0,7.0,,6.0,,4.0,7.0,2.0,5.0,2.0,10.0,6.0,4.0,,,8.0,3.0,7,10.0,10,1
2006-12-29,80517,,11,3,6020.0,14528210,CRRB,CARROLLTON BANCORP,CRRB,551111.0,Q,A,R,13085,3,6020.0,,,,60.0,602.0,,,,,,,17.1601,6e-06,2807.0,1.0,17.1601,48168.4007,CRRB,10.0,,,,,10,10.0,10.0,8.0,,,,,8.0,6.0,5.0,,,,,,10.0,2.0,3.0,5.0,,4.0,,7.0,5.0,,,10.0,7.0,8.0,7.0,,6.0,,4.0,7.0,2.0,5.0,2.0,10.0,6.0,4.0,,,8.0,3.0,7,10.0,10,1
2007-01-03,80517,,11,3,6020.0,14528210,CRRB,CARROLLTON BANCORP,CRRB,551111.0,Q,A,R,13085,3,6020.0,,,,60.0,602.0,,,,,,,17.94,0.045448,2807.0,1.0,17.16,50357.58,CRRB,10.0,,,,,10,10.0,10.0,8.0,,,,,8.0,6.0,5.0,,,,,,10.0,2.0,3.0,5.0,,4.0,,3.0,6.0,,,10.0,7.0,7.0,7.0,,7.0,,4.0,7.0,2.0,8.0,1.0,10.0,2.0,10.0,,,7.0,2.0,7,10.0,10,1
2007-01-04,80517,,11,3,6020.0,14528210,CRRB,CARROLLTON BANCORP,CRRB,551111.0,Q,A,R,13085,3,6020.0,,,,60.0,602.0,,,,,,,-17.86,-0.004459,2807.0,1.0,,-50133.02,CRRB,10.0,,,,,10,10.0,10.0,8.0,,,,,8.0,6.0,5.0,,,,,,10.0,2.0,3.0,5.0,,4.0,,3.0,6.0,,,10.0,7.0,7.0,7.0,,7.0,,4.0,7.0,2.0,8.0,1.0,10.0,2.0,10.0,,,7.0,2.0,7,10.0,10,1
2007-01-05,80517,,11,3,6020.0,14528210,CRRB,CARROLLTON BANCORP,CRRB,551111.0,Q,A,R,13085,3,6020.0,,,,60.0,602.0,,,,,,,-17.86,0.0,2807.0,1.0,,-50133.02,CRRB,10.0,,,,,10,10.0,10.0,8.0,,,,,8.0,6.0,5.0,,,,,,10.0,2.0,3.0,5.0,,4.0,,3.0,6.0,,,10.0,7.0,7.0,7.0,,7.0,,4.0,7.0,2.0,8.0,1.0,10.0,2.0,10.0,,,7.0,2.0,7,10.0,10,1
2007-01-08,80517,,11,3,6020.0,14528210,CRRB,CARROLLTON BANCORP,CRRB,551111.0,Q,A,R,13085,3,6020.0,,,,60.0,602.0,,,,,,,17.86,0.0,2807.0,1.0,17.76,50133.02,CRRB,10.0,,,,,10,10.0,10.0,8.0,,,,,8.0,6.0,5.0,,,,,,10.0,2.0,3.0,5.0,,4.0,,3.0,6.0,,,10.0,7.0,7.0,7.0,,7.0,,4.0,7.0,2.0,8.0,1.0,10.0,2.0,10.0,,,7.0,2.0,7,10.0,10,1
2007-01-09,80517,,11,3,6020.0,14528210,CRRB,CARROLLTON BANCORP,CRRB,551111.0,Q,A,R,13085,3,6020.0,,,,60.0,602.0,,,,,,,-17.56,-0.016797,2807.0,1.0,,-49290.92,CRRB,10.0,,,,,10,10.0,10.0,8.0,,,,,8.0,6.0,5.0,,,,,,10.0,2.0,3.0,5.0,,4.0,,3.0,6.0,,,10.0,7.0,7.0,7.0,,7.0,,4.0,7.0,2.0,8.0,1.0,10.0,2.0,10.0,,,7.0,2.0,7,10.0,10,1
2007-01-10,80517,,11,3,6020.0,14528210,CRRB,CARROLLTON BANCORP,CRRB,551111.0,Q,A,R,13085,3,6020.0,,,,60.0,602.0,,,,,,,17.16,-0.022779,2807.0,1.0,17.16,48168.12,CRRB,10.0,,,,,10,10.0,10.0,8.0,,,,,8.0,6.0,5.0,,,,,,10.0,2.0,3.0,5.0,,4.0,,3.0,6.0,,,10.0,7.0,7.0,7.0,,7.0,,4.0,7.0,2.0,8.0,1.0,10.0,2.0,10.0,,,7.0,2.0,7,10.0,10,1
2007-01-11,80517,,11,3,6020.0,14528210,CRRB,CARROLLTON BANCORP,CRRB,551111.0,Q,A,R,13085,3,6020.0,,,,60.0,602.0,,,,,,,16.87,-0.0169,2807.0,1.0,17.15,47354.09,CRRB,10.0,,,,,10,10.0,10.0,8.0,,,,,8.0,6.0,5.0,,,,,,10.0,2.0,3.0,5.0,,4.0,,3.0,6.0,,,10.0,7.0,7.0,7.0,,7.0,,4.0,7.0,2.0,8.0,1.0,10.0,2.0,10.0,,,7.0,2.0,7,10.0,10,1
2007-01-12,80517,,11,3,6020.0,14528210,CRRB,CARROLLTON BANCORP,CRRB,551111.0,Q,A,R,13085,3,6020.0,,,,60.0,602.0,,,,,,,17.27,0.023711,2807.0,1.0,16.96,48476.89,CRRB,10.0,,,,,10,10.0,10.0,8.0,,,,,8.0,6.0,5.0,,,,,,10.0,2.0,3.0,5.0,,4.0,,3.0,6.0,,,10.0,7.0,7.0,7.0,,7.0,,4.0,7.0,2.0,8.0,1.0,10.0,2.0,10.0,,,7.0,2.0,7,10.0,10,1
2007-01-16,80517,,11,3,6020.0,14528210,CRRB,CARROLLTON BANCORP,CRRB,551111.0,Q,A,R,13085,3,6020.0,,,,60.0,602.0,,,,,,,17.8,0.030689,2807.0,1.0,17.8,49964.6,CRRB,10.0,,,,,10,10.0,10.0,8.0,,,,,8.0,6.0,5.0,,,,,,10.0,2.0,3.0,5.0,,4.0,,3.0,6.0,,,10.0,7.0,7.0,7.0,,7.0,,4.0,7.0,2.0,8.0,1.0,10.0,2.0,10.0,,,7.0,2.0,7,10.0,10,1
2007-01-17,80517,,11,3,6020.0,14528210,CRRB,CARROLLTON BANCORP,CRRB,551111.0,Q,A,R,13085,3,6020.0,,,,60.0,602.0,,,,,,,17.41,-0.02191,2807.0,1.0,17.6,48869.87,CRRB,10.0,,,,,10,10.0,10.0,8.0,,,,,8.0,6.0,5.0,,,,,,10.0,2.0,3.0,5.0,,4.0,,3.0,6.0,,,10.0,7.0,7.0,7.0,,7.0,,4.0,7.0,2.0,8.0,1.0,10.0,2.0,10.0,,,7.0,2.0,7,10.0,10,1
2007-01-18,80517,,11,3,6020.0,14528210,CRRB,CARROLLTON BANCORP,CRRB,551111.0,Q,A,R,13085,3,6020.0,,,,60.0,602.0,,,,,,,-17.275,-0.007754,2807.0,1.0,,-48490.925,CRRB,10.0,,,,,10,10.0,10.0,8.0,,,,,8.0,6.0,5.0,,,,,,10.0,2.0,3.0,5.0,,4.0,,3.0,6.0,,,10.0,7.0,7.0,7.0,,7.0,,4.0,7.0,2.0,8.0,1.0,10.0,2.0,10.0,,,7.0,2.0,7,10.0,10,1
2007-01-19,80517,,11,3,6020.0,14528210,CRRB,CARROLLTON BANCORP,CRRB,551111.0,Q,A,R,13085,3,6020.0,,,,60.0,602.0,,,,,,,17.41,0.007815,2807.0,1.0,17.41,48869.87,CRRB,10.0,,,,,10,10.0,10.0,8.0,,,,,8.0,6.0,5.0,,,,,,10.0,2.0,3.0,5.0,,4.0,,3.0,6.0,,,10.0,7.0,7.0,7.0,,7.0,,4.0,7.0,2.0,8.0,1.0,10.0,2.0,10.0,,,7.0,2.0,7,10.0,10,1
2007-01-22,80517,,11,3,6020.0,14528210,CRRB,CARROLLTON BANCORP,CRRB,551111.0,Q,A,R,13085,3,6020.0,,,,60.0,602.0,,,,,,,17.05,-0.020678,2807.0,1.0,17.05,47859.35,CRRB,10.0,,,,,10,10.0,10.0,8.0,,,,,8.0,6.0,5.0,,,,,,10.0,2.0,3.0,5.0,,4.0,,3.0,6.0,,,10.0,7.0,7.0,7.0,,7.0,,4.0,7.0,2.0,8.0,1.0,10.0,2.0,10.0,,,7.0,2.0,7,10.0,10,1
2007-01-23,80517,,11,3,6020.0,14528210,CRRB,CARROLLTON BANCORP,CRRB,551111.0,Q,A,R,13085,3,6020.0,,,,60.0,602.0,,,,,,,17.25,0.01173,2807.0,1.0,17.05,48420.75,CRRB,10.0,,,,,10,10.0,10.0,8.0,,,,,8.0,6.0,5.0,,,,,,10.0,2.0,3.0,5.0,,4.0,,3.0,6.0,,,10.0,7.0,7.0,7.0,,7.0,,4.0,7.0,2.0,8.0,1.0,10.0,2.0,10.0,,,7.0,2.0,7,10.0,10,1
2007-01-24,80517,,11,3,6020.0,14528210,CRRB,CARROLLTON BANCORP,CRRB,551111.0,Q,A,R,13085,3,6020.0,,,,60.0,602.0,,,,,,,-17.06,-0.011014,2807.0,1.0,,-47887.42,CRRB,10.0,,,,,10,10.0,10.0,8.0,,,,,8.0,6.0,5.0,,,,,,10.0,2.0,3.0,5.0,,4.0,,3.0,6.0,,,10.0,7.0,7.0,7.0,,7.0,,4.0,7.0,2.0,8.0,1.0,10.0,2.0,10.0,,,7.0,2.0,7,10.0,10,1
2007-01-25,80517,,11,3,6020.0,14528210,CRRB,CARROLLTON BANCORP,CRRB,551111.0,Q,A,R,13085,3,6020.0,,,,60.0,602.0,,,,,,,-17.1,0.002345,2807.0,1.0,,-47999.7,CRRB,10.0,,,,,10,10.0,10.0,8.0,,,,,8.0,6.0,5.0,,,,,,10.0,2.0,3.0,5.0,,4.0,,3.0,6.0,,,10.0,7.0,7.0,7.0,,7.0,,4.0,7.0,2.0,8.0,1.0,10.0,2.0,10.0,,,7.0,2.0,7,10.0,10,1
2007-01-26,80517,,11,3,6020.0,14528210,CRRB,CARROLLTON BANCORP,CRRB,551111.0,Q,A,R,13085,3,6020.0,,,,60.0,602.0,,,,,,,-16.975,-0.00731,2807.0,1.0,,-47648.825,CRRB,10.0,,,,,10,10.0,10.0,8.0,,,,,8.0,6.0,5.0,,,,,,10.0,2.0,3.0,5.0,,4.0,,3.0,6.0,,,10.0,7.0,7.0,7.0,,7.0,,4.0,7.0,2.0,8.0,1.0,10.0,2.0,10.0,,,7.0,2.0,7,10.0,10,1
2007-01-29,80517,,11,3,6020.0,14528210,CRRB,CARROLLTON BANCORP,CRRB,551111.0,Q,A,R,13085,3,6020.0,,,,60.0,602.0,,,,,,,17.1,0.007364,2807.0,1.0,17.1,47999.7,CRRB,10.0,,,,,10,10.0,10.0,8.0,,,,,8.0,6.0,5.0,,,,,,10.0,2.0,3.0,5.0,,4.0,,3.0,6.0,,,10.0,7.0,7.0,7.0,,7.0,,4.0,7.0,2.0,8.0,1.0,10.0,2.0,10.0,,,7.0,2.0,7,10.0,10,1
2007-01-30,80517,,11,3,6020.0,14528210,CRRB,CARROLLTON BANCORP,CRRB,551111.0,Q,A,R,13085,3,6020.0,,,,60.0,602.0,,,,,,,-16.975,-0.00731,2807.0,1.0,,-47648.825,CRRB,10.0,,,,,10,10.0,10.0,8.0,,,,,8.0,6.0,5.0,,,,,,10.0,2.0,3.0,5.0,,4.0,,3.0,6.0,,,10.0,7.0,7.0,7.0,,7.0,,4.0,7.0,2.0,8.0,1.0,10.0,2.0,10.0,,,7.0,2.0,7,10.0,10,1
2007-01-31,80517,,11,3,6020.0,14528210,CRRB,CARROLLTON BANCORP,CRRB,551111.0,Q,A,R,13085,3,6020.0,,,,60.0,602.0,,,,,,,16.988,0.000766,2807.0,1.0,17.03,47685.316,CRRB,10.0,,,,,10,10.0,10.0,8.0,,,,,8.0,6.0,5.0,,,,,,10.0,2.0,3.0,5.0,,4.0,,3.0,6.0,,,10.0,7.0,7.0,7.0,,7.0,,4.0,7.0,2.0,8.0,1.0,10.0,2.0,10.0,,,7.0,2.0,7,10.0,10,1
2007-02-01,80517,,11,3,6020.0,14528210,CRRB,CARROLLTON BANCORP,CRRB,551111.0,Q,A,R,13085,3,6020.0,,,,60.0,602.0,,,,,,,-16.85,-0.008123,2807.0,1.0,,-47297.95,CRRB,10.0,,,,,10,10.0,10.0,8.0,,,,,8.0,6.0,5.0,,,,,,10.0,2.0,3.0,5.0,,4.0,,3.0,3.0,,,10.0,7.0,6.0,7.0,,7.0,,5.0,7.0,3.0,7.0,1.0,10.0,6.0,6.0,,,8.0,2.0,7,10.0,10,1
2007-02-02,80517,,11,3,6020.0,14528210,CRRB,CARROLLTON BANCORP,CRRB,551111.0,Q,A,R,13085,3,6020.0,,,,60.0,602.0,,,,,,,-16.87,0.001187,2807.0,1.0,,-47354.09,CRRB,10.0,,,,,10,10.0,10.0,8.0,,,,,8.0,6.0,5.0,,,,,,10.0,2.0,3.0,5.0,,4.0,,3.0,3.0,,,10.0,7.0,6.0,7.0,,7.0,,5.0,7.0,3.0,7.0,1.0,10.0,6.0,6.0,,,8.0,2.0,7,10.0,10,1
2007-02-05,80517,,11,3,6020.0,14528210,CRRB,CARROLLTON BANCORP,CRRB,551111.0,Q,A,R,13085,3,6020.0,,,,60.0,602.0,,,,,,,16.7,-0.010077,2807.0,1.0,16.85,46876.9,CRRB,10.0,,,,,10,10.0,10.0,8.0,,,,,8.0,6.0,5.0,,,,,,10.0,2.0,3.0,5.0,,4.0,,3.0,3.0,,,10.0,7.0,6.0,7.0,,7.0,,5.0,7.0,3.0,7.0,1.0,10.0,6.0,6.0,,,8.0,2.0,7,10.0,10,1
2007-02-06,80517,,11,3,6020.0,14528210,CRRB,CARROLLTON BANCORP,CRRB,551111.0,Q,A,R,13085,3,6020.0,,,,60.0,602.0,,,,,,,17.0,0.017964,2807.0,1.0,17.0,47719.0,CRRB,10.0,,,,,10,10.0,10.0,8.0,,,,,8.0,6.0,5.0,,,,,,10.0,2.0,3.0,5.0,,4.0,,3.0,3.0,,,10.0,7.0,6.0,7.0,,7.0,,5.0,7.0,3.0,7.0,1.0,10.0,6.0,6.0,,,8.0,2.0,7,10.0,10,1
2007-02-07,80517,,11,3,6020.0,14528210,CRRB,CARROLLTON BANCORP,CRRB,551111.0,Q,A,R,13085,3,6020.0,,,,60.0,602.0,,,,,,,-16.92,-0.004706,2807.0,1.0,,-47494.44,CRRB,10.0,,,,,10,10.0,10.0,8.0,,,,,8.0,6.0,5.0,,,,,,10.0,2.0,3.0,5.0,,4.0,,3.0,3.0,,,10.0,7.0,6.0,7.0,,7.0,,5.0,7.0,3.0,7.0,1.0,10.0,6.0,6.0,,,8.0,2.0,7,10.0,10,1
2007-02-08,80517,,11,3,6020.0,14528210,CRRB,CARROLLTON BANCORP,CRRB,551111.0,Q,A,R,13085,3,6020.0,,,,60.0,602.0,,,,,,,16.6,-0.018913,2807.0,1.0,17.09,46596.2,CRRB,10.0,,,,,10,10.0,10.0,8.0,,,,,8.0,6.0,5.0,,,,,,10.0,2.0,3.0,5.0,,4.0,,3.0,3.0,,,10.0,7.0,6.0,7.0,,7.0,,5.0,7.0,3.0,7.0,1.0,10.0,6.0,6.0,,,8.0,2.0,7,10.0,10,1
2007-02-09,80517,,11,3,6020.0,14528210,CRRB,CARROLLTON BANCORP,CRRB,551111.0,Q,A,R,13085,3,6020.0,,,,60.0,602.0,,,,,,,17.2,0.036145,2807.0,1.0,16.7,48280.4,CRRB,10.0,,,,,10,10.0,10.0,8.0,,,,,8.0,6.0,5.0,,,,,,10.0,2.0,3.0,5.0,,4.0,,3.0,3.0,,,10.0,7.0,6.0,7.0,,7.0,,5.0,7.0,3.0,7.0,1.0,10.0,6.0,6.0,,,8.0,2.0,7,10.0,10,1
2007-02-12,80517,,11,3,6020.0,14528210,CRRB,CARROLLTON BANCORP,CRRB,551111.0,Q,A,R,13085,3,6020.0,,,,60.0,602.0,,,,,,,-17.445,0.014244,2807.0,1.0,,-48968.115,CRRB,10.0,,,,,10,10.0,10.0,8.0,,,,,8.0,6.0,5.0,,,,,,10.0,2.0,3.0,5.0,,4.0,,3.0,3.0,,,10.0,7.0,6.0,7.0,,7.0,,5.0,7.0,3.0,7.0,1.0,10.0,6.0,6.0,,,8.0,2.0,7,10.0,10,1
2007-02-13,80517,,11,3,6020.0,14528210,CRRB,CARROLLTON BANCORP,CRRB,551111.0,Q,A,R,13085,3,6020.0,,,,60.0,602.0,,,,,,,16.95,-0.028375,2807.0,1.0,17.21,47578.65,CRRB,10.0,,,,,10,10.0,10.0,8.0,,,,,8.0,6.0,5.0,,,,,,10.0,2.0,3.0,5.0,,4.0,,3.0,3.0,,,10.0,7.0,6.0,7.0,,7.0,,5.0,7.0,3.0,7.0,1.0,10.0,6.0,6.0,,,8.0,2.0,7,10.0,10,1
2007-02-14,80517,,11,3,6020.0,14528210,CRRB,CARROLLTON BANCORP,CRRB,551111.0,Q,A,R,13085,3,6020.0,,,,60.0,602.0,1232.0,0.12,0.0,,,,-16.725,-0.006195,2807.0,1.0,,-46947.075,CRRB,10.0,,,,,10,10.0,10.0,8.0,,,,,8.0,6.0,5.0,,,,,,10.0,2.0,3.0,5.0,,4.0,,3.0,3.0,,,10.0,7.0,6.0,7.0,,7.0,,5.0,7.0,3.0,7.0,1.0,10.0,6.0,6.0,,,8.0,2.0,7,10.0,10,1
2007-02-15,80517,,11,3,6020.0,14528210,CRRB,CARROLLTON BANCORP,CRRB,551111.0,Q,A,R,13085,3,6020.0,,,,60.0,602.0,,,,,,,-16.54,-0.011061,2807.0,1.0,,-46427.78,CRRB,10.0,,,,,10,10.0,10.0,8.0,,,,,8.0,6.0,5.0,,,,,,10.0,2.0,3.0,5.0,,4.0,,3.0,3.0,,,10.0,7.0,6.0,7.0,,7.0,,5.0,7.0,3.0,7.0,1.0,10.0,6.0,6.0,,,8.0,2.0,7,10.0,10,1
2007-02-16,80517,,11,3,6020.0,14528210,CRRB,CARROLLTON BANCORP,CRRB,551111.0,Q,A,R,13085,3,6020.0,,,,60.0,602.0,,,,,,,-16.555,0.000907,2807.0,1.0,,-46469.885,CRRB,10.0,,,,,10,10.0,10.0,8.0,,,,,8.0,6.0,5.0,,,,,,10.0,2.0,3.0,5.0,,4.0,,3.0,3.0,,,10.0,7.0,6.0,7.0,,7.0,,5.0,7.0,3.0,7.0,1.0,10.0,6.0,6.0,,,8.0,2.0,7,10.0,10,1
2007-02-20,80517,,11,3,6020.0,14528210,CRRB,CARROLLTON BANCORP,CRRB,551111.0,Q,A,R,13085,3,6020.0,,,,60.0,602.0,,,,,,,-16.535,-0.001208,2807.0,1.0,,-46413.745,CRRB,10.0,,,,,10,10.0,10.0,8.0,,,,,8.0,6.0,5.0,,,,,,10.0,2.0,3.0,5.0,,4.0,,3.0,3.0,,,10.0,7.0,6.0,7.0,,7.0,,5.0,7.0,3.0,7.0,1.0,10.0,6.0,6.0,,,8.0,2.0,7,10.0,10,1
2007-02-21,80517,,11,3,6020.0,14528210,CRRB,CARROLLTON BANCORP,CRRB,551111.0,Q,A,R,13085,3,6020.0,,,,60.0,602.0,,,,,,,16.5,-0.002117,2807.0,1.0,16.5,46315.5,CRRB,10.0,,,,,10,10.0,10.0,8.0,,,,,8.0,6.0,5.0,,,,,,10.0,2.0,3.0,5.0,,4.0,,3.0,3.0,,,10.0,7.0,6.0,7.0,,7.0,,5.0,7.0,3.0,7.0,1.0,10.0,6.0,6.0,,,8.0,2.0,7,10.0,10,1
2007-02-22,80517,,11,3,6020.0,14528210,CRRB,CARROLLTON BANCORP,CRRB,551111.0,Q,A,R,13085,3,6020.0,,,,60.0,602.0,,,,,,,-16.5,0.0,2807.0,1.0,,-46315.5,CRRB,10.0,,,,,10,10.0,10.0,8.0,,,,,8.0,6.0,5.0,,,,,,10.0,2.0,3.0,5.0,,4.0,,3.0,3.0,,,10.0,7.0,6.0,7.0,,7.0,,5.0,7.0,3.0,7.0,1.0,10.0,6.0,6.0,,,8.0,2.0,7,10.0,10,1
2007-02-23,80517,,11,3,6020.0,14528210,CRRB,CARROLLTON BANCORP,CRRB,551111.0,Q,A,R,13085,3,6020.0,,,,60.0,602.0,,,,,,,16.65,0.009091,2807.0,1.0,16.4,46736.55,CRRB,10.0,,,,,10,10.0,10.0,8.0,,,,,8.0,6.0,5.0,,,,,,10.0,2.0,3.0,5.0,,4.0,,3.0,3.0,,,10.0,7.0,6.0,7.0,,7.0,,5.0,7.0,3.0,7.0,1.0,10.0,6.0,6.0,,,8.0,2.0,7,10.0,10,1
2007-02-26,80517,,11,3,6020.0,14528210,CRRB,CARROLLTON BANCORP,CRRB,551111.0,Q,A,R,13085,3,6020.0,,,,60.0,602.0,,,,,,,-16.505,-0.008709,2807.0,1.0,,-46329.535,CRRB,10.0,,,,,10,10.0,10.0,8.0,,,,,8.0,6.0,5.0,,,,,,10.0,2.0,3.0,5.0,,4.0,,3.0,3.0,,,10.0,7.0,6.0,7.0,,7.0,,5.0,7.0,3.0,7.0,1.0,10.0,6.0,6.0,,,8.0,2.0,7,10.0,10,1
2007-02-27,80517,,11,3,6020.0,14528210,CRRB,CARROLLTON BANCORP,CRRB,551111.0,Q,A,R,13085,3,6020.0,,,,60.0,602.0,,,,,,,17.0,0.029991,2807.0,1.0,16.85,47719.0,CRRB,10.0,,,,,10,10.0,10.0,8.0,,,,,8.0,6.0,5.0,,,,,,10.0,2.0,3.0,5.0,,4.0,,3.0,3.0,,,10.0,7.0,6.0,7.0,,7.0,,5.0,7.0,3.0,7.0,1.0,10.0,6.0,6.0,,,8.0,2.0,7,10.0,10,1
2007-02-28,80517,,11,3,6020.0,14528210,CRRB,CARROLLTON BANCORP,CRRB,551111.0,Q,A,R,13085,3,6020.0,,,,60.0,602.0,,,,,,,-16.95,-0.002941,2807.0,1.0,,-47578.65,CRRB,10.0,,,,,10,10.0,10.0,8.0,,,,,8.0,6.0,5.0,,,,,,10.0,2.0,3.0,5.0,,4.0,,3.0,3.0,,,10.0,7.0,6.0,7.0,,7.0,,5.0,7.0,3.0,7.0,1.0,10.0,6.0,6.0,,,8.0,2.0,7,10.0,10,1
2007-03-01,80517,,11,3,6020.0,14528210,CRRB,CARROLLTON BANCORP,CRRB,551111.0,Q,A,R,13085,3,6020.0,,,,60.0,602.0,,,,,,,17.75,0.047198,2807.0,1.0,17.68,49824.25,CRRB,10.0,,,,,10,10.0,10.0,8.0,,,,,8.0,6.0,5.0,,,,,,10.0,2.0,3.0,5.0,,4.0,,2.0,3.0,,,10.0,6.0,6.0,7.0,,7.0,,4.0,7.0,2.0,5.0,3.0,10.0,7.0,3.0,,,6.0,2.0,7,10.0,10,1
2007-03-02,80517,,11,3,6020.0,14528210,CRRB,CARROLLTON BANCORP,CRRB,551111.0,Q,A,R,13085,3,6020.0,,,,60.0,602.0,,,,,,,17.5,-0.014085,2807.0,1.0,18.0,49122.5,CRRB,10.0,,,,,10,10.0,10.0,8.0,,,,,8.0,6.0,5.0,,,,,,10.0,2.0,3.0,5.0,,4.0,,2.0,3.0,,,10.0,6.0,6.0,7.0,,7.0,,4.0,7.0,2.0,5.0,3.0,10.0,7.0,3.0,,,6.0,2.0,7,10.0,10,1
2007-03-05,80517,,11,3,6020.0,14528210,CRRB,CARROLLTON BANCORP,CRRB,551111.0,Q,A,R,13085,3,6020.0,,,,60.0,602.0,,,,,,,17.5,0.0,2807.0,1.0,17.22,49122.5,CRRB,10.0,,,,,10,10.0,10.0,8.0,,,,,8.0,6.0,5.0,,,,,,10.0,2.0,3.0,5.0,,4.0,,2.0,3.0,,,10.0,6.0,6.0,7.0,,7.0,,4.0,7.0,2.0,5.0,3.0,10.0,7.0,3.0,,,6.0,2.0,7,10.0,10,1
2007-03-06,80517,,11,3,6020.0,14528210,CRRB,CARROLLTON BANCORP,CRRB,551111.0,Q,A,R,13085,3,6020.0,,,,60.0,602.0,,,,,,,17.85,0.02,2807.0,1.0,18.0,50104.95,CRRB,10.0,,,,,10,10.0,10.0,8.0,,,,,8.0,6.0,5.0,,,,,,10.0,2.0,3.0,5.0,,4.0,,2.0,3.0,,,10.0,6.0,6.0,7.0,,7.0,,4.0,7.0,2.0,5.0,3.0,10.0,7.0,3.0,,,6.0,2.0,7,10.0,10,1
2007-03-07,80517,,11,3,6020.0,14528210,CRRB,CARROLLTON BANCORP,CRRB,551111.0,Q,A,R,13085,3,6020.0,,,,60.0,602.0,,,,,,,17.05,-0.044818,2807.0,1.0,17.25,47859.35,CRRB,10.0,,,,,10,10.0,10.0,8.0,,,,,8.0,6.0,5.0,,,,,,10.0,2.0,3.0,5.0,,4.0,,2.0,3.0,,,10.0,6.0,6.0,7.0,,7.0,,4.0,7.0,2.0,5.0,3.0,10.0,7.0,3.0,,,6.0,2.0,7,10.0,10,1
2007-03-08,80517,,11,3,6020.0,14528210,CRRB,CARROLLTON BANCORP,CRRB,551111.0,Q,A,R,13085,3,6020.0,,,,60.0,602.0,,,,,,,-17.5,0.026393,2807.0,1.0,,-49122.5,CRRB,10.0,,,,,10,10.0,10.0,8.0,,,,,8.0,6.0,5.0,,,,,,10.0,2.0,3.0,5.0,,4.0,,2.0,3.0,,,10.0,6.0,6.0,7.0,,7.0,,4.0,7.0,2.0,5.0,3.0,10.0,7.0,3.0,,,6.0,2.0,7,10.0,10,1
2007-03-09,80517,,11,3,6020.0,14528210,CRRB,CARROLLTON BANCORP,CRRB,551111.0,Q,A,R,13085,3,6020.0,,,,60.0,602.0,,,,,,,17.5,0.0,2819.0,1.0,17.1,49332.5,CRRB,10.0,,,,,10,10.0,10.0,8.0,,,,,8.0,6.0,5.0,,,,,,10.0,2.0,3.0,5.0,,4.0,,2.0,3.0,,,10.0,6.0,6.0,7.0,,7.0,,4.0,7.0,2.0,5.0,3.0,10.0,7.0,3.0,,,6.0,2.0,7,10.0,10,1
2007-03-12,80517,,11,3,6020.0,14528210,CRRB,CARROLLTON BANCORP,CRRB,551111.0,Q,A,R,13085,3,6020.0,,,,60.0,602.0,,,,,,,-17.5,0.0,2819.0,1.0,,-49332.5,CRRB,10.0,,,,,10,10.0,10.0,8.0,,,,,8.0,6.0,5.0,,,,,,10.0,2.0,3.0,5.0,,4.0,,2.0,3.0,,,10.0,6.0,6.0,7.0,,7.0,,4.0,7.0,2.0,5.0,3.0,10.0,7.0,3.0,,,6.0,2.0,7,10.0,10,1
2007-03-13,80517,,11,3,6020.0,14528210,CRRB,CARROLLTON BANCORP,CRRB,551111.0,Q,A,R,13085,3,6020.0,,,,60.0,602.0,,,,,,,-17.5,0.0,2819.0,1.0,,-49332.5,CRRB,10.0,,,,,10,10.0,10.0,8.0,,,,,8.0,6.0,5.0,,,,,,10.0,2.0,3.0,5.0,,4.0,,2.0,3.0,,,10.0,6.0,6.0,7.0,,7.0,,4.0,7.0,2.0,5.0,3.0,10.0,7.0,3.0,,,6.0,2.0,7,10.0,10,1
2007-03-14,80517,,11,3,6020.0,14528210,CRRB,CARROLLTON BANCORP,CRRB,551111.0,Q,A,R,13085,3,6020.0,,,,60.0,602.0,,,,,,,16.8,-0.04,2819.0,1.0,17.0,47359.2,CRRB,10.0,,,,,10,10.0,10.0,8.0,,,,,8.0,6.0,5.0,,,,,,10.0,2.0,3.0,5.0,,4.0,,2.0,3.0,,,10.0,6.0,6.0,7.0,,7.0,,4.0,7.0,2.0,5.0,3.0,10.0,7.0,3.0,,,6.0,2.0,7,10.0,10,1
2007-03-15,80517,,11,3,6020.0,14528210,CRRB,CARROLLTON BANCORP,CRRB,551111.0,Q,A,R,13085,3,6020.0,,,,60.0,602.0,,,,,,,17.85,0.0625,2819.0,1.0,17.89,50319.15,CRRB,10.0,,,,,10,10.0,10.0,8.0,,,,,8.0,6.0,5.0,,,,,,10.0,2.0,3.0,5.0,,4.0,,2.0,3.0,,,10.0,6.0,6.0,7.0,,7.0,,4.0,7.0,2.0,5.0,3.0,10.0,7.0,3.0,,,6.0,2.0,7,10.0,10,1
2007-03-16,80517,,11,3,6020.0,14528210,CRRB,CARROLLTON BANCORP,CRRB,551111.0,Q,A,R,13085,3,6020.0,,,,60.0,602.0,,,,,,,-17.645,-0.011485,2819.0,1.0,,-49741.255,CRRB,10.0,,,,,10,10.0,10.0,8.0,,,,,8.0,6.0,5.0,,,,,,10.0,2.0,3.0,5.0,,4.0,,2.0,3.0,,,10.0,6.0,6.0,7.0,,7.0,,4.0,7.0,2.0,5.0,3.0,10.0,7.0,3.0,,,6.0,2.0,7,10.0,10,1
2007-03-19,80517,,11,3,6020.0,14528210,CRRB,CARROLLTON BANCORP,CRRB,551111.0,Q,A,R,13085,3,6020.0,,,,60.0,602.0,,,,,,,17.85,0.011618,2819.0,1.0,17.85,50319.15,CRRB,10.0,,,,,10,10.0,10.0,8.0,,,,,8.0,6.0,5.0,,,,,,10.0,2.0,3.0,5.0,,4.0,,2.0,3.0,,,10.0,6.0,6.0,7.0,,7.0,,4.0,7.0,2.0,5.0,3.0,10.0,7.0,3.0,,,6.0,2.0,7,10.0,10,1
2007-03-20,80517,,11,3,6020.0,14528210,CRRB,CARROLLTON BANCORP,CRRB,551111.0,Q,A,R,13085,3,6020.0,,,,60.0,602.0,,,,,,,-17.645,-0.011485,2819.0,1.0,,-49741.255,CRRB,10.0,,,,,10,10.0,10.0,8.0,,,,,8.0,6.0,5.0,,,,,,10.0,2.0,3.0,5.0,,4.0,,2.0,3.0,,,10.0,6.0,6.0,7.0,,7.0,,4.0,7.0,2.0,5.0,3.0,10.0,7.0,3.0,,,6.0,2.0,7,10.0,10,1
2007-03-21,80517,,11,3,6020.0,14528210,CRRB,CARROLLTON BANCORP,CRRB,551111.0,Q,A,R,13085,3,6020.0,,,,60.0,602.0,,,,,,,-17.47,-0.009918,2819.0,1.0,,-49247.93,CRRB,10.0,,,,,10,10.0,10.0,8.0,,,,,8.0,6.0,5.0,,,,,,10.0,2.0,3.0,5.0,,4.0,,2.0,3.0,,,10.0,6.0,6.0,7.0,,7.0,,4.0,7.0,2.0,5.0,3.0,10.0,7.0,3.0,,,6.0,2.0,7,10.0,10,1
2007-03-22,80517,,11,3,6020.0,14528210,CRRB,CARROLLTON BANCORP,CRRB,551111.0,Q,A,R,13085,3,6020.0,,,,60.0,602.0,,,,,,,17.34,-0.007441,2819.0,1.0,17.34,48881.46,CRRB,10.0,,,,,10,10.0,10.0,8.0,,,,,8.0,6.0,5.0,,,,,,10.0,2.0,3.0,5.0,,4.0,,2.0,3.0,,,10.0,6.0,6.0,7.0,,7.0,,4.0,7.0,2.0,5.0,3.0,10.0,7.0,3.0,,,6.0,2.0,7,10.0,10,1
2007-03-23,80517,,11,3,6020.0,14528210,CRRB,CARROLLTON BANCORP,CRRB,551111.0,Q,A,R,13085,3,6020.0,,,,60.0,602.0,,,,,,,17.51,0.009804,2819.0,1.0,17.51,49360.69,CRRB,10.0,,,,,10,10.0,10.0,8.0,,,,,8.0,6.0,5.0,,,,,,10.0,2.0,3.0,5.0,,4.0,,2.0,3.0,,,10.0,6.0,6.0,7.0,,7.0,,4.0,7.0,2.0,5.0,3.0,10.0,7.0,3.0,,,6.0,2.0,7,10.0,10,1
2007-03-26,80517,,11,3,6020.0,14528210,CRRB,CARROLLTON BANCORP,CRRB,551111.0,Q,A,R,13085,3,6020.0,,,,60.0,602.0,,,,,,,17.65,0.007995,2819.0,1.0,17.51,49755.35,CRRB,10.0,,,,,10,10.0,10.0,8.0,,,,,8.0,6.0,5.0,,,,,,10.0,2.0,3.0,5.0,,4.0,,2.0,3.0,,,10.0,6.0,6.0,7.0,,7.0,,4.0,7.0,2.0,5.0,3.0,10.0,7.0,3.0,,,6.0,2.0,7,10.0,10,1
2007-03-27,80517,,11,3,6020.0,14528210,CRRB,CARROLLTON BANCORP,CRRB,551111.0,Q,A,R,13085,3,6020.0,,,,60.0,602.0,,,,,,,17.2,-0.025496,2819.0,1.0,17.6,48486.8,CRRB,10.0,,,,,10,10.0,10.0,8.0,,,,,8.0,6.0,5.0,,,,,,10.0,2.0,3.0,5.0,,4.0,,2.0,3.0,,,10.0,6.0,6.0,7.0,,7.0,,4.0,7.0,2.0,5.0,3.0,10.0,7.0,3.0,,,6.0,2.0,7,10.0,10,1
2007-03-28,80517,,11,3,6020.0,14528210,CRRB,CARROLLTON BANCORP,CRRB,551111.0,Q,A,R,13085,3,6020.0,,,,60.0,602.0,,,,,,,17.72,0.030232,2821.0,1.0,17.72,49988.12,CRRB,10.0,,,,,10,10.0,10.0,8.0,,,,,8.0,6.0,5.0,,,,,,10.0,2.0,3.0,5.0,,4.0,,2.0,3.0,,,10.0,6.0,6.0,7.0,,7.0,,4.0,7.0,2.0,5.0,3.0,10.0,7.0,3.0,,,6.0,2.0,7,10.0,10,1
2007-03-29,80517,,11,3,6020.0,14528210,CRRB,CARROLLTON BANCORP,CRRB,551111.0,Q,A,R,13085,3,6020.0,,,,60.0,602.0,,,,,,,-17.47,-0.014108,2821.0,1.0,,-49282.87,CRRB,10.0,,,,,10,10.0,10.0,8.0,,,,,8.0,6.0,5.0,,,,,,10.0,2.0,3.0,5.0,,4.0,,2.0,3.0,,,10.0,6.0,6.0,7.0,,7.0,,4.0,7.0,2.0,5.0,3.0,10.0,7.0,3.0,,,6.0,2.0,7,10.0,10,1
2007-03-30,80517,,11,3,6020.0,14528210,CRRB,CARROLLTON BANCORP,CRRB,551111.0,Q,A,R,13085,3,6020.0,,,,60.0,602.0,,,,,,,17.69,0.012593,2821.0,1.0,17.72,49903.49,CRRB,10.0,,,,,10,10.0,10.0,8.0,,,,,8.0,6.0,5.0,,,,,,10.0,2.0,3.0,5.0,,4.0,,2.0,3.0,,,10.0,6.0,6.0,7.0,,7.0,,4.0,7.0,2.0,5.0,3.0,10.0,7.0,3.0,,,6.0,2.0,7,10.0,10,1
2007-04-02,80517,,11,3,6020.0,14528210,CRRB,CARROLLTON BANCORP,CRRB,551111.0,Q,A,R,13085,3,6020.0,,,,60.0,602.0,,,,,,,-17.485,-0.011588,2821.0,1.0,,-49325.185,CRRB,10.0,,,,,10,10.0,10.0,8.0,,,,,8.0,6.0,5.0,,,,,,10.0,2.0,3.0,5.0,,4.0,,2.0,2.0,,,10.0,6.0,7.0,6.0,,6.0,,4.0,7.0,2.0,3.0,2.0,10.0,3.0,2.0,,,7.0,2.0,7,10.0,10,1
2007-04-03,80517,,11,3,6020.0,14528210,CRRB,CARROLLTON BANCORP,CRRB,551111.0,Q,A,R,13085,3,6020.0,,,,60.0,602.0,,,,,,,17.85,0.020875,2821.0,1.0,17.85,50354.85,CRRB,10.0,,,,,10,10.0,10.0,8.0,,,,,8.0,6.0,5.0,,,,,,10.0,2.0,3.0,5.0,,4.0,,2.0,2.0,,,10.0,6.0,7.0,6.0,,6.0,,4.0,7.0,2.0,3.0,2.0,10.0,3.0,2.0,,,7.0,2.0,7,10.0,10,1
2007-04-04,80517,,11,3,6020.0,14528210,CRRB,CARROLLTON BANCORP,CRRB,551111.0,Q,A,R,13085,3,6020.0,,,,60.0,602.0,,,,,,,-17.55,-0.016807,2821.0,1.0,,-49508.55,CRRB,10.0,,,,,10,10.0,10.0,8.0,,,,,8.0,6.0,5.0,,,,,,10.0,2.0,3.0,5.0,,4.0,,2.0,2.0,,,10.0,6.0,7.0,6.0,,6.0,,4.0,7.0,2.0,3.0,2.0,10.0,3.0,2.0,,,7.0,2.0,7,10.0,10,1
2007-04-05,80517,,11,3,6020.0,14528210,CRRB,CARROLLTON BANCORP,CRRB,551111.0,Q,A,R,13085,3,6020.0,,,,60.0,602.0,,,,,,,-17.485,-0.003704,2821.0,1.0,,-49325.185,CRRB,10.0,,,,,10,10.0,10.0,8.0,,,,,8.0,6.0,5.0,,,,,,10.0,2.0,3.0,5.0,,4.0,,2.0,2.0,,,10.0,6.0,7.0,6.0,,6.0,,4.0,7.0,2.0,3.0,2.0,10.0,3.0,2.0,,,7.0,2.0,7,10.0,10,1
2007-04-09,80517,,11,3,6020.0,14528210,CRRB,CARROLLTON BANCORP,CRRB,551111.0,Q,A,R,13085,3,6020.0,,,,60.0,602.0,,,,,,,-17.475,-0.000572,2821.0,1.0,,-49296.975,CRRB,10.0,,,,,10,10.0,10.0,8.0,,,,,8.0,6.0,5.0,,,,,,10.0,2.0,3.0,5.0,,4.0,,2.0,2.0,,,10.0,6.0,7.0,6.0,,6.0,,4.0,7.0,2.0,3.0,2.0,10.0,3.0,2.0,,,7.0,2.0,7,10.0,10,1
2007-04-10,80517,,11,3,6020.0,14528210,CRRB,CARROLLTON BANCORP,CRRB,551111.0,Q,A,R,13085,3,6020.0,,,,60.0,602.0,,,,,,,17.11,-0.020887,2821.0,1.0,17.1,48267.31,CRRB,10.0,,,,,10,10.0,10.0,8.0,,,,,8.0,6.0,5.0,,,,,,10.0,2.0,3.0,5.0,,4.0,,2.0,2.0,,,10.0,6.0,7.0,6.0,,6.0,,4.0,7.0,2.0,3.0,2.0,10.0,3.0,2.0,,,7.0,2.0,7,10.0,10,1
2007-04-11,80517,,11,3,6020.0,14528210,CRRB,CARROLLTON BANCORP,CRRB,551111.0,Q,A,R,13085,3,6020.0,,,,60.0,602.0,,,,,,,-17.475,0.021333,2821.0,1.0,,-49296.975,CRRB,10.0,,,,,10,10.0,10.0,8.0,,,,,8.0,6.0,5.0,,,,,,10.0,2.0,3.0,5.0,,4.0,,2.0,2.0,,,10.0,6.0,7.0,6.0,,6.0,,4.0,7.0,2.0,3.0,2.0,10.0,3.0,2.0,,,7.0,2.0,7,10.0,10,1
2007-04-12,80517,,11,3,6020.0,14528210,CRRB,CARROLLTON BANCORP,CRRB,551111.0,Q,A,R,13085,3,6020.0,,,,60.0,602.0,,,,,,,-17.425,-0.002861,2821.0,1.0,,-49155.925,CRRB,10.0,,,,,10,10.0,10.0,8.0,,,,,8.0,6.0,5.0,,,,,,10.0,2.0,3.0,5.0,,4.0,,2.0,2.0,,,10.0,6.0,7.0,6.0,,6.0,,4.0,7.0,2.0,3.0,2.0,10.0,3.0,2.0,,,7.0,2.0,7,10.0,10,1
2007-04-13,80517,,11,3,6020.0,14528210,CRRB,CARROLLTON BANCORP,CRRB,551111.0,Q,A,R,13085,3,6020.0,,,,60.0,602.0,,,,,,,-17.54,0.0066,2821.0,1.0,,-49480.34,CRRB,10.0,,,,,10,10.0,10.0,8.0,,,,,8.0,6.0,5.0,,,,,,10.0,2.0,3.0,5.0,,4.0,,2.0,2.0,,,10.0,6.0,7.0,6.0,,6.0,,4.0,7.0,2.0,3.0,2.0,10.0,3.0,2.0,,,7.0,2.0,7,10.0,10,1
2007-04-16,80517,,11,3,6020.0,14528210,CRRB,CARROLLTON BANCORP,CRRB,551111.0,Q,A,R,13085,3,6020.0,,,,60.0,602.0,,,,,,,17.1001,-0.02508,2821.0,1.0,17.1001,48239.3821,CRRB,10.0,,,,,10,10.0,10.0,8.0,,,,,8.0,6.0,5.0,,,,,,10.0,2.0,3.0,5.0,,4.0,,2.0,2.0,,,10.0,6.0,7.0,6.0,,6.0,,4.0,7.0,2.0,3.0,2.0,10.0,3.0,2.0,,,7.0,2.0,7,10.0,10,1
2007-04-17,80517,,11,3,6020.0,14528210,CRRB,CARROLLTON BANCORP,CRRB,551111.0,Q,A,R,13085,3,6020.0,,,,60.0,602.0,,,,,,,17.3,0.01169,2821.0,1.0,17.75,48803.3,CRRB,10.0,,,,,10,10.0,10.0,8.0,,,,,8.0,6.0,5.0,,,,,,10.0,2.0,3.0,5.0,,4.0,,2.0,2.0,,,10.0,6.0,7.0,6.0,,6.0,,4.0,7.0,2.0,3.0,2.0,10.0,3.0,2.0,,,7.0,2.0,7,10.0,10,1
2007-04-18,80517,,11,3,6020.0,14528210,CRRB,CARROLLTON BANCORP,CRRB,551111.0,Q,A,R,13085,3,6020.0,,,,60.0,602.0,,,,,,,17.27,-0.001734,2821.0,1.0,17.37,48718.67,CRRB,10.0,,,,,10,10.0,10.0,8.0,,,,,8.0,6.0,5.0,,,,,,10.0,2.0,3.0,5.0,,4.0,,2.0,2.0,,,10.0,6.0,7.0,6.0,,6.0,,4.0,7.0,2.0,3.0,2.0,10.0,3.0,2.0,,,7.0,2.0,7,10.0,10,1
2007-04-19,80517,,11,3,6020.0,14528210,CRRB,CARROLLTON BANCORP,CRRB,551111.0,Q,A,R,13085,3,6020.0,,,,60.0,602.0,,,,,,,17.79,0.03011,2821.0,1.0,17.62,50185.59,CRRB,10.0,,,,,10,10.0,10.0,8.0,,,,,8.0,6.0,5.0,,,,,,10.0,2.0,3.0,5.0,,4.0,,2.0,2.0,,,10.0,6.0,7.0,6.0,,6.0,,4.0,7.0,2.0,3.0,2.0,10.0,3.0,2.0,,,7.0,2.0,7,10.0,10,1
2007-04-20,80517,,11,3,6020.0,14528210,CRRB,CARROLLTON BANCORP,CRRB,551111.0,Q,A,R,13085,3,6020.0,,,,60.0,602.0,,,,,,,16.97,-0.046093,2821.0,1.0,17.25,47872.37,CRRB,10.0,,,,,10,10.0,10.0,8.0,,,,,8.0,6.0,5.0,,,,,,10.0,2.0,3.0,5.0,,4.0,,2.0,2.0,,,10.0,6.0,7.0,6.0,,6.0,,4.0,7.0,2.0,3.0,2.0,10.0,3.0,2.0,,,7.0,2.0,7,10.0,10,1
2007-04-23,80517,,11,3,6020.0,14528210,CRRB,CARROLLTON BANCORP,CRRB,551111.0,Q,A,R,13085,3,6020.0,,,,60.0,602.0,,,,,,,-17.315,0.02033,2821.0,1.0,,-48845.615,CRRB,10.0,,,,,10,10.0,10.0,8.0,,,,,8.0,6.0,5.0,,,,,,10.0,2.0,3.0,5.0,,4.0,,2.0,2.0,,,10.0,6.0,7.0,6.0,,6.0,,4.0,7.0,2.0,3.0,2.0,10.0,3.0,2.0,,,7.0,2.0,7,10.0,10,1
2007-04-24,80517,,11,3,6020.0,14528210,CRRB,CARROLLTON BANCORP,CRRB,551111.0,Q,A,R,13085,3,6020.0,,,,60.0,602.0,,,,,,,16.35,-0.055732,2821.0,1.0,16.9501,46123.35,CRRB,10.0,,,,,10,10.0,10.0,8.0,,,,,8.0,6.0,5.0,,,,,,10.0,2.0,3.0,5.0,,4.0,,2.0,2.0,,,10.0,6.0,7.0,6.0,,6.0,,4.0,7.0,2.0,3.0,2.0,10.0,3.0,2.0,,,7.0,2.0,7,10.0,10,1
2007-04-25,80517,,11,3,6020.0,14528210,CRRB,CARROLLTON BANCORP,CRRB,551111.0,Q,A,R,13085,3,6020.0,,,,60.0,602.0,,,,,,,16.75,0.024465,2821.0,1.0,16.51,47251.75,CRRB,10.0,,,,,10,10.0,10.0,8.0,,,,,8.0,6.0,5.0,,,,,,10.0,2.0,3.0,5.0,,4.0,,2.0,2.0,,,10.0,6.0,7.0,6.0,,6.0,,4.0,7.0,2.0,3.0,2.0,10.0,3.0,2.0,,,7.0,2.0,7,10.0,10,1
2007-04-26,80517,,11,3,6020.0,14528210,CRRB,CARROLLTON BANCORP,CRRB,551111.0,Q,A,R,13085,3,6020.0,,,,60.0,602.0,,,,,,,16.95,0.01194,2821.0,1.0,17.0,47815.95,CRRB,10.0,,,,,10,10.0,10.0,8.0,,,,,8.0,6.0,5.0,,,,,,10.0,2.0,3.0,5.0,,4.0,,2.0,2.0,,,10.0,6.0,7.0,6.0,,6.0,,4.0,7.0,2.0,3.0,2.0,10.0,3.0,2.0,,,7.0,2.0,7,10.0,10,1
2007-04-27,80517,,11,3,6020.0,14528210,CRRB,CARROLLTON BANCORP,CRRB,551111.0,Q,A,R,13085,3,6020.0,,,,60.0,602.0,,,,,,,16.43,-0.030678,2821.0,1.0,16.43,46349.03,CRRB,10.0,,,,,10,10.0,10.0,8.0,,,,,8.0,6.0,5.0,,,,,,10.0,2.0,3.0,5.0,,4.0,,2.0,2.0,,,10.0,6.0,7.0,6.0,,6.0,,4.0,7.0,2.0,3.0,2.0,10.0,3.0,2.0,,,7.0,2.0,7,10.0,10,1
2007-04-30,80517,,11,3,6020.0,14528210,CRRB,CARROLLTON BANCORP,CRRB,551111.0,Q,A,R,13085,3,6020.0,,,,60.0,602.0,,,,,,,16.49,0.003652,2821.0,1.0,16.43,46518.29,CRRB,10.0,,,,,10,10.0,10.0,8.0,,,,,8.0,6.0,5.0,,,,,,10.0,2.0,3.0,5.0,,4.0,,2.0,2.0,,,10.0,6.0,7.0,6.0,,6.0,,4.0,7.0,2.0,3.0,2.0,10.0,3.0,2.0,,,7.0,2.0,7,10.0,10,1
2007-05-01,80517,,11,3,6020.0,14528210,CRRB,CARROLLTON BANCORP,CRRB,551111.0,Q,A,R,13085,3,6020.0,,,,60.0,602.0,,,,,,,16.9,0.024864,2821.0,1.0,16.75,47674.9,CRRB,10.0,,,,,10,10.0,10.0,8.0,,,,,8.0,6.0,5.0,,,,,,10.0,2.0,3.0,5.0,,4.0,,3.0,1.0,,,10.0,6.0,5.0,6.0,,6.0,,5.0,5.0,2.0,10.0,2.0,10.0,8.0,10.0,,,8.0,2.0,7,10.0,10,1
2007-05-02,80517,,11,3,6020.0,14528210,CRRB,CARROLLTON BANCORP,CRRB,551111.0,Q,A,R,13085,3,6020.0,,,,60.0,602.0,,,,,,,17.41,0.030178,2832.0,1.0,17.42,49305.12,CRRB,10.0,,,,,10,10.0,10.0,8.0,,,,,8.0,6.0,5.0,,,,,,10.0,2.0,3.0,5.0,,4.0,,3.0,1.0,,,10.0,6.0,5.0,6.0,,6.0,,5.0,5.0,2.0,10.0,2.0,10.0,8.0,10.0,,,8.0,2.0,7,10.0,10,1
2007-05-03,80517,,11,3,6020.0,14528210,CRRB,CARROLLTON BANCORP,CRRB,551111.0,Q,A,R,13085,3,6020.0,,,,60.0,602.0,,,,,,,16.85,-0.032165,2832.0,1.0,16.82,47719.2,CRRB,10.0,,,,,10,10.0,10.0,8.0,,,,,8.0,6.0,5.0,,,,,,10.0,2.0,3.0,5.0,,4.0,,3.0,1.0,,,10.0,6.0,5.0,6.0,,6.0,,5.0,5.0,2.0,10.0,2.0,10.0,8.0,10.0,,,8.0,2.0,7,10.0,10,1
2007-05-04,80517,,11,3,6020.0,14528210,CRRB,CARROLLTON BANCORP,CRRB,551111.0,Q,A,R,13085,3,6020.0,,,,60.0,602.0,,,,,,,-17.185,0.019881,2832.0,1.0,,-48667.92,CRRB,10.0,,,,,10,10.0,10.0,8.0,,,,,8.0,6.0,5.0,,,,,,10.0,2.0,3.0,5.0,,4.0,,3.0,1.0,,,10.0,6.0,5.0,6.0,,6.0,,5.0,5.0,2.0,10.0,2.0,10.0,8.0,10.0,,,8.0,2.0,7,10.0,10,1
2007-05-07,80517,,11,3,6020.0,14528210,CRRB,CARROLLTON BANCORP,CRRB,551111.0,Q,A,R,13085,3,6020.0,,,,60.0,602.0,,,,,,,16.58,-0.035205,2832.0,1.0,16.81,46954.56,CRRB,10.0,,,,,10,10.0,10.0,8.0,,,,,8.0,6.0,5.0,,,,,,10.0,2.0,3.0,5.0,,4.0,,3.0,1.0,,,10.0,6.0,5.0,6.0,,6.0,,5.0,5.0,2.0,10.0,2.0,10.0,8.0,10.0,,,8.0,2.0,7,10.0,10,1
2007-05-08,80517,,11,3,6020.0,14528210,CRRB,CARROLLTON BANCORP,CRRB,551111.0,Q,A,R,13085,3,6020.0,,,,60.0,602.0,,,,,,,17.08,0.030157,2832.0,1.0,17.02,48370.56,CRRB,10.0,,,,,10,10.0,10.0,8.0,,,,,8.0,6.0,5.0,,,,,,10.0,2.0,3.0,5.0,,4.0,,3.0,1.0,,,10.0,6.0,5.0,6.0,,6.0,,5.0,5.0,2.0,10.0,2.0,10.0,8.0,10.0,,,8.0,2.0,7,10.0,10,1
2007-05-09,80517,,11,3,6020.0,14528210,CRRB,CARROLLTON BANCORP,CRRB,551111.0,Q,A,R,13085,3,6020.0,,,,60.0,602.0,,,,,,,17.0,-0.004684,2832.0,1.0,16.85,48144.0,CRRB,10.0,,,,,10,10.0,10.0,8.0,,,,,8.0,6.0,5.0,,,,,,10.0,2.0,3.0,5.0,,4.0,,3.0,1.0,,,10.0,6.0,5.0,6.0,,6.0,,5.0,5.0,2.0,10.0,2.0,10.0,8.0,10.0,,,8.0,2.0,7,10.0,10,1
2007-05-10,80517,,11,3,6020.0,14528210,CRRB,CARROLLTON BANCORP,CRRB,551111.0,Q,A,R,13085,3,6020.0,,,,60.0,602.0,1232.0,0.12,0.0,,,,16.96,0.004706,2832.0,1.0,16.9199,48030.72,CRRB,10.0,,,,,10,10.0,10.0,8.0,,,,,8.0,6.0,5.0,,,,,,10.0,2.0,3.0,5.0,,4.0,,3.0,1.0,,,10.0,6.0,5.0,6.0,,6.0,,5.0,5.0,2.0,10.0,2.0,10.0,8.0,10.0,,,8.0,2.0,7,10.0,10,1
2007-05-11,80517,,11,3,6020.0,14528210,CRRB,CARROLLTON BANCORP,CRRB,551111.0,Q,A,R,13085,3,6020.0,,,,60.0,602.0,,,,,,,-16.63,-0.019457,2832.0,1.0,,-47096.16,CRRB,10.0,,,,,10,10.0,10.0,8.0,,,,,8.0,6.0,5.0,,,,,,10.0,2.0,3.0,5.0,,4.0,,3.0,1.0,,,10.0,6.0,5.0,6.0,,6.0,,5.0,5.0,2.0,10.0,2.0,10.0,8.0,10.0,,,8.0,2.0,7,10.0,10,1
2007-05-14,80517,,11,3,6020.0,14528210,CRRB,CARROLLTON BANCORP,CRRB,551111.0,Q,A,R,13085,3,6020.0,,,,60.0,602.0,,,,,,,16.96,0.019844,2832.0,1.0,16.96,48030.72,CRRB,10.0,,,,,10,10.0,10.0,8.0,,,,,8.0,6.0,5.0,,,,,,10.0,2.0,3.0,5.0,,4.0,,3.0,1.0,,,10.0,6.0,5.0,6.0,,6.0,,5.0,5.0,2.0,10.0,2.0,10.0,8.0,10.0,,,8.0,2.0,7,10.0,10,1
2007-05-15,80517,,11,3,6020.0,14528210,CRRB,CARROLLTON BANCORP,CRRB,551111.0,Q,A,R,13085,3,6020.0,,,,60.0,602.0,,,,,,,16.3,-0.038915,2832.0,1.0,16.28,46161.6,CRRB,10.0,,,,,10,10.0,10.0,8.0,,,,,8.0,6.0,5.0,,,,,,10.0,2.0,3.0,5.0,,4.0,,3.0,1.0,,,10.0,6.0,5.0,6.0,,6.0,,5.0,5.0,2.0,10.0,2.0,10.0,8.0,10.0,,,8.0,2.0,7,10.0,10,1
2007-05-16,80517,,11,3,6020.0,14528210,CRRB,CARROLLTON BANCORP,CRRB,551111.0,Q,A,R,13085,3,6020.0,,,,60.0,602.0,,,,,,,15.63,-0.041104,2832.0,1.0,16.7928,44264.16,CRRB,10.0,,,,,10,10.0,10.0,8.0,,,,,8.0,6.0,5.0,,,,,,10.0,2.0,3.0,5.0,,4.0,,3.0,1.0,,,10.0,6.0,5.0,6.0,,6.0,,5.0,5.0,2.0,10.0,2.0,10.0,8.0,10.0,,,8.0,2.0,7,10.0,10,1
2007-05-17,80517,,11,3,6020.0,14528210,CRRB,CARROLLTON BANCORP,CRRB,551111.0,Q,A,R,13085,3,6020.0,,,,60.0,602.0,,,,,,,16.1,0.03007,2832.0,1.0,15.65,45595.2,CRRB,10.0,,,,,10,10.0,10.0,8.0,,,,,8.0,6.0,5.0,,,,,,10.0,2.0,3.0,5.0,,4.0,,3.0,1.0,,,10.0,6.0,5.0,6.0,,6.0,,5.0,5.0,2.0,10.0,2.0,10.0,8.0,10.0,,,8.0,2.0,7,10.0,10,1
2007-05-18,80517,,11,3,6020.0,14528210,CRRB,CARROLLTON BANCORP,CRRB,551111.0,Q,A,R,13085,3,6020.0,,,,60.0,602.0,,,,,,,16.25,0.009317,2832.0,1.0,16.0,46020.0,CRRB,10.0,,,,,10,10.0,10.0,8.0,,,,,8.0,6.0,5.0,,,,,,10.0,2.0,3.0,5.0,,4.0,,3.0,1.0,,,10.0,6.0,5.0,6.0,,6.0,,5.0,5.0,2.0,10.0,2.0,10.0,8.0,10.0,,,8.0,2.0,7,10.0,10,1
2007-05-21,80517,,11,3,6020.0,14528210,CRRB,CARROLLTON BANCORP,CRRB,551111.0,Q,A,R,13085,3,6020.0,,,,60.0,602.0,,,,,,,-16.435,0.011385,2832.0,1.0,,-46543.92,CRRB,10.0,,,,,10,10.0,10.0,8.0,,,,,8.0,6.0,5.0,,,,,,10.0,2.0,3.0,5.0,,4.0,,3.0,1.0,,,10.0,6.0,5.0,6.0,,6.0,,5.0,5.0,2.0,10.0,2.0,10.0,8.0,10.0,,,8.0,2.0,7,10.0,10,1
2007-05-22,80517,,11,3,6020.0,14528210,CRRB,CARROLLTON BANCORP,CRRB,551111.0,Q,A,R,13085,3,6020.0,,,,60.0,602.0,,,,,,,16.01,-0.02586,2832.0,1.0,15.57,45340.32,CRRB,10.0,,,,,10,10.0,10.0,8.0,,,,,8.0,6.0,5.0,,,,,,10.0,2.0,3.0,5.0,,4.0,,3.0,1.0,,,10.0,6.0,5.0,6.0,,6.0,,5.0,5.0,2.0,10.0,2.0,10.0,8.0,10.0,,,8.0,2.0,7,10.0,10,1
2007-05-23,80517,,11,3,6020.0,14528210,CRRB,CARROLLTON BANCORP,CRRB,551111.0,Q,A,R,13085,3,6020.0,,,,60.0,602.0,,,,,,,16.35,0.021237,2832.0,1.0,16.75,46303.2,CRRB,10.0,,,,,10,10.0,10.0,8.0,,,,,8.0,6.0,5.0,,,,,,10.0,2.0,3.0,5.0,,4.0,,3.0,1.0,,,10.0,6.0,5.0,6.0,,6.0,,5.0,5.0,2.0,10.0,2.0,10.0,8.0,10.0,,,8.0,2.0,7,10.0,10,1
2007-05-24,80517,,11,3,6020.0,14528210,CRRB,CARROLLTON BANCORP,CRRB,551111.0,Q,A,R,13085,3,6020.0,,,,60.0,602.0,,,,,,,16.5,0.009174,2832.0,1.0,16.5,46728.0,CRRB,10.0,,,,,10,10.0,10.0,8.0,,,,,8.0,6.0,5.0,,,,,,10.0,2.0,3.0,5.0,,4.0,,3.0,1.0,,,10.0,6.0,5.0,6.0,,6.0,,5.0,5.0,2.0,10.0,2.0,10.0,8.0,10.0,,,8.0,2.0,7,10.0,10,1
2007-05-25,80517,,11,3,6020.0,14528210,CRRB,CARROLLTON BANCORP,CRRB,551111.0,Q,A,R,13085,3,6020.0,,,,60.0,602.0,,,,,,,16.87,0.022424,2832.0,1.0,16.86,47775.84,CRRB,10.0,,,,,10,10.0,10.0,8.0,,,,,8.0,6.0,5.0,,,,,,10.0,2.0,3.0,5.0,,4.0,,3.0,1.0,,,10.0,6.0,5.0,6.0,,6.0,,5.0,5.0,2.0,10.0,2.0,10.0,8.0,10.0,,,8.0,2.0,7,10.0,10,1
2007-05-29,80517,,11,3,6020.0,14528210,CRRB,CARROLLTON BANCORP,CRRB,551111.0,Q,A,R,13085,3,6020.0,,,,60.0,602.0,,,,,,,-16.655,-0.012745,2832.0,1.0,,-47166.96,CRRB,10.0,,,,,10,10.0,10.0,8.0,,,,,8.0,6.0,5.0,,,,,,10.0,2.0,3.0,5.0,,4.0,,3.0,1.0,,,10.0,6.0,5.0,6.0,,6.0,,5.0,5.0,2.0,10.0,2.0,10.0,8.0,10.0,,,8.0,2.0,7,10.0,10,1
2007-05-30,80517,,11,3,6020.0,14528210,CRRB,CARROLLTON BANCORP,CRRB,551111.0,Q,A,R,13085,3,6020.0,,,,60.0,602.0,,,,,,,16.88,0.013509,2832.0,1.0,16.88,47804.16,CRRB,10.0,,,,,10,10.0,10.0,8.0,,,,,8.0,6.0,5.0,,,,,,10.0,2.0,3.0,5.0,,4.0,,3.0,1.0,,,10.0,6.0,5.0,6.0,,6.0,,5.0,5.0,2.0,10.0,2.0,10.0,8.0,10.0,,,8.0,2.0,7,10.0,10,1
2007-05-31,80517,,11,3,6020.0,14528210,CRRB,CARROLLTON BANCORP,CRRB,551111.0,Q,A,R,13085,3,6020.0,,,,60.0,602.0,,,,,,,16.95,0.004147,2832.0,1.0,16.95,48002.4,CRRB,10.0,,,,,10,10.0,10.0,8.0,,,,,8.0,6.0,5.0,,,,,,10.0,2.0,3.0,5.0,,4.0,,3.0,1.0,,,10.0,6.0,5.0,6.0,,6.0,,5.0,5.0,2.0,10.0,2.0,10.0,8.0,10.0,,,8.0,2.0,7,10.0,10,1
2007-06-01,80517,,11,3,6020.0,14528210,CRRB,CARROLLTON BANCORP,CRRB,551111.0,Q,A,R,13085,3,6020.0,,,,60.0,602.0,,,,,,,16.94,-0.00059,2832.0,1.0,17.0,47974.08,CRRB,10.0,,,,,10,10.0,10.0,8.0,,,,,8.0,6.0,5.0,,,,,,10.0,2.0,3.0,5.0,,4.0,,2.0,1.0,,,10.0,2.0,5.0,5.0,,5.0,,4.0,6.0,2.0,5.0,1.0,10.0,8.0,4.0,,,10.0,2.0,7,10.0,10,1
2007-06-04,80517,,11,3,6020.0,14528210,CRRB,CARROLLTON BANCORP,CRRB,551111.0,Q,A,R,13085,3,6020.0,,,,60.0,602.0,,,,,,,16.95,0.00059,2832.0,1.0,16.6,48002.4,CRRB,10.0,,,,,10,10.0,10.0,8.0,,,,,8.0,6.0,5.0,,,,,,10.0,2.0,3.0,5.0,,4.0,,2.0,1.0,,,10.0,2.0,5.0,5.0,,5.0,,4.0,6.0,2.0,5.0,1.0,10.0,8.0,4.0,,,10.0,2.0,7,10.0,10,1
2007-06-05,80517,,11,3,6020.0,14528210,CRRB,CARROLLTON BANCORP,CRRB,551111.0,Q,A,R,13085,3,6020.0,,,,60.0,602.0,,,,,,,-16.81,-0.00826,2832.0,1.0,,-47605.92,CRRB,10.0,,,,,10,10.0,10.0,8.0,,,,,8.0,6.0,5.0,,,,,,10.0,2.0,3.0,5.0,,4.0,,2.0,1.0,,,10.0,2.0,5.0,5.0,,5.0,,4.0,6.0,2.0,5.0,1.0,10.0,8.0,4.0,,,10.0,2.0,7,10.0,10,1
2007-06-06,80517,,11,3,6020.0,14528210,CRRB,CARROLLTON BANCORP,CRRB,551111.0,Q,A,R,13085,3,6020.0,,,,60.0,602.0,,,,,,,-16.81,0.0,2832.0,1.0,,-47605.92,CRRB,10.0,,,,,10,10.0,10.0,8.0,,,,,8.0,6.0,5.0,,,,,,10.0,2.0,3.0,5.0,,4.0,,2.0,1.0,,,10.0,2.0,5.0,5.0,,5.0,,4.0,6.0,2.0,5.0,1.0,10.0,8.0,4.0,,,10.0,2.0,7,10.0,10,1
2007-06-07,80517,,11,3,6020.0,14528210,CRRB,CARROLLTON BANCORP,CRRB,551111.0,Q,A,R,13085,3,6020.0,,,,60.0,602.0,,,,,,,16.68,-0.007734,2832.0,1.0,16.95,47237.76,CRRB,10.0,,,,,10,10.0,10.0,8.0,,,,,8.0,6.0,5.0,,,,,,10.0,2.0,3.0,5.0,,4.0,,2.0,1.0,,,10.0,2.0,5.0,5.0,,5.0,,4.0,6.0,2.0,5.0,1.0,10.0,8.0,4.0,,,10.0,2.0,7,10.0,10,1
2007-06-08,80517,,11,3,6020.0,14528210,CRRB,CARROLLTON BANCORP,CRRB,551111.0,Q,A,R,13085,3,6020.0,,,,60.0,602.0,,,,,,,-16.495,-0.011091,2832.0,1.0,,-46713.84,CRRB,10.0,,,,,10,10.0,10.0,8.0,,,,,8.0,6.0,5.0,,,,,,10.0,2.0,3.0,5.0,,4.0,,2.0,1.0,,,10.0,2.0,5.0,5.0,,5.0,,4.0,6.0,2.0,5.0,1.0,10.0,8.0,4.0,,,10.0,2.0,7,10.0,10,1
2007-06-11,80517,,11,3,6020.0,14528210,CRRB,CARROLLTON BANCORP,CRRB,551111.0,Q,A,R,13085,3,6020.0,,,,60.0,602.0,,,,,,,-16.445,-0.003031,2832.0,1.0,,-46572.24,CRRB,10.0,,,,,10,10.0,10.0,8.0,,,,,8.0,6.0,5.0,,,,,,10.0,2.0,3.0,5.0,,4.0,,2.0,1.0,,,10.0,2.0,5.0,5.0,,5.0,,4.0,6.0,2.0,5.0,1.0,10.0,8.0,4.0,,,10.0,2.0,7,10.0,10,1
2007-06-12,80517,,11,3,6020.0,14528210,CRRB,CARROLLTON BANCORP,CRRB,551111.0,Q,A,R,13085,3,6020.0,,,,60.0,602.0,,,,,,,-16.425,-0.001216,2832.0,1.0,,-46515.6,CRRB,10.0,,,,,10,10.0,10.0,8.0,,,,,8.0,6.0,5.0,,,,,,10.0,2.0,3.0,5.0,,4.0,,2.0,1.0,,,10.0,2.0,5.0,5.0,,5.0,,4.0,6.0,2.0,5.0,1.0,10.0,8.0,4.0,,,10.0,2.0,7,10.0,10,1
2007-06-13,80517,,11,3,6020.0,14528210,CRRB,CARROLLTON BANCORP,CRRB,551111.0,Q,A,R,13085,3,6020.0,,,,60.0,602.0,,,,,,,-16.425,0.0,2832.0,1.0,,-46515.6,CRRB,10.0,,,,,10,10.0,10.0,8.0,,,,,8.0,6.0,5.0,,,,,,10.0,2.0,3.0,5.0,,4.0,,2.0,1.0,,,10.0,2.0,5.0,5.0,,5.0,,4.0,6.0,2.0,5.0,1.0,10.0,8.0,4.0,,,10.0,2.0,7,10.0,10,1
2007-06-14,80517,,11,3,6020.0,14528210,CRRB,CARROLLTON BANCORP,CRRB,551111.0,Q,A,R,13085,3,6020.0,,,,60.0,602.0,,,,,,,-16.43,0.000304,2832.0,1.0,,-46529.76,CRRB,10.0,,,,,10,10.0,10.0,8.0,,,,,8.0,6.0,5.0,,,,,,10.0,2.0,3.0,5.0,,4.0,,2.0,1.0,,,10.0,2.0,5.0,5.0,,5.0,,4.0,6.0,2.0,5.0,1.0,10.0,8.0,4.0,,,10.0,2.0,7,10.0,10,1
2007-06-15,80517,,11,3,6020.0,14528210,CRRB,CARROLLTON BANCORP,CRRB,551111.0,Q,A,R,13085,3,6020.0,,,,60.0,602.0,,,,,,,16.0,-0.026172,2832.0,1.0,16.0,45312.0,CRRB,10.0,,,,,10,10.0,10.0,8.0,,,,,8.0,6.0,5.0,,,,,,10.0,2.0,3.0,5.0,,4.0,,2.0,1.0,,,10.0,2.0,5.0,5.0,,5.0,,4.0,6.0,2.0,5.0,1.0,10.0,8.0,4.0,,,10.0,2.0,7,10.0,10,1
2007-06-18,80517,,11,3,6020.0,14528210,CRRB,CARROLLTON BANCORP,CRRB,551111.0,Q,A,R,13085,3,6020.0,,,,60.0,602.0,,,,,,,16.19,0.011875,2832.0,1.0,16.0,45850.08,CRRB,10.0,,,,,10,10.0,10.0,8.0,,,,,8.0,6.0,5.0,,,,,,10.0,2.0,3.0,5.0,,4.0,,2.0,1.0,,,10.0,2.0,5.0,5.0,,5.0,,4.0,6.0,2.0,5.0,1.0,10.0,8.0,4.0,,,10.0,2.0,7,10.0,10,1
2007-06-19,80517,,11,3,6020.0,14528210,CRRB,CARROLLTON BANCORP,CRRB,551111.0,Q,A,R,13085,3,6020.0,,,,60.0,602.0,,,,,,,16.51,0.019765,2832.0,1.0,16.52,46756.32,CRRB,10.0,,,,,10,10.0,10.0,8.0,,,,,8.0,6.0,5.0,,,,,,10.0,2.0,3.0,5.0,,4.0,,2.0,1.0,,,10.0,2.0,5.0,5.0,,5.0,,4.0,6.0,2.0,5.0,1.0,10.0,8.0,4.0,,,10.0,2.0,7,10.0,10,1
2007-06-20,80517,,11,3,6020.0,14528210,CRRB,CARROLLTON BANCORP,CRRB,551111.0,Q,A,R,13085,3,6020.0,,,,60.0,602.0,,,,,,,-16.475,-0.00212,2832.0,1.0,,-46657.2,CRRB,10.0,,,,,10,10.0,10.0,8.0,,,,,8.0,6.0,5.0,,,,,,10.0,2.0,3.0,5.0,,4.0,,2.0,1.0,,,10.0,2.0,5.0,5.0,,5.0,,4.0,6.0,2.0,5.0,1.0,10.0,8.0,4.0,,,10.0,2.0,7,10.0,10,1
2007-06-21,80517,,11,3,6020.0,14528210,CRRB,CARROLLTON BANCORP,CRRB,551111.0,Q,A,R,13085,3,6020.0,,,,60.0,602.0,,,,,,,-16.435,-0.002428,2832.0,1.0,,-46543.92,CRRB,10.0,,,,,10,10.0,10.0,8.0,,,,,8.0,6.0,5.0,,,,,,10.0,2.0,3.0,5.0,,4.0,,2.0,1.0,,,10.0,2.0,5.0,5.0,,5.0,,4.0,6.0,2.0,5.0,1.0,10.0,8.0,4.0,,,10.0,2.0,7,10.0,10,1
2007-06-22,80517,,11,3,6020.0,14528210,CRRB,CARROLLTON BANCORP,CRRB,551111.0,Q,A,R,13085,3,6020.0,,,,60.0,602.0,,,,,,,-16.435,0.0,2832.0,1.0,,-46543.92,CRRB,10.0,,,,,10,10.0,10.0,8.0,,,,,8.0,6.0,5.0,,,,,,10.0,2.0,3.0,5.0,,4.0,,2.0,1.0,,,10.0,2.0,5.0,5.0,,5.0,,4.0,6.0,2.0,5.0,1.0,10.0,8.0,4.0,,,10.0,2.0,7,10.0,10,1
2007-06-25,80517,,11,3,6020.0,14528210,CRRB,CARROLLTON BANCORP,CRRB,551111.0,Q,A,R,13085,3,6020.0,,,,60.0,602.0,,,,,,,16.11,-0.019775,2832.0,1.0,16.08,45623.52,CRRB,10.0,,,,,10,10.0,10.0,8.0,,,,,8.0,6.0,5.0,,,,,,10.0,2.0,3.0,5.0,,4.0,,2.0,1.0,,,10.0,2.0,5.0,5.0,,5.0,,4.0,6.0,2.0,5.0,1.0,10.0,8.0,4.0,,,10.0,2.0,7,10.0,10,1
2007-06-26,80517,,11,3,6020.0,14528210,CRRB,CARROLLTON BANCORP,CRRB,551111.0,Q,A,R,13085,3,6020.0,,,,60.0,602.0,,,,,,,-16.425,0.019553,2832.0,1.0,,-46515.6,CRRB,10.0,,,,,10,10.0,10.0,8.0,,,,,8.0,6.0,5.0,,,,,,10.0,2.0,3.0,5.0,,4.0,,2.0,1.0,,,10.0,2.0,5.0,5.0,,5.0,,4.0,6.0,2.0,5.0,1.0,10.0,8.0,4.0,,,10.0,2.0,7,10.0,10,1
2007-06-27,80517,,11,3,6020.0,14528210,CRRB,CARROLLTON BANCORP,CRRB,551111.0,Q,A,R,13085,3,6020.0,,,,60.0,602.0,,,,,,,-16.43,0.000304,2832.0,1.0,,-46529.76,CRRB,10.0,,,,,10,10.0,10.0,8.0,,,,,8.0,6.0,5.0,,,,,,10.0,2.0,3.0,5.0,,4.0,,2.0,1.0,,,10.0,2.0,5.0,5.0,,5.0,,4.0,6.0,2.0,5.0,1.0,10.0,8.0,4.0,,,10.0,2.0,7,10.0,10,1
2007-06-28,80517,,11,3,6020.0,14528210,CRRB,CARROLLTON BANCORP,CRRB,551111.0,Q,A,R,13085,3,6020.0,,,,60.0,602.0,,,,,,,-16.425,-0.000304,2832.0,1.0,,-46515.6,CRRB,10.0,,,,,10,10.0,10.0,8.0,,,,,8.0,6.0,5.0,,,,,,10.0,2.0,3.0,5.0,,4.0,,2.0,1.0,,,10.0,2.0,5.0,5.0,,5.0,,4.0,6.0,2.0,5.0,1.0,10.0,8.0,4.0,,,10.0,2.0,7,10.0,10,1
2007-06-29,80517,,11,3,6020.0,14528210,CRRB,CARROLLTON BANCORP,CRRB,551111.0,Q,A,R,13085,3,6020.0,,,,60.0,602.0,,,,,,,16.73,0.018569,2836.0,1.0,16.73,47446.28,CRRB,10.0,,,,,10,10.0,10.0,8.0,,,,,8.0,6.0,5.0,,,,,,10.0,2.0,3.0,5.0,,4.0,,2.0,1.0,,,10.0,2.0,5.0,5.0,,5.0,,4.0,6.0,2.0,5.0,1.0,10.0,8.0,4.0,,,10.0,2.0,7,10.0,10,1
2007-07-02,80517,,11,3,6020.0,14528210,CRRB,CARROLLTON BANCORP,CRRB,551111.0,Q,A,R,13085,3,6020.0,,,,60.0,602.0,,,,,,,-16.405,-0.019426,2836.0,1.0,,-46524.58,CRRB,10.0,,,,,10,1.0,10.0,5.0,,,,,8.0,6.0,4.0,,,,,,10.0,2.0,3.0,5.0,,4.0,,2.0,1.0,,,10.0,2.0,2.0,6.0,,5.0,,4.0,5.0,2.0,5.0,2.0,10.0,5.0,3.0,,,8.0,2.0,7,10.0,10,1
2007-07-03,80517,,11,3,6020.0,14528210,CRRB,CARROLLTON BANCORP,CRRB,551111.0,Q,A,R,13085,3,6020.0,,,,60.0,602.0,,,,,,,-16.405,0.0,2836.0,1.0,,-46524.58,CRRB,10.0,,,,,10,1.0,10.0,5.0,,,,,8.0,6.0,4.0,,,,,,10.0,2.0,3.0,5.0,,4.0,,2.0,1.0,,,10.0,2.0,2.0,6.0,,5.0,,4.0,5.0,2.0,5.0,2.0,10.0,5.0,3.0,,,8.0,2.0,7,10.0,10,1
2007-07-05,80517,,11,3,6020.0,14528210,CRRB,CARROLLTON BANCORP,CRRB,551111.0,Q,A,R,13085,3,6020.0,,,,60.0,602.0,,,,,,,16.73,0.019811,2836.0,1.0,16.73,47446.28,CRRB,10.0,,,,,10,1.0,10.0,5.0,,,,,8.0,6.0,4.0,,,,,,10.0,2.0,3.0,5.0,,4.0,,2.0,1.0,,,10.0,2.0,2.0,6.0,,5.0,,4.0,5.0,2.0,5.0,2.0,10.0,5.0,3.0,,,8.0,2.0,7,10.0,10,1
2007-07-06,80517,,11,3,6020.0,14528210,CRRB,CARROLLTON BANCORP,CRRB,551111.0,Q,A,R,13085,3,6020.0,,,,60.0,602.0,,,,,,,16.25,-0.028691,2836.0,1.0,16.07,46085.0,CRRB,10.0,,,,,10,1.0,10.0,5.0,,,,,8.0,6.0,4.0,,,,,,10.0,2.0,3.0,5.0,,4.0,,2.0,1.0,,,10.0,2.0,2.0,6.0,,5.0,,4.0,5.0,2.0,5.0,2.0,10.0,5.0,3.0,,,8.0,2.0,7,10.0,10,1
2007-07-09,80517,,11,3,6020.0,14528210,CRRB,CARROLLTON BANCORP,CRRB,551111.0,Q,A,R,13085,3,6020.0,,,,60.0,602.0,,,,,,,16.1,-0.009231,2836.0,1.0,16.27,45659.6,CRRB,10.0,,,,,10,1.0,10.0,5.0,,,,,8.0,6.0,4.0,,,,,,10.0,2.0,3.0,5.0,,4.0,,2.0,1.0,,,10.0,2.0,2.0,6.0,,5.0,,4.0,5.0,2.0,5.0,2.0,10.0,5.0,3.0,,,8.0,2.0,7,10.0,10,1
2007-07-10,80517,,11,3,6020.0,14528210,CRRB,CARROLLTON BANCORP,CRRB,551111.0,Q,A,R,13085,3,6020.0,,,,60.0,602.0,,,,,,,16.35,0.015528,2836.0,1.0,16.08,46368.6,CRRB,10.0,,,,,10,1.0,10.0,5.0,,,,,8.0,6.0,4.0,,,,,,10.0,2.0,3.0,5.0,,4.0,,2.0,1.0,,,10.0,2.0,2.0,6.0,,5.0,,4.0,5.0,2.0,5.0,2.0,10.0,5.0,3.0,,,8.0,2.0,7,10.0,10,1
2007-07-11,80517,,11,3,6020.0,14528210,CRRB,CARROLLTON BANCORP,CRRB,551111.0,Q,A,R,13085,3,6020.0,,,,60.0,602.0,,,,,,,16.01,-0.020795,2836.0,1.0,16.25,45404.36,CRRB,10.0,,,,,10,1.0,10.0,5.0,,,,,8.0,6.0,4.0,,,,,,10.0,2.0,3.0,5.0,,4.0,,2.0,1.0,,,10.0,2.0,2.0,6.0,,5.0,,4.0,5.0,2.0,5.0,2.0,10.0,5.0,3.0,,,8.0,2.0,7,10.0,10,1
2007-07-12,80517,,11,3,6020.0,14528210,CRRB,CARROLLTON BANCORP,CRRB,551111.0,Q,A,R,13085,3,6020.0,,,,60.0,602.0,,,,,,,16.01,0.0,2836.0,1.0,16.04,45404.36,CRRB,10.0,,,,,10,1.0,10.0,5.0,,,,,8.0,6.0,4.0,,,,,,10.0,2.0,3.0,5.0,,4.0,,2.0,1.0,,,10.0,2.0,2.0,6.0,,5.0,,4.0,5.0,2.0,5.0,2.0,10.0,5.0,3.0,,,8.0,2.0,7,10.0,10,1
2007-07-13,80517,,11,3,6020.0,14528210,CRRB,CARROLLTON BANCORP,CRRB,551111.0,Q,A,R,13085,3,6020.0,,,,60.0,602.0,,,,,,,16.27,0.01624,2836.0,1.0,16.27,46141.72,CRRB,10.0,,,,,10,1.0,10.0,5.0,,,,,8.0,6.0,4.0,,,,,,10.0,2.0,3.0,5.0,,4.0,,2.0,1.0,,,10.0,2.0,2.0,6.0,,5.0,,4.0,5.0,2.0,5.0,2.0,10.0,5.0,3.0,,,8.0,2.0,7,10.0,10,1
2007-07-16,80517,,11,3,6020.0,14528210,CRRB,CARROLLTON BANCORP,CRRB,551111.0,Q,A,R,13085,3,6020.0,,,,60.0,602.0,,,,,,,-16.375,0.006454,2836.0,1.0,,-46439.5,CRRB,10.0,,,,,10,1.0,10.0,5.0,,,,,8.0,6.0,4.0,,,,,,10.0,2.0,3.0,5.0,,4.0,,2.0,1.0,,,10.0,2.0,2.0,6.0,,5.0,,4.0,5.0,2.0,5.0,2.0,10.0,5.0,3.0,,,8.0,2.0,7,10.0,10,1
2007-07-17,80517,,11,3,6020.0,14528210,CRRB,CARROLLTON BANCORP,CRRB,551111.0,Q,A,R,13085,3,6020.0,,,,60.0,602.0,,,,,,,16.0,-0.022901,2836.0,1.0,16.04,45376.0,CRRB,10.0,,,,,10,1.0,10.0,5.0,,,,,8.0,6.0,4.0,,,,,,10.0,2.0,3.0,5.0,,4.0,,2.0,1.0,,,10.0,2.0,2.0,6.0,,5.0,,4.0,5.0,2.0,5.0,2.0,10.0,5.0,3.0,,,8.0,2.0,7,10.0,10,1
2007-07-18,80517,,11,3,6020.0,14528210,CRRB,CARROLLTON BANCORP,CRRB,551111.0,Q,A,R,13085,3,6020.0,,,,60.0,602.0,,,,,,,15.4,-0.0375,2836.0,1.0,15.6,43674.4,CRRB,10.0,,,,,10,1.0,10.0,5.0,,,,,8.0,6.0,4.0,,,,,,10.0,2.0,3.0,5.0,,4.0,,2.0,1.0,,,10.0,2.0,2.0,6.0,,5.0,,4.0,5.0,2.0,5.0,2.0,10.0,5.0,3.0,,,8.0,2.0,7,10.0,10,1
2007-07-19,80517,,11,3,6020.0,14528210,CRRB,CARROLLTON BANCORP,CRRB,551111.0,Q,A,R,13085,3,6020.0,,,,60.0,602.0,,,,,,,15.75,0.022727,2836.0,1.0,15.68,44667.0,CRRB,10.0,,,,,10,1.0,10.0,5.0,,,,,8.0,6.0,4.0,,,,,,10.0,2.0,3.0,5.0,,4.0,,2.0,1.0,,,10.0,2.0,2.0,6.0,,5.0,,4.0,5.0,2.0,5.0,2.0,10.0,5.0,3.0,,,8.0,2.0,7,10.0,10,1
2007-07-20,80517,,11,3,6020.0,14528210,CRRB,CARROLLTON BANCORP,CRRB,551111.0,Q,A,R,13085,3,6020.0,,,,60.0,602.0,,,,,,,15.28,-0.029841,2836.0,1.0,15.9399,43334.08,CRRB,10.0,,,,,10,1.0,10.0,5.0,,,,,8.0,6.0,4.0,,,,,,10.0,2.0,3.0,5.0,,4.0,,2.0,1.0,,,10.0,2.0,2.0,6.0,,5.0,,4.0,5.0,2.0,5.0,2.0,10.0,5.0,3.0,,,8.0,2.0,7,10.0,10,1
2007-07-23,80517,,11,3,6020.0,14528210,CRRB,CARROLLTON BANCORP,CRRB,551111.0,Q,A,R,13085,3,6020.0,,,,60.0,602.0,,,,,,,15.72,0.028796,2836.0,1.0,15.61,44581.92,CRRB,10.0,,,,,10,1.0,10.0,5.0,,,,,8.0,6.0,4.0,,,,,,10.0,2.0,3.0,5.0,,4.0,,2.0,1.0,,,10.0,2.0,2.0,6.0,,5.0,,4.0,5.0,2.0,5.0,2.0,10.0,5.0,3.0,,,8.0,2.0,7,10.0,10,1
2007-07-24,80517,,11,3,6020.0,14528210,CRRB,CARROLLTON BANCORP,CRRB,551111.0,Q,A,R,13085,3,6020.0,,,,60.0,602.0,,,,,,,15.05,-0.042621,2836.0,1.0,15.05,42681.8,CRRB,10.0,,,,,10,1.0,10.0,5.0,,,,,8.0,6.0,4.0,,,,,,10.0,2.0,3.0,5.0,,4.0,,2.0,1.0,,,10.0,2.0,2.0,6.0,,5.0,,4.0,5.0,2.0,5.0,2.0,10.0,5.0,3.0,,,8.0,2.0,7,10.0,10,1
2007-07-25,80517,,11,3,6020.0,14528210,CRRB,CARROLLTON BANCORP,CRRB,551111.0,Q,A,R,13085,3,6020.0,,,,60.0,602.0,,,,,,,-15.27,0.014618,2836.0,1.0,,-43305.72,CRRB,10.0,,,,,10,1.0,10.0,5.0,,,,,8.0,6.0,4.0,,,,,,10.0,2.0,3.0,5.0,,4.0,,2.0,1.0,,,10.0,2.0,2.0,6.0,,5.0,,4.0,5.0,2.0,5.0,2.0,10.0,5.0,3.0,,,8.0,2.0,7,10.0,10,1
2007-07-26,80517,,11,3,6020.0,14528210,CRRB,CARROLLTON BANCORP,CRRB,551111.0,Q,A,R,13085,3,6020.0,,,,60.0,602.0,,,,,,,15.3,0.001965,2836.0,1.0,15.3,43390.8,CRRB,10.0,,,,,10,1.0,10.0,5.0,,,,,8.0,6.0,4.0,,,,,,10.0,2.0,3.0,5.0,,4.0,,2.0,1.0,,,10.0,2.0,2.0,6.0,,5.0,,4.0,5.0,2.0,5.0,2.0,10.0,5.0,3.0,,,8.0,2.0,7,10.0,10,1
2007-07-27,80517,,11,3,6020.0,14528210,CRRB,CARROLLTON BANCORP,CRRB,551111.0,Q,A,R,13085,3,6020.0,,,,60.0,602.0,,,,,,,-15.18,-0.007843,2836.0,1.0,,-43050.48,CRRB,10.0,,,,,10,1.0,10.0,5.0,,,,,8.0,6.0,4.0,,,,,,10.0,2.0,3.0,5.0,,4.0,,2.0,1.0,,,10.0,2.0,2.0,6.0,,5.0,,4.0,5.0,2.0,5.0,2.0,10.0,5.0,3.0,,,8.0,2.0,7,10.0,10,1
2007-07-30,80517,,11,3,6020.0,14528210,CRRB,CARROLLTON BANCORP,CRRB,551111.0,Q,A,R,13085,3,6020.0,,,,60.0,602.0,,,,,,,14.55,-0.041502,2836.0,1.0,15.0,41263.8,CRRB,10.0,,,,,10,1.0,10.0,5.0,,,,,8.0,6.0,4.0,,,,,,10.0,2.0,3.0,5.0,,4.0,,2.0,1.0,,,10.0,2.0,2.0,6.0,,5.0,,4.0,5.0,2.0,5.0,2.0,10.0,5.0,3.0,,,8.0,2.0,7,10.0,10,1
2007-07-31,80517,,11,3,6020.0,14528210,CRRB,CARROLLTON BANCORP,CRRB,551111.0,Q,A,R,13085,3,6020.0,,,,60.0,602.0,,,,,,,14.5,-0.003436,2836.0,1.0,14.65,41122.0,CRRB,10.0,,,,,10,1.0,10.0,5.0,,,,,8.0,6.0,4.0,,,,,,10.0,2.0,3.0,5.0,,4.0,,2.0,1.0,,,10.0,2.0,2.0,6.0,,5.0,,4.0,5.0,2.0,5.0,2.0,10.0,5.0,3.0,,,8.0,2.0,7,10.0,10,1
2007-08-01,80517,,11,3,6020.0,14528210,CRRB,CARROLLTON BANCORP,CRRB,551111.0,Q,A,R,13085,3,6020.0,,,,60.0,602.0,,,,,,,14.0,-0.034483,2836.0,1.0,14.5,39704.0,CRRB,10.0,,,,,10,1.0,10.0,5.0,,,,,8.0,6.0,4.0,,,,,,10.0,2.0,3.0,5.0,,4.0,,3.0,1.0,,,10.0,2.0,3.0,7.0,,5.0,,3.0,4.0,2.0,9.0,2.0,10.0,7.0,8.0,,,8.0,2.0,7,10.0,10,1
2007-08-02,80517,,11,3,6020.0,14528210,CRRB,CARROLLTON BANCORP,CRRB,551111.0,Q,A,R,13085,3,6020.0,,,,60.0,602.0,,,,,,,-13.855,-0.010357,2836.0,1.0,,-39292.78,CRRB,10.0,,,,,10,1.0,10.0,5.0,,,,,8.0,6.0,4.0,,,,,,10.0,2.0,3.0,5.0,,4.0,,3.0,1.0,,,10.0,2.0,3.0,7.0,,5.0,,3.0,4.0,2.0,9.0,2.0,10.0,7.0,8.0,,,8.0,2.0,7,10.0,10,1
2007-08-03,80517,,11,3,6020.0,14528210,CRRB,CARROLLTON BANCORP,CRRB,551111.0,Q,A,R,13085,3,6020.0,,,,60.0,602.0,,,,,,,-13.88,0.001804,2836.0,1.0,,-39363.68,CRRB,10.0,,,,,10,1.0,10.0,5.0,,,,,8.0,6.0,4.0,,,,,,10.0,2.0,3.0,5.0,,4.0,,3.0,1.0,,,10.0,2.0,3.0,7.0,,5.0,,3.0,4.0,2.0,9.0,2.0,10.0,7.0,8.0,,,8.0,2.0,7,10.0,10,1
2007-08-06,80517,,11,3,6020.0,14528210,CRRB,CARROLLTON BANCORP,CRRB,551111.0,Q,A,R,13085,3,6020.0,,,,60.0,602.0,,,,,,,12.94,-0.067723,2836.0,1.0,13.798,36697.84,CRRB,10.0,,,,,10,1.0,10.0,5.0,,,,,8.0,6.0,4.0,,,,,,10.0,2.0,3.0,5.0,,4.0,,3.0,1.0,,,10.0,2.0,3.0,7.0,,5.0,,3.0,4.0,2.0,9.0,2.0,10.0,7.0,8.0,,,8.0,2.0,7,10.0,10,1
2007-08-07,80517,,11,3,6020.0,14528210,CRRB,CARROLLTON BANCORP,CRRB,551111.0,Q,A,R,13085,3,6020.0,,,,60.0,602.0,,,,,,,12.06,-0.068006,2836.0,1.0,12.85,34202.16,CRRB,10.0,,,,,10,1.0,10.0,5.0,,,,,8.0,6.0,4.0,,,,,,10.0,2.0,3.0,5.0,,4.0,,3.0,1.0,,,10.0,2.0,3.0,7.0,,5.0,,3.0,4.0,2.0,9.0,2.0,10.0,7.0,8.0,,,8.0,2.0,7,10.0,10,1
2007-08-08,80517,,11,3,6020.0,14528210,CRRB,CARROLLTON BANCORP,CRRB,551111.0,Q,A,R,13085,3,6020.0,,,,60.0,602.0,,,,,,,12.6,0.044776,2835.0,1.0,12.15,35721.0,CRRB,10.0,,,,,10,1.0,10.0,5.0,,,,,8.0,6.0,4.0,,,,,,10.0,2.0,3.0,5.0,,4.0,,3.0,1.0,,,10.0,2.0,3.0,7.0,,5.0,,3.0,4.0,2.0,9.0,2.0,10.0,7.0,8.0,,,8.0,2.0,7,10.0,10,1
2007-08-09,80517,,11,3,6020.0,14528210,CRRB,CARROLLTON BANCORP,CRRB,551111.0,Q,A,R,13085,3,6020.0,,,,60.0,602.0,,,,,,,12.95,0.027778,2835.0,1.0,12.2,36713.25,CRRB,10.0,,,,,10,1.0,10.0,5.0,,,,,8.0,6.0,4.0,,,,,,10.0,2.0,3.0,5.0,,4.0,,3.0,1.0,,,10.0,2.0,3.0,7.0,,5.0,,3.0,4.0,2.0,9.0,2.0,10.0,7.0,8.0,,,8.0,2.0,7,10.0,10,1
2007-08-10,80517,,11,3,6020.0,14528210,CRRB,CARROLLTON BANCORP,CRRB,551111.0,Q,A,R,13085,3,6020.0,,,,60.0,602.0,1232.0,0.12,0.0,,,,12.455,-0.028958,2835.0,1.0,12.455,35309.925,CRRB,10.0,,,,,10,1.0,10.0,5.0,,,,,8.0,6.0,4.0,,,,,,10.0,2.0,3.0,5.0,,4.0,,3.0,1.0,,,10.0,2.0,3.0,7.0,,5.0,,3.0,4.0,2.0,9.0,2.0,10.0,7.0,8.0,,,8.0,2.0,7,10.0,10,1
2007-08-13,80517,,11,3,6020.0,14528210,CRRB,CARROLLTON BANCORP,CRRB,551111.0,Q,A,R,13085,3,6020.0,,,,60.0,602.0,,,,,,,12.48,0.002007,2835.0,1.0,12.03,35380.8,CRRB,10.0,,,,,10,1.0,10.0,5.0,,,,,8.0,6.0,4.0,,,,,,10.0,2.0,3.0,5.0,,4.0,,3.0,1.0,,,10.0,2.0,3.0,7.0,,5.0,,3.0,4.0,2.0,9.0,2.0,10.0,7.0,8.0,,,8.0,2.0,7,10.0,10,1
2007-08-14,80517,,11,3,6020.0,14528210,CRRB,CARROLLTON BANCORP,CRRB,551111.0,Q,A,R,13085,3,6020.0,,,,60.0,602.0,,,,,,,13.0,0.041667,2835.0,1.0,13.0,36855.0,CRRB,10.0,,,,,10,1.0,10.0,5.0,,,,,8.0,6.0,4.0,,,,,,10.0,2.0,3.0,5.0,,4.0,,3.0,1.0,,,10.0,2.0,3.0,7.0,,5.0,,3.0,4.0,2.0,9.0,2.0,10.0,7.0,8.0,,,8.0,2.0,7,10.0,10,1
2007-08-15,80517,,11,3,6020.0,14528210,CRRB,CARROLLTON BANCORP,CRRB,551111.0,Q,A,R,13085,3,6020.0,,,,60.0,602.0,,,,,,,12.7,-0.023077,2835.0,1.0,12.51,36004.5,CRRB,10.0,,,,,10,1.0,10.0,5.0,,,,,8.0,6.0,4.0,,,,,,10.0,2.0,3.0,5.0,,4.0,,3.0,1.0,,,10.0,2.0,3.0,7.0,,5.0,,3.0,4.0,2.0,9.0,2.0,10.0,7.0,8.0,,,8.0,2.0,7,10.0,10,1
2007-08-16,80517,,11,3,6020.0,14528210,CRRB,CARROLLTON BANCORP,CRRB,551111.0,Q,A,R,13085,3,6020.0,,,,60.0,602.0,,,,,,,12.75,0.003937,2835.0,1.0,12.75,36146.25,CRRB,10.0,,,,,10,1.0,10.0,5.0,,,,,8.0,6.0,4.0,,,,,,10.0,2.0,3.0,5.0,,4.0,,3.0,1.0,,,10.0,2.0,3.0,7.0,,5.0,,3.0,4.0,2.0,9.0,2.0,10.0,7.0,8.0,,,8.0,2.0,7,10.0,10,1
2007-08-17,80517,,11,3,6020.0,14528210,CRRB,CARROLLTON BANCORP,CRRB,551111.0,Q,A,R,13085,3,6020.0,,,,60.0,602.0,,,,,,,-13.375,0.04902,2835.0,1.0,,-37918.125,CRRB,10.0,,,,,10,1.0,10.0,5.0,,,,,8.0,6.0,4.0,,,,,,10.0,2.0,3.0,5.0,,4.0,,3.0,1.0,,,10.0,2.0,3.0,7.0,,5.0,,3.0,4.0,2.0,9.0,2.0,10.0,7.0,8.0,,,8.0,2.0,7,10.0,10,1
2007-08-20,80517,,11,3,6020.0,14528210,CRRB,CARROLLTON BANCORP,CRRB,551111.0,Q,A,R,13085,3,6020.0,,,,60.0,602.0,,,,,,,-13.475,0.007477,2835.0,1.0,,-38201.625,CRRB,10.0,,,,,10,1.0,10.0,5.0,,,,,8.0,6.0,4.0,,,,,,10.0,2.0,3.0,5.0,,4.0,,3.0,1.0,,,10.0,2.0,3.0,7.0,,5.0,,3.0,4.0,2.0,9.0,2.0,10.0,7.0,8.0,,,8.0,2.0,7,10.0,10,1
2007-08-21,80517,,11,3,6020.0,14528210,CRRB,CARROLLTON BANCORP,CRRB,551111.0,Q,A,R,13085,3,6020.0,,,,60.0,602.0,,,,,,,-13.465,-0.000742,2835.0,1.0,,-38173.275,CRRB,10.0,,,,,10,1.0,10.0,5.0,,,,,8.0,6.0,4.0,,,,,,10.0,2.0,3.0,5.0,,4.0,,3.0,1.0,,,10.0,2.0,3.0,7.0,,5.0,,3.0,4.0,2.0,9.0,2.0,10.0,7.0,8.0,,,8.0,2.0,7,10.0,10,1
2007-08-22,80517,,11,3,6020.0,14528210,CRRB,CARROLLTON BANCORP,CRRB,551111.0,Q,A,R,13085,3,6020.0,,,,60.0,602.0,,,,,,,-13.475,0.000743,2835.0,1.0,,-38201.625,CRRB,10.0,,,,,10,1.0,10.0,5.0,,,,,8.0,6.0,4.0,,,,,,10.0,2.0,3.0,5.0,,4.0,,3.0,1.0,,,10.0,2.0,3.0,7.0,,5.0,,3.0,4.0,2.0,9.0,2.0,10.0,7.0,8.0,,,8.0,2.0,7,10.0,10,1
2007-08-23,80517,,11,3,6020.0,14528210,CRRB,CARROLLTON BANCORP,CRRB,551111.0,Q,A,R,13085,3,6020.0,,,,60.0,602.0,,,,,,,12.83,-0.047866,2835.0,1.0,12.995,36373.05,CRRB,10.0,,,,,10,1.0,10.0,5.0,,,,,8.0,6.0,4.0,,,,,,10.0,2.0,3.0,5.0,,4.0,,3.0,1.0,,,10.0,2.0,3.0,7.0,,5.0,,3.0,4.0,2.0,9.0,2.0,10.0,7.0,8.0,,,8.0,2.0,7,10.0,10,1
2007-08-24,80517,,11,3,6020.0,14528210,CRRB,CARROLLTON BANCORP,CRRB,551111.0,Q,A,R,13085,3,6020.0,,,,60.0,602.0,,,,,,,-13.45,0.048324,2835.0,1.0,,-38130.75,CRRB,10.0,,,,,10,1.0,10.0,5.0,,,,,8.0,6.0,4.0,,,,,,10.0,2.0,3.0,5.0,,4.0,,3.0,1.0,,,10.0,2.0,3.0,7.0,,5.0,,3.0,4.0,2.0,9.0,2.0,10.0,7.0,8.0,,,8.0,2.0,7,10.0,10,1
2007-08-27,80517,,11,3,6020.0,14528210,CRRB,CARROLLTON BANCORP,CRRB,551111.0,Q,A,R,13085,3,6020.0,,,,60.0,602.0,,,,,,,12.75,-0.052045,2835.0,1.0,12.7501,36146.25,CRRB,10.0,,,,,10,1.0,10.0,5.0,,,,,8.0,6.0,4.0,,,,,,10.0,2.0,3.0,5.0,,4.0,,3.0,1.0,,,10.0,2.0,3.0,7.0,,5.0,,3.0,4.0,2.0,9.0,2.0,10.0,7.0,8.0,,,8.0,2.0,7,10.0,10,1
2007-08-28,80517,,11,3,6020.0,14528210,CRRB,CARROLLTON BANCORP,CRRB,551111.0,Q,A,R,13085,3,6020.0,,,,60.0,602.0,,,,,,,12.65,-0.007843,2835.0,1.0,13.98,35862.75,CRRB,10.0,,,,,10,1.0,10.0,5.0,,,,,8.0,6.0,4.0,,,,,,10.0,2.0,3.0,5.0,,4.0,,3.0,1.0,,,10.0,2.0,3.0,7.0,,5.0,,3.0,4.0,2.0,9.0,2.0,10.0,7.0,8.0,,,8.0,2.0,7,10.0,10,1
2007-08-29,80517,,11,3,6020.0,14528210,CRRB,CARROLLTON BANCORP,CRRB,551111.0,Q,A,R,13085,3,6020.0,,,,60.0,602.0,,,,,,,-12.955,0.024111,2835.0,1.0,,-36727.425,CRRB,10.0,,,,,10,1.0,10.0,5.0,,,,,8.0,6.0,4.0,,,,,,10.0,2.0,3.0,5.0,,4.0,,3.0,1.0,,,10.0,2.0,3.0,7.0,,5.0,,3.0,4.0,2.0,9.0,2.0,10.0,7.0,8.0,,,8.0,2.0,7,10.0,10,1
2007-08-30,80517,,11,3,6020.0,14528210,CRRB,CARROLLTON BANCORP,CRRB,551111.0,Q,A,R,13085,3,6020.0,,,,60.0,602.0,,,,,,,-13.37,0.032034,2835.0,1.0,,-37903.95,CRRB,10.0,,,,,10,1.0,10.0,5.0,,,,,8.0,6.0,4.0,,,,,,10.0,2.0,3.0,5.0,,4.0,,3.0,1.0,,,10.0,2.0,3.0,7.0,,5.0,,3.0,4.0,2.0,9.0,2.0,10.0,7.0,8.0,,,8.0,2.0,7,10.0,10,1
2007-08-31,80517,,11,3,6020.0,14528210,CRRB,CARROLLTON BANCORP,CRRB,551111.0,Q,A,R,13085,3,6020.0,,,,60.0,602.0,,,,,,,14.0,0.04712,2835.0,1.0,13.98,39690.0,CRRB,10.0,,,,,10,1.0,10.0,5.0,,,,,8.0,6.0,4.0,,,,,,10.0,2.0,3.0,5.0,,4.0,,3.0,1.0,,,10.0,2.0,3.0,7.0,,5.0,,3.0,4.0,2.0,9.0,2.0,10.0,7.0,8.0,,,8.0,2.0,7,10.0,10,1
2007-09-04,80517,,11,3,6020.0,14528210,CRRB,CARROLLTON BANCORP,CRRB,551111.0,Q,A,R,13085,3,6020.0,,,,60.0,602.0,,,,,,,14.5,0.035714,2835.0,1.0,14.15,41107.5,CRRB,10.0,,,,,10,1.0,10.0,5.0,,,,,8.0,6.0,4.0,,,,,,10.0,2.0,3.0,5.0,,4.0,,3.0,2.0,,,10.0,2.0,2.0,7.0,,5.0,,3.0,4.0,2.0,7.0,3.0,10.0,6.0,8.0,,,9.0,2.0,7,10.0,10,1
2007-09-05,80517,,11,3,6020.0,14528210,CRRB,CARROLLTON BANCORP,CRRB,551111.0,Q,A,R,13085,3,6020.0,,,,60.0,602.0,,,,,,,13.5,-0.068966,2835.0,1.0,14.01,38272.5,CRRB,10.0,,,,,10,1.0,10.0,5.0,,,,,8.0,6.0,4.0,,,,,,10.0,2.0,3.0,5.0,,4.0,,3.0,2.0,,,10.0,2.0,2.0,7.0,,5.0,,3.0,4.0,2.0,7.0,3.0,10.0,6.0,8.0,,,9.0,2.0,7,10.0,10,1
2007-09-06,80517,,11,3,6020.0,14528210,CRRB,CARROLLTON BANCORP,CRRB,551111.0,Q,A,R,13085,3,6020.0,,,,60.0,602.0,,,,,,,-13.37,-0.00963,2835.0,1.0,,-37903.95,CRRB,10.0,,,,,10,1.0,10.0,5.0,,,,,8.0,6.0,4.0,,,,,,10.0,2.0,3.0,5.0,,4.0,,3.0,2.0,,,10.0,2.0,2.0,7.0,,5.0,,3.0,4.0,2.0,7.0,3.0,10.0,6.0,8.0,,,9.0,2.0,7,10.0,10,1
2007-09-07,80517,,11,3,6020.0,14528210,CRRB,CARROLLTON BANCORP,CRRB,551111.0,Q,A,R,13085,3,6020.0,,,,60.0,602.0,,,,,,,13.74,0.027674,2835.0,1.0,13.74,38952.9,CRRB,10.0,,,,,10,1.0,10.0,5.0,,,,,8.0,6.0,4.0,,,,,,10.0,2.0,3.0,5.0,,4.0,,3.0,2.0,,,10.0,2.0,2.0,7.0,,5.0,,3.0,4.0,2.0,7.0,3.0,10.0,6.0,8.0,,,9.0,2.0,7,10.0,10,1
2007-09-10,80517,,11,3,6020.0,14528210,CRRB,CARROLLTON BANCORP,CRRB,551111.0,Q,A,R,13085,3,6020.0,,,,60.0,602.0,,,,,,,12.98,-0.055313,2835.0,1.0,13.0,36798.3,CRRB,10.0,,,,,10,1.0,10.0,5.0,,,,,8.0,6.0,4.0,,,,,,10.0,2.0,3.0,5.0,,4.0,,3.0,2.0,,,10.0,2.0,2.0,7.0,,5.0,,3.0,4.0,2.0,7.0,3.0,10.0,6.0,8.0,,,9.0,2.0,7,10.0,10,1
2007-09-11,80517,,11,3,6020.0,14528210,CRRB,CARROLLTON BANCORP,CRRB,551111.0,Q,A,R,13085,3,6020.0,,,,60.0,602.0,,,,,,,13.69,0.0547,2835.0,1.0,12.89,38811.15,CRRB,10.0,,,,,10,1.0,10.0,5.0,,,,,8.0,6.0,4.0,,,,,,10.0,2.0,3.0,5.0,,4.0,,3.0,2.0,,,10.0,2.0,2.0,7.0,,5.0,,3.0,4.0,2.0,7.0,3.0,10.0,6.0,8.0,,,9.0,2.0,7,10.0,10,1
2007-09-12,80517,,11,3,6020.0,14528210,CRRB,CARROLLTON BANCORP,CRRB,551111.0,Q,A,R,13085,3,6020.0,,,,60.0,602.0,,,,,,,13.23,-0.033601,2835.0,1.0,13.115,37507.05,CRRB,10.0,,,,,10,1.0,10.0,5.0,,,,,8.0,6.0,4.0,,,,,,10.0,2.0,3.0,5.0,,4.0,,3.0,2.0,,,10.0,2.0,2.0,7.0,,5.0,,3.0,4.0,2.0,7.0,3.0,10.0,6.0,8.0,,,9.0,2.0,7,10.0,10,1
2007-09-13,80517,,11,3,6020.0,14528210,CRRB,CARROLLTON BANCORP,CRRB,551111.0,Q,A,R,13085,3,6020.0,,,,60.0,602.0,,,,,,,-13.35,0.00907,2835.0,1.0,,-37847.25,CRRB,10.0,,,,,10,1.0,10.0,5.0,,,,,8.0,6.0,4.0,,,,,,10.0,2.0,3.0,5.0,,4.0,,3.0,2.0,,,10.0,2.0,2.0,7.0,,5.0,,3.0,4.0,2.0,7.0,3.0,10.0,6.0,8.0,,,9.0,2.0,7,10.0,10,1
2007-09-14,80517,,11,3,6020.0,14528210,CRRB,CARROLLTON BANCORP,CRRB,551111.0,Q,A,R,13085,3,6020.0,,,,60.0,602.0,,,,,,,13.69,0.025468,2835.0,1.0,13.69,38811.15,CRRB,10.0,,,,,10,1.0,10.0,5.0,,,,,8.0,6.0,4.0,,,,,,10.0,2.0,3.0,5.0,,4.0,,3.0,2.0,,,10.0,2.0,2.0,7.0,,5.0,,3.0,4.0,2.0,7.0,3.0,10.0,6.0,8.0,,,9.0,2.0,7,10.0,10,1
2007-09-17,80517,,11,3,6020.0,14528210,CRRB,CARROLLTON BANCORP,CRRB,551111.0,Q,A,R,13085,3,6020.0,,,,60.0,602.0,,,,,,,13.42,-0.019722,2835.0,1.0,13.42,38045.7,CRRB,10.0,,,,,10,1.0,10.0,5.0,,,,,8.0,6.0,4.0,,,,,,10.0,2.0,3.0,5.0,,4.0,,3.0,2.0,,,10.0,2.0,2.0,7.0,,5.0,,3.0,4.0,2.0,7.0,3.0,10.0,6.0,8.0,,,9.0,2.0,7,10.0,10,1
2007-09-18,80517,,11,3,6020.0,14528210,CRRB,CARROLLTON BANCORP,CRRB,551111.0,Q,A,R,13085,3,6020.0,,,,60.0,602.0,,,,,,,-13.56,0.010432,2835.0,1.0,,-38442.6,CRRB,10.0,,,,,10,1.0,10.0,5.0,,,,,8.0,6.0,4.0,,,,,,10.0,2.0,3.0,5.0,,4.0,,3.0,2.0,,,10.0,2.0,2.0,7.0,,5.0,,3.0,4.0,2.0,7.0,3.0,10.0,6.0,8.0,,,9.0,2.0,7,10.0,10,1
2007-09-19,80517,,11,3,6020.0,14528210,CRRB,CARROLLTON BANCORP,CRRB,551111.0,Q,A,R,13085,3,6020.0,,,,60.0,602.0,,,,,,,-13.56,0.0,2835.0,1.0,,-38442.6,CRRB,10.0,,,,,10,1.0,10.0,5.0,,,,,8.0,6.0,4.0,,,,,,10.0,2.0,3.0,5.0,,4.0,,3.0,2.0,,,10.0,2.0,2.0,7.0,,5.0,,3.0,4.0,2.0,7.0,3.0,10.0,6.0,8.0,,,9.0,2.0,7,10.0,10,1
2007-09-20,80517,,11,3,6020.0,14528210,CRRB,CARROLLTON BANCORP,CRRB,551111.0,Q,A,R,13085,3,6020.0,,,,60.0,602.0,,,,,,,-13.565,0.000369,2835.0,1.0,,-38456.775,CRRB,10.0,,,,,10,1.0,10.0,5.0,,,,,8.0,6.0,4.0,,,,,,10.0,2.0,3.0,5.0,,4.0,,3.0,2.0,,,10.0,2.0,2.0,7.0,,5.0,,3.0,4.0,2.0,7.0,3.0,10.0,6.0,8.0,,,9.0,2.0,7,10.0,10,1
2007-09-21,80517,,11,3,6020.0,14528210,CRRB,CARROLLTON BANCORP,CRRB,551111.0,Q,A,R,13085,3,6020.0,,,,60.0,602.0,,,,,,,-13.565,0.0,2835.0,1.0,,-38456.775,CRRB,10.0,,,,,10,1.0,10.0,5.0,,,,,8.0,6.0,4.0,,,,,,10.0,2.0,3.0,5.0,,4.0,,3.0,2.0,,,10.0,2.0,2.0,7.0,,5.0,,3.0,4.0,2.0,7.0,3.0,10.0,6.0,8.0,,,9.0,2.0,7,10.0,10,1
2007-09-24,80517,,11,3,6020.0,14528210,CRRB,CARROLLTON BANCORP,CRRB,551111.0,Q,A,R,13085,3,6020.0,,,,60.0,602.0,,,,,,,13.65,0.006266,2835.0,1.0,13.66,38697.75,CRRB,10.0,,,,,10,1.0,10.0,5.0,,,,,8.0,6.0,4.0,,,,,,10.0,2.0,3.0,5.0,,4.0,,3.0,2.0,,,10.0,2.0,2.0,7.0,,5.0,,3.0,4.0,2.0,7.0,3.0,10.0,6.0,8.0,,,9.0,2.0,7,10.0,10,1
2007-09-25,80517,,11,3,6020.0,14528210,CRRB,CARROLLTON BANCORP,CRRB,551111.0,Q,A,R,13085,3,6020.0,,,,60.0,602.0,,,,,,,13.42,-0.01685,2835.0,1.0,13.42,38045.7,CRRB,10.0,,,,,10,1.0,10.0,5.0,,,,,8.0,6.0,4.0,,,,,,10.0,2.0,3.0,5.0,,4.0,,3.0,2.0,,,10.0,2.0,2.0,7.0,,5.0,,3.0,4.0,2.0,7.0,3.0,10.0,6.0,8.0,,,9.0,2.0,7,10.0,10,1
2007-09-26,80517,,11,3,6020.0,14528210,CRRB,CARROLLTON BANCORP,CRRB,551111.0,Q,A,R,13085,3,6020.0,,,,60.0,602.0,,,,,,,-13.225,-0.014531,2835.0,1.0,,-37492.875,CRRB,10.0,,,,,10,1.0,10.0,5.0,,,,,8.0,6.0,4.0,,,,,,10.0,2.0,3.0,5.0,,4.0,,3.0,2.0,,,10.0,2.0,2.0,7.0,,5.0,,3.0,4.0,2.0,7.0,3.0,10.0,6.0,8.0,,,9.0,2.0,7,10.0,10,1
2007-09-27,80517,,11,3,6020.0,14528210,CRRB,CARROLLTON BANCORP,CRRB,551111.0,Q,A,R,13085,3,6020.0,,,,60.0,602.0,,,,,,,-12.975,-0.018904,2835.0,1.0,,-36784.125,CRRB,10.0,,,,,10,1.0,10.0,5.0,,,,,8.0,6.0,4.0,,,,,,10.0,2.0,3.0,5.0,,4.0,,3.0,2.0,,,10.0,2.0,2.0,7.0,,5.0,,3.0,4.0,2.0,7.0,3.0,10.0,6.0,8.0,,,9.0,2.0,7,10.0,10,1
2007-09-28,80517,,11,3,6020.0,14528210,CRRB,CARROLLTON BANCORP,CRRB,551111.0,Q,A,R,13085,3,6020.0,,,,60.0,602.0,,,,,,,13.55,0.044316,2835.0,1.0,13.15,38414.25,CRRB,10.0,,,,,10,1.0,10.0,5.0,,,,,8.0,6.0,4.0,,,,,,10.0,2.0,3.0,5.0,,4.0,,3.0,2.0,,,10.0,2.0,2.0,7.0,,5.0,,3.0,4.0,2.0,7.0,3.0,10.0,6.0,8.0,,,9.0,2.0,7,10.0,10,1
2007-10-01,80517,,11,3,6020.0,14528210,CRRB,CARROLLTON BANCORP,CRRB,551111.0,Q,A,R,13085,3,6020.0,,,,60.0,602.0,,,,,,,13.5,-0.00369,2835.0,1.0,13.6,38272.5,CRRB,10.0,,,,,10,1.0,10.0,5.0,,,,,8.0,6.0,4.0,,,,,,10.0,2.0,3.0,5.0,,4.0,,2.0,2.0,,,10.0,2.0,2.0,8.0,,5.0,,3.0,4.0,2.0,8.0,2.0,10.0,4.0,7.0,,,8.0,2.0,7,10.0,10,1
2007-10-02,80517,,11,3,6020.0,14528210,CRRB,CARROLLTON BANCORP,CRRB,551111.0,Q,A,R,13085,3,6020.0,,,,60.0,602.0,,,,,,,13.0,-0.037037,2835.0,1.0,13.55,36855.0,CRRB,10.0,,,,,10,1.0,10.0,5.0,,,,,8.0,6.0,4.0,,,,,,10.0,2.0,3.0,5.0,,4.0,,2.0,2.0,,,10.0,2.0,2.0,8.0,,5.0,,3.0,4.0,2.0,8.0,2.0,10.0,4.0,7.0,,,8.0,2.0,7,10.0,10,1
2007-10-03,80517,,11,3,6020.0,14528210,CRRB,CARROLLTON BANCORP,CRRB,551111.0,Q,A,R,13085,3,6020.0,,,,60.0,602.0,,,,,,,-12.805,-0.015,2835.0,1.0,,-36302.175,CRRB,10.0,,,,,10,1.0,10.0,5.0,,,,,8.0,6.0,4.0,,,,,,10.0,2.0,3.0,5.0,,4.0,,2.0,2.0,,,10.0,2.0,2.0,8.0,,5.0,,3.0,4.0,2.0,8.0,2.0,10.0,4.0,7.0,,,8.0,2.0,7,10.0,10,1
2007-10-04,80517,,11,3,6020.0,14528210,CRRB,CARROLLTON BANCORP,CRRB,551111.0,Q,A,R,13085,3,6020.0,,,,60.0,602.0,,,,,,,13.44,0.04959,2835.0,1.0,13.44,38102.4,CRRB,10.0,,,,,10,1.0,10.0,5.0,,,,,8.0,6.0,4.0,,,,,,10.0,2.0,3.0,5.0,,4.0,,2.0,2.0,,,10.0,2.0,2.0,8.0,,5.0,,3.0,4.0,2.0,8.0,2.0,10.0,4.0,7.0,,,8.0,2.0,7,10.0,10,1
2007-10-05,80517,,11,3,6020.0,14528210,CRRB,CARROLLTON BANCORP,CRRB,551111.0,Q,A,R,13085,3,6020.0,,,,60.0,602.0,,,,,,,-13.13,-0.023066,2835.0,1.0,,-37223.55,CRRB,10.0,,,,,10,1.0,10.0,5.0,,,,,8.0,6.0,4.0,,,,,,10.0,2.0,3.0,5.0,,4.0,,2.0,2.0,,,10.0,2.0,2.0,8.0,,5.0,,3.0,4.0,2.0,8.0,2.0,10.0,4.0,7.0,,,8.0,2.0,7,10.0,10,1
2007-10-08,80517,,11,3,6020.0,14528210,CRRB,CARROLLTON BANCORP,CRRB,551111.0,Q,A,R,13085,3,6020.0,,,,60.0,602.0,,,,,,,-13.175,0.003427,2835.0,1.0,,-37351.125,CRRB,10.0,,,,,10,1.0,10.0,5.0,,,,,8.0,6.0,4.0,,,,,,10.0,2.0,3.0,5.0,,4.0,,2.0,2.0,,,10.0,2.0,2.0,8.0,,5.0,,3.0,4.0,2.0,8.0,2.0,10.0,4.0,7.0,,,8.0,2.0,7,10.0,10,1
2007-10-09,80517,,11,3,6020.0,14528210,CRRB,CARROLLTON BANCORP,CRRB,551111.0,Q,A,R,13085,3,6020.0,,,,60.0,602.0,,,,,,,-13.175,0.0,2835.0,1.0,,-37351.125,CRRB,10.0,,,,,10,1.0,10.0,5.0,,,,,8.0,6.0,4.0,,,,,,10.0,2.0,3.0,5.0,,4.0,,2.0,2.0,,,10.0,2.0,2.0,8.0,,5.0,,3.0,4.0,2.0,8.0,2.0,10.0,4.0,7.0,,,8.0,2.0,7,10.0,10,1
2007-10-10,80517,,11,3,6020.0,14528210,CRRB,CARROLLTON BANCORP,CRRB,551111.0,Q,A,R,13085,3,6020.0,,,,60.0,602.0,,,,,,,-13.2,0.001898,2835.0,1.0,,-37422.0,CRRB,10.0,,,,,10,1.0,10.0,5.0,,,,,8.0,6.0,4.0,,,,,,10.0,2.0,3.0,5.0,,4.0,,2.0,2.0,,,10.0,2.0,2.0,8.0,,5.0,,3.0,4.0,2.0,8.0,2.0,10.0,4.0,7.0,,,8.0,2.0,7,10.0,10,1
2007-10-11,80517,,11,3,6020.0,14528210,CRRB,CARROLLTON BANCORP,CRRB,551111.0,Q,A,R,13085,3,6020.0,,,,60.0,602.0,,,,,,,-13.125,-0.005682,2835.0,1.0,,-37209.375,CRRB,10.0,,,,,10,1.0,10.0,5.0,,,,,8.0,6.0,4.0,,,,,,10.0,2.0,3.0,5.0,,4.0,,2.0,2.0,,,10.0,2.0,2.0,8.0,,5.0,,3.0,4.0,2.0,8.0,2.0,10.0,4.0,7.0,,,8.0,2.0,7,10.0,10,1
2007-10-12,80517,,11,3,6020.0,14528210,CRRB,CARROLLTON BANCORP,CRRB,551111.0,Q,A,R,13085,3,6020.0,,,,60.0,602.0,,,,,,,-13.125,0.0,2835.0,1.0,,-37209.375,CRRB,10.0,,,,,10,1.0,10.0,5.0,,,,,8.0,6.0,4.0,,,,,,10.0,2.0,3.0,5.0,,4.0,,2.0,2.0,,,10.0,2.0,2.0,8.0,,5.0,,3.0,4.0,2.0,8.0,2.0,10.0,4.0,7.0,,,8.0,2.0,7,10.0,10,1
2007-10-15,80517,,11,3,6020.0,14528210,CRRB,CARROLLTON BANCORP,CRRB,551111.0,Q,A,R,13085,3,6020.0,,,,60.0,602.0,,,,,,,-13.625,0.038095,2835.0,1.0,,-38626.875,CRRB,10.0,,,,,10,1.0,10.0,5.0,,,,,8.0,6.0,4.0,,,,,,10.0,2.0,3.0,5.0,,4.0,,2.0,2.0,,,10.0,2.0,2.0,8.0,,5.0,,3.0,4.0,2.0,8.0,2.0,10.0,4.0,7.0,,,8.0,2.0,7,10.0,10,1
2007-10-16,80517,,11,3,6020.0,14528210,CRRB,CARROLLTON BANCORP,CRRB,551111.0,Q,A,R,13085,3,6020.0,,,,60.0,602.0,,,,,,,-13.65,0.001835,2835.0,1.0,,-38697.75,CRRB,10.0,,,,,10,1.0,10.0,5.0,,,,,8.0,6.0,4.0,,,,,,10.0,2.0,3.0,5.0,,4.0,,2.0,2.0,,,10.0,2.0,2.0,8.0,,5.0,,3.0,4.0,2.0,8.0,2.0,10.0,4.0,7.0,,,8.0,2.0,7,10.0,10,1
2007-10-17,80517,,11,3,6020.0,14528210,CRRB,CARROLLTON BANCORP,CRRB,551111.0,Q,A,R,13085,3,6020.0,,,,60.0,602.0,,,,,,,13.16,-0.035897,2835.0,1.0,13.55,37308.6,CRRB,10.0,,,,,10,1.0,10.0,5.0,,,,,8.0,6.0,4.0,,,,,,10.0,2.0,3.0,5.0,,4.0,,2.0,2.0,,,10.0,2.0,2.0,8.0,,5.0,,3.0,4.0,2.0,8.0,2.0,10.0,4.0,7.0,,,8.0,2.0,7,10.0,10,1
2007-10-18,80517,,11,3,6020.0,14528210,CRRB,CARROLLTON BANCORP,CRRB,551111.0,Q,A,R,13085,3,6020.0,,,,60.0,602.0,,,,,,,-13.625,0.035334,2835.0,1.0,,-38626.875,CRRB,10.0,,,,,10,1.0,10.0,5.0,,,,,8.0,6.0,4.0,,,,,,10.0,2.0,3.0,5.0,,4.0,,2.0,2.0,,,10.0,2.0,2.0,8.0,,5.0,,3.0,4.0,2.0,8.0,2.0,10.0,4.0,7.0,,,8.0,2.0,7,10.0,10,1
2007-10-19,80517,,11,3,6020.0,14528210,CRRB,CARROLLTON BANCORP,CRRB,551111.0,Q,A,R,13085,3,6020.0,,,,60.0,602.0,,,,,,,13.2501,-0.027516,2835.0,1.0,13.25,37564.0335,CRRB,10.0,,,,,10,1.0,10.0,5.0,,,,,8.0,6.0,4.0,,,,,,10.0,2.0,3.0,5.0,,4.0,,2.0,2.0,,,10.0,2.0,2.0,8.0,,5.0,,3.0,4.0,2.0,8.0,2.0,10.0,4.0,7.0,,,8.0,2.0,7,10.0,10,1
2007-10-22,80517,,11,3,6020.0,14528210,CRRB,CARROLLTON BANCORP,CRRB,551111.0,Q,A,R,13085,3,6020.0,,,,60.0,602.0,,,,,,,-13.87,0.046785,2835.0,1.0,,-39321.45,CRRB,10.0,,,,,10,1.0,10.0,5.0,,,,,8.0,6.0,4.0,,,,,,10.0,2.0,3.0,5.0,,4.0,,2.0,2.0,,,10.0,2.0,2.0,8.0,,5.0,,3.0,4.0,2.0,8.0,2.0,10.0,4.0,7.0,,,8.0,2.0,7,10.0,10,1
2007-10-23,80517,,11,3,6020.0,14528210,CRRB,CARROLLTON BANCORP,CRRB,551111.0,Q,A,R,13085,3,6020.0,,,,60.0,602.0,,,,,,,13.51,-0.025955,2835.0,1.0,13.5,38300.85,CRRB,10.0,,,,,10,1.0,10.0,5.0,,,,,8.0,6.0,4.0,,,,,,10.0,2.0,3.0,5.0,,4.0,,2.0,2.0,,,10.0,2.0,2.0,8.0,,5.0,,3.0,4.0,2.0,8.0,2.0,10.0,4.0,7.0,,,8.0,2.0,7,10.0,10,1
2007-10-24,80517,,11,3,6020.0,14528210,CRRB,CARROLLTON BANCORP,CRRB,551111.0,Q,A,R,13085,3,6020.0,,,,60.0,602.0,,,,,,,-13.725,0.015914,2835.0,1.0,,-38910.375,CRRB,10.0,,,,,10,1.0,10.0,5.0,,,,,8.0,6.0,4.0,,,,,,10.0,2.0,3.0,5.0,,4.0,,2.0,2.0,,,10.0,2.0,2.0,8.0,,5.0,,3.0,4.0,2.0,8.0,2.0,10.0,4.0,7.0,,,8.0,2.0,7,10.0,10,1
2007-10-25,80517,,11,3,6020.0,14528210,CRRB,CARROLLTON BANCORP,CRRB,551111.0,Q,A,R,13085,3,6020.0,,,,60.0,602.0,,,,,,,-13.615,-0.008015,2835.0,1.0,,-38598.525,CRRB,10.0,,,,,10,1.0,10.0,5.0,,,,,8.0,6.0,4.0,,,,,,10.0,2.0,3.0,5.0,,4.0,,2.0,2.0,,,10.0,2.0,2.0,8.0,,5.0,,3.0,4.0,2.0,8.0,2.0,10.0,4.0,7.0,,,8.0,2.0,7,10.0,10,1
2007-10-26,80517,,11,3,6020.0,14528210,CRRB,CARROLLTON BANCORP,CRRB,551111.0,Q,A,R,13085,3,6020.0,,,,60.0,602.0,,,,,,,13.28,-0.024605,2835.0,1.0,13.28,37648.8,CRRB,10.0,,,,,10,1.0,10.0,5.0,,,,,8.0,6.0,4.0,,,,,,10.0,2.0,3.0,5.0,,4.0,,2.0,2.0,,,10.0,2.0,2.0,8.0,,5.0,,3.0,4.0,2.0,8.0,2.0,10.0,4.0,7.0,,,8.0,2.0,7,10.0,10,1
2007-10-29,80517,,11,3,6020.0,14528210,CRRB,CARROLLTON BANCORP,CRRB,551111.0,Q,A,R,13085,3,6020.0,,,,60.0,602.0,,,,,,,-14.09,0.060994,2835.0,1.0,,-39945.15,CRRB,10.0,,,,,10,1.0,10.0,5.0,,,,,8.0,6.0,4.0,,,,,,10.0,2.0,3.0,5.0,,4.0,,2.0,2.0,,,10.0,2.0,2.0,8.0,,5.0,,3.0,4.0,2.0,8.0,2.0,10.0,4.0,7.0,,,8.0,2.0,7,10.0,10,1
2007-10-30,80517,,11,3,6020.0,14528210,CRRB,CARROLLTON BANCORP,CRRB,551111.0,Q,A,R,13085,3,6020.0,,,,60.0,602.0,,,,,,,13.25,-0.059617,2835.0,1.0,12.59,37563.75,CRRB,10.0,,,,,10,1.0,10.0,5.0,,,,,8.0,6.0,4.0,,,,,,10.0,2.0,3.0,5.0,,4.0,,2.0,2.0,,,10.0,2.0,2.0,8.0,,5.0,,3.0,4.0,2.0,8.0,2.0,10.0,4.0,7.0,,,8.0,2.0,7,10.0,10,1
2007-10-31,80517,,11,3,6020.0,14528210,CRRB,CARROLLTON BANCORP,CRRB,551111.0,Q,A,R,13085,3,6020.0,,,,60.0,602.0,,,,,,,13.5,0.018868,2835.0,1.0,14.2399,38272.5,CRRB,10.0,,,,,10,1.0,10.0,5.0,,,,,8.0,6.0,4.0,,,,,,10.0,2.0,3.0,5.0,,4.0,,2.0,2.0,,,10.0,2.0,2.0,8.0,,5.0,,3.0,4.0,2.0,8.0,2.0,10.0,4.0,7.0,,,8.0,2.0,7,10.0,10,1
2007-11-01,80517,,11,3,6020.0,14528210,CRRB,CARROLLTON BANCORP,CRRB,551111.0,Q,A,R,13085,3,6020.0,,,,60.0,602.0,,,,,,,-12.875,-0.046296,2835.0,1.0,,-36500.625,CRRB,10.0,,,,,10,1.0,10.0,5.0,,,,,8.0,6.0,4.0,,,,,,10.0,2.0,3.0,5.0,,4.0,,2.0,1.0,,,10.0,2.0,2.0,8.0,,5.0,,5.0,8.0,2.0,7.0,2.0,10.0,2.0,4.0,,,6.0,2.0,7,10.0,10,1
2007-11-02,80517,,11,3,6020.0,14528210,CRRB,CARROLLTON BANCORP,CRRB,551111.0,Q,A,R,13085,3,6020.0,,,,60.0,602.0,,,,,,,-13.0,0.009709,2835.0,1.0,,-36855.0,CRRB,10.0,,,,,10,1.0,10.0,5.0,,,,,8.0,6.0,4.0,,,,,,10.0,2.0,3.0,5.0,,4.0,,2.0,1.0,,,10.0,2.0,2.0,8.0,,5.0,,5.0,8.0,2.0,7.0,2.0,10.0,2.0,4.0,,,6.0,2.0,7,10.0,10,1
2007-11-05,80517,,11,3,6020.0,14528210,CRRB,CARROLLTON BANCORP,CRRB,551111.0,Q,A,R,13085,3,6020.0,,,,60.0,602.0,,,,,,,13.54,0.041538,2835.0,1.0,13.0,38385.9,CRRB,10.0,,,,,10,1.0,10.0,5.0,,,,,8.0,6.0,4.0,,,,,,10.0,2.0,3.0,5.0,,4.0,,2.0,1.0,,,10.0,2.0,2.0,8.0,,5.0,,5.0,8.0,2.0,7.0,2.0,10.0,2.0,4.0,,,6.0,2.0,7,10.0,10,1
2007-11-06,80517,,11,3,6020.0,14528210,CRRB,CARROLLTON BANCORP,CRRB,551111.0,Q,A,R,13085,3,6020.0,,,,60.0,602.0,,,,,,,13.2,-0.025111,2835.0,1.0,13.205,37422.0,CRRB,10.0,,,,,10,1.0,10.0,5.0,,,,,8.0,6.0,4.0,,,,,,10.0,2.0,3.0,5.0,,4.0,,2.0,1.0,,,10.0,2.0,2.0,8.0,,5.0,,5.0,8.0,2.0,7.0,2.0,10.0,2.0,4.0,,,6.0,2.0,7,10.0,10,1
2007-11-07,80517,,11,3,6020.0,14528210,CRRB,CARROLLTON BANCORP,CRRB,551111.0,Q,A,R,13085,3,6020.0,,,,60.0,602.0,1232.0,0.12,0.0,,,,12.062,-0.077121,2835.0,1.0,12.75,34195.77,CRRB,10.0,,,,,10,1.0,10.0,5.0,,,,,8.0,6.0,4.0,,,,,,10.0,2.0,3.0,5.0,,4.0,,2.0,1.0,,,10.0,2.0,2.0,8.0,,5.0,,5.0,8.0,2.0,7.0,2.0,10.0,2.0,4.0,,,6.0,2.0,7,10.0,10,1
2007-11-08,80517,,11,3,6020.0,14528210,CRRB,CARROLLTON BANCORP,CRRB,551111.0,Q,A,R,13085,3,6020.0,,,,60.0,602.0,,,,,,,12.83,0.063671,2835.0,1.0,13.28,36373.05,CRRB,10.0,,,,,10,1.0,10.0,5.0,,,,,8.0,6.0,4.0,,,,,,10.0,2.0,3.0,5.0,,4.0,,2.0,1.0,,,10.0,2.0,2.0,8.0,,5.0,,5.0,8.0,2.0,7.0,2.0,10.0,2.0,4.0,,,6.0,2.0,7,10.0,10,1
2007-11-09,80517,,11,3,6020.0,14528210,CRRB,CARROLLTON BANCORP,CRRB,551111.0,Q,A,R,13085,3,6020.0,,,,60.0,602.0,,,,,,,12.82,-0.000779,2835.0,1.0,12.82,36344.7,CRRB,10.0,,,,,10,1.0,10.0,5.0,,,,,8.0,6.0,4.0,,,,,,10.0,2.0,3.0,5.0,,4.0,,2.0,1.0,,,10.0,2.0,2.0,8.0,,5.0,,5.0,8.0,2.0,7.0,2.0,10.0,2.0,4.0,,,6.0,2.0,7,10.0,10,1
2007-11-12,80517,,11,3,6020.0,14528210,CRRB,CARROLLTON BANCORP,CRRB,551111.0,Q,A,R,13085,3,6020.0,,,,60.0,602.0,,,,,,,11.39,-0.111544,2835.0,1.0,12.82,32290.65,CRRB,10.0,,,,,10,1.0,10.0,5.0,,,,,8.0,6.0,4.0,,,,,,10.0,2.0,3.0,5.0,,4.0,,2.0,1.0,,,10.0,2.0,2.0,8.0,,5.0,,5.0,8.0,2.0,7.0,2.0,10.0,2.0,4.0,,,6.0,2.0,7,10.0,10,1
2007-11-13,80517,,11,3,6020.0,14528210,CRRB,CARROLLTON BANCORP,CRRB,551111.0,Q,A,R,13085,3,6020.0,,,,60.0,602.0,,,,,,,11.3,-0.007902,2835.0,1.0,11.3,32035.5,CRRB,10.0,,,,,10,1.0,10.0,5.0,,,,,8.0,6.0,4.0,,,,,,10.0,2.0,3.0,5.0,,4.0,,2.0,1.0,,,10.0,2.0,2.0,8.0,,5.0,,5.0,8.0,2.0,7.0,2.0,10.0,2.0,4.0,,,6.0,2.0,7,10.0,10,1
2007-11-14,80517,,11,3,6020.0,14528210,CRRB,CARROLLTON BANCORP,CRRB,551111.0,Q,A,R,13085,3,6020.0,,,,60.0,602.0,,,,,,,11.5,0.017699,2835.0,1.0,11.55,32602.5,CRRB,10.0,,,,,10,1.0,10.0,5.0,,,,,8.0,6.0,4.0,,,,,,10.0,2.0,3.0,5.0,,4.0,,2.0,1.0,,,10.0,2.0,2.0,8.0,,5.0,,5.0,8.0,2.0,7.0,2.0,10.0,2.0,4.0,,,6.0,2.0,7,10.0,10,1
2007-11-15,80517,,11,3,6020.0,14528210,CRRB,CARROLLTON BANCORP,CRRB,551111.0,Q,A,R,13085,3,6020.0,,,,60.0,602.0,,,,,,,11.48,-0.001739,2835.0,1.0,11.5,32545.8,CRRB,10.0,,,,,10,1.0,10.0,5.0,,,,,8.0,6.0,4.0,,,,,,10.0,2.0,3.0,5.0,,4.0,,2.0,1.0,,,10.0,2.0,2.0,8.0,,5.0,,5.0,8.0,2.0,7.0,2.0,10.0,2.0,4.0,,,6.0,2.0,7,10.0,10,1
2007-11-16,80517,,11,3,6020.0,14528210,CRRB,CARROLLTON BANCORP,CRRB,551111.0,Q,A,R,13085,3,6020.0,,,,60.0,602.0,,,,,,,11.5,0.001742,2835.0,1.0,11.3,32602.5,CRRB,10.0,,,,,10,1.0,10.0,5.0,,,,,8.0,6.0,4.0,,,,,,10.0,2.0,3.0,5.0,,4.0,,2.0,1.0,,,10.0,2.0,2.0,8.0,,5.0,,5.0,8.0,2.0,7.0,2.0,10.0,2.0,4.0,,,6.0,2.0,7,10.0,10,1
2007-11-19,80517,,11,3,6020.0,14528210,CRRB,CARROLLTON BANCORP,CRRB,551111.0,Q,A,R,13085,3,6020.0,,,,60.0,602.0,,,,,,,11.45,-0.004348,2835.0,1.0,11.45,32460.75,CRRB,10.0,,,,,10,1.0,10.0,5.0,,,,,8.0,6.0,4.0,,,,,,10.0,2.0,3.0,5.0,,4.0,,2.0,1.0,,,10.0,2.0,2.0,8.0,,5.0,,5.0,8.0,2.0,7.0,2.0,10.0,2.0,4.0,,,6.0,2.0,7,10.0,10,1
2007-11-20,80517,,11,3,6020.0,14528210,CRRB,CARROLLTON BANCORP,CRRB,551111.0,Q,A,R,13085,3,6020.0,,,,60.0,602.0,,,,,,,11.5,0.004367,2835.0,1.0,11.5,32602.5,CRRB,10.0,,,,,10,1.0,10.0,5.0,,,,,8.0,6.0,4.0,,,,,,10.0,2.0,3.0,5.0,,4.0,,2.0,1.0,,,10.0,2.0,2.0,8.0,,5.0,,5.0,8.0,2.0,7.0,2.0,10.0,2.0,4.0,,,6.0,2.0,7,10.0,10,1
2007-11-21,80517,,11,3,6020.0,14528210,CRRB,CARROLLTON BANCORP,CRRB,551111.0,Q,A,R,13085,3,6020.0,,,,60.0,602.0,,,,,,,11.45,-0.004348,2835.0,1.0,11.45,32460.75,CRRB,10.0,,,,,10,1.0,10.0,5.0,,,,,8.0,6.0,4.0,,,,,,10.0,2.0,3.0,5.0,,4.0,,2.0,1.0,,,10.0,2.0,2.0,8.0,,5.0,,5.0,8.0,2.0,7.0,2.0,10.0,2.0,4.0,,,6.0,2.0,7,10.0,10,1
2007-11-23,80517,,11,3,6020.0,14528210,CRRB,CARROLLTON BANCORP,CRRB,551111.0,Q,A,R,13085,3,6020.0,,,,60.0,602.0,,,,,,,11.4,-0.004367,2835.0,1.0,11.4,32319.0,CRRB,10.0,,,,,10,1.0,10.0,5.0,,,,,8.0,6.0,4.0,,,,,,10.0,2.0,3.0,5.0,,4.0,,2.0,1.0,,,10.0,2.0,2.0,8.0,,5.0,,5.0,8.0,2.0,7.0,2.0,10.0,2.0,4.0,,,6.0,2.0,7,10.0,10,1
2007-11-26,80517,,11,3,6020.0,14528210,CRRB,CARROLLTON BANCORP,CRRB,551111.0,Q,A,R,13085,3,6020.0,,,,60.0,602.0,,,,,,,11.7,0.026316,2835.0,1.0,11.7,33169.5,CRRB,10.0,,,,,10,1.0,10.0,5.0,,,,,8.0,6.0,4.0,,,,,,10.0,2.0,3.0,5.0,,4.0,,2.0,1.0,,,10.0,2.0,2.0,8.0,,5.0,,5.0,8.0,2.0,7.0,2.0,10.0,2.0,4.0,,,6.0,2.0,7,10.0,10,1
2007-11-27,80517,,11,3,6020.0,14528210,CRRB,CARROLLTON BANCORP,CRRB,551111.0,Q,A,R,13085,3,6020.0,,,,60.0,602.0,,,,,,,11.93,0.019658,2835.0,1.0,11.25,33821.55,CRRB,10.0,,,,,10,1.0,10.0,5.0,,,,,8.0,6.0,4.0,,,,,,10.0,2.0,3.0,5.0,,4.0,,2.0,1.0,,,10.0,2.0,2.0,8.0,,5.0,,5.0,8.0,2.0,7.0,2.0,10.0,2.0,4.0,,,6.0,2.0,7,10.0,10,1
2007-11-28,80517,,11,3,6020.0,14528210,CRRB,CARROLLTON BANCORP,CRRB,551111.0,Q,A,R,13085,3,6020.0,,,,60.0,602.0,,,,,,,12.0,0.005868,2835.0,1.0,11.75,34020.0,CRRB,10.0,,,,,10,1.0,10.0,5.0,,,,,8.0,6.0,4.0,,,,,,10.0,2.0,3.0,5.0,,4.0,,2.0,1.0,,,10.0,2.0,2.0,8.0,,5.0,,5.0,8.0,2.0,7.0,2.0,10.0,2.0,4.0,,,6.0,2.0,7,10.0,10,1
2007-11-29,80517,,11,3,6020.0,14528210,CRRB,CARROLLTON BANCORP,CRRB,551111.0,Q,A,R,13085,3,6020.0,,,,60.0,602.0,,,,,,,-11.7,-0.025,2835.0,1.0,,-33169.5,CRRB,10.0,,,,,10,1.0,10.0,5.0,,,,,8.0,6.0,4.0,,,,,,10.0,2.0,3.0,5.0,,4.0,,2.0,1.0,,,10.0,2.0,2.0,8.0,,5.0,,5.0,8.0,2.0,7.0,2.0,10.0,2.0,4.0,,,6.0,2.0,7,10.0,10,1
2007-11-30,80517,,11,3,6020.0,14528210,CRRB,CARROLLTON BANCORP,CRRB,551111.0,Q,A,R,13085,3,6020.0,,,,60.0,602.0,,,,,,,12.65,0.081197,2835.0,1.0,12.67,35862.75,CRRB,10.0,,,,,10,1.0,10.0,5.0,,,,,8.0,6.0,4.0,,,,,,10.0,2.0,3.0,5.0,,4.0,,2.0,1.0,,,10.0,2.0,2.0,8.0,,5.0,,5.0,8.0,2.0,7.0,2.0,10.0,2.0,4.0,,,6.0,2.0,7,10.0,10,1
2007-12-03,80517,,11,3,6020.0,14528210,CRRB,CARROLLTON BANCORP,CRRB,551111.0,Q,A,R,13085,3,6020.0,,,,60.0,602.0,,,,,,,14.85,0.173913,2835.0,1.0,12.5,42099.75,CRRB,10.0,,,,,10,1.0,10.0,5.0,,,,,8.0,6.0,4.0,,,,,,10.0,2.0,3.0,5.0,,4.0,,3.0,2.0,,,10.0,2.0,4.0,8.0,,5.0,,4.0,8.0,3.0,5.0,1.0,10.0,5.0,3.0,,,8.0,2.0,7,10.0,10,1
2007-12-04,80517,,11,3,6020.0,14528210,CRRB,CARROLLTON BANCORP,CRRB,551111.0,Q,A,R,13085,3,6020.0,,,,60.0,602.0,,,,,,,14.45,-0.026936,2835.0,1.0,14.07,40965.75,CRRB,10.0,,,,,10,1.0,10.0,5.0,,,,,8.0,6.0,4.0,,,,,,10.0,2.0,3.0,5.0,,4.0,,3.0,2.0,,,10.0,2.0,4.0,8.0,,5.0,,4.0,8.0,3.0,5.0,1.0,10.0,5.0,3.0,,,8.0,2.0,7,10.0,10,1
2007-12-05,80517,,11,3,6020.0,14528210,CRRB,CARROLLTON BANCORP,CRRB,551111.0,Q,A,R,13085,3,6020.0,,,,60.0,602.0,,,,,,,14.5,0.00346,2835.0,1.0,14.25,41107.5,CRRB,10.0,,,,,10,1.0,10.0,5.0,,,,,8.0,6.0,4.0,,,,,,10.0,2.0,3.0,5.0,,4.0,,3.0,2.0,,,10.0,2.0,4.0,8.0,,5.0,,4.0,8.0,3.0,5.0,1.0,10.0,5.0,3.0,,,8.0,2.0,7,10.0,10,1
2007-12-06,80517,,11,3,6020.0,14528210,CRRB,CARROLLTON BANCORP,CRRB,551111.0,Q,A,R,13085,3,6020.0,,,,60.0,602.0,,,,,,,13.55,-0.065517,2835.0,1.0,13.0,38414.25,CRRB,10.0,,,,,10,1.0,10.0,5.0,,,,,8.0,6.0,4.0,,,,,,10.0,2.0,3.0,5.0,,4.0,,3.0,2.0,,,10.0,2.0,4.0,8.0,,5.0,,4.0,8.0,3.0,5.0,1.0,10.0,5.0,3.0,,,8.0,2.0,7,10.0,10,1
2007-12-07,80517,,11,3,6020.0,14528210,CRRB,CARROLLTON BANCORP,CRRB,551111.0,Q,A,R,13085,3,6020.0,,,,60.0,602.0,,,,,,,13.655,0.007749,2835.0,1.0,13.655,38711.925,CRRB,10.0,,,,,10,1.0,10.0,5.0,,,,,8.0,6.0,4.0,,,,,,10.0,2.0,3.0,5.0,,4.0,,3.0,2.0,,,10.0,2.0,4.0,8.0,,5.0,,4.0,8.0,3.0,5.0,1.0,10.0,5.0,3.0,,,8.0,2.0,7,10.0,10,1
2007-12-10,80517,,11,3,6020.0,14528210,CRRB,CARROLLTON BANCORP,CRRB,551111.0,Q,A,R,13085,3,6020.0,,,,60.0,602.0,,,,,,,12.86,-0.05822,2835.0,1.0,12.86,36458.1,CRRB,10.0,,,,,10,1.0,10.0,5.0,,,,,8.0,6.0,4.0,,,,,,10.0,2.0,3.0,5.0,,4.0,,3.0,2.0,,,10.0,2.0,4.0,8.0,,5.0,,4.0,8.0,3.0,5.0,1.0,10.0,5.0,3.0,,,8.0,2.0,7,10.0,10,1
2007-12-11,80517,,11,3,6020.0,14528210,CRRB,CARROLLTON BANCORP,CRRB,551111.0,Q,A,R,13085,3,6020.0,,,,60.0,602.0,,,,,,,-13.19,0.025661,2835.0,1.0,,-37393.65,CRRB,10.0,,,,,10,1.0,10.0,5.0,,,,,8.0,6.0,4.0,,,,,,10.0,2.0,3.0,5.0,,4.0,,3.0,2.0,,,10.0,2.0,4.0,8.0,,5.0,,4.0,8.0,3.0,5.0,1.0,10.0,5.0,3.0,,,8.0,2.0,7,10.0,10,1
2007-12-12,80517,,11,3,6020.0,14528210,CRRB,CARROLLTON BANCORP,CRRB,551111.0,Q,A,R,13085,3,6020.0,,,,60.0,602.0,,,,,,,-12.87,-0.024261,2835.0,1.0,,-36486.45,CRRB,10.0,,,,,10,1.0,10.0,5.0,,,,,8.0,6.0,4.0,,,,,,10.0,2.0,3.0,5.0,,4.0,,3.0,2.0,,,10.0,2.0,4.0,8.0,,5.0,,4.0,8.0,3.0,5.0,1.0,10.0,5.0,3.0,,,8.0,2.0,7,10.0,10,1
2007-12-13,80517,,11,3,6020.0,14528210,CRRB,CARROLLTON BANCORP,CRRB,551111.0,Q,A,R,13085,3,6020.0,,,,60.0,602.0,,,,,,,-12.745,-0.009713,2835.0,1.0,,-36132.075,CRRB,10.0,,,,,10,1.0,10.0,5.0,,,,,8.0,6.0,4.0,,,,,,10.0,2.0,3.0,5.0,,4.0,,3.0,2.0,,,10.0,2.0,4.0,8.0,,5.0,,4.0,8.0,3.0,5.0,1.0,10.0,5.0,3.0,,,8.0,2.0,7,10.0,10,1
2007-12-14,80517,,11,3,6020.0,14528210,CRRB,CARROLLTON BANCORP,CRRB,551111.0,Q,A,R,13085,3,6020.0,,,,60.0,602.0,,,,,,,13.99,0.097685,2835.0,1.0,13.99,39661.65,CRRB,10.0,,,,,10,1.0,10.0,5.0,,,,,8.0,6.0,4.0,,,,,,10.0,2.0,3.0,5.0,,4.0,,3.0,2.0,,,10.0,2.0,4.0,8.0,,5.0,,4.0,8.0,3.0,5.0,1.0,10.0,5.0,3.0,,,8.0,2.0,7,10.0,10,1
2007-12-17,80517,,11,3,6020.0,14528210,CRRB,CARROLLTON BANCORP,CRRB,551111.0,Q,A,R,13085,3,6020.0,,,,60.0,602.0,,,,,,,-12.505,-0.106147,2835.0,1.0,,-35451.675,CRRB,10.0,,,,,10,1.0,10.0,5.0,,,,,8.0,6.0,4.0,,,,,,10.0,2.0,3.0,5.0,,4.0,,3.0,2.0,,,10.0,2.0,4.0,8.0,,5.0,,4.0,8.0,3.0,5.0,1.0,10.0,5.0,3.0,,,8.0,2.0,7,10.0,10,1
2007-12-18,80517,,11,3,6020.0,14528210,CRRB,CARROLLTON BANCORP,CRRB,551111.0,Q,A,R,13085,3,6020.0,,,,60.0,602.0,,,,,,,11.55,-0.076369,2835.0,1.0,11.58,32744.25,CRRB,10.0,,,,,10,1.0,10.0,5.0,,,,,8.0,6.0,4.0,,,,,,10.0,2.0,3.0,5.0,,4.0,,3.0,2.0,,,10.0,2.0,4.0,8.0,,5.0,,4.0,8.0,3.0,5.0,1.0,10.0,5.0,3.0,,,8.0,2.0,7,10.0,10,1
2007-12-19,80517,,11,3,6020.0,14528210,CRRB,CARROLLTON BANCORP,CRRB,551111.0,Q,A,R,13085,3,6020.0,,,,60.0,602.0,,,,,,,12.94,0.120346,2835.0,1.0,12.94,36684.9,CRRB,10.0,,,,,10,1.0,10.0,5.0,,,,,8.0,6.0,4.0,,,,,,10.0,2.0,3.0,5.0,,4.0,,3.0,2.0,,,10.0,2.0,4.0,8.0,,5.0,,4.0,8.0,3.0,5.0,1.0,10.0,5.0,3.0,,,8.0,2.0,7,10.0,10,1
2007-12-20,80517,,11,3,6020.0,14528210,CRRB,CARROLLTON BANCORP,CRRB,551111.0,Q,A,R,13085,3,6020.0,,,,60.0,602.0,,,,,,,13.0,0.004637,2835.0,1.0,13.0,36855.0,CRRB,10.0,,,,,10,1.0,10.0,5.0,,,,,8.0,6.0,4.0,,,,,,10.0,2.0,3.0,5.0,,4.0,,3.0,2.0,,,10.0,2.0,4.0,8.0,,5.0,,4.0,8.0,3.0,5.0,1.0,10.0,5.0,3.0,,,8.0,2.0,7,10.0,10,1
2007-12-21,80517,,11,3,6020.0,14528210,CRRB,CARROLLTON BANCORP,CRRB,551111.0,Q,A,R,13085,3,6020.0,,,,60.0,602.0,,,,,,,-12.435,-0.043462,2835.0,1.0,,-35253.225,CRRB,10.0,,,,,10,1.0,10.0,5.0,,,,,8.0,6.0,4.0,,,,,,10.0,2.0,3.0,5.0,,4.0,,3.0,2.0,,,10.0,2.0,4.0,8.0,,5.0,,4.0,8.0,3.0,5.0,1.0,10.0,5.0,3.0,,,8.0,2.0,7,10.0,10,1
2007-12-24,80517,,11,3,6020.0,14528210,CRRB,CARROLLTON BANCORP,CRRB,551111.0,Q,A,R,13085,3,6020.0,,,,60.0,602.0,,,,,,,13.0,0.045436,2835.0,1.0,13.0,36855.0,CRRB,10.0,,,,,10,1.0,10.0,5.0,,,,,8.0,6.0,4.0,,,,,,10.0,2.0,3.0,5.0,,4.0,,3.0,2.0,,,10.0,2.0,4.0,8.0,,5.0,,4.0,8.0,3.0,5.0,1.0,10.0,5.0,3.0,,,8.0,2.0,7,10.0,10,1
2007-12-26,80517,,11,3,6020.0,14528210,CRRB,CARROLLTON BANCORP,CRRB,551111.0,Q,A,R,13085,3,6020.0,,,,60.0,602.0,,,,,,,11.5101,-0.114608,2835.0,1.0,11.5,32631.1335,CRRB,10.0,,,,,10,1.0,10.0,5.0,,,,,8.0,6.0,4.0,,,,,,10.0,2.0,3.0,5.0,,4.0,,3.0,2.0,,,10.0,2.0,4.0,8.0,,5.0,,4.0,8.0,3.0,5.0,1.0,10.0,5.0,3.0,,,8.0,2.0,7,10.0,10,1
2007-12-27,80517,,11,3,6020.0,14528210,CRRB,CARROLLTON BANCORP,CRRB,551111.0,Q,A,R,13085,3,6020.0,,,,60.0,602.0,,,,,,,13.99,0.215454,2835.0,1.0,13.99,39661.65,CRRB,10.0,,,,,10,1.0,10.0,5.0,,,,,8.0,6.0,4.0,,,,,,10.0,2.0,3.0,5.0,,4.0,,3.0,2.0,,,10.0,2.0,4.0,8.0,,5.0,,4.0,8.0,3.0,5.0,1.0,10.0,5.0,3.0,,,8.0,2.0,7,10.0,10,1
2007-12-28,80517,,11,3,6020.0,14528210,CRRB,CARROLLTON BANCORP,CRRB,551111.0,Q,A,R,13085,3,6020.0,,,,60.0,602.0,,,,,,,12.66,-0.095068,2835.0,1.0,11.88,35891.1,CRRB,10.0,,,,,10,1.0,10.0,5.0,,,,,8.0,6.0,4.0,,,,,,10.0,2.0,3.0,5.0,,4.0,,3.0,2.0,,,10.0,2.0,4.0,8.0,,5.0,,4.0,8.0,3.0,5.0,1.0,10.0,5.0,3.0,,,8.0,2.0,7,10.0,10,1
2007-12-31,80517,,11,3,6020.0,14528210,CRRB,CARROLLTON BANCORP,CRRB,551111.0,Q,A,R,13085,3,6020.0,,,,60.0,602.0,,,,,,,13.93,0.100316,2835.0,1.0,13.93,39491.55,CRRB,10.0,,,,,10,1.0,10.0,5.0,,,,,8.0,6.0,4.0,,,,,,10.0,2.0,3.0,5.0,,4.0,,3.0,2.0,,,10.0,2.0,4.0,8.0,,5.0,,4.0,8.0,3.0,5.0,1.0,10.0,5.0,3.0,,,8.0,2.0,7,10.0,10,1
2008-01-02,80517,,11,3,6020.0,14528210,CRRB,CARROLLTON BANCORP,CRRB,551111.0,Q,A,R,13085,3,6020.0,,,,60.0,602.0,,,,,,,14.0,0.005025,2835.0,1.0,14.0,39690.0,CRRB,10.0,,,,,10,1.0,10.0,5.0,,,,,8.0,6.0,4.0,,,,,,10.0,2.0,3.0,5.0,,4.0,,3.0,2.0,,,10.0,3.0,8.0,8.0,,4.0,,4.0,9.0,3.0,2.0,1.0,10.0,2.0,1.0,,,7.0,2.0,7,10.0,10,1
2008-01-03,80517,,11,3,6020.0,14528210,CRRB,CARROLLTON BANCORP,CRRB,551111.0,Q,A,R,13085,3,6020.0,,,,60.0,602.0,,,,,,,12.65,-0.096429,2835.0,1.0,13.28,35862.75,CRRB,10.0,,,,,10,1.0,10.0,5.0,,,,,8.0,6.0,4.0,,,,,,10.0,2.0,3.0,5.0,,4.0,,3.0,2.0,,,10.0,3.0,8.0,8.0,,4.0,,4.0,9.0,3.0,2.0,1.0,10.0,2.0,1.0,,,7.0,2.0,7,10.0,10,1
2008-01-04,80517,,11,3,6020.0,14528210,CRRB,CARROLLTON BANCORP,CRRB,551111.0,Q,A,R,13085,3,6020.0,,,,60.0,602.0,,,,,,,14.48,0.144664,2835.0,1.0,14.49,41050.8,CRRB,10.0,,,,,10,1.0,10.0,5.0,,,,,8.0,6.0,4.0,,,,,,10.0,2.0,3.0,5.0,,4.0,,3.0,2.0,,,10.0,3.0,8.0,8.0,,4.0,,4.0,9.0,3.0,2.0,1.0,10.0,2.0,1.0,,,7.0,2.0,7,10.0,10,1
2008-01-07,80517,,11,3,6020.0,14528210,CRRB,CARROLLTON BANCORP,CRRB,551111.0,Q,A,R,13085,3,6020.0,,,,60.0,602.0,,,,,,,14.41,-0.004834,2835.0,1.0,14.47,40852.35,CRRB,10.0,,,,,10,1.0,10.0,5.0,,,,,8.0,6.0,4.0,,,,,,10.0,2.0,3.0,5.0,,4.0,,3.0,2.0,,,10.0,3.0,8.0,8.0,,4.0,,4.0,9.0,3.0,2.0,1.0,10.0,2.0,1.0,,,7.0,2.0,7,10.0,10,1
2008-01-08,80517,,11,3,6020.0,14528210,CRRB,CARROLLTON BANCORP,CRRB,551111.0,Q,A,R,13085,3,6020.0,,,,60.0,602.0,,,,,,,13.51,-0.062457,2835.0,1.0,13.0,38300.85,CRRB,10.0,,,,,10,1.0,10.0,5.0,,,,,8.0,6.0,4.0,,,,,,10.0,2.0,3.0,5.0,,4.0,,3.0,2.0,,,10.0,3.0,8.0,8.0,,4.0,,4.0,9.0,3.0,2.0,1.0,10.0,2.0,1.0,,,7.0,2.0,7,10.0,10,1
2008-01-09,80517,,11,3,6020.0,14528210,CRRB,CARROLLTON BANCORP,CRRB,551111.0,Q,A,R,13085,3,6020.0,,,,60.0,602.0,,,,,,,-13.87,0.026647,2835.0,1.0,,-39321.45,CRRB,10.0,,,,,10,1.0,10.0,5.0,,,,,8.0,6.0,4.0,,,,,,10.0,2.0,3.0,5.0,,4.0,,3.0,2.0,,,10.0,3.0,8.0,8.0,,4.0,,4.0,9.0,3.0,2.0,1.0,10.0,2.0,1.0,,,7.0,2.0,7,10.0,10,1
2008-01-10,80517,,11,3,6020.0,14528210,CRRB,CARROLLTON BANCORP,CRRB,551111.0,Q,A,R,13085,3,6020.0,,,,60.0,602.0,,,,,,,13.41,-0.033165,2835.0,1.0,13.48,38017.35,CRRB,10.0,,,,,10,1.0,10.0,5.0,,,,,8.0,6.0,4.0,,,,,,10.0,2.0,3.0,5.0,,4.0,,3.0,2.0,,,10.0,3.0,8.0,8.0,,4.0,,4.0,9.0,3.0,2.0,1.0,10.0,2.0,1.0,,,7.0,2.0,7,10.0,10,1
2008-01-11,80517,,11,3,6020.0,14528210,CRRB,CARROLLTON BANCORP,CRRB,551111.0,Q,A,R,13085,3,6020.0,,,,60.0,602.0,,,,,,,-13.055,-0.026473,2835.0,1.0,,-37010.925,CRRB,10.0,,,,,10,1.0,10.0,5.0,,,,,8.0,6.0,4.0,,,,,,10.0,2.0,3.0,5.0,,4.0,,3.0,2.0,,,10.0,3.0,8.0,8.0,,4.0,,4.0,9.0,3.0,2.0,1.0,10.0,2.0,1.0,,,7.0,2.0,7,10.0,10,1
2008-01-14,80517,,11,3,6020.0,14528210,CRRB,CARROLLTON BANCORP,CRRB,551111.0,Q,A,R,13085,3,6020.0,,,,60.0,602.0,,,,,,,-12.5,-0.042512,2835.0,1.0,,-35437.5,CRRB,10.0,,,,,10,1.0,10.0,5.0,,,,,8.0,6.0,4.0,,,,,,10.0,2.0,3.0,5.0,,4.0,,3.0,2.0,,,10.0,3.0,8.0,8.0,,4.0,,4.0,9.0,3.0,2.0,1.0,10.0,2.0,1.0,,,7.0,2.0,7,10.0,10,1
2008-01-15,80517,,11,3,6020.0,14528210,CRRB,CARROLLTON BANCORP,CRRB,551111.0,Q,A,R,13085,3,6020.0,,,,60.0,602.0,,,,,,,12.05,-0.036,2835.0,1.0,12.05,34161.75,CRRB,10.0,,,,,10,1.0,10.0,5.0,,,,,8.0,6.0,4.0,,,,,,10.0,2.0,3.0,5.0,,4.0,,3.0,2.0,,,10.0,3.0,8.0,8.0,,4.0,,4.0,9.0,3.0,2.0,1.0,10.0,2.0,1.0,,,7.0,2.0,7,10.0,10,1
2008-01-16,80517,,11,3,6020.0,14528210,CRRB,CARROLLTON BANCORP,CRRB,551111.0,Q,A,R,13085,3,6020.0,,,,60.0,602.0,,,,,,,12.9,0.070539,2835.0,1.0,12.9,36571.5,CRRB,10.0,,,,,10,1.0,10.0,5.0,,,,,8.0,6.0,4.0,,,,,,10.0,2.0,3.0,5.0,,4.0,,3.0,2.0,,,10.0,3.0,8.0,8.0,,4.0,,4.0,9.0,3.0,2.0,1.0,10.0,2.0,1.0,,,7.0,2.0,7,10.0,10,1
2008-01-17,80517,,11,3,6020.0,14528210,CRRB,CARROLLTON BANCORP,CRRB,551111.0,Q,A,R,13085,3,6020.0,,,,60.0,602.0,,,,,,,12.08,-0.063566,2835.0,1.0,12.05,34246.8,CRRB,10.0,,,,,10,1.0,10.0,5.0,,,,,8.0,6.0,4.0,,,,,,10.0,2.0,3.0,5.0,,4.0,,3.0,2.0,,,10.0,3.0,8.0,8.0,,4.0,,4.0,9.0,3.0,2.0,1.0,10.0,2.0,1.0,,,7.0,2.0,7,10.0,10,1
2008-01-18,80517,,11,3,6020.0,14528210,CRRB,CARROLLTON BANCORP,CRRB,551111.0,Q,A,R,13085,3,6020.0,,,,60.0,602.0,,,,,,,12.99,0.075331,2835.0,1.0,12.0,36826.65,CRRB,10.0,,,,,10,1.0,10.0,5.0,,,,,8.0,6.0,4.0,,,,,,10.0,2.0,3.0,5.0,,4.0,,3.0,2.0,,,10.0,3.0,8.0,8.0,,4.0,,4.0,9.0,3.0,2.0,1.0,10.0,2.0,1.0,,,7.0,2.0,7,10.0,10,1
2008-01-22,80517,,11,3,6020.0,14528210,CRRB,CARROLLTON BANCORP,CRRB,551111.0,Q,A,R,13085,3,6020.0,,,,60.0,602.0,,,,,,,12.5,-0.037721,2835.0,1.0,12.5,35437.5,CRRB,10.0,,,,,10,1.0,10.0,5.0,,,,,8.0,6.0,4.0,,,,,,10.0,2.0,3.0,5.0,,4.0,,3.0,2.0,,,10.0,3.0,8.0,8.0,,4.0,,4.0,9.0,3.0,2.0,1.0,10.0,2.0,1.0,,,7.0,2.0,7,10.0,10,1
2008-01-23,80517,,11,3,6020.0,14528210,CRRB,CARROLLTON BANCORP,CRRB,551111.0,Q,A,R,13085,3,6020.0,,,,60.0,602.0,,,,,,,-12.38,-0.0096,2835.0,1.0,,-35097.3,CRRB,10.0,,,,,10,1.0,10.0,5.0,,,,,8.0,6.0,4.0,,,,,,10.0,2.0,3.0,5.0,,4.0,,3.0,2.0,,,10.0,3.0,8.0,8.0,,4.0,,4.0,9.0,3.0,2.0,1.0,10.0,2.0,1.0,,,7.0,2.0,7,10.0,10,1
2008-01-24,80517,,11,3,6020.0,14528210,CRRB,CARROLLTON BANCORP,CRRB,551111.0,Q,A,R,13085,3,6020.0,,,,60.0,602.0,,,,,,,12.0,-0.030695,2835.0,1.0,12.03,34020.0,CRRB,10.0,,,,,10,1.0,10.0,5.0,,,,,8.0,6.0,4.0,,,,,,10.0,2.0,3.0,5.0,,4.0,,3.0,2.0,,,10.0,3.0,8.0,8.0,,4.0,,4.0,9.0,3.0,2.0,1.0,10.0,2.0,1.0,,,7.0,2.0,7,10.0,10,1
2008-01-25,80517,,11,3,6020.0,14528210,CRRB,CARROLLTON BANCORP,CRRB,551111.0,Q,A,R,13085,3,6020.0,,,,60.0,602.0,,,,,,,13.0,0.083333,2835.0,1.0,12.0,36855.0,CRRB,10.0,,,,,10,1.0,10.0,5.0,,,,,8.0,6.0,4.0,,,,,,10.0,2.0,3.0,5.0,,4.0,,3.0,2.0,,,10.0,3.0,8.0,8.0,,4.0,,4.0,9.0,3.0,2.0,1.0,10.0,2.0,1.0,,,7.0,2.0,7,10.0,10,1
2008-01-28,80517,,11,3,6020.0,14528210,CRRB,CARROLLTON BANCORP,CRRB,551111.0,Q,A,R,13085,3,6020.0,,,,60.0,602.0,,,,,,,14.0,0.076923,2835.0,1.0,14.0,39690.0,CRRB,10.0,,,,,10,1.0,10.0,5.0,,,,,8.0,6.0,4.0,,,,,,10.0,2.0,3.0,5.0,,4.0,,3.0,2.0,,,10.0,3.0,8.0,8.0,,4.0,,4.0,9.0,3.0,2.0,1.0,10.0,2.0,1.0,,,7.0,2.0,7,10.0,10,1
2008-01-29,80517,,11,3,6020.0,14528210,CRRB,CARROLLTON BANCORP,CRRB,551111.0,Q,A,R,13085,3,6020.0,,,,60.0,602.0,,,,,,,14.5,0.035714,2835.0,1.0,14.0,41107.5,CRRB,10.0,,,,,10,1.0,10.0,5.0,,,,,8.0,6.0,4.0,,,,,,10.0,2.0,3.0,5.0,,4.0,,3.0,2.0,,,10.0,3.0,8.0,8.0,,4.0,,4.0,9.0,3.0,2.0,1.0,10.0,2.0,1.0,,,7.0,2.0,7,10.0,10,1
2008-01-30,80517,,11,3,6020.0,14528210,CRRB,CARROLLTON BANCORP,CRRB,551111.0,Q,A,R,13085,3,6020.0,,,,60.0,602.0,,,,,,,14.54,0.002759,2835.0,1.0,14.5,41220.9,CRRB,10.0,,,,,10,1.0,10.0,5.0,,,,,8.0,6.0,4.0,,,,,,10.0,2.0,3.0,5.0,,4.0,,3.0,2.0,,,10.0,3.0,8.0,8.0,,4.0,,4.0,9.0,3.0,2.0,1.0,10.0,2.0,1.0,,,7.0,2.0,7,10.0,10,1
2008-01-31,80517,,11,3,6020.0,14528210,CRRB,CARROLLTON BANCORP,CRRB,551111.0,Q,A,R,13085,3,6020.0,,,,60.0,602.0,,,,,,,14.5,-0.002751,2835.0,1.0,14.5,41107.5,CRRB,10.0,,,,,10,1.0,10.0,5.0,,,,,8.0,6.0,4.0,,,,,,10.0,2.0,3.0,5.0,,4.0,,3.0,2.0,,,10.0,3.0,8.0,8.0,,4.0,,4.0,9.0,3.0,2.0,1.0,10.0,2.0,1.0,,,7.0,2.0,7,10.0,10,1
2008-02-01,80517,,11,3,6020.0,14528210,CRRB,CARROLLTON BANCORP,CRRB,551111.0,Q,A,R,13085,3,6020.0,,,,60.0,602.0,,,,,,,-14.25,-0.017241,2835.0,1.0,,-40398.75,CRRB,10.0,,,,,10,1.0,10.0,5.0,,,,,8.0,6.0,4.0,,,,,,10.0,2.0,3.0,5.0,,4.0,,4.0,2.0,,,10.0,4.0,8.0,9.0,,4.0,,3.0,3.0,2.0,2.0,1.0,10.0,6.0,6.0,,,9.0,3.0,7,10.0,10,1
2008-02-04,80517,,11,3,6020.0,14528210,CRRB,CARROLLTON BANCORP,CRRB,551111.0,Q,A,R,13085,3,6020.0,,,,60.0,602.0,,,,,,,14.5,0.017544,2835.0,1.0,14.5,41107.5,CRRB,10.0,,,,,10,1.0,10.0,5.0,,,,,8.0,6.0,4.0,,,,,,10.0,2.0,3.0,5.0,,4.0,,4.0,2.0,,,10.0,4.0,8.0,9.0,,4.0,,3.0,3.0,2.0,2.0,1.0,10.0,6.0,6.0,,,9.0,3.0,7,10.0,10,1
2008-02-05,80517,,11,3,6020.0,14528210,CRRB,CARROLLTON BANCORP,CRRB,551111.0,Q,A,R,13085,3,6020.0,,,,60.0,602.0,,,,,,,14.5,0.0,2835.0,1.0,14.5,41107.5,CRRB,10.0,,,,,10,1.0,10.0,5.0,,,,,8.0,6.0,4.0,,,,,,10.0,2.0,3.0,5.0,,4.0,,4.0,2.0,,,10.0,4.0,8.0,9.0,,4.0,,3.0,3.0,2.0,2.0,1.0,10.0,6.0,6.0,,,9.0,3.0,7,10.0,10,1
2008-02-06,80517,,11,3,6020.0,14528210,CRRB,CARROLLTON BANCORP,CRRB,551111.0,Q,A,R,13085,3,6020.0,,,,60.0,602.0,,,,,,,14.6,0.006897,2835.0,1.0,14.25,41391.0,CRRB,10.0,,,,,10,1.0,10.0,5.0,,,,,8.0,6.0,4.0,,,,,,10.0,2.0,3.0,5.0,,4.0,,4.0,2.0,,,10.0,4.0,8.0,9.0,,4.0,,3.0,3.0,2.0,2.0,1.0,10.0,6.0,6.0,,,9.0,3.0,7,10.0,10,1
2008-02-07,80517,,11,3,6020.0,14528210,CRRB,CARROLLTON BANCORP,CRRB,551111.0,Q,A,R,13085,3,6020.0,,,,60.0,602.0,,,,,,,14.5,-0.006849,2835.0,1.0,14.5,41107.5,CRRB,10.0,,,,,10,1.0,10.0,5.0,,,,,8.0,6.0,4.0,,,,,,10.0,2.0,3.0,5.0,,4.0,,4.0,2.0,,,10.0,4.0,8.0,9.0,,4.0,,3.0,3.0,2.0,2.0,1.0,10.0,6.0,6.0,,,9.0,3.0,7,10.0,10,1
2008-02-08,80517,,11,3,6020.0,14528210,CRRB,CARROLLTON BANCORP,CRRB,551111.0,Q,A,R,13085,3,6020.0,,,,60.0,602.0,,,,,,,15.0,0.034483,2835.0,1.0,14.6,42525.0,CRRB,10.0,,,,,10,1.0,10.0,5.0,,,,,8.0,6.0,4.0,,,,,,10.0,2.0,3.0,5.0,,4.0,,4.0,2.0,,,10.0,4.0,8.0,9.0,,4.0,,3.0,3.0,2.0,2.0,1.0,10.0,6.0,6.0,,,9.0,3.0,7,10.0,10,1
2008-02-11,80517,,11,3,6020.0,14528210,CRRB,CARROLLTON BANCORP,CRRB,551111.0,Q,A,R,13085,3,6020.0,,,,60.0,602.0,,,,,,,14.6,-0.026667,2835.0,1.0,14.5,41391.0,CRRB,10.0,,,,,10,1.0,10.0,5.0,,,,,8.0,6.0,4.0,,,,,,10.0,2.0,3.0,5.0,,4.0,,4.0,2.0,,,10.0,4.0,8.0,9.0,,4.0,,3.0,3.0,2.0,2.0,1.0,10.0,6.0,6.0,,,9.0,3.0,7,10.0,10,1
2008-02-12,80517,,11,3,6020.0,14528210,CRRB,CARROLLTON BANCORP,CRRB,551111.0,Q,A,R,13085,3,6020.0,,,,60.0,602.0,,,,,,,14.82,0.015068,2835.0,1.0,14.76,42014.7,CRRB,10.0,,,,,10,1.0,10.0,5.0,,,,,8.0,6.0,4.0,,,,,,10.0,2.0,3.0,5.0,,4.0,,4.0,2.0,,,10.0,4.0,8.0,9.0,,4.0,,3.0,3.0,2.0,2.0,1.0,10.0,6.0,6.0,,,9.0,3.0,7,10.0,10,1
2008-02-13,80517,,11,3,6020.0,14528210,CRRB,CARROLLTON BANCORP,CRRB,551111.0,Q,A,R,13085,3,6020.0,,,,60.0,602.0,1232.0,0.12,0.0,,,,13.2024,-0.101053,2835.0,1.0,13.2024,37428.804,CRRB,10.0,,,,,10,1.0,10.0,5.0,,,,,8.0,6.0,4.0,,,,,,10.0,2.0,3.0,5.0,,4.0,,4.0,2.0,,,10.0,4.0,8.0,9.0,,4.0,,3.0,3.0,2.0,2.0,1.0,10.0,6.0,6.0,,,9.0,3.0,7,10.0,10,1
2008-02-14,80517,,11,3,6020.0,14528210,CRRB,CARROLLTON BANCORP,CRRB,551111.0,Q,A,R,13085,3,6020.0,,,,60.0,602.0,,,,,,,-13.465,0.01989,2835.0,1.0,,-38173.275,CRRB,10.0,,,,,10,1.0,10.0,5.0,,,,,8.0,6.0,4.0,,,,,,10.0,2.0,3.0,5.0,,4.0,,4.0,2.0,,,10.0,4.0,8.0,9.0,,4.0,,3.0,3.0,2.0,2.0,1.0,10.0,6.0,6.0,,,9.0,3.0,7,10.0,10,1
2008-02-15,80517,,11,3,6020.0,14528210,CRRB,CARROLLTON BANCORP,CRRB,551111.0,Q,A,R,13085,3,6020.0,,,,60.0,602.0,,,,,,,12.07,-0.103602,2835.0,1.0,12.05,34218.45,CRRB,10.0,,,,,10,1.0,10.0,5.0,,,,,8.0,6.0,4.0,,,,,,10.0,2.0,3.0,5.0,,4.0,,4.0,2.0,,,10.0,4.0,8.0,9.0,,4.0,,3.0,3.0,2.0,2.0,1.0,10.0,6.0,6.0,,,9.0,3.0,7,10.0,10,1
2008-02-19,80517,,11,3,6020.0,14528210,CRRB,CARROLLTON BANCORP,CRRB,551111.0,Q,A,R,13085,3,6020.0,,,,60.0,602.0,,,,,,,12.0,-0.005799,2835.0,1.0,12.0,34020.0,CRRB,10.0,,,,,10,1.0,10.0,5.0,,,,,8.0,6.0,4.0,,,,,,10.0,2.0,3.0,5.0,,4.0,,4.0,2.0,,,10.0,4.0,8.0,9.0,,4.0,,3.0,3.0,2.0,2.0,1.0,10.0,6.0,6.0,,,9.0,3.0,7,10.0,10,1
2008-02-20,80517,,11,3,6020.0,14528210,CRRB,CARROLLTON BANCORP,CRRB,551111.0,Q,A,R,13085,3,6020.0,,,,60.0,602.0,,,,,,,12.0,0.0,2835.0,1.0,12.0,34020.0,CRRB,10.0,,,,,10,1.0,10.0,5.0,,,,,8.0,6.0,4.0,,,,,,10.0,2.0,3.0,5.0,,4.0,,4.0,2.0,,,10.0,4.0,8.0,9.0,,4.0,,3.0,3.0,2.0,2.0,1.0,10.0,6.0,6.0,,,9.0,3.0,7,10.0,10,1
2008-02-21,80517,,11,3,6020.0,14528210,CRRB,CARROLLTON BANCORP,CRRB,551111.0,Q,A,R,13085,3,6020.0,,,,60.0,602.0,,,,,,,-13.0,0.083333,2835.0,1.0,,-36855.0,CRRB,10.0,,,,,10,1.0,10.0,5.0,,,,,8.0,6.0,4.0,,,,,,10.0,2.0,3.0,5.0,,4.0,,4.0,2.0,,,10.0,4.0,8.0,9.0,,4.0,,3.0,3.0,2.0,2.0,1.0,10.0,6.0,6.0,,,9.0,3.0,7,10.0,10,1
2008-02-22,80517,,11,3,6020.0,14528210,CRRB,CARROLLTON BANCORP,CRRB,551111.0,Q,A,R,13085,3,6020.0,,,,60.0,602.0,,,,,,,-13.0,0.0,2835.0,1.0,,-36855.0,CRRB,10.0,,,,,10,1.0,10.0,5.0,,,,,8.0,6.0,4.0,,,,,,10.0,2.0,3.0,5.0,,4.0,,4.0,2.0,,,10.0,4.0,8.0,9.0,,4.0,,3.0,3.0,2.0,2.0,1.0,10.0,6.0,6.0,,,9.0,3.0,7,10.0,10,1
2008-02-25,80517,,11,3,6020.0,14528210,CRRB,CARROLLTON BANCORP,CRRB,551111.0,Q,A,R,13085,3,6020.0,,,,60.0,602.0,,,,,,,-13.54,0.041538,2835.0,1.0,,-38385.9,CRRB,10.0,,,,,10,1.0,10.0,5.0,,,,,8.0,6.0,4.0,,,,,,10.0,2.0,3.0,5.0,,4.0,,4.0,2.0,,,10.0,4.0,8.0,9.0,,4.0,,3.0,3.0,2.0,2.0,1.0,10.0,6.0,6.0,,,9.0,3.0,7,10.0,10,1
2008-02-26,80517,,11,3,6020.0,14528210,CRRB,CARROLLTON BANCORP,CRRB,551111.0,Q,A,R,13085,3,6020.0,,,,60.0,602.0,,,,,,,14.0,0.033973,2835.0,1.0,13.84,39690.0,CRRB,10.0,,,,,10,1.0,10.0,5.0,,,,,8.0,6.0,4.0,,,,,,10.0,2.0,3.0,5.0,,4.0,,4.0,2.0,,,10.0,4.0,8.0,9.0,,4.0,,3.0,3.0,2.0,2.0,1.0,10.0,6.0,6.0,,,9.0,3.0,7,10.0,10,1
2008-02-27,80517,,11,3,6020.0,14528210,CRRB,CARROLLTON BANCORP,CRRB,551111.0,Q,A,R,13085,3,6020.0,,,,60.0,602.0,,,,,,,13.11,-0.063571,2835.0,1.0,13.01,37166.85,CRRB,10.0,,,,,10,1.0,10.0,5.0,,,,,8.0,6.0,4.0,,,,,,10.0,2.0,3.0,5.0,,4.0,,4.0,2.0,,,10.0,4.0,8.0,9.0,,4.0,,3.0,3.0,2.0,2.0,1.0,10.0,6.0,6.0,,,9.0,3.0,7,10.0,10,1
2008-02-28,80517,,11,3,6020.0,14528210,CRRB,CARROLLTON BANCORP,CRRB,551111.0,Q,A,R,13085,3,6020.0,,,,60.0,602.0,,,,,,,-13.5,0.029748,2835.0,1.0,,-38272.5,CRRB,10.0,,,,,10,1.0,10.0,5.0,,,,,8.0,6.0,4.0,,,,,,10.0,2.0,3.0,5.0,,4.0,,4.0,2.0,,,10.0,4.0,8.0,9.0,,4.0,,3.0,3.0,2.0,2.0,1.0,10.0,6.0,6.0,,,9.0,3.0,7,10.0,10,1
2008-02-29,80517,,11,3,6020.0,14528210,CRRB,CARROLLTON BANCORP,CRRB,551111.0,Q,A,R,13085,3,6020.0,,,,60.0,602.0,,,,,,,-13.425,-0.005556,2835.0,1.0,,-38059.875,CRRB,10.0,,,,,10,1.0,10.0,5.0,,,,,8.0,6.0,4.0,,,,,,10.0,2.0,3.0,5.0,,4.0,,4.0,2.0,,,10.0,4.0,8.0,9.0,,4.0,,3.0,3.0,2.0,2.0,1.0,10.0,6.0,6.0,,,9.0,3.0,7,10.0,10,1
2008-03-03,80517,,11,3,6020.0,14528210,CRRB,CARROLLTON BANCORP,CRRB,551111.0,Q,A,R,13085,3,6020.0,,,,60.0,602.0,,,,,,,13.28,-0.010801,2835.0,1.0,13.78,37648.8,CRRB,10.0,,,,,10,1.0,10.0,5.0,,,,,8.0,6.0,4.0,,,,,,10.0,2.0,3.0,5.0,,4.0,,8.0,1.0,,,10.0,5.0,9.0,9.0,,4.0,,3.0,3.0,2.0,7.0,1.0,10.0,9.0,3.0,,,9.0,3.0,7,10.0,10,1
2008-03-04,80517,,11,3,6020.0,14528210,CRRB,CARROLLTON BANCORP,CRRB,551111.0,Q,A,R,13085,3,6020.0,,,,60.0,602.0,,,,,,,13.3,0.001506,2835.0,1.0,14.0,37705.5,CRRB,10.0,,,,,10,1.0,10.0,5.0,,,,,8.0,6.0,4.0,,,,,,10.0,2.0,3.0,5.0,,4.0,,8.0,1.0,,,10.0,5.0,9.0,9.0,,4.0,,3.0,3.0,2.0,7.0,1.0,10.0,9.0,3.0,,,9.0,3.0,7,10.0,10,1
2008-03-05,80517,,11,3,6020.0,14528210,CRRB,CARROLLTON BANCORP,CRRB,551111.0,Q,A,R,13085,3,6020.0,,,,60.0,602.0,,,,,,,-13.5,0.015038,2835.0,1.0,,-38272.5,CRRB,10.0,,,,,10,1.0,10.0,5.0,,,,,8.0,6.0,4.0,,,,,,10.0,2.0,3.0,5.0,,4.0,,8.0,1.0,,,10.0,5.0,9.0,9.0,,4.0,,3.0,3.0,2.0,7.0,1.0,10.0,9.0,3.0,,,9.0,3.0,7,10.0,10,1
2008-03-06,80517,,11,3,6020.0,14528210,CRRB,CARROLLTON BANCORP,CRRB,551111.0,Q,A,R,13085,3,6020.0,,,,60.0,602.0,,,,,,,-13.5,0.0,2835.0,1.0,,-38272.5,CRRB,10.0,,,,,10,1.0,10.0,5.0,,,,,8.0,6.0,4.0,,,,,,10.0,2.0,3.0,5.0,,4.0,,8.0,1.0,,,10.0,5.0,9.0,9.0,,4.0,,3.0,3.0,2.0,7.0,1.0,10.0,9.0,3.0,,,9.0,3.0,7,10.0,10,1
2008-03-07,80517,,11,3,6020.0,14528210,CRRB,CARROLLTON BANCORP,CRRB,551111.0,Q,A,R,13085,3,6020.0,,,,60.0,602.0,,,,,,,13.0,-0.037037,2835.0,1.0,13.0,36855.0,CRRB,10.0,,,,,10,1.0,10.0,5.0,,,,,8.0,6.0,4.0,,,,,,10.0,2.0,3.0,5.0,,4.0,,8.0,1.0,,,10.0,5.0,9.0,9.0,,4.0,,3.0,3.0,2.0,7.0,1.0,10.0,9.0,3.0,,,9.0,3.0,7,10.0,10,1
2008-03-10,80517,,11,3,6020.0,14528210,CRRB,CARROLLTON BANCORP,CRRB,551111.0,Q,A,R,13085,3,6020.0,,,,60.0,602.0,,,,,,,13.1,0.007692,2835.0,1.0,13.1,37138.5,CRRB,10.0,,,,,10,1.0,10.0,5.0,,,,,8.0,6.0,4.0,,,,,,10.0,2.0,3.0,5.0,,4.0,,8.0,1.0,,,10.0,5.0,9.0,9.0,,4.0,,3.0,3.0,2.0,7.0,1.0,10.0,9.0,3.0,,,9.0,3.0,7,10.0,10,1
2008-03-11,80517,,11,3,6020.0,14528210,CRRB,CARROLLTON BANCORP,CRRB,551111.0,Q,A,R,13085,3,6020.0,,,,60.0,602.0,,,,,,,-13.47,0.028244,2835.0,1.0,,-38187.45,CRRB,10.0,,,,,10,1.0,10.0,5.0,,,,,8.0,6.0,4.0,,,,,,10.0,2.0,3.0,5.0,,4.0,,8.0,1.0,,,10.0,5.0,9.0,9.0,,4.0,,3.0,3.0,2.0,7.0,1.0,10.0,9.0,3.0,,,9.0,3.0,7,10.0,10,1
2008-03-12,80517,,11,3,6020.0,14528210,CRRB,CARROLLTON BANCORP,CRRB,551111.0,Q,A,R,13085,3,6020.0,,,,60.0,602.0,,,,,,,-13.455,-0.001114,2835.0,1.0,,-38144.925,CRRB,10.0,,,,,10,1.0,10.0,5.0,,,,,8.0,6.0,4.0,,,,,,10.0,2.0,3.0,5.0,,4.0,,8.0,1.0,,,10.0,5.0,9.0,9.0,,4.0,,3.0,3.0,2.0,7.0,1.0,10.0,9.0,3.0,,,9.0,3.0,7,10.0,10,1
2008-03-13,80517,,11,3,6020.0,14528210,CRRB,CARROLLTON BANCORP,CRRB,551111.0,Q,A,R,13085,3,6020.0,,,,60.0,602.0,,,,,,,13.15,-0.022668,2835.0,1.0,13.18,37280.25,CRRB,10.0,,,,,10,1.0,10.0,5.0,,,,,8.0,6.0,4.0,,,,,,10.0,2.0,3.0,5.0,,4.0,,8.0,1.0,,,10.0,5.0,9.0,9.0,,4.0,,3.0,3.0,2.0,7.0,1.0,10.0,9.0,3.0,,,9.0,3.0,7,10.0,10,1
2008-03-14,80517,,11,3,6020.0,14528210,CRRB,CARROLLTON BANCORP,CRRB,551111.0,Q,A,R,13085,3,6020.0,,,,60.0,602.0,,,,,,,-13.46,0.023574,2835.0,1.0,,-38159.1,CRRB,10.0,,,,,10,1.0,10.0,5.0,,,,,8.0,6.0,4.0,,,,,,10.0,2.0,3.0,5.0,,4.0,,8.0,1.0,,,10.0,5.0,9.0,9.0,,4.0,,3.0,3.0,2.0,7.0,1.0,10.0,9.0,3.0,,,9.0,3.0,7,10.0,10,1
2008-03-17,80517,,11,3,6020.0,14528210,CRRB,CARROLLTON BANCORP,CRRB,551111.0,Q,A,R,13085,3,6020.0,,,,60.0,602.0,,,,,,,-13.46,0.0,2835.0,1.0,,-38159.1,CRRB,10.0,,,,,10,1.0,10.0,5.0,,,,,8.0,6.0,4.0,,,,,,10.0,2.0,3.0,5.0,,4.0,,8.0,1.0,,,10.0,5.0,9.0,9.0,,4.0,,3.0,3.0,2.0,7.0,1.0,10.0,9.0,3.0,,,9.0,3.0,7,10.0,10,1
2008-03-18,80517,,11,3,6020.0,14528210,CRRB,CARROLLTON BANCORP,CRRB,551111.0,Q,A,R,13085,3,6020.0,,,,60.0,602.0,,,,,,,-13.46,0.0,2835.0,1.0,,-38159.1,CRRB,10.0,,,,,10,1.0,10.0,5.0,,,,,8.0,6.0,4.0,,,,,,10.0,2.0,3.0,5.0,,4.0,,8.0,1.0,,,10.0,5.0,9.0,9.0,,4.0,,3.0,3.0,2.0,7.0,1.0,10.0,9.0,3.0,,,9.0,3.0,7,10.0,10,1
2008-03-19,80517,,11,3,6020.0,14528210,CRRB,CARROLLTON BANCORP,CRRB,551111.0,Q,A,R,13085,3,6020.0,,,,60.0,602.0,,,,,,,13.0,-0.034175,2835.0,1.0,13.0,36855.0,CRRB,10.0,,,,,10,1.0,10.0,5.0,,,,,8.0,6.0,4.0,,,,,,10.0,2.0,3.0,5.0,,4.0,,8.0,1.0,,,10.0,5.0,9.0,9.0,,4.0,,3.0,3.0,2.0,7.0,1.0,10.0,9.0,3.0,,,9.0,3.0,7,10.0,10,1
2008-03-20,80517,,11,3,6020.0,14528210,CRRB,CARROLLTON BANCORP,CRRB,551111.0,Q,A,R,13085,3,6020.0,,,,60.0,602.0,,,,,,,13.5,0.038462,2835.0,1.0,13.6,38272.5,CRRB,10.0,,,,,10,1.0,10.0,5.0,,,,,8.0,6.0,4.0,,,,,,10.0,2.0,3.0,5.0,,4.0,,8.0,1.0,,,10.0,5.0,9.0,9.0,,4.0,,3.0,3.0,2.0,7.0,1.0,10.0,9.0,3.0,,,9.0,3.0,7,10.0,10,1
2008-03-24,80517,,11,3,6020.0,14528210,CRRB,CARROLLTON BANCORP,CRRB,551111.0,Q,A,R,13085,3,6020.0,,,,60.0,602.0,,,,,,,13.0,-0.037037,2835.0,1.0,13.0,36855.0,CRRB,10.0,,,,,10,1.0,10.0,5.0,,,,,8.0,6.0,4.0,,,,,,10.0,2.0,3.0,5.0,,4.0,,8.0,1.0,,,10.0,5.0,9.0,9.0,,4.0,,3.0,3.0,2.0,7.0,1.0,10.0,9.0,3.0,,,9.0,3.0,7,10.0,10,1
2008-03-25,80517,,11,3,6020.0,14528210,CRRB,CARROLLTON BANCORP,CRRB,551111.0,Q,A,R,13085,3,6020.0,,,,60.0,602.0,,,,,,,13.15,0.011538,2835.0,1.0,13.0,37280.25,CRRB,10.0,,,,,10,1.0,10.0,5.0,,,,,8.0,6.0,4.0,,,,,,10.0,2.0,3.0,5.0,,4.0,,8.0,1.0,,,10.0,5.0,9.0,9.0,,4.0,,3.0,3.0,2.0,7.0,1.0,10.0,9.0,3.0,,,9.0,3.0,7,10.0,10,1
2008-03-26,80517,,11,3,6020.0,14528210,CRRB,CARROLLTON BANCORP,CRRB,551111.0,Q,A,R,13085,3,6020.0,,,,60.0,602.0,,,,,,,13.0,-0.011407,2835.0,1.0,13.0,36855.0,CRRB,10.0,,,,,10,1.0,10.0,5.0,,,,,8.0,6.0,4.0,,,,,,10.0,2.0,3.0,5.0,,4.0,,8.0,1.0,,,10.0,5.0,9.0,9.0,,4.0,,3.0,3.0,2.0,7.0,1.0,10.0,9.0,3.0,,,9.0,3.0,7,10.0,10,1
2008-03-27,80517,,11,3,6020.0,14528210,CRRB,CARROLLTON BANCORP,CRRB,551111.0,Q,A,R,13085,3,6020.0,,,,60.0,602.0,,,,,,,-13.375,0.028846,2835.0,1.0,,-37918.125,CRRB,10.0,,,,,10,1.0,10.0,5.0,,,,,8.0,6.0,4.0,,,,,,10.0,2.0,3.0,5.0,,4.0,,8.0,1.0,,,10.0,5.0,9.0,9.0,,4.0,,3.0,3.0,2.0,7.0,1.0,10.0,9.0,3.0,,,9.0,3.0,7,10.0,10,1
2008-03-28,80517,,11,3,6020.0,14528210,CRRB,CARROLLTON BANCORP,CRRB,551111.0,Q,A,R,13085,3,6020.0,,,,60.0,602.0,,,,,,,-13.375,0.0,2835.0,1.0,,-37918.125,CRRB,10.0,,,,,10,1.0,10.0,5.0,,,,,8.0,6.0,4.0,,,,,,10.0,2.0,3.0,5.0,,4.0,,8.0,1.0,,,10.0,5.0,9.0,9.0,,4.0,,3.0,3.0,2.0,7.0,1.0,10.0,9.0,3.0,,,9.0,3.0,7,10.0,10,1
2008-03-31,80517,,11,3,6020.0,14528210,CRRB,CARROLLTON BANCORP,CRRB,551111.0,Q,A,R,13085,3,6020.0,,,,60.0,602.0,,,,,,,-13.375,0.0,2635.0,1.0,,-35243.125,CRRB,10.0,,,,,10,1.0,10.0,5.0,,,,,8.0,6.0,4.0,,,,,,10.0,2.0,3.0,5.0,,4.0,,8.0,1.0,,,10.0,5.0,9.0,9.0,,4.0,,3.0,3.0,2.0,7.0,1.0,10.0,9.0,3.0,,,9.0,3.0,7,10.0,10,1
2008-04-01,80517,,11,3,6020.0,14528210,CRRB,CARROLLTON BANCORP,CRRB,551111.0,Q,A,R,13085,3,6020.0,,,,60.0,602.0,,,,,,,-13.375,0.0,2635.0,1.0,,-35243.125,CRRB,10.0,,,,,10,1.0,10.0,5.0,,,,,8.0,6.0,4.0,,,,,,10.0,2.0,3.0,5.0,,4.0,,7.0,1.0,,,10.0,4.0,9.0,9.0,,9.0,,3.0,3.0,2.0,6.0,1.0,10.0,2.0,5.0,,,6.0,3.0,7,10.0,10,1
2008-04-02,80517,,11,3,6020.0,14528210,CRRB,CARROLLTON BANCORP,CRRB,551111.0,Q,A,R,13085,3,6020.0,,,,60.0,602.0,,,,,,,-13.375,0.0,2635.0,1.0,,-35243.125,CRRB,10.0,,,,,10,1.0,10.0,5.0,,,,,8.0,6.0,4.0,,,,,,10.0,2.0,3.0,5.0,,4.0,,7.0,1.0,,,10.0,4.0,9.0,9.0,,9.0,,3.0,3.0,2.0,6.0,1.0,10.0,2.0,5.0,,,6.0,3.0,7,10.0,10,1
2008-04-03,80517,,11,3,6020.0,14528210,CRRB,CARROLLTON BANCORP,CRRB,551111.0,Q,A,R,13085,3,6020.0,,,,60.0,602.0,,,,,,,-13.375,0.0,2635.0,1.0,,-35243.125,CRRB,10.0,,,,,10,1.0,10.0,5.0,,,,,8.0,6.0,4.0,,,,,,10.0,2.0,3.0,5.0,,4.0,,7.0,1.0,,,10.0,4.0,9.0,9.0,,9.0,,3.0,3.0,2.0,6.0,1.0,10.0,2.0,5.0,,,6.0,3.0,7,10.0,10,1
2008-04-04,80517,,11,3,6020.0,14528210,CRRB,CARROLLTON BANCORP,CRRB,551111.0,Q,A,R,13085,3,6020.0,,,,60.0,602.0,,,,,,,-13.375,0.0,2635.0,1.0,,-35243.125,CRRB,10.0,,,,,10,1.0,10.0,5.0,,,,,8.0,6.0,4.0,,,,,,10.0,2.0,3.0,5.0,,4.0,,7.0,1.0,,,10.0,4.0,9.0,9.0,,9.0,,3.0,3.0,2.0,6.0,1.0,10.0,2.0,5.0,,,6.0,3.0,7,10.0,10,1
2008-04-07,80517,,11,3,6020.0,14528210,CRRB,CARROLLTON BANCORP,CRRB,551111.0,Q,A,R,13085,3,6020.0,,,,60.0,602.0,,,,,,,-13.375,0.0,2635.0,1.0,,-35243.125,CRRB,10.0,,,,,10,1.0,10.0,5.0,,,,,8.0,6.0,4.0,,,,,,10.0,2.0,3.0,5.0,,4.0,,7.0,1.0,,,10.0,4.0,9.0,9.0,,9.0,,3.0,3.0,2.0,6.0,1.0,10.0,2.0,5.0,,,6.0,3.0,7,10.0,10,1
2008-04-08,80517,,11,3,6020.0,14528210,CRRB,CARROLLTON BANCORP,CRRB,551111.0,Q,A,R,13085,3,6020.0,,,,60.0,602.0,,,,,,,-13.375,0.0,2635.0,1.0,,-35243.125,CRRB,10.0,,,,,10,1.0,10.0,5.0,,,,,8.0,6.0,4.0,,,,,,10.0,2.0,3.0,5.0,,4.0,,7.0,1.0,,,10.0,4.0,9.0,9.0,,9.0,,3.0,3.0,2.0,6.0,1.0,10.0,2.0,5.0,,,6.0,3.0,7,10.0,10,1
2008-04-09,80517,,11,3,6020.0,14528210,CRRB,CARROLLTON BANCORP,CRRB,551111.0,Q,A,R,13085,3,6020.0,,,,60.0,602.0,,,,,,,13.052,-0.02415,2635.0,1.0,13.052,34392.02,CRRB,10.0,,,,,10,1.0,10.0,5.0,,,,,8.0,6.0,4.0,,,,,,10.0,2.0,3.0,5.0,,4.0,,7.0,1.0,,,10.0,4.0,9.0,9.0,,9.0,,3.0,3.0,2.0,6.0,1.0,10.0,2.0,5.0,,,6.0,3.0,7,10.0,10,1
2008-04-10,80517,,11,3,6020.0,14528210,CRRB,CARROLLTON BANCORP,CRRB,551111.0,Q,A,R,13085,3,6020.0,,,,60.0,602.0,,,,,,,13.0,-0.003984,2635.0,1.0,13.0,34255.0,CRRB,10.0,,,,,10,1.0,10.0,5.0,,,,,8.0,6.0,4.0,,,,,,10.0,2.0,3.0,5.0,,4.0,,7.0,1.0,,,10.0,4.0,9.0,9.0,,9.0,,3.0,3.0,2.0,6.0,1.0,10.0,2.0,5.0,,,6.0,3.0,7,10.0,10,1
2008-04-11,80517,,11,3,6020.0,14528210,CRRB,CARROLLTON BANCORP,CRRB,551111.0,Q,A,R,13085,3,6020.0,,,,60.0,602.0,,,,,,,-13.385,0.029615,2635.0,1.0,,-35269.475,CRRB,10.0,,,,,10,1.0,10.0,5.0,,,,,8.0,6.0,4.0,,,,,,10.0,2.0,3.0,5.0,,4.0,,7.0,1.0,,,10.0,4.0,9.0,9.0,,9.0,,3.0,3.0,2.0,6.0,1.0,10.0,2.0,5.0,,,6.0,3.0,7,10.0,10,1
2008-04-14,80517,,11,3,6020.0,14528210,CRRB,CARROLLTON BANCORP,CRRB,551111.0,Q,A,R,13085,3,6020.0,,,,60.0,602.0,,,,,,,13.75,0.027269,2635.0,1.0,13.01,36231.25,CRRB,10.0,,,,,10,1.0,10.0,5.0,,,,,8.0,6.0,4.0,,,,,,10.0,2.0,3.0,5.0,,4.0,,7.0,1.0,,,10.0,4.0,9.0,9.0,,9.0,,3.0,3.0,2.0,6.0,1.0,10.0,2.0,5.0,,,6.0,3.0,7,10.0,10,1
2008-04-15,80517,,11,3,6020.0,14528210,CRRB,CARROLLTON BANCORP,CRRB,551111.0,Q,A,R,13085,3,6020.0,,,,60.0,602.0,,,,,,,13.0101,-0.053811,2635.0,1.0,13.0101,34281.6135,CRRB,10.0,,,,,10,1.0,10.0,5.0,,,,,8.0,6.0,4.0,,,,,,10.0,2.0,3.0,5.0,,4.0,,7.0,1.0,,,10.0,4.0,9.0,9.0,,9.0,,3.0,3.0,2.0,6.0,1.0,10.0,2.0,5.0,,,6.0,3.0,7,10.0,10,1
2008-04-16,80517,,11,3,6020.0,14528210,CRRB,CARROLLTON BANCORP,CRRB,551111.0,Q,A,R,13085,3,6020.0,,,,60.0,602.0,,,,,,,13.55,0.041499,2635.0,1.0,13.55,35704.25,CRRB,10.0,,,,,10,1.0,10.0,5.0,,,,,8.0,6.0,4.0,,,,,,10.0,2.0,3.0,5.0,,4.0,,7.0,1.0,,,10.0,4.0,9.0,9.0,,9.0,,3.0,3.0,2.0,6.0,1.0,10.0,2.0,5.0,,,6.0,3.0,7,10.0,10,1
2008-04-17,80517,,11,3,6020.0,14528210,CRRB,CARROLLTON BANCORP,CRRB,551111.0,Q,A,R,13085,3,6020.0,,,,60.0,602.0,,,,,,,-13.295,-0.018819,2635.0,1.0,,-35032.325,CRRB,10.0,,,,,10,1.0,10.0,5.0,,,,,8.0,6.0,4.0,,,,,,10.0,2.0,3.0,5.0,,4.0,,7.0,1.0,,,10.0,4.0,9.0,9.0,,9.0,,3.0,3.0,2.0,6.0,1.0,10.0,2.0,5.0,,,6.0,3.0,7,10.0,10,1
2008-04-18,80517,,11,3,6020.0,14528210,CRRB,CARROLLTON BANCORP,CRRB,551111.0,Q,A,R,13085,3,6020.0,,,,60.0,602.0,,,,,,,-13.295,0.0,2635.0,1.0,,-35032.325,CRRB,10.0,,,,,10,1.0,10.0,5.0,,,,,8.0,6.0,4.0,,,,,,10.0,2.0,3.0,5.0,,4.0,,7.0,1.0,,,10.0,4.0,9.0,9.0,,9.0,,3.0,3.0,2.0,6.0,1.0,10.0,2.0,5.0,,,6.0,3.0,7,10.0,10,1
2008-04-21,80517,,11,3,6020.0,14528210,CRRB,CARROLLTON BANCORP,CRRB,551111.0,Q,A,R,13085,3,6020.0,,,,60.0,602.0,,,,,,,-13.295,0.0,2635.0,1.0,,-35032.325,CRRB,10.0,,,,,10,1.0,10.0,5.0,,,,,8.0,6.0,4.0,,,,,,10.0,2.0,3.0,5.0,,4.0,,7.0,1.0,,,10.0,4.0,9.0,9.0,,9.0,,3.0,3.0,2.0,6.0,1.0,10.0,2.0,5.0,,,6.0,3.0,7,10.0,10,1
2008-04-22,80517,,11,3,6020.0,14528210,CRRB,CARROLLTON BANCORP,CRRB,551111.0,Q,A,R,13085,3,6020.0,,,,60.0,602.0,,,,,,,-13.255,-0.003009,2635.0,1.0,,-34926.925,CRRB,10.0,,,,,10,1.0,10.0,5.0,,,,,8.0,6.0,4.0,,,,,,10.0,2.0,3.0,5.0,,4.0,,7.0,1.0,,,10.0,4.0,9.0,9.0,,9.0,,3.0,3.0,2.0,6.0,1.0,10.0,2.0,5.0,,,6.0,3.0,7,10.0,10,1
2008-04-23,80517,,11,3,6020.0,14528210,CRRB,CARROLLTON BANCORP,CRRB,551111.0,Q,A,R,13085,3,6020.0,,,,60.0,602.0,,,,,,,13.01,-0.018484,2635.0,1.0,13.01,34281.35,CRRB,10.0,,,,,10,1.0,10.0,5.0,,,,,8.0,6.0,4.0,,,,,,10.0,2.0,3.0,5.0,,4.0,,7.0,1.0,,,10.0,4.0,9.0,9.0,,9.0,,3.0,3.0,2.0,6.0,1.0,10.0,2.0,5.0,,,6.0,3.0,7,10.0,10,1
2008-04-24,80517,,11,3,6020.0,14528210,CRRB,CARROLLTON BANCORP,CRRB,551111.0,Q,A,R,13085,3,6020.0,,,,60.0,602.0,,,,,,,-13.13,0.009224,2635.0,1.0,,-34597.55,CRRB,10.0,,,,,10,1.0,10.0,5.0,,,,,8.0,6.0,4.0,,,,,,10.0,2.0,3.0,5.0,,4.0,,7.0,1.0,,,10.0,4.0,9.0,9.0,,9.0,,3.0,3.0,2.0,6.0,1.0,10.0,2.0,5.0,,,6.0,3.0,7,10.0,10,1
2008-04-25,80517,,11,3,6020.0,14528210,CRRB,CARROLLTON BANCORP,CRRB,551111.0,Q,A,R,13085,3,6020.0,,,,60.0,602.0,,,,,,,-13.13,0.0,2635.0,1.0,,-34597.55,CRRB,10.0,,,,,10,1.0,10.0,5.0,,,,,8.0,6.0,4.0,,,,,,10.0,2.0,3.0,5.0,,4.0,,7.0,1.0,,,10.0,4.0,9.0,9.0,,9.0,,3.0,3.0,2.0,6.0,1.0,10.0,2.0,5.0,,,6.0,3.0,7,10.0,10,1
2008-04-28,80517,,11,3,6020.0,14528210,CRRB,CARROLLTON BANCORP,CRRB,551111.0,Q,A,R,13085,3,6020.0,,,,60.0,602.0,,,,,,,13.01,-0.009139,2635.0,1.0,13.01,34281.35,CRRB,10.0,,,,,10,1.0,10.0,5.0,,,,,8.0,6.0,4.0,,,,,,10.0,2.0,3.0,5.0,,4.0,,7.0,1.0,,,10.0,4.0,9.0,9.0,,9.0,,3.0,3.0,2.0,6.0,1.0,10.0,2.0,5.0,,,6.0,3.0,7,10.0,10,1
2008-04-29,80517,,11,3,6020.0,14528210,CRRB,CARROLLTON BANCORP,CRRB,551111.0,Q,A,R,13085,3,6020.0,,,,60.0,602.0,,,,,,,-13.255,0.018832,2635.0,1.0,,-34926.925,CRRB,10.0,,,,,10,1.0,10.0,5.0,,,,,8.0,6.0,4.0,,,,,,10.0,2.0,3.0,5.0,,4.0,,7.0,1.0,,,10.0,4.0,9.0,9.0,,9.0,,3.0,3.0,2.0,6.0,1.0,10.0,2.0,5.0,,,6.0,3.0,7,10.0,10,1
2008-04-30,80517,,11,3,6020.0,14528210,CRRB,CARROLLTON BANCORP,CRRB,551111.0,Q,A,R,13085,3,6020.0,,,,60.0,602.0,,,,,,,-13.255,0.0,2635.0,1.0,,-34926.925,CRRB,10.0,,,,,10,1.0,10.0,5.0,,,,,8.0,6.0,4.0,,,,,,10.0,2.0,3.0,5.0,,4.0,,7.0,1.0,,,10.0,4.0,9.0,9.0,,9.0,,3.0,3.0,2.0,6.0,1.0,10.0,2.0,5.0,,,6.0,3.0,7,10.0,10,1
2008-05-01,80517,,11,3,6020.0,14528210,CRRB,CARROLLTON BANCORP,CRRB,551111.0,Q,A,R,13085,3,6020.0,,,,60.0,602.0,,,,,,,13.5,0.018484,2635.0,1.0,13.49,35572.5,CRRB,10.0,,,,,10,1.0,10.0,5.0,,,,,8.0,6.0,4.0,,,,,,10.0,2.0,3.0,5.0,,4.0,,8.0,2.0,,,10.0,5.0,8.0,9.0,,9.0,,,,,8.0,3.0,10.0,7.0,8.0,,,7.0,3.0,7,10.0,10,1
2008-05-02,80517,,11,3,6020.0,14528210,CRRB,CARROLLTON BANCORP,CRRB,551111.0,Q,A,R,13085,3,6020.0,,,,60.0,602.0,,,,,,,-13.575,0.005556,2635.0,1.0,,-35770.125,CRRB,10.0,,,,,10,1.0,10.0,5.0,,,,,8.0,6.0,4.0,,,,,,10.0,2.0,3.0,5.0,,4.0,,8.0,2.0,,,10.0,5.0,8.0,9.0,,9.0,,,,,8.0,3.0,10.0,7.0,8.0,,,7.0,3.0,7,10.0,10,1
2008-05-05,80517,,11,3,6020.0,14528210,CRRB,CARROLLTON BANCORP,CRRB,551111.0,Q,A,R,13085,3,6020.0,,,,60.0,602.0,,,,,,,-13.13,-0.032781,2635.0,1.0,,-34597.55,CRRB,10.0,,,,,10,1.0,10.0,5.0,,,,,8.0,6.0,4.0,,,,,,10.0,2.0,3.0,5.0,,4.0,,8.0,2.0,,,10.0,5.0,8.0,9.0,,9.0,,,,,8.0,3.0,10.0,7.0,8.0,,,7.0,3.0,7,10.0,10,1
2008-05-06,80517,,11,3,6020.0,14528210,CRRB,CARROLLTON BANCORP,CRRB,551111.0,Q,A,R,13085,3,6020.0,,,,60.0,602.0,,,,,,,13.15,0.001523,2635.0,1.0,14.0,34650.25,CRRB,10.0,,,,,10,1.0,10.0,5.0,,,,,8.0,6.0,4.0,,,,,,10.0,2.0,3.0,5.0,,4.0,,8.0,2.0,,,10.0,5.0,8.0,9.0,,9.0,,,,,8.0,3.0,10.0,7.0,8.0,,,7.0,3.0,7,10.0,10,1
2008-05-07,80517,,11,3,6020.0,14528210,CRRB,CARROLLTON BANCORP,CRRB,551111.0,Q,A,R,13085,3,6020.0,,,,60.0,602.0,,,,,,,-13.575,0.032319,2635.0,1.0,,-35770.125,CRRB,10.0,,,,,10,1.0,10.0,5.0,,,,,8.0,6.0,4.0,,,,,,10.0,2.0,3.0,5.0,,4.0,,8.0,2.0,,,10.0,5.0,8.0,9.0,,9.0,,,,,8.0,3.0,10.0,7.0,8.0,,,7.0,3.0,7,10.0,10,1
2008-05-08,80517,,11,3,6020.0,14528210,CRRB,CARROLLTON BANCORP,CRRB,551111.0,Q,A,R,13085,3,6020.0,,,,60.0,602.0,,,,,,,-13.575,0.0,2635.0,1.0,,-35770.125,CRRB,10.0,,,,,10,1.0,10.0,5.0,,,,,8.0,6.0,4.0,,,,,,10.0,2.0,3.0,5.0,,4.0,,8.0,2.0,,,10.0,5.0,8.0,9.0,,9.0,,,,,8.0,3.0,10.0,7.0,8.0,,,7.0,3.0,7,10.0,10,1
2008-05-09,80517,,11,3,6020.0,14528210,CRRB,CARROLLTON BANCORP,CRRB,551111.0,Q,A,R,13085,3,6020.0,,,,60.0,602.0,,,,,,,-13.575,0.0,2635.0,1.0,,-35770.125,CRRB,10.0,,,,,10,1.0,10.0,5.0,,,,,8.0,6.0,4.0,,,,,,10.0,2.0,3.0,5.0,,4.0,,8.0,2.0,,,10.0,5.0,8.0,9.0,,9.0,,,,,8.0,3.0,10.0,7.0,8.0,,,7.0,3.0,7,10.0,10,1
2008-05-12,80517,,11,3,6020.0,14528210,CRRB,CARROLLTON BANCORP,CRRB,551111.0,Q,A,R,13085,3,6020.0,,,,60.0,602.0,,,,,,,-13.615,0.002947,2635.0,1.0,,-35875.525,CRRB,10.0,,,,,10,1.0,10.0,5.0,,,,,8.0,6.0,4.0,,,,,,10.0,2.0,3.0,5.0,,4.0,,8.0,2.0,,,10.0,5.0,8.0,9.0,,9.0,,,,,8.0,3.0,10.0,7.0,8.0,,,7.0,3.0,7,10.0,10,1
2008-05-13,80517,,11,3,6020.0,14528210,CRRB,CARROLLTON BANCORP,CRRB,551111.0,Q,A,R,13085,3,6020.0,,,,60.0,602.0,1232.0,0.12,0.0,,,,14.0,0.037091,2635.0,1.0,14.0,36890.0,CRRB,10.0,,,,,10,1.0,10.0,5.0,,,,,8.0,6.0,4.0,,,,,,10.0,2.0,3.0,5.0,,4.0,,8.0,2.0,,,10.0,5.0,8.0,9.0,,9.0,,,,,8.0,3.0,10.0,7.0,8.0,,,7.0,3.0,7,10.0,10,1
2008-05-14,80517,,11,3,6020.0,14528210,CRRB,CARROLLTON BANCORP,CRRB,551111.0,Q,A,R,13085,3,6020.0,,,,60.0,602.0,,,,,,,-13.575,-0.030357,2635.0,1.0,,-35770.125,CRRB,10.0,,,,,10,1.0,10.0,5.0,,,,,8.0,6.0,4.0,,,,,,10.0,2.0,3.0,5.0,,4.0,,8.0,2.0,,,10.0,5.0,8.0,9.0,,9.0,,,,,8.0,3.0,10.0,7.0,8.0,,,7.0,3.0,7,10.0,10,1
2008-05-15,80517,,11,3,6020.0,14528210,CRRB,CARROLLTON BANCORP,CRRB,551111.0,Q,A,R,13085,3,6020.0,,,,60.0,602.0,,,,,,,13.25,-0.023941,2635.0,1.0,13.99,34913.75,CRRB,10.0,,,,,10,1.0,10.0,5.0,,,,,8.0,6.0,4.0,,,,,,10.0,2.0,3.0,5.0,,4.0,,8.0,2.0,,,10.0,5.0,8.0,9.0,,9.0,,,,,8.0,3.0,10.0,7.0,8.0,,,7.0,3.0,7,10.0,10,1
2008-05-16,80517,,11,3,6020.0,14528210,CRRB,CARROLLTON BANCORP,CRRB,551111.0,Q,A,R,13085,3,6020.0,,,,60.0,602.0,,,,,,,-13.575,0.024528,2635.0,1.0,,-35770.125,CRRB,10.0,,,,,10,1.0,10.0,5.0,,,,,8.0,6.0,4.0,,,,,,10.0,2.0,3.0,5.0,,4.0,,8.0,2.0,,,10.0,5.0,8.0,9.0,,9.0,,,,,8.0,3.0,10.0,7.0,8.0,,,7.0,3.0,7,10.0,10,1
2008-05-19,80517,,11,3,6020.0,14528210,CRRB,CARROLLTON BANCORP,CRRB,551111.0,Q,A,R,13085,3,6020.0,,,,60.0,602.0,,,,,,,14.0,0.031308,2635.0,1.0,13.15,36890.0,CRRB,10.0,,,,,10,1.0,10.0,5.0,,,,,8.0,6.0,4.0,,,,,,10.0,2.0,3.0,5.0,,4.0,,8.0,2.0,,,10.0,5.0,8.0,9.0,,9.0,,,,,8.0,3.0,10.0,7.0,8.0,,,7.0,3.0,7,10.0,10,1
2008-05-20,80517,,11,3,6020.0,14528210,CRRB,CARROLLTON BANCORP,CRRB,551111.0,Q,A,R,13085,3,6020.0,,,,60.0,602.0,,,,,,,,,2635.0,1.0,,,CRRB,10.0,,,,,10,1.0,10.0,5.0,,,,,8.0,6.0,4.0,,,,,,10.0,2.0,3.0,5.0,,4.0,,8.0,2.0,,,10.0,5.0,8.0,9.0,,9.0,,,,,8.0,3.0,10.0,7.0,8.0,,,7.0,3.0,7,10.0,10,1
2008-05-21,80517,,11,3,6020.0,14528210,CRRB,CARROLLTON BANCORP,CRRB,551111.0,Q,A,R,13085,3,6020.0,,,,60.0,602.0,,,,,,,13.83,-0.012143,2635.0,1.0,13.83,36442.05,CRRB,10.0,,,,,10,1.0,10.0,5.0,,,,,8.0,6.0,4.0,,,,,,10.0,2.0,3.0,5.0,,4.0,,8.0,2.0,,,10.0,5.0,8.0,9.0,,9.0,,,,,8.0,3.0,10.0,7.0,8.0,,,7.0,3.0,7,10.0,10,1
2008-05-22,80517,,11,3,6020.0,14528210,CRRB,CARROLLTON BANCORP,CRRB,551111.0,Q,A,R,13085,3,6020.0,,,,60.0,602.0,,,,,,,-13.575,-0.018438,2635.0,1.0,,-35770.125,CRRB,10.0,,,,,10,1.0,10.0,5.0,,,,,8.0,6.0,4.0,,,,,,10.0,2.0,3.0,5.0,,4.0,,8.0,2.0,,,10.0,5.0,8.0,9.0,,9.0,,,,,8.0,3.0,10.0,7.0,8.0,,,7.0,3.0,7,10.0,10,1
2008-05-23,80517,,11,3,6020.0,14528210,CRRB,CARROLLTON BANCORP,CRRB,551111.0,Q,A,R,13085,3,6020.0,,,,60.0,602.0,,,,,,,13.15,-0.031308,2635.0,1.0,13.15,34650.25,CRRB,10.0,,,,,10,1.0,10.0,5.0,,,,,8.0,6.0,4.0,,,,,,10.0,2.0,3.0,5.0,,4.0,,8.0,2.0,,,10.0,5.0,8.0,9.0,,9.0,,,,,8.0,3.0,10.0,7.0,8.0,,,7.0,3.0,7,10.0,10,1
2008-05-27,80517,,11,3,6020.0,14528210,CRRB,CARROLLTON BANCORP,CRRB,551111.0,Q,A,R,13085,3,6020.0,,,,60.0,602.0,,,,,,,-13.325,0.013308,2635.0,1.0,,-35111.375,CRRB,10.0,,,,,10,1.0,10.0,5.0,,,,,8.0,6.0,4.0,,,,,,10.0,2.0,3.0,5.0,,4.0,,8.0,2.0,,,10.0,5.0,8.0,9.0,,9.0,,,,,8.0,3.0,10.0,7.0,8.0,,,7.0,3.0,7,10.0,10,1
2008-05-28,80517,,11,3,6020.0,14528210,CRRB,CARROLLTON BANCORP,CRRB,551111.0,Q,A,R,13085,3,6020.0,,,,60.0,602.0,,,,,,,13.085,-0.018011,2635.0,1.0,13.05,34478.975,CRRB,10.0,,,,,10,1.0,10.0,5.0,,,,,8.0,6.0,4.0,,,,,,10.0,2.0,3.0,5.0,,4.0,,8.0,2.0,,,10.0,5.0,8.0,9.0,,9.0,,,,,8.0,3.0,10.0,7.0,8.0,,,7.0,3.0,7,10.0,10,1
2008-05-29,80517,,11,3,6020.0,14528210,CRRB,CARROLLTON BANCORP,CRRB,551111.0,Q,A,R,13085,3,6020.0,,,,60.0,602.0,,,,,,,13.5,0.031716,2635.0,1.0,13.5,35572.5,CRRB,10.0,,,,,10,1.0,10.0,5.0,,,,,8.0,6.0,4.0,,,,,,10.0,2.0,3.0,5.0,,4.0,,8.0,2.0,,,10.0,5.0,8.0,9.0,,9.0,,,,,8.0,3.0,10.0,7.0,8.0,,,7.0,3.0,7,10.0,10,1
2008-05-30,80517,,11,3,6020.0,14528210,CRRB,CARROLLTON BANCORP,CRRB,551111.0,Q,A,R,13085,3,6020.0,,,,60.0,602.0,,,,,,,-13.525,0.001852,2635.0,1.0,,-35638.375,CRRB,10.0,,,,,10,1.0,10.0,5.0,,,,,8.0,6.0,4.0,,,,,,10.0,2.0,3.0,5.0,,4.0,,8.0,2.0,,,10.0,5.0,8.0,9.0,,9.0,,,,,8.0,3.0,10.0,7.0,8.0,,,7.0,3.0,7,10.0,10,1
2008-06-02,80517,,11,3,6020.0,14528210,CRRB,CARROLLTON BANCORP,CRRB,551111.0,Q,A,R,13085,3,6020.0,,,,60.0,602.0,,,,,,,14.0,0.03512,2635.0,1.0,13.99,36890.0,CRRB,10.0,,,,,10,1.0,10.0,5.0,,,,,8.0,6.0,4.0,,,,,,10.0,2.0,3.0,5.0,,4.0,,8.0,2.0,,,10.0,5.0,9.0,9.0,,9.0,,4.0,5.0,3.0,6.0,6.0,10.0,4.0,2.0,2.0,1.0,8.0,3.0,7,10.0,10,1
2008-06-03,80517,,11,3,6020.0,14528210,CRRB,CARROLLTON BANCORP,CRRB,551111.0,Q,A,R,13085,3,6020.0,,,,60.0,602.0,,,,,,,14.25,0.017857,2635.0,1.0,14.99,37548.75,CRRB,10.0,,,,,10,1.0,10.0,5.0,,,,,8.0,6.0,4.0,,,,,,10.0,2.0,3.0,5.0,,4.0,,8.0,2.0,,,10.0,5.0,9.0,9.0,,9.0,,4.0,5.0,3.0,6.0,6.0,10.0,4.0,2.0,2.0,1.0,8.0,3.0,7,10.0,10,1
2008-06-04,80517,,11,3,6020.0,14528210,CRRB,CARROLLTON BANCORP,CRRB,551111.0,Q,A,R,13085,3,6020.0,,,,60.0,602.0,,,,,,,-13.75,-0.035088,2635.0,1.0,,-36231.25,CRRB,10.0,,,,,10,1.0,10.0,5.0,,,,,8.0,6.0,4.0,,,,,,10.0,2.0,3.0,5.0,,4.0,,8.0,2.0,,,10.0,5.0,9.0,9.0,,9.0,,4.0,5.0,3.0,6.0,6.0,10.0,4.0,2.0,2.0,1.0,8.0,3.0,7,10.0,10,1
2008-06-05,80517,,11,3,6020.0,14528210,CRRB,CARROLLTON BANCORP,CRRB,551111.0,Q,A,R,13085,3,6020.0,,,,60.0,602.0,,,,,,,13.51,-0.017455,2635.0,1.0,13.54,35598.85,CRRB,10.0,,,,,10,1.0,10.0,5.0,,,,,8.0,6.0,4.0,,,,,,10.0,2.0,3.0,5.0,,4.0,,8.0,2.0,,,10.0,5.0,9.0,9.0,,9.0,,4.0,5.0,3.0,6.0,6.0,10.0,4.0,2.0,2.0,1.0,8.0,3.0,7,10.0,10,1
2008-06-06,80517,,11,3,6020.0,14528210,CRRB,CARROLLTON BANCORP,CRRB,551111.0,Q,A,R,13085,3,6020.0,,,,60.0,602.0,,,,,,,13.25,-0.019245,2635.0,1.0,13.25,34913.75,CRRB,10.0,,,,,10,1.0,10.0,5.0,,,,,8.0,6.0,4.0,,,,,,10.0,2.0,3.0,5.0,,4.0,,8.0,2.0,,,10.0,5.0,9.0,9.0,,9.0,,4.0,5.0,3.0,6.0,6.0,10.0,4.0,2.0,2.0,1.0,8.0,3.0,7,10.0,10,1
2008-06-09,80517,,11,3,6020.0,14528210,CRRB,CARROLLTON BANCORP,CRRB,551111.0,Q,A,R,13085,3,6020.0,,,,60.0,602.0,,,,,,,-13.5,0.018868,2635.0,1.0,,-35572.5,CRRB,10.0,,,,,10,1.0,10.0,5.0,,,,,8.0,6.0,4.0,,,,,,10.0,2.0,3.0,5.0,,4.0,,8.0,2.0,,,10.0,5.0,9.0,9.0,,9.0,,4.0,5.0,3.0,6.0,6.0,10.0,4.0,2.0,2.0,1.0,8.0,3.0,7,10.0,10,1
2008-06-10,80517,,11,3,6020.0,14528210,CRRB,CARROLLTON BANCORP,CRRB,551111.0,Q,A,R,13085,3,6020.0,,,,60.0,602.0,,,,,,,-13.5,0.0,2635.0,1.0,,-35572.5,CRRB,10.0,,,,,10,1.0,10.0,5.0,,,,,8.0,6.0,4.0,,,,,,10.0,2.0,3.0,5.0,,4.0,,8.0,2.0,,,10.0,5.0,9.0,9.0,,9.0,,4.0,5.0,3.0,6.0,6.0,10.0,4.0,2.0,2.0,1.0,8.0,3.0,7,10.0,10,1
2008-06-11,80517,,11,3,6020.0,14528210,CRRB,CARROLLTON BANCORP,CRRB,551111.0,Q,A,R,13085,3,6020.0,,,,60.0,602.0,,,,,,,13.25,-0.018519,2635.0,1.0,13.25,34913.75,CRRB,10.0,,,,,10,1.0,10.0,5.0,,,,,8.0,6.0,4.0,,,,,,10.0,2.0,3.0,5.0,,4.0,,8.0,2.0,,,10.0,5.0,9.0,9.0,,9.0,,4.0,5.0,3.0,6.0,6.0,10.0,4.0,2.0,2.0,1.0,8.0,3.0,7,10.0,10,1
2008-06-12,80517,,11,3,6020.0,14528210,CRRB,CARROLLTON BANCORP,CRRB,551111.0,Q,A,R,13085,3,6020.0,,,,60.0,602.0,,,,,,,13.25,0.0,2635.0,1.0,13.25,34913.75,CRRB,10.0,,,,,10,1.0,10.0,5.0,,,,,8.0,6.0,4.0,,,,,,10.0,2.0,3.0,5.0,,4.0,,8.0,2.0,,,10.0,5.0,9.0,9.0,,9.0,,4.0,5.0,3.0,6.0,6.0,10.0,4.0,2.0,2.0,1.0,8.0,3.0,7,10.0,10,1
2008-06-13,80517,,11,3,6020.0,14528210,CRRB,CARROLLTON BANCORP,CRRB,551111.0,Q,A,R,13085,3,6020.0,,,,60.0,602.0,,,,,,,12.03,-0.092075,2635.0,1.0,13.25,31699.05,CRRB,10.0,,,,,10,1.0,10.0,5.0,,,,,8.0,6.0,4.0,,,,,,10.0,2.0,3.0,5.0,,4.0,,8.0,2.0,,,10.0,5.0,9.0,9.0,,9.0,,4.0,5.0,3.0,6.0,6.0,10.0,4.0,2.0,2.0,1.0,8.0,3.0,7,10.0,10,1
2008-06-16,80517,,11,3,6020.0,14528210,CRRB,CARROLLTON BANCORP,CRRB,551111.0,Q,A,R,13085,3,6020.0,,,,60.0,602.0,,,,,,,13.0,0.080632,2635.0,1.0,13.0,34255.0,CRRB,10.0,,,,,10,1.0,10.0,5.0,,,,,8.0,6.0,4.0,,,,,,10.0,2.0,3.0,5.0,,4.0,,8.0,2.0,,,10.0,5.0,9.0,9.0,,9.0,,4.0,5.0,3.0,6.0,6.0,10.0,4.0,2.0,2.0,1.0,8.0,3.0,7,10.0,10,1
2008-06-17,80517,,11,3,6020.0,14528210,CRRB,CARROLLTON BANCORP,CRRB,551111.0,Q,A,R,13085,3,6020.0,,,,60.0,602.0,,,,,,,-13.375,0.028846,2635.0,1.0,,-35243.125,CRRB,10.0,,,,,10,1.0,10.0,5.0,,,,,8.0,6.0,4.0,,,,,,10.0,2.0,3.0,5.0,,4.0,,8.0,2.0,,,10.0,5.0,9.0,9.0,,9.0,,4.0,5.0,3.0,6.0,6.0,10.0,4.0,2.0,2.0,1.0,8.0,3.0,7,10.0,10,1
2008-06-18,80517,,11,3,6020.0,14528210,CRRB,CARROLLTON BANCORP,CRRB,551111.0,Q,A,R,13085,3,6020.0,,,,60.0,602.0,,,,,,,13.0,-0.028037,2635.0,1.0,13.1,34255.0,CRRB,10.0,,,,,10,1.0,10.0,5.0,,,,,8.0,6.0,4.0,,,,,,10.0,2.0,3.0,5.0,,4.0,,8.0,2.0,,,10.0,5.0,9.0,9.0,,9.0,,4.0,5.0,3.0,6.0,6.0,10.0,4.0,2.0,2.0,1.0,8.0,3.0,7,10.0,10,1
2008-06-19,80517,,11,3,6020.0,14528210,CRRB,CARROLLTON BANCORP,CRRB,551111.0,Q,A,R,13085,3,6020.0,,,,60.0,602.0,,,,,,,13.0,0.0,2635.0,1.0,13.0,34255.0,CRRB,10.0,,,,,10,1.0,10.0,5.0,,,,,8.0,6.0,4.0,,,,,,10.0,2.0,3.0,5.0,,4.0,,8.0,2.0,,,10.0,5.0,9.0,9.0,,9.0,,4.0,5.0,3.0,6.0,6.0,10.0,4.0,2.0,2.0,1.0,8.0,3.0,7,10.0,10,1
2008-06-20,80517,,11,3,6020.0,14528210,CRRB,CARROLLTON BANCORP,CRRB,551111.0,Q,A,R,13085,3,6020.0,,,,60.0,602.0,,,,,,,-12.42,-0.044615,2635.0,1.0,,-32726.7,CRRB,10.0,,,,,10,1.0,10.0,5.0,,,,,8.0,6.0,4.0,,,,,,10.0,2.0,3.0,5.0,,4.0,,8.0,2.0,,,10.0,5.0,9.0,9.0,,9.0,,4.0,5.0,3.0,6.0,6.0,10.0,4.0,2.0,2.0,1.0,8.0,3.0,7,10.0,10,1
2008-06-23,80517,,11,3,6020.0,14528210,CRRB,CARROLLTON BANCORP,CRRB,551111.0,Q,A,R,13085,3,6020.0,,,,60.0,602.0,,,,,,,12.51,0.007246,2635.0,1.0,12.51,32963.85,CRRB,10.0,,,,,10,1.0,10.0,5.0,,,,,8.0,6.0,4.0,,,,,,10.0,2.0,3.0,5.0,,4.0,,8.0,2.0,,,10.0,5.0,9.0,9.0,,9.0,,4.0,5.0,3.0,6.0,6.0,10.0,4.0,2.0,2.0,1.0,8.0,3.0,7,10.0,10,1
2008-06-24,80517,,11,3,6020.0,14528210,CRRB,CARROLLTON BANCORP,CRRB,551111.0,Q,A,R,13085,3,6020.0,,,,60.0,602.0,,,,,,,12.25,-0.020783,2635.0,1.0,12.25,32278.75,CRRB,10.0,,,,,10,1.0,10.0,5.0,,,,,8.0,6.0,4.0,,,,,,10.0,2.0,3.0,5.0,,4.0,,8.0,2.0,,,10.0,5.0,9.0,9.0,,9.0,,4.0,5.0,3.0,6.0,6.0,10.0,4.0,2.0,2.0,1.0,8.0,3.0,7,10.0,10,1
2008-06-25,80517,,11,3,6020.0,14528210,CRRB,CARROLLTON BANCORP,CRRB,551111.0,Q,A,R,13085,3,6020.0,,,,60.0,602.0,,,,,,,-12.3,0.004082,2635.0,1.0,,-32410.5,CRRB,10.0,,,,,10,1.0,10.0,5.0,,,,,8.0,6.0,4.0,,,,,,10.0,2.0,3.0,5.0,,4.0,,8.0,2.0,,,10.0,5.0,9.0,9.0,,9.0,,4.0,5.0,3.0,6.0,6.0,10.0,4.0,2.0,2.0,1.0,8.0,3.0,7,10.0,10,1
2008-06-26,80517,,11,3,6020.0,14528210,CRRB,CARROLLTON BANCORP,CRRB,551111.0,Q,A,R,13085,3,6020.0,,,,60.0,602.0,,,,,,,12.25,-0.004065,2635.0,1.0,12.25,32278.75,CRRB,10.0,,,,,10,1.0,10.0,5.0,,,,,8.0,6.0,4.0,,,,,,10.0,2.0,3.0,5.0,,4.0,,8.0,2.0,,,10.0,5.0,9.0,9.0,,9.0,,4.0,5.0,3.0,6.0,6.0,10.0,4.0,2.0,2.0,1.0,8.0,3.0,7,10.0,10,1
2008-06-27,80517,,11,3,6020.0,14528210,CRRB,CARROLLTON BANCORP,CRRB,551111.0,Q,A,R,13085,3,6020.0,,,,60.0,602.0,,,,,,,-12.3,0.004082,2635.0,1.0,,-32410.5,CRRB,10.0,,,,,10,1.0,10.0,5.0,,,,,8.0,6.0,4.0,,,,,,10.0,2.0,3.0,5.0,,4.0,,8.0,2.0,,,10.0,5.0,9.0,9.0,,9.0,,4.0,5.0,3.0,6.0,6.0,10.0,4.0,2.0,2.0,1.0,8.0,3.0,7,10.0,10,1
2008-06-30,80517,,11,3,6020.0,14528210,CRRB,CARROLLTON BANCORP,CRRB,551111.0,Q,A,R,13085,3,6020.0,,,,60.0,602.0,,,,,,,11.7501,-0.044707,2578.0,1.0,11.7501,30291.7578,CRRB,10.0,,,,,10,1.0,10.0,5.0,,,,,8.0,6.0,4.0,,,,,,10.0,2.0,3.0,5.0,,4.0,,8.0,2.0,,,10.0,5.0,9.0,9.0,,9.0,,4.0,5.0,3.0,6.0,6.0,10.0,4.0,2.0,2.0,1.0,8.0,3.0,7,10.0,10,1
2008-07-01,80517,,11,3,6020.0,14528210,CRRB,CARROLLTON BANCORP,CRRB,551111.0,Q,A,R,13085,3,6020.0,,,,60.0,602.0,,,,,,,11.75,-9e-06,2578.0,1.0,11.75,30291.5,CRRB,10.0,,,,,1,1.0,10.0,10.0,,,,,8.0,5.0,4.0,,,,,,10.0,2.0,3.0,5.0,,6.0,,7.0,1.0,,,10.0,5.0,9.0,9.0,,10.0,,4.0,5.0,3.0,7.0,3.0,10.0,3.0,2.0,,,6.0,3.0,7,10.0,10,1
2008-07-02,80517,,11,3,6020.0,14528210,CRRB,CARROLLTON BANCORP,CRRB,551111.0,Q,A,R,13085,3,6020.0,,,,60.0,602.0,,,,,,,8.75,-0.255319,2578.0,1.0,11.1,22557.5,CRRB,10.0,,,,,1,1.0,10.0,10.0,,,,,8.0,5.0,4.0,,,,,,10.0,2.0,3.0,5.0,,6.0,,7.0,1.0,,,10.0,5.0,9.0,9.0,,10.0,,4.0,5.0,3.0,7.0,3.0,10.0,3.0,2.0,,,6.0,3.0,7,10.0,10,1
2008-07-03,80517,,11,3,6020.0,14528210,CRRB,CARROLLTON BANCORP,CRRB,551111.0,Q,A,R,13085,3,6020.0,,,,60.0,602.0,,,,,,,8.95,0.022857,2578.0,1.0,8.75,23073.1,CRRB,10.0,,,,,1,1.0,10.0,10.0,,,,,8.0,5.0,4.0,,,,,,10.0,2.0,3.0,5.0,,6.0,,7.0,1.0,,,10.0,5.0,9.0,9.0,,10.0,,4.0,5.0,3.0,7.0,3.0,10.0,3.0,2.0,,,6.0,3.0,7,10.0,10,1
2008-07-07,80517,,11,3,6020.0,14528210,CRRB,CARROLLTON BANCORP,CRRB,551111.0,Q,A,R,13085,3,6020.0,,,,60.0,602.0,,,,,,,8.9,-0.005587,2578.0,1.0,9.39,22944.2,CRRB,10.0,,,,,1,1.0,10.0,10.0,,,,,8.0,5.0,4.0,,,,,,10.0,2.0,3.0,5.0,,6.0,,7.0,1.0,,,10.0,5.0,9.0,9.0,,10.0,,4.0,5.0,3.0,7.0,3.0,10.0,3.0,2.0,,,6.0,3.0,7,10.0,10,1
2008-07-08,80517,,11,3,6020.0,14528210,CRRB,CARROLLTON BANCORP,CRRB,551111.0,Q,A,R,13085,3,6020.0,,,,60.0,602.0,,,,,,,8.45,-0.050562,2578.0,1.0,8.9,21784.1,CRRB,10.0,,,,,1,1.0,10.0,10.0,,,,,8.0,5.0,4.0,,,,,,10.0,2.0,3.0,5.0,,6.0,,7.0,1.0,,,10.0,5.0,9.0,9.0,,10.0,,4.0,5.0,3.0,7.0,3.0,10.0,3.0,2.0,,,6.0,3.0,7,10.0,10,1
2008-07-09,80517,,11,3,6020.0,14528210,CRRB,CARROLLTON BANCORP,CRRB,551111.0,Q,A,R,13085,3,6020.0,,,,60.0,602.0,,,,,,,8.9,0.053254,2578.0,1.0,9.4499,22944.2,CRRB,10.0,,,,,1,1.0,10.0,10.0,,,,,8.0,5.0,4.0,,,,,,10.0,2.0,3.0,5.0,,6.0,,7.0,1.0,,,10.0,5.0,9.0,9.0,,10.0,,4.0,5.0,3.0,7.0,3.0,10.0,3.0,2.0,,,6.0,3.0,7,10.0,10,1
2008-07-10,80517,,11,3,6020.0,14528210,CRRB,CARROLLTON BANCORP,CRRB,551111.0,Q,A,R,13085,3,6020.0,,,,60.0,602.0,,,,,,,9.3,0.044944,2578.0,1.0,9.27,23975.4,CRRB,10.0,,,,,1,1.0,10.0,10.0,,,,,8.0,5.0,4.0,,,,,,10.0,2.0,3.0,5.0,,6.0,,7.0,1.0,,,10.0,5.0,9.0,9.0,,10.0,,4.0,5.0,3.0,7.0,3.0,10.0,3.0,2.0,,,6.0,3.0,7,10.0,10,1
2008-07-11,80517,,11,3,6020.0,14528210,CRRB,CARROLLTON BANCORP,CRRB,551111.0,Q,A,R,13085,3,6020.0,,,,60.0,602.0,,,,,,,9.27,-0.003226,2578.0,1.0,9.27,23898.06,CRRB,10.0,,,,,1,1.0,10.0,10.0,,,,,8.0,5.0,4.0,,,,,,10.0,2.0,3.0,5.0,,6.0,,7.0,1.0,,,10.0,5.0,9.0,9.0,,10.0,,4.0,5.0,3.0,7.0,3.0,10.0,3.0,2.0,,,6.0,3.0,7,10.0,10,1
2008-07-14,80517,,11,3,6020.0,14528210,CRRB,CARROLLTON BANCORP,CRRB,551111.0,Q,A,R,13085,3,6020.0,,,,60.0,602.0,,,,,,,-9.285,0.001618,2578.0,1.0,,-23936.73,CRRB,10.0,,,,,1,1.0,10.0,10.0,,,,,8.0,5.0,4.0,,,,,,10.0,2.0,3.0,5.0,,6.0,,7.0,1.0,,,10.0,5.0,9.0,9.0,,10.0,,4.0,5.0,3.0,7.0,3.0,10.0,3.0,2.0,,,6.0,3.0,7,10.0,10,1
2008-07-15,80517,,11,3,6020.0,14528210,CRRB,CARROLLTON BANCORP,CRRB,551111.0,Q,A,R,13085,3,6020.0,,,,60.0,602.0,,,,,,,9.27,-0.001615,2578.0,1.0,9.27,23898.06,CRRB,10.0,,,,,1,1.0,10.0,10.0,,,,,8.0,5.0,4.0,,,,,,10.0,2.0,3.0,5.0,,6.0,,7.0,1.0,,,10.0,5.0,9.0,9.0,,10.0,,4.0,5.0,3.0,7.0,3.0,10.0,3.0,2.0,,,6.0,3.0,7,10.0,10,1
2008-07-16,80517,,11,3,6020.0,14528210,CRRB,CARROLLTON BANCORP,CRRB,551111.0,Q,A,R,13085,3,6020.0,,,,60.0,602.0,,,,,,,9.27,0.0,2578.0,1.0,9.27,23898.06,CRRB,10.0,,,,,1,1.0,10.0,10.0,,,,,8.0,5.0,4.0,,,,,,10.0,2.0,3.0,5.0,,6.0,,7.0,1.0,,,10.0,5.0,9.0,9.0,,10.0,,4.0,5.0,3.0,7.0,3.0,10.0,3.0,2.0,,,6.0,3.0,7,10.0,10,1
2008-07-17,80517,,11,3,6020.0,14528210,CRRB,CARROLLTON BANCORP,CRRB,551111.0,Q,A,R,13085,3,6020.0,,,,60.0,602.0,,,,,,,9.27,0.0,2578.0,1.0,9.27,23898.06,CRRB,10.0,,,,,1,1.0,10.0,10.0,,,,,8.0,5.0,4.0,,,,,,10.0,2.0,3.0,5.0,,6.0,,7.0,1.0,,,10.0,5.0,9.0,9.0,,10.0,,4.0,5.0,3.0,7.0,3.0,10.0,3.0,2.0,,,6.0,3.0,7,10.0,10,1
2008-07-18,80517,,11,3,6020.0,14528210,CRRB,CARROLLTON BANCORP,CRRB,551111.0,Q,A,R,13085,3,6020.0,,,,60.0,602.0,,,,,,,9.99,0.07767,2578.0,1.0,9.99,25754.22,CRRB,10.0,,,,,1,1.0,10.0,10.0,,,,,8.0,5.0,4.0,,,,,,10.0,2.0,3.0,5.0,,6.0,,7.0,1.0,,,10.0,5.0,9.0,9.0,,10.0,,4.0,5.0,3.0,7.0,3.0,10.0,3.0,2.0,,,6.0,3.0,7,10.0,10,1
2008-07-21,80517,,11,3,6020.0,14528210,CRRB,CARROLLTON BANCORP,CRRB,551111.0,Q,A,R,13085,3,6020.0,,,,60.0,602.0,,,,,,,9.9,-0.009009,2578.0,1.0,10.0,25522.2,CRRB,10.0,,,,,1,1.0,10.0,10.0,,,,,8.0,5.0,4.0,,,,,,10.0,2.0,3.0,5.0,,6.0,,7.0,1.0,,,10.0,5.0,9.0,9.0,,10.0,,4.0,5.0,3.0,7.0,3.0,10.0,3.0,2.0,,,6.0,3.0,7,10.0,10,1
2008-07-22,80517,,11,3,6020.0,14528210,CRRB,CARROLLTON BANCORP,CRRB,551111.0,Q,A,R,13085,3,6020.0,,,,60.0,602.0,,,,,,,10.5,0.060606,2578.0,1.0,10.5,27069.0,CRRB,10.0,,,,,1,1.0,10.0,10.0,,,,,8.0,5.0,4.0,,,,,,10.0,2.0,3.0,5.0,,6.0,,7.0,1.0,,,10.0,5.0,9.0,9.0,,10.0,,4.0,5.0,3.0,7.0,3.0,10.0,3.0,2.0,,,6.0,3.0,7,10.0,10,1
2008-07-23,80517,,11,3,6020.0,14528210,CRRB,CARROLLTON BANCORP,CRRB,551111.0,Q,A,R,13085,3,6020.0,,,,60.0,602.0,,,,,,,11.93,0.136191,2578.0,1.0,11.94,30755.54,CRRB,10.0,,,,,1,1.0,10.0,10.0,,,,,8.0,5.0,4.0,,,,,,10.0,2.0,3.0,5.0,,6.0,,7.0,1.0,,,10.0,5.0,9.0,9.0,,10.0,,4.0,5.0,3.0,7.0,3.0,10.0,3.0,2.0,,,6.0,3.0,7,10.0,10,1
2008-07-24,80517,,11,3,6020.0,14528210,CRRB,CARROLLTON BANCORP,CRRB,551111.0,Q,A,R,13085,3,6020.0,,,,60.0,602.0,,,,,,,12.25,0.026823,2578.0,1.0,12.25,31580.5,CRRB,10.0,,,,,1,1.0,10.0,10.0,,,,,8.0,5.0,4.0,,,,,,10.0,2.0,3.0,5.0,,6.0,,7.0,1.0,,,10.0,5.0,9.0,9.0,,10.0,,4.0,5.0,3.0,7.0,3.0,10.0,3.0,2.0,,,6.0,3.0,7,10.0,10,1
2008-07-25,80517,,11,3,6020.0,14528210,CRRB,CARROLLTON BANCORP,CRRB,551111.0,Q,A,R,13085,3,6020.0,,,,60.0,602.0,,,,,,,11.01,-0.101224,2578.0,1.0,12.25,28383.78,CRRB,10.0,,,,,1,1.0,10.0,10.0,,,,,8.0,5.0,4.0,,,,,,10.0,2.0,3.0,5.0,,6.0,,7.0,1.0,,,10.0,5.0,9.0,9.0,,10.0,,4.0,5.0,3.0,7.0,3.0,10.0,3.0,2.0,,,6.0,3.0,7,10.0,10,1
2008-07-28,80517,,11,3,6020.0,14528210,CRRB,CARROLLTON BANCORP,CRRB,551111.0,Q,A,R,13085,3,6020.0,,,,60.0,602.0,,,,,,,13.82,0.255222,2578.0,1.0,14.0,35627.96,CRRB,10.0,,,,,1,1.0,10.0,10.0,,,,,8.0,5.0,4.0,,,,,,10.0,2.0,3.0,5.0,,6.0,,7.0,1.0,,,10.0,5.0,9.0,9.0,,10.0,,4.0,5.0,3.0,7.0,3.0,10.0,3.0,2.0,,,6.0,3.0,7,10.0,10,1
2008-07-29,80517,,11,3,6020.0,14528210,CRRB,CARROLLTON BANCORP,CRRB,551111.0,Q,A,R,13085,3,6020.0,,,,60.0,602.0,,,,,,,13.0,-0.059334,2578.0,1.0,13.7,33514.0,CRRB,10.0,,,,,1,1.0,10.0,10.0,,,,,8.0,5.0,4.0,,,,,,10.0,2.0,3.0,5.0,,6.0,,7.0,1.0,,,10.0,5.0,9.0,9.0,,10.0,,4.0,5.0,3.0,7.0,3.0,10.0,3.0,2.0,,,6.0,3.0,7,10.0,10,1
2008-07-30,80517,,11,3,6020.0,14528210,CRRB,CARROLLTON BANCORP,CRRB,551111.0,Q,A,R,13085,3,6020.0,,,,60.0,602.0,,,,,,,12.5,-0.038462,2578.0,1.0,12.75,32225.0,CRRB,10.0,,,,,1,1.0,10.0,10.0,,,,,8.0,5.0,4.0,,,,,,10.0,2.0,3.0,5.0,,6.0,,7.0,1.0,,,10.0,5.0,9.0,9.0,,10.0,,4.0,5.0,3.0,7.0,3.0,10.0,3.0,2.0,,,6.0,3.0,7,10.0,10,1
2008-07-31,80517,,11,3,6020.0,14528210,CRRB,CARROLLTON BANCORP,CRRB,551111.0,Q,A,R,13085,3,6020.0,,,,60.0,602.0,,,,,,,12.51,0.0008,2578.0,1.0,12.51,32250.78,CRRB,10.0,,,,,1,1.0,10.0,10.0,,,,,8.0,5.0,4.0,,,,,,10.0,2.0,3.0,5.0,,6.0,,7.0,1.0,,,10.0,5.0,9.0,9.0,,10.0,,4.0,5.0,3.0,7.0,3.0,10.0,3.0,2.0,,,6.0,3.0,7,10.0,10,1
2008-08-01,80517,,11,3,6020.0,14528210,CRRB,CARROLLTON BANCORP,CRRB,551111.0,Q,A,R,13085,3,6020.0,,,,60.0,602.0,,,,,,,11.685,-0.065947,2578.0,1.0,13.94,30123.93,CRRB,10.0,,,,,1,1.0,10.0,10.0,,,,,8.0,5.0,4.0,,,,,,10.0,2.0,3.0,5.0,,6.0,,5.0,2.0,,,10.0,5.0,7.0,9.0,,10.0,,2.0,7.0,,4.0,1.0,10.0,6.0,8.0,,,6.0,3.0,7,10.0,10,1
2008-08-04,80517,,11,3,6020.0,14528210,CRRB,CARROLLTON BANCORP,CRRB,551111.0,Q,A,R,13085,3,6020.0,,,,60.0,602.0,,,,,,,-12.075,0.033376,2578.0,1.0,,-31129.35,CRRB,10.0,,,,,1,1.0,10.0,10.0,,,,,8.0,5.0,4.0,,,,,,10.0,2.0,3.0,5.0,,6.0,,5.0,2.0,,,10.0,5.0,7.0,9.0,,10.0,,2.0,7.0,,4.0,1.0,10.0,6.0,8.0,,,6.0,3.0,7,10.0,10,1
2008-08-05,80517,,11,3,6020.0,14528210,CRRB,CARROLLTON BANCORP,CRRB,551111.0,Q,A,R,13085,3,6020.0,,,,60.0,602.0,,,,,,,11.65,-0.035197,2578.0,1.0,11.65,30033.7,CRRB,10.0,,,,,1,1.0,10.0,10.0,,,,,8.0,5.0,4.0,,,,,,10.0,2.0,3.0,5.0,,6.0,,5.0,2.0,,,10.0,5.0,7.0,9.0,,10.0,,2.0,7.0,,4.0,1.0,10.0,6.0,8.0,,,6.0,3.0,7,10.0,10,1
2008-08-06,80517,,11,3,6020.0,14528210,CRRB,CARROLLTON BANCORP,CRRB,551111.0,Q,A,R,13085,3,6020.0,,,,60.0,602.0,,,,,,,-12.075,0.036481,2578.0,1.0,,-31129.35,CRRB,10.0,,,,,1,1.0,10.0,10.0,,,,,8.0,5.0,4.0,,,,,,10.0,2.0,3.0,5.0,,6.0,,5.0,2.0,,,10.0,5.0,7.0,9.0,,10.0,,2.0,7.0,,4.0,1.0,10.0,6.0,8.0,,,6.0,3.0,7,10.0,10,1
2008-08-07,80517,,11,3,6020.0,14528210,CRRB,CARROLLTON BANCORP,CRRB,551111.0,Q,A,R,13085,3,6020.0,,,,60.0,602.0,,,,,,,-12.075,0.0,2578.0,1.0,,-31129.35,CRRB,10.0,,,,,1,1.0,10.0,10.0,,,,,8.0,5.0,4.0,,,,,,10.0,2.0,3.0,5.0,,6.0,,5.0,2.0,,,10.0,5.0,7.0,9.0,,10.0,,2.0,7.0,,4.0,1.0,10.0,6.0,8.0,,,6.0,3.0,7,10.0,10,1
2008-08-08,80517,,11,3,6020.0,14528210,CRRB,CARROLLTON BANCORP,CRRB,551111.0,Q,A,R,13085,3,6020.0,,,,60.0,602.0,,,,,,,10.3,-0.146998,2578.0,1.0,11.25,26553.4,CRRB,10.0,,,,,1,1.0,10.0,10.0,,,,,8.0,5.0,4.0,,,,,,10.0,2.0,3.0,5.0,,6.0,,5.0,2.0,,,10.0,5.0,7.0,9.0,,10.0,,2.0,7.0,,4.0,1.0,10.0,6.0,8.0,,,6.0,3.0,7,10.0,10,1
2008-08-11,80517,,11,3,6020.0,14528210,CRRB,CARROLLTON BANCORP,CRRB,551111.0,Q,A,R,13085,3,6020.0,,,,60.0,602.0,,,,,,,-11.625,0.128641,2578.0,1.0,,-29969.25,CRRB,10.0,,,,,1,1.0,10.0,10.0,,,,,8.0,5.0,4.0,,,,,,10.0,2.0,3.0,5.0,,6.0,,5.0,2.0,,,10.0,5.0,7.0,9.0,,10.0,,2.0,7.0,,4.0,1.0,10.0,6.0,8.0,,,6.0,3.0,7,10.0,10,1
2008-08-12,80517,,11,3,6020.0,14528210,CRRB,CARROLLTON BANCORP,CRRB,551111.0,Q,A,R,13085,3,6020.0,,,,60.0,602.0,,,,,,,-12.125,0.043011,2578.0,1.0,,-31258.25,CRRB,10.0,,,,,1,1.0,10.0,10.0,,,,,8.0,5.0,4.0,,,,,,10.0,2.0,3.0,5.0,,6.0,,5.0,2.0,,,10.0,5.0,7.0,9.0,,10.0,,2.0,7.0,,4.0,1.0,10.0,6.0,8.0,,,6.0,3.0,7,10.0,10,1
2008-08-13,80517,,11,3,6020.0,14528210,CRRB,CARROLLTON BANCORP,CRRB,551111.0,Q,A,R,13085,3,6020.0,,,,60.0,602.0,1232.0,0.12,0.0,,,,11.01,-0.082062,2578.0,1.0,11.01,28383.78,CRRB,10.0,,,,,1,1.0,10.0,10.0,,,,,8.0,5.0,4.0,,,,,,10.0,2.0,3.0,5.0,,6.0,,5.0,2.0,,,10.0,5.0,7.0,9.0,,10.0,,2.0,7.0,,4.0,1.0,10.0,6.0,8.0,,,6.0,3.0,7,10.0,10,1
2008-08-14,80517,,11,3,6020.0,14528210,CRRB,CARROLLTON BANCORP,CRRB,551111.0,Q,A,R,13085,3,6020.0,,,,60.0,602.0,,,,,,,-11.75,0.067212,2578.0,1.0,,-30291.5,CRRB,10.0,,,,,1,1.0,10.0,10.0,,,,,8.0,5.0,4.0,,,,,,10.0,2.0,3.0,5.0,,6.0,,5.0,2.0,,,10.0,5.0,7.0,9.0,,10.0,,2.0,7.0,,4.0,1.0,10.0,6.0,8.0,,,6.0,3.0,7,10.0,10,1
2008-08-15,80517,,11,3,6020.0,14528210,CRRB,CARROLLTON BANCORP,CRRB,551111.0,Q,A,R,13085,3,6020.0,,,,60.0,602.0,,,,,,,-11.75,0.0,2578.0,1.0,,-30291.5,CRRB,10.0,,,,,1,1.0,10.0,10.0,,,,,8.0,5.0,4.0,,,,,,10.0,2.0,3.0,5.0,,6.0,,5.0,2.0,,,10.0,5.0,7.0,9.0,,10.0,,2.0,7.0,,4.0,1.0,10.0,6.0,8.0,,,6.0,3.0,7,10.0,10,1
2008-08-18,80517,,11,3,6020.0,14528210,CRRB,CARROLLTON BANCORP,CRRB,551111.0,Q,A,R,13085,3,6020.0,,,,60.0,602.0,,,,,,,-10.75,-0.085106,2578.0,1.0,,-27713.5,CRRB,10.0,,,,,1,1.0,10.0,10.0,,,,,8.0,5.0,4.0,,,,,,10.0,2.0,3.0,5.0,,6.0,,5.0,2.0,,,10.0,5.0,7.0,9.0,,10.0,,2.0,7.0,,4.0,1.0,10.0,6.0,8.0,,,6.0,3.0,7,10.0,10,1
2008-08-19,80517,,11,3,6020.0,14528210,CRRB,CARROLLTON BANCORP,CRRB,551111.0,Q,A,R,13085,3,6020.0,,,,60.0,602.0,,,,,,,10.5,-0.023256,2578.0,1.0,10.5,27069.0,CRRB,10.0,,,,,1,1.0,10.0,10.0,,,,,8.0,5.0,4.0,,,,,,10.0,2.0,3.0,5.0,,6.0,,5.0,2.0,,,10.0,5.0,7.0,9.0,,10.0,,2.0,7.0,,4.0,1.0,10.0,6.0,8.0,,,6.0,3.0,7,10.0,10,1
2008-08-20,80517,,11,3,6020.0,14528210,CRRB,CARROLLTON BANCORP,CRRB,551111.0,Q,A,R,13085,3,6020.0,,,,60.0,602.0,,,,,,,9.51,-0.094286,2578.0,1.0,10.0,24516.78,CRRB,10.0,,,,,1,1.0,10.0,10.0,,,,,8.0,5.0,4.0,,,,,,10.0,2.0,3.0,5.0,,6.0,,5.0,2.0,,,10.0,5.0,7.0,9.0,,10.0,,2.0,7.0,,4.0,1.0,10.0,6.0,8.0,,,6.0,3.0,7,10.0,10,1
2008-08-21,80517,,11,3,6020.0,14528210,CRRB,CARROLLTON BANCORP,CRRB,551111.0,Q,A,R,13085,3,6020.0,,,,60.0,602.0,,,,,,,-10.2,0.072555,2578.0,1.0,,-26295.6,CRRB,10.0,,,,,1,1.0,10.0,10.0,,,,,8.0,5.0,4.0,,,,,,10.0,2.0,3.0,5.0,,6.0,,5.0,2.0,,,10.0,5.0,7.0,9.0,,10.0,,2.0,7.0,,4.0,1.0,10.0,6.0,8.0,,,6.0,3.0,7,10.0,10,1
2008-08-22,80517,,11,3,6020.0,14528210,CRRB,CARROLLTON BANCORP,CRRB,551111.0,Q,A,R,13085,3,6020.0,,,,60.0,602.0,,,,,,,-10.2,0.0,2578.0,1.0,,-26295.6,CRRB,10.0,,,,,1,1.0,10.0,10.0,,,,,8.0,5.0,4.0,,,,,,10.0,2.0,3.0,5.0,,6.0,,5.0,2.0,,,10.0,5.0,7.0,9.0,,10.0,,2.0,7.0,,4.0,1.0,10.0,6.0,8.0,,,6.0,3.0,7,10.0,10,1
2008-08-25,80517,,11,3,6020.0,14528210,CRRB,CARROLLTON BANCORP,CRRB,551111.0,Q,A,R,13085,3,6020.0,,,,60.0,602.0,,,,,,,-10.325,0.012255,2578.0,1.0,,-26617.85,CRRB,10.0,,,,,1,1.0,10.0,10.0,,,,,8.0,5.0,4.0,,,,,,10.0,2.0,3.0,5.0,,6.0,,5.0,2.0,,,10.0,5.0,7.0,9.0,,10.0,,2.0,7.0,,4.0,1.0,10.0,6.0,8.0,,,6.0,3.0,7,10.0,10,1
2008-08-26,80517,,11,3,6020.0,14528210,CRRB,CARROLLTON BANCORP,CRRB,551111.0,Q,A,R,13085,3,6020.0,,,,60.0,602.0,,,,,,,9.75,-0.05569,2578.0,1.0,9.75,25135.5,CRRB,10.0,,,,,1,1.0,10.0,10.0,,,,,8.0,5.0,4.0,,,,,,10.0,2.0,3.0,5.0,,6.0,,5.0,2.0,,,10.0,5.0,7.0,9.0,,10.0,,2.0,7.0,,4.0,1.0,10.0,6.0,8.0,,,6.0,3.0,7,10.0,10,1
2008-08-27,80517,,11,3,6020.0,14528210,CRRB,CARROLLTON BANCORP,CRRB,551111.0,Q,A,R,13085,3,6020.0,,,,60.0,602.0,,,,,,,10.5,0.076923,2578.0,1.0,10.86,27069.0,CRRB,10.0,,,,,1,1.0,10.0,10.0,,,,,8.0,5.0,4.0,,,,,,10.0,2.0,3.0,5.0,,6.0,,5.0,2.0,,,10.0,5.0,7.0,9.0,,10.0,,2.0,7.0,,4.0,1.0,10.0,6.0,8.0,,,6.0,3.0,7,10.0,10,1
2008-08-28,80517,,11,3,6020.0,14528210,CRRB,CARROLLTON BANCORP,CRRB,551111.0,Q,A,R,13085,3,6020.0,,,,60.0,602.0,,,,,,,10.08,-0.04,2578.0,1.0,10.08,25986.24,CRRB,10.0,,,,,1,1.0,10.0,10.0,,,,,8.0,5.0,4.0,,,,,,10.0,2.0,3.0,5.0,,6.0,,5.0,2.0,,,10.0,5.0,7.0,9.0,,10.0,,2.0,7.0,,4.0,1.0,10.0,6.0,8.0,,,6.0,3.0,7,10.0,10,1
2008-08-29,80517,,11,3,6020.0,14528210,CRRB,CARROLLTON BANCORP,CRRB,551111.0,Q,A,R,13085,3,6020.0,,,,60.0,602.0,,,,,,,10.82,0.073413,2578.0,1.0,10.87,27893.96,CRRB,10.0,,,,,1,1.0,10.0,10.0,,,,,8.0,5.0,4.0,,,,,,10.0,2.0,3.0,5.0,,6.0,,5.0,2.0,,,10.0,5.0,7.0,9.0,,10.0,,2.0,7.0,,4.0,1.0,10.0,6.0,8.0,,,6.0,3.0,7,10.0,10,1
2008-09-02,80517,,11,3,6020.0,14528210,CRRB,CARROLLTON BANCORP,CRRB,551111.0,Q,A,R,13085,3,6020.0,,,,60.0,602.0,,,,,,,10.25,-0.05268,2578.0,1.0,10.9,26424.5,CRRB,10.0,,,,,1,1.0,10.0,10.0,,,,,8.0,5.0,4.0,,,,,,10.0,2.0,3.0,5.0,,6.0,,4.0,2.0,,,10.0,6.0,8.0,9.0,,10.0,,4.0,7.0,3.0,10.0,1.0,10.0,4.0,10.0,,,9.0,2.0,7,10.0,10,1
2008-09-03,80517,,11,3,6020.0,14528210,CRRB,CARROLLTON BANCORP,CRRB,551111.0,Q,A,R,13085,3,6020.0,,,,60.0,602.0,,,,,,,11.17,0.089756,2578.0,1.0,11.22,28796.26,CRRB,10.0,,,,,1,1.0,10.0,10.0,,,,,8.0,5.0,4.0,,,,,,10.0,2.0,3.0,5.0,,6.0,,4.0,2.0,,,10.0,6.0,8.0,9.0,,10.0,,4.0,7.0,3.0,10.0,1.0,10.0,4.0,10.0,,,9.0,2.0,7,10.0,10,1
2008-09-04,80517,,11,3,6020.0,14528210,CRRB,CARROLLTON BANCORP,CRRB,551111.0,Q,A,R,13085,3,6020.0,,,,60.0,602.0,,,,,,,-10.775,-0.035363,2578.0,1.0,,-27777.95,CRRB,10.0,,,,,1,1.0,10.0,10.0,,,,,8.0,5.0,4.0,,,,,,10.0,2.0,3.0,5.0,,6.0,,4.0,2.0,,,10.0,6.0,8.0,9.0,,10.0,,4.0,7.0,3.0,10.0,1.0,10.0,4.0,10.0,,,9.0,2.0,7,10.0,10,1
2008-09-05,80517,,11,3,6020.0,14528210,CRRB,CARROLLTON BANCORP,CRRB,551111.0,Q,A,R,13085,3,6020.0,,,,60.0,602.0,,,,,,,10.85,0.006961,2578.0,1.0,10.5,27971.3,CRRB,10.0,,,,,1,1.0,10.0,10.0,,,,,8.0,5.0,4.0,,,,,,10.0,2.0,3.0,5.0,,6.0,,4.0,2.0,,,10.0,6.0,8.0,9.0,,10.0,,4.0,7.0,3.0,10.0,1.0,10.0,4.0,10.0,,,9.0,2.0,7,10.0,10,1
2008-09-08,80517,,11,3,6020.0,14528210,CRRB,CARROLLTON BANCORP,CRRB,551111.0,Q,A,R,13085,3,6020.0,,,,60.0,602.0,,,,,,,-10.6,-0.023041,2578.0,1.0,,-27326.8,CRRB,10.0,,,,,1,1.0,10.0,10.0,,,,,8.0,5.0,4.0,,,,,,10.0,2.0,3.0,5.0,,6.0,,4.0,2.0,,,10.0,6.0,8.0,9.0,,10.0,,4.0,7.0,3.0,10.0,1.0,10.0,4.0,10.0,,,9.0,2.0,7,10.0,10,1
2008-09-09,80517,,11,3,6020.0,14528210,CRRB,CARROLLTON BANCORP,CRRB,551111.0,Q,A,R,13085,3,6020.0,,,,60.0,602.0,,,,,,,10.25,-0.033019,2578.0,1.0,10.25,26424.5,CRRB,10.0,,,,,1,1.0,10.0,10.0,,,,,8.0,5.0,4.0,,,,,,10.0,2.0,3.0,5.0,,6.0,,4.0,2.0,,,10.0,6.0,8.0,9.0,,10.0,,4.0,7.0,3.0,10.0,1.0,10.0,4.0,10.0,,,9.0,2.0,7,10.0,10,1
2008-09-10,80517,,11,3,6020.0,14528210,CRRB,CARROLLTON BANCORP,CRRB,551111.0,Q,A,R,13085,3,6020.0,,,,60.0,602.0,,,,,,,10.25,0.0,2578.0,1.0,10.25,26424.5,CRRB,10.0,,,,,1,1.0,10.0,10.0,,,,,8.0,5.0,4.0,,,,,,10.0,2.0,3.0,5.0,,6.0,,4.0,2.0,,,10.0,6.0,8.0,9.0,,10.0,,4.0,7.0,3.0,10.0,1.0,10.0,4.0,10.0,,,9.0,2.0,7,10.0,10,1
2008-09-11,80517,,11,3,6020.0,14528210,CRRB,CARROLLTON BANCORP,CRRB,551111.0,Q,A,R,13085,3,6020.0,,,,60.0,602.0,,,,,,,-10.37,0.011707,2578.0,1.0,,-26733.86,CRRB,10.0,,,,,1,1.0,10.0,10.0,,,,,8.0,5.0,4.0,,,,,,10.0,2.0,3.0,5.0,,6.0,,4.0,2.0,,,10.0,6.0,8.0,9.0,,10.0,,4.0,7.0,3.0,10.0,1.0,10.0,4.0,10.0,,,9.0,2.0,7,10.0,10,1
2008-09-12,80517,,11,3,6020.0,14528210,CRRB,CARROLLTON BANCORP,CRRB,551111.0,Q,A,R,13085,3,6020.0,,,,60.0,602.0,,,,,,,9.75,-0.059788,2578.0,1.0,10.25,25135.5,CRRB,10.0,,,,,1,1.0,10.0,10.0,,,,,8.0,5.0,4.0,,,,,,10.0,2.0,3.0,5.0,,6.0,,4.0,2.0,,,10.0,6.0,8.0,9.0,,10.0,,4.0,7.0,3.0,10.0,1.0,10.0,4.0,10.0,,,9.0,2.0,7,10.0,10,1
2008-09-15,80517,,11,3,6020.0,14528210,CRRB,CARROLLTON BANCORP,CRRB,551111.0,Q,A,R,13085,3,6020.0,,,,60.0,602.0,,,,,,,9.75,0.0,2578.0,1.0,9.75,25135.5,CRRB,10.0,,,,,1,1.0,10.0,10.0,,,,,8.0,5.0,4.0,,,,,,10.0,2.0,3.0,5.0,,6.0,,4.0,2.0,,,10.0,6.0,8.0,9.0,,10.0,,4.0,7.0,3.0,10.0,1.0,10.0,4.0,10.0,,,9.0,2.0,7,10.0,10,1
2008-09-16,80517,,11,3,6020.0,14528210,CRRB,CARROLLTON BANCORP,CRRB,551111.0,Q,A,R,13085,3,6020.0,,,,60.0,602.0,,,,,,,11.2399,0.15281,2578.0,1.0,11.2399,28976.4622,CRRB,10.0,,,,,1,1.0,10.0,10.0,,,,,8.0,5.0,4.0,,,,,,10.0,2.0,3.0,5.0,,6.0,,4.0,2.0,,,10.0,6.0,8.0,9.0,,10.0,,4.0,7.0,3.0,10.0,1.0,10.0,4.0,10.0,,,9.0,2.0,7,10.0,10,1
2008-09-17,80517,,11,3,6020.0,14528210,CRRB,CARROLLTON BANCORP,CRRB,551111.0,Q,A,R,13085,3,6020.0,,,,60.0,602.0,,,,,,,-9.555,-0.149903,2578.0,1.0,,-24632.79,CRRB,10.0,,,,,1,1.0,10.0,10.0,,,,,8.0,5.0,4.0,,,,,,10.0,2.0,3.0,5.0,,6.0,,4.0,2.0,,,10.0,6.0,8.0,9.0,,10.0,,4.0,7.0,3.0,10.0,1.0,10.0,4.0,10.0,,,9.0,2.0,7,10.0,10,1
2008-09-18,80517,,11,3,6020.0,14528210,CRRB,CARROLLTON BANCORP,CRRB,551111.0,Q,A,R,13085,3,6020.0,,,,60.0,602.0,,,,,,,10.3,0.07797,2578.0,1.0,10.2999,26553.4,CRRB,10.0,,,,,1,1.0,10.0,10.0,,,,,8.0,5.0,4.0,,,,,,10.0,2.0,3.0,5.0,,6.0,,4.0,2.0,,,10.0,6.0,8.0,9.0,,10.0,,4.0,7.0,3.0,10.0,1.0,10.0,4.0,10.0,,,9.0,2.0,7,10.0,10,1
2008-09-19,80517,,11,3,6020.0,14528210,CRRB,CARROLLTON BANCORP,CRRB,551111.0,Q,A,R,13085,3,6020.0,,,,60.0,602.0,,,,,,,9.26,-0.100971,2578.0,1.0,9.3,23872.28,CRRB,10.0,,,,,1,1.0,10.0,10.0,,,,,8.0,5.0,4.0,,,,,,10.0,2.0,3.0,5.0,,6.0,,4.0,2.0,,,10.0,6.0,8.0,9.0,,10.0,,4.0,7.0,3.0,10.0,1.0,10.0,4.0,10.0,,,9.0,2.0,7,10.0,10,1
2008-09-22,80517,,11,3,6020.0,14528210,CRRB,CARROLLTON BANCORP,CRRB,551111.0,Q,A,R,13085,3,6020.0,,,,60.0,602.0,,,,,,,8.78,-0.051836,2578.0,1.0,9.425,22634.84,CRRB,10.0,,,,,1,1.0,10.0,10.0,,,,,8.0,5.0,4.0,,,,,,10.0,2.0,3.0,5.0,,6.0,,4.0,2.0,,,10.0,6.0,8.0,9.0,,10.0,,4.0,7.0,3.0,10.0,1.0,10.0,4.0,10.0,,,9.0,2.0,7,10.0,10,1
2008-09-23,80517,,11,3,6020.0,14528210,CRRB,CARROLLTON BANCORP,CRRB,551111.0,Q,A,R,13085,3,6020.0,,,,60.0,602.0,,,,,,,8.94,0.018223,2578.0,1.0,8.95,23047.32,CRRB,10.0,,,,,1,1.0,10.0,10.0,,,,,8.0,5.0,4.0,,,,,,10.0,2.0,3.0,5.0,,6.0,,4.0,2.0,,,10.0,6.0,8.0,9.0,,10.0,,4.0,7.0,3.0,10.0,1.0,10.0,4.0,10.0,,,9.0,2.0,7,10.0,10,1
2008-09-24,80517,,11,3,6020.0,14528210,CRRB,CARROLLTON BANCORP,CRRB,551111.0,Q,A,R,13085,3,6020.0,,,,60.0,602.0,,,,,,,8.74,-0.022371,2578.0,1.0,8.7399,22531.72,CRRB,10.0,,,,,1,1.0,10.0,10.0,,,,,8.0,5.0,4.0,,,,,,10.0,2.0,3.0,5.0,,6.0,,4.0,2.0,,,10.0,6.0,8.0,9.0,,10.0,,4.0,7.0,3.0,10.0,1.0,10.0,4.0,10.0,,,9.0,2.0,7,10.0,10,1
2008-09-25,80517,,11,3,6020.0,14528210,CRRB,CARROLLTON BANCORP,CRRB,551111.0,Q,A,R,13085,3,6020.0,,,,60.0,602.0,,,,,,,8.285,-0.052059,2578.0,1.0,8.58,21358.73,CRRB,10.0,,,,,1,1.0,10.0,10.0,,,,,8.0,5.0,4.0,,,,,,10.0,2.0,3.0,5.0,,6.0,,4.0,2.0,,,10.0,6.0,8.0,9.0,,10.0,,4.0,7.0,3.0,10.0,1.0,10.0,4.0,10.0,,,9.0,2.0,7,10.0,10,1
2008-09-26,80517,,11,3,6020.0,14528210,CRRB,CARROLLTON BANCORP,CRRB,551111.0,Q,A,R,13085,3,6020.0,,,,60.0,602.0,,,,,,,8.64,0.042849,2578.0,1.0,8.64,22273.92,CRRB,10.0,,,,,1,1.0,10.0,10.0,,,,,8.0,5.0,4.0,,,,,,10.0,2.0,3.0,5.0,,6.0,,4.0,2.0,,,10.0,6.0,8.0,9.0,,10.0,,4.0,7.0,3.0,10.0,1.0,10.0,4.0,10.0,,,9.0,2.0,7,10.0,10,1
2008-09-29,80517,,11,3,6020.0,14528210,CRRB,CARROLLTON BANCORP,CRRB,551111.0,Q,A,R,13085,3,6020.0,,,,60.0,602.0,,,,,,,8.64,0.0,2578.0,1.0,8.64,22273.92,CRRB,10.0,,,,,1,1.0,10.0,10.0,,,,,8.0,5.0,4.0,,,,,,10.0,2.0,3.0,5.0,,6.0,,4.0,2.0,,,10.0,6.0,8.0,9.0,,10.0,,4.0,7.0,3.0,10.0,1.0,10.0,4.0,10.0,,,9.0,2.0,7,10.0,10,1
2008-09-30,80517,,11,3,6020.0,14528210,CRRB,CARROLLTON BANCORP,CRRB,551111.0,Q,A,R,13085,3,6020.0,,,,60.0,602.0,,,,,,,8.075,-0.065394,2565.0,1.0,8.3,20712.375,CRRB,10.0,,,,,1,1.0,10.0,10.0,,,,,8.0,5.0,4.0,,,,,,10.0,2.0,3.0,5.0,,6.0,,4.0,2.0,,,10.0,6.0,8.0,9.0,,10.0,,4.0,7.0,3.0,10.0,1.0,10.0,4.0,10.0,,,9.0,2.0,7,10.0,10,1
2008-10-01,80517,,11,3,6020.0,14528210,CRRB,CARROLLTON BANCORP,CRRB,551111.0,Q,A,R,13085,3,6020.0,,,,60.0,602.0,,,,,,,-8.5,0.052632,2565.0,1.0,,-21802.5,CRRB,10.0,,,,,1,1.0,10.0,10.0,,,,,8.0,5.0,4.0,,,,,,10.0,2.0,3.0,5.0,,6.0,,2.0,7.0,,,10.0,5.0,9.0,9.0,,10.0,,4.0,8.0,3.0,9.0,1.0,10.0,2.0,10.0,,,6.0,2.0,7,10.0,10,1
2008-10-02,80517,,11,3,6020.0,14528210,CRRB,CARROLLTON BANCORP,CRRB,551111.0,Q,A,R,13085,3,6020.0,,,,60.0,602.0,,,,,,,8.01,-0.057647,2565.0,1.0,8.01,20545.65,CRRB,10.0,,,,,1,1.0,10.0,10.0,,,,,8.0,5.0,4.0,,,,,,10.0,2.0,3.0,5.0,,6.0,,2.0,7.0,,,10.0,5.0,9.0,9.0,,10.0,,4.0,8.0,3.0,9.0,1.0,10.0,2.0,10.0,,,6.0,2.0,7,10.0,10,1
2008-10-03,80517,,11,3,6020.0,14528210,CRRB,CARROLLTON BANCORP,CRRB,551111.0,Q,A,R,13085,3,6020.0,,,,60.0,602.0,,,,,,,8.94,0.116105,2565.0,1.0,8.865,22931.1,CRRB,10.0,,,,,1,1.0,10.0,10.0,,,,,8.0,5.0,4.0,,,,,,10.0,2.0,3.0,5.0,,6.0,,2.0,7.0,,,10.0,5.0,9.0,9.0,,10.0,,4.0,8.0,3.0,9.0,1.0,10.0,2.0,10.0,,,6.0,2.0,7,10.0,10,1
2008-10-06,80517,,11,3,6020.0,14528210,CRRB,CARROLLTON BANCORP,CRRB,551111.0,Q,A,R,13085,3,6020.0,,,,60.0,602.0,,,,,,,8.89,-0.005593,2565.0,1.0,8.94,22802.85,CRRB,10.0,,,,,1,1.0,10.0,10.0,,,,,8.0,5.0,4.0,,,,,,10.0,2.0,3.0,5.0,,6.0,,2.0,7.0,,,10.0,5.0,9.0,9.0,,10.0,,4.0,8.0,3.0,9.0,1.0,10.0,2.0,10.0,,,6.0,2.0,7,10.0,10,1
2008-10-07,80517,,11,3,6020.0,14528210,CRRB,CARROLLTON BANCORP,CRRB,551111.0,Q,A,R,13085,3,6020.0,,,,60.0,602.0,,,,,,,-9.09,0.022497,2565.0,1.0,,-23315.85,CRRB,10.0,,,,,1,1.0,10.0,10.0,,,,,8.0,5.0,4.0,,,,,,10.0,2.0,3.0,5.0,,6.0,,2.0,7.0,,,10.0,5.0,9.0,9.0,,10.0,,4.0,8.0,3.0,9.0,1.0,10.0,2.0,10.0,,,6.0,2.0,7,10.0,10,1
2008-10-08,80517,,11,3,6020.0,14528210,CRRB,CARROLLTON BANCORP,CRRB,551111.0,Q,A,R,13085,3,6020.0,,,,60.0,602.0,,,,,,,-9.14,0.0055,2565.0,1.0,,-23444.1,CRRB,10.0,,,,,1,1.0,10.0,10.0,,,,,8.0,5.0,4.0,,,,,,10.0,2.0,3.0,5.0,,6.0,,2.0,7.0,,,10.0,5.0,9.0,9.0,,10.0,,4.0,8.0,3.0,9.0,1.0,10.0,2.0,10.0,,,6.0,2.0,7,10.0,10,1
2008-10-09,80517,,11,3,6020.0,14528210,CRRB,CARROLLTON BANCORP,CRRB,551111.0,Q,A,R,13085,3,6020.0,,,,60.0,602.0,,,,,,,-8.99,-0.016411,2565.0,1.0,,-23059.35,CRRB,10.0,,,,,1,1.0,10.0,10.0,,,,,8.0,5.0,4.0,,,,,,10.0,2.0,3.0,5.0,,6.0,,2.0,7.0,,,10.0,5.0,9.0,9.0,,10.0,,4.0,8.0,3.0,9.0,1.0,10.0,2.0,10.0,,,6.0,2.0,7,10.0,10,1
2008-10-10,80517,,11,3,6020.0,14528210,CRRB,CARROLLTON BANCORP,CRRB,551111.0,Q,A,R,13085,3,6020.0,,,,60.0,602.0,,,,,,,8.5,-0.054505,2565.0,1.0,9.34,21802.5,CRRB,10.0,,,,,1,1.0,10.0,10.0,,,,,8.0,5.0,4.0,,,,,,10.0,2.0,3.0,5.0,,6.0,,2.0,7.0,,,10.0,5.0,9.0,9.0,,10.0,,4.0,8.0,3.0,9.0,1.0,10.0,2.0,10.0,,,6.0,2.0,7,10.0,10,1
2008-10-13,80517,,11,3,6020.0,14528210,CRRB,CARROLLTON BANCORP,CRRB,551111.0,Q,A,R,13085,3,6020.0,,,,60.0,602.0,,,,,,,8.0,-0.058824,2565.0,1.0,8.5,20520.0,CRRB,10.0,,,,,1,1.0,10.0,10.0,,,,,8.0,5.0,4.0,,,,,,10.0,2.0,3.0,5.0,,6.0,,2.0,7.0,,,10.0,5.0,9.0,9.0,,10.0,,4.0,8.0,3.0,9.0,1.0,10.0,2.0,10.0,,,6.0,2.0,7,10.0,10,1
2008-10-14,80517,,11,3,6020.0,14528210,CRRB,CARROLLTON BANCORP,CRRB,551111.0,Q,A,R,13085,3,6020.0,,,,60.0,602.0,,,,,,,8.22,0.0275,2565.0,1.0,8.05,21084.3,CRRB,10.0,,,,,1,1.0,10.0,10.0,,,,,8.0,5.0,4.0,,,,,,10.0,2.0,3.0,5.0,,6.0,,2.0,7.0,,,10.0,5.0,9.0,9.0,,10.0,,4.0,8.0,3.0,9.0,1.0,10.0,2.0,10.0,,,6.0,2.0,7,10.0,10,1
2008-10-15,80517,,11,3,6020.0,14528210,CRRB,CARROLLTON BANCORP,CRRB,551111.0,Q,A,R,13085,3,6020.0,,,,60.0,602.0,,,,,,,-8.135,-0.010341,2565.0,1.0,,-20866.275,CRRB,10.0,,,,,1,1.0,10.0,10.0,,,,,8.0,5.0,4.0,,,,,,10.0,2.0,3.0,5.0,,6.0,,2.0,7.0,,,10.0,5.0,9.0,9.0,,10.0,,4.0,8.0,3.0,9.0,1.0,10.0,2.0,10.0,,,6.0,2.0,7,10.0,10,1
2008-10-16,80517,,11,3,6020.0,14528210,CRRB,CARROLLTON BANCORP,CRRB,551111.0,Q,A,R,13085,3,6020.0,,,,60.0,602.0,,,,,,,-8.43,0.036263,2565.0,1.0,,-21622.95,CRRB,10.0,,,,,1,1.0,10.0,10.0,,,,,8.0,5.0,4.0,,,,,,10.0,2.0,3.0,5.0,,6.0,,2.0,7.0,,,10.0,5.0,9.0,9.0,,10.0,,4.0,8.0,3.0,9.0,1.0,10.0,2.0,10.0,,,6.0,2.0,7,10.0,10,1
2008-10-17,80517,,11,3,6020.0,14528210,CRRB,CARROLLTON BANCORP,CRRB,551111.0,Q,A,R,13085,3,6020.0,,,,60.0,602.0,,,,,,,8.22,-0.024911,2565.0,1.0,8.22,21084.3,CRRB,10.0,,,,,1,1.0,10.0,10.0,,,,,8.0,5.0,4.0,,,,,,10.0,2.0,3.0,5.0,,6.0,,2.0,7.0,,,10.0,5.0,9.0,9.0,,10.0,,4.0,8.0,3.0,9.0,1.0,10.0,2.0,10.0,,,6.0,2.0,7,10.0,10,1
2008-10-20,80517,,11,3,6020.0,14528210,CRRB,CARROLLTON BANCORP,CRRB,551111.0,Q,A,R,13085,3,6020.0,,,,60.0,602.0,,,,,,,-8.45,0.027981,2565.0,1.0,,-21674.25,CRRB,10.0,,,,,1,1.0,10.0,10.0,,,,,8.0,5.0,4.0,,,,,,10.0,2.0,3.0,5.0,,6.0,,2.0,7.0,,,10.0,5.0,9.0,9.0,,10.0,,4.0,8.0,3.0,9.0,1.0,10.0,2.0,10.0,,,6.0,2.0,7,10.0,10,1
2008-10-21,80517,,11,3,6020.0,14528210,CRRB,CARROLLTON BANCORP,CRRB,551111.0,Q,A,R,13085,3,6020.0,,,,60.0,602.0,,,,,,,-8.175,-0.032544,2565.0,1.0,,-20968.875,CRRB,10.0,,,,,1,1.0,10.0,10.0,,,,,8.0,5.0,4.0,,,,,,10.0,2.0,3.0,5.0,,6.0,,2.0,7.0,,,10.0,5.0,9.0,9.0,,10.0,,4.0,8.0,3.0,9.0,1.0,10.0,2.0,10.0,,,6.0,2.0,7,10.0,10,1
2008-10-22,80517,,11,3,6020.0,14528210,CRRB,CARROLLTON BANCORP,CRRB,551111.0,Q,A,R,13085,3,6020.0,,,,60.0,602.0,,,,,,,-8.175,0.0,2565.0,1.0,,-20968.875,CRRB,10.0,,,,,1,1.0,10.0,10.0,,,,,8.0,5.0,4.0,,,,,,10.0,2.0,3.0,5.0,,6.0,,2.0,7.0,,,10.0,5.0,9.0,9.0,,10.0,,4.0,8.0,3.0,9.0,1.0,10.0,2.0,10.0,,,6.0,2.0,7,10.0,10,1
2008-10-23,80517,,11,3,6020.0,14528210,CRRB,CARROLLTON BANCORP,CRRB,551111.0,Q,A,R,13085,3,6020.0,,,,60.0,602.0,,,,,,,-8.16,-0.001835,2565.0,1.0,,-20930.4,CRRB,10.0,,,,,1,1.0,10.0,10.0,,,,,8.0,5.0,4.0,,,,,,10.0,2.0,3.0,5.0,,6.0,,2.0,7.0,,,10.0,5.0,9.0,9.0,,10.0,,4.0,8.0,3.0,9.0,1.0,10.0,2.0,10.0,,,6.0,2.0,7,10.0,10,1
2008-10-24,80517,,11,3,6020.0,14528210,CRRB,CARROLLTON BANCORP,CRRB,551111.0,Q,A,R,13085,3,6020.0,,,,60.0,602.0,,,,,,,-8.45,0.035539,2565.0,1.0,,-21674.25,CRRB,10.0,,,,,1,1.0,10.0,10.0,,,,,8.0,5.0,4.0,,,,,,10.0,2.0,3.0,5.0,,6.0,,2.0,7.0,,,10.0,5.0,9.0,9.0,,10.0,,4.0,8.0,3.0,9.0,1.0,10.0,2.0,10.0,,,6.0,2.0,7,10.0,10,1
2008-10-27,80517,,11,3,6020.0,14528210,CRRB,CARROLLTON BANCORP,CRRB,551111.0,Q,A,R,13085,3,6020.0,,,,60.0,602.0,,,,,,,8.22,-0.027219,2565.0,1.0,8.22,21084.3,CRRB,10.0,,,,,1,1.0,10.0,10.0,,,,,8.0,5.0,4.0,,,,,,10.0,2.0,3.0,5.0,,6.0,,2.0,7.0,,,10.0,5.0,9.0,9.0,,10.0,,4.0,8.0,3.0,9.0,1.0,10.0,2.0,10.0,,,6.0,2.0,7,10.0,10,1
2008-10-28,80517,,11,3,6020.0,14528210,CRRB,CARROLLTON BANCORP,CRRB,551111.0,Q,A,R,13085,3,6020.0,,,,60.0,602.0,,,,,,,8.8,0.07056,2565.0,1.0,8.8,22572.0,CRRB,10.0,,,,,1,1.0,10.0,10.0,,,,,8.0,5.0,4.0,,,,,,10.0,2.0,3.0,5.0,,6.0,,2.0,7.0,,,10.0,5.0,9.0,9.0,,10.0,,4.0,8.0,3.0,9.0,1.0,10.0,2.0,10.0,,,6.0,2.0,7,10.0,10,1
2008-10-29,80517,,11,3,6020.0,14528210,CRRB,CARROLLTON BANCORP,CRRB,551111.0,Q,A,R,13085,3,6020.0,,,,60.0,602.0,,,,,,,-8.45,-0.039773,2565.0,1.0,,-21674.25,CRRB,10.0,,,,,1,1.0,10.0,10.0,,,,,8.0,5.0,4.0,,,,,,10.0,2.0,3.0,5.0,,6.0,,2.0,7.0,,,10.0,5.0,9.0,9.0,,10.0,,4.0,8.0,3.0,9.0,1.0,10.0,2.0,10.0,,,6.0,2.0,7,10.0,10,1
2008-10-30,80517,,11,3,6020.0,14528210,CRRB,CARROLLTON BANCORP,CRRB,551111.0,Q,A,R,13085,3,6020.0,,,,60.0,602.0,,,,,,,7.8,-0.076923,2565.0,1.0,8.25,20007.0,CRRB,10.0,,,,,1,1.0,10.0,10.0,,,,,8.0,5.0,4.0,,,,,,10.0,2.0,3.0,5.0,,6.0,,2.0,7.0,,,10.0,5.0,9.0,9.0,,10.0,,4.0,8.0,3.0,9.0,1.0,10.0,2.0,10.0,,,6.0,2.0,7,10.0,10,1
2008-10-31,80517,,11,3,6020.0,14528210,CRRB,CARROLLTON BANCORP,CRRB,551111.0,Q,A,R,13085,3,6020.0,,,,60.0,602.0,,,,,,,-8.3,0.064103,2565.0,1.0,,-21289.5,CRRB,10.0,,,,,1,1.0,10.0,10.0,,,,,8.0,5.0,4.0,,,,,,10.0,2.0,3.0,5.0,,6.0,,2.0,7.0,,,10.0,5.0,9.0,9.0,,10.0,,4.0,8.0,3.0,9.0,1.0,10.0,2.0,10.0,,,6.0,2.0,7,10.0,10,1
2008-11-03,80517,,11,3,6020.0,14528210,CRRB,CARROLLTON BANCORP,CRRB,551111.0,Q,A,R,13085,3,6020.0,,,,60.0,602.0,,,,,,,8.77,0.056627,2565.0,1.0,8.77,22495.05,CRRB,10.0,,,,,1,1.0,10.0,10.0,,,,,8.0,5.0,4.0,,,,,,10.0,2.0,3.0,5.0,,6.0,,1.0,7.0,,,10.0,3.0,9.0,9.0,,10.0,,,,,1.0,2.0,10.0,3.0,1.0,,,6.0,3.0,7,10.0,10,1
2008-11-04,80517,,11,3,6020.0,14528210,CRRB,CARROLLTON BANCORP,CRRB,551111.0,Q,A,R,13085,3,6020.0,,,,60.0,602.0,,,,,,,-8.4,-0.042189,2565.0,1.0,,-21546.0,CRRB,10.0,,,,,1,1.0,10.0,10.0,,,,,8.0,5.0,4.0,,,,,,10.0,2.0,3.0,5.0,,6.0,,1.0,7.0,,,10.0,3.0,9.0,9.0,,10.0,,,,,1.0,2.0,10.0,3.0,1.0,,,6.0,3.0,7,10.0,10,1
2008-11-05,80517,,11,3,6020.0,14528210,CRRB,CARROLLTON BANCORP,CRRB,551111.0,Q,A,R,13085,3,6020.0,,,,60.0,602.0,,,,,,,-8.3,-0.011905,2565.0,1.0,,-21289.5,CRRB,10.0,,,,,1,1.0,10.0,10.0,,,,,8.0,5.0,4.0,,,,,,10.0,2.0,3.0,5.0,,6.0,,1.0,7.0,,,10.0,3.0,9.0,9.0,,10.0,,,,,1.0,2.0,10.0,3.0,1.0,,,6.0,3.0,7,10.0,10,1
2008-11-06,80517,,11,3,6020.0,14528210,CRRB,CARROLLTON BANCORP,CRRB,551111.0,Q,A,R,13085,3,6020.0,,,,60.0,602.0,,,,,,,-8.4,0.012048,2565.0,1.0,,-21546.0,CRRB,10.0,,,,,1,1.0,10.0,10.0,,,,,8.0,5.0,4.0,,,,,,10.0,2.0,3.0,5.0,,6.0,,1.0,7.0,,,10.0,3.0,9.0,9.0,,10.0,,,,,1.0,2.0,10.0,3.0,1.0,,,6.0,3.0,7,10.0,10,1
2008-11-07,80517,,11,3,6020.0,14528210,CRRB,CARROLLTON BANCORP,CRRB,551111.0,Q,A,R,13085,3,6020.0,,,,60.0,602.0,,,,,,,-8.55,0.017857,2565.0,1.0,,-21930.75,CRRB,10.0,,,,,1,1.0,10.0,10.0,,,,,8.0,5.0,4.0,,,,,,10.0,2.0,3.0,5.0,,6.0,,1.0,7.0,,,10.0,3.0,9.0,9.0,,10.0,,,,,1.0,2.0,10.0,3.0,1.0,,,6.0,3.0,7,10.0,10,1
2008-11-10,80517,,11,3,6020.0,14528210,CRRB,CARROLLTON BANCORP,CRRB,551111.0,Q,A,R,13085,3,6020.0,,,,60.0,602.0,,,,,,,-8.68,0.015205,2565.0,1.0,,-22264.2,CRRB,10.0,,,,,1,1.0,10.0,10.0,,,,,8.0,5.0,4.0,,,,,,10.0,2.0,3.0,5.0,,6.0,,1.0,7.0,,,10.0,3.0,9.0,9.0,,10.0,,,,,1.0,2.0,10.0,3.0,1.0,,,6.0,3.0,7,10.0,10,1
2008-11-11,80517,,11,3,6020.0,14528210,CRRB,CARROLLTON BANCORP,CRRB,551111.0,Q,A,R,13085,3,6020.0,,,,60.0,602.0,,,,,,,-8.65,-0.003456,2565.0,1.0,,-22187.25,CRRB,10.0,,,,,1,1.0,10.0,10.0,,,,,8.0,5.0,4.0,,,,,,10.0,2.0,3.0,5.0,,6.0,,1.0,7.0,,,10.0,3.0,9.0,9.0,,10.0,,,,,1.0,2.0,10.0,3.0,1.0,,,6.0,3.0,7,10.0,10,1
2008-11-12,80517,,11,3,6020.0,14528210,CRRB,CARROLLTON BANCORP,CRRB,551111.0,Q,A,R,13085,3,6020.0,,,,60.0,602.0,1232.0,0.12,0.0,,,,8.32,-0.024277,2565.0,1.0,8.32,21340.8,CRRB,10.0,,,,,1,1.0,10.0,10.0,,,,,8.0,5.0,4.0,,,,,,10.0,2.0,3.0,5.0,,6.0,,1.0,7.0,,,10.0,3.0,9.0,9.0,,10.0,,,,,1.0,2.0,10.0,3.0,1.0,,,6.0,3.0,7,10.0,10,1
2008-11-13,80517,,11,3,6020.0,14528210,CRRB,CARROLLTON BANCORP,CRRB,551111.0,Q,A,R,13085,3,6020.0,,,,60.0,602.0,,,,,,,-8.525,0.024639,2565.0,1.0,,-21866.625,CRRB,10.0,,,,,1,1.0,10.0,10.0,,,,,8.0,5.0,4.0,,,,,,10.0,2.0,3.0,5.0,,6.0,,1.0,7.0,,,10.0,3.0,9.0,9.0,,10.0,,,,,1.0,2.0,10.0,3.0,1.0,,,6.0,3.0,7,10.0,10,1
2008-11-14,80517,,11,3,6020.0,14528210,CRRB,CARROLLTON BANCORP,CRRB,551111.0,Q,A,R,13085,3,6020.0,,,,60.0,602.0,,,,,,,9.048,0.061349,2565.0,1.0,9.048,23208.12,CRRB,10.0,,,,,1,1.0,10.0,10.0,,,,,8.0,5.0,4.0,,,,,,10.0,2.0,3.0,5.0,,6.0,,1.0,7.0,,,10.0,3.0,9.0,9.0,,10.0,,,,,1.0,2.0,10.0,3.0,1.0,,,6.0,3.0,7,10.0,10,1
2008-11-17,80517,,11,3,6020.0,14528210,CRRB,CARROLLTON BANCORP,CRRB,551111.0,Q,A,R,13085,3,6020.0,,,,60.0,602.0,,,,,,,-8.625,-0.046751,2565.0,1.0,,-22123.125,CRRB,10.0,,,,,1,1.0,10.0,10.0,,,,,8.0,5.0,4.0,,,,,,10.0,2.0,3.0,5.0,,6.0,,1.0,7.0,,,10.0,3.0,9.0,9.0,,10.0,,,,,1.0,2.0,10.0,3.0,1.0,,,6.0,3.0,7,10.0,10,1
2008-11-18,80517,,11,3,6020.0,14528210,CRRB,CARROLLTON BANCORP,CRRB,551111.0,Q,A,R,13085,3,6020.0,,,,60.0,602.0,,,,,,,8.02,-0.070145,2565.0,1.0,9.05,20571.3,CRRB,10.0,,,,,1,1.0,10.0,10.0,,,,,8.0,5.0,4.0,,,,,,10.0,2.0,3.0,5.0,,6.0,,1.0,7.0,,,10.0,3.0,9.0,9.0,,10.0,,,,,1.0,2.0,10.0,3.0,1.0,,,6.0,3.0,7,10.0,10,1
2008-11-19,80517,,11,3,6020.0,14528210,CRRB,CARROLLTON BANCORP,CRRB,551111.0,Q,A,R,13085,3,6020.0,,,,60.0,602.0,,,,,,,7.75,-0.033666,2565.0,1.0,7.75,19878.75,CRRB,10.0,,,,,1,1.0,10.0,10.0,,,,,8.0,5.0,4.0,,,,,,10.0,2.0,3.0,5.0,,6.0,,1.0,7.0,,,10.0,3.0,9.0,9.0,,10.0,,,,,1.0,2.0,10.0,3.0,1.0,,,6.0,3.0,7,10.0,10,1
2008-11-20,80517,,11,3,6020.0,14528210,CRRB,CARROLLTON BANCORP,CRRB,551111.0,Q,A,R,13085,3,6020.0,,,,60.0,602.0,,,,,,,7.65,-0.012903,2565.0,1.0,7.62,19622.25,CRRB,10.0,,,,,1,1.0,10.0,10.0,,,,,8.0,5.0,4.0,,,,,,10.0,2.0,3.0,5.0,,6.0,,1.0,7.0,,,10.0,3.0,9.0,9.0,,10.0,,,,,1.0,2.0,10.0,3.0,1.0,,,6.0,3.0,7,10.0,10,1
2008-11-21,80517,,11,3,6020.0,14528210,CRRB,CARROLLTON BANCORP,CRRB,551111.0,Q,A,R,13085,3,6020.0,,,,60.0,602.0,,,,,,,6.7,-0.124183,2565.0,1.0,7.5,17185.5,CRRB,10.0,,,,,1,1.0,10.0,10.0,,,,,8.0,5.0,4.0,,,,,,10.0,2.0,3.0,5.0,,6.0,,1.0,7.0,,,10.0,3.0,9.0,9.0,,10.0,,,,,1.0,2.0,10.0,3.0,1.0,,,6.0,3.0,7,10.0,10,1
2008-11-24,80517,,11,3,6020.0,14528210,CRRB,CARROLLTON BANCORP,CRRB,551111.0,Q,A,R,13085,3,6020.0,,,,60.0,602.0,,,,,,,7.0,0.044776,2565.0,1.0,6.39,17955.0,CRRB,10.0,,,,,1,1.0,10.0,10.0,,,,,8.0,5.0,4.0,,,,,,10.0,2.0,3.0,5.0,,6.0,,1.0,7.0,,,10.0,3.0,9.0,9.0,,10.0,,,,,1.0,2.0,10.0,3.0,1.0,,,6.0,3.0,7,10.0,10,1
2008-11-25,80517,,11,3,6020.0,14528210,CRRB,CARROLLTON BANCORP,CRRB,551111.0,Q,A,R,13085,3,6020.0,,,,60.0,602.0,,,,,,,7.92,0.131429,2565.0,1.0,7.0,20314.8,CRRB,10.0,,,,,1,1.0,10.0,10.0,,,,,8.0,5.0,4.0,,,,,,10.0,2.0,3.0,5.0,,6.0,,1.0,7.0,,,10.0,3.0,9.0,9.0,,10.0,,,,,1.0,2.0,10.0,3.0,1.0,,,6.0,3.0,7,10.0,10,1
2008-11-26,80517,,11,3,6020.0,14528210,CRRB,CARROLLTON BANCORP,CRRB,551111.0,Q,A,R,13085,3,6020.0,,,,60.0,602.0,,,,,,,7.01,-0.114899,2565.0,1.0,8.65,17980.65,CRRB,10.0,,,,,1,1.0,10.0,10.0,,,,,8.0,5.0,4.0,,,,,,10.0,2.0,3.0,5.0,,6.0,,1.0,7.0,,,10.0,3.0,9.0,9.0,,10.0,,,,,1.0,2.0,10.0,3.0,1.0,,,6.0,3.0,7,10.0,10,1
2008-11-28,80517,,11,3,6020.0,14528210,CRRB,CARROLLTON BANCORP,CRRB,551111.0,Q,A,R,13085,3,6020.0,,,,60.0,602.0,,,,,,,-7.55,0.077033,2565.0,1.0,,-19365.75,CRRB,10.0,,,,,1,1.0,10.0,10.0,,,,,8.0,5.0,4.0,,,,,,10.0,2.0,3.0,5.0,,6.0,,1.0,7.0,,,10.0,3.0,9.0,9.0,,10.0,,,,,1.0,2.0,10.0,3.0,1.0,,,6.0,3.0,7,10.0,10,1
2008-12-01,80517,,11,3,6020.0,14528210,CRRB,CARROLLTON BANCORP,CRRB,551111.0,Q,A,R,13085,3,6020.0,,,,60.0,602.0,,,,,,,7.55,0.0,2565.0,1.0,8.25,19365.75,CRRB,10.0,,,,,1,1.0,10.0,10.0,,,,,8.0,5.0,4.0,,,,,,10.0,2.0,3.0,5.0,,6.0,,4.0,7.0,,,10.0,6.0,8.0,9.0,,10.0,,3.0,3.0,3.0,5.0,3.0,10.0,8.0,2.0,,,6.0,3.0,7,10.0,10,1
2008-12-02,80517,,11,3,6020.0,14528210,CRRB,CARROLLTON BANCORP,CRRB,551111.0,Q,A,R,13085,3,6020.0,,,,60.0,602.0,,,,,,,8.25,0.092715,2565.0,1.0,8.23,21161.25,CRRB,10.0,,,,,1,1.0,10.0,10.0,,,,,8.0,5.0,4.0,,,,,,10.0,2.0,3.0,5.0,,6.0,,4.0,7.0,,,10.0,6.0,8.0,9.0,,10.0,,3.0,3.0,3.0,5.0,3.0,10.0,8.0,2.0,,,6.0,3.0,7,10.0,10,1
2008-12-03,80517,,11,3,6020.0,14528210,CRRB,CARROLLTON BANCORP,CRRB,551111.0,Q,A,R,13085,3,6020.0,,,,60.0,602.0,,,,,,,-7.65,-0.072727,2565.0,1.0,,-19622.25,CRRB,10.0,,,,,1,1.0,10.0,10.0,,,,,8.0,5.0,4.0,,,,,,10.0,2.0,3.0,5.0,,6.0,,4.0,7.0,,,10.0,6.0,8.0,9.0,,10.0,,3.0,3.0,3.0,5.0,3.0,10.0,8.0,2.0,,,6.0,3.0,7,10.0,10,1
2008-12-04,80517,,11,3,6020.0,14528210,CRRB,CARROLLTON BANCORP,CRRB,551111.0,Q,A,R,13085,3,6020.0,,,,60.0,602.0,,,,,,,8.25,0.078431,2565.0,1.0,8.25,21161.25,CRRB,10.0,,,,,1,1.0,10.0,10.0,,,,,8.0,5.0,4.0,,,,,,10.0,2.0,3.0,5.0,,6.0,,4.0,7.0,,,10.0,6.0,8.0,9.0,,10.0,,3.0,3.0,3.0,5.0,3.0,10.0,8.0,2.0,,,6.0,3.0,7,10.0,10,1
2008-12-05,80517,,11,3,6020.0,14528210,CRRB,CARROLLTON BANCORP,CRRB,551111.0,Q,A,R,13085,3,6020.0,,,,60.0,602.0,,,,,,,-7.6,-0.078788,2565.0,1.0,,-19494.0,CRRB,10.0,,,,,1,1.0,10.0,10.0,,,,,8.0,5.0,4.0,,,,,,10.0,2.0,3.0,5.0,,6.0,,4.0,7.0,,,10.0,6.0,8.0,9.0,,10.0,,3.0,3.0,3.0,5.0,3.0,10.0,8.0,2.0,,,6.0,3.0,7,10.0,10,1
2008-12-08,80517,,11,3,6020.0,14528210,CRRB,CARROLLTON BANCORP,CRRB,551111.0,Q,A,R,13085,3,6020.0,,,,60.0,602.0,,,,,,,-7.55,-0.006579,2565.0,1.0,,-19365.75,CRRB,10.0,,,,,1,1.0,10.0,10.0,,,,,8.0,5.0,4.0,,,,,,10.0,2.0,3.0,5.0,,6.0,,4.0,7.0,,,10.0,6.0,8.0,9.0,,10.0,,3.0,3.0,3.0,5.0,3.0,10.0,8.0,2.0,,,6.0,3.0,7,10.0,10,1
2008-12-09,80517,,11,3,6020.0,14528210,CRRB,CARROLLTON BANCORP,CRRB,551111.0,Q,A,R,13085,3,6020.0,,,,60.0,602.0,,,,,,,6.7,-0.112583,2565.0,1.0,7.05,17185.5,CRRB,10.0,,,,,1,1.0,10.0,10.0,,,,,8.0,5.0,4.0,,,,,,10.0,2.0,3.0,5.0,,6.0,,4.0,7.0,,,10.0,6.0,8.0,9.0,,10.0,,3.0,3.0,3.0,5.0,3.0,10.0,8.0,2.0,,,6.0,3.0,7,10.0,10,1
2008-12-10,80517,,11,3,6020.0,14528210,CRRB,CARROLLTON BANCORP,CRRB,551111.0,Q,A,R,13085,3,6020.0,,,,60.0,602.0,,,,,,,6.23,-0.070149,2565.0,1.0,7.0,15979.95,CRRB,10.0,,,,,1,1.0,10.0,10.0,,,,,8.0,5.0,4.0,,,,,,10.0,2.0,3.0,5.0,,6.0,,4.0,7.0,,,10.0,6.0,8.0,9.0,,10.0,,3.0,3.0,3.0,5.0,3.0,10.0,8.0,2.0,,,6.0,3.0,7,10.0,10,1
2008-12-11,80517,,11,3,6020.0,14528210,CRRB,CARROLLTON BANCORP,CRRB,551111.0,Q,A,R,13085,3,6020.0,,,,60.0,602.0,,,,,,,6.5,0.043339,2565.0,1.0,7.07,16672.5,CRRB,10.0,,,,,1,1.0,10.0,10.0,,,,,8.0,5.0,4.0,,,,,,10.0,2.0,3.0,5.0,,6.0,,4.0,7.0,,,10.0,6.0,8.0,9.0,,10.0,,3.0,3.0,3.0,5.0,3.0,10.0,8.0,2.0,,,6.0,3.0,7,10.0,10,1
2008-12-12,80517,,11,3,6020.0,14528210,CRRB,CARROLLTON BANCORP,CRRB,551111.0,Q,A,R,13085,3,6020.0,,,,60.0,602.0,,,,,,,-6.55,0.007692,2565.0,1.0,,-16800.75,CRRB,10.0,,,,,1,1.0,10.0,10.0,,,,,8.0,5.0,4.0,,,,,,10.0,2.0,3.0,5.0,,6.0,,4.0,7.0,,,10.0,6.0,8.0,9.0,,10.0,,3.0,3.0,3.0,5.0,3.0,10.0,8.0,2.0,,,6.0,3.0,7,10.0,10,1
2008-12-15,80517,,11,3,6020.0,14528210,CRRB,CARROLLTON BANCORP,CRRB,551111.0,Q,A,R,13085,3,6020.0,,,,60.0,602.0,,,,,,,6.6,0.007634,2565.0,1.0,6.595,16929.0,CRRB,10.0,,,,,1,1.0,10.0,10.0,,,,,8.0,5.0,4.0,,,,,,10.0,2.0,3.0,5.0,,6.0,,4.0,7.0,,,10.0,6.0,8.0,9.0,,10.0,,3.0,3.0,3.0,5.0,3.0,10.0,8.0,2.0,,,6.0,3.0,7,10.0,10,1
2008-12-16,80517,,11,3,6020.0,14528210,CRRB,CARROLLTON BANCORP,CRRB,551111.0,Q,A,R,13085,3,6020.0,,,,60.0,602.0,,,,,,,-6.75,0.022727,2565.0,1.0,,-17313.75,CRRB,10.0,,,,,1,1.0,10.0,10.0,,,,,8.0,5.0,4.0,,,,,,10.0,2.0,3.0,5.0,,6.0,,4.0,7.0,,,10.0,6.0,8.0,9.0,,10.0,,3.0,3.0,3.0,5.0,3.0,10.0,8.0,2.0,,,6.0,3.0,7,10.0,10,1
2008-12-17,80517,,11,3,6020.0,14528210,CRRB,CARROLLTON BANCORP,CRRB,551111.0,Q,A,R,13085,3,6020.0,,,,60.0,602.0,,,,,,,6.9,0.022222,2565.0,1.0,7.0,17698.5,CRRB,10.0,,,,,1,1.0,10.0,10.0,,,,,8.0,5.0,4.0,,,,,,10.0,2.0,3.0,5.0,,6.0,,4.0,7.0,,,10.0,6.0,8.0,9.0,,10.0,,3.0,3.0,3.0,5.0,3.0,10.0,8.0,2.0,,,6.0,3.0,7,10.0,10,1
2008-12-18,80517,,11,3,6020.0,14528210,CRRB,CARROLLTON BANCORP,CRRB,551111.0,Q,A,R,13085,3,6020.0,,,,60.0,602.0,,,,,,,6.9,0.0,2565.0,1.0,6.9,17698.5,CRRB,10.0,,,,,1,1.0,10.0,10.0,,,,,8.0,5.0,4.0,,,,,,10.0,2.0,3.0,5.0,,6.0,,4.0,7.0,,,10.0,6.0,8.0,9.0,,10.0,,3.0,3.0,3.0,5.0,3.0,10.0,8.0,2.0,,,6.0,3.0,7,10.0,10,1
2008-12-19,80517,,11,3,6020.0,14528210,CRRB,CARROLLTON BANCORP,CRRB,551111.0,Q,A,R,13085,3,6020.0,,,,60.0,602.0,,,,,,,-7.125,0.032609,2565.0,1.0,,-18275.625,CRRB,10.0,,,,,1,1.0,10.0,10.0,,,,,8.0,5.0,4.0,,,,,,10.0,2.0,3.0,5.0,,6.0,,4.0,7.0,,,10.0,6.0,8.0,9.0,,10.0,,3.0,3.0,3.0,5.0,3.0,10.0,8.0,2.0,,,6.0,3.0,7,10.0,10,1
2008-12-22,80517,,11,3,6020.0,14528210,CRRB,CARROLLTON BANCORP,CRRB,551111.0,Q,A,R,13085,3,6020.0,,,,60.0,602.0,,,,,,,-7.13,0.000702,2565.0,1.0,,-18288.45,CRRB,10.0,,,,,1,1.0,10.0,10.0,,,,,8.0,5.0,4.0,,,,,,10.0,2.0,3.0,5.0,,6.0,,4.0,7.0,,,10.0,6.0,8.0,9.0,,10.0,,3.0,3.0,3.0,5.0,3.0,10.0,8.0,2.0,,,6.0,3.0,7,10.0,10,1
2008-12-23,80517,,11,3,6020.0,14528210,CRRB,CARROLLTON BANCORP,CRRB,551111.0,Q,A,R,13085,3,6020.0,,,,60.0,602.0,,,,,,,6.7,-0.060309,2565.0,1.0,6.79,17185.5,CRRB,10.0,,,,,1,1.0,10.0,10.0,,,,,8.0,5.0,4.0,,,,,,10.0,2.0,3.0,5.0,,6.0,,4.0,7.0,,,10.0,6.0,8.0,9.0,,10.0,,3.0,3.0,3.0,5.0,3.0,10.0,8.0,2.0,,,6.0,3.0,7,10.0,10,1
2008-12-24,80517,,11,3,6020.0,14528210,CRRB,CARROLLTON BANCORP,CRRB,551111.0,Q,A,R,13085,3,6020.0,,,,60.0,602.0,,,,,,,6.7,0.0,2565.0,1.0,6.26,17185.5,CRRB,10.0,,,,,1,1.0,10.0,10.0,,,,,8.0,5.0,4.0,,,,,,10.0,2.0,3.0,5.0,,6.0,,4.0,7.0,,,10.0,6.0,8.0,9.0,,10.0,,3.0,3.0,3.0,5.0,3.0,10.0,8.0,2.0,,,6.0,3.0,7,10.0,10,1
2008-12-26,80517,,11,3,6020.0,14528210,CRRB,CARROLLTON BANCORP,CRRB,551111.0,Q,A,R,13085,3,6020.0,,,,60.0,602.0,,,,,,,6.45,-0.037313,2565.0,1.0,6.45,16544.25,CRRB,10.0,,,,,1,1.0,10.0,10.0,,,,,8.0,5.0,4.0,,,,,,10.0,2.0,3.0,5.0,,6.0,,4.0,7.0,,,10.0,6.0,8.0,9.0,,10.0,,3.0,3.0,3.0,5.0,3.0,10.0,8.0,2.0,,,6.0,3.0,7,10.0,10,1
2008-12-29,80517,,11,3,6020.0,14528210,CRRB,CARROLLTON BANCORP,CRRB,551111.0,Q,A,R,13085,3,6020.0,,,,60.0,602.0,,,,,,,6.36,-0.013953,2565.0,1.0,6.5,16313.4,CRRB,10.0,,,,,1,1.0,10.0,10.0,,,,,8.0,5.0,4.0,,,,,,10.0,2.0,3.0,5.0,,6.0,,4.0,7.0,,,10.0,6.0,8.0,9.0,,10.0,,3.0,3.0,3.0,5.0,3.0,10.0,8.0,2.0,,,6.0,3.0,7,10.0,10,1
2008-12-30,80517,,11,3,6020.0,14528210,CRRB,CARROLLTON BANCORP,CRRB,551111.0,Q,A,R,13085,3,6020.0,,,,60.0,602.0,,,,,,,6.5,0.022013,2565.0,1.0,6.2,16672.5,CRRB,10.0,,,,,1,1.0,10.0,10.0,,,,,8.0,5.0,4.0,,,,,,10.0,2.0,3.0,5.0,,6.0,,4.0,7.0,,,10.0,6.0,8.0,9.0,,10.0,,3.0,3.0,3.0,5.0,3.0,10.0,8.0,2.0,,,6.0,3.0,7,10.0,10,1
2008-12-31,80517,,11,3,6020.0,14528210,CRRB,CARROLLTON BANCORP,CRRB,551111.0,Q,A,R,13085,3,6020.0,,,,60.0,602.0,,,,,,,5.81,-0.106154,2565.0,1.0,6.12,14902.65,CRRB,10.0,,,,,1,1.0,10.0,10.0,,,,,8.0,5.0,4.0,,,,,,10.0,2.0,3.0,5.0,,6.0,,4.0,7.0,,,10.0,6.0,8.0,9.0,,10.0,,3.0,3.0,3.0,5.0,3.0,10.0,8.0,2.0,,,6.0,3.0,7,10.0,10,1
2009-01-02,80517,,11,3,6020.0,14528210,CRRB,CARROLLTON BANCORP,CRRB,551111.0,Q,A,R,13085,3,6020.0,,,,60.0,602.0,,,,,,,5.3,-0.08778,2565.0,1.0,5.3,13594.5,CRRB,10.0,,,,,1,1.0,10.0,10.0,,,,,8.0,5.0,4.0,,,,,,10.0,2.0,3.0,5.0,,6.0,,5.0,8.0,,,10.0,6.0,8.0,8.0,,10.0,,3.0,3.0,3.0,10.0,4.0,10.0,3.0,10.0,,,7.0,2.0,7,10.0,10,1
2009-01-05,80517,,11,3,6020.0,14528210,CRRB,CARROLLTON BANCORP,CRRB,551111.0,Q,A,R,13085,3,6020.0,,,,60.0,602.0,,,,,,,5.5,0.037736,2565.0,1.0,6.1,14107.5,CRRB,10.0,,,,,1,1.0,10.0,10.0,,,,,8.0,5.0,4.0,,,,,,10.0,2.0,3.0,5.0,,6.0,,5.0,8.0,,,10.0,6.0,8.0,8.0,,10.0,,3.0,3.0,3.0,10.0,4.0,10.0,3.0,10.0,,,7.0,2.0,7,10.0,10,1
2009-01-06,80517,,11,3,6020.0,14528210,CRRB,CARROLLTON BANCORP,CRRB,551111.0,Q,A,R,13085,3,6020.0,,,,60.0,602.0,,,,,,,6.26,0.138182,2565.0,1.0,6.17,16056.9,CRRB,10.0,,,,,1,1.0,10.0,10.0,,,,,8.0,5.0,4.0,,,,,,10.0,2.0,3.0,5.0,,6.0,,5.0,8.0,,,10.0,6.0,8.0,8.0,,10.0,,3.0,3.0,3.0,10.0,4.0,10.0,3.0,10.0,,,7.0,2.0,7,10.0,10,1
2009-01-07,80517,,11,3,6020.0,14528210,CRRB,CARROLLTON BANCORP,CRRB,551111.0,Q,A,R,13085,3,6020.0,,,,60.0,602.0,,,,,,,-6.695,0.069489,2565.0,1.0,,-17172.675,CRRB,10.0,,,,,1,1.0,10.0,10.0,,,,,8.0,5.0,4.0,,,,,,10.0,2.0,3.0,5.0,,6.0,,5.0,8.0,,,10.0,6.0,8.0,8.0,,10.0,,3.0,3.0,3.0,10.0,4.0,10.0,3.0,10.0,,,7.0,2.0,7,10.0,10,1
2009-01-08,80517,,11,3,6020.0,14528210,CRRB,CARROLLTON BANCORP,CRRB,551111.0,Q,A,R,13085,3,6020.0,,,,60.0,602.0,,,,,,,6.5,-0.029126,2565.0,1.0,6.5,16672.5,CRRB,10.0,,,,,1,1.0,10.0,10.0,,,,,8.0,5.0,4.0,,,,,,10.0,2.0,3.0,5.0,,6.0,,5.0,8.0,,,10.0,6.0,8.0,8.0,,10.0,,3.0,3.0,3.0,10.0,4.0,10.0,3.0,10.0,,,7.0,2.0,7,10.0,10,1
2009-01-09,80517,,11,3,6020.0,14528210,CRRB,CARROLLTON BANCORP,CRRB,551111.0,Q,A,R,13085,3,6020.0,,,,60.0,602.0,,,,,,,6.5,0.0,2565.0,1.0,6.5,16672.5,CRRB,10.0,,,,,1,1.0,10.0,10.0,,,,,8.0,5.0,4.0,,,,,,10.0,2.0,3.0,5.0,,6.0,,5.0,8.0,,,10.0,6.0,8.0,8.0,,10.0,,3.0,3.0,3.0,10.0,4.0,10.0,3.0,10.0,,,7.0,2.0,7,10.0,10,1
2009-01-12,80517,,11,3,6020.0,14528210,CRRB,CARROLLTON BANCORP,CRRB,551111.0,Q,A,R,13085,3,6020.0,,,,60.0,602.0,,,,,,,6.05,-0.069231,2565.0,1.0,6.5,15518.25,CRRB,10.0,,,,,1,1.0,10.0,10.0,,,,,8.0,5.0,4.0,,,,,,10.0,2.0,3.0,5.0,,6.0,,5.0,8.0,,,10.0,6.0,8.0,8.0,,10.0,,3.0,3.0,3.0,10.0,4.0,10.0,3.0,10.0,,,7.0,2.0,7,10.0,10,1
2009-01-13,80517,,11,3,6020.0,14528210,CRRB,CARROLLTON BANCORP,CRRB,551111.0,Q,A,R,13085,3,6020.0,,,,60.0,602.0,,,,,,,6.09,0.006612,2565.0,1.0,6.35,15620.85,CRRB,10.0,,,,,1,1.0,10.0,10.0,,,,,8.0,5.0,4.0,,,,,,10.0,2.0,3.0,5.0,,6.0,,5.0,8.0,,,10.0,6.0,8.0,8.0,,10.0,,3.0,3.0,3.0,10.0,4.0,10.0,3.0,10.0,,,7.0,2.0,7,10.0,10,1
2009-01-14,80517,,11,3,6020.0,14528210,CRRB,CARROLLTON BANCORP,CRRB,551111.0,Q,A,R,13085,3,6020.0,,,,60.0,602.0,,,,,,,6.035,-0.009031,2565.0,1.0,6.12,15479.775,CRRB,10.0,,,,,1,1.0,10.0,10.0,,,,,8.0,5.0,4.0,,,,,,10.0,2.0,3.0,5.0,,6.0,,5.0,8.0,,,10.0,6.0,8.0,8.0,,10.0,,3.0,3.0,3.0,10.0,4.0,10.0,3.0,10.0,,,7.0,2.0,7,10.0,10,1
2009-01-15,80517,,11,3,6020.0,14528210,CRRB,CARROLLTON BANCORP,CRRB,551111.0,Q,A,R,13085,3,6020.0,,,,60.0,602.0,,,,,,,6.5,0.077051,2565.0,1.0,6.805,16672.5,CRRB,10.0,,,,,1,1.0,10.0,10.0,,,,,8.0,5.0,4.0,,,,,,10.0,2.0,3.0,5.0,,6.0,,5.0,8.0,,,10.0,6.0,8.0,8.0,,10.0,,3.0,3.0,3.0,10.0,4.0,10.0,3.0,10.0,,,7.0,2.0,7,10.0,10,1
2009-01-16,80517,,11,3,6020.0,14528210,CRRB,CARROLLTON BANCORP,CRRB,551111.0,Q,A,R,13085,3,6020.0,,,,60.0,602.0,,,,,,,-6.38,-0.018462,2565.0,1.0,,-16364.7,CRRB,10.0,,,,,1,1.0,10.0,10.0,,,,,8.0,5.0,4.0,,,,,,10.0,2.0,3.0,5.0,,6.0,,5.0,8.0,,,10.0,6.0,8.0,8.0,,10.0,,3.0,3.0,3.0,10.0,4.0,10.0,3.0,10.0,,,7.0,2.0,7,10.0,10,1
2009-01-20,80517,,11,3,6020.0,14528210,CRRB,CARROLLTON BANCORP,CRRB,551111.0,Q,A,R,13085,3,6020.0,,,,60.0,602.0,,,,,,,-6.375,-0.000784,2565.0,1.0,,-16351.875,CRRB,10.0,,,,,1,1.0,10.0,10.0,,,,,8.0,5.0,4.0,,,,,,10.0,2.0,3.0,5.0,,6.0,,5.0,8.0,,,10.0,6.0,8.0,8.0,,10.0,,3.0,3.0,3.0,10.0,4.0,10.0,3.0,10.0,,,7.0,2.0,7,10.0,10,1
2009-01-21,80517,,11,3,6020.0,14528210,CRRB,CARROLLTON BANCORP,CRRB,551111.0,Q,A,R,13085,3,6020.0,,,,60.0,602.0,,,,,,,-6.375,0.0,2565.0,1.0,,-16351.875,CRRB,10.0,,,,,1,1.0,10.0,10.0,,,,,8.0,5.0,4.0,,,,,,10.0,2.0,3.0,5.0,,6.0,,5.0,8.0,,,10.0,6.0,8.0,8.0,,10.0,,3.0,3.0,3.0,10.0,4.0,10.0,3.0,10.0,,,7.0,2.0,7,10.0,10,1
2009-01-22,80517,,11,3,6020.0,14528210,CRRB,CARROLLTON BANCORP,CRRB,551111.0,Q,A,R,13085,3,6020.0,,,,60.0,602.0,,,,,,,-6.375,0.0,2565.0,1.0,,-16351.875,CRRB,10.0,,,,,1,1.0,10.0,10.0,,,,,8.0,5.0,4.0,,,,,,10.0,2.0,3.0,5.0,,6.0,,5.0,8.0,,,10.0,6.0,8.0,8.0,,10.0,,3.0,3.0,3.0,10.0,4.0,10.0,3.0,10.0,,,7.0,2.0,7,10.0,10,1
2009-01-23,80517,,11,3,6020.0,14528210,CRRB,CARROLLTON BANCORP,CRRB,551111.0,Q,A,R,13085,3,6020.0,,,,60.0,602.0,,,,,,,5.8,-0.090196,2565.0,1.0,5.8,14877.0,CRRB,10.0,,,,,1,1.0,10.0,10.0,,,,,8.0,5.0,4.0,,,,,,10.0,2.0,3.0,5.0,,6.0,,5.0,8.0,,,10.0,6.0,8.0,8.0,,10.0,,3.0,3.0,3.0,10.0,4.0,10.0,3.0,10.0,,,7.0,2.0,7,10.0,10,1
2009-01-26,80517,,11,3,6020.0,14528210,CRRB,CARROLLTON BANCORP,CRRB,551111.0,Q,A,R,13085,3,6020.0,,,,60.0,602.0,,,,,,,-6.375,0.099138,2565.0,1.0,,-16351.875,CRRB,10.0,,,,,1,1.0,10.0,10.0,,,,,8.0,5.0,4.0,,,,,,10.0,2.0,3.0,5.0,,6.0,,5.0,8.0,,,10.0,6.0,8.0,8.0,,10.0,,3.0,3.0,3.0,10.0,4.0,10.0,3.0,10.0,,,7.0,2.0,7,10.0,10,1
2009-01-27,80517,,11,3,6020.0,14528210,CRRB,CARROLLTON BANCORP,CRRB,551111.0,Q,A,R,13085,3,6020.0,,,,60.0,602.0,,,,,,,-6.375,0.0,2565.0,1.0,,-16351.875,CRRB,10.0,,,,,1,1.0,10.0,10.0,,,,,8.0,5.0,4.0,,,,,,10.0,2.0,3.0,5.0,,6.0,,5.0,8.0,,,10.0,6.0,8.0,8.0,,10.0,,3.0,3.0,3.0,10.0,4.0,10.0,3.0,10.0,,,7.0,2.0,7,10.0,10,1
2009-01-28,80517,,11,3,6020.0,14528210,CRRB,CARROLLTON BANCORP,CRRB,551111.0,Q,A,R,13085,3,6020.0,,,,60.0,602.0,,,,,,,5.9,-0.07451,2565.0,1.0,5.9,15133.5,CRRB,10.0,,,,,1,1.0,10.0,10.0,,,,,8.0,5.0,4.0,,,,,,10.0,2.0,3.0,5.0,,6.0,,5.0,8.0,,,10.0,6.0,8.0,8.0,,10.0,,3.0,3.0,3.0,10.0,4.0,10.0,3.0,10.0,,,7.0,2.0,7,10.0,10,1
2009-01-29,80517,,11,3,6020.0,14528210,CRRB,CARROLLTON BANCORP,CRRB,551111.0,Q,A,R,13085,3,6020.0,,,,60.0,602.0,,,,,,,-6.225,0.055085,2565.0,1.0,,-15967.125,CRRB,10.0,,,,,1,1.0,10.0,10.0,,,,,8.0,5.0,4.0,,,,,,10.0,2.0,3.0,5.0,,6.0,,5.0,8.0,,,10.0,6.0,8.0,8.0,,10.0,,3.0,3.0,3.0,10.0,4.0,10.0,3.0,10.0,,,7.0,2.0,7,10.0,10,1
2009-01-30,80517,,11,3,6020.0,14528210,CRRB,CARROLLTON BANCORP,CRRB,551111.0,Q,A,R,13085,3,6020.0,,,,60.0,602.0,,,,,,,-6.22,-0.000803,2565.0,1.0,,-15954.3,CRRB,10.0,,,,,1,1.0,10.0,10.0,,,,,8.0,5.0,4.0,,,,,,10.0,2.0,3.0,5.0,,6.0,,5.0,8.0,,,10.0,6.0,8.0,8.0,,10.0,,3.0,3.0,3.0,10.0,4.0,10.0,3.0,10.0,,,7.0,2.0,7,10.0,10,1
2009-02-02,80517,,11,3,6020.0,14528210,CRRB,CARROLLTON BANCORP,CRRB,551111.0,Q,A,R,13085,3,6020.0,,,,60.0,602.0,,,,,,,-6.375,0.02492,2565.0,1.0,,-16351.875,CRRB,10.0,,,,,1,1.0,10.0,10.0,,,,,8.0,5.0,4.0,,,,,,10.0,2.0,3.0,5.0,,6.0,,3.0,3.0,,,10.0,3.0,6.0,8.0,,10.0,,4.0,4.0,,2.0,3.0,10.0,3.0,1.0,,,7.0,3.0,7,10.0,10,1
2009-02-03,80517,,11,3,6020.0,14528210,CRRB,CARROLLTON BANCORP,CRRB,551111.0,Q,A,R,13085,3,6020.0,,,,60.0,602.0,,,,,,,6.9999,0.098024,2565.0,1.0,6.9999,17954.7435,CRRB,10.0,,,,,1,1.0,10.0,10.0,,,,,8.0,5.0,4.0,,,,,,10.0,2.0,3.0,5.0,,6.0,,3.0,3.0,,,10.0,3.0,6.0,8.0,,10.0,,4.0,4.0,,2.0,3.0,10.0,3.0,1.0,,,7.0,3.0,7,10.0,10,1
2009-02-04,80517,,11,3,6020.0,14528210,CRRB,CARROLLTON BANCORP,CRRB,551111.0,Q,A,R,13085,3,6020.0,,,,60.0,602.0,,,,,,,-6.38,-0.088558,2565.0,1.0,,-16364.7,CRRB,10.0,,,,,1,1.0,10.0,10.0,,,,,8.0,5.0,4.0,,,,,,10.0,2.0,3.0,5.0,,6.0,,3.0,3.0,,,10.0,3.0,6.0,8.0,,10.0,,4.0,4.0,,2.0,3.0,10.0,3.0,1.0,,,7.0,3.0,7,10.0,10,1
2009-02-05,80517,,11,3,6020.0,14528210,CRRB,CARROLLTON BANCORP,CRRB,551111.0,Q,A,R,13085,3,6020.0,,,,60.0,602.0,,,,,,,-6.375,-0.000784,2565.0,1.0,,-16351.875,CRRB,10.0,,,,,1,1.0,10.0,10.0,,,,,8.0,5.0,4.0,,,,,,10.0,2.0,3.0,5.0,,6.0,,3.0,3.0,,,10.0,3.0,6.0,8.0,,10.0,,4.0,4.0,,2.0,3.0,10.0,3.0,1.0,,,7.0,3.0,7,10.0,10,1
2009-02-06,80517,,11,3,6020.0,14528210,CRRB,CARROLLTON BANCORP,CRRB,551111.0,Q,A,R,13085,3,6020.0,,,,60.0,602.0,,,,,,,5.75,-0.098039,2565.0,1.0,5.75,14748.75,CRRB,10.0,,,,,1,1.0,10.0,10.0,,,,,8.0,5.0,4.0,,,,,,10.0,2.0,3.0,5.0,,6.0,,3.0,3.0,,,10.0,3.0,6.0,8.0,,10.0,,4.0,4.0,,2.0,3.0,10.0,3.0,1.0,,,7.0,3.0,7,10.0,10,1
2009-02-09,80517,,11,3,6020.0,14528210,CRRB,CARROLLTON BANCORP,CRRB,551111.0,Q,A,R,13085,3,6020.0,,,,60.0,602.0,,,,,,,-5.73,-0.003478,2565.0,1.0,,-14697.45,CRRB,10.0,,,,,1,1.0,10.0,10.0,,,,,8.0,5.0,4.0,,,,,,10.0,2.0,3.0,5.0,,6.0,,3.0,3.0,,,10.0,3.0,6.0,8.0,,10.0,,4.0,4.0,,2.0,3.0,10.0,3.0,1.0,,,7.0,3.0,7,10.0,10,1
2009-02-10,80517,,11,3,6020.0,14528210,CRRB,CARROLLTON BANCORP,CRRB,551111.0,Q,A,R,13085,3,6020.0,,,,60.0,602.0,,,,,,,5.91,0.031414,2565.0,1.0,5.91,15159.15,CRRB,10.0,,,,,1,1.0,10.0,10.0,,,,,8.0,5.0,4.0,,,,,,10.0,2.0,3.0,5.0,,6.0,,3.0,3.0,,,10.0,3.0,6.0,8.0,,10.0,,4.0,4.0,,2.0,3.0,10.0,3.0,1.0,,,7.0,3.0,7,10.0,10,1
2009-02-11,80517,,11,3,6020.0,14528210,CRRB,CARROLLTON BANCORP,CRRB,551111.0,Q,A,R,13085,3,6020.0,,,,60.0,602.0,1232.0,0.08,0.0,,,,6.1,0.045685,2565.0,1.0,6.1,15646.5,CRRB,10.0,,,,,1,1.0,10.0,10.0,,,,,8.0,5.0,4.0,,,,,,10.0,2.0,3.0,5.0,,6.0,,3.0,3.0,,,10.0,3.0,6.0,8.0,,10.0,,4.0,4.0,,2.0,3.0,10.0,3.0,1.0,,,7.0,3.0,7,10.0,10,1
2009-02-12,80517,,11,3,6020.0,14528210,CRRB,CARROLLTON BANCORP,CRRB,551111.0,Q,A,R,13085,3,6020.0,,,,60.0,602.0,,,,,,,-6.37,0.044262,2565.0,1.0,,-16339.05,CRRB,10.0,,,,,1,1.0,10.0,10.0,,,,,8.0,5.0,4.0,,,,,,10.0,2.0,3.0,5.0,,6.0,,3.0,3.0,,,10.0,3.0,6.0,8.0,,10.0,,4.0,4.0,,2.0,3.0,10.0,3.0,1.0,,,7.0,3.0,7,10.0,10,1
2009-02-13,80517,,11,3,6020.0,14528210,CRRB,CARROLLTON BANCORP,CRRB,551111.0,Q,A,R,13085,3,6020.0,,,,60.0,602.0,,,,,,,-6.55,0.028258,2565.0,1.0,,-16800.75,CRRB,10.0,,,,,1,1.0,10.0,10.0,,,,,8.0,5.0,4.0,,,,,,10.0,2.0,3.0,5.0,,6.0,,3.0,3.0,,,10.0,3.0,6.0,8.0,,10.0,,4.0,4.0,,2.0,3.0,10.0,3.0,1.0,,,7.0,3.0,7,10.0,10,1
2009-02-17,80517,,11,3,6020.0,14528210,CRRB,CARROLLTON BANCORP,CRRB,551111.0,Q,A,R,13085,3,6020.0,,,,60.0,602.0,,,,,,,-6.55,0.0,2565.0,1.0,,-16800.75,CRRB,10.0,,,,,1,1.0,10.0,10.0,,,,,8.0,5.0,4.0,,,,,,10.0,2.0,3.0,5.0,,6.0,,3.0,3.0,,,10.0,3.0,6.0,8.0,,10.0,,4.0,4.0,,2.0,3.0,10.0,3.0,1.0,,,7.0,3.0,7,10.0,10,1
2009-02-18,80517,,11,3,6020.0,14528210,CRRB,CARROLLTON BANCORP,CRRB,551111.0,Q,A,R,13085,3,6020.0,,,,60.0,602.0,,,,,,,3.93,-0.4,2565.0,1.0,6.1,10080.45,CRRB,10.0,,,,,1,1.0,10.0,10.0,,,,,8.0,5.0,4.0,,,,,,10.0,2.0,3.0,5.0,,6.0,,3.0,3.0,,,10.0,3.0,6.0,8.0,,10.0,,4.0,4.0,,2.0,3.0,10.0,3.0,1.0,,,7.0,3.0,7,10.0,10,1
2009-02-19,80517,,11,3,6020.0,14528210,CRRB,CARROLLTON BANCORP,CRRB,551111.0,Q,A,R,13085,3,6020.0,,,,60.0,602.0,,,,,,,5.25,0.335878,2565.0,1.0,4.32,13466.25,CRRB,10.0,,,,,1,1.0,10.0,10.0,,,,,8.0,5.0,4.0,,,,,,10.0,2.0,3.0,5.0,,6.0,,3.0,3.0,,,10.0,3.0,6.0,8.0,,10.0,,4.0,4.0,,2.0,3.0,10.0,3.0,1.0,,,7.0,3.0,7,10.0,10,1
2009-02-20,80517,,11,3,6020.0,14528210,CRRB,CARROLLTON BANCORP,CRRB,551111.0,Q,A,R,13085,3,6020.0,,,,60.0,602.0,,,,,,,5.52,0.051429,2565.0,1.0,5.94,14158.8,CRRB,10.0,,,,,1,1.0,10.0,10.0,,,,,8.0,5.0,4.0,,,,,,10.0,2.0,3.0,5.0,,6.0,,3.0,3.0,,,10.0,3.0,6.0,8.0,,10.0,,4.0,4.0,,2.0,3.0,10.0,3.0,1.0,,,7.0,3.0,7,10.0,10,1
2009-02-23,80517,,11,3,6020.0,14528210,CRRB,CARROLLTON BANCORP,CRRB,551111.0,Q,A,R,13085,3,6020.0,,,,60.0,602.0,,,,,,,6.0,0.086957,2565.0,1.0,5.99,15390.0,CRRB,10.0,,,,,1,1.0,10.0,10.0,,,,,8.0,5.0,4.0,,,,,,10.0,2.0,3.0,5.0,,6.0,,3.0,3.0,,,10.0,3.0,6.0,8.0,,10.0,,4.0,4.0,,2.0,3.0,10.0,3.0,1.0,,,7.0,3.0,7,10.0,10,1
2009-02-24,80517,,11,3,6020.0,14528210,CRRB,CARROLLTON BANCORP,CRRB,551111.0,Q,A,R,13085,3,6020.0,,,,60.0,602.0,,,,,,,-5.75,-0.041667,2565.0,1.0,,-14748.75,CRRB,10.0,,,,,1,1.0,10.0,10.0,,,,,8.0,5.0,4.0,,,,,,10.0,2.0,3.0,5.0,,6.0,,3.0,3.0,,,10.0,3.0,6.0,8.0,,10.0,,4.0,4.0,,2.0,3.0,10.0,3.0,1.0,,,7.0,3.0,7,10.0,10,1
2009-02-25,80517,,11,3,6020.0,14528210,CRRB,CARROLLTON BANCORP,CRRB,551111.0,Q,A,R,13085,3,6020.0,,,,60.0,602.0,,,,,,,6.0,0.043478,2565.0,1.0,6.0,15390.0,CRRB,10.0,,,,,1,1.0,10.0,10.0,,,,,8.0,5.0,4.0,,,,,,10.0,2.0,3.0,5.0,,6.0,,3.0,3.0,,,10.0,3.0,6.0,8.0,,10.0,,4.0,4.0,,2.0,3.0,10.0,3.0,1.0,,,7.0,3.0,7,10.0,10,1
2009-02-26,80517,,11,3,6020.0,14528210,CRRB,CARROLLTON BANCORP,CRRB,551111.0,Q,A,R,13085,3,6020.0,,,,60.0,602.0,,,,,,,-5.75,-0.041667,2565.0,1.0,,-14748.75,CRRB,10.0,,,,,1,1.0,10.0,10.0,,,,,8.0,5.0,4.0,,,,,,10.0,2.0,3.0,5.0,,6.0,,3.0,3.0,,,10.0,3.0,6.0,8.0,,10.0,,4.0,4.0,,2.0,3.0,10.0,3.0,1.0,,,7.0,3.0,7,10.0,10,1
2009-02-27,80517,,11,3,6020.0,14528210,CRRB,CARROLLTON BANCORP,CRRB,551111.0,Q,A,R,13085,3,6020.0,,,,60.0,602.0,,,,,,,6.0,0.043478,2565.0,1.0,6.0,15390.0,CRRB,10.0,,,,,1,1.0,10.0,10.0,,,,,8.0,5.0,4.0,,,,,,10.0,2.0,3.0,5.0,,6.0,,3.0,3.0,,,10.0,3.0,6.0,8.0,,10.0,,4.0,4.0,,2.0,3.0,10.0,3.0,1.0,,,7.0,3.0,7,10.0,10,1
2009-03-02,80517,,11,3,6020.0,14528210,CRRB,CARROLLTON BANCORP,CRRB,551111.0,Q,A,R,13085,3,6020.0,,,,60.0,602.0,,,,,,,6.0,0.0,2565.0,1.0,6.0,15390.0,CRRB,10.0,,,,,1,1.0,10.0,10.0,,,,,8.0,5.0,4.0,,,,,,10.0,2.0,3.0,5.0,,6.0,,3.0,2.0,,,10.0,4.0,3.0,8.0,,10.0,,,,,3.0,1.0,10.0,8.0,1.0,,,7.0,3.0,7,10.0,10,1
2009-03-03,80517,,11,3,6020.0,14528210,CRRB,CARROLLTON BANCORP,CRRB,551111.0,Q,A,R,13085,3,6020.0,,,,60.0,602.0,,,,,,,5.6,-0.066667,2565.0,1.0,6.53,14364.0,CRRB,10.0,,,,,1,1.0,10.0,10.0,,,,,8.0,5.0,4.0,,,,,,10.0,2.0,3.0,5.0,,6.0,,3.0,2.0,,,10.0,4.0,3.0,8.0,,10.0,,,,,3.0,1.0,10.0,8.0,1.0,,,7.0,3.0,7,10.0,10,1
2009-03-04,80517,,11,3,6020.0,14528210,CRRB,CARROLLTON BANCORP,CRRB,551111.0,Q,A,R,13085,3,6020.0,,,,60.0,602.0,,,,,,,-6.05,0.080357,2565.0,1.0,,-15518.25,CRRB,10.0,,,,,1,1.0,10.0,10.0,,,,,8.0,5.0,4.0,,,,,,10.0,2.0,3.0,5.0,,6.0,,3.0,2.0,,,10.0,4.0,3.0,8.0,,10.0,,,,,3.0,1.0,10.0,8.0,1.0,,,7.0,3.0,7,10.0,10,1
2009-03-05,80517,,11,3,6020.0,14528210,CRRB,CARROLLTON BANCORP,CRRB,551111.0,Q,A,R,13085,3,6020.0,,,,60.0,602.0,,,,,,,-6.1,0.008264,2565.0,1.0,,-15646.5,CRRB,10.0,,,,,1,1.0,10.0,10.0,,,,,8.0,5.0,4.0,,,,,,10.0,2.0,3.0,5.0,,6.0,,3.0,2.0,,,10.0,4.0,3.0,8.0,,10.0,,,,,3.0,1.0,10.0,8.0,1.0,,,7.0,3.0,7,10.0,10,1
2009-03-06,80517,,11,3,6020.0,14528210,CRRB,CARROLLTON BANCORP,CRRB,551111.0,Q,A,R,13085,3,6020.0,,,,60.0,602.0,,,,,,,-6.17,0.011475,2565.0,1.0,,-15826.05,CRRB,10.0,,,,,1,1.0,10.0,10.0,,,,,8.0,5.0,4.0,,,,,,10.0,2.0,3.0,5.0,,6.0,,3.0,2.0,,,10.0,4.0,3.0,8.0,,10.0,,,,,3.0,1.0,10.0,8.0,1.0,,,7.0,3.0,7,10.0,10,1
2009-03-09,80517,,11,3,6020.0,14528210,CRRB,CARROLLTON BANCORP,CRRB,551111.0,Q,A,R,13085,3,6020.0,,,,60.0,602.0,,,,,,,6.0,-0.027553,2565.0,1.0,5.5,15390.0,CRRB,10.0,,,,,1,1.0,10.0,10.0,,,,,8.0,5.0,4.0,,,,,,10.0,2.0,3.0,5.0,,6.0,,3.0,2.0,,,10.0,4.0,3.0,8.0,,10.0,,,,,3.0,1.0,10.0,8.0,1.0,,,7.0,3.0,7,10.0,10,1
2009-03-10,80517,,11,3,6020.0,14528210,CRRB,CARROLLTON BANCORP,CRRB,551111.0,Q,A,R,13085,3,6020.0,,,,60.0,602.0,,,,,,,-5.75,-0.041667,2565.0,1.0,,-14748.75,CRRB,10.0,,,,,1,1.0,10.0,10.0,,,,,8.0,5.0,4.0,,,,,,10.0,2.0,3.0,5.0,,6.0,,3.0,2.0,,,10.0,4.0,3.0,8.0,,10.0,,,,,3.0,1.0,10.0,8.0,1.0,,,7.0,3.0,7,10.0,10,1
2009-03-11,80517,,11,3,6020.0,14528210,CRRB,CARROLLTON BANCORP,CRRB,551111.0,Q,A,R,13085,3,6020.0,,,,60.0,602.0,,,,,,,-5.25,-0.086957,2565.0,1.0,,-13466.25,CRRB,10.0,,,,,1,1.0,10.0,10.0,,,,,8.0,5.0,4.0,,,,,,10.0,2.0,3.0,5.0,,6.0,,3.0,2.0,,,10.0,4.0,3.0,8.0,,10.0,,,,,3.0,1.0,10.0,8.0,1.0,,,7.0,3.0,7,10.0,10,1
2009-03-12,80517,,11,3,6020.0,14528210,CRRB,CARROLLTON BANCORP,CRRB,551111.0,Q,A,R,13085,3,6020.0,,,,60.0,602.0,,,,,,,5.0043,-0.0468,2565.0,1.0,5.0043,12836.0295,CRRB,10.0,,,,,1,1.0,10.0,10.0,,,,,8.0,5.0,4.0,,,,,,10.0,2.0,3.0,5.0,,6.0,,3.0,2.0,,,10.0,4.0,3.0,8.0,,10.0,,,,,3.0,1.0,10.0,8.0,1.0,,,7.0,3.0,7,10.0,10,1
2009-03-13,80517,,11,3,6020.0,14528210,CRRB,CARROLLTON BANCORP,CRRB,551111.0,Q,A,R,13085,3,6020.0,,,,60.0,602.0,,,,,,,5.63,0.125032,2565.0,1.0,6.0,14440.95,CRRB,10.0,,,,,1,1.0,10.0,10.0,,,,,8.0,5.0,4.0,,,,,,10.0,2.0,3.0,5.0,,6.0,,3.0,2.0,,,10.0,4.0,3.0,8.0,,10.0,,,,,3.0,1.0,10.0,8.0,1.0,,,7.0,3.0,7,10.0,10,1
2009-03-16,80517,,11,3,6020.0,14528210,CRRB,CARROLLTON BANCORP,CRRB,551111.0,Q,A,R,13085,3,6020.0,,,,60.0,602.0,,,,,,,6.0,0.065719,2565.0,1.0,5.98,15390.0,CRRB,10.0,,,,,1,1.0,10.0,10.0,,,,,8.0,5.0,4.0,,,,,,10.0,2.0,3.0,5.0,,6.0,,3.0,2.0,,,10.0,4.0,3.0,8.0,,10.0,,,,,3.0,1.0,10.0,8.0,1.0,,,7.0,3.0,7,10.0,10,1
2009-03-17,80517,,11,3,6020.0,14528210,CRRB,CARROLLTON BANCORP,CRRB,551111.0,Q,A,R,13085,3,6020.0,,,,60.0,602.0,,,,,,,-11.235,0.8725,2565.0,1.0,,-28817.775,CRRB,10.0,,,,,1,1.0,10.0,10.0,,,,,8.0,5.0,4.0,,,,,,10.0,2.0,3.0,5.0,,6.0,,3.0,2.0,,,10.0,4.0,3.0,8.0,,10.0,,,,,3.0,1.0,10.0,8.0,1.0,,,7.0,3.0,7,10.0,10,1
2009-03-18,80517,,11,3,6020.0,14528210,CRRB,CARROLLTON BANCORP,CRRB,551111.0,Q,A,R,13085,3,6020.0,,,,60.0,602.0,,,,,,,-5.51,-0.509568,2565.0,1.0,,-14133.15,CRRB,10.0,,,,,1,1.0,10.0,10.0,,,,,8.0,5.0,4.0,,,,,,10.0,2.0,3.0,5.0,,6.0,,3.0,2.0,,,10.0,4.0,3.0,8.0,,10.0,,,,,3.0,1.0,10.0,8.0,1.0,,,7.0,3.0,7,10.0,10,1
2009-03-19,80517,,11,3,6020.0,14528210,CRRB,CARROLLTON BANCORP,CRRB,551111.0,Q,A,R,13085,3,6020.0,,,,60.0,602.0,,,,,,,6.0,0.088929,2565.0,1.0,5.74,15390.0,CRRB,10.0,,,,,1,1.0,10.0,10.0,,,,,8.0,5.0,4.0,,,,,,10.0,2.0,3.0,5.0,,6.0,,3.0,2.0,,,10.0,4.0,3.0,8.0,,10.0,,,,,3.0,1.0,10.0,8.0,1.0,,,7.0,3.0,7,10.0,10,1
2009-03-20,80517,,11,3,6020.0,14528210,CRRB,CARROLLTON BANCORP,CRRB,551111.0,Q,A,R,13085,3,6020.0,,,,60.0,602.0,,,,,,,4.59,-0.235,2565.0,1.0,5.0,11773.35,CRRB,10.0,,,,,1,1.0,10.0,10.0,,,,,8.0,5.0,4.0,,,,,,10.0,2.0,3.0,5.0,,6.0,,3.0,2.0,,,10.0,4.0,3.0,8.0,,10.0,,,,,3.0,1.0,10.0,8.0,1.0,,,7.0,3.0,7,10.0,10,1
2009-03-23,80517,,11,3,6020.0,14528210,CRRB,CARROLLTON BANCORP,CRRB,551111.0,Q,A,R,13085,3,6020.0,,,,60.0,602.0,,,,,,,5.0,0.089325,2565.0,1.0,4.5,12825.0,CRRB,10.0,,,,,1,1.0,10.0,10.0,,,,,8.0,5.0,4.0,,,,,,10.0,2.0,3.0,5.0,,6.0,,3.0,2.0,,,10.0,4.0,3.0,8.0,,10.0,,,,,3.0,1.0,10.0,8.0,1.0,,,7.0,3.0,7,10.0,10,1
2009-03-24,80517,,11,3,6020.0,14528210,CRRB,CARROLLTON BANCORP,CRRB,551111.0,Q,A,R,13085,3,6020.0,,,,60.0,602.0,,,,,,,5.0,0.0,2565.0,1.0,4.97,12825.0,CRRB,10.0,,,,,1,1.0,10.0,10.0,,,,,8.0,5.0,4.0,,,,,,10.0,2.0,3.0,5.0,,6.0,,3.0,2.0,,,10.0,4.0,3.0,8.0,,10.0,,,,,3.0,1.0,10.0,8.0,1.0,,,7.0,3.0,7,10.0,10,1
2009-03-25,80517,,11,3,6020.0,14528210,CRRB,CARROLLTON BANCORP,CRRB,551111.0,Q,A,R,13085,3,6020.0,,,,60.0,602.0,,,,,,,-5.25,0.05,2565.0,1.0,,-13466.25,CRRB,10.0,,,,,1,1.0,10.0,10.0,,,,,8.0,5.0,4.0,,,,,,10.0,2.0,3.0,5.0,,6.0,,3.0,2.0,,,10.0,4.0,3.0,8.0,,10.0,,,,,3.0,1.0,10.0,8.0,1.0,,,7.0,3.0,7,10.0,10,1
2009-03-26,80517,,11,3,6020.0,14528210,CRRB,CARROLLTON BANCORP,CRRB,551111.0,Q,A,R,13085,3,6020.0,,,,60.0,602.0,,,,,,,-5.0,-0.047619,2565.0,1.0,,-12825.0,CRRB,10.0,,,,,1,1.0,10.0,10.0,,,,,8.0,5.0,4.0,,,,,,10.0,2.0,3.0,5.0,,6.0,,3.0,2.0,,,10.0,4.0,3.0,8.0,,10.0,,,,,3.0,1.0,10.0,8.0,1.0,,,7.0,3.0,7,10.0,10,1
2009-03-27,80517,,11,3,6020.0,14528210,CRRB,CARROLLTON BANCORP,CRRB,551111.0,Q,A,R,13085,3,6020.0,,,,60.0,602.0,,,,,,,5.052,0.0104,2565.0,1.0,5.0,12958.38,CRRB,10.0,,,,,1,1.0,10.0,10.0,,,,,8.0,5.0,4.0,,,,,,10.0,2.0,3.0,5.0,,6.0,,3.0,2.0,,,10.0,4.0,3.0,8.0,,10.0,,,,,3.0,1.0,10.0,8.0,1.0,,,7.0,3.0,7,10.0,10,1
2009-03-30,80517,,11,3,6020.0,14528210,CRRB,CARROLLTON BANCORP,CRRB,551111.0,Q,A,R,13085,3,6020.0,,,,60.0,602.0,,,,,,,-5.3,0.049089,2565.0,1.0,,-13594.5,CRRB,10.0,,,,,1,1.0,10.0,10.0,,,,,8.0,5.0,4.0,,,,,,10.0,2.0,3.0,5.0,,6.0,,3.0,2.0,,,10.0,4.0,3.0,8.0,,10.0,,,,,3.0,1.0,10.0,8.0,1.0,,,7.0,3.0,7,10.0,10,1
2009-03-31,80517,,11,3,6020.0,14528210,CRRB,CARROLLTON BANCORP,CRRB,551111.0,Q,A,R,13085,3,6020.0,,,,60.0,602.0,,,,,,,5.118,-0.03434,2565.0,1.0,5.118,13127.67,CRRB,10.0,,,,,1,1.0,10.0,10.0,,,,,8.0,5.0,4.0,,,,,,10.0,2.0,3.0,5.0,,6.0,,3.0,2.0,,,10.0,4.0,3.0,8.0,,10.0,,,,,3.0,1.0,10.0,8.0,1.0,,,7.0,3.0,7,10.0,10,1
2009-04-01,80517,,11,3,6020.0,14528210,CRRB,CARROLLTON BANCORP,CRRB,551111.0,Q,A,R,13085,3,6020.0,,,,60.0,602.0,,,,,,,-5.3,0.035561,2565.0,1.0,,-13594.5,CRRB,10.0,,,,,1,1.0,10.0,10.0,,,,,8.0,5.0,4.0,,,,,,10.0,2.0,3.0,5.0,,6.0,,6.0,1.0,,,10.0,5.0,4.0,8.0,,9.0,,4.0,3.0,4.0,10.0,1.0,10.0,2.0,10.0,,,7.0,3.0,7,10.0,10,1
2009-04-02,80517,,11,3,6020.0,14528210,CRRB,CARROLLTON BANCORP,CRRB,551111.0,Q,A,R,13085,3,6020.0,,,,60.0,602.0,,,,,,,-5.3,0.0,2565.0,1.0,,-13594.5,CRRB,10.0,,,,,1,1.0,10.0,10.0,,,,,8.0,5.0,4.0,,,,,,10.0,2.0,3.0,5.0,,6.0,,6.0,1.0,,,10.0,5.0,4.0,8.0,,9.0,,4.0,3.0,4.0,10.0,1.0,10.0,2.0,10.0,,,7.0,3.0,7,10.0,10,1
2009-04-03,80517,,11,3,6020.0,14528210,CRRB,CARROLLTON BANCORP,CRRB,551111.0,Q,A,R,13085,3,6020.0,,,,60.0,602.0,,,,,,,6.0,0.132075,2565.0,1.0,5.5,15390.0,CRRB,10.0,,,,,1,1.0,10.0,10.0,,,,,8.0,5.0,4.0,,,,,,10.0,2.0,3.0,5.0,,6.0,,6.0,1.0,,,10.0,5.0,4.0,8.0,,9.0,,4.0,3.0,4.0,10.0,1.0,10.0,2.0,10.0,,,7.0,3.0,7,10.0,10,1
2009-04-06,80517,,11,3,6020.0,14528210,CRRB,CARROLLTON BANCORP,CRRB,551111.0,Q,A,R,13085,3,6020.0,,,,60.0,602.0,,,,,,,-5.5,-0.083333,2565.0,1.0,,-14107.5,CRRB,10.0,,,,,1,1.0,10.0,10.0,,,,,8.0,5.0,4.0,,,,,,10.0,2.0,3.0,5.0,,6.0,,6.0,1.0,,,10.0,5.0,4.0,8.0,,9.0,,4.0,3.0,4.0,10.0,1.0,10.0,2.0,10.0,,,7.0,3.0,7,10.0,10,1
2009-04-07,80517,,11,3,6020.0,14528210,CRRB,CARROLLTON BANCORP,CRRB,551111.0,Q,A,R,13085,3,6020.0,,,,60.0,602.0,,,,,,,4.84,-0.12,2565.0,1.0,5.2,12414.6,CRRB,10.0,,,,,1,1.0,10.0,10.0,,,,,8.0,5.0,4.0,,,,,,10.0,2.0,3.0,5.0,,6.0,,6.0,1.0,,,10.0,5.0,4.0,8.0,,9.0,,4.0,3.0,4.0,10.0,1.0,10.0,2.0,10.0,,,7.0,3.0,7,10.0,10,1
2009-04-08,80517,,11,3,6020.0,14528210,CRRB,CARROLLTON BANCORP,CRRB,551111.0,Q,A,R,13085,3,6020.0,,,,60.0,602.0,,,,,,,-5.525,0.141529,2565.0,1.0,,-14171.625,CRRB,10.0,,,,,1,1.0,10.0,10.0,,,,,8.0,5.0,4.0,,,,,,10.0,2.0,3.0,5.0,,6.0,,6.0,1.0,,,10.0,5.0,4.0,8.0,,9.0,,4.0,3.0,4.0,10.0,1.0,10.0,2.0,10.0,,,7.0,3.0,7,10.0,10,1
2009-04-09,80517,,11,3,6020.0,14528210,CRRB,CARROLLTON BANCORP,CRRB,551111.0,Q,A,R,13085,3,6020.0,,,,60.0,602.0,,,,,,,-5.525,0.0,2565.0,1.0,,-14171.625,CRRB,10.0,,,,,1,1.0,10.0,10.0,,,,,8.0,5.0,4.0,,,,,,10.0,2.0,3.0,5.0,,6.0,,6.0,1.0,,,10.0,5.0,4.0,8.0,,9.0,,4.0,3.0,4.0,10.0,1.0,10.0,2.0,10.0,,,7.0,3.0,7,10.0,10,1
2009-04-13,80517,,11,3,6020.0,14528210,CRRB,CARROLLTON BANCORP,CRRB,551111.0,Q,A,R,13085,3,6020.0,,,,60.0,602.0,,,,,,,-5.525,0.0,2565.0,1.0,,-14171.625,CRRB,10.0,,,,,1,1.0,10.0,10.0,,,,,8.0,5.0,4.0,,,,,,10.0,2.0,3.0,5.0,,6.0,,6.0,1.0,,,10.0,5.0,4.0,8.0,,9.0,,4.0,3.0,4.0,10.0,1.0,10.0,2.0,10.0,,,7.0,3.0,7,10.0,10,1
2009-04-14,80517,,11,3,6020.0,14528210,CRRB,CARROLLTON BANCORP,CRRB,551111.0,Q,A,R,13085,3,6020.0,,,,60.0,602.0,,,,,,,-5.525,0.0,2565.0,1.0,,-14171.625,CRRB,10.0,,,,,1,1.0,10.0,10.0,,,,,8.0,5.0,4.0,,,,,,10.0,2.0,3.0,5.0,,6.0,,6.0,1.0,,,10.0,5.0,4.0,8.0,,9.0,,4.0,3.0,4.0,10.0,1.0,10.0,2.0,10.0,,,7.0,3.0,7,10.0,10,1
2009-04-15,80517,,11,3,6020.0,14528210,CRRB,CARROLLTON BANCORP,CRRB,551111.0,Q,A,R,13085,3,6020.0,,,,60.0,602.0,,,,,,,-5.525,0.0,2565.0,1.0,,-14171.625,CRRB,10.0,,,,,1,1.0,10.0,10.0,,,,,8.0,5.0,4.0,,,,,,10.0,2.0,3.0,5.0,,6.0,,6.0,1.0,,,10.0,5.0,4.0,8.0,,9.0,,4.0,3.0,4.0,10.0,1.0,10.0,2.0,10.0,,,7.0,3.0,7,10.0,10,1
2009-04-16,80517,,11,3,6020.0,14528210,CRRB,CARROLLTON BANCORP,CRRB,551111.0,Q,A,R,13085,3,6020.0,,,,60.0,602.0,,,,,,,-5.525,0.0,2565.0,1.0,,-14171.625,CRRB,10.0,,,,,1,1.0,10.0,10.0,,,,,8.0,5.0,4.0,,,,,,10.0,2.0,3.0,5.0,,6.0,,6.0,1.0,,,10.0,5.0,4.0,8.0,,9.0,,4.0,3.0,4.0,10.0,1.0,10.0,2.0,10.0,,,7.0,3.0,7,10.0,10,1
2009-04-17,80517,,11,3,6020.0,14528210,CRRB,CARROLLTON BANCORP,CRRB,551111.0,Q,A,R,13085,3,6020.0,,,,60.0,602.0,,,,,,,-5.375,-0.027149,2565.0,1.0,,-13786.875,CRRB,10.0,,,,,1,1.0,10.0,10.0,,,,,8.0,5.0,4.0,,,,,,10.0,2.0,3.0,5.0,,6.0,,6.0,1.0,,,10.0,5.0,4.0,8.0,,9.0,,4.0,3.0,4.0,10.0,1.0,10.0,2.0,10.0,,,7.0,3.0,7,10.0,10,1
2009-04-20,80517,,11,3,6020.0,14528210,CRRB,CARROLLTON BANCORP,CRRB,551111.0,Q,A,R,13085,3,6020.0,,,,60.0,602.0,,,,,,,5.15,-0.04186,2565.0,1.0,4.99,13209.75,CRRB,10.0,,,,,1,1.0,10.0,10.0,,,,,8.0,5.0,4.0,,,,,,10.0,2.0,3.0,5.0,,6.0,,6.0,1.0,,,10.0,5.0,4.0,8.0,,9.0,,4.0,3.0,4.0,10.0,1.0,10.0,2.0,10.0,,,7.0,3.0,7,10.0,10,1
2009-04-21,80517,,11,3,6020.0,14528210,CRRB,CARROLLTON BANCORP,CRRB,551111.0,Q,A,R,13085,3,6020.0,,,,60.0,602.0,,,,,,,-4.8,-0.067961,2565.0,1.0,,-12312.0,CRRB,10.0,,,,,1,1.0,10.0,10.0,,,,,8.0,5.0,4.0,,,,,,10.0,2.0,3.0,5.0,,6.0,,6.0,1.0,,,10.0,5.0,4.0,8.0,,9.0,,4.0,3.0,4.0,10.0,1.0,10.0,2.0,10.0,,,7.0,3.0,7,10.0,10,1
2009-04-22,80517,,11,3,6020.0,14528210,CRRB,CARROLLTON BANCORP,CRRB,551111.0,Q,A,R,13085,3,6020.0,,,,60.0,602.0,,,,,,,5.25,0.09375,2565.0,1.0,5.25,13466.25,CRRB,10.0,,,,,1,1.0,10.0,10.0,,,,,8.0,5.0,4.0,,,,,,10.0,2.0,3.0,5.0,,6.0,,6.0,1.0,,,10.0,5.0,4.0,8.0,,9.0,,4.0,3.0,4.0,10.0,1.0,10.0,2.0,10.0,,,7.0,3.0,7,10.0,10,1
2009-04-23,80517,,11,3,6020.0,14528210,CRRB,CARROLLTON BANCORP,CRRB,551111.0,Q,A,R,13085,3,6020.0,,,,60.0,602.0,,,,,,,-5.325,0.014286,2565.0,1.0,,-13658.625,CRRB,10.0,,,,,1,1.0,10.0,10.0,,,,,8.0,5.0,4.0,,,,,,10.0,2.0,3.0,5.0,,6.0,,6.0,1.0,,,10.0,5.0,4.0,8.0,,9.0,,4.0,3.0,4.0,10.0,1.0,10.0,2.0,10.0,,,7.0,3.0,7,10.0,10,1
2009-04-24,80517,,11,3,6020.0,14528210,CRRB,CARROLLTON BANCORP,CRRB,551111.0,Q,A,R,13085,3,6020.0,,,,60.0,602.0,,,,,,,-5.325,0.0,2565.0,1.0,,-13658.625,CRRB,10.0,,,,,1,1.0,10.0,10.0,,,,,8.0,5.0,4.0,,,,,,10.0,2.0,3.0,5.0,,6.0,,6.0,1.0,,,10.0,5.0,4.0,8.0,,9.0,,4.0,3.0,4.0,10.0,1.0,10.0,2.0,10.0,,,7.0,3.0,7,10.0,10,1
2009-04-27,80517,,11,3,6020.0,14528210,CRRB,CARROLLTON BANCORP,CRRB,551111.0,Q,A,R,13085,3,6020.0,,,,60.0,602.0,,,,,,,5.0001,-0.061014,2565.0,1.0,4.87,12825.2565,CRRB,10.0,,,,,1,1.0,10.0,10.0,,,,,8.0,5.0,4.0,,,,,,10.0,2.0,3.0,5.0,,6.0,,6.0,1.0,,,10.0,5.0,4.0,8.0,,9.0,,4.0,3.0,4.0,10.0,1.0,10.0,2.0,10.0,,,7.0,3.0,7,10.0,10,1
2009-04-28,80517,,11,3,6020.0,14528210,CRRB,CARROLLTON BANCORP,CRRB,551111.0,Q,A,R,13085,3,6020.0,,,,60.0,602.0,,,,,,,5.3,0.059979,2565.0,1.0,5.3,13594.5,CRRB,10.0,,,,,1,1.0,10.0,10.0,,,,,8.0,5.0,4.0,,,,,,10.0,2.0,3.0,5.0,,6.0,,6.0,1.0,,,10.0,5.0,4.0,8.0,,9.0,,4.0,3.0,4.0,10.0,1.0,10.0,2.0,10.0,,,7.0,3.0,7,10.0,10,1
2009-04-29,80517,,11,3,6020.0,14528210,CRRB,CARROLLTON BANCORP,CRRB,551111.0,Q,A,R,13085,3,6020.0,,,,60.0,602.0,,,,,,,4.295,-0.189623,2565.0,1.0,4.51,11016.675,CRRB,10.0,,,,,1,1.0,10.0,10.0,,,,,8.0,5.0,4.0,,,,,,10.0,2.0,3.0,5.0,,6.0,,6.0,1.0,,,10.0,5.0,4.0,8.0,,9.0,,4.0,3.0,4.0,10.0,1.0,10.0,2.0,10.0,,,7.0,3.0,7,10.0,10,1
2009-04-30,80517,,11,3,6020.0,14528210,CRRB,CARROLLTON BANCORP,CRRB,551111.0,Q,A,R,13085,3,6020.0,,,,60.0,602.0,,,,,,,5.05,0.175786,2565.0,1.0,5.15,12953.25,CRRB,10.0,,,,,1,1.0,10.0,10.0,,,,,8.0,5.0,4.0,,,,,,10.0,2.0,3.0,5.0,,6.0,,6.0,1.0,,,10.0,5.0,4.0,8.0,,9.0,,4.0,3.0,4.0,10.0,1.0,10.0,2.0,10.0,,,7.0,3.0,7,10.0,10,1
2009-05-01,80517,,11,3,6020.0,14528210,CRRB,CARROLLTON BANCORP,CRRB,551111.0,Q,A,R,13085,3,6020.0,,,,60.0,602.0,,,,,,,5.14,0.017822,2565.0,1.0,5.25,13184.1,CRRB,10.0,,,,,1,1.0,10.0,10.0,,,,,8.0,5.0,4.0,,,,,,10.0,2.0,3.0,5.0,,6.0,,5.0,1.0,,,10.0,4.0,3.0,8.0,,9.0,,7.0,9.0,5.0,9.0,1.0,10.0,8.0,10.0,,,8.0,2.0,6,10.0,10,1
2009-05-04,80517,,11,3,6020.0,14528210,CRRB,CARROLLTON BANCORP,CRRB,551111.0,Q,A,R,13085,3,6020.0,,,,60.0,602.0,,,,,,,5.5,0.070039,2565.0,1.0,5.24,14107.5,CRRB,10.0,,,,,1,1.0,10.0,10.0,,,,,8.0,5.0,4.0,,,,,,10.0,2.0,3.0,5.0,,6.0,,5.0,1.0,,,10.0,4.0,3.0,8.0,,9.0,,7.0,9.0,5.0,9.0,1.0,10.0,8.0,10.0,,,8.0,2.0,6,10.0,10,1
2009-05-05,80517,,11,3,6020.0,14528210,CRRB,CARROLLTON BANCORP,CRRB,551111.0,Q,A,R,13085,3,6020.0,,,,60.0,602.0,,,,,,,5.51,0.001818,2565.0,1.0,5.5,14133.15,CRRB,10.0,,,,,1,1.0,10.0,10.0,,,,,8.0,5.0,4.0,,,,,,10.0,2.0,3.0,5.0,,6.0,,5.0,1.0,,,10.0,4.0,3.0,8.0,,9.0,,7.0,9.0,5.0,9.0,1.0,10.0,8.0,10.0,,,8.0,2.0,6,10.0,10,1
2009-05-06,80517,,11,3,6020.0,14528210,CRRB,CARROLLTON BANCORP,CRRB,551111.0,Q,A,R,13085,3,6020.0,,,,60.0,602.0,,,,,,,5.5,-0.001815,2565.0,1.0,5.5,14107.5,CRRB,10.0,,,,,1,1.0,10.0,10.0,,,,,8.0,5.0,4.0,,,,,,10.0,2.0,3.0,5.0,,6.0,,5.0,1.0,,,10.0,4.0,3.0,8.0,,9.0,,7.0,9.0,5.0,9.0,1.0,10.0,8.0,10.0,,,8.0,2.0,6,10.0,10,1
2009-05-07,80517,,11,3,6020.0,14528210,CRRB,CARROLLTON BANCORP,CRRB,551111.0,Q,A,R,13085,3,6020.0,,,,60.0,602.0,,,,,,,5.25,-0.045455,2565.0,1.0,5.8,13466.25,CRRB,10.0,,,,,1,1.0,10.0,10.0,,,,,8.0,5.0,4.0,,,,,,10.0,2.0,3.0,5.0,,6.0,,5.0,1.0,,,10.0,4.0,3.0,8.0,,9.0,,7.0,9.0,5.0,9.0,1.0,10.0,8.0,10.0,,,8.0,2.0,6,10.0,10,1
2009-05-08,80517,,11,3,6020.0,14528210,CRRB,CARROLLTON BANCORP,CRRB,551111.0,Q,A,R,13085,3,6020.0,,,,60.0,602.0,,,,,,,5.48,0.04381,2565.0,1.0,5.49,14056.2,CRRB,10.0,,,,,1,1.0,10.0,10.0,,,,,8.0,5.0,4.0,,,,,,10.0,2.0,3.0,5.0,,6.0,,5.0,1.0,,,10.0,4.0,3.0,8.0,,9.0,,7.0,9.0,5.0,9.0,1.0,10.0,8.0,10.0,,,8.0,2.0,6,10.0,10,1
2009-05-11,80517,,11,3,6020.0,14528210,CRRB,CARROLLTON BANCORP,CRRB,551111.0,Q,A,R,13085,3,6020.0,,,,60.0,602.0,,,,,,,5.55,0.012774,2565.0,1.0,5.5,14235.75,CRRB,10.0,,,,,1,1.0,10.0,10.0,,,,,8.0,5.0,4.0,,,,,,10.0,2.0,3.0,5.0,,6.0,,5.0,1.0,,,10.0,4.0,3.0,8.0,,9.0,,7.0,9.0,5.0,9.0,1.0,10.0,8.0,10.0,,,8.0,2.0,6,10.0,10,1
2009-05-12,80517,,11,3,6020.0,14528210,CRRB,CARROLLTON BANCORP,CRRB,551111.0,Q,A,R,13085,3,6020.0,,,,60.0,602.0,,,,,,,5.5,-0.009009,2565.0,1.0,5.5,14107.5,CRRB,10.0,,,,,1,1.0,10.0,10.0,,,,,8.0,5.0,4.0,,,,,,10.0,2.0,3.0,5.0,,6.0,,5.0,1.0,,,10.0,4.0,3.0,8.0,,9.0,,7.0,9.0,5.0,9.0,1.0,10.0,8.0,10.0,,,8.0,2.0,6,10.0,10,1
2009-05-13,80517,,11,3,6020.0,14528210,CRRB,CARROLLTON BANCORP,CRRB,551111.0,Q,A,R,13085,3,6020.0,,,,60.0,602.0,1232.0,0.08,0.0,,,,6.05,0.114545,2565.0,1.0,5.92,15518.25,CRRB,10.0,,,,,1,1.0,10.0,10.0,,,,,8.0,5.0,4.0,,,,,,10.0,2.0,3.0,5.0,,6.0,,5.0,1.0,,,10.0,4.0,3.0,8.0,,9.0,,7.0,9.0,5.0,9.0,1.0,10.0,8.0,10.0,,,8.0,2.0,6,10.0,10,1
2009-05-14,80517,,11,3,6020.0,14528210,CRRB,CARROLLTON BANCORP,CRRB,551111.0,Q,A,R,13085,3,6020.0,,,,60.0,602.0,,,,,,,6.0,-0.008264,2565.0,1.0,5.99,15390.0,CRRB,10.0,,,,,1,1.0,10.0,10.0,,,,,8.0,5.0,4.0,,,,,,10.0,2.0,3.0,5.0,,6.0,,5.0,1.0,,,10.0,4.0,3.0,8.0,,9.0,,7.0,9.0,5.0,9.0,1.0,10.0,8.0,10.0,,,8.0,2.0,6,10.0,10,1
2009-05-15,80517,,11,3,6020.0,14528210,CRRB,CARROLLTON BANCORP,CRRB,551111.0,Q,A,R,13085,3,6020.0,,,,60.0,602.0,,,,,,,6.5,0.083333,2565.0,1.0,6.5,16672.5,CRRB,10.0,,,,,1,1.0,10.0,10.0,,,,,8.0,5.0,4.0,,,,,,10.0,2.0,3.0,5.0,,6.0,,5.0,1.0,,,10.0,4.0,3.0,8.0,,9.0,,7.0,9.0,5.0,9.0,1.0,10.0,8.0,10.0,,,8.0,2.0,6,10.0,10,1
2009-05-18,80517,,11,3,6020.0,14528210,CRRB,CARROLLTON BANCORP,CRRB,551111.0,Q,A,R,13085,3,6020.0,,,,60.0,602.0,,,,,,,-6.405,-0.014615,2565.0,1.0,,-16428.825,CRRB,10.0,,,,,1,1.0,10.0,10.0,,,,,8.0,5.0,4.0,,,,,,10.0,2.0,3.0,5.0,,6.0,,5.0,1.0,,,10.0,4.0,3.0,8.0,,9.0,,7.0,9.0,5.0,9.0,1.0,10.0,8.0,10.0,,,8.0,2.0,6,10.0,10,1
2009-05-19,80517,,11,3,6020.0,14528210,CRRB,CARROLLTON BANCORP,CRRB,551111.0,Q,A,R,13085,3,6020.0,,,,60.0,602.0,,,,,,,-6.355,-0.007806,2565.0,1.0,,-16300.575,CRRB,10.0,,,,,1,1.0,10.0,10.0,,,,,8.0,5.0,4.0,,,,,,10.0,2.0,3.0,5.0,,6.0,,5.0,1.0,,,10.0,4.0,3.0,8.0,,9.0,,7.0,9.0,5.0,9.0,1.0,10.0,8.0,10.0,,,8.0,2.0,6,10.0,10,1
2009-05-20,80517,,11,3,6020.0,14528210,CRRB,CARROLLTON BANCORP,CRRB,551111.0,Q,A,R,13085,3,6020.0,,,,60.0,602.0,,,,,,,-6.38,0.003934,2565.0,1.0,,-16364.7,CRRB,10.0,,,,,1,1.0,10.0,10.0,,,,,8.0,5.0,4.0,,,,,,10.0,2.0,3.0,5.0,,6.0,,5.0,1.0,,,10.0,4.0,3.0,8.0,,9.0,,7.0,9.0,5.0,9.0,1.0,10.0,8.0,10.0,,,8.0,2.0,6,10.0,10,1
2009-05-21,80517,,11,3,6020.0,14528210,CRRB,CARROLLTON BANCORP,CRRB,551111.0,Q,A,R,13085,3,6020.0,,,,60.0,602.0,,,,,,,6.21,-0.026646,2565.0,1.0,6.21,15928.65,CRRB,10.0,,,,,1,1.0,10.0,10.0,,,,,8.0,5.0,4.0,,,,,,10.0,2.0,3.0,5.0,,6.0,,5.0,1.0,,,10.0,4.0,3.0,8.0,,9.0,,7.0,9.0,5.0,9.0,1.0,10.0,8.0,10.0,,,8.0,2.0,6,10.0,10,1
2009-05-22,80517,,11,3,6020.0,14528210,CRRB,CARROLLTON BANCORP,CRRB,551111.0,Q,A,R,13085,3,6020.0,,,,60.0,602.0,,,,,,,-6.53,0.05153,2565.0,1.0,,-16749.45,CRRB,10.0,,,,,1,1.0,10.0,10.0,,,,,8.0,5.0,4.0,,,,,,10.0,2.0,3.0,5.0,,6.0,,5.0,1.0,,,10.0,4.0,3.0,8.0,,9.0,,7.0,9.0,5.0,9.0,1.0,10.0,8.0,10.0,,,8.0,2.0,6,10.0,10,1
2009-05-26,80517,,11,3,6020.0,14528210,CRRB,CARROLLTON BANCORP,CRRB,551111.0,Q,A,R,13085,3,6020.0,,,,60.0,602.0,,,,,,,-6.48,-0.007657,2565.0,1.0,,-16621.2,CRRB,10.0,,,,,1,1.0,10.0,10.0,,,,,8.0,5.0,4.0,,,,,,10.0,2.0,3.0,5.0,,6.0,,5.0,1.0,,,10.0,4.0,3.0,8.0,,9.0,,7.0,9.0,5.0,9.0,1.0,10.0,8.0,10.0,,,8.0,2.0,6,10.0,10,1
2009-05-27,80517,,11,3,6020.0,14528210,CRRB,CARROLLTON BANCORP,CRRB,551111.0,Q,A,R,13085,3,6020.0,,,,60.0,602.0,,,,,,,6.97,0.075617,2565.0,1.0,6.97,17878.05,CRRB,10.0,,,,,1,1.0,10.0,10.0,,,,,8.0,5.0,4.0,,,,,,10.0,2.0,3.0,5.0,,6.0,,5.0,1.0,,,10.0,4.0,3.0,8.0,,9.0,,7.0,9.0,5.0,9.0,1.0,10.0,8.0,10.0,,,8.0,2.0,6,10.0,10,1
2009-05-28,80517,,11,3,6020.0,14528210,CRRB,CARROLLTON BANCORP,CRRB,551111.0,Q,A,R,13085,3,6020.0,,,,60.0,602.0,,,,,,,6.21,-0.109039,2565.0,1.0,6.22,15928.65,CRRB,10.0,,,,,1,1.0,10.0,10.0,,,,,8.0,5.0,4.0,,,,,,10.0,2.0,3.0,5.0,,6.0,,5.0,1.0,,,10.0,4.0,3.0,8.0,,9.0,,7.0,9.0,5.0,9.0,1.0,10.0,8.0,10.0,,,8.0,2.0,6,10.0,10,1
2009-05-29,80517,,11,3,6020.0,14528210,CRRB,CARROLLTON BANCORP,CRRB,551111.0,Q,A,R,13085,3,6020.0,,,,60.0,602.0,,,,,,,-6.41,0.032206,2565.0,1.0,,-16441.65,CRRB,10.0,,,,,1,1.0,10.0,10.0,,,,,8.0,5.0,4.0,,,,,,10.0,2.0,3.0,5.0,,6.0,,5.0,1.0,,,10.0,4.0,3.0,8.0,,9.0,,7.0,9.0,5.0,9.0,1.0,10.0,8.0,10.0,,,8.0,2.0,6,10.0,10,1
2009-06-01,80517,,11,3,6020.0,14528210,CRRB,CARROLLTON BANCORP,CRRB,551111.0,Q,A,R,13085,3,6020.0,,,,60.0,602.0,,,,,,,6.9,0.076443,2565.0,1.0,6.98,17698.5,CRRB,10.0,,,,,1,1.0,10.0,10.0,,,,,8.0,5.0,4.0,,,,,,10.0,2.0,3.0,5.0,,6.0,,1.0,1.0,,,10.0,3.0,3.0,8.0,,9.0,,4.0,8.0,,2.0,1.0,10.0,3.0,2.0,,,8.0,2.0,6,10.0,10,1
2009-06-02,80517,,11,3,6020.0,14528210,CRRB,CARROLLTON BANCORP,CRRB,551111.0,Q,A,R,13085,3,6020.0,,,,60.0,602.0,,,,,,,6.95,0.007246,2565.0,1.0,6.95,17826.75,CRRB,10.0,,,,,1,1.0,10.0,10.0,,,,,8.0,5.0,4.0,,,,,,10.0,2.0,3.0,5.0,,6.0,,1.0,1.0,,,10.0,3.0,3.0,8.0,,9.0,,4.0,8.0,,2.0,1.0,10.0,3.0,2.0,,,8.0,2.0,6,10.0,10,1
2009-06-03,80517,,11,3,6020.0,14528210,CRRB,CARROLLTON BANCORP,CRRB,551111.0,Q,A,R,13085,3,6020.0,,,,60.0,602.0,,,,,,,-6.78,-0.02446,2565.0,1.0,,-17390.7,CRRB,10.0,,,,,1,1.0,10.0,10.0,,,,,8.0,5.0,4.0,,,,,,10.0,2.0,3.0,5.0,,6.0,,1.0,1.0,,,10.0,3.0,3.0,8.0,,9.0,,4.0,8.0,,2.0,1.0,10.0,3.0,2.0,,,8.0,2.0,6,10.0,10,1
2009-06-04,80517,,11,3,6020.0,14528210,CRRB,CARROLLTON BANCORP,CRRB,551111.0,Q,A,R,13085,3,6020.0,,,,60.0,602.0,,,,,,,6.41,-0.054572,2565.0,1.0,6.51,16441.65,CRRB,10.0,,,,,1,1.0,10.0,10.0,,,,,8.0,5.0,4.0,,,,,,10.0,2.0,3.0,5.0,,6.0,,1.0,1.0,,,10.0,3.0,3.0,8.0,,9.0,,4.0,8.0,,2.0,1.0,10.0,3.0,2.0,,,8.0,2.0,6,10.0,10,1
2009-06-05,80517,,11,3,6020.0,14528210,CRRB,CARROLLTON BANCORP,CRRB,551111.0,Q,A,R,13085,3,6020.0,,,,60.0,602.0,,,,,,,-6.65,0.037441,2565.0,1.0,,-17057.25,CRRB,10.0,,,,,1,1.0,10.0,10.0,,,,,8.0,5.0,4.0,,,,,,10.0,2.0,3.0,5.0,,6.0,,1.0,1.0,,,10.0,3.0,3.0,8.0,,9.0,,4.0,8.0,,2.0,1.0,10.0,3.0,2.0,,,8.0,2.0,6,10.0,10,1
2009-06-08,80517,,11,3,6020.0,14528210,CRRB,CARROLLTON BANCORP,CRRB,551111.0,Q,A,R,13085,3,6020.0,,,,60.0,602.0,,,,,,,5.6,-0.157895,2565.0,1.0,6.22,14364.0,CRRB,10.0,,,,,1,1.0,10.0,10.0,,,,,8.0,5.0,4.0,,,,,,10.0,2.0,3.0,5.0,,6.0,,1.0,1.0,,,10.0,3.0,3.0,8.0,,9.0,,4.0,8.0,,2.0,1.0,10.0,3.0,2.0,,,8.0,2.0,6,10.0,10,1
2009-06-09,80517,,11,3,6020.0,14528210,CRRB,CARROLLTON BANCORP,CRRB,551111.0,Q,A,R,13085,3,6020.0,,,,60.0,602.0,,,,,,,7.015,0.252679,2565.0,1.0,7.045,17993.475,CRRB,10.0,,,,,1,1.0,10.0,10.0,,,,,8.0,5.0,4.0,,,,,,10.0,2.0,3.0,5.0,,6.0,,1.0,1.0,,,10.0,3.0,3.0,8.0,,9.0,,4.0,8.0,,2.0,1.0,10.0,3.0,2.0,,,8.0,2.0,6,10.0,10,1
2009-06-10,80517,,11,3,6020.0,14528210,CRRB,CARROLLTON BANCORP,CRRB,551111.0,Q,A,R,13085,3,6020.0,,,,60.0,602.0,,,,,,,5.895,-0.159658,2565.0,1.0,7.0,15120.675,CRRB,10.0,,,,,1,1.0,10.0,10.0,,,,,8.0,5.0,4.0,,,,,,10.0,2.0,3.0,5.0,,6.0,,1.0,1.0,,,10.0,3.0,3.0,8.0,,9.0,,4.0,8.0,,2.0,1.0,10.0,3.0,2.0,,,8.0,2.0,6,10.0,10,1
2009-06-11,80517,,11,3,6020.0,14528210,CRRB,CARROLLTON BANCORP,CRRB,551111.0,Q,A,R,13085,3,6020.0,,,,60.0,602.0,,,,,,,5.84,-0.00933,2565.0,1.0,6.0,14979.6,CRRB,10.0,,,,,1,1.0,10.0,10.0,,,,,8.0,5.0,4.0,,,,,,10.0,2.0,3.0,5.0,,6.0,,1.0,1.0,,,10.0,3.0,3.0,8.0,,9.0,,4.0,8.0,,2.0,1.0,10.0,3.0,2.0,,,8.0,2.0,6,10.0,10,1
2009-06-12,80517,,11,3,6020.0,14528210,CRRB,CARROLLTON BANCORP,CRRB,551111.0,Q,A,R,13085,3,6020.0,,,,60.0,602.0,,,,,,,5.58,-0.044521,2565.0,1.0,5.58,14312.7,CRRB,10.0,,,,,1,1.0,10.0,10.0,,,,,8.0,5.0,4.0,,,,,,10.0,2.0,3.0,5.0,,6.0,,1.0,1.0,,,10.0,3.0,3.0,8.0,,9.0,,4.0,8.0,,2.0,1.0,10.0,3.0,2.0,,,8.0,2.0,6,10.0,10,1
2009-06-15,80517,,11,3,6020.0,14528210,CRRB,CARROLLTON BANCORP,CRRB,551111.0,Q,A,R,13085,3,6020.0,,,,60.0,602.0,,,,,,,5.45,-0.023298,2565.0,1.0,5.4,13979.25,CRRB,10.0,,,,,1,1.0,10.0,10.0,,,,,8.0,5.0,4.0,,,,,,10.0,2.0,3.0,5.0,,6.0,,1.0,1.0,,,10.0,3.0,3.0,8.0,,9.0,,4.0,8.0,,2.0,1.0,10.0,3.0,2.0,,,8.0,2.0,6,10.0,10,1
2009-06-16,80517,,11,3,6020.0,14528210,CRRB,CARROLLTON BANCORP,CRRB,551111.0,Q,A,R,13085,3,6020.0,,,,60.0,602.0,,,,,,,-6.195,0.136697,2565.0,1.0,,-15890.175,CRRB,10.0,,,,,1,1.0,10.0,10.0,,,,,8.0,5.0,4.0,,,,,,10.0,2.0,3.0,5.0,,6.0,,1.0,1.0,,,10.0,3.0,3.0,8.0,,9.0,,4.0,8.0,,2.0,1.0,10.0,3.0,2.0,,,8.0,2.0,6,10.0,10,1
2009-06-17,80517,,11,3,6020.0,14528210,CRRB,CARROLLTON BANCORP,CRRB,551111.0,Q,A,R,13085,3,6020.0,,,,60.0,602.0,,,,,,,-5.95,-0.039548,2565.0,1.0,,-15261.75,CRRB,10.0,,,,,1,1.0,10.0,10.0,,,,,8.0,5.0,4.0,,,,,,10.0,2.0,3.0,5.0,,6.0,,1.0,1.0,,,10.0,3.0,3.0,8.0,,9.0,,4.0,8.0,,2.0,1.0,10.0,3.0,2.0,,,8.0,2.0,6,10.0,10,1
2009-06-18,80517,,11,3,6020.0,14528210,CRRB,CARROLLTON BANCORP,CRRB,551111.0,Q,A,R,13085,3,6020.0,,,,60.0,602.0,,,,,,,6.466,0.086723,2565.0,1.0,6.466,16585.29,CRRB,10.0,,,,,1,1.0,10.0,10.0,,,,,8.0,5.0,4.0,,,,,,10.0,2.0,3.0,5.0,,6.0,,1.0,1.0,,,10.0,3.0,3.0,8.0,,9.0,,4.0,8.0,,2.0,1.0,10.0,3.0,2.0,,,8.0,2.0,6,10.0,10,1
2009-06-19,80517,,11,3,6020.0,14528210,CRRB,CARROLLTON BANCORP,CRRB,551111.0,Q,A,R,13085,3,6020.0,,,,60.0,602.0,,,,,,,-5.95,-0.079802,2565.0,1.0,,-15261.75,CRRB,10.0,,,,,1,1.0,10.0,10.0,,,,,8.0,5.0,4.0,,,,,,10.0,2.0,3.0,5.0,,6.0,,1.0,1.0,,,10.0,3.0,3.0,8.0,,9.0,,4.0,8.0,,2.0,1.0,10.0,3.0,2.0,,,8.0,2.0,6,10.0,10,1
2009-06-22,80517,,11,3,6020.0,14528210,CRRB,CARROLLTON BANCORP,CRRB,551111.0,Q,A,R,13085,3,6020.0,,,,60.0,602.0,,,,,,,-6.05,0.016807,2565.0,1.0,,-15518.25,CRRB,10.0,,,,,1,1.0,10.0,10.0,,,,,8.0,5.0,4.0,,,,,,10.0,2.0,3.0,5.0,,6.0,,1.0,1.0,,,10.0,3.0,3.0,8.0,,9.0,,4.0,8.0,,2.0,1.0,10.0,3.0,2.0,,,8.0,2.0,6,10.0,10,1
2009-06-23,80517,,11,3,6020.0,14528210,CRRB,CARROLLTON BANCORP,CRRB,551111.0,Q,A,R,13085,3,6020.0,,,,60.0,602.0,,,,,,,5.64,-0.067769,2565.0,1.0,5.65,14466.6,CRRB,10.0,,,,,1,1.0,10.0,10.0,,,,,8.0,5.0,4.0,,,,,,10.0,2.0,3.0,5.0,,6.0,,1.0,1.0,,,10.0,3.0,3.0,8.0,,9.0,,4.0,8.0,,2.0,1.0,10.0,3.0,2.0,,,8.0,2.0,6,10.0,10,1
2009-06-24,80517,,11,3,6020.0,14528210,CRRB,CARROLLTON BANCORP,CRRB,551111.0,Q,A,R,13085,3,6020.0,,,,60.0,602.0,,,,,,,5.56,-0.014184,2565.0,1.0,5.655,14261.4,CRRB,10.0,,,,,1,1.0,10.0,10.0,,,,,8.0,5.0,4.0,,,,,,10.0,2.0,3.0,5.0,,6.0,,1.0,1.0,,,10.0,3.0,3.0,8.0,,9.0,,4.0,8.0,,2.0,1.0,10.0,3.0,2.0,,,8.0,2.0,6,10.0,10,1
2009-06-25,80517,,11,3,6020.0,14528210,CRRB,CARROLLTON BANCORP,CRRB,551111.0,Q,A,R,13085,3,6020.0,,,,60.0,602.0,,,,,,,-5.705,0.026079,2565.0,1.0,,-14633.325,CRRB,10.0,,,,,1,1.0,10.0,10.0,,,,,8.0,5.0,4.0,,,,,,10.0,2.0,3.0,5.0,,6.0,,1.0,1.0,,,10.0,3.0,3.0,8.0,,9.0,,4.0,8.0,,2.0,1.0,10.0,3.0,2.0,,,8.0,2.0,6,10.0,10,1
2009-06-26,80517,,11,3,6020.0,14528210,CRRB,CARROLLTON BANCORP,CRRB,551111.0,Q,A,R,13085,3,6020.0,,,,60.0,602.0,,,,,,,-5.555,-0.026293,2565.0,1.0,,-14248.575,CRRB,10.0,,,,,1,1.0,10.0,10.0,,,,,8.0,5.0,4.0,,,,,,10.0,2.0,3.0,5.0,,6.0,,1.0,1.0,,,10.0,3.0,3.0,8.0,,9.0,,4.0,8.0,,2.0,1.0,10.0,3.0,2.0,,,8.0,2.0,6,10.0,10,1
2009-06-29,80517,,11,3,6020.0,14528210,CRRB,CARROLLTON BANCORP,CRRB,551111.0,Q,A,R,13085,3,6020.0,,,,60.0,602.0,,,,,,,-5.69,0.024302,2565.0,1.0,,-14594.85,CRRB,10.0,,,,,1,1.0,10.0,10.0,,,,,8.0,5.0,4.0,,,,,,10.0,2.0,3.0,5.0,,6.0,,1.0,1.0,,,10.0,3.0,3.0,8.0,,9.0,,4.0,8.0,,2.0,1.0,10.0,3.0,2.0,,,8.0,2.0,6,10.0,10,1
2009-06-30,80517,,11,3,6020.0,14528210,CRRB,CARROLLTON BANCORP,CRRB,551111.0,Q,A,R,13085,3,6020.0,,,,60.0,602.0,,,,,,,-5.575,-0.020211,2569.0,1.0,,-14322.175,CRRB,10.0,,,,,1,1.0,10.0,10.0,,,,,8.0,5.0,4.0,,,,,,10.0,2.0,3.0,5.0,,6.0,,1.0,1.0,,,10.0,3.0,3.0,8.0,,9.0,,4.0,8.0,,2.0,1.0,10.0,3.0,2.0,,,8.0,2.0,6,10.0,10,1
2009-07-01,80517,,11,3,6020.0,14528210,CRRB,CARROLLTON BANCORP,CRRB,551111.0,Q,A,R,13085,3,6020.0,,,,60.0,602.0,,,,,,,5.98,0.072646,2569.0,1.0,5.98,15362.62,CRRB,10.0,,,,,1,1.0,10.0,7.0,,,,,9.0,4.0,4.0,,,,,,10.0,3.0,4.0,6.0,,5.0,,2.0,1.0,,,10.0,3.0,4.0,8.0,,7.0,,6.0,9.0,4.0,9.0,1.0,10.0,5.0,9.0,,,9.0,2.0,6,10.0,10,1
2009-07-02,80517,,11,3,6020.0,14528210,CRRB,CARROLLTON BANCORP,CRRB,551111.0,Q,A,R,13085,3,6020.0,,,,60.0,602.0,,,,,,,5.51,-0.078595,2569.0,1.0,5.54,14155.19,CRRB,10.0,,,,,1,1.0,10.0,7.0,,,,,9.0,4.0,4.0,,,,,,10.0,3.0,4.0,6.0,,5.0,,2.0,1.0,,,10.0,3.0,4.0,8.0,,7.0,,6.0,9.0,4.0,9.0,1.0,10.0,5.0,9.0,,,9.0,2.0,6,10.0,10,1
2009-07-06,80517,,11,3,6020.0,14528210,CRRB,CARROLLTON BANCORP,CRRB,551111.0,Q,A,R,13085,3,6020.0,,,,60.0,602.0,,,,,,,-5.95,0.079855,2569.0,1.0,,-15285.55,CRRB,10.0,,,,,1,1.0,10.0,7.0,,,,,9.0,4.0,4.0,,,,,,10.0,3.0,4.0,6.0,,5.0,,2.0,1.0,,,10.0,3.0,4.0,8.0,,7.0,,6.0,9.0,4.0,9.0,1.0,10.0,5.0,9.0,,,9.0,2.0,6,10.0,10,1
2009-07-07,80517,,11,3,6020.0,14528210,CRRB,CARROLLTON BANCORP,CRRB,551111.0,Q,A,R,13085,3,6020.0,,,,60.0,602.0,,,,,,,-5.91,-0.006723,2569.0,1.0,,-15182.79,CRRB,10.0,,,,,1,1.0,10.0,7.0,,,,,9.0,4.0,4.0,,,,,,10.0,3.0,4.0,6.0,,5.0,,2.0,1.0,,,10.0,3.0,4.0,8.0,,7.0,,6.0,9.0,4.0,9.0,1.0,10.0,5.0,9.0,,,9.0,2.0,6,10.0,10,1
2009-07-08,80517,,11,3,6020.0,14528210,CRRB,CARROLLTON BANCORP,CRRB,551111.0,Q,A,R,13085,3,6020.0,,,,60.0,602.0,,,,,,,-5.95,0.006768,2569.0,1.0,,-15285.55,CRRB,10.0,,,,,1,1.0,10.0,7.0,,,,,9.0,4.0,4.0,,,,,,10.0,3.0,4.0,6.0,,5.0,,2.0,1.0,,,10.0,3.0,4.0,8.0,,7.0,,6.0,9.0,4.0,9.0,1.0,10.0,5.0,9.0,,,9.0,2.0,6,10.0,10,1
2009-07-09,80517,,11,3,6020.0,14528210,CRRB,CARROLLTON BANCORP,CRRB,551111.0,Q,A,R,13085,3,6020.0,,,,60.0,602.0,,,,,,,5.85,-0.016807,2569.0,1.0,5.85,15028.65,CRRB,10.0,,,,,1,1.0,10.0,7.0,,,,,9.0,4.0,4.0,,,,,,10.0,3.0,4.0,6.0,,5.0,,2.0,1.0,,,10.0,3.0,4.0,8.0,,7.0,,6.0,9.0,4.0,9.0,1.0,10.0,5.0,9.0,,,9.0,2.0,6,10.0,10,1
2009-07-10,80517,,11,3,6020.0,14528210,CRRB,CARROLLTON BANCORP,CRRB,551111.0,Q,A,R,13085,3,6020.0,,,,60.0,602.0,,,,,,,5.85,0.0,2569.0,1.0,5.9,15028.65,CRRB,10.0,,,,,1,1.0,10.0,7.0,,,,,9.0,4.0,4.0,,,,,,10.0,3.0,4.0,6.0,,5.0,,2.0,1.0,,,10.0,3.0,4.0,8.0,,7.0,,6.0,9.0,4.0,9.0,1.0,10.0,5.0,9.0,,,9.0,2.0,6,10.0,10,1
2009-07-13,80517,,11,3,6020.0,14528210,CRRB,CARROLLTON BANCORP,CRRB,551111.0,Q,A,R,13085,3,6020.0,,,,60.0,602.0,,,,,,,-5.655,-0.033333,2569.0,1.0,,-14527.695,CRRB,10.0,,,,,1,1.0,10.0,7.0,,,,,9.0,4.0,4.0,,,,,,10.0,3.0,4.0,6.0,,5.0,,2.0,1.0,,,10.0,3.0,4.0,8.0,,7.0,,6.0,9.0,4.0,9.0,1.0,10.0,5.0,9.0,,,9.0,2.0,6,10.0,10,1
2009-07-14,80517,,11,3,6020.0,14528210,CRRB,CARROLLTON BANCORP,CRRB,551111.0,Q,A,R,13085,3,6020.0,,,,60.0,602.0,,,,,,,-6.005,0.061892,2569.0,1.0,,-15426.845,CRRB,10.0,,,,,1,1.0,10.0,7.0,,,,,9.0,4.0,4.0,,,,,,10.0,3.0,4.0,6.0,,5.0,,2.0,1.0,,,10.0,3.0,4.0,8.0,,7.0,,6.0,9.0,4.0,9.0,1.0,10.0,5.0,9.0,,,9.0,2.0,6,10.0,10,1
2009-07-15,80517,,11,3,6020.0,14528210,CRRB,CARROLLTON BANCORP,CRRB,551111.0,Q,A,R,13085,3,6020.0,,,,60.0,602.0,,,,,,,-6.055,0.008326,2569.0,1.0,,-15555.295,CRRB,10.0,,,,,1,1.0,10.0,7.0,,,,,9.0,4.0,4.0,,,,,,10.0,3.0,4.0,6.0,,5.0,,2.0,1.0,,,10.0,3.0,4.0,8.0,,7.0,,6.0,9.0,4.0,9.0,1.0,10.0,5.0,9.0,,,9.0,2.0,6,10.0,10,1
2009-07-16,80517,,11,3,6020.0,14528210,CRRB,CARROLLTON BANCORP,CRRB,551111.0,Q,A,R,13085,3,6020.0,,,,60.0,602.0,,,,,,,-6.02,-0.00578,2569.0,1.0,,-15465.38,CRRB,10.0,,,,,1,1.0,10.0,7.0,,,,,9.0,4.0,4.0,,,,,,10.0,3.0,4.0,6.0,,5.0,,2.0,1.0,,,10.0,3.0,4.0,8.0,,7.0,,6.0,9.0,4.0,9.0,1.0,10.0,5.0,9.0,,,9.0,2.0,6,10.0,10,1
2009-07-17,80517,,11,3,6020.0,14528210,CRRB,CARROLLTON BANCORP,CRRB,551111.0,Q,A,R,13085,3,6020.0,,,,60.0,602.0,,,,,,,5.6601,-0.059784,2569.0,1.0,5.6601,14540.7969,CRRB,10.0,,,,,1,1.0,10.0,7.0,,,,,9.0,4.0,4.0,,,,,,10.0,3.0,4.0,6.0,,5.0,,2.0,1.0,,,10.0,3.0,4.0,8.0,,7.0,,6.0,9.0,4.0,9.0,1.0,10.0,5.0,9.0,,,9.0,2.0,6,10.0,10,1
2009-07-20,80517,,11,3,6020.0,14528210,CRRB,CARROLLTON BANCORP,CRRB,551111.0,Q,A,R,13085,3,6020.0,,,,60.0,602.0,,,,,,,-6.09,0.075953,2569.0,1.0,,-15645.21,CRRB,10.0,,,,,1,1.0,10.0,7.0,,,,,9.0,4.0,4.0,,,,,,10.0,3.0,4.0,6.0,,5.0,,2.0,1.0,,,10.0,3.0,4.0,8.0,,7.0,,6.0,9.0,4.0,9.0,1.0,10.0,5.0,9.0,,,9.0,2.0,6,10.0,10,1
2009-07-21,80517,,11,3,6020.0,14528210,CRRB,CARROLLTON BANCORP,CRRB,551111.0,Q,A,R,13085,3,6020.0,,,,60.0,602.0,,,,,,,-6.055,-0.005747,2569.0,1.0,,-15555.295,CRRB,10.0,,,,,1,1.0,10.0,7.0,,,,,9.0,4.0,4.0,,,,,,10.0,3.0,4.0,6.0,,5.0,,2.0,1.0,,,10.0,3.0,4.0,8.0,,7.0,,6.0,9.0,4.0,9.0,1.0,10.0,5.0,9.0,,,9.0,2.0,6,10.0,10,1
2009-07-22,80517,,11,3,6020.0,14528210,CRRB,CARROLLTON BANCORP,CRRB,551111.0,Q,A,R,13085,3,6020.0,,,,60.0,602.0,,,,,,,-6.005,-0.008258,2569.0,1.0,,-15426.845,CRRB,10.0,,,,,1,1.0,10.0,7.0,,,,,9.0,4.0,4.0,,,,,,10.0,3.0,4.0,6.0,,5.0,,2.0,1.0,,,10.0,3.0,4.0,8.0,,7.0,,6.0,9.0,4.0,9.0,1.0,10.0,5.0,9.0,,,9.0,2.0,6,10.0,10,1
2009-07-23,80517,,11,3,6020.0,14528210,CRRB,CARROLLTON BANCORP,CRRB,551111.0,Q,A,R,13085,3,6020.0,,,,60.0,602.0,,,,,,,-6.08,0.01249,2569.0,1.0,,-15619.52,CRRB,10.0,,,,,1,1.0,10.0,7.0,,,,,9.0,4.0,4.0,,,,,,10.0,3.0,4.0,6.0,,5.0,,2.0,1.0,,,10.0,3.0,4.0,8.0,,7.0,,6.0,9.0,4.0,9.0,1.0,10.0,5.0,9.0,,,9.0,2.0,6,10.0,10,1
2009-07-24,80517,,11,3,6020.0,14528210,CRRB,CARROLLTON BANCORP,CRRB,551111.0,Q,A,R,13085,3,6020.0,,,,60.0,602.0,,,,,,,-6.005,-0.012335,2569.0,1.0,,-15426.845,CRRB,10.0,,,,,1,1.0,10.0,7.0,,,,,9.0,4.0,4.0,,,,,,10.0,3.0,4.0,6.0,,5.0,,2.0,1.0,,,10.0,3.0,4.0,8.0,,7.0,,6.0,9.0,4.0,9.0,1.0,10.0,5.0,9.0,,,9.0,2.0,6,10.0,10,1
2009-07-27,80517,,11,3,6020.0,14528210,CRRB,CARROLLTON BANCORP,CRRB,551111.0,Q,A,R,13085,3,6020.0,,,,60.0,602.0,,,,,,,5.775,-0.038301,2569.0,1.0,5.775,14835.975,CRRB,10.0,,,,,1,1.0,10.0,7.0,,,,,9.0,4.0,4.0,,,,,,10.0,3.0,4.0,6.0,,5.0,,2.0,1.0,,,10.0,3.0,4.0,8.0,,7.0,,6.0,9.0,4.0,9.0,1.0,10.0,5.0,9.0,,,9.0,2.0,6,10.0,10,1
2009-07-28,80517,,11,3,6020.0,14528210,CRRB,CARROLLTON BANCORP,CRRB,551111.0,Q,A,R,13085,3,6020.0,,,,60.0,602.0,,,,,,,-5.95,0.030303,2569.0,1.0,,-15285.55,CRRB,10.0,,,,,1,1.0,10.0,7.0,,,,,9.0,4.0,4.0,,,,,,10.0,3.0,4.0,6.0,,5.0,,2.0,1.0,,,10.0,3.0,4.0,8.0,,7.0,,6.0,9.0,4.0,9.0,1.0,10.0,5.0,9.0,,,9.0,2.0,6,10.0,10,1
2009-07-29,80517,,11,3,6020.0,14528210,CRRB,CARROLLTON BANCORP,CRRB,551111.0,Q,A,R,13085,3,6020.0,,,,60.0,602.0,,,,,,,-6.14,0.031933,2569.0,1.0,,-15773.66,CRRB,10.0,,,,,1,1.0,10.0,7.0,,,,,9.0,4.0,4.0,,,,,,10.0,3.0,4.0,6.0,,5.0,,2.0,1.0,,,10.0,3.0,4.0,8.0,,7.0,,6.0,9.0,4.0,9.0,1.0,10.0,5.0,9.0,,,9.0,2.0,6,10.0,10,1
2009-07-30,80517,,11,3,6020.0,14528210,CRRB,CARROLLTON BANCORP,CRRB,551111.0,Q,A,R,13085,3,6020.0,,,,60.0,602.0,,,,,,,6.0,-0.022801,2569.0,1.0,6.005,15414.0,CRRB,10.0,,,,,1,1.0,10.0,7.0,,,,,9.0,4.0,4.0,,,,,,10.0,3.0,4.0,6.0,,5.0,,2.0,1.0,,,10.0,3.0,4.0,8.0,,7.0,,6.0,9.0,4.0,9.0,1.0,10.0,5.0,9.0,,,9.0,2.0,6,10.0,10,1
2009-07-31,80517,,11,3,6020.0,14528210,CRRB,CARROLLTON BANCORP,CRRB,551111.0,Q,A,R,13085,3,6020.0,,,,60.0,602.0,,,,,,,6.475,0.079167,2569.0,1.0,6.475,16634.275,CRRB,10.0,,,,,1,1.0,10.0,7.0,,,,,9.0,4.0,4.0,,,,,,10.0,3.0,4.0,6.0,,5.0,,2.0,1.0,,,10.0,3.0,4.0,8.0,,7.0,,6.0,9.0,4.0,9.0,1.0,10.0,5.0,9.0,,,9.0,2.0,6,10.0,10,1
2009-08-03,80517,,11,3,6020.0,14528210,CRRB,CARROLLTON BANCORP,CRRB,551111.0,Q,A,R,13085,3,6020.0,,,,60.0,602.0,,,,,,,-6.305,-0.026255,2569.0,1.0,,-16197.545,CRRB,10.0,,,,,1,1.0,10.0,7.0,,,,,9.0,4.0,4.0,,,,,,10.0,3.0,4.0,6.0,,5.0,,4.0,7.0,,,10.0,2.0,6.0,8.0,,8.0,,4.0,6.0,3.0,3.0,1.0,10.0,3.0,3.0,,,9.0,2.0,6,10.0,10,1
2009-08-04,80517,,11,3,6020.0,14528210,CRRB,CARROLLTON BANCORP,CRRB,551111.0,Q,A,R,13085,3,6020.0,,,,60.0,602.0,,,,,,,-6.305,0.0,2569.0,1.0,,-16197.545,CRRB,10.0,,,,,1,1.0,10.0,7.0,,,,,9.0,4.0,4.0,,,,,,10.0,3.0,4.0,6.0,,5.0,,4.0,7.0,,,10.0,2.0,6.0,8.0,,8.0,,4.0,6.0,3.0,3.0,1.0,10.0,3.0,3.0,,,9.0,2.0,6,10.0,10,1
2009-08-05,80517,,11,3,6020.0,14528210,CRRB,CARROLLTON BANCORP,CRRB,551111.0,Q,A,R,13085,3,6020.0,,,,60.0,602.0,,,,,,,6.12,-0.029342,2569.0,1.0,6.11,15722.28,CRRB,10.0,,,,,1,1.0,10.0,7.0,,,,,9.0,4.0,4.0,,,,,,10.0,3.0,4.0,6.0,,5.0,,4.0,7.0,,,10.0,2.0,6.0,8.0,,8.0,,4.0,6.0,3.0,3.0,1.0,10.0,3.0,3.0,,,9.0,2.0,6,10.0,10,1
2009-08-06,80517,,11,3,6020.0,14528210,CRRB,CARROLLTON BANCORP,CRRB,551111.0,Q,A,R,13085,3,6020.0,,,,60.0,602.0,,,,,,,-6.31,0.031046,2569.0,1.0,,-16210.39,CRRB,10.0,,,,,1,1.0,10.0,7.0,,,,,9.0,4.0,4.0,,,,,,10.0,3.0,4.0,6.0,,5.0,,4.0,7.0,,,10.0,2.0,6.0,8.0,,8.0,,4.0,6.0,3.0,3.0,1.0,10.0,3.0,3.0,,,9.0,2.0,6,10.0,10,1
2009-08-07,80517,,11,3,6020.0,14528210,CRRB,CARROLLTON BANCORP,CRRB,551111.0,Q,A,R,13085,3,6020.0,,,,60.0,602.0,,,,,,,5.11,-0.190174,2569.0,1.0,6.12,13127.59,CRRB,10.0,,,,,1,1.0,10.0,7.0,,,,,9.0,4.0,4.0,,,,,,10.0,3.0,4.0,6.0,,5.0,,4.0,7.0,,,10.0,2.0,6.0,8.0,,8.0,,4.0,6.0,3.0,3.0,1.0,10.0,3.0,3.0,,,9.0,2.0,6,10.0,10,1
2009-08-10,80517,,11,3,6020.0,14528210,CRRB,CARROLLTON BANCORP,CRRB,551111.0,Q,A,R,13085,3,6020.0,,,,60.0,602.0,,,,,,,-5.7,0.11546,2569.0,1.0,,-14643.3,CRRB,10.0,,,,,1,1.0,10.0,7.0,,,,,9.0,4.0,4.0,,,,,,10.0,3.0,4.0,6.0,,5.0,,4.0,7.0,,,10.0,2.0,6.0,8.0,,8.0,,4.0,6.0,3.0,3.0,1.0,10.0,3.0,3.0,,,9.0,2.0,6,10.0,10,1
2009-08-11,80517,,11,3,6020.0,14528210,CRRB,CARROLLTON BANCORP,CRRB,551111.0,Q,A,R,13085,3,6020.0,,,,60.0,602.0,,,,,,,-5.7,0.0,2569.0,1.0,,-14643.3,CRRB,10.0,,,,,1,1.0,10.0,7.0,,,,,9.0,4.0,4.0,,,,,,10.0,3.0,4.0,6.0,,5.0,,4.0,7.0,,,10.0,2.0,6.0,8.0,,8.0,,4.0,6.0,3.0,3.0,1.0,10.0,3.0,3.0,,,9.0,2.0,6,10.0,10,1
2009-08-12,80517,,11,3,6020.0,14528210,CRRB,CARROLLTON BANCORP,CRRB,551111.0,Q,A,R,13085,3,6020.0,,,,60.0,602.0,1232.0,0.04,0.0,,,,-5.65,-0.001754,2569.0,1.0,,-14514.85,CRRB,10.0,,,,,1,1.0,10.0,7.0,,,,,9.0,4.0,4.0,,,,,,10.0,3.0,4.0,6.0,,5.0,,4.0,7.0,,,10.0,2.0,6.0,8.0,,8.0,,4.0,6.0,3.0,3.0,1.0,10.0,3.0,3.0,,,9.0,2.0,6,10.0,10,1
2009-08-13,80517,,11,3,6020.0,14528210,CRRB,CARROLLTON BANCORP,CRRB,551111.0,Q,A,R,13085,3,6020.0,,,,60.0,602.0,,,,,,,-5.82,0.030088,2569.0,1.0,,-14951.58,CRRB,10.0,,,,,1,1.0,10.0,7.0,,,,,9.0,4.0,4.0,,,,,,10.0,3.0,4.0,6.0,,5.0,,4.0,7.0,,,10.0,2.0,6.0,8.0,,8.0,,4.0,6.0,3.0,3.0,1.0,10.0,3.0,3.0,,,9.0,2.0,6,10.0,10,1
2009-08-14,80517,,11,3,6020.0,14528210,CRRB,CARROLLTON BANCORP,CRRB,551111.0,Q,A,R,13085,3,6020.0,,,,60.0,602.0,,,,,,,5.245,-0.098797,2569.0,1.0,5.37,13474.405,CRRB,10.0,,,,,1,1.0,10.0,7.0,,,,,9.0,4.0,4.0,,,,,,10.0,3.0,4.0,6.0,,5.0,,4.0,7.0,,,10.0,2.0,6.0,8.0,,8.0,,4.0,6.0,3.0,3.0,1.0,10.0,3.0,3.0,,,9.0,2.0,6,10.0,10,1
2009-08-17,80517,,11,3,6020.0,14528210,CRRB,CARROLLTON BANCORP,CRRB,551111.0,Q,A,R,13085,3,6020.0,,,,60.0,602.0,,,,,,,-6.0,0.143947,2569.0,1.0,,-15414.0,CRRB,10.0,,,,,1,1.0,10.0,7.0,,,,,9.0,4.0,4.0,,,,,,10.0,3.0,4.0,6.0,,5.0,,4.0,7.0,,,10.0,2.0,6.0,8.0,,8.0,,4.0,6.0,3.0,3.0,1.0,10.0,3.0,3.0,,,9.0,2.0,6,10.0,10,1
2009-08-18,80517,,11,3,6020.0,14528210,CRRB,CARROLLTON BANCORP,CRRB,551111.0,Q,A,R,13085,3,6020.0,,,,60.0,602.0,,,,,,,5.25,-0.125,2569.0,1.0,5.25,13487.25,CRRB,10.0,,,,,1,1.0,10.0,7.0,,,,,9.0,4.0,4.0,,,,,,10.0,3.0,4.0,6.0,,5.0,,4.0,7.0,,,10.0,2.0,6.0,8.0,,8.0,,4.0,6.0,3.0,3.0,1.0,10.0,3.0,3.0,,,9.0,2.0,6,10.0,10,1
2009-08-19,80517,,11,3,6020.0,14528210,CRRB,CARROLLTON BANCORP,CRRB,551111.0,Q,A,R,13085,3,6020.0,,,,60.0,602.0,,,,,,,5.5,0.047619,2569.0,1.0,5.5,14129.5,CRRB,10.0,,,,,1,1.0,10.0,7.0,,,,,9.0,4.0,4.0,,,,,,10.0,3.0,4.0,6.0,,5.0,,4.0,7.0,,,10.0,2.0,6.0,8.0,,8.0,,4.0,6.0,3.0,3.0,1.0,10.0,3.0,3.0,,,9.0,2.0,6,10.0,10,1
2009-08-20,80517,,11,3,6020.0,14528210,CRRB,CARROLLTON BANCORP,CRRB,551111.0,Q,A,R,13085,3,6020.0,,,,60.0,602.0,,,,,,,-6.0,0.090909,2569.0,1.0,,-15414.0,CRRB,10.0,,,,,1,1.0,10.0,7.0,,,,,9.0,4.0,4.0,,,,,,10.0,3.0,4.0,6.0,,5.0,,4.0,7.0,,,10.0,2.0,6.0,8.0,,8.0,,4.0,6.0,3.0,3.0,1.0,10.0,3.0,3.0,,,9.0,2.0,6,10.0,10,1
2009-08-21,80517,,11,3,6020.0,14528210,CRRB,CARROLLTON BANCORP,CRRB,551111.0,Q,A,R,13085,3,6020.0,,,,60.0,602.0,,,,,,,6.49,0.081667,2569.0,1.0,5.69,16672.81,CRRB,10.0,,,,,1,1.0,10.0,7.0,,,,,9.0,4.0,4.0,,,,,,10.0,3.0,4.0,6.0,,5.0,,4.0,7.0,,,10.0,2.0,6.0,8.0,,8.0,,4.0,6.0,3.0,3.0,1.0,10.0,3.0,3.0,,,9.0,2.0,6,10.0,10,1
2009-08-24,80517,,11,3,6020.0,14528210,CRRB,CARROLLTON BANCORP,CRRB,551111.0,Q,A,R,13085,3,6020.0,,,,60.0,602.0,,,,,,,-5.925,-0.087057,2569.0,1.0,,-15221.325,CRRB,10.0,,,,,1,1.0,10.0,7.0,,,,,9.0,4.0,4.0,,,,,,10.0,3.0,4.0,6.0,,5.0,,4.0,7.0,,,10.0,2.0,6.0,8.0,,8.0,,4.0,6.0,3.0,3.0,1.0,10.0,3.0,3.0,,,9.0,2.0,6,10.0,10,1
2009-08-25,80517,,11,3,6020.0,14528210,CRRB,CARROLLTON BANCORP,CRRB,551111.0,Q,A,R,13085,3,6020.0,,,,60.0,602.0,,,,,,,6.19,0.044726,2569.0,1.0,6.4625,15902.11,CRRB,10.0,,,,,1,1.0,10.0,7.0,,,,,9.0,4.0,4.0,,,,,,10.0,3.0,4.0,6.0,,5.0,,4.0,7.0,,,10.0,2.0,6.0,8.0,,8.0,,4.0,6.0,3.0,3.0,1.0,10.0,3.0,3.0,,,9.0,2.0,6,10.0,10,1
2009-08-26,80517,,11,3,6020.0,14528210,CRRB,CARROLLTON BANCORP,CRRB,551111.0,Q,A,R,13085,3,6020.0,,,,60.0,602.0,,,,,,,-6.175,-0.002423,2569.0,1.0,,-15863.575,CRRB,10.0,,,,,1,1.0,10.0,7.0,,,,,9.0,4.0,4.0,,,,,,10.0,3.0,4.0,6.0,,5.0,,4.0,7.0,,,10.0,2.0,6.0,8.0,,8.0,,4.0,6.0,3.0,3.0,1.0,10.0,3.0,3.0,,,9.0,2.0,6,10.0,10,1
2009-08-27,80517,,11,3,6020.0,14528210,CRRB,CARROLLTON BANCORP,CRRB,551111.0,Q,A,R,13085,3,6020.0,,,,60.0,602.0,,,,,,,5.66,-0.083401,2569.0,1.0,5.91,14540.54,CRRB,10.0,,,,,1,1.0,10.0,7.0,,,,,9.0,4.0,4.0,,,,,,10.0,3.0,4.0,6.0,,5.0,,4.0,7.0,,,10.0,2.0,6.0,8.0,,8.0,,4.0,6.0,3.0,3.0,1.0,10.0,3.0,3.0,,,9.0,2.0,6,10.0,10,1
2009-08-28,80517,,11,3,6020.0,14528210,CRRB,CARROLLTON BANCORP,CRRB,551111.0,Q,A,R,13085,3,6020.0,,,,60.0,602.0,,,,,,,6.2076,0.096749,2569.0,1.0,5.51,15947.3244,CRRB,10.0,,,,,1,1.0,10.0,7.0,,,,,9.0,4.0,4.0,,,,,,10.0,3.0,4.0,6.0,,5.0,,4.0,7.0,,,10.0,2.0,6.0,8.0,,8.0,,4.0,6.0,3.0,3.0,1.0,10.0,3.0,3.0,,,9.0,2.0,6,10.0,10,1
2009-08-31,80517,,11,3,6020.0,14528210,CRRB,CARROLLTON BANCORP,CRRB,551111.0,Q,A,R,13085,3,6020.0,,,,60.0,602.0,,,,,,,5.57,-0.102713,2569.0,1.0,5.57,14309.33,CRRB,10.0,,,,,1,1.0,10.0,7.0,,,,,9.0,4.0,4.0,,,,,,10.0,3.0,4.0,6.0,,5.0,,4.0,7.0,,,10.0,2.0,6.0,8.0,,8.0,,4.0,6.0,3.0,3.0,1.0,10.0,3.0,3.0,,,9.0,2.0,6,10.0,10,1
2009-09-01,80517,,11,3,6020.0,14528210,CRRB,CARROLLTON BANCORP,CRRB,551111.0,Q,A,R,13085,3,6020.0,,,,60.0,602.0,,,,,,,5.5,-0.012567,2569.0,1.0,5.57,14129.5,CRRB,10.0,,,,,1,1.0,10.0,7.0,,,,,9.0,4.0,4.0,,,,,,10.0,3.0,4.0,6.0,,5.0,,3.0,10.0,,,10.0,3.0,7.0,9.0,,8.0,,4.0,5.0,3.0,10.0,1.0,10.0,1.0,10.0,,,8.0,2.0,6,10.0,10,1
2009-09-02,80517,,11,3,6020.0,14528210,CRRB,CARROLLTON BANCORP,CRRB,551111.0,Q,A,R,13085,3,6020.0,,,,60.0,602.0,,,,,,,6.102,0.109455,2569.0,1.0,5.92,15676.038,CRRB,10.0,,,,,1,1.0,10.0,7.0,,,,,9.0,4.0,4.0,,,,,,10.0,3.0,4.0,6.0,,5.0,,3.0,10.0,,,10.0,3.0,7.0,9.0,,8.0,,4.0,5.0,3.0,10.0,1.0,10.0,1.0,10.0,,,8.0,2.0,6,10.0,10,1
2009-09-03,80517,,11,3,6020.0,14528210,CRRB,CARROLLTON BANCORP,CRRB,551111.0,Q,A,R,13085,3,6020.0,,,,60.0,602.0,,,,,,,-5.78,-0.05277,2569.0,1.0,,-14848.82,CRRB,10.0,,,,,1,1.0,10.0,7.0,,,,,9.0,4.0,4.0,,,,,,10.0,3.0,4.0,6.0,,5.0,,3.0,10.0,,,10.0,3.0,7.0,9.0,,8.0,,4.0,5.0,3.0,10.0,1.0,10.0,1.0,10.0,,,8.0,2.0,6,10.0,10,1
2009-09-04,80517,,11,3,6020.0,14528210,CRRB,CARROLLTON BANCORP,CRRB,551111.0,Q,A,R,13085,3,6020.0,,,,60.0,602.0,,,,,,,-5.85,0.012111,2569.0,1.0,,-15028.65,CRRB,10.0,,,,,1,1.0,10.0,7.0,,,,,9.0,4.0,4.0,,,,,,10.0,3.0,4.0,6.0,,5.0,,3.0,10.0,,,10.0,3.0,7.0,9.0,,8.0,,4.0,5.0,3.0,10.0,1.0,10.0,1.0,10.0,,,8.0,2.0,6,10.0,10,1
2009-09-08,80517,,11,3,6020.0,14528210,CRRB,CARROLLTON BANCORP,CRRB,551111.0,Q,A,R,13085,3,6020.0,,,,60.0,602.0,,,,,,,-5.88,0.005128,2569.0,1.0,,-15105.72,CRRB,10.0,,,,,1,1.0,10.0,7.0,,,,,9.0,4.0,4.0,,,,,,10.0,3.0,4.0,6.0,,5.0,,3.0,10.0,,,10.0,3.0,7.0,9.0,,8.0,,4.0,5.0,3.0,10.0,1.0,10.0,1.0,10.0,,,8.0,2.0,6,10.0,10,1
2009-09-09,80517,,11,3,6020.0,14528210,CRRB,CARROLLTON BANCORP,CRRB,551111.0,Q,A,R,13085,3,6020.0,,,,60.0,602.0,,,,,,,5.69,-0.032313,2569.0,1.0,5.66,14617.61,CRRB,10.0,,,,,1,1.0,10.0,7.0,,,,,9.0,4.0,4.0,,,,,,10.0,3.0,4.0,6.0,,5.0,,3.0,10.0,,,10.0,3.0,7.0,9.0,,8.0,,4.0,5.0,3.0,10.0,1.0,10.0,1.0,10.0,,,8.0,2.0,6,10.0,10,1
2009-09-10,80517,,11,3,6020.0,14528210,CRRB,CARROLLTON BANCORP,CRRB,551111.0,Q,A,R,13085,3,6020.0,,,,60.0,602.0,,,,,,,5.61,-0.01406,2569.0,1.0,5.61,14412.09,CRRB,10.0,,,,,1,1.0,10.0,7.0,,,,,9.0,4.0,4.0,,,,,,10.0,3.0,4.0,6.0,,5.0,,3.0,10.0,,,10.0,3.0,7.0,9.0,,8.0,,4.0,5.0,3.0,10.0,1.0,10.0,1.0,10.0,,,8.0,2.0,6,10.0,10,1
2009-09-11,80517,,11,3,6020.0,14528210,CRRB,CARROLLTON BANCORP,CRRB,551111.0,Q,A,R,13085,3,6020.0,,,,60.0,602.0,,,,,,,-6.0,0.069519,2569.0,1.0,,-15414.0,CRRB,10.0,,,,,1,1.0,10.0,7.0,,,,,9.0,4.0,4.0,,,,,,10.0,3.0,4.0,6.0,,5.0,,3.0,10.0,,,10.0,3.0,7.0,9.0,,8.0,,4.0,5.0,3.0,10.0,1.0,10.0,1.0,10.0,,,8.0,2.0,6,10.0,10,1
2009-09-14,80517,,11,3,6020.0,14528210,CRRB,CARROLLTON BANCORP,CRRB,551111.0,Q,A,R,13085,3,6020.0,,,,60.0,602.0,,,,,,,-5.605,-0.065833,2569.0,1.0,,-14399.245,CRRB,10.0,,,,,1,1.0,10.0,7.0,,,,,9.0,4.0,4.0,,,,,,10.0,3.0,4.0,6.0,,5.0,,3.0,10.0,,,10.0,3.0,7.0,9.0,,8.0,,4.0,5.0,3.0,10.0,1.0,10.0,1.0,10.0,,,8.0,2.0,6,10.0,10,1
2009-09-15,80517,,11,3,6020.0,14528210,CRRB,CARROLLTON BANCORP,CRRB,551111.0,Q,A,R,13085,3,6020.0,,,,60.0,602.0,,,,,,,5.22,-0.068689,2569.0,1.0,5.98,13410.18,CRRB,10.0,,,,,1,1.0,10.0,7.0,,,,,9.0,4.0,4.0,,,,,,10.0,3.0,4.0,6.0,,5.0,,3.0,10.0,,,10.0,3.0,7.0,9.0,,8.0,,4.0,5.0,3.0,10.0,1.0,10.0,1.0,10.0,,,8.0,2.0,6,10.0,10,1
2009-09-16,80517,,11,3,6020.0,14528210,CRRB,CARROLLTON BANCORP,CRRB,551111.0,Q,A,R,13085,3,6020.0,,,,60.0,602.0,,,,,,,6.0,0.149425,2569.0,1.0,5.9,15414.0,CRRB,10.0,,,,,1,1.0,10.0,7.0,,,,,9.0,4.0,4.0,,,,,,10.0,3.0,4.0,6.0,,5.0,,3.0,10.0,,,10.0,3.0,7.0,9.0,,8.0,,4.0,5.0,3.0,10.0,1.0,10.0,1.0,10.0,,,8.0,2.0,6,10.0,10,1
2009-09-17,80517,,11,3,6020.0,14528210,CRRB,CARROLLTON BANCORP,CRRB,551111.0,Q,A,R,13085,3,6020.0,,,,60.0,602.0,,,,,,,6.015,0.0025,2569.0,1.0,5.6,15452.535,CRRB,10.0,,,,,1,1.0,10.0,7.0,,,,,9.0,4.0,4.0,,,,,,10.0,3.0,4.0,6.0,,5.0,,3.0,10.0,,,10.0,3.0,7.0,9.0,,8.0,,4.0,5.0,3.0,10.0,1.0,10.0,1.0,10.0,,,8.0,2.0,6,10.0,10,1
2009-09-18,80517,,11,3,6020.0,14528210,CRRB,CARROLLTON BANCORP,CRRB,551111.0,Q,A,R,13085,3,6020.0,,,,60.0,602.0,,,,,,,5.51,-0.083957,2569.0,1.0,5.5001,14155.19,CRRB,10.0,,,,,1,1.0,10.0,7.0,,,,,9.0,4.0,4.0,,,,,,10.0,3.0,4.0,6.0,,5.0,,3.0,10.0,,,10.0,3.0,7.0,9.0,,8.0,,4.0,5.0,3.0,10.0,1.0,10.0,1.0,10.0,,,8.0,2.0,6,10.0,10,1
2009-09-21,80517,,11,3,6020.0,14528210,CRRB,CARROLLTON BANCORP,CRRB,551111.0,Q,A,R,13085,3,6020.0,,,,60.0,602.0,,,,,,,5.5,-0.001815,2569.0,1.0,5.53,14129.5,CRRB,10.0,,,,,1,1.0,10.0,7.0,,,,,9.0,4.0,4.0,,,,,,10.0,3.0,4.0,6.0,,5.0,,3.0,10.0,,,10.0,3.0,7.0,9.0,,8.0,,4.0,5.0,3.0,10.0,1.0,10.0,1.0,10.0,,,8.0,2.0,6,10.0,10,1
2009-09-22,80517,,11,3,6020.0,14528210,CRRB,CARROLLTON BANCORP,CRRB,551111.0,Q,A,R,13085,3,6020.0,,,,60.0,602.0,,,,,,,-5.87,0.067273,2569.0,1.0,,-15080.03,CRRB,10.0,,,,,1,1.0,10.0,7.0,,,,,9.0,4.0,4.0,,,,,,10.0,3.0,4.0,6.0,,5.0,,3.0,10.0,,,10.0,3.0,7.0,9.0,,8.0,,4.0,5.0,3.0,10.0,1.0,10.0,1.0,10.0,,,8.0,2.0,6,10.0,10,1
2009-09-23,80517,,11,3,6020.0,14528210,CRRB,CARROLLTON BANCORP,CRRB,551111.0,Q,A,R,13085,3,6020.0,,,,60.0,602.0,,,,,,,-5.845,-0.004259,2569.0,1.0,,-15015.805,CRRB,10.0,,,,,1,1.0,10.0,7.0,,,,,9.0,4.0,4.0,,,,,,10.0,3.0,4.0,6.0,,5.0,,3.0,10.0,,,10.0,3.0,7.0,9.0,,8.0,,4.0,5.0,3.0,10.0,1.0,10.0,1.0,10.0,,,8.0,2.0,6,10.0,10,1
2009-09-24,80517,,11,3,6020.0,14528210,CRRB,CARROLLTON BANCORP,CRRB,551111.0,Q,A,R,13085,3,6020.0,,,,60.0,602.0,,,,,,,-5.66,-0.031651,2569.0,1.0,,-14540.54,CRRB,10.0,,,,,1,1.0,10.0,7.0,,,,,9.0,4.0,4.0,,,,,,10.0,3.0,4.0,6.0,,5.0,,3.0,10.0,,,10.0,3.0,7.0,9.0,,8.0,,4.0,5.0,3.0,10.0,1.0,10.0,1.0,10.0,,,8.0,2.0,6,10.0,10,1
2009-09-25,80517,,11,3,6020.0,14528210,CRRB,CARROLLTON BANCORP,CRRB,551111.0,Q,A,R,13085,3,6020.0,,,,60.0,602.0,,,,,,,-5.78,0.021201,2569.0,1.0,,-14848.82,CRRB,10.0,,,,,1,1.0,10.0,7.0,,,,,9.0,4.0,4.0,,,,,,10.0,3.0,4.0,6.0,,5.0,,3.0,10.0,,,10.0,3.0,7.0,9.0,,8.0,,4.0,5.0,3.0,10.0,1.0,10.0,1.0,10.0,,,8.0,2.0,6,10.0,10,1
2009-09-28,80517,,11,3,6020.0,14528210,CRRB,CARROLLTON BANCORP,CRRB,551111.0,Q,A,R,13085,3,6020.0,,,,60.0,602.0,,,,,,,-5.67,-0.019031,2569.0,1.0,,-14566.23,CRRB,10.0,,,,,1,1.0,10.0,7.0,,,,,9.0,4.0,4.0,,,,,,10.0,3.0,4.0,6.0,,5.0,,3.0,10.0,,,10.0,3.0,7.0,9.0,,8.0,,4.0,5.0,3.0,10.0,1.0,10.0,1.0,10.0,,,8.0,2.0,6,10.0,10,1
2009-09-29,80517,,11,3,6020.0,14528210,CRRB,CARROLLTON BANCORP,CRRB,551111.0,Q,A,R,13085,3,6020.0,,,,60.0,602.0,,,,,,,-5.82,0.026455,2569.0,1.0,,-14951.58,CRRB,10.0,,,,,1,1.0,10.0,7.0,,,,,9.0,4.0,4.0,,,,,,10.0,3.0,4.0,6.0,,5.0,,3.0,10.0,,,10.0,3.0,7.0,9.0,,8.0,,4.0,5.0,3.0,10.0,1.0,10.0,1.0,10.0,,,8.0,2.0,6,10.0,10,1
2009-09-30,80517,,11,3,6020.0,14528210,CRRB,CARROLLTON BANCORP,CRRB,551111.0,Q,A,R,13085,3,6020.0,,,,60.0,602.0,,,,,,,5.5,-0.054983,2569.0,1.0,5.52,14129.5,CRRB,10.0,,,,,1,1.0,10.0,7.0,,,,,9.0,4.0,4.0,,,,,,10.0,3.0,4.0,6.0,,5.0,,3.0,10.0,,,10.0,3.0,7.0,9.0,,8.0,,4.0,5.0,3.0,10.0,1.0,10.0,1.0,10.0,,,8.0,2.0,6,10.0,10,1
2009-10-01,80517,,11,3,6020.0,14528210,CRRB,CARROLLTON BANCORP,CRRB,551111.0,Q,A,R,13085,3,6020.0,,,,60.0,602.0,,,,,,,5.5,0.0,2569.0,1.0,5.5,14129.5,CRRB,10.0,,,,,1,1.0,10.0,7.0,,,,,9.0,4.0,4.0,,,,,,10.0,3.0,4.0,6.0,,5.0,,1.0,8.0,,,10.0,3.0,9.0,9.0,,7.0,,4.0,5.0,3.0,8.0,1.0,10.0,8.0,7.0,,,8.0,1.0,6,10.0,10,1
2009-10-02,80517,,11,3,6020.0,14528210,CRRB,CARROLLTON BANCORP,CRRB,551111.0,Q,A,R,13085,3,6020.0,,,,60.0,602.0,,,,,,,-5.67,0.030909,2569.0,1.0,,-14566.23,CRRB,10.0,,,,,1,1.0,10.0,7.0,,,,,9.0,4.0,4.0,,,,,,10.0,3.0,4.0,6.0,,5.0,,1.0,8.0,,,10.0,3.0,9.0,9.0,,7.0,,4.0,5.0,3.0,8.0,1.0,10.0,8.0,7.0,,,8.0,1.0,6,10.0,10,1
2009-10-05,80517,,11,3,6020.0,14528210,CRRB,CARROLLTON BANCORP,CRRB,551111.0,Q,A,R,13085,3,6020.0,,,,60.0,602.0,,,,,,,5.5,-0.029982,2569.0,1.0,5.5,14129.5,CRRB,10.0,,,,,1,1.0,10.0,7.0,,,,,9.0,4.0,4.0,,,,,,10.0,3.0,4.0,6.0,,5.0,,1.0,8.0,,,10.0,3.0,9.0,9.0,,7.0,,4.0,5.0,3.0,8.0,1.0,10.0,8.0,7.0,,,8.0,1.0,6,10.0,10,1
2009-10-06,80517,,11,3,6020.0,14528210,CRRB,CARROLLTON BANCORP,CRRB,551111.0,Q,A,R,13085,3,6020.0,,,,60.0,602.0,,,,,,,5.41,-0.016364,2569.0,1.0,5.41,13898.29,CRRB,10.0,,,,,1,1.0,10.0,7.0,,,,,9.0,4.0,4.0,,,,,,10.0,3.0,4.0,6.0,,5.0,,1.0,8.0,,,10.0,3.0,9.0,9.0,,7.0,,4.0,5.0,3.0,8.0,1.0,10.0,8.0,7.0,,,8.0,1.0,6,10.0,10,1
2009-10-07,80517,,11,3,6020.0,14528210,CRRB,CARROLLTON BANCORP,CRRB,551111.0,Q,A,R,13085,3,6020.0,,,,60.0,602.0,,,,,,,5.31,-0.018484,2569.0,1.0,4.72,13641.39,CRRB,10.0,,,,,1,1.0,10.0,7.0,,,,,9.0,4.0,4.0,,,,,,10.0,3.0,4.0,6.0,,5.0,,1.0,8.0,,,10.0,3.0,9.0,9.0,,7.0,,4.0,5.0,3.0,8.0,1.0,10.0,8.0,7.0,,,8.0,1.0,6,10.0,10,1
2009-10-08,80517,,11,3,6020.0,14528210,CRRB,CARROLLTON BANCORP,CRRB,551111.0,Q,A,R,13085,3,6020.0,,,,60.0,602.0,,,,,,,-5.61,0.056497,2569.0,1.0,,-14412.09,CRRB,10.0,,,,,1,1.0,10.0,7.0,,,,,9.0,4.0,4.0,,,,,,10.0,3.0,4.0,6.0,,5.0,,1.0,8.0,,,10.0,3.0,9.0,9.0,,7.0,,4.0,5.0,3.0,8.0,1.0,10.0,8.0,7.0,,,8.0,1.0,6,10.0,10,1
2009-10-09,80517,,11,3,6020.0,14528210,CRRB,CARROLLTON BANCORP,CRRB,551111.0,Q,A,R,13085,3,6020.0,,,,60.0,602.0,,,,,,,5.866,0.045633,2569.0,1.0,5.89,15069.754,CRRB,10.0,,,,,1,1.0,10.0,7.0,,,,,9.0,4.0,4.0,,,,,,10.0,3.0,4.0,6.0,,5.0,,1.0,8.0,,,10.0,3.0,9.0,9.0,,7.0,,4.0,5.0,3.0,8.0,1.0,10.0,8.0,7.0,,,8.0,1.0,6,10.0,10,1
2009-10-12,80517,,11,3,6020.0,14528210,CRRB,CARROLLTON BANCORP,CRRB,551111.0,Q,A,R,13085,3,6020.0,,,,60.0,602.0,,,,,,,-5.875,0.001534,2569.0,1.0,,-15092.875,CRRB,10.0,,,,,1,1.0,10.0,7.0,,,,,9.0,4.0,4.0,,,,,,10.0,3.0,4.0,6.0,,5.0,,1.0,8.0,,,10.0,3.0,9.0,9.0,,7.0,,4.0,5.0,3.0,8.0,1.0,10.0,8.0,7.0,,,8.0,1.0,6,10.0,10,1
2009-10-13,80517,,11,3,6020.0,14528210,CRRB,CARROLLTON BANCORP,CRRB,551111.0,Q,A,R,13085,3,6020.0,,,,60.0,602.0,,,,,,,5.76,-0.019574,2569.0,1.0,5.78,14797.44,CRRB,10.0,,,,,1,1.0,10.0,7.0,,,,,9.0,4.0,4.0,,,,,,10.0,3.0,4.0,6.0,,5.0,,1.0,8.0,,,10.0,3.0,9.0,9.0,,7.0,,4.0,5.0,3.0,8.0,1.0,10.0,8.0,7.0,,,8.0,1.0,6,10.0,10,1
2009-10-14,80517,,11,3,6020.0,14528210,CRRB,CARROLLTON BANCORP,CRRB,551111.0,Q,A,R,13085,3,6020.0,,,,60.0,602.0,,,,,,,-5.955,0.033854,2569.0,1.0,,-15298.395,CRRB,10.0,,,,,1,1.0,10.0,7.0,,,,,9.0,4.0,4.0,,,,,,10.0,3.0,4.0,6.0,,5.0,,1.0,8.0,,,10.0,3.0,9.0,9.0,,7.0,,4.0,5.0,3.0,8.0,1.0,10.0,8.0,7.0,,,8.0,1.0,6,10.0,10,1
2009-10-15,80517,,11,3,6020.0,14528210,CRRB,CARROLLTON BANCORP,CRRB,551111.0,Q,A,R,13085,3,6020.0,,,,60.0,602.0,,,,,,,-5.86,-0.015953,2569.0,1.0,,-15054.34,CRRB,10.0,,,,,1,1.0,10.0,7.0,,,,,9.0,4.0,4.0,,,,,,10.0,3.0,4.0,6.0,,5.0,,1.0,8.0,,,10.0,3.0,9.0,9.0,,7.0,,4.0,5.0,3.0,8.0,1.0,10.0,8.0,7.0,,,8.0,1.0,6,10.0,10,1
2009-10-16,80517,,11,3,6020.0,14528210,CRRB,CARROLLTON BANCORP,CRRB,551111.0,Q,A,R,13085,3,6020.0,,,,60.0,602.0,,,,,,,-5.855,-0.000853,2569.0,1.0,,-15041.495,CRRB,10.0,,,,,1,1.0,10.0,7.0,,,,,9.0,4.0,4.0,,,,,,10.0,3.0,4.0,6.0,,5.0,,1.0,8.0,,,10.0,3.0,9.0,9.0,,7.0,,4.0,5.0,3.0,8.0,1.0,10.0,8.0,7.0,,,8.0,1.0,6,10.0,10,1
2009-10-19,80517,,11,3,6020.0,14528210,CRRB,CARROLLTON BANCORP,CRRB,551111.0,Q,A,R,13085,3,6020.0,,,,60.0,602.0,,,,,,,-5.83,-0.00427,2569.0,1.0,,-14977.27,CRRB,10.0,,,,,1,1.0,10.0,7.0,,,,,9.0,4.0,4.0,,,,,,10.0,3.0,4.0,6.0,,5.0,,1.0,8.0,,,10.0,3.0,9.0,9.0,,7.0,,4.0,5.0,3.0,8.0,1.0,10.0,8.0,7.0,,,8.0,1.0,6,10.0,10,1
2009-10-20,80517,,11,3,6020.0,14528210,CRRB,CARROLLTON BANCORP,CRRB,551111.0,Q,A,R,13085,3,6020.0,,,,60.0,602.0,,,,,,,-5.84,0.001715,2569.0,1.0,,-15002.96,CRRB,10.0,,,,,1,1.0,10.0,7.0,,,,,9.0,4.0,4.0,,,,,,10.0,3.0,4.0,6.0,,5.0,,1.0,8.0,,,10.0,3.0,9.0,9.0,,7.0,,4.0,5.0,3.0,8.0,1.0,10.0,8.0,7.0,,,8.0,1.0,6,10.0,10,1
2009-10-21,80517,,11,3,6020.0,14528210,CRRB,CARROLLTON BANCORP,CRRB,551111.0,Q,A,R,13085,3,6020.0,,,,60.0,602.0,,,,,,,-5.745,-0.016267,2569.0,1.0,,-14758.905,CRRB,10.0,,,,,1,1.0,10.0,7.0,,,,,9.0,4.0,4.0,,,,,,10.0,3.0,4.0,6.0,,5.0,,1.0,8.0,,,10.0,3.0,9.0,9.0,,7.0,,4.0,5.0,3.0,8.0,1.0,10.0,8.0,7.0,,,8.0,1.0,6,10.0,10,1
2009-10-22,80517,,11,3,6020.0,14528210,CRRB,CARROLLTON BANCORP,CRRB,551111.0,Q,A,R,13085,3,6020.0,,,,60.0,602.0,,,,,,,4.85,-0.155788,2569.0,1.0,5.54,12459.65,CRRB,10.0,,,,,1,1.0,10.0,7.0,,,,,9.0,4.0,4.0,,,,,,10.0,3.0,4.0,6.0,,5.0,,1.0,8.0,,,10.0,3.0,9.0,9.0,,7.0,,4.0,5.0,3.0,8.0,1.0,10.0,8.0,7.0,,,8.0,1.0,6,10.0,10,1
2009-10-23,80517,,11,3,6020.0,14528210,CRRB,CARROLLTON BANCORP,CRRB,551111.0,Q,A,R,13085,3,6020.0,,,,60.0,602.0,,,,,,,5.3,0.092784,2569.0,1.0,6.0,13615.7,CRRB,10.0,,,,,1,1.0,10.0,7.0,,,,,9.0,4.0,4.0,,,,,,10.0,3.0,4.0,6.0,,5.0,,1.0,8.0,,,10.0,3.0,9.0,9.0,,7.0,,4.0,5.0,3.0,8.0,1.0,10.0,8.0,7.0,,,8.0,1.0,6,10.0,10,1
2009-10-26,80517,,11,3,6020.0,14528210,CRRB,CARROLLTON BANCORP,CRRB,551111.0,Q,A,R,13085,3,6020.0,,,,60.0,602.0,,,,,,,5.82,0.098113,2569.0,1.0,5.83,14951.58,CRRB,10.0,,,,,1,1.0,10.0,7.0,,,,,9.0,4.0,4.0,,,,,,10.0,3.0,4.0,6.0,,5.0,,1.0,8.0,,,10.0,3.0,9.0,9.0,,7.0,,4.0,5.0,3.0,8.0,1.0,10.0,8.0,7.0,,,8.0,1.0,6,10.0,10,1
2009-10-27,80517,,11,3,6020.0,14528210,CRRB,CARROLLTON BANCORP,CRRB,551111.0,Q,A,R,13085,3,6020.0,,,,60.0,602.0,,,,,,,-5.355,-0.079897,2569.0,1.0,,-13756.995,CRRB,10.0,,,,,1,1.0,10.0,7.0,,,,,9.0,4.0,4.0,,,,,,10.0,3.0,4.0,6.0,,5.0,,1.0,8.0,,,10.0,3.0,9.0,9.0,,7.0,,4.0,5.0,3.0,8.0,1.0,10.0,8.0,7.0,,,8.0,1.0,6,10.0,10,1
2009-10-28,80517,,11,3,6020.0,14528210,CRRB,CARROLLTON BANCORP,CRRB,551111.0,Q,A,R,13085,3,6020.0,,,,60.0,602.0,,,,,,,4.97,-0.071895,2569.0,1.0,5.26,12767.93,CRRB,10.0,,,,,1,1.0,10.0,7.0,,,,,9.0,4.0,4.0,,,,,,10.0,3.0,4.0,6.0,,5.0,,1.0,8.0,,,10.0,3.0,9.0,9.0,,7.0,,4.0,5.0,3.0,8.0,1.0,10.0,8.0,7.0,,,8.0,1.0,6,10.0,10,1
2009-10-29,80517,,11,3,6020.0,14528210,CRRB,CARROLLTON BANCORP,CRRB,551111.0,Q,A,R,13085,3,6020.0,,,,60.0,602.0,,,,,,,-5.4,0.086519,2569.0,1.0,,-13872.6,<undefined>,10.0,,,,,1,1.0,10.0,7.0,,,,,9.0,4.0,4.0,,,,,,10.0,3.0,4.0,6.0,,5.0,,1.0,8.0,,,10.0,3.0,9.0,9.0,,7.0,,4.0,5.0,3.0,8.0,1.0,10.0,8.0,7.0,,,8.0,1.0,6,10.0,10,1
2009-10-30,80517,,11,3,6020.0,14528210,CRRB,CARROLLTON BANCORP,CRRB,551111.0,Q,A,R,13085,3,6020.0,,,,60.0,602.0,,,,,,,-5.395,-0.000926,2569.0,1.0,,-13859.755,CRRB,10.0,,,,,1,1.0,10.0,7.0,,,,,9.0,4.0,4.0,,,,,,10.0,3.0,4.0,6.0,,5.0,,1.0,8.0,,,10.0,3.0,9.0,9.0,,7.0,,4.0,5.0,3.0,8.0,1.0,10.0,8.0,7.0,,,8.0,1.0,6,10.0,10,1
2009-11-02,80517,,11,3,6020.0,14528210,CRRB,CARROLLTON BANCORP,CRRB,551111.0,Q,A,R,13085,3,6020.0,,,,60.0,602.0,,,,,,,-5.395,0.0,2569.0,1.0,,-13859.755,CRRB,10.0,,,,,1,1.0,10.0,7.0,,,,,9.0,4.0,4.0,,,,,,10.0,3.0,4.0,6.0,,5.0,,2.0,7.0,,,10.0,1.0,10.0,8.0,,7.0,,,,,4.0,1.0,10.0,5.0,3.0,,,8.0,2.0,6,10.0,10,1
2009-11-03,80517,,11,3,6020.0,14528210,CRRB,CARROLLTON BANCORP,CRRB,551111.0,Q,A,R,13085,3,6020.0,,,,60.0,602.0,,,,,,,5.02,-0.069509,2569.0,1.0,5.49,12896.38,CRRB,10.0,,,,,1,1.0,10.0,7.0,,,,,9.0,4.0,4.0,,,,,,10.0,3.0,4.0,6.0,,5.0,,2.0,7.0,,,10.0,1.0,10.0,8.0,,7.0,,,,,4.0,1.0,10.0,5.0,3.0,,,8.0,2.0,6,10.0,10,1
2009-11-04,80517,,11,3,6020.0,14528210,CRRB,CARROLLTON BANCORP,CRRB,551111.0,Q,A,R,13085,3,6020.0,,,,60.0,602.0,,,,,,,-5.255,0.046813,2569.0,1.0,,-13500.095,CRRB,10.0,,,,,1,1.0,10.0,7.0,,,,,9.0,4.0,4.0,,,,,,10.0,3.0,4.0,6.0,,5.0,,2.0,7.0,,,10.0,1.0,10.0,8.0,,7.0,,,,,4.0,1.0,10.0,5.0,3.0,,,8.0,2.0,6,10.0,10,1
2009-11-05,80517,,11,3,6020.0,14528210,CRRB,CARROLLTON BANCORP,CRRB,551111.0,Q,A,R,13085,3,6020.0,,,,60.0,602.0,,,,,,,4.86,-0.075167,2569.0,1.0,4.86,12485.34,CRRB,10.0,,,,,1,1.0,10.0,7.0,,,,,9.0,4.0,4.0,,,,,,10.0,3.0,4.0,6.0,,5.0,,2.0,7.0,,,10.0,1.0,10.0,8.0,,7.0,,,,,4.0,1.0,10.0,5.0,3.0,,,8.0,2.0,6,10.0,10,1
2009-11-06,80517,,11,3,6020.0,14528210,CRRB,CARROLLTON BANCORP,CRRB,551111.0,Q,A,R,13085,3,6020.0,,,,60.0,602.0,,,,,,,-5.13,0.055556,2569.0,1.0,,-13178.97,CRRB,10.0,,,,,1,1.0,10.0,7.0,,,,,9.0,4.0,4.0,,,,,,10.0,3.0,4.0,6.0,,5.0,,2.0,7.0,,,10.0,1.0,10.0,8.0,,7.0,,,,,4.0,1.0,10.0,5.0,3.0,,,8.0,2.0,6,10.0,10,1
2009-11-09,80517,,11,3,6020.0,14528210,CRRB,CARROLLTON BANCORP,CRRB,551111.0,Q,A,R,13085,3,6020.0,,,,60.0,602.0,,,,,,,-5.11,-0.003899,2569.0,1.0,,-13127.59,CRRB,10.0,,,,,1,1.0,10.0,7.0,,,,,9.0,4.0,4.0,,,,,,10.0,3.0,4.0,6.0,,5.0,,2.0,7.0,,,10.0,1.0,10.0,8.0,,7.0,,,,,4.0,1.0,10.0,5.0,3.0,,,8.0,2.0,6,10.0,10,1
2009-11-10,80517,,11,3,6020.0,14528210,CRRB,CARROLLTON BANCORP,CRRB,551111.0,Q,A,R,13085,3,6020.0,,,,60.0,602.0,1232.0,0.04,0.0,,,,4.832,-0.046575,2569.0,1.0,4.832,12413.408,CRRB,10.0,,,,,1,1.0,10.0,7.0,,,,,9.0,4.0,4.0,,,,,,10.0,3.0,4.0,6.0,,5.0,,2.0,7.0,,,10.0,1.0,10.0,8.0,,7.0,,,,,4.0,1.0,10.0,5.0,3.0,,,8.0,2.0,6,10.0,10,1
2009-11-11,80517,,11,3,6020.0,14528210,CRRB,CARROLLTON BANCORP,CRRB,551111.0,Q,A,R,13085,3,6020.0,,,,60.0,602.0,,,,,,,5.09,0.053394,2569.0,1.0,4.84,13076.21,CRRB,10.0,,,,,1,1.0,10.0,7.0,,,,,9.0,4.0,4.0,,,,,,10.0,3.0,4.0,6.0,,5.0,,2.0,7.0,,,10.0,1.0,10.0,8.0,,7.0,,,,,4.0,1.0,10.0,5.0,3.0,,,8.0,2.0,6,10.0,10,1
2009-11-12,80517,,11,3,6020.0,14528210,CRRB,CARROLLTON BANCORP,CRRB,551111.0,Q,A,R,13085,3,6020.0,,,,60.0,602.0,,,,,,,4.71,-0.074656,2569.0,1.0,4.71,12099.99,CRRB,10.0,,,,,1,1.0,10.0,7.0,,,,,9.0,4.0,4.0,,,,,,10.0,3.0,4.0,6.0,,5.0,,2.0,7.0,,,10.0,1.0,10.0,8.0,,7.0,,,,,4.0,1.0,10.0,5.0,3.0,,,8.0,2.0,6,10.0,10,1
2009-11-13,80517,,11,3,6020.0,14528210,CRRB,CARROLLTON BANCORP,CRRB,551111.0,Q,A,R,13085,3,6020.0,,,,60.0,602.0,,,,,,,-4.795,0.018047,2569.0,1.0,,-12318.355,CRRB,10.0,,,,,1,1.0,10.0,7.0,,,,,9.0,4.0,4.0,,,,,,10.0,3.0,4.0,6.0,,5.0,,2.0,7.0,,,10.0,1.0,10.0,8.0,,7.0,,,,,4.0,1.0,10.0,5.0,3.0,,,8.0,2.0,6,10.0,10,1
2009-11-16,80517,,11,3,6020.0,14528210,CRRB,CARROLLTON BANCORP,CRRB,551111.0,Q,A,R,13085,3,6020.0,,,,60.0,602.0,,,,,,,5.08,0.059437,2569.0,1.0,5.08,13050.52,CRRB,10.0,,,,,1,1.0,10.0,7.0,,,,,9.0,4.0,4.0,,,,,,10.0,3.0,4.0,6.0,,5.0,,2.0,7.0,,,10.0,1.0,10.0,8.0,,7.0,,,,,4.0,1.0,10.0,5.0,3.0,,,8.0,2.0,6,10.0,10,1
2009-11-17,80517,,11,3,6020.0,14528210,CRRB,CARROLLTON BANCORP,CRRB,551111.0,Q,A,R,13085,3,6020.0,,,,60.0,602.0,,,,,,,4.4,-0.133858,2569.0,1.0,4.65,11303.6,CRRB,10.0,,,,,1,1.0,10.0,7.0,,,,,9.0,4.0,4.0,,,,,,10.0,3.0,4.0,6.0,,5.0,,2.0,7.0,,,10.0,1.0,10.0,8.0,,7.0,,,,,4.0,1.0,10.0,5.0,3.0,,,8.0,2.0,6,10.0,10,1
2009-11-18,80517,,11,3,6020.0,14528210,CRRB,CARROLLTON BANCORP,CRRB,551111.0,Q,A,R,13085,3,6020.0,,,,60.0,602.0,,,,,,,-4.295,-0.023864,2569.0,1.0,,-11033.855,CRRB,10.0,,,,,1,1.0,10.0,7.0,,,,,9.0,4.0,4.0,,,,,,10.0,3.0,4.0,6.0,,5.0,,2.0,7.0,,,10.0,1.0,10.0,8.0,,7.0,,,,,4.0,1.0,10.0,5.0,3.0,,,8.0,2.0,6,10.0,10,1
2009-11-19,80517,,11,3,6020.0,14528210,CRRB,CARROLLTON BANCORP,CRRB,551111.0,Q,A,R,13085,3,6020.0,,,,60.0,602.0,,,,,,,4.5,0.04773,2569.0,1.0,4.4999,11560.5,CRRB,10.0,,,,,1,1.0,10.0,7.0,,,,,9.0,4.0,4.0,,,,,,10.0,3.0,4.0,6.0,,5.0,,2.0,7.0,,,10.0,1.0,10.0,8.0,,7.0,,,,,4.0,1.0,10.0,5.0,3.0,,,8.0,2.0,6,10.0,10,1
2009-11-20,80517,,11,3,6020.0,14528210,CRRB,CARROLLTON BANCORP,CRRB,551111.0,Q,A,R,13085,3,6020.0,,,,60.0,602.0,,,,,,,4.55,0.011111,2569.0,1.0,4.42,11688.95,CRRB,10.0,,,,,1,1.0,10.0,7.0,,,,,9.0,4.0,4.0,,,,,,10.0,3.0,4.0,6.0,,5.0,,2.0,7.0,,,10.0,1.0,10.0,8.0,,7.0,,,,,4.0,1.0,10.0,5.0,3.0,,,8.0,2.0,6,10.0,10,1
2009-11-23,80517,,11,3,6020.0,14528210,CRRB,CARROLLTON BANCORP,CRRB,551111.0,Q,A,R,13085,3,6020.0,,,,60.0,602.0,,,,,,,-4.715,0.036264,2569.0,1.0,,-12112.835,CRRB,10.0,,,,,1,1.0,10.0,7.0,,,,,9.0,4.0,4.0,,,,,,10.0,3.0,4.0,6.0,,5.0,,2.0,7.0,,,10.0,1.0,10.0,8.0,,7.0,,,,,4.0,1.0,10.0,5.0,3.0,,,8.0,2.0,6,10.0,10,1
2009-11-24,80517,,11,3,6020.0,14528210,CRRB,CARROLLTON BANCORP,CRRB,551111.0,Q,A,R,13085,3,6020.0,,,,60.0,602.0,,,,,,,5.06,0.073171,2569.0,1.0,4.89,12999.14,CRRB,10.0,,,,,1,1.0,10.0,7.0,,,,,9.0,4.0,4.0,,,,,,10.0,3.0,4.0,6.0,,5.0,,2.0,7.0,,,10.0,1.0,10.0,8.0,,7.0,,,,,4.0,1.0,10.0,5.0,3.0,,,8.0,2.0,6,10.0,10,1
2009-11-25,80517,,11,3,6020.0,14528210,CRRB,CARROLLTON BANCORP,CRRB,551111.0,Q,A,R,13085,3,6020.0,,,,60.0,602.0,,,,,,,4.97,-0.017787,2569.0,1.0,4.97,12767.93,CRRB,10.0,,,,,1,1.0,10.0,7.0,,,,,9.0,4.0,4.0,,,,,,10.0,3.0,4.0,6.0,,5.0,,2.0,7.0,,,10.0,1.0,10.0,8.0,,7.0,,,,,4.0,1.0,10.0,5.0,3.0,,,8.0,2.0,6,10.0,10,1
2009-11-27,80517,,11,3,6020.0,14528210,CRRB,CARROLLTON BANCORP,CRRB,551111.0,Q,A,R,13085,3,6020.0,,,,60.0,602.0,,,,,,,5.0,0.006036,2569.0,1.0,4.97,12845.0,CRRB,10.0,,,,,1,1.0,10.0,7.0,,,,,9.0,4.0,4.0,,,,,,10.0,3.0,4.0,6.0,,5.0,,2.0,7.0,,,10.0,1.0,10.0,8.0,,7.0,,,,,4.0,1.0,10.0,5.0,3.0,,,8.0,2.0,6,10.0,10,1
2009-11-30,80517,,11,3,6020.0,14528210,CRRB,CARROLLTON BANCORP,CRRB,551111.0,Q,A,R,13085,3,6020.0,,,,60.0,602.0,,,,,,,5.0,0.0,2569.0,1.0,5.0,12845.0,CRRB,10.0,,,,,1,1.0,10.0,7.0,,,,,9.0,4.0,4.0,,,,,,10.0,3.0,4.0,6.0,,5.0,,2.0,7.0,,,10.0,1.0,10.0,8.0,,7.0,,,,,4.0,1.0,10.0,5.0,3.0,,,8.0,2.0,6,10.0,10,1
2009-12-01,80517,,11,3,6020.0,14528210,CRRB,CARROLLTON BANCORP,CRRB,551111.0,Q,A,R,13085,3,6020.0,,,,60.0,602.0,,,,,,,4.65,-0.07,2569.0,1.0,4.99,11945.85,CRRB,10.0,,,,,1,1.0,10.0,7.0,,,,,9.0,4.0,4.0,,,,,,10.0,3.0,4.0,6.0,,5.0,,,4.0,,,10.0,1.0,6.0,8.0,,7.0,,2.0,1.0,2.0,9.0,1.0,10.0,3.0,9.0,,,9.0,1.0,6,10.0,10,1
2009-12-02,80517,,11,3,6020.0,14528210,CRRB,CARROLLTON BANCORP,CRRB,551111.0,Q,A,R,13085,3,6020.0,,,,60.0,602.0,,,,,,,4.57,-0.017204,2569.0,1.0,5.0,11740.33,CRRB,10.0,,,,,1,1.0,10.0,7.0,,,,,9.0,4.0,4.0,,,,,,10.0,3.0,4.0,6.0,,5.0,,,4.0,,,10.0,1.0,6.0,8.0,,7.0,,2.0,1.0,2.0,9.0,1.0,10.0,3.0,9.0,,,9.0,1.0,6,10.0,10,1
2009-12-03,80517,,11,3,6020.0,14528210,CRRB,CARROLLTON BANCORP,CRRB,551111.0,Q,A,R,13085,3,6020.0,,,,60.0,602.0,,,,,,,4.55,-0.004376,2569.0,1.0,4.5501,11688.95,CRRB,10.0,,,,,1,1.0,10.0,7.0,,,,,9.0,4.0,4.0,,,,,,10.0,3.0,4.0,6.0,,5.0,,,4.0,,,10.0,1.0,6.0,8.0,,7.0,,2.0,1.0,2.0,9.0,1.0,10.0,3.0,9.0,,,9.0,1.0,6,10.0,10,1
2009-12-04,80517,,11,3,6020.0,14528210,CRRB,CARROLLTON BANCORP,CRRB,551111.0,Q,A,R,13085,3,6020.0,,,,60.0,602.0,,,,,,,4.65,0.021978,2569.0,1.0,4.55,11945.85,CRRB,10.0,,,,,1,1.0,10.0,7.0,,,,,9.0,4.0,4.0,,,,,,10.0,3.0,4.0,6.0,,5.0,,,4.0,,,10.0,1.0,6.0,8.0,,7.0,,2.0,1.0,2.0,9.0,1.0,10.0,3.0,9.0,,,9.0,1.0,6,10.0,10,1
2009-12-07,80517,,11,3,6020.0,14528210,CRRB,CARROLLTON BANCORP,CRRB,551111.0,Q,A,R,13085,3,6020.0,,,,60.0,602.0,,,,,,,-4.85,0.043011,2569.0,1.0,,-12459.65,CRRB,10.0,,,,,1,1.0,10.0,7.0,,,,,9.0,4.0,4.0,,,,,,10.0,3.0,4.0,6.0,,5.0,,,4.0,,,10.0,1.0,6.0,8.0,,7.0,,2.0,1.0,2.0,9.0,1.0,10.0,3.0,9.0,,,9.0,1.0,6,10.0,10,1
2009-12-08,80517,,11,3,6020.0,14528210,CRRB,CARROLLTON BANCORP,CRRB,551111.0,Q,A,R,13085,3,6020.0,,,,60.0,602.0,,,,,,,4.8,-0.010309,2569.0,1.0,4.795,12331.2,CRRB,10.0,,,,,1,1.0,10.0,7.0,,,,,9.0,4.0,4.0,,,,,,10.0,3.0,4.0,6.0,,5.0,,,4.0,,,10.0,1.0,6.0,8.0,,7.0,,2.0,1.0,2.0,9.0,1.0,10.0,3.0,9.0,,,9.0,1.0,6,10.0,10,1
2009-12-09,80517,,11,3,6020.0,14528210,CRRB,CARROLLTON BANCORP,CRRB,551111.0,Q,A,R,13085,3,6020.0,,,,60.0,602.0,,,,,,,4.95,0.03125,2569.0,1.0,4.95,12716.55,CRRB,10.0,,,,,1,1.0,10.0,7.0,,,,,9.0,4.0,4.0,,,,,,10.0,3.0,4.0,6.0,,5.0,,,4.0,,,10.0,1.0,6.0,8.0,,7.0,,2.0,1.0,2.0,9.0,1.0,10.0,3.0,9.0,,,9.0,1.0,6,10.0,10,1
2009-12-10,80517,,11,3,6020.0,14528210,CRRB,CARROLLTON BANCORP,CRRB,551111.0,Q,A,R,13085,3,6020.0,,,,60.0,602.0,,,,,,,5.08,0.026263,2569.0,1.0,5.08,13050.52,CRRB,10.0,,,,,1,1.0,10.0,7.0,,,,,9.0,4.0,4.0,,,,,,10.0,3.0,4.0,6.0,,5.0,,,4.0,,,10.0,1.0,6.0,8.0,,7.0,,2.0,1.0,2.0,9.0,1.0,10.0,3.0,9.0,,,9.0,1.0,6,10.0,10,1
2009-12-11,80517,,11,3,6020.0,14528210,CRRB,CARROLLTON BANCORP,CRRB,551111.0,Q,A,R,13085,3,6020.0,,,,60.0,602.0,,,,,,,-4.975,-0.020669,2569.0,1.0,,-12780.775,CRRB,10.0,,,,,1,1.0,10.0,7.0,,,,,9.0,4.0,4.0,,,,,,10.0,3.0,4.0,6.0,,5.0,,,4.0,,,10.0,1.0,6.0,8.0,,7.0,,2.0,1.0,2.0,9.0,1.0,10.0,3.0,9.0,,,9.0,1.0,6,10.0,10,1
2009-12-14,80517,,11,3,6020.0,14528210,CRRB,CARROLLTON BANCORP,CRRB,551111.0,Q,A,R,13085,3,6020.0,,,,60.0,602.0,,,,,,,4.9,-0.015075,2569.0,1.0,4.9,12588.1,CRRB,10.0,,,,,1,1.0,10.0,7.0,,,,,9.0,4.0,4.0,,,,,,10.0,3.0,4.0,6.0,,5.0,,,4.0,,,10.0,1.0,6.0,8.0,,7.0,,2.0,1.0,2.0,9.0,1.0,10.0,3.0,9.0,,,9.0,1.0,6,10.0,10,1
2009-12-15,80517,,11,3,6020.0,14528210,CRRB,CARROLLTON BANCORP,CRRB,551111.0,Q,A,R,13085,3,6020.0,,,,60.0,602.0,,,,,,,-4.835,-0.013265,2569.0,1.0,,-12421.115,CRRB,10.0,,,,,1,1.0,10.0,7.0,,,,,9.0,4.0,4.0,,,,,,10.0,3.0,4.0,6.0,,5.0,,,4.0,,,10.0,1.0,6.0,8.0,,7.0,,2.0,1.0,2.0,9.0,1.0,10.0,3.0,9.0,,,9.0,1.0,6,10.0,10,1
2009-12-16,80517,,11,3,6020.0,14528210,CRRB,CARROLLTON BANCORP,CRRB,551111.0,Q,A,R,13085,3,6020.0,,,,60.0,602.0,,,,,,,-4.815,-0.004137,2569.0,1.0,,-12369.735,CRRB,10.0,,,,,1,1.0,10.0,7.0,,,,,9.0,4.0,4.0,,,,,,10.0,3.0,4.0,6.0,,5.0,,,4.0,,,10.0,1.0,6.0,8.0,,7.0,,2.0,1.0,2.0,9.0,1.0,10.0,3.0,9.0,,,9.0,1.0,6,10.0,10,1
2009-12-17,80517,,11,3,6020.0,14528210,CRRB,CARROLLTON BANCORP,CRRB,551111.0,Q,A,R,13085,3,6020.0,,,,60.0,602.0,,,,,,,-4.915,0.020768,2569.0,1.0,,-12626.635,CRRB,10.0,,,,,1,1.0,10.0,7.0,,,,,9.0,4.0,4.0,,,,,,10.0,3.0,4.0,6.0,,5.0,,,4.0,,,10.0,1.0,6.0,8.0,,7.0,,2.0,1.0,2.0,9.0,1.0,10.0,3.0,9.0,,,9.0,1.0,6,10.0,10,1
2009-12-18,80517,,11,3,6020.0,14528210,CRRB,CARROLLTON BANCORP,CRRB,551111.0,Q,A,R,13085,3,6020.0,,,,60.0,602.0,,,,,,,-4.875,-0.008138,2569.0,1.0,,-12523.875,CRRB,10.0,,,,,1,1.0,10.0,7.0,,,,,9.0,4.0,4.0,,,,,,10.0,3.0,4.0,6.0,,5.0,,,4.0,,,10.0,1.0,6.0,8.0,,7.0,,2.0,1.0,2.0,9.0,1.0,10.0,3.0,9.0,,,9.0,1.0,6,10.0,10,1
2009-12-21,80517,,11,3,6020.0,14528210,CRRB,CARROLLTON BANCORP,CRRB,551111.0,Q,A,R,13085,3,6020.0,,,,60.0,602.0,,,,,,,-4.875,0.0,2569.0,1.0,,-12523.875,CRRB,10.0,,,,,1,1.0,10.0,7.0,,,,,9.0,4.0,4.0,,,,,,10.0,3.0,4.0,6.0,,5.0,,,4.0,,,10.0,1.0,6.0,8.0,,7.0,,2.0,1.0,2.0,9.0,1.0,10.0,3.0,9.0,,,9.0,1.0,6,10.0,10,1
2009-12-22,80517,,11,3,6020.0,14528210,CRRB,CARROLLTON BANCORP,CRRB,551111.0,Q,A,R,13085,3,6020.0,,,,60.0,602.0,,,,,,,-4.875,0.0,2569.0,1.0,,-12523.875,CRRB,10.0,,,,,1,1.0,10.0,7.0,,,,,9.0,4.0,4.0,,,,,,10.0,3.0,4.0,6.0,,5.0,,,4.0,,,10.0,1.0,6.0,8.0,,7.0,,2.0,1.0,2.0,9.0,1.0,10.0,3.0,9.0,,,9.0,1.0,6,10.0,10,1
2009-12-23,80517,,11,3,6020.0,14528210,CRRB,CARROLLTON BANCORP,CRRB,551111.0,Q,A,R,13085,3,6020.0,,,,60.0,602.0,,,,,,,-4.875,0.0,2569.0,1.0,,-12523.875,CRRB,10.0,,,,,1,1.0,10.0,7.0,,,,,9.0,4.0,4.0,,,,,,10.0,3.0,4.0,6.0,,5.0,,,4.0,,,10.0,1.0,6.0,8.0,,7.0,,2.0,1.0,2.0,9.0,1.0,10.0,3.0,9.0,,,9.0,1.0,6,10.0,10,1
2009-12-24,80517,,11,3,6020.0,14528210,CRRB,CARROLLTON BANCORP,CRRB,551111.0,Q,A,R,13085,3,6020.0,,,,60.0,602.0,,,,,,,4.75,-0.025641,2569.0,1.0,4.75,12202.75,CRRB,10.0,,,,,1,1.0,10.0,7.0,,,,,9.0,4.0,4.0,,,,,,10.0,3.0,4.0,6.0,,5.0,,,4.0,,,10.0,1.0,6.0,8.0,,7.0,,2.0,1.0,2.0,9.0,1.0,10.0,3.0,9.0,,,9.0,1.0,6,10.0,10,1
2009-12-28,80517,,11,3,6020.0,14528210,CRRB,CARROLLTON BANCORP,CRRB,551111.0,Q,A,R,13085,3,6020.0,,,,60.0,602.0,,,,,,,4.75,0.0,2569.0,1.0,4.755,12202.75,CRRB,10.0,,,,,1,1.0,10.0,7.0,,,,,9.0,4.0,4.0,,,,,,10.0,3.0,4.0,6.0,,5.0,,,4.0,,,10.0,1.0,6.0,8.0,,7.0,,2.0,1.0,2.0,9.0,1.0,10.0,3.0,9.0,,,9.0,1.0,6,10.0,10,1
2009-12-29,80517,,11,3,6020.0,14528210,CRRB,CARROLLTON BANCORP,CRRB,551111.0,Q,A,R,13085,3,6020.0,,,,60.0,602.0,,,,,,,4.76,0.002105,2569.0,1.0,4.76,12228.44,CRRB,10.0,,,,,1,1.0,10.0,7.0,,,,,9.0,4.0,4.0,,,,,,10.0,3.0,4.0,6.0,,5.0,,,4.0,,,10.0,1.0,6.0,8.0,,7.0,,2.0,1.0,2.0,9.0,1.0,10.0,3.0,9.0,,,9.0,1.0,6,10.0,10,1
2009-12-30,80517,,11,3,6020.0,14528210,CRRB,CARROLLTON BANCORP,CRRB,551111.0,Q,A,R,13085,3,6020.0,,,,60.0,602.0,,,,,,,4.8,0.008403,2569.0,1.0,4.76,12331.2,CRRB,10.0,,,,,1,1.0,10.0,7.0,,,,,9.0,4.0,4.0,,,,,,10.0,3.0,4.0,6.0,,5.0,,,4.0,,,10.0,1.0,6.0,8.0,,7.0,,2.0,1.0,2.0,9.0,1.0,10.0,3.0,9.0,,,9.0,1.0,6,10.0,10,1
2009-12-31,80517,,11,3,6020.0,14528210,CRRB,CARROLLTON BANCORP,CRRB,551111.0,Q,A,R,13085,3,6020.0,,,,60.0,602.0,,,,,,,-4.92,0.025,2569.0,1.0,,-12639.48,CRRB,10.0,,,,,1,1.0,10.0,7.0,,,,,9.0,4.0,4.0,,,,,,10.0,3.0,4.0,6.0,,5.0,,,4.0,,,10.0,1.0,6.0,8.0,,7.0,,2.0,1.0,2.0,9.0,1.0,10.0,3.0,9.0,,,9.0,1.0,6,10.0,10,1
2010-01-04,80517,,11,3,6020.0,14528210,CRRB,CARROLLTON BANCORP,CRRB,551111.0,Q,A,R,13085,3,6020.0,,,,60.0,602.0,,,,,,,4.76,-0.03252,2569.0,1.0,4.77,12228.44,CRRB,10.0,,,,,1,1.0,10.0,7.0,,,,,9.0,4.0,4.0,,,,,,10.0,3.0,4.0,6.0,,5.0,,1.0,3.0,,,10.0,2.0,5.0,9.0,,7.0,,1.0,1.0,2.0,9.0,1.0,10.0,7.0,6.0,,,7.0,1.0,6,10.0,10,1
2010-01-05,80517,,11,3,6020.0,14528210,CRRB,CARROLLTON BANCORP,CRRB,551111.0,Q,A,R,13085,3,6020.0,,,,60.0,602.0,,,,,,,-5.025,0.055672,2569.0,1.0,,-12909.225,CRRB,10.0,,,,,1,1.0,10.0,7.0,,,,,9.0,4.0,4.0,,,,,,10.0,3.0,4.0,6.0,,5.0,,1.0,3.0,,,10.0,2.0,5.0,9.0,,7.0,,1.0,1.0,2.0,9.0,1.0,10.0,7.0,6.0,,,7.0,1.0,6,10.0,10,1
2010-01-06,80517,,11,3,6020.0,14528210,CRRB,CARROLLTON BANCORP,CRRB,551111.0,Q,A,R,13085,3,6020.0,,,,60.0,602.0,,,,,,,-5.05,0.004975,2569.0,1.0,,-12973.45,CRRB,10.0,,,,,1,1.0,10.0,7.0,,,,,9.0,4.0,4.0,,,,,,10.0,3.0,4.0,6.0,,5.0,,1.0,3.0,,,10.0,2.0,5.0,9.0,,7.0,,1.0,1.0,2.0,9.0,1.0,10.0,7.0,6.0,,,7.0,1.0,6,10.0,10,1
2010-01-07,80517,,11,3,6020.0,14528210,CRRB,CARROLLTON BANCORP,CRRB,551111.0,Q,A,R,13085,3,6020.0,,,,60.0,602.0,,,,,,,-5.28,0.045545,2569.0,1.0,,-13564.32,CRRB,10.0,,,,,1,1.0,10.0,7.0,,,,,9.0,4.0,4.0,,,,,,10.0,3.0,4.0,6.0,,5.0,,1.0,3.0,,,10.0,2.0,5.0,9.0,,7.0,,1.0,1.0,2.0,9.0,1.0,10.0,7.0,6.0,,,7.0,1.0,6,10.0,10,1
2010-01-08,80517,,11,3,6020.0,14528210,CRRB,CARROLLTON BANCORP,CRRB,551111.0,Q,A,R,13085,3,6020.0,,,,60.0,602.0,,,,,,,-5.28,0.0,2569.0,1.0,,-13564.32,CRRB,10.0,,,,,1,1.0,10.0,7.0,,,,,9.0,4.0,4.0,,,,,,10.0,3.0,4.0,6.0,,5.0,,1.0,3.0,,,10.0,2.0,5.0,9.0,,7.0,,1.0,1.0,2.0,9.0,1.0,10.0,7.0,6.0,,,7.0,1.0,6,10.0,10,1
2010-01-11,80517,,11,3,6020.0,14528210,CRRB,CARROLLTON BANCORP,CRRB,551111.0,Q,A,R,13085,3,6020.0,,,,60.0,602.0,,,,,,,-5.35,0.013258,2569.0,1.0,,-13744.15,CRRB,10.0,,,,,1,1.0,10.0,7.0,,,,,9.0,4.0,4.0,,,,,,10.0,3.0,4.0,6.0,,5.0,,1.0,3.0,,,10.0,2.0,5.0,9.0,,7.0,,1.0,1.0,2.0,9.0,1.0,10.0,7.0,6.0,,,7.0,1.0,6,10.0,10,1
2010-01-12,80517,,11,3,6020.0,14528210,CRRB,CARROLLTON BANCORP,CRRB,551111.0,Q,A,R,13085,3,6020.0,,,,60.0,602.0,,,,,,,5.05,-0.056075,2569.0,1.0,4.92,12973.45,CRRB,10.0,,,,,1,1.0,10.0,7.0,,,,,9.0,4.0,4.0,,,,,,10.0,3.0,4.0,6.0,,5.0,,1.0,3.0,,,10.0,2.0,5.0,9.0,,7.0,,1.0,1.0,2.0,9.0,1.0,10.0,7.0,6.0,,,7.0,1.0,6,10.0,10,1
2010-01-13,80517,,11,3,6020.0,14528210,CRRB,CARROLLTON BANCORP,CRRB,551111.0,Q,A,R,13085,3,6020.0,,,,60.0,602.0,,,,,,,-5.305,0.050495,2569.0,1.0,,-13628.545,CRRB,10.0,,,,,1,1.0,10.0,7.0,,,,,9.0,4.0,4.0,,,,,,10.0,3.0,4.0,6.0,,5.0,,1.0,3.0,,,10.0,2.0,5.0,9.0,,7.0,,1.0,1.0,2.0,9.0,1.0,10.0,7.0,6.0,,,7.0,1.0,6,10.0,10,1
2010-01-14,80517,,11,3,6020.0,14528210,CRRB,CARROLLTON BANCORP,CRRB,551111.0,Q,A,R,13085,3,6020.0,,,,60.0,602.0,,,,,,,5.78,0.089538,2569.0,1.0,5.02,14848.82,CRRB,10.0,,,,,1,1.0,10.0,7.0,,,,,9.0,4.0,4.0,,,,,,10.0,3.0,4.0,6.0,,5.0,,1.0,3.0,,,10.0,2.0,5.0,9.0,,7.0,,1.0,1.0,2.0,9.0,1.0,10.0,7.0,6.0,,,7.0,1.0,6,10.0,10,1
2010-01-15,80517,,11,3,6020.0,14528210,CRRB,CARROLLTON BANCORP,CRRB,551111.0,Q,A,R,13085,3,6020.0,,,,60.0,602.0,,,,,,,4.84,-0.16263,2569.0,1.0,5.79,12433.96,CRRB,10.0,,,,,1,1.0,10.0,7.0,,,,,9.0,4.0,4.0,,,,,,10.0,3.0,4.0,6.0,,5.0,,1.0,3.0,,,10.0,2.0,5.0,9.0,,7.0,,1.0,1.0,2.0,9.0,1.0,10.0,7.0,6.0,,,7.0,1.0,6,10.0,10,1
2010-01-19,80517,,11,3,6020.0,14528210,CRRB,CARROLLTON BANCORP,CRRB,551111.0,Q,A,R,13085,3,6020.0,,,,60.0,602.0,,,,,,,5.3,0.095041,2569.0,1.0,4.86,13615.7,CRRB,10.0,,,,,1,1.0,10.0,7.0,,,,,9.0,4.0,4.0,,,,,,10.0,3.0,4.0,6.0,,5.0,,1.0,3.0,,,10.0,2.0,5.0,9.0,,7.0,,1.0,1.0,2.0,9.0,1.0,10.0,7.0,6.0,,,7.0,1.0,6,10.0,10,1
2010-01-20,80517,,11,3,6020.0,14528210,CRRB,CARROLLTON BANCORP,CRRB,551111.0,Q,A,R,13085,3,6020.0,,,,60.0,602.0,,,,,,,4.74,-0.10566,2569.0,1.0,5.3,12177.06,CRRB,10.0,,,,,1,1.0,10.0,7.0,,,,,9.0,4.0,4.0,,,,,,10.0,3.0,4.0,6.0,,5.0,,1.0,3.0,,,10.0,2.0,5.0,9.0,,7.0,,1.0,1.0,2.0,9.0,1.0,10.0,7.0,6.0,,,7.0,1.0,6,10.0,10,1
2010-01-21,80517,,11,3,6020.0,14528210,CRRB,CARROLLTON BANCORP,CRRB,551111.0,Q,A,R,13085,3,6020.0,,,,60.0,602.0,,,,,,,-4.865,0.026371,2569.0,1.0,,-12498.185,CRRB,10.0,,,,,1,1.0,10.0,7.0,,,,,9.0,4.0,4.0,,,,,,10.0,3.0,4.0,6.0,,5.0,,1.0,3.0,,,10.0,2.0,5.0,9.0,,7.0,,1.0,1.0,2.0,9.0,1.0,10.0,7.0,6.0,,,7.0,1.0,6,10.0,10,1
2010-01-22,80517,,11,3,6020.0,14528210,CRRB,CARROLLTON BANCORP,CRRB,551111.0,Q,A,R,13085,3,6020.0,,,,60.0,602.0,,,,,,,-4.9,0.007194,2569.0,1.0,,-12588.1,CRRB,10.0,,,,,1,1.0,10.0,7.0,,,,,9.0,4.0,4.0,,,,,,10.0,3.0,4.0,6.0,,5.0,,1.0,3.0,,,10.0,2.0,5.0,9.0,,7.0,,1.0,1.0,2.0,9.0,1.0,10.0,7.0,6.0,,,7.0,1.0,6,10.0,10,1
2010-01-25,80517,,11,3,6020.0,14528210,CRRB,CARROLLTON BANCORP,CRRB,551111.0,Q,A,R,13085,3,6020.0,,,,60.0,602.0,,,,,,,5.16,0.053061,2569.0,1.0,4.7801,13256.04,CRRB,10.0,,,,,1,1.0,10.0,7.0,,,,,9.0,4.0,4.0,,,,,,10.0,3.0,4.0,6.0,,5.0,,1.0,3.0,,,10.0,2.0,5.0,9.0,,7.0,,1.0,1.0,2.0,9.0,1.0,10.0,7.0,6.0,,,7.0,1.0,6,10.0,10,1
2010-01-26,80517,,11,3,6020.0,14528210,CRRB,CARROLLTON BANCORP,CRRB,551111.0,Q,A,R,13085,3,6020.0,,,,60.0,602.0,,,,,,,5.0,-0.031008,2569.0,1.0,5.0,12845.0,CRRB,10.0,,,,,1,1.0,10.0,7.0,,,,,9.0,4.0,4.0,,,,,,10.0,3.0,4.0,6.0,,5.0,,1.0,3.0,,,10.0,2.0,5.0,9.0,,7.0,,1.0,1.0,2.0,9.0,1.0,10.0,7.0,6.0,,,7.0,1.0,6,10.0,10,1
2010-01-27,80517,,11,3,6020.0,14528210,CRRB,CARROLLTON BANCORP,CRRB,551111.0,Q,A,R,13085,3,6020.0,,,,60.0,602.0,,,,,,,-5.03,0.006,2569.0,1.0,,-12922.07,CRRB,10.0,,,,,1,1.0,10.0,7.0,,,,,9.0,4.0,4.0,,,,,,10.0,3.0,4.0,6.0,,5.0,,1.0,3.0,,,10.0,2.0,5.0,9.0,,7.0,,1.0,1.0,2.0,9.0,1.0,10.0,7.0,6.0,,,7.0,1.0,6,10.0,10,1
2010-01-28,80517,,11,3,6020.0,14528210,CRRB,CARROLLTON BANCORP,CRRB,551111.0,Q,A,R,13085,3,6020.0,,,,60.0,602.0,,,,,,,-5.03,0.0,2569.0,1.0,,-12922.07,CRRB,10.0,,,,,1,1.0,10.0,7.0,,,,,9.0,4.0,4.0,,,,,,10.0,3.0,4.0,6.0,,5.0,,1.0,3.0,,,10.0,2.0,5.0,9.0,,7.0,,1.0,1.0,2.0,9.0,1.0,10.0,7.0,6.0,,,7.0,1.0,6,10.0,10,1
2010-01-29,80517,,11,3,6020.0,14528210,CRRB,CARROLLTON BANCORP,CRRB,551111.0,Q,A,R,13085,3,6020.0,,,,60.0,602.0,,,,,,,-5.03,0.0,2569.0,1.0,,-12922.07,CRRB,10.0,,,,,1,1.0,10.0,7.0,,,,,9.0,4.0,4.0,,,,,,10.0,3.0,4.0,6.0,,5.0,,1.0,3.0,,,10.0,2.0,5.0,9.0,,7.0,,1.0,1.0,2.0,9.0,1.0,10.0,7.0,6.0,,,7.0,1.0,6,10.0,10,1
2010-02-01,80517,,11,3,6020.0,14528210,CRRB,CARROLLTON BANCORP,CRRB,551111.0,Q,A,R,13085,3,6020.0,,,,60.0,602.0,,,,,,,5.23,0.039761,2569.0,1.0,5.23,13435.87,CRRB,10.0,,,,,1,1.0,10.0,7.0,,,,,9.0,4.0,4.0,,,,,,10.0,3.0,4.0,6.0,,5.0,,1.0,4.0,,,10.0,1.0,7.0,8.0,,7.0,,3.0,1.0,,3.0,1.0,10.0,5.0,5.0,,,7.0,1.0,6,10.0,10,1
2010-02-02,80517,,11,3,6020.0,14528210,CRRB,CARROLLTON BANCORP,CRRB,551111.0,Q,A,R,13085,3,6020.0,,,,60.0,602.0,,,,,,,-5.03,-0.038241,2569.0,1.0,,-12922.07,CRRB,10.0,,,,,1,1.0,10.0,7.0,,,,,9.0,4.0,4.0,,,,,,10.0,3.0,4.0,6.0,,5.0,,1.0,4.0,,,10.0,1.0,7.0,8.0,,7.0,,3.0,1.0,,3.0,1.0,10.0,5.0,5.0,,,7.0,1.0,6,10.0,10,1
2010-02-03,80517,,11,3,6020.0,14528210,CRRB,CARROLLTON BANCORP,CRRB,551111.0,Q,A,R,13085,3,6020.0,,,,60.0,602.0,,,,,,,-5.03,0.0,2569.0,1.0,,-12922.07,CRRB,10.0,,,,,1,1.0,10.0,7.0,,,,,9.0,4.0,4.0,,,,,,10.0,3.0,4.0,6.0,,5.0,,1.0,4.0,,,10.0,1.0,7.0,8.0,,7.0,,3.0,1.0,,3.0,1.0,10.0,5.0,5.0,,,7.0,1.0,6,10.0,10,1
2010-02-04,80517,,11,3,6020.0,14528210,CRRB,CARROLLTON BANCORP,CRRB,551111.0,Q,A,R,13085,3,6020.0,,,,60.0,602.0,,,,,,,4.83,-0.039761,2569.0,1.0,4.83,12408.27,CRRB,10.0,,,,,1,1.0,10.0,7.0,,,,,9.0,4.0,4.0,,,,,,10.0,3.0,4.0,6.0,,5.0,,1.0,4.0,,,10.0,1.0,7.0,8.0,,7.0,,3.0,1.0,,3.0,1.0,10.0,5.0,5.0,,,7.0,1.0,6,10.0,10,1
2010-02-05,80517,,11,3,6020.0,14528210,CRRB,CARROLLTON BANCORP,CRRB,551111.0,Q,A,R,13085,3,6020.0,,,,60.0,602.0,,,,,,,-5.03,0.041408,2569.0,1.0,,-12922.07,CRRB,10.0,,,,,1,1.0,10.0,7.0,,,,,9.0,4.0,4.0,,,,,,10.0,3.0,4.0,6.0,,5.0,,1.0,4.0,,,10.0,1.0,7.0,8.0,,7.0,,3.0,1.0,,3.0,1.0,10.0,5.0,5.0,,,7.0,1.0,6,10.0,10,1
2010-02-08,80517,,11,3,6020.0,14528210,CRRB,CARROLLTON BANCORP,CRRB,551111.0,Q,A,R,13085,3,6020.0,,,,60.0,602.0,,,,,,,-4.95,-0.015905,2569.0,1.0,,-12716.55,CRRB,10.0,,,,,1,1.0,10.0,7.0,,,,,9.0,4.0,4.0,,,,,,10.0,3.0,4.0,6.0,,5.0,,1.0,4.0,,,10.0,1.0,7.0,8.0,,7.0,,3.0,1.0,,3.0,1.0,10.0,5.0,5.0,,,7.0,1.0,6,10.0,10,1
2010-02-09,80517,,11,3,6020.0,14528210,CRRB,CARROLLTON BANCORP,CRRB,551111.0,Q,A,R,13085,3,6020.0,,,,60.0,602.0,,,,,,,-5.03,0.016162,2569.0,1.0,,-12922.07,CRRB,10.0,,,,,1,1.0,10.0,7.0,,,,,9.0,4.0,4.0,,,,,,10.0,3.0,4.0,6.0,,5.0,,1.0,4.0,,,10.0,1.0,7.0,8.0,,7.0,,3.0,1.0,,3.0,1.0,10.0,5.0,5.0,,,7.0,1.0,6,10.0,10,1
2010-02-10,80517,,11,3,6020.0,14528210,CRRB,CARROLLTON BANCORP,CRRB,551111.0,Q,A,R,13085,3,6020.0,,,,60.0,602.0,1232.0,0.04,0.0,,,,4.59,-0.079523,2569.0,1.0,4.59,11791.71,CRRB,10.0,,,,,1,1.0,10.0,7.0,,,,,9.0,4.0,4.0,,,,,,10.0,3.0,4.0,6.0,,5.0,,1.0,4.0,,,10.0,1.0,7.0,8.0,,7.0,,3.0,1.0,,3.0,1.0,10.0,5.0,5.0,,,7.0,1.0,6,10.0,10,1
2010-02-11,80517,,11,3,6020.0,14528210,CRRB,CARROLLTON BANCORP,CRRB,551111.0,Q,A,R,13085,3,6020.0,,,,60.0,602.0,,,,,,,4.5501,-0.008693,2569.0,1.0,4.51,11689.2069,CRRB,10.0,,,,,1,1.0,10.0,7.0,,,,,9.0,4.0,4.0,,,,,,10.0,3.0,4.0,6.0,,5.0,,1.0,4.0,,,10.0,1.0,7.0,8.0,,7.0,,3.0,1.0,,3.0,1.0,10.0,5.0,5.0,,,7.0,1.0,6,10.0,10,1
2010-02-12,80517,,11,3,6020.0,14528210,CRRB,CARROLLTON BANCORP,CRRB,551111.0,Q,A,R,13085,3,6020.0,,,,60.0,602.0,,,,,,,4.365,-0.04068,2569.0,1.0,4.365,11213.685,CRRB,10.0,,,,,1,1.0,10.0,7.0,,,,,9.0,4.0,4.0,,,,,,10.0,3.0,4.0,6.0,,5.0,,1.0,4.0,,,10.0,1.0,7.0,8.0,,7.0,,3.0,1.0,,3.0,1.0,10.0,5.0,5.0,,,7.0,1.0,6,10.0,10,1
2010-02-16,80517,,11,3,6020.0,14528210,CRRB,CARROLLTON BANCORP,CRRB,551111.0,Q,A,R,13085,3,6020.0,,,,60.0,602.0,,,,,,,4.49,0.028637,2569.0,1.0,4.49,11534.81,CRRB,10.0,,,,,1,1.0,10.0,7.0,,,,,9.0,4.0,4.0,,,,,,10.0,3.0,4.0,6.0,,5.0,,1.0,4.0,,,10.0,1.0,7.0,8.0,,7.0,,3.0,1.0,,3.0,1.0,10.0,5.0,5.0,,,7.0,1.0,6,10.0,10,1
2010-02-17,80517,,11,3,6020.0,14528210,CRRB,CARROLLTON BANCORP,CRRB,551111.0,Q,A,R,13085,3,6020.0,,,,60.0,602.0,,,,,,,-4.645,0.034521,2569.0,1.0,,-11933.005,CRRB,10.0,,,,,1,1.0,10.0,7.0,,,,,9.0,4.0,4.0,,,,,,10.0,3.0,4.0,6.0,,5.0,,1.0,4.0,,,10.0,1.0,7.0,8.0,,7.0,,3.0,1.0,,3.0,1.0,10.0,5.0,5.0,,,7.0,1.0,6,10.0,10,1
2010-02-18,80517,,11,3,6020.0,14528210,CRRB,CARROLLTON BANCORP,CRRB,551111.0,Q,A,R,13085,3,6020.0,,,,60.0,602.0,,,,,,,-4.645,0.0,2569.0,1.0,,-11933.005,CRRB,10.0,,,,,1,1.0,10.0,7.0,,,,,9.0,4.0,4.0,,,,,,10.0,3.0,4.0,6.0,,5.0,,1.0,4.0,,,10.0,1.0,7.0,8.0,,7.0,,3.0,1.0,,3.0,1.0,10.0,5.0,5.0,,,7.0,1.0,6,10.0,10,1
2010-02-19,80517,,11,3,6020.0,14528210,CRRB,CARROLLTON BANCORP,CRRB,551111.0,Q,A,R,13085,3,6020.0,,,,60.0,602.0,,,,,,,-4.67,0.005382,2569.0,1.0,,-11997.23,CRRB,10.0,,,,,1,1.0,10.0,7.0,,,,,9.0,4.0,4.0,,,,,,10.0,3.0,4.0,6.0,,5.0,,1.0,4.0,,,10.0,1.0,7.0,8.0,,7.0,,3.0,1.0,,3.0,1.0,10.0,5.0,5.0,,,7.0,1.0,6,10.0,10,1
2010-02-22,80517,,11,3,6020.0,14528210,CRRB,CARROLLTON BANCORP,CRRB,551111.0,Q,A,R,13085,3,6020.0,,,,60.0,602.0,,,,,,,4.5,-0.036403,2569.0,1.0,4.5,11560.5,CRRB,10.0,,,,,1,1.0,10.0,7.0,,,,,9.0,4.0,4.0,,,,,,10.0,3.0,4.0,6.0,,5.0,,1.0,4.0,,,10.0,1.0,7.0,8.0,,7.0,,3.0,1.0,,3.0,1.0,10.0,5.0,5.0,,,7.0,1.0,6,10.0,10,1
2010-02-23,80517,,11,3,6020.0,14528210,CRRB,CARROLLTON BANCORP,CRRB,551111.0,Q,A,R,13085,3,6020.0,,,,60.0,602.0,,,,,,,4.5,0.0,2569.0,1.0,4.5,11560.5,CRRB,10.0,,,,,1,1.0,10.0,7.0,,,,,9.0,4.0,4.0,,,,,,10.0,3.0,4.0,6.0,,5.0,,1.0,4.0,,,10.0,1.0,7.0,8.0,,7.0,,3.0,1.0,,3.0,1.0,10.0,5.0,5.0,,,7.0,1.0,6,10.0,10,1
2010-02-24,80517,,11,3,6020.0,14528210,CRRB,CARROLLTON BANCORP,CRRB,551111.0,Q,A,R,13085,3,6020.0,,,,60.0,602.0,,,,,,,4.75,0.055556,2569.0,1.0,4.75,12202.75,CRRB,10.0,,,,,1,1.0,10.0,7.0,,,,,9.0,4.0,4.0,,,,,,10.0,3.0,4.0,6.0,,5.0,,1.0,4.0,,,10.0,1.0,7.0,8.0,,7.0,,3.0,1.0,,3.0,1.0,10.0,5.0,5.0,,,7.0,1.0,6,10.0,10,1
2010-02-25,80517,,11,3,6020.0,14528210,CRRB,CARROLLTON BANCORP,CRRB,551111.0,Q,A,R,13085,3,6020.0,,,,60.0,602.0,,,,,,,5.5299,0.164189,2569.0,1.0,5.05,14206.3131,CRRB,10.0,,,,,1,1.0,10.0,7.0,,,,,9.0,4.0,4.0,,,,,,10.0,3.0,4.0,6.0,,5.0,,1.0,4.0,,,10.0,1.0,7.0,8.0,,7.0,,3.0,1.0,,3.0,1.0,10.0,5.0,5.0,,,7.0,1.0,6,10.0,10,1
2010-02-26,80517,,11,3,6020.0,14528210,CRRB,CARROLLTON BANCORP,CRRB,551111.0,Q,A,R,13085,3,6020.0,,,,60.0,602.0,,,,,,,6.7,0.211595,2569.0,1.0,5.35,17212.3,CRRB,10.0,,,,,1,1.0,10.0,7.0,,,,,9.0,4.0,4.0,,,,,,10.0,3.0,4.0,6.0,,5.0,,1.0,4.0,,,10.0,1.0,7.0,8.0,,7.0,,3.0,1.0,,3.0,1.0,10.0,5.0,5.0,,,7.0,1.0,6,10.0,10,1
2010-03-01,80517,,11,3,6020.0,14528210,CRRB,CARROLLTON BANCORP,CRRB,551111.0,Q,A,R,13085,3,6020.0,,,,60.0,602.0,,,,,,,7.225,0.078358,2569.0,1.0,7.1399,18561.025,CRRB,10.0,,,,,1,1.0,10.0,7.0,,,,,9.0,4.0,4.0,,,,,,10.0,3.0,4.0,6.0,,5.0,,1.0,1.0,,,10.0,1.0,7.0,7.0,,8.0,,1.0,1.0,2.0,1.0,1.0,10.0,2.0,1.0,,,9.0,2.0,6,10.0,10,1
2010-03-02,80517,,11,3,6020.0,14528210,CRRB,CARROLLTON BANCORP,CRRB,551111.0,Q,A,R,13085,3,6020.0,,,,60.0,602.0,,,,,,,6.609,-0.085259,2569.0,1.0,7.56,16978.521,CRRB,10.0,,,,,1,1.0,10.0,7.0,,,,,9.0,4.0,4.0,,,,,,10.0,3.0,4.0,6.0,,5.0,,1.0,1.0,,,10.0,1.0,7.0,7.0,,8.0,,1.0,1.0,2.0,1.0,1.0,10.0,2.0,1.0,,,9.0,2.0,6,10.0,10,1
2010-03-03,80517,,11,3,6020.0,14528210,CRRB,CARROLLTON BANCORP,CRRB,551111.0,Q,A,R,13085,3,6020.0,,,,60.0,602.0,,,,,,,-6.995,0.058405,2569.0,1.0,,-17970.155,CRRB,10.0,,,,,1,1.0,10.0,7.0,,,,,9.0,4.0,4.0,,,,,,10.0,3.0,4.0,6.0,,5.0,,1.0,1.0,,,10.0,1.0,7.0,7.0,,8.0,,1.0,1.0,2.0,1.0,1.0,10.0,2.0,1.0,,,9.0,2.0,6,10.0,10,1
2010-03-04,80517,,11,3,6020.0,14528210,CRRB,CARROLLTON BANCORP,CRRB,551111.0,Q,A,R,13085,3,6020.0,,,,60.0,602.0,,,,,,,-6.945,-0.007148,2569.0,1.0,,-17841.705,CRRB,10.0,,,,,1,1.0,10.0,7.0,,,,,9.0,4.0,4.0,,,,,,10.0,3.0,4.0,6.0,,5.0,,1.0,1.0,,,10.0,1.0,7.0,7.0,,8.0,,1.0,1.0,2.0,1.0,1.0,10.0,2.0,1.0,,,9.0,2.0,6,10.0,10,1
2010-03-05,80517,,11,3,6020.0,14528210,CRRB,CARROLLTON BANCORP,CRRB,551111.0,Q,A,R,13085,3,6020.0,,,,60.0,602.0,,,,,,,-6.97,0.0036,2569.0,1.0,,-17905.93,CRRB,10.0,,,,,1,1.0,10.0,7.0,,,,,9.0,4.0,4.0,,,,,,10.0,3.0,4.0,6.0,,5.0,,1.0,1.0,,,10.0,1.0,7.0,7.0,,8.0,,1.0,1.0,2.0,1.0,1.0,10.0,2.0,1.0,,,9.0,2.0,6,10.0,10,1
2010-03-08,80517,,11,3,6020.0,14528210,CRRB,CARROLLTON BANCORP,CRRB,551111.0,Q,A,R,13085,3,6020.0,,,,60.0,602.0,,,,,,,-6.97,0.0,2569.0,1.0,,-17905.93,CRRB,10.0,,,,,1,1.0,10.0,7.0,,,,,9.0,4.0,4.0,,,,,,10.0,3.0,4.0,6.0,,5.0,,1.0,1.0,,,10.0,1.0,7.0,7.0,,8.0,,1.0,1.0,2.0,1.0,1.0,10.0,2.0,1.0,,,9.0,2.0,6,10.0,10,1
2010-03-09,80517,,11,3,6020.0,14528210,CRRB,CARROLLTON BANCORP,CRRB,551111.0,Q,A,R,13085,3,6020.0,,,,60.0,602.0,,,,,,,-6.82,-0.021521,2569.0,1.0,,-17520.58,CRRB,10.0,,,,,1,1.0,10.0,7.0,,,,,9.0,4.0,4.0,,,,,,10.0,3.0,4.0,6.0,,5.0,,1.0,1.0,,,10.0,1.0,7.0,7.0,,8.0,,1.0,1.0,2.0,1.0,1.0,10.0,2.0,1.0,,,9.0,2.0,6,10.0,10,1
2010-03-10,80517,,11,3,6020.0,14528210,CRRB,CARROLLTON BANCORP,CRRB,551111.0,Q,A,R,13085,3,6020.0,,,,60.0,602.0,,,,,,,6.295,-0.076979,2569.0,1.0,6.5,16171.855,CRRB,10.0,,,,,1,1.0,10.0,7.0,,,,,9.0,4.0,4.0,,,,,,10.0,3.0,4.0,6.0,,5.0,,1.0,1.0,,,10.0,1.0,7.0,7.0,,8.0,,1.0,1.0,2.0,1.0,1.0,10.0,2.0,1.0,,,9.0,2.0,6,10.0,10,1
2010-03-11,80517,,11,3,6020.0,14528210,CRRB,CARROLLTON BANCORP,CRRB,551111.0,Q,A,R,13085,3,6020.0,,,,60.0,602.0,,,,,,,6.21,-0.013503,2569.0,1.0,6.21,15953.49,CRRB,10.0,,,,,1,1.0,10.0,7.0,,,,,9.0,4.0,4.0,,,,,,10.0,3.0,4.0,6.0,,5.0,,1.0,1.0,,,10.0,1.0,7.0,7.0,,8.0,,1.0,1.0,2.0,1.0,1.0,10.0,2.0,1.0,,,9.0,2.0,6,10.0,10,1
2010-03-12,80517,,11,3,6020.0,14528210,CRRB,CARROLLTON BANCORP,CRRB,551111.0,Q,A,R,13085,3,6020.0,,,,60.0,602.0,,,,,,,5.2,-0.162641,2569.0,1.0,6.53,13358.8,CRRB,10.0,,,,,1,1.0,10.0,7.0,,,,,9.0,4.0,4.0,,,,,,10.0,3.0,4.0,6.0,,5.0,,1.0,1.0,,,10.0,1.0,7.0,7.0,,8.0,,1.0,1.0,2.0,1.0,1.0,10.0,2.0,1.0,,,9.0,2.0,6,10.0,10,1
2010-03-15,80517,,11,3,6020.0,14528210,CRRB,CARROLLTON BANCORP,CRRB,551111.0,Q,A,R,13085,3,6020.0,,,,60.0,602.0,,,,,,,5.31,0.021154,2569.0,1.0,5.28,13641.39,CRRB,10.0,,,,,1,1.0,10.0,7.0,,,,,9.0,4.0,4.0,,,,,,10.0,3.0,4.0,6.0,,5.0,,1.0,1.0,,,10.0,1.0,7.0,7.0,,8.0,,1.0,1.0,2.0,1.0,1.0,10.0,2.0,1.0,,,9.0,2.0,6,10.0,10,1
2010-03-16,80517,,11,3,6020.0,14528210,CRRB,CARROLLTON BANCORP,CRRB,551111.0,Q,A,R,13085,3,6020.0,,,,60.0,602.0,,,,,,,-5.44,0.024482,2569.0,1.0,,-13975.36,CRRB,10.0,,,,,1,1.0,10.0,7.0,,,,,9.0,4.0,4.0,,,,,,10.0,3.0,4.0,6.0,,5.0,,1.0,1.0,,,10.0,1.0,7.0,7.0,,8.0,,1.0,1.0,2.0,1.0,1.0,10.0,2.0,1.0,,,9.0,2.0,6,10.0,10,1
2010-03-17,80517,,11,3,6020.0,14528210,CRRB,CARROLLTON BANCORP,CRRB,551111.0,Q,A,R,13085,3,6020.0,,,,60.0,602.0,,,,,,,5.06,-0.069853,2569.0,1.0,5.26,12999.14,CRRB,10.0,,,,,1,1.0,10.0,7.0,,,,,9.0,4.0,4.0,,,,,,10.0,3.0,4.0,6.0,,5.0,,1.0,1.0,,,10.0,1.0,7.0,7.0,,8.0,,1.0,1.0,2.0,1.0,1.0,10.0,2.0,1.0,,,9.0,2.0,6,10.0,10,1
2010-03-18,80517,,11,3,6020.0,14528210,CRRB,CARROLLTON BANCORP,CRRB,551111.0,Q,A,R,13085,3,6020.0,,,,60.0,602.0,,,,,,,5.08,0.003953,2569.0,1.0,5.07,13050.52,CRRB,10.0,,,,,1,1.0,10.0,7.0,,,,,9.0,4.0,4.0,,,,,,10.0,3.0,4.0,6.0,,5.0,,1.0,1.0,,,10.0,1.0,7.0,7.0,,8.0,,1.0,1.0,2.0,1.0,1.0,10.0,2.0,1.0,,,9.0,2.0,6,10.0,10,1
2010-03-19,80517,,11,3,6020.0,14528210,CRRB,CARROLLTON BANCORP,CRRB,551111.0,Q,A,R,13085,3,6020.0,,,,60.0,602.0,,,,,,,-5.3,0.043307,2569.0,1.0,,-13615.7,CRRB,10.0,,,,,1,1.0,10.0,7.0,,,,,9.0,4.0,4.0,,,,,,10.0,3.0,4.0,6.0,,5.0,,1.0,1.0,,,10.0,1.0,7.0,7.0,,8.0,,1.0,1.0,2.0,1.0,1.0,10.0,2.0,1.0,,,9.0,2.0,6,10.0,10,1
2010-03-22,80517,,11,3,6020.0,14528210,CRRB,CARROLLTON BANCORP,CRRB,551111.0,Q,A,R,13085,3,6020.0,,,,60.0,602.0,,,,,,,5.19,-0.020755,2569.0,1.0,5.15,13333.11,CRRB,10.0,,,,,1,1.0,10.0,7.0,,,,,9.0,4.0,4.0,,,,,,10.0,3.0,4.0,6.0,,5.0,,1.0,1.0,,,10.0,1.0,7.0,7.0,,8.0,,1.0,1.0,2.0,1.0,1.0,10.0,2.0,1.0,,,9.0,2.0,6,10.0,10,1
2010-03-23,80517,,11,3,6020.0,14528210,CRRB,CARROLLTON BANCORP,CRRB,551111.0,Q,A,R,13085,3,6020.0,,,,60.0,602.0,,,,,,,5.15,-0.007707,2569.0,1.0,5.15,13230.35,CRRB,10.0,,,,,1,1.0,10.0,7.0,,,,,9.0,4.0,4.0,,,,,,10.0,3.0,4.0,6.0,,5.0,,1.0,1.0,,,10.0,1.0,7.0,7.0,,8.0,,1.0,1.0,2.0,1.0,1.0,10.0,2.0,1.0,,,9.0,2.0,6,10.0,10,1
2010-03-24,80517,,11,3,6020.0,14528210,CRRB,CARROLLTON BANCORP,CRRB,551111.0,Q,A,R,13085,3,6020.0,,,,60.0,602.0,,,,,,,5.15,0.0,2569.0,1.0,5.15,13230.35,CRRB,10.0,,,,,1,1.0,10.0,7.0,,,,,9.0,4.0,4.0,,,,,,10.0,3.0,4.0,6.0,,5.0,,1.0,1.0,,,10.0,1.0,7.0,7.0,,8.0,,1.0,1.0,2.0,1.0,1.0,10.0,2.0,1.0,,,9.0,2.0,6,10.0,10,1
2010-03-25,80517,,11,3,6020.0,14528210,CRRB,CARROLLTON BANCORP,CRRB,551111.0,Q,A,R,13085,3,6020.0,,,,60.0,602.0,,,,,,,5.3,0.029126,2569.0,1.0,5.32,13615.7,CRRB,10.0,,,,,1,1.0,10.0,7.0,,,,,9.0,4.0,4.0,,,,,,10.0,3.0,4.0,6.0,,5.0,,1.0,1.0,,,10.0,1.0,7.0,7.0,,8.0,,1.0,1.0,2.0,1.0,1.0,10.0,2.0,1.0,,,9.0,2.0,6,10.0,10,1
2010-03-26,80517,,11,3,6020.0,14528210,CRRB,CARROLLTON BANCORP,CRRB,551111.0,Q,A,R,13085,3,6020.0,,,,60.0,602.0,,,,,,,-5.45,0.028302,2569.0,1.0,,-14001.05,CRRB,10.0,,,,,1,1.0,10.0,7.0,,,,,9.0,4.0,4.0,,,,,,10.0,3.0,4.0,6.0,,5.0,,1.0,1.0,,,10.0,1.0,7.0,7.0,,8.0,,1.0,1.0,2.0,1.0,1.0,10.0,2.0,1.0,,,9.0,2.0,6,10.0,10,1
2010-03-29,80517,,11,3,6020.0,14528210,CRRB,CARROLLTON BANCORP,CRRB,551111.0,Q,A,R,13085,3,6020.0,,,,60.0,602.0,,,,,,,5.29,-0.029358,2569.0,1.0,5.37,13590.01,CRRB,10.0,,,,,1,1.0,10.0,7.0,,,,,9.0,4.0,4.0,,,,,,10.0,3.0,4.0,6.0,,5.0,,1.0,1.0,,,10.0,1.0,7.0,7.0,,8.0,,1.0,1.0,2.0,1.0,1.0,10.0,2.0,1.0,,,9.0,2.0,6,10.0,10,1
2010-03-30,80517,,11,3,6020.0,14528210,CRRB,CARROLLTON BANCORP,CRRB,551111.0,Q,A,R,13085,3,6020.0,,,,60.0,602.0,,,,,,,5.28,-0.00189,2569.0,1.0,5.28,13564.32,CRRB,10.0,,,,,1,1.0,10.0,7.0,,,,,9.0,4.0,4.0,,,,,,10.0,3.0,4.0,6.0,,5.0,,1.0,1.0,,,10.0,1.0,7.0,7.0,,8.0,,1.0,1.0,2.0,1.0,1.0,10.0,2.0,1.0,,,9.0,2.0,6,10.0,10,1
2010-03-31,80517,,11,3,6020.0,14528210,CRRB,CARROLLTON BANCORP,CRRB,551111.0,Q,A,R,13085,3,6020.0,,,,60.0,602.0,,,,,,,5.26,-0.003788,2569.0,1.0,5.26,13512.94,CRRB,10.0,,,,,1,1.0,10.0,7.0,,,,,9.0,4.0,4.0,,,,,,10.0,3.0,4.0,6.0,,5.0,,1.0,1.0,,,10.0,1.0,7.0,7.0,,8.0,,1.0,1.0,2.0,1.0,1.0,10.0,2.0,1.0,,,9.0,2.0,6,10.0,10,1
2010-04-01,80517,,11,3,6020.0,14528210,CRRB,CARROLLTON BANCORP,CRRB,551111.0,Q,A,R,13085,3,6020.0,,,,60.0,602.0,,,,,,,5.27,0.001901,2569.0,1.0,5.27,13538.63,CRRB,10.0,,,,,1,1.0,10.0,7.0,,,,,9.0,4.0,4.0,,,,,,10.0,3.0,4.0,6.0,,5.0,,8.0,3.0,,,10.0,4.0,4.0,8.0,,8.0,,2.0,1.0,2.0,10.0,1.0,10.0,1.0,10.0,,,9.0,1.0,6,10.0,10,1
2010-04-05,80517,,11,3,6020.0,14528210,CRRB,CARROLLTON BANCORP,CRRB,551111.0,Q,A,R,13085,3,6020.0,,,,60.0,602.0,,,,,,,-5.21,-0.011385,2569.0,1.0,,-13384.49,CRRB,10.0,,,,,1,1.0,10.0,7.0,,,,,9.0,4.0,4.0,,,,,,10.0,3.0,4.0,6.0,,5.0,,8.0,3.0,,,10.0,4.0,4.0,8.0,,8.0,,2.0,1.0,2.0,10.0,1.0,10.0,1.0,10.0,,,9.0,1.0,6,10.0,10,1
2010-04-06,80517,,11,3,6020.0,14528210,CRRB,CARROLLTON BANCORP,CRRB,551111.0,Q,A,R,13085,3,6020.0,,,,60.0,602.0,,,,,,,-5.3,0.017275,2569.0,1.0,,-13615.7,CRRB,10.0,,,,,1,1.0,10.0,7.0,,,,,9.0,4.0,4.0,,,,,,10.0,3.0,4.0,6.0,,5.0,,8.0,3.0,,,10.0,4.0,4.0,8.0,,8.0,,2.0,1.0,2.0,10.0,1.0,10.0,1.0,10.0,,,9.0,1.0,6,10.0,10,1
2010-04-07,80517,,11,3,6020.0,14528210,CRRB,CARROLLTON BANCORP,CRRB,551111.0,Q,A,R,13085,3,6020.0,,,,60.0,602.0,,,,,,,-5.3,0.0,2569.0,1.0,,-13615.7,CRRB,10.0,,,,,1,1.0,10.0,7.0,,,,,9.0,4.0,4.0,,,,,,10.0,3.0,4.0,6.0,,5.0,,8.0,3.0,,,10.0,4.0,4.0,8.0,,8.0,,2.0,1.0,2.0,10.0,1.0,10.0,1.0,10.0,,,9.0,1.0,6,10.0,10,1
2010-04-08,80517,,11,3,6020.0,14528210,CRRB,CARROLLTON BANCORP,CRRB,551111.0,Q,A,R,13085,3,6020.0,,,,60.0,602.0,,,,,,,-5.3,0.0,2569.0,1.0,,-13615.7,CRRB,10.0,,,,,1,1.0,10.0,7.0,,,,,9.0,4.0,4.0,,,,,,10.0,3.0,4.0,6.0,,5.0,,8.0,3.0,,,10.0,4.0,4.0,8.0,,8.0,,2.0,1.0,2.0,10.0,1.0,10.0,1.0,10.0,,,9.0,1.0,6,10.0,10,1
2010-04-09,80517,,11,3,6020.0,14528210,CRRB,CARROLLTON BANCORP,CRRB,551111.0,Q,A,R,13085,3,6020.0,,,,60.0,602.0,,,,,,,-5.3,0.0,2569.0,1.0,,-13615.7,CRRB,10.0,,,,,1,1.0,10.0,7.0,,,,,9.0,4.0,4.0,,,,,,10.0,3.0,4.0,6.0,,5.0,,8.0,3.0,,,10.0,4.0,4.0,8.0,,8.0,,2.0,1.0,2.0,10.0,1.0,10.0,1.0,10.0,,,9.0,1.0,6,10.0,10,1
2010-04-12,80517,,11,3,6020.0,14528210,CRRB,CARROLLTON BANCORP,CRRB,551111.0,Q,A,R,13085,3,6020.0,,,,60.0,602.0,,,,,,,-5.28,-0.003774,2569.0,1.0,,-13564.32,CRRB,10.0,,,,,1,1.0,10.0,7.0,,,,,9.0,4.0,4.0,,,,,,10.0,3.0,4.0,6.0,,5.0,,8.0,3.0,,,10.0,4.0,4.0,8.0,,8.0,,2.0,1.0,2.0,10.0,1.0,10.0,1.0,10.0,,,9.0,1.0,6,10.0,10,1
2010-04-13,80517,,11,3,6020.0,14528210,CRRB,CARROLLTON BANCORP,CRRB,551111.0,Q,A,R,13085,3,6020.0,,,,60.0,602.0,,,,,,,-5.265,-0.002841,2569.0,1.0,,-13525.785,CRRB,10.0,,,,,1,1.0,10.0,7.0,,,,,9.0,4.0,4.0,,,,,,10.0,3.0,4.0,6.0,,5.0,,8.0,3.0,,,10.0,4.0,4.0,8.0,,8.0,,2.0,1.0,2.0,10.0,1.0,10.0,1.0,10.0,,,9.0,1.0,6,10.0,10,1
2010-04-14,80517,,11,3,6020.0,14528210,CRRB,CARROLLTON BANCORP,CRRB,551111.0,Q,A,R,13085,3,6020.0,,,,60.0,602.0,,,,,,,-5.305,0.007597,2569.0,1.0,,-13628.545,CRRB,10.0,,,,,1,1.0,10.0,7.0,,,,,9.0,4.0,4.0,,,,,,10.0,3.0,4.0,6.0,,5.0,,8.0,3.0,,,10.0,4.0,4.0,8.0,,8.0,,2.0,1.0,2.0,10.0,1.0,10.0,1.0,10.0,,,9.0,1.0,6,10.0,10,1
2010-04-15,80517,,11,3,6020.0,14528210,CRRB,CARROLLTON BANCORP,CRRB,551111.0,Q,A,R,13085,3,6020.0,,,,60.0,602.0,,,,,,,5.15,-0.029218,2569.0,1.0,5.17,13230.35,CRRB,10.0,,,,,1,1.0,10.0,7.0,,,,,9.0,4.0,4.0,,,,,,10.0,3.0,4.0,6.0,,5.0,,8.0,3.0,,,10.0,4.0,4.0,8.0,,8.0,,2.0,1.0,2.0,10.0,1.0,10.0,1.0,10.0,,,9.0,1.0,6,10.0,10,1
2010-04-16,80517,,11,3,6020.0,14528210,CRRB,CARROLLTON BANCORP,CRRB,551111.0,Q,A,R,13085,3,6020.0,,,,60.0,602.0,,,,,,,-5.225,0.014563,2569.0,1.0,,-13423.025,CRRB,10.0,,,,,1,1.0,10.0,7.0,,,,,9.0,4.0,4.0,,,,,,10.0,3.0,4.0,6.0,,5.0,,8.0,3.0,,,10.0,4.0,4.0,8.0,,8.0,,2.0,1.0,2.0,10.0,1.0,10.0,1.0,10.0,,,9.0,1.0,6,10.0,10,1
2010-04-19,80517,,11,3,6020.0,14528210,CRRB,CARROLLTON BANCORP,CRRB,551111.0,Q,A,R,13085,3,6020.0,,,,60.0,602.0,,,,,,,-5.175,-0.009569,2569.0,1.0,,-13294.575,CRRB,10.0,,,,,1,1.0,10.0,7.0,,,,,9.0,4.0,4.0,,,,,,10.0,3.0,4.0,6.0,,5.0,,8.0,3.0,,,10.0,4.0,4.0,8.0,,8.0,,2.0,1.0,2.0,10.0,1.0,10.0,1.0,10.0,,,9.0,1.0,6,10.0,10,1
2010-04-20,80517,,11,3,6020.0,14528210,CRRB,CARROLLTON BANCORP,CRRB,551111.0,Q,A,R,13085,3,6020.0,,,,60.0,602.0,,,,,,,5.0,-0.033816,2569.0,1.0,5.01,12845.0,CRRB,10.0,,,,,1,1.0,10.0,7.0,,,,,9.0,4.0,4.0,,,,,,10.0,3.0,4.0,6.0,,5.0,,8.0,3.0,,,10.0,4.0,4.0,8.0,,8.0,,2.0,1.0,2.0,10.0,1.0,10.0,1.0,10.0,,,9.0,1.0,6,10.0,10,1
2010-04-21,80517,,11,3,6020.0,14528210,CRRB,CARROLLTON BANCORP,CRRB,551111.0,Q,A,R,13085,3,6020.0,,,,60.0,602.0,,,,,,,4.895,-0.021,2569.0,1.0,5.0,12575.255,CRRB,10.0,,,,,1,1.0,10.0,7.0,,,,,9.0,4.0,4.0,,,,,,10.0,3.0,4.0,6.0,,5.0,,8.0,3.0,,,10.0,4.0,4.0,8.0,,8.0,,2.0,1.0,2.0,10.0,1.0,10.0,1.0,10.0,,,9.0,1.0,6,10.0,10,1
2010-04-22,80517,,11,3,6020.0,14528210,CRRB,CARROLLTON BANCORP,CRRB,551111.0,Q,A,R,13085,3,6020.0,,,,60.0,602.0,,,,,,,-5.105,0.042901,2569.0,1.0,,-13114.745,CRRB,10.0,,,,,1,1.0,10.0,7.0,,,,,9.0,4.0,4.0,,,,,,10.0,3.0,4.0,6.0,,5.0,,8.0,3.0,,,10.0,4.0,4.0,8.0,,8.0,,2.0,1.0,2.0,10.0,1.0,10.0,1.0,10.0,,,9.0,1.0,6,10.0,10,1
2010-04-23,80517,,11,3,6020.0,14528210,CRRB,CARROLLTON BANCORP,CRRB,551111.0,Q,A,R,13085,3,6020.0,,,,60.0,602.0,,,,,,,4.95,-0.030362,2569.0,1.0,4.97,12716.55,CRRB,10.0,,,,,1,1.0,10.0,7.0,,,,,9.0,4.0,4.0,,,,,,10.0,3.0,4.0,6.0,,5.0,,8.0,3.0,,,10.0,4.0,4.0,8.0,,8.0,,2.0,1.0,2.0,10.0,1.0,10.0,1.0,10.0,,,9.0,1.0,6,10.0,10,1
2010-04-26,80517,,11,3,6020.0,14528210,CRRB,CARROLLTON BANCORP,CRRB,551111.0,Q,A,R,13085,3,6020.0,,,,60.0,602.0,,,,,,,5.18,0.046465,2569.0,1.0,5.25,13307.42,CRRB,10.0,,,,,1,1.0,10.0,7.0,,,,,9.0,4.0,4.0,,,,,,10.0,3.0,4.0,6.0,,5.0,,8.0,3.0,,,10.0,4.0,4.0,8.0,,8.0,,2.0,1.0,2.0,10.0,1.0,10.0,1.0,10.0,,,9.0,1.0,6,10.0,10,1
2010-04-27,80517,,11,3,6020.0,14528210,CRRB,CARROLLTON BANCORP,CRRB,551111.0,Q,A,R,13085,3,6020.0,,,,60.0,602.0,,,,,,,5.12,-0.011583,2569.0,1.0,5.2,13153.28,CRRB,10.0,,,,,1,1.0,10.0,7.0,,,,,9.0,4.0,4.0,,,,,,10.0,3.0,4.0,6.0,,5.0,,8.0,3.0,,,10.0,4.0,4.0,8.0,,8.0,,2.0,1.0,2.0,10.0,1.0,10.0,1.0,10.0,,,9.0,1.0,6,10.0,10,1
2010-04-28,80517,,11,3,6020.0,14528210,CRRB,CARROLLTON BANCORP,CRRB,551111.0,Q,A,R,13085,3,6020.0,,,,60.0,602.0,,,,,,,-5.145,0.004883,2569.0,1.0,,-13217.505,CRRB,10.0,,,,,1,1.0,10.0,7.0,,,,,9.0,4.0,4.0,,,,,,10.0,3.0,4.0,6.0,,5.0,,8.0,3.0,,,10.0,4.0,4.0,8.0,,8.0,,2.0,1.0,2.0,10.0,1.0,10.0,1.0,10.0,,,9.0,1.0,6,10.0,10,1
2010-04-29,80517,,11,3,6020.0,14528210,CRRB,CARROLLTON BANCORP,CRRB,551111.0,Q,A,R,13085,3,6020.0,,,,60.0,602.0,,,,,,,-5.12,-0.004859,2569.0,1.0,,-13153.28,CRRB,10.0,,,,,1,1.0,10.0,7.0,,,,,9.0,4.0,4.0,,,,,,10.0,3.0,4.0,6.0,,5.0,,8.0,3.0,,,10.0,4.0,4.0,8.0,,8.0,,2.0,1.0,2.0,10.0,1.0,10.0,1.0,10.0,,,9.0,1.0,6,10.0,10,1
2010-04-30,80517,,11,3,6020.0,14528210,CRRB,CARROLLTON BANCORP,CRRB,551111.0,Q,A,R,13085,3,6020.0,,,,60.0,602.0,,,,,,,-5.15,0.005859,2569.0,1.0,,-13230.35,CRRB,10.0,,,,,1,1.0,10.0,7.0,,,,,9.0,4.0,4.0,,,,,,10.0,3.0,4.0,6.0,,5.0,,8.0,3.0,,,10.0,4.0,4.0,8.0,,8.0,,2.0,1.0,2.0,10.0,1.0,10.0,1.0,10.0,,,9.0,1.0,6,10.0,10,1
2010-05-03,80517,,11,3,6020.0,14528210,CRRB,CARROLLTON BANCORP,CRRB,551111.0,Q,A,R,13085,3,6020.0,,,,60.0,602.0,,,,,,,5.06,-0.017476,2569.0,1.0,5.06,12999.14,CRRB,10.0,,,,,1,1.0,10.0,7.0,,,,,9.0,4.0,4.0,,,,,,10.0,3.0,4.0,6.0,,5.0,,2.0,4.0,,,10.0,2.0,5.0,9.0,,8.0,,2.0,2.0,3.0,9.0,1.0,10.0,9.0,9.0,,,8.0,1.0,6,10.0,10,1
2010-05-04,80517,,11,3,6020.0,14528210,CRRB,CARROLLTON BANCORP,CRRB,551111.0,Q,A,R,13085,3,6020.0,,,,60.0,602.0,,,,,,,-5.07,0.001976,2569.0,1.0,,-13024.83,CRRB,10.0,,,,,1,1.0,10.0,7.0,,,,,9.0,4.0,4.0,,,,,,10.0,3.0,4.0,6.0,,5.0,,2.0,4.0,,,10.0,2.0,5.0,9.0,,8.0,,2.0,2.0,3.0,9.0,1.0,10.0,9.0,9.0,,,8.0,1.0,6,10.0,10,1
2010-05-05,80517,,11,3,6020.0,14528210,CRRB,CARROLLTON BANCORP,CRRB,551111.0,Q,A,R,13085,3,6020.0,,,,60.0,602.0,,,,,,,5.1499,0.015759,2569.0,1.0,5.14,13230.0931,CRRB,10.0,,,,,1,1.0,10.0,7.0,,,,,9.0,4.0,4.0,,,,,,10.0,3.0,4.0,6.0,,5.0,,2.0,4.0,,,10.0,2.0,5.0,9.0,,8.0,,2.0,2.0,3.0,9.0,1.0,10.0,9.0,9.0,,,8.0,1.0,6,10.0,10,1
2010-05-06,80517,,11,3,6020.0,14528210,CRRB,CARROLLTON BANCORP,CRRB,551111.0,Q,A,R,13085,3,6020.0,,,,60.0,602.0,,,,,,,5.0401,-0.021321,2569.0,1.0,5.03,12948.0169,CRRB,10.0,,,,,1,1.0,10.0,7.0,,,,,9.0,4.0,4.0,,,,,,10.0,3.0,4.0,6.0,,5.0,,2.0,4.0,,,10.0,2.0,5.0,9.0,,8.0,,2.0,2.0,3.0,9.0,1.0,10.0,9.0,9.0,,,8.0,1.0,6,10.0,10,1
2010-05-07,80517,,11,3,6020.0,14528210,CRRB,CARROLLTON BANCORP,CRRB,551111.0,Q,A,R,13085,3,6020.0,,,,60.0,602.0,,,,,,,-5.17,0.025773,2569.0,1.0,,-13281.73,CRRB,10.0,,,,,1,1.0,10.0,7.0,,,,,9.0,4.0,4.0,,,,,,10.0,3.0,4.0,6.0,,5.0,,2.0,4.0,,,10.0,2.0,5.0,9.0,,8.0,,2.0,2.0,3.0,9.0,1.0,10.0,9.0,9.0,,,8.0,1.0,6,10.0,10,1
2010-05-10,80517,,11,3,6020.0,14528210,CRRB,CARROLLTON BANCORP,CRRB,551111.0,Q,A,R,13085,3,6020.0,,,,60.0,602.0,,,,,,,5.26,0.017408,2569.0,1.0,5.05,13512.94,CRRB,10.0,,,,,1,1.0,10.0,7.0,,,,,9.0,4.0,4.0,,,,,,10.0,3.0,4.0,6.0,,5.0,,2.0,4.0,,,10.0,2.0,5.0,9.0,,8.0,,2.0,2.0,3.0,9.0,1.0,10.0,9.0,9.0,,,8.0,1.0,6,10.0,10,1
2010-05-11,80517,,11,3,6020.0,14528210,CRRB,CARROLLTON BANCORP,CRRB,551111.0,Q,A,R,13085,3,6020.0,,,,60.0,602.0,,,,,,,5.31,0.009506,2569.0,1.0,5.31,13641.39,CRRB,10.0,,,,,1,1.0,10.0,7.0,,,,,9.0,4.0,4.0,,,,,,10.0,3.0,4.0,6.0,,5.0,,2.0,4.0,,,10.0,2.0,5.0,9.0,,8.0,,2.0,2.0,3.0,9.0,1.0,10.0,9.0,9.0,,,8.0,1.0,6,10.0,10,1
2010-05-12,80517,,11,3,6020.0,14528210,CRRB,CARROLLTON BANCORP,CRRB,551111.0,Q,A,R,13085,3,6020.0,,,,60.0,602.0,1232.0,0.04,0.0,,,,-5.445,0.032957,2569.0,1.0,,-13988.205,CRRB,10.0,,,,,1,1.0,10.0,7.0,,,,,9.0,4.0,4.0,,,,,,10.0,3.0,4.0,6.0,,5.0,,2.0,4.0,,,10.0,2.0,5.0,9.0,,8.0,,2.0,2.0,3.0,9.0,1.0,10.0,9.0,9.0,,,8.0,1.0,6,10.0,10,1
2010-05-13,80517,,11,3,6020.0,14528210,CRRB,CARROLLTON BANCORP,CRRB,551111.0,Q,A,R,13085,3,6020.0,,,,60.0,602.0,,,,,,,5.28,-0.030303,2569.0,1.0,5.25,13564.32,CRRB,10.0,,,,,1,1.0,10.0,7.0,,,,,9.0,4.0,4.0,,,,,,10.0,3.0,4.0,6.0,,5.0,,2.0,4.0,,,10.0,2.0,5.0,9.0,,8.0,,2.0,2.0,3.0,9.0,1.0,10.0,9.0,9.0,,,8.0,1.0,6,10.0,10,1
2010-05-14,80517,,11,3,6020.0,14528210,CRRB,CARROLLTON BANCORP,CRRB,551111.0,Q,A,R,13085,3,6020.0,,,,60.0,602.0,,,,,,,5.3,0.003788,2569.0,1.0,5.235,13615.7,CRRB,10.0,,,,,1,1.0,10.0,7.0,,,,,9.0,4.0,4.0,,,,,,10.0,3.0,4.0,6.0,,5.0,,2.0,4.0,,,10.0,2.0,5.0,9.0,,8.0,,2.0,2.0,3.0,9.0,1.0,10.0,9.0,9.0,,,8.0,1.0,6,10.0,10,1
2010-05-17,80517,,11,3,6020.0,14528210,CRRB,CARROLLTON BANCORP,CRRB,551111.0,Q,A,R,13085,3,6020.0,,,,60.0,602.0,,,,,,,5.17,-0.024528,2569.0,1.0,5.16,13281.73,CRRB,10.0,,,,,1,1.0,10.0,7.0,,,,,9.0,4.0,4.0,,,,,,10.0,3.0,4.0,6.0,,5.0,,2.0,4.0,,,10.0,2.0,5.0,9.0,,8.0,,2.0,2.0,3.0,9.0,1.0,10.0,9.0,9.0,,,8.0,1.0,6,10.0,10,1
2010-05-18,80517,,11,3,6020.0,14528210,CRRB,CARROLLTON BANCORP,CRRB,551111.0,Q,A,R,13085,3,6020.0,,,,60.0,602.0,,,,,,,5.16,-0.001934,2569.0,1.0,5.16,13256.04,CRRB,10.0,,,,,1,1.0,10.0,7.0,,,,,9.0,4.0,4.0,,,,,,10.0,3.0,4.0,6.0,,5.0,,2.0,4.0,,,10.0,2.0,5.0,9.0,,8.0,,2.0,2.0,3.0,9.0,1.0,10.0,9.0,9.0,,,8.0,1.0,6,10.0,10,1
2010-05-19,80517,,11,3,6020.0,14528210,CRRB,CARROLLTON BANCORP,CRRB,551111.0,Q,A,R,13085,3,6020.0,,,,60.0,602.0,,,,,,,5.26,0.01938,2569.0,1.0,5.2,13512.94,CRRB,10.0,,,,,1,1.0,10.0,7.0,,,,,9.0,4.0,4.0,,,,,,10.0,3.0,4.0,6.0,,5.0,,2.0,4.0,,,10.0,2.0,5.0,9.0,,8.0,,2.0,2.0,3.0,9.0,1.0,10.0,9.0,9.0,,,8.0,1.0,6,10.0,10,1
2010-05-20,80517,,11,3,6020.0,14528210,CRRB,CARROLLTON BANCORP,CRRB,551111.0,Q,A,R,13085,3,6020.0,,,,60.0,602.0,,,,,,,5.1501,-0.020894,2569.0,1.0,5.15,13230.6069,CRRB,10.0,,,,,1,1.0,10.0,7.0,,,,,9.0,4.0,4.0,,,,,,10.0,3.0,4.0,6.0,,5.0,,2.0,4.0,,,10.0,2.0,5.0,9.0,,8.0,,2.0,2.0,3.0,9.0,1.0,10.0,9.0,9.0,,,8.0,1.0,6,10.0,10,1
2010-05-21,80517,,11,3,6020.0,14528210,CRRB,CARROLLTON BANCORP,CRRB,551111.0,Q,A,R,13085,3,6020.0,,,,60.0,602.0,,,,,,,5.64,0.095124,2569.0,1.0,5.15,14489.16,CRRB,10.0,,,,,1,1.0,10.0,7.0,,,,,9.0,4.0,4.0,,,,,,10.0,3.0,4.0,6.0,,5.0,,2.0,4.0,,,10.0,2.0,5.0,9.0,,8.0,,2.0,2.0,3.0,9.0,1.0,10.0,9.0,9.0,,,8.0,1.0,6,10.0,10,1
2010-05-24,80517,,11,3,6020.0,14528210,CRRB,CARROLLTON BANCORP,CRRB,551111.0,Q,A,R,13085,3,6020.0,,,,60.0,602.0,,,,,,,5.21,-0.076241,2569.0,1.0,5.15,13384.49,CRRB,10.0,,,,,1,1.0,10.0,7.0,,,,,9.0,4.0,4.0,,,,,,10.0,3.0,4.0,6.0,,5.0,,2.0,4.0,,,10.0,2.0,5.0,9.0,,8.0,,2.0,2.0,3.0,9.0,1.0,10.0,9.0,9.0,,,8.0,1.0,6,10.0,10,1
2010-05-25,80517,,11,3,6020.0,14528210,CRRB,CARROLLTON BANCORP,CRRB,551111.0,Q,A,R,13085,3,6020.0,,,,60.0,602.0,,,,,,,-5.295,0.016315,2569.0,1.0,,-13602.855,CRRB,10.0,,,,,1,1.0,10.0,7.0,,,,,9.0,4.0,4.0,,,,,,10.0,3.0,4.0,6.0,,5.0,,2.0,4.0,,,10.0,2.0,5.0,9.0,,8.0,,2.0,2.0,3.0,9.0,1.0,10.0,9.0,9.0,,,8.0,1.0,6,10.0,10,1
2010-05-26,80517,,11,3,6020.0,14528210,CRRB,CARROLLTON BANCORP,CRRB,551111.0,Q,A,R,13085,3,6020.0,,,,60.0,602.0,,,,,,,5.175,-0.022663,2569.0,1.0,5.1751,13294.575,CRRB,10.0,,,,,1,1.0,10.0,7.0,,,,,9.0,4.0,4.0,,,,,,10.0,3.0,4.0,6.0,,5.0,,2.0,4.0,,,10.0,2.0,5.0,9.0,,8.0,,2.0,2.0,3.0,9.0,1.0,10.0,9.0,9.0,,,8.0,1.0,6,10.0,10,1
2010-05-27,80517,,11,3,6020.0,14528210,CRRB,CARROLLTON BANCORP,CRRB,551111.0,Q,A,R,13085,3,6020.0,,,,60.0,602.0,,,,,,,5.16,-0.002899,2569.0,1.0,5.17,13256.04,CRRB,10.0,,,,,1,1.0,10.0,7.0,,,,,9.0,4.0,4.0,,,,,,10.0,3.0,4.0,6.0,,5.0,,2.0,4.0,,,10.0,2.0,5.0,9.0,,8.0,,2.0,2.0,3.0,9.0,1.0,10.0,9.0,9.0,,,8.0,1.0,6,10.0,10,1
2010-05-28,80517,,11,3,6020.0,14528210,CRRB,CARROLLTON BANCORP,CRRB,551111.0,Q,A,R,13085,3,6020.0,,,,60.0,602.0,,,,,,,5.3,0.027132,2569.0,1.0,5.35,13615.7,CRRB,10.0,,,,,1,1.0,10.0,7.0,,,,,9.0,4.0,4.0,,,,,,10.0,3.0,4.0,6.0,,5.0,,2.0,4.0,,,10.0,2.0,5.0,9.0,,8.0,,2.0,2.0,3.0,9.0,1.0,10.0,9.0,9.0,,,8.0,1.0,6,10.0,10,1
2010-06-01,80517,,11,3,6020.0,14528210,CRRB,CARROLLTON BANCORP,CRRB,551111.0,Q,A,R,13085,3,6020.0,,,,60.0,602.0,,,,,,,5.65,0.066038,2569.0,1.0,5.65,14514.85,CRRB,10.0,,,,,1,1.0,10.0,7.0,,,,,9.0,4.0,4.0,,,,,,10.0,3.0,4.0,6.0,,5.0,,1.0,4.0,,,10.0,1.0,9.0,8.0,,8.0,,2.0,2.0,2.0,1.0,1.0,10.0,2.0,1.0,,,9.0,1.0,6,10.0,10,1
2010-06-02,80517,,11,3,6020.0,14528210,CRRB,CARROLLTON BANCORP,CRRB,551111.0,Q,A,R,13085,3,6020.0,,,,60.0,602.0,,,,,,,5.65,0.0,2569.0,1.0,5.65,14514.85,CRRB,10.0,,,,,1,1.0,10.0,7.0,,,,,9.0,4.0,4.0,,,,,,10.0,3.0,4.0,6.0,,5.0,,1.0,4.0,,,10.0,1.0,9.0,8.0,,8.0,,2.0,2.0,2.0,1.0,1.0,10.0,2.0,1.0,,,9.0,1.0,6,10.0,10,1
2010-06-03,80517,,11,3,6020.0,14528210,CRRB,CARROLLTON BANCORP,CRRB,551111.0,Q,A,R,13085,3,6020.0,,,,60.0,602.0,,,,,,,5.51,-0.024779,2569.0,1.0,5.615,14155.19,CRRB,10.0,,,,,1,1.0,10.0,7.0,,,,,9.0,4.0,4.0,,,,,,10.0,3.0,4.0,6.0,,5.0,,1.0,4.0,,,10.0,1.0,9.0,8.0,,8.0,,2.0,2.0,2.0,1.0,1.0,10.0,2.0,1.0,,,9.0,1.0,6,10.0,10,1
2010-06-04,80517,,11,3,6020.0,14528210,CRRB,CARROLLTON BANCORP,CRRB,551111.0,Q,A,R,13085,3,6020.0,,,,60.0,602.0,,,,,,,5.64,0.023593,2569.0,1.0,5.5,14489.16,CRRB,10.0,,,,,1,1.0,10.0,7.0,,,,,9.0,4.0,4.0,,,,,,10.0,3.0,4.0,6.0,,5.0,,1.0,4.0,,,10.0,1.0,9.0,8.0,,8.0,,2.0,2.0,2.0,1.0,1.0,10.0,2.0,1.0,,,9.0,1.0,6,10.0,10,1
2010-06-07,80517,,11,3,6020.0,14528210,CRRB,CARROLLTON BANCORP,CRRB,551111.0,Q,A,R,13085,3,6020.0,,,,60.0,602.0,,,,,,,-5.375,-0.046986,2569.0,1.0,,-13808.375,CRRB,10.0,,,,,1,1.0,10.0,7.0,,,,,9.0,4.0,4.0,,,,,,10.0,3.0,4.0,6.0,,5.0,,1.0,4.0,,,10.0,1.0,9.0,8.0,,8.0,,2.0,2.0,2.0,1.0,1.0,10.0,2.0,1.0,,,9.0,1.0,6,10.0,10,1
2010-06-08,80517,,11,3,6020.0,14528210,CRRB,CARROLLTON BANCORP,CRRB,551111.0,Q,A,R,13085,3,6020.0,,,,60.0,602.0,,,,,,,-5.395,0.003721,2569.0,1.0,,-13859.755,CRRB,10.0,,,,,1,1.0,10.0,7.0,,,,,9.0,4.0,4.0,,,,,,10.0,3.0,4.0,6.0,,5.0,,1.0,4.0,,,10.0,1.0,9.0,8.0,,8.0,,2.0,2.0,2.0,1.0,1.0,10.0,2.0,1.0,,,9.0,1.0,6,10.0,10,1
2010-06-09,80517,,11,3,6020.0,14528210,CRRB,CARROLLTON BANCORP,CRRB,551111.0,Q,A,R,13085,3,6020.0,,,,60.0,602.0,,,,,,,-5.42,0.004634,2569.0,1.0,,-13923.98,CRRB,10.0,,,,,1,1.0,10.0,7.0,,,,,9.0,4.0,4.0,,,,,,10.0,3.0,4.0,6.0,,5.0,,1.0,4.0,,,10.0,1.0,9.0,8.0,,8.0,,2.0,2.0,2.0,1.0,1.0,10.0,2.0,1.0,,,9.0,1.0,6,10.0,10,1
2010-06-10,80517,,11,3,6020.0,14528210,CRRB,CARROLLTON BANCORP,CRRB,551111.0,Q,A,R,13085,3,6020.0,,,,60.0,602.0,,,,,,,5.62,0.0369,2569.0,1.0,5.62,14437.78,CRRB,10.0,,,,,1,1.0,10.0,7.0,,,,,9.0,4.0,4.0,,,,,,10.0,3.0,4.0,6.0,,5.0,,1.0,4.0,,,10.0,1.0,9.0,8.0,,8.0,,2.0,2.0,2.0,1.0,1.0,10.0,2.0,1.0,,,9.0,1.0,6,10.0,10,1
2010-06-11,80517,,11,3,6020.0,14528210,CRRB,CARROLLTON BANCORP,CRRB,551111.0,Q,A,R,13085,3,6020.0,,,,60.0,602.0,,,,,,,-5.4,-0.039146,2569.0,1.0,,-13872.6,CRRB,10.0,,,,,1,1.0,10.0,7.0,,,,,9.0,4.0,4.0,,,,,,10.0,3.0,4.0,6.0,,5.0,,1.0,4.0,,,10.0,1.0,9.0,8.0,,8.0,,2.0,2.0,2.0,1.0,1.0,10.0,2.0,1.0,,,9.0,1.0,6,10.0,10,1
2010-06-14,80517,,11,3,6020.0,14528210,CRRB,CARROLLTON BANCORP,CRRB,551111.0,Q,A,R,13085,3,6020.0,,,,60.0,602.0,,,,,,,-5.405,0.000926,2569.0,1.0,,-13885.445,CRRB,10.0,,,,,1,1.0,10.0,7.0,,,,,9.0,4.0,4.0,,,,,,10.0,3.0,4.0,6.0,,5.0,,1.0,4.0,,,10.0,1.0,9.0,8.0,,8.0,,2.0,2.0,2.0,1.0,1.0,10.0,2.0,1.0,,,9.0,1.0,6,10.0,10,1
2010-06-15,80517,,11,3,6020.0,14528210,CRRB,CARROLLTON BANCORP,CRRB,551111.0,Q,A,R,13085,3,6020.0,,,,60.0,602.0,,,,,,,-5.44,0.006476,2569.0,1.0,,-13975.36,CRRB,10.0,,,,,1,1.0,10.0,7.0,,,,,9.0,4.0,4.0,,,,,,10.0,3.0,4.0,6.0,,5.0,,1.0,4.0,,,10.0,1.0,9.0,8.0,,8.0,,2.0,2.0,2.0,1.0,1.0,10.0,2.0,1.0,,,9.0,1.0,6,10.0,10,1
2010-06-16,80517,,11,3,6020.0,14528210,CRRB,CARROLLTON BANCORP,CRRB,551111.0,Q,A,R,13085,3,6020.0,,,,60.0,602.0,,,,,,,5.25,-0.034926,2569.0,1.0,5.6,13487.25,CRRB,10.0,,,,,1,1.0,10.0,7.0,,,,,9.0,4.0,4.0,,,,,,10.0,3.0,4.0,6.0,,5.0,,1.0,4.0,,,10.0,1.0,9.0,8.0,,8.0,,2.0,2.0,2.0,1.0,1.0,10.0,2.0,1.0,,,9.0,1.0,6,10.0,10,1
2010-06-17,80517,,11,3,6020.0,14528210,CRRB,CARROLLTON BANCORP,CRRB,551111.0,Q,A,R,13085,3,6020.0,,,,60.0,602.0,,,,,,,5.35,0.019048,2569.0,1.0,5.31,13744.15,CRRB,10.0,,,,,1,1.0,10.0,7.0,,,,,9.0,4.0,4.0,,,,,,10.0,3.0,4.0,6.0,,5.0,,1.0,4.0,,,10.0,1.0,9.0,8.0,,8.0,,2.0,2.0,2.0,1.0,1.0,10.0,2.0,1.0,,,9.0,1.0,6,10.0,10,1
2010-06-18,80517,,11,3,6020.0,14528210,CRRB,CARROLLTON BANCORP,CRRB,551111.0,Q,A,R,13085,3,6020.0,,,,60.0,602.0,,,,,,,5.6,0.046729,2569.0,1.0,5.49,14386.4,CRRB,10.0,,,,,1,1.0,10.0,7.0,,,,,9.0,4.0,4.0,,,,,,10.0,3.0,4.0,6.0,,5.0,,1.0,4.0,,,10.0,1.0,9.0,8.0,,8.0,,2.0,2.0,2.0,1.0,1.0,10.0,2.0,1.0,,,9.0,1.0,6,10.0,10,1
2010-06-21,80517,,11,3,6020.0,14528210,CRRB,CARROLLTON BANCORP,CRRB,551111.0,Q,A,R,13085,3,6020.0,,,,60.0,602.0,,,,,,,-5.47,-0.023214,2569.0,1.0,,-14052.43,CRRB,10.0,,,,,1,1.0,10.0,7.0,,,,,9.0,4.0,4.0,,,,,,10.0,3.0,4.0,6.0,,5.0,,1.0,4.0,,,10.0,1.0,9.0,8.0,,8.0,,2.0,2.0,2.0,1.0,1.0,10.0,2.0,1.0,,,9.0,1.0,6,10.0,10,1
2010-06-22,80517,,11,3,6020.0,14528210,CRRB,CARROLLTON BANCORP,CRRB,551111.0,Q,A,R,13085,3,6020.0,,,,60.0,602.0,,,,,,,-5.465,-0.000914,2569.0,1.0,,-14039.585,CRRB,10.0,,,,,1,1.0,10.0,7.0,,,,,9.0,4.0,4.0,,,,,,10.0,3.0,4.0,6.0,,5.0,,1.0,4.0,,,10.0,1.0,9.0,8.0,,8.0,,2.0,2.0,2.0,1.0,1.0,10.0,2.0,1.0,,,9.0,1.0,6,10.0,10,1
2010-06-23,80517,,11,3,6020.0,14528210,CRRB,CARROLLTON BANCORP,CRRB,551111.0,Q,A,R,13085,3,6020.0,,,,60.0,602.0,,,,,,,-5.48,0.002745,2569.0,1.0,,-14078.12,CRRB,10.0,,,,,1,1.0,10.0,7.0,,,,,9.0,4.0,4.0,,,,,,10.0,3.0,4.0,6.0,,5.0,,1.0,4.0,,,10.0,1.0,9.0,8.0,,8.0,,2.0,2.0,2.0,1.0,1.0,10.0,2.0,1.0,,,9.0,1.0,6,10.0,10,1
2010-06-24,80517,,11,3,6020.0,14528210,CRRB,CARROLLTON BANCORP,CRRB,551111.0,Q,A,R,13085,3,6020.0,,,,60.0,602.0,,,,,,,-5.49,0.001825,2569.0,1.0,,-14103.81,CRRB,10.0,,,,,1,1.0,10.0,7.0,,,,,9.0,4.0,4.0,,,,,,10.0,3.0,4.0,6.0,,5.0,,1.0,4.0,,,10.0,1.0,9.0,8.0,,8.0,,2.0,2.0,2.0,1.0,1.0,10.0,2.0,1.0,,,9.0,1.0,6,10.0,10,1
2010-06-25,80517,,11,3,6020.0,14528210,CRRB,CARROLLTON BANCORP,CRRB,551111.0,Q,A,R,13085,3,6020.0,,,,60.0,602.0,,,,,,,-5.49,0.0,2569.0,1.0,,-14103.81,CRRB,10.0,,,,,1,1.0,10.0,7.0,,,,,9.0,4.0,4.0,,,,,,10.0,3.0,4.0,6.0,,5.0,,1.0,4.0,,,10.0,1.0,9.0,8.0,,8.0,,2.0,2.0,2.0,1.0,1.0,10.0,2.0,1.0,,,9.0,1.0,6,10.0,10,1
2010-06-28,80517,,11,3,6020.0,14528210,CRRB,CARROLLTON BANCORP,CRRB,551111.0,Q,A,R,13085,3,6020.0,,,,60.0,602.0,,,,,,,-5.5,0.001822,2569.0,1.0,,-14129.5,CRRB,10.0,,,,,1,1.0,10.0,7.0,,,,,9.0,4.0,4.0,,,,,,10.0,3.0,4.0,6.0,,5.0,,1.0,4.0,,,10.0,1.0,9.0,8.0,,8.0,,2.0,2.0,2.0,1.0,1.0,10.0,2.0,1.0,,,9.0,1.0,6,10.0,10,1
2010-06-29,80517,,11,3,6020.0,14528210,CRRB,CARROLLTON BANCORP,CRRB,551111.0,Q,A,R,13085,3,6020.0,,,,60.0,602.0,,,,,,,-5.48,-0.003636,2569.0,1.0,,-14078.12,CRRB,10.0,,,,,1,1.0,10.0,7.0,,,,,9.0,4.0,4.0,,,,,,10.0,3.0,4.0,6.0,,5.0,,1.0,4.0,,,10.0,1.0,9.0,8.0,,8.0,,2.0,2.0,2.0,1.0,1.0,10.0,2.0,1.0,,,9.0,1.0,6,10.0,10,1
2010-06-30,80517,,11,3,6020.0,14528210,CRRB,CARROLLTON BANCORP,CRRB,551111.0,Q,A,R,13085,3,6020.0,,,,60.0,602.0,,,,,,,-5.485,0.000912,2572.0,1.0,,-14107.42,CRRB,10.0,,,,,1,1.0,10.0,7.0,,,,,9.0,4.0,4.0,,,,,,10.0,3.0,4.0,6.0,,5.0,,1.0,4.0,,,10.0,1.0,9.0,8.0,,8.0,,2.0,2.0,2.0,1.0,1.0,10.0,2.0,1.0,,,9.0,1.0,6,10.0,10,1
2010-07-01,80517,,11,3,6020.0,14528210,CRRB,CARROLLTON BANCORP,CRRB,551111.0,Q,A,R,13085,3,6020.0,,,,60.0,602.0,,,,,,,-5.485,0.0,2572.0,1.0,,-14107.42,CRRB,10.0,,,,,1,10.0,1.0,8.0,,,,,10.0,2.0,1.0,,,,,,10.0,3.0,3.0,8.0,,2.0,,5.0,6.0,,,10.0,2.0,8.0,8.0,,8.0,,2.0,2.0,2.0,1.0,2.0,10.0,5.0,1.0,,,9.0,1.0,6,10.0,10,1
2010-07-02,80517,,11,3,6020.0,14528210,CRRB,CARROLLTON BANCORP,CRRB,551111.0,Q,A,R,13085,3,6020.0,,,,60.0,602.0,,,,,,,-5.505,0.003646,2572.0,1.0,,-14158.86,CRRB,10.0,,,,,1,10.0,1.0,8.0,,,,,10.0,2.0,1.0,,,,,,10.0,3.0,3.0,8.0,,2.0,,5.0,6.0,,,10.0,2.0,8.0,8.0,,8.0,,2.0,2.0,2.0,1.0,2.0,10.0,5.0,1.0,,,9.0,1.0,6,10.0,10,1
2010-07-06,80517,,11,3,6020.0,14528210,CRRB,CARROLLTON BANCORP,CRRB,551111.0,Q,A,R,13085,3,6020.0,,,,60.0,602.0,,,,,,,5.47,-0.006358,2572.0,1.0,5.47,14068.84,CRRB,10.0,,,,,1,10.0,1.0,8.0,,,,,10.0,2.0,1.0,,,,,,10.0,3.0,3.0,8.0,,2.0,,5.0,6.0,,,10.0,2.0,8.0,8.0,,8.0,,2.0,2.0,2.0,1.0,2.0,10.0,5.0,1.0,,,9.0,1.0,6,10.0,10,1
2010-07-07,80517,,11,3,6020.0,14528210,CRRB,CARROLLTON BANCORP,CRRB,551111.0,Q,A,R,13085,3,6020.0,,,,60.0,602.0,,,,,,,5.47,0.0,2572.0,1.0,5.47,14068.84,CRRB,10.0,,,,,1,10.0,1.0,8.0,,,,,10.0,2.0,1.0,,,,,,10.0,3.0,3.0,8.0,,2.0,,5.0,6.0,,,10.0,2.0,8.0,8.0,,8.0,,2.0,2.0,2.0,1.0,2.0,10.0,5.0,1.0,,,9.0,1.0,6,10.0,10,1
2010-07-08,80517,,11,3,6020.0,14528210,CRRB,CARROLLTON BANCORP,CRRB,551111.0,Q,A,R,13085,3,6020.0,,,,60.0,602.0,,,,,,,5.61,0.025594,2572.0,1.0,5.42,14428.92,CRRB,10.0,,,,,1,10.0,1.0,8.0,,,,,10.0,2.0,1.0,,,,,,10.0,3.0,3.0,8.0,,2.0,,5.0,6.0,,,10.0,2.0,8.0,8.0,,8.0,,2.0,2.0,2.0,1.0,2.0,10.0,5.0,1.0,,,9.0,1.0,6,10.0,10,1
2010-07-09,80517,,11,3,6020.0,14528210,CRRB,CARROLLTON BANCORP,CRRB,551111.0,Q,A,R,13085,3,6020.0,,,,60.0,602.0,,,,,,,-5.485,-0.022282,2572.0,1.0,,-14107.42,CRRB,10.0,,,,,1,10.0,1.0,8.0,,,,,10.0,2.0,1.0,,,,,,10.0,3.0,3.0,8.0,,2.0,,5.0,6.0,,,10.0,2.0,8.0,8.0,,8.0,,2.0,2.0,2.0,1.0,2.0,10.0,5.0,1.0,,,9.0,1.0,6,10.0,10,1
2010-07-12,80517,,11,3,6020.0,14528210,CRRB,CARROLLTON BANCORP,CRRB,551111.0,Q,A,R,13085,3,6020.0,,,,60.0,602.0,,,,,,,5.42,-0.011851,2572.0,1.0,5.42,13940.24,CRRB,10.0,,,,,1,10.0,1.0,8.0,,,,,10.0,2.0,1.0,,,,,,10.0,3.0,3.0,8.0,,2.0,,5.0,6.0,,,10.0,2.0,8.0,8.0,,8.0,,2.0,2.0,2.0,1.0,2.0,10.0,5.0,1.0,,,9.0,1.0,6,10.0,10,1
2010-07-13,80517,,11,3,6020.0,14528210,CRRB,CARROLLTON BANCORP,CRRB,551111.0,Q,A,R,13085,3,6020.0,,,,60.0,602.0,,,,,,,-5.515,0.017528,2572.0,1.0,,-14184.58,CRRB,10.0,,,,,1,10.0,1.0,8.0,,,,,10.0,2.0,1.0,,,,,,10.0,3.0,3.0,8.0,,2.0,,5.0,6.0,,,10.0,2.0,8.0,8.0,,8.0,,2.0,2.0,2.0,1.0,2.0,10.0,5.0,1.0,,,9.0,1.0,6,10.0,10,1
2010-07-14,80517,,11,3,6020.0,14528210,CRRB,CARROLLTON BANCORP,CRRB,551111.0,Q,A,R,13085,3,6020.0,,,,60.0,602.0,,,,,,,-5.5,-0.00272,2572.0,1.0,,-14146.0,CRRB,10.0,,,,,1,10.0,1.0,8.0,,,,,10.0,2.0,1.0,,,,,,10.0,3.0,3.0,8.0,,2.0,,5.0,6.0,,,10.0,2.0,8.0,8.0,,8.0,,2.0,2.0,2.0,1.0,2.0,10.0,5.0,1.0,,,9.0,1.0,6,10.0,10,1
2010-07-15,80517,,11,3,6020.0,14528210,CRRB,CARROLLTON BANCORP,CRRB,551111.0,Q,A,R,13085,3,6020.0,,,,60.0,602.0,,,,,,,5.42,-0.014545,2572.0,1.0,5.44,13940.24,CRRB,10.0,,,,,1,10.0,1.0,8.0,,,,,10.0,2.0,1.0,,,,,,10.0,3.0,3.0,8.0,,2.0,,5.0,6.0,,,10.0,2.0,8.0,8.0,,8.0,,2.0,2.0,2.0,1.0,2.0,10.0,5.0,1.0,,,9.0,1.0,6,10.0,10,1
2010-07-16,80517,,11,3,6020.0,14528210,CRRB,CARROLLTON BANCORP,CRRB,551111.0,Q,A,R,13085,3,6020.0,,,,60.0,602.0,,,,,,,-5.485,0.011993,2572.0,1.0,,-14107.42,CRRB,10.0,,,,,1,10.0,1.0,8.0,,,,,10.0,2.0,1.0,,,,,,10.0,3.0,3.0,8.0,,2.0,,5.0,6.0,,,10.0,2.0,8.0,8.0,,8.0,,2.0,2.0,2.0,1.0,2.0,10.0,5.0,1.0,,,9.0,1.0,6,10.0,10,1
2010-07-19,80517,,11,3,6020.0,14528210,CRRB,CARROLLTON BANCORP,CRRB,551111.0,Q,A,R,13085,3,6020.0,,,,60.0,602.0,,,,,,,5.315,-0.030994,2572.0,1.0,5.42,13670.18,CRRB,10.0,,,,,1,10.0,1.0,8.0,,,,,10.0,2.0,1.0,,,,,,10.0,3.0,3.0,8.0,,2.0,,5.0,6.0,,,10.0,2.0,8.0,8.0,,8.0,,2.0,2.0,2.0,1.0,2.0,10.0,5.0,1.0,,,9.0,1.0,6,10.0,10,1
2010-07-20,80517,,11,3,6020.0,14528210,CRRB,CARROLLTON BANCORP,CRRB,551111.0,Q,A,R,13085,3,6020.0,,,,60.0,602.0,,,,,,,-5.365,0.009407,2572.0,1.0,,-13798.78,CRRB,10.0,,,,,1,10.0,1.0,8.0,,,,,10.0,2.0,1.0,,,,,,10.0,3.0,3.0,8.0,,2.0,,5.0,6.0,,,10.0,2.0,8.0,8.0,,8.0,,2.0,2.0,2.0,1.0,2.0,10.0,5.0,1.0,,,9.0,1.0,6,10.0,10,1
2010-07-21,80517,,11,3,6020.0,14528210,CRRB,CARROLLTON BANCORP,CRRB,551111.0,Q,A,R,13085,3,6020.0,,,,60.0,602.0,,,,,,,-5.415,0.00932,2572.0,1.0,,-13927.38,CRRB,10.0,,,,,1,10.0,1.0,8.0,,,,,10.0,2.0,1.0,,,,,,10.0,3.0,3.0,8.0,,2.0,,5.0,6.0,,,10.0,2.0,8.0,8.0,,8.0,,2.0,2.0,2.0,1.0,2.0,10.0,5.0,1.0,,,9.0,1.0,6,10.0,10,1
2010-07-22,80517,,11,3,6020.0,14528210,CRRB,CARROLLTON BANCORP,CRRB,551111.0,Q,A,R,13085,3,6020.0,,,,60.0,602.0,,,,,,,5.26,-0.028624,2572.0,1.0,5.31,13528.72,CRRB,10.0,,,,,1,10.0,1.0,8.0,,,,,10.0,2.0,1.0,,,,,,10.0,3.0,3.0,8.0,,2.0,,5.0,6.0,,,10.0,2.0,8.0,8.0,,8.0,,2.0,2.0,2.0,1.0,2.0,10.0,5.0,1.0,,,9.0,1.0,6,10.0,10,1
2010-07-23,80517,,11,3,6020.0,14528210,CRRB,CARROLLTON BANCORP,CRRB,551111.0,Q,A,R,13085,3,6020.0,,,,60.0,602.0,,,,,,,-5.38,0.022814,2572.0,1.0,,-13837.36,CRRB,10.0,,,,,1,10.0,1.0,8.0,,,,,10.0,2.0,1.0,,,,,,10.0,3.0,3.0,8.0,,2.0,,5.0,6.0,,,10.0,2.0,8.0,8.0,,8.0,,2.0,2.0,2.0,1.0,2.0,10.0,5.0,1.0,,,9.0,1.0,6,10.0,10,1
2010-07-26,80517,,11,3,6020.0,14528210,CRRB,CARROLLTON BANCORP,CRRB,551111.0,Q,A,R,13085,3,6020.0,,,,60.0,602.0,,,,,,,-7.595,0.41171,2572.0,1.0,,-19534.34,CRRB,10.0,,,,,1,10.0,1.0,8.0,,,,,10.0,2.0,1.0,,,,,,10.0,3.0,3.0,8.0,,2.0,,5.0,6.0,,,10.0,2.0,8.0,8.0,,8.0,,2.0,2.0,2.0,1.0,2.0,10.0,5.0,1.0,,,9.0,1.0,6,10.0,10,1
2010-07-27,80517,,11,3,6020.0,14528210,CRRB,CARROLLTON BANCORP,CRRB,551111.0,Q,A,R,13085,3,6020.0,,,,60.0,602.0,,,,,,,5.245,-0.309414,2572.0,1.0,5.245,13490.14,CRRB,10.0,,,,,1,10.0,1.0,8.0,,,,,10.0,2.0,1.0,,,,,,10.0,3.0,3.0,8.0,,2.0,,5.0,6.0,,,10.0,2.0,8.0,8.0,,8.0,,2.0,2.0,2.0,1.0,2.0,10.0,5.0,1.0,,,9.0,1.0,6,10.0,10,1
2010-07-28,80517,,11,3,6020.0,14528210,CRRB,CARROLLTON BANCORP,CRRB,551111.0,Q,A,R,13085,3,6020.0,,,,60.0,602.0,,,,,,,-5.42,0.033365,2572.0,1.0,,-13940.24,CRRB,10.0,,,,,1,10.0,1.0,8.0,,,,,10.0,2.0,1.0,,,,,,10.0,3.0,3.0,8.0,,2.0,,5.0,6.0,,,10.0,2.0,8.0,8.0,,8.0,,2.0,2.0,2.0,1.0,2.0,10.0,5.0,1.0,,,9.0,1.0,6,10.0,10,1
2010-07-29,80517,,11,3,6020.0,14528210,CRRB,CARROLLTON BANCORP,CRRB,551111.0,Q,A,R,13085,3,6020.0,,,,60.0,602.0,,,,,,,-5.395,-0.004613,2572.0,1.0,,-13875.94,CRRB,10.0,,,,,1,10.0,1.0,8.0,,,,,10.0,2.0,1.0,,,,,,10.0,3.0,3.0,8.0,,2.0,,5.0,6.0,,,10.0,2.0,8.0,8.0,,8.0,,2.0,2.0,2.0,1.0,2.0,10.0,5.0,1.0,,,9.0,1.0,6,10.0,10,1
2010-07-30,80517,,11,3,6020.0,14528210,CRRB,CARROLLTON BANCORP,CRRB,551111.0,Q,A,R,13085,3,6020.0,,,,60.0,602.0,,,,,,,-5.395,0.0,2572.0,1.0,,-13875.94,CRRB,10.0,,,,,1,10.0,1.0,8.0,,,,,10.0,2.0,1.0,,,,,,10.0,3.0,3.0,8.0,,2.0,,5.0,6.0,,,10.0,2.0,8.0,8.0,,8.0,,2.0,2.0,2.0,1.0,2.0,10.0,5.0,1.0,,,9.0,1.0,6,10.0,10,1
2010-08-02,80517,,11,3,6020.0,14528210,CRRB,CARROLLTON BANCORP,CRRB,551111.0,Q,A,R,13085,3,6020.0,,,,60.0,602.0,,,,,,,5.5001,0.019481,2572.0,1.0,5.5,14146.2572,CRRB,10.0,,,,,1,10.0,1.0,8.0,,,,,10.0,2.0,1.0,,,,,,10.0,3.0,3.0,8.0,,2.0,,,3.0,,,10.0,2.0,7.0,8.0,,8.0,,,,,9.0,1.0,10.0,1.0,9.0,,,9.0,1.0,6,10.0,10,1
2010-08-03,80517,,11,3,6020.0,14528210,CRRB,CARROLLTON BANCORP,CRRB,551111.0,Q,A,R,13085,3,6020.0,,,,60.0,602.0,,,,,,,-5.43,-0.012745,2572.0,1.0,,-13965.96,CRRB,10.0,,,,,1,10.0,1.0,8.0,,,,,10.0,2.0,1.0,,,,,,10.0,3.0,3.0,8.0,,2.0,,,3.0,,,10.0,2.0,7.0,8.0,,8.0,,,,,9.0,1.0,10.0,1.0,9.0,,,9.0,1.0,6,10.0,10,1
2010-08-04,80517,,11,3,6020.0,14528210,CRRB,CARROLLTON BANCORP,CRRB,551111.0,Q,A,R,13085,3,6020.0,,,,60.0,602.0,,,,,,,-5.395,-0.006446,2573.0,1.0,,-13881.335,CRRB,10.0,,,,,1,10.0,1.0,8.0,,,,,10.0,2.0,1.0,,,,,,10.0,3.0,3.0,8.0,,2.0,,,3.0,,,10.0,2.0,7.0,8.0,,8.0,,,,,9.0,1.0,10.0,1.0,9.0,,,9.0,1.0,6,10.0,10,1
2010-08-05,80517,,11,3,6020.0,14528210,CRRB,CARROLLTON BANCORP,CRRB,551111.0,Q,A,R,13085,3,6020.0,,,,60.0,602.0,,,,,,,-5.41,0.00278,2573.0,1.0,,-13919.93,CRRB,10.0,,,,,1,10.0,1.0,8.0,,,,,10.0,2.0,1.0,,,,,,10.0,3.0,3.0,8.0,,2.0,,,3.0,,,10.0,2.0,7.0,8.0,,8.0,,,,,9.0,1.0,10.0,1.0,9.0,,,9.0,1.0,6,10.0,10,1
2010-08-06,80517,,11,3,6020.0,14528210,CRRB,CARROLLTON BANCORP,CRRB,551111.0,Q,A,R,13085,3,6020.0,,,,60.0,602.0,,,,,,,-5.44,0.005545,2573.0,1.0,,-13997.12,CRRB,10.0,,,,,1,10.0,1.0,8.0,,,,,10.0,2.0,1.0,,,,,,10.0,3.0,3.0,8.0,,2.0,,,3.0,,,10.0,2.0,7.0,8.0,,8.0,,,,,9.0,1.0,10.0,1.0,9.0,,,9.0,1.0,6,10.0,10,1
2010-08-09,80517,,11,3,6020.0,14528210,CRRB,CARROLLTON BANCORP,CRRB,551111.0,Q,A,R,13085,3,6020.0,,,,60.0,602.0,,,,,,,5.55,0.020221,2573.0,1.0,5.27,14280.15,CRRB,10.0,,,,,1,10.0,1.0,8.0,,,,,10.0,2.0,1.0,,,,,,10.0,3.0,3.0,8.0,,2.0,,,3.0,,,10.0,2.0,7.0,8.0,,8.0,,,,,9.0,1.0,10.0,1.0,9.0,,,9.0,1.0,6,10.0,10,1
2010-08-10,80517,,11,3,6020.0,14528210,CRRB,CARROLLTON BANCORP,CRRB,551111.0,Q,A,R,13085,3,6020.0,,,,60.0,602.0,,,,,,,5.27,-0.05045,2573.0,1.0,5.3,13559.71,CRRB,10.0,,,,,1,10.0,1.0,8.0,,,,,10.0,2.0,1.0,,,,,,10.0,3.0,3.0,8.0,,2.0,,,3.0,,,10.0,2.0,7.0,8.0,,8.0,,,,,9.0,1.0,10.0,1.0,9.0,,,9.0,1.0,6,10.0,10,1
2010-08-11,80517,,11,3,6020.0,14528210,CRRB,CARROLLTON BANCORP,CRRB,551111.0,Q,A,R,13085,3,6020.0,,,,60.0,602.0,1232.0,0.04,0.0,,,,-5.445,0.040797,2573.0,1.0,,-14009.985,CRRB,10.0,,,,,1,10.0,1.0,8.0,,,,,10.0,2.0,1.0,,,,,,10.0,3.0,3.0,8.0,,2.0,,,3.0,,,10.0,2.0,7.0,8.0,,8.0,,,,,9.0,1.0,10.0,1.0,9.0,,,9.0,1.0,6,10.0,10,1
2010-08-12,80517,,11,3,6020.0,14528210,CRRB,CARROLLTON BANCORP,CRRB,551111.0,Q,A,R,13085,3,6020.0,,,,60.0,602.0,,,,,,,5.325,-0.022039,2573.0,1.0,5.45,13701.225,CRRB,10.0,,,,,1,10.0,1.0,8.0,,,,,10.0,2.0,1.0,,,,,,10.0,3.0,3.0,8.0,,2.0,,,3.0,,,10.0,2.0,7.0,8.0,,8.0,,,,,9.0,1.0,10.0,1.0,9.0,,,9.0,1.0,6,10.0,10,1
2010-08-13,80517,,11,3,6020.0,14528210,CRRB,CARROLLTON BANCORP,CRRB,551111.0,Q,A,R,13085,3,6020.0,,,,60.0,602.0,,,,,,,5.54,0.040376,2573.0,1.0,5.54,14254.42,CRRB,10.0,,,,,1,10.0,1.0,8.0,,,,,10.0,2.0,1.0,,,,,,10.0,3.0,3.0,8.0,,2.0,,,3.0,,,10.0,2.0,7.0,8.0,,8.0,,,,,9.0,1.0,10.0,1.0,9.0,,,9.0,1.0,6,10.0,10,1
2010-08-16,80517,,11,3,6020.0,14528210,CRRB,CARROLLTON BANCORP,CRRB,551111.0,Q,A,R,13085,3,6020.0,,,,60.0,602.0,,,,,,,-5.305,-0.042419,2573.0,1.0,,-13649.765,CRRB,10.0,,,,,1,10.0,1.0,8.0,,,,,10.0,2.0,1.0,,,,,,10.0,3.0,3.0,8.0,,2.0,,,3.0,,,10.0,2.0,7.0,8.0,,8.0,,,,,9.0,1.0,10.0,1.0,9.0,,,9.0,1.0,6,10.0,10,1
2010-08-17,80517,,11,3,6020.0,14528210,CRRB,CARROLLTON BANCORP,CRRB,551111.0,Q,A,R,13085,3,6020.0,,,,60.0,602.0,,,,,,,5.31,0.000942,2573.0,1.0,5.32,13662.63,CRRB,10.0,,,,,1,10.0,1.0,8.0,,,,,10.0,2.0,1.0,,,,,,10.0,3.0,3.0,8.0,,2.0,,,3.0,,,10.0,2.0,7.0,8.0,,8.0,,,,,9.0,1.0,10.0,1.0,9.0,,,9.0,1.0,6,10.0,10,1
2010-08-18,80517,,11,3,6020.0,14528210,CRRB,CARROLLTON BANCORP,CRRB,551111.0,Q,A,R,13085,3,6020.0,,,,60.0,602.0,,,,,,,5.31,0.0,2573.0,1.0,5.31,13662.63,CRRB,10.0,,,,,1,10.0,1.0,8.0,,,,,10.0,2.0,1.0,,,,,,10.0,3.0,3.0,8.0,,2.0,,,3.0,,,10.0,2.0,7.0,8.0,,8.0,,,,,9.0,1.0,10.0,1.0,9.0,,,9.0,1.0,6,10.0,10,1
2010-08-19,80517,,11,3,6020.0,14528210,CRRB,CARROLLTON BANCORP,CRRB,551111.0,Q,A,R,13085,3,6020.0,,,,60.0,602.0,,,,,,,4.47,-0.158192,2573.0,1.0,5.32,11501.31,CRRB,10.0,,,,,1,10.0,1.0,8.0,,,,,10.0,2.0,1.0,,,,,,10.0,3.0,3.0,8.0,,2.0,,,3.0,,,10.0,2.0,7.0,8.0,,8.0,,,,,9.0,1.0,10.0,1.0,9.0,,,9.0,1.0,6,10.0,10,1
2010-08-20,80517,,11,3,6020.0,14528210,CRRB,CARROLLTON BANCORP,CRRB,551111.0,Q,A,R,13085,3,6020.0,,,,60.0,602.0,,,,,,,4.8,0.073826,2573.0,1.0,4.8,12350.4,CRRB,10.0,,,,,1,10.0,1.0,8.0,,,,,10.0,2.0,1.0,,,,,,10.0,3.0,3.0,8.0,,2.0,,,3.0,,,10.0,2.0,7.0,8.0,,8.0,,,,,9.0,1.0,10.0,1.0,9.0,,,9.0,1.0,6,10.0,10,1
2010-08-23,80517,,11,3,6020.0,14528210,CRRB,CARROLLTON BANCORP,CRRB,551111.0,Q,A,R,13085,3,6020.0,,,,60.0,602.0,,,,,,,4.95,0.03125,2573.0,1.0,5.3999,12736.35,CRRB,10.0,,,,,1,10.0,1.0,8.0,,,,,10.0,2.0,1.0,,,,,,10.0,3.0,3.0,8.0,,2.0,,,3.0,,,10.0,2.0,7.0,8.0,,8.0,,,,,9.0,1.0,10.0,1.0,9.0,,,9.0,1.0,6,10.0,10,1
2010-08-24,80517,,11,3,6020.0,14528210,CRRB,CARROLLTON BANCORP,CRRB,551111.0,Q,A,R,13085,3,6020.0,,,,60.0,602.0,,,,,,,4.41,-0.109091,2573.0,1.0,4.8501,11346.93,CRRB,10.0,,,,,1,10.0,1.0,8.0,,,,,10.0,2.0,1.0,,,,,,10.0,3.0,3.0,8.0,,2.0,,,3.0,,,10.0,2.0,7.0,8.0,,8.0,,,,,9.0,1.0,10.0,1.0,9.0,,,9.0,1.0,6,10.0,10,1
2010-08-25,80517,,11,3,6020.0,14528210,CRRB,CARROLLTON BANCORP,CRRB,551111.0,Q,A,R,13085,3,6020.0,,,,60.0,602.0,,,,,,,-5.08,0.151927,2573.0,1.0,,-13070.84,CRRB,10.0,,,,,1,10.0,1.0,8.0,,,,,10.0,2.0,1.0,,,,,,10.0,3.0,3.0,8.0,,2.0,,,3.0,,,10.0,2.0,7.0,8.0,,8.0,,,,,9.0,1.0,10.0,1.0,9.0,,,9.0,1.0,6,10.0,10,1
2010-08-26,80517,,11,3,6020.0,14528210,CRRB,CARROLLTON BANCORP,CRRB,551111.0,Q,A,R,13085,3,6020.0,,,,60.0,602.0,,,,,,,-4.71,-0.072835,2573.0,1.0,,-12118.83,CRRB,10.0,,,,,1,10.0,1.0,8.0,,,,,10.0,2.0,1.0,,,,,,10.0,3.0,3.0,8.0,,2.0,,,3.0,,,10.0,2.0,7.0,8.0,,8.0,,,,,9.0,1.0,10.0,1.0,9.0,,,9.0,1.0,6,10.0,10,1
2010-08-27,80517,,11,3,6020.0,14528210,CRRB,CARROLLTON BANCORP,CRRB,551111.0,Q,A,R,13085,3,6020.0,,,,60.0,602.0,,,,,,,4.44,-0.057325,2573.0,1.0,4.45,11424.12,CRRB,10.0,,,,,1,10.0,1.0,8.0,,,,,10.0,2.0,1.0,,,,,,10.0,3.0,3.0,8.0,,2.0,,,3.0,,,10.0,2.0,7.0,8.0,,8.0,,,,,9.0,1.0,10.0,1.0,9.0,,,9.0,1.0,6,10.0,10,1
2010-08-30,80517,,11,3,6020.0,14528210,CRRB,CARROLLTON BANCORP,CRRB,551111.0,Q,A,R,13085,3,6020.0,,,,60.0,602.0,,,,,,,4.8,0.081081,2573.0,1.0,4.45,12350.4,CRRB,10.0,,,,,1,10.0,1.0,8.0,,,,,10.0,2.0,1.0,,,,,,10.0,3.0,3.0,8.0,,2.0,,,3.0,,,10.0,2.0,7.0,8.0,,8.0,,,,,9.0,1.0,10.0,1.0,9.0,,,9.0,1.0,6,10.0,10,1
2010-08-31,80517,,11,3,6020.0,14528210,CRRB,CARROLLTON BANCORP,CRRB,551111.0,Q,A,R,13085,3,6020.0,,,,60.0,602.0,,,,,,,4.48,-0.066667,2573.0,1.0,4.45,11527.04,CRRB,10.0,,,,,1,10.0,1.0,8.0,,,,,10.0,2.0,1.0,,,,,,10.0,3.0,3.0,8.0,,2.0,,,3.0,,,10.0,2.0,7.0,8.0,,8.0,,,,,9.0,1.0,10.0,1.0,9.0,,,9.0,1.0,6,10.0,10,1
2010-09-01,80517,,11,3,6020.0,14528210,CRRB,CARROLLTON BANCORP,CRRB,551111.0,Q,A,R,13085,3,6020.0,,,,60.0,602.0,,,,,,,5.0,0.116071,2573.0,1.0,4.53,12865.0,CRRB,10.0,,,,,1,10.0,1.0,8.0,,,,,10.0,2.0,1.0,,,,,,10.0,3.0,3.0,8.0,,2.0,,6.0,3.0,,,10.0,3.0,8.0,9.0,,8.0,,3.0,6.0,2.0,9.0,1.0,10.0,1.0,8.0,,,8.0,1.0,6,10.0,10,1
2010-09-02,80517,,11,3,6020.0,14528210,CRRB,CARROLLTON BANCORP,CRRB,551111.0,Q,A,R,13085,3,6020.0,,,,60.0,602.0,,,,,,,4.715,-0.057,2573.0,1.0,5.25,12131.695,CRRB,10.0,,,,,1,10.0,1.0,8.0,,,,,10.0,2.0,1.0,,,,,,10.0,3.0,3.0,8.0,,2.0,,6.0,3.0,,,10.0,3.0,8.0,9.0,,8.0,,3.0,6.0,2.0,9.0,1.0,10.0,1.0,8.0,,,8.0,1.0,6,10.0,10,1
2010-09-03,80517,,11,3,6020.0,14528210,CRRB,CARROLLTON BANCORP,CRRB,551111.0,Q,A,R,13085,3,6020.0,,,,60.0,602.0,,,,,,,5.0,0.060445,2573.0,1.0,5.25,12865.0,CRRB,10.0,,,,,1,10.0,1.0,8.0,,,,,10.0,2.0,1.0,,,,,,10.0,3.0,3.0,8.0,,2.0,,6.0,3.0,,,10.0,3.0,8.0,9.0,,8.0,,3.0,6.0,2.0,9.0,1.0,10.0,1.0,8.0,,,8.0,1.0,6,10.0,10,1
2010-09-07,80517,,11,3,6020.0,14528210,CRRB,CARROLLTON BANCORP,CRRB,551111.0,Q,A,R,13085,3,6020.0,,,,60.0,602.0,,,,,,,5.0,0.0,2573.0,1.0,5.0,12865.0,CRRB,10.0,,,,,1,10.0,1.0,8.0,,,,,10.0,2.0,1.0,,,,,,10.0,3.0,3.0,8.0,,2.0,,6.0,3.0,,,10.0,3.0,8.0,9.0,,8.0,,3.0,6.0,2.0,9.0,1.0,10.0,1.0,8.0,,,8.0,1.0,6,10.0,10,1
2010-09-08,80517,,11,3,6020.0,14528210,CRRB,CARROLLTON BANCORP,CRRB,551111.0,Q,A,R,13085,3,6020.0,,,,60.0,602.0,,,,,,,4.95,-0.01,2573.0,1.0,5.0,12736.35,CRRB,10.0,,,,,1,10.0,1.0,8.0,,,,,10.0,2.0,1.0,,,,,,10.0,3.0,3.0,8.0,,2.0,,6.0,3.0,,,10.0,3.0,8.0,9.0,,8.0,,3.0,6.0,2.0,9.0,1.0,10.0,1.0,8.0,,,8.0,1.0,6,10.0,10,1
2010-09-09,80517,,11,3,6020.0,14528210,CRRB,CARROLLTON BANCORP,CRRB,551111.0,Q,A,R,13085,3,6020.0,,,,60.0,602.0,,,,,,,5.04,0.018182,2573.0,1.0,4.96,12967.92,CRRB,10.0,,,,,1,10.0,1.0,8.0,,,,,10.0,2.0,1.0,,,,,,10.0,3.0,3.0,8.0,,2.0,,6.0,3.0,,,10.0,3.0,8.0,9.0,,8.0,,3.0,6.0,2.0,9.0,1.0,10.0,1.0,8.0,,,8.0,1.0,6,10.0,10,1
2010-09-10,80517,,11,3,6020.0,14528210,CRRB,CARROLLTON BANCORP,CRRB,551111.0,Q,A,R,13085,3,6020.0,,,,60.0,602.0,,,,,,,-5.12,0.015873,2573.0,1.0,,-13173.76,CRRB,10.0,,,,,1,10.0,1.0,8.0,,,,,10.0,2.0,1.0,,,,,,10.0,3.0,3.0,8.0,,2.0,,6.0,3.0,,,10.0,3.0,8.0,9.0,,8.0,,3.0,6.0,2.0,9.0,1.0,10.0,1.0,8.0,,,8.0,1.0,6,10.0,10,1
2010-09-13,80517,,11,3,6020.0,14528210,CRRB,CARROLLTON BANCORP,CRRB,551111.0,Q,A,R,13085,3,6020.0,,,,60.0,602.0,,,,,,,5.06,-0.011719,2573.0,1.0,5.015,13019.38,CRRB,10.0,,,,,1,10.0,1.0,8.0,,,,,10.0,2.0,1.0,,,,,,10.0,3.0,3.0,8.0,,2.0,,6.0,3.0,,,10.0,3.0,8.0,9.0,,8.0,,3.0,6.0,2.0,9.0,1.0,10.0,1.0,8.0,,,8.0,1.0,6,10.0,10,1
2010-09-14,80517,,11,3,6020.0,14528210,CRRB,CARROLLTON BANCORP,CRRB,551111.0,Q,A,R,13085,3,6020.0,,,,60.0,602.0,,,,,,,5.17,0.021739,2573.0,1.0,5.17,13302.41,CRRB,10.0,,,,,1,10.0,1.0,8.0,,,,,10.0,2.0,1.0,,,,,,10.0,3.0,3.0,8.0,,2.0,,6.0,3.0,,,10.0,3.0,8.0,9.0,,8.0,,3.0,6.0,2.0,9.0,1.0,10.0,1.0,8.0,,,8.0,1.0,6,10.0,10,1
2010-09-15,80517,,11,3,6020.0,14528210,CRRB,CARROLLTON BANCORP,CRRB,551111.0,Q,A,R,13085,3,6020.0,,,,60.0,602.0,,,,,,,5.04,-0.025145,2573.0,1.0,5.17,12967.92,CRRB,10.0,,,,,1,10.0,1.0,8.0,,,,,10.0,2.0,1.0,,,,,,10.0,3.0,3.0,8.0,,2.0,,6.0,3.0,,,10.0,3.0,8.0,9.0,,8.0,,3.0,6.0,2.0,9.0,1.0,10.0,1.0,8.0,,,8.0,1.0,6,10.0,10,1
2010-09-16,80517,,11,3,6020.0,14528210,CRRB,CARROLLTON BANCORP,CRRB,551111.0,Q,A,R,13085,3,6020.0,,,,60.0,602.0,,,,,,,5.22,0.035714,2573.0,1.0,5.04,13431.06,CRRB,10.0,,,,,1,10.0,1.0,8.0,,,,,10.0,2.0,1.0,,,,,,10.0,3.0,3.0,8.0,,2.0,,6.0,3.0,,,10.0,3.0,8.0,9.0,,8.0,,3.0,6.0,2.0,9.0,1.0,10.0,1.0,8.0,,,8.0,1.0,6,10.0,10,1
2010-09-17,80517,,11,3,6020.0,14528210,CRRB,CARROLLTON BANCORP,CRRB,551111.0,Q,A,R,13085,3,6020.0,,,,60.0,602.0,,,,,,,5.2499,0.005728,2573.0,1.0,5.2499,13507.9927,CRRB,10.0,,,,,1,10.0,1.0,8.0,,,,,10.0,2.0,1.0,,,,,,10.0,3.0,3.0,8.0,,2.0,,6.0,3.0,,,10.0,3.0,8.0,9.0,,8.0,,3.0,6.0,2.0,9.0,1.0,10.0,1.0,8.0,,,8.0,1.0,6,10.0,10,1
2010-09-20,80517,,11,3,6020.0,14528210,CRRB,CARROLLTON BANCORP,CRRB,551111.0,Q,A,R,13085,3,6020.0,,,,60.0,602.0,,,,,,,-5.15,-0.019029,2573.0,1.0,,-13250.95,CRRB,10.0,,,,,1,10.0,1.0,8.0,,,,,10.0,2.0,1.0,,,,,,10.0,3.0,3.0,8.0,,2.0,,6.0,3.0,,,10.0,3.0,8.0,9.0,,8.0,,3.0,6.0,2.0,9.0,1.0,10.0,1.0,8.0,,,8.0,1.0,6,10.0,10,1
2010-09-21,80517,,11,3,6020.0,14528210,CRRB,CARROLLTON BANCORP,CRRB,551111.0,Q,A,R,13085,3,6020.0,,,,60.0,602.0,,,,,,,-5.125,-0.004854,2573.0,1.0,,-13186.625,CRRB,10.0,,,,,1,10.0,1.0,8.0,,,,,10.0,2.0,1.0,,,,,,10.0,3.0,3.0,8.0,,2.0,,6.0,3.0,,,10.0,3.0,8.0,9.0,,8.0,,3.0,6.0,2.0,9.0,1.0,10.0,1.0,8.0,,,8.0,1.0,6,10.0,10,1
2010-09-22,80517,,11,3,6020.0,14528210,CRRB,CARROLLTON BANCORP,CRRB,551111.0,Q,A,R,13085,3,6020.0,,,,60.0,602.0,,,,,,,-5.245,0.023415,2573.0,1.0,,-13495.385,CRRB,10.0,,,,,1,10.0,1.0,8.0,,,,,10.0,2.0,1.0,,,,,,10.0,3.0,3.0,8.0,,2.0,,6.0,3.0,,,10.0,3.0,8.0,9.0,,8.0,,3.0,6.0,2.0,9.0,1.0,10.0,1.0,8.0,,,8.0,1.0,6,10.0,10,1
2010-09-23,80517,,11,3,6020.0,14528210,CRRB,CARROLLTON BANCORP,CRRB,551111.0,Q,A,R,13085,3,6020.0,,,,60.0,602.0,,,,,,,-5.29,0.00858,2573.0,1.0,,-13611.17,CRRB,10.0,,,,,1,10.0,1.0,8.0,,,,,10.0,2.0,1.0,,,,,,10.0,3.0,3.0,8.0,,2.0,,6.0,3.0,,,10.0,3.0,8.0,9.0,,8.0,,3.0,6.0,2.0,9.0,1.0,10.0,1.0,8.0,,,8.0,1.0,6,10.0,10,1
2010-09-24,80517,,11,3,6020.0,14528210,CRRB,CARROLLTON BANCORP,CRRB,551111.0,Q,A,R,13085,3,6020.0,,,,60.0,602.0,,,,,,,-5.27,-0.003781,2573.0,1.0,,-13559.71,CRRB,10.0,,,,,1,10.0,1.0,8.0,,,,,10.0,2.0,1.0,,,,,,10.0,3.0,3.0,8.0,,2.0,,6.0,3.0,,,10.0,3.0,8.0,9.0,,8.0,,3.0,6.0,2.0,9.0,1.0,10.0,1.0,8.0,,,8.0,1.0,6,10.0,10,1
2010-09-27,80517,,11,3,6020.0,14528210,CRRB,CARROLLTON BANCORP,CRRB,551111.0,Q,A,R,13085,3,6020.0,,,,60.0,602.0,,,,,,,5.1,-0.032258,2573.0,1.0,5.11,13122.3,CRRB,10.0,,,,,1,10.0,1.0,8.0,,,,,10.0,2.0,1.0,,,,,,10.0,3.0,3.0,8.0,,2.0,,6.0,3.0,,,10.0,3.0,8.0,9.0,,8.0,,3.0,6.0,2.0,9.0,1.0,10.0,1.0,8.0,,,8.0,1.0,6,10.0,10,1
2010-09-28,80517,,11,3,6020.0,14528210,CRRB,CARROLLTON BANCORP,CRRB,551111.0,Q,A,R,13085,3,6020.0,,,,60.0,602.0,,,,,,,-5.27,0.033333,2573.0,1.0,,-13559.71,CRRB,10.0,,,,,1,10.0,1.0,8.0,,,,,10.0,2.0,1.0,,,,,,10.0,3.0,3.0,8.0,,2.0,,6.0,3.0,,,10.0,3.0,8.0,9.0,,8.0,,3.0,6.0,2.0,9.0,1.0,10.0,1.0,8.0,,,8.0,1.0,6,10.0,10,1
2010-09-29,80517,,11,3,6020.0,14528210,CRRB,CARROLLTON BANCORP,CRRB,551111.0,Q,A,R,13085,3,6020.0,,,,60.0,602.0,,,,,,,-5.27,0.0,2573.0,1.0,,-13559.71,CRRB,10.0,,,,,1,10.0,1.0,8.0,,,,,10.0,2.0,1.0,,,,,,10.0,3.0,3.0,8.0,,2.0,,6.0,3.0,,,10.0,3.0,8.0,9.0,,8.0,,3.0,6.0,2.0,9.0,1.0,10.0,1.0,8.0,,,8.0,1.0,6,10.0,10,1
2010-09-30,80517,,11,3,6020.0,14528210,CRRB,CARROLLTON BANCORP,CRRB,551111.0,Q,A,R,13085,3,6020.0,,,,60.0,602.0,,,,,,,5.1,-0.032258,2573.0,1.0,5.1,13122.3,CRRB,10.0,,,,,1,10.0,1.0,8.0,,,,,10.0,2.0,1.0,,,,,,10.0,3.0,3.0,8.0,,2.0,,6.0,3.0,,,10.0,3.0,8.0,9.0,,8.0,,3.0,6.0,2.0,9.0,1.0,10.0,1.0,8.0,,,8.0,1.0,6,10.0,10,1
2010-10-01,80517,,11,3,6020.0,14528210,CRRB,CARROLLTON BANCORP,CRRB,551111.0,Q,A,R,13085,3,6020.0,,,,60.0,602.0,,,,,,,5.4,0.058824,2573.0,1.0,5.2,13894.2,CRRB,10.0,,,,,1,10.0,1.0,8.0,,,,,10.0,2.0,1.0,,,,,,10.0,3.0,3.0,8.0,,2.0,,1.0,1.0,,,10.0,3.0,10.0,9.0,,8.0,,3.0,5.0,2.0,4.0,1.0,10.0,9.0,2.0,,,9.0,1.0,6,10.0,10,1
2010-10-04,80517,,11,3,6020.0,14528210,CRRB,CARROLLTON BANCORP,CRRB,551111.0,Q,A,R,13085,3,6020.0,,,,60.0,602.0,,,,,,,-5.305,-0.017593,2573.0,1.0,,-13649.765,CRRB,10.0,,,,,1,10.0,1.0,8.0,,,,,10.0,2.0,1.0,,,,,,10.0,3.0,3.0,8.0,,2.0,,1.0,1.0,,,10.0,3.0,10.0,9.0,,8.0,,3.0,5.0,2.0,4.0,1.0,10.0,9.0,2.0,,,9.0,1.0,6,10.0,10,1
2010-10-05,80517,,11,3,6020.0,14528210,CRRB,CARROLLTON BANCORP,CRRB,551111.0,Q,A,R,13085,3,6020.0,,,,60.0,602.0,,,,,,,-5.305,0.0,2573.0,1.0,,-13649.765,CRRB,10.0,,,,,1,10.0,1.0,8.0,,,,,10.0,2.0,1.0,,,,,,10.0,3.0,3.0,8.0,,2.0,,1.0,1.0,,,10.0,3.0,10.0,9.0,,8.0,,3.0,5.0,2.0,4.0,1.0,10.0,9.0,2.0,,,9.0,1.0,6,10.0,10,1
2010-10-06,80517,,11,3,6020.0,14528210,CRRB,CARROLLTON BANCORP,CRRB,551111.0,Q,A,R,13085,3,6020.0,,,,60.0,602.0,,,,,,,5.1,-0.038643,2573.0,1.0,5.1,13122.3,CRRB,10.0,,,,,1,10.0,1.0,8.0,,,,,10.0,2.0,1.0,,,,,,10.0,3.0,3.0,8.0,,2.0,,1.0,1.0,,,10.0,3.0,10.0,9.0,,8.0,,3.0,5.0,2.0,4.0,1.0,10.0,9.0,2.0,,,9.0,1.0,6,10.0,10,1
2010-10-07,80517,,11,3,6020.0,14528210,CRRB,CARROLLTON BANCORP,CRRB,551111.0,Q,A,R,13085,3,6020.0,,,,60.0,602.0,,,,,,,5.4,0.058824,2573.0,1.0,5.4,13894.2,CRRB,10.0,,,,,1,10.0,1.0,8.0,,,,,10.0,2.0,1.0,,,,,,10.0,3.0,3.0,8.0,,2.0,,1.0,1.0,,,10.0,3.0,10.0,9.0,,8.0,,3.0,5.0,2.0,4.0,1.0,10.0,9.0,2.0,,,9.0,1.0,6,10.0,10,1
2010-10-08,80517,,11,3,6020.0,14528210,CRRB,CARROLLTON BANCORP,CRRB,551111.0,Q,A,R,13085,3,6020.0,,,,60.0,602.0,,,,,,,5.4,0.0,2573.0,1.0,5.4,13894.2,CRRB,10.0,,,,,1,10.0,1.0,8.0,,,,,10.0,2.0,1.0,,,,,,10.0,3.0,3.0,8.0,,2.0,,1.0,1.0,,,10.0,3.0,10.0,9.0,,8.0,,3.0,5.0,2.0,4.0,1.0,10.0,9.0,2.0,,,9.0,1.0,6,10.0,10,1
2010-10-11,80517,,11,3,6020.0,14528210,CRRB,CARROLLTON BANCORP,CRRB,551111.0,Q,A,R,13085,3,6020.0,,,,60.0,602.0,,,,,,,5.37,-0.005556,2573.0,1.0,5.41,13817.01,CRRB,10.0,,,,,1,10.0,1.0,8.0,,,,,10.0,2.0,1.0,,,,,,10.0,3.0,3.0,8.0,,2.0,,1.0,1.0,,,10.0,3.0,10.0,9.0,,8.0,,3.0,5.0,2.0,4.0,1.0,10.0,9.0,2.0,,,9.0,1.0,6,10.0,10,1
2010-10-12,80517,,11,3,6020.0,14528210,CRRB,CARROLLTON BANCORP,CRRB,551111.0,Q,A,R,13085,3,6020.0,,,,60.0,602.0,,,,,,,-5.31,-0.011173,2573.0,1.0,,-13662.63,CRRB,10.0,,,,,1,10.0,1.0,8.0,,,,,10.0,2.0,1.0,,,,,,10.0,3.0,3.0,8.0,,2.0,,1.0,1.0,,,10.0,3.0,10.0,9.0,,8.0,,3.0,5.0,2.0,4.0,1.0,10.0,9.0,2.0,,,9.0,1.0,6,10.0,10,1
2010-10-13,80517,,11,3,6020.0,14528210,CRRB,CARROLLTON BANCORP,CRRB,551111.0,Q,A,R,13085,3,6020.0,,,,60.0,602.0,,,,,,,-5.43,0.022599,2573.0,1.0,,-13971.39,CRRB,10.0,,,,,1,10.0,1.0,8.0,,,,,10.0,2.0,1.0,,,,,,10.0,3.0,3.0,8.0,,2.0,,1.0,1.0,,,10.0,3.0,10.0,9.0,,8.0,,3.0,5.0,2.0,4.0,1.0,10.0,9.0,2.0,,,9.0,1.0,6,10.0,10,1
2010-10-14,80517,,11,3,6020.0,14528210,CRRB,CARROLLTON BANCORP,CRRB,551111.0,Q,A,R,13085,3,6020.0,,,,60.0,602.0,,,,,,,5.2,-0.042357,2573.0,1.0,5.36,13379.6,CRRB,10.0,,,,,1,10.0,1.0,8.0,,,,,10.0,2.0,1.0,,,,,,10.0,3.0,3.0,8.0,,2.0,,1.0,1.0,,,10.0,3.0,10.0,9.0,,8.0,,3.0,5.0,2.0,4.0,1.0,10.0,9.0,2.0,,,9.0,1.0,6,10.0,10,1
2010-10-15,80517,,11,3,6020.0,14528210,CRRB,CARROLLTON BANCORP,CRRB,551111.0,Q,A,R,13085,3,6020.0,,,,60.0,602.0,,,,,,,5.45,0.048077,2573.0,1.0,5.3,14022.85,CRRB,10.0,,,,,1,10.0,1.0,8.0,,,,,10.0,2.0,1.0,,,,,,10.0,3.0,3.0,8.0,,2.0,,1.0,1.0,,,10.0,3.0,10.0,9.0,,8.0,,3.0,5.0,2.0,4.0,1.0,10.0,9.0,2.0,,,9.0,1.0,6,10.0,10,1
2010-10-18,80517,,11,3,6020.0,14528210,CRRB,CARROLLTON BANCORP,CRRB,551111.0,Q,A,R,13085,3,6020.0,,,,60.0,602.0,,,,,,,-5.305,-0.026605,2573.0,1.0,,-13649.765,CRRB,10.0,,,,,1,10.0,1.0,8.0,,,,,10.0,2.0,1.0,,,,,,10.0,3.0,3.0,8.0,,2.0,,1.0,1.0,,,10.0,3.0,10.0,9.0,,8.0,,3.0,5.0,2.0,4.0,1.0,10.0,9.0,2.0,,,9.0,1.0,6,10.0,10,1
2010-10-19,80517,,11,3,6020.0,14528210,CRRB,CARROLLTON BANCORP,CRRB,551111.0,Q,A,R,13085,3,6020.0,,,,60.0,602.0,,,,,,,-5.325,0.00377,2573.0,1.0,,-13701.225,CRRB,10.0,,,,,1,10.0,1.0,8.0,,,,,10.0,2.0,1.0,,,,,,10.0,3.0,3.0,8.0,,2.0,,1.0,1.0,,,10.0,3.0,10.0,9.0,,8.0,,3.0,5.0,2.0,4.0,1.0,10.0,9.0,2.0,,,9.0,1.0,6,10.0,10,1
2010-10-20,80517,,11,3,6020.0,14528210,CRRB,CARROLLTON BANCORP,CRRB,551111.0,Q,A,R,13085,3,6020.0,,,,60.0,602.0,,,,,,,-5.295,-0.005634,2573.0,1.0,,-13624.035,CRRB,10.0,,,,,1,10.0,1.0,8.0,,,,,10.0,2.0,1.0,,,,,,10.0,3.0,3.0,8.0,,2.0,,1.0,1.0,,,10.0,3.0,10.0,9.0,,8.0,,3.0,5.0,2.0,4.0,1.0,10.0,9.0,2.0,,,9.0,1.0,6,10.0,10,1
2010-10-21,80517,,11,3,6020.0,14528210,CRRB,CARROLLTON BANCORP,CRRB,551111.0,Q,A,R,13085,3,6020.0,,,,60.0,602.0,,,,,,,-5.315,0.003777,2573.0,1.0,,-13675.495,CRRB,10.0,,,,,1,10.0,1.0,8.0,,,,,10.0,2.0,1.0,,,,,,10.0,3.0,3.0,8.0,,2.0,,1.0,1.0,,,10.0,3.0,10.0,9.0,,8.0,,3.0,5.0,2.0,4.0,1.0,10.0,9.0,2.0,,,9.0,1.0,6,10.0,10,1
2010-10-22,80517,,11,3,6020.0,14528210,CRRB,CARROLLTON BANCORP,CRRB,551111.0,Q,A,R,13085,3,6020.0,,,,60.0,602.0,,,,,,,-5.365,0.009407,2573.0,1.0,,-13804.145,CRRB,10.0,,,,,1,10.0,1.0,8.0,,,,,10.0,2.0,1.0,,,,,,10.0,3.0,3.0,8.0,,2.0,,1.0,1.0,,,10.0,3.0,10.0,9.0,,8.0,,3.0,5.0,2.0,4.0,1.0,10.0,9.0,2.0,,,9.0,1.0,6,10.0,10,1
2010-10-25,80517,,11,3,6020.0,14528210,CRRB,CARROLLTON BANCORP,CRRB,551111.0,Q,A,R,13085,3,6020.0,,,,60.0,602.0,,,,,,,-5.385,0.003728,2573.0,1.0,,-13855.605,CRRB,10.0,,,,,1,10.0,1.0,8.0,,,,,10.0,2.0,1.0,,,,,,10.0,3.0,3.0,8.0,,2.0,,1.0,1.0,,,10.0,3.0,10.0,9.0,,8.0,,3.0,5.0,2.0,4.0,1.0,10.0,9.0,2.0,,,9.0,1.0,6,10.0,10,1
2010-10-26,80517,,11,3,6020.0,14528210,CRRB,CARROLLTON BANCORP,CRRB,551111.0,Q,A,R,13085,3,6020.0,,,,60.0,602.0,,,,,,,-5.385,0.0,2573.0,1.0,,-13855.605,CRRB,10.0,,,,,1,10.0,1.0,8.0,,,,,10.0,2.0,1.0,,,,,,10.0,3.0,3.0,8.0,,2.0,,1.0,1.0,,,10.0,3.0,10.0,9.0,,8.0,,3.0,5.0,2.0,4.0,1.0,10.0,9.0,2.0,,,9.0,1.0,6,10.0,10,1
2010-10-27,80517,,11,3,6020.0,14528210,CRRB,CARROLLTON BANCORP,CRRB,551111.0,Q,A,R,13085,3,6020.0,,,,60.0,602.0,,,,,,,-5.38,-0.000929,2573.0,1.0,,-13842.74,CRRB,10.0,,,,,1,10.0,1.0,8.0,,,,,10.0,2.0,1.0,,,,,,10.0,3.0,3.0,8.0,,2.0,,1.0,1.0,,,10.0,3.0,10.0,9.0,,8.0,,3.0,5.0,2.0,4.0,1.0,10.0,9.0,2.0,,,9.0,1.0,6,10.0,10,1
2010-10-28,80517,,11,3,6020.0,14528210,CRRB,CARROLLTON BANCORP,CRRB,551111.0,Q,A,R,13085,3,6020.0,,,,60.0,602.0,,,,,,,5.26,-0.022305,2573.0,1.0,5.27,13533.98,CRRB,10.0,,,,,1,10.0,1.0,8.0,,,,,10.0,2.0,1.0,,,,,,10.0,3.0,3.0,8.0,,2.0,,1.0,1.0,,,10.0,3.0,10.0,9.0,,8.0,,3.0,5.0,2.0,4.0,1.0,10.0,9.0,2.0,,,9.0,1.0,6,10.0,10,1
2010-10-29,80517,,11,3,6020.0,14528210,CRRB,CARROLLTON BANCORP,CRRB,551111.0,Q,A,R,13085,3,6020.0,,,,60.0,602.0,,,,,,,5.55,0.055133,2573.0,1.0,5.27,14280.15,CRRB,10.0,,,,,1,10.0,1.0,8.0,,,,,10.0,2.0,1.0,,,,,,10.0,3.0,3.0,8.0,,2.0,,1.0,1.0,,,10.0,3.0,10.0,9.0,,8.0,,3.0,5.0,2.0,4.0,1.0,10.0,9.0,2.0,,,9.0,1.0,6,10.0,10,1
2010-11-01,80517,,11,3,6020.0,14528210,CRRB,CARROLLTON BANCORP,CRRB,551111.0,Q,A,R,13085,3,6020.0,,,,60.0,602.0,,,,,,,-5.42,-0.023423,2573.0,1.0,,-13945.66,CRRB,10.0,,,,,1,10.0,1.0,8.0,,,,,10.0,2.0,1.0,,,,,,10.0,3.0,3.0,8.0,,2.0,,,1.0,,,10.0,3.0,9.0,9.0,,7.0,,2.0,5.0,,3.0,1.0,10.0,4.0,2.0,,,9.0,1.0,6,10.0,10,1
2010-11-02,80517,,11,3,6020.0,14528210,CRRB,CARROLLTON BANCORP,CRRB,551111.0,Q,A,R,13085,3,6020.0,,,,60.0,602.0,,,,,,,5.63,0.038745,2573.0,1.0,5.63,14485.99,CRRB,10.0,,,,,1,10.0,1.0,8.0,,,,,10.0,2.0,1.0,,,,,,10.0,3.0,3.0,8.0,,2.0,,,1.0,,,10.0,3.0,9.0,9.0,,7.0,,2.0,5.0,,3.0,1.0,10.0,4.0,2.0,,,9.0,1.0,6,10.0,10,1
2010-11-03,80517,,11,3,6020.0,14528210,CRRB,CARROLLTON BANCORP,CRRB,551111.0,Q,A,R,13085,3,6020.0,,,,60.0,602.0,,,,,,,5.4,-0.040853,2573.0,1.0,5.35,13894.2,CRRB,10.0,,,,,1,10.0,1.0,8.0,,,,,10.0,2.0,1.0,,,,,,10.0,3.0,3.0,8.0,,2.0,,,1.0,,,10.0,3.0,9.0,9.0,,7.0,,2.0,5.0,,3.0,1.0,10.0,4.0,2.0,,,9.0,1.0,6,10.0,10,1
2010-11-04,80517,,11,3,6020.0,14528210,CRRB,CARROLLTON BANCORP,CRRB,551111.0,Q,A,R,13085,3,6020.0,,,,60.0,602.0,,,,,,,5.6,0.037037,2573.0,1.0,5.32,14408.8,CRRB,10.0,,,,,1,10.0,1.0,8.0,,,,,10.0,2.0,1.0,,,,,,10.0,3.0,3.0,8.0,,2.0,,,1.0,,,10.0,3.0,9.0,9.0,,7.0,,2.0,5.0,,3.0,1.0,10.0,4.0,2.0,,,9.0,1.0,6,10.0,10,1
2010-11-05,80517,,11,3,6020.0,14528210,CRRB,CARROLLTON BANCORP,CRRB,551111.0,Q,A,R,13085,3,6020.0,,,,60.0,602.0,,,,,,,-5.66,0.010714,2573.0,1.0,,-14563.18,CRRB,10.0,,,,,1,10.0,1.0,8.0,,,,,10.0,2.0,1.0,,,,,,10.0,3.0,3.0,8.0,,2.0,,,1.0,,,10.0,3.0,9.0,9.0,,7.0,,2.0,5.0,,3.0,1.0,10.0,4.0,2.0,,,9.0,1.0,6,10.0,10,1
2010-11-08,80517,,11,3,6020.0,14528210,CRRB,CARROLLTON BANCORP,CRRB,551111.0,Q,A,R,13085,3,6020.0,,,,60.0,602.0,,,,,,,-5.63,-0.0053,2573.0,1.0,,-14485.99,CRRB,10.0,,,,,1,10.0,1.0,8.0,,,,,10.0,2.0,1.0,,,,,,10.0,3.0,3.0,8.0,,2.0,,,1.0,,,10.0,3.0,9.0,9.0,,7.0,,2.0,5.0,,3.0,1.0,10.0,4.0,2.0,,,9.0,1.0,6,10.0,10,1
2010-11-09,80517,,11,3,6020.0,14528210,CRRB,CARROLLTON BANCORP,CRRB,551111.0,Q,A,R,13085,3,6020.0,,,,60.0,602.0,1232.0,0.02,0.0,,,,-5.65,0.007105,2573.0,1.0,,-14537.45,CRRB,10.0,,,,,1,10.0,1.0,8.0,,,,,10.0,2.0,1.0,,,,,,10.0,3.0,3.0,8.0,,2.0,,,1.0,,,10.0,3.0,9.0,9.0,,7.0,,2.0,5.0,,3.0,1.0,10.0,4.0,2.0,,,9.0,1.0,6,10.0,10,1
2010-11-10,80517,,11,3,6020.0,14528210,CRRB,CARROLLTON BANCORP,CRRB,551111.0,Q,A,R,13085,3,6020.0,,,,60.0,602.0,,,,,,,5.3499,-0.053115,2573.0,1.0,5.37,13765.2927,CRRB,10.0,,,,,1,10.0,1.0,8.0,,,,,10.0,2.0,1.0,,,,,,10.0,3.0,3.0,8.0,,2.0,,,1.0,,,10.0,3.0,9.0,9.0,,7.0,,2.0,5.0,,3.0,1.0,10.0,4.0,2.0,,,9.0,1.0,6,10.0,10,1
2010-11-11,80517,,11,3,6020.0,14528210,CRRB,CARROLLTON BANCORP,CRRB,551111.0,Q,A,R,13085,3,6020.0,,,,60.0,602.0,,,,,,,5.21,-0.02615,2573.0,1.0,5.22,13405.33,CRRB,10.0,,,,,1,10.0,1.0,8.0,,,,,10.0,2.0,1.0,,,,,,10.0,3.0,3.0,8.0,,2.0,,,1.0,,,10.0,3.0,9.0,9.0,,7.0,,2.0,5.0,,3.0,1.0,10.0,4.0,2.0,,,9.0,1.0,6,10.0,10,1
2010-11-12,80517,,11,3,6020.0,14528210,CRRB,CARROLLTON BANCORP,CRRB,551111.0,Q,A,R,13085,3,6020.0,,,,60.0,602.0,,,,,,,-5.365,0.02975,2573.0,1.0,,-13804.145,CRRB,10.0,,,,,1,10.0,1.0,8.0,,,,,10.0,2.0,1.0,,,,,,10.0,3.0,3.0,8.0,,2.0,,,1.0,,,10.0,3.0,9.0,9.0,,7.0,,2.0,5.0,,3.0,1.0,10.0,4.0,2.0,,,9.0,1.0,6,10.0,10,1
2010-11-15,80517,,11,3,6020.0,14528210,CRRB,CARROLLTON BANCORP,CRRB,551111.0,Q,A,R,13085,3,6020.0,,,,60.0,602.0,,,,,,,5.002,-0.067661,2573.0,1.0,5.13,12870.146,CRRB,10.0,,,,,1,10.0,1.0,8.0,,,,,10.0,2.0,1.0,,,,,,10.0,3.0,3.0,8.0,,2.0,,,1.0,,,10.0,3.0,9.0,9.0,,7.0,,2.0,5.0,,3.0,1.0,10.0,4.0,2.0,,,9.0,1.0,6,10.0,10,1
2010-11-16,80517,,11,3,6020.0,14528210,CRRB,CARROLLTON BANCORP,CRRB,551111.0,Q,A,R,13085,3,6020.0,,,,60.0,602.0,,,,,,,5.3299,0.065554,2573.0,1.0,5.3299,13713.8327,CRRB,10.0,,,,,1,10.0,1.0,8.0,,,,,10.0,2.0,1.0,,,,,,10.0,3.0,3.0,8.0,,2.0,,,1.0,,,10.0,3.0,9.0,9.0,,7.0,,2.0,5.0,,3.0,1.0,10.0,4.0,2.0,,,9.0,1.0,6,10.0,10,1
2010-11-17,80517,,11,3,6020.0,14528210,CRRB,CARROLLTON BANCORP,CRRB,551111.0,Q,A,R,13085,3,6020.0,,,,60.0,602.0,,,,,,,-5.165,-0.030939,2573.0,1.0,,-13289.545,CRRB,10.0,,,,,1,10.0,1.0,8.0,,,,,10.0,2.0,1.0,,,,,,10.0,3.0,3.0,8.0,,2.0,,,1.0,,,10.0,3.0,9.0,9.0,,7.0,,2.0,5.0,,3.0,1.0,10.0,4.0,2.0,,,9.0,1.0,6,10.0,10,1
2010-11-18,80517,,11,3,6020.0,14528210,CRRB,CARROLLTON BANCORP,CRRB,551111.0,Q,A,R,13085,3,6020.0,,,,60.0,602.0,,,,,,,-5.215,0.009681,2573.0,1.0,,-13418.195,CRRB,10.0,,,,,1,10.0,1.0,8.0,,,,,10.0,2.0,1.0,,,,,,10.0,3.0,3.0,8.0,,2.0,,,1.0,,,10.0,3.0,9.0,9.0,,7.0,,2.0,5.0,,3.0,1.0,10.0,4.0,2.0,,,9.0,1.0,6,10.0,10,1
2010-11-19,80517,,11,3,6020.0,14528210,CRRB,CARROLLTON BANCORP,CRRB,551111.0,Q,A,R,13085,3,6020.0,,,,60.0,602.0,,,,,,,4.95,-0.050815,2573.0,1.0,4.96,12736.35,CRRB,10.0,,,,,1,10.0,1.0,8.0,,,,,10.0,2.0,1.0,,,,,,10.0,3.0,3.0,8.0,,2.0,,,1.0,,,10.0,3.0,9.0,9.0,,7.0,,2.0,5.0,,3.0,1.0,10.0,4.0,2.0,,,9.0,1.0,6,10.0,10,1
2010-11-22,80517,,11,3,6020.0,14528210,CRRB,CARROLLTON BANCORP,CRRB,551111.0,Q,A,R,13085,3,6020.0,,,,60.0,602.0,,,,,,,-5.22,0.054546,2573.0,1.0,,-13431.06,CRRB,10.0,,,,,1,10.0,1.0,8.0,,,,,10.0,2.0,1.0,,,,,,10.0,3.0,3.0,8.0,,2.0,,,1.0,,,10.0,3.0,9.0,9.0,,7.0,,2.0,5.0,,3.0,1.0,10.0,4.0,2.0,,,9.0,1.0,6,10.0,10,1
2010-11-23,80517,,11,3,6020.0,14528210,CRRB,CARROLLTON BANCORP,CRRB,551111.0,Q,A,R,13085,3,6020.0,,,,60.0,602.0,,,,,,,-5.12,-0.019157,2573.0,1.0,,-13173.76,CRRB,10.0,,,,,1,10.0,1.0,8.0,,,,,10.0,2.0,1.0,,,,,,10.0,3.0,3.0,8.0,,2.0,,,1.0,,,10.0,3.0,9.0,9.0,,7.0,,2.0,5.0,,3.0,1.0,10.0,4.0,2.0,,,9.0,1.0,6,10.0,10,1
2010-11-24,80517,,11,3,6020.0,14528210,CRRB,CARROLLTON BANCORP,CRRB,551111.0,Q,A,R,13085,3,6020.0,,,,60.0,602.0,,,,,,,4.04,-0.210937,2573.0,1.0,4.96,10394.92,CRRB,10.0,,,,,1,10.0,1.0,8.0,,,,,10.0,2.0,1.0,,,,,,10.0,3.0,3.0,8.0,,2.0,,,1.0,,,10.0,3.0,9.0,9.0,,7.0,,2.0,5.0,,3.0,1.0,10.0,4.0,2.0,,,9.0,1.0,6,10.0,10,1
2010-11-26,80517,,11,3,6020.0,14528210,CRRB,CARROLLTON BANCORP,CRRB,551111.0,Q,A,R,13085,3,6020.0,,,,60.0,602.0,,,,,,,4.9,0.212871,2573.0,1.0,5.4,12607.7,CRRB,10.0,,,,,1,10.0,1.0,8.0,,,,,10.0,2.0,1.0,,,,,,10.0,3.0,3.0,8.0,,2.0,,,1.0,,,10.0,3.0,9.0,9.0,,7.0,,2.0,5.0,,3.0,1.0,10.0,4.0,2.0,,,9.0,1.0,6,10.0,10,1
2010-11-29,80517,,11,3,6020.0,14528210,CRRB,CARROLLTON BANCORP,CRRB,551111.0,Q,A,R,13085,3,6020.0,,,,60.0,602.0,,,,,,,4.609,-0.059388,2573.0,1.0,4.48,11858.957,CRRB,10.0,,,,,1,10.0,1.0,8.0,,,,,10.0,2.0,1.0,,,,,,10.0,3.0,3.0,8.0,,2.0,,,1.0,,,10.0,3.0,9.0,9.0,,7.0,,2.0,5.0,,3.0,1.0,10.0,4.0,2.0,,,9.0,1.0,6,10.0,10,1
2010-11-30,80517,,11,3,6020.0,14528210,CRRB,CARROLLTON BANCORP,CRRB,551111.0,Q,A,R,13085,3,6020.0,,,,60.0,602.0,,,,,,,-4.605,-0.000868,2573.0,1.0,,-11848.665,CRRB,10.0,,,,,1,10.0,1.0,8.0,,,,,10.0,2.0,1.0,,,,,,10.0,3.0,3.0,8.0,,2.0,,,1.0,,,10.0,3.0,9.0,9.0,,7.0,,2.0,5.0,,3.0,1.0,10.0,4.0,2.0,,,9.0,1.0,6,10.0,10,1
2010-12-01,80517,,11,3,6020.0,14528210,CRRB,CARROLLTON BANCORP,CRRB,551111.0,Q,A,R,13085,3,6020.0,,,,60.0,602.0,,,,,,,-4.735,0.02823,2573.0,1.0,,-12183.155,CRRB,10.0,,,,,1,10.0,1.0,8.0,,,,,10.0,2.0,1.0,,,,,,10.0,3.0,3.0,8.0,,2.0,,,1.0,,,10.0,5.0,7.0,9.0,,7.0,,3.0,4.0,2.0,10.0,1.0,10.0,1.0,10.0,,,9.0,1.0,6,10.0,10,1
2010-12-02,80517,,11,3,6020.0,14528210,CRRB,CARROLLTON BANCORP,CRRB,551111.0,Q,A,R,13085,3,6020.0,,,,60.0,602.0,,,,,,,5.05,0.066526,2573.0,1.0,5.04,12993.65,CRRB,10.0,,,,,1,10.0,1.0,8.0,,,,,10.0,2.0,1.0,,,,,,10.0,3.0,3.0,8.0,,2.0,,,1.0,,,10.0,5.0,7.0,9.0,,7.0,,3.0,4.0,2.0,10.0,1.0,10.0,1.0,10.0,,,9.0,1.0,6,10.0,10,1
2010-12-03,80517,,11,3,6020.0,14528210,CRRB,CARROLLTON BANCORP,CRRB,551111.0,Q,A,R,13085,3,6020.0,,,,60.0,602.0,,,,,,,4.66,-0.077228,2573.0,1.0,5.05,11990.18,CRRB,10.0,,,,,1,10.0,1.0,8.0,,,,,10.0,2.0,1.0,,,,,,10.0,3.0,3.0,8.0,,2.0,,,1.0,,,10.0,5.0,7.0,9.0,,7.0,,3.0,4.0,2.0,10.0,1.0,10.0,1.0,10.0,,,9.0,1.0,6,10.0,10,1
2010-12-06,80517,,11,3,6020.0,14528210,CRRB,CARROLLTON BANCORP,CRRB,551111.0,Q,A,R,13085,3,6020.0,,,,60.0,602.0,,,,,,,4.56,-0.021459,2573.0,1.0,4.51,11732.88,CRRB,10.0,,,,,1,10.0,1.0,8.0,,,,,10.0,2.0,1.0,,,,,,10.0,3.0,3.0,8.0,,2.0,,,1.0,,,10.0,5.0,7.0,9.0,,7.0,,3.0,4.0,2.0,10.0,1.0,10.0,1.0,10.0,,,9.0,1.0,6,10.0,10,1
2010-12-07,80517,,11,3,6020.0,14528210,CRRB,CARROLLTON BANCORP,CRRB,551111.0,Q,A,R,13085,3,6020.0,,,,60.0,602.0,,,,,,,4.5,-0.013158,2573.0,1.0,4.53,11578.5,CRRB,10.0,,,,,1,10.0,1.0,8.0,,,,,10.0,2.0,1.0,,,,,,10.0,3.0,3.0,8.0,,2.0,,,1.0,,,10.0,5.0,7.0,9.0,,7.0,,3.0,4.0,2.0,10.0,1.0,10.0,1.0,10.0,,,9.0,1.0,6,10.0,10,1
2010-12-08,80517,,11,3,6020.0,14528210,CRRB,CARROLLTON BANCORP,CRRB,551111.0,Q,A,R,13085,3,6020.0,,,,60.0,602.0,,,,,,,-4.69,0.042222,2573.0,1.0,,-12067.37,CRRB,10.0,,,,,1,10.0,1.0,8.0,,,,,10.0,2.0,1.0,,,,,,10.0,3.0,3.0,8.0,,2.0,,,1.0,,,10.0,5.0,7.0,9.0,,7.0,,3.0,4.0,2.0,10.0,1.0,10.0,1.0,10.0,,,9.0,1.0,6,10.0,10,1
2010-12-09,80517,,11,3,6020.0,14528210,CRRB,CARROLLTON BANCORP,CRRB,551111.0,Q,A,R,13085,3,6020.0,,,,60.0,602.0,,,,,,,-4.69,0.0,2573.0,1.0,,-12067.37,CRRB,10.0,,,,,1,10.0,1.0,8.0,,,,,10.0,2.0,1.0,,,,,,10.0,3.0,3.0,8.0,,2.0,,,1.0,,,10.0,5.0,7.0,9.0,,7.0,,3.0,4.0,2.0,10.0,1.0,10.0,1.0,10.0,,,9.0,1.0,6,10.0,10,1
2010-12-10,80517,,11,3,6020.0,14528210,CRRB,CARROLLTON BANCORP,CRRB,551111.0,Q,A,R,13085,3,6020.0,,,,60.0,602.0,,,,,,,-4.785,0.020256,2573.0,1.0,,-12311.805,CRRB,10.0,,,,,1,10.0,1.0,8.0,,,,,10.0,2.0,1.0,,,,,,10.0,3.0,3.0,8.0,,2.0,,,1.0,,,10.0,5.0,7.0,9.0,,7.0,,3.0,4.0,2.0,10.0,1.0,10.0,1.0,10.0,,,9.0,1.0,6,10.0,10,1
2010-12-13,80517,,11,3,6020.0,14528210,CRRB,CARROLLTON BANCORP,CRRB,551111.0,Q,A,R,13085,3,6020.0,,,,60.0,602.0,,,,,,,-4.72,-0.013584,2573.0,1.0,,-12144.56,CRRB,10.0,,,,,1,10.0,1.0,8.0,,,,,10.0,2.0,1.0,,,,,,10.0,3.0,3.0,8.0,,2.0,,,1.0,,,10.0,5.0,7.0,9.0,,7.0,,3.0,4.0,2.0,10.0,1.0,10.0,1.0,10.0,,,9.0,1.0,6,10.0,10,1
2010-12-14,80517,,11,3,6020.0,14528210,CRRB,CARROLLTON BANCORP,CRRB,551111.0,Q,A,R,13085,3,6020.0,,,,60.0,602.0,,,,,,,-4.725,0.001059,2573.0,1.0,,-12157.425,CRRB,10.0,,,,,1,10.0,1.0,8.0,,,,,10.0,2.0,1.0,,,,,,10.0,3.0,3.0,8.0,,2.0,,,1.0,,,10.0,5.0,7.0,9.0,,7.0,,3.0,4.0,2.0,10.0,1.0,10.0,1.0,10.0,,,9.0,1.0,6,10.0,10,1
2010-12-15,80517,,11,3,6020.0,14528210,CRRB,CARROLLTON BANCORP,CRRB,551111.0,Q,A,R,13085,3,6020.0,,,,60.0,602.0,,,,,,,-4.715,-0.002116,2573.0,1.0,,-12131.695,CRRB,10.0,,,,,1,10.0,1.0,8.0,,,,,10.0,2.0,1.0,,,,,,10.0,3.0,3.0,8.0,,2.0,,,1.0,,,10.0,5.0,7.0,9.0,,7.0,,3.0,4.0,2.0,10.0,1.0,10.0,1.0,10.0,,,9.0,1.0,6,10.0,10,1
2010-12-16,80517,,11,3,6020.0,14528210,CRRB,CARROLLTON BANCORP,CRRB,551111.0,Q,A,R,13085,3,6020.0,,,,60.0,602.0,,,,,,,-4.735,0.004242,2573.0,1.0,,-12183.155,CRRB,10.0,,,,,1,10.0,1.0,8.0,,,,,10.0,2.0,1.0,,,,,,10.0,3.0,3.0,8.0,,2.0,,,1.0,,,10.0,5.0,7.0,9.0,,7.0,,3.0,4.0,2.0,10.0,1.0,10.0,1.0,10.0,,,9.0,1.0,6,10.0,10,1
2010-12-17,80517,,11,3,6020.0,14528210,CRRB,CARROLLTON BANCORP,CRRB,551111.0,Q,A,R,13085,3,6020.0,,,,60.0,602.0,,,,,,,-4.7,-0.007392,2573.0,1.0,,-12093.1,CRRB,10.0,,,,,1,10.0,1.0,8.0,,,,,10.0,2.0,1.0,,,,,,10.0,3.0,3.0,8.0,,2.0,,,1.0,,,10.0,5.0,7.0,9.0,,7.0,,3.0,4.0,2.0,10.0,1.0,10.0,1.0,10.0,,,9.0,1.0,6,10.0,10,1
2010-12-20,80517,,11,3,6020.0,14528210,CRRB,CARROLLTON BANCORP,CRRB,551111.0,Q,A,R,13085,3,6020.0,,,,60.0,602.0,,,,,,,4.64,-0.012766,2573.0,1.0,4.81,11938.72,CRRB,10.0,,,,,1,10.0,1.0,8.0,,,,,10.0,2.0,1.0,,,,,,10.0,3.0,3.0,8.0,,2.0,,,1.0,,,10.0,5.0,7.0,9.0,,7.0,,3.0,4.0,2.0,10.0,1.0,10.0,1.0,10.0,,,9.0,1.0,6,10.0,10,1
2010-12-21,80517,,11,3,6020.0,14528210,CRRB,CARROLLTON BANCORP,CRRB,551111.0,Q,A,R,13085,3,6020.0,,,,60.0,602.0,,,,,,,4.7,0.012931,2573.0,1.0,4.65,12093.1,CRRB,10.0,,,,,1,10.0,1.0,8.0,,,,,10.0,2.0,1.0,,,,,,10.0,3.0,3.0,8.0,,2.0,,,1.0,,,10.0,5.0,7.0,9.0,,7.0,,3.0,4.0,2.0,10.0,1.0,10.0,1.0,10.0,,,9.0,1.0,6,10.0,10,1
2010-12-22,80517,,11,3,6020.0,14528210,CRRB,CARROLLTON BANCORP,CRRB,551111.0,Q,A,R,13085,3,6020.0,,,,60.0,602.0,,,,,,,-4.76,0.012766,2573.0,1.0,,-12247.48,CRRB,10.0,,,,,1,10.0,1.0,8.0,,,,,10.0,2.0,1.0,,,,,,10.0,3.0,3.0,8.0,,2.0,,,1.0,,,10.0,5.0,7.0,9.0,,7.0,,3.0,4.0,2.0,10.0,1.0,10.0,1.0,10.0,,,9.0,1.0,6,10.0,10,1
2010-12-23,80517,,11,3,6020.0,14528210,CRRB,CARROLLTON BANCORP,CRRB,551111.0,Q,A,R,13085,3,6020.0,,,,60.0,602.0,,,,,,,4.45,-0.065126,2573.0,1.0,4.64,11449.85,CRRB,10.0,,,,,1,10.0,1.0,8.0,,,,,10.0,2.0,1.0,,,,,,10.0,3.0,3.0,8.0,,2.0,,,1.0,,,10.0,5.0,7.0,9.0,,7.0,,3.0,4.0,2.0,10.0,1.0,10.0,1.0,10.0,,,9.0,1.0,6,10.0,10,1
2010-12-27,80517,,11,3,6020.0,14528210,CRRB,CARROLLTON BANCORP,CRRB,551111.0,Q,A,R,13085,3,6020.0,,,,60.0,602.0,,,,,,,4.35,-0.022472,2573.0,1.0,4.46,11192.55,CRRB,10.0,,,,,1,10.0,1.0,8.0,,,,,10.0,2.0,1.0,,,,,,10.0,3.0,3.0,8.0,,2.0,,,1.0,,,10.0,5.0,7.0,9.0,,7.0,,3.0,4.0,2.0,10.0,1.0,10.0,1.0,10.0,,,9.0,1.0,6,10.0,10,1
2010-12-28,80517,,11,3,6020.0,14528210,CRRB,CARROLLTON BANCORP,CRRB,551111.0,Q,A,R,13085,3,6020.0,,,,60.0,602.0,,,,,,,4.5,0.034483,2573.0,1.0,4.37,11578.5,CRRB,10.0,,,,,1,10.0,1.0,8.0,,,,,10.0,2.0,1.0,,,,,,10.0,3.0,3.0,8.0,,2.0,,,1.0,,,10.0,5.0,7.0,9.0,,7.0,,3.0,4.0,2.0,10.0,1.0,10.0,1.0,10.0,,,9.0,1.0,6,10.0,10,1
2010-12-29,80517,,11,3,6020.0,14528210,CRRB,CARROLLTON BANCORP,CRRB,551111.0,Q,A,R,13085,3,6020.0,,,,60.0,602.0,,,,,,,4.31,-0.042222,2573.0,1.0,4.41,11089.63,CRRB,10.0,,,,,1,10.0,1.0,8.0,,,,,10.0,2.0,1.0,,,,,,10.0,3.0,3.0,8.0,,2.0,,,1.0,,,10.0,5.0,7.0,9.0,,7.0,,3.0,4.0,2.0,10.0,1.0,10.0,1.0,10.0,,,9.0,1.0,6,10.0,10,1
2010-12-30,80517,,11,3,6020.0,14528210,CRRB,CARROLLTON BANCORP,CRRB,551111.0,Q,A,R,13085,3,6020.0,,,,60.0,602.0,,,,,,,-4.55,0.055685,2573.0,1.0,,-11707.15,CRRB,10.0,,,,,1,10.0,1.0,8.0,,,,,10.0,2.0,1.0,,,,,,10.0,3.0,3.0,8.0,,2.0,,,1.0,,,10.0,5.0,7.0,9.0,,7.0,,3.0,4.0,2.0,10.0,1.0,10.0,1.0,10.0,,,9.0,1.0,6,10.0,10,1
2010-12-31,80517,,11,3,6020.0,14528210,CRRB,CARROLLTON BANCORP,CRRB,551111.0,Q,A,R,13085,3,6020.0,,,,60.0,602.0,,,,,,,-4.79,0.052747,2573.0,1.0,,-12324.67,CRRB,10.0,,,,,1,10.0,1.0,8.0,,,,,10.0,2.0,1.0,,,,,,10.0,3.0,3.0,8.0,,2.0,,,1.0,,,10.0,5.0,7.0,9.0,,7.0,,3.0,4.0,2.0,10.0,1.0,10.0,1.0,10.0,,,9.0,1.0,6,10.0,10,1
2011-01-03,80517,,11,3,6020.0,14528210,CRRB,CARROLLTON BANCORP,CRRB,551111.0,Q,A,R,13085,3,6020.0,,,,60.0,602.0,,,,,,,-4.67,-0.025052,2573.0,1.0,,-12015.91,CRRB,10.0,,,,,1,10.0,1.0,8.0,,,,,10.0,2.0,1.0,,,,,,10.0,3.0,3.0,8.0,,2.0,,,2.0,,,10.0,3.0,10.0,9.0,,7.0,,3.0,4.0,2.0,7.0,1.0,10.0,9.0,10.0,,,8.0,1.0,6,10.0,10,1
2011-01-04,80517,,11,3,6020.0,14528210,CRRB,CARROLLTON BANCORP,CRRB,551111.0,Q,A,R,13085,3,6020.0,,,,60.0,602.0,,,,,,,-4.65,-0.004283,2573.0,1.0,,-11964.45,CRRB,10.0,,,,,1,10.0,1.0,8.0,,,,,10.0,2.0,1.0,,,,,,10.0,3.0,3.0,8.0,,2.0,,,2.0,,,10.0,3.0,10.0,9.0,,7.0,,3.0,4.0,2.0,7.0,1.0,10.0,9.0,10.0,,,8.0,1.0,6,10.0,10,1
2011-01-05,80517,,11,3,6020.0,14528210,CRRB,CARROLLTON BANCORP,CRRB,551111.0,Q,A,R,13085,3,6020.0,,,,60.0,602.0,,,,,,,4.45,-0.043011,2573.0,1.0,4.45,11449.85,CRRB,10.0,,,,,1,10.0,1.0,8.0,,,,,10.0,2.0,1.0,,,,,,10.0,3.0,3.0,8.0,,2.0,,,2.0,,,10.0,3.0,10.0,9.0,,7.0,,3.0,4.0,2.0,7.0,1.0,10.0,9.0,10.0,,,8.0,1.0,6,10.0,10,1
2011-01-06,80517,,11,3,6020.0,14528210,CRRB,CARROLLTON BANCORP,CRRB,551111.0,Q,A,R,13085,3,6020.0,,,,60.0,602.0,,,,,,,-4.72,0.060674,2573.0,1.0,,-12144.56,CRRB,10.0,,,,,1,10.0,1.0,8.0,,,,,10.0,2.0,1.0,,,,,,10.0,3.0,3.0,8.0,,2.0,,,2.0,,,10.0,3.0,10.0,9.0,,7.0,,3.0,4.0,2.0,7.0,1.0,10.0,9.0,10.0,,,8.0,1.0,6,10.0,10,1
2011-01-07,80517,,11,3,6020.0,14528210,CRRB,CARROLLTON BANCORP,CRRB,551111.0,Q,A,R,13085,3,6020.0,,,,60.0,602.0,,,,,,,-4.72,0.0,2573.0,1.0,,-12144.56,CRRB,10.0,,,,,1,10.0,1.0,8.0,,,,,10.0,2.0,1.0,,,,,,10.0,3.0,3.0,8.0,,2.0,,,2.0,,,10.0,3.0,10.0,9.0,,7.0,,3.0,4.0,2.0,7.0,1.0,10.0,9.0,10.0,,,8.0,1.0,6,10.0,10,1
2011-01-10,80517,,11,3,6020.0,14528210,CRRB,CARROLLTON BANCORP,CRRB,551111.0,Q,A,R,13085,3,6020.0,,,,60.0,602.0,,,,,,,-4.72,0.0,2573.0,1.0,,-12144.56,CRRB,10.0,,,,,1,10.0,1.0,8.0,,,,,10.0,2.0,1.0,,,,,,10.0,3.0,3.0,8.0,,2.0,,,2.0,,,10.0,3.0,10.0,9.0,,7.0,,3.0,4.0,2.0,7.0,1.0,10.0,9.0,10.0,,,8.0,1.0,6,10.0,10,1
2011-01-11,80517,,11,3,6020.0,14528210,CRRB,CARROLLTON BANCORP,CRRB,551111.0,Q,A,R,13085,3,6020.0,,,,60.0,602.0,,,,,,,-4.76,0.008475,2573.0,1.0,,-12247.48,CRRB,10.0,,,,,1,10.0,1.0,8.0,,,,,10.0,2.0,1.0,,,,,,10.0,3.0,3.0,8.0,,2.0,,,2.0,,,10.0,3.0,10.0,9.0,,7.0,,3.0,4.0,2.0,7.0,1.0,10.0,9.0,10.0,,,8.0,1.0,6,10.0,10,1
2011-01-12,80517,,11,3,6020.0,14528210,CRRB,CARROLLTON BANCORP,CRRB,551111.0,Q,A,R,13085,3,6020.0,,,,60.0,602.0,,,,,,,4.5,-0.054622,2573.0,1.0,4.46,11578.5,CRRB,10.0,,,,,1,10.0,1.0,8.0,,,,,10.0,2.0,1.0,,,,,,10.0,3.0,3.0,8.0,,2.0,,,2.0,,,10.0,3.0,10.0,9.0,,7.0,,3.0,4.0,2.0,7.0,1.0,10.0,9.0,10.0,,,8.0,1.0,6,10.0,10,1
2011-01-13,80517,,11,3,6020.0,14528210,CRRB,CARROLLTON BANCORP,CRRB,551111.0,Q,A,R,13085,3,6020.0,,,,60.0,602.0,,,,,,,-4.745,0.054444,2573.0,1.0,,-12208.885,CRRB,10.0,,,,,1,10.0,1.0,8.0,,,,,10.0,2.0,1.0,,,,,,10.0,3.0,3.0,8.0,,2.0,,,2.0,,,10.0,3.0,10.0,9.0,,7.0,,3.0,4.0,2.0,7.0,1.0,10.0,9.0,10.0,,,8.0,1.0,6,10.0,10,1
2011-01-14,80517,,11,3,6020.0,14528210,CRRB,CARROLLTON BANCORP,CRRB,551111.0,Q,A,R,13085,3,6020.0,,,,60.0,602.0,,,,,,,-4.745,0.0,2573.0,1.0,,-12208.885,CRRB,10.0,,,,,1,10.0,1.0,8.0,,,,,10.0,2.0,1.0,,,,,,10.0,3.0,3.0,8.0,,2.0,,,2.0,,,10.0,3.0,10.0,9.0,,7.0,,3.0,4.0,2.0,7.0,1.0,10.0,9.0,10.0,,,8.0,1.0,6,10.0,10,1
2011-01-18,80517,,11,3,6020.0,14528210,CRRB,CARROLLTON BANCORP,CRRB,551111.0,Q,A,R,13085,3,6020.0,,,,60.0,602.0,,,,,,,-4.745,0.0,2573.0,1.0,,-12208.885,CRRB,10.0,,,,,1,10.0,1.0,8.0,,,,,10.0,2.0,1.0,,,,,,10.0,3.0,3.0,8.0,,2.0,,,2.0,,,10.0,3.0,10.0,9.0,,7.0,,3.0,4.0,2.0,7.0,1.0,10.0,9.0,10.0,,,8.0,1.0,6,10.0,10,1
2011-01-19,80517,,11,3,6020.0,14528210,CRRB,CARROLLTON BANCORP,CRRB,551111.0,Q,A,R,13085,3,6020.0,,,,60.0,602.0,,,,,,,4.51,-0.049526,2573.0,1.0,4.7,11604.23,CRRB,10.0,,,,,1,10.0,1.0,8.0,,,,,10.0,2.0,1.0,,,,,,10.0,3.0,3.0,8.0,,2.0,,,2.0,,,10.0,3.0,10.0,9.0,,7.0,,3.0,4.0,2.0,7.0,1.0,10.0,9.0,10.0,,,8.0,1.0,6,10.0,10,1
2011-01-20,80517,,11,3,6020.0,14528210,CRRB,CARROLLTON BANCORP,CRRB,551111.0,Q,A,R,13085,3,6020.0,,,,60.0,602.0,,,,,,,4.31,-0.044346,2573.0,1.0,4.51,11089.63,CRRB,10.0,,,,,1,10.0,1.0,8.0,,,,,10.0,2.0,1.0,,,,,,10.0,3.0,3.0,8.0,,2.0,,,2.0,,,10.0,3.0,10.0,9.0,,7.0,,3.0,4.0,2.0,7.0,1.0,10.0,9.0,10.0,,,8.0,1.0,6,10.0,10,1
2011-01-21,80517,,11,3,6020.0,14528210,CRRB,CARROLLTON BANCORP,CRRB,551111.0,Q,A,R,13085,3,6020.0,,,,60.0,602.0,,,,,,,-4.65,0.078886,2573.0,1.0,,-11964.45,CRRB,10.0,,,,,1,10.0,1.0,8.0,,,,,10.0,2.0,1.0,,,,,,10.0,3.0,3.0,8.0,,2.0,,,2.0,,,10.0,3.0,10.0,9.0,,7.0,,3.0,4.0,2.0,7.0,1.0,10.0,9.0,10.0,,,8.0,1.0,6,10.0,10,1
2011-01-24,80517,,11,3,6020.0,14528210,CRRB,CARROLLTON BANCORP,CRRB,551111.0,Q,A,R,13085,3,6020.0,,,,60.0,602.0,,,,,,,4.45,-0.043011,2573.0,1.0,4.45,11449.85,CRRB,10.0,,,,,1,10.0,1.0,8.0,,,,,10.0,2.0,1.0,,,,,,10.0,3.0,3.0,8.0,,2.0,,,2.0,,,10.0,3.0,10.0,9.0,,7.0,,3.0,4.0,2.0,7.0,1.0,10.0,9.0,10.0,,,8.0,1.0,6,10.0,10,1
2011-01-25,80517,,11,3,6020.0,14528210,CRRB,CARROLLTON BANCORP,CRRB,551111.0,Q,A,R,13085,3,6020.0,,,,60.0,602.0,,,,,,,-4.775,0.073034,2573.0,1.0,,-12286.075,CRRB,10.0,,,,,1,10.0,1.0,8.0,,,,,10.0,2.0,1.0,,,,,,10.0,3.0,3.0,8.0,,2.0,,,2.0,,,10.0,3.0,10.0,9.0,,7.0,,3.0,4.0,2.0,7.0,1.0,10.0,9.0,10.0,,,8.0,1.0,6,10.0,10,1
2011-01-26,80517,,11,3,6020.0,14528210,CRRB,CARROLLTON BANCORP,CRRB,551111.0,Q,A,R,13085,3,6020.0,,,,60.0,602.0,,,,,,,-4.775,0.0,2573.0,1.0,,-12286.075,CRRB,10.0,,,,,1,10.0,1.0,8.0,,,,,10.0,2.0,1.0,,,,,,10.0,3.0,3.0,8.0,,2.0,,,2.0,,,10.0,3.0,10.0,9.0,,7.0,,3.0,4.0,2.0,7.0,1.0,10.0,9.0,10.0,,,8.0,1.0,6,10.0,10,1
2011-01-27,80517,,11,3,6020.0,14528210,CRRB,CARROLLTON BANCORP,CRRB,551111.0,Q,A,R,13085,3,6020.0,,,,60.0,602.0,,,,,,,4.75,-0.005236,2573.0,1.0,4.75,12221.75,CRRB,10.0,,,,,1,10.0,1.0,8.0,,,,,10.0,2.0,1.0,,,,,,10.0,3.0,3.0,8.0,,2.0,,,2.0,,,10.0,3.0,10.0,9.0,,7.0,,3.0,4.0,2.0,7.0,1.0,10.0,9.0,10.0,,,8.0,1.0,6,10.0,10,1
2011-01-28,80517,,11,3,6020.0,14528210,CRRB,CARROLLTON BANCORP,CRRB,551111.0,Q,A,R,13085,3,6020.0,,,,60.0,602.0,,,,,,,5.02,0.056842,2573.0,1.0,4.45,12916.46,CRRB,10.0,,,,,1,10.0,1.0,8.0,,,,,10.0,2.0,1.0,,,,,,10.0,3.0,3.0,8.0,,2.0,,,2.0,,,10.0,3.0,10.0,9.0,,7.0,,3.0,4.0,2.0,7.0,1.0,10.0,9.0,10.0,,,8.0,1.0,6,10.0,10,1
2011-01-31,80517,,11,3,6020.0,14528210,CRRB,CARROLLTON BANCORP,CRRB,551111.0,Q,A,R,13085,3,6020.0,,,,60.0,602.0,,,,,,,-4.78,-0.047809,2573.0,1.0,,-12298.94,CRRB,10.0,,,,,1,10.0,1.0,8.0,,,,,10.0,2.0,1.0,,,,,,10.0,3.0,3.0,8.0,,2.0,,,2.0,,,10.0,3.0,10.0,9.0,,7.0,,3.0,4.0,2.0,7.0,1.0,10.0,9.0,10.0,,,8.0,1.0,6,10.0,10,1
2011-02-01,80517,,11,3,6020.0,14528210,CRRB,CARROLLTON BANCORP,CRRB,551111.0,Q,A,R,13085,3,6020.0,,,,60.0,602.0,,,,,,,-5.11,0.069038,2573.0,1.0,,-13148.03,CRRB,10.0,,,,,1,10.0,1.0,8.0,,,,,10.0,2.0,1.0,,,,,,10.0,3.0,3.0,8.0,,2.0,,,2.0,,,10.0,2.0,10.0,9.0,,7.0,,3.0,4.0,2.0,6.0,1.0,10.0,10.0,7.0,,,9.0,1.0,6,10.0,10,1
2011-02-02,80517,,11,3,6020.0,14528210,CRRB,CARROLLTON BANCORP,CRRB,551111.0,Q,A,R,13085,3,6020.0,,,,60.0,602.0,,,,,,,-5.83,0.1409,2573.0,1.0,,-15000.59,CRRB,10.0,,,,,1,10.0,1.0,8.0,,,,,10.0,2.0,1.0,,,,,,10.0,3.0,3.0,8.0,,2.0,,,2.0,,,10.0,2.0,10.0,9.0,,7.0,,3.0,4.0,2.0,6.0,1.0,10.0,10.0,7.0,,,9.0,1.0,6,10.0,10,1
2011-02-03,80517,,11,3,6020.0,14528210,CRRB,CARROLLTON BANCORP,CRRB,551111.0,Q,A,R,13085,3,6020.0,,,,60.0,602.0,,,,,,,-6.225,0.067753,2573.0,1.0,,-16016.925,CRRB,10.0,,,,,1,10.0,1.0,8.0,,,,,10.0,2.0,1.0,,,,,,10.0,3.0,3.0,8.0,,2.0,,,2.0,,,10.0,2.0,10.0,9.0,,7.0,,3.0,4.0,2.0,6.0,1.0,10.0,10.0,7.0,,,9.0,1.0,6,10.0,10,1
2011-02-04,80517,,11,3,6020.0,14528210,CRRB,CARROLLTON BANCORP,CRRB,551111.0,Q,A,R,13085,3,6020.0,,,,60.0,602.0,,,,,,,-5.03,-0.191968,2573.0,1.0,,-12942.19,CRRB,10.0,,,,,1,10.0,1.0,8.0,,,,,10.0,2.0,1.0,,,,,,10.0,3.0,3.0,8.0,,2.0,,,2.0,,,10.0,2.0,10.0,9.0,,7.0,,3.0,4.0,2.0,6.0,1.0,10.0,10.0,7.0,,,9.0,1.0,6,10.0,10,1
2011-02-07,80517,,11,3,6020.0,14528210,CRRB,CARROLLTON BANCORP,CRRB,551111.0,Q,A,R,13085,3,6020.0,,,,60.0,602.0,,,,,,,4.96,-0.013916,2573.0,1.0,4.96,12762.08,CRRB,10.0,,,,,1,10.0,1.0,8.0,,,,,10.0,2.0,1.0,,,,,,10.0,3.0,3.0,8.0,,2.0,,,2.0,,,10.0,2.0,10.0,9.0,,7.0,,3.0,4.0,2.0,6.0,1.0,10.0,10.0,7.0,,,9.0,1.0,6,10.0,10,1
2011-02-08,80517,,11,3,6020.0,14528210,CRRB,CARROLLTON BANCORP,CRRB,551111.0,Q,A,R,13085,3,6020.0,,,,60.0,602.0,,,,,,,-5.1,0.028226,2573.0,1.0,,-13122.3,CRRB,10.0,,,,,1,10.0,1.0,8.0,,,,,10.0,2.0,1.0,,,,,,10.0,3.0,3.0,8.0,,2.0,,,2.0,,,10.0,2.0,10.0,9.0,,7.0,,3.0,4.0,2.0,6.0,1.0,10.0,10.0,7.0,,,9.0,1.0,6,10.0,10,1
2011-02-09,80517,,11,3,6020.0,14528210,CRRB,CARROLLTON BANCORP,CRRB,551111.0,Q,A,R,13085,3,6020.0,,,,60.0,602.0,,,,,,,4.95,-0.029412,2573.0,1.0,5.0,12736.35,CRRB,10.0,,,,,1,10.0,1.0,8.0,,,,,10.0,2.0,1.0,,,,,,10.0,3.0,3.0,8.0,,2.0,,,2.0,,,10.0,2.0,10.0,9.0,,7.0,,3.0,4.0,2.0,6.0,1.0,10.0,10.0,7.0,,,9.0,1.0,6,10.0,10,1
2011-02-10,80517,,11,3,6020.0,14528210,CRRB,CARROLLTON BANCORP,CRRB,551111.0,Q,A,R,13085,3,6020.0,,,,60.0,602.0,,,,,,,-4.725,-0.045455,2573.0,1.0,,-12157.425,CRRB,10.0,,,,,1,10.0,1.0,8.0,,,,,10.0,2.0,1.0,,,,,,10.0,3.0,3.0,8.0,,2.0,,,2.0,,,10.0,2.0,10.0,9.0,,7.0,,3.0,4.0,2.0,6.0,1.0,10.0,10.0,7.0,,,9.0,1.0,6,10.0,10,1
2011-02-11,80517,,11,3,6020.0,14528210,CRRB,CARROLLTON BANCORP,CRRB,551111.0,Q,A,R,13085,3,6020.0,,,,60.0,602.0,,,,,,,4.46,-0.056085,2573.0,1.0,4.62,11475.58,CRRB,10.0,,,,,1,10.0,1.0,8.0,,,,,10.0,2.0,1.0,,,,,,10.0,3.0,3.0,8.0,,2.0,,,2.0,,,10.0,2.0,10.0,9.0,,7.0,,3.0,4.0,2.0,6.0,1.0,10.0,10.0,7.0,,,9.0,1.0,6,10.0,10,1
2011-02-14,80517,,11,3,6020.0,14528210,CRRB,CARROLLTON BANCORP,CRRB,551111.0,Q,A,R,13085,3,6020.0,,,,60.0,602.0,,,,,,,4.61,0.033632,2573.0,1.0,4.6,11861.53,CRRB,10.0,,,,,1,10.0,1.0,8.0,,,,,10.0,2.0,1.0,,,,,,10.0,3.0,3.0,8.0,,2.0,,,2.0,,,10.0,2.0,10.0,9.0,,7.0,,3.0,4.0,2.0,6.0,1.0,10.0,10.0,7.0,,,9.0,1.0,6,10.0,10,1
2011-02-15,80517,,11,3,6020.0,14528210,CRRB,CARROLLTON BANCORP,CRRB,551111.0,Q,A,R,13085,3,6020.0,,,,60.0,602.0,,,,,,,-4.725,0.024946,2573.0,1.0,,-12157.425,CRRB,10.0,,,,,1,10.0,1.0,8.0,,,,,10.0,2.0,1.0,,,,,,10.0,3.0,3.0,8.0,,2.0,,,2.0,,,10.0,2.0,10.0,9.0,,7.0,,3.0,4.0,2.0,6.0,1.0,10.0,10.0,7.0,,,9.0,1.0,6,10.0,10,1
2011-02-16,80517,,11,3,6020.0,14528210,CRRB,CARROLLTON BANCORP,CRRB,551111.0,Q,A,R,13085,3,6020.0,,,,60.0,602.0,,,,,,,4.4,-0.068783,2573.0,1.0,4.48,11321.2,CRRB,10.0,,,,,1,10.0,1.0,8.0,,,,,10.0,2.0,1.0,,,,,,10.0,3.0,3.0,8.0,,2.0,,,2.0,,,10.0,2.0,10.0,9.0,,7.0,,3.0,4.0,2.0,6.0,1.0,10.0,10.0,7.0,,,9.0,1.0,6,10.0,10,1
2011-02-17,80517,,11,3,6020.0,14528210,CRRB,CARROLLTON BANCORP,CRRB,551111.0,Q,A,R,13085,3,6020.0,,,,60.0,602.0,,,,,,,4.4,0.0,2573.0,1.0,4.4,11321.2,CRRB,10.0,,,,,1,10.0,1.0,8.0,,,,,10.0,2.0,1.0,,,,,,10.0,3.0,3.0,8.0,,2.0,,,2.0,,,10.0,2.0,10.0,9.0,,7.0,,3.0,4.0,2.0,6.0,1.0,10.0,10.0,7.0,,,9.0,1.0,6,10.0,10,1
2011-02-18,80517,,11,3,6020.0,14528210,CRRB,CARROLLTON BANCORP,CRRB,551111.0,Q,A,R,13085,3,6020.0,,,,60.0,602.0,,,,,,,-4.715,0.071591,2573.0,1.0,,-12131.695,CRRB,10.0,,,,,1,10.0,1.0,8.0,,,,,10.0,2.0,1.0,,,,,,10.0,3.0,3.0,8.0,,2.0,,,2.0,,,10.0,2.0,10.0,9.0,,7.0,,3.0,4.0,2.0,6.0,1.0,10.0,10.0,7.0,,,9.0,1.0,6,10.0,10,1
2011-02-22,80517,,11,3,6020.0,14528210,CRRB,CARROLLTON BANCORP,CRRB,551111.0,Q,A,R,13085,3,6020.0,,,,60.0,602.0,,,,,,,4.43,-0.060445,2573.0,1.0,4.43,11398.39,CRRB,10.0,,,,,1,10.0,1.0,8.0,,,,,10.0,2.0,1.0,,,,,,10.0,3.0,3.0,8.0,,2.0,,,2.0,,,10.0,2.0,10.0,9.0,,7.0,,3.0,4.0,2.0,6.0,1.0,10.0,10.0,7.0,,,9.0,1.0,6,10.0,10,1
2011-02-23,80517,,11,3,6020.0,14528210,CRRB,CARROLLTON BANCORP,CRRB,551111.0,Q,A,R,13085,3,6020.0,,,,60.0,602.0,,,,,,,-4.715,0.064334,2573.0,1.0,,-12131.695,CRRB,10.0,,,,,1,10.0,1.0,8.0,,,,,10.0,2.0,1.0,,,,,,10.0,3.0,3.0,8.0,,2.0,,,2.0,,,10.0,2.0,10.0,9.0,,7.0,,3.0,4.0,2.0,6.0,1.0,10.0,10.0,7.0,,,9.0,1.0,6,10.0,10,1
2011-02-24,80517,,11,3,6020.0,14528210,CRRB,CARROLLTON BANCORP,CRRB,551111.0,Q,A,R,13085,3,6020.0,,,,60.0,602.0,,,,,,,4.43,-0.060445,2573.0,1.0,4.43,11398.39,CRRB,10.0,,,,,1,10.0,1.0,8.0,,,,,10.0,2.0,1.0,,,,,,10.0,3.0,3.0,8.0,,2.0,,,2.0,,,10.0,2.0,10.0,9.0,,7.0,,3.0,4.0,2.0,6.0,1.0,10.0,10.0,7.0,,,9.0,1.0,6,10.0,10,1
2011-02-25,80517,,11,3,6020.0,14528210,CRRB,CARROLLTON BANCORP,CRRB,551111.0,Q,A,R,13085,3,6020.0,,,,60.0,602.0,,,,,,,-4.75,0.072235,2573.0,1.0,,-12221.75,CRRB,10.0,,,,,1,10.0,1.0,8.0,,,,,10.0,2.0,1.0,,,,,,10.0,3.0,3.0,8.0,,2.0,,,2.0,,,10.0,2.0,10.0,9.0,,7.0,,3.0,4.0,2.0,6.0,1.0,10.0,10.0,7.0,,,9.0,1.0,6,10.0,10,1
2011-02-28,80517,,11,3,6020.0,14528210,CRRB,CARROLLTON BANCORP,CRRB,551111.0,Q,A,R,13085,3,6020.0,,,,60.0,602.0,,,,,,,-4.755,0.001053,2573.0,1.0,,-12234.615,CRRB,10.0,,,,,1,10.0,1.0,8.0,,,,,10.0,2.0,1.0,,,,,,10.0,3.0,3.0,8.0,,2.0,,,2.0,,,10.0,2.0,10.0,9.0,,7.0,,3.0,4.0,2.0,6.0,1.0,10.0,10.0,7.0,,,9.0,1.0,6,10.0,10,1
2011-03-01,80517,,11,3,6020.0,14528210,CRRB,CARROLLTON BANCORP,CRRB,551111.0,Q,A,R,13085,3,6020.0,,,,60.0,602.0,,,,,,,-4.755,0.0,2573.0,1.0,,-12234.615,CRRB,10.0,,,,,1,10.0,1.0,8.0,,,,,10.0,2.0,1.0,,,,,,10.0,3.0,3.0,8.0,,2.0,,,3.0,,,10.0,1.0,10.0,9.0,,7.0,,1.0,1.0,2.0,8.0,1.0,10.0,1.0,7.0,,,9.0,1.0,6,10.0,10,1
2011-03-02,80517,,11,3,6020.0,14528210,CRRB,CARROLLTON BANCORP,CRRB,551111.0,Q,A,R,13085,3,6020.0,,,,60.0,602.0,,,,,,,-4.7,-0.011567,2573.0,1.0,,-12093.1,CRRB,10.0,,,,,1,10.0,1.0,8.0,,,,,10.0,2.0,1.0,,,,,,10.0,3.0,3.0,8.0,,2.0,,,3.0,,,10.0,1.0,10.0,9.0,,7.0,,1.0,1.0,2.0,8.0,1.0,10.0,1.0,7.0,,,9.0,1.0,6,10.0,10,1
2011-03-03,80517,,11,3,6020.0,14528210,CRRB,CARROLLTON BANCORP,CRRB,551111.0,Q,A,R,13085,3,6020.0,,,,60.0,602.0,,,,,,,4.95,0.053191,2573.0,1.0,4.44,12736.35,CRRB,10.0,,,,,1,10.0,1.0,8.0,,,,,10.0,2.0,1.0,,,,,,10.0,3.0,3.0,8.0,,2.0,,,3.0,,,10.0,1.0,10.0,9.0,,7.0,,1.0,1.0,2.0,8.0,1.0,10.0,1.0,7.0,,,9.0,1.0,6,10.0,10,1
2011-03-04,80517,,11,3,6020.0,14528210,CRRB,CARROLLTON BANCORP,CRRB,551111.0,Q,A,R,13085,3,6020.0,,,,60.0,602.0,,,,,,,4.51,-0.088889,2573.0,1.0,4.47,11604.23,CRRB,10.0,,,,,1,10.0,1.0,8.0,,,,,10.0,2.0,1.0,,,,,,10.0,3.0,3.0,8.0,,2.0,,,3.0,,,10.0,1.0,10.0,9.0,,7.0,,1.0,1.0,2.0,8.0,1.0,10.0,1.0,7.0,,,9.0,1.0,6,10.0,10,1
2011-03-07,80517,,11,3,6020.0,14528210,CRRB,CARROLLTON BANCORP,CRRB,551111.0,Q,A,R,13085,3,6020.0,,,,60.0,602.0,,,,,,,-4.76,0.055432,2573.0,1.0,,-12247.48,CRRB,10.0,,,,,1,10.0,1.0,8.0,,,,,10.0,2.0,1.0,,,,,,10.0,3.0,3.0,8.0,,2.0,,,3.0,,,10.0,1.0,10.0,9.0,,7.0,,1.0,1.0,2.0,8.0,1.0,10.0,1.0,7.0,,,9.0,1.0,6,10.0,10,1
2011-03-08,80517,,11,3,6020.0,14528210,CRRB,CARROLLTON BANCORP,CRRB,551111.0,Q,A,R,13085,3,6020.0,,,,60.0,602.0,,,,,,,4.4501,-0.065105,2573.0,1.0,4.4501,11450.1073,CRRB,10.0,,,,,1,10.0,1.0,8.0,,,,,10.0,2.0,1.0,,,,,,10.0,3.0,3.0,8.0,,2.0,,,3.0,,,10.0,1.0,10.0,9.0,,7.0,,1.0,1.0,2.0,8.0,1.0,10.0,1.0,7.0,,,9.0,1.0,6,10.0,10,1
2011-03-09,80517,,11,3,6020.0,14528210,CRRB,CARROLLTON BANCORP,CRRB,551111.0,Q,A,R,13085,3,6020.0,,,,60.0,602.0,,,,,,,4.75,0.067392,2573.0,1.0,4.6,12221.75,CRRB,10.0,,,,,1,10.0,1.0,8.0,,,,,10.0,2.0,1.0,,,,,,10.0,3.0,3.0,8.0,,2.0,,,3.0,,,10.0,1.0,10.0,9.0,,7.0,,1.0,1.0,2.0,8.0,1.0,10.0,1.0,7.0,,,9.0,1.0,6,10.0,10,1
2011-03-10,80517,,11,3,6020.0,14528210,CRRB,CARROLLTON BANCORP,CRRB,551111.0,Q,A,R,13085,3,6020.0,,,,60.0,602.0,,,,,,,-4.875,0.026316,2573.0,1.0,,-12543.375,CRRB,10.0,,,,,1,10.0,1.0,8.0,,,,,10.0,2.0,1.0,,,,,,10.0,3.0,3.0,8.0,,2.0,,,3.0,,,10.0,1.0,10.0,9.0,,7.0,,1.0,1.0,2.0,8.0,1.0,10.0,1.0,7.0,,,9.0,1.0,6,10.0,10,1
2011-03-11,80517,,11,3,6020.0,14528210,CRRB,CARROLLTON BANCORP,CRRB,551111.0,Q,A,R,13085,3,6020.0,,,,60.0,602.0,,,,,,,-4.75,-0.025641,2573.0,1.0,,-12221.75,CRRB,10.0,,,,,1,10.0,1.0,8.0,,,,,10.0,2.0,1.0,,,,,,10.0,3.0,3.0,8.0,,2.0,,,3.0,,,10.0,1.0,10.0,9.0,,7.0,,1.0,1.0,2.0,8.0,1.0,10.0,1.0,7.0,,,9.0,1.0,6,10.0,10,1
2011-03-14,80517,,11,3,6020.0,14528210,CRRB,CARROLLTON BANCORP,CRRB,551111.0,Q,A,R,13085,3,6020.0,,,,60.0,602.0,,,,,,,5.0,0.052632,2573.0,1.0,4.46,12865.0,CRRB,10.0,,,,,1,10.0,1.0,8.0,,,,,10.0,2.0,1.0,,,,,,10.0,3.0,3.0,8.0,,2.0,,,3.0,,,10.0,1.0,10.0,9.0,,7.0,,1.0,1.0,2.0,8.0,1.0,10.0,1.0,7.0,,,9.0,1.0,6,10.0,10,1
2011-03-15,80517,,11,3,6020.0,14528210,CRRB,CARROLLTON BANCORP,CRRB,551111.0,Q,A,R,13085,3,6020.0,,,,60.0,602.0,,,,,,,-4.695,-0.061,2573.0,1.0,,-12080.235,CRRB,10.0,,,,,1,10.0,1.0,8.0,,,,,10.0,2.0,1.0,,,,,,10.0,3.0,3.0,8.0,,2.0,,,3.0,,,10.0,1.0,10.0,9.0,,7.0,,1.0,1.0,2.0,8.0,1.0,10.0,1.0,7.0,,,9.0,1.0,6,10.0,10,1
2011-03-16,80517,,11,3,6020.0,14528210,CRRB,CARROLLTON BANCORP,CRRB,551111.0,Q,A,R,13085,3,6020.0,,,,60.0,602.0,,,,,,,-4.675,-0.00426,2573.0,1.0,,-12028.775,CRRB,10.0,,,,,1,10.0,1.0,8.0,,,,,10.0,2.0,1.0,,,,,,10.0,3.0,3.0,8.0,,2.0,,,3.0,,,10.0,1.0,10.0,9.0,,7.0,,1.0,1.0,2.0,8.0,1.0,10.0,1.0,7.0,,,9.0,1.0,6,10.0,10,1
2011-03-17,80517,,11,3,6020.0,14528210,CRRB,CARROLLTON BANCORP,CRRB,551111.0,Q,A,R,13085,3,6020.0,,,,60.0,602.0,,,,,,,-4.68,0.00107,2573.0,1.0,,-12041.64,CRRB,10.0,,,,,1,10.0,1.0,8.0,,,,,10.0,2.0,1.0,,,,,,10.0,3.0,3.0,8.0,,2.0,,,3.0,,,10.0,1.0,10.0,9.0,,7.0,,1.0,1.0,2.0,8.0,1.0,10.0,1.0,7.0,,,9.0,1.0,6,10.0,10,1
2011-03-18,80517,,11,3,6020.0,14528210,CRRB,CARROLLTON BANCORP,CRRB,551111.0,Q,A,R,13085,3,6020.0,,,,60.0,602.0,,,,,,,4.53,-0.032051,2573.0,1.0,4.53,11655.69,CRRB,10.0,,,,,1,10.0,1.0,8.0,,,,,10.0,2.0,1.0,,,,,,10.0,3.0,3.0,8.0,,2.0,,,3.0,,,10.0,1.0,10.0,9.0,,7.0,,1.0,1.0,2.0,8.0,1.0,10.0,1.0,7.0,,,9.0,1.0,6,10.0,10,1
2011-03-21,80517,,11,3,6020.0,14528210,CRRB,CARROLLTON BANCORP,CRRB,551111.0,Q,A,R,13085,3,6020.0,,,,60.0,602.0,,,,,,,-4.675,0.032009,2573.0,1.0,,-12028.775,CRRB,10.0,,,,,1,10.0,1.0,8.0,,,,,10.0,2.0,1.0,,,,,,10.0,3.0,3.0,8.0,,2.0,,,3.0,,,10.0,1.0,10.0,9.0,,7.0,,1.0,1.0,2.0,8.0,1.0,10.0,1.0,7.0,,,9.0,1.0,6,10.0,10,1
2011-03-22,80517,,11,3,6020.0,14528210,CRRB,CARROLLTON BANCORP,CRRB,551111.0,Q,A,R,13085,3,6020.0,,,,60.0,602.0,,,,,,,-4.675,0.0,2573.0,1.0,,-12028.775,CRRB,10.0,,,,,1,10.0,1.0,8.0,,,,,10.0,2.0,1.0,,,,,,10.0,3.0,3.0,8.0,,2.0,,,3.0,,,10.0,1.0,10.0,9.0,,7.0,,1.0,1.0,2.0,8.0,1.0,10.0,1.0,7.0,,,9.0,1.0,6,10.0,10,1
2011-03-23,80517,,11,3,6020.0,14528210,CRRB,CARROLLTON BANCORP,CRRB,551111.0,Q,A,R,13085,3,6020.0,,,,60.0,602.0,,,,,,,-4.76,0.018182,2573.0,1.0,,-12247.48,CRRB,10.0,,,,,1,10.0,1.0,8.0,,,,,10.0,2.0,1.0,,,,,,10.0,3.0,3.0,8.0,,2.0,,,3.0,,,10.0,1.0,10.0,9.0,,7.0,,1.0,1.0,2.0,8.0,1.0,10.0,1.0,7.0,,,9.0,1.0,6,10.0,10,1
2011-03-24,80517,,11,3,6020.0,14528210,CRRB,CARROLLTON BANCORP,CRRB,551111.0,Q,A,R,13085,3,6020.0,,,,60.0,602.0,,,,,,,4.5328,-0.047731,2573.0,1.0,4.52,11662.8944,CRRB,10.0,,,,,1,10.0,1.0,8.0,,,,,10.0,2.0,1.0,,,,,,10.0,3.0,3.0,8.0,,2.0,,,3.0,,,10.0,1.0,10.0,9.0,,7.0,,1.0,1.0,2.0,8.0,1.0,10.0,1.0,7.0,,,9.0,1.0,6,10.0,10,1
2011-03-25,80517,,11,3,6020.0,14528210,CRRB,CARROLLTON BANCORP,CRRB,551111.0,Q,A,R,13085,3,6020.0,,,,60.0,602.0,,,,,,,-4.76,0.050124,2573.0,1.0,,-12247.48,CRRB,10.0,,,,,1,10.0,1.0,8.0,,,,,10.0,2.0,1.0,,,,,,10.0,3.0,3.0,8.0,,2.0,,,3.0,,,10.0,1.0,10.0,9.0,,7.0,,1.0,1.0,2.0,8.0,1.0,10.0,1.0,7.0,,,9.0,1.0,6,10.0,10,1
2011-03-28,80517,,11,3,6020.0,14528210,CRRB,CARROLLTON BANCORP,CRRB,551111.0,Q,A,R,13085,3,6020.0,,,,60.0,602.0,,,,,,,-4.645,-0.02416,2573.0,1.0,,-11951.585,CRRB,10.0,,,,,1,10.0,1.0,8.0,,,,,10.0,2.0,1.0,,,,,,10.0,3.0,3.0,8.0,,2.0,,,3.0,,,10.0,1.0,10.0,9.0,,7.0,,1.0,1.0,2.0,8.0,1.0,10.0,1.0,7.0,,,9.0,1.0,6,10.0,10,1
2011-03-29,80517,,11,3,6020.0,14528210,CRRB,CARROLLTON BANCORP,CRRB,551111.0,Q,A,R,13085,3,6020.0,,,,60.0,602.0,,,,,,,4.53,-0.024758,2573.0,1.0,4.53,11655.69,CRRB,10.0,,,,,1,10.0,1.0,8.0,,,,,10.0,2.0,1.0,,,,,,10.0,3.0,3.0,8.0,,2.0,,,3.0,,,10.0,1.0,10.0,9.0,,7.0,,1.0,1.0,2.0,8.0,1.0,10.0,1.0,7.0,,,9.0,1.0,6,10.0,10,1
2011-03-30,80517,,11,3,6020.0,14528210,CRRB,CARROLLTON BANCORP,CRRB,551111.0,Q,A,R,13085,3,6020.0,,,,60.0,602.0,,,,,,,-4.625,0.020971,2573.0,1.0,,-11900.125,CRRB,10.0,,,,,1,10.0,1.0,8.0,,,,,10.0,2.0,1.0,,,,,,10.0,3.0,3.0,8.0,,2.0,,,3.0,,,10.0,1.0,10.0,9.0,,7.0,,1.0,1.0,2.0,8.0,1.0,10.0,1.0,7.0,,,9.0,1.0,6,10.0,10,1
2011-03-31,80517,,11,3,6020.0,14528210,CRRB,CARROLLTON BANCORP,CRRB,551111.0,Q,A,R,13085,3,6020.0,,,,60.0,602.0,,,,,,,4.5,-0.027027,2573.0,1.0,4.5,11578.5,CRRB,10.0,,,,,1,10.0,1.0,8.0,,,,,10.0,2.0,1.0,,,,,,10.0,3.0,3.0,8.0,,2.0,,,3.0,,,10.0,1.0,10.0,9.0,,7.0,,1.0,1.0,2.0,8.0,1.0,10.0,1.0,7.0,,,9.0,1.0,6,10.0,10,1
2011-04-01,80517,,11,3,6020.0,14528210,CRRB,CARROLLTON BANCORP,CRRB,551111.0,Q,A,R,13085,3,6020.0,,,,60.0,602.0,,,,,,,-4.715,0.047778,2573.0,1.0,,-12131.695,CRRB,10.0,,,,,1,10.0,1.0,8.0,,,,,10.0,2.0,1.0,,,,,,10.0,3.0,3.0,8.0,,2.0,,,3.0,,,10.0,2.0,3.0,9.0,,7.0,,1.0,1.0,2.0,9.0,1.0,10.0,1.0,8.0,,,9.0,1.0,6,10.0,10,1
2011-04-04,80517,,11,3,6020.0,14528210,CRRB,CARROLLTON BANCORP,CRRB,551111.0,Q,A,R,13085,3,6020.0,,,,60.0,602.0,,,,,,,-4.655,-0.012725,2573.0,1.0,,-11977.315,CRRB,10.0,,,,,1,10.0,1.0,8.0,,,,,10.0,2.0,1.0,,,,,,10.0,3.0,3.0,8.0,,2.0,,,3.0,,,10.0,2.0,3.0,9.0,,7.0,,1.0,1.0,2.0,9.0,1.0,10.0,1.0,8.0,,,9.0,1.0,6,10.0,10,1
2011-04-05,80517,,11,3,6020.0,14528210,CRRB,CARROLLTON BANCORP,CRRB,551111.0,Q,A,R,13085,3,6020.0,,,,60.0,602.0,,,,,,,4.5201,-0.02898,2573.0,1.0,4.535,11630.2173,CRRB,10.0,,,,,1,10.0,1.0,8.0,,,,,10.0,2.0,1.0,,,,,,10.0,3.0,3.0,8.0,,2.0,,,3.0,,,10.0,2.0,3.0,9.0,,7.0,,1.0,1.0,2.0,9.0,1.0,10.0,1.0,8.0,,,9.0,1.0,6,10.0,10,1
2011-04-06,80517,,11,3,6020.0,14528210,CRRB,CARROLLTON BANCORP,CRRB,551111.0,Q,A,R,13085,3,6020.0,,,,60.0,602.0,,,,,,,-4.65,0.028738,2573.0,1.0,,-11964.45,CRRB,10.0,,,,,1,10.0,1.0,8.0,,,,,10.0,2.0,1.0,,,,,,10.0,3.0,3.0,8.0,,2.0,,,3.0,,,10.0,2.0,3.0,9.0,,7.0,,1.0,1.0,2.0,9.0,1.0,10.0,1.0,8.0,,,9.0,1.0,6,10.0,10,1
2011-04-07,80517,,11,3,6020.0,14528210,CRRB,CARROLLTON BANCORP,CRRB,551111.0,Q,A,R,13085,3,6020.0,,,,60.0,602.0,,,,,,,-4.625,-0.005376,2573.0,1.0,,-11900.125,CRRB,10.0,,,,,1,10.0,1.0,8.0,,,,,10.0,2.0,1.0,,,,,,10.0,3.0,3.0,8.0,,2.0,,,3.0,,,10.0,2.0,3.0,9.0,,7.0,,1.0,1.0,2.0,9.0,1.0,10.0,1.0,8.0,,,9.0,1.0,6,10.0,10,1
2011-04-08,80517,,11,3,6020.0,14528210,CRRB,CARROLLTON BANCORP,CRRB,551111.0,Q,A,R,13085,3,6020.0,,,,60.0,602.0,,,,,,,4.56,-0.014054,2573.0,1.0,4.56,11732.88,CRRB,10.0,,,,,1,10.0,1.0,8.0,,,,,10.0,2.0,1.0,,,,,,10.0,3.0,3.0,8.0,,2.0,,,3.0,,,10.0,2.0,3.0,9.0,,7.0,,1.0,1.0,2.0,9.0,1.0,10.0,1.0,8.0,,,9.0,1.0,6,10.0,10,1
2011-04-11,80517,,11,3,6020.0,14528210,CRRB,CARROLLTON BANCORP,CRRB,551111.0,Q,A,R,13085,3,6020.0,,,,60.0,602.0,,,,,,,4.6,0.008772,2573.0,1.0,4.6,11835.8,CRRB,10.0,,,,,1,10.0,1.0,8.0,,,,,10.0,2.0,1.0,,,,,,10.0,3.0,3.0,8.0,,2.0,,,3.0,,,10.0,2.0,3.0,9.0,,7.0,,1.0,1.0,2.0,9.0,1.0,10.0,1.0,8.0,,,9.0,1.0,6,10.0,10,1
2011-04-12,80517,,11,3,6020.0,14528210,CRRB,CARROLLTON BANCORP,CRRB,551111.0,Q,A,R,13085,3,6020.0,,,,60.0,602.0,,,,,,,4.5,-0.021739,2573.0,1.0,4.52,11578.5,CRRB,10.0,,,,,1,10.0,1.0,8.0,,,,,10.0,2.0,1.0,,,,,,10.0,3.0,3.0,8.0,,2.0,,,3.0,,,10.0,2.0,3.0,9.0,,7.0,,1.0,1.0,2.0,9.0,1.0,10.0,1.0,8.0,,,9.0,1.0,6,10.0,10,1
2011-04-13,80517,,11,3,6020.0,14528210,CRRB,CARROLLTON BANCORP,CRRB,551111.0,Q,A,R,13085,3,6020.0,,,,60.0,602.0,,,,,,,4.51,0.002222,2573.0,1.0,4.51,11604.23,CRRB,10.0,,,,,1,10.0,1.0,8.0,,,,,10.0,2.0,1.0,,,,,,10.0,3.0,3.0,8.0,,2.0,,,3.0,,,10.0,2.0,3.0,9.0,,7.0,,1.0,1.0,2.0,9.0,1.0,10.0,1.0,8.0,,,9.0,1.0,6,10.0,10,1
2011-04-14,80517,,11,3,6020.0,14528210,CRRB,CARROLLTON BANCORP,CRRB,551111.0,Q,A,R,13085,3,6020.0,,,,60.0,602.0,,,,,,,4.69,0.039911,2573.0,1.0,4.69,12067.37,CRRB,10.0,,,,,1,10.0,1.0,8.0,,,,,10.0,2.0,1.0,,,,,,10.0,3.0,3.0,8.0,,2.0,,,3.0,,,10.0,2.0,3.0,9.0,,7.0,,1.0,1.0,2.0,9.0,1.0,10.0,1.0,8.0,,,9.0,1.0,6,10.0,10,1
2011-04-15,80517,,11,3,6020.0,14528210,CRRB,CARROLLTON BANCORP,CRRB,551111.0,Q,A,R,13085,3,6020.0,,,,60.0,602.0,,,,,,,-4.585,-0.022388,2573.0,1.0,,-11797.205,CRRB,10.0,,,,,1,10.0,1.0,8.0,,,,,10.0,2.0,1.0,,,,,,10.0,3.0,3.0,8.0,,2.0,,,3.0,,,10.0,2.0,3.0,9.0,,7.0,,1.0,1.0,2.0,9.0,1.0,10.0,1.0,8.0,,,9.0,1.0,6,10.0,10,1
2011-04-18,80517,,11,3,6020.0,14528210,CRRB,CARROLLTON BANCORP,CRRB,551111.0,Q,A,R,13085,3,6020.0,,,,60.0,602.0,,,,,,,-4.585,0.0,2573.0,1.0,,-11797.205,CRRB,10.0,,,,,1,10.0,1.0,8.0,,,,,10.0,2.0,1.0,,,,,,10.0,3.0,3.0,8.0,,2.0,,,3.0,,,10.0,2.0,3.0,9.0,,7.0,,1.0,1.0,2.0,9.0,1.0,10.0,1.0,8.0,,,9.0,1.0,6,10.0,10,1
2011-04-19,80517,,11,3,6020.0,14528210,CRRB,CARROLLTON BANCORP,CRRB,551111.0,Q,A,R,13085,3,6020.0,,,,60.0,602.0,,,,,,,-4.67,0.018539,2573.0,1.0,,-12015.91,CRRB,10.0,,,,,1,10.0,1.0,8.0,,,,,10.0,2.0,1.0,,,,,,10.0,3.0,3.0,8.0,,2.0,,,3.0,,,10.0,2.0,3.0,9.0,,7.0,,1.0,1.0,2.0,9.0,1.0,10.0,1.0,8.0,,,9.0,1.0,6,10.0,10,1
2011-04-20,80517,,11,3,6020.0,14528210,CRRB,CARROLLTON BANCORP,CRRB,551111.0,Q,A,R,13085,3,6020.0,,,,60.0,602.0,,,,,,,4.51,-0.034261,2573.0,1.0,4.51,11604.23,CRRB,10.0,,,,,1,10.0,1.0,8.0,,,,,10.0,2.0,1.0,,,,,,10.0,3.0,3.0,8.0,,2.0,,,3.0,,,10.0,2.0,3.0,9.0,,7.0,,1.0,1.0,2.0,9.0,1.0,10.0,1.0,8.0,,,9.0,1.0,6,10.0,10,1
2011-04-21,80517,,11,3,6020.0,14528210,CRRB,CARROLLTON BANCORP,CRRB,551111.0,Q,A,R,13085,3,6020.0,,,,60.0,602.0,,,,,,,4.5,-0.002217,2573.0,1.0,4.5,11578.5,CRRB,10.0,,,,,1,10.0,1.0,8.0,,,,,10.0,2.0,1.0,,,,,,10.0,3.0,3.0,8.0,,2.0,,,3.0,,,10.0,2.0,3.0,9.0,,7.0,,1.0,1.0,2.0,9.0,1.0,10.0,1.0,8.0,,,9.0,1.0,6,10.0,10,1
2011-04-25,80517,,11,3,6020.0,14528210,CRRB,CARROLLTON BANCORP,CRRB,551111.0,Q,A,R,13085,3,6020.0,,,,60.0,602.0,,,,,,,-4.745,0.054444,2573.0,1.0,,-12208.885,CRRB,10.0,,,,,1,10.0,1.0,8.0,,,,,10.0,2.0,1.0,,,,,,10.0,3.0,3.0,8.0,,2.0,,,3.0,,,10.0,2.0,3.0,9.0,,7.0,,1.0,1.0,2.0,9.0,1.0,10.0,1.0,8.0,,,9.0,1.0,6,10.0,10,1
2011-04-26,80517,,11,3,6020.0,14528210,CRRB,CARROLLTON BANCORP,CRRB,551111.0,Q,A,R,13085,3,6020.0,,,,60.0,602.0,,,,,,,-4.725,-0.004215,2573.0,1.0,,-12157.425,CRRB,10.0,,,,,1,10.0,1.0,8.0,,,,,10.0,2.0,1.0,,,,,,10.0,3.0,3.0,8.0,,2.0,,,3.0,,,10.0,2.0,3.0,9.0,,7.0,,1.0,1.0,2.0,9.0,1.0,10.0,1.0,8.0,,,9.0,1.0,6,10.0,10,1
2011-04-27,80517,,11,3,6020.0,14528210,CRRB,CARROLLTON BANCORP,CRRB,551111.0,Q,A,R,13085,3,6020.0,,,,60.0,602.0,,,,,,,4.5,-0.047619,2573.0,1.0,4.5,11578.5,CRRB,10.0,,,,,1,10.0,1.0,8.0,,,,,10.0,2.0,1.0,,,,,,10.0,3.0,3.0,8.0,,2.0,,,3.0,,,10.0,2.0,3.0,9.0,,7.0,,1.0,1.0,2.0,9.0,1.0,10.0,1.0,8.0,,,9.0,1.0,6,10.0,10,1
2011-04-28,80517,,11,3,6020.0,14528210,CRRB,CARROLLTON BANCORP,CRRB,551111.0,Q,A,R,13085,3,6020.0,,,,60.0,602.0,,,,,,,4.52,0.004444,2573.0,1.0,4.52,11629.96,CRRB,10.0,,,,,1,10.0,1.0,8.0,,,,,10.0,2.0,1.0,,,,,,10.0,3.0,3.0,8.0,,2.0,,,3.0,,,10.0,2.0,3.0,9.0,,7.0,,1.0,1.0,2.0,9.0,1.0,10.0,1.0,8.0,,,9.0,1.0,6,10.0,10,1
2011-04-29,80517,,11,3,6020.0,14528210,CRRB,CARROLLTON BANCORP,CRRB,551111.0,Q,A,R,13085,3,6020.0,,,,60.0,602.0,,,,,,,4.46,-0.013274,2573.0,1.0,4.52,11475.58,CRRB,10.0,,,,,1,10.0,1.0,8.0,,,,,10.0,2.0,1.0,,,,,,10.0,3.0,3.0,8.0,,2.0,,,3.0,,,10.0,2.0,3.0,9.0,,7.0,,1.0,1.0,2.0,9.0,1.0,10.0,1.0,8.0,,,9.0,1.0,6,10.0,10,1
2011-05-02,80517,,11,3,6020.0,14528210,CRRB,CARROLLTON BANCORP,CRRB,551111.0,Q,A,R,13085,3,6020.0,,,,60.0,602.0,,,,,,,-4.75,0.065022,2573.0,1.0,,-12221.75,CRRB,10.0,,,,,1,10.0,1.0,8.0,,,,,10.0,2.0,1.0,,,,,,10.0,3.0,3.0,8.0,,2.0,,,4.0,,,10.0,2.0,9.0,10.0,,7.0,,5.0,6.0,3.0,7.0,1.0,10.0,10.0,5.0,,,10.0,1.0,6,10.0,10,1
2011-05-03,80517,,11,3,6020.0,14528210,CRRB,CARROLLTON BANCORP,CRRB,551111.0,Q,A,R,13085,3,6020.0,,,,60.0,602.0,,,,,,,4.51,-0.050526,2573.0,1.0,4.51,11604.23,CRRB,10.0,,,,,1,10.0,1.0,8.0,,,,,10.0,2.0,1.0,,,,,,10.0,3.0,3.0,8.0,,2.0,,,4.0,,,10.0,2.0,9.0,10.0,,7.0,,5.0,6.0,3.0,7.0,1.0,10.0,10.0,5.0,,,10.0,1.0,6,10.0,10,1
2011-05-04,80517,,11,3,6020.0,14528210,CRRB,CARROLLTON BANCORP,CRRB,551111.0,Q,A,R,13085,3,6020.0,,,,60.0,602.0,,,,,,,-4.73,0.04878,2573.0,1.0,,-12170.29,CRRB,10.0,,,,,1,10.0,1.0,8.0,,,,,10.0,2.0,1.0,,,,,,10.0,3.0,3.0,8.0,,2.0,,,4.0,,,10.0,2.0,9.0,10.0,,7.0,,5.0,6.0,3.0,7.0,1.0,10.0,10.0,5.0,,,10.0,1.0,6,10.0,10,1
2011-05-05,80517,,11,3,6020.0,14528210,CRRB,CARROLLTON BANCORP,CRRB,551111.0,Q,A,R,13085,3,6020.0,,,,60.0,602.0,,,,,,,-4.75,0.004228,2573.0,1.0,,-12221.75,CRRB,10.0,,,,,1,10.0,1.0,8.0,,,,,10.0,2.0,1.0,,,,,,10.0,3.0,3.0,8.0,,2.0,,,4.0,,,10.0,2.0,9.0,10.0,,7.0,,5.0,6.0,3.0,7.0,1.0,10.0,10.0,5.0,,,10.0,1.0,6,10.0,10,1
2011-05-06,80517,,11,3,6020.0,14528210,CRRB,CARROLLTON BANCORP,CRRB,551111.0,Q,A,R,13085,3,6020.0,,,,60.0,602.0,,,,,,,-4.75,0.0,2573.0,1.0,,-12221.75,CRRB,10.0,,,,,1,10.0,1.0,8.0,,,,,10.0,2.0,1.0,,,,,,10.0,3.0,3.0,8.0,,2.0,,,4.0,,,10.0,2.0,9.0,10.0,,7.0,,5.0,6.0,3.0,7.0,1.0,10.0,10.0,5.0,,,10.0,1.0,6,10.0,10,1
2011-05-09,80517,,11,3,6020.0,14528210,CRRB,CARROLLTON BANCORP,CRRB,551111.0,Q,A,R,13085,3,6020.0,,,,60.0,602.0,,,,,,,-4.75,0.0,2573.0,1.0,,-12221.75,CRRB,10.0,,,,,1,10.0,1.0,8.0,,,,,10.0,2.0,1.0,,,,,,10.0,3.0,3.0,8.0,,2.0,,,4.0,,,10.0,2.0,9.0,10.0,,7.0,,5.0,6.0,3.0,7.0,1.0,10.0,10.0,5.0,,,10.0,1.0,6,10.0,10,1
2011-05-10,80517,,11,3,6020.0,14528210,CRRB,CARROLLTON BANCORP,CRRB,551111.0,Q,A,R,13085,3,6020.0,,,,60.0,602.0,,,,,,,-4.75,0.0,2573.0,1.0,,-12221.75,CRRB,10.0,,,,,1,10.0,1.0,8.0,,,,,10.0,2.0,1.0,,,,,,10.0,3.0,3.0,8.0,,2.0,,,4.0,,,10.0,2.0,9.0,10.0,,7.0,,5.0,6.0,3.0,7.0,1.0,10.0,10.0,5.0,,,10.0,1.0,6,10.0,10,1
2011-05-11,80517,,11,3,6020.0,14528210,CRRB,CARROLLTON BANCORP,CRRB,551111.0,Q,A,R,13085,3,6020.0,,,,60.0,602.0,,,,,,,4.51,-0.050526,2576.0,1.0,4.54,11617.76,CRRB,10.0,,,,,1,10.0,1.0,8.0,,,,,10.0,2.0,1.0,,,,,,10.0,3.0,3.0,8.0,,2.0,,,4.0,,,10.0,2.0,9.0,10.0,,7.0,,5.0,6.0,3.0,7.0,1.0,10.0,10.0,5.0,,,10.0,1.0,6,10.0,10,1
2011-05-12,80517,,11,3,6020.0,14528210,CRRB,CARROLLTON BANCORP,CRRB,551111.0,Q,A,R,13085,3,6020.0,,,,60.0,602.0,,,,,,,-4.715,0.045455,2576.0,1.0,,-12145.84,CRRB,10.0,,,,,1,10.0,1.0,8.0,,,,,10.0,2.0,1.0,,,,,,10.0,3.0,3.0,8.0,,2.0,,,4.0,,,10.0,2.0,9.0,10.0,,7.0,,5.0,6.0,3.0,7.0,1.0,10.0,10.0,5.0,,,10.0,1.0,6,10.0,10,1
2011-05-13,80517,,11,3,6020.0,14528210,CRRB,CARROLLTON BANCORP,CRRB,551111.0,Q,A,R,13085,3,6020.0,,,,60.0,602.0,,,,,,,-4.715,0.0,2576.0,1.0,,-12145.84,CRRB,10.0,,,,,1,10.0,1.0,8.0,,,,,10.0,2.0,1.0,,,,,,10.0,3.0,3.0,8.0,,2.0,,,4.0,,,10.0,2.0,9.0,10.0,,7.0,,5.0,6.0,3.0,7.0,1.0,10.0,10.0,5.0,,,10.0,1.0,6,10.0,10,1
2011-05-16,80517,,11,3,6020.0,14528210,CRRB,CARROLLTON BANCORP,CRRB,551111.0,Q,A,R,13085,3,6020.0,,,,60.0,602.0,,,,,,,-4.67,-0.009544,2576.0,1.0,,-12029.92,CRRB,10.0,,,,,1,10.0,1.0,8.0,,,,,10.0,2.0,1.0,,,,,,10.0,3.0,3.0,8.0,,2.0,,,4.0,,,10.0,2.0,9.0,10.0,,7.0,,5.0,6.0,3.0,7.0,1.0,10.0,10.0,5.0,,,10.0,1.0,6,10.0,10,1
2011-05-17,80517,,11,3,6020.0,14528210,CRRB,CARROLLTON BANCORP,CRRB,551111.0,Q,A,R,13085,3,6020.0,,,,60.0,602.0,,,,,,,4.91,0.051392,2576.0,1.0,4.91,12648.16,CRRB,10.0,,,,,1,10.0,1.0,8.0,,,,,10.0,2.0,1.0,,,,,,10.0,3.0,3.0,8.0,,2.0,,,4.0,,,10.0,2.0,9.0,10.0,,7.0,,5.0,6.0,3.0,7.0,1.0,10.0,10.0,5.0,,,10.0,1.0,6,10.0,10,1
2011-05-18,80517,,11,3,6020.0,14528210,CRRB,CARROLLTON BANCORP,CRRB,551111.0,Q,A,R,13085,3,6020.0,,,,60.0,602.0,,,,,,,-4.745,-0.033605,2576.0,1.0,,-12223.12,CRRB,10.0,,,,,1,10.0,1.0,8.0,,,,,10.0,2.0,1.0,,,,,,10.0,3.0,3.0,8.0,,2.0,,,4.0,,,10.0,2.0,9.0,10.0,,7.0,,5.0,6.0,3.0,7.0,1.0,10.0,10.0,5.0,,,10.0,1.0,6,10.0,10,1
2011-05-19,80517,,11,3,6020.0,14528210,CRRB,CARROLLTON BANCORP,CRRB,551111.0,Q,A,R,13085,3,6020.0,,,,60.0,602.0,,,,,,,-4.745,0.0,2576.0,1.0,,-12223.12,CRRB,10.0,,,,,1,10.0,1.0,8.0,,,,,10.0,2.0,1.0,,,,,,10.0,3.0,3.0,8.0,,2.0,,,4.0,,,10.0,2.0,9.0,10.0,,7.0,,5.0,6.0,3.0,7.0,1.0,10.0,10.0,5.0,,,10.0,1.0,6,10.0,10,1
2011-05-20,80517,,11,3,6020.0,14528210,CRRB,CARROLLTON BANCORP,CRRB,551111.0,Q,A,R,13085,3,6020.0,,,,60.0,602.0,,,,,,,-4.745,0.0,2576.0,1.0,,-12223.12,CRRB,10.0,,,,,1,10.0,1.0,8.0,,,,,10.0,2.0,1.0,,,,,,10.0,3.0,3.0,8.0,,2.0,,,4.0,,,10.0,2.0,9.0,10.0,,7.0,,5.0,6.0,3.0,7.0,1.0,10.0,10.0,5.0,,,10.0,1.0,6,10.0,10,1
2011-05-23,80517,,11,3,6020.0,14528210,CRRB,CARROLLTON BANCORP,CRRB,551111.0,Q,A,R,13085,3,6020.0,,,,60.0,602.0,,,,,,,-4.745,0.0,2576.0,1.0,,-12223.12,CRRB,10.0,,,,,1,10.0,1.0,8.0,,,,,10.0,2.0,1.0,,,,,,10.0,3.0,3.0,8.0,,2.0,,,4.0,,,10.0,2.0,9.0,10.0,,7.0,,5.0,6.0,3.0,7.0,1.0,10.0,10.0,5.0,,,10.0,1.0,6,10.0,10,1
2011-05-24,80517,,11,3,6020.0,14528210,CRRB,CARROLLTON BANCORP,CRRB,551111.0,Q,A,R,13085,3,6020.0,,,,60.0,602.0,,,,,,,4.72,-0.005269,2576.0,1.0,4.72,12158.72,CRRB,10.0,,,,,1,10.0,1.0,8.0,,,,,10.0,2.0,1.0,,,,,,10.0,3.0,3.0,8.0,,2.0,,,4.0,,,10.0,2.0,9.0,10.0,,7.0,,5.0,6.0,3.0,7.0,1.0,10.0,10.0,5.0,,,10.0,1.0,6,10.0,10,1
2011-05-25,80517,,11,3,6020.0,14528210,CRRB,CARROLLTON BANCORP,CRRB,551111.0,Q,A,R,13085,3,6020.0,,,,60.0,602.0,,,,,,,-4.71,-0.002119,2576.0,1.0,,-12132.96,CRRB,10.0,,,,,1,10.0,1.0,8.0,,,,,10.0,2.0,1.0,,,,,,10.0,3.0,3.0,8.0,,2.0,,,4.0,,,10.0,2.0,9.0,10.0,,7.0,,5.0,6.0,3.0,7.0,1.0,10.0,10.0,5.0,,,10.0,1.0,6,10.0,10,1
2011-05-26,80517,,11,3,6020.0,14528210,CRRB,CARROLLTON BANCORP,CRRB,551111.0,Q,A,R,13085,3,6020.0,,,,60.0,602.0,,,,,,,-4.575,-0.028662,2576.0,1.0,,-11785.2,CRRB,10.0,,,,,1,10.0,1.0,8.0,,,,,10.0,2.0,1.0,,,,,,10.0,3.0,3.0,8.0,,2.0,,,4.0,,,10.0,2.0,9.0,10.0,,7.0,,5.0,6.0,3.0,7.0,1.0,10.0,10.0,5.0,,,10.0,1.0,6,10.0,10,1
2011-05-27,80517,,11,3,6020.0,14528210,CRRB,CARROLLTON BANCORP,CRRB,551111.0,Q,A,R,13085,3,6020.0,,,,60.0,602.0,,,,,,,-4.545,-0.006557,2576.0,1.0,,-11707.92,CRRB,10.0,,,,,1,10.0,1.0,8.0,,,,,10.0,2.0,1.0,,,,,,10.0,3.0,3.0,8.0,,2.0,,,4.0,,,10.0,2.0,9.0,10.0,,7.0,,5.0,6.0,3.0,7.0,1.0,10.0,10.0,5.0,,,10.0,1.0,6,10.0,10,1
2011-05-31,80517,,11,3,6020.0,14528210,CRRB,CARROLLTON BANCORP,CRRB,551111.0,Q,A,R,13085,3,6020.0,,,,60.0,602.0,,,,,,,-4.615,0.015401,2576.0,1.0,,-11888.24,CRRB,10.0,,,,,1,10.0,1.0,8.0,,,,,10.0,2.0,1.0,,,,,,10.0,3.0,3.0,8.0,,2.0,,,4.0,,,10.0,2.0,9.0,10.0,,7.0,,5.0,6.0,3.0,7.0,1.0,10.0,10.0,5.0,,,10.0,1.0,6,10.0,10,1
2011-06-01,80517,,11,3,6020.0,14528210,CRRB,CARROLLTON BANCORP,CRRB,551111.0,Q,A,R,13085,3,6020.0,,,,60.0,602.0,,,,,,,-4.615,0.0,2576.0,1.0,,-11888.24,CRRB,10.0,,,,,1,10.0,1.0,8.0,,,,,10.0,2.0,1.0,,,,,,10.0,3.0,3.0,8.0,,2.0,,,3.0,,,10.0,1.0,10.0,10.0,,7.0,,3.0,6.0,2.0,2.0,1.0,10.0,4.0,2.0,,,9.0,1.0,6,10.0,10,1
2011-06-02,80517,,11,3,6020.0,14528210,CRRB,CARROLLTON BANCORP,CRRB,551111.0,Q,A,R,13085,3,6020.0,,,,60.0,602.0,,,,,,,-4.62,0.001083,2576.0,1.0,,-11901.12,CRRB,10.0,,,,,1,10.0,1.0,8.0,,,,,10.0,2.0,1.0,,,,,,10.0,3.0,3.0,8.0,,2.0,,,3.0,,,10.0,1.0,10.0,10.0,,7.0,,3.0,6.0,2.0,2.0,1.0,10.0,4.0,2.0,,,9.0,1.0,6,10.0,10,1
2011-06-03,80517,,11,3,6020.0,14528210,CRRB,CARROLLTON BANCORP,CRRB,551111.0,Q,A,R,13085,3,6020.0,,,,60.0,602.0,,,,,,,-4.59,-0.006493,2576.0,1.0,,-11823.84,CRRB,10.0,,,,,1,10.0,1.0,8.0,,,,,10.0,2.0,1.0,,,,,,10.0,3.0,3.0,8.0,,2.0,,,3.0,,,10.0,1.0,10.0,10.0,,7.0,,3.0,6.0,2.0,2.0,1.0,10.0,4.0,2.0,,,9.0,1.0,6,10.0,10,1
2011-06-06,80517,,11,3,6020.0,14528210,CRRB,CARROLLTON BANCORP,CRRB,551111.0,Q,A,R,13085,3,6020.0,,,,60.0,602.0,,,,,,,-4.59,0.0,2576.0,1.0,,-11823.84,CRRB,10.0,,,,,1,10.0,1.0,8.0,,,,,10.0,2.0,1.0,,,,,,10.0,3.0,3.0,8.0,,2.0,,,3.0,,,10.0,1.0,10.0,10.0,,7.0,,3.0,6.0,2.0,2.0,1.0,10.0,4.0,2.0,,,9.0,1.0,6,10.0,10,1
2011-06-07,80517,,11,3,6020.0,14528210,CRRB,CARROLLTON BANCORP,CRRB,551111.0,Q,A,R,13085,3,6020.0,,,,60.0,602.0,,,,,,,4.45,-0.030501,2576.0,1.0,4.48,11463.2,CRRB,10.0,,,,,1,10.0,1.0,8.0,,,,,10.0,2.0,1.0,,,,,,10.0,3.0,3.0,8.0,,2.0,,,3.0,,,10.0,1.0,10.0,10.0,,7.0,,3.0,6.0,2.0,2.0,1.0,10.0,4.0,2.0,,,9.0,1.0,6,10.0,10,1
2011-06-08,80517,,11,3,6020.0,14528210,CRRB,CARROLLTON BANCORP,CRRB,551111.0,Q,A,R,13085,3,6020.0,,,,60.0,602.0,,,,,,,-4.565,0.025843,2576.0,1.0,,-11759.44,CRRB,10.0,,,,,1,10.0,1.0,8.0,,,,,10.0,2.0,1.0,,,,,,10.0,3.0,3.0,8.0,,2.0,,,3.0,,,10.0,1.0,10.0,10.0,,7.0,,3.0,6.0,2.0,2.0,1.0,10.0,4.0,2.0,,,9.0,1.0,6,10.0,10,1
2011-06-09,80517,,11,3,6020.0,14528210,CRRB,CARROLLTON BANCORP,CRRB,551111.0,Q,A,R,13085,3,6020.0,,,,60.0,602.0,,,,,,,-4.57,0.001095,2576.0,1.0,,-11772.32,CRRB,10.0,,,,,1,10.0,1.0,8.0,,,,,10.0,2.0,1.0,,,,,,10.0,3.0,3.0,8.0,,2.0,,,3.0,,,10.0,1.0,10.0,10.0,,7.0,,3.0,6.0,2.0,2.0,1.0,10.0,4.0,2.0,,,9.0,1.0,6,10.0,10,1
2011-06-10,80517,,11,3,6020.0,14528210,CRRB,CARROLLTON BANCORP,CRRB,551111.0,Q,A,R,13085,3,6020.0,,,,60.0,602.0,,,,,,,-4.57,0.0,2576.0,1.0,,-11772.32,CRRB,10.0,,,,,1,10.0,1.0,8.0,,,,,10.0,2.0,1.0,,,,,,10.0,3.0,3.0,8.0,,2.0,,,3.0,,,10.0,1.0,10.0,10.0,,7.0,,3.0,6.0,2.0,2.0,1.0,10.0,4.0,2.0,,,9.0,1.0,6,10.0,10,1
2011-06-13,80517,,11,3,6020.0,14528210,CRRB,CARROLLTON BANCORP,CRRB,551111.0,Q,A,R,13085,3,6020.0,,,,60.0,602.0,,,,,,,4.11,-0.100656,2576.0,1.0,4.45,10587.36,CRRB,10.0,,,,,1,10.0,1.0,8.0,,,,,10.0,2.0,1.0,,,,,,10.0,3.0,3.0,8.0,,2.0,,,3.0,,,10.0,1.0,10.0,10.0,,7.0,,3.0,6.0,2.0,2.0,1.0,10.0,4.0,2.0,,,9.0,1.0,6,10.0,10,1
2011-06-14,80517,,11,3,6020.0,14528210,CRRB,CARROLLTON BANCORP,CRRB,551111.0,Q,A,R,13085,3,6020.0,,,,60.0,602.0,,,,,,,-4.23,0.029197,2576.0,1.0,,-10896.48,CRRB,10.0,,,,,1,10.0,1.0,8.0,,,,,10.0,2.0,1.0,,,,,,10.0,3.0,3.0,8.0,,2.0,,,3.0,,,10.0,1.0,10.0,10.0,,7.0,,3.0,6.0,2.0,2.0,1.0,10.0,4.0,2.0,,,9.0,1.0,6,10.0,10,1
2011-06-15,80517,,11,3,6020.0,14528210,CRRB,CARROLLTON BANCORP,CRRB,551111.0,Q,A,R,13085,3,6020.0,,,,60.0,602.0,,,,,,,-4.12,-0.026005,2576.0,1.0,,-10613.12,CRRB,10.0,,,,,1,10.0,1.0,8.0,,,,,10.0,2.0,1.0,,,,,,10.0,3.0,3.0,8.0,,2.0,,,3.0,,,10.0,1.0,10.0,10.0,,7.0,,3.0,6.0,2.0,2.0,1.0,10.0,4.0,2.0,,,9.0,1.0,6,10.0,10,1
2011-06-16,80517,,11,3,6020.0,14528210,CRRB,CARROLLTON BANCORP,CRRB,551111.0,Q,A,R,13085,3,6020.0,,,,60.0,602.0,,,,,,,3.95,-0.041262,2576.0,1.0,4.01,10175.2,CRRB,10.0,,,,,1,10.0,1.0,8.0,,,,,10.0,2.0,1.0,,,,,,10.0,3.0,3.0,8.0,,2.0,,,3.0,,,10.0,1.0,10.0,10.0,,7.0,,3.0,6.0,2.0,2.0,1.0,10.0,4.0,2.0,,,9.0,1.0,6,10.0,10,1
2011-06-17,80517,,11,3,6020.0,14528210,CRRB,CARROLLTON BANCORP,CRRB,551111.0,Q,A,R,13085,3,6020.0,,,,60.0,602.0,,,,,,,4.42,0.118987,2576.0,1.0,3.91,11385.92,CRRB,10.0,,,,,1,10.0,1.0,8.0,,,,,10.0,2.0,1.0,,,,,,10.0,3.0,3.0,8.0,,2.0,,,3.0,,,10.0,1.0,10.0,10.0,,7.0,,3.0,6.0,2.0,2.0,1.0,10.0,4.0,2.0,,,9.0,1.0,6,10.0,10,1
2011-06-20,80517,,11,3,6020.0,14528210,CRRB,CARROLLTON BANCORP,CRRB,551111.0,Q,A,R,13085,3,6020.0,,,,60.0,602.0,,,,,,,-4.215,-0.04638,2576.0,1.0,,-10857.84,CRRB,10.0,,,,,1,10.0,1.0,8.0,,,,,10.0,2.0,1.0,,,,,,10.0,3.0,3.0,8.0,,2.0,,,3.0,,,10.0,1.0,10.0,10.0,,7.0,,3.0,6.0,2.0,2.0,1.0,10.0,4.0,2.0,,,9.0,1.0,6,10.0,10,1
2011-06-21,80517,,11,3,6020.0,14528210,CRRB,CARROLLTON BANCORP,CRRB,551111.0,Q,A,R,13085,3,6020.0,,,,60.0,602.0,,,,,,,-4.34,0.029656,2576.0,1.0,,-11179.84,CRRB,10.0,,,,,1,10.0,1.0,8.0,,,,,10.0,2.0,1.0,,,,,,10.0,3.0,3.0,8.0,,2.0,,,3.0,,,10.0,1.0,10.0,10.0,,7.0,,3.0,6.0,2.0,2.0,1.0,10.0,4.0,2.0,,,9.0,1.0,6,10.0,10,1
2011-06-22,80517,,11,3,6020.0,14528210,CRRB,CARROLLTON BANCORP,CRRB,551111.0,Q,A,R,13085,3,6020.0,,,,60.0,602.0,,,,,,,4.21,-0.029954,2576.0,1.0,4.21,10844.96,CRRB,10.0,,,,,1,10.0,1.0,8.0,,,,,10.0,2.0,1.0,,,,,,10.0,3.0,3.0,8.0,,2.0,,,3.0,,,10.0,1.0,10.0,10.0,,7.0,,3.0,6.0,2.0,2.0,1.0,10.0,4.0,2.0,,,9.0,1.0,6,10.0,10,1
2011-06-23,80517,,11,3,6020.0,14528210,CRRB,CARROLLTON BANCORP,CRRB,551111.0,Q,A,R,13085,3,6020.0,,,,60.0,602.0,,,,,,,4.01,-0.047506,2576.0,1.0,4.01,10329.76,CRRB,10.0,,,,,1,10.0,1.0,8.0,,,,,10.0,2.0,1.0,,,,,,10.0,3.0,3.0,8.0,,2.0,,,3.0,,,10.0,1.0,10.0,10.0,,7.0,,3.0,6.0,2.0,2.0,1.0,10.0,4.0,2.0,,,9.0,1.0,6,10.0,10,1
2011-06-24,80517,,11,3,6020.0,14528210,CRRB,CARROLLTON BANCORP,CRRB,551111.0,Q,A,R,13085,3,6020.0,,,,60.0,602.0,,,,,,,-4.335,0.081047,2576.0,1.0,,-11166.96,CRRB,10.0,,,,,1,10.0,1.0,8.0,,,,,10.0,2.0,1.0,,,,,,10.0,3.0,3.0,8.0,,2.0,,,3.0,,,10.0,1.0,10.0,10.0,,7.0,,3.0,6.0,2.0,2.0,1.0,10.0,4.0,2.0,,,9.0,1.0,6,10.0,10,1
2011-06-27,80517,,11,3,6020.0,14528210,CRRB,CARROLLTON BANCORP,CRRB,551111.0,Q,A,R,13085,3,6020.0,,,,60.0,602.0,,,,,,,-4.12,-0.049596,2576.0,1.0,,-10613.12,CRRB,10.0,,,,,1,10.0,1.0,8.0,,,,,10.0,2.0,1.0,,,,,,10.0,3.0,3.0,8.0,,2.0,,,3.0,,,10.0,1.0,10.0,10.0,,7.0,,3.0,6.0,2.0,2.0,1.0,10.0,4.0,2.0,,,9.0,1.0,6,10.0,10,1
2011-06-28,80517,,11,3,6020.0,14528210,CRRB,CARROLLTON BANCORP,CRRB,551111.0,Q,A,R,13085,3,6020.0,,,,60.0,602.0,,,,,,,3.82,-0.072816,2576.0,1.0,3.91,9840.32,CRRB,10.0,,,,,1,10.0,1.0,8.0,,,,,10.0,2.0,1.0,,,,,,10.0,3.0,3.0,8.0,,2.0,,,3.0,,,10.0,1.0,10.0,10.0,,7.0,,3.0,6.0,2.0,2.0,1.0,10.0,4.0,2.0,,,9.0,1.0,6,10.0,10,1
2011-06-29,80517,,11,3,6020.0,14528210,CRRB,CARROLLTON BANCORP,CRRB,551111.0,Q,A,R,13085,3,6020.0,,,,60.0,602.0,,,,,,,-4.07,0.065445,2576.0,1.0,,-10484.32,CRRB,10.0,,,,,1,10.0,1.0,8.0,,,,,10.0,2.0,1.0,,,,,,10.0,3.0,3.0,8.0,,2.0,,,3.0,,,10.0,1.0,10.0,10.0,,7.0,,3.0,6.0,2.0,2.0,1.0,10.0,4.0,2.0,,,9.0,1.0,6,10.0,10,1
2011-06-30,80517,,11,3,6020.0,14528210,CRRB,CARROLLTON BANCORP,CRRB,551111.0,Q,A,R,13085,3,6020.0,,,,60.0,602.0,,,,,,,3.63,-0.108108,2576.0,1.0,3.74,9350.88,CRRB,10.0,,,,,1,10.0,1.0,8.0,,,,,10.0,2.0,1.0,,,,,,10.0,3.0,3.0,8.0,,2.0,,,3.0,,,10.0,1.0,10.0,10.0,,7.0,,3.0,6.0,2.0,2.0,1.0,10.0,4.0,2.0,,,9.0,1.0,6,10.0,10,1
2011-07-01,80517,,11,3,6020.0,14528210,CRRB,CARROLLTON BANCORP,CRRB,551111.0,Q,A,R,13085,3,6020.0,,,,60.0,602.0,,,,,,,-3.97,0.093664,2576.0,1.0,,-10226.72,CRRB,10.0,,,,,1,1.0,1.0,7.0,,,,,10.0,1.0,,,,,,,10.0,2.0,2.0,9.0,,2.0,,,2.0,,,10.0,1.0,6.0,9.0,,7.0,,3.0,6.0,2.0,10.0,1.0,10.0,4.0,10.0,,,9.0,1.0,6,10.0,10,1
2011-07-05,80517,,11,3,6020.0,14528210,CRRB,CARROLLTON BANCORP,CRRB,551111.0,Q,A,R,13085,3,6020.0,,,,60.0,602.0,,,,,,,-3.775,-0.049118,2576.0,1.0,,-9724.4,CRRB,10.0,,,,,1,1.0,1.0,7.0,,,,,10.0,1.0,,,,,,,10.0,2.0,2.0,9.0,,2.0,,,2.0,,,10.0,1.0,6.0,9.0,,7.0,,3.0,6.0,2.0,10.0,1.0,10.0,4.0,10.0,,,9.0,1.0,6,10.0,10,1
2011-07-06,80517,,11,3,6020.0,14528210,CRRB,CARROLLTON BANCORP,CRRB,551111.0,Q,A,R,13085,3,6020.0,,,,60.0,602.0,,,,,,,3.51,-0.070199,2576.0,1.0,3.63,9041.76,CRRB,10.0,,,,,1,1.0,1.0,7.0,,,,,10.0,1.0,,,,,,,10.0,2.0,2.0,9.0,,2.0,,,2.0,,,10.0,1.0,6.0,9.0,,7.0,,3.0,6.0,2.0,10.0,1.0,10.0,4.0,10.0,,,9.0,1.0,6,10.0,10,1
2011-07-07,80517,,11,3,6020.0,14528210,CRRB,CARROLLTON BANCORP,CRRB,551111.0,Q,A,R,13085,3,6020.0,,,,60.0,602.0,,,,,,,3.4999,-0.002877,2576.0,1.0,3.5,9015.7424,CRRB,10.0,,,,,1,1.0,1.0,7.0,,,,,10.0,1.0,,,,,,,10.0,2.0,2.0,9.0,,2.0,,,2.0,,,10.0,1.0,6.0,9.0,,7.0,,3.0,6.0,2.0,10.0,1.0,10.0,4.0,10.0,,,9.0,1.0,6,10.0,10,1
2011-07-08,80517,,11,3,6020.0,14528210,CRRB,CARROLLTON BANCORP,CRRB,551111.0,Q,A,R,13085,3,6020.0,,,,60.0,602.0,,,,,,,3.5,2.9e-05,2576.0,1.0,3.5,9016.0,CRRB,10.0,,,,,1,1.0,1.0,7.0,,,,,10.0,1.0,,,,,,,10.0,2.0,2.0,9.0,,2.0,,,2.0,,,10.0,1.0,6.0,9.0,,7.0,,3.0,6.0,2.0,10.0,1.0,10.0,4.0,10.0,,,9.0,1.0,6,10.0,10,1
2011-07-11,80517,,11,3,6020.0,14528210,CRRB,CARROLLTON BANCORP,CRRB,551111.0,Q,A,R,13085,3,6020.0,,,,60.0,602.0,,,,,,,3.5,0.0,2576.0,1.0,3.3,9016.0,CRRB,10.0,,,,,1,1.0,1.0,7.0,,,,,10.0,1.0,,,,,,,10.0,2.0,2.0,9.0,,2.0,,,2.0,,,10.0,1.0,6.0,9.0,,7.0,,3.0,6.0,2.0,10.0,1.0,10.0,4.0,10.0,,,9.0,1.0,6,10.0,10,1
2011-07-12,80517,,11,3,6020.0,14528210,CRRB,CARROLLTON BANCORP,CRRB,551111.0,Q,A,R,13085,3,6020.0,,,,60.0,602.0,,,,,,,-3.395,-0.03,2576.0,1.0,,-8745.52,CRRB,10.0,,,,,1,1.0,1.0,7.0,,,,,10.0,1.0,,,,,,,10.0,2.0,2.0,9.0,,2.0,,,2.0,,,10.0,1.0,6.0,9.0,,7.0,,3.0,6.0,2.0,10.0,1.0,10.0,4.0,10.0,,,9.0,1.0,6,10.0,10,1
2011-07-13,80517,,11,3,6020.0,14528210,CRRB,CARROLLTON BANCORP,CRRB,551111.0,Q,A,R,13085,3,6020.0,,,,60.0,602.0,,,,,,,3.69,0.086893,2576.0,1.0,3.51,9505.44,CRRB,10.0,,,,,1,1.0,1.0,7.0,,,,,10.0,1.0,,,,,,,10.0,2.0,2.0,9.0,,2.0,,,2.0,,,10.0,1.0,6.0,9.0,,7.0,,3.0,6.0,2.0,10.0,1.0,10.0,4.0,10.0,,,9.0,1.0,6,10.0,10,1
2011-07-14,80517,,11,3,6020.0,14528210,CRRB,CARROLLTON BANCORP,CRRB,551111.0,Q,A,R,13085,3,6020.0,,,,60.0,602.0,,,,,,,3.89,0.054201,2576.0,1.0,3.89,10020.64,CRRB,10.0,,,,,1,1.0,1.0,7.0,,,,,10.0,1.0,,,,,,,10.0,2.0,2.0,9.0,,2.0,,,2.0,,,10.0,1.0,6.0,9.0,,7.0,,3.0,6.0,2.0,10.0,1.0,10.0,4.0,10.0,,,9.0,1.0,6,10.0,10,1
2011-07-15,80517,,11,3,6020.0,14528210,CRRB,CARROLLTON BANCORP,CRRB,551111.0,Q,A,R,13085,3,6020.0,,,,60.0,602.0,,,,,,,-3.755,-0.034704,2576.0,1.0,,-9672.88,CRRB,10.0,,,,,1,1.0,1.0,7.0,,,,,10.0,1.0,,,,,,,10.0,2.0,2.0,9.0,,2.0,,,2.0,,,10.0,1.0,6.0,9.0,,7.0,,3.0,6.0,2.0,10.0,1.0,10.0,4.0,10.0,,,9.0,1.0,6,10.0,10,1
2011-07-18,80517,,11,3,6020.0,14528210,CRRB,CARROLLTON BANCORP,CRRB,551111.0,Q,A,R,13085,3,6020.0,,,,60.0,602.0,,,,,,,3.38,-0.099867,2576.0,1.0,3.53,8706.88,CRRB,10.0,,,,,1,1.0,1.0,7.0,,,,,10.0,1.0,,,,,,,10.0,2.0,2.0,9.0,,2.0,,,2.0,,,10.0,1.0,6.0,9.0,,7.0,,3.0,6.0,2.0,10.0,1.0,10.0,4.0,10.0,,,9.0,1.0,6,10.0,10,1
2011-07-19,80517,,11,3,6020.0,14528210,CRRB,CARROLLTON BANCORP,CRRB,551111.0,Q,A,R,13085,3,6020.0,,,,60.0,602.0,,,,,,,3.5,0.035503,2576.0,1.0,3.28,9016.0,CRRB,10.0,,,,,1,1.0,1.0,7.0,,,,,10.0,1.0,,,,,,,10.0,2.0,2.0,9.0,,2.0,,,2.0,,,10.0,1.0,6.0,9.0,,7.0,,3.0,6.0,2.0,10.0,1.0,10.0,4.0,10.0,,,9.0,1.0,6,10.0,10,1
2011-07-20,80517,,11,3,6020.0,14528210,CRRB,CARROLLTON BANCORP,CRRB,551111.0,Q,A,R,13085,3,6020.0,,,,60.0,602.0,,,,,,,-3.46,-0.011429,2576.0,1.0,,-8912.96,CRRB,10.0,,,,,1,1.0,1.0,7.0,,,,,10.0,1.0,,,,,,,10.0,2.0,2.0,9.0,,2.0,,,2.0,,,10.0,1.0,6.0,9.0,,7.0,,3.0,6.0,2.0,10.0,1.0,10.0,4.0,10.0,,,9.0,1.0,6,10.0,10,1
2011-07-21,80517,,11,3,6020.0,14528210,CRRB,CARROLLTON BANCORP,CRRB,551111.0,Q,A,R,13085,3,6020.0,,,,60.0,602.0,,,,,,,-3.565,0.030347,2576.0,1.0,,-9183.44,CRRB,10.0,,,,,1,1.0,1.0,7.0,,,,,10.0,1.0,,,,,,,10.0,2.0,2.0,9.0,,2.0,,,2.0,,,10.0,1.0,6.0,9.0,,7.0,,3.0,6.0,2.0,10.0,1.0,10.0,4.0,10.0,,,9.0,1.0,6,10.0,10,1
2011-07-22,80517,,11,3,6020.0,14528210,CRRB,CARROLLTON BANCORP,CRRB,551111.0,Q,A,R,13085,3,6020.0,,,,60.0,602.0,,,,,,,-3.57,0.001403,2576.0,1.0,,-9196.32,CRRB,10.0,,,,,1,1.0,1.0,7.0,,,,,10.0,1.0,,,,,,,10.0,2.0,2.0,9.0,,2.0,,,2.0,,,10.0,1.0,6.0,9.0,,7.0,,3.0,6.0,2.0,10.0,1.0,10.0,4.0,10.0,,,9.0,1.0,6,10.0,10,1
2011-07-25,80517,,11,3,6020.0,14528210,CRRB,CARROLLTON BANCORP,CRRB,551111.0,Q,A,R,13085,3,6020.0,,,,60.0,602.0,,,,,,,3.35,-0.061625,2576.0,1.0,3.26,8629.6,CRRB,10.0,,,,,1,1.0,1.0,7.0,,,,,10.0,1.0,,,,,,,10.0,2.0,2.0,9.0,,2.0,,,2.0,,,10.0,1.0,6.0,9.0,,7.0,,3.0,6.0,2.0,10.0,1.0,10.0,4.0,10.0,,,9.0,1.0,6,10.0,10,1
2011-07-26,80517,,11,3,6020.0,14528210,CRRB,CARROLLTON BANCORP,CRRB,551111.0,Q,A,R,13085,3,6020.0,,,,60.0,602.0,,,,,,,-3.565,0.064179,2576.0,1.0,,-9183.44,CRRB,10.0,,,,,1,1.0,1.0,7.0,,,,,10.0,1.0,,,,,,,10.0,2.0,2.0,9.0,,2.0,,,2.0,,,10.0,1.0,6.0,9.0,,7.0,,3.0,6.0,2.0,10.0,1.0,10.0,4.0,10.0,,,9.0,1.0,6,10.0,10,1
2011-07-27,80517,,11,3,6020.0,14528210,CRRB,CARROLLTON BANCORP,CRRB,551111.0,Q,A,R,13085,3,6020.0,,,,60.0,602.0,,,,,,,-3.565,0.0,2576.0,1.0,,-9183.44,CRRB,10.0,,,,,1,1.0,1.0,7.0,,,,,10.0,1.0,,,,,,,10.0,2.0,2.0,9.0,,2.0,,,2.0,,,10.0,1.0,6.0,9.0,,7.0,,3.0,6.0,2.0,10.0,1.0,10.0,4.0,10.0,,,9.0,1.0,6,10.0,10,1
2011-07-28,80517,,11,3,6020.0,14528210,CRRB,CARROLLTON BANCORP,CRRB,551111.0,Q,A,R,13085,3,6020.0,,,,60.0,602.0,,,,,,,-3.565,0.0,2576.0,1.0,,-9183.44,CRRB,10.0,,,,,1,1.0,1.0,7.0,,,,,10.0,1.0,,,,,,,10.0,2.0,2.0,9.0,,2.0,,,2.0,,,10.0,1.0,6.0,9.0,,7.0,,3.0,6.0,2.0,10.0,1.0,10.0,4.0,10.0,,,9.0,1.0,6,10.0,10,1
2011-07-29,80517,,11,3,6020.0,14528210,CRRB,CARROLLTON BANCORP,CRRB,551111.0,Q,A,R,13085,3,6020.0,,,,60.0,602.0,,,,,,,-3.54,-0.007013,2576.0,1.0,,-9119.04,CRRB,10.0,,,,,1,1.0,1.0,7.0,,,,,10.0,1.0,,,,,,,10.0,2.0,2.0,9.0,,2.0,,,2.0,,,10.0,1.0,6.0,9.0,,7.0,,3.0,6.0,2.0,10.0,1.0,10.0,4.0,10.0,,,9.0,1.0,6,10.0,10,1
2011-08-01,80517,,11,3,6020.0,14528210,CRRB,CARROLLTON BANCORP,CRRB,551111.0,Q,A,R,13085,3,6020.0,,,,60.0,602.0,,,,,,,-3.54,0.0,2576.0,1.0,,-9119.04,CRRB,10.0,,,,,1,1.0,1.0,7.0,,,,,10.0,1.0,,,,,,,10.0,2.0,2.0,9.0,,2.0,,,2.0,,,10.0,1.0,2.0,10.0,,7.0,,,,,5.0,1.0,10.0,1.0,4.0,,,9.0,1.0,6,10.0,10,1
2011-08-02,80517,,11,3,6020.0,14528210,CRRB,CARROLLTON BANCORP,CRRB,551111.0,Q,A,R,13085,3,6020.0,,,,60.0,602.0,,,,,,,-3.49,-0.014124,2576.0,1.0,,-8990.24,CRRB,10.0,,,,,1,1.0,1.0,7.0,,,,,10.0,1.0,,,,,,,10.0,2.0,2.0,9.0,,2.0,,,2.0,,,10.0,1.0,2.0,10.0,,7.0,,,,,5.0,1.0,10.0,1.0,4.0,,,9.0,1.0,6,10.0,10,1
2011-08-03,80517,,11,3,6020.0,14528210,CRRB,CARROLLTON BANCORP,CRRB,551111.0,Q,A,R,13085,3,6020.0,,,,60.0,602.0,,,,,,,3.5,0.002865,2576.0,1.0,3.13,9016.0,CRRB,10.0,,,,,1,1.0,1.0,7.0,,,,,10.0,1.0,,,,,,,10.0,2.0,2.0,9.0,,2.0,,,2.0,,,10.0,1.0,2.0,10.0,,7.0,,,,,5.0,1.0,10.0,1.0,4.0,,,9.0,1.0,6,10.0,10,1
2011-08-04,80517,,11,3,6020.0,14528210,CRRB,CARROLLTON BANCORP,CRRB,551111.0,Q,A,R,13085,3,6020.0,,,,60.0,602.0,,,,,,,-3.66,0.045714,2576.0,1.0,,-9428.16,CRRB,10.0,,,,,1,1.0,1.0,7.0,,,,,10.0,1.0,,,,,,,10.0,2.0,2.0,9.0,,2.0,,,2.0,,,10.0,1.0,2.0,10.0,,7.0,,,,,5.0,1.0,10.0,1.0,4.0,,,9.0,1.0,6,10.0,10,1
2011-08-05,80517,,11,3,6020.0,14528210,CRRB,CARROLLTON BANCORP,CRRB,551111.0,Q,A,R,13085,3,6020.0,,,,60.0,602.0,,,,,,,-3.345,-0.086066,2576.0,1.0,,-8616.72,CRRB,10.0,,,,,1,1.0,1.0,7.0,,,,,10.0,1.0,,,,,,,10.0,2.0,2.0,9.0,,2.0,,,2.0,,,10.0,1.0,2.0,10.0,,7.0,,,,,5.0,1.0,10.0,1.0,4.0,,,9.0,1.0,6,10.0,10,1
2011-08-08,80517,,11,3,6020.0,14528210,CRRB,CARROLLTON BANCORP,CRRB,551111.0,Q,A,R,13085,3,6020.0,,,,60.0,602.0,,,,,,,3.08,-0.079223,2576.0,1.0,3.06,7934.08,CRRB,10.0,,,,,1,1.0,1.0,7.0,,,,,10.0,1.0,,,,,,,10.0,2.0,2.0,9.0,,2.0,,,2.0,,,10.0,1.0,2.0,10.0,,7.0,,,,,5.0,1.0,10.0,1.0,4.0,,,9.0,1.0,6,10.0,10,1
2011-08-09,80517,,11,3,6020.0,14528210,CRRB,CARROLLTON BANCORP,CRRB,551111.0,Q,A,R,13085,3,6020.0,,,,60.0,602.0,,,,,,,3.2,0.038961,2576.0,1.0,3.2,8243.2,CRRB,10.0,,,,,1,1.0,1.0,7.0,,,,,10.0,1.0,,,,,,,10.0,2.0,2.0,9.0,,2.0,,,2.0,,,10.0,1.0,2.0,10.0,,7.0,,,,,5.0,1.0,10.0,1.0,4.0,,,9.0,1.0,6,10.0,10,1
2011-08-10,80517,,11,3,6020.0,14528210,CRRB,CARROLLTON BANCORP,CRRB,551111.0,Q,A,R,13085,3,6020.0,,,,60.0,602.0,,,,,,,-3.36,0.05,2576.0,1.0,,-8655.36,CRRB,10.0,,,,,1,1.0,1.0,7.0,,,,,10.0,1.0,,,,,,,10.0,2.0,2.0,9.0,,2.0,,,2.0,,,10.0,1.0,2.0,10.0,,7.0,,,,,5.0,1.0,10.0,1.0,4.0,,,9.0,1.0,6,10.0,10,1
2011-08-11,80517,,11,3,6020.0,14528210,CRRB,CARROLLTON BANCORP,CRRB,551111.0,Q,A,R,13085,3,6020.0,,,,60.0,602.0,,,,,,,-3.37,0.002976,2576.0,1.0,,-8681.12,CRRB,10.0,,,,,1,1.0,1.0,7.0,,,,,10.0,1.0,,,,,,,10.0,2.0,2.0,9.0,,2.0,,,2.0,,,10.0,1.0,2.0,10.0,,7.0,,,,,5.0,1.0,10.0,1.0,4.0,,,9.0,1.0,6,10.0,10,1
2011-08-12,80517,,11,3,6020.0,14528210,CRRB,CARROLLTON BANCORP,CRRB,551111.0,Q,A,R,13085,3,6020.0,,,,60.0,602.0,,,,,,,-3.35,-0.005935,2576.0,1.0,,-8629.6,CRRB,10.0,,,,,1,1.0,1.0,7.0,,,,,10.0,1.0,,,,,,,10.0,2.0,2.0,9.0,,2.0,,,2.0,,,10.0,1.0,2.0,10.0,,7.0,,,,,5.0,1.0,10.0,1.0,4.0,,,9.0,1.0,6,10.0,10,1
2011-08-15,80517,,11,3,6020.0,14528210,CRRB,CARROLLTON BANCORP,CRRB,551111.0,Q,A,R,13085,3,6020.0,,,,60.0,602.0,,,,,,,-3.39,0.01194,2576.0,1.0,,-8732.64,CRRB,10.0,,,,,1,1.0,1.0,7.0,,,,,10.0,1.0,,,,,,,10.0,2.0,2.0,9.0,,2.0,,,2.0,,,10.0,1.0,2.0,10.0,,7.0,,,,,5.0,1.0,10.0,1.0,4.0,,,9.0,1.0,6,10.0,10,1
2011-08-16,80517,,11,3,6020.0,14528210,CRRB,CARROLLTON BANCORP,CRRB,551111.0,Q,A,R,13085,3,6020.0,,,,60.0,602.0,,,,,,,3.2,-0.056047,2576.0,1.0,3.22,8243.2,CRRB,10.0,,,,,1,1.0,1.0,7.0,,,,,10.0,1.0,,,,,,,10.0,2.0,2.0,9.0,,2.0,,,2.0,,,10.0,1.0,2.0,10.0,,7.0,,,,,5.0,1.0,10.0,1.0,4.0,,,9.0,1.0,6,10.0,10,1
2011-08-17,80517,,11,3,6020.0,14528210,CRRB,CARROLLTON BANCORP,CRRB,551111.0,Q,A,R,13085,3,6020.0,,,,60.0,602.0,,,,,,,-3.4,0.0625,2576.0,1.0,,-8758.4,CRRB,10.0,,,,,1,1.0,1.0,7.0,,,,,10.0,1.0,,,,,,,10.0,2.0,2.0,9.0,,2.0,,,2.0,,,10.0,1.0,2.0,10.0,,7.0,,,,,5.0,1.0,10.0,1.0,4.0,,,9.0,1.0,6,10.0,10,1
2011-08-18,80517,,11,3,6020.0,14528210,CRRB,CARROLLTON BANCORP,CRRB,551111.0,Q,A,R,13085,3,6020.0,,,,60.0,602.0,,,,,,,-3.4,0.0,2576.0,1.0,,-8758.4,CRRB,10.0,,,,,1,1.0,1.0,7.0,,,,,10.0,1.0,,,,,,,10.0,2.0,2.0,9.0,,2.0,,,2.0,,,10.0,1.0,2.0,10.0,,7.0,,,,,5.0,1.0,10.0,1.0,4.0,,,9.0,1.0,6,10.0,10,1
2011-08-19,80517,,11,3,6020.0,14528210,CRRB,CARROLLTON BANCORP,CRRB,551111.0,Q,A,R,13085,3,6020.0,,,,60.0,602.0,,,,,,,-3.4,0.0,2576.0,1.0,,-8758.4,CRRB,10.0,,,,,1,1.0,1.0,7.0,,,,,10.0,1.0,,,,,,,10.0,2.0,2.0,9.0,,2.0,,,2.0,,,10.0,1.0,2.0,10.0,,7.0,,,,,5.0,1.0,10.0,1.0,4.0,,,9.0,1.0,6,10.0,10,1
2011-08-22,80517,,11,3,6020.0,14528210,CRRB,CARROLLTON BANCORP,CRRB,551111.0,Q,A,R,13085,3,6020.0,,,,60.0,602.0,,,,,,,-3.4,0.0,2576.0,1.0,,-8758.4,CRRB,10.0,,,,,1,1.0,1.0,7.0,,,,,10.0,1.0,,,,,,,10.0,2.0,2.0,9.0,,2.0,,,2.0,,,10.0,1.0,2.0,10.0,,7.0,,,,,5.0,1.0,10.0,1.0,4.0,,,9.0,1.0,6,10.0,10,1
2011-08-23,80517,,11,3,6020.0,14528210,CRRB,CARROLLTON BANCORP,CRRB,551111.0,Q,A,R,13085,3,6020.0,,,,60.0,602.0,,,,,,,-3.4,0.0,2576.0,1.0,,-8758.4,CRRB,10.0,,,,,1,1.0,1.0,7.0,,,,,10.0,1.0,,,,,,,10.0,2.0,2.0,9.0,,2.0,,,2.0,,,10.0,1.0,2.0,10.0,,7.0,,,,,5.0,1.0,10.0,1.0,4.0,,,9.0,1.0,6,10.0,10,1
2011-08-24,80517,,11,3,6020.0,14528210,CRRB,CARROLLTON BANCORP,CRRB,551111.0,Q,A,R,13085,3,6020.0,,,,60.0,602.0,,,,,,,-3.445,0.013235,2576.0,1.0,,-8874.32,CRRB,10.0,,,,,1,1.0,1.0,7.0,,,,,10.0,1.0,,,,,,,10.0,2.0,2.0,9.0,,2.0,,,2.0,,,10.0,1.0,2.0,10.0,,7.0,,,,,5.0,1.0,10.0,1.0,4.0,,,9.0,1.0,6,10.0,10,1
2011-08-25,80517,,11,3,6020.0,14528210,CRRB,CARROLLTON BANCORP,CRRB,551111.0,Q,A,R,13085,3,6020.0,,,,60.0,602.0,,,,,,,-3.4,-0.013062,2576.0,1.0,,-8758.4,CRRB,10.0,,,,,1,1.0,1.0,7.0,,,,,10.0,1.0,,,,,,,10.0,2.0,2.0,9.0,,2.0,,,2.0,,,10.0,1.0,2.0,10.0,,7.0,,,,,5.0,1.0,10.0,1.0,4.0,,,9.0,1.0,6,10.0,10,1
2011-08-26,80517,,11,3,6020.0,14528210,CRRB,CARROLLTON BANCORP,CRRB,551111.0,Q,A,R,13085,3,6020.0,,,,60.0,602.0,,,,,,,-3.4,0.0,2576.0,1.0,,-8758.4,CRRB,10.0,,,,,1,1.0,1.0,7.0,,,,,10.0,1.0,,,,,,,10.0,2.0,2.0,9.0,,2.0,,,2.0,,,10.0,1.0,2.0,10.0,,7.0,,,,,5.0,1.0,10.0,1.0,4.0,,,9.0,1.0,6,10.0,10,1
2011-08-29,80517,,11,3,6020.0,14528210,CRRB,CARROLLTON BANCORP,CRRB,551111.0,Q,A,R,13085,3,6020.0,,,,60.0,602.0,,,,,,,-3.405,0.001471,2576.0,1.0,,-8771.28,CRRB,10.0,,,,,1,1.0,1.0,7.0,,,,,10.0,1.0,,,,,,,10.0,2.0,2.0,9.0,,2.0,,,2.0,,,10.0,1.0,2.0,10.0,,7.0,,,,,5.0,1.0,10.0,1.0,4.0,,,9.0,1.0,6,10.0,10,1
2011-08-30,80517,,11,3,6020.0,14528210,CRRB,CARROLLTON BANCORP,CRRB,551111.0,Q,A,R,13085,3,6020.0,,,,60.0,602.0,,,,,,,-3.4,-0.001468,2576.0,1.0,,-8758.4,CRRB,10.0,,,,,1,1.0,1.0,7.0,,,,,10.0,1.0,,,,,,,10.0,2.0,2.0,9.0,,2.0,,,2.0,,,10.0,1.0,2.0,10.0,,7.0,,,,,5.0,1.0,10.0,1.0,4.0,,,9.0,1.0,6,10.0,10,1
2011-08-31,80517,,11,3,6020.0,14528210,CRRB,CARROLLTON BANCORP,CRRB,551111.0,Q,A,R,13085,3,6020.0,,,,60.0,602.0,,,,,,,-3.4,0.0,2576.0,1.0,,-8758.4,CRRB,10.0,,,,,1,1.0,1.0,7.0,,,,,10.0,1.0,,,,,,,10.0,2.0,2.0,9.0,,2.0,,,2.0,,,10.0,1.0,2.0,10.0,,7.0,,,,,5.0,1.0,10.0,1.0,4.0,,,9.0,1.0,6,10.0,10,1
2011-09-01,80517,,11,3,6020.0,14528210,CRRB,CARROLLTON BANCORP,CRRB,551111.0,Q,A,R,13085,3,6020.0,,,,60.0,602.0,,,,,,,-3.3,-0.029412,2576.0,1.0,,-8500.8,CRRB,10.0,,,,,1,1.0,1.0,7.0,,,,,10.0,1.0,,,,,,,10.0,2.0,2.0,9.0,,2.0,,,2.0,,,10.0,1.0,5.0,10.0,,7.0,,1.0,1.0,2.0,4.0,1.0,10.0,1.0,2.0,,,9.0,1.0,6,10.0,10,1
2011-09-02,80517,,11,3,6020.0,14528210,CRRB,CARROLLTON BANCORP,CRRB,551111.0,Q,A,R,13085,3,6020.0,,,,60.0,602.0,,,,,,,-3.3,0.0,2576.0,1.0,,-8500.8,CRRB,10.0,,,,,1,1.0,1.0,7.0,,,,,10.0,1.0,,,,,,,10.0,2.0,2.0,9.0,,2.0,,,2.0,,,10.0,1.0,5.0,10.0,,7.0,,1.0,1.0,2.0,4.0,1.0,10.0,1.0,2.0,,,9.0,1.0,6,10.0,10,1
2011-09-06,80517,,11,3,6020.0,14528210,CRRB,CARROLLTON BANCORP,CRRB,551111.0,Q,A,R,13085,3,6020.0,,,,60.0,602.0,,,,,,,-3.3,0.0,2576.0,1.0,,-8500.8,CRRB,10.0,,,,,1,1.0,1.0,7.0,,,,,10.0,1.0,,,,,,,10.0,2.0,2.0,9.0,,2.0,,,2.0,,,10.0,1.0,5.0,10.0,,7.0,,1.0,1.0,2.0,4.0,1.0,10.0,1.0,2.0,,,9.0,1.0,6,10.0,10,1
2011-09-07,80517,,11,3,6020.0,14528210,CRRB,CARROLLTON BANCORP,CRRB,551111.0,Q,A,R,13085,3,6020.0,,,,60.0,602.0,,,,,,,-3.3,0.0,2576.0,1.0,,-8500.8,CRRB,10.0,,,,,1,1.0,1.0,7.0,,,,,10.0,1.0,,,,,,,10.0,2.0,2.0,9.0,,2.0,,,2.0,,,10.0,1.0,5.0,10.0,,7.0,,1.0,1.0,2.0,4.0,1.0,10.0,1.0,2.0,,,9.0,1.0,6,10.0,10,1
2011-09-08,80517,,11,3,6020.0,14528210,CRRB,CARROLLTON BANCORP,CRRB,551111.0,Q,A,R,13085,3,6020.0,,,,60.0,602.0,,,,,,,-3.3,0.0,2576.0,1.0,,-8500.8,CRRB,10.0,,,,,1,1.0,1.0,7.0,,,,,10.0,1.0,,,,,,,10.0,2.0,2.0,9.0,,2.0,,,2.0,,,10.0,1.0,5.0,10.0,,7.0,,1.0,1.0,2.0,4.0,1.0,10.0,1.0,2.0,,,9.0,1.0,6,10.0,10,1
2011-09-09,80517,,11,3,6020.0,14528210,CRRB,CARROLLTON BANCORP,CRRB,551111.0,Q,A,R,13085,3,6020.0,,,,60.0,602.0,,,,,,,-3.3,0.0,2576.0,1.0,,-8500.8,CRRB,10.0,,,,,1,1.0,1.0,7.0,,,,,10.0,1.0,,,,,,,10.0,2.0,2.0,9.0,,2.0,,,2.0,,,10.0,1.0,5.0,10.0,,7.0,,1.0,1.0,2.0,4.0,1.0,10.0,1.0,2.0,,,9.0,1.0,6,10.0,10,1
2011-09-12,80517,,11,3,6020.0,14528210,CRRB,CARROLLTON BANCORP,CRRB,551111.0,Q,A,R,13085,3,6020.0,,,,60.0,602.0,,,,,,,-3.3,0.0,2576.0,1.0,,-8500.8,CRRB,10.0,,,,,1,1.0,1.0,7.0,,,,,10.0,1.0,,,,,,,10.0,2.0,2.0,9.0,,2.0,,,2.0,,,10.0,1.0,5.0,10.0,,7.0,,1.0,1.0,2.0,4.0,1.0,10.0,1.0,2.0,,,9.0,1.0,6,10.0,10,1
2011-09-13,80517,,11,3,6020.0,14528210,CRRB,CARROLLTON BANCORP,CRRB,551111.0,Q,A,R,13085,3,6020.0,,,,60.0,602.0,,,,,,,-3.3,0.0,2576.0,1.0,,-8500.8,CRRB,10.0,,,,,1,1.0,1.0,7.0,,,,,10.0,1.0,,,,,,,10.0,2.0,2.0,9.0,,2.0,,,2.0,,,10.0,1.0,5.0,10.0,,7.0,,1.0,1.0,2.0,4.0,1.0,10.0,1.0,2.0,,,9.0,1.0,6,10.0,10,1
2011-09-14,80517,,11,3,6020.0,14528210,CRRB,CARROLLTON BANCORP,CRRB,551111.0,Q,A,R,13085,3,6020.0,,,,60.0,602.0,,,,,,,-3.3,0.0,2576.0,1.0,,-8500.8,CRRB,10.0,,,,,1,1.0,1.0,7.0,,,,,10.0,1.0,,,,,,,10.0,2.0,2.0,9.0,,2.0,,,2.0,,,10.0,1.0,5.0,10.0,,7.0,,1.0,1.0,2.0,4.0,1.0,10.0,1.0,2.0,,,9.0,1.0,6,10.0,10,1
2011-09-15,80517,,11,3,6020.0,14528210,CRRB,CARROLLTON BANCORP,CRRB,551111.0,Q,A,R,13085,3,6020.0,,,,60.0,602.0,,,,,,,-3.3,0.0,2576.0,1.0,,-8500.8,CRRB,10.0,,,,,1,1.0,1.0,7.0,,,,,10.0,1.0,,,,,,,10.0,2.0,2.0,9.0,,2.0,,,2.0,,,10.0,1.0,5.0,10.0,,7.0,,1.0,1.0,2.0,4.0,1.0,10.0,1.0,2.0,,,9.0,1.0,6,10.0,10,1
2011-09-16,80517,,11,3,6020.0,14528210,CRRB,CARROLLTON BANCORP,CRRB,551111.0,Q,A,R,13085,3,6020.0,,,,60.0,602.0,,,,,,,-3.3,0.0,2576.0,1.0,,-8500.8,CRRB,10.0,,,,,1,1.0,1.0,7.0,,,,,10.0,1.0,,,,,,,10.0,2.0,2.0,9.0,,2.0,,,2.0,,,10.0,1.0,5.0,10.0,,7.0,,1.0,1.0,2.0,4.0,1.0,10.0,1.0,2.0,,,9.0,1.0,6,10.0,10,1
2011-09-19,80517,,11,3,6020.0,14528210,CRRB,CARROLLTON BANCORP,CRRB,551111.0,Q,A,R,13085,3,6020.0,,,,60.0,602.0,,,,,,,-3.3,0.0,2576.0,1.0,,-8500.8,CRRB,10.0,,,,,1,1.0,1.0,7.0,,,,,10.0,1.0,,,,,,,10.0,2.0,2.0,9.0,,2.0,,,2.0,,,10.0,1.0,5.0,10.0,,7.0,,1.0,1.0,2.0,4.0,1.0,10.0,1.0,2.0,,,9.0,1.0,6,10.0,10,1
2011-09-20,80517,,11,3,6020.0,14528210,CRRB,CARROLLTON BANCORP,CRRB,551111.0,Q,A,R,13085,3,6020.0,,,,60.0,602.0,,,,,,,-3.3,0.0,2576.0,1.0,,-8500.8,CRRB,10.0,,,,,1,1.0,1.0,7.0,,,,,10.0,1.0,,,,,,,10.0,2.0,2.0,9.0,,2.0,,,2.0,,,10.0,1.0,5.0,10.0,,7.0,,1.0,1.0,2.0,4.0,1.0,10.0,1.0,2.0,,,9.0,1.0,6,10.0,10,1
2011-09-21,80517,,11,3,6020.0,14528210,CRRB,CARROLLTON BANCORP,CRRB,551111.0,Q,A,R,13085,3,6020.0,,,,60.0,602.0,,,,,,,-3.3,0.0,2576.0,1.0,,-8500.8,CRRB,10.0,,,,,1,1.0,1.0,7.0,,,,,10.0,1.0,,,,,,,10.0,2.0,2.0,9.0,,2.0,,,2.0,,,10.0,1.0,5.0,10.0,,7.0,,1.0,1.0,2.0,4.0,1.0,10.0,1.0,2.0,,,9.0,1.0,6,10.0,10,1
2011-09-22,80517,,11,3,6020.0,14528210,CRRB,CARROLLTON BANCORP,CRRB,551111.0,Q,A,R,13085,3,6020.0,,,,60.0,602.0,,,,,,,-3.3,0.0,2576.0,1.0,,-8500.8,CRRB,10.0,,,,,1,1.0,1.0,7.0,,,,,10.0,1.0,,,,,,,10.0,2.0,2.0,9.0,,2.0,,,2.0,,,10.0,1.0,5.0,10.0,,7.0,,1.0,1.0,2.0,4.0,1.0,10.0,1.0,2.0,,,9.0,1.0,6,10.0,10,1
2011-09-23,80517,,11,3,6020.0,14528210,CRRB,CARROLLTON BANCORP,CRRB,551111.0,Q,A,R,13085,3,6020.0,,,,60.0,602.0,,,,,,,-3.3,0.0,2576.0,1.0,,-8500.8,CRRB,10.0,,,,,1,1.0,1.0,7.0,,,,,10.0,1.0,,,,,,,10.0,2.0,2.0,9.0,,2.0,,,2.0,,,10.0,1.0,5.0,10.0,,7.0,,1.0,1.0,2.0,4.0,1.0,10.0,1.0,2.0,,,9.0,1.0,6,10.0,10,1
2011-09-26,80517,,11,3,6020.0,14528210,CRRB,CARROLLTON BANCORP,CRRB,551111.0,Q,A,R,13085,3,6020.0,,,,60.0,602.0,,,,,,,3.2,-0.030303,2576.0,1.0,3.2,8243.2,CRRB,10.0,,,,,1,1.0,1.0,7.0,,,,,10.0,1.0,,,,,,,10.0,2.0,2.0,9.0,,2.0,,,2.0,,,10.0,1.0,5.0,10.0,,7.0,,1.0,1.0,2.0,4.0,1.0,10.0,1.0,2.0,,,9.0,1.0,6,10.0,10,1
2011-09-27,80517,,11,3,6020.0,14528210,CRRB,CARROLLTON BANCORP,CRRB,551111.0,Q,A,R,13085,3,6020.0,,,,60.0,602.0,,,,,,,-3.3,0.03125,2576.0,1.0,,-8500.8,CRRB,10.0,,,,,1,1.0,1.0,7.0,,,,,10.0,1.0,,,,,,,10.0,2.0,2.0,9.0,,2.0,,,2.0,,,10.0,1.0,5.0,10.0,,7.0,,1.0,1.0,2.0,4.0,1.0,10.0,1.0,2.0,,,9.0,1.0,6,10.0,10,1
2011-09-28,80517,,11,3,6020.0,14528210,CRRB,CARROLLTON BANCORP,CRRB,551111.0,Q,A,R,13085,3,6020.0,,,,60.0,602.0,,,,,,,-3.3,0.0,2576.0,1.0,,-8500.8,CRRB,10.0,,,,,1,1.0,1.0,7.0,,,,,10.0,1.0,,,,,,,10.0,2.0,2.0,9.0,,2.0,,,2.0,,,10.0,1.0,5.0,10.0,,7.0,,1.0,1.0,2.0,4.0,1.0,10.0,1.0,2.0,,,9.0,1.0,6,10.0,10,1
2011-09-29,80517,,11,3,6020.0,14528210,CRRB,CARROLLTON BANCORP,CRRB,551111.0,Q,A,R,13085,3,6020.0,,,,60.0,602.0,,,,,,,-3.3,0.0,2576.0,1.0,,-8500.8,CRRB,10.0,,,,,1,1.0,1.0,7.0,,,,,10.0,1.0,,,,,,,10.0,2.0,2.0,9.0,,2.0,,,2.0,,,10.0,1.0,5.0,10.0,,7.0,,1.0,1.0,2.0,4.0,1.0,10.0,1.0,2.0,,,9.0,1.0,6,10.0,10,1
2011-09-30,80517,,11,3,6020.0,14528210,CRRB,CARROLLTON BANCORP,CRRB,551111.0,Q,A,R,13085,3,6020.0,,,,60.0,602.0,,,,,,,3.2,-0.030303,2576.0,1.0,3.2,8243.2,CRRB,10.0,,,,,1,1.0,1.0,7.0,,,,,10.0,1.0,,,,,,,10.0,2.0,2.0,9.0,,2.0,,,2.0,,,10.0,1.0,5.0,10.0,,7.0,,1.0,1.0,2.0,4.0,1.0,10.0,1.0,2.0,,,9.0,1.0,6,10.0,10,1
2011-10-03,80517,,11,3,6020.0,14528210,CRRB,CARROLLTON BANCORP,CRRB,551111.0,Q,A,R,13085,3,6020.0,,,,60.0,602.0,,,,,,,-2.67,-0.165625,2576.0,1.0,,-6877.92,CRRB,10.0,,,,,1,1.0,1.0,7.0,,,,,10.0,1.0,,,,,,,10.0,2.0,2.0,9.0,,2.0,,,3.0,,,10.0,1.0,10.0,10.0,,7.0,,1.0,1.0,2.0,3.0,1.0,10.0,9.0,2.0,,,8.0,1.0,6,10.0,10,1
2011-10-04,80517,,11,3,6020.0,14528210,CRRB,CARROLLTON BANCORP,CRRB,551111.0,Q,A,R,13085,3,6020.0,,,,60.0,602.0,,,,,,,-2.67,0.0,2576.0,1.0,,-6877.92,CRRB,10.0,,,,,1,1.0,1.0,7.0,,,,,10.0,1.0,,,,,,,10.0,2.0,2.0,9.0,,2.0,,,3.0,,,10.0,1.0,10.0,10.0,,7.0,,1.0,1.0,2.0,3.0,1.0,10.0,9.0,2.0,,,8.0,1.0,6,10.0,10,1
2011-10-05,80517,,11,3,6020.0,14528210,CRRB,CARROLLTON BANCORP,CRRB,551111.0,Q,A,R,13085,3,6020.0,,,,60.0,602.0,,,,,,,-2.67,0.0,2576.0,1.0,,-6877.92,CRRB,10.0,,,,,1,1.0,1.0,7.0,,,,,10.0,1.0,,,,,,,10.0,2.0,2.0,9.0,,2.0,,,3.0,,,10.0,1.0,10.0,10.0,,7.0,,1.0,1.0,2.0,3.0,1.0,10.0,9.0,2.0,,,8.0,1.0,6,10.0,10,1
2011-10-06,80517,,11,3,6020.0,14528210,CRRB,CARROLLTON BANCORP,CRRB,551111.0,Q,A,R,13085,3,6020.0,,,,60.0,602.0,,,,,,,-2.72,0.018726,2576.0,1.0,,-7006.72,CRRB,10.0,,,,,1,1.0,1.0,7.0,,,,,10.0,1.0,,,,,,,10.0,2.0,2.0,9.0,,2.0,,,3.0,,,10.0,1.0,10.0,10.0,,7.0,,1.0,1.0,2.0,3.0,1.0,10.0,9.0,2.0,,,8.0,1.0,6,10.0,10,1
2011-10-07,80517,,11,3,6020.0,14528210,CRRB,CARROLLTON BANCORP,CRRB,551111.0,Q,A,R,13085,3,6020.0,,,,60.0,602.0,,,,,,,-2.72,0.0,2576.0,1.0,,-7006.72,CRRB,10.0,,,,,1,1.0,1.0,7.0,,,,,10.0,1.0,,,,,,,10.0,2.0,2.0,9.0,,2.0,,,3.0,,,10.0,1.0,10.0,10.0,,7.0,,1.0,1.0,2.0,3.0,1.0,10.0,9.0,2.0,,,8.0,1.0,6,10.0,10,1
2011-10-10,80517,,11,3,6020.0,14528210,CRRB,CARROLLTON BANCORP,CRRB,551111.0,Q,A,R,13085,3,6020.0,,,,60.0,602.0,,,,,,,-2.91,0.069853,2576.0,1.0,,-7496.16,CRRB,10.0,,,,,1,1.0,1.0,7.0,,,,,10.0,1.0,,,,,,,10.0,2.0,2.0,9.0,,2.0,,,3.0,,,10.0,1.0,10.0,10.0,,7.0,,1.0,1.0,2.0,3.0,1.0,10.0,9.0,2.0,,,8.0,1.0,6,10.0,10,1
2011-10-11,80517,,11,3,6020.0,14528210,CRRB,CARROLLTON BANCORP,CRRB,551111.0,Q,A,R,13085,3,6020.0,,,,60.0,602.0,,,,,,,,,2576.0,1.0,,,CRRB,10.0,,,,,1,1.0,1.0,7.0,,,,,10.0,1.0,,,,,,,10.0,2.0,2.0,9.0,,2.0,,,3.0,,,10.0,1.0,10.0,10.0,,7.0,,1.0,1.0,2.0,3.0,1.0,10.0,9.0,2.0,,,8.0,1.0,6,10.0,10,1
2011-10-12,80517,,11,3,6020.0,14528210,CRRB,CARROLLTON BANCORP,CRRB,551111.0,Q,A,R,13085,3,6020.0,,,,60.0,602.0,,,,,,,3.15,0.082474,2576.0,1.0,2.77,8114.4,CRRB,10.0,,,,,1,1.0,1.0,7.0,,,,,10.0,1.0,,,,,,,10.0,2.0,2.0,9.0,,2.0,,,3.0,,,10.0,1.0,10.0,10.0,,7.0,,1.0,1.0,2.0,3.0,1.0,10.0,9.0,2.0,,,8.0,1.0,6,10.0,10,1
2011-10-13,80517,,11,3,6020.0,14528210,CRRB,CARROLLTON BANCORP,CRRB,551111.0,Q,A,R,13085,3,6020.0,,,,60.0,602.0,,,,,,,2.62,-0.168254,2576.0,1.0,2.71,6749.12,CRRB,10.0,,,,,1,1.0,1.0,7.0,,,,,10.0,1.0,,,,,,,10.0,2.0,2.0,9.0,,2.0,,,3.0,,,10.0,1.0,10.0,10.0,,7.0,,1.0,1.0,2.0,3.0,1.0,10.0,9.0,2.0,,,8.0,1.0,6,10.0,10,1
2011-10-14,80517,,11,3,6020.0,14528210,CRRB,CARROLLTON BANCORP,CRRB,551111.0,Q,A,R,13085,3,6020.0,,,,60.0,602.0,,,,,,,2.751,0.05,2576.0,1.0,2.75,7086.576,CRRB,10.0,,,,,1,1.0,1.0,7.0,,,,,10.0,1.0,,,,,,,10.0,2.0,2.0,9.0,,2.0,,,3.0,,,10.0,1.0,10.0,10.0,,7.0,,1.0,1.0,2.0,3.0,1.0,10.0,9.0,2.0,,,8.0,1.0,6,10.0,10,1
2011-10-17,80517,,11,3,6020.0,14528210,CRRB,CARROLLTON BANCORP,CRRB,551111.0,Q,A,R,13085,3,6020.0,,,,60.0,602.0,,,,,,,2.7,-0.018539,2576.0,1.0,2.75,6955.2,CRRB,10.0,,,,,1,1.0,1.0,7.0,,,,,10.0,1.0,,,,,,,10.0,2.0,2.0,9.0,,2.0,,,3.0,,,10.0,1.0,10.0,10.0,,7.0,,1.0,1.0,2.0,3.0,1.0,10.0,9.0,2.0,,,8.0,1.0,6,10.0,10,1
2011-10-18,80517,,11,3,6020.0,14528210,CRRB,CARROLLTON BANCORP,CRRB,551111.0,Q,A,R,13085,3,6020.0,,,,60.0,602.0,,,,,,,2.7,0.0,2576.0,1.0,2.72,6955.2,CRRB,10.0,,,,,1,1.0,1.0,7.0,,,,,10.0,1.0,,,,,,,10.0,2.0,2.0,9.0,,2.0,,,3.0,,,10.0,1.0,10.0,10.0,,7.0,,1.0,1.0,2.0,3.0,1.0,10.0,9.0,2.0,,,8.0,1.0,6,10.0,10,1
2011-10-19,80517,,11,3,6020.0,14528210,CRRB,CARROLLTON BANCORP,CRRB,551111.0,Q,A,R,13085,3,6020.0,,,,60.0,602.0,,,,,,,-2.91,0.077778,2576.0,1.0,,-7496.16,CRRB,10.0,,,,,1,1.0,1.0,7.0,,,,,10.0,1.0,,,,,,,10.0,2.0,2.0,9.0,,2.0,,,3.0,,,10.0,1.0,10.0,10.0,,7.0,,1.0,1.0,2.0,3.0,1.0,10.0,9.0,2.0,,,8.0,1.0,6,10.0,10,1
2011-10-20,80517,,11,3,6020.0,14528210,CRRB,CARROLLTON BANCORP,CRRB,551111.0,Q,A,R,13085,3,6020.0,,,,60.0,602.0,,,,,,,2.72,-0.065292,2576.0,1.0,2.71,7006.72,CRRB,10.0,,,,,1,1.0,1.0,7.0,,,,,10.0,1.0,,,,,,,10.0,2.0,2.0,9.0,,2.0,,,3.0,,,10.0,1.0,10.0,10.0,,7.0,,1.0,1.0,2.0,3.0,1.0,10.0,9.0,2.0,,,8.0,1.0,6,10.0,10,1
2011-10-21,80517,,11,3,6020.0,14528210,CRRB,CARROLLTON BANCORP,CRRB,551111.0,Q,A,R,13085,3,6020.0,,,,60.0,602.0,,,,,,,2.908,0.069118,2576.0,1.0,2.71,7491.008,CRRB,10.0,,,,,1,1.0,1.0,7.0,,,,,10.0,1.0,,,,,,,10.0,2.0,2.0,9.0,,2.0,,,3.0,,,10.0,1.0,10.0,10.0,,7.0,,1.0,1.0,2.0,3.0,1.0,10.0,9.0,2.0,,,8.0,1.0,6,10.0,10,1
2011-10-24,80517,,11,3,6020.0,14528210,CRRB,CARROLLTON BANCORP,CRRB,551111.0,Q,A,R,13085,3,6020.0,,,,60.0,602.0,,,,,,,2.75,-0.054333,2576.0,1.0,2.43,7084.0,CRRB,10.0,,,,,1,1.0,1.0,7.0,,,,,10.0,1.0,,,,,,,10.0,2.0,2.0,9.0,,2.0,,,3.0,,,10.0,1.0,10.0,10.0,,7.0,,1.0,1.0,2.0,3.0,1.0,10.0,9.0,2.0,,,8.0,1.0,6,10.0,10,1
2011-10-25,80517,,11,3,6020.0,14528210,CRRB,CARROLLTON BANCORP,CRRB,551111.0,Q,A,R,13085,3,6020.0,,,,60.0,602.0,,,,,,,-2.735,-0.005454,2576.0,1.0,,-7045.36,CRRB,10.0,,,,,1,1.0,1.0,7.0,,,,,10.0,1.0,,,,,,,10.0,2.0,2.0,9.0,,2.0,,,3.0,,,10.0,1.0,10.0,10.0,,7.0,,1.0,1.0,2.0,3.0,1.0,10.0,9.0,2.0,,,8.0,1.0,6,10.0,10,1
2011-10-26,80517,,11,3,6020.0,14528210,CRRB,CARROLLTON BANCORP,CRRB,551111.0,Q,A,R,13085,3,6020.0,,,,60.0,602.0,,,,,,,-2.74,0.001828,2576.0,1.0,,-7058.24,CRRB,10.0,,,,,1,1.0,1.0,7.0,,,,,10.0,1.0,,,,,,,10.0,2.0,2.0,9.0,,2.0,,,3.0,,,10.0,1.0,10.0,10.0,,7.0,,1.0,1.0,2.0,3.0,1.0,10.0,9.0,2.0,,,8.0,1.0,6,10.0,10,1
2011-10-27,80517,,11,3,6020.0,14528210,CRRB,CARROLLTON BANCORP,CRRB,551111.0,Q,A,R,13085,3,6020.0,,,,60.0,602.0,,,,,,,2.7,-0.014599,2576.0,1.0,2.69,6955.2,CRRB,10.0,,,,,1,1.0,1.0,7.0,,,,,10.0,1.0,,,,,,,10.0,2.0,2.0,9.0,,2.0,,,3.0,,,10.0,1.0,10.0,10.0,,7.0,,1.0,1.0,2.0,3.0,1.0,10.0,9.0,2.0,,,8.0,1.0,6,10.0,10,1
2011-10-28,80517,,11,3,6020.0,14528210,CRRB,CARROLLTON BANCORP,CRRB,551111.0,Q,A,R,13085,3,6020.0,,,,60.0,602.0,,,,,,,2.75,0.018519,2576.0,1.0,2.75,7084.0,CRRB,10.0,,,,,1,1.0,1.0,7.0,,,,,10.0,1.0,,,,,,,10.0,2.0,2.0,9.0,,2.0,,,3.0,,,10.0,1.0,10.0,10.0,,7.0,,1.0,1.0,2.0,3.0,1.0,10.0,9.0,2.0,,,8.0,1.0,6,10.0,10,1
2011-10-31,80517,,11,3,6020.0,14528210,CRRB,CARROLLTON BANCORP,CRRB,551111.0,Q,A,R,13085,3,6020.0,,,,60.0,602.0,,,,,,,2.76,0.003636,2576.0,1.0,2.76,7109.76,CRRB,10.0,,,,,1,1.0,1.0,7.0,,,,,10.0,1.0,,,,,,,10.0,2.0,2.0,9.0,,2.0,,,3.0,,,10.0,1.0,10.0,10.0,,7.0,,1.0,1.0,2.0,3.0,1.0,10.0,9.0,2.0,,,8.0,1.0,6,10.0,10,1
2011-11-01,80517,,11,3,6020.0,14528210,CRRB,CARROLLTON BANCORP,CRRB,551111.0,Q,A,R,13085,3,6020.0,,,,60.0,602.0,,,,,,,2.15,-0.221014,2576.0,1.0,2.6,5538.4,CRRB,10.0,,,,,1,1.0,1.0,7.0,,,,,10.0,1.0,,,,,,,10.0,2.0,2.0,9.0,,2.0,,,3.0,,,10.0,1.0,6.0,9.0,,7.0,,2.0,1.0,,10.0,1.0,10.0,2.0,10.0,,,9.0,1.0,6,10.0,10,1
2011-11-02,80517,,11,3,6020.0,14528210,CRRB,CARROLLTON BANCORP,CRRB,551111.0,Q,A,R,13085,3,6020.0,,,,60.0,602.0,,,,,,,2.5,0.162791,2576.0,1.0,2.5,6440.0,CRRB,10.0,,,,,1,1.0,1.0,7.0,,,,,10.0,1.0,,,,,,,10.0,2.0,2.0,9.0,,2.0,,,3.0,,,10.0,1.0,6.0,9.0,,7.0,,2.0,1.0,,10.0,1.0,10.0,2.0,10.0,,,9.0,1.0,6,10.0,10,1
2011-11-03,80517,,11,3,6020.0,14528210,CRRB,CARROLLTON BANCORP,CRRB,551111.0,Q,A,R,13085,3,6020.0,,,,60.0,602.0,,,,,,,2.4,-0.04,2576.0,1.0,2.5,6182.4,CRRB,10.0,,,,,1,1.0,1.0,7.0,,,,,10.0,1.0,,,,,,,10.0,2.0,2.0,9.0,,2.0,,,3.0,,,10.0,1.0,6.0,9.0,,7.0,,2.0,1.0,,10.0,1.0,10.0,2.0,10.0,,,9.0,1.0,6,10.0,10,1
2011-11-04,80517,,11,3,6020.0,14528210,CRRB,CARROLLTON BANCORP,CRRB,551111.0,Q,A,R,13085,3,6020.0,,,,60.0,602.0,,,,,,,2.32,-0.033333,2576.0,1.0,2.4,5976.32,CRRB,10.0,,,,,1,1.0,1.0,7.0,,,,,10.0,1.0,,,,,,,10.0,2.0,2.0,9.0,,2.0,,,3.0,,,10.0,1.0,6.0,9.0,,7.0,,2.0,1.0,,10.0,1.0,10.0,2.0,10.0,,,9.0,1.0,6,10.0,10,1
2011-11-07,80517,,11,3,6020.0,14528210,CRRB,CARROLLTON BANCORP,CRRB,551111.0,Q,A,R,13085,3,6020.0,,,,60.0,602.0,,,,,,,2.6,0.12069,2576.0,1.0,2.58,6697.6,CRRB,10.0,,,,,1,1.0,1.0,7.0,,,,,10.0,1.0,,,,,,,10.0,2.0,2.0,9.0,,2.0,,,3.0,,,10.0,1.0,6.0,9.0,,7.0,,2.0,1.0,,10.0,1.0,10.0,2.0,10.0,,,9.0,1.0,6,10.0,10,1
2011-11-08,80517,,11,3,6020.0,14528210,CRRB,CARROLLTON BANCORP,CRRB,551111.0,Q,A,R,13085,3,6020.0,,,,60.0,602.0,,,,,,,2.2901,-0.119192,2576.0,1.0,2.2501,5899.2976,CRRB,10.0,,,,,1,1.0,1.0,7.0,,,,,10.0,1.0,,,,,,,10.0,2.0,2.0,9.0,,2.0,,,3.0,,,10.0,1.0,6.0,9.0,,7.0,,2.0,1.0,,10.0,1.0,10.0,2.0,10.0,,,9.0,1.0,6,10.0,10,1
2011-11-09,80517,,11,3,6020.0,14528210,CRRB,CARROLLTON BANCORP,CRRB,551111.0,Q,A,R,13085,3,6020.0,,,,60.0,602.0,,,,,,,2.47,0.078555,2576.0,1.0,2.2,6362.72,CRRB,10.0,,,,,1,1.0,1.0,7.0,,,,,10.0,1.0,,,,,,,10.0,2.0,2.0,9.0,,2.0,,,3.0,,,10.0,1.0,6.0,9.0,,7.0,,2.0,1.0,,10.0,1.0,10.0,2.0,10.0,,,9.0,1.0,6,10.0,10,1
2011-11-10,80517,,11,3,6020.0,14528210,CRRB,CARROLLTON BANCORP,CRRB,551111.0,Q,A,R,13085,3,6020.0,,,,60.0,602.0,,,,,,,-2.315,-0.062753,2576.0,1.0,,-5963.44,CRRB,10.0,,,,,1,1.0,1.0,7.0,,,,,10.0,1.0,,,,,,,10.0,2.0,2.0,9.0,,2.0,,,3.0,,,10.0,1.0,6.0,9.0,,7.0,,2.0,1.0,,10.0,1.0,10.0,2.0,10.0,,,9.0,1.0,6,10.0,10,1
2011-11-11,80517,,11,3,6020.0,14528210,CRRB,CARROLLTON BANCORP,CRRB,551111.0,Q,A,R,13085,3,6020.0,,,,60.0,602.0,,,,,,,-2.31,-0.00216,2576.0,1.0,,-5950.56,CRRB,10.0,,,,,1,1.0,1.0,7.0,,,,,10.0,1.0,,,,,,,10.0,2.0,2.0,9.0,,2.0,,,3.0,,,10.0,1.0,6.0,9.0,,7.0,,2.0,1.0,,10.0,1.0,10.0,2.0,10.0,,,9.0,1.0,6,10.0,10,1
2011-11-14,80517,,11,3,6020.0,14528210,CRRB,CARROLLTON BANCORP,CRRB,551111.0,Q,A,R,13085,3,6020.0,,,,60.0,602.0,,,,,,,2.42,0.047619,2576.0,1.0,2.24,6233.92,CRRB,10.0,,,,,1,1.0,1.0,7.0,,,,,10.0,1.0,,,,,,,10.0,2.0,2.0,9.0,,2.0,,,3.0,,,10.0,1.0,6.0,9.0,,7.0,,2.0,1.0,,10.0,1.0,10.0,2.0,10.0,,,9.0,1.0,6,10.0,10,1
2011-11-15,80517,,11,3,6020.0,14528210,CRRB,CARROLLTON BANCORP,CRRB,551111.0,Q,A,R,13085,3,6020.0,,,,60.0,602.0,,,,,,,-2.355,-0.02686,2576.0,1.0,,-6066.48,CRRB,10.0,,,,,1,1.0,1.0,7.0,,,,,10.0,1.0,,,,,,,10.0,2.0,2.0,9.0,,2.0,,,3.0,,,10.0,1.0,6.0,9.0,,7.0,,2.0,1.0,,10.0,1.0,10.0,2.0,10.0,,,9.0,1.0,6,10.0,10,1
2011-11-16,80517,,11,3,6020.0,14528210,CRRB,CARROLLTON BANCORP,CRRB,551111.0,Q,A,R,13085,3,6020.0,,,,60.0,602.0,,,,,,,-2.295,-0.025478,2576.0,1.0,,-5911.92,CRRB,10.0,,,,,1,1.0,1.0,7.0,,,,,10.0,1.0,,,,,,,10.0,2.0,2.0,9.0,,2.0,,,3.0,,,10.0,1.0,6.0,9.0,,7.0,,2.0,1.0,,10.0,1.0,10.0,2.0,10.0,,,9.0,1.0,6,10.0,10,1
2011-11-17,80517,,11,3,6020.0,14528210,CRRB,CARROLLTON BANCORP,CRRB,551111.0,Q,A,R,13085,3,6020.0,,,,60.0,602.0,,,,,,,-2.31,0.006536,2576.0,1.0,,-5950.56,CRRB,10.0,,,,,1,1.0,1.0,7.0,,,,,10.0,1.0,,,,,,,10.0,2.0,2.0,9.0,,2.0,,,3.0,,,10.0,1.0,6.0,9.0,,7.0,,2.0,1.0,,10.0,1.0,10.0,2.0,10.0,,,9.0,1.0,6,10.0,10,1
2011-11-18,80517,,11,3,6020.0,14528210,CRRB,CARROLLTON BANCORP,CRRB,551111.0,Q,A,R,13085,3,6020.0,,,,60.0,602.0,,,,,,,-2.3,-0.004329,2576.0,1.0,,-5924.8,CRRB,10.0,,,,,1,1.0,1.0,7.0,,,,,10.0,1.0,,,,,,,10.0,2.0,2.0,9.0,,2.0,,,3.0,,,10.0,1.0,6.0,9.0,,7.0,,2.0,1.0,,10.0,1.0,10.0,2.0,10.0,,,9.0,1.0,6,10.0,10,1
2011-11-21,80517,,11,3,6020.0,14528210,CRRB,CARROLLTON BANCORP,CRRB,551111.0,Q,A,R,13085,3,6020.0,,,,60.0,602.0,,,,,,,-2.31,0.004348,2576.0,1.0,,-5950.56,CRRB,10.0,,,,,1,1.0,1.0,7.0,,,,,10.0,1.0,,,,,,,10.0,2.0,2.0,9.0,,2.0,,,3.0,,,10.0,1.0,6.0,9.0,,7.0,,2.0,1.0,,10.0,1.0,10.0,2.0,10.0,,,9.0,1.0,6,10.0,10,1
2011-11-22,80517,,11,3,6020.0,14528210,CRRB,CARROLLTON BANCORP,CRRB,551111.0,Q,A,R,13085,3,6020.0,,,,60.0,602.0,,,,,,,-2.45,0.060606,2576.0,1.0,,-6311.2,CRRB,10.0,,,,,1,1.0,1.0,7.0,,,,,10.0,1.0,,,,,,,10.0,2.0,2.0,9.0,,2.0,,,3.0,,,10.0,1.0,6.0,9.0,,7.0,,2.0,1.0,,10.0,1.0,10.0,2.0,10.0,,,9.0,1.0,6,10.0,10,1
2011-11-23,80517,,11,3,6020.0,14528210,CRRB,CARROLLTON BANCORP,CRRB,551111.0,Q,A,R,13085,3,6020.0,,,,60.0,602.0,,,,,,,-2.445,-0.002041,2576.0,1.0,,-6298.32,CRRB,10.0,,,,,1,1.0,1.0,7.0,,,,,10.0,1.0,,,,,,,10.0,2.0,2.0,9.0,,2.0,,,3.0,,,10.0,1.0,6.0,9.0,,7.0,,2.0,1.0,,10.0,1.0,10.0,2.0,10.0,,,9.0,1.0,6,10.0,10,1
2011-11-25,80517,,11,3,6020.0,14528210,CRRB,CARROLLTON BANCORP,CRRB,551111.0,Q,A,R,13085,3,6020.0,,,,60.0,602.0,,,,,,,-2.445,0.0,2576.0,1.0,,-6298.32,CRRB,10.0,,,,,1,1.0,1.0,7.0,,,,,10.0,1.0,,,,,,,10.0,2.0,2.0,9.0,,2.0,,,3.0,,,10.0,1.0,6.0,9.0,,7.0,,2.0,1.0,,10.0,1.0,10.0,2.0,10.0,,,9.0,1.0,6,10.0,10,1
2011-11-28,80517,,11,3,6020.0,14528210,CRRB,CARROLLTON BANCORP,CRRB,551111.0,Q,A,R,13085,3,6020.0,,,,60.0,602.0,,,,,,,-2.495,0.02045,2576.0,1.0,,-6427.12,CRRB,10.0,,,,,1,1.0,1.0,7.0,,,,,10.0,1.0,,,,,,,10.0,2.0,2.0,9.0,,2.0,,,3.0,,,10.0,1.0,6.0,9.0,,7.0,,2.0,1.0,,10.0,1.0,10.0,2.0,10.0,,,9.0,1.0,6,10.0,10,1
2011-11-29,80517,,11,3,6020.0,14528210,CRRB,CARROLLTON BANCORP,CRRB,551111.0,Q,A,R,13085,3,6020.0,,,,60.0,602.0,,,,,,,2.38,-0.046092,2576.0,1.0,2.4,6130.88,CRRB,10.0,,,,,1,1.0,1.0,7.0,,,,,10.0,1.0,,,,,,,10.0,2.0,2.0,9.0,,2.0,,,3.0,,,10.0,1.0,6.0,9.0,,7.0,,2.0,1.0,,10.0,1.0,10.0,2.0,10.0,,,9.0,1.0,6,10.0,10,1
2011-11-30,80517,,11,3,6020.0,14528210,CRRB,CARROLLTON BANCORP,CRRB,551111.0,Q,A,R,13085,3,6020.0,,,,60.0,602.0,,,,,,,2.13,-0.105042,2576.0,1.0,2.13,5486.88,CRRB,10.0,,,,,1,1.0,1.0,7.0,,,,,10.0,1.0,,,,,,,10.0,2.0,2.0,9.0,,2.0,,,3.0,,,10.0,1.0,6.0,9.0,,7.0,,2.0,1.0,,10.0,1.0,10.0,2.0,10.0,,,9.0,1.0,6,10.0,10,1
2011-12-01,80517,,11,3,6020.0,14528210,CRRB,CARROLLTON BANCORP,CRRB,551111.0,Q,A,R,13085,3,6020.0,,,,60.0,602.0,,,,,,,-2.165,0.016432,2576.0,1.0,,-5577.04,CRRB,10.0,,,,,1,1.0,1.0,7.0,,,,,10.0,1.0,,,,,,,10.0,2.0,2.0,9.0,,2.0,,,3.0,,,10.0,1.0,3.0,10.0,,6.0,,4.0,10.0,2.0,10.0,1.0,10.0,1.0,10.0,,,9.0,1.0,6,10.0,10,1
2011-12-02,80517,,11,3,6020.0,14528210,CRRB,CARROLLTON BANCORP,CRRB,551111.0,Q,A,R,13085,3,6020.0,,,,60.0,602.0,,,,,,,-2.225,0.027714,2576.0,1.0,,-5731.6,CRRB,10.0,,,,,1,1.0,1.0,7.0,,,,,10.0,1.0,,,,,,,10.0,2.0,2.0,9.0,,2.0,,,3.0,,,10.0,1.0,3.0,10.0,,6.0,,4.0,10.0,2.0,10.0,1.0,10.0,1.0,10.0,,,9.0,1.0,6,10.0,10,1
2011-12-05,80517,,11,3,6020.0,14528210,CRRB,CARROLLTON BANCORP,CRRB,551111.0,Q,A,R,13085,3,6020.0,,,,60.0,602.0,,,,,,,2.1,-0.05618,2576.0,1.0,2.14,5409.6,CRRB,10.0,,,,,1,1.0,1.0,7.0,,,,,10.0,1.0,,,,,,,10.0,2.0,2.0,9.0,,2.0,,,3.0,,,10.0,1.0,3.0,10.0,,6.0,,4.0,10.0,2.0,10.0,1.0,10.0,1.0,10.0,,,9.0,1.0,6,10.0,10,1
2011-12-06,80517,,11,3,6020.0,14528210,CRRB,CARROLLTON BANCORP,CRRB,551111.0,Q,A,R,13085,3,6020.0,,,,60.0,602.0,,,,,,,-2.305,0.097619,2576.0,1.0,,-5937.68,CRRB,10.0,,,,,1,1.0,1.0,7.0,,,,,10.0,1.0,,,,,,,10.0,2.0,2.0,9.0,,2.0,,,3.0,,,10.0,1.0,3.0,10.0,,6.0,,4.0,10.0,2.0,10.0,1.0,10.0,1.0,10.0,,,9.0,1.0,6,10.0,10,1
2011-12-07,80517,,11,3,6020.0,14528210,CRRB,CARROLLTON BANCORP,CRRB,551111.0,Q,A,R,13085,3,6020.0,,,,60.0,602.0,,,,,,,2.152,-0.066377,2576.0,1.0,2.51,5543.552,CRRB,10.0,,,,,1,1.0,1.0,7.0,,,,,10.0,1.0,,,,,,,10.0,2.0,2.0,9.0,,2.0,,,3.0,,,10.0,1.0,3.0,10.0,,6.0,,4.0,10.0,2.0,10.0,1.0,10.0,1.0,10.0,,,9.0,1.0,6,10.0,10,1
2011-12-08,80517,,11,3,6020.0,14528210,CRRB,CARROLLTON BANCORP,CRRB,551111.0,Q,A,R,13085,3,6020.0,,,,60.0,602.0,,,,,,,-2.45,0.138476,2576.0,1.0,,-6311.2,CRRB,10.0,,,,,1,1.0,1.0,7.0,,,,,10.0,1.0,,,,,,,10.0,2.0,2.0,9.0,,2.0,,,3.0,,,10.0,1.0,3.0,10.0,,6.0,,4.0,10.0,2.0,10.0,1.0,10.0,1.0,10.0,,,9.0,1.0,6,10.0,10,1
2011-12-09,80517,,11,3,6020.0,14528210,CRRB,CARROLLTON BANCORP,CRRB,551111.0,Q,A,R,13085,3,6020.0,,,,60.0,602.0,,,,,,,3.06,0.24898,2576.0,1.0,3.28,7882.56,CRRB,10.0,,,,,1,1.0,1.0,7.0,,,,,10.0,1.0,,,,,,,10.0,2.0,2.0,9.0,,2.0,,,3.0,,,10.0,1.0,3.0,10.0,,6.0,,4.0,10.0,2.0,10.0,1.0,10.0,1.0,10.0,,,9.0,1.0,6,10.0,10,1
2011-12-12,80517,,11,3,6020.0,14528210,CRRB,CARROLLTON BANCORP,CRRB,551111.0,Q,A,R,13085,3,6020.0,,,,60.0,602.0,,,,,,,3.21,0.04902,2576.0,1.0,3.21,8268.96,CRRB,10.0,,,,,1,1.0,1.0,7.0,,,,,10.0,1.0,,,,,,,10.0,2.0,2.0,9.0,,2.0,,,3.0,,,10.0,1.0,3.0,10.0,,6.0,,4.0,10.0,2.0,10.0,1.0,10.0,1.0,10.0,,,9.0,1.0,6,10.0,10,1
2011-12-13,80517,,11,3,6020.0,14528210,CRRB,CARROLLTON BANCORP,CRRB,551111.0,Q,A,R,13085,3,6020.0,,,,60.0,602.0,,,,,,,3.29,0.024922,2576.0,1.0,3.26,8475.04,CRRB,10.0,,,,,1,1.0,1.0,7.0,,,,,10.0,1.0,,,,,,,10.0,2.0,2.0,9.0,,2.0,,,3.0,,,10.0,1.0,3.0,10.0,,6.0,,4.0,10.0,2.0,10.0,1.0,10.0,1.0,10.0,,,9.0,1.0,6,10.0,10,1
2011-12-14,80517,,11,3,6020.0,14528210,CRRB,CARROLLTON BANCORP,CRRB,551111.0,Q,A,R,13085,3,6020.0,,,,60.0,602.0,,,,,,,3.24,-0.015198,2576.0,1.0,3.24,8346.24,CRRB,10.0,,,,,1,1.0,1.0,7.0,,,,,10.0,1.0,,,,,,,10.0,2.0,2.0,9.0,,2.0,,,3.0,,,10.0,1.0,3.0,10.0,,6.0,,4.0,10.0,2.0,10.0,1.0,10.0,1.0,10.0,,,9.0,1.0,6,10.0,10,1
2011-12-15,80517,,11,3,6020.0,14528210,CRRB,CARROLLTON BANCORP,CRRB,551111.0,Q,A,R,13085,3,6020.0,,,,60.0,602.0,,,,,,,3.2,-0.012346,2576.0,1.0,3.2,8243.2,CRRB,10.0,,,,,1,1.0,1.0,7.0,,,,,10.0,1.0,,,,,,,10.0,2.0,2.0,9.0,,2.0,,,3.0,,,10.0,1.0,3.0,10.0,,6.0,,4.0,10.0,2.0,10.0,1.0,10.0,1.0,10.0,,,9.0,1.0,6,10.0,10,1
2011-12-16,80517,,11,3,6020.0,14528210,CRRB,CARROLLTON BANCORP,CRRB,551111.0,Q,A,R,13085,3,6020.0,,,,60.0,602.0,,,,,,,-3.195,-0.001563,2576.0,1.0,,-8230.32,CRRB,10.0,,,,,1,1.0,1.0,7.0,,,,,10.0,1.0,,,,,,,10.0,2.0,2.0,9.0,,2.0,,,3.0,,,10.0,1.0,3.0,10.0,,6.0,,4.0,10.0,2.0,10.0,1.0,10.0,1.0,10.0,,,9.0,1.0,6,10.0,10,1
2011-12-19,80517,,11,3,6020.0,14528210,CRRB,CARROLLTON BANCORP,CRRB,551111.0,Q,A,R,13085,3,6020.0,,,,60.0,602.0,,,,,,,-3.205,0.00313,2576.0,1.0,,-8256.08,CRRB,10.0,,,,,1,1.0,1.0,7.0,,,,,10.0,1.0,,,,,,,10.0,2.0,2.0,9.0,,2.0,,,3.0,,,10.0,1.0,3.0,10.0,,6.0,,4.0,10.0,2.0,10.0,1.0,10.0,1.0,10.0,,,9.0,1.0,6,10.0,10,1
2011-12-20,80517,,11,3,6020.0,14528210,CRRB,CARROLLTON BANCORP,CRRB,551111.0,Q,A,R,13085,3,6020.0,,,,60.0,602.0,,,,,,,3.33,0.039002,2576.0,1.0,3.0001,8578.08,CRRB,10.0,,,,,1,1.0,1.0,7.0,,,,,10.0,1.0,,,,,,,10.0,2.0,2.0,9.0,,2.0,,,3.0,,,10.0,1.0,3.0,10.0,,6.0,,4.0,10.0,2.0,10.0,1.0,10.0,1.0,10.0,,,9.0,1.0,6,10.0,10,1
2011-12-21,80517,,11,3,6020.0,14528210,CRRB,CARROLLTON BANCORP,CRRB,551111.0,Q,A,R,13085,3,6020.0,,,,60.0,602.0,,,,,,,2.94,-0.117117,2576.0,1.0,3.2301,7573.44,CRRB,10.0,,,,,1,1.0,1.0,7.0,,,,,10.0,1.0,,,,,,,10.0,2.0,2.0,9.0,,2.0,,,3.0,,,10.0,1.0,3.0,10.0,,6.0,,4.0,10.0,2.0,10.0,1.0,10.0,1.0,10.0,,,9.0,1.0,6,10.0,10,1
2011-12-22,80517,,11,3,6020.0,14528210,CRRB,CARROLLTON BANCORP,CRRB,551111.0,Q,A,R,13085,3,6020.0,,,,60.0,602.0,,,,,,,-3.19,0.085034,2576.0,1.0,,-8217.44,CRRB,10.0,,,,,1,1.0,1.0,7.0,,,,,10.0,1.0,,,,,,,10.0,2.0,2.0,9.0,,2.0,,,3.0,,,10.0,1.0,3.0,10.0,,6.0,,4.0,10.0,2.0,10.0,1.0,10.0,1.0,10.0,,,9.0,1.0,6,10.0,10,1
2011-12-23,80517,,11,3,6020.0,14528210,CRRB,CARROLLTON BANCORP,CRRB,551111.0,Q,A,R,13085,3,6020.0,,,,60.0,602.0,,,,,,,2.92,-0.084639,2576.0,1.0,3.04,7521.92,CRRB,10.0,,,,,1,1.0,1.0,7.0,,,,,10.0,1.0,,,,,,,10.0,2.0,2.0,9.0,,2.0,,,3.0,,,10.0,1.0,3.0,10.0,,6.0,,4.0,10.0,2.0,10.0,1.0,10.0,1.0,10.0,,,9.0,1.0,6,10.0,10,1
2011-12-27,80517,,11,3,6020.0,14528210,CRRB,CARROLLTON BANCORP,CRRB,551111.0,Q,A,R,13085,3,6020.0,,,,60.0,602.0,,,,,,,-3.09,0.058219,2576.0,1.0,,-7959.84,CRRB,10.0,,,,,1,1.0,1.0,7.0,,,,,10.0,1.0,,,,,,,10.0,2.0,2.0,9.0,,2.0,,,3.0,,,10.0,1.0,3.0,10.0,,6.0,,4.0,10.0,2.0,10.0,1.0,10.0,1.0,10.0,,,9.0,1.0,6,10.0,10,1
2011-12-28,80517,,11,3,6020.0,14528210,CRRB,CARROLLTON BANCORP,CRRB,551111.0,Q,A,R,13085,3,6020.0,,,,60.0,602.0,,,,,,,2.55,-0.174757,2576.0,1.0,2.81,6568.8,CRRB,10.0,,,,,1,1.0,1.0,7.0,,,,,10.0,1.0,,,,,,,10.0,2.0,2.0,9.0,,2.0,,,3.0,,,10.0,1.0,3.0,10.0,,6.0,,4.0,10.0,2.0,10.0,1.0,10.0,1.0,10.0,,,9.0,1.0,6,10.0,10,1
2011-12-29,80517,,11,3,6020.0,14528210,CRRB,CARROLLTON BANCORP,CRRB,551111.0,Q,A,R,13085,3,6020.0,,,,60.0,602.0,,,,,,,-2.94,0.152941,2576.0,1.0,,-7573.44,CRRB,10.0,,,,,1,1.0,1.0,7.0,,,,,10.0,1.0,,,,,,,10.0,2.0,2.0,9.0,,2.0,,,3.0,,,10.0,1.0,3.0,10.0,,6.0,,4.0,10.0,2.0,10.0,1.0,10.0,1.0,10.0,,,9.0,1.0,6,10.0,10,1
2011-12-30,80517,,11,3,6020.0,14528210,CRRB,CARROLLTON BANCORP,CRRB,551111.0,Q,A,R,13085,3,6020.0,,,,60.0,602.0,,,,,,,2.8,-0.047619,2576.0,1.0,3.04,7212.8,CRRB,10.0,,,,,1,1.0,1.0,7.0,,,,,10.0,1.0,,,,,,,10.0,2.0,2.0,9.0,,2.0,,,3.0,,,10.0,1.0,3.0,10.0,,6.0,,4.0,10.0,2.0,10.0,1.0,10.0,1.0,10.0,,,9.0,1.0,6,10.0,10,1
2012-01-03,80517,,11,3,6020.0,14528210,CRRB,CARROLLTON BANCORP,CRRB,551111.0,Q,A,R,13085,3,6020.0,,,,60.0,602.0,,,,,,,2.56,-0.085714,2576.0,1.0,2.589,6594.56,CRRB,10.0,,,,,1,1.0,1.0,7.0,,,,,10.0,1.0,,,,,,,10.0,2.0,2.0,9.0,,2.0,,,3.0,,,10.0,1.0,9.0,10.0,,6.0,,4.0,10.0,2.0,1.0,1.0,10.0,9.0,1.0,,,9.0,1.0,6,10.0,10,1
2012-01-04,80517,,11,3,6020.0,14528210,CRRB,CARROLLTON BANCORP,CRRB,551111.0,Q,A,R,13085,3,6020.0,,,,60.0,602.0,,,,,,,2.6,0.015625,2576.0,1.0,2.604,6697.6,CRRB,10.0,,,,,1,1.0,1.0,7.0,,,,,10.0,1.0,,,,,,,10.0,2.0,2.0,9.0,,2.0,,,3.0,,,10.0,1.0,9.0,10.0,,6.0,,4.0,10.0,2.0,1.0,1.0,10.0,9.0,1.0,,,9.0,1.0,6,10.0,10,1
2012-01-05,80517,,11,3,6020.0,14528210,CRRB,CARROLLTON BANCORP,CRRB,551111.0,Q,A,R,13085,3,6020.0,,,,60.0,602.0,,,,,,,2.84,0.092308,2576.0,1.0,3.37,7315.84,CRRB,10.0,,,,,1,1.0,1.0,7.0,,,,,10.0,1.0,,,,,,,10.0,2.0,2.0,9.0,,2.0,,,3.0,,,10.0,1.0,9.0,10.0,,6.0,,4.0,10.0,2.0,1.0,1.0,10.0,9.0,1.0,,,9.0,1.0,6,10.0,10,1
2012-01-06,80517,,11,3,6020.0,14528210,CRRB,CARROLLTON BANCORP,CRRB,551111.0,Q,A,R,13085,3,6020.0,,,,60.0,602.0,,,,,,,2.7,-0.049296,2576.0,1.0,3.0,6955.2,CRRB,10.0,,,,,1,1.0,1.0,7.0,,,,,10.0,1.0,,,,,,,10.0,2.0,2.0,9.0,,2.0,,,3.0,,,10.0,1.0,9.0,10.0,,6.0,,4.0,10.0,2.0,1.0,1.0,10.0,9.0,1.0,,,9.0,1.0,6,10.0,10,1
2012-01-09,80517,,11,3,6020.0,14528210,CRRB,CARROLLTON BANCORP,CRRB,551111.0,Q,A,R,13085,3,6020.0,,,,60.0,602.0,,,,,,,2.71,0.003704,2576.0,1.0,2.77,6980.96,CRRB,10.0,,,,,1,1.0,1.0,7.0,,,,,10.0,1.0,,,,,,,10.0,2.0,2.0,9.0,,2.0,,,3.0,,,10.0,1.0,9.0,10.0,,6.0,,4.0,10.0,2.0,1.0,1.0,10.0,9.0,1.0,,,9.0,1.0,6,10.0,10,1
2012-01-10,80517,,11,3,6020.0,14528210,CRRB,CARROLLTON BANCORP,CRRB,551111.0,Q,A,R,13085,3,6020.0,,,,60.0,602.0,,,,,,,-3.055,0.127306,2576.0,1.0,,-7869.68,CRRB,10.0,,,,,1,1.0,1.0,7.0,,,,,10.0,1.0,,,,,,,10.0,2.0,2.0,9.0,,2.0,,,3.0,,,10.0,1.0,9.0,10.0,,6.0,,4.0,10.0,2.0,1.0,1.0,10.0,9.0,1.0,,,9.0,1.0,6,10.0,10,1
2012-01-11,80517,,11,3,6020.0,14528210,CRRB,CARROLLTON BANCORP,CRRB,551111.0,Q,A,R,13085,3,6020.0,,,,60.0,602.0,,,,,,,-3.075,0.006547,2576.0,1.0,,-7921.2,CRRB,10.0,,,,,1,1.0,1.0,7.0,,,,,10.0,1.0,,,,,,,10.0,2.0,2.0,9.0,,2.0,,,3.0,,,10.0,1.0,9.0,10.0,,6.0,,4.0,10.0,2.0,1.0,1.0,10.0,9.0,1.0,,,9.0,1.0,6,10.0,10,1
2012-01-12,80517,,11,3,6020.0,14528210,CRRB,CARROLLTON BANCORP,CRRB,551111.0,Q,A,R,13085,3,6020.0,,,,60.0,602.0,,,,,,,-3.075,0.0,2576.0,1.0,,-7921.2,CRRB,10.0,,,,,1,1.0,1.0,7.0,,,,,10.0,1.0,,,,,,,10.0,2.0,2.0,9.0,,2.0,,,3.0,,,10.0,1.0,9.0,10.0,,6.0,,4.0,10.0,2.0,1.0,1.0,10.0,9.0,1.0,,,9.0,1.0,6,10.0,10,1
2012-01-13,80517,,11,3,6020.0,14528210,CRRB,CARROLLTON BANCORP,CRRB,551111.0,Q,A,R,13085,3,6020.0,,,,60.0,602.0,,,,,,,-3.08,0.001626,2576.0,1.0,,-7934.08,CRRB,10.0,,,,,1,1.0,1.0,7.0,,,,,10.0,1.0,,,,,,,10.0,2.0,2.0,9.0,,2.0,,,3.0,,,10.0,1.0,9.0,10.0,,6.0,,4.0,10.0,2.0,1.0,1.0,10.0,9.0,1.0,,,9.0,1.0,6,10.0,10,1
2012-01-17,80517,,11,3,6020.0,14528210,CRRB,CARROLLTON BANCORP,CRRB,551111.0,Q,A,R,13085,3,6020.0,,,,60.0,602.0,,,,,,,-3.125,0.01461,2576.0,1.0,,-8050.0,CRRB,10.0,,,,,1,1.0,1.0,7.0,,,,,10.0,1.0,,,,,,,10.0,2.0,2.0,9.0,,2.0,,,3.0,,,10.0,1.0,9.0,10.0,,6.0,,4.0,10.0,2.0,1.0,1.0,10.0,9.0,1.0,,,9.0,1.0,6,10.0,10,1
2012-01-18,80517,,11,3,6020.0,14528210,CRRB,CARROLLTON BANCORP,CRRB,551111.0,Q,A,R,13085,3,6020.0,,,,60.0,602.0,,,,,,,-3.1,-0.008,2576.0,1.0,,-7985.6,CRRB,10.0,,,,,1,1.0,1.0,7.0,,,,,10.0,1.0,,,,,,,10.0,2.0,2.0,9.0,,2.0,,,3.0,,,10.0,1.0,9.0,10.0,,6.0,,4.0,10.0,2.0,1.0,1.0,10.0,9.0,1.0,,,9.0,1.0,6,10.0,10,1
2012-01-19,80517,,11,3,6020.0,14528210,CRRB,CARROLLTON BANCORP,CRRB,551111.0,Q,A,R,13085,3,6020.0,,,,60.0,602.0,,,,,,,3.0,-0.032258,2576.0,1.0,3.0,7728.0,CRRB,10.0,,,,,1,1.0,1.0,7.0,,,,,10.0,1.0,,,,,,,10.0,2.0,2.0,9.0,,2.0,,,3.0,,,10.0,1.0,9.0,10.0,,6.0,,4.0,10.0,2.0,1.0,1.0,10.0,9.0,1.0,,,9.0,1.0,6,10.0,10,1
2012-01-20,80517,,11,3,6020.0,14528210,CRRB,CARROLLTON BANCORP,CRRB,551111.0,Q,A,R,13085,3,6020.0,,,,60.0,602.0,,,,,,,-3.2,0.066667,2576.0,1.0,,-8243.2,CRRB,10.0,,,,,1,1.0,1.0,7.0,,,,,10.0,1.0,,,,,,,10.0,2.0,2.0,9.0,,2.0,,,3.0,,,10.0,1.0,9.0,10.0,,6.0,,4.0,10.0,2.0,1.0,1.0,10.0,9.0,1.0,,,9.0,1.0,6,10.0,10,1
2012-01-23,80517,,11,3,6020.0,14528210,CRRB,CARROLLTON BANCORP,CRRB,551111.0,Q,A,R,13085,3,6020.0,,,,60.0,602.0,,,,,,,-3.2,0.0,2576.0,1.0,,-8243.2,CRRB,10.0,,,,,1,1.0,1.0,7.0,,,,,10.0,1.0,,,,,,,10.0,2.0,2.0,9.0,,2.0,,,3.0,,,10.0,1.0,9.0,10.0,,6.0,,4.0,10.0,2.0,1.0,1.0,10.0,9.0,1.0,,,9.0,1.0,6,10.0,10,1
2012-01-24,80517,,11,3,6020.0,14528210,CRRB,CARROLLTON BANCORP,CRRB,551111.0,Q,A,R,13085,3,6020.0,,,,60.0,602.0,,,,,,,-3.2,0.0,2576.0,1.0,,-8243.2,CRRB,10.0,,,,,1,1.0,1.0,7.0,,,,,10.0,1.0,,,,,,,10.0,2.0,2.0,9.0,,2.0,,,3.0,,,10.0,1.0,9.0,10.0,,6.0,,4.0,10.0,2.0,1.0,1.0,10.0,9.0,1.0,,,9.0,1.0,6,10.0,10,1
2012-01-25,80517,,11,3,6020.0,14528210,CRRB,CARROLLTON BANCORP,CRRB,551111.0,Q,A,R,13085,3,6020.0,,,,60.0,602.0,,,,,,,3.0,-0.0625,2576.0,1.0,3.0,7728.0,CRRB,10.0,,,,,1,1.0,1.0,7.0,,,,,10.0,1.0,,,,,,,10.0,2.0,2.0,9.0,,2.0,,,3.0,,,10.0,1.0,9.0,10.0,,6.0,,4.0,10.0,2.0,1.0,1.0,10.0,9.0,1.0,,,9.0,1.0,6,10.0,10,1
2012-01-26,80517,,11,3,6020.0,14528210,CRRB,CARROLLTON BANCORP,CRRB,551111.0,Q,A,R,13085,3,6020.0,,,,60.0,602.0,,,,,,,-3.2,0.066667,2576.0,1.0,,-8243.2,CRRB,10.0,,,,,1,1.0,1.0,7.0,,,,,10.0,1.0,,,,,,,10.0,2.0,2.0,9.0,,2.0,,,3.0,,,10.0,1.0,9.0,10.0,,6.0,,4.0,10.0,2.0,1.0,1.0,10.0,9.0,1.0,,,9.0,1.0,6,10.0,10,1
2012-01-27,80517,,11,3,6020.0,14528210,CRRB,CARROLLTON BANCORP,CRRB,551111.0,Q,A,R,13085,3,6020.0,,,,60.0,602.0,,,,,,,-3.2,0.0,2576.0,1.0,,-8243.2,CRRB,10.0,,,,,1,1.0,1.0,7.0,,,,,10.0,1.0,,,,,,,10.0,2.0,2.0,9.0,,2.0,,,3.0,,,10.0,1.0,9.0,10.0,,6.0,,4.0,10.0,2.0,1.0,1.0,10.0,9.0,1.0,,,9.0,1.0,6,10.0,10,1
2012-01-30,80517,,11,3,6020.0,14528210,CRRB,CARROLLTON BANCORP,CRRB,551111.0,Q,A,R,13085,3,6020.0,,,,60.0,602.0,,,,,,,-3.2,0.0,2576.0,1.0,,-8243.2,CRRB,10.0,,,,,1,1.0,1.0,7.0,,,,,10.0,1.0,,,,,,,10.0,2.0,2.0,9.0,,2.0,,,3.0,,,10.0,1.0,9.0,10.0,,6.0,,4.0,10.0,2.0,1.0,1.0,10.0,9.0,1.0,,,9.0,1.0,6,10.0,10,1
2012-01-31,80517,,11,3,6020.0,14528210,CRRB,CARROLLTON BANCORP,CRRB,551111.0,Q,A,R,13085,3,6020.0,,,,60.0,602.0,,,,,,,3.0,-0.0625,2576.0,1.0,3.0,7728.0,CRRB,10.0,,,,,1,1.0,1.0,7.0,,,,,10.0,1.0,,,,,,,10.0,2.0,2.0,9.0,,2.0,,,3.0,,,10.0,1.0,9.0,10.0,,6.0,,4.0,10.0,2.0,1.0,1.0,10.0,9.0,1.0,,,9.0,1.0,6,10.0,10,1
2012-02-01,80517,,11,3,6020.0,14528210,CRRB,CARROLLTON BANCORP,CRRB,551111.0,Q,A,R,13085,3,6020.0,,,,60.0,602.0,,,,,,,3.04,0.013333,2576.0,1.0,3.04,7831.04,CRRB,10.0,,,,,1,1.0,1.0,7.0,,,,,10.0,1.0,,,,,,,10.0,2.0,2.0,9.0,,2.0,,,3.0,,,10.0,2.0,10.0,10.0,,6.0,,5.0,10.0,3.0,5.0,1.0,10.0,10.0,6.0,,,9.0,1.0,6,10.0,10,1
2012-02-02,80517,,11,3,6020.0,14528210,CRRB,CARROLLTON BANCORP,CRRB,551111.0,Q,A,R,13085,3,6020.0,,,,60.0,602.0,,,,,,,-3.2,0.052632,2576.0,1.0,,-8243.2,CRRB,10.0,,,,,1,1.0,1.0,7.0,,,,,10.0,1.0,,,,,,,10.0,2.0,2.0,9.0,,2.0,,,3.0,,,10.0,2.0,10.0,10.0,,6.0,,5.0,10.0,3.0,5.0,1.0,10.0,10.0,6.0,,,9.0,1.0,6,10.0,10,1
2012-02-03,80517,,11,3,6020.0,14528210,CRRB,CARROLLTON BANCORP,CRRB,551111.0,Q,A,R,13085,3,6020.0,,,,60.0,602.0,,,,,,,-3.25,0.015625,2576.0,1.0,,-8372.0,CRRB,10.0,,,,,1,1.0,1.0,7.0,,,,,10.0,1.0,,,,,,,10.0,2.0,2.0,9.0,,2.0,,,3.0,,,10.0,2.0,10.0,10.0,,6.0,,5.0,10.0,3.0,5.0,1.0,10.0,10.0,6.0,,,9.0,1.0,6,10.0,10,1
2012-02-06,80517,,11,3,6020.0,14528210,CRRB,CARROLLTON BANCORP,CRRB,551111.0,Q,A,R,13085,3,6020.0,,,,60.0,602.0,,,,,,,3.1,-0.046154,2576.0,1.0,3.15,7985.6,CRRB,10.0,,,,,1,1.0,1.0,7.0,,,,,10.0,1.0,,,,,,,10.0,2.0,2.0,9.0,,2.0,,,3.0,,,10.0,2.0,10.0,10.0,,6.0,,5.0,10.0,3.0,5.0,1.0,10.0,10.0,6.0,,,9.0,1.0,6,10.0,10,1
2012-02-07,80517,,11,3,6020.0,14528210,CRRB,CARROLLTON BANCORP,CRRB,551111.0,Q,A,R,13085,3,6020.0,,,,60.0,602.0,,,,,,,3.4,0.096774,2576.0,1.0,3.14,8758.4,CRRB,10.0,,,,,1,1.0,1.0,7.0,,,,,10.0,1.0,,,,,,,10.0,2.0,2.0,9.0,,2.0,,,3.0,,,10.0,2.0,10.0,10.0,,6.0,,5.0,10.0,3.0,5.0,1.0,10.0,10.0,6.0,,,9.0,1.0,6,10.0,10,1
2012-02-08,80517,,11,3,6020.0,14528210,CRRB,CARROLLTON BANCORP,CRRB,551111.0,Q,A,R,13085,3,6020.0,,,,60.0,602.0,,,,,,,-3.235,-0.048529,2576.0,1.0,,-8333.36,CRRB,10.0,,,,,1,1.0,1.0,7.0,,,,,10.0,1.0,,,,,,,10.0,2.0,2.0,9.0,,2.0,,,3.0,,,10.0,2.0,10.0,10.0,,6.0,,5.0,10.0,3.0,5.0,1.0,10.0,10.0,6.0,,,9.0,1.0,6,10.0,10,1
2012-02-09,80517,,11,3,6020.0,14528210,CRRB,CARROLLTON BANCORP,CRRB,551111.0,Q,A,R,13085,3,6020.0,,,,60.0,602.0,,,,,,,3.49,0.078825,2576.0,1.0,3.48,8990.24,CRRB,10.0,,,,,1,1.0,1.0,7.0,,,,,10.0,1.0,,,,,,,10.0,2.0,2.0,9.0,,2.0,,,3.0,,,10.0,2.0,10.0,10.0,,6.0,,5.0,10.0,3.0,5.0,1.0,10.0,10.0,6.0,,,9.0,1.0,6,10.0,10,1
2012-02-10,80517,,11,3,6020.0,14528210,CRRB,CARROLLTON BANCORP,CRRB,551111.0,Q,A,R,13085,3,6020.0,,,,60.0,602.0,,,,,,,3.36,-0.037249,2576.0,1.0,3.21,8655.36,CRRB,10.0,,,,,1,1.0,1.0,7.0,,,,,10.0,1.0,,,,,,,10.0,2.0,2.0,9.0,,2.0,,,3.0,,,10.0,2.0,10.0,10.0,,6.0,,5.0,10.0,3.0,5.0,1.0,10.0,10.0,6.0,,,9.0,1.0,6,10.0,10,1
2012-02-13,80517,,11,3,6020.0,14528210,CRRB,CARROLLTON BANCORP,CRRB,551111.0,Q,A,R,13085,3,6020.0,,,,60.0,602.0,,,,,,,-3.445,0.025298,2576.0,1.0,,-8874.32,CRRB,10.0,,,,,1,1.0,1.0,7.0,,,,,10.0,1.0,,,,,,,10.0,2.0,2.0,9.0,,2.0,,,3.0,,,10.0,2.0,10.0,10.0,,6.0,,5.0,10.0,3.0,5.0,1.0,10.0,10.0,6.0,,,9.0,1.0,6,10.0,10,1
2012-02-14,80517,,11,3,6020.0,14528210,CRRB,CARROLLTON BANCORP,CRRB,551111.0,Q,A,R,13085,3,6020.0,,,,60.0,602.0,,,,,,,-3.375,-0.020319,2576.0,1.0,,-8694.0,CRRB,10.0,,,,,1,1.0,1.0,7.0,,,,,10.0,1.0,,,,,,,10.0,2.0,2.0,9.0,,2.0,,,3.0,,,10.0,2.0,10.0,10.0,,6.0,,5.0,10.0,3.0,5.0,1.0,10.0,10.0,6.0,,,9.0,1.0,6,10.0,10,1
2012-02-15,80517,,11,3,6020.0,14528210,CRRB,CARROLLTON BANCORP,CRRB,551111.0,Q,A,R,13085,3,6020.0,,,,60.0,602.0,,,,,,,-3.35,-0.007407,2576.0,1.0,,-8629.6,CRRB,10.0,,,,,1,1.0,1.0,7.0,,,,,10.0,1.0,,,,,,,10.0,2.0,2.0,9.0,,2.0,,,3.0,,,10.0,2.0,10.0,10.0,,6.0,,5.0,10.0,3.0,5.0,1.0,10.0,10.0,6.0,,,9.0,1.0,6,10.0,10,1
2012-02-16,80517,,11,3,6020.0,14528210,CRRB,CARROLLTON BANCORP,CRRB,551111.0,Q,A,R,13085,3,6020.0,,,,60.0,602.0,,,,,,,-3.35,0.0,2576.0,1.0,,-8629.6,CRRB,10.0,,,,,1,1.0,1.0,7.0,,,,,10.0,1.0,,,,,,,10.0,2.0,2.0,9.0,,2.0,,,3.0,,,10.0,2.0,10.0,10.0,,6.0,,5.0,10.0,3.0,5.0,1.0,10.0,10.0,6.0,,,9.0,1.0,6,10.0,10,1
2012-02-17,80517,,11,3,6020.0,14528210,CRRB,CARROLLTON BANCORP,CRRB,551111.0,Q,A,R,13085,3,6020.0,,,,60.0,602.0,,,,,,,-3.35,0.0,2576.0,1.0,,-8629.6,CRRB,10.0,,,,,1,1.0,1.0,7.0,,,,,10.0,1.0,,,,,,,10.0,2.0,2.0,9.0,,2.0,,,3.0,,,10.0,2.0,10.0,10.0,,6.0,,5.0,10.0,3.0,5.0,1.0,10.0,10.0,6.0,,,9.0,1.0,6,10.0,10,1
2012-02-21,80517,,11,3,6020.0,14528210,CRRB,CARROLLTON BANCORP,CRRB,551111.0,Q,A,R,13085,3,6020.0,,,,60.0,602.0,,,,,,,3.4,0.014925,2576.0,1.0,3.4,8758.4,CRRB,10.0,,,,,1,1.0,1.0,7.0,,,,,10.0,1.0,,,,,,,10.0,2.0,2.0,9.0,,2.0,,,3.0,,,10.0,2.0,10.0,10.0,,6.0,,5.0,10.0,3.0,5.0,1.0,10.0,10.0,6.0,,,9.0,1.0,6,10.0,10,1
2012-02-22,80517,,11,3,6020.0,14528210,CRRB,CARROLLTON BANCORP,CRRB,551111.0,Q,A,R,13085,3,6020.0,,,,60.0,602.0,,,,,,,-3.35,-0.014706,2576.0,1.0,,-8629.6,CRRB,10.0,,,,,1,1.0,1.0,7.0,,,,,10.0,1.0,,,,,,,10.0,2.0,2.0,9.0,,2.0,,,3.0,,,10.0,2.0,10.0,10.0,,6.0,,5.0,10.0,3.0,5.0,1.0,10.0,10.0,6.0,,,9.0,1.0,6,10.0,10,1
2012-02-23,80517,,11,3,6020.0,14528210,CRRB,CARROLLTON BANCORP,CRRB,551111.0,Q,A,R,13085,3,6020.0,,,,60.0,602.0,,,,,,,-3.395,0.013433,2576.0,1.0,,-8745.52,CRRB,10.0,,,,,1,1.0,1.0,7.0,,,,,10.0,1.0,,,,,,,10.0,2.0,2.0,9.0,,2.0,,,3.0,,,10.0,2.0,10.0,10.0,,6.0,,5.0,10.0,3.0,5.0,1.0,10.0,10.0,6.0,,,9.0,1.0,6,10.0,10,1
2012-02-24,80517,,11,3,6020.0,14528210,CRRB,CARROLLTON BANCORP,CRRB,551111.0,Q,A,R,13085,3,6020.0,,,,60.0,602.0,,,,,,,3.4,0.001473,2576.0,1.0,3.4,8758.4,CRRB,10.0,,,,,1,1.0,1.0,7.0,,,,,10.0,1.0,,,,,,,10.0,2.0,2.0,9.0,,2.0,,,3.0,,,10.0,2.0,10.0,10.0,,6.0,,5.0,10.0,3.0,5.0,1.0,10.0,10.0,6.0,,,9.0,1.0,6,10.0,10,1
2012-02-27,80517,,11,3,6020.0,14528210,CRRB,CARROLLTON BANCORP,CRRB,551111.0,Q,A,R,13085,3,6020.0,,,,60.0,602.0,,,,,,,3.4,0.0,2576.0,1.0,3.4,8758.4,CRRB,10.0,,,,,1,1.0,1.0,7.0,,,,,10.0,1.0,,,,,,,10.0,2.0,2.0,9.0,,2.0,,,3.0,,,10.0,2.0,10.0,10.0,,6.0,,5.0,10.0,3.0,5.0,1.0,10.0,10.0,6.0,,,9.0,1.0,6,10.0,10,1
2012-02-28,80517,,11,3,6020.0,14528210,CRRB,CARROLLTON BANCORP,CRRB,551111.0,Q,A,R,13085,3,6020.0,,,,60.0,602.0,,,,,,,3.51,0.032353,2576.0,1.0,3.51,9041.76,CRRB,10.0,,,,,1,1.0,1.0,7.0,,,,,10.0,1.0,,,,,,,10.0,2.0,2.0,9.0,,2.0,,,3.0,,,10.0,2.0,10.0,10.0,,6.0,,5.0,10.0,3.0,5.0,1.0,10.0,10.0,6.0,,,9.0,1.0,6,10.0,10,1
2012-02-29,80517,,11,3,6020.0,14528210,CRRB,CARROLLTON BANCORP,CRRB,551111.0,Q,A,R,13085,3,6020.0,,,,60.0,602.0,,,,,,,3.5,-0.002849,2576.0,1.0,3.5,9016.0,CRRB,10.0,,,,,1,1.0,1.0,7.0,,,,,10.0,1.0,,,,,,,10.0,2.0,2.0,9.0,,2.0,,,3.0,,,10.0,2.0,10.0,10.0,,6.0,,5.0,10.0,3.0,5.0,1.0,10.0,10.0,6.0,,,9.0,1.0,6,10.0,10,1
2012-03-01,80517,,11,3,6020.0,14528210,CRRB,CARROLLTON BANCORP,CRRB,551111.0,Q,A,R,13085,3,6020.0,,,,60.0,602.0,,,,,,,-3.47,-0.008571,2576.0,1.0,,-8938.72,CRRB,10.0,,,,,1,1.0,1.0,7.0,,,,,10.0,1.0,,,,,,,10.0,2.0,2.0,9.0,,2.0,,,7.0,,,10.0,2.0,10.0,10.0,,6.0,,5.0,10.0,3.0,1.0,1.0,10.0,1.0,2.0,,,9.0,1.0,6,10.0,10,1
2012-03-02,80517,,11,3,6020.0,14528210,CRRB,CARROLLTON BANCORP,CRRB,551111.0,Q,A,R,13085,3,6020.0,,,,60.0,602.0,,,,,,,-3.475,0.001441,2576.0,1.0,,-8951.6,CRRB,10.0,,,,,1,1.0,1.0,7.0,,,,,10.0,1.0,,,,,,,10.0,2.0,2.0,9.0,,2.0,,,7.0,,,10.0,2.0,10.0,10.0,,6.0,,5.0,10.0,3.0,1.0,1.0,10.0,1.0,2.0,,,9.0,1.0,6,10.0,10,1
2012-03-05,80517,,11,3,6020.0,14528210,CRRB,CARROLLTON BANCORP,CRRB,551111.0,Q,A,R,13085,3,6020.0,,,,60.0,602.0,,,,,,,-3.52,0.01295,2576.0,1.0,,-9067.52,CRRB,10.0,,,,,1,1.0,1.0,7.0,,,,,10.0,1.0,,,,,,,10.0,2.0,2.0,9.0,,2.0,,,7.0,,,10.0,2.0,10.0,10.0,,6.0,,5.0,10.0,3.0,1.0,1.0,10.0,1.0,2.0,,,9.0,1.0,6,10.0,10,1
2012-03-06,80517,,11,3,6020.0,14528210,CRRB,CARROLLTON BANCORP,CRRB,551111.0,Q,A,R,13085,3,6020.0,,,,60.0,602.0,,,,,,,3.6,0.022727,2576.0,1.0,3.5,9273.6,CRRB,10.0,,,,,1,1.0,1.0,7.0,,,,,10.0,1.0,,,,,,,10.0,2.0,2.0,9.0,,2.0,,,7.0,,,10.0,2.0,10.0,10.0,,6.0,,5.0,10.0,3.0,1.0,1.0,10.0,1.0,2.0,,,9.0,1.0,6,10.0,10,1
2012-03-07,80517,,11,3,6020.0,14528210,CRRB,CARROLLTON BANCORP,CRRB,551111.0,Q,A,R,13085,3,6020.0,,,,60.0,602.0,,,,,,,-3.67,0.019444,2576.0,1.0,,-9453.92,CRRB,10.0,,,,,1,1.0,1.0,7.0,,,,,10.0,1.0,,,,,,,10.0,2.0,2.0,9.0,,2.0,,,7.0,,,10.0,2.0,10.0,10.0,,6.0,,5.0,10.0,3.0,1.0,1.0,10.0,1.0,2.0,,,9.0,1.0,6,10.0,10,1
2012-03-08,80517,,11,3,6020.0,14528210,CRRB,CARROLLTON BANCORP,CRRB,551111.0,Q,A,R,13085,3,6020.0,,,,60.0,602.0,,,,,,,3.6,-0.019074,2576.0,1.0,3.6,9273.6,CRRB,10.0,,,,,1,1.0,1.0,7.0,,,,,10.0,1.0,,,,,,,10.0,2.0,2.0,9.0,,2.0,,,7.0,,,10.0,2.0,10.0,10.0,,6.0,,5.0,10.0,3.0,1.0,1.0,10.0,1.0,2.0,,,9.0,1.0,6,10.0,10,1
2012-03-09,80517,,11,3,6020.0,14528210,CRRB,CARROLLTON BANCORP,CRRB,551111.0,Q,A,R,13085,3,6020.0,,,,60.0,602.0,,,,,,,-3.67,0.019444,2576.0,1.0,,-9453.92,CRRB,10.0,,,,,1,1.0,1.0,7.0,,,,,10.0,1.0,,,,,,,10.0,2.0,2.0,9.0,,2.0,,,7.0,,,10.0,2.0,10.0,10.0,,6.0,,5.0,10.0,3.0,1.0,1.0,10.0,1.0,2.0,,,9.0,1.0,6,10.0,10,1
2012-03-12,80517,,11,3,6020.0,14528210,CRRB,CARROLLTON BANCORP,CRRB,551111.0,Q,A,R,13085,3,6020.0,,,,60.0,602.0,,,,,,,-3.525,-0.03951,2576.0,1.0,,-9080.4,CRRB,10.0,,,,,1,1.0,1.0,7.0,,,,,10.0,1.0,,,,,,,10.0,2.0,2.0,9.0,,2.0,,,7.0,,,10.0,2.0,10.0,10.0,,6.0,,5.0,10.0,3.0,1.0,1.0,10.0,1.0,2.0,,,9.0,1.0,6,10.0,10,1
2012-03-13,80517,,11,3,6020.0,14528210,CRRB,CARROLLTON BANCORP,CRRB,551111.0,Q,A,R,13085,3,6020.0,,,,60.0,602.0,,,,,,,3.55,0.007092,2576.0,1.0,3.55,9144.8,CRRB,10.0,,,,,1,1.0,1.0,7.0,,,,,10.0,1.0,,,,,,,10.0,2.0,2.0,9.0,,2.0,,,7.0,,,10.0,2.0,10.0,10.0,,6.0,,5.0,10.0,3.0,1.0,1.0,10.0,1.0,2.0,,,9.0,1.0,6,10.0,10,1
2012-03-14,80517,,11,3,6020.0,14528210,CRRB,CARROLLTON BANCORP,CRRB,551111.0,Q,A,R,13085,3,6020.0,,,,60.0,602.0,,,,,,,3.6,0.014084,2576.0,1.0,3.52,9273.6,CRRB,10.0,,,,,1,1.0,1.0,7.0,,,,,10.0,1.0,,,,,,,10.0,2.0,2.0,9.0,,2.0,,,7.0,,,10.0,2.0,10.0,10.0,,6.0,,5.0,10.0,3.0,1.0,1.0,10.0,1.0,2.0,,,9.0,1.0,6,10.0,10,1
2012-03-15,80517,,11,3,6020.0,14528210,CRRB,CARROLLTON BANCORP,CRRB,551111.0,Q,A,R,13085,3,6020.0,,,,60.0,602.0,,,,,,,-3.4,-0.055556,2576.0,1.0,,-8758.4,CRRB,10.0,,,,,1,1.0,1.0,7.0,,,,,10.0,1.0,,,,,,,10.0,2.0,2.0,9.0,,2.0,,,7.0,,,10.0,2.0,10.0,10.0,,6.0,,5.0,10.0,3.0,1.0,1.0,10.0,1.0,2.0,,,9.0,1.0,6,10.0,10,1
2012-03-16,80517,,11,3,6020.0,14528210,CRRB,CARROLLTON BANCORP,CRRB,551111.0,Q,A,R,13085,3,6020.0,,,,60.0,602.0,,,,,,,4.1001,0.205912,2576.0,1.0,3.65,10561.8576,CRRB,10.0,,,,,1,1.0,1.0,7.0,,,,,10.0,1.0,,,,,,,10.0,2.0,2.0,9.0,,2.0,,,7.0,,,10.0,2.0,10.0,10.0,,6.0,,5.0,10.0,3.0,1.0,1.0,10.0,1.0,2.0,,,9.0,1.0,6,10.0,10,1
2012-03-19,80517,,11,3,6020.0,14528210,CRRB,CARROLLTON BANCORP,CRRB,551111.0,Q,A,R,13085,3,6020.0,,,,60.0,602.0,,,,,,,3.75,-0.085388,2576.0,1.0,4.12,9660.0,CRRB,10.0,,,,,1,1.0,1.0,7.0,,,,,10.0,1.0,,,,,,,10.0,2.0,2.0,9.0,,2.0,,,7.0,,,10.0,2.0,10.0,10.0,,6.0,,5.0,10.0,3.0,1.0,1.0,10.0,1.0,2.0,,,9.0,1.0,6,10.0,10,1
2012-03-20,80517,,11,3,6020.0,14528210,CRRB,CARROLLTON BANCORP,CRRB,551111.0,Q,A,R,13085,3,6020.0,,,,60.0,602.0,,,,,,,3.83,0.021333,2576.0,1.0,3.75,9866.08,CRRB,10.0,,,,,1,1.0,1.0,7.0,,,,,10.0,1.0,,,,,,,10.0,2.0,2.0,9.0,,2.0,,,7.0,,,10.0,2.0,10.0,10.0,,6.0,,5.0,10.0,3.0,1.0,1.0,10.0,1.0,2.0,,,9.0,1.0,6,10.0,10,1
2012-03-21,80517,,11,3,6020.0,14528210,CRRB,CARROLLTON BANCORP,CRRB,551111.0,Q,A,R,13085,3,6020.0,,,,60.0,602.0,,,,,,,3.9,0.018277,2576.0,1.0,3.74,10046.4,CRRB,10.0,,,,,1,1.0,1.0,7.0,,,,,10.0,1.0,,,,,,,10.0,2.0,2.0,9.0,,2.0,,,7.0,,,10.0,2.0,10.0,10.0,,6.0,,5.0,10.0,3.0,1.0,1.0,10.0,1.0,2.0,,,9.0,1.0,6,10.0,10,1
2012-03-22,80517,,11,3,6020.0,14528210,CRRB,CARROLLTON BANCORP,CRRB,551111.0,Q,A,R,13085,3,6020.0,,,,60.0,602.0,,,,,,,3.56,-0.08718,2576.0,1.0,3.59,9170.56,CRRB,10.0,,,,,1,1.0,1.0,7.0,,,,,10.0,1.0,,,,,,,10.0,2.0,2.0,9.0,,2.0,,,7.0,,,10.0,2.0,10.0,10.0,,6.0,,5.0,10.0,3.0,1.0,1.0,10.0,1.0,2.0,,,9.0,1.0,6,10.0,10,1
2012-03-23,80517,,11,3,6020.0,14528210,CRRB,CARROLLTON BANCORP,CRRB,551111.0,Q,A,R,13085,3,6020.0,,,,60.0,602.0,,,,,,,3.53,-0.008427,2576.0,1.0,3.68,9093.28,CRRB,10.0,,,,,1,1.0,1.0,7.0,,,,,10.0,1.0,,,,,,,10.0,2.0,2.0,9.0,,2.0,,,7.0,,,10.0,2.0,10.0,10.0,,6.0,,5.0,10.0,3.0,1.0,1.0,10.0,1.0,2.0,,,9.0,1.0,6,10.0,10,1
2012-03-26,80517,,11,3,6020.0,14528210,CRRB,CARROLLTON BANCORP,CRRB,551111.0,Q,A,R,13085,3,6020.0,,,,60.0,602.0,,,,,,,3.64,0.031162,2576.0,1.0,3.77,9376.64,CRRB,10.0,,,,,1,1.0,1.0,7.0,,,,,10.0,1.0,,,,,,,10.0,2.0,2.0,9.0,,2.0,,,7.0,,,10.0,2.0,10.0,10.0,,6.0,,5.0,10.0,3.0,1.0,1.0,10.0,1.0,2.0,,,9.0,1.0,6,10.0,10,1
2012-03-27,80517,,11,3,6020.0,14528210,CRRB,CARROLLTON BANCORP,CRRB,551111.0,Q,A,R,13085,3,6020.0,,,,60.0,602.0,,,,,,,3.93,0.07967,2576.0,1.0,4.52,10123.68,CRRB,10.0,,,,,1,1.0,1.0,7.0,,,,,10.0,1.0,,,,,,,10.0,2.0,2.0,9.0,,2.0,,,7.0,,,10.0,2.0,10.0,10.0,,6.0,,5.0,10.0,3.0,1.0,1.0,10.0,1.0,2.0,,,9.0,1.0,6,10.0,10,1
2012-03-28,80517,,11,3,6020.0,14528210,CRRB,CARROLLTON BANCORP,CRRB,551111.0,Q,A,R,13085,3,6020.0,,,,60.0,602.0,,,,,,,-4.05,0.030534,2576.0,1.0,,-10432.8,CRRB,10.0,,,,,1,1.0,1.0,7.0,,,,,10.0,1.0,,,,,,,10.0,2.0,2.0,9.0,,2.0,,,7.0,,,10.0,2.0,10.0,10.0,,6.0,,5.0,10.0,3.0,1.0,1.0,10.0,1.0,2.0,,,9.0,1.0,6,10.0,10,1
2012-03-29,80517,,11,3,6020.0,14528210,CRRB,CARROLLTON BANCORP,CRRB,551111.0,Q,A,R,13085,3,6020.0,,,,60.0,602.0,,,,,,,4.08,0.007407,2576.0,1.0,3.85,10510.08,CRRB,10.0,,,,,1,1.0,1.0,7.0,,,,,10.0,1.0,,,,,,,10.0,2.0,2.0,9.0,,2.0,,,7.0,,,10.0,2.0,10.0,10.0,,6.0,,5.0,10.0,3.0,1.0,1.0,10.0,1.0,2.0,,,9.0,1.0,6,10.0,10,1
2012-03-30,80517,,11,3,6020.0,14528210,CRRB,CARROLLTON BANCORP,CRRB,551111.0,Q,A,R,13085,3,6020.0,,,,60.0,602.0,,,,,,,4.14,0.014706,2576.0,1.0,4.11,10664.64,CRRB,10.0,,,,,1,1.0,1.0,7.0,,,,,10.0,1.0,,,,,,,10.0,2.0,2.0,9.0,,2.0,,,7.0,,,10.0,2.0,10.0,10.0,,6.0,,5.0,10.0,3.0,1.0,1.0,10.0,1.0,2.0,,,9.0,1.0,6,10.0,10,1
2012-04-02,80517,,11,3,6020.0,14528210,CRRB,CARROLLTON BANCORP,CRRB,551111.0,Q,A,R,13085,3,6020.0,,,,60.0,602.0,,,,,,,-4.175,0.008454,2576.0,1.0,,-10754.8,CRRB,10.0,,,,,1,1.0,1.0,7.0,,,,,10.0,1.0,,,,,,,10.0,2.0,2.0,9.0,,2.0,,3.0,9.0,,,10.0,3.0,9.0,10.0,,6.0,,5.0,10.0,3.0,1.0,1.0,10.0,1.0,1.0,,,7.0,1.0,6,10.0,10,1
2012-04-03,80517,,11,3,6020.0,14528210,CRRB,CARROLLTON BANCORP,CRRB,551111.0,Q,A,R,13085,3,6020.0,,,,60.0,602.0,,,,,,,4.2031,0.006731,2576.0,1.0,4.15,10827.1856,CRRB,10.0,,,,,1,1.0,1.0,7.0,,,,,10.0,1.0,,,,,,,10.0,2.0,2.0,9.0,,2.0,,3.0,9.0,,,10.0,3.0,9.0,10.0,,6.0,,5.0,10.0,3.0,1.0,1.0,10.0,1.0,1.0,,,7.0,1.0,6,10.0,10,1
2012-04-04,80517,,11,3,6020.0,14528210,CRRB,CARROLLTON BANCORP,CRRB,551111.0,Q,A,R,13085,3,6020.0,,,,60.0,602.0,,,,,,,4.53,0.077776,2576.0,1.0,4.53,11669.28,CRRB,10.0,,,,,1,1.0,1.0,7.0,,,,,10.0,1.0,,,,,,,10.0,2.0,2.0,9.0,,2.0,,3.0,9.0,,,10.0,3.0,9.0,10.0,,6.0,,5.0,10.0,3.0,1.0,1.0,10.0,1.0,1.0,,,7.0,1.0,6,10.0,10,1
2012-04-05,80517,,11,3,6020.0,14528210,CRRB,CARROLLTON BANCORP,CRRB,551111.0,Q,A,R,13085,3,6020.0,,,,60.0,602.0,,,,,,,4.05,-0.10596,2576.0,1.0,4.02,10432.8,CRRB,10.0,,,,,1,1.0,1.0,7.0,,,,,10.0,1.0,,,,,,,10.0,2.0,2.0,9.0,,2.0,,3.0,9.0,,,10.0,3.0,9.0,10.0,,6.0,,5.0,10.0,3.0,1.0,1.0,10.0,1.0,1.0,,,7.0,1.0,6,10.0,10,1
2012-04-09,80517,,11,3,6020.0,14528210,CRRB,CARROLLTON BANCORP,CRRB,551111.0,Q,A,R,13085,3,6020.0,,,,60.0,602.0,,,,,,,5.1,0.259259,2576.0,1.0,5.25,13137.6,CRRB,10.0,,,,,1,1.0,1.0,7.0,,,,,10.0,1.0,,,,,,,10.0,2.0,2.0,9.0,,2.0,,3.0,9.0,,,10.0,3.0,9.0,10.0,,6.0,,5.0,10.0,3.0,1.0,1.0,10.0,1.0,1.0,,,7.0,1.0,6,10.0,10,1
2012-04-10,80517,,11,3,6020.0,14528210,CRRB,CARROLLTON BANCORP,CRRB,551111.0,Q,A,R,13085,3,6020.0,,,,60.0,602.0,,,,,,,5.13,0.005882,2576.0,1.0,5.25,13214.88,CRRB,10.0,,,,,1,1.0,1.0,7.0,,,,,10.0,1.0,,,,,,,10.0,2.0,2.0,9.0,,2.0,,3.0,9.0,,,10.0,3.0,9.0,10.0,,6.0,,5.0,10.0,3.0,1.0,1.0,10.0,1.0,1.0,,,7.0,1.0,6,10.0,10,1
2012-04-11,80517,,11,3,6020.0,14528210,CRRB,CARROLLTON BANCORP,CRRB,551111.0,Q,A,R,13085,3,6020.0,,,,60.0,602.0,,,,,,,5.05,-0.015595,2576.0,1.0,5.2,13008.8,CRRB,10.0,,,,,1,1.0,1.0,7.0,,,,,10.0,1.0,,,,,,,10.0,2.0,2.0,9.0,,2.0,,3.0,9.0,,,10.0,3.0,9.0,10.0,,6.0,,5.0,10.0,3.0,1.0,1.0,10.0,1.0,1.0,,,7.0,1.0,6,10.0,10,1
2012-04-12,80517,,11,3,6020.0,14528210,CRRB,CARROLLTON BANCORP,CRRB,551111.0,Q,A,R,13085,3,6020.0,,,,60.0,602.0,,,,,,,5.0,-0.009901,2576.0,1.0,5.04,12880.0,CRRB,10.0,,,,,1,1.0,1.0,7.0,,,,,10.0,1.0,,,,,,,10.0,2.0,2.0,9.0,,2.0,,3.0,9.0,,,10.0,3.0,9.0,10.0,,6.0,,5.0,10.0,3.0,1.0,1.0,10.0,1.0,1.0,,,7.0,1.0,6,10.0,10,1
2012-04-13,80517,,11,3,6020.0,14528210,CRRB,CARROLLTON BANCORP,CRRB,551111.0,Q,A,R,13085,3,6020.0,,,,60.0,602.0,,,,,,,4.96,-0.008,2576.0,1.0,4.96,12776.96,CRRB,10.0,,,,,1,1.0,1.0,7.0,,,,,10.0,1.0,,,,,,,10.0,2.0,2.0,9.0,,2.0,,3.0,9.0,,,10.0,3.0,9.0,10.0,,6.0,,5.0,10.0,3.0,1.0,1.0,10.0,1.0,1.0,,,7.0,1.0,6,10.0,10,1
2012-04-16,80517,,11,3,6020.0,14528210,CRRB,CARROLLTON BANCORP,CRRB,551111.0,Q,A,R,13085,3,6020.0,,,,60.0,602.0,,,,,,,4.86,-0.020161,2576.0,1.0,4.94,12519.36,CRRB,10.0,,,,,1,1.0,1.0,7.0,,,,,10.0,1.0,,,,,,,10.0,2.0,2.0,9.0,,2.0,,3.0,9.0,,,10.0,3.0,9.0,10.0,,6.0,,5.0,10.0,3.0,1.0,1.0,10.0,1.0,1.0,,,7.0,1.0,6,10.0,10,1
2012-04-17,80517,,11,3,6020.0,14528210,CRRB,CARROLLTON BANCORP,CRRB,551111.0,Q,A,R,13085,3,6020.0,,,,60.0,602.0,,,,,,,4.95,0.018518,2576.0,1.0,4.95,12751.2,CRRB,10.0,,,,,1,1.0,1.0,7.0,,,,,10.0,1.0,,,,,,,10.0,2.0,2.0,9.0,,2.0,,3.0,9.0,,,10.0,3.0,9.0,10.0,,6.0,,5.0,10.0,3.0,1.0,1.0,10.0,1.0,1.0,,,7.0,1.0,6,10.0,10,1
2012-04-18,80517,,11,3,6020.0,14528210,CRRB,CARROLLTON BANCORP,CRRB,551111.0,Q,A,R,13085,3,6020.0,,,,60.0,602.0,,,,,,,-4.925,-0.00505,2576.0,1.0,,-12686.8,CRRB,10.0,,,,,1,1.0,1.0,7.0,,,,,10.0,1.0,,,,,,,10.0,2.0,2.0,9.0,,2.0,,3.0,9.0,,,10.0,3.0,9.0,10.0,,6.0,,5.0,10.0,3.0,1.0,1.0,10.0,1.0,1.0,,,7.0,1.0,6,10.0,10,1
2012-04-19,80517,,11,3,6020.0,14528210,CRRB,CARROLLTON BANCORP,CRRB,551111.0,Q,A,R,13085,3,6020.0,,,,60.0,602.0,,,,,,,4.7601,-0.033482,2576.0,1.0,5.05,12262.0176,CRRB,10.0,,,,,1,1.0,1.0,7.0,,,,,10.0,1.0,,,,,,,10.0,2.0,2.0,9.0,,2.0,,3.0,9.0,,,10.0,3.0,9.0,10.0,,6.0,,5.0,10.0,3.0,1.0,1.0,10.0,1.0,1.0,,,7.0,1.0,6,10.0,10,1
2012-04-20,80517,,11,3,6020.0,14528210,CRRB,CARROLLTON BANCORP,CRRB,551111.0,Q,A,R,13085,3,6020.0,,,,60.0,602.0,,,,,,,4.84,0.016785,2576.0,1.0,4.92,12467.84,CRRB,10.0,,,,,1,1.0,1.0,7.0,,,,,10.0,1.0,,,,,,,10.0,2.0,2.0,9.0,,2.0,,3.0,9.0,,,10.0,3.0,9.0,10.0,,6.0,,5.0,10.0,3.0,1.0,1.0,10.0,1.0,1.0,,,7.0,1.0,6,10.0,10,1
2012-04-23,80517,,11,3,6020.0,14528210,CRRB,CARROLLTON BANCORP,CRRB,551111.0,Q,A,R,13085,3,6020.0,,,,60.0,602.0,,,,,,,5.01,0.035124,2576.0,1.0,4.93,12905.76,CRRB,10.0,,,,,1,1.0,1.0,7.0,,,,,10.0,1.0,,,,,,,10.0,2.0,2.0,9.0,,2.0,,3.0,9.0,,,10.0,3.0,9.0,10.0,,6.0,,5.0,10.0,3.0,1.0,1.0,10.0,1.0,1.0,,,7.0,1.0,6,10.0,10,1
2012-04-24,80517,,11,3,6020.0,14528210,CRRB,CARROLLTON BANCORP,CRRB,551111.0,Q,A,R,13085,3,6020.0,,,,60.0,602.0,,,,,,,5.29,0.055888,2576.0,1.0,5.29,13627.04,CRRB,10.0,,,,,1,1.0,1.0,7.0,,,,,10.0,1.0,,,,,,,10.0,2.0,2.0,9.0,,2.0,,3.0,9.0,,,10.0,3.0,9.0,10.0,,6.0,,5.0,10.0,3.0,1.0,1.0,10.0,1.0,1.0,,,7.0,1.0,6,10.0,10,1
2012-04-25,80517,,11,3,6020.0,14528210,CRRB,CARROLLTON BANCORP,CRRB,551111.0,Q,A,R,13085,3,6020.0,,,,60.0,602.0,,,,,,,-5.12,-0.032136,2576.0,1.0,,-13189.12,CRRB,10.0,,,,,1,1.0,1.0,7.0,,,,,10.0,1.0,,,,,,,10.0,2.0,2.0,9.0,,2.0,,3.0,9.0,,,10.0,3.0,9.0,10.0,,6.0,,5.0,10.0,3.0,1.0,1.0,10.0,1.0,1.0,,,7.0,1.0,6,10.0,10,1
2012-04-26,80517,,11,3,6020.0,14528210,CRRB,CARROLLTON BANCORP,CRRB,551111.0,Q,A,R,13085,3,6020.0,,,,60.0,602.0,,,,,,,5.26,0.027344,2576.0,1.0,5.37,13549.76,CRRB,10.0,,,,,1,1.0,1.0,7.0,,,,,10.0,1.0,,,,,,,10.0,2.0,2.0,9.0,,2.0,,3.0,9.0,,,10.0,3.0,9.0,10.0,,6.0,,5.0,10.0,3.0,1.0,1.0,10.0,1.0,1.0,,,7.0,1.0,6,10.0,10,1
2012-04-27,80517,,11,3,6020.0,14528210,CRRB,CARROLLTON BANCORP,CRRB,551111.0,Q,A,R,13085,3,6020.0,,,,60.0,602.0,,,,,,,-5.08,-0.034221,2576.0,1.0,,-13086.08,CRRB,10.0,,,,,1,1.0,1.0,7.0,,,,,10.0,1.0,,,,,,,10.0,2.0,2.0,9.0,,2.0,,3.0,9.0,,,10.0,3.0,9.0,10.0,,6.0,,5.0,10.0,3.0,1.0,1.0,10.0,1.0,1.0,,,7.0,1.0,6,10.0,10,1
2012-04-30,80517,,11,3,6020.0,14528210,CRRB,CARROLLTON BANCORP,CRRB,551111.0,Q,A,R,13085,3,6020.0,,,,60.0,602.0,,,,,,,-5.095,0.002953,2576.0,1.0,,-13124.72,CRRB,10.0,,,,,1,1.0,1.0,7.0,,,,,10.0,1.0,,,,,,,10.0,2.0,2.0,9.0,,2.0,,3.0,9.0,,,10.0,3.0,9.0,10.0,,6.0,,5.0,10.0,3.0,1.0,1.0,10.0,1.0,1.0,,,7.0,1.0,6,10.0,10,1
2012-05-01,80517,,11,3,6020.0,14528210,CRRB,CARROLLTON BANCORP,CRRB,551111.0,Q,A,R,13085,3,6020.0,,,,60.0,602.0,,,,,,,-5.12,0.004907,2576.0,1.0,,-13189.12,CRRB,10.0,,,,,1,1.0,1.0,7.0,,,,,10.0,1.0,,,,,,,10.0,2.0,2.0,9.0,,2.0,,5.0,10.0,,,10.0,5.0,10.0,10.0,,6.0,,7.0,10.0,3.0,1.0,1.0,10.0,10.0,1.0,,,9.0,1.0,6,10.0,10,1
2012-05-02,80517,,11,3,6020.0,14528210,CRRB,CARROLLTON BANCORP,CRRB,551111.0,Q,A,R,13085,3,6020.0,,,,60.0,602.0,,,,,,,-5.17,0.009766,2576.0,1.0,,-13317.92,CRRB,10.0,,,,,1,1.0,1.0,7.0,,,,,10.0,1.0,,,,,,,10.0,2.0,2.0,9.0,,2.0,,5.0,10.0,,,10.0,5.0,10.0,10.0,,6.0,,7.0,10.0,3.0,1.0,1.0,10.0,10.0,1.0,,,9.0,1.0,6,10.0,10,1
2012-05-03,80517,,11,3,6020.0,14528210,CRRB,CARROLLTON BANCORP,CRRB,551111.0,Q,A,R,13085,3,6020.0,,,,60.0,602.0,,,,,,,5.34,0.032882,2576.0,1.0,5.34,13755.84,CRRB,10.0,,,,,1,1.0,1.0,7.0,,,,,10.0,1.0,,,,,,,10.0,2.0,2.0,9.0,,2.0,,5.0,10.0,,,10.0,5.0,10.0,10.0,,6.0,,7.0,10.0,3.0,1.0,1.0,10.0,10.0,1.0,,,9.0,1.0,6,10.0,10,1
2012-05-04,80517,,11,3,6020.0,14528210,CRRB,CARROLLTON BANCORP,CRRB,551111.0,Q,A,R,13085,3,6020.0,,,,60.0,602.0,,,,,,,5.45,0.020599,2576.0,1.0,5.49,14039.2,CRRB,10.0,,,,,1,1.0,1.0,7.0,,,,,10.0,1.0,,,,,,,10.0,2.0,2.0,9.0,,2.0,,5.0,10.0,,,10.0,5.0,10.0,10.0,,6.0,,7.0,10.0,3.0,1.0,1.0,10.0,10.0,1.0,,,9.0,1.0,6,10.0,10,1
2012-05-07,80517,,11,3,6020.0,14528210,CRRB,CARROLLTON BANCORP,CRRB,551111.0,Q,A,R,13085,3,6020.0,,,,60.0,602.0,,,,,,,-5.27,-0.033027,2576.0,1.0,,-13575.52,CRRB,10.0,,,,,1,1.0,1.0,7.0,,,,,10.0,1.0,,,,,,,10.0,2.0,2.0,9.0,,2.0,,5.0,10.0,,,10.0,5.0,10.0,10.0,,6.0,,7.0,10.0,3.0,1.0,1.0,10.0,10.0,1.0,,,9.0,1.0,6,10.0,10,1
2012-05-08,80517,,11,3,6020.0,14528210,CRRB,CARROLLTON BANCORP,CRRB,551111.0,Q,A,R,13085,3,6020.0,,,,60.0,602.0,,,,,,,-5.295,0.004744,2576.0,1.0,,-13639.92,CRRB,10.0,,,,,1,1.0,1.0,7.0,,,,,10.0,1.0,,,,,,,10.0,2.0,2.0,9.0,,2.0,,5.0,10.0,,,10.0,5.0,10.0,10.0,,6.0,,7.0,10.0,3.0,1.0,1.0,10.0,10.0,1.0,,,9.0,1.0,6,10.0,10,1
2012-05-09,80517,,11,3,6020.0,14528210,CRRB,CARROLLTON BANCORP,CRRB,551111.0,Q,A,R,13085,3,6020.0,,,,60.0,602.0,,,,,,,5.5,0.038716,2576.0,1.0,5.4028,14168.0,CRRB,10.0,,,,,1,1.0,1.0,7.0,,,,,10.0,1.0,,,,,,,10.0,2.0,2.0,9.0,,2.0,,5.0,10.0,,,10.0,5.0,10.0,10.0,,6.0,,7.0,10.0,3.0,1.0,1.0,10.0,10.0,1.0,,,9.0,1.0,6,10.0,10,1
2012-05-10,80517,,11,3,6020.0,14528210,CRRB,CARROLLTON BANCORP,CRRB,551111.0,Q,A,R,13085,3,6020.0,,,,60.0,602.0,,,,,,,-5.625,0.022727,2576.0,1.0,,-14490.0,CRRB,10.0,,,,,1,1.0,1.0,7.0,,,,,10.0,1.0,,,,,,,10.0,2.0,2.0,9.0,,2.0,,5.0,10.0,,,10.0,5.0,10.0,10.0,,6.0,,7.0,10.0,3.0,1.0,1.0,10.0,10.0,1.0,,,9.0,1.0,6,10.0,10,1
2012-05-11,80517,,11,3,6020.0,14528210,CRRB,CARROLLTON BANCORP,CRRB,551111.0,Q,A,R,13085,3,6020.0,,,,60.0,602.0,,,,,,,-5.47,-0.027556,2576.0,1.0,,-14090.72,CRRB,10.0,,,,,1,1.0,1.0,7.0,,,,,10.0,1.0,,,,,,,10.0,2.0,2.0,9.0,,2.0,,5.0,10.0,,,10.0,5.0,10.0,10.0,,6.0,,7.0,10.0,3.0,1.0,1.0,10.0,10.0,1.0,,,9.0,1.0,6,10.0,10,1
2012-05-14,80517,,11,3,6020.0,14528210,CRRB,CARROLLTON BANCORP,CRRB,551111.0,Q,A,R,13085,3,6020.0,,,,60.0,602.0,,,,,,,-5.295,-0.031993,2579.0,1.0,,-13655.805,CRRB,10.0,,,,,1,1.0,1.0,7.0,,,,,10.0,1.0,,,,,,,10.0,2.0,2.0,9.0,,2.0,,5.0,10.0,,,10.0,5.0,10.0,10.0,,6.0,,7.0,10.0,3.0,1.0,1.0,10.0,10.0,1.0,,,9.0,1.0,6,10.0,10,1
2012-05-15,80517,,11,3,6020.0,14528210,CRRB,CARROLLTON BANCORP,CRRB,551111.0,Q,A,R,13085,3,6020.0,,,,60.0,602.0,,,,,,,-5.325,0.005666,2579.0,1.0,,-13733.175,CRRB,10.0,,,,,1,1.0,1.0,7.0,,,,,10.0,1.0,,,,,,,10.0,2.0,2.0,9.0,,2.0,,5.0,10.0,,,10.0,5.0,10.0,10.0,,6.0,,7.0,10.0,3.0,1.0,1.0,10.0,10.0,1.0,,,9.0,1.0,6,10.0,10,1
2012-05-16,80517,,11,3,6020.0,14528210,CRRB,CARROLLTON BANCORP,CRRB,551111.0,Q,A,R,13085,3,6020.0,,,,60.0,602.0,,,,,,,5.45,0.023474,2579.0,1.0,5.07,14055.55,CRRB,10.0,,,,,1,1.0,1.0,7.0,,,,,10.0,1.0,,,,,,,10.0,2.0,2.0,9.0,,2.0,,5.0,10.0,,,10.0,5.0,10.0,10.0,,6.0,,7.0,10.0,3.0,1.0,1.0,10.0,10.0,1.0,,,9.0,1.0,6,10.0,10,1
2012-05-17,80517,,11,3,6020.0,14528210,CRRB,CARROLLTON BANCORP,CRRB,551111.0,Q,A,R,13085,3,6020.0,,,,60.0,602.0,,,,,,,-5.375,-0.013761,2579.0,1.0,,-13862.125,CRRB,10.0,,,,,1,1.0,1.0,7.0,,,,,10.0,1.0,,,,,,,10.0,2.0,2.0,9.0,,2.0,,5.0,10.0,,,10.0,5.0,10.0,10.0,,6.0,,7.0,10.0,3.0,1.0,1.0,10.0,10.0,1.0,,,9.0,1.0,6,10.0,10,1
2012-05-18,80517,,11,3,6020.0,14528210,CRRB,CARROLLTON BANCORP,CRRB,551111.0,Q,A,R,13085,3,6020.0,,,,60.0,602.0,,,,,,,-5.395,0.003721,2579.0,1.0,,-13913.705,CRRB,10.0,,,,,1,1.0,1.0,7.0,,,,,10.0,1.0,,,,,,,10.0,2.0,2.0,9.0,,2.0,,5.0,10.0,,,10.0,5.0,10.0,10.0,,6.0,,7.0,10.0,3.0,1.0,1.0,10.0,10.0,1.0,,,9.0,1.0,6,10.0,10,1
2012-05-21,80517,,11,3,6020.0,14528210,CRRB,CARROLLTON BANCORP,CRRB,551111.0,Q,A,R,13085,3,6020.0,,,,60.0,602.0,,,,,,,-5.395,0.0,2579.0,1.0,,-13913.705,CRRB,10.0,,,,,1,1.0,1.0,7.0,,,,,10.0,1.0,,,,,,,10.0,2.0,2.0,9.0,,2.0,,5.0,10.0,,,10.0,5.0,10.0,10.0,,6.0,,7.0,10.0,3.0,1.0,1.0,10.0,10.0,1.0,,,9.0,1.0,6,10.0,10,1
2012-05-22,80517,,11,3,6020.0,14528210,CRRB,CARROLLTON BANCORP,CRRB,551111.0,Q,A,R,13085,3,6020.0,,,,60.0,602.0,,,,,,,5.43,0.006487,2579.0,1.0,5.43,14003.97,CRRB,10.0,,,,,1,1.0,1.0,7.0,,,,,10.0,1.0,,,,,,,10.0,2.0,2.0,9.0,,2.0,,5.0,10.0,,,10.0,5.0,10.0,10.0,,6.0,,7.0,10.0,3.0,1.0,1.0,10.0,10.0,1.0,,,9.0,1.0,6,10.0,10,1
2012-05-23,80517,,11,3,6020.0,14528210,CRRB,CARROLLTON BANCORP,CRRB,551111.0,Q,A,R,13085,3,6020.0,,,,60.0,602.0,,,,,,,-5.345,-0.015654,2579.0,1.0,,-13784.755,CRRB,10.0,,,,,1,1.0,1.0,7.0,,,,,10.0,1.0,,,,,,,10.0,2.0,2.0,9.0,,2.0,,5.0,10.0,,,10.0,5.0,10.0,10.0,,6.0,,7.0,10.0,3.0,1.0,1.0,10.0,10.0,1.0,,,9.0,1.0,6,10.0,10,1
2012-05-24,80517,,11,3,6020.0,14528210,CRRB,CARROLLTON BANCORP,CRRB,551111.0,Q,A,R,13085,3,6020.0,,,,60.0,602.0,,,,,,,5.41,0.012161,2579.0,1.0,5.41,13952.39,CRRB,10.0,,,,,1,1.0,1.0,7.0,,,,,10.0,1.0,,,,,,,10.0,2.0,2.0,9.0,,2.0,,5.0,10.0,,,10.0,5.0,10.0,10.0,,6.0,,7.0,10.0,3.0,1.0,1.0,10.0,10.0,1.0,,,9.0,1.0,6,10.0,10,1
2012-05-25,80517,,11,3,6020.0,14528210,CRRB,CARROLLTON BANCORP,CRRB,551111.0,Q,A,R,13085,3,6020.0,,,,60.0,602.0,,,,,,,5.38,-0.005545,2579.0,1.0,5.38,13875.02,CRRB,10.0,,,,,1,1.0,1.0,7.0,,,,,10.0,1.0,,,,,,,10.0,2.0,2.0,9.0,,2.0,,5.0,10.0,,,10.0,5.0,10.0,10.0,,6.0,,7.0,10.0,3.0,1.0,1.0,10.0,10.0,1.0,,,9.0,1.0,6,10.0,10,1
2012-05-29,80517,,11,3,6020.0,14528210,CRRB,CARROLLTON BANCORP,CRRB,551111.0,Q,A,R,13085,3,6020.0,,,,60.0,602.0,,,,,,,5.3,-0.01487,2579.0,1.0,5.3,13668.7,CRRB,10.0,,,,,1,1.0,1.0,7.0,,,,,10.0,1.0,,,,,,,10.0,2.0,2.0,9.0,,2.0,,5.0,10.0,,,10.0,5.0,10.0,10.0,,6.0,,7.0,10.0,3.0,1.0,1.0,10.0,10.0,1.0,,,9.0,1.0,6,10.0,10,1
2012-05-30,80517,,11,3,6020.0,14528210,CRRB,CARROLLTON BANCORP,CRRB,551111.0,Q,A,R,13085,3,6020.0,,,,60.0,602.0,,,,,,,5.27,-0.00566,2579.0,1.0,5.27,13591.33,CRRB,10.0,,,,,1,1.0,1.0,7.0,,,,,10.0,1.0,,,,,,,10.0,2.0,2.0,9.0,,2.0,,5.0,10.0,,,10.0,5.0,10.0,10.0,,6.0,,7.0,10.0,3.0,1.0,1.0,10.0,10.0,1.0,,,9.0,1.0,6,10.0,10,1
2012-05-31,80517,,11,3,6020.0,14528210,CRRB,CARROLLTON BANCORP,CRRB,551111.0,Q,A,R,13085,3,6020.0,,,,60.0,602.0,,,,,,,5.27,0.0,2579.0,1.0,5.27,13591.33,CRRB,10.0,,,,,1,1.0,1.0,7.0,,,,,10.0,1.0,,,,,,,10.0,2.0,2.0,9.0,,2.0,,5.0,10.0,,,10.0,5.0,10.0,10.0,,6.0,,7.0,10.0,3.0,1.0,1.0,10.0,10.0,1.0,,,9.0,1.0,6,10.0,10,1
2012-06-01,80517,,11,3,6020.0,14528210,CRRB,CARROLLTON BANCORP,CRRB,551111.0,Q,A,R,13085,3,6020.0,,,,60.0,602.0,,,,,,,5.21,-0.011385,2579.0,1.0,5.21,13436.59,CRRB,10.0,,,,,1,1.0,1.0,7.0,,,,,10.0,1.0,,,,,,,10.0,2.0,2.0,9.0,,2.0,,10.0,10.0,,,10.0,8.0,10.0,10.0,,6.0,,1.0,1.0,2.0,1.0,1.0,10.0,2.0,1.0,,,9.0,1.0,6,10.0,10,1
2012-06-04,80517,,11,3,6020.0,14528210,CRRB,CARROLLTON BANCORP,CRRB,551111.0,Q,A,R,13085,3,6020.0,,,,60.0,602.0,,,,,,,5.25,0.007678,2579.0,1.0,5.25,13539.75,CRRB,10.0,,,,,1,1.0,1.0,7.0,,,,,10.0,1.0,,,,,,,10.0,2.0,2.0,9.0,,2.0,,10.0,10.0,,,10.0,8.0,10.0,10.0,,6.0,,1.0,1.0,2.0,1.0,1.0,10.0,2.0,1.0,,,9.0,1.0,6,10.0,10,1
2012-06-05,80517,,11,3,6020.0,14528210,CRRB,CARROLLTON BANCORP,CRRB,551111.0,Q,A,R,13085,3,6020.0,,,,60.0,602.0,,,,,,,-5.275,0.004762,2579.0,1.0,,-13604.225,CRRB,10.0,,,,,1,1.0,1.0,7.0,,,,,10.0,1.0,,,,,,,10.0,2.0,2.0,9.0,,2.0,,10.0,10.0,,,10.0,8.0,10.0,10.0,,6.0,,1.0,1.0,2.0,1.0,1.0,10.0,2.0,1.0,,,9.0,1.0,6,10.0,10,1
2012-06-06,80517,,11,3,6020.0,14528210,CRRB,CARROLLTON BANCORP,CRRB,551111.0,Q,A,R,13085,3,6020.0,,,,60.0,602.0,,,,,,,5.31,0.006635,2579.0,1.0,5.31,13694.49,CRRB,10.0,,,,,1,1.0,1.0,7.0,,,,,10.0,1.0,,,,,,,10.0,2.0,2.0,9.0,,2.0,,10.0,10.0,,,10.0,8.0,10.0,10.0,,6.0,,1.0,1.0,2.0,1.0,1.0,10.0,2.0,1.0,,,9.0,1.0,6,10.0,10,1
2012-06-07,80517,,11,3,6020.0,14528210,CRRB,CARROLLTON BANCORP,CRRB,551111.0,Q,A,R,13085,3,6020.0,,,,60.0,602.0,,,,,,,5.3,-0.001883,2579.0,1.0,5.3,13668.7,CRRB,10.0,,,,,1,1.0,1.0,7.0,,,,,10.0,1.0,,,,,,,10.0,2.0,2.0,9.0,,2.0,,10.0,10.0,,,10.0,8.0,10.0,10.0,,6.0,,1.0,1.0,2.0,1.0,1.0,10.0,2.0,1.0,,,9.0,1.0,6,10.0,10,1
2012-06-08,80517,,11,3,6020.0,14528210,CRRB,CARROLLTON BANCORP,CRRB,551111.0,Q,A,R,13085,3,6020.0,,,,60.0,602.0,,,,,,,-5.3,0.0,2579.0,1.0,,-13668.7,CRRB,10.0,,,,,1,1.0,1.0,7.0,,,,,10.0,1.0,,,,,,,10.0,2.0,2.0,9.0,,2.0,,10.0,10.0,,,10.0,8.0,10.0,10.0,,6.0,,1.0,1.0,2.0,1.0,1.0,10.0,2.0,1.0,,,9.0,1.0,6,10.0,10,1
2012-06-11,80517,,11,3,6020.0,14528210,CRRB,CARROLLTON BANCORP,CRRB,551111.0,Q,A,R,13085,3,6020.0,,,,60.0,602.0,,,,,,,-5.3,0.0,2579.0,1.0,,-13668.7,CRRB,10.0,,,,,1,1.0,1.0,7.0,,,,,10.0,1.0,,,,,,,10.0,2.0,2.0,9.0,,2.0,,10.0,10.0,,,10.0,8.0,10.0,10.0,,6.0,,1.0,1.0,2.0,1.0,1.0,10.0,2.0,1.0,,,9.0,1.0,6,10.0,10,1
2012-06-12,80517,,11,3,6020.0,14528210,CRRB,CARROLLTON BANCORP,CRRB,551111.0,Q,A,R,13085,3,6020.0,,,,60.0,602.0,,,,,,,5.35,0.009434,2579.0,1.0,5.38,13797.65,CRRB,10.0,,,,,1,1.0,1.0,7.0,,,,,10.0,1.0,,,,,,,10.0,2.0,2.0,9.0,,2.0,,10.0,10.0,,,10.0,8.0,10.0,10.0,,6.0,,1.0,1.0,2.0,1.0,1.0,10.0,2.0,1.0,,,9.0,1.0,6,10.0,10,1
2012-06-13,80517,,11,3,6020.0,14528210,CRRB,CARROLLTON BANCORP,CRRB,551111.0,Q,A,R,13085,3,6020.0,,,,60.0,602.0,,,,,,,-5.445,0.017757,2579.0,1.0,,-14042.655,CRRB,10.0,,,,,1,1.0,1.0,7.0,,,,,10.0,1.0,,,,,,,10.0,2.0,2.0,9.0,,2.0,,10.0,10.0,,,10.0,8.0,10.0,10.0,,6.0,,1.0,1.0,2.0,1.0,1.0,10.0,2.0,1.0,,,9.0,1.0,6,10.0,10,1
2012-06-14,80517,,11,3,6020.0,14528210,CRRB,CARROLLTON BANCORP,CRRB,551111.0,Q,A,R,13085,3,6020.0,,,,60.0,602.0,,,,,,,5.35,-0.017447,2579.0,1.0,5.35,13797.65,CRRB,10.0,,,,,1,1.0,1.0,7.0,,,,,10.0,1.0,,,,,,,10.0,2.0,2.0,9.0,,2.0,,10.0,10.0,,,10.0,8.0,10.0,10.0,,6.0,,1.0,1.0,2.0,1.0,1.0,10.0,2.0,1.0,,,9.0,1.0,6,10.0,10,1
2012-06-15,80517,,11,3,6020.0,14528210,CRRB,CARROLLTON BANCORP,CRRB,551111.0,Q,A,R,13085,3,6020.0,,,,60.0,602.0,,,,,,,-5.3,-0.009346,2579.0,1.0,,-13668.7,CRRB,10.0,,,,,1,1.0,1.0,7.0,,,,,10.0,1.0,,,,,,,10.0,2.0,2.0,9.0,,2.0,,10.0,10.0,,,10.0,8.0,10.0,10.0,,6.0,,1.0,1.0,2.0,1.0,1.0,10.0,2.0,1.0,,,9.0,1.0,6,10.0,10,1
2012-06-18,80517,,11,3,6020.0,14528210,CRRB,CARROLLTON BANCORP,CRRB,551111.0,Q,A,R,13085,3,6020.0,,,,60.0,602.0,,,,,,,5.45,0.028302,2579.0,1.0,5.35,14055.55,CRRB,10.0,,,,,1,1.0,1.0,7.0,,,,,10.0,1.0,,,,,,,10.0,2.0,2.0,9.0,,2.0,,10.0,10.0,,,10.0,8.0,10.0,10.0,,6.0,,1.0,1.0,2.0,1.0,1.0,10.0,2.0,1.0,,,9.0,1.0,6,10.0,10,1
2012-06-19,80517,,11,3,6020.0,14528210,CRRB,CARROLLTON BANCORP,CRRB,551111.0,Q,A,R,13085,3,6020.0,,,,60.0,602.0,,,,,,,5.45,0.0,2579.0,1.0,5.45,14055.55,CRRB,10.0,,,,,1,1.0,1.0,7.0,,,,,10.0,1.0,,,,,,,10.0,2.0,2.0,9.0,,2.0,,10.0,10.0,,,10.0,8.0,10.0,10.0,,6.0,,1.0,1.0,2.0,1.0,1.0,10.0,2.0,1.0,,,9.0,1.0,6,10.0,10,1
2012-06-20,80517,,11,3,6020.0,14528210,CRRB,CARROLLTON BANCORP,CRRB,551111.0,Q,A,R,13085,3,6020.0,,,,60.0,602.0,,,,,,,-5.4,-0.009174,2579.0,1.0,,-13926.6,CRRB,10.0,,,,,1,1.0,1.0,7.0,,,,,10.0,1.0,,,,,,,10.0,2.0,2.0,9.0,,2.0,,10.0,10.0,,,10.0,8.0,10.0,10.0,,6.0,,1.0,1.0,2.0,1.0,1.0,10.0,2.0,1.0,,,9.0,1.0,6,10.0,10,1
2012-06-21,80517,,11,3,6020.0,14528210,CRRB,CARROLLTON BANCORP,CRRB,551111.0,Q,A,R,13085,3,6020.0,,,,60.0,602.0,,,,,,,5.36,-0.007407,2579.0,1.0,5.36,13823.44,CRRB,10.0,,,,,1,1.0,1.0,7.0,,,,,10.0,1.0,,,,,,,10.0,2.0,2.0,9.0,,2.0,,10.0,10.0,,,10.0,8.0,10.0,10.0,,6.0,,1.0,1.0,2.0,1.0,1.0,10.0,2.0,1.0,,,9.0,1.0,6,10.0,10,1
2012-06-22,80517,,11,3,6020.0,14528210,CRRB,CARROLLTON BANCORP,CRRB,551111.0,Q,A,R,13085,3,6020.0,,,,60.0,602.0,,,,,,,-5.4,0.007463,2579.0,1.0,,-13926.6,CRRB,10.0,,,,,1,1.0,1.0,7.0,,,,,10.0,1.0,,,,,,,10.0,2.0,2.0,9.0,,2.0,,10.0,10.0,,,10.0,8.0,10.0,10.0,,6.0,,1.0,1.0,2.0,1.0,1.0,10.0,2.0,1.0,,,9.0,1.0,6,10.0,10,1
2012-06-25,80517,,11,3,6020.0,14528210,CRRB,CARROLLTON BANCORP,CRRB,551111.0,Q,A,R,13085,3,6020.0,,,,60.0,602.0,,,,,,,5.36,-0.007407,2579.0,1.0,5.44,13823.44,CRRB,10.0,,,,,1,1.0,1.0,7.0,,,,,10.0,1.0,,,,,,,10.0,2.0,2.0,9.0,,2.0,,10.0,10.0,,,10.0,8.0,10.0,10.0,,6.0,,1.0,1.0,2.0,1.0,1.0,10.0,2.0,1.0,,,9.0,1.0,6,10.0,10,1
2012-06-26,80517,,11,3,6020.0,14528210,CRRB,CARROLLTON BANCORP,CRRB,551111.0,Q,A,R,13085,3,6020.0,,,,60.0,602.0,,,,,,,-5.4,0.007463,2579.0,1.0,,-13926.6,CRRB,10.0,,,,,1,1.0,1.0,7.0,,,,,10.0,1.0,,,,,,,10.0,2.0,2.0,9.0,,2.0,,10.0,10.0,,,10.0,8.0,10.0,10.0,,6.0,,1.0,1.0,2.0,1.0,1.0,10.0,2.0,1.0,,,9.0,1.0,6,10.0,10,1
2012-06-27,80517,,11,3,6020.0,14528210,CRRB,CARROLLTON BANCORP,CRRB,551111.0,Q,A,R,13085,3,6020.0,,,,60.0,602.0,,,,,,,-5.4,0.0,2579.0,1.0,,-13926.6,CRRB,10.0,,,,,1,1.0,1.0,7.0,,,,,10.0,1.0,,,,,,,10.0,2.0,2.0,9.0,,2.0,,10.0,10.0,,,10.0,8.0,10.0,10.0,,6.0,,1.0,1.0,2.0,1.0,1.0,10.0,2.0,1.0,,,9.0,1.0,6,10.0,10,1
2012-06-28,80517,,11,3,6020.0,14528210,CRRB,CARROLLTON BANCORP,CRRB,551111.0,Q,A,R,13085,3,6020.0,,,,60.0,602.0,,,,,,,5.354,-0.008518,2579.0,1.0,5.36,13807.966,CRRB,10.0,,,,,1,1.0,1.0,7.0,,,,,10.0,1.0,,,,,,,10.0,2.0,2.0,9.0,,2.0,,10.0,10.0,,,10.0,8.0,10.0,10.0,,6.0,,1.0,1.0,2.0,1.0,1.0,10.0,2.0,1.0,,,9.0,1.0,6,10.0,10,1
2012-06-29,80517,,11,3,6020.0,14528210,CRRB,CARROLLTON BANCORP,CRRB,551111.0,Q,A,R,13085,3,6020.0,,,,60.0,602.0,,,,,,,-5.4,0.008592,2579.0,1.0,,-13926.6,CRRB,10.0,,,,,1,1.0,1.0,7.0,,,,,10.0,1.0,,,,,,,10.0,2.0,2.0,9.0,,2.0,,10.0,10.0,,,10.0,8.0,10.0,10.0,,6.0,,1.0,1.0,2.0,1.0,1.0,10.0,2.0,1.0,,,9.0,1.0,6,10.0,10,1
2012-07-02,80517,,11,3,6020.0,14528210,CRRB,CARROLLTON BANCORP,CRRB,551111.0,Q,A,R,13085,3,6020.0,,,,60.0,602.0,,,,,,,-5.4,0.0,2579.0,1.0,,-13926.6,CRRB,10.0,,,,,10,10.0,1.0,6.0,,,,,10.0,7.0,8.0,,,,,,10.0,2.0,2.0,9.0,,1.0,,10.0,9.0,,,10.0,10.0,9.0,10.0,,6.0,,2.0,1.0,2.0,6.0,1.0,10.0,5.0,7.0,,,7.0,1.0,6,10.0,10,1
2012-07-03,80517,,11,3,6020.0,14528210,CRRB,CARROLLTON BANCORP,CRRB,551111.0,Q,A,R,13085,3,6020.0,,,,60.0,602.0,,,,,,,-5.4,0.0,2579.0,1.0,,-13926.6,CRRB,10.0,,,,,10,10.0,1.0,6.0,,,,,10.0,7.0,8.0,,,,,,10.0,2.0,2.0,9.0,,1.0,,10.0,9.0,,,10.0,10.0,9.0,10.0,,6.0,,2.0,1.0,2.0,6.0,1.0,10.0,5.0,7.0,,,7.0,1.0,6,10.0,10,1
2012-07-05,80517,,11,3,6020.0,14528210,CRRB,CARROLLTON BANCORP,CRRB,551111.0,Q,A,R,13085,3,6020.0,,,,60.0,602.0,,,,,,,5.35,-0.009259,2579.0,1.0,5.35,13797.65,CRRB,10.0,,,,,10,10.0,1.0,6.0,,,,,10.0,7.0,8.0,,,,,,10.0,2.0,2.0,9.0,,1.0,,10.0,9.0,,,10.0,10.0,9.0,10.0,,6.0,,2.0,1.0,2.0,6.0,1.0,10.0,5.0,7.0,,,7.0,1.0,6,10.0,10,1
2012-07-06,80517,,11,3,6020.0,14528210,CRRB,CARROLLTON BANCORP,CRRB,551111.0,Q,A,R,13085,3,6020.0,,,,60.0,602.0,,,,,,,5.2,-0.028037,2579.0,1.0,5.45,13410.8,CRRB,10.0,,,,,10,10.0,1.0,6.0,,,,,10.0,7.0,8.0,,,,,,10.0,2.0,2.0,9.0,,1.0,,10.0,9.0,,,10.0,10.0,9.0,10.0,,6.0,,2.0,1.0,2.0,6.0,1.0,10.0,5.0,7.0,,,7.0,1.0,6,10.0,10,1
2012-07-09,80517,,11,3,6020.0,14528210,CRRB,CARROLLTON BANCORP,CRRB,551111.0,Q,A,R,13085,3,6020.0,,,,60.0,602.0,,,,,,,5.2,0.0,2579.0,1.0,5.2,13410.8,CRRB,10.0,,,,,10,10.0,1.0,6.0,,,,,10.0,7.0,8.0,,,,,,10.0,2.0,2.0,9.0,,1.0,,10.0,9.0,,,10.0,10.0,9.0,10.0,,6.0,,2.0,1.0,2.0,6.0,1.0,10.0,5.0,7.0,,,7.0,1.0,6,10.0,10,1
2012-07-10,80517,,11,3,6020.0,14528210,CRRB,CARROLLTON BANCORP,CRRB,551111.0,Q,A,R,13085,3,6020.0,,,,60.0,602.0,,,,,,,5.06,-0.026923,2579.0,1.0,4.87,13049.74,CRRB,10.0,,,,,10,10.0,1.0,6.0,,,,,10.0,7.0,8.0,,,,,,10.0,2.0,2.0,9.0,,1.0,,10.0,9.0,,,10.0,10.0,9.0,10.0,,6.0,,2.0,1.0,2.0,6.0,1.0,10.0,5.0,7.0,,,7.0,1.0,6,10.0,10,1
2012-07-11,80517,,11,3,6020.0,14528210,CRRB,CARROLLTON BANCORP,CRRB,551111.0,Q,A,R,13085,3,6020.0,,,,60.0,602.0,,,,,,,-5.13,0.013834,2579.0,1.0,,-13230.27,CRRB,10.0,,,,,10,10.0,1.0,6.0,,,,,10.0,7.0,8.0,,,,,,10.0,2.0,2.0,9.0,,1.0,,10.0,9.0,,,10.0,10.0,9.0,10.0,,6.0,,2.0,1.0,2.0,6.0,1.0,10.0,5.0,7.0,,,7.0,1.0,6,10.0,10,1
2012-07-12,80517,,11,3,6020.0,14528210,CRRB,CARROLLTON BANCORP,CRRB,551111.0,Q,A,R,13085,3,6020.0,,,,60.0,602.0,,,,,,,4.95,-0.035088,2579.0,1.0,4.98,12766.05,CRRB,10.0,,,,,10,10.0,1.0,6.0,,,,,10.0,7.0,8.0,,,,,,10.0,2.0,2.0,9.0,,1.0,,10.0,9.0,,,10.0,10.0,9.0,10.0,,6.0,,2.0,1.0,2.0,6.0,1.0,10.0,5.0,7.0,,,7.0,1.0,6,10.0,10,1
2012-07-13,80517,,11,3,6020.0,14528210,CRRB,CARROLLTON BANCORP,CRRB,551111.0,Q,A,R,13085,3,6020.0,,,,60.0,602.0,,,,,,,-5.1,0.030303,2579.0,1.0,,-13152.9,CRRB,10.0,,,,,10,10.0,1.0,6.0,,,,,10.0,7.0,8.0,,,,,,10.0,2.0,2.0,9.0,,1.0,,10.0,9.0,,,10.0,10.0,9.0,10.0,,6.0,,2.0,1.0,2.0,6.0,1.0,10.0,5.0,7.0,,,7.0,1.0,6,10.0,10,1
2012-07-16,80517,,11,3,6020.0,14528210,CRRB,CARROLLTON BANCORP,CRRB,551111.0,Q,A,R,13085,3,6020.0,,,,60.0,602.0,,,,,,,4.9,-0.039216,2579.0,1.0,4.95,12637.1,CRRB,10.0,,,,,10,10.0,1.0,6.0,,,,,10.0,7.0,8.0,,,,,,10.0,2.0,2.0,9.0,,1.0,,10.0,9.0,,,10.0,10.0,9.0,10.0,,6.0,,2.0,1.0,2.0,6.0,1.0,10.0,5.0,7.0,,,7.0,1.0,6,10.0,10,1
2012-07-17,80517,,11,3,6020.0,14528210,CRRB,CARROLLTON BANCORP,CRRB,551111.0,Q,A,R,13085,3,6020.0,,,,60.0,602.0,,,,,,,4.9401,0.008184,2579.0,1.0,5.0,12740.5179,CRRB,10.0,,,,,10,10.0,1.0,6.0,,,,,10.0,7.0,8.0,,,,,,10.0,2.0,2.0,9.0,,1.0,,10.0,9.0,,,10.0,10.0,9.0,10.0,,6.0,,2.0,1.0,2.0,6.0,1.0,10.0,5.0,7.0,,,7.0,1.0,6,10.0,10,1
2012-07-18,80517,,11,3,6020.0,14528210,CRRB,CARROLLTON BANCORP,CRRB,551111.0,Q,A,R,13085,3,6020.0,,,,60.0,602.0,,,,,,,4.67,-0.054675,2579.0,1.0,4.77,12043.93,CRRB,10.0,,,,,10,10.0,1.0,6.0,,,,,10.0,7.0,8.0,,,,,,10.0,2.0,2.0,9.0,,1.0,,10.0,9.0,,,10.0,10.0,9.0,10.0,,6.0,,2.0,1.0,2.0,6.0,1.0,10.0,5.0,7.0,,,7.0,1.0,6,10.0,10,1
2012-07-19,80517,,11,3,6020.0,14528210,CRRB,CARROLLTON BANCORP,CRRB,551111.0,Q,A,R,13085,3,6020.0,,,,60.0,602.0,,,,,,,4.6101,-0.012827,2579.0,1.0,4.6101,11889.4479,CRRB,10.0,,,,,10,10.0,1.0,6.0,,,,,10.0,7.0,8.0,,,,,,10.0,2.0,2.0,9.0,,1.0,,10.0,9.0,,,10.0,10.0,9.0,10.0,,6.0,,2.0,1.0,2.0,6.0,1.0,10.0,5.0,7.0,,,7.0,1.0,6,10.0,10,1
2012-07-20,80517,,11,3,6020.0,14528210,CRRB,CARROLLTON BANCORP,CRRB,551111.0,Q,A,R,13085,3,6020.0,,,,60.0,602.0,,,,,,,-4.86,0.054207,2579.0,1.0,,-12533.94,CRRB,10.0,,,,,10,10.0,1.0,6.0,,,,,10.0,7.0,8.0,,,,,,10.0,2.0,2.0,9.0,,1.0,,10.0,9.0,,,10.0,10.0,9.0,10.0,,6.0,,2.0,1.0,2.0,6.0,1.0,10.0,5.0,7.0,,,7.0,1.0,6,10.0,10,1
2012-07-23,80517,,11,3,6020.0,14528210,CRRB,CARROLLTON BANCORP,CRRB,551111.0,Q,A,R,13085,3,6020.0,,,,60.0,602.0,,,,,,,4.68,-0.037037,2579.0,1.0,4.65,12069.72,CRRB,10.0,,,,,10,10.0,1.0,6.0,,,,,10.0,7.0,8.0,,,,,,10.0,2.0,2.0,9.0,,1.0,,10.0,9.0,,,10.0,10.0,9.0,10.0,,6.0,,2.0,1.0,2.0,6.0,1.0,10.0,5.0,7.0,,,7.0,1.0,6,10.0,10,1
2012-07-24,80517,,11,3,6020.0,14528210,CRRB,CARROLLTON BANCORP,CRRB,551111.0,Q,A,R,13085,3,6020.0,,,,60.0,602.0,,,,,,,4.66,-0.004274,2579.0,1.0,4.8,12018.14,CRRB,10.0,,,,,10,10.0,1.0,6.0,,,,,10.0,7.0,8.0,,,,,,10.0,2.0,2.0,9.0,,1.0,,10.0,9.0,,,10.0,10.0,9.0,10.0,,6.0,,2.0,1.0,2.0,6.0,1.0,10.0,5.0,7.0,,,7.0,1.0,6,10.0,10,1
2012-07-25,80517,,11,3,6020.0,14528210,CRRB,CARROLLTON BANCORP,CRRB,551111.0,Q,A,R,13085,3,6020.0,,,,60.0,602.0,,,,,,,4.6,-0.012876,2579.0,1.0,4.52,11863.4,CRRB,10.0,,,,,10,10.0,1.0,6.0,,,,,10.0,7.0,8.0,,,,,,10.0,2.0,2.0,9.0,,1.0,,10.0,9.0,,,10.0,10.0,9.0,10.0,,6.0,,2.0,1.0,2.0,6.0,1.0,10.0,5.0,7.0,,,7.0,1.0,6,10.0,10,1
2012-07-26,80517,,11,3,6020.0,14528210,CRRB,CARROLLTON BANCORP,CRRB,551111.0,Q,A,R,13085,3,6020.0,,,,60.0,602.0,,,,,,,4.79,0.041304,2579.0,1.0,4.66,12353.41,CRRB,10.0,,,,,10,10.0,1.0,6.0,,,,,10.0,7.0,8.0,,,,,,10.0,2.0,2.0,9.0,,1.0,,10.0,9.0,,,10.0,10.0,9.0,10.0,,6.0,,2.0,1.0,2.0,6.0,1.0,10.0,5.0,7.0,,,7.0,1.0,6,10.0,10,1
2012-07-27,80517,,11,3,6020.0,14528210,CRRB,CARROLLTON BANCORP,CRRB,551111.0,Q,A,R,13085,3,6020.0,,,,60.0,602.0,,,,,,,5.08,0.060543,2579.0,1.0,4.89,13101.32,CRRB,10.0,,,,,10,10.0,1.0,6.0,,,,,10.0,7.0,8.0,,,,,,10.0,2.0,2.0,9.0,,1.0,,10.0,9.0,,,10.0,10.0,9.0,10.0,,6.0,,2.0,1.0,2.0,6.0,1.0,10.0,5.0,7.0,,,7.0,1.0,6,10.0,10,1
2012-07-30,80517,,11,3,6020.0,14528210,CRRB,CARROLLTON BANCORP,CRRB,551111.0,Q,A,R,13085,3,6020.0,,,,60.0,602.0,,,,,,,5.3,0.043307,2579.0,1.0,5.21,13668.7,CRRB,10.0,,,,,10,10.0,1.0,6.0,,,,,10.0,7.0,8.0,,,,,,10.0,2.0,2.0,9.0,,1.0,,10.0,9.0,,,10.0,10.0,9.0,10.0,,6.0,,2.0,1.0,2.0,6.0,1.0,10.0,5.0,7.0,,,7.0,1.0,6,10.0,10,1
2012-07-31,80517,,11,3,6020.0,14528210,CRRB,CARROLLTON BANCORP,CRRB,551111.0,Q,A,R,13085,3,6020.0,,,,60.0,602.0,,,,,,,5.3,0.0,2579.0,1.0,5.02,13668.7,CRRB,10.0,,,,,10,10.0,1.0,6.0,,,,,10.0,7.0,8.0,,,,,,10.0,2.0,2.0,9.0,,1.0,,10.0,9.0,,,10.0,10.0,9.0,10.0,,6.0,,2.0,1.0,2.0,6.0,1.0,10.0,5.0,7.0,,,7.0,1.0,6,10.0,10,1
2012-08-01,80517,,11,3,6020.0,14528210,CRRB,CARROLLTON BANCORP,CRRB,551111.0,Q,A,R,13085,3,6020.0,,,,60.0,602.0,,,,,,,-5.13,-0.032075,2579.0,1.0,,-13230.27,CRRB,10.0,,,,,10,10.0,1.0,6.0,,,,,10.0,7.0,8.0,,,,,,10.0,2.0,2.0,9.0,,1.0,,10.0,8.0,,,10.0,10.0,10.0,10.0,,6.0,,2.0,2.0,2.0,6.0,3.0,10.0,1.0,7.0,,,8.0,1.0,6,10.0,10,1
2012-08-02,80517,,11,3,6020.0,14528210,CRRB,CARROLLTON BANCORP,CRRB,551111.0,Q,A,R,13085,3,6020.0,,,,60.0,602.0,,,,,,,-5.13,0.0,2579.0,1.0,,-13230.27,CRRB,10.0,,,,,10,10.0,1.0,6.0,,,,,10.0,7.0,8.0,,,,,,10.0,2.0,2.0,9.0,,1.0,,10.0,8.0,,,10.0,10.0,10.0,10.0,,6.0,,2.0,2.0,2.0,6.0,3.0,10.0,1.0,7.0,,,8.0,1.0,6,10.0,10,1
2012-08-03,80517,,11,3,6020.0,14528210,CRRB,CARROLLTON BANCORP,CRRB,551111.0,Q,A,R,13085,3,6020.0,,,,60.0,602.0,,,,,,,5.02,-0.021443,2579.0,1.0,5.21,12946.58,CRRB,10.0,,,,,10,10.0,1.0,6.0,,,,,10.0,7.0,8.0,,,,,,10.0,2.0,2.0,9.0,,1.0,,10.0,8.0,,,10.0,10.0,10.0,10.0,,6.0,,2.0,2.0,2.0,6.0,3.0,10.0,1.0,7.0,,,8.0,1.0,6,10.0,10,1
2012-08-06,80517,,11,3,6020.0,14528210,CRRB,CARROLLTON BANCORP,CRRB,551111.0,Q,A,R,13085,3,6020.0,,,,60.0,602.0,,,,,,,-5.22,0.039841,2579.0,1.0,,-13462.38,CRRB,10.0,,,,,10,10.0,1.0,6.0,,,,,10.0,7.0,8.0,,,,,,10.0,2.0,2.0,9.0,,1.0,,10.0,8.0,,,10.0,10.0,10.0,10.0,,6.0,,2.0,2.0,2.0,6.0,3.0,10.0,1.0,7.0,,,8.0,1.0,6,10.0,10,1
2012-08-07,80517,,11,3,6020.0,14528210,CRRB,CARROLLTON BANCORP,CRRB,551111.0,Q,A,R,13085,3,6020.0,,,,60.0,602.0,,,,,,,-5.22,0.0,2579.0,1.0,,-13462.38,CRRB,10.0,,,,,10,10.0,1.0,6.0,,,,,10.0,7.0,8.0,,,,,,10.0,2.0,2.0,9.0,,1.0,,10.0,8.0,,,10.0,10.0,10.0,10.0,,6.0,,2.0,2.0,2.0,6.0,3.0,10.0,1.0,7.0,,,8.0,1.0,6,10.0,10,1
2012-08-08,80517,,11,3,6020.0,14528210,CRRB,CARROLLTON BANCORP,CRRB,551111.0,Q,A,R,13085,3,6020.0,,,,60.0,602.0,,,,,,,-5.22,0.0,2579.0,1.0,,-13462.38,CRRB,10.0,,,,,10,10.0,1.0,6.0,,,,,10.0,7.0,8.0,,,,,,10.0,2.0,2.0,9.0,,1.0,,10.0,8.0,,,10.0,10.0,10.0,10.0,,6.0,,2.0,2.0,2.0,6.0,3.0,10.0,1.0,7.0,,,8.0,1.0,6,10.0,10,1
2012-08-09,80517,,11,3,6020.0,14528210,CRRB,CARROLLTON BANCORP,CRRB,551111.0,Q,A,R,13085,3,6020.0,,,,60.0,602.0,,,,,,,5.05,-0.032567,2579.0,1.0,5.05,13023.95,CRRB,10.0,,,,,10,10.0,1.0,6.0,,,,,10.0,7.0,8.0,,,,,,10.0,2.0,2.0,9.0,,1.0,,10.0,8.0,,,10.0,10.0,10.0,10.0,,6.0,,2.0,2.0,2.0,6.0,3.0,10.0,1.0,7.0,,,8.0,1.0,6,10.0,10,1
2012-08-10,80517,,11,3,6020.0,14528210,CRRB,CARROLLTON BANCORP,CRRB,551111.0,Q,A,R,13085,3,6020.0,,,,60.0,602.0,,,,,,,-5.17,0.023762,2579.0,1.0,,-13333.43,CRRB,10.0,,,,,10,10.0,1.0,6.0,,,,,10.0,7.0,8.0,,,,,,10.0,2.0,2.0,9.0,,1.0,,10.0,8.0,,,10.0,10.0,10.0,10.0,,6.0,,2.0,2.0,2.0,6.0,3.0,10.0,1.0,7.0,,,8.0,1.0,6,10.0,10,1
2012-08-13,80517,,11,3,6020.0,14528210,CRRB,CARROLLTON BANCORP,CRRB,551111.0,Q,A,R,13085,3,6020.0,,,,60.0,602.0,,,,,,,5.05,-0.023211,2579.0,1.0,5.07,13023.95,CRRB,10.0,,,,,10,10.0,1.0,6.0,,,,,10.0,7.0,8.0,,,,,,10.0,2.0,2.0,9.0,,1.0,,10.0,8.0,,,10.0,10.0,10.0,10.0,,6.0,,2.0,2.0,2.0,6.0,3.0,10.0,1.0,7.0,,,8.0,1.0,6,10.0,10,1
2012-08-14,80517,,11,3,6020.0,14528210,CRRB,CARROLLTON BANCORP,CRRB,551111.0,Q,A,R,13085,3,6020.0,,,,60.0,602.0,,,,,,,-5.17,0.023762,2579.0,1.0,,-13333.43,CRRB,10.0,,,,,10,10.0,1.0,6.0,,,,,10.0,7.0,8.0,,,,,,10.0,2.0,2.0,9.0,,1.0,,10.0,8.0,,,10.0,10.0,10.0,10.0,,6.0,,2.0,2.0,2.0,6.0,3.0,10.0,1.0,7.0,,,8.0,1.0,6,10.0,10,1
2012-08-15,80517,,11,3,6020.0,14528210,CRRB,CARROLLTON BANCORP,CRRB,551111.0,Q,A,R,13085,3,6020.0,,,,60.0,602.0,,,,,,,5.0,-0.032882,2579.0,1.0,5.07,12895.0,CRRB,10.0,,,,,10,10.0,1.0,6.0,,,,,10.0,7.0,8.0,,,,,,10.0,2.0,2.0,9.0,,1.0,,10.0,8.0,,,10.0,10.0,10.0,10.0,,6.0,,2.0,2.0,2.0,6.0,3.0,10.0,1.0,7.0,,,8.0,1.0,6,10.0,10,1
2012-08-16,80517,,11,3,6020.0,14528210,CRRB,CARROLLTON BANCORP,CRRB,551111.0,Q,A,R,13085,3,6020.0,,,,60.0,602.0,,,,,,,-5.125,0.025,2579.0,1.0,,-13217.375,CRRB,10.0,,,,,10,10.0,1.0,6.0,,,,,10.0,7.0,8.0,,,,,,10.0,2.0,2.0,9.0,,1.0,,10.0,8.0,,,10.0,10.0,10.0,10.0,,6.0,,2.0,2.0,2.0,6.0,3.0,10.0,1.0,7.0,,,8.0,1.0,6,10.0,10,1
2012-08-17,80517,,11,3,6020.0,14528210,CRRB,CARROLLTON BANCORP,CRRB,551111.0,Q,A,R,13085,3,6020.0,,,,60.0,602.0,,,,,,,4.95,-0.034146,2579.0,1.0,4.9,12766.05,CRRB,10.0,,,,,10,10.0,1.0,6.0,,,,,10.0,7.0,8.0,,,,,,10.0,2.0,2.0,9.0,,1.0,,10.0,8.0,,,10.0,10.0,10.0,10.0,,6.0,,2.0,2.0,2.0,6.0,3.0,10.0,1.0,7.0,,,8.0,1.0,6,10.0,10,1
2012-08-20,80517,,11,3,6020.0,14528210,CRRB,CARROLLTON BANCORP,CRRB,551111.0,Q,A,R,13085,3,6020.0,,,,60.0,602.0,,,,,,,5.0,0.010101,2579.0,1.0,4.95,12895.0,CRRB,10.0,,,,,10,10.0,1.0,6.0,,,,,10.0,7.0,8.0,,,,,,10.0,2.0,2.0,9.0,,1.0,,10.0,8.0,,,10.0,10.0,10.0,10.0,,6.0,,2.0,2.0,2.0,6.0,3.0,10.0,1.0,7.0,,,8.0,1.0,6,10.0,10,1
2012-08-21,80517,,11,3,6020.0,14528210,CRRB,CARROLLTON BANCORP,CRRB,551111.0,Q,A,R,13085,3,6020.0,,,,60.0,602.0,,,,,,,4.95,-0.01,2579.0,1.0,4.9,12766.05,CRRB,10.0,,,,,10,10.0,1.0,6.0,,,,,10.0,7.0,8.0,,,,,,10.0,2.0,2.0,9.0,,1.0,,10.0,8.0,,,10.0,10.0,10.0,10.0,,6.0,,2.0,2.0,2.0,6.0,3.0,10.0,1.0,7.0,,,8.0,1.0,6,10.0,10,1
2012-08-22,80517,,11,3,6020.0,14528210,CRRB,CARROLLTON BANCORP,CRRB,551111.0,Q,A,R,13085,3,6020.0,,,,60.0,602.0,,,,,,,5.1,0.030303,2579.0,1.0,5.1,13152.9,CRRB,10.0,,,,,10,10.0,1.0,6.0,,,,,10.0,7.0,8.0,,,,,,10.0,2.0,2.0,9.0,,1.0,,10.0,8.0,,,10.0,10.0,10.0,10.0,,6.0,,2.0,2.0,2.0,6.0,3.0,10.0,1.0,7.0,,,8.0,1.0,6,10.0,10,1
2012-08-23,80517,,11,3,6020.0,14528210,CRRB,CARROLLTON BANCORP,CRRB,551111.0,Q,A,R,13085,3,6020.0,,,,60.0,602.0,,,,,,,-4.98,-0.023529,2579.0,1.0,,-12843.42,CRRB,10.0,,,,,10,10.0,1.0,6.0,,,,,10.0,7.0,8.0,,,,,,10.0,2.0,2.0,9.0,,1.0,,10.0,8.0,,,10.0,10.0,10.0,10.0,,6.0,,2.0,2.0,2.0,6.0,3.0,10.0,1.0,7.0,,,8.0,1.0,6,10.0,10,1
2012-08-24,80517,,11,3,6020.0,14528210,CRRB,CARROLLTON BANCORP,CRRB,551111.0,Q,A,R,13085,3,6020.0,,,,60.0,602.0,,,,,,,-5.33,0.070281,2579.0,1.0,,-13746.07,CRRB,10.0,,,,,10,10.0,1.0,6.0,,,,,10.0,7.0,8.0,,,,,,10.0,2.0,2.0,9.0,,1.0,,10.0,8.0,,,10.0,10.0,10.0,10.0,,6.0,,2.0,2.0,2.0,6.0,3.0,10.0,1.0,7.0,,,8.0,1.0,6,10.0,10,1
2012-08-27,80517,,11,3,6020.0,14528210,CRRB,CARROLLTON BANCORP,CRRB,551111.0,Q,A,R,13085,3,6020.0,,,,60.0,602.0,,,,,,,-5.345,0.002814,2579.0,1.0,,-13784.755,CRRB,10.0,,,,,10,10.0,1.0,6.0,,,,,10.0,7.0,8.0,,,,,,10.0,2.0,2.0,9.0,,1.0,,10.0,8.0,,,10.0,10.0,10.0,10.0,,6.0,,2.0,2.0,2.0,6.0,3.0,10.0,1.0,7.0,,,8.0,1.0,6,10.0,10,1
2012-08-28,80517,,11,3,6020.0,14528210,CRRB,CARROLLTON BANCORP,CRRB,551111.0,Q,A,R,13085,3,6020.0,,,,60.0,602.0,,,,,,,-5.405,0.011225,2579.0,1.0,,-13939.495,CRRB,10.0,,,,,10,10.0,1.0,6.0,,,,,10.0,7.0,8.0,,,,,,10.0,2.0,2.0,9.0,,1.0,,10.0,8.0,,,10.0,10.0,10.0,10.0,,6.0,,2.0,2.0,2.0,6.0,3.0,10.0,1.0,7.0,,,8.0,1.0,6,10.0,10,1
2012-08-29,80517,,11,3,6020.0,14528210,CRRB,CARROLLTON BANCORP,CRRB,551111.0,Q,A,R,13085,3,6020.0,,,,60.0,602.0,,,,,,,-5.405,0.0,2579.0,1.0,,-13939.495,CRRB,10.0,,,,,10,10.0,1.0,6.0,,,,,10.0,7.0,8.0,,,,,,10.0,2.0,2.0,9.0,,1.0,,10.0,8.0,,,10.0,10.0,10.0,10.0,,6.0,,2.0,2.0,2.0,6.0,3.0,10.0,1.0,7.0,,,8.0,1.0,6,10.0,10,1
2012-08-30,80517,,11,3,6020.0,14528210,CRRB,CARROLLTON BANCORP,CRRB,551111.0,Q,A,R,13085,3,6020.0,,,,60.0,602.0,,,,,,,-5.38,-0.004625,2579.0,1.0,,-13875.02,CRRB,10.0,,,,,10,10.0,1.0,6.0,,,,,10.0,7.0,8.0,,,,,,10.0,2.0,2.0,9.0,,1.0,,10.0,8.0,,,10.0,10.0,10.0,10.0,,6.0,,2.0,2.0,2.0,6.0,3.0,10.0,1.0,7.0,,,8.0,1.0,6,10.0,10,1
2012-08-31,80517,,11,3,6020.0,14528210,CRRB,CARROLLTON BANCORP,CRRB,551111.0,Q,A,R,13085,3,6020.0,,,,60.0,602.0,,,,,,,-5.405,0.004647,2579.0,1.0,,-13939.495,CRRB,10.0,,,,,10,10.0,1.0,6.0,,,,,10.0,7.0,8.0,,,,,,10.0,2.0,2.0,9.0,,1.0,,10.0,8.0,,,10.0,10.0,10.0,10.0,,6.0,,2.0,2.0,2.0,6.0,3.0,10.0,1.0,7.0,,,8.0,1.0,6,10.0,10,1
2012-09-04,80517,,11,3,6020.0,14528210,CRRB,CARROLLTON BANCORP,CRRB,551111.0,Q,A,R,13085,3,6020.0,,,,60.0,602.0,,,,,,,-5.405,0.0,2579.0,1.0,,-13939.495,CRRB,10.0,,,,,10,10.0,1.0,6.0,,,,,10.0,7.0,8.0,,,,,,10.0,2.0,2.0,9.0,,1.0,,10.0,7.0,,,10.0,10.0,10.0,10.0,,6.0,,2.0,2.0,2.0,6.0,3.0,10.0,2.0,6.0,,,8.0,1.0,6,10.0,10,1
2012-09-05,80517,,11,3,6020.0,14528210,CRRB,CARROLLTON BANCORP,CRRB,551111.0,Q,A,R,13085,3,6020.0,,,,60.0,602.0,,,,,,,-5.405,0.0,2579.0,1.0,,-13939.495,CRRB,10.0,,,,,10,10.0,1.0,6.0,,,,,10.0,7.0,8.0,,,,,,10.0,2.0,2.0,9.0,,1.0,,10.0,7.0,,,10.0,10.0,10.0,10.0,,6.0,,2.0,2.0,2.0,6.0,3.0,10.0,2.0,6.0,,,8.0,1.0,6,10.0,10,1
2012-09-06,80517,,11,3,6020.0,14528210,CRRB,CARROLLTON BANCORP,CRRB,551111.0,Q,A,R,13085,3,6020.0,,,,60.0,602.0,,,,,,,4.8601,-0.100814,2579.0,1.0,4.8601,12534.1979,CRRB,10.0,,,,,10,10.0,1.0,6.0,,,,,10.0,7.0,8.0,,,,,,10.0,2.0,2.0,9.0,,1.0,,10.0,7.0,,,10.0,10.0,10.0,10.0,,6.0,,2.0,2.0,2.0,6.0,3.0,10.0,2.0,6.0,,,8.0,1.0,6,10.0,10,1
2012-09-07,80517,,11,3,6020.0,14528210,CRRB,CARROLLTON BANCORP,CRRB,551111.0,Q,A,R,13085,3,6020.0,,,,60.0,602.0,,,,,,,-5.405,0.112117,2579.0,1.0,,-13939.495,CRRB,10.0,,,,,10,10.0,1.0,6.0,,,,,10.0,7.0,8.0,,,,,,10.0,2.0,2.0,9.0,,1.0,,10.0,7.0,,,10.0,10.0,10.0,10.0,,6.0,,2.0,2.0,2.0,6.0,3.0,10.0,2.0,6.0,,,8.0,1.0,6,10.0,10,1
2012-09-10,80517,,11,3,6020.0,14528210,CRRB,CARROLLTON BANCORP,CRRB,551111.0,Q,A,R,13085,3,6020.0,,,,60.0,602.0,,,,,,,5.08,-0.060129,2579.0,1.0,4.8101,13101.32,CRRB,10.0,,,,,10,10.0,1.0,6.0,,,,,10.0,7.0,8.0,,,,,,10.0,2.0,2.0,9.0,,1.0,,10.0,7.0,,,10.0,10.0,10.0,10.0,,6.0,,2.0,2.0,2.0,6.0,3.0,10.0,2.0,6.0,,,8.0,1.0,6,10.0,10,1
2012-09-11,80517,,11,3,6020.0,14528210,CRRB,CARROLLTON BANCORP,CRRB,551111.0,Q,A,R,13085,3,6020.0,,,,60.0,602.0,,,,,,,-5.43,0.068898,2579.0,1.0,,-14003.97,CRRB,10.0,,,,,10,10.0,1.0,6.0,,,,,10.0,7.0,8.0,,,,,,10.0,2.0,2.0,9.0,,1.0,,10.0,7.0,,,10.0,10.0,10.0,10.0,,6.0,,2.0,2.0,2.0,6.0,3.0,10.0,2.0,6.0,,,8.0,1.0,6,10.0,10,1
2012-09-12,80517,,11,3,6020.0,14528210,CRRB,CARROLLTON BANCORP,CRRB,551111.0,Q,A,R,13085,3,6020.0,,,,60.0,602.0,,,,,,,-5.495,0.01197,2579.0,1.0,,-14171.605,CRRB,10.0,,,,,10,10.0,1.0,6.0,,,,,10.0,7.0,8.0,,,,,,10.0,2.0,2.0,9.0,,1.0,,10.0,7.0,,,10.0,10.0,10.0,10.0,,6.0,,2.0,2.0,2.0,6.0,3.0,10.0,2.0,6.0,,,8.0,1.0,6,10.0,10,1
2012-09-13,80517,,11,3,6020.0,14528210,CRRB,CARROLLTON BANCORP,CRRB,551111.0,Q,A,R,13085,3,6020.0,,,,60.0,602.0,,,,,,,-5.45,-0.008189,2579.0,1.0,,-14055.55,CRRB,10.0,,,,,10,10.0,1.0,6.0,,,,,10.0,7.0,8.0,,,,,,10.0,2.0,2.0,9.0,,1.0,,10.0,7.0,,,10.0,10.0,10.0,10.0,,6.0,,2.0,2.0,2.0,6.0,3.0,10.0,2.0,6.0,,,8.0,1.0,6,10.0,10,1
2012-09-14,80517,,11,3,6020.0,14528210,CRRB,CARROLLTON BANCORP,CRRB,551111.0,Q,A,R,13085,3,6020.0,,,,60.0,602.0,,,,,,,-5.405,-0.008257,2579.0,1.0,,-13939.495,CRRB,10.0,,,,,10,10.0,1.0,6.0,,,,,10.0,7.0,8.0,,,,,,10.0,2.0,2.0,9.0,,1.0,,10.0,7.0,,,10.0,10.0,10.0,10.0,,6.0,,2.0,2.0,2.0,6.0,3.0,10.0,2.0,6.0,,,8.0,1.0,6,10.0,10,1
2012-09-17,80517,,11,3,6020.0,14528210,CRRB,CARROLLTON BANCORP,CRRB,551111.0,Q,A,R,13085,3,6020.0,,,,60.0,602.0,,,,,,,-5.405,0.0,2579.0,1.0,,-13939.495,CRRB,10.0,,,,,10,10.0,1.0,6.0,,,,,10.0,7.0,8.0,,,,,,10.0,2.0,2.0,9.0,,1.0,,10.0,7.0,,,10.0,10.0,10.0,10.0,,6.0,,2.0,2.0,2.0,6.0,3.0,10.0,2.0,6.0,,,8.0,1.0,6,10.0,10,1
2012-09-18,80517,,11,3,6020.0,14528210,CRRB,CARROLLTON BANCORP,CRRB,551111.0,Q,A,R,13085,3,6020.0,,,,60.0,602.0,,,,,,,-5.38,-0.004625,2579.0,1.0,,-13875.02,CRRB,10.0,,,,,10,10.0,1.0,6.0,,,,,10.0,7.0,8.0,,,,,,10.0,2.0,2.0,9.0,,1.0,,10.0,7.0,,,10.0,10.0,10.0,10.0,,6.0,,2.0,2.0,2.0,6.0,3.0,10.0,2.0,6.0,,,8.0,1.0,6,10.0,10,1
2012-09-19,80517,,11,3,6020.0,14528210,CRRB,CARROLLTON BANCORP,CRRB,551111.0,Q,A,R,13085,3,6020.0,,,,60.0,602.0,,,,,,,-5.38,0.0,2579.0,1.0,,-13875.02,CRRB,10.0,,,,,10,10.0,1.0,6.0,,,,,10.0,7.0,8.0,,,,,,10.0,2.0,2.0,9.0,,1.0,,10.0,7.0,,,10.0,10.0,10.0,10.0,,6.0,,2.0,2.0,2.0,6.0,3.0,10.0,2.0,6.0,,,8.0,1.0,6,10.0,10,1
2012-09-20,80517,,11,3,6020.0,14528210,CRRB,CARROLLTON BANCORP,CRRB,551111.0,Q,A,R,13085,3,6020.0,,,,60.0,602.0,,,,,,,-5.355,-0.004647,2579.0,1.0,,-13810.545,CRRB,10.0,,,,,10,10.0,1.0,6.0,,,,,10.0,7.0,8.0,,,,,,10.0,2.0,2.0,9.0,,1.0,,10.0,7.0,,,10.0,10.0,10.0,10.0,,6.0,,2.0,2.0,2.0,6.0,3.0,10.0,2.0,6.0,,,8.0,1.0,6,10.0,10,1
2012-09-21,80517,,11,3,6020.0,14528210,CRRB,CARROLLTON BANCORP,CRRB,551111.0,Q,A,R,13085,3,6020.0,,,,60.0,602.0,,,,,,,4.81,-0.101774,2579.0,1.0,4.82,12404.99,CRRB,10.0,,,,,10,10.0,1.0,6.0,,,,,10.0,7.0,8.0,,,,,,10.0,2.0,2.0,9.0,,1.0,,10.0,7.0,,,10.0,10.0,10.0,10.0,,6.0,,2.0,2.0,2.0,6.0,3.0,10.0,2.0,6.0,,,8.0,1.0,6,10.0,10,1
2012-09-24,80517,,11,3,6020.0,14528210,CRRB,CARROLLTON BANCORP,CRRB,551111.0,Q,A,R,13085,3,6020.0,,,,60.0,602.0,,,,,,,5.26,0.093555,2579.0,1.0,5.26,13565.54,CRRB,10.0,,,,,10,10.0,1.0,6.0,,,,,10.0,7.0,8.0,,,,,,10.0,2.0,2.0,9.0,,1.0,,10.0,7.0,,,10.0,10.0,10.0,10.0,,6.0,,2.0,2.0,2.0,6.0,3.0,10.0,2.0,6.0,,,8.0,1.0,6,10.0,10,1
2012-09-25,80517,,11,3,6020.0,14528210,CRRB,CARROLLTON BANCORP,CRRB,551111.0,Q,A,R,13085,3,6020.0,,,,60.0,602.0,,,,,,,-5.305,0.008555,2579.0,1.0,,-13681.595,CRRB,10.0,,,,,10,10.0,1.0,6.0,,,,,10.0,7.0,8.0,,,,,,10.0,2.0,2.0,9.0,,1.0,,10.0,7.0,,,10.0,10.0,10.0,10.0,,6.0,,2.0,2.0,2.0,6.0,3.0,10.0,2.0,6.0,,,8.0,1.0,6,10.0,10,1
2012-09-26,80517,,11,3,6020.0,14528210,CRRB,CARROLLTON BANCORP,CRRB,551111.0,Q,A,R,13085,3,6020.0,,,,60.0,602.0,,,,,,,4.7101,-0.11214,2579.0,1.0,4.7101,12147.3479,CRRB,10.0,,,,,10,10.0,1.0,6.0,,,,,10.0,7.0,8.0,,,,,,10.0,2.0,2.0,9.0,,1.0,,10.0,7.0,,,10.0,10.0,10.0,10.0,,6.0,,2.0,2.0,2.0,6.0,3.0,10.0,2.0,6.0,,,8.0,1.0,6,10.0,10,1
2012-09-27,80517,,11,3,6020.0,14528210,CRRB,CARROLLTON BANCORP,CRRB,551111.0,Q,A,R,13085,3,6020.0,,,,60.0,602.0,,,,,,,-5.315,0.128426,2579.0,1.0,,-13707.385,CRRB,10.0,,,,,10,10.0,1.0,6.0,,,,,10.0,7.0,8.0,,,,,,10.0,2.0,2.0,9.0,,1.0,,10.0,7.0,,,10.0,10.0,10.0,10.0,,6.0,,2.0,2.0,2.0,6.0,3.0,10.0,2.0,6.0,,,8.0,1.0,6,10.0,10,1
2012-09-28,80517,,11,3,6020.0,14528210,CRRB,CARROLLTON BANCORP,CRRB,551111.0,Q,A,R,13085,3,6020.0,,,,60.0,602.0,,,,,,,-5.14,-0.032926,2579.0,1.0,,-13256.06,CRRB,10.0,,,,,10,10.0,1.0,6.0,,,,,10.0,7.0,8.0,,,,,,10.0,2.0,2.0,9.0,,1.0,,10.0,7.0,,,10.0,10.0,10.0,10.0,,6.0,,2.0,2.0,2.0,6.0,3.0,10.0,2.0,6.0,,,8.0,1.0,6,10.0,10,1
2012-10-01,80517,,11,3,6020.0,14528210,CRRB,CARROLLTON BANCORP,CRRB,551111.0,Q,A,R,13085,3,6020.0,,,,60.0,602.0,,,,,,,-5.14,0.0,2579.0,1.0,,-13256.06,CRRB,10.0,,,,,10,10.0,1.0,6.0,,,,,10.0,7.0,8.0,,,,,,10.0,2.0,2.0,9.0,,1.0,,10.0,5.0,,,10.0,9.0,9.0,10.0,,6.0,,2.0,2.0,2.0,10.0,1.0,10.0,5.0,10.0,,,9.0,1.0,6,10.0,10,1
2012-10-02,80517,,11,3,6020.0,14528210,CRRB,CARROLLTON BANCORP,CRRB,551111.0,Q,A,R,13085,3,6020.0,,,,60.0,602.0,,,,,,,-5.14,0.0,2579.0,1.0,,-13256.06,CRRB,10.0,,,,,10,10.0,1.0,6.0,,,,,10.0,7.0,8.0,,,,,,10.0,2.0,2.0,9.0,,1.0,,10.0,5.0,,,10.0,9.0,9.0,10.0,,6.0,,2.0,2.0,2.0,10.0,1.0,10.0,5.0,10.0,,,9.0,1.0,6,10.0,10,1
2012-10-03,80517,,11,3,6020.0,14528210,CRRB,CARROLLTON BANCORP,CRRB,551111.0,Q,A,R,13085,3,6020.0,,,,60.0,602.0,,,,,,,5.5,0.070039,2579.0,1.0,5.5,14184.5,CRRB,10.0,,,,,10,10.0,1.0,6.0,,,,,10.0,7.0,8.0,,,,,,10.0,2.0,2.0,9.0,,1.0,,10.0,5.0,,,10.0,9.0,9.0,10.0,,6.0,,2.0,2.0,2.0,10.0,1.0,10.0,5.0,10.0,,,9.0,1.0,6,10.0,10,1
2012-10-04,80517,,11,3,6020.0,14528210,CRRB,CARROLLTON BANCORP,CRRB,551111.0,Q,A,R,13085,3,6020.0,,,,60.0,602.0,,,,,,,5.58,0.014545,2579.0,1.0,5.6,14390.82,CRRB,10.0,,,,,10,10.0,1.0,6.0,,,,,10.0,7.0,8.0,,,,,,10.0,2.0,2.0,9.0,,1.0,,10.0,5.0,,,10.0,9.0,9.0,10.0,,6.0,,2.0,2.0,2.0,10.0,1.0,10.0,5.0,10.0,,,9.0,1.0,6,10.0,10,1
2012-10-05,80517,,11,3,6020.0,14528210,CRRB,CARROLLTON BANCORP,CRRB,551111.0,Q,A,R,13085,3,6020.0,,,,60.0,602.0,,,,,,,-5.84,0.046595,2579.0,1.0,,-15061.36,CRRB,10.0,,,,,10,10.0,1.0,6.0,,,,,10.0,7.0,8.0,,,,,,10.0,2.0,2.0,9.0,,1.0,,10.0,5.0,,,10.0,9.0,9.0,10.0,,6.0,,2.0,2.0,2.0,10.0,1.0,10.0,5.0,10.0,,,9.0,1.0,6,10.0,10,1
2012-10-08,80517,,11,3,6020.0,14528210,CRRB,CARROLLTON BANCORP,CRRB,551111.0,Q,A,R,13085,3,6020.0,,,,60.0,602.0,,,,,,,-5.495,-0.059075,2579.0,1.0,,-14171.605,CRRB,10.0,,,,,10,10.0,1.0,6.0,,,,,10.0,7.0,8.0,,,,,,10.0,2.0,2.0,9.0,,1.0,,10.0,5.0,,,10.0,9.0,9.0,10.0,,6.0,,2.0,2.0,2.0,10.0,1.0,10.0,5.0,10.0,,,9.0,1.0,6,10.0,10,1
2012-10-09,80517,,11,3,6020.0,14528210,CRRB,CARROLLTON BANCORP,CRRB,551111.0,Q,A,R,13085,3,6020.0,,,,60.0,602.0,,,,,,,5.8619,0.06677,2579.0,1.0,5.51,15117.8401,CRRB,10.0,,,,,10,10.0,1.0,6.0,,,,,10.0,7.0,8.0,,,,,,10.0,2.0,2.0,9.0,,1.0,,10.0,5.0,,,10.0,9.0,9.0,10.0,,6.0,,2.0,2.0,2.0,10.0,1.0,10.0,5.0,10.0,,,9.0,1.0,6,10.0,10,1
2012-10-10,80517,,11,3,6020.0,14528210,CRRB,CARROLLTON BANCORP,CRRB,551111.0,Q,A,R,13085,3,6020.0,,,,60.0,602.0,,,,,,,-5.84,-0.003736,2579.0,1.0,,-15061.36,CRRB,10.0,,,,,10,10.0,1.0,6.0,,,,,10.0,7.0,8.0,,,,,,10.0,2.0,2.0,9.0,,1.0,,10.0,5.0,,,10.0,9.0,9.0,10.0,,6.0,,2.0,2.0,2.0,10.0,1.0,10.0,5.0,10.0,,,9.0,1.0,6,10.0,10,1
2012-10-11,80517,,11,3,6020.0,14528210,CRRB,CARROLLTON BANCORP,CRRB,551111.0,Q,A,R,13085,3,6020.0,,,,60.0,602.0,,,,,,,5.34,-0.085616,2579.0,1.0,5.34,13771.86,CRRB,10.0,,,,,10,10.0,1.0,6.0,,,,,10.0,7.0,8.0,,,,,,10.0,2.0,2.0,9.0,,1.0,,10.0,5.0,,,10.0,9.0,9.0,10.0,,6.0,,2.0,2.0,2.0,10.0,1.0,10.0,5.0,10.0,,,9.0,1.0,6,10.0,10,1
2012-10-12,80517,,11,3,6020.0,14528210,CRRB,CARROLLTON BANCORP,CRRB,551111.0,Q,A,R,13085,3,6020.0,,,,60.0,602.0,,,,,,,-5.72,0.071161,2579.0,1.0,,-14751.88,CRRB,10.0,,,,,10,10.0,1.0,6.0,,,,,10.0,7.0,8.0,,,,,,10.0,2.0,2.0,9.0,,1.0,,10.0,5.0,,,10.0,9.0,9.0,10.0,,6.0,,2.0,2.0,2.0,10.0,1.0,10.0,5.0,10.0,,,9.0,1.0,6,10.0,10,1
2012-10-15,80517,,11,3,6020.0,14528210,CRRB,CARROLLTON BANCORP,CRRB,551111.0,Q,A,R,13085,3,6020.0,,,,60.0,602.0,,,,,,,-5.79,0.012238,2579.0,1.0,,-14932.41,CRRB,10.0,,,,,10,10.0,1.0,6.0,,,,,10.0,7.0,8.0,,,,,,10.0,2.0,2.0,9.0,,1.0,,10.0,5.0,,,10.0,9.0,9.0,10.0,,6.0,,2.0,2.0,2.0,10.0,1.0,10.0,5.0,10.0,,,9.0,1.0,6,10.0,10,1
2012-10-16,80517,,11,3,6020.0,14528210,CRRB,CARROLLTON BANCORP,CRRB,551111.0,Q,A,R,13085,3,6020.0,,,,60.0,602.0,,,,,,,-5.68,-0.018998,2579.0,1.0,,-14648.72,CRRB,10.0,,,,,10,10.0,1.0,6.0,,,,,10.0,7.0,8.0,,,,,,10.0,2.0,2.0,9.0,,1.0,,10.0,5.0,,,10.0,9.0,9.0,10.0,,6.0,,2.0,2.0,2.0,10.0,1.0,10.0,5.0,10.0,,,9.0,1.0,6,10.0,10,1
2012-10-17,80517,,11,3,6020.0,14528210,CRRB,CARROLLTON BANCORP,CRRB,551111.0,Q,A,R,13085,3,6020.0,,,,60.0,602.0,,,,,,,-5.67,-0.001761,2579.0,1.0,,-14622.93,CRRB,10.0,,,,,10,10.0,1.0,6.0,,,,,10.0,7.0,8.0,,,,,,10.0,2.0,2.0,9.0,,1.0,,10.0,5.0,,,10.0,9.0,9.0,10.0,,6.0,,2.0,2.0,2.0,10.0,1.0,10.0,5.0,10.0,,,9.0,1.0,6,10.0,10,1
2012-10-18,80517,,11,3,6020.0,14528210,CRRB,CARROLLTON BANCORP,CRRB,551111.0,Q,A,R,13085,3,6020.0,,,,60.0,602.0,,,,,,,-5.645,-0.004409,2579.0,1.0,,-14558.455,CRRB,10.0,,,,,10,10.0,1.0,6.0,,,,,10.0,7.0,8.0,,,,,,10.0,2.0,2.0,9.0,,1.0,,10.0,5.0,,,10.0,9.0,9.0,10.0,,6.0,,2.0,2.0,2.0,10.0,1.0,10.0,5.0,10.0,,,9.0,1.0,6,10.0,10,1
2012-10-19,80517,,11,3,6020.0,14528210,CRRB,CARROLLTON BANCORP,CRRB,551111.0,Q,A,R,13085,3,6020.0,,,,60.0,602.0,,,,,,,5.44,-0.036315,2579.0,1.0,5.44,14029.76,CRRB,10.0,,,,,10,10.0,1.0,6.0,,,,,10.0,7.0,8.0,,,,,,10.0,2.0,2.0,9.0,,1.0,,10.0,5.0,,,10.0,9.0,9.0,10.0,,6.0,,2.0,2.0,2.0,10.0,1.0,10.0,5.0,10.0,,,9.0,1.0,6,10.0,10,1
2012-10-22,80517,,11,3,6020.0,14528210,CRRB,CARROLLTON BANCORP,CRRB,551111.0,Q,A,R,13085,3,6020.0,,,,60.0,602.0,,,,,,,-5.645,0.037684,2579.0,1.0,,-14558.455,CRRB,10.0,,,,,10,10.0,1.0,6.0,,,,,10.0,7.0,8.0,,,,,,10.0,2.0,2.0,9.0,,1.0,,10.0,5.0,,,10.0,9.0,9.0,10.0,,6.0,,2.0,2.0,2.0,10.0,1.0,10.0,5.0,10.0,,,9.0,1.0,6,10.0,10,1
2012-10-23,80517,,11,3,6020.0,14528210,CRRB,CARROLLTON BANCORP,CRRB,551111.0,Q,A,R,13085,3,6020.0,,,,60.0,602.0,,,,,,,5.54,-0.018601,2579.0,1.0,5.49,14287.66,CRRB,10.0,,,,,10,10.0,1.0,6.0,,,,,10.0,7.0,8.0,,,,,,10.0,2.0,2.0,9.0,,1.0,,10.0,5.0,,,10.0,9.0,9.0,10.0,,6.0,,2.0,2.0,2.0,10.0,1.0,10.0,5.0,10.0,,,9.0,1.0,6,10.0,10,1
2012-10-24,80517,,11,3,6020.0,14528210,CRRB,CARROLLTON BANCORP,CRRB,551111.0,Q,A,R,13085,3,6020.0,,,,60.0,602.0,,,,,,,-5.545,0.000903,2579.0,1.0,,-14300.555,CRRB,10.0,,,,,10,10.0,1.0,6.0,,,,,10.0,7.0,8.0,,,,,,10.0,2.0,2.0,9.0,,1.0,,10.0,5.0,,,10.0,9.0,9.0,10.0,,6.0,,2.0,2.0,2.0,10.0,1.0,10.0,5.0,10.0,,,9.0,1.0,6,10.0,10,1
2012-10-25,80517,,11,3,6020.0,14528210,CRRB,CARROLLTON BANCORP,CRRB,551111.0,Q,A,R,13085,3,6020.0,,,,60.0,602.0,,,,,,,-5.4,-0.02615,2579.0,1.0,,-13926.6,CRRB,10.0,,,,,10,10.0,1.0,6.0,,,,,10.0,7.0,8.0,,,,,,10.0,2.0,2.0,9.0,,1.0,,10.0,5.0,,,10.0,9.0,9.0,10.0,,6.0,,2.0,2.0,2.0,10.0,1.0,10.0,5.0,10.0,,,9.0,1.0,6,10.0,10,1
2012-10-26,80517,,11,3,6020.0,14528210,CRRB,CARROLLTON BANCORP,CRRB,551111.0,Q,A,R,13085,3,6020.0,,,,60.0,602.0,,,,,,,-5.45,0.009259,2579.0,1.0,,-14055.55,CRRB,10.0,,,,,10,10.0,1.0,6.0,,,,,10.0,7.0,8.0,,,,,,10.0,2.0,2.0,9.0,,1.0,,10.0,5.0,,,10.0,9.0,9.0,10.0,,6.0,,2.0,2.0,2.0,10.0,1.0,10.0,5.0,10.0,,,9.0,1.0,6,10.0,10,1
2012-10-31,80517,,11,3,6020.0,14528210,CRRB,CARROLLTON BANCORP,CRRB,551111.0,Q,A,R,13085,3,6020.0,,,,60.0,602.0,,,,,,,-5.595,0.026606,2579.0,1.0,,-14429.505,CRRB,10.0,,,,,10,10.0,1.0,6.0,,,,,10.0,7.0,8.0,,,,,,10.0,2.0,2.0,9.0,,1.0,,10.0,5.0,,,10.0,9.0,9.0,10.0,,6.0,,2.0,2.0,2.0,10.0,1.0,10.0,5.0,10.0,,,9.0,1.0,6,10.0,10,1
2012-11-01,80517,,11,3,6020.0,14528210,CRRB,CARROLLTON BANCORP,CRRB,551111.0,Q,A,R,13085,3,6020.0,,,,60.0,602.0,,,,,,,-5.425,-0.030384,2579.0,1.0,,-13991.075,CRRB,10.0,,,,,10,10.0,1.0,6.0,,,,,10.0,7.0,8.0,,,,,,10.0,2.0,2.0,9.0,,1.0,,9.0,7.0,,,10.0,10.0,7.0,10.0,,6.0,,,,,1.0,1.0,10.0,1.0,2.0,,,9.0,1.0,6,10.0,10,1
2012-11-02,80517,,11,3,6020.0,14528210,CRRB,CARROLLTON BANCORP,CRRB,551111.0,Q,A,R,13085,3,6020.0,,,,60.0,602.0,,,,,,,5.54,0.021198,2579.0,1.0,5.5399,14287.66,CRRB,10.0,,,,,10,10.0,1.0,6.0,,,,,10.0,7.0,8.0,,,,,,10.0,2.0,2.0,9.0,,1.0,,9.0,7.0,,,10.0,10.0,7.0,10.0,,6.0,,,,,1.0,1.0,10.0,1.0,2.0,,,9.0,1.0,6,10.0,10,1
2012-11-05,80517,,11,3,6020.0,14528210,CRRB,CARROLLTON BANCORP,CRRB,551111.0,Q,A,R,13085,3,6020.0,,,,60.0,602.0,,,,,,,5.94,0.072202,2579.0,1.0,5.69,15319.26,CRRB,10.0,,,,,10,10.0,1.0,6.0,,,,,10.0,7.0,8.0,,,,,,10.0,2.0,2.0,9.0,,1.0,,9.0,7.0,,,10.0,10.0,7.0,10.0,,6.0,,,,,1.0,1.0,10.0,1.0,2.0,,,9.0,1.0,6,10.0,10,1
2012-11-06,80517,,11,3,6020.0,14528210,CRRB,CARROLLTON BANCORP,CRRB,551111.0,Q,A,R,13085,3,6020.0,,,,60.0,602.0,,,,,,,5.79,-0.025253,2579.0,1.0,5.91,14932.41,CRRB,10.0,,,,,10,10.0,1.0,6.0,,,,,10.0,7.0,8.0,,,,,,10.0,2.0,2.0,9.0,,1.0,,9.0,7.0,,,10.0,10.0,7.0,10.0,,6.0,,,,,1.0,1.0,10.0,1.0,2.0,,,9.0,1.0,6,10.0,10,1
2012-11-07,80517,,11,3,6020.0,14528210,CRRB,CARROLLTON BANCORP,CRRB,551111.0,Q,A,R,13085,3,6020.0,,,,60.0,602.0,,,,,,,-5.9,0.018998,2579.0,1.0,,-15216.1,CRRB,10.0,,,,,10,10.0,1.0,6.0,,,,,10.0,7.0,8.0,,,,,,10.0,2.0,2.0,9.0,,1.0,,9.0,7.0,,,10.0,10.0,7.0,10.0,,6.0,,,,,1.0,1.0,10.0,1.0,2.0,,,9.0,1.0,6,10.0,10,1
2012-11-08,80517,,11,3,6020.0,14528210,CRRB,CARROLLTON BANCORP,CRRB,551111.0,Q,A,R,13085,3,6020.0,,,,60.0,602.0,,,,,,,-5.675,-0.038136,2579.0,1.0,,-14635.825,CRRB,10.0,,,,,10,10.0,1.0,6.0,,,,,10.0,7.0,8.0,,,,,,10.0,2.0,2.0,9.0,,1.0,,9.0,7.0,,,10.0,10.0,7.0,10.0,,6.0,,,,,1.0,1.0,10.0,1.0,2.0,,,9.0,1.0,6,10.0,10,1
2012-11-09,80517,,11,3,6020.0,14528210,CRRB,CARROLLTON BANCORP,CRRB,551111.0,Q,A,R,13085,3,6020.0,,,,60.0,602.0,,,,,,,5.79,0.020264,2579.0,1.0,5.79,14932.41,CRRB,10.0,,,,,10,10.0,1.0,6.0,,,,,10.0,7.0,8.0,,,,,,10.0,2.0,2.0,9.0,,1.0,,9.0,7.0,,,10.0,10.0,7.0,10.0,,6.0,,,,,1.0,1.0,10.0,1.0,2.0,,,9.0,1.0,6,10.0,10,1
2012-11-12,80517,,11,3,6020.0,14528210,CRRB,CARROLLTON BANCORP,CRRB,551111.0,Q,A,R,13085,3,6020.0,,,,60.0,602.0,,,,,,,-5.625,-0.028497,2579.0,1.0,,-14506.875,CRRB,10.0,,,,,10,10.0,1.0,6.0,,,,,10.0,7.0,8.0,,,,,,10.0,2.0,2.0,9.0,,1.0,,9.0,7.0,,,10.0,10.0,7.0,10.0,,6.0,,,,,1.0,1.0,10.0,1.0,2.0,,,9.0,1.0,6,10.0,10,1
2012-11-13,80517,,11,3,6020.0,14528210,CRRB,CARROLLTON BANCORP,CRRB,551111.0,Q,A,R,13085,3,6020.0,,,,60.0,602.0,,,,,,,5.67,0.008,2579.0,1.0,5.67,14622.93,CRRB,10.0,,,,,10,10.0,1.0,6.0,,,,,10.0,7.0,8.0,,,,,,10.0,2.0,2.0,9.0,,1.0,,9.0,7.0,,,10.0,10.0,7.0,10.0,,6.0,,,,,1.0,1.0,10.0,1.0,2.0,,,9.0,1.0,6,10.0,10,1
2012-11-14,80517,,11,3,6020.0,14528210,CRRB,CARROLLTON BANCORP,CRRB,551111.0,Q,A,R,13085,3,6020.0,,,,60.0,602.0,,,,,,,5.79,0.021164,2579.0,1.0,5.79,14932.41,CRRB,10.0,,,,,10,10.0,1.0,6.0,,,,,10.0,7.0,8.0,,,,,,10.0,2.0,2.0,9.0,,1.0,,9.0,7.0,,,10.0,10.0,7.0,10.0,,6.0,,,,,1.0,1.0,10.0,1.0,2.0,,,9.0,1.0,6,10.0,10,1
2012-11-15,80517,,11,3,6020.0,14528210,CRRB,CARROLLTON BANCORP,CRRB,551111.0,Q,A,R,13085,3,6020.0,,,,60.0,602.0,,,,,,,-5.64,-0.025907,2579.0,1.0,,-14545.56,CRRB,10.0,,,,,10,10.0,1.0,6.0,,,,,10.0,7.0,8.0,,,,,,10.0,2.0,2.0,9.0,,1.0,,9.0,7.0,,,10.0,10.0,7.0,10.0,,6.0,,,,,1.0,1.0,10.0,1.0,2.0,,,9.0,1.0,6,10.0,10,1
2012-11-16,80517,,11,3,6020.0,14528210,CRRB,CARROLLTON BANCORP,CRRB,551111.0,Q,A,R,13085,3,6020.0,,,,60.0,602.0,,,,,,,-5.6,-0.007092,2579.0,1.0,,-14442.4,CRRB,10.0,,,,,10,10.0,1.0,6.0,,,,,10.0,7.0,8.0,,,,,,10.0,2.0,2.0,9.0,,1.0,,9.0,7.0,,,10.0,10.0,7.0,10.0,,6.0,,,,,1.0,1.0,10.0,1.0,2.0,,,9.0,1.0,6,10.0,10,1
2012-11-19,80517,,11,3,6020.0,14528210,CRRB,CARROLLTON BANCORP,CRRB,551111.0,Q,A,R,13085,3,6020.0,,,,60.0,602.0,,,,,,,5.46,-0.025,2579.0,1.0,5.46,14081.34,CRRB,10.0,,,,,10,10.0,1.0,6.0,,,,,10.0,7.0,8.0,,,,,,10.0,2.0,2.0,9.0,,1.0,,9.0,7.0,,,10.0,10.0,7.0,10.0,,6.0,,,,,1.0,1.0,10.0,1.0,2.0,,,9.0,1.0,6,10.0,10,1
2012-11-20,80517,,11,3,6020.0,14528210,CRRB,CARROLLTON BANCORP,CRRB,551111.0,Q,A,R,13085,3,6020.0,,,,60.0,602.0,,,,,,,-5.6,0.025641,2579.0,1.0,,-14442.4,CRRB,10.0,,,,,10,10.0,1.0,6.0,,,,,10.0,7.0,8.0,,,,,,10.0,2.0,2.0,9.0,,1.0,,9.0,7.0,,,10.0,10.0,7.0,10.0,,6.0,,,,,1.0,1.0,10.0,1.0,2.0,,,9.0,1.0,6,10.0,10,1
2012-11-21,80517,,11,3,6020.0,14528210,CRRB,CARROLLTON BANCORP,CRRB,551111.0,Q,A,R,13085,3,6020.0,,,,60.0,602.0,,,,,,,-5.645,0.008036,2579.0,1.0,,-14558.455,CRRB,10.0,,,,,10,10.0,1.0,6.0,,,,,10.0,7.0,8.0,,,,,,10.0,2.0,2.0,9.0,,1.0,,9.0,7.0,,,10.0,10.0,7.0,10.0,,6.0,,,,,1.0,1.0,10.0,1.0,2.0,,,9.0,1.0,6,10.0,10,1
2012-11-23,80517,,11,3,6020.0,14528210,CRRB,CARROLLTON BANCORP,CRRB,551111.0,Q,A,R,13085,3,6020.0,,,,60.0,602.0,,,,,,,-5.55,-0.016829,2579.0,1.0,,-14313.45,CRRB,10.0,,,,,10,10.0,1.0,6.0,,,,,10.0,7.0,8.0,,,,,,10.0,2.0,2.0,9.0,,1.0,,9.0,7.0,,,10.0,10.0,7.0,10.0,,6.0,,,,,1.0,1.0,10.0,1.0,2.0,,,9.0,1.0,6,10.0,10,1
2012-11-26,80517,,11,3,6020.0,14528210,CRRB,CARROLLTON BANCORP,CRRB,551111.0,Q,A,R,13085,3,6020.0,,,,60.0,602.0,,,,,,,-5.55,0.0,2579.0,1.0,,-14313.45,CRRB,10.0,,,,,10,10.0,1.0,6.0,,,,,10.0,7.0,8.0,,,,,,10.0,2.0,2.0,9.0,,1.0,,9.0,7.0,,,10.0,10.0,7.0,10.0,,6.0,,,,,1.0,1.0,10.0,1.0,2.0,,,9.0,1.0,6,10.0,10,1
2012-11-27,80517,,11,3,6020.0,14528210,CRRB,CARROLLTON BANCORP,CRRB,551111.0,Q,A,R,13085,3,6020.0,,,,60.0,602.0,,,,,,,5.62,0.012613,2579.0,1.0,5.51,14493.98,CRRB,10.0,,,,,10,10.0,1.0,6.0,,,,,10.0,7.0,8.0,,,,,,10.0,2.0,2.0,9.0,,1.0,,9.0,7.0,,,10.0,10.0,7.0,10.0,,6.0,,,,,1.0,1.0,10.0,1.0,2.0,,,9.0,1.0,6,10.0,10,1
2012-11-28,80517,,11,3,6020.0,14528210,CRRB,CARROLLTON BANCORP,CRRB,551111.0,Q,A,R,13085,3,6020.0,,,,60.0,602.0,,,,,,,-5.55,-0.012455,2579.0,1.0,,-14313.45,CRRB,10.0,,,,,10,10.0,1.0,6.0,,,,,10.0,7.0,8.0,,,,,,10.0,2.0,2.0,9.0,,1.0,,9.0,7.0,,,10.0,10.0,7.0,10.0,,6.0,,,,,1.0,1.0,10.0,1.0,2.0,,,9.0,1.0,6,10.0,10,1
2012-11-29,80517,,11,3,6020.0,14528210,CRRB,CARROLLTON BANCORP,CRRB,551111.0,Q,A,R,13085,3,6020.0,,,,60.0,602.0,,,,,,,-5.65,0.018018,2579.0,1.0,,-14571.35,CRRB,10.0,,,,,10,10.0,1.0,6.0,,,,,10.0,7.0,8.0,,,,,,10.0,2.0,2.0,9.0,,1.0,,9.0,7.0,,,10.0,10.0,7.0,10.0,,6.0,,,,,1.0,1.0,10.0,1.0,2.0,,,9.0,1.0,6,10.0,10,1
2012-11-30,80517,,11,3,6020.0,14528210,CRRB,CARROLLTON BANCORP,CRRB,551111.0,Q,A,R,13085,3,6020.0,,,,60.0,602.0,,,,,,,-5.645,-0.000885,2579.0,1.0,,-14558.455,CRRB,10.0,,,,,10,10.0,1.0,6.0,,,,,10.0,7.0,8.0,,,,,,10.0,2.0,2.0,9.0,,1.0,,9.0,7.0,,,10.0,10.0,7.0,10.0,,6.0,,,,,1.0,1.0,10.0,1.0,2.0,,,9.0,1.0,6,10.0,10,1
2012-12-03,80517,,11,3,6020.0,14528210,CRRB,CARROLLTON BANCORP,CRRB,551111.0,Q,A,R,13085,3,6020.0,,,,60.0,602.0,,,,,,,-5.695,0.008857,2579.0,1.0,,-14687.405,CRRB,10.0,,,,,10,10.0,1.0,6.0,,,,,10.0,7.0,8.0,,,,,,10.0,2.0,2.0,9.0,,1.0,,8.0,8.0,,,10.0,10.0,9.0,10.0,,6.0,,4.0,9.0,2.0,6.0,1.0,10.0,6.0,5.0,,,10.0,1.0,6,10.0,10,1
2012-12-04,80517,,11,3,6020.0,14528210,CRRB,CARROLLTON BANCORP,CRRB,551111.0,Q,A,R,13085,3,6020.0,,,,60.0,602.0,,,,,,,-5.695,0.0,2579.0,1.0,,-14687.405,CRRB,10.0,,,,,10,10.0,1.0,6.0,,,,,10.0,7.0,8.0,,,,,,10.0,2.0,2.0,9.0,,1.0,,8.0,8.0,,,10.0,10.0,9.0,10.0,,6.0,,4.0,9.0,2.0,6.0,1.0,10.0,6.0,5.0,,,10.0,1.0,6,10.0,10,1
2012-12-05,80517,,11,3,6020.0,14528210,CRRB,CARROLLTON BANCORP,CRRB,551111.0,Q,A,R,13085,3,6020.0,,,,60.0,602.0,,,,,,,-5.645,-0.00878,2579.0,1.0,,-14558.455,CRRB,10.0,,,,,10,10.0,1.0,6.0,,,,,10.0,7.0,8.0,,,,,,10.0,2.0,2.0,9.0,,1.0,,8.0,8.0,,,10.0,10.0,9.0,10.0,,6.0,,4.0,9.0,2.0,6.0,1.0,10.0,6.0,5.0,,,10.0,1.0,6,10.0,10,1
2012-12-06,80517,,11,3,6020.0,14528210,CRRB,CARROLLTON BANCORP,CRRB,551111.0,Q,A,R,13085,3,6020.0,,,,60.0,602.0,,,,,,,-5.6,-0.007972,2579.0,1.0,,-14442.4,CRRB,10.0,,,,,10,10.0,1.0,6.0,,,,,10.0,7.0,8.0,,,,,,10.0,2.0,2.0,9.0,,1.0,,8.0,8.0,,,10.0,10.0,9.0,10.0,,6.0,,4.0,9.0,2.0,6.0,1.0,10.0,6.0,5.0,,,10.0,1.0,6,10.0,10,1
2012-12-07,80517,,11,3,6020.0,14528210,CRRB,CARROLLTON BANCORP,CRRB,551111.0,Q,A,R,13085,3,6020.0,,,,60.0,602.0,,,,,,,5.5,-0.017857,2579.0,1.0,5.51,14184.5,CRRB,10.0,,,,,10,10.0,1.0,6.0,,,,,10.0,7.0,8.0,,,,,,10.0,2.0,2.0,9.0,,1.0,,8.0,8.0,,,10.0,10.0,9.0,10.0,,6.0,,4.0,9.0,2.0,6.0,1.0,10.0,6.0,5.0,,,10.0,1.0,6,10.0,10,1
2012-12-10,80517,,11,3,6020.0,14528210,CRRB,CARROLLTON BANCORP,CRRB,551111.0,Q,A,R,13085,3,6020.0,,,,60.0,602.0,,,,,,,5.36,-0.025455,2579.0,1.0,5.36,13823.44,CRRB,10.0,,,,,10,10.0,1.0,6.0,,,,,10.0,7.0,8.0,,,,,,10.0,2.0,2.0,9.0,,1.0,,8.0,8.0,,,10.0,10.0,9.0,10.0,,6.0,,4.0,9.0,2.0,6.0,1.0,10.0,6.0,5.0,,,10.0,1.0,6,10.0,10,1
2012-12-11,80517,,11,3,6020.0,14528210,CRRB,CARROLLTON BANCORP,CRRB,551111.0,Q,A,R,13085,3,6020.0,,,,60.0,602.0,,,,,,,-5.55,0.035448,2579.0,1.0,,-14313.45,CRRB,10.0,,,,,10,10.0,1.0,6.0,,,,,10.0,7.0,8.0,,,,,,10.0,2.0,2.0,9.0,,1.0,,8.0,8.0,,,10.0,10.0,9.0,10.0,,6.0,,4.0,9.0,2.0,6.0,1.0,10.0,6.0,5.0,,,10.0,1.0,6,10.0,10,1
2012-12-12,80517,,11,3,6020.0,14528210,CRRB,CARROLLTON BANCORP,CRRB,551111.0,Q,A,R,13085,3,6020.0,,,,60.0,602.0,,,,,,,5.31,-0.043243,2579.0,1.0,5.31,13694.49,CRRB,10.0,,,,,10,10.0,1.0,6.0,,,,,10.0,7.0,8.0,,,,,,10.0,2.0,2.0,9.0,,1.0,,8.0,8.0,,,10.0,10.0,9.0,10.0,,6.0,,4.0,9.0,2.0,6.0,1.0,10.0,6.0,5.0,,,10.0,1.0,6,10.0,10,1
2012-12-13,80517,,11,3,6020.0,14528210,CRRB,CARROLLTON BANCORP,CRRB,551111.0,Q,A,R,13085,3,6020.0,,,,60.0,602.0,,,,,,,-5.645,0.063089,2579.0,1.0,,-14558.455,CRRB,10.0,,,,,10,10.0,1.0,6.0,,,,,10.0,7.0,8.0,,,,,,10.0,2.0,2.0,9.0,,1.0,,8.0,8.0,,,10.0,10.0,9.0,10.0,,6.0,,4.0,9.0,2.0,6.0,1.0,10.0,6.0,5.0,,,10.0,1.0,6,10.0,10,1
2012-12-14,80517,,11,3,6020.0,14528210,CRRB,CARROLLTON BANCORP,CRRB,551111.0,Q,A,R,13085,3,6020.0,,,,60.0,602.0,,,,,,,5.5,-0.025686,2579.0,1.0,5.5,14184.5,CRRB,10.0,,,,,10,10.0,1.0,6.0,,,,,10.0,7.0,8.0,,,,,,10.0,2.0,2.0,9.0,,1.0,,8.0,8.0,,,10.0,10.0,9.0,10.0,,6.0,,4.0,9.0,2.0,6.0,1.0,10.0,6.0,5.0,,,10.0,1.0,6,10.0,10,1
2012-12-17,80517,,11,3,6020.0,14528210,CRRB,CARROLLTON BANCORP,CRRB,551111.0,Q,A,R,13085,3,6020.0,,,,60.0,602.0,,,,,,,-5.645,0.026364,2579.0,1.0,,-14558.455,CRRB,10.0,,,,,10,10.0,1.0,6.0,,,,,10.0,7.0,8.0,,,,,,10.0,2.0,2.0,9.0,,1.0,,8.0,8.0,,,10.0,10.0,9.0,10.0,,6.0,,4.0,9.0,2.0,6.0,1.0,10.0,6.0,5.0,,,10.0,1.0,6,10.0,10,1
2012-12-18,80517,,11,3,6020.0,14528210,CRRB,CARROLLTON BANCORP,CRRB,551111.0,Q,A,R,13085,3,6020.0,,,,60.0,602.0,,,,,,,-5.67,0.004429,2579.0,1.0,,-14622.93,CRRB,10.0,,,,,10,10.0,1.0,6.0,,,,,10.0,7.0,8.0,,,,,,10.0,2.0,2.0,9.0,,1.0,,8.0,8.0,,,10.0,10.0,9.0,10.0,,6.0,,4.0,9.0,2.0,6.0,1.0,10.0,6.0,5.0,,,10.0,1.0,6,10.0,10,1
2012-12-19,80517,,11,3,6020.0,14528210,CRRB,CARROLLTON BANCORP,CRRB,551111.0,Q,A,R,13085,3,6020.0,,,,60.0,602.0,,,,,,,5.56,-0.0194,2579.0,1.0,5.56,14339.24,CRRB,10.0,,,,,10,10.0,1.0,6.0,,,,,10.0,7.0,8.0,,,,,,10.0,2.0,2.0,9.0,,1.0,,8.0,8.0,,,10.0,10.0,9.0,10.0,,6.0,,4.0,9.0,2.0,6.0,1.0,10.0,6.0,5.0,,,10.0,1.0,6,10.0,10,1
2012-12-20,80517,,11,3,6020.0,14528210,CRRB,CARROLLTON BANCORP,CRRB,551111.0,Q,A,R,13085,3,6020.0,,,,60.0,602.0,,,,,,,-5.645,0.015288,2579.0,1.0,,-14558.455,CRRB,10.0,,,,,10,10.0,1.0,6.0,,,,,10.0,7.0,8.0,,,,,,10.0,2.0,2.0,9.0,,1.0,,8.0,8.0,,,10.0,10.0,9.0,10.0,,6.0,,4.0,9.0,2.0,6.0,1.0,10.0,6.0,5.0,,,10.0,1.0,6,10.0,10,1
2012-12-21,80517,,11,3,6020.0,14528210,CRRB,CARROLLTON BANCORP,CRRB,551111.0,Q,A,R,13085,3,6020.0,,,,60.0,602.0,,,,,,,-5.675,0.005314,2579.0,1.0,,-14635.825,CRRB,10.0,,,,,10,10.0,1.0,6.0,,,,,10.0,7.0,8.0,,,,,,10.0,2.0,2.0,9.0,,1.0,,8.0,8.0,,,10.0,10.0,9.0,10.0,,6.0,,4.0,9.0,2.0,6.0,1.0,10.0,6.0,5.0,,,10.0,1.0,6,10.0,10,1
2012-12-24,80517,,11,3,6020.0,14528210,CRRB,CARROLLTON BANCORP,CRRB,551111.0,Q,A,R,13085,3,6020.0,,,,60.0,602.0,,,,,,,-5.675,0.0,2579.0,1.0,,-14635.825,CRRB,10.0,,,,,10,10.0,1.0,6.0,,,,,10.0,7.0,8.0,,,,,,10.0,2.0,2.0,9.0,,1.0,,8.0,8.0,,,10.0,10.0,9.0,10.0,,6.0,,4.0,9.0,2.0,6.0,1.0,10.0,6.0,5.0,,,10.0,1.0,6,10.0,10,1
2012-12-26,80517,,11,3,6020.0,14528210,CRRB,CARROLLTON BANCORP,CRRB,551111.0,Q,A,R,13085,3,6020.0,,,,60.0,602.0,,,,,,,-5.625,-0.008811,2579.0,1.0,,-14506.875,CRRB,10.0,,,,,10,10.0,1.0,6.0,,,,,10.0,7.0,8.0,,,,,,10.0,2.0,2.0,9.0,,1.0,,8.0,8.0,,,10.0,10.0,9.0,10.0,,6.0,,4.0,9.0,2.0,6.0,1.0,10.0,6.0,5.0,,,10.0,1.0,6,10.0,10,1
2012-12-27,80517,,11,3,6020.0,14528210,CRRB,CARROLLTON BANCORP,CRRB,551111.0,Q,A,R,13085,3,6020.0,,,,60.0,602.0,,,,,,,5.51,-0.020444,2579.0,1.0,5.51,14210.29,CRRB,10.0,,,,,10,10.0,1.0,6.0,,,,,10.0,7.0,8.0,,,,,,10.0,2.0,2.0,9.0,,1.0,,8.0,8.0,,,10.0,10.0,9.0,10.0,,6.0,,4.0,9.0,2.0,6.0,1.0,10.0,6.0,5.0,,,10.0,1.0,6,10.0,10,1
2012-12-28,80517,,11,3,6020.0,14528210,CRRB,CARROLLTON BANCORP,CRRB,551111.0,Q,A,R,13085,3,6020.0,,,,60.0,602.0,,,,,,,-5.635,0.022686,2579.0,1.0,,-14532.665,CRRB,10.0,,,,,10,10.0,1.0,6.0,,,,,10.0,7.0,8.0,,,,,,10.0,2.0,2.0,9.0,,1.0,,8.0,8.0,,,10.0,10.0,9.0,10.0,,6.0,,4.0,9.0,2.0,6.0,1.0,10.0,6.0,5.0,,,10.0,1.0,6,10.0,10,1
2012-12-31,80517,,11,3,6020.0,14528210,CRRB,CARROLLTON BANCORP,CRRB,551111.0,Q,A,R,13085,3,6020.0,,,,60.0,602.0,,,,,,,5.4635,-0.030435,2579.0,1.0,5.46,14090.3665,CRRB,10.0,,,,,10,10.0,1.0,6.0,,,,,10.0,7.0,8.0,,,,,,10.0,2.0,2.0,9.0,,1.0,,8.0,8.0,,,10.0,10.0,9.0,10.0,,6.0,,4.0,9.0,2.0,6.0,1.0,10.0,6.0,5.0,,,10.0,1.0,6,10.0,10,1
2013-01-02,80517,,11,3,6020.0,14528210,CRRB,CARROLLTON BANCORP,CRRB,551111.0,Q,A,R,13085,3,6020.0,,,,60.0,602.0,,,,,,,-5.63,0.030475,2579.0,1.0,,-14519.77,CRRB,10.0,,,,,10,10.0,1.0,6.0,,,,,10.0,7.0,8.0,,,,,,10.0,2.0,2.0,9.0,,1.0,,5.0,8.0,,,10.0,10.0,10.0,10.0,,6.0,,4.0,9.0,3.0,9.0,1.0,10.0,9.0,10.0,,,10.0,1.0,6,10.0,10,1
2013-01-03,80517,,11,3,6020.0,14528210,CRRB,CARROLLTON BANCORP,CRRB,551111.0,Q,A,R,13085,3,6020.0,,,,60.0,602.0,,,,,,,-5.65,0.003552,2579.0,1.0,,-14571.35,CRRB,10.0,,,,,10,10.0,1.0,6.0,,,,,10.0,7.0,8.0,,,,,,10.0,2.0,2.0,9.0,,1.0,,5.0,8.0,,,10.0,10.0,10.0,10.0,,6.0,,4.0,9.0,3.0,9.0,1.0,10.0,9.0,10.0,,,10.0,1.0,6,10.0,10,1
2013-01-04,80517,,11,3,6020.0,14528210,CRRB,CARROLLTON BANCORP,CRRB,551111.0,Q,A,R,13085,3,6020.0,,,,60.0,602.0,,,,,,,-5.55,-0.017699,2579.0,1.0,,-14313.45,CRRB,10.0,,,,,10,10.0,1.0,6.0,,,,,10.0,7.0,8.0,,,,,,10.0,2.0,2.0,9.0,,1.0,,5.0,8.0,,,10.0,10.0,10.0,10.0,,6.0,,4.0,9.0,3.0,9.0,1.0,10.0,9.0,10.0,,,10.0,1.0,6,10.0,10,1
2013-01-07,80517,,11,3,6020.0,14528210,CRRB,CARROLLTON BANCORP,CRRB,551111.0,Q,A,R,13085,3,6020.0,,,,60.0,602.0,,,,,,,-5.695,0.026126,2579.0,1.0,,-14687.405,CRRB,10.0,,,,,10,10.0,1.0,6.0,,,,,10.0,7.0,8.0,,,,,,10.0,2.0,2.0,9.0,,1.0,,5.0,8.0,,,10.0,10.0,10.0,10.0,,6.0,,4.0,9.0,3.0,9.0,1.0,10.0,9.0,10.0,,,10.0,1.0,6,10.0,10,1
2013-01-08,80517,,11,3,6020.0,14528210,CRRB,CARROLLTON BANCORP,CRRB,551111.0,Q,A,R,13085,3,6020.0,,,,60.0,602.0,,,,,,,-5.65,-0.007902,2579.0,1.0,,-14571.35,CRRB,10.0,,,,,10,10.0,1.0,6.0,,,,,10.0,7.0,8.0,,,,,,10.0,2.0,2.0,9.0,,1.0,,5.0,8.0,,,10.0,10.0,10.0,10.0,,6.0,,4.0,9.0,3.0,9.0,1.0,10.0,9.0,10.0,,,10.0,1.0,6,10.0,10,1
2013-01-09,80517,,11,3,6020.0,14528210,CRRB,CARROLLTON BANCORP,CRRB,551111.0,Q,A,R,13085,3,6020.0,,,,60.0,602.0,,,,,,,5.79,0.024779,2579.0,1.0,5.74,14932.41,CRRB,10.0,,,,,10,10.0,1.0,6.0,,,,,10.0,7.0,8.0,,,,,,10.0,2.0,2.0,9.0,,1.0,,5.0,8.0,,,10.0,10.0,10.0,10.0,,6.0,,4.0,9.0,3.0,9.0,1.0,10.0,9.0,10.0,,,10.0,1.0,6,10.0,10,1
2013-01-10,80517,,11,3,6020.0,14528210,CRRB,CARROLLTON BANCORP,CRRB,551111.0,Q,A,R,13085,3,6020.0,,,,60.0,602.0,,,,,,,5.6,-0.032815,2579.0,1.0,5.6,14442.4,CRRB,10.0,,,,,10,10.0,1.0,6.0,,,,,10.0,7.0,8.0,,,,,,10.0,2.0,2.0,9.0,,1.0,,5.0,8.0,,,10.0,10.0,10.0,10.0,,6.0,,4.0,9.0,3.0,9.0,1.0,10.0,9.0,10.0,,,10.0,1.0,6,10.0,10,1
2013-01-11,80517,,11,3,6020.0,14528210,CRRB,CARROLLTON BANCORP,CRRB,551111.0,Q,A,R,13085,3,6020.0,,,,60.0,602.0,,,,,,,-5.665,0.011607,2579.0,1.0,,-14610.035,CRRB,10.0,,,,,10,10.0,1.0,6.0,,,,,10.0,7.0,8.0,,,,,,10.0,2.0,2.0,9.0,,1.0,,5.0,8.0,,,10.0,10.0,10.0,10.0,,6.0,,4.0,9.0,3.0,9.0,1.0,10.0,9.0,10.0,,,10.0,1.0,6,10.0,10,1
2013-01-14,80517,,11,3,6020.0,14528210,CRRB,CARROLLTON BANCORP,CRRB,551111.0,Q,A,R,13085,3,6020.0,,,,60.0,602.0,,,,,,,5.5601,-0.018517,2579.0,1.0,5.5601,14339.4979,CRRB,10.0,,,,,10,10.0,1.0,6.0,,,,,10.0,7.0,8.0,,,,,,10.0,2.0,2.0,9.0,,1.0,,5.0,8.0,,,10.0,10.0,10.0,10.0,,6.0,,4.0,9.0,3.0,9.0,1.0,10.0,9.0,10.0,,,10.0,1.0,6,10.0,10,1
2013-01-15,80517,,11,3,6020.0,14528210,CRRB,CARROLLTON BANCORP,CRRB,551111.0,Q,A,R,13085,3,6020.0,,,,60.0,602.0,,,,,,,-5.62,0.010773,2579.0,1.0,,-14493.98,CRRB,10.0,,,,,10,10.0,1.0,6.0,,,,,10.0,7.0,8.0,,,,,,10.0,2.0,2.0,9.0,,1.0,,5.0,8.0,,,10.0,10.0,10.0,10.0,,6.0,,4.0,9.0,3.0,9.0,1.0,10.0,9.0,10.0,,,10.0,1.0,6,10.0,10,1
2013-01-16,80517,,11,3,6020.0,14528210,CRRB,CARROLLTON BANCORP,CRRB,551111.0,Q,A,R,13085,3,6020.0,,,,60.0,602.0,,,,,,,-5.62,0.0,2579.0,1.0,,-14493.98,CRRB,10.0,,,,,10,10.0,1.0,6.0,,,,,10.0,7.0,8.0,,,,,,10.0,2.0,2.0,9.0,,1.0,,5.0,8.0,,,10.0,10.0,10.0,10.0,,6.0,,4.0,9.0,3.0,9.0,1.0,10.0,9.0,10.0,,,10.0,1.0,6,10.0,10,1
2013-01-17,80517,,11,3,6020.0,14528210,CRRB,CARROLLTON BANCORP,CRRB,551111.0,Q,A,R,13085,3,6020.0,,,,60.0,602.0,,,,,,,-5.62,0.0,2579.0,1.0,,-14493.98,CRRB,10.0,,,,,10,10.0,1.0,6.0,,,,,10.0,7.0,8.0,,,,,,10.0,2.0,2.0,9.0,,1.0,,5.0,8.0,,,10.0,10.0,10.0,10.0,,6.0,,4.0,9.0,3.0,9.0,1.0,10.0,9.0,10.0,,,10.0,1.0,6,10.0,10,1
2013-01-18,80517,,11,3,6020.0,14528210,CRRB,CARROLLTON BANCORP,CRRB,551111.0,Q,A,R,13085,3,6020.0,,,,60.0,602.0,,,,,,,-5.62,0.0,2579.0,1.0,,-14493.98,CRRB,10.0,,,,,10,10.0,1.0,6.0,,,,,10.0,7.0,8.0,,,,,,10.0,2.0,2.0,9.0,,1.0,,5.0,8.0,,,10.0,10.0,10.0,10.0,,6.0,,4.0,9.0,3.0,9.0,1.0,10.0,9.0,10.0,,,10.0,1.0,6,10.0,10,1
2013-01-22,80517,,11,3,6020.0,14528210,CRRB,CARROLLTON BANCORP,CRRB,551111.0,Q,A,R,13085,3,6020.0,,,,60.0,602.0,,,,,,,-5.62,0.0,2579.0,1.0,,-14493.98,CRRB,10.0,,,,,10,10.0,1.0,6.0,,,,,10.0,7.0,8.0,,,,,,10.0,2.0,2.0,9.0,,1.0,,5.0,8.0,,,10.0,10.0,10.0,10.0,,6.0,,4.0,9.0,3.0,9.0,1.0,10.0,9.0,10.0,,,10.0,1.0,6,10.0,10,1
2013-01-23,80517,,11,3,6020.0,14528210,CRRB,CARROLLTON BANCORP,CRRB,551111.0,Q,A,R,13085,3,6020.0,,,,60.0,602.0,,,,,,,5.55,-0.012455,2579.0,1.0,5.55,14313.45,CRRB,10.0,,,,,10,10.0,1.0,6.0,,,,,10.0,7.0,8.0,,,,,,10.0,2.0,2.0,9.0,,1.0,,5.0,8.0,,,10.0,10.0,10.0,10.0,,6.0,,4.0,9.0,3.0,9.0,1.0,10.0,9.0,10.0,,,10.0,1.0,6,10.0,10,1
2013-01-24,80517,,11,3,6020.0,14528210,CRRB,CARROLLTON BANCORP,CRRB,551111.0,Q,A,R,13085,3,6020.0,,,,60.0,602.0,,,,,,,-5.545,-0.000901,2579.0,1.0,,-14300.555,CRRB,10.0,,,,,10,10.0,1.0,6.0,,,,,10.0,7.0,8.0,,,,,,10.0,2.0,2.0,9.0,,1.0,,5.0,8.0,,,10.0,10.0,10.0,10.0,,6.0,,4.0,9.0,3.0,9.0,1.0,10.0,9.0,10.0,,,10.0,1.0,6,10.0,10,1
2013-01-25,80517,,11,3,6020.0,14528210,CRRB,CARROLLTON BANCORP,CRRB,551111.0,Q,A,R,13085,3,6020.0,,,,60.0,602.0,,,,,,,5.68,0.024346,2579.0,1.0,5.68,14648.72,CRRB,10.0,,,,,10,10.0,1.0,6.0,,,,,10.0,7.0,8.0,,,,,,10.0,2.0,2.0,9.0,,1.0,,5.0,8.0,,,10.0,10.0,10.0,10.0,,6.0,,4.0,9.0,3.0,9.0,1.0,10.0,9.0,10.0,,,10.0,1.0,6,10.0,10,1
2013-01-28,80517,,11,3,6020.0,14528210,CRRB,CARROLLTON BANCORP,CRRB,551111.0,Q,A,R,13085,3,6020.0,,,,60.0,602.0,,,,,,,-5.59,-0.015845,2579.0,1.0,,-14416.61,CRRB,10.0,,,,,10,10.0,1.0,6.0,,,,,10.0,7.0,8.0,,,,,,10.0,2.0,2.0,9.0,,1.0,,5.0,8.0,,,10.0,10.0,10.0,10.0,,6.0,,4.0,9.0,3.0,9.0,1.0,10.0,9.0,10.0,,,10.0,1.0,6,10.0,10,1
2013-01-29,80517,,11,3,6020.0,14528210,CRRB,CARROLLTON BANCORP,CRRB,551111.0,Q,A,R,13085,3,6020.0,,,,60.0,602.0,,,,,,,5.68,0.0161,2579.0,1.0,5.66,14648.72,CRRB,10.0,,,,,10,10.0,1.0,6.0,,,,,10.0,7.0,8.0,,,,,,10.0,2.0,2.0,9.0,,1.0,,5.0,8.0,,,10.0,10.0,10.0,10.0,,6.0,,4.0,9.0,3.0,9.0,1.0,10.0,9.0,10.0,,,10.0,1.0,6,10.0,10,1
2013-01-30,80517,,11,3,6020.0,14528210,CRRB,CARROLLTON BANCORP,CRRB,551111.0,Q,A,R,13085,3,6020.0,,,,60.0,602.0,,,,,,,-5.59,-0.015845,2579.0,1.0,,-14416.61,CRRB,10.0,,,,,10,10.0,1.0,6.0,,,,,10.0,7.0,8.0,,,,,,10.0,2.0,2.0,9.0,,1.0,,5.0,8.0,,,10.0,10.0,10.0,10.0,,6.0,,4.0,9.0,3.0,9.0,1.0,10.0,9.0,10.0,,,10.0,1.0,6,10.0,10,1
2013-01-31,80517,,11,3,6020.0,14528210,CRRB,CARROLLTON BANCORP,CRRB,551111.0,Q,A,R,13085,3,6020.0,,,,60.0,602.0,,,,,,,-5.59,0.0,2579.0,1.0,,-14416.61,CRRB,10.0,,,,,10,10.0,1.0,6.0,,,,,10.0,7.0,8.0,,,,,,10.0,2.0,2.0,9.0,,1.0,,5.0,8.0,,,10.0,10.0,10.0,10.0,,6.0,,4.0,9.0,3.0,9.0,1.0,10.0,9.0,10.0,,,10.0,1.0,6,10.0,10,1
2013-02-01,80517,,11,3,6020.0,14528210,CRRB,CARROLLTON BANCORP,CRRB,551111.0,Q,A,R,13085,3,6020.0,,,,60.0,602.0,,,,,,,-5.595,0.000894,2579.0,1.0,,-14429.505,CRRB,10.0,,,,,10,10.0,1.0,6.0,,,,,10.0,7.0,8.0,,,,,,10.0,2.0,2.0,9.0,,1.0,,3.0,7.0,,,10.0,10.0,8.0,10.0,,6.0,,2.0,9.0,,8.0,3.0,10.0,10.0,7.0,,,8.0,1.0,6,10.0,10,1
2013-02-04,80517,,11,3,6020.0,14528210,CRRB,CARROLLTON BANCORP,CRRB,551111.0,Q,A,R,13085,3,6020.0,,,,60.0,602.0,,,,,,,5.51,-0.015192,2579.0,1.0,5.51,14210.29,CRRB,10.0,,,,,10,10.0,1.0,6.0,,,,,10.0,7.0,8.0,,,,,,10.0,2.0,2.0,9.0,,1.0,,3.0,7.0,,,10.0,10.0,8.0,10.0,,6.0,,2.0,9.0,,8.0,3.0,10.0,10.0,7.0,,,8.0,1.0,6,10.0,10,1
2013-02-05,80517,,11,3,6020.0,14528210,CRRB,CARROLLTON BANCORP,CRRB,551111.0,Q,A,R,13085,3,6020.0,,,,60.0,602.0,,,,,,,-5.64,0.023593,2579.0,1.0,,-14545.56,CRRB,10.0,,,,,10,10.0,1.0,6.0,,,,,10.0,7.0,8.0,,,,,,10.0,2.0,2.0,9.0,,1.0,,3.0,7.0,,,10.0,10.0,8.0,10.0,,6.0,,2.0,9.0,,8.0,3.0,10.0,10.0,7.0,,,8.0,1.0,6,10.0,10,1
2013-02-06,80517,,11,3,6020.0,14528210,CRRB,CARROLLTON BANCORP,CRRB,551111.0,Q,A,R,13085,3,6020.0,,,,60.0,602.0,,,,,,,-5.64,0.0,2579.0,1.0,,-14545.56,CRRB,10.0,,,,,10,10.0,1.0,6.0,,,,,10.0,7.0,8.0,,,,,,10.0,2.0,2.0,9.0,,1.0,,3.0,7.0,,,10.0,10.0,8.0,10.0,,6.0,,2.0,9.0,,8.0,3.0,10.0,10.0,7.0,,,8.0,1.0,6,10.0,10,1
2013-02-07,80517,,11,3,6020.0,14528210,CRRB,CARROLLTON BANCORP,CRRB,551111.0,Q,A,R,13085,3,6020.0,,,,60.0,602.0,,,,,,,-5.545,-0.016844,2579.0,1.0,,-14300.555,CRRB,10.0,,,,,10,10.0,1.0,6.0,,,,,10.0,7.0,8.0,,,,,,10.0,2.0,2.0,9.0,,1.0,,3.0,7.0,,,10.0,10.0,8.0,10.0,,6.0,,2.0,9.0,,8.0,3.0,10.0,10.0,7.0,,,8.0,1.0,6,10.0,10,1
2013-02-08,80517,,11,3,6020.0,14528210,CRRB,CARROLLTON BANCORP,CRRB,551111.0,Q,A,R,13085,3,6020.0,,,,60.0,602.0,,,,,,,-5.665,0.021641,2579.0,1.0,,-14610.035,CRRB,10.0,,,,,10,10.0,1.0,6.0,,,,,10.0,7.0,8.0,,,,,,10.0,2.0,2.0,9.0,,1.0,,3.0,7.0,,,10.0,10.0,8.0,10.0,,6.0,,2.0,9.0,,8.0,3.0,10.0,10.0,7.0,,,8.0,1.0,6,10.0,10,1
2013-02-11,80517,,11,3,6020.0,14528210,CRRB,CARROLLTON BANCORP,CRRB,551111.0,Q,A,R,13085,3,6020.0,,,,60.0,602.0,,,,,,,-5.57,-0.01677,2579.0,1.0,,-14365.03,CRRB,10.0,,,,,10,10.0,1.0,6.0,,,,,10.0,7.0,8.0,,,,,,10.0,2.0,2.0,9.0,,1.0,,3.0,7.0,,,10.0,10.0,8.0,10.0,,6.0,,2.0,9.0,,8.0,3.0,10.0,10.0,7.0,,,8.0,1.0,6,10.0,10,1
2013-02-12,80517,,11,3,6020.0,14528210,CRRB,CARROLLTON BANCORP,CRRB,551111.0,Q,A,R,13085,3,6020.0,,,,60.0,602.0,,,,,,,-5.57,0.0,2579.0,1.0,,-14365.03,CRRB,10.0,,,,,10,10.0,1.0,6.0,,,,,10.0,7.0,8.0,,,,,,10.0,2.0,2.0,9.0,,1.0,,3.0,7.0,,,10.0,10.0,8.0,10.0,,6.0,,2.0,9.0,,8.0,3.0,10.0,10.0,7.0,,,8.0,1.0,6,10.0,10,1
2013-02-13,80517,,11,3,6020.0,14528210,CRRB,CARROLLTON BANCORP,CRRB,551111.0,Q,A,R,13085,3,6020.0,,,,60.0,602.0,,,,,,,-5.595,0.004488,2579.0,1.0,,-14429.505,CRRB,10.0,,,,,10,10.0,1.0,6.0,,,,,10.0,7.0,8.0,,,,,,10.0,2.0,2.0,9.0,,1.0,,3.0,7.0,,,10.0,10.0,8.0,10.0,,6.0,,2.0,9.0,,8.0,3.0,10.0,10.0,7.0,,,8.0,1.0,6,10.0,10,1
2013-02-14,80517,,11,3,6020.0,14528210,CRRB,CARROLLTON BANCORP,CRRB,551111.0,Q,A,R,13085,3,6020.0,,,,60.0,602.0,,,,,,,5.5,-0.016979,2579.0,1.0,5.46,14184.5,CRRB,10.0,,,,,10,10.0,1.0,6.0,,,,,10.0,7.0,8.0,,,,,,10.0,2.0,2.0,9.0,,1.0,,3.0,7.0,,,10.0,10.0,8.0,10.0,,6.0,,2.0,9.0,,8.0,3.0,10.0,10.0,7.0,,,8.0,1.0,6,10.0,10,1
2013-02-15,80517,,11,3,6020.0,14528210,CRRB,CARROLLTON BANCORP,CRRB,551111.0,Q,A,R,13085,3,6020.0,,,,60.0,602.0,,,,,,,-5.52,0.003636,2579.0,1.0,,-14236.08,CRRB,10.0,,,,,10,10.0,1.0,6.0,,,,,10.0,7.0,8.0,,,,,,10.0,2.0,2.0,9.0,,1.0,,3.0,7.0,,,10.0,10.0,8.0,10.0,,6.0,,2.0,9.0,,8.0,3.0,10.0,10.0,7.0,,,8.0,1.0,6,10.0,10,1
2013-02-19,80517,,11,3,6020.0,14528210,CRRB,CARROLLTON BANCORP,CRRB,551111.0,Q,A,R,13085,3,6020.0,,,,60.0,602.0,,,,,,,5.3656,-0.027971,2579.0,1.0,5.4999,13837.8824,CRRB,10.0,,,,,10,10.0,1.0,6.0,,,,,10.0,7.0,8.0,,,,,,10.0,2.0,2.0,9.0,,1.0,,3.0,7.0,,,10.0,10.0,8.0,10.0,,6.0,,2.0,9.0,,8.0,3.0,10.0,10.0,7.0,,,8.0,1.0,6,10.0,10,1
2013-02-20,80517,,11,3,6020.0,14528210,CRRB,CARROLLTON BANCORP,CRRB,551111.0,Q,A,R,13085,3,6020.0,,,,60.0,602.0,,,,,,,-5.4,0.006411,2579.0,1.0,,-13926.6,CRRB,10.0,,,,,10,10.0,1.0,6.0,,,,,10.0,7.0,8.0,,,,,,10.0,2.0,2.0,9.0,,1.0,,3.0,7.0,,,10.0,10.0,8.0,10.0,,6.0,,2.0,9.0,,8.0,3.0,10.0,10.0,7.0,,,8.0,1.0,6,10.0,10,1
2013-02-21,80517,,11,3,6020.0,14528210,CRRB,CARROLLTON BANCORP,CRRB,551111.0,Q,A,R,13085,3,6020.0,,,,60.0,602.0,,,,,,,5.54,0.025926,2579.0,1.0,5.54,14287.66,CRRB,10.0,,,,,10,10.0,1.0,6.0,,,,,10.0,7.0,8.0,,,,,,10.0,2.0,2.0,9.0,,1.0,,3.0,7.0,,,10.0,10.0,8.0,10.0,,6.0,,2.0,9.0,,8.0,3.0,10.0,10.0,7.0,,,8.0,1.0,6,10.0,10,1
2013-02-22,80517,,11,3,6020.0,14528210,CRRB,CARROLLTON BANCORP,CRRB,551111.0,Q,A,R,13085,3,6020.0,,,,60.0,602.0,,,,,,,5.5501,0.001823,2579.0,1.0,5.55,14313.7079,CRRB,10.0,,,,,10,10.0,1.0,6.0,,,,,10.0,7.0,8.0,,,,,,10.0,2.0,2.0,9.0,,1.0,,3.0,7.0,,,10.0,10.0,8.0,10.0,,6.0,,2.0,9.0,,8.0,3.0,10.0,10.0,7.0,,,8.0,1.0,6,10.0,10,1
2013-02-25,80517,,11,3,6020.0,14528210,CRRB,CARROLLTON BANCORP,CRRB,551111.0,Q,A,R,13085,3,6020.0,,,,60.0,602.0,,,,,,,-5.545,-0.000919,2579.0,1.0,,-14300.555,CRRB,10.0,,,,,10,10.0,1.0,6.0,,,,,10.0,7.0,8.0,,,,,,10.0,2.0,2.0,9.0,,1.0,,3.0,7.0,,,10.0,10.0,8.0,10.0,,6.0,,2.0,9.0,,8.0,3.0,10.0,10.0,7.0,,,8.0,1.0,6,10.0,10,1
2013-02-26,80517,,11,3,6020.0,14528210,CRRB,CARROLLTON BANCORP,CRRB,551111.0,Q,A,R,13085,3,6020.0,,,,60.0,602.0,,,,,,,-5.545,0.0,2579.0,1.0,,-14300.555,CRRB,10.0,,,,,10,10.0,1.0,6.0,,,,,10.0,7.0,8.0,,,,,,10.0,2.0,2.0,9.0,,1.0,,3.0,7.0,,,10.0,10.0,8.0,10.0,,6.0,,2.0,9.0,,8.0,3.0,10.0,10.0,7.0,,,8.0,1.0,6,10.0,10,1
2013-02-27,80517,,11,3,6020.0,14528210,CRRB,CARROLLTON BANCORP,CRRB,551111.0,Q,A,R,13085,3,6020.0,,,,60.0,602.0,,,,,,,-5.545,0.0,2579.0,1.0,,-14300.555,CRRB,10.0,,,,,10,10.0,1.0,6.0,,,,,10.0,7.0,8.0,,,,,,10.0,2.0,2.0,9.0,,1.0,,3.0,7.0,,,10.0,10.0,8.0,10.0,,6.0,,2.0,9.0,,8.0,3.0,10.0,10.0,7.0,,,8.0,1.0,6,10.0,10,1
2013-02-28,80517,,11,3,6020.0,14528210,CRRB,CARROLLTON BANCORP,CRRB,551111.0,Q,A,R,13085,3,6020.0,,,,60.0,602.0,,,,,,,-5.545,0.0,2579.0,1.0,,-14300.555,CRRB,10.0,,,,,10,10.0,1.0,6.0,,,,,10.0,7.0,8.0,,,,,,10.0,2.0,2.0,9.0,,1.0,,3.0,7.0,,,10.0,10.0,8.0,10.0,,6.0,,2.0,9.0,,8.0,3.0,10.0,10.0,7.0,,,8.0,1.0,6,10.0,10,1
2013-03-01,80517,,11,3,6020.0,14528210,CRRB,CARROLLTON BANCORP,CRRB,551111.0,Q,A,R,13085,3,6020.0,,,,60.0,602.0,,,,,,,-5.52,-0.004509,2579.0,1.0,,-14236.08,CRRB,10.0,,,,,10,10.0,1.0,6.0,,,,,10.0,7.0,8.0,,,,,,10.0,2.0,2.0,9.0,,1.0,,3.0,7.0,,,10.0,10.0,8.0,10.0,,6.0,,2.0,2.0,2.0,7.0,3.0,10.0,1.0,7.0,,,7.0,1.0,6,10.0,10,1
2013-03-04,80517,,11,3,6020.0,14528210,CRRB,CARROLLTON BANCORP,CRRB,551111.0,Q,A,R,13085,3,6020.0,,,,60.0,602.0,,,,,,,-5.475,-0.008152,2579.0,1.0,,-14120.025,CRRB,10.0,,,,,10,10.0,1.0,6.0,,,,,10.0,7.0,8.0,,,,,,10.0,2.0,2.0,9.0,,1.0,,3.0,7.0,,,10.0,10.0,8.0,10.0,,6.0,,2.0,2.0,2.0,7.0,3.0,10.0,1.0,7.0,,,7.0,1.0,6,10.0,10,1
2013-03-05,80517,,11,3,6020.0,14528210,CRRB,CARROLLTON BANCORP,CRRB,551111.0,Q,A,R,13085,3,6020.0,,,,60.0,602.0,,,,,,,5.41,-0.011872,2579.0,1.0,5.41,13952.39,CRRB,10.0,,,,,10,10.0,1.0,6.0,,,,,10.0,7.0,8.0,,,,,,10.0,2.0,2.0,9.0,,1.0,,3.0,7.0,,,10.0,10.0,8.0,10.0,,6.0,,2.0,2.0,2.0,7.0,3.0,10.0,1.0,7.0,,,7.0,1.0,6,10.0,10,1
2013-03-06,80517,,11,3,6020.0,14528210,CRRB,CARROLLTON BANCORP,CRRB,551111.0,Q,A,R,13085,3,6020.0,,,,60.0,602.0,,,,,,,-5.52,0.020333,2579.0,1.0,,-14236.08,CRRB,10.0,,,,,10,10.0,1.0,6.0,,,,,10.0,7.0,8.0,,,,,,10.0,2.0,2.0,9.0,,1.0,,3.0,7.0,,,10.0,10.0,8.0,10.0,,6.0,,2.0,2.0,2.0,7.0,3.0,10.0,1.0,7.0,,,7.0,1.0,6,10.0,10,1
2013-03-07,80517,,11,3,6020.0,14528210,CRRB,CARROLLTON BANCORP,CRRB,551111.0,Q,A,R,13085,3,6020.0,,,,60.0,602.0,,,,,,,-5.55,0.005435,2579.0,1.0,,-14313.45,CRRB,10.0,,,,,10,10.0,1.0,6.0,,,,,10.0,7.0,8.0,,,,,,10.0,2.0,2.0,9.0,,1.0,,3.0,7.0,,,10.0,10.0,8.0,10.0,,6.0,,2.0,2.0,2.0,7.0,3.0,10.0,1.0,7.0,,,7.0,1.0,6,10.0,10,1
2013-03-08,80517,,11,3,6020.0,14528210,CRRB,CARROLLTON BANCORP,CRRB,551111.0,Q,A,R,13085,3,6020.0,,,,60.0,602.0,,,,,,,-5.565,0.002703,2579.0,1.0,,-14352.135,CRRB,10.0,,,,,10,10.0,1.0,6.0,,,,,10.0,7.0,8.0,,,,,,10.0,2.0,2.0,9.0,,1.0,,3.0,7.0,,,10.0,10.0,8.0,10.0,,6.0,,2.0,2.0,2.0,7.0,3.0,10.0,1.0,7.0,,,7.0,1.0,6,10.0,10,1
2013-03-11,80517,,11,3,6020.0,14528210,CRRB,CARROLLTON BANCORP,CRRB,551111.0,Q,A,R,13085,3,6020.0,,,,60.0,602.0,,,,,,,-5.495,-0.012579,2579.0,1.0,,-14171.605,CRRB,10.0,,,,,10,10.0,1.0,6.0,,,,,10.0,7.0,8.0,,,,,,10.0,2.0,2.0,9.0,,1.0,,3.0,7.0,,,10.0,10.0,8.0,10.0,,6.0,,2.0,2.0,2.0,7.0,3.0,10.0,1.0,7.0,,,7.0,1.0,6,10.0,10,1
2013-03-12,80517,,11,3,6020.0,14528210,CRRB,CARROLLTON BANCORP,CRRB,551111.0,Q,A,R,13085,3,6020.0,,,,60.0,602.0,,,,,,,-5.555,0.010919,2579.0,1.0,,-14326.345,CRRB,10.0,,,,,10,10.0,1.0,6.0,,,,,10.0,7.0,8.0,,,,,,10.0,2.0,2.0,9.0,,1.0,,3.0,7.0,,,10.0,10.0,8.0,10.0,,6.0,,2.0,2.0,2.0,7.0,3.0,10.0,1.0,7.0,,,7.0,1.0,6,10.0,10,1
2013-03-13,80517,,11,3,6020.0,14528210,CRRB,CARROLLTON BANCORP,CRRB,551111.0,Q,A,R,13085,3,6020.0,,,,60.0,602.0,,,,,,,-5.565,0.0018,2579.0,1.0,,-14352.135,CRRB,10.0,,,,,10,10.0,1.0,6.0,,,,,10.0,7.0,8.0,,,,,,10.0,2.0,2.0,9.0,,1.0,,3.0,7.0,,,10.0,10.0,8.0,10.0,,6.0,,2.0,2.0,2.0,7.0,3.0,10.0,1.0,7.0,,,7.0,1.0,6,10.0,10,1
2013-03-14,80517,,11,3,6020.0,14528210,CRRB,CARROLLTON BANCORP,CRRB,551111.0,Q,A,R,13085,3,6020.0,,,,60.0,602.0,,,,,,,-5.59,0.004492,2579.0,1.0,,-14416.61,CRRB,10.0,,,,,10,10.0,1.0,6.0,,,,,10.0,7.0,8.0,,,,,,10.0,2.0,2.0,9.0,,1.0,,3.0,7.0,,,10.0,10.0,8.0,10.0,,6.0,,2.0,2.0,2.0,7.0,3.0,10.0,1.0,7.0,,,7.0,1.0,6,10.0,10,1
2013-03-15,80517,,11,3,6020.0,14528210,CRRB,CARROLLTON BANCORP,CRRB,551111.0,Q,A,R,13085,3,6020.0,,,,60.0,602.0,,,,,,,5.68,0.0161,2579.0,1.0,5.66,14648.72,CRRB,10.0,,,,,10,10.0,1.0,6.0,,,,,10.0,7.0,8.0,,,,,,10.0,2.0,2.0,9.0,,1.0,,3.0,7.0,,,10.0,10.0,8.0,10.0,,6.0,,2.0,2.0,2.0,7.0,3.0,10.0,1.0,7.0,,,7.0,1.0,6,10.0,10,1
2013-03-18,80517,,11,3,6020.0,14528210,CRRB,CARROLLTON BANCORP,CRRB,551111.0,Q,A,R,13085,3,6020.0,,,,60.0,602.0,,,,,,,5.57,-0.019366,2579.0,1.0,5.57,14365.03,CRRB,10.0,,,,,10,10.0,1.0,6.0,,,,,10.0,7.0,8.0,,,,,,10.0,2.0,2.0,9.0,,1.0,,3.0,7.0,,,10.0,10.0,8.0,10.0,,6.0,,2.0,2.0,2.0,7.0,3.0,10.0,1.0,7.0,,,7.0,1.0,6,10.0,10,1
2013-03-19,80517,,11,3,6020.0,14528210,CRRB,CARROLLTON BANCORP,CRRB,551111.0,Q,A,R,13085,3,6020.0,,,,60.0,602.0,,,,,,,-5.59,0.003591,2579.0,1.0,,-14416.61,CRRB,10.0,,,,,10,10.0,1.0,6.0,,,,,10.0,7.0,8.0,,,,,,10.0,2.0,2.0,9.0,,1.0,,3.0,7.0,,,10.0,10.0,8.0,10.0,,6.0,,2.0,2.0,2.0,7.0,3.0,10.0,1.0,7.0,,,7.0,1.0,6,10.0,10,1
2013-03-20,80517,,11,3,6020.0,14528210,CRRB,CARROLLTON BANCORP,CRRB,551111.0,Q,A,R,13085,3,6020.0,,,,60.0,602.0,,,,,,,-5.52,-0.012522,2579.0,1.0,,-14236.08,CRRB,10.0,,,,,10,10.0,1.0,6.0,,,,,10.0,7.0,8.0,,,,,,10.0,2.0,2.0,9.0,,1.0,,3.0,7.0,,,10.0,10.0,8.0,10.0,,6.0,,2.0,2.0,2.0,7.0,3.0,10.0,1.0,7.0,,,7.0,1.0,6,10.0,10,1
2013-03-21,80517,,11,3,6020.0,14528210,CRRB,CARROLLTON BANCORP,CRRB,551111.0,Q,A,R,13085,3,6020.0,,,,60.0,602.0,,,,,,,-5.495,-0.004529,2579.0,1.0,,-14171.605,CRRB,10.0,,,,,10,10.0,1.0,6.0,,,,,10.0,7.0,8.0,,,,,,10.0,2.0,2.0,9.0,,1.0,,3.0,7.0,,,10.0,10.0,8.0,10.0,,6.0,,2.0,2.0,2.0,7.0,3.0,10.0,1.0,7.0,,,7.0,1.0,6,10.0,10,1
2013-03-22,80517,,11,3,6020.0,14528210,CRRB,CARROLLTON BANCORP,CRRB,551111.0,Q,A,R,13085,3,6020.0,,,,60.0,602.0,,,,,,,5.6,0.019108,2579.0,1.0,5.68,14442.4,CRRB,10.0,,,,,10,10.0,1.0,6.0,,,,,10.0,7.0,8.0,,,,,,10.0,2.0,2.0,9.0,,1.0,,3.0,7.0,,,10.0,10.0,8.0,10.0,,6.0,,2.0,2.0,2.0,7.0,3.0,10.0,1.0,7.0,,,7.0,1.0,6,10.0,10,1
2013-03-25,80517,,11,3,6020.0,14528210,CRRB,CARROLLTON BANCORP,CRRB,551111.0,Q,A,R,13085,3,6020.0,,,,60.0,602.0,,,,,,,5.55,-0.008929,2579.0,1.0,5.52,14313.45,CRRB,10.0,,,,,10,10.0,1.0,6.0,,,,,10.0,7.0,8.0,,,,,,10.0,2.0,2.0,9.0,,1.0,,3.0,7.0,,,10.0,10.0,8.0,10.0,,6.0,,2.0,2.0,2.0,7.0,3.0,10.0,1.0,7.0,,,7.0,1.0,6,10.0,10,1
2013-03-26,80517,,11,3,6020.0,14528210,CRRB,CARROLLTON BANCORP,CRRB,551111.0,Q,A,R,13085,3,6020.0,,,,60.0,602.0,,,,,,,-5.595,0.008108,2579.0,1.0,,-14429.505,CRRB,10.0,,,,,10,10.0,1.0,6.0,,,,,10.0,7.0,8.0,,,,,,10.0,2.0,2.0,9.0,,1.0,,3.0,7.0,,,10.0,10.0,8.0,10.0,,6.0,,2.0,2.0,2.0,7.0,3.0,10.0,1.0,7.0,,,7.0,1.0,6,10.0,10,1
2013-03-27,80517,,11,3,6020.0,14528210,CRRB,CARROLLTON BANCORP,CRRB,551111.0,Q,A,R,13085,3,6020.0,,,,60.0,602.0,,,,,,,5.55,-0.008043,2579.0,1.0,5.55,14313.45,CRRB,10.0,,,,,10,10.0,1.0,6.0,,,,,10.0,7.0,8.0,,,,,,10.0,2.0,2.0,9.0,,1.0,,3.0,7.0,,,10.0,10.0,8.0,10.0,,6.0,,2.0,2.0,2.0,7.0,3.0,10.0,1.0,7.0,,,7.0,1.0,6,10.0,10,1
2013-03-28,80517,,11,3,6020.0,14528210,CRRB,CARROLLTON BANCORP,CRRB,551111.0,Q,A,R,13085,3,6020.0,,,,60.0,602.0,,,,,,,5.54,-0.001802,2579.0,1.0,5.54,14287.66,CRRB,10.0,,,,,10,10.0,1.0,6.0,,,,,10.0,7.0,8.0,,,,,,10.0,2.0,2.0,9.0,,1.0,,3.0,7.0,,,10.0,10.0,8.0,10.0,,6.0,,2.0,2.0,2.0,7.0,3.0,10.0,1.0,7.0,,,7.0,1.0,6,10.0,10,1
2013-04-01,80517,,11,3,6020.0,14528210,CRRB,CARROLLTON BANCORP,CRRB,551111.0,Q,A,R,13085,3,6020.0,,,,60.0,602.0,,,,,,,5.47,-0.012635,2579.0,1.0,5.5,14107.13,CRRB,10.0,,,,,10,10.0,1.0,6.0,,,,,10.0,7.0,8.0,,,,,,10.0,2.0,2.0,9.0,,1.0,,2.0,6.0,,,,9.0,8.0,10.0,,6.0,,2.0,2.0,3.0,9.0,4.0,10.0,4.0,9.0,,,6.0,1.0,6,10.0,10,1
2013-04-02,80517,,11,3,6020.0,14528210,CRRB,CARROLLTON BANCORP,CRRB,551111.0,Q,A,R,13085,3,6020.0,,,,60.0,602.0,,,,,,,-5.475,0.000914,2579.0,1.0,,-14120.025,CRRB,10.0,,,,,10,10.0,1.0,6.0,,,,,10.0,7.0,8.0,,,,,,10.0,2.0,2.0,9.0,,1.0,,2.0,6.0,,,,9.0,8.0,10.0,,6.0,,2.0,2.0,3.0,9.0,4.0,10.0,4.0,9.0,,,6.0,1.0,6,10.0,10,1
2013-04-03,80517,,11,3,6020.0,14528210,CRRB,CARROLLTON BANCORP,CRRB,551111.0,Q,A,R,13085,3,6020.0,,,,60.0,602.0,,,,,,,-5.475,0.0,2579.0,1.0,,-14120.025,CRRB,10.0,,,,,10,10.0,1.0,6.0,,,,,10.0,7.0,8.0,,,,,,10.0,2.0,2.0,9.0,,1.0,,2.0,6.0,,,,9.0,8.0,10.0,,6.0,,2.0,2.0,3.0,9.0,4.0,10.0,4.0,9.0,,,6.0,1.0,6,10.0,10,1
2013-04-04,80517,,11,3,6020.0,14528210,CRRB,CARROLLTON BANCORP,CRRB,551111.0,Q,A,R,13085,3,6020.0,,,,60.0,602.0,,,,,,,-5.475,0.0,2579.0,1.0,,-14120.025,CRRB,10.0,,,,,10,10.0,1.0,6.0,,,,,10.0,7.0,8.0,,,,,,10.0,2.0,2.0,9.0,,1.0,,2.0,6.0,,,,9.0,8.0,10.0,,6.0,,2.0,2.0,3.0,9.0,4.0,10.0,4.0,9.0,,,6.0,1.0,6,10.0,10,1
2013-04-05,80517,,11,3,6020.0,14528210,CRRB,CARROLLTON BANCORP,CRRB,551111.0,Q,A,R,13085,3,6020.0,,,,60.0,602.0,,,,,,,-5.505,0.005479,2579.0,1.0,,-14197.395,CRRB,10.0,,,,,10,10.0,1.0,6.0,,,,,10.0,7.0,8.0,,,,,,10.0,2.0,2.0,9.0,,1.0,,2.0,6.0,,,,9.0,8.0,10.0,,6.0,,2.0,2.0,3.0,9.0,4.0,10.0,4.0,9.0,,,6.0,1.0,6,10.0,10,1
2013-04-08,80517,,11,3,6020.0,14528210,CRRB,CARROLLTON BANCORP,CRRB,551111.0,Q,A,R,13085,3,6020.0,,,,60.0,602.0,,,,,,,-5.505,0.0,2579.0,1.0,,-14197.395,CRRB,10.0,,,,,10,10.0,1.0,6.0,,,,,10.0,7.0,8.0,,,,,,10.0,2.0,2.0,9.0,,1.0,,2.0,6.0,,,,9.0,8.0,10.0,,6.0,,2.0,2.0,3.0,9.0,4.0,10.0,4.0,9.0,,,6.0,1.0,6,10.0,10,1
2013-04-09,80517,,11,3,6020.0,14528210,CRRB,CARROLLTON BANCORP,CRRB,551111.0,Q,A,R,13085,3,6020.0,,,,60.0,602.0,,,,,,,5.36,-0.02634,2579.0,1.0,5.36,13823.44,CRRB,10.0,,,,,10,10.0,1.0,6.0,,,,,10.0,7.0,8.0,,,,,,10.0,2.0,2.0,9.0,,1.0,,2.0,6.0,,,,9.0,8.0,10.0,,6.0,,2.0,2.0,3.0,9.0,4.0,10.0,4.0,9.0,,,6.0,1.0,6,10.0,10,1
2013-04-10,80517,,11,3,6020.0,14528210,CRRB,CARROLLTON BANCORP,CRRB,551111.0,Q,A,R,13085,3,6020.0,,,,60.0,602.0,,,,,,,4.86,-0.093284,2579.0,1.0,5.2,12533.94,CRRB,10.0,,,,,10,10.0,1.0,6.0,,,,,10.0,7.0,8.0,,,,,,10.0,2.0,2.0,9.0,,1.0,,2.0,6.0,,,,9.0,8.0,10.0,,6.0,,2.0,2.0,3.0,9.0,4.0,10.0,4.0,9.0,,,6.0,1.0,6,10.0,10,1
2013-04-11,80517,,11,3,6020.0,14528210,CRRB,CARROLLTON BANCORP,CRRB,551111.0,Q,A,R,13085,3,6020.0,,,,60.0,602.0,,,,,,,5.2,0.069959,2579.0,1.0,4.876,13410.8,CRRB,10.0,,,,,10,10.0,1.0,6.0,,,,,10.0,7.0,8.0,,,,,,10.0,2.0,2.0,9.0,,1.0,,2.0,6.0,,,,9.0,8.0,10.0,,6.0,,2.0,2.0,3.0,9.0,4.0,10.0,4.0,9.0,,,6.0,1.0,6,10.0,10,1
2013-04-12,80517,,11,3,6020.0,14528210,CRRB,CARROLLTON BANCORP,CRRB,551111.0,Q,A,R,13085,3,6020.0,,,,60.0,602.0,,,,,,,5.19,-0.001923,2579.0,1.0,5.19,13385.01,CRRB,10.0,,,,,10,10.0,1.0,6.0,,,,,10.0,7.0,8.0,,,,,,10.0,2.0,2.0,9.0,,1.0,,2.0,6.0,,,,9.0,8.0,10.0,,6.0,,2.0,2.0,3.0,9.0,4.0,10.0,4.0,9.0,,,6.0,1.0,6,10.0,10,1
2013-04-15,80517,,11,3,6020.0,14528210,CRRB,CARROLLTON BANCORP,CRRB,551111.0,Q,A,R,13085,3,6020.0,,,,60.0,602.0,,,,,,,-5.055,-0.026012,2579.0,1.0,,-13036.845,CRRB,10.0,,,,,10,10.0,1.0,6.0,,,,,10.0,7.0,8.0,,,,,,10.0,2.0,2.0,9.0,,1.0,,2.0,6.0,,,,9.0,8.0,10.0,,6.0,,2.0,2.0,3.0,9.0,4.0,10.0,4.0,9.0,,,6.0,1.0,6,10.0,10,1
2013-04-16,80517,,11,3,6020.0,14528210,CRRB,CARROLLTON BANCORP,CRRB,551111.0,Q,A,R,13085,3,6020.0,,,,60.0,602.0,,,,,,,-5.055,0.0,2579.0,1.0,,-13036.845,CRRB,10.0,,,,,10,10.0,1.0,6.0,,,,,10.0,7.0,8.0,,,,,,10.0,2.0,2.0,9.0,,1.0,,2.0,6.0,,,,9.0,8.0,10.0,,6.0,,2.0,2.0,3.0,9.0,4.0,10.0,4.0,9.0,,,6.0,1.0,6,10.0,10,1
2013-04-17,80517,,11,3,6020.0,14528210,CRRB,CARROLLTON BANCORP,CRRB,551111.0,Q,A,R,13085,3,6020.0,,,,60.0,602.0,,,,,,,5.2,0.028684,2579.0,1.0,5.17,13410.8,CRRB,10.0,,,,,10,10.0,1.0,6.0,,,,,10.0,7.0,8.0,,,,,,10.0,2.0,2.0,9.0,,1.0,,2.0,6.0,,,,9.0,8.0,10.0,,6.0,,2.0,2.0,3.0,9.0,4.0,10.0,4.0,9.0,,,6.0,1.0,6,10.0,10,1
2013-04-18,80517,,11,3,6020.0,14528210,CRRB,CARROLLTON BANCORP,CRRB,551111.0,Q,A,R,13085,3,6020.0,,,,60.0,602.0,,,,,,,4.91,-0.055769,2579.0,1.0,5.16,12662.89,CRRB,10.0,,,,,10,10.0,1.0,6.0,,,,,10.0,7.0,8.0,,,,,,10.0,2.0,2.0,9.0,,1.0,,2.0,6.0,,,,9.0,8.0,10.0,,6.0,,2.0,2.0,3.0,9.0,4.0,10.0,4.0,9.0,,,6.0,1.0,6,10.0,10,1
2013-04-19,80517,,11,3,6020.0,14528210,CRRB,CARROLLTON BANCORP,CRRB,551111.0,Q,A,R,13085,3,6020.0,,,,60.0,602.0,,,,,,,-5.07,0.032587,2579.0,1.0,,-13075.53,CRRB,10.0,,,,,10,10.0,1.0,6.0,,,,,10.0,7.0,8.0,,,,,,10.0,2.0,2.0,9.0,,1.0,,2.0,6.0,,,,9.0,8.0,10.0,,6.0,,2.0,2.0,3.0,9.0,4.0,10.0,4.0,9.0,,,6.0,1.0,6,10.0,10,1
2013-04-22,80517,,11,3,6020.0,14528210,CRRB,CARROLLTON BANCORP,CRRB,551111.0,Q,A,R,13085,3,6020.0,,,,60.0,602.0,,,,,,,4.97,-0.019724,2579.0,1.0,4.97,12817.63,CRRB,10.0,,,,,10,10.0,1.0,6.0,,,,,10.0,7.0,8.0,,,,,,10.0,2.0,2.0,9.0,,1.0,,2.0,6.0,,,,9.0,8.0,10.0,,6.0,,2.0,2.0,3.0,9.0,4.0,10.0,4.0,9.0,,,6.0,1.0,6,10.0,10,1
2013-04-23,80517,,11,3,6020.0,14528210,CRRB,CARROLLTON BANCORP,CRRB,551111.0,Q,A,R,13085,3,6020.0,,,,60.0,602.0,,,,,,,4.96,-0.002012,2579.0,1.0,4.94,12791.84,CRRB,10.0,,,,,10,10.0,1.0,6.0,,,,,10.0,7.0,8.0,,,,,,10.0,2.0,2.0,9.0,,1.0,,2.0,6.0,,,,9.0,8.0,10.0,,6.0,,2.0,2.0,3.0,9.0,4.0,10.0,4.0,9.0,,,6.0,1.0,6,10.0,10,1
2013-04-24,80517,,11,3,6020.0,14528210,CRRB,CARROLLTON BANCORP,CRRB,551111.0,Q,A,R,13085,3,6020.0,,,,60.0,602.0,,,,,,,4.96,0.0,2579.0,1.0,4.97,12791.84,CRRB,10.0,,,,,10,10.0,1.0,6.0,,,,,10.0,7.0,8.0,,,,,,10.0,2.0,2.0,9.0,,1.0,,2.0,6.0,,,,9.0,8.0,10.0,,6.0,,2.0,2.0,3.0,9.0,4.0,10.0,4.0,9.0,,,6.0,1.0,6,10.0,10,1
2013-04-25,80517,,11,3,6020.0,14528210,CRRB,CARROLLTON BANCORP,CRRB,551111.0,Q,A,R,13085,3,6020.0,,,,60.0,602.0,,,,,,,5.19,0.046371,2579.0,1.0,5.1875,13385.01,CRRB,10.0,,,,,10,10.0,1.0,6.0,,,,,10.0,7.0,8.0,,,,,,10.0,2.0,2.0,9.0,,1.0,,2.0,6.0,,,,9.0,8.0,10.0,,6.0,,2.0,2.0,3.0,9.0,4.0,10.0,4.0,9.0,,,6.0,1.0,6,10.0,10,1
2013-04-26,80517,,11,3,6020.0,14528210,CRRB,CARROLLTON BANCORP,CRRB,551111.0,Q,A,R,13085,3,6020.0,,,,60.0,602.0,,,,,,,-5.15,-0.007707,2579.0,1.0,,-13281.85,CRRB,10.0,,,,,10,10.0,1.0,6.0,,,,,10.0,7.0,8.0,,,,,,10.0,2.0,2.0,9.0,,1.0,,2.0,6.0,,,,9.0,8.0,10.0,,6.0,,2.0,2.0,3.0,9.0,4.0,10.0,4.0,9.0,,,6.0,1.0,6,10.0,10,1
2013-04-29,80517,,11,3,6020.0,14528210,CRRB,CARROLLTON BANCORP,CRRB,551111.0,Q,A,R,13085,3,6020.0,,,,60.0,602.0,,,,,,,-5.15,0.0,2579.0,1.0,,-13281.85,CRRB,10.0,,,,,10,10.0,1.0,6.0,,,,,10.0,7.0,8.0,,,,,,10.0,2.0,2.0,9.0,,1.0,,2.0,6.0,,,,9.0,8.0,10.0,,6.0,,2.0,2.0,3.0,9.0,4.0,10.0,4.0,9.0,,,6.0,1.0,6,10.0,10,1
2013-04-30,80517,,11,3,6020.0,14528210,CRRB,CARROLLTON BANCORP,CRRB,551111.0,Q,A,R,13085,3,6020.0,,,,60.0,602.0,,,,,,,5.31,0.031068,2579.0,1.0,5.21,13694.49,CRRB,10.0,,,,,10,10.0,1.0,6.0,,,,,10.0,7.0,8.0,,,,,,10.0,2.0,2.0,9.0,,1.0,,2.0,6.0,,,,9.0,8.0,10.0,,6.0,,2.0,2.0,3.0,9.0,4.0,10.0,4.0,9.0,,,6.0,1.0,6,10.0,10,1
2013-05-01,80517,,11,3,6020.0,14528210,CRRB,CARROLLTON BANCORP,CRRB,551111.0,Q,A,R,13085,3,6020.0,,,,60.0,602.0,,,,,,,-5.42,0.020716,2579.0,1.0,,-13978.18,CRRB,10.0,,,,,10,10.0,1.0,6.0,,,,,10.0,7.0,8.0,,,,,,10.0,2.0,2.0,9.0,,1.0,,3.0,4.0,,,,4.0,5.0,10.0,,6.0,,2.0,2.0,2.0,8.0,2.0,10.0,10.0,8.0,,,7.0,1.0,6,10.0,10,1
2013-05-02,80517,,11,3,6020.0,14528210,CRRB,CARROLLTON BANCORP,CRRB,551111.0,Q,A,R,13085,3,6020.0,,,,60.0,602.0,,,,,,,-5.47,0.009225,2579.0,1.0,,-14107.13,CRRB,10.0,,,,,10,10.0,1.0,6.0,,,,,10.0,7.0,8.0,,,,,,10.0,2.0,2.0,9.0,,1.0,,3.0,4.0,,,,4.0,5.0,10.0,,6.0,,2.0,2.0,2.0,8.0,2.0,10.0,10.0,8.0,,,7.0,1.0,6,10.0,10,1
2013-05-03,80517,,11,3,6020.0,14528210,CRRB,CARROLLTON BANCORP,CRRB,551111.0,Q,A,R,13085,3,6020.0,,,,60.0,602.0,,,,,,,5.54,0.012797,2579.0,1.0,5.539,14287.66,CRRB,10.0,,,,,10,10.0,1.0,6.0,,,,,10.0,7.0,8.0,,,,,,10.0,2.0,2.0,9.0,,1.0,,3.0,4.0,,,,4.0,5.0,10.0,,6.0,,2.0,2.0,2.0,8.0,2.0,10.0,10.0,8.0,,,7.0,1.0,6,10.0,10,1
2013-05-06,80517,,11,3,6020.0,14528210,CRRB,CARROLLTON BANCORP,CRRB,551111.0,Q,A,R,13085,3,6020.0,,,,60.0,602.0,,,,,,,-5.455,-0.015343,9355.0,1.0,,-51031.525,CRRB,10.0,,,,,10,10.0,1.0,6.0,,,,,10.0,7.0,8.0,,,,,,10.0,2.0,2.0,9.0,,1.0,,3.0,4.0,,,,4.0,5.0,10.0,,6.0,,2.0,2.0,2.0,8.0,2.0,10.0,10.0,8.0,,,7.0,1.0,6,10.0,10,1
2013-05-07,80517,,11,3,6020.0,14528210,CRRB,CARROLLTON BANCORP,CRRB,551111.0,Q,A,R,13085,3,6020.0,,,,60.0,602.0,,,,,,,5.5399,0.015564,9355.0,1.0,5.5399,51825.7645,CRRB,10.0,,,,,10,10.0,1.0,6.0,,,,,10.0,7.0,8.0,,,,,,10.0,2.0,2.0,9.0,,1.0,,3.0,4.0,,,,4.0,5.0,10.0,,6.0,,2.0,2.0,2.0,8.0,2.0,10.0,10.0,8.0,,,7.0,1.0,6,10.0,10,1
2013-05-08,80517,,11,3,6020.0,14528210,CRRB,CARROLLTON BANCORP,CRRB,551111.0,Q,A,R,13085,3,6020.0,,,,60.0,602.0,,,,,,,-5.425,-0.02074,9355.0,1.0,,-50750.875,CRRB,10.0,,,,,10,10.0,1.0,6.0,,,,,10.0,7.0,8.0,,,,,,10.0,2.0,2.0,9.0,,1.0,,3.0,4.0,,,,4.0,5.0,10.0,,6.0,,2.0,2.0,2.0,8.0,2.0,10.0,10.0,8.0,,,7.0,1.0,6,10.0,10,1
2013-05-09,80517,,11,3,6020.0,14528210,CRRB,CARROLLTON BANCORP,CRRB,551111.0,Q,A,R,13085,3,6020.0,,,,60.0,602.0,,,,,,,-5.56,0.024885,9355.0,1.0,,-52013.8,CRRB,10.0,,,,,10,10.0,1.0,6.0,,,,,10.0,7.0,8.0,,,,,,10.0,2.0,2.0,9.0,,1.0,,3.0,4.0,,,,4.0,5.0,10.0,,6.0,,2.0,2.0,2.0,8.0,2.0,10.0,10.0,8.0,,,7.0,1.0,6,10.0,10,1
2013-05-10,80517,,11,3,6020.0,14528210,CRRB,CARROLLTON BANCORP,CRRB,551111.0,Q,A,R,13085,3,6020.0,,,,60.0,602.0,,,,,,,5.5,-0.010791,9355.0,1.0,5.5,51452.5,CRRB,10.0,,,,,10,10.0,1.0,6.0,,,,,10.0,7.0,8.0,,,,,,10.0,2.0,2.0,9.0,,1.0,,3.0,4.0,,,,4.0,5.0,10.0,,6.0,,2.0,2.0,2.0,8.0,2.0,10.0,10.0,8.0,,,7.0,1.0,6,10.0,10,1
2013-05-13,80517,,11,3,6020.0,14528210,CRRB,CARROLLTON BANCORP,CRRB,551111.0,Q,A,R,13085,3,6020.0,,,,60.0,602.0,,,,,,,5.5,0.0,9355.0,1.0,5.5,51452.5,CRRB,10.0,,,,,10,10.0,1.0,6.0,,,,,10.0,7.0,8.0,,,,,,10.0,2.0,2.0,9.0,,1.0,,3.0,4.0,,,,4.0,5.0,10.0,,6.0,,2.0,2.0,2.0,8.0,2.0,10.0,10.0,8.0,,,7.0,1.0,6,10.0,10,1
2013-05-14,80517,,11,3,6020.0,14528210,CRRB,CARROLLTON BANCORP,CRRB,551111.0,Q,A,R,13085,3,6020.0,,,,60.0,602.0,,,,,,,5.5,0.0,9355.0,1.0,5.5,51452.5,CRRB,10.0,,,,,10,10.0,1.0,6.0,,,,,10.0,7.0,8.0,,,,,,10.0,2.0,2.0,9.0,,1.0,,3.0,4.0,,,,4.0,5.0,10.0,,6.0,,2.0,2.0,2.0,8.0,2.0,10.0,10.0,8.0,,,7.0,1.0,6,10.0,10,1
2013-05-15,80517,,11,3,6020.0,14528210,CRRB,CARROLLTON BANCORP,CRRB,551111.0,Q,A,R,13085,3,6020.0,,,,60.0,602.0,,,,,,,5.35,-0.027273,9355.0,1.0,5.35,50049.25,CRRB,10.0,,,,,10,10.0,1.0,6.0,,,,,10.0,7.0,8.0,,,,,,10.0,2.0,2.0,9.0,,1.0,,3.0,4.0,,,,4.0,5.0,10.0,,6.0,,2.0,2.0,2.0,8.0,2.0,10.0,10.0,8.0,,,7.0,1.0,6,10.0,10,1
2013-05-16,80517,,11,3,6020.0,14528210,CRRB,CARROLLTON BANCORP,CRRB,551111.0,Q,A,R,13085,3,6020.0,,,,60.0,602.0,,,,,,,5.25,-0.018692,9355.0,1.0,5.25,49113.75,CRRB,10.0,,,,,10,10.0,1.0,6.0,,,,,10.0,7.0,8.0,,,,,,10.0,2.0,2.0,9.0,,1.0,,3.0,4.0,,,,4.0,5.0,10.0,,6.0,,2.0,2.0,2.0,8.0,2.0,10.0,10.0,8.0,,,7.0,1.0,6,10.0,10,1
2013-05-17,80517,,11,3,6020.0,14528210,CRRB,CARROLLTON BANCORP,CRRB,551111.0,Q,A,R,13085,3,6020.0,,,,60.0,602.0,,,,,,,5.25,0.0,9355.0,1.0,5.25,49113.75,CRRB,10.0,,,,,10,10.0,1.0,6.0,,,,,10.0,7.0,8.0,,,,,,10.0,2.0,2.0,9.0,,1.0,,3.0,4.0,,,,4.0,5.0,10.0,,6.0,,2.0,2.0,2.0,8.0,2.0,10.0,10.0,8.0,,,7.0,1.0,6,10.0,10,1
2013-05-20,80517,,11,3,6020.0,14528210,CRRB,CARROLLTON BANCORP,CRRB,551111.0,Q,A,R,13085,3,6020.0,,,,60.0,602.0,,,,,,,5.49,0.045714,9355.0,1.0,5.49,51358.95,CRRB,10.0,,,,,10,10.0,1.0,6.0,,,,,10.0,7.0,8.0,,,,,,10.0,2.0,2.0,9.0,,1.0,,3.0,4.0,,,,4.0,5.0,10.0,,6.0,,2.0,2.0,2.0,8.0,2.0,10.0,10.0,8.0,,,7.0,1.0,6,10.0,10,1
2013-05-21,80517,,11,3,6020.0,14528210,CRRB,CARROLLTON BANCORP,CRRB,551111.0,Q,A,R,13085,3,6020.0,,,,60.0,602.0,,,,,,,5.4999,0.001803,9355.0,1.0,5.4999,51451.5645,CRRB,10.0,,,,,10,10.0,1.0,6.0,,,,,10.0,7.0,8.0,,,,,,10.0,2.0,2.0,9.0,,1.0,,3.0,4.0,,,,4.0,5.0,10.0,,6.0,,2.0,2.0,2.0,8.0,2.0,10.0,10.0,8.0,,,7.0,1.0,6,10.0,10,1
2013-05-22,80517,,11,3,6020.0,14528210,CRRB,CARROLLTON BANCORP,CRRB,551111.0,Q,A,R,13085,3,6020.0,,,,60.0,602.0,,,,,,,5.48,-0.003618,9355.0,1.0,5.48,51265.4,CRRB,10.0,,,,,10,10.0,1.0,6.0,,,,,10.0,7.0,8.0,,,,,,10.0,2.0,2.0,9.0,,1.0,,3.0,4.0,,,,4.0,5.0,10.0,,6.0,,2.0,2.0,2.0,8.0,2.0,10.0,10.0,8.0,,,7.0,1.0,6,10.0,10,1
2013-05-23,80517,,11,3,6020.0,14528210,CRRB,CARROLLTON BANCORP,CRRB,551111.0,Q,A,R,13085,3,6020.0,,,,60.0,602.0,,,,,,,5.5,0.00365,9355.0,1.0,5.5,51452.5,CRRB,10.0,,,,,10,10.0,1.0,6.0,,,,,10.0,7.0,8.0,,,,,,10.0,2.0,2.0,9.0,,1.0,,3.0,4.0,,,,4.0,5.0,10.0,,6.0,,2.0,2.0,2.0,8.0,2.0,10.0,10.0,8.0,,,7.0,1.0,6,10.0,10,1
2013-05-24,80517,,11,3,6020.0,14528210,CRRB,CARROLLTON BANCORP,CRRB,551111.0,Q,A,R,13085,3,6020.0,,,,60.0,602.0,,,,,,,-5.375,-0.022727,9355.0,1.0,,-50283.125,CRRB,10.0,,,,,10,10.0,1.0,6.0,,,,,10.0,7.0,8.0,,,,,,10.0,2.0,2.0,9.0,,1.0,,3.0,4.0,,,,4.0,5.0,10.0,,6.0,,2.0,2.0,2.0,8.0,2.0,10.0,10.0,8.0,,,7.0,1.0,6,10.0,10,1
2013-05-28,80517,,11,3,6020.0,14528210,CRRB,CARROLLTON BANCORP,CRRB,551111.0,Q,A,R,13085,3,6020.0,,,,60.0,602.0,,,,,,,5.25,-0.023256,9355.0,1.0,5.27,49113.75,CRRB,10.0,,,,,10,10.0,1.0,6.0,,,,,10.0,7.0,8.0,,,,,,10.0,2.0,2.0,9.0,,1.0,,3.0,4.0,,,,4.0,5.0,10.0,,6.0,,2.0,2.0,2.0,8.0,2.0,10.0,10.0,8.0,,,7.0,1.0,6,10.0,10,1
2013-05-29,80517,,11,3,6020.0,14528210,CRRB,CARROLLTON BANCORP,CRRB,551111.0,Q,A,R,13085,3,6020.0,,,,60.0,602.0,,,,,,,-5.36,0.020952,9355.0,1.0,,-50142.8,CRRB,10.0,,,,,10,10.0,1.0,6.0,,,,,10.0,7.0,8.0,,,,,,10.0,2.0,2.0,9.0,,1.0,,3.0,4.0,,,,4.0,5.0,10.0,,6.0,,2.0,2.0,2.0,8.0,2.0,10.0,10.0,8.0,,,7.0,1.0,6,10.0,10,1
2013-05-30,80517,,11,3,6020.0,14528210,CRRB,CARROLLTON BANCORP,CRRB,551111.0,Q,A,R,13085,3,6020.0,,,,60.0,602.0,,,,,,,5.22,-0.026119,9355.0,1.0,5.22,48833.1,CRRB,10.0,,,,,10,10.0,1.0,6.0,,,,,10.0,7.0,8.0,,,,,,10.0,2.0,2.0,9.0,,1.0,,3.0,4.0,,,,4.0,5.0,10.0,,6.0,,2.0,2.0,2.0,8.0,2.0,10.0,10.0,8.0,,,7.0,1.0,6,10.0,10,1
2013-05-31,80517,,11,3,6020.0,14528210,CRRB,CARROLLTON BANCORP,CRRB,551111.0,Q,A,R,13085,3,6020.0,,,,60.0,602.0,,,,,,,-5.285,0.012452,9355.0,1.0,,-49441.175,CRRB,10.0,,,,,10,10.0,1.0,6.0,,,,,10.0,7.0,8.0,,,,,,10.0,2.0,2.0,9.0,,1.0,,3.0,4.0,,,,4.0,5.0,10.0,,6.0,,2.0,2.0,2.0,8.0,2.0,10.0,10.0,8.0,,,7.0,1.0,6,10.0,10,1
2013-06-03,80517,,11,3,6020.0,14528210,CRRB,CARROLLTON BANCORP,CRRB,551111.0,Q,A,R,13085,3,6020.0,,,,60.0,602.0,,,,,,,-5.235,-0.009461,9355.0,1.0,,-48973.425,CRRB,10.0,,,,,10,10.0,1.0,6.0,,,,,10.0,7.0,8.0,,,,,,10.0,2.0,2.0,9.0,,1.0,,1.0,9.0,,,,2.0,1.0,9.0,,1.0,,,,,8.0,2.0,10.0,2.0,10.0,,,6.0,1.0,6,10.0,10,1
2013-06-04,80517,,11,3,6020.0,14528210,CRRB,CARROLLTON BANCORP,CRRB,551111.0,Q,A,R,13085,3,6020.0,,,,60.0,602.0,,,,,,,-5.235,0.0,9355.0,1.0,,-48973.425,CRRB,10.0,,,,,10,10.0,1.0,6.0,,,,,10.0,7.0,8.0,,,,,,10.0,2.0,2.0,9.0,,1.0,,1.0,9.0,,,,2.0,1.0,9.0,,1.0,,,,,8.0,2.0,10.0,2.0,10.0,,,6.0,1.0,6,10.0,10,1
2013-06-05,80517,,11,3,6020.0,14528210,CRRB,CARROLLTON BANCORP,CRRB,551111.0,Q,A,R,13085,3,6020.0,,,,60.0,602.0,,,,,,,-5.235,0.0,9355.0,1.0,,-48973.425,CRRB,10.0,,,,,10,10.0,1.0,6.0,,,,,10.0,7.0,8.0,,,,,,10.0,2.0,2.0,9.0,,1.0,,1.0,9.0,,,,2.0,1.0,9.0,,1.0,,,,,8.0,2.0,10.0,2.0,10.0,,,6.0,1.0,6,10.0,10,1
2013-06-06,80517,,11,3,6020.0,14528210,CRRB,CARROLLTON BANCORP,CRRB,551111.0,Q,A,R,13085,3,6020.0,,,,60.0,602.0,,,,,,,-5.235,0.0,9355.0,1.0,,-48973.425,CRRB,10.0,,,,,10,10.0,1.0,6.0,,,,,10.0,7.0,8.0,,,,,,10.0,2.0,2.0,9.0,,1.0,,1.0,9.0,,,,2.0,1.0,9.0,,1.0,,,,,8.0,2.0,10.0,2.0,10.0,,,6.0,1.0,6,10.0,10,1
2013-06-07,80517,,11,3,6020.0,14528210,CRRB,CARROLLTON BANCORP,CRRB,551111.0,Q,A,R,13085,3,6020.0,,,,60.0,602.0,,,,,,,4.89,-0.065903,9355.0,1.0,5.22,45745.95,CRRB,10.0,,,,,10,10.0,1.0,6.0,,,,,10.0,7.0,8.0,,,,,,10.0,2.0,2.0,9.0,,1.0,,1.0,9.0,,,,2.0,1.0,9.0,,1.0,,,,,8.0,2.0,10.0,2.0,10.0,,,6.0,1.0,6,10.0,10,1
2013-06-10,80517,,11,3,6020.0,14528210,CRRB,CARROLLTON BANCORP,CRRB,551111.0,Q,A,R,13085,3,6020.0,,,,60.0,602.0,,,,,,,4.91,0.00409,9355.0,1.0,4.9,45933.05,CRRB,10.0,,,,,10,10.0,1.0,6.0,,,,,10.0,7.0,8.0,,,,,,10.0,2.0,2.0,9.0,,1.0,,1.0,9.0,,,,2.0,1.0,9.0,,1.0,,,,,8.0,2.0,10.0,2.0,10.0,,,6.0,1.0,6,10.0,10,1
2013-06-11,80517,,11,3,6020.0,14528210,CRRB,CARROLLTON BANCORP,CRRB,551111.0,Q,A,R,13085,3,6020.0,,,,60.0,602.0,,,,,,,5.0,0.01833,9355.0,1.0,4.99,46775.0,CRRB,10.0,,,,,10,10.0,1.0,6.0,,,,,10.0,7.0,8.0,,,,,,10.0,2.0,2.0,9.0,,1.0,,1.0,9.0,,,,2.0,1.0,9.0,,1.0,,,,,8.0,2.0,10.0,2.0,10.0,,,6.0,1.0,6,10.0,10,1
2013-06-12,80517,,11,3,6020.0,14528210,CRRB,CARROLLTON BANCORP,CRRB,551111.0,Q,A,R,13085,3,6020.0,,,,60.0,602.0,,,,,,,5.0,0.0,9355.0,1.0,5.0,46775.0,CRRB,10.0,,,,,10,10.0,1.0,6.0,,,,,10.0,7.0,8.0,,,,,,10.0,2.0,2.0,9.0,,1.0,,1.0,9.0,,,,2.0,1.0,9.0,,1.0,,,,,8.0,2.0,10.0,2.0,10.0,,,6.0,1.0,6,10.0,10,1
2013-06-13,80517,,11,3,6020.0,14528210,CRRB,CARROLLTON BANCORP,CRRB,551111.0,Q,A,R,13085,3,6020.0,,,,60.0,602.0,,,,,,,5.0,0.0,9355.0,1.0,5.0,46775.0,CRRB,10.0,,,,,10,10.0,1.0,6.0,,,,,10.0,7.0,8.0,,,,,,10.0,2.0,2.0,9.0,,1.0,,1.0,9.0,,,,2.0,1.0,9.0,,1.0,,,,,8.0,2.0,10.0,2.0,10.0,,,6.0,1.0,6,10.0,10,1
2013-06-14,80517,,11,3,6020.0,14528210,CRRB,CARROLLTON BANCORP,CRRB,551111.0,Q,A,R,13085,3,6020.0,,,,60.0,602.0,,,,,,,5.14,0.028,9355.0,1.0,5.14,48084.7,CRRB,10.0,,,,,10,10.0,1.0,6.0,,,,,10.0,7.0,8.0,,,,,,10.0,2.0,2.0,9.0,,1.0,,1.0,9.0,,,,2.0,1.0,9.0,,1.0,,,,,8.0,2.0,10.0,2.0,10.0,,,6.0,1.0,6,10.0,10,1
2013-06-17,80517,,11,3,6020.0,14528210,CRRB,CARROLLTON BANCORP,CRRB,551111.0,Q,A,R,13085,3,6020.0,,,,60.0,602.0,,,,,,,5.25,0.021401,9355.0,1.0,5.25,49113.75,CRRB,10.0,,,,,10,10.0,1.0,6.0,,,,,10.0,7.0,8.0,,,,,,10.0,2.0,2.0,9.0,,1.0,,1.0,9.0,,,,2.0,1.0,9.0,,1.0,,,,,8.0,2.0,10.0,2.0,10.0,,,6.0,1.0,6,10.0,10,1
2013-06-18,80517,,11,3,6020.0,14528210,CRRB,CARROLLTON BANCORP,CRRB,551111.0,Q,A,R,13085,3,6020.0,,,,60.0,602.0,,,,,,,-5.13,-0.022857,9355.0,1.0,,-47991.15,CRRB,10.0,,,,,10,10.0,1.0,6.0,,,,,10.0,7.0,8.0,,,,,,10.0,2.0,2.0,9.0,,1.0,,1.0,9.0,,,,2.0,1.0,9.0,,1.0,,,,,8.0,2.0,10.0,2.0,10.0,,,6.0,1.0,6,10.0,10,1
2013-06-19,80517,,11,3,6020.0,14528210,CRRB,CARROLLTON BANCORP,CRRB,551111.0,Q,A,R,13085,3,6020.0,,,,60.0,602.0,,,,,,,-5.14,0.001949,9355.0,1.0,,-48084.7,CRRB,10.0,,,,,10,10.0,1.0,6.0,,,,,10.0,7.0,8.0,,,,,,10.0,2.0,2.0,9.0,,1.0,,1.0,9.0,,,,2.0,1.0,9.0,,1.0,,,,,8.0,2.0,10.0,2.0,10.0,,,6.0,1.0,6,10.0,10,1
2013-06-20,80517,,11,3,6020.0,14528210,CRRB,CARROLLTON BANCORP,CRRB,551111.0,Q,A,R,13085,3,6020.0,,,,60.0,602.0,,,,,,,-5.14,0.0,9355.0,1.0,,-48084.7,CRRB,10.0,,,,,10,10.0,1.0,6.0,,,,,10.0,7.0,8.0,,,,,,10.0,2.0,2.0,9.0,,1.0,,1.0,9.0,,,,2.0,1.0,9.0,,1.0,,,,,8.0,2.0,10.0,2.0,10.0,,,6.0,1.0,6,10.0,10,1
2013-06-21,80517,,11,3,6020.0,14528210,CRRB,CARROLLTON BANCORP,CRRB,551111.0,Q,A,R,13085,3,6020.0,,,,60.0,602.0,,,,,,,-5.155,0.002918,9355.0,1.0,,-48225.025,CRRB,10.0,,,,,10,10.0,1.0,6.0,,,,,10.0,7.0,8.0,,,,,,10.0,2.0,2.0,9.0,,1.0,,1.0,9.0,,,,2.0,1.0,9.0,,1.0,,,,,8.0,2.0,10.0,2.0,10.0,,,6.0,1.0,6,10.0,10,1
2013-06-24,80517,,11,3,6020.0,14528210,CRRB,CARROLLTON BANCORP,CRRB,551111.0,Q,A,R,13085,3,6020.0,,,,60.0,602.0,,,,,,,5.06,-0.018429,9355.0,1.0,5.08,47336.3,CRRB,10.0,,,,,10,10.0,1.0,6.0,,,,,10.0,7.0,8.0,,,,,,10.0,2.0,2.0,9.0,,1.0,,1.0,9.0,,,,2.0,1.0,9.0,,1.0,,,,,8.0,2.0,10.0,2.0,10.0,,,6.0,1.0,6,10.0,10,1
2013-06-25,80517,,11,3,6020.0,14528210,CRRB,CARROLLTON BANCORP,CRRB,551111.0,Q,A,R,13085,3,6020.0,,,,60.0,602.0,,,,,,,5.04,-0.003953,9355.0,1.0,5.07,47149.2,CRRB,10.0,,,,,10,10.0,1.0,6.0,,,,,10.0,7.0,8.0,,,,,,10.0,2.0,2.0,9.0,,1.0,,1.0,9.0,,,,2.0,1.0,9.0,,1.0,,,,,8.0,2.0,10.0,2.0,10.0,,,6.0,1.0,6,10.0,10,1
2013-06-26,80517,,11,3,6020.0,14528210,CRRB,CARROLLTON BANCORP,CRRB,551111.0,Q,A,R,13085,3,6020.0,,,,60.0,602.0,,,,,,,5.11,0.013889,9355.0,1.0,5.03,47804.05,CRRB,10.0,,,,,10,10.0,1.0,6.0,,,,,10.0,7.0,8.0,,,,,,10.0,2.0,2.0,9.0,,1.0,,1.0,9.0,,,,2.0,1.0,9.0,,1.0,,,,,8.0,2.0,10.0,2.0,10.0,,,6.0,1.0,6,10.0,10,1
2013-06-27,80517,,11,3,6020.0,14528210,CRRB,CARROLLTON BANCORP,CRRB,551111.0,Q,A,R,13085,3,6020.0,,,,60.0,602.0,,,,,,,4.85,-0.050881,9355.0,1.0,5.11,45371.75,CRRB,10.0,,,,,10,10.0,1.0,6.0,,,,,10.0,7.0,8.0,,,,,,10.0,2.0,2.0,9.0,,1.0,,1.0,9.0,,,,2.0,1.0,9.0,,1.0,,,,,8.0,2.0,10.0,2.0,10.0,,,6.0,1.0,6,10.0,10,1
2013-06-28,80517,,11,3,6020.0,14528210,CRRB,CARROLLTON BANCORP,CRRB,551111.0,Q,A,R,13085,3,6020.0,,,,60.0,602.0,,,,,,,-5.03,0.037113,9361.0,1.0,,-47085.83,CRRB,10.0,,,,,10,10.0,1.0,6.0,,,,,10.0,7.0,8.0,,,,,,10.0,2.0,2.0,9.0,,1.0,,1.0,9.0,,,,2.0,1.0,9.0,,1.0,,,,,8.0,2.0,10.0,2.0,10.0,,,6.0,1.0,6,10.0,10,1
2013-07-01,80517,,11,3,6020.0,14528210,CRRB,CARROLLTON BANCORP,CRRB,551111.0,Q,A,R,13085,3,6020.0,,,,60.0,602.0,,,,,,,5.0,-0.005964,9361.0,1.0,5.0,46805.0,CRRB,10.0,,,,,1,10.0,1.0,1.0,,,,,,2.0,1.0,,,,,,10.0,2.0,2.0,8.0,,,,,8.0,,,,2.0,1.0,9.0,,1.0,,,,,8.0,2.0,10.0,6.0,8.0,,,8.0,1.0,6,10.0,10,1
2013-07-02,80517,,11,3,6020.0,14528210,CRRB,CARROLLTON BANCORP,CRRB,551111.0,Q,A,R,13085,3,6020.0,,,,60.0,602.0,,,,,,,-5.21,0.042,9361.0,1.0,,-48770.81,CRRB,10.0,,,,,1,10.0,1.0,1.0,,,,,,2.0,1.0,,,,,,10.0,2.0,2.0,8.0,,,,,8.0,,,,2.0,1.0,9.0,,1.0,,,,,8.0,2.0,10.0,6.0,8.0,,,8.0,1.0,6,10.0,10,1
2013-07-03,80517,,11,3,6020.0,14528210,CRRB,CARROLLTON BANCORP,CRRB,551111.0,Q,A,R,13085,3,6020.0,,,,60.0,602.0,,,,,,,-5.215,0.00096,9361.0,1.0,,-48817.615,CRRB,10.0,,,,,1,10.0,1.0,1.0,,,,,,2.0,1.0,,,,,,10.0,2.0,2.0,8.0,,,,,8.0,,,,2.0,1.0,9.0,,1.0,,,,,8.0,2.0,10.0,6.0,8.0,,,8.0,1.0,6,10.0,10,1
2013-07-05,80517,,11,3,6020.0,14528210,CRRB,CARROLLTON BANCORP,CRRB,551111.0,Q,A,R,13085,3,6020.0,,,,60.0,602.0,,,,,,,-5.12,-0.018217,9361.0,1.0,,-47928.32,CRRB,10.0,,,,,1,10.0,1.0,1.0,,,,,,2.0,1.0,,,,,,10.0,2.0,2.0,8.0,,,,,8.0,,,,2.0,1.0,9.0,,1.0,,,,,8.0,2.0,10.0,6.0,8.0,,,8.0,1.0,6,10.0,10,1
2013-07-08,80517,,11,3,6020.0,14528210,CRRB,CARROLLTON BANCORP,CRRB,551111.0,Q,A,R,13085,3,6020.0,,,,60.0,602.0,,,,,,,-5.17,0.009766,9361.0,1.0,,-48396.37,CRRB,10.0,,,,,1,10.0,1.0,1.0,,,,,,2.0,1.0,,,,,,10.0,2.0,2.0,8.0,,,,,8.0,,,,2.0,1.0,9.0,,1.0,,,,,8.0,2.0,10.0,6.0,8.0,,,8.0,1.0,6,10.0,10,1
2013-07-09,80517,,11,3,6020.0,14528210,CRRB,CARROLLTON BANCORP,CRRB,551111.0,Q,A,R,13085,3,6020.0,,,,60.0,602.0,,,,,,,5.0,-0.032882,9377.0,1.0,5.0,46885.0,CRRB,10.0,,,,,1,10.0,1.0,1.0,,,,,,2.0,1.0,,,,,,10.0,2.0,2.0,8.0,,,,,8.0,,,,2.0,1.0,9.0,,1.0,,,,,8.0,2.0,10.0,6.0,8.0,,,8.0,1.0,6,10.0,10,1
2013-07-10,80517,,11,3,6020.0,14528210,CRRB,CARROLLTON BANCORP,CRRB,551111.0,Q,A,R,13085,3,6020.0,,,,60.0,602.0,,,,,,,-4.92,-0.016,9377.0,1.0,,-46134.84,CRRB,10.0,,,,,1,10.0,1.0,1.0,,,,,,2.0,1.0,,,,,,10.0,2.0,2.0,8.0,,,,,8.0,,,,2.0,1.0,9.0,,1.0,,,,,8.0,2.0,10.0,6.0,8.0,,,8.0,1.0,6,10.0,10,1
2013-07-11,80517,,11,3,6020.0,14528210,CRRB,CARROLLTON BANCORP,CRRB,551111.0,Q,A,R,13085,3,6020.0,,,,60.0,602.0,,,,,,,4.77,-0.030488,9377.0,1.0,4.93,44728.29,CRRB,10.0,,,,,1,10.0,1.0,1.0,,,,,,2.0,1.0,,,,,,10.0,2.0,2.0,8.0,,,,,8.0,,,,2.0,1.0,9.0,,1.0,,,,,8.0,2.0,10.0,6.0,8.0,,,8.0,1.0,6,10.0,10,1
2013-07-12,80517,,11,3,6020.0,14528210,CRRB,CARROLLTON BANCORP,CRRB,551111.0,Q,A,R,13085,3,6020.0,,,,60.0,602.0,,,,,,,-4.92,0.031447,9377.0,1.0,,-46134.84,CRRB,10.0,,,,,1,10.0,1.0,1.0,,,,,,2.0,1.0,,,,,,10.0,2.0,2.0,8.0,,,,,8.0,,,,2.0,1.0,9.0,,1.0,,,,,8.0,2.0,10.0,6.0,8.0,,,8.0,1.0,6,10.0,10,1
2013-07-15,80517,,11,3,6020.0,14528210,CRRB,CARROLLTON BANCORP,CRRB,551111.0,Q,A,R,13085,3,6020.0,,,,60.0,602.0,,,,,,,4.99,0.014228,9377.0,1.0,4.99,46791.23,CRRB,10.0,,,,,1,10.0,1.0,1.0,,,,,,2.0,1.0,,,,,,10.0,2.0,2.0,8.0,,,,,8.0,,,,2.0,1.0,9.0,,1.0,,,,,8.0,2.0,10.0,6.0,8.0,,,8.0,1.0,6,10.0,10,1
2013-07-16,80517,,11,3,6020.0,14528210,CRRB,CARROLLTON BANCORP,CRRB,551111.0,Q,A,R,13085,3,6020.0,,,,60.0,602.0,,,,,,,-4.92,-0.014028,9377.0,1.0,,-46134.84,CRRB,10.0,,,,,1,10.0,1.0,1.0,,,,,,2.0,1.0,,,,,,10.0,2.0,2.0,8.0,,,,,8.0,,,,2.0,1.0,9.0,,1.0,,,,,8.0,2.0,10.0,6.0,8.0,,,8.0,1.0,6,10.0,10,1
2013-07-17,80517,,11,3,6020.0,14528210,CRRB,CARROLLTON BANCORP,CRRB,551111.0,Q,A,R,13085,3,6020.0,,,,60.0,602.0,,,,,,,-4.92,0.0,9377.0,1.0,,-46134.84,CRRB,10.0,,,,,1,10.0,1.0,1.0,,,,,,2.0,1.0,,,,,,10.0,2.0,2.0,8.0,,,,,8.0,,,,2.0,1.0,9.0,,1.0,,,,,8.0,2.0,10.0,6.0,8.0,,,8.0,1.0,6,10.0,10,1
2013-07-18,80517,,11,3,6020.0,14528210,CRRB,CARROLLTON BANCORP,CRRB,551111.0,Q,A,R,13085,3,6020.0,,,,60.0,602.0,,,,,,,4.99,0.014228,9377.0,1.0,4.99,46791.23,CRRB,10.0,,,,,1,10.0,1.0,1.0,,,,,,2.0,1.0,,,,,,10.0,2.0,2.0,8.0,,,,,8.0,,,,2.0,1.0,9.0,,1.0,,,,,8.0,2.0,10.0,6.0,8.0,,,8.0,1.0,6,10.0,10,1
2013-07-19,80517,,11,3,6020.0,14528210,CRRB,CARROLLTON BANCORP,CRRB,551111.0,Q,A,R,13085,3,6020.0,,,,60.0,602.0,,,,,,,4.84,-0.03006,9377.0,1.0,4.97,45384.68,CRRB,10.0,,,,,1,10.0,1.0,1.0,,,,,,2.0,1.0,,,,,,10.0,2.0,2.0,8.0,,,,,8.0,,,,2.0,1.0,9.0,,1.0,,,,,8.0,2.0,10.0,6.0,8.0,,,8.0,1.0,6,10.0,10,1
2013-07-22,80517,,11,3,6020.0,14528210,CRRB,CARROLLTON BANCORP,CRRB,551111.0,Q,A,R,13085,3,6020.0,,,,60.0,602.0,,,,,,,-4.9,0.012397,9377.0,1.0,,-45947.3,CRRB,10.0,,,,,1,10.0,1.0,1.0,,,,,,2.0,1.0,,,,,,10.0,2.0,2.0,8.0,,,,,8.0,,,,2.0,1.0,9.0,,1.0,,,,,8.0,2.0,10.0,6.0,8.0,,,8.0,1.0,6,10.0,10,1
2013-07-23,80517,,11,3,6020.0,14528210,CRRB,CARROLLTON BANCORP,CRRB,551111.0,Q,A,R,13085,3,6020.0,,,,60.0,602.0,,,,,,,4.75,-0.030612,9377.0,1.0,4.75,44540.75,CRRB,10.0,,,,,1,10.0,1.0,1.0,,,,,,2.0,1.0,,,,,,10.0,2.0,2.0,8.0,,,,,8.0,,,,2.0,1.0,9.0,,1.0,,,,,8.0,2.0,10.0,6.0,8.0,,,8.0,1.0,6,10.0,10,1
2013-07-24,80517,,11,3,6020.0,14528210,CRRB,CARROLLTON BANCORP,CRRB,551111.0,Q,A,R,13085,3,6020.0,,,,60.0,602.0,,,,,,,-4.82,0.014737,9377.0,1.0,,-45197.14,CRRB,10.0,,,,,1,10.0,1.0,1.0,,,,,,2.0,1.0,,,,,,10.0,2.0,2.0,8.0,,,,,8.0,,,,2.0,1.0,9.0,,1.0,,,,,8.0,2.0,10.0,6.0,8.0,,,8.0,1.0,6,10.0,10,1
2013-07-25,80517,,11,3,6020.0,14528210,CRRB,CARROLLTON BANCORP,CRRB,551111.0,Q,A,R,13085,3,6020.0,,,,60.0,602.0,,,,,,,4.736,-0.017427,9377.0,1.0,4.736,44409.472,CRRB,10.0,,,,,1,10.0,1.0,1.0,,,,,,2.0,1.0,,,,,,10.0,2.0,2.0,8.0,,,,,8.0,,,,2.0,1.0,9.0,,1.0,,,,,8.0,2.0,10.0,6.0,8.0,,,8.0,1.0,6,10.0,10,1
2013-07-26,80517,,11,3,6020.0,14528210,CRRB,CARROLLTON BANCORP,CRRB,551111.0,Q,A,R,13085,3,6020.0,,,,60.0,602.0,,,,,,,-4.815,0.016681,9377.0,1.0,,-45150.255,CRRB,10.0,,,,,1,10.0,1.0,1.0,,,,,,2.0,1.0,,,,,,10.0,2.0,2.0,8.0,,,,,8.0,,,,2.0,1.0,9.0,,1.0,,,,,8.0,2.0,10.0,6.0,8.0,,,8.0,1.0,6,10.0,10,1
2013-07-29,80517,,11,3,6020.0,14528210,CRRB,CARROLLTON BANCORP,CRRB,551111.0,Q,A,R,13085,3,6020.0,,,,60.0,602.0,,,,,,,4.83,0.003115,9377.0,1.0,4.83,45290.91,CRRB,10.0,,,,,1,10.0,1.0,1.0,,,,,,2.0,1.0,,,,,,10.0,2.0,2.0,8.0,,,,,8.0,,,,2.0,1.0,9.0,,1.0,,,,,8.0,2.0,10.0,6.0,8.0,,,8.0,1.0,6,10.0,10,1
2013-07-30,80517,,11,3,6020.0,14528210,CRRB,CARROLLTON BANCORP,CRRB,551111.0,Q,A,R,13085,3,6020.0,,,,60.0,602.0,,,,,,,4.84,0.00207,9377.0,1.0,4.84,45384.68,CRRB,10.0,,,,,1,10.0,1.0,1.0,,,,,,2.0,1.0,,,,,,10.0,2.0,2.0,8.0,,,,,8.0,,,,2.0,1.0,9.0,,1.0,,,,,8.0,2.0,10.0,6.0,8.0,,,8.0,1.0,6,10.0,10,1
2013-07-31,80517,,11,3,6020.0,14528210,CRRB,CARROLLTON BANCORP,CRRB,551111.0,Q,A,R,13085,3,6020.0,,,,60.0,602.0,,,,,,,4.675,-0.034091,9377.0,1.0,4.675,43837.475,CRRB,10.0,,,,,1,10.0,1.0,1.0,,,,,,2.0,1.0,,,,,,10.0,2.0,2.0,8.0,,,,,8.0,,,,2.0,1.0,9.0,,1.0,,,,,8.0,2.0,10.0,6.0,8.0,,,8.0,1.0,6,10.0,10,1
2013-08-01,80517,,11,3,6020.0,14528210,CRRB,CARROLLTON BANCORP,CRRB,551111.0,Q,A,R,13085,3,6020.0,,,,60.0,602.0,,,,,,,4.81,0.028877,9377.0,1.0,4.81,45103.37,CRRB,10.0,,,,,1,10.0,1.0,1.0,,,,,,2.0,1.0,,,,,,10.0,2.0,2.0,8.0,,,,1.0,9.0,,,,2.0,1.0,9.0,,1.0,,,,,10.0,2.0,10.0,1.0,10.0,,,3.0,1.0,6,10.0,10,1
2013-08-02,80517,,11,3,6020.0,14528210,CRRB,CARROLLTON BANCORP,CRRB,551111.0,Q,A,R,13085,3,6020.0,,,,60.0,602.0,,,,,,,5.0,0.039501,9377.0,1.0,4.82,46885.0,CRRB,10.0,,,,,1,10.0,1.0,1.0,,,,,,2.0,1.0,,,,,,10.0,2.0,2.0,8.0,,,,1.0,9.0,,,,2.0,1.0,9.0,,1.0,,,,,10.0,2.0,10.0,1.0,10.0,,,3.0,1.0,6,10.0,10,1
2013-08-05,80517,,11,3,6020.0,14528210,CRRB,CARROLLTON BANCORP,CRRB,551111.0,Q,A,R,13085,3,6020.0,,,,60.0,602.0,,,,,,,-4.925,-0.015,9377.0,1.0,,-46181.725,CRRB,10.0,,,,,1,10.0,1.0,1.0,,,,,,2.0,1.0,,,,,,10.0,2.0,2.0,8.0,,,,1.0,9.0,,,,2.0,1.0,9.0,,1.0,,,,,10.0,2.0,10.0,1.0,10.0,,,3.0,1.0,6,10.0,10,1
2013-08-06,80517,,11,3,6020.0,14528210,CRRB,CARROLLTON BANCORP,CRRB,551111.0,Q,A,R,13085,3,6020.0,,,,60.0,602.0,,,,,,,-4.9,-0.005076,9377.0,1.0,,-45947.3,CRRB,10.0,,,,,1,10.0,1.0,1.0,,,,,,2.0,1.0,,,,,,10.0,2.0,2.0,8.0,,,,1.0,9.0,,,,2.0,1.0,9.0,,1.0,,,,,10.0,2.0,10.0,1.0,10.0,,,3.0,1.0,6,10.0,10,1
2013-08-07,80517,,11,3,6020.0,14528210,CRRB,CARROLLTON BANCORP,CRRB,551111.0,Q,A,R,13085,3,6020.0,,,,60.0,602.0,,,,,,,-4.89,-0.002041,9377.0,1.0,,-45853.53,CRRB,10.0,,,,,1,10.0,1.0,1.0,,,,,,2.0,1.0,,,,,,10.0,2.0,2.0,8.0,,,,1.0,9.0,,,,2.0,1.0,9.0,,1.0,,,,,10.0,2.0,10.0,1.0,10.0,,,3.0,1.0,6,10.0,10,1
2013-08-08,80517,,11,3,6020.0,14528210,CRRB,CARROLLTON BANCORP,CRRB,551111.0,Q,A,R,13085,3,6020.0,,,,60.0,602.0,,,,,,,-4.89,0.0,9377.0,1.0,,-45853.53,CRRB,10.0,,,,,1,10.0,1.0,1.0,,,,,,2.0,1.0,,,,,,10.0,2.0,2.0,8.0,,,,1.0,9.0,,,,2.0,1.0,9.0,,1.0,,,,,10.0,2.0,10.0,1.0,10.0,,,3.0,1.0,6,10.0,10,1
2013-08-09,80517,,11,3,6020.0,14528210,CRRB,CARROLLTON BANCORP,CRRB,551111.0,Q,A,R,13085,3,6020.0,,,,60.0,602.0,,,,,,,4.97,0.01636,9377.0,1.0,4.7957,46603.69,CRRB,10.0,,,,,1,10.0,1.0,1.0,,,,,,2.0,1.0,,,,,,10.0,2.0,2.0,8.0,,,,1.0,9.0,,,,2.0,1.0,9.0,,1.0,,,,,10.0,2.0,10.0,1.0,10.0,,,3.0,1.0,6,10.0,10,1
2013-08-12,80517,,11,3,6020.0,14528210,CRRB,CARROLLTON BANCORP,CRRB,551111.0,Q,A,R,13085,3,6020.0,,,,60.0,602.0,,,,,,,4.96,-0.002012,9377.0,1.0,4.95,46509.92,CRRB,10.0,,,,,1,10.0,1.0,1.0,,,,,,2.0,1.0,,,,,,10.0,2.0,2.0,8.0,,,,1.0,9.0,,,,2.0,1.0,9.0,,1.0,,,,,10.0,2.0,10.0,1.0,10.0,,,3.0,1.0,6,10.0,10,1
2013-08-13,80517,,11,3,6020.0,14528210,CRRB,CARROLLTON BANCORP,CRRB,551111.0,Q,A,R,13085,3,6020.0,,,,60.0,602.0,,,,,,,4.95,-0.002016,9377.0,1.0,4.97,46416.15,CRRB,10.0,,,,,1,10.0,1.0,1.0,,,,,,2.0,1.0,,,,,,10.0,2.0,2.0,8.0,,,,1.0,9.0,,,,2.0,1.0,9.0,,1.0,,,,,10.0,2.0,10.0,1.0,10.0,,,3.0,1.0,6,10.0,10,1
2013-08-14,80517,,11,3,6020.0,14528210,CRRB,CARROLLTON BANCORP,CRRB,551111.0,Q,A,R,13085,3,6020.0,,,,60.0,602.0,,,,,,,5.0,0.010101,9377.0,1.0,5.0,46885.0,CRRB,10.0,,,,,1,10.0,1.0,1.0,,,,,,2.0,1.0,,,,,,10.0,2.0,2.0,8.0,,,,1.0,9.0,,,,2.0,1.0,9.0,,1.0,,,,,10.0,2.0,10.0,1.0,10.0,,,3.0,1.0,6,10.0,10,1
2013-08-15,80517,,11,3,6020.0,14528210,CRRB,CARROLLTON BANCORP,CRRB,551111.0,Q,A,R,13085,3,6020.0,,,,60.0,602.0,,,,,,,5.17,0.034,9361.0,1.0,5.0,48396.37,CRRB,10.0,,,,,1,10.0,1.0,1.0,,,,,,2.0,1.0,,,,,,10.0,2.0,2.0,8.0,,,,1.0,9.0,,,,2.0,1.0,9.0,,1.0,,,,,10.0,2.0,10.0,1.0,10.0,,,3.0,1.0,6,10.0,10,1
2013-08-16,80517,,11,3,6020.0,14528210,CRRB,CARROLLTON BANCORP,CRRB,551111.0,Q,A,R,13085,3,6020.0,,,,60.0,602.0,,,,,,,5.18,0.001934,9361.0,1.0,5.11,48489.98,CRRB,10.0,,,,,1,10.0,1.0,1.0,,,,,,2.0,1.0,,,,,,10.0,2.0,2.0,8.0,,,,1.0,9.0,,,,2.0,1.0,9.0,,1.0,,,,,10.0,2.0,10.0,1.0,10.0,,,3.0,1.0,6,10.0,10,1
2013-08-19,80517,,11,3,6020.0,14528210,CRRB,CARROLLTON BANCORP,CRRB,551111.0,Q,A,R,13085,3,6020.0,,,,60.0,602.0,,,,,,,5.07,-0.021235,9361.0,1.0,5.16,47460.27,CRRB,10.0,,,,,1,10.0,1.0,1.0,,,,,,2.0,1.0,,,,,,10.0,2.0,2.0,8.0,,,,1.0,9.0,,,,2.0,1.0,9.0,,1.0,,,,,10.0,2.0,10.0,1.0,10.0,,,3.0,1.0,6,10.0,10,1
2013-08-20,80517,,11,3,6020.0,14528210,CRRB,CARROLLTON BANCORP,CRRB,551111.0,Q,A,R,13085,3,6020.0,,,,60.0,602.0,,,,,,,5.14,0.013807,9361.0,1.0,5.14,48115.54,CRRB,10.0,,,,,1,10.0,1.0,1.0,,,,,,2.0,1.0,,,,,,10.0,2.0,2.0,8.0,,,,1.0,9.0,,,,2.0,1.0,9.0,,1.0,,,,,10.0,2.0,10.0,1.0,10.0,,,3.0,1.0,6,10.0,10,1
2013-08-21,80517,,11,3,6020.0,14528210,CRRB,CARROLLTON BANCORP,CRRB,551111.0,Q,A,R,13085,3,6020.0,,,,60.0,602.0,,,,,,,4.79,-0.068093,9361.0,1.0,5.21,44839.19,CRRB,10.0,,,,,1,10.0,1.0,1.0,,,,,,2.0,1.0,,,,,,10.0,2.0,2.0,8.0,,,,1.0,9.0,,,,2.0,1.0,9.0,,1.0,,,,,10.0,2.0,10.0,1.0,10.0,,,3.0,1.0,6,10.0,10,1
2013-08-22,80517,,11,3,6020.0,14528210,CRRB,CARROLLTON BANCORP,CRRB,551111.0,Q,A,R,13085,3,6020.0,,,,60.0,602.0,,,,,,,5.1,0.064718,9361.0,1.0,4.86,47741.1,CRRB,10.0,,,,,1,10.0,1.0,1.0,,,,,,2.0,1.0,,,,,,10.0,2.0,2.0,8.0,,,,1.0,9.0,,,,2.0,1.0,9.0,,1.0,,,,,10.0,2.0,10.0,1.0,10.0,,,3.0,1.0,6,10.0,10,1
2013-08-23,80517,,11,3,6020.0,14528210,CRRB,CARROLLTON BANCORP,CRRB,551111.0,Q,A,R,13085,3,6020.0,,,,60.0,602.0,,,,,,,5.45,0.068627,9361.0,1.0,5.24,51017.45,CRRB,10.0,,,,,1,10.0,1.0,1.0,,,,,,2.0,1.0,,,,,,10.0,2.0,2.0,8.0,,,,1.0,9.0,,,,2.0,1.0,9.0,,1.0,,,,,10.0,2.0,10.0,1.0,10.0,,,3.0,1.0,6,10.0,10,1
2013-08-26,80517,,11,3,6020.0,14528210,CRRB,CARROLLTON BANCORP,CRRB,551111.0,Q,A,R,13085,3,6020.0,,,,60.0,602.0,,,,,,,5.5,0.009174,9361.0,1.0,5.49,51485.5,CRRB,10.0,,,,,1,10.0,1.0,1.0,,,,,,2.0,1.0,,,,,,10.0,2.0,2.0,8.0,,,,1.0,9.0,,,,2.0,1.0,9.0,,1.0,,,,,10.0,2.0,10.0,1.0,10.0,,,3.0,1.0,6,10.0,10,1
2013-08-27,80517,,11,3,6020.0,14528210,CRRB,CARROLLTON BANCORP,CRRB,551111.0,Q,A,R,13085,3,6020.0,,,,60.0,602.0,,,,,,,4.9999,-0.090927,9361.0,1.0,5.46,46804.0639,CRRB,10.0,,,,,1,10.0,1.0,1.0,,,,,,2.0,1.0,,,,,,10.0,2.0,2.0,8.0,,,,1.0,9.0,,,,2.0,1.0,9.0,,1.0,,,,,10.0,2.0,10.0,1.0,10.0,,,3.0,1.0,6,10.0,10,1
2013-08-28,80517,,11,3,6020.0,14528210,CRRB,CARROLLTON BANCORP,CRRB,551111.0,Q,A,R,13085,3,6020.0,,,,60.0,602.0,,,,,,,5.3,0.060021,9361.0,1.0,5.03,49613.3,CRRB,10.0,,,,,1,10.0,1.0,1.0,,,,,,2.0,1.0,,,,,,10.0,2.0,2.0,8.0,,,,1.0,9.0,,,,2.0,1.0,9.0,,1.0,,,,,10.0,2.0,10.0,1.0,10.0,,,3.0,1.0,6,10.0,10,1
2013-08-29,80517,,11,3,6020.0,14528210,CRRB,CARROLLTON BANCORP,CRRB,551111.0,Q,A,R,13085,3,6020.0,,,,60.0,602.0,,,,,,,5.07,-0.043396,9361.0,1.0,5.46,47460.27,CRRB,10.0,,,,,1,10.0,1.0,1.0,,,,,,2.0,1.0,,,,,,10.0,2.0,2.0,8.0,,,,1.0,9.0,,,,2.0,1.0,9.0,,1.0,,,,,10.0,2.0,10.0,1.0,10.0,,,3.0,1.0,6,10.0,10,1
2013-08-30,80517,,11,3,6020.0,14528210,CRRB,CARROLLTON BANCORP,CRRB,551111.0,Q,A,R,13085,3,6020.0,,,,60.0,602.0,,,,,,,5.2,0.025641,9361.0,1.0,5.19,48677.2,CRRB,10.0,,,,,1,10.0,1.0,1.0,,,,,,2.0,1.0,,,,,,10.0,2.0,2.0,8.0,,,,1.0,9.0,,,,2.0,1.0,9.0,,1.0,,,,,10.0,2.0,10.0,1.0,10.0,,,3.0,1.0,6,10.0,10,1
2013-09-03,80517,,11,3,6020.0,14528210,CRRB,CARROLLTON BANCORP,CRRB,551111.0,Q,A,R,13085,3,6020.0,,,,60.0,602.0,,,,,,,5.25,0.009615,9361.0,1.0,5.39,49145.25,CRRB,10.0,,,,,1,10.0,1.0,1.0,,,,,,2.0,1.0,,,,,,10.0,2.0,2.0,8.0,,,,1.0,8.0,,,,1.0,1.0,9.0,,1.0,,2.0,9.0,,1.0,1.0,10.0,1.0,1.0,,,4.0,1.0,6,10.0,10,1
2013-09-04,80517,,11,3,6020.0,14528210,CRRB,CARROLLTON BANCORP,CRRB,551111.0,Q,A,R,13085,3,6020.0,,,,60.0,602.0,,,,,,,6.04,0.150476,9361.0,1.0,5.39,56540.44,CRRB,10.0,,,,,1,10.0,1.0,1.0,,,,,,2.0,1.0,,,,,,10.0,2.0,2.0,8.0,,,,1.0,8.0,,,,1.0,1.0,9.0,,1.0,,2.0,9.0,,1.0,1.0,10.0,1.0,1.0,,,4.0,1.0,6,10.0,10,1
2013-09-05,80517,,11,3,6020.0,14528210,CRRB,CARROLLTON BANCORP,CRRB,551111.0,Q,A,R,13085,3,6020.0,,,,60.0,602.0,,,,,,,5.86,-0.029801,9361.0,1.0,6.04,54855.46,CRRB,10.0,,,,,1,10.0,1.0,1.0,,,,,,2.0,1.0,,,,,,10.0,2.0,2.0,8.0,,,,1.0,8.0,,,,1.0,1.0,9.0,,1.0,,2.0,9.0,,1.0,1.0,10.0,1.0,1.0,,,4.0,1.0,6,10.0,10,1
2013-09-06,80517,,11,3,6020.0,14528210,CRRB,CARROLLTON BANCORP,CRRB,551111.0,Q,A,R,13085,3,6020.0,,,,60.0,602.0,,,,,,,6.0,0.023891,9361.0,1.0,5.83,56166.0,CRRB,10.0,,,,,1,10.0,1.0,1.0,,,,,,2.0,1.0,,,,,,10.0,2.0,2.0,8.0,,,,1.0,8.0,,,,1.0,1.0,9.0,,1.0,,2.0,9.0,,1.0,1.0,10.0,1.0,1.0,,,4.0,1.0,6,10.0,10,1
2013-09-09,80517,,11,3,6020.0,14528210,CRRB,CARROLLTON BANCORP,CRRB,551111.0,Q,A,R,13085,3,6020.0,,,,60.0,602.0,,,,,,,6.02,0.003333,9361.0,1.0,5.4,56353.22,CRRB,10.0,,,,,1,10.0,1.0,1.0,,,,,,2.0,1.0,,,,,,10.0,2.0,2.0,8.0,,,,1.0,8.0,,,,1.0,1.0,9.0,,1.0,,2.0,9.0,,1.0,1.0,10.0,1.0,1.0,,,4.0,1.0,6,10.0,10,1
2013-09-10,80517,,11,3,6020.0,14528210,CRRB,CARROLLTON BANCORP,CRRB,551111.0,Q,A,R,13085,3,6020.0,,,,60.0,602.0,,,,,,,5.99,-0.004983,9361.0,1.0,5.99,56072.39,CRRB,10.0,,,,,1,10.0,1.0,1.0,,,,,,2.0,1.0,,,,,,10.0,2.0,2.0,8.0,,,,1.0,8.0,,,,1.0,1.0,9.0,,1.0,,2.0,9.0,,1.0,1.0,10.0,1.0,1.0,,,4.0,1.0,6,10.0,10,1
2013-09-11,80517,,11,3,6020.0,14528210,CRRB,CARROLLTON BANCORP,CRRB,551111.0,Q,A,R,13085,3,6020.0,,,,60.0,602.0,,,,,,,6.0,0.001669,9361.0,1.0,6.0,56166.0,CRRB,10.0,,,,,1,10.0,1.0,1.0,,,,,,2.0,1.0,,,,,,10.0,2.0,2.0,8.0,,,,1.0,8.0,,,,1.0,1.0,9.0,,1.0,,2.0,9.0,,1.0,1.0,10.0,1.0,1.0,,,4.0,1.0,6,10.0,10,1
2013-09-12,80517,,11,3,6020.0,14528210,CRRB,CARROLLTON BANCORP,CRRB,551111.0,Q,A,R,13085,3,6020.0,,,,60.0,602.0,,,,,,,6.0,0.0,9361.0,1.0,6.0,56166.0,CRRB,10.0,,,,,1,10.0,1.0,1.0,,,,,,2.0,1.0,,,,,,10.0,2.0,2.0,8.0,,,,1.0,8.0,,,,1.0,1.0,9.0,,1.0,,2.0,9.0,,1.0,1.0,10.0,1.0,1.0,,,4.0,1.0,6,10.0,10,1
2013-09-13,80517,,11,3,6020.0,14528210,CRRB,CARROLLTON BANCORP,CRRB,551111.0,Q,A,R,13085,3,6020.0,,,,60.0,602.0,,,,,,,6.04,0.006667,9361.0,1.0,5.79,56540.44,CRRB,10.0,,,,,1,10.0,1.0,1.0,,,,,,2.0,1.0,,,,,,10.0,2.0,2.0,8.0,,,,1.0,8.0,,,,1.0,1.0,9.0,,1.0,,2.0,9.0,,1.0,1.0,10.0,1.0,1.0,,,4.0,1.0,6,10.0,10,1
2013-09-16,80517,,11,3,6020.0,14528210,CRRB,CARROLLTON BANCORP,CRRB,551111.0,Q,A,R,13085,3,6020.0,,,,60.0,602.0,,,,,,,6.03,-0.001656,9361.0,1.0,5.81,56446.83,CRRB,10.0,,,,,1,10.0,1.0,1.0,,,,,,2.0,1.0,,,,,,10.0,2.0,2.0,8.0,,,,1.0,8.0,,,,1.0,1.0,9.0,,1.0,,2.0,9.0,,1.0,1.0,10.0,1.0,1.0,,,4.0,1.0,6,10.0,10,1
2013-09-17,80517,,11,3,6020.0,14528210,CRRB,CARROLLTON BANCORP,CRRB,551111.0,Q,A,R,13085,3,6020.0,,,,60.0,602.0,,,,,,,6.2,0.028192,9361.0,1.0,6.04,58038.2,CRRB,10.0,,,,,1,10.0,1.0,1.0,,,,,,2.0,1.0,,,,,,10.0,2.0,2.0,8.0,,,,1.0,8.0,,,,1.0,1.0,9.0,,1.0,,2.0,9.0,,1.0,1.0,10.0,1.0,1.0,,,4.0,1.0,6,10.0,10,1
2013-09-18,80517,,11,3,6020.0,14528210,CRRB,CARROLLTON BANCORP,CRRB,551111.0,Q,A,R,13085,3,6020.0,,,,60.0,602.0,,,,,,,-5.8,-0.064516,9361.0,1.0,,-54293.8,CRRB,10.0,,,,,1,10.0,1.0,1.0,,,,,,2.0,1.0,,,,,,10.0,2.0,2.0,8.0,,,,1.0,8.0,,,,1.0,1.0,9.0,,1.0,,2.0,9.0,,1.0,1.0,10.0,1.0,1.0,,,4.0,1.0,6,10.0,10,1
2013-09-19,80517,,11,3,6020.0,14528210,CRRB,CARROLLTON BANCORP,CRRB,551111.0,Q,A,R,13085,3,6020.0,,,,60.0,602.0,,,,,,,6.09,0.05,9361.0,1.0,6.1,57008.49,CRRB,10.0,,,,,1,10.0,1.0,1.0,,,,,,2.0,1.0,,,,,,10.0,2.0,2.0,8.0,,,,1.0,8.0,,,,1.0,1.0,9.0,,1.0,,2.0,9.0,,1.0,1.0,10.0,1.0,1.0,,,4.0,1.0,6,10.0,10,1
2013-09-20,80517,,11,3,6020.0,14528210,CRRB,CARROLLTON BANCORP,CRRB,551111.0,Q,A,R,13085,3,6020.0,,,,60.0,602.0,,,,,,,5.46,-0.103448,9361.0,1.0,5.46,51111.06,CRRB,10.0,,,,,1,10.0,1.0,1.0,,,,,,2.0,1.0,,,,,,10.0,2.0,2.0,8.0,,,,1.0,8.0,,,,1.0,1.0,9.0,,1.0,,2.0,9.0,,1.0,1.0,10.0,1.0,1.0,,,4.0,1.0,6,10.0,10,1
2013-09-23,80517,,11,3,6020.0,14528210,CRRB,CARROLLTON BANCORP,CRRB,551111.0,Q,A,R,13085,3,6020.0,,,,60.0,602.0,,,,,,,5.59,0.02381,9361.0,1.0,5.66,52327.99,CRRB,10.0,,,,,1,10.0,1.0,1.0,,,,,,2.0,1.0,,,,,,10.0,2.0,2.0,8.0,,,,1.0,8.0,,,,1.0,1.0,9.0,,1.0,,2.0,9.0,,1.0,1.0,10.0,1.0,1.0,,,4.0,1.0,6,10.0,10,1
2013-09-24,80517,,11,3,6020.0,14528210,CRRB,CARROLLTON BANCORP,CRRB,551111.0,Q,A,R,13085,3,6020.0,,,,60.0,602.0,,,,,,,-5.75,0.028623,9361.0,1.0,,-53825.75,CRRB,10.0,,,,,1,10.0,1.0,1.0,,,,,,2.0,1.0,,,,,,10.0,2.0,2.0,8.0,,,,1.0,8.0,,,,1.0,1.0,9.0,,1.0,,2.0,9.0,,1.0,1.0,10.0,1.0,1.0,,,4.0,1.0,6,10.0,10,1
2013-09-25,80517,,11,3,6020.0,14528210,CRRB,CARROLLTON BANCORP,CRRB,551111.0,Q,A,R,13085,3,6020.0,,,,60.0,602.0,,,,,,,-5.795,0.007826,9361.0,1.0,,-54246.995,CRRB,10.0,,,,,1,10.0,1.0,1.0,,,,,,2.0,1.0,,,,,,10.0,2.0,2.0,8.0,,,,1.0,8.0,,,,1.0,1.0,9.0,,1.0,,2.0,9.0,,1.0,1.0,10.0,1.0,1.0,,,4.0,1.0,6,10.0,10,1
2013-09-26,80517,,11,3,6020.0,14528210,CRRB,CARROLLTON BANCORP,CRRB,551111.0,Q,A,R,13085,3,6020.0,,,,60.0,602.0,,,,,,,5.41,-0.066437,9361.0,1.0,5.66,50643.01,CRRB,10.0,,,,,1,10.0,1.0,1.0,,,,,,2.0,1.0,,,,,,10.0,2.0,2.0,8.0,,,,1.0,8.0,,,,1.0,1.0,9.0,,1.0,,2.0,9.0,,1.0,1.0,10.0,1.0,1.0,,,4.0,1.0,6,10.0,10,1
2013-09-27,80517,,11,3,6020.0,14528210,CRRB,CARROLLTON BANCORP,CRRB,551111.0,Q,A,R,13085,3,6020.0,,,,60.0,602.0,,,,,,,5.3,-0.020333,9361.0,1.0,5.6,49613.3,CRRB,10.0,,,,,1,10.0,1.0,1.0,,,,,,2.0,1.0,,,,,,10.0,2.0,2.0,8.0,,,,1.0,8.0,,,,1.0,1.0,9.0,,1.0,,2.0,9.0,,1.0,1.0,10.0,1.0,1.0,,,4.0,1.0,6,10.0,10,1
2013-09-30,80517,,11,3,6020.0,14528210,CRRB,CARROLLTON BANCORP,CRRB,551111.0,Q,A,R,13085,3,6020.0,,,,60.0,602.0,,,,,,,-5.67,0.069811,9364.0,1.0,,-53093.88,CRRB,10.0,,,,,1,10.0,1.0,1.0,,,,,,2.0,1.0,,,,,,10.0,2.0,2.0,8.0,,,,1.0,8.0,,,,1.0,1.0,9.0,,1.0,,2.0,9.0,,1.0,1.0,10.0,1.0,1.0,,,4.0,1.0,6,10.0,10,1
2013-10-01,80517,,11,3,6020.0,14528210,CRRB,CARROLLTON BANCORP,CRRB,551111.0,Q,A,R,13085,3,6020.0,,,,60.0,602.0,,,,,,,5.49,-0.031746,9364.0,1.0,5.3,51408.36,CRRB,10.0,,,,,1,10.0,1.0,1.0,,,,,,2.0,1.0,,,,,,10.0,2.0,2.0,8.0,,,,2.0,7.0,,,,2.0,1.0,9.0,,1.0,,2.0,10.0,,3.0,1.0,10.0,8.0,2.0,,,10.0,1.0,6,10.0,10,1
2013-10-02,80517,,11,3,6020.0,14528210,CRRB,CARROLLTON BANCORP,CRRB,551111.0,Q,A,R,13085,3,6020.0,,,,60.0,602.0,,,,,,,-5.615,0.022769,9364.0,1.0,,-52578.86,CRRB,10.0,,,,,1,10.0,1.0,1.0,,,,,,2.0,1.0,,,,,,10.0,2.0,2.0,8.0,,,,2.0,7.0,,,,2.0,1.0,9.0,,1.0,,2.0,10.0,,3.0,1.0,10.0,8.0,2.0,,,10.0,1.0,6,10.0,10,1
2013-10-03,80517,,11,3,6020.0,14528210,CRRB,CARROLLTON BANCORP,CRRB,551111.0,Q,A,R,13085,3,6020.0,,,,60.0,602.0,,,,,,,5.41,-0.036509,9364.0,1.0,5.41,50659.24,CRRB,10.0,,,,,1,10.0,1.0,1.0,,,,,,2.0,1.0,,,,,,10.0,2.0,2.0,8.0,,,,2.0,7.0,,,,2.0,1.0,9.0,,1.0,,2.0,10.0,,3.0,1.0,10.0,8.0,2.0,,,10.0,1.0,6,10.0,10,1
2013-10-04,80517,,11,3,6020.0,14528210,CRRB,CARROLLTON BANCORP,CRRB,551111.0,Q,A,R,13085,3,6020.0,,,,60.0,602.0,,,,,,,5.32,-0.016636,9364.0,1.0,5.53,49816.48,CRRB,10.0,,,,,1,10.0,1.0,1.0,,,,,,2.0,1.0,,,,,,10.0,2.0,2.0,8.0,,,,2.0,7.0,,,,2.0,1.0,9.0,,1.0,,2.0,10.0,,3.0,1.0,10.0,8.0,2.0,,,10.0,1.0,6,10.0,10,1
2013-10-07,80517,,11,3,6020.0,14528210,CRRB,CARROLLTON BANCORP,CRRB,551111.0,Q,A,R,13085,3,6020.0,,,,60.0,602.0,,,,,,,5.26,-0.011278,9364.0,1.0,5.29,49254.64,CRRB,10.0,,,,,1,10.0,1.0,1.0,,,,,,2.0,1.0,,,,,,10.0,2.0,2.0,8.0,,,,2.0,7.0,,,,2.0,1.0,9.0,,1.0,,2.0,10.0,,3.0,1.0,10.0,8.0,2.0,,,10.0,1.0,6,10.0,10,1
2013-10-08,80517,,11,3,6020.0,14528210,CRRB,CARROLLTON BANCORP,CRRB,551111.0,Q,A,R,13085,3,6020.0,,,,60.0,602.0,,,,,,,5.33,0.013308,9364.0,1.0,5.33,49910.12,CRRB,10.0,,,,,1,10.0,1.0,1.0,,,,,,2.0,1.0,,,,,,10.0,2.0,2.0,8.0,,,,2.0,7.0,,,,2.0,1.0,9.0,,1.0,,2.0,10.0,,3.0,1.0,10.0,8.0,2.0,,,10.0,1.0,6,10.0,10,1
2013-10-09,80517,,11,3,6020.0,14528210,CRRB,CARROLLTON BANCORP,CRRB,551111.0,Q,A,R,13085,3,6020.0,,,,60.0,602.0,,,,,,,-5.625,0.055347,9364.0,1.0,,-52672.5,CRRB,10.0,,,,,1,10.0,1.0,1.0,,,,,,2.0,1.0,,,,,,10.0,2.0,2.0,8.0,,,,2.0,7.0,,,,2.0,1.0,9.0,,1.0,,2.0,10.0,,3.0,1.0,10.0,8.0,2.0,,,10.0,1.0,6,10.0,10,1
2013-10-10,80517,,11,3,6020.0,14528210,CRRB,CARROLLTON BANCORP,CRRB,551111.0,Q,A,R,13085,3,6020.0,,,,60.0,602.0,,,,,,,5.31,-0.056,9364.0,1.0,5.38,49722.84,CRRB,10.0,,,,,1,10.0,1.0,1.0,,,,,,2.0,1.0,,,,,,10.0,2.0,2.0,8.0,,,,2.0,7.0,,,,2.0,1.0,9.0,,1.0,,2.0,10.0,,3.0,1.0,10.0,8.0,2.0,,,10.0,1.0,6,10.0,10,1
2013-10-11,80517,,11,3,6020.0,14528210,CRRB,CARROLLTON BANCORP,CRRB,551111.0,Q,A,R,13085,3,6020.0,,,,60.0,602.0,,,,,,,-5.695,0.072505,9364.0,1.0,,-53327.98,CRRB,10.0,,,,,1,10.0,1.0,1.0,,,,,,2.0,1.0,,,,,,10.0,2.0,2.0,8.0,,,,2.0,7.0,,,,2.0,1.0,9.0,,1.0,,2.0,10.0,,3.0,1.0,10.0,8.0,2.0,,,10.0,1.0,6,10.0,10,1
2013-10-14,80517,,11,3,6020.0,14528210,CRRB,CARROLLTON BANCORP,CRRB,551111.0,Q,A,R,13085,3,6020.0,,,,60.0,602.0,,,,,,,5.07,-0.109745,9364.0,1.0,5.33,47475.48,CRRB,10.0,,,,,1,10.0,1.0,1.0,,,,,,2.0,1.0,,,,,,10.0,2.0,2.0,8.0,,,,2.0,7.0,,,,2.0,1.0,9.0,,1.0,,2.0,10.0,,3.0,1.0,10.0,8.0,2.0,,,10.0,1.0,6,10.0,10,1
2013-10-15,80517,,11,3,6020.0,14528210,CRRB,CARROLLTON BANCORP,CRRB,551111.0,Q,A,R,13085,3,6020.0,,,,60.0,602.0,,,,,,,5.15,0.015779,9364.0,1.0,5.06,48224.6,CRRB,10.0,,,,,1,10.0,1.0,1.0,,,,,,2.0,1.0,,,,,,10.0,2.0,2.0,8.0,,,,2.0,7.0,,,,2.0,1.0,9.0,,1.0,,2.0,10.0,,3.0,1.0,10.0,8.0,2.0,,,10.0,1.0,6,10.0,10,1
2013-10-16,80517,,11,3,6020.0,14528210,CRRB,CARROLLTON BANCORP,CRRB,551111.0,Q,A,R,13085,3,6020.0,,,,60.0,602.0,,,,,,,5.19,0.007767,9364.0,1.0,5.19,48599.16,CRRB,10.0,,,,,1,10.0,1.0,1.0,,,,,,2.0,1.0,,,,,,10.0,2.0,2.0,8.0,,,,2.0,7.0,,,,2.0,1.0,9.0,,1.0,,2.0,10.0,,3.0,1.0,10.0,8.0,2.0,,,10.0,1.0,6,10.0,10,1
2013-10-17,80517,,11,3,6020.0,14528210,CRRB,CARROLLTON BANCORP,CRRB,551111.0,Q,A,R,13085,3,6020.0,,,,60.0,602.0,,,,,,,5.23,0.007707,9364.0,1.0,5.23,48973.72,CRRB,10.0,,,,,1,10.0,1.0,1.0,,,,,,2.0,1.0,,,,,,10.0,2.0,2.0,8.0,,,,2.0,7.0,,,,2.0,1.0,9.0,,1.0,,2.0,10.0,,3.0,1.0,10.0,8.0,2.0,,,10.0,1.0,6,10.0,10,1
2013-10-18,80517,,11,3,6020.0,14528210,CRRB,CARROLLTON BANCORP,CRRB,551111.0,Q,A,R,13085,3,6020.0,,,,60.0,602.0,,,,,,,-5.4,0.032505,9364.0,1.0,,-50565.6,CRRB,10.0,,,,,1,10.0,1.0,1.0,,,,,,2.0,1.0,,,,,,10.0,2.0,2.0,8.0,,,,2.0,7.0,,,,2.0,1.0,9.0,,1.0,,2.0,10.0,,3.0,1.0,10.0,8.0,2.0,,,10.0,1.0,6,10.0,10,1
2013-10-21,80517,,11,3,6020.0,14528210,CRRB,CARROLLTON BANCORP,CRRB,551111.0,Q,A,R,13085,3,6020.0,,,,60.0,602.0,,,,,,,5.4,0.0,9364.0,1.0,5.32,50565.6,CRRB,10.0,,,,,1,10.0,1.0,1.0,,,,,,2.0,1.0,,,,,,10.0,2.0,2.0,8.0,,,,2.0,7.0,,,,2.0,1.0,9.0,,1.0,,2.0,10.0,,3.0,1.0,10.0,8.0,2.0,,,10.0,1.0,6,10.0,10,1
2013-10-22,80517,,11,3,6020.0,14528210,CRRB,CARROLLTON BANCORP,CRRB,551111.0,Q,A,R,13085,3,6020.0,,,,60.0,602.0,,,,,,,5.21,-0.035185,9364.0,1.0,5.47,48786.44,CRRB,10.0,,,,,1,10.0,1.0,1.0,,,,,,2.0,1.0,,,,,,10.0,2.0,2.0,8.0,,,,2.0,7.0,,,,2.0,1.0,9.0,,1.0,,2.0,10.0,,3.0,1.0,10.0,8.0,2.0,,,10.0,1.0,6,10.0,10,1
2013-10-23,80517,,11,3,6020.0,14528210,CRRB,CARROLLTON BANCORP,CRRB,551111.0,Q,A,R,13085,3,6020.0,,,,60.0,602.0,,,,,,,5.18,-0.005758,9364.0,1.0,5.24,48505.52,CRRB,10.0,,,,,1,10.0,1.0,1.0,,,,,,2.0,1.0,,,,,,10.0,2.0,2.0,8.0,,,,2.0,7.0,,,,2.0,1.0,9.0,,1.0,,2.0,10.0,,3.0,1.0,10.0,8.0,2.0,,,10.0,1.0,6,10.0,10,1
2013-10-24,80517,,11,3,6020.0,14528210,CRRB,CARROLLTON BANCORP,CRRB,551111.0,Q,A,R,13085,3,6020.0,,,,60.0,602.0,,,,,,,-5.285,0.02027,9364.0,1.0,,-49488.74,CRRB,10.0,,,,,1,10.0,1.0,1.0,,,,,,2.0,1.0,,,,,,10.0,2.0,2.0,8.0,,,,2.0,7.0,,,,2.0,1.0,9.0,,1.0,,2.0,10.0,,3.0,1.0,10.0,8.0,2.0,,,10.0,1.0,6,10.0,10,1
2013-10-25,80517,,11,3,6020.0,14528210,CRRB,CARROLLTON BANCORP,CRRB,551111.0,Q,A,R,13085,3,6020.0,,,,60.0,602.0,,,,,,,-5.28,-0.000946,9364.0,1.0,,-49441.92,CRRB,10.0,,,,,1,10.0,1.0,1.0,,,,,,2.0,1.0,,,,,,10.0,2.0,2.0,8.0,,,,2.0,7.0,,,,2.0,1.0,9.0,,1.0,,2.0,10.0,,3.0,1.0,10.0,8.0,2.0,,,10.0,1.0,6,10.0,10,1
2013-10-28,80517,,11,3,6020.0,14528210,CRRB,CARROLLTON BANCORP,CRRB,551111.0,Q,A,R,13085,3,6020.0,,,,60.0,602.0,,,,,,,-5.36,0.015152,9364.0,1.0,,-50191.04,CRRB,10.0,,,,,1,10.0,1.0,1.0,,,,,,2.0,1.0,,,,,,10.0,2.0,2.0,8.0,,,,2.0,7.0,,,,2.0,1.0,9.0,,1.0,,2.0,10.0,,3.0,1.0,10.0,8.0,2.0,,,10.0,1.0,6,10.0,10,1
2013-10-29,80517,,11,3,6020.0,14528210,CRRB,CARROLLTON BANCORP,CRRB,551111.0,Q,A,R,13085,3,6020.0,,,,60.0,602.0,,,,,,,-5.33,-0.005597,9364.0,1.0,,-49910.12,CRRB,10.0,,,,,1,10.0,1.0,1.0,,,,,,2.0,1.0,,,,,,10.0,2.0,2.0,8.0,,,,2.0,7.0,,,,2.0,1.0,9.0,,1.0,,2.0,10.0,,3.0,1.0,10.0,8.0,2.0,,,10.0,1.0,6,10.0,10,1
2013-10-30,80517,,11,3,6020.0,14528210,CRRB,CARROLLTON BANCORP,CRRB,551111.0,Q,A,R,13085,3,6020.0,,,,60.0,602.0,,,,,,,5.1014,-0.042889,9364.0,1.0,5.1014,47769.5096,CRRB,10.0,,,,,1,10.0,1.0,1.0,,,,,,2.0,1.0,,,,,,10.0,2.0,2.0,8.0,,,,2.0,7.0,,,,2.0,1.0,9.0,,1.0,,2.0,10.0,,3.0,1.0,10.0,8.0,2.0,,,10.0,1.0,6,10.0,10,1
2013-10-31,80517,,11,3,6020.0,14528210,CRRB,CARROLLTON BANCORP,CRRB,551111.0,Q,A,R,13085,3,6020.0,,,,60.0,602.0,,,,,,,5.13,0.005606,9364.0,1.0,5.13,48037.32,CRRB,10.0,,,,,1,10.0,1.0,1.0,,,,,,2.0,1.0,,,,,,10.0,2.0,2.0,8.0,,,,2.0,7.0,,,,2.0,1.0,9.0,,1.0,,2.0,10.0,,3.0,1.0,10.0,8.0,2.0,,,10.0,1.0,6,10.0,10,1
2013-11-01,80517,20180413.0,11,3,6020.0,07203T10,BYBK,BAY BANCORP INC,BYBK,551111.0,Q,A,R,13085,3,6020.0,,,,60.0,602.0,,,,,,,-5.305,0.034113,9364.0,1.0,,-49676.02,BYBK,10.0,,,,,1,10.0,1.0,1.0,,,,,,2.0,1.0,,,,,,10.0,2.0,2.0,8.0,,,,4.0,7.0,,,,2.0,2.0,10.0,,1.0,,2.0,10.0,,10.0,1.0,10.0,1.0,10.0,,,6.0,1.0,6,10.0,10,1
2013-11-04,80517,,11,3,6020.0,07203T10,BYBK,BAY BANCORP INC,BYBK,551111.0,Q,A,R,13085,3,6020.0,,,,60.0,602.0,,,,,,,5.21,-0.017908,9364.0,1.0,5.21,48786.44,BYBK,10.0,,,,,1,10.0,1.0,1.0,,,,,,2.0,1.0,,,,,,10.0,2.0,2.0,8.0,,,,4.0,7.0,,,,2.0,2.0,10.0,,1.0,,2.0,10.0,,10.0,1.0,10.0,1.0,10.0,,,6.0,1.0,6,10.0,10,1
2013-11-05,80517,,11,3,6020.0,07203T10,BYBK,BAY BANCORP INC,BYBK,551111.0,Q,A,R,13085,3,6020.0,,,,60.0,602.0,,,,,,,5.1,-0.021113,9364.0,1.0,5.1,47756.4,BYBK,10.0,,,,,1,10.0,1.0,1.0,,,,,,2.0,1.0,,,,,,10.0,2.0,2.0,8.0,,,,4.0,7.0,,,,2.0,2.0,10.0,,1.0,,2.0,10.0,,10.0,1.0,10.0,1.0,10.0,,,6.0,1.0,6,10.0,10,1
2013-11-06,80517,,11,3,6020.0,07203T10,BYBK,BAY BANCORP INC,BYBK,551111.0,Q,A,R,13085,3,6020.0,,,,60.0,602.0,,,,,,,-5.275,0.034314,9364.0,1.0,,-49395.1,BYBK,10.0,,,,,1,10.0,1.0,1.0,,,,,,2.0,1.0,,,,,,10.0,2.0,2.0,8.0,,,,4.0,7.0,,,,2.0,2.0,10.0,,1.0,,2.0,10.0,,10.0,1.0,10.0,1.0,10.0,,,6.0,1.0,6,10.0,10,1
2013-11-07,80517,,11,3,6020.0,07203T10,BYBK,BAY BANCORP INC,BYBK,551111.0,Q,A,R,13085,3,6020.0,,,,60.0,602.0,,,,,,,5.1,-0.033175,9364.0,1.0,5.1,47756.4,BYBK,10.0,,,,,1,10.0,1.0,1.0,,,,,,2.0,1.0,,,,,,10.0,2.0,2.0,8.0,,,,4.0,7.0,,,,2.0,2.0,10.0,,1.0,,2.0,10.0,,10.0,1.0,10.0,1.0,10.0,,,6.0,1.0,6,10.0,10,1
2013-11-08,80517,,11,3,6020.0,07203T10,BYBK,BAY BANCORP INC,BYBK,551111.0,Q,A,R,13085,3,6020.0,,,,60.0,602.0,,,,,,,-5.25,0.029412,9364.0,1.0,,-49161.0,BYBK,10.0,,,,,1,10.0,1.0,1.0,,,,,,2.0,1.0,,,,,,10.0,2.0,2.0,8.0,,,,4.0,7.0,,,,2.0,2.0,10.0,,1.0,,2.0,10.0,,10.0,1.0,10.0,1.0,10.0,,,6.0,1.0,6,10.0,10,1
2013-11-11,80517,,11,3,6020.0,07203T10,BYBK,BAY BANCORP INC,BYBK,551111.0,Q,A,R,13085,3,6020.0,,,,60.0,602.0,,,,,,,5.1,-0.028571,9364.0,1.0,5.34,47756.4,BYBK,10.0,,,,,1,10.0,1.0,1.0,,,,,,2.0,1.0,,,,,,10.0,2.0,2.0,8.0,,,,4.0,7.0,,,,2.0,2.0,10.0,,1.0,,2.0,10.0,,10.0,1.0,10.0,1.0,10.0,,,6.0,1.0,6,10.0,10,1
2013-11-12,80517,,11,3,6020.0,07203T10,BYBK,BAY BANCORP INC,BYBK,551111.0,Q,A,R,13085,3,6020.0,,,,60.0,602.0,,,,,,,-5.25,0.029412,9364.0,1.0,,-49161.0,BYBK,10.0,,,,,1,10.0,1.0,1.0,,,,,,2.0,1.0,,,,,,10.0,2.0,2.0,8.0,,,,4.0,7.0,,,,2.0,2.0,10.0,,1.0,,2.0,10.0,,10.0,1.0,10.0,1.0,10.0,,,6.0,1.0,6,10.0,10,1
2013-11-13,80517,,11,3,6020.0,07203T10,BYBK,BAY BANCORP INC,BYBK,551111.0,Q,A,R,13085,3,6020.0,,,,60.0,602.0,,,,,,,-5.225,-0.004762,9364.0,1.0,,-48926.9,BYBK,10.0,,,,,1,10.0,1.0,1.0,,,,,,2.0,1.0,,,,,,10.0,2.0,2.0,8.0,,,,4.0,7.0,,,,2.0,2.0,10.0,,1.0,,2.0,10.0,,10.0,1.0,10.0,1.0,10.0,,,6.0,1.0,6,10.0,10,1
2013-11-14,80517,,11,3,6020.0,07203T10,BYBK,BAY BANCORP INC,BYBK,551111.0,Q,A,R,13085,3,6020.0,,,,60.0,602.0,,,,,,,-5.225,0.0,9364.0,1.0,,-48926.9,BYBK,10.0,,,,,1,10.0,1.0,1.0,,,,,,2.0,1.0,,,,,,10.0,2.0,2.0,8.0,,,,4.0,7.0,,,,2.0,2.0,10.0,,1.0,,2.0,10.0,,10.0,1.0,10.0,1.0,10.0,,,6.0,1.0,6,10.0,10,1
2013-11-15,80517,,11,3,6020.0,07203T10,BYBK,BAY BANCORP INC,BYBK,551111.0,Q,A,R,13085,3,6020.0,,,,60.0,602.0,,,,,,,-5.2,-0.004785,9364.0,1.0,,-48692.8,BYBK,10.0,,,,,1,10.0,1.0,1.0,,,,,,2.0,1.0,,,,,,10.0,2.0,2.0,8.0,,,,4.0,7.0,,,,2.0,2.0,10.0,,1.0,,2.0,10.0,,10.0,1.0,10.0,1.0,10.0,,,6.0,1.0,6,10.0,10,1
2013-11-18,80517,,11,3,6020.0,07203T10,BYBK,BAY BANCORP INC,BYBK,551111.0,Q,A,R,13085,3,6020.0,,,,60.0,602.0,,,,,,,-4.975,-0.043269,9364.0,1.0,,-46585.9,BYBK,10.0,,,,,1,10.0,1.0,1.0,,,,,,2.0,1.0,,,,,,10.0,2.0,2.0,8.0,,,,4.0,7.0,,,,2.0,2.0,10.0,,1.0,,2.0,10.0,,10.0,1.0,10.0,1.0,10.0,,,6.0,1.0,6,10.0,10,1
2013-11-19,80517,,11,3,6020.0,07203T10,BYBK,BAY BANCORP INC,BYBK,551111.0,Q,A,R,13085,3,6020.0,,,,60.0,602.0,,,,,,,5.4,0.085427,9364.0,1.0,5.37,50565.6,BYBK,10.0,,,,,1,10.0,1.0,1.0,,,,,,2.0,1.0,,,,,,10.0,2.0,2.0,8.0,,,,4.0,7.0,,,,2.0,2.0,10.0,,1.0,,2.0,10.0,,10.0,1.0,10.0,1.0,10.0,,,6.0,1.0,6,10.0,10,1
2013-11-20,80517,,11,3,6020.0,07203T10,BYBK,BAY BANCORP INC,BYBK,551111.0,Q,A,R,13085,3,6020.0,,,,60.0,602.0,,,,,,,5.55,0.027778,9364.0,1.0,5.55,51970.2,BYBK,10.0,,,,,1,10.0,1.0,1.0,,,,,,2.0,1.0,,,,,,10.0,2.0,2.0,8.0,,,,4.0,7.0,,,,2.0,2.0,10.0,,1.0,,2.0,10.0,,10.0,1.0,10.0,1.0,10.0,,,6.0,1.0,6,10.0,10,1
2013-11-21,80517,,11,3,6020.0,07203T10,BYBK,BAY BANCORP INC,BYBK,551111.0,Q,A,R,13085,3,6020.0,,,,60.0,602.0,,,,,,,5.42,-0.023423,9364.0,1.0,5.42,50752.88,BYBK,10.0,,,,,1,10.0,1.0,1.0,,,,,,2.0,1.0,,,,,,10.0,2.0,2.0,8.0,,,,4.0,7.0,,,,2.0,2.0,10.0,,1.0,,2.0,10.0,,10.0,1.0,10.0,1.0,10.0,,,6.0,1.0,6,10.0,10,1
2013-11-22,80517,,11,3,6020.0,07203T10,BYBK,BAY BANCORP INC,BYBK,551111.0,Q,A,R,13085,3,6020.0,,,,60.0,602.0,,,,,,,6.01,0.108856,9364.0,1.0,5.72,56277.64,BYBK,10.0,,,,,1,10.0,1.0,1.0,,,,,,2.0,1.0,,,,,,10.0,2.0,2.0,8.0,,,,4.0,7.0,,,,2.0,2.0,10.0,,1.0,,2.0,10.0,,10.0,1.0,10.0,1.0,10.0,,,6.0,1.0,6,10.0,10,1
2013-11-25,80517,,11,3,6020.0,07203T10,BYBK,BAY BANCORP INC,BYBK,551111.0,Q,A,R,13085,3,6020.0,,,,60.0,602.0,,,,,,,6.16,0.024958,9364.0,1.0,6.15,57682.24,BYBK,10.0,,,,,1,10.0,1.0,1.0,,,,,,2.0,1.0,,,,,,10.0,2.0,2.0,8.0,,,,4.0,7.0,,,,2.0,2.0,10.0,,1.0,,2.0,10.0,,10.0,1.0,10.0,1.0,10.0,,,6.0,1.0,6,10.0,10,1
2013-11-26,80517,,11,3,6020.0,07203T10,BYBK,BAY BANCORP INC,BYBK,551111.0,Q,A,R,13085,3,6020.0,,,,60.0,602.0,,,,,,,6.15,-0.001623,9364.0,1.0,6.15,57588.6,BYBK,10.0,,,,,1,10.0,1.0,1.0,,,,,,2.0,1.0,,,,,,10.0,2.0,2.0,8.0,,,,4.0,7.0,,,,2.0,2.0,10.0,,1.0,,2.0,10.0,,10.0,1.0,10.0,1.0,10.0,,,6.0,1.0,6,10.0,10,1
2013-11-27,80517,,11,3,6020.0,07203T10,BYBK,BAY BANCORP INC,BYBK,551111.0,Q,A,R,13085,3,6020.0,,,,60.0,602.0,,,,,,,-6.06,-0.014634,9364.0,1.0,,-56745.84,BYBK,10.0,,,,,1,10.0,1.0,1.0,,,,,,2.0,1.0,,,,,,10.0,2.0,2.0,8.0,,,,4.0,7.0,,,,2.0,2.0,10.0,,1.0,,2.0,10.0,,10.0,1.0,10.0,1.0,10.0,,,6.0,1.0,6,10.0,10,1
2013-11-29,80517,,11,3,6020.0,07203T10,BYBK,BAY BANCORP INC,BYBK,551111.0,Q,A,R,13085,3,6020.0,,,,60.0,602.0,,,,,,,-5.925,-0.022277,9364.0,1.0,,-55481.7,BYBK,10.0,,,,,1,10.0,1.0,1.0,,,,,,2.0,1.0,,,,,,10.0,2.0,2.0,8.0,,,,4.0,7.0,,,,2.0,2.0,10.0,,1.0,,2.0,10.0,,10.0,1.0,10.0,1.0,10.0,,,6.0,1.0,6,10.0,10,1
2013-12-02,80517,,11,3,6020.0,07203T10,BYBK,BAY BANCORP INC,BYBK,551111.0,Q,A,R,13085,3,6020.0,,,,60.0,602.0,,,,,,,6.03,0.017722,9364.0,1.0,5.97,56464.92,BYBK,10.0,,,,,1,10.0,1.0,1.0,,,,,,2.0,1.0,,,,,,10.0,2.0,2.0,8.0,,,,,5.0,,,,1.0,3.0,10.0,,1.0,,4.0,8.0,3.0,1.0,1.0,10.0,3.0,2.0,,,2.0,1.0,6,10.0,10,1
2013-12-03,80517,,11,3,6020.0,07203T10,BYBK,BAY BANCORP INC,BYBK,551111.0,Q,A,R,13085,3,6020.0,,,,60.0,602.0,,,,,,,-6.09,0.00995,9364.0,1.0,,-57026.76,BYBK,10.0,,,,,1,10.0,1.0,1.0,,,,,,2.0,1.0,,,,,,10.0,2.0,2.0,8.0,,,,,5.0,,,,1.0,3.0,10.0,,1.0,,4.0,8.0,3.0,1.0,1.0,10.0,3.0,2.0,,,2.0,1.0,6,10.0,10,1
2013-12-04,80517,,11,3,6020.0,07203T10,BYBK,BAY BANCORP INC,BYBK,551111.0,Q,A,R,13085,3,6020.0,,,,60.0,602.0,,,,,,,-5.775,-0.051724,9364.0,1.0,,-54077.1,BYBK,10.0,,,,,1,10.0,1.0,1.0,,,,,,2.0,1.0,,,,,,10.0,2.0,2.0,8.0,,,,,5.0,,,,1.0,3.0,10.0,,1.0,,4.0,8.0,3.0,1.0,1.0,10.0,3.0,2.0,,,2.0,1.0,6,10.0,10,1
2013-12-05,80517,,11,3,6020.0,07203T10,BYBK,BAY BANCORP INC,BYBK,551111.0,Q,A,R,13085,3,6020.0,,,,60.0,602.0,,,,,,,6.0,0.038961,9364.0,1.0,6.0,56184.0,BYBK,10.0,,,,,1,10.0,1.0,1.0,,,,,,2.0,1.0,,,,,,10.0,2.0,2.0,8.0,,,,,5.0,,,,1.0,3.0,10.0,,1.0,,4.0,8.0,3.0,1.0,1.0,10.0,3.0,2.0,,,2.0,1.0,6,10.0,10,1
2013-12-06,80517,,11,3,6020.0,07203T10,BYBK,BAY BANCORP INC,BYBK,551111.0,Q,A,R,13085,3,6020.0,,,,60.0,602.0,,,,,,,-5.875,-0.020833,9364.0,1.0,,-55013.5,BYBK,10.0,,,,,1,10.0,1.0,1.0,,,,,,2.0,1.0,,,,,,10.0,2.0,2.0,8.0,,,,,5.0,,,,1.0,3.0,10.0,,1.0,,4.0,8.0,3.0,1.0,1.0,10.0,3.0,2.0,,,2.0,1.0,6,10.0,10,1
2013-12-09,80517,,11,3,6020.0,07203T10,BYBK,BAY BANCORP INC,BYBK,551111.0,Q,A,R,13085,3,6020.0,,,,60.0,602.0,,,,,,,5.95,0.012766,9364.0,1.0,5.95,55715.8,BYBK,10.0,,,,,1,10.0,1.0,1.0,,,,,,2.0,1.0,,,,,,10.0,2.0,2.0,8.0,,,,,5.0,,,,1.0,3.0,10.0,,1.0,,4.0,8.0,3.0,1.0,1.0,10.0,3.0,2.0,,,2.0,1.0,6,10.0,10,1
2013-12-10,80517,,11,3,6020.0,07203T10,BYBK,BAY BANCORP INC,BYBK,551111.0,Q,A,R,13085,3,6020.0,,,,60.0,602.0,,,,,,,-5.875,-0.012605,9364.0,1.0,,-55013.5,BYBK,10.0,,,,,1,10.0,1.0,1.0,,,,,,2.0,1.0,,,,,,10.0,2.0,2.0,8.0,,,,,5.0,,,,1.0,3.0,10.0,,1.0,,4.0,8.0,3.0,1.0,1.0,10.0,3.0,2.0,,,2.0,1.0,6,10.0,10,1
2013-12-11,80517,,11,3,6020.0,07203T10,BYBK,BAY BANCORP INC,BYBK,551111.0,Q,A,R,13085,3,6020.0,,,,60.0,602.0,,,,,,,-5.98,0.017872,9364.0,1.0,,-55996.72,BYBK,10.0,,,,,1,10.0,1.0,1.0,,,,,,2.0,1.0,,,,,,10.0,2.0,2.0,8.0,,,,,5.0,,,,1.0,3.0,10.0,,1.0,,4.0,8.0,3.0,1.0,1.0,10.0,3.0,2.0,,,2.0,1.0,6,10.0,10,1
2013-12-12,80517,,11,3,6020.0,07203T10,BYBK,BAY BANCORP INC,BYBK,551111.0,Q,A,R,13085,3,6020.0,,,,60.0,602.0,,,,,,,5.95,-0.005017,9364.0,1.0,5.95,55715.8,BYBK,10.0,,,,,1,10.0,1.0,1.0,,,,,,2.0,1.0,,,,,,10.0,2.0,2.0,8.0,,,,,5.0,,,,1.0,3.0,10.0,,1.0,,4.0,8.0,3.0,1.0,1.0,10.0,3.0,2.0,,,2.0,1.0,6,10.0,10,1
2013-12-13,80517,,11,3,6020.0,07203T10,BYBK,BAY BANCORP INC,BYBK,551111.0,Q,A,R,13085,3,6020.0,,,,60.0,602.0,,,,,,,5.92,-0.005042,9364.0,1.0,5.92,55434.88,BYBK,10.0,,,,,1,10.0,1.0,1.0,,,,,,2.0,1.0,,,,,,10.0,2.0,2.0,8.0,,,,,5.0,,,,1.0,3.0,10.0,,1.0,,4.0,8.0,3.0,1.0,1.0,10.0,3.0,2.0,,,2.0,1.0,6,10.0,10,1
2013-12-16,80517,,11,3,6020.0,07203T10,BYBK,BAY BANCORP INC,BYBK,551111.0,Q,A,R,13085,3,6020.0,,,,60.0,602.0,,,,,,,5.89,-0.005068,9364.0,1.0,5.89,55153.96,BYBK,10.0,,,,,1,10.0,1.0,1.0,,,,,,2.0,1.0,,,,,,10.0,2.0,2.0,8.0,,,,,5.0,,,,1.0,3.0,10.0,,1.0,,4.0,8.0,3.0,1.0,1.0,10.0,3.0,2.0,,,2.0,1.0,6,10.0,10,1
2013-12-17,80517,,11,3,6020.0,07203T10,BYBK,BAY BANCORP INC,BYBK,551111.0,Q,A,R,13085,3,6020.0,,,,60.0,602.0,,,,,,,-5.93,0.006791,9364.0,1.0,,-55528.52,BYBK,10.0,,,,,1,10.0,1.0,1.0,,,,,,2.0,1.0,,,,,,10.0,2.0,2.0,8.0,,,,,5.0,,,,1.0,3.0,10.0,,1.0,,4.0,8.0,3.0,1.0,1.0,10.0,3.0,2.0,,,2.0,1.0,6,10.0,10,1
2013-12-18,80517,,11,3,6020.0,07203T10,BYBK,BAY BANCORP INC,BYBK,551111.0,Q,A,R,13085,3,6020.0,,,,60.0,602.0,,,,,,,-5.525,-0.068297,9364.0,1.0,,-51736.1,BYBK,10.0,,,,,1,10.0,1.0,1.0,,,,,,2.0,1.0,,,,,,10.0,2.0,2.0,8.0,,,,,5.0,,,,1.0,3.0,10.0,,1.0,,4.0,8.0,3.0,1.0,1.0,10.0,3.0,2.0,,,2.0,1.0,6,10.0,10,1
2013-12-19,80517,,11,3,6020.0,07203T10,BYBK,BAY BANCORP INC,BYBK,551111.0,Q,A,R,13085,3,6020.0,,,,60.0,602.0,,,,,,,-5.355,-0.030769,9364.0,1.0,,-50144.22,BYBK,10.0,,,,,1,10.0,1.0,1.0,,,,,,2.0,1.0,,,,,,10.0,2.0,2.0,8.0,,,,,5.0,,,,1.0,3.0,10.0,,1.0,,4.0,8.0,3.0,1.0,1.0,10.0,3.0,2.0,,,2.0,1.0,6,10.0,10,1
2013-12-20,80517,,11,3,6020.0,07203T10,BYBK,BAY BANCORP INC,BYBK,551111.0,Q,A,R,13085,3,6020.0,,,,60.0,602.0,,,,,,,5.42,0.012138,9364.0,1.0,5.5,50752.88,BYBK,10.0,,,,,1,10.0,1.0,1.0,,,,,,2.0,1.0,,,,,,10.0,2.0,2.0,8.0,,,,,5.0,,,,1.0,3.0,10.0,,1.0,,4.0,8.0,3.0,1.0,1.0,10.0,3.0,2.0,,,2.0,1.0,6,10.0,10,1
2013-12-23,80517,,11,3,6020.0,07203T10,BYBK,BAY BANCORP INC,BYBK,551111.0,Q,A,R,13085,3,6020.0,,,,60.0,602.0,,,,,,,5.45,0.005535,9364.0,1.0,5.45,51033.8,BYBK,10.0,,,,,1,10.0,1.0,1.0,,,,,,2.0,1.0,,,,,,10.0,2.0,2.0,8.0,,,,,5.0,,,,1.0,3.0,10.0,,1.0,,4.0,8.0,3.0,1.0,1.0,10.0,3.0,2.0,,,2.0,1.0,6,10.0,10,1
2013-12-24,80517,,11,3,6020.0,07203T10,BYBK,BAY BANCORP INC,BYBK,551111.0,Q,A,R,13085,3,6020.0,,,,60.0,602.0,,,,,,,5.45,0.0,9364.0,1.0,5.45,51033.8,BYBK,10.0,,,,,1,10.0,1.0,1.0,,,,,,2.0,1.0,,,,,,10.0,2.0,2.0,8.0,,,,,5.0,,,,1.0,3.0,10.0,,1.0,,4.0,8.0,3.0,1.0,1.0,10.0,3.0,2.0,,,2.0,1.0,6,10.0,10,1
2013-12-26,80517,,11,3,6020.0,07203T10,BYBK,BAY BANCORP INC,BYBK,551111.0,Q,A,R,13085,3,6020.0,,,,60.0,602.0,,,,,,,5.09,-0.066055,9364.0,1.0,5.38,47662.76,BYBK,10.0,,,,,1,10.0,1.0,1.0,,,,,,2.0,1.0,,,,,,10.0,2.0,2.0,8.0,,,,,5.0,,,,1.0,3.0,10.0,,1.0,,4.0,8.0,3.0,1.0,1.0,10.0,3.0,2.0,,,2.0,1.0,6,10.0,10,1
2013-12-27,80517,,11,3,6020.0,07203T10,BYBK,BAY BANCORP INC,BYBK,551111.0,Q,A,R,13085,3,6020.0,,,,60.0,602.0,,,,,,,5.0,-0.017682,9364.0,1.0,5.09,46820.0,BYBK,10.0,,,,,1,10.0,1.0,1.0,,,,,,2.0,1.0,,,,,,10.0,2.0,2.0,8.0,,,,,5.0,,,,1.0,3.0,10.0,,1.0,,4.0,8.0,3.0,1.0,1.0,10.0,3.0,2.0,,,2.0,1.0,6,10.0,10,1
2013-12-30,80517,,11,3,6020.0,07203T10,BYBK,BAY BANCORP INC,BYBK,551111.0,Q,A,R,13085,3,6020.0,,,,60.0,602.0,,,,,,,5.0,0.0,9364.0,1.0,5.04,46820.0,BYBK,10.0,,,,,1,10.0,1.0,1.0,,,,,,2.0,1.0,,,,,,10.0,2.0,2.0,8.0,,,,,5.0,,,,1.0,3.0,10.0,,1.0,,4.0,8.0,3.0,1.0,1.0,10.0,3.0,2.0,,,2.0,1.0,6,10.0,10,1
2013-12-31,80517,,11,3,6020.0,07203T10,BYBK,BAY BANCORP INC,BYBK,551111.0,Q,A,R,13085,3,6020.0,,,,60.0,602.0,,,,,,,4.92,-0.016,9380.0,1.0,5.18,46149.6,BYBK,10.0,,,,,1,10.0,1.0,1.0,,,,,,2.0,1.0,,,,,,10.0,2.0,2.0,8.0,,,,,5.0,,,,1.0,3.0,10.0,,1.0,,4.0,8.0,3.0,1.0,1.0,10.0,3.0,2.0,,,2.0,1.0,6,10.0,10,1
2014-01-02,80517,,11,3,6020.0,07203T10,BYBK,BAY BANCORP INC,BYBK,551111.0,Q,A,R,13085,3,6020.0,,,,60.0,602.0,,,,,,,5.15,0.046748,9380.0,1.0,5.15,48307.0,BYBK,10.0,,,,,1,10.0,1.0,1.0,,,,,,2.0,1.0,,,,,,10.0,2.0,2.0,8.0,,,,5.0,5.0,,,,2.0,6.0,9.0,,1.0,,4.0,8.0,3.0,10.0,1.0,10.0,8.0,10.0,,,8.0,1.0,6,10.0,10,1
2014-01-03,80517,,11,3,6020.0,07203T10,BYBK,BAY BANCORP INC,BYBK,551111.0,Q,A,R,13085,3,6020.0,,,,60.0,602.0,,,,,,,-5.525,0.072815,9380.0,1.0,,-51824.5,BYBK,10.0,,,,,1,10.0,1.0,1.0,,,,,,2.0,1.0,,,,,,10.0,2.0,2.0,8.0,,,,5.0,5.0,,,,2.0,6.0,9.0,,1.0,,4.0,8.0,3.0,10.0,1.0,10.0,8.0,10.0,,,8.0,1.0,6,10.0,10,1
2014-01-06,80517,,11,3,6020.0,07203T10,BYBK,BAY BANCORP INC,BYBK,551111.0,Q,A,R,13085,3,6020.0,,,,60.0,602.0,,,,,,,-5.57,0.008145,9380.0,1.0,,-52246.6,BYBK,10.0,,,,,1,10.0,1.0,1.0,,,,,,2.0,1.0,,,,,,10.0,2.0,2.0,8.0,,,,5.0,5.0,,,,2.0,6.0,9.0,,1.0,,4.0,8.0,3.0,10.0,1.0,10.0,8.0,10.0,,,8.0,1.0,6,10.0,10,1
2014-01-07,80517,,11,3,6020.0,07203T10,BYBK,BAY BANCORP INC,BYBK,551111.0,Q,A,R,13085,3,6020.0,,,,60.0,602.0,,,,,,,5.1,-0.084381,9380.0,1.0,5.25,47838.0,BYBK,10.0,,,,,1,10.0,1.0,1.0,,,,,,2.0,1.0,,,,,,10.0,2.0,2.0,8.0,,,,5.0,5.0,,,,2.0,6.0,9.0,,1.0,,4.0,8.0,3.0,10.0,1.0,10.0,8.0,10.0,,,8.0,1.0,6,10.0,10,1
2014-01-08,80517,,11,3,6020.0,07203T10,BYBK,BAY BANCORP INC,BYBK,551111.0,Q,A,R,13085,3,6020.0,,,,60.0,602.0,,,,,,,-5.175,0.014706,9380.0,1.0,,-48541.5,BYBK,10.0,,,,,1,10.0,1.0,1.0,,,,,,2.0,1.0,,,,,,10.0,2.0,2.0,8.0,,,,5.0,5.0,,,,2.0,6.0,9.0,,1.0,,4.0,8.0,3.0,10.0,1.0,10.0,8.0,10.0,,,8.0,1.0,6,10.0,10,1
2014-01-09,80517,,11,3,6020.0,07203T10,BYBK,BAY BANCORP INC,BYBK,551111.0,Q,A,R,13085,3,6020.0,,,,60.0,602.0,,,,,,,-5.175,0.0,9380.0,1.0,,-48541.5,BYBK,10.0,,,,,1,10.0,1.0,1.0,,,,,,2.0,1.0,,,,,,10.0,2.0,2.0,8.0,,,,5.0,5.0,,,,2.0,6.0,9.0,,1.0,,4.0,8.0,3.0,10.0,1.0,10.0,8.0,10.0,,,8.0,1.0,6,10.0,10,1
2014-01-10,80517,,11,3,6020.0,07203T10,BYBK,BAY BANCORP INC,BYBK,551111.0,Q,A,R,13085,3,6020.0,,,,60.0,602.0,,,,,,,-5.225,0.009662,9380.0,1.0,,-49010.5,BYBK,10.0,,,,,1,10.0,1.0,1.0,,,,,,2.0,1.0,,,,,,10.0,2.0,2.0,8.0,,,,5.0,5.0,,,,2.0,6.0,9.0,,1.0,,4.0,8.0,3.0,10.0,1.0,10.0,8.0,10.0,,,8.0,1.0,6,10.0,10,1
2014-01-13,80517,,11,3,6020.0,07203T10,BYBK,BAY BANCORP INC,BYBK,551111.0,Q,A,R,13085,3,6020.0,,,,60.0,602.0,,,,,,,-5.25,0.004785,9380.0,1.0,,-49245.0,BYBK,10.0,,,,,1,10.0,1.0,1.0,,,,,,2.0,1.0,,,,,,10.0,2.0,2.0,8.0,,,,5.0,5.0,,,,2.0,6.0,9.0,,1.0,,4.0,8.0,3.0,10.0,1.0,10.0,8.0,10.0,,,8.0,1.0,6,10.0,10,1
2014-01-14,80517,,11,3,6020.0,07203T10,BYBK,BAY BANCORP INC,BYBK,551111.0,Q,A,R,13085,3,6020.0,,,,60.0,602.0,,,,,,,-5.25,0.0,9380.0,1.0,,-49245.0,BYBK,10.0,,,,,1,10.0,1.0,1.0,,,,,,2.0,1.0,,,,,,10.0,2.0,2.0,8.0,,,,5.0,5.0,,,,2.0,6.0,9.0,,1.0,,4.0,8.0,3.0,10.0,1.0,10.0,8.0,10.0,,,8.0,1.0,6,10.0,10,1
2014-01-15,80517,,11,3,6020.0,07203T10,BYBK,BAY BANCORP INC,BYBK,551111.0,Q,A,R,13085,3,6020.0,,,,60.0,602.0,,,,,,,5.1,-0.028571,9380.0,1.0,5.0999,47838.0,BYBK,10.0,,,,,1,10.0,1.0,1.0,,,,,,2.0,1.0,,,,,,10.0,2.0,2.0,8.0,,,,5.0,5.0,,,,2.0,6.0,9.0,,1.0,,4.0,8.0,3.0,10.0,1.0,10.0,8.0,10.0,,,8.0,1.0,6,10.0,10,1
2014-01-16,80517,,11,3,6020.0,07203T10,BYBK,BAY BANCORP INC,BYBK,551111.0,Q,A,R,13085,3,6020.0,,,,60.0,602.0,,,,,,,5.1,0.0,9380.0,1.0,5.16,47838.0,BYBK,10.0,,,,,1,10.0,1.0,1.0,,,,,,2.0,1.0,,,,,,10.0,2.0,2.0,8.0,,,,5.0,5.0,,,,2.0,6.0,9.0,,1.0,,4.0,8.0,3.0,10.0,1.0,10.0,8.0,10.0,,,8.0,1.0,6,10.0,10,1
2014-01-17,80517,,11,3,6020.0,07203T10,BYBK,BAY BANCORP INC,BYBK,551111.0,Q,A,R,13085,3,6020.0,,,,60.0,602.0,,,,,,,4.98,-0.023529,9380.0,1.0,5.05,46712.4,BYBK,10.0,,,,,1,10.0,1.0,1.0,,,,,,2.0,1.0,,,,,,10.0,2.0,2.0,8.0,,,,5.0,5.0,,,,2.0,6.0,9.0,,1.0,,4.0,8.0,3.0,10.0,1.0,10.0,8.0,10.0,,,8.0,1.0,6,10.0,10,1
2014-01-21,80517,,11,3,6020.0,07203T10,BYBK,BAY BANCORP INC,BYBK,551111.0,Q,A,R,13085,3,6020.0,,,,60.0,602.0,,,,,,,5.1,0.024096,9380.0,1.0,5.16,47838.0,BYBK,10.0,,,,,1,10.0,1.0,1.0,,,,,,2.0,1.0,,,,,,10.0,2.0,2.0,8.0,,,,5.0,5.0,,,,2.0,6.0,9.0,,1.0,,4.0,8.0,3.0,10.0,1.0,10.0,8.0,10.0,,,8.0,1.0,6,10.0,10,1
2014-01-22,80517,,11,3,6020.0,07203T10,BYBK,BAY BANCORP INC,BYBK,551111.0,Q,A,R,13085,3,6020.0,,,,60.0,602.0,,,,,,,4.9735,-0.024804,9380.0,1.0,4.9735,46651.43,BYBK,10.0,,,,,1,10.0,1.0,1.0,,,,,,2.0,1.0,,,,,,10.0,2.0,2.0,8.0,,,,5.0,5.0,,,,2.0,6.0,9.0,,1.0,,4.0,8.0,3.0,10.0,1.0,10.0,8.0,10.0,,,8.0,1.0,6,10.0,10,1
2014-01-23,80517,,11,3,6020.0,07203T10,BYBK,BAY BANCORP INC,BYBK,551111.0,Q,A,R,13085,3,6020.0,,,,60.0,602.0,,,,,,,4.98,0.001307,9380.0,1.0,4.98,46712.4,BYBK,10.0,,,,,1,10.0,1.0,1.0,,,,,,2.0,1.0,,,,,,10.0,2.0,2.0,8.0,,,,5.0,5.0,,,,2.0,6.0,9.0,,1.0,,4.0,8.0,3.0,10.0,1.0,10.0,8.0,10.0,,,8.0,1.0,6,10.0,10,1
2014-01-24,80517,,11,3,6020.0,07203T10,BYBK,BAY BANCORP INC,BYBK,551111.0,Q,A,R,13085,3,6020.0,,,,60.0,602.0,,,,,,,4.98,0.0,9380.0,1.0,4.98,46712.4,BYBK,10.0,,,,,1,10.0,1.0,1.0,,,,,,2.0,1.0,,,,,,10.0,2.0,2.0,8.0,,,,5.0,5.0,,,,2.0,6.0,9.0,,1.0,,4.0,8.0,3.0,10.0,1.0,10.0,8.0,10.0,,,8.0,1.0,6,10.0,10,1
2014-01-27,80517,,11,3,6020.0,07203T10,BYBK,BAY BANCORP INC,BYBK,551111.0,Q,A,R,13085,3,6020.0,,,,60.0,602.0,,,,,,,-5.115,0.027108,9380.0,1.0,,-47978.7,BYBK,10.0,,,,,1,10.0,1.0,1.0,,,,,,2.0,1.0,,,,,,10.0,2.0,2.0,8.0,,,,5.0,5.0,,,,2.0,6.0,9.0,,1.0,,4.0,8.0,3.0,10.0,1.0,10.0,8.0,10.0,,,8.0,1.0,6,10.0,10,1
2014-01-28,80517,,11,3,6020.0,07203T10,BYBK,BAY BANCORP INC,BYBK,551111.0,Q,A,R,13085,3,6020.0,,,,60.0,602.0,,,,,,,-5.115,0.0,9380.0,1.0,,-47978.7,BYBK,10.0,,,,,1,10.0,1.0,1.0,,,,,,2.0,1.0,,,,,,10.0,2.0,2.0,8.0,,,,5.0,5.0,,,,2.0,6.0,9.0,,1.0,,4.0,8.0,3.0,10.0,1.0,10.0,8.0,10.0,,,8.0,1.0,6,10.0,10,1
2014-01-29,80517,,11,3,6020.0,07203T10,BYBK,BAY BANCORP INC,BYBK,551111.0,Q,A,R,13085,3,6020.0,,,,60.0,602.0,,,,,,,5.1,-0.002933,9380.0,1.0,5.18,47838.0,BYBK,10.0,,,,,1,10.0,1.0,1.0,,,,,,2.0,1.0,,,,,,10.0,2.0,2.0,8.0,,,,5.0,5.0,,,,2.0,6.0,9.0,,1.0,,4.0,8.0,3.0,10.0,1.0,10.0,8.0,10.0,,,8.0,1.0,6,10.0,10,1
2014-01-30,80517,,11,3,6020.0,07203T10,BYBK,BAY BANCORP INC,BYBK,551111.0,Q,A,R,13085,3,6020.0,,,,60.0,602.0,,,,,,,-5.47,0.072549,9380.0,1.0,,-51308.6,BYBK,10.0,,,,,1,10.0,1.0,1.0,,,,,,2.0,1.0,,,,,,10.0,2.0,2.0,8.0,,,,5.0,5.0,,,,2.0,6.0,9.0,,1.0,,4.0,8.0,3.0,10.0,1.0,10.0,8.0,10.0,,,8.0,1.0,6,10.0,10,1
2014-01-31,80517,,11,3,6020.0,07203T10,BYBK,BAY BANCORP INC,BYBK,551111.0,Q,A,R,13085,3,6020.0,,,,60.0,602.0,,,,,,,5.16,-0.056673,9380.0,1.0,5.16,48400.8,BYBK,10.0,,,,,1,10.0,1.0,1.0,,,,,,2.0,1.0,,,,,,10.0,2.0,2.0,8.0,,,,5.0,5.0,,,,2.0,6.0,9.0,,1.0,,4.0,8.0,3.0,10.0,1.0,10.0,8.0,10.0,,,8.0,1.0,6,10.0,10,1
2014-02-03,80517,,11,3,6020.0,07203T10,BYBK,BAY BANCORP INC,BYBK,551111.0,Q,A,R,13085,3,6020.0,,,,60.0,602.0,,,,,,,-5.25,0.017442,9380.0,1.0,,-49245.0,BYBK,10.0,,,,,1,10.0,1.0,1.0,,,,,,2.0,1.0,,,,,,10.0,2.0,2.0,8.0,,,,2.0,4.0,,,,1.0,7.0,10.0,,1.0,,5.0,8.0,3.0,2.0,1.0,10.0,10.0,2.0,,,8.0,1.0,6,10.0,10,1
2014-02-04,80517,,11,3,6020.0,07203T10,BYBK,BAY BANCORP INC,BYBK,551111.0,Q,A,R,13085,3,6020.0,,,,60.0,602.0,,,,,,,5.25,0.0,9380.0,1.0,5.25,49245.0,BYBK,10.0,,,,,1,10.0,1.0,1.0,,,,,,2.0,1.0,,,,,,10.0,2.0,2.0,8.0,,,,2.0,4.0,,,,1.0,7.0,10.0,,1.0,,5.0,8.0,3.0,2.0,1.0,10.0,10.0,2.0,,,8.0,1.0,6,10.0,10,1
2014-02-05,80517,,11,3,6020.0,07203T10,BYBK,BAY BANCORP INC,BYBK,551111.0,Q,A,R,13085,3,6020.0,,,,60.0,602.0,,,,,,,5.25,0.0,9380.0,1.0,5.24,49245.0,BYBK,10.0,,,,,1,10.0,1.0,1.0,,,,,,2.0,1.0,,,,,,10.0,2.0,2.0,8.0,,,,2.0,4.0,,,,1.0,7.0,10.0,,1.0,,5.0,8.0,3.0,2.0,1.0,10.0,10.0,2.0,,,8.0,1.0,6,10.0,10,1
2014-02-06,80517,,11,3,6020.0,07203T10,BYBK,BAY BANCORP INC,BYBK,551111.0,Q,A,R,13085,3,6020.0,,,,60.0,602.0,,,,,,,-5.1,-0.028571,9380.0,1.0,,-47838.0,BYBK,10.0,,,,,1,10.0,1.0,1.0,,,,,,2.0,1.0,,,,,,10.0,2.0,2.0,8.0,,,,2.0,4.0,,,,1.0,7.0,10.0,,1.0,,5.0,8.0,3.0,2.0,1.0,10.0,10.0,2.0,,,8.0,1.0,6,10.0,10,1
2014-02-07,80517,,11,3,6020.0,07203T10,BYBK,BAY BANCORP INC,BYBK,551111.0,Q,A,R,13085,3,6020.0,,,,60.0,602.0,,,,,,,-5.225,0.02451,9380.0,1.0,,-49010.5,BYBK,10.0,,,,,1,10.0,1.0,1.0,,,,,,2.0,1.0,,,,,,10.0,2.0,2.0,8.0,,,,2.0,4.0,,,,1.0,7.0,10.0,,1.0,,5.0,8.0,3.0,2.0,1.0,10.0,10.0,2.0,,,8.0,1.0,6,10.0,10,1
2014-02-10,80517,,11,3,6020.0,07203T10,BYBK,BAY BANCORP INC,BYBK,551111.0,Q,A,R,13085,3,6020.0,,,,60.0,602.0,,,,,,,5.21,-0.002871,9380.0,1.0,5.21,48869.8,BYBK,10.0,,,,,1,10.0,1.0,1.0,,,,,,2.0,1.0,,,,,,10.0,2.0,2.0,8.0,,,,2.0,4.0,,,,1.0,7.0,10.0,,1.0,,5.0,8.0,3.0,2.0,1.0,10.0,10.0,2.0,,,8.0,1.0,6,10.0,10,1
2014-02-11,80517,,11,3,6020.0,07203T10,BYBK,BAY BANCORP INC,BYBK,551111.0,Q,A,R,13085,3,6020.0,,,,60.0,602.0,,,,,,,4.98,-0.044146,9380.0,1.0,5.0,46712.4,BYBK,10.0,,,,,1,10.0,1.0,1.0,,,,,,2.0,1.0,,,,,,10.0,2.0,2.0,8.0,,,,2.0,4.0,,,,1.0,7.0,10.0,,1.0,,5.0,8.0,3.0,2.0,1.0,10.0,10.0,2.0,,,8.0,1.0,6,10.0,10,1
2014-02-12,80517,,11,3,6020.0,07203T10,BYBK,BAY BANCORP INC,BYBK,551111.0,Q,A,R,13085,3,6020.0,,,,60.0,602.0,,,,,,,5.13,0.030121,9380.0,1.0,5.0,48119.4,BYBK,10.0,,,,,1,10.0,1.0,1.0,,,,,,2.0,1.0,,,,,,10.0,2.0,2.0,8.0,,,,2.0,4.0,,,,1.0,7.0,10.0,,1.0,,5.0,8.0,3.0,2.0,1.0,10.0,10.0,2.0,,,8.0,1.0,6,10.0,10,1
2014-02-13,80517,,11,3,6020.0,07203T10,BYBK,BAY BANCORP INC,BYBK,551111.0,Q,A,R,13085,3,6020.0,,,,60.0,602.0,,,,,,,5.01,-0.023392,9380.0,1.0,5.1,46993.8,BYBK,10.0,,,,,1,10.0,1.0,1.0,,,,,,2.0,1.0,,,,,,10.0,2.0,2.0,8.0,,,,2.0,4.0,,,,1.0,7.0,10.0,,1.0,,5.0,8.0,3.0,2.0,1.0,10.0,10.0,2.0,,,8.0,1.0,6,10.0,10,1
2014-02-14,80517,,11,3,6020.0,07203T10,BYBK,BAY BANCORP INC,BYBK,551111.0,Q,A,R,13085,3,6020.0,,,,60.0,602.0,,,,,,,4.95,-0.011976,9380.0,1.0,5.051,46431.0,BYBK,10.0,,,,,1,10.0,1.0,1.0,,,,,,2.0,1.0,,,,,,10.0,2.0,2.0,8.0,,,,2.0,4.0,,,,1.0,7.0,10.0,,1.0,,5.0,8.0,3.0,2.0,1.0,10.0,10.0,2.0,,,8.0,1.0,6,10.0,10,1
2014-02-18,80517,,11,3,6020.0,07203T10,BYBK,BAY BANCORP INC,BYBK,551111.0,Q,A,R,13085,3,6020.0,,,,60.0,602.0,,,,,,,5.06,0.022222,9380.0,1.0,5.05,47462.8,BYBK,10.0,,,,,1,10.0,1.0,1.0,,,,,,2.0,1.0,,,,,,10.0,2.0,2.0,8.0,,,,2.0,4.0,,,,1.0,7.0,10.0,,1.0,,5.0,8.0,3.0,2.0,1.0,10.0,10.0,2.0,,,8.0,1.0,6,10.0,10,1
2014-02-19,80517,,11,3,6020.0,07203T10,BYBK,BAY BANCORP INC,BYBK,551111.0,Q,A,R,13085,3,6020.0,,,,60.0,602.0,,,,,,,-5.175,0.022727,9380.0,1.0,,-48541.5,BYBK,10.0,,,,,1,10.0,1.0,1.0,,,,,,2.0,1.0,,,,,,10.0,2.0,2.0,8.0,,,,2.0,4.0,,,,1.0,7.0,10.0,,1.0,,5.0,8.0,3.0,2.0,1.0,10.0,10.0,2.0,,,8.0,1.0,6,10.0,10,1
2014-02-20,80517,,11,3,6020.0,07203T10,BYBK,BAY BANCORP INC,BYBK,551111.0,Q,A,R,13085,3,6020.0,,,,60.0,602.0,,,,,,,5.06,-0.022222,9380.0,1.0,5.06,47462.8,BYBK,10.0,,,,,1,10.0,1.0,1.0,,,,,,2.0,1.0,,,,,,10.0,2.0,2.0,8.0,,,,2.0,4.0,,,,1.0,7.0,10.0,,1.0,,5.0,8.0,3.0,2.0,1.0,10.0,10.0,2.0,,,8.0,1.0,6,10.0,10,1
2014-02-21,80517,,11,3,6020.0,07203T10,BYBK,BAY BANCORP INC,BYBK,551111.0,Q,A,R,13085,3,6020.0,,,,60.0,602.0,,,,,,,4.98,-0.01581,9380.0,1.0,4.98,46712.4,BYBK,10.0,,,,,1,10.0,1.0,1.0,,,,,,2.0,1.0,,,,,,10.0,2.0,2.0,8.0,,,,2.0,4.0,,,,1.0,7.0,10.0,,1.0,,5.0,8.0,3.0,2.0,1.0,10.0,10.0,2.0,,,8.0,1.0,6,10.0,10,1
2014-02-24,80517,,11,3,6020.0,07203T10,BYBK,BAY BANCORP INC,BYBK,551111.0,Q,A,R,13085,3,6020.0,,,,60.0,602.0,,,,,,,5.0,0.004016,9380.0,1.0,4.98,46900.0,BYBK,10.0,,,,,1,10.0,1.0,1.0,,,,,,2.0,1.0,,,,,,10.0,2.0,2.0,8.0,,,,2.0,4.0,,,,1.0,7.0,10.0,,1.0,,5.0,8.0,3.0,2.0,1.0,10.0,10.0,2.0,,,8.0,1.0,6,10.0,10,1
2014-02-25,80517,,11,3,6020.0,07203T10,BYBK,BAY BANCORP INC,BYBK,551111.0,Q,A,R,13085,3,6020.0,,,,60.0,602.0,,,,,,,4.95,-0.01,9380.0,1.0,5.0,46431.0,BYBK,10.0,,,,,1,10.0,1.0,1.0,,,,,,2.0,1.0,,,,,,10.0,2.0,2.0,8.0,,,,2.0,4.0,,,,1.0,7.0,10.0,,1.0,,5.0,8.0,3.0,2.0,1.0,10.0,10.0,2.0,,,8.0,1.0,6,10.0,10,1
2014-02-26,80517,,11,3,6020.0,07203T10,BYBK,BAY BANCORP INC,BYBK,551111.0,Q,A,R,13085,3,6020.0,,,,60.0,602.0,,,,,,,4.9,-0.010101,9380.0,1.0,4.9,45962.0,BYBK,10.0,,,,,1,10.0,1.0,1.0,,,,,,2.0,1.0,,,,,,10.0,2.0,2.0,8.0,,,,2.0,4.0,,,,1.0,7.0,10.0,,1.0,,5.0,8.0,3.0,2.0,1.0,10.0,10.0,2.0,,,8.0,1.0,6,10.0,10,1
2014-02-27,80517,,11,3,6020.0,07203T10,BYBK,BAY BANCORP INC,BYBK,551111.0,Q,A,R,13085,3,6020.0,,,,60.0,602.0,,,,,,,5.07,0.034694,9380.0,1.0,5.07,47556.6,BYBK,10.0,,,,,1,10.0,1.0,1.0,,,,,,2.0,1.0,,,,,,10.0,2.0,2.0,8.0,,,,2.0,4.0,,,,1.0,7.0,10.0,,1.0,,5.0,8.0,3.0,2.0,1.0,10.0,10.0,2.0,,,8.0,1.0,6,10.0,10,1
2014-02-28,80517,,11,3,6020.0,07203T10,BYBK,BAY BANCORP INC,BYBK,551111.0,Q,A,R,13085,3,6020.0,,,,60.0,602.0,,,,,,,5.05,-0.003945,9380.0,1.0,5.05,47369.0,BYBK,10.0,,,,,1,10.0,1.0,1.0,,,,,,2.0,1.0,,,,,,10.0,2.0,2.0,8.0,,,,2.0,4.0,,,,1.0,7.0,10.0,,1.0,,5.0,8.0,3.0,2.0,1.0,10.0,10.0,2.0,,,8.0,1.0,6,10.0,10,1
2014-03-03,80517,,11,3,6020.0,07203T10,BYBK,BAY BANCORP INC,BYBK,551111.0,Q,A,R,13085,3,6020.0,,,,60.0,602.0,,,,,,,5.0899,0.007901,9380.0,1.0,5.0999,47743.262,BYBK,10.0,,,,,1,10.0,1.0,1.0,,,,,,2.0,1.0,,,,,,10.0,2.0,2.0,8.0,,,,6.0,5.0,,,,2.0,8.0,10.0,,1.0,,,,,9.0,1.0,10.0,1.0,9.0,,,2.0,1.0,6,10.0,10,1
2014-03-04,80517,,11,3,6020.0,07203T10,BYBK,BAY BANCORP INC,BYBK,551111.0,Q,A,R,13085,3,6020.0,,,,60.0,602.0,,,,,,,4.9999,-0.017682,9380.0,1.0,5.0999,46899.062,BYBK,10.0,,,,,1,10.0,1.0,1.0,,,,,,2.0,1.0,,,,,,10.0,2.0,2.0,8.0,,,,6.0,5.0,,,,2.0,8.0,10.0,,1.0,,,,,9.0,1.0,10.0,1.0,9.0,,,2.0,1.0,6,10.0,10,1
2014-03-05,80517,,11,3,6020.0,07203T10,BYBK,BAY BANCORP INC,BYBK,551111.0,Q,A,R,13085,3,6020.0,,,,60.0,602.0,,,,,,,4.85,-0.029981,9380.0,1.0,4.85,45493.0,BYBK,10.0,,,,,1,10.0,1.0,1.0,,,,,,2.0,1.0,,,,,,10.0,2.0,2.0,8.0,,,,6.0,5.0,,,,2.0,8.0,10.0,,1.0,,,,,9.0,1.0,10.0,1.0,9.0,,,2.0,1.0,6,10.0,10,1
2014-03-06,80517,,11,3,6020.0,07203T10,BYBK,BAY BANCORP INC,BYBK,551111.0,Q,A,R,13085,3,6020.0,,,,60.0,602.0,,,,,,,4.8716,0.004454,9380.0,1.0,4.7748,45695.608,BYBK,10.0,,,,,1,10.0,1.0,1.0,,,,,,2.0,1.0,,,,,,10.0,2.0,2.0,8.0,,,,6.0,5.0,,,,2.0,8.0,10.0,,1.0,,,,,9.0,1.0,10.0,1.0,9.0,,,2.0,1.0,6,10.0,10,1
2014-03-07,80517,,11,3,6020.0,07203T10,BYBK,BAY BANCORP INC,BYBK,551111.0,Q,A,R,13085,3,6020.0,,,,60.0,602.0,,,,,,,-4.965,0.019172,9380.0,1.0,,-46571.7,BYBK,10.0,,,,,1,10.0,1.0,1.0,,,,,,2.0,1.0,,,,,,10.0,2.0,2.0,8.0,,,,6.0,5.0,,,,2.0,8.0,10.0,,1.0,,,,,9.0,1.0,10.0,1.0,9.0,,,2.0,1.0,6,10.0,10,1
2014-03-10,80517,,11,3,6020.0,07203T10,BYBK,BAY BANCORP INC,BYBK,551111.0,Q,A,R,13085,3,6020.0,,,,60.0,602.0,,,,,,,-4.94,-0.005035,9380.0,1.0,,-46337.2,BYBK,10.0,,,,,1,10.0,1.0,1.0,,,,,,2.0,1.0,,,,,,10.0,2.0,2.0,8.0,,,,6.0,5.0,,,,2.0,8.0,10.0,,1.0,,,,,9.0,1.0,10.0,1.0,9.0,,,2.0,1.0,6,10.0,10,1
2014-03-11,80517,,11,3,6020.0,07203T10,BYBK,BAY BANCORP INC,BYBK,551111.0,Q,A,R,13085,3,6020.0,,,,60.0,602.0,,,,,,,-4.995,0.011134,9380.0,1.0,,-46853.1,BYBK,10.0,,,,,1,10.0,1.0,1.0,,,,,,2.0,1.0,,,,,,10.0,2.0,2.0,8.0,,,,6.0,5.0,,,,2.0,8.0,10.0,,1.0,,,,,9.0,1.0,10.0,1.0,9.0,,,2.0,1.0,6,10.0,10,1
2014-03-12,80517,,11,3,6020.0,07203T10,BYBK,BAY BANCORP INC,BYBK,551111.0,Q,A,R,13085,3,6020.0,,,,60.0,602.0,,,,,,,-5.015,0.004004,9380.0,1.0,,-47040.7,BYBK,10.0,,,,,1,10.0,1.0,1.0,,,,,,2.0,1.0,,,,,,10.0,2.0,2.0,8.0,,,,6.0,5.0,,,,2.0,8.0,10.0,,1.0,,,,,9.0,1.0,10.0,1.0,9.0,,,2.0,1.0,6,10.0,10,1
2014-03-13,80517,,11,3,6020.0,07203T10,BYBK,BAY BANCORP INC,BYBK,551111.0,Q,A,R,13085,3,6020.0,,,,60.0,602.0,,,,,,,-5.02,0.000997,9380.0,1.0,,-47087.6,BYBK,10.0,,,,,1,10.0,1.0,1.0,,,,,,2.0,1.0,,,,,,10.0,2.0,2.0,8.0,,,,6.0,5.0,,,,2.0,8.0,10.0,,1.0,,,,,9.0,1.0,10.0,1.0,9.0,,,2.0,1.0,6,10.0,10,1
2014-03-14,80517,,11,3,6020.0,07203T10,BYBK,BAY BANCORP INC,BYBK,551111.0,Q,A,R,13085,3,6020.0,,,,60.0,602.0,,,,,,,-5.02,0.0,9380.0,1.0,,-47087.6,BYBK,10.0,,,,,1,10.0,1.0,1.0,,,,,,2.0,1.0,,,,,,10.0,2.0,2.0,8.0,,,,6.0,5.0,,,,2.0,8.0,10.0,,1.0,,,,,9.0,1.0,10.0,1.0,9.0,,,2.0,1.0,6,10.0,10,1
2014-03-17,80517,,11,3,6020.0,07203T10,BYBK,BAY BANCORP INC,BYBK,551111.0,Q,A,R,13085,3,6020.0,,,,60.0,602.0,,,,,,,-5.15,0.025896,9380.0,1.0,,-48307.0,BYBK,10.0,,,,,1,10.0,1.0,1.0,,,,,,2.0,1.0,,,,,,10.0,2.0,2.0,8.0,,,,6.0,5.0,,,,2.0,8.0,10.0,,1.0,,,,,9.0,1.0,10.0,1.0,9.0,,,2.0,1.0,6,10.0,10,1
2014-03-18,80517,,11,3,6020.0,07203T10,BYBK,BAY BANCORP INC,BYBK,551111.0,Q,A,R,13085,3,6020.0,,,,60.0,602.0,,,,,,,-5.42,0.052427,9380.0,1.0,,-50839.6,BYBK,10.0,,,,,1,10.0,1.0,1.0,,,,,,2.0,1.0,,,,,,10.0,2.0,2.0,8.0,,,,6.0,5.0,,,,2.0,8.0,10.0,,1.0,,,,,9.0,1.0,10.0,1.0,9.0,,,2.0,1.0,6,10.0,10,1
2014-03-19,80517,,11,3,6020.0,07203T10,BYBK,BAY BANCORP INC,BYBK,551111.0,Q,A,R,13085,3,6020.0,,,,60.0,602.0,,,,,,,5.0499,-0.068284,9380.0,1.0,5.0499,47368.062,BYBK,10.0,,,,,1,10.0,1.0,1.0,,,,,,2.0,1.0,,,,,,10.0,2.0,2.0,8.0,,,,6.0,5.0,,,,2.0,8.0,10.0,,1.0,,,,,9.0,1.0,10.0,1.0,9.0,,,2.0,1.0,6,10.0,10,1
2014-03-20,80517,,11,3,6020.0,07203T10,BYBK,BAY BANCORP INC,BYBK,551111.0,Q,A,R,13085,3,6020.0,,,,60.0,602.0,,,,,,,4.95,-0.019783,9380.0,1.0,4.81,46431.0,BYBK,10.0,,,,,1,10.0,1.0,1.0,,,,,,2.0,1.0,,,,,,10.0,2.0,2.0,8.0,,,,6.0,5.0,,,,2.0,8.0,10.0,,1.0,,,,,9.0,1.0,10.0,1.0,9.0,,,2.0,1.0,6,10.0,10,1
2014-03-21,80517,,11,3,6020.0,07203T10,BYBK,BAY BANCORP INC,BYBK,551111.0,Q,A,R,13085,3,6020.0,,,,60.0,602.0,,,,,,,5.0499,0.020182,9380.0,1.0,5.0499,47368.062,BYBK,10.0,,,,,1,10.0,1.0,1.0,,,,,,2.0,1.0,,,,,,10.0,2.0,2.0,8.0,,,,6.0,5.0,,,,2.0,8.0,10.0,,1.0,,,,,9.0,1.0,10.0,1.0,9.0,,,2.0,1.0,6,10.0,10,1
2014-03-24,80517,,11,3,6020.0,07203T10,BYBK,BAY BANCORP INC,BYBK,551111.0,Q,A,R,13085,3,6020.0,,,,60.0,602.0,,,,,,,5.0431,-0.001347,9380.0,1.0,4.95,47304.278,BYBK,10.0,,,,,1,10.0,1.0,1.0,,,,,,2.0,1.0,,,,,,10.0,2.0,2.0,8.0,,,,6.0,5.0,,,,2.0,8.0,10.0,,1.0,,,,,9.0,1.0,10.0,1.0,9.0,,,2.0,1.0,6,10.0,10,1
2014-03-25,80517,,11,3,6020.0,07203T10,BYBK,BAY BANCORP INC,BYBK,551111.0,Q,A,R,13085,3,6020.0,,,,60.0,602.0,,,,,,,-5.42,0.074736,9380.0,1.0,,-50839.6,BYBK,10.0,,,,,1,10.0,1.0,1.0,,,,,,2.0,1.0,,,,,,10.0,2.0,2.0,8.0,,,,6.0,5.0,,,,2.0,8.0,10.0,,1.0,,,,,9.0,1.0,10.0,1.0,9.0,,,2.0,1.0,6,10.0,10,1
2014-03-26,80517,,11,3,6020.0,07203T10,BYBK,BAY BANCORP INC,BYBK,551111.0,Q,A,R,13085,3,6020.0,,,,60.0,602.0,,,,,,,-5.435,0.002768,9380.0,1.0,,-50980.3,BYBK,10.0,,,,,1,10.0,1.0,1.0,,,,,,2.0,1.0,,,,,,10.0,2.0,2.0,8.0,,,,6.0,5.0,,,,2.0,8.0,10.0,,1.0,,,,,9.0,1.0,10.0,1.0,9.0,,,2.0,1.0,6,10.0,10,1
2014-03-27,80517,,11,3,6020.0,07203T10,BYBK,BAY BANCORP INC,BYBK,551111.0,Q,A,R,13085,3,6020.0,,,,60.0,602.0,,,,,,,-5.25,-0.034039,9380.0,1.0,,-49245.0,BYBK,10.0,,,,,1,10.0,1.0,1.0,,,,,,2.0,1.0,,,,,,10.0,2.0,2.0,8.0,,,,6.0,5.0,,,,2.0,8.0,10.0,,1.0,,,,,9.0,1.0,10.0,1.0,9.0,,,2.0,1.0,6,10.0,10,1
2014-03-28,80517,,11,3,6020.0,07203T10,BYBK,BAY BANCORP INC,BYBK,551111.0,Q,A,R,13085,3,6020.0,,,,60.0,602.0,,,,,,,-5.225,-0.004762,9380.0,1.0,,-49010.5,BYBK,10.0,,,,,1,10.0,1.0,1.0,,,,,,2.0,1.0,,,,,,10.0,2.0,2.0,8.0,,,,6.0,5.0,,,,2.0,8.0,10.0,,1.0,,,,,9.0,1.0,10.0,1.0,9.0,,,2.0,1.0,6,10.0,10,1
2014-03-31,80517,,11,3,6020.0,07203T10,BYBK,BAY BANCORP INC,BYBK,551111.0,Q,A,R,13085,3,6020.0,,,,60.0,602.0,,,,,,,-5.275,0.009569,9380.0,1.0,,-49479.5,BYBK,10.0,,,,,1,10.0,1.0,1.0,,,,,,2.0,1.0,,,,,,10.0,2.0,2.0,8.0,,,,6.0,5.0,,,,2.0,8.0,10.0,,1.0,,,,,9.0,1.0,10.0,1.0,9.0,,,2.0,1.0,6,10.0,10,1
2014-04-01,80517,,11,3,6020.0,07203T10,BYBK,BAY BANCORP INC,BYBK,551111.0,Q,A,R,13085,3,6020.0,,,,60.0,602.0,,,,,,,5.04,-0.04455,9380.0,1.0,5.04,47275.2,BYBK,10.0,,,,,1,10.0,1.0,1.0,,,,,,2.0,1.0,,,,,,10.0,2.0,2.0,8.0,,,,,8.0,,,,2.0,8.0,9.0,,1.0,,4.0,9.0,3.0,3.0,1.0,10.0,4.0,4.0,,,3.0,1.0,5,10.0,10,1
2014-04-02,80517,,11,3,6020.0,07203T10,BYBK,BAY BANCORP INC,BYBK,551111.0,Q,A,R,13085,3,6020.0,,,,60.0,602.0,,,,,,,-5.275,0.046627,9380.0,1.0,,-49479.5,BYBK,10.0,,,,,1,10.0,1.0,1.0,,,,,,2.0,1.0,,,,,,10.0,2.0,2.0,8.0,,,,,8.0,,,,2.0,8.0,9.0,,1.0,,4.0,9.0,3.0,3.0,1.0,10.0,4.0,4.0,,,3.0,1.0,5,10.0,10,1
2014-04-03,80517,,11,3,6020.0,07203T10,BYBK,BAY BANCORP INC,BYBK,551111.0,Q,A,R,13085,3,6020.0,,,,60.0,602.0,,,,,,,-5.205,-0.01327,9380.0,1.0,,-48822.9,BYBK,10.0,,,,,1,10.0,1.0,1.0,,,,,,2.0,1.0,,,,,,10.0,2.0,2.0,8.0,,,,,8.0,,,,2.0,8.0,9.0,,1.0,,4.0,9.0,3.0,3.0,1.0,10.0,4.0,4.0,,,3.0,1.0,5,10.0,10,1
2014-04-04,80517,,11,3,6020.0,07203T10,BYBK,BAY BANCORP INC,BYBK,551111.0,Q,A,R,13085,3,6020.0,,,,60.0,602.0,,,,,,,-5.225,0.003842,9380.0,1.0,,-49010.5,BYBK,10.0,,,,,1,10.0,1.0,1.0,,,,,,2.0,1.0,,,,,,10.0,2.0,2.0,8.0,,,,,8.0,,,,2.0,8.0,9.0,,1.0,,4.0,9.0,3.0,3.0,1.0,10.0,4.0,4.0,,,3.0,1.0,5,10.0,10,1
2014-04-07,80517,,11,3,6020.0,07203T10,BYBK,BAY BANCORP INC,BYBK,551111.0,Q,A,R,13085,3,6020.0,,,,60.0,602.0,,,,,,,-5.225,0.0,9380.0,1.0,,-49010.5,BYBK,10.0,,,,,1,10.0,1.0,1.0,,,,,,2.0,1.0,,,,,,10.0,2.0,2.0,8.0,,,,,8.0,,,,2.0,8.0,9.0,,1.0,,4.0,9.0,3.0,3.0,1.0,10.0,4.0,4.0,,,3.0,1.0,5,10.0,10,1
2014-04-08,80517,,11,3,6020.0,07203T10,BYBK,BAY BANCORP INC,BYBK,551111.0,Q,A,R,13085,3,6020.0,,,,60.0,602.0,,,,,,,4.96,-0.050718,9380.0,1.0,5.09,46524.8,BYBK,10.0,,,,,1,10.0,1.0,1.0,,,,,,2.0,1.0,,,,,,10.0,2.0,2.0,8.0,,,,,8.0,,,,2.0,8.0,9.0,,1.0,,4.0,9.0,3.0,3.0,1.0,10.0,4.0,4.0,,,3.0,1.0,5,10.0,10,1
2014-04-09,80517,,11,3,6020.0,07203T10,BYBK,BAY BANCORP INC,BYBK,551111.0,Q,A,R,13085,3,6020.0,,,,60.0,602.0,,,,,,,5.09,0.02621,9380.0,1.0,5.08,47744.2,BYBK,10.0,,,,,1,10.0,1.0,1.0,,,,,,2.0,1.0,,,,,,10.0,2.0,2.0,8.0,,,,,8.0,,,,2.0,8.0,9.0,,1.0,,4.0,9.0,3.0,3.0,1.0,10.0,4.0,4.0,,,3.0,1.0,5,10.0,10,1
2014-04-10,80517,,11,3,6020.0,07203T10,BYBK,BAY BANCORP INC,BYBK,551111.0,Q,A,R,13085,3,6020.0,,,,60.0,602.0,,,,,,,5.09,0.0,9380.0,1.0,5.2,47744.2,BYBK,10.0,,,,,1,10.0,1.0,1.0,,,,,,2.0,1.0,,,,,,10.0,2.0,2.0,8.0,,,,,8.0,,,,2.0,8.0,9.0,,1.0,,4.0,9.0,3.0,3.0,1.0,10.0,4.0,4.0,,,3.0,1.0,5,10.0,10,1
2014-04-11,80517,,11,3,6020.0,07203T10,BYBK,BAY BANCORP INC,BYBK,551111.0,Q,A,R,13085,3,6020.0,,,,60.0,602.0,,,,,,,-5.23,0.027505,9380.0,1.0,,-49057.4,BYBK,10.0,,,,,1,10.0,1.0,1.0,,,,,,2.0,1.0,,,,,,10.0,2.0,2.0,8.0,,,,,8.0,,,,2.0,8.0,9.0,,1.0,,4.0,9.0,3.0,3.0,1.0,10.0,4.0,4.0,,,3.0,1.0,5,10.0,10,1
2014-04-14,80517,,11,3,6020.0,07203T10,BYBK,BAY BANCORP INC,BYBK,551111.0,Q,A,R,13085,3,6020.0,,,,60.0,602.0,,,,,,,-5.05,-0.034417,9380.0,1.0,,-47369.0,BYBK,10.0,,,,,1,10.0,1.0,1.0,,,,,,2.0,1.0,,,,,,10.0,2.0,2.0,8.0,,,,,8.0,,,,2.0,8.0,9.0,,1.0,,4.0,9.0,3.0,3.0,1.0,10.0,4.0,4.0,,,3.0,1.0,5,10.0,10,1
2014-04-15,80517,,11,3,6020.0,07203T10,BYBK,BAY BANCORP INC,BYBK,551111.0,Q,A,R,13085,3,6020.0,,,,60.0,602.0,,,,,,,-5.05,0.0,9380.0,1.0,,-47369.0,BYBK,10.0,,,,,1,10.0,1.0,1.0,,,,,,2.0,1.0,,,,,,10.0,2.0,2.0,8.0,,,,,8.0,,,,2.0,8.0,9.0,,1.0,,4.0,9.0,3.0,3.0,1.0,10.0,4.0,4.0,,,3.0,1.0,5,10.0,10,1
2014-04-16,80517,,11,3,6020.0,07203T10,BYBK,BAY BANCORP INC,BYBK,551111.0,Q,A,R,13085,3,6020.0,,,,60.0,602.0,,,,,,,-5.06,0.00198,9380.0,1.0,,-47462.8,BYBK,10.0,,,,,1,10.0,1.0,1.0,,,,,,2.0,1.0,,,,,,10.0,2.0,2.0,8.0,,,,,8.0,,,,2.0,8.0,9.0,,1.0,,4.0,9.0,3.0,3.0,1.0,10.0,4.0,4.0,,,3.0,1.0,5,10.0,10,1
2014-04-17,80517,,11,3,6020.0,07203T10,BYBK,BAY BANCORP INC,BYBK,551111.0,Q,A,R,13085,3,6020.0,,,,60.0,602.0,,,,,,,5.1,0.007905,9380.0,1.0,5.1,47838.0,BYBK,10.0,,,,,1,10.0,1.0,1.0,,,,,,2.0,1.0,,,,,,10.0,2.0,2.0,8.0,,,,,8.0,,,,2.0,8.0,9.0,,1.0,,4.0,9.0,3.0,3.0,1.0,10.0,4.0,4.0,,,3.0,1.0,5,10.0,10,1
2014-04-21,80517,,11,3,6020.0,07203T10,BYBK,BAY BANCORP INC,BYBK,551111.0,Q,A,R,13085,3,6020.0,,,,60.0,602.0,,,,,,,5.1,0.0,9380.0,1.0,5.0,47838.0,BYBK,10.0,,,,,1,10.0,1.0,1.0,,,,,,2.0,1.0,,,,,,10.0,2.0,2.0,8.0,,,,,8.0,,,,2.0,8.0,9.0,,1.0,,4.0,9.0,3.0,3.0,1.0,10.0,4.0,4.0,,,3.0,1.0,5,10.0,10,1
2014-04-22,80517,,11,3,6020.0,07203T10,BYBK,BAY BANCORP INC,BYBK,551111.0,Q,A,R,13085,3,6020.0,,,,60.0,602.0,,,,,,,5.05,-0.009804,9380.0,1.0,5.03,47369.0,BYBK,10.0,,,,,1,10.0,1.0,1.0,,,,,,2.0,1.0,,,,,,10.0,2.0,2.0,8.0,,,,,8.0,,,,2.0,8.0,9.0,,1.0,,4.0,9.0,3.0,3.0,1.0,10.0,4.0,4.0,,,3.0,1.0,5,10.0,10,1
2014-04-23,80517,,11,3,6020.0,07203T10,BYBK,BAY BANCORP INC,BYBK,551111.0,Q,A,R,13085,3,6020.0,,,,60.0,602.0,,,,,,,5.05,0.0,9380.0,1.0,5.05,47369.0,BYBK,10.0,,,,,1,10.0,1.0,1.0,,,,,,2.0,1.0,,,,,,10.0,2.0,2.0,8.0,,,,,8.0,,,,2.0,8.0,9.0,,1.0,,4.0,9.0,3.0,3.0,1.0,10.0,4.0,4.0,,,3.0,1.0,5,10.0,10,1
2014-04-24,80517,,11,3,6020.0,07203T10,BYBK,BAY BANCORP INC,BYBK,551111.0,Q,A,R,13085,3,6020.0,,,,60.0,602.0,,,,,,,5.0,-0.009901,9380.0,1.0,4.8001,46900.0,BYBK,10.0,,,,,1,10.0,1.0,1.0,,,,,,2.0,1.0,,,,,,10.0,2.0,2.0,8.0,,,,,8.0,,,,2.0,8.0,9.0,,1.0,,4.0,9.0,3.0,3.0,1.0,10.0,4.0,4.0,,,3.0,1.0,5,10.0,10,1
2014-04-25,80517,,11,3,6020.0,07203T10,BYBK,BAY BANCORP INC,BYBK,551111.0,Q,A,R,13085,3,6020.0,,,,60.0,602.0,,,,,,,-5.0,0.0,9380.0,1.0,,-46900.0,BYBK,10.0,,,,,1,10.0,1.0,1.0,,,,,,2.0,1.0,,,,,,10.0,2.0,2.0,8.0,,,,,8.0,,,,2.0,8.0,9.0,,1.0,,4.0,9.0,3.0,3.0,1.0,10.0,4.0,4.0,,,3.0,1.0,5,10.0,10,1
2014-04-28,80517,,11,3,6020.0,07203T10,BYBK,BAY BANCORP INC,BYBK,551111.0,Q,A,R,13085,3,6020.0,,,,60.0,602.0,,,,,,,-4.975,-0.005,9380.0,1.0,,-46665.5,BYBK,10.0,,,,,1,10.0,1.0,1.0,,,,,,2.0,1.0,,,,,,10.0,2.0,2.0,8.0,,,,,8.0,,,,2.0,8.0,9.0,,1.0,,4.0,9.0,3.0,3.0,1.0,10.0,4.0,4.0,,,3.0,1.0,5,10.0,10,1
2014-04-29,80517,,11,3,6020.0,07203T10,BYBK,BAY BANCORP INC,BYBK,551111.0,Q,A,R,13085,3,6020.0,,,,60.0,602.0,,,,,,,-4.975,0.0,9380.0,1.0,,-46665.5,BYBK,10.0,,,,,1,10.0,1.0,1.0,,,,,,2.0,1.0,,,,,,10.0,2.0,2.0,8.0,,,,,8.0,,,,2.0,8.0,9.0,,1.0,,4.0,9.0,3.0,3.0,1.0,10.0,4.0,4.0,,,3.0,1.0,5,10.0,10,1
2014-04-30,80517,,11,3,6020.0,07203T10,BYBK,BAY BANCORP INC,BYBK,551111.0,Q,A,R,13085,3,6020.0,,,,60.0,602.0,,,,,,,4.968,-0.001407,9380.0,1.0,4.968,46599.84,BYBK,10.0,,,,,1,10.0,1.0,1.0,,,,,,2.0,1.0,,,,,,10.0,2.0,2.0,8.0,,,,,8.0,,,,2.0,8.0,9.0,,1.0,,4.0,9.0,3.0,3.0,1.0,10.0,4.0,4.0,,,3.0,1.0,5,10.0,10,1
2014-05-01,80517,,11,3,6020.0,07203T10,BYBK,BAY BANCORP INC,BYBK,551111.0,Q,A,R,13085,3,6020.0,,,,60.0,602.0,,,,,,,4.95,-0.003623,9380.0,1.0,4.95,46431.0,BYBK,10.0,,,,,1,10.0,1.0,1.0,,,,,,2.0,1.0,,,,,,10.0,2.0,2.0,8.0,,,,,5.0,,,,2.0,8.0,9.0,,1.0,,6.0,9.0,3.0,8.0,2.0,10.0,10.0,6.0,,,9.0,1.0,5,10.0,10,1
2014-05-02,80517,,11,3,6020.0,07203T10,BYBK,BAY BANCORP INC,BYBK,551111.0,Q,A,R,13085,3,6020.0,,,,60.0,602.0,,,,,,,-4.975,0.005051,9380.0,1.0,,-46665.5,BYBK,10.0,,,,,1,10.0,1.0,1.0,,,,,,2.0,1.0,,,,,,10.0,2.0,2.0,8.0,,,,,5.0,,,,2.0,8.0,9.0,,1.0,,6.0,9.0,3.0,8.0,2.0,10.0,10.0,6.0,,,9.0,1.0,5,10.0,10,1
2014-05-05,80517,,11,3,6020.0,07203T10,BYBK,BAY BANCORP INC,BYBK,551111.0,Q,A,R,13085,3,6020.0,,,,60.0,602.0,,,,,,,-5.0,0.005025,9380.0,1.0,,-46900.0,BYBK,10.0,,,,,1,10.0,1.0,1.0,,,,,,2.0,1.0,,,,,,10.0,2.0,2.0,8.0,,,,,5.0,,,,2.0,8.0,9.0,,1.0,,6.0,9.0,3.0,8.0,2.0,10.0,10.0,6.0,,,9.0,1.0,5,10.0,10,1
2014-05-06,80517,,11,3,6020.0,07203T10,BYBK,BAY BANCORP INC,BYBK,551111.0,Q,A,R,13085,3,6020.0,,,,60.0,602.0,,,,,,,4.95,-0.01,9380.0,1.0,4.95,46431.0,BYBK,10.0,,,,,1,10.0,1.0,1.0,,,,,,2.0,1.0,,,,,,10.0,2.0,2.0,8.0,,,,,5.0,,,,2.0,8.0,9.0,,1.0,,6.0,9.0,3.0,8.0,2.0,10.0,10.0,6.0,,,9.0,1.0,5,10.0,10,1
2014-05-07,80517,,11,3,6020.0,07203T10,BYBK,BAY BANCORP INC,BYBK,551111.0,Q,A,R,13085,3,6020.0,,,,60.0,602.0,,,,,,,-4.975,0.005051,9380.0,1.0,,-46665.5,BYBK,10.0,,,,,1,10.0,1.0,1.0,,,,,,2.0,1.0,,,,,,10.0,2.0,2.0,8.0,,,,,5.0,,,,2.0,8.0,9.0,,1.0,,6.0,9.0,3.0,8.0,2.0,10.0,10.0,6.0,,,9.0,1.0,5,10.0,10,1
2014-05-08,80517,,11,3,6020.0,07203T10,BYBK,BAY BANCORP INC,BYBK,551111.0,Q,A,R,13085,3,6020.0,,,,60.0,602.0,,,,,,,5.0,0.005025,9380.0,1.0,5.0,46900.0,BYBK,10.0,,,,,1,10.0,1.0,1.0,,,,,,2.0,1.0,,,,,,10.0,2.0,2.0,8.0,,,,,5.0,,,,2.0,8.0,9.0,,1.0,,6.0,9.0,3.0,8.0,2.0,10.0,10.0,6.0,,,9.0,1.0,5,10.0,10,1
2014-05-09,80517,,11,3,6020.0,07203T10,BYBK,BAY BANCORP INC,BYBK,551111.0,Q,A,R,13085,3,6020.0,,,,60.0,602.0,,,,,,,5.0,0.0,9380.0,1.0,5.04,46900.0,BYBK,10.0,,,,,1,10.0,1.0,1.0,,,,,,2.0,1.0,,,,,,10.0,2.0,2.0,8.0,,,,,5.0,,,,2.0,8.0,9.0,,1.0,,6.0,9.0,3.0,8.0,2.0,10.0,10.0,6.0,,,9.0,1.0,5,10.0,10,1
2014-05-12,80517,,11,3,6020.0,07203T10,BYBK,BAY BANCORP INC,BYBK,551111.0,Q,A,R,13085,3,6020.0,,,,60.0,602.0,,,,,,,4.9501,-0.00998,9380.0,1.0,4.95,46431.938,BYBK,10.0,,,,,1,10.0,1.0,1.0,,,,,,2.0,1.0,,,,,,10.0,2.0,2.0,8.0,,,,,5.0,,,,2.0,8.0,9.0,,1.0,,6.0,9.0,3.0,8.0,2.0,10.0,10.0,6.0,,,9.0,1.0,5,10.0,10,1
2014-05-13,80517,,11,3,6020.0,07203T10,BYBK,BAY BANCORP INC,BYBK,551111.0,Q,A,R,13085,3,6020.0,,,,60.0,602.0,,,,,,,4.95,-2e-05,9380.0,1.0,4.95,46431.0,BYBK,10.0,,,,,1,10.0,1.0,1.0,,,,,,2.0,1.0,,,,,,10.0,2.0,2.0,8.0,,,,,5.0,,,,2.0,8.0,9.0,,1.0,,6.0,9.0,3.0,8.0,2.0,10.0,10.0,6.0,,,9.0,1.0,5,10.0,10,1
2014-05-14,80517,,11,3,6020.0,07203T10,BYBK,BAY BANCORP INC,BYBK,551111.0,Q,A,R,13085,3,6020.0,,,,60.0,602.0,,,,,,,4.9101,-0.008061,9380.0,1.0,4.95,46056.738,BYBK,10.0,,,,,1,10.0,1.0,1.0,,,,,,2.0,1.0,,,,,,10.0,2.0,2.0,8.0,,,,,5.0,,,,2.0,8.0,9.0,,1.0,,6.0,9.0,3.0,8.0,2.0,10.0,10.0,6.0,,,9.0,1.0,5,10.0,10,1
2014-05-15,80517,,11,3,6020.0,07203T10,BYBK,BAY BANCORP INC,BYBK,551111.0,Q,A,R,13085,3,6020.0,,,,60.0,602.0,,,,,,,4.9001,-0.002037,9380.0,1.0,4.9,45962.938,BYBK,10.0,,,,,1,10.0,1.0,1.0,,,,,,2.0,1.0,,,,,,10.0,2.0,2.0,8.0,,,,,5.0,,,,2.0,8.0,9.0,,1.0,,6.0,9.0,3.0,8.0,2.0,10.0,10.0,6.0,,,9.0,1.0,5,10.0,10,1
2014-05-16,80517,,11,3,6020.0,07203T10,BYBK,BAY BANCORP INC,BYBK,551111.0,Q,A,R,13085,3,6020.0,,,,60.0,602.0,,,,,,,5.016,0.023652,9380.0,1.0,4.882,47050.08,BYBK,10.0,,,,,1,10.0,1.0,1.0,,,,,,2.0,1.0,,,,,,10.0,2.0,2.0,8.0,,,,,5.0,,,,2.0,8.0,9.0,,1.0,,6.0,9.0,3.0,8.0,2.0,10.0,10.0,6.0,,,9.0,1.0,5,10.0,10,1
2014-05-19,80517,,11,3,6020.0,07203T10,BYBK,BAY BANCORP INC,BYBK,551111.0,Q,A,R,13085,3,6020.0,,,,60.0,602.0,,,,,,,-4.915,-0.020136,9380.0,1.0,,-46102.7,BYBK,10.0,,,,,1,10.0,1.0,1.0,,,,,,2.0,1.0,,,,,,10.0,2.0,2.0,8.0,,,,,5.0,,,,2.0,8.0,9.0,,1.0,,6.0,9.0,3.0,8.0,2.0,10.0,10.0,6.0,,,9.0,1.0,5,10.0,10,1
2014-05-20,80517,,11,3,6020.0,07203T10,BYBK,BAY BANCORP INC,BYBK,551111.0,Q,A,R,13085,3,6020.0,,,,60.0,602.0,,,,,,,-4.905,-0.002035,9380.0,1.0,,-46008.9,BYBK,10.0,,,,,1,10.0,1.0,1.0,,,,,,2.0,1.0,,,,,,10.0,2.0,2.0,8.0,,,,,5.0,,,,2.0,8.0,9.0,,1.0,,6.0,9.0,3.0,8.0,2.0,10.0,10.0,6.0,,,9.0,1.0,5,10.0,10,1
2014-05-21,80517,,11,3,6020.0,07203T10,BYBK,BAY BANCORP INC,BYBK,551111.0,Q,A,R,13085,3,6020.0,,,,60.0,602.0,,,,,,,-4.89,-0.003058,9380.0,1.0,,-45868.2,BYBK,10.0,,,,,1,10.0,1.0,1.0,,,,,,2.0,1.0,,,,,,10.0,2.0,2.0,8.0,,,,,5.0,,,,2.0,8.0,9.0,,1.0,,6.0,9.0,3.0,8.0,2.0,10.0,10.0,6.0,,,9.0,1.0,5,10.0,10,1
2014-05-22,80517,,11,3,6020.0,07203T10,BYBK,BAY BANCORP INC,BYBK,551111.0,Q,A,R,13085,3,6020.0,,,,60.0,602.0,,,,,,,-4.89,0.0,9380.0,1.0,,-45868.2,BYBK,10.0,,,,,1,10.0,1.0,1.0,,,,,,2.0,1.0,,,,,,10.0,2.0,2.0,8.0,,,,,5.0,,,,2.0,8.0,9.0,,1.0,,6.0,9.0,3.0,8.0,2.0,10.0,10.0,6.0,,,9.0,1.0,5,10.0,10,1
2014-05-23,80517,,11,3,6020.0,07203T10,BYBK,BAY BANCORP INC,BYBK,551111.0,Q,A,R,13085,3,6020.0,,,,60.0,602.0,,,,,,,-4.905,0.003067,9380.0,1.0,,-46008.9,BYBK,10.0,,,,,1,10.0,1.0,1.0,,,,,,2.0,1.0,,,,,,10.0,2.0,2.0,8.0,,,,,5.0,,,,2.0,8.0,9.0,,1.0,,6.0,9.0,3.0,8.0,2.0,10.0,10.0,6.0,,,9.0,1.0,5,10.0,10,1
2014-05-27,80517,,11,3,6020.0,07203T10,BYBK,BAY BANCORP INC,BYBK,551111.0,Q,A,R,13085,3,6020.0,,,,60.0,602.0,,,,,,,4.83,-0.01529,9380.0,1.0,4.8701,45305.4,BYBK,10.0,,,,,1,10.0,1.0,1.0,,,,,,2.0,1.0,,,,,,10.0,2.0,2.0,8.0,,,,,5.0,,,,2.0,8.0,9.0,,1.0,,6.0,9.0,3.0,8.0,2.0,10.0,10.0,6.0,,,9.0,1.0,5,10.0,10,1
2014-05-28,80517,,11,3,6020.0,07203T10,BYBK,BAY BANCORP INC,BYBK,551111.0,Q,A,R,13085,3,6020.0,,,,60.0,602.0,,,,,,,-4.875,0.009317,9380.0,1.0,,-45727.5,BYBK,10.0,,,,,1,10.0,1.0,1.0,,,,,,2.0,1.0,,,,,,10.0,2.0,2.0,8.0,,,,,5.0,,,,2.0,8.0,9.0,,1.0,,6.0,9.0,3.0,8.0,2.0,10.0,10.0,6.0,,,9.0,1.0,5,10.0,10,1
2014-05-29,80517,,11,3,6020.0,07203T10,BYBK,BAY BANCORP INC,BYBK,551111.0,Q,A,R,13085,3,6020.0,,,,60.0,602.0,,,,,,,4.84,-0.007179,9380.0,1.0,4.8399,45399.2,BYBK,10.0,,,,,1,10.0,1.0,1.0,,,,,,2.0,1.0,,,,,,10.0,2.0,2.0,8.0,,,,,5.0,,,,2.0,8.0,9.0,,1.0,,6.0,9.0,3.0,8.0,2.0,10.0,10.0,6.0,,,9.0,1.0,5,10.0,10,1
2014-05-30,80517,,11,3,6020.0,07203T10,BYBK,BAY BANCORP INC,BYBK,551111.0,Q,A,R,13085,3,6020.0,,,,60.0,602.0,,,,,,,4.868,0.005785,9380.0,1.0,4.868,45661.84,BYBK,10.0,,,,,1,10.0,1.0,1.0,,,,,,2.0,1.0,,,,,,10.0,2.0,2.0,8.0,,,,,5.0,,,,2.0,8.0,9.0,,1.0,,6.0,9.0,3.0,8.0,2.0,10.0,10.0,6.0,,,9.0,1.0,5,10.0,10,1
2014-06-02,80517,,11,3,6020.0,07203T10,BYBK,BAY BANCORP INC,BYBK,551111.0,Q,A,R,13085,3,6020.0,,,,60.0,602.0,,,,,,,-4.895,0.005546,9380.0,1.0,,-45915.1,BYBK,10.0,,,,,1,10.0,1.0,1.0,,,,,,2.0,1.0,,,,,,10.0,2.0,2.0,8.0,,,,3.0,2.0,,,,2.0,9.0,10.0,,6.0,,2.0,3.0,,8.0,2.0,10.0,2.0,8.0,,,1.0,1.0,5,10.0,10,1
2014-06-03,80517,,11,3,6020.0,07203T10,BYBK,BAY BANCORP INC,BYBK,551111.0,Q,A,R,13085,3,6020.0,,,,60.0,602.0,,,,,,,-4.905,0.002043,9380.0,1.0,,-46008.9,BYBK,10.0,,,,,1,10.0,1.0,1.0,,,,,,2.0,1.0,,,,,,10.0,2.0,2.0,8.0,,,,3.0,2.0,,,,2.0,9.0,10.0,,6.0,,2.0,3.0,,8.0,2.0,10.0,2.0,8.0,,,1.0,1.0,5,10.0,10,1
2014-06-04,80517,,11,3,6020.0,07203T10,BYBK,BAY BANCORP INC,BYBK,551111.0,Q,A,R,13085,3,6020.0,,,,60.0,602.0,,,,,,,4.96,0.011213,9380.0,1.0,4.8,46524.8,BYBK,10.0,,,,,1,10.0,1.0,1.0,,,,,,2.0,1.0,,,,,,10.0,2.0,2.0,8.0,,,,3.0,2.0,,,,2.0,9.0,10.0,,6.0,,2.0,3.0,,8.0,2.0,10.0,2.0,8.0,,,1.0,1.0,5,10.0,10,1
2014-06-05,80517,,11,3,6020.0,07203T10,BYBK,BAY BANCORP INC,BYBK,551111.0,Q,A,R,13085,3,6020.0,,,,60.0,602.0,,,,,,,-4.89,-0.014113,9380.0,1.0,,-45868.2,BYBK,10.0,,,,,1,10.0,1.0,1.0,,,,,,2.0,1.0,,,,,,10.0,2.0,2.0,8.0,,,,3.0,2.0,,,,2.0,9.0,10.0,,6.0,,2.0,3.0,,8.0,2.0,10.0,2.0,8.0,,,1.0,1.0,5,10.0,10,1
2014-06-06,80517,,11,3,6020.0,07203T10,BYBK,BAY BANCORP INC,BYBK,551111.0,Q,A,R,13085,3,6020.0,,,,60.0,602.0,,,,,,,4.9,0.002045,9380.0,1.0,4.9,45962.0,BYBK,10.0,,,,,1,10.0,1.0,1.0,,,,,,2.0,1.0,,,,,,10.0,2.0,2.0,8.0,,,,3.0,2.0,,,,2.0,9.0,10.0,,6.0,,2.0,3.0,,8.0,2.0,10.0,2.0,8.0,,,1.0,1.0,5,10.0,10,1
2014-06-09,80517,,11,3,6020.0,07203T10,BYBK,BAY BANCORP INC,BYBK,551111.0,Q,A,R,13085,3,6020.0,,,,60.0,602.0,,,,,,,-4.93,0.006122,9380.0,1.0,,-46243.4,BYBK,10.0,,,,,1,10.0,1.0,1.0,,,,,,2.0,1.0,,,,,,10.0,2.0,2.0,8.0,,,,3.0,2.0,,,,2.0,9.0,10.0,,6.0,,2.0,3.0,,8.0,2.0,10.0,2.0,8.0,,,1.0,1.0,5,10.0,10,1
2014-06-10,80517,,11,3,6020.0,07203T10,BYBK,BAY BANCORP INC,BYBK,551111.0,Q,A,R,13085,3,6020.0,,,,60.0,602.0,,,,,,,-4.93,0.0,9380.0,1.0,,-46243.4,BYBK,10.0,,,,,1,10.0,1.0,1.0,,,,,,2.0,1.0,,,,,,10.0,2.0,2.0,8.0,,,,3.0,2.0,,,,2.0,9.0,10.0,,6.0,,2.0,3.0,,8.0,2.0,10.0,2.0,8.0,,,1.0,1.0,5,10.0,10,1
2014-06-11,80517,,11,3,6020.0,07203T10,BYBK,BAY BANCORP INC,BYBK,551111.0,Q,A,R,13085,3,6020.0,,,,60.0,602.0,,,,,,,4.9,-0.006085,9380.0,1.0,4.954,45962.0,BYBK,10.0,,,,,1,10.0,1.0,1.0,,,,,,2.0,1.0,,,,,,10.0,2.0,2.0,8.0,,,,3.0,2.0,,,,2.0,9.0,10.0,,6.0,,2.0,3.0,,8.0,2.0,10.0,2.0,8.0,,,1.0,1.0,5,10.0,10,1
2014-06-12,80517,,11,3,6020.0,07203T10,BYBK,BAY BANCORP INC,BYBK,551111.0,Q,A,R,13085,3,6020.0,,,,60.0,602.0,,,,,,,-4.93,0.006122,9380.0,1.0,,-46243.4,BYBK,10.0,,,,,1,10.0,1.0,1.0,,,,,,2.0,1.0,,,,,,10.0,2.0,2.0,8.0,,,,3.0,2.0,,,,2.0,9.0,10.0,,6.0,,2.0,3.0,,8.0,2.0,10.0,2.0,8.0,,,1.0,1.0,5,10.0,10,1
2014-06-13,80517,,11,3,6020.0,07203T10,BYBK,BAY BANCORP INC,BYBK,551111.0,Q,A,R,13085,3,6020.0,,,,60.0,602.0,,,,,,,4.9,-0.006085,9380.0,1.0,4.936,45962.0,BYBK,10.0,,,,,1,10.0,1.0,1.0,,,,,,2.0,1.0,,,,,,10.0,2.0,2.0,8.0,,,,3.0,2.0,,,,2.0,9.0,10.0,,6.0,,2.0,3.0,,8.0,2.0,10.0,2.0,8.0,,,1.0,1.0,5,10.0,10,1
2014-06-16,80517,,11,3,6020.0,07203T10,BYBK,BAY BANCORP INC,BYBK,551111.0,Q,A,R,13085,3,6020.0,,,,60.0,602.0,,,,,,,4.948,0.009796,9380.0,1.0,4.948,46412.24,BYBK,10.0,,,,,1,10.0,1.0,1.0,,,,,,2.0,1.0,,,,,,10.0,2.0,2.0,8.0,,,,3.0,2.0,,,,2.0,9.0,10.0,,6.0,,2.0,3.0,,8.0,2.0,10.0,2.0,8.0,,,1.0,1.0,5,10.0,10,1
2014-06-17,80517,,11,3,6020.0,07203T10,BYBK,BAY BANCORP INC,BYBK,551111.0,Q,A,R,13085,3,6020.0,,,,60.0,602.0,,,,,,,4.9096,-0.007761,9380.0,1.0,4.9001,46052.048,BYBK,10.0,,,,,1,10.0,1.0,1.0,,,,,,2.0,1.0,,,,,,10.0,2.0,2.0,8.0,,,,3.0,2.0,,,,2.0,9.0,10.0,,6.0,,2.0,3.0,,8.0,2.0,10.0,2.0,8.0,,,1.0,1.0,5,10.0,10,1
2014-06-18,80517,,11,3,6020.0,07203T10,BYBK,BAY BANCORP INC,BYBK,551111.0,Q,A,R,13085,3,6020.0,,,,60.0,602.0,,,,,,,5.5,0.120254,9380.0,1.0,4.95,51590.0,BYBK,10.0,,,,,1,10.0,1.0,1.0,,,,,,2.0,1.0,,,,,,10.0,2.0,2.0,8.0,,,,3.0,2.0,,,,2.0,9.0,10.0,,6.0,,2.0,3.0,,8.0,2.0,10.0,2.0,8.0,,,1.0,1.0,5,10.0,10,1
2014-06-19,80517,,11,3,6020.0,07203T10,BYBK,BAY BANCORP INC,BYBK,551111.0,Q,A,R,13085,3,6020.0,,,,60.0,602.0,,,,,,,5.4999,-1.8e-05,9380.0,1.0,5.4999,51589.062,BYBK,10.0,,,,,1,10.0,1.0,1.0,,,,,,2.0,1.0,,,,,,10.0,2.0,2.0,8.0,,,,3.0,2.0,,,,2.0,9.0,10.0,,6.0,,2.0,3.0,,8.0,2.0,10.0,2.0,8.0,,,1.0,1.0,5,10.0,10,1
2014-06-20,80517,,11,3,6020.0,07203T10,BYBK,BAY BANCORP INC,BYBK,551111.0,Q,A,R,13085,3,6020.0,,,,60.0,602.0,,,,,,,5.49,-0.0018,9380.0,1.0,5.1,51496.2,BYBK,10.0,,,,,1,10.0,1.0,1.0,,,,,,2.0,1.0,,,,,,10.0,2.0,2.0,8.0,,,,3.0,2.0,,,,2.0,9.0,10.0,,6.0,,2.0,3.0,,8.0,2.0,10.0,2.0,8.0,,,1.0,1.0,5,10.0,10,1
2014-06-23,80517,,11,3,6020.0,07203T10,BYBK,BAY BANCORP INC,BYBK,551111.0,Q,A,R,13085,3,6020.0,,,,60.0,602.0,,,,,,,5.5,0.001822,9380.0,1.0,5.5,51590.0,BYBK,10.0,,,,,1,10.0,1.0,1.0,,,,,,2.0,1.0,,,,,,10.0,2.0,2.0,8.0,,,,3.0,2.0,,,,2.0,9.0,10.0,,6.0,,2.0,3.0,,8.0,2.0,10.0,2.0,8.0,,,1.0,1.0,5,10.0,10,1
2014-06-24,80517,,11,3,6020.0,07203T10,BYBK,BAY BANCORP INC,BYBK,551111.0,Q,A,R,13085,3,6020.0,,,,60.0,602.0,,,,,,,5.5,0.0,9380.0,1.0,5.5,51590.0,BYBK,10.0,,,,,1,10.0,1.0,1.0,,,,,,2.0,1.0,,,,,,10.0,2.0,2.0,8.0,,,,3.0,2.0,,,,2.0,9.0,10.0,,6.0,,2.0,3.0,,8.0,2.0,10.0,2.0,8.0,,,1.0,1.0,5,10.0,10,1
2014-06-25,80517,,11,3,6020.0,07203T10,BYBK,BAY BANCORP INC,BYBK,551111.0,Q,A,R,13085,3,6020.0,,,,60.0,602.0,,,,,,,5.1001,-0.072709,9380.0,1.0,5.1001,47838.938,BYBK,10.0,,,,,1,10.0,1.0,1.0,,,,,,2.0,1.0,,,,,,10.0,2.0,2.0,8.0,,,,3.0,2.0,,,,2.0,9.0,10.0,,6.0,,2.0,3.0,,8.0,2.0,10.0,2.0,8.0,,,1.0,1.0,5,10.0,10,1
2014-06-26,80517,,11,3,6020.0,07203T10,BYBK,BAY BANCORP INC,BYBK,551111.0,Q,A,R,13085,3,6020.0,,,,60.0,602.0,,,,,,,-5.15,0.009784,9380.0,1.0,,-48307.0,BYBK,10.0,,,,,1,10.0,1.0,1.0,,,,,,2.0,1.0,,,,,,10.0,2.0,2.0,8.0,,,,3.0,2.0,,,,2.0,9.0,10.0,,6.0,,2.0,3.0,,8.0,2.0,10.0,2.0,8.0,,,1.0,1.0,5,10.0,10,1
2014-06-27,80517,,11,3,6020.0,07203T10,BYBK,BAY BANCORP INC,BYBK,551111.0,Q,A,R,13085,3,6020.0,,,,60.0,602.0,,,,,,,5.18,0.005825,9380.0,1.0,5.2501,48588.4,BYBK,10.0,,,,,1,10.0,1.0,1.0,,,,,,2.0,1.0,,,,,,10.0,2.0,2.0,8.0,,,,3.0,2.0,,,,2.0,9.0,10.0,,6.0,,2.0,3.0,,8.0,2.0,10.0,2.0,8.0,,,1.0,1.0,5,10.0,10,1
2014-06-30,80517,,11,3,6020.0,07203T10,BYBK,BAY BANCORP INC,BYBK,551111.0,Q,A,R,13085,3,6020.0,,,,60.0,602.0,,,,,,,-5.14,-0.007722,10819.0,1.0,,-55609.66,BYBK,10.0,,,,,1,10.0,1.0,1.0,,,,,,2.0,1.0,,,,,,10.0,2.0,2.0,8.0,,,,3.0,2.0,,,,2.0,9.0,10.0,,6.0,,2.0,3.0,,8.0,2.0,10.0,2.0,8.0,,,1.0,1.0,5,10.0,10,1
2014-07-01,80517,,11,3,6020.0,07203T10,BYBK,BAY BANCORP INC,BYBK,551111.0,Q,A,R,13085,3,6020.0,,,,60.0,602.0,,,,,,,-5.15,0.001945,10819.0,1.0,,-55717.85,BYBK,10.0,,,,,10,10.0,1.0,1.0,,,,,,9.0,7.0,,,,,,10.0,3.0,4.0,4.0,,,,,3.0,,,10.0,2.0,10.0,9.0,,1.0,,3.0,3.0,3.0,4.0,2.0,10.0,2.0,4.0,,,1.0,1.0,5,10.0,10,1
2014-07-02,80517,,11,3,6020.0,07203T10,BYBK,BAY BANCORP INC,BYBK,551111.0,Q,A,R,13085,3,6020.0,,,,60.0,602.0,,,,,,,-5.15,0.0,10819.0,1.0,,-55717.85,BYBK,10.0,,,,,10,10.0,1.0,1.0,,,,,,9.0,7.0,,,,,,10.0,3.0,4.0,4.0,,,,,3.0,,,10.0,2.0,10.0,9.0,,1.0,,3.0,3.0,3.0,4.0,2.0,10.0,2.0,4.0,,,1.0,1.0,5,10.0,10,1
2014-07-03,80517,,11,3,6020.0,07203T10,BYBK,BAY BANCORP INC,BYBK,551111.0,Q,A,R,13085,3,6020.0,,,,60.0,602.0,,,,,,,-5.3,0.029126,10819.0,1.0,,-57340.7,BYBK,10.0,,,,,10,10.0,1.0,1.0,,,,,,9.0,7.0,,,,,,10.0,3.0,4.0,4.0,,,,,3.0,,,10.0,2.0,10.0,9.0,,1.0,,3.0,3.0,3.0,4.0,2.0,10.0,2.0,4.0,,,1.0,1.0,5,10.0,10,1
2014-07-07,80517,,11,3,6020.0,07203T10,BYBK,BAY BANCORP INC,BYBK,551111.0,Q,A,R,13085,3,6020.0,,,,60.0,602.0,,,,,,,5.37,0.013207,10819.0,1.0,5.1,58098.03,BYBK,10.0,,,,,10,10.0,1.0,1.0,,,,,,9.0,7.0,,,,,,10.0,3.0,4.0,4.0,,,,,3.0,,,10.0,2.0,10.0,9.0,,1.0,,3.0,3.0,3.0,4.0,2.0,10.0,2.0,4.0,,,1.0,1.0,5,10.0,10,1
2014-07-08,80517,,11,3,6020.0,07203T10,BYBK,BAY BANCORP INC,BYBK,551111.0,Q,A,R,13085,3,6020.0,,,,60.0,602.0,,,,,,,4.84,-0.098696,10819.0,1.0,5.22,52363.96,BYBK,10.0,,,,,10,10.0,1.0,1.0,,,,,,9.0,7.0,,,,,,10.0,3.0,4.0,4.0,,,,,3.0,,,10.0,2.0,10.0,9.0,,1.0,,3.0,3.0,3.0,4.0,2.0,10.0,2.0,4.0,,,1.0,1.0,5,10.0,10,1
2014-07-09,80517,,11,3,6020.0,07203T10,BYBK,BAY BANCORP INC,BYBK,551111.0,Q,A,R,13085,3,6020.0,,,,60.0,602.0,,,,,,,4.9,0.012397,10819.0,1.0,4.9,53013.1,BYBK,10.0,,,,,10,10.0,1.0,1.0,,,,,,9.0,7.0,,,,,,10.0,3.0,4.0,4.0,,,,,3.0,,,10.0,2.0,10.0,9.0,,1.0,,3.0,3.0,3.0,4.0,2.0,10.0,2.0,4.0,,,1.0,1.0,5,10.0,10,1
2014-07-10,80517,,11,3,6020.0,07203T10,BYBK,BAY BANCORP INC,BYBK,551111.0,Q,A,R,13085,3,6020.0,,,,60.0,602.0,,,,,,,4.97,0.014286,10819.0,1.0,4.97,53770.43,BYBK,10.0,,,,,10,10.0,1.0,1.0,,,,,,9.0,7.0,,,,,,10.0,3.0,4.0,4.0,,,,,3.0,,,10.0,2.0,10.0,9.0,,1.0,,3.0,3.0,3.0,4.0,2.0,10.0,2.0,4.0,,,1.0,1.0,5,10.0,10,1
2014-07-11,80517,,11,3,6020.0,07203T10,BYBK,BAY BANCORP INC,BYBK,551111.0,Q,A,R,13085,3,6020.0,,,,60.0,602.0,,,,,,,4.9,-0.014084,10819.0,1.0,4.9,53013.1,BYBK,10.0,,,,,10,10.0,1.0,1.0,,,,,,9.0,7.0,,,,,,10.0,3.0,4.0,4.0,,,,,3.0,,,10.0,2.0,10.0,9.0,,1.0,,3.0,3.0,3.0,4.0,2.0,10.0,2.0,4.0,,,1.0,1.0,5,10.0,10,1
2014-07-14,80517,,11,3,6020.0,07203T10,BYBK,BAY BANCORP INC,BYBK,551111.0,Q,A,R,13085,3,6020.0,,,,60.0,602.0,,,,,,,5.052,0.03102,10819.0,1.0,4.96,54657.588,BYBK,10.0,,,,,10,10.0,1.0,1.0,,,,,,9.0,7.0,,,,,,10.0,3.0,4.0,4.0,,,,,3.0,,,10.0,2.0,10.0,9.0,,1.0,,3.0,3.0,3.0,4.0,2.0,10.0,2.0,4.0,,,1.0,1.0,5,10.0,10,1
2014-07-15,80517,,11,3,6020.0,07203T10,BYBK,BAY BANCORP INC,BYBK,551111.0,Q,A,R,13085,3,6020.0,,,,60.0,602.0,,,,,,,5.04,-0.002375,10819.0,1.0,5.05,54527.76,BYBK,10.0,,,,,10,10.0,1.0,1.0,,,,,,9.0,7.0,,,,,,10.0,3.0,4.0,4.0,,,,,3.0,,,10.0,2.0,10.0,9.0,,1.0,,3.0,3.0,3.0,4.0,2.0,10.0,2.0,4.0,,,1.0,1.0,5,10.0,10,1
2014-07-16,80517,,11,3,6020.0,07203T10,BYBK,BAY BANCORP INC,BYBK,551111.0,Q,A,R,13085,3,6020.0,,,,60.0,602.0,,,,,,,4.92,-0.02381,10819.0,1.0,4.96,53229.48,BYBK,10.0,,,,,10,10.0,1.0,1.0,,,,,,9.0,7.0,,,,,,10.0,3.0,4.0,4.0,,,,,3.0,,,10.0,2.0,10.0,9.0,,1.0,,3.0,3.0,3.0,4.0,2.0,10.0,2.0,4.0,,,1.0,1.0,5,10.0,10,1
2014-07-17,80517,,11,3,6020.0,07203T10,BYBK,BAY BANCORP INC,BYBK,551111.0,Q,A,R,13085,3,6020.0,,,,60.0,602.0,,,,,,,5.0005,0.016362,10819.0,1.0,5.145,54100.4095,BYBK,10.0,,,,,10,10.0,1.0,1.0,,,,,,9.0,7.0,,,,,,10.0,3.0,4.0,4.0,,,,,3.0,,,10.0,2.0,10.0,9.0,,1.0,,3.0,3.0,3.0,4.0,2.0,10.0,2.0,4.0,,,1.0,1.0,5,10.0,10,1
2014-07-18,80517,,11,3,6020.0,07203T10,BYBK,BAY BANCORP INC,BYBK,551111.0,Q,A,R,13085,3,6020.0,,,,60.0,602.0,,,,,,,4.84,-0.032097,10819.0,1.0,4.991,52363.96,BYBK,10.0,,,,,10,10.0,1.0,1.0,,,,,,9.0,7.0,,,,,,10.0,3.0,4.0,4.0,,,,,3.0,,,10.0,2.0,10.0,9.0,,1.0,,3.0,3.0,3.0,4.0,2.0,10.0,2.0,4.0,,,1.0,1.0,5,10.0,10,1
2014-07-21,80517,,11,3,6020.0,07203T10,BYBK,BAY BANCORP INC,BYBK,551111.0,Q,A,R,13085,3,6020.0,,,,60.0,602.0,,,,,,,4.85,0.002066,10819.0,1.0,4.9,52472.15,BYBK,10.0,,,,,10,10.0,1.0,1.0,,,,,,9.0,7.0,,,,,,10.0,3.0,4.0,4.0,,,,,3.0,,,10.0,2.0,10.0,9.0,,1.0,,3.0,3.0,3.0,4.0,2.0,10.0,2.0,4.0,,,1.0,1.0,5,10.0,10,1
2014-07-22,80517,,11,3,6020.0,07203T10,BYBK,BAY BANCORP INC,BYBK,551111.0,Q,A,R,13085,3,6020.0,,,,60.0,602.0,,,,,,,4.91,0.012371,10819.0,1.0,4.89,53121.29,BYBK,10.0,,,,,10,10.0,1.0,1.0,,,,,,9.0,7.0,,,,,,10.0,3.0,4.0,4.0,,,,,3.0,,,10.0,2.0,10.0,9.0,,1.0,,3.0,3.0,3.0,4.0,2.0,10.0,2.0,4.0,,,1.0,1.0,5,10.0,10,1
2014-07-23,80517,,11,3,6020.0,07203T10,BYBK,BAY BANCORP INC,BYBK,551111.0,Q,A,R,13085,3,6020.0,,,,60.0,602.0,,,,,,,4.91,0.0,10819.0,1.0,4.89,53121.29,BYBK,10.0,,,,,10,10.0,1.0,1.0,,,,,,9.0,7.0,,,,,,10.0,3.0,4.0,4.0,,,,,3.0,,,10.0,2.0,10.0,9.0,,1.0,,3.0,3.0,3.0,4.0,2.0,10.0,2.0,4.0,,,1.0,1.0,5,10.0,10,1
2014-07-24,80517,,11,3,6020.0,07203T10,BYBK,BAY BANCORP INC,BYBK,551111.0,Q,A,R,13085,3,6020.0,,,,60.0,602.0,,,,,,,4.8101,-0.020346,10819.0,1.0,4.9,52040.4719,BYBK,10.0,,,,,10,10.0,1.0,1.0,,,,,,9.0,7.0,,,,,,10.0,3.0,4.0,4.0,,,,,3.0,,,10.0,2.0,10.0,9.0,,1.0,,3.0,3.0,3.0,4.0,2.0,10.0,2.0,4.0,,,1.0,1.0,5,10.0,10,1
2014-07-25,80517,,11,3,6020.0,07203T10,BYBK,BAY BANCORP INC,BYBK,551111.0,Q,A,R,13085,3,6020.0,,,,60.0,602.0,,,,,,,4.8,-0.0021,10819.0,1.0,4.83,51931.2,BYBK,10.0,,,,,10,10.0,1.0,1.0,,,,,,9.0,7.0,,,,,,10.0,3.0,4.0,4.0,,,,,3.0,,,10.0,2.0,10.0,9.0,,1.0,,3.0,3.0,3.0,4.0,2.0,10.0,2.0,4.0,,,1.0,1.0,5,10.0,10,1
2014-07-28,80517,,11,3,6020.0,07203T10,BYBK,BAY BANCORP INC,BYBK,551111.0,Q,A,R,13085,3,6020.0,,,,60.0,602.0,,,,,,,4.88,0.016667,10819.0,1.0,4.85,52796.72,BYBK,10.0,,,,,10,10.0,1.0,1.0,,,,,,9.0,7.0,,,,,,10.0,3.0,4.0,4.0,,,,,3.0,,,10.0,2.0,10.0,9.0,,1.0,,3.0,3.0,3.0,4.0,2.0,10.0,2.0,4.0,,,1.0,1.0,5,10.0,10,1
2014-07-29,80517,,11,3,6020.0,07203T10,BYBK,BAY BANCORP INC,BYBK,551111.0,Q,A,R,13085,3,6020.0,,,,60.0,602.0,,,,,,,4.75,-0.026639,10819.0,1.0,4.83,51390.25,BYBK,10.0,,,,,10,10.0,1.0,1.0,,,,,,9.0,7.0,,,,,,10.0,3.0,4.0,4.0,,,,,3.0,,,10.0,2.0,10.0,9.0,,1.0,,3.0,3.0,3.0,4.0,2.0,10.0,2.0,4.0,,,1.0,1.0,5,10.0,10,1
2014-07-30,80517,,11,3,6020.0,07203T10,BYBK,BAY BANCORP INC,BYBK,551111.0,Q,A,R,13085,3,6020.0,,,,60.0,602.0,,,,,,,4.7001,-0.010505,10819.0,1.0,4.75,50850.3819,BYBK,10.0,,,,,10,10.0,1.0,1.0,,,,,,9.0,7.0,,,,,,10.0,3.0,4.0,4.0,,,,,3.0,,,10.0,2.0,10.0,9.0,,1.0,,3.0,3.0,3.0,4.0,2.0,10.0,2.0,4.0,,,1.0,1.0,5,10.0,10,1
2014-07-31,80517,,11,3,6020.0,07203T10,BYBK,BAY BANCORP INC,BYBK,551111.0,Q,A,R,13085,3,6020.0,,,,60.0,602.0,,,,,,,4.81,0.023382,10819.0,1.0,4.93,52039.39,BYBK,10.0,,,,,10,10.0,1.0,1.0,,,,,,9.0,7.0,,,,,,10.0,3.0,4.0,4.0,,,,,3.0,,,10.0,2.0,10.0,9.0,,1.0,,3.0,3.0,3.0,4.0,2.0,10.0,2.0,4.0,,,1.0,1.0,5,10.0,10,1
2014-08-01,80517,,11,3,6020.0,07203T10,BYBK,BAY BANCORP INC,BYBK,551111.0,Q,A,R,13085,3,6020.0,,,,60.0,602.0,,,,,,,4.85,0.008316,10819.0,1.0,4.85,52472.15,BYBK,10.0,,,,,10,10.0,1.0,1.0,,,,,,9.0,7.0,,,,,,10.0,3.0,4.0,4.0,,,,,3.0,,,10.0,4.0,9.0,10.0,,1.0,,3.0,3.0,2.0,6.0,2.0,10.0,3.0,7.0,,,1.0,1.0,5,10.0,10,1
2014-08-04,80517,,11,3,6020.0,07203T10,BYBK,BAY BANCORP INC,BYBK,551111.0,Q,A,R,13085,3,6020.0,,,,60.0,602.0,,,,,,,4.7,-0.030928,10819.0,1.0,4.85,50849.3,BYBK,10.0,,,,,10,10.0,1.0,1.0,,,,,,9.0,7.0,,,,,,10.0,3.0,4.0,4.0,,,,,3.0,,,10.0,4.0,9.0,10.0,,1.0,,3.0,3.0,2.0,6.0,2.0,10.0,3.0,7.0,,,1.0,1.0,5,10.0,10,1
2014-08-05,80517,,11,3,6020.0,07203T10,BYBK,BAY BANCORP INC,BYBK,551111.0,Q,A,R,13085,3,6020.0,,,,60.0,602.0,,,,,,,4.5374,-0.034596,10819.0,1.0,4.66,49090.1306,BYBK,10.0,,,,,10,10.0,1.0,1.0,,,,,,9.0,7.0,,,,,,10.0,3.0,4.0,4.0,,,,,3.0,,,10.0,4.0,9.0,10.0,,1.0,,3.0,3.0,2.0,6.0,2.0,10.0,3.0,7.0,,,1.0,1.0,5,10.0,10,1
2014-08-06,80517,,11,3,6020.0,07203T10,BYBK,BAY BANCORP INC,BYBK,551111.0,Q,A,R,13085,3,6020.0,,,,60.0,602.0,,,,,,,4.6,0.013796,10819.0,1.0,4.55,49767.4,BYBK,10.0,,,,,10,10.0,1.0,1.0,,,,,,9.0,7.0,,,,,,10.0,3.0,4.0,4.0,,,,,3.0,,,10.0,4.0,9.0,10.0,,1.0,,3.0,3.0,2.0,6.0,2.0,10.0,3.0,7.0,,,1.0,1.0,5,10.0,10,1
2014-08-07,80517,,11,3,6020.0,07203T10,BYBK,BAY BANCORP INC,BYBK,551111.0,Q,A,R,13085,3,6020.0,,,,60.0,602.0,,,,,,,4.74,0.030435,10819.0,1.0,4.56,51282.06,BYBK,10.0,,,,,10,10.0,1.0,1.0,,,,,,9.0,7.0,,,,,,10.0,3.0,4.0,4.0,,,,,3.0,,,10.0,4.0,9.0,10.0,,1.0,,3.0,3.0,2.0,6.0,2.0,10.0,3.0,7.0,,,1.0,1.0,5,10.0,10,1
2014-08-08,80517,,11,3,6020.0,07203T10,BYBK,BAY BANCORP INC,BYBK,551111.0,Q,A,R,13085,3,6020.0,,,,60.0,602.0,,,,,,,-4.68,-0.012658,10819.0,1.0,,-50632.92,BYBK,10.0,,,,,10,10.0,1.0,1.0,,,,,,9.0,7.0,,,,,,10.0,3.0,4.0,4.0,,,,,3.0,,,10.0,4.0,9.0,10.0,,1.0,,3.0,3.0,2.0,6.0,2.0,10.0,3.0,7.0,,,1.0,1.0,5,10.0,10,1
2014-08-11,80517,,11,3,6020.0,07203T10,BYBK,BAY BANCORP INC,BYBK,551111.0,Q,A,R,13085,3,6020.0,,,,60.0,602.0,,,,,,,4.65,-0.00641,10819.0,1.0,4.661,50308.35,BYBK,10.0,,,,,10,10.0,1.0,1.0,,,,,,9.0,7.0,,,,,,10.0,3.0,4.0,4.0,,,,,3.0,,,10.0,4.0,9.0,10.0,,1.0,,3.0,3.0,2.0,6.0,2.0,10.0,3.0,7.0,,,1.0,1.0,5,10.0,10,1
2014-08-12,80517,,11,3,6020.0,07203T10,BYBK,BAY BANCORP INC,BYBK,551111.0,Q,A,R,13085,3,6020.0,,,,60.0,602.0,,,,,,,4.65,0.0,10819.0,1.0,4.67,50308.35,BYBK,10.0,,,,,10,10.0,1.0,1.0,,,,,,9.0,7.0,,,,,,10.0,3.0,4.0,4.0,,,,,3.0,,,10.0,4.0,9.0,10.0,,1.0,,3.0,3.0,2.0,6.0,2.0,10.0,3.0,7.0,,,1.0,1.0,5,10.0,10,1
2014-08-13,80517,,11,3,6020.0,07203T10,BYBK,BAY BANCORP INC,BYBK,551111.0,Q,A,R,13085,3,6020.0,,,,60.0,602.0,,,,,,,4.695,0.009677,10819.0,1.0,4.7101,50795.205,BYBK,10.0,,,,,10,10.0,1.0,1.0,,,,,,9.0,7.0,,,,,,10.0,3.0,4.0,4.0,,,,,3.0,,,10.0,4.0,9.0,10.0,,1.0,,3.0,3.0,2.0,6.0,2.0,10.0,3.0,7.0,,,1.0,1.0,5,10.0,10,1
2014-08-14,80517,,11,3,6020.0,07203T10,BYBK,BAY BANCORP INC,BYBK,551111.0,Q,A,R,13085,3,6020.0,,,,60.0,602.0,,,,,,,4.6495,-0.009691,11031.0,1.0,4.54,51288.6345,BYBK,10.0,,,,,10,10.0,1.0,1.0,,,,,,9.0,7.0,,,,,,10.0,3.0,4.0,4.0,,,,,3.0,,,10.0,4.0,9.0,10.0,,1.0,,3.0,3.0,2.0,6.0,2.0,10.0,3.0,7.0,,,1.0,1.0,5,10.0,10,1
2014-08-15,80517,,11,3,6020.0,07203T10,BYBK,BAY BANCORP INC,BYBK,551111.0,Q,A,R,13085,3,6020.0,,,,60.0,602.0,,,,,,,4.6995,0.010754,11031.0,1.0,4.6,51840.1845,BYBK,10.0,,,,,10,10.0,1.0,1.0,,,,,,9.0,7.0,,,,,,10.0,3.0,4.0,4.0,,,,,3.0,,,10.0,4.0,9.0,10.0,,1.0,,3.0,3.0,2.0,6.0,2.0,10.0,3.0,7.0,,,1.0,1.0,5,10.0,10,1
2014-08-18,80517,,11,3,6020.0,07203T10,BYBK,BAY BANCORP INC,BYBK,551111.0,Q,A,R,13085,3,6020.0,,,,60.0,602.0,,,,,,,4.8,0.021385,11031.0,1.0,4.77,52948.8,BYBK,10.0,,,,,10,10.0,1.0,1.0,,,,,,9.0,7.0,,,,,,10.0,3.0,4.0,4.0,,,,,3.0,,,10.0,4.0,9.0,10.0,,1.0,,3.0,3.0,2.0,6.0,2.0,10.0,3.0,7.0,,,1.0,1.0,5,10.0,10,1
2014-08-19,80517,,11,3,6020.0,07203T10,BYBK,BAY BANCORP INC,BYBK,551111.0,Q,A,R,13085,3,6020.0,,,,60.0,602.0,,,,,,,4.82,0.004167,11031.0,1.0,4.6186,53169.42,BYBK,10.0,,,,,10,10.0,1.0,1.0,,,,,,9.0,7.0,,,,,,10.0,3.0,4.0,4.0,,,,,3.0,,,10.0,4.0,9.0,10.0,,1.0,,3.0,3.0,2.0,6.0,2.0,10.0,3.0,7.0,,,1.0,1.0,5,10.0,10,1
2014-08-20,80517,,11,3,6020.0,07203T10,BYBK,BAY BANCORP INC,BYBK,551111.0,Q,A,R,13085,3,6020.0,,,,60.0,602.0,,,,,,,4.7,-0.024896,11031.0,1.0,4.67,51845.7,BYBK,10.0,,,,,10,10.0,1.0,1.0,,,,,,9.0,7.0,,,,,,10.0,3.0,4.0,4.0,,,,,3.0,,,10.0,4.0,9.0,10.0,,1.0,,3.0,3.0,2.0,6.0,2.0,10.0,3.0,7.0,,,1.0,1.0,5,10.0,10,1
2014-08-21,80517,,11,3,6020.0,07203T10,BYBK,BAY BANCORP INC,BYBK,551111.0,Q,A,R,13085,3,6020.0,,,,60.0,602.0,,,,,,,4.646,-0.011489,11031.0,1.0,4.61,51250.026,BYBK,10.0,,,,,10,10.0,1.0,1.0,,,,,,9.0,7.0,,,,,,10.0,3.0,4.0,4.0,,,,,3.0,,,10.0,4.0,9.0,10.0,,1.0,,3.0,3.0,2.0,6.0,2.0,10.0,3.0,7.0,,,1.0,1.0,5,10.0,10,1
2014-08-22,80517,,11,3,6020.0,07203T10,BYBK,BAY BANCORP INC,BYBK,551111.0,Q,A,R,13085,3,6020.0,,,,60.0,602.0,,,,,,,4.6999,0.011601,11031.0,1.0,4.57,51844.5969,BYBK,10.0,,,,,10,10.0,1.0,1.0,,,,,,9.0,7.0,,,,,,10.0,3.0,4.0,4.0,,,,,3.0,,,10.0,4.0,9.0,10.0,,1.0,,3.0,3.0,2.0,6.0,2.0,10.0,3.0,7.0,,,1.0,1.0,5,10.0,10,1
2014-08-25,80517,,11,3,6020.0,07203T10,BYBK,BAY BANCORP INC,BYBK,551111.0,Q,A,R,13085,3,6020.0,,,,60.0,602.0,,,,,,,4.67,-0.006362,11031.0,1.0,4.5601,51514.77,BYBK,10.0,,,,,10,10.0,1.0,1.0,,,,,,9.0,7.0,,,,,,10.0,3.0,4.0,4.0,,,,,3.0,,,10.0,4.0,9.0,10.0,,1.0,,3.0,3.0,2.0,6.0,2.0,10.0,3.0,7.0,,,1.0,1.0,5,10.0,10,1
2014-08-26,80517,,11,3,6020.0,07203T10,BYBK,BAY BANCORP INC,BYBK,551111.0,Q,A,R,13085,3,6020.0,,,,60.0,602.0,,,,,,,4.62,-0.010707,11031.0,1.0,4.62,50963.22,BYBK,10.0,,,,,10,10.0,1.0,1.0,,,,,,9.0,7.0,,,,,,10.0,3.0,4.0,4.0,,,,,3.0,,,10.0,4.0,9.0,10.0,,1.0,,3.0,3.0,2.0,6.0,2.0,10.0,3.0,7.0,,,1.0,1.0,5,10.0,10,1
2014-08-27,80517,,11,3,6020.0,07203T10,BYBK,BAY BANCORP INC,BYBK,551111.0,Q,A,R,13085,3,6020.0,,,,60.0,602.0,,,,,,,4.6695,0.010714,11031.0,1.0,4.58,51509.2545,BYBK,10.0,,,,,10,10.0,1.0,1.0,,,,,,9.0,7.0,,,,,,10.0,3.0,4.0,4.0,,,,,3.0,,,10.0,4.0,9.0,10.0,,1.0,,3.0,3.0,2.0,6.0,2.0,10.0,3.0,7.0,,,1.0,1.0,5,10.0,10,1
2014-08-28,80517,,11,3,6020.0,07203T10,BYBK,BAY BANCORP INC,BYBK,551111.0,Q,A,R,13085,3,6020.0,,,,60.0,602.0,,,,,,,4.7,0.006532,11031.0,1.0,4.67,51845.7,BYBK,10.0,,,,,10,10.0,1.0,1.0,,,,,,9.0,7.0,,,,,,10.0,3.0,4.0,4.0,,,,,3.0,,,10.0,4.0,9.0,10.0,,1.0,,3.0,3.0,2.0,6.0,2.0,10.0,3.0,7.0,,,1.0,1.0,5,10.0,10,1
2014-08-29,80517,,11,3,6020.0,07203T10,BYBK,BAY BANCORP INC,BYBK,551111.0,Q,A,R,13085,3,6020.0,,,,60.0,602.0,,,,,,,4.8,0.021277,11031.0,1.0,4.7,52948.8,BYBK,10.0,,,,,10,10.0,1.0,1.0,,,,,,9.0,7.0,,,,,,10.0,3.0,4.0,4.0,,,,,3.0,,,10.0,4.0,9.0,10.0,,1.0,,3.0,3.0,2.0,6.0,2.0,10.0,3.0,7.0,,,1.0,1.0,5,10.0,10,1
2014-09-02,80517,,11,3,6020.0,07203T10,BYBK,BAY BANCORP INC,BYBK,551111.0,Q,A,R,13085,3,6020.0,,,,60.0,602.0,,,,,,,-4.775,-0.005208,11031.0,1.0,,-52673.025,BYBK,10.0,,,,,10,10.0,1.0,1.0,,,,,,9.0,7.0,,,,,,10.0,3.0,4.0,4.0,,,,,4.0,,,10.0,2.0,10.0,9.0,,1.0,,9.0,10.0,4.0,9.0,1.0,10.0,5.0,8.0,,,1.0,1.0,5,10.0,10,1
2014-09-03,80517,,11,3,6020.0,07203T10,BYBK,BAY BANCORP INC,BYBK,551111.0,Q,A,R,13085,3,6020.0,,,,60.0,602.0,,,,,,,-4.67,-0.02199,11031.0,1.0,,-51514.77,BYBK,10.0,,,,,10,10.0,1.0,1.0,,,,,,9.0,7.0,,,,,,10.0,3.0,4.0,4.0,,,,,4.0,,,10.0,2.0,10.0,9.0,,1.0,,9.0,10.0,4.0,9.0,1.0,10.0,5.0,8.0,,,1.0,1.0,5,10.0,10,1
2014-09-04,80517,,11,3,6020.0,07203T10,BYBK,BAY BANCORP INC,BYBK,551111.0,Q,A,R,13085,3,6020.0,,,,60.0,602.0,,,,,,,-4.72,0.010707,11031.0,1.0,,-52066.32,BYBK,10.0,,,,,10,10.0,1.0,1.0,,,,,,9.0,7.0,,,,,,10.0,3.0,4.0,4.0,,,,,4.0,,,10.0,2.0,10.0,9.0,,1.0,,9.0,10.0,4.0,9.0,1.0,10.0,5.0,8.0,,,1.0,1.0,5,10.0,10,1
2014-09-05,80517,,11,3,6020.0,07203T10,BYBK,BAY BANCORP INC,BYBK,551111.0,Q,A,R,13085,3,6020.0,,,,60.0,602.0,,,,,,,4.75,0.006356,11031.0,1.0,4.74,52397.25,BYBK,10.0,,,,,10,10.0,1.0,1.0,,,,,,9.0,7.0,,,,,,10.0,3.0,4.0,4.0,,,,,4.0,,,10.0,2.0,10.0,9.0,,1.0,,9.0,10.0,4.0,9.0,1.0,10.0,5.0,8.0,,,1.0,1.0,5,10.0,10,1
2014-09-08,80517,,11,3,6020.0,07203T10,BYBK,BAY BANCORP INC,BYBK,551111.0,Q,A,R,13085,3,6020.0,,,,60.0,602.0,,,,,,,4.84,0.018947,11031.0,1.0,4.75,53390.04,BYBK,10.0,,,,,10,10.0,1.0,1.0,,,,,,9.0,7.0,,,,,,10.0,3.0,4.0,4.0,,,,,4.0,,,10.0,2.0,10.0,9.0,,1.0,,9.0,10.0,4.0,9.0,1.0,10.0,5.0,8.0,,,1.0,1.0,5,10.0,10,1
2014-09-09,80517,,11,3,6020.0,07203T10,BYBK,BAY BANCORP INC,BYBK,551111.0,Q,A,R,13085,3,6020.0,,,,60.0,602.0,,,,,,,4.85,0.002066,11031.0,1.0,4.8,53500.35,BYBK,10.0,,,,,10,10.0,1.0,1.0,,,,,,9.0,7.0,,,,,,10.0,3.0,4.0,4.0,,,,,4.0,,,10.0,2.0,10.0,9.0,,1.0,,9.0,10.0,4.0,9.0,1.0,10.0,5.0,8.0,,,1.0,1.0,5,10.0,10,1
2014-09-10,80517,,11,3,6020.0,07203T10,BYBK,BAY BANCORP INC,BYBK,551111.0,Q,A,R,13085,3,6020.0,,,,60.0,602.0,,,,,,,4.84,-0.002062,11031.0,1.0,4.85,53390.04,BYBK,10.0,,,,,10,10.0,1.0,1.0,,,,,,9.0,7.0,,,,,,10.0,3.0,4.0,4.0,,,,,4.0,,,10.0,2.0,10.0,9.0,,1.0,,9.0,10.0,4.0,9.0,1.0,10.0,5.0,8.0,,,1.0,1.0,5,10.0,10,1
2014-09-11,80517,,11,3,6020.0,07203T10,BYBK,BAY BANCORP INC,BYBK,551111.0,Q,A,R,13085,3,6020.0,,,,60.0,602.0,,,,,,,4.84,0.0,11031.0,1.0,4.85,53390.04,BYBK,10.0,,,,,10,10.0,1.0,1.0,,,,,,9.0,7.0,,,,,,10.0,3.0,4.0,4.0,,,,,4.0,,,10.0,2.0,10.0,9.0,,1.0,,9.0,10.0,4.0,9.0,1.0,10.0,5.0,8.0,,,1.0,1.0,5,10.0,10,1
2014-09-12,80517,,11,3,6020.0,07203T10,BYBK,BAY BANCORP INC,BYBK,551111.0,Q,A,R,13085,3,6020.0,,,,60.0,602.0,,,,,,,4.9,0.012397,11031.0,1.0,4.84,54051.9,BYBK,10.0,,,,,10,10.0,1.0,1.0,,,,,,9.0,7.0,,,,,,10.0,3.0,4.0,4.0,,,,,4.0,,,10.0,2.0,10.0,9.0,,1.0,,9.0,10.0,4.0,9.0,1.0,10.0,5.0,8.0,,,1.0,1.0,5,10.0,10,1
2014-09-15,80517,,11,3,6020.0,07203T10,BYBK,BAY BANCORP INC,BYBK,551111.0,Q,A,R,13085,3,6020.0,,,,60.0,602.0,,,,,,,4.84,-0.012245,11031.0,1.0,4.9,53390.04,BYBK,10.0,,,,,10,10.0,1.0,1.0,,,,,,9.0,7.0,,,,,,10.0,3.0,4.0,4.0,,,,,4.0,,,10.0,2.0,10.0,9.0,,1.0,,9.0,10.0,4.0,9.0,1.0,10.0,5.0,8.0,,,1.0,1.0,5,10.0,10,1
2014-09-16,80517,,11,3,6020.0,07203T10,BYBK,BAY BANCORP INC,BYBK,551111.0,Q,A,R,13085,3,6020.0,,,,60.0,602.0,,,,,,,4.75,-0.018595,11031.0,1.0,4.89,52397.25,BYBK,10.0,,,,,10,10.0,1.0,1.0,,,,,,9.0,7.0,,,,,,10.0,3.0,4.0,4.0,,,,,4.0,,,10.0,2.0,10.0,9.0,,1.0,,9.0,10.0,4.0,9.0,1.0,10.0,5.0,8.0,,,1.0,1.0,5,10.0,10,1
2014-09-17,80517,,11,3,6020.0,07203T10,BYBK,BAY BANCORP INC,BYBK,551111.0,Q,A,R,13085,3,6020.0,,,,60.0,602.0,,,,,,,4.71,-0.008421,11031.0,1.0,4.9,51956.01,BYBK,10.0,,,,,10,10.0,1.0,1.0,,,,,,9.0,7.0,,,,,,10.0,3.0,4.0,4.0,,,,,4.0,,,10.0,2.0,10.0,9.0,,1.0,,9.0,10.0,4.0,9.0,1.0,10.0,5.0,8.0,,,1.0,1.0,5,10.0,10,1
2014-09-18,80517,,11,3,6020.0,07203T10,BYBK,BAY BANCORP INC,BYBK,551111.0,Q,A,R,13085,3,6020.0,,,,60.0,602.0,,,,,,,4.73,0.004246,11031.0,1.0,4.9,52176.63,BYBK,10.0,,,,,10,10.0,1.0,1.0,,,,,,9.0,7.0,,,,,,10.0,3.0,4.0,4.0,,,,,4.0,,,10.0,2.0,10.0,9.0,,1.0,,9.0,10.0,4.0,9.0,1.0,10.0,5.0,8.0,,,1.0,1.0,5,10.0,10,1
2014-09-19,80517,,11,3,6020.0,07203T10,BYBK,BAY BANCORP INC,BYBK,551111.0,Q,A,R,13085,3,6020.0,,,,60.0,602.0,,,,,,,4.54,-0.040169,11031.0,1.0,4.9,50080.74,BYBK,10.0,,,,,10,10.0,1.0,1.0,,,,,,9.0,7.0,,,,,,10.0,3.0,4.0,4.0,,,,,4.0,,,10.0,2.0,10.0,9.0,,1.0,,9.0,10.0,4.0,9.0,1.0,10.0,5.0,8.0,,,1.0,1.0,5,10.0,10,1
2014-09-22,80517,,11,3,6020.0,07203T10,BYBK,BAY BANCORP INC,BYBK,551111.0,Q,A,R,13085,3,6020.0,,,,60.0,602.0,,,,,,,4.54,0.0,11031.0,1.0,4.6,50080.74,BYBK,10.0,,,,,10,10.0,1.0,1.0,,,,,,9.0,7.0,,,,,,10.0,3.0,4.0,4.0,,,,,4.0,,,10.0,2.0,10.0,9.0,,1.0,,9.0,10.0,4.0,9.0,1.0,10.0,5.0,8.0,,,1.0,1.0,5,10.0,10,1
2014-09-23,80517,,11,3,6020.0,07203T10,BYBK,BAY BANCORP INC,BYBK,551111.0,Q,A,R,13085,3,6020.0,,,,60.0,602.0,,,,,,,4.63,0.019824,11031.0,1.0,4.64,51073.53,BYBK,10.0,,,,,10,10.0,1.0,1.0,,,,,,9.0,7.0,,,,,,10.0,3.0,4.0,4.0,,,,,4.0,,,10.0,2.0,10.0,9.0,,1.0,,9.0,10.0,4.0,9.0,1.0,10.0,5.0,8.0,,,1.0,1.0,5,10.0,10,1
2014-09-24,80517,,11,3,6020.0,07203T10,BYBK,BAY BANCORP INC,BYBK,551111.0,Q,A,R,13085,3,6020.0,,,,60.0,602.0,,,,,,,4.61,-0.00432,11031.0,1.0,4.55,50852.91,BYBK,10.0,,,,,10,10.0,1.0,1.0,,,,,,9.0,7.0,,,,,,10.0,3.0,4.0,4.0,,,,,4.0,,,10.0,2.0,10.0,9.0,,1.0,,9.0,10.0,4.0,9.0,1.0,10.0,5.0,8.0,,,1.0,1.0,5,10.0,10,1
2014-09-25,80517,,11,3,6020.0,07203T10,BYBK,BAY BANCORP INC,BYBK,551111.0,Q,A,R,13085,3,6020.0,,,,60.0,602.0,,,,,,,-4.62,0.002169,11031.0,1.0,,-50963.22,BYBK,10.0,,,,,10,10.0,1.0,1.0,,,,,,9.0,7.0,,,,,,10.0,3.0,4.0,4.0,,,,,4.0,,,10.0,2.0,10.0,9.0,,1.0,,9.0,10.0,4.0,9.0,1.0,10.0,5.0,8.0,,,1.0,1.0,5,10.0,10,1
2014-09-26,80517,,11,3,6020.0,07203T10,BYBK,BAY BANCORP INC,BYBK,551111.0,Q,A,R,13085,3,6020.0,,,,60.0,602.0,,,,,,,-4.66,0.008658,11031.0,1.0,,-51404.46,BYBK,10.0,,,,,10,10.0,1.0,1.0,,,,,,9.0,7.0,,,,,,10.0,3.0,4.0,4.0,,,,,4.0,,,10.0,2.0,10.0,9.0,,1.0,,9.0,10.0,4.0,9.0,1.0,10.0,5.0,8.0,,,1.0,1.0,5,10.0,10,1
2014-09-29,80517,,11,3,6020.0,07203T10,BYBK,BAY BANCORP INC,BYBK,551111.0,Q,A,R,13085,3,6020.0,,,,60.0,602.0,,,,,,,4.5701,-0.019292,11031.0,1.0,4.5701,50412.7731,BYBK,10.0,,,,,10,10.0,1.0,1.0,,,,,,9.0,7.0,,,,,,10.0,3.0,4.0,4.0,,,,,4.0,,,10.0,2.0,10.0,9.0,,1.0,,9.0,10.0,4.0,9.0,1.0,10.0,5.0,8.0,,,1.0,1.0,5,10.0,10,1
2014-09-30,80517,,11,3,6020.0,07203T10,BYBK,BAY BANCORP INC,BYBK,551111.0,Q,A,R,13085,3,6020.0,,,,60.0,602.0,,,,,,,4.62,0.010919,11015.0,1.0,4.59,50889.3,BYBK,10.0,,,,,10,10.0,1.0,1.0,,,,,,9.0,7.0,,,,,,10.0,3.0,4.0,4.0,,,,,4.0,,,10.0,2.0,10.0,9.0,,1.0,,9.0,10.0,4.0,9.0,1.0,10.0,5.0,8.0,,,1.0,1.0,5,10.0,10,1
2014-10-01,80517,,11,3,6020.0,07203T10,BYBK,BAY BANCORP INC,BYBK,551111.0,Q,A,R,13085,3,6020.0,,,,60.0,602.0,,,,,,,4.7299,0.023788,11015.0,1.0,4.63,52099.8485,BYBK,10.0,,,,,10,10.0,1.0,1.0,,,,,,9.0,7.0,,,,,,10.0,3.0,4.0,4.0,,,,,4.0,,,10.0,2.0,9.0,9.0,,1.0,,9.0,10.0,4.0,5.0,2.0,10.0,1.0,7.0,,,1.0,1.0,5,10.0,10,1
2014-10-02,80517,,11,3,6020.0,07203T10,BYBK,BAY BANCORP INC,BYBK,551111.0,Q,A,R,13085,3,6020.0,,,,60.0,602.0,,,,,,,4.35,-0.080319,11015.0,1.0,4.85,47915.25,BYBK,10.0,,,,,10,10.0,1.0,1.0,,,,,,9.0,7.0,,,,,,10.0,3.0,4.0,4.0,,,,,4.0,,,10.0,2.0,9.0,9.0,,1.0,,9.0,10.0,4.0,5.0,2.0,10.0,1.0,7.0,,,1.0,1.0,5,10.0,10,1
2014-10-03,80517,,11,3,6020.0,07203T10,BYBK,BAY BANCORP INC,BYBK,551111.0,Q,A,R,13085,3,6020.0,,,,60.0,602.0,,,,,,,4.56,0.048276,11015.0,1.0,4.36,50228.4,BYBK,10.0,,,,,10,10.0,1.0,1.0,,,,,,9.0,7.0,,,,,,10.0,3.0,4.0,4.0,,,,,4.0,,,10.0,2.0,9.0,9.0,,1.0,,9.0,10.0,4.0,5.0,2.0,10.0,1.0,7.0,,,1.0,1.0,5,10.0,10,1
2014-10-06,80517,,11,3,6020.0,07203T10,BYBK,BAY BANCORP INC,BYBK,551111.0,Q,A,R,13085,3,6020.0,,,,60.0,602.0,,,,,,,4.5,-0.013158,11015.0,1.0,4.5,49567.5,BYBK,10.0,,,,,10,10.0,1.0,1.0,,,,,,9.0,7.0,,,,,,10.0,3.0,4.0,4.0,,,,,4.0,,,10.0,2.0,9.0,9.0,,1.0,,9.0,10.0,4.0,5.0,2.0,10.0,1.0,7.0,,,1.0,1.0,5,10.0,10,1
2014-10-07,80517,,11,3,6020.0,07203T10,BYBK,BAY BANCORP INC,BYBK,551111.0,Q,A,R,13085,3,6020.0,,,,60.0,602.0,,,,,,,4.36,-0.031111,11015.0,1.0,4.38,48025.4,BYBK,10.0,,,,,10,10.0,1.0,1.0,,,,,,9.0,7.0,,,,,,10.0,3.0,4.0,4.0,,,,,4.0,,,10.0,2.0,9.0,9.0,,1.0,,9.0,10.0,4.0,5.0,2.0,10.0,1.0,7.0,,,1.0,1.0,5,10.0,10,1
2014-10-08,80517,,11,3,6020.0,07203T10,BYBK,BAY BANCORP INC,BYBK,551111.0,Q,A,R,13085,3,6020.0,,,,60.0,602.0,,,,,,,4.67,0.071101,11015.0,1.0,4.31,51440.05,BYBK,10.0,,,,,10,10.0,1.0,1.0,,,,,,9.0,7.0,,,,,,10.0,3.0,4.0,4.0,,,,,4.0,,,10.0,2.0,9.0,9.0,,1.0,,9.0,10.0,4.0,5.0,2.0,10.0,1.0,7.0,,,1.0,1.0,5,10.0,10,1
2014-10-09,80517,,11,3,6020.0,07203T10,BYBK,BAY BANCORP INC,BYBK,551111.0,Q,A,R,13085,3,6020.0,,,,60.0,602.0,,,,,,,4.63,-0.008565,11015.0,1.0,4.42,50999.45,BYBK,10.0,,,,,10,10.0,1.0,1.0,,,,,,9.0,7.0,,,,,,10.0,3.0,4.0,4.0,,,,,4.0,,,10.0,2.0,9.0,9.0,,1.0,,9.0,10.0,4.0,5.0,2.0,10.0,1.0,7.0,,,1.0,1.0,5,10.0,10,1
2014-10-10,80517,,11,3,6020.0,07203T10,BYBK,BAY BANCORP INC,BYBK,551111.0,Q,A,R,13085,3,6020.0,,,,60.0,602.0,,,,,,,4.48,-0.032397,11015.0,1.0,4.49,49347.2,BYBK,10.0,,,,,10,10.0,1.0,1.0,,,,,,9.0,7.0,,,,,,10.0,3.0,4.0,4.0,,,,,4.0,,,10.0,2.0,9.0,9.0,,1.0,,9.0,10.0,4.0,5.0,2.0,10.0,1.0,7.0,,,1.0,1.0,5,10.0,10,1
2014-10-13,80517,,11,3,6020.0,07203T10,BYBK,BAY BANCORP INC,BYBK,551111.0,Q,A,R,13085,3,6020.0,,,,60.0,602.0,,,,,,,4.4,-0.017857,11015.0,1.0,4.4,48466.0,BYBK,10.0,,,,,10,10.0,1.0,1.0,,,,,,9.0,7.0,,,,,,10.0,3.0,4.0,4.0,,,,,4.0,,,10.0,2.0,9.0,9.0,,1.0,,9.0,10.0,4.0,5.0,2.0,10.0,1.0,7.0,,,1.0,1.0,5,10.0,10,1
2014-10-14,80517,,11,3,6020.0,07203T10,BYBK,BAY BANCORP INC,BYBK,551111.0,Q,A,R,13085,3,6020.0,,,,60.0,602.0,,,,,,,4.62,0.05,11015.0,1.0,4.62,50889.3,BYBK,10.0,,,,,10,10.0,1.0,1.0,,,,,,9.0,7.0,,,,,,10.0,3.0,4.0,4.0,,,,,4.0,,,10.0,2.0,9.0,9.0,,1.0,,9.0,10.0,4.0,5.0,2.0,10.0,1.0,7.0,,,1.0,1.0,5,10.0,10,1
2014-10-15,80517,,11,3,6020.0,07203T10,BYBK,BAY BANCORP INC,BYBK,551111.0,Q,A,R,13085,3,6020.0,,,,60.0,602.0,,,,,,,4.63,0.002165,11015.0,1.0,4.63,50999.45,BYBK,10.0,,,,,10,10.0,1.0,1.0,,,,,,9.0,7.0,,,,,,10.0,3.0,4.0,4.0,,,,,4.0,,,10.0,2.0,9.0,9.0,,1.0,,9.0,10.0,4.0,5.0,2.0,10.0,1.0,7.0,,,1.0,1.0,5,10.0,10,1
2014-10-16,80517,,11,3,6020.0,07203T10,BYBK,BAY BANCORP INC,BYBK,551111.0,Q,A,R,13085,3,6020.0,,,,60.0,602.0,,,,,,,4.62,-0.00216,11015.0,1.0,4.62,50889.3,BYBK,10.0,,,,,10,10.0,1.0,1.0,,,,,,9.0,7.0,,,,,,10.0,3.0,4.0,4.0,,,,,4.0,,,10.0,2.0,9.0,9.0,,1.0,,9.0,10.0,4.0,5.0,2.0,10.0,1.0,7.0,,,1.0,1.0,5,10.0,10,1
2014-10-17,80517,,11,3,6020.0,07203T10,BYBK,BAY BANCORP INC,BYBK,551111.0,Q,A,R,13085,3,6020.0,,,,60.0,602.0,,,,,,,4.55,-0.015151,11015.0,1.0,4.56,50118.25,BYBK,10.0,,,,,10,10.0,1.0,1.0,,,,,,9.0,7.0,,,,,,10.0,3.0,4.0,4.0,,,,,4.0,,,10.0,2.0,9.0,9.0,,1.0,,9.0,10.0,4.0,5.0,2.0,10.0,1.0,7.0,,,1.0,1.0,5,10.0,10,1
2014-10-20,80517,,11,3,6020.0,07203T10,BYBK,BAY BANCORP INC,BYBK,551111.0,Q,A,R,13085,3,6020.0,,,,60.0,602.0,,,,,,,-4.59,0.008791,11015.0,1.0,,-50558.85,BYBK,10.0,,,,,10,10.0,1.0,1.0,,,,,,9.0,7.0,,,,,,10.0,3.0,4.0,4.0,,,,,4.0,,,10.0,2.0,9.0,9.0,,1.0,,9.0,10.0,4.0,5.0,2.0,10.0,1.0,7.0,,,1.0,1.0,5,10.0,10,1
2014-10-21,80517,,11,3,6020.0,07203T10,BYBK,BAY BANCORP INC,BYBK,551111.0,Q,A,R,13085,3,6020.0,,,,60.0,602.0,,,,,,,-4.58,-0.002179,11015.0,1.0,,-50448.7,BYBK,10.0,,,,,10,10.0,1.0,1.0,,,,,,9.0,7.0,,,,,,10.0,3.0,4.0,4.0,,,,,4.0,,,10.0,2.0,9.0,9.0,,1.0,,9.0,10.0,4.0,5.0,2.0,10.0,1.0,7.0,,,1.0,1.0,5,10.0,10,1
2014-10-22,80517,,11,3,6020.0,07203T10,BYBK,BAY BANCORP INC,BYBK,551111.0,Q,A,R,13085,3,6020.0,,,,60.0,602.0,,,,,,,4.54,-0.008734,11015.0,1.0,4.6,50008.1,BYBK,10.0,,,,,10,10.0,1.0,1.0,,,,,,9.0,7.0,,,,,,10.0,3.0,4.0,4.0,,,,,4.0,,,10.0,2.0,9.0,9.0,,1.0,,9.0,10.0,4.0,5.0,2.0,10.0,1.0,7.0,,,1.0,1.0,5,10.0,10,1
2014-10-23,80517,,11,3,6020.0,07203T10,BYBK,BAY BANCORP INC,BYBK,551111.0,Q,A,R,13085,3,6020.0,,,,60.0,602.0,,,,,,,4.46,-0.017621,11015.0,1.0,4.46,49126.9,BYBK,10.0,,,,,10,10.0,1.0,1.0,,,,,,9.0,7.0,,,,,,10.0,3.0,4.0,4.0,,,,,4.0,,,10.0,2.0,9.0,9.0,,1.0,,9.0,10.0,4.0,5.0,2.0,10.0,1.0,7.0,,,1.0,1.0,5,10.0,10,1
2014-10-24,80517,,11,3,6020.0,07203T10,BYBK,BAY BANCORP INC,BYBK,551111.0,Q,A,R,13085,3,6020.0,,,,60.0,602.0,,,,,,,-4.495,0.007847,11015.0,1.0,,-49512.425,BYBK,10.0,,,,,10,10.0,1.0,1.0,,,,,,9.0,7.0,,,,,,10.0,3.0,4.0,4.0,,,,,4.0,,,10.0,2.0,9.0,9.0,,1.0,,9.0,10.0,4.0,5.0,2.0,10.0,1.0,7.0,,,1.0,1.0,5,10.0,10,1
2014-10-27,80517,,11,3,6020.0,07203T10,BYBK,BAY BANCORP INC,BYBK,551111.0,Q,A,R,13085,3,6020.0,,,,60.0,602.0,,,,,,,4.55,0.012236,11015.0,1.0,4.52,50118.25,BYBK,10.0,,,,,10,10.0,1.0,1.0,,,,,,9.0,7.0,,,,,,10.0,3.0,4.0,4.0,,,,,4.0,,,10.0,2.0,9.0,9.0,,1.0,,9.0,10.0,4.0,5.0,2.0,10.0,1.0,7.0,,,1.0,1.0,5,10.0,10,1
2014-10-28,80517,,11,3,6020.0,07203T10,BYBK,BAY BANCORP INC,BYBK,551111.0,Q,A,R,13085,3,6020.0,,,,60.0,602.0,,,,,,,4.56,0.002198,11015.0,1.0,4.59,50228.4,BYBK,10.0,,,,,10,10.0,1.0,1.0,,,,,,9.0,7.0,,,,,,10.0,3.0,4.0,4.0,,,,,4.0,,,10.0,2.0,9.0,9.0,,1.0,,9.0,10.0,4.0,5.0,2.0,10.0,1.0,7.0,,,1.0,1.0,5,10.0,10,1
2014-10-29,80517,,11,3,6020.0,07203T10,BYBK,BAY BANCORP INC,BYBK,551111.0,Q,A,R,13085,3,6020.0,,,,60.0,602.0,,,,,,,4.68,0.026316,11015.0,1.0,4.64,51550.2,BYBK,10.0,,,,,10,10.0,1.0,1.0,,,,,,9.0,7.0,,,,,,10.0,3.0,4.0,4.0,,,,,4.0,,,10.0,2.0,9.0,9.0,,1.0,,9.0,10.0,4.0,5.0,2.0,10.0,1.0,7.0,,,1.0,1.0,5,10.0,10,1
2014-10-30,80517,,11,3,6020.0,07203T10,BYBK,BAY BANCORP INC,BYBK,551111.0,Q,A,R,13085,3,6020.0,,,,60.0,602.0,,,,,,,4.7,0.004274,11015.0,1.0,4.59,51770.5,BYBK,10.0,,,,,10,10.0,1.0,1.0,,,,,,9.0,7.0,,,,,,10.0,3.0,4.0,4.0,,,,,4.0,,,10.0,2.0,9.0,9.0,,1.0,,9.0,10.0,4.0,5.0,2.0,10.0,1.0,7.0,,,1.0,1.0,5,10.0,10,1
2014-10-31,80517,,11,3,6020.0,07203T10,BYBK,BAY BANCORP INC,BYBK,551111.0,Q,A,R,13085,3,6020.0,,,,60.0,602.0,,,,,,,4.7899,0.019128,11015.0,1.0,4.8,52760.7485,BYBK,10.0,,,,,10,10.0,1.0,1.0,,,,,,9.0,7.0,,,,,,10.0,3.0,4.0,4.0,,,,,4.0,,,10.0,2.0,9.0,9.0,,1.0,,9.0,10.0,4.0,5.0,2.0,10.0,1.0,7.0,,,1.0,1.0,5,10.0,10,1
2014-11-03,80517,,11,3,6020.0,07203T10,BYBK,BAY BANCORP INC,BYBK,551111.0,Q,A,R,13085,3,6020.0,,,,60.0,602.0,,,,,,,4.56,-0.047997,11015.0,1.0,4.78,50228.4,BYBK,10.0,,,,,10,10.0,1.0,1.0,,,,,,9.0,7.0,,,,,,10.0,3.0,4.0,4.0,,,,,8.0,,,10.0,3.0,7.0,9.0,,1.0,,8.0,10.0,4.0,6.0,2.0,10.0,1.0,6.0,,,1.0,1.0,5,10.0,10,1
2014-11-04,80517,,11,3,6020.0,07203T10,BYBK,BAY BANCORP INC,BYBK,551111.0,Q,A,R,13085,3,6020.0,,,,60.0,602.0,,,,,,,4.55,-0.002193,11015.0,1.0,4.55,50118.25,BYBK,10.0,,,,,10,10.0,1.0,1.0,,,,,,9.0,7.0,,,,,,10.0,3.0,4.0,4.0,,,,,8.0,,,10.0,3.0,7.0,9.0,,1.0,,8.0,10.0,4.0,6.0,2.0,10.0,1.0,6.0,,,1.0,1.0,5,10.0,10,1
2014-11-05,80517,,11,3,6020.0,07203T10,BYBK,BAY BANCORP INC,BYBK,551111.0,Q,A,R,13085,3,6020.0,,,,60.0,602.0,,,,,,,4.79,0.052747,11015.0,1.0,4.55,52761.85,BYBK,10.0,,,,,10,10.0,1.0,1.0,,,,,,9.0,7.0,,,,,,10.0,3.0,4.0,4.0,,,,,8.0,,,10.0,3.0,7.0,9.0,,1.0,,8.0,10.0,4.0,6.0,2.0,10.0,1.0,6.0,,,1.0,1.0,5,10.0,10,1
2014-11-06,80517,,11,3,6020.0,07203T10,BYBK,BAY BANCORP INC,BYBK,551111.0,Q,A,R,13085,3,6020.0,,,,60.0,602.0,,,,,,,-4.695,-0.019833,11015.0,1.0,,-51715.425,BYBK,10.0,,,,,10,10.0,1.0,1.0,,,,,,9.0,7.0,,,,,,10.0,3.0,4.0,4.0,,,,,8.0,,,10.0,3.0,7.0,9.0,,1.0,,8.0,10.0,4.0,6.0,2.0,10.0,1.0,6.0,,,1.0,1.0,5,10.0,10,1
2014-11-07,80517,,11,3,6020.0,07203T10,BYBK,BAY BANCORP INC,BYBK,551111.0,Q,A,R,13085,3,6020.0,,,,60.0,602.0,,,,,,,4.6399,-0.011736,11015.0,1.0,4.6399,51108.4985,BYBK,10.0,,,,,10,10.0,1.0,1.0,,,,,,9.0,7.0,,,,,,10.0,3.0,4.0,4.0,,,,,8.0,,,10.0,3.0,7.0,9.0,,1.0,,8.0,10.0,4.0,6.0,2.0,10.0,1.0,6.0,,,1.0,1.0,5,10.0,10,1
2014-11-10,80517,,11,3,6020.0,07203T10,BYBK,BAY BANCORP INC,BYBK,551111.0,Q,A,R,13085,3,6020.0,,,,60.0,602.0,,,,,,,4.6499,0.002155,11015.0,1.0,4.6499,51218.6485,BYBK,10.0,,,,,10,10.0,1.0,1.0,,,,,,9.0,7.0,,,,,,10.0,3.0,4.0,4.0,,,,,8.0,,,10.0,3.0,7.0,9.0,,1.0,,8.0,10.0,4.0,6.0,2.0,10.0,1.0,6.0,,,1.0,1.0,5,10.0,10,1
2014-11-11,80517,,11,3,6020.0,07203T10,BYBK,BAY BANCORP INC,BYBK,551111.0,Q,A,R,13085,3,6020.0,,,,60.0,602.0,,,,,,,4.5831,-0.014366,11015.0,1.0,4.55,50482.8465,BYBK,10.0,,,,,10,10.0,1.0,1.0,,,,,,9.0,7.0,,,,,,10.0,3.0,4.0,4.0,,,,,8.0,,,10.0,3.0,7.0,9.0,,1.0,,8.0,10.0,4.0,6.0,2.0,10.0,1.0,6.0,,,1.0,1.0,5,10.0,10,1
2014-11-12,80517,,11,3,6020.0,07203T10,BYBK,BAY BANCORP INC,BYBK,551111.0,Q,A,R,13085,3,6020.0,,,,60.0,602.0,,,,,,,4.6,0.003687,11015.0,1.0,4.6,50669.0,BYBK,10.0,,,,,10,10.0,1.0,1.0,,,,,,9.0,7.0,,,,,,10.0,3.0,4.0,4.0,,,,,8.0,,,10.0,3.0,7.0,9.0,,1.0,,8.0,10.0,4.0,6.0,2.0,10.0,1.0,6.0,,,1.0,1.0,5,10.0,10,1
2014-11-13,80517,,11,3,6020.0,07203T10,BYBK,BAY BANCORP INC,BYBK,551111.0,Q,A,R,13085,3,6020.0,,,,60.0,602.0,,,,,,,4.6,0.0,11015.0,1.0,4.61,50669.0,BYBK,10.0,,,,,10,10.0,1.0,1.0,,,,,,9.0,7.0,,,,,,10.0,3.0,4.0,4.0,,,,,8.0,,,10.0,3.0,7.0,9.0,,1.0,,8.0,10.0,4.0,6.0,2.0,10.0,1.0,6.0,,,1.0,1.0,5,10.0,10,1
2014-11-14,80517,,11,3,6020.0,07203T10,BYBK,BAY BANCORP INC,BYBK,551111.0,Q,A,R,13085,3,6020.0,,,,60.0,602.0,,,,,,,4.6,0.0,11031.0,1.0,4.6,50742.6,BYBK,10.0,,,,,10,10.0,1.0,1.0,,,,,,9.0,7.0,,,,,,10.0,3.0,4.0,4.0,,,,,8.0,,,10.0,3.0,7.0,9.0,,1.0,,8.0,10.0,4.0,6.0,2.0,10.0,1.0,6.0,,,1.0,1.0,5,10.0,10,1
2014-11-17,80517,,11,3,6020.0,07203T10,BYBK,BAY BANCORP INC,BYBK,551111.0,Q,A,R,13085,3,6020.0,,,,60.0,602.0,,,,,,,4.62,0.004348,11031.0,1.0,4.63,50963.22,BYBK,10.0,,,,,10,10.0,1.0,1.0,,,,,,9.0,7.0,,,,,,10.0,3.0,4.0,4.0,,,,,8.0,,,10.0,3.0,7.0,9.0,,1.0,,8.0,10.0,4.0,6.0,2.0,10.0,1.0,6.0,,,1.0,1.0,5,10.0,10,1
2014-11-18,80517,,11,3,6020.0,07203T10,BYBK,BAY BANCORP INC,BYBK,551111.0,Q,A,R,13085,3,6020.0,,,,60.0,602.0,,,,,,,4.6,-0.004329,11031.0,1.0,4.6,50742.6,BYBK,10.0,,,,,10,10.0,1.0,1.0,,,,,,9.0,7.0,,,,,,10.0,3.0,4.0,4.0,,,,,8.0,,,10.0,3.0,7.0,9.0,,1.0,,8.0,10.0,4.0,6.0,2.0,10.0,1.0,6.0,,,1.0,1.0,5,10.0,10,1
2014-11-19,80517,,11,3,6020.0,07203T10,BYBK,BAY BANCORP INC,BYBK,551111.0,Q,A,R,13085,3,6020.0,,,,60.0,602.0,,,,,,,4.5,-0.021739,11031.0,1.0,4.536,49639.5,BYBK,10.0,,,,,10,10.0,1.0,1.0,,,,,,9.0,7.0,,,,,,10.0,3.0,4.0,4.0,,,,,8.0,,,10.0,3.0,7.0,9.0,,1.0,,8.0,10.0,4.0,6.0,2.0,10.0,1.0,6.0,,,1.0,1.0,5,10.0,10,1
2014-11-20,80517,,11,3,6020.0,07203T10,BYBK,BAY BANCORP INC,BYBK,551111.0,Q,A,R,13085,3,6020.0,,,,60.0,602.0,,,,,,,-4.545,0.01,11031.0,1.0,,-50135.895,BYBK,10.0,,,,,10,10.0,1.0,1.0,,,,,,9.0,7.0,,,,,,10.0,3.0,4.0,4.0,,,,,8.0,,,10.0,3.0,7.0,9.0,,1.0,,8.0,10.0,4.0,6.0,2.0,10.0,1.0,6.0,,,1.0,1.0,5,10.0,10,1
2014-11-21,80517,,11,3,6020.0,07203T10,BYBK,BAY BANCORP INC,BYBK,551111.0,Q,A,R,13085,3,6020.0,,,,60.0,602.0,,,,,,,4.5,-0.009901,11031.0,1.0,4.5,49639.5,BYBK,10.0,,,,,10,10.0,1.0,1.0,,,,,,9.0,7.0,,,,,,10.0,3.0,4.0,4.0,,,,,8.0,,,10.0,3.0,7.0,9.0,,1.0,,8.0,10.0,4.0,6.0,2.0,10.0,1.0,6.0,,,1.0,1.0,5,10.0,10,1
2014-11-24,80517,,11,3,6020.0,07203T10,BYBK,BAY BANCORP INC,BYBK,551111.0,Q,A,R,13085,3,6020.0,,,,60.0,602.0,,,,,,,4.58,0.017778,11031.0,1.0,4.49,50521.98,BYBK,10.0,,,,,10,10.0,1.0,1.0,,,,,,9.0,7.0,,,,,,10.0,3.0,4.0,4.0,,,,,8.0,,,10.0,3.0,7.0,9.0,,1.0,,8.0,10.0,4.0,6.0,2.0,10.0,1.0,6.0,,,1.0,1.0,5,10.0,10,1
2014-11-25,80517,,11,3,6020.0,07203T10,BYBK,BAY BANCORP INC,BYBK,551111.0,Q,A,R,13085,3,6020.0,,,,60.0,602.0,,,,,,,4.53,-0.010917,11031.0,1.0,4.53,49970.43,BYBK,10.0,,,,,10,10.0,1.0,1.0,,,,,,9.0,7.0,,,,,,10.0,3.0,4.0,4.0,,,,,8.0,,,10.0,3.0,7.0,9.0,,1.0,,8.0,10.0,4.0,6.0,2.0,10.0,1.0,6.0,,,1.0,1.0,5,10.0,10,1
2014-11-26,80517,,11,3,6020.0,07203T10,BYBK,BAY BANCORP INC,BYBK,551111.0,Q,A,R,13085,3,6020.0,,,,60.0,602.0,,,,,,,4.57,0.00883,11031.0,1.0,4.5699,50411.67,BYBK,10.0,,,,,10,10.0,1.0,1.0,,,,,,9.0,7.0,,,,,,10.0,3.0,4.0,4.0,,,,,8.0,,,10.0,3.0,7.0,9.0,,1.0,,8.0,10.0,4.0,6.0,2.0,10.0,1.0,6.0,,,1.0,1.0,5,10.0,10,1
2014-11-28,80517,,11,3,6020.0,07203T10,BYBK,BAY BANCORP INC,BYBK,551111.0,Q,A,R,13085,3,6020.0,,,,60.0,602.0,,,,,,,4.59,0.004376,11031.0,1.0,4.59,50632.29,BYBK,10.0,,,,,10,10.0,1.0,1.0,,,,,,9.0,7.0,,,,,,10.0,3.0,4.0,4.0,,,,,8.0,,,10.0,3.0,7.0,9.0,,1.0,,8.0,10.0,4.0,6.0,2.0,10.0,1.0,6.0,,,1.0,1.0,5,10.0,10,1
2014-12-01,80517,,11,3,6020.0,07203T10,BYBK,BAY BANCORP INC,BYBK,551111.0,Q,A,R,13085,3,6020.0,,,,60.0,602.0,,,,,,,4.57,-0.004357,11031.0,1.0,4.49,50411.67,BYBK,10.0,,,,,10,10.0,1.0,1.0,,,,,,9.0,7.0,,,,,,10.0,3.0,4.0,4.0,,,,,7.0,,,10.0,2.0,9.0,9.0,,1.0,,2.0,1.0,2.0,8.0,3.0,10.0,4.0,8.0,,,1.0,1.0,5,10.0,10,1
2014-12-02,80517,,11,3,6020.0,07203T10,BYBK,BAY BANCORP INC,BYBK,551111.0,Q,A,R,13085,3,6020.0,,,,60.0,602.0,,,,,,,4.48,-0.019694,11031.0,1.0,4.48,49418.88,BYBK,10.0,,,,,10,10.0,1.0,1.0,,,,,,9.0,7.0,,,,,,10.0,3.0,4.0,4.0,,,,,7.0,,,10.0,2.0,9.0,9.0,,1.0,,2.0,1.0,2.0,8.0,3.0,10.0,4.0,8.0,,,1.0,1.0,5,10.0,10,1
2014-12-03,80517,,11,3,6020.0,07203T10,BYBK,BAY BANCORP INC,BYBK,551111.0,Q,A,R,13085,3,6020.0,,,,60.0,602.0,,,,,,,4.47,-0.002232,11031.0,1.0,4.45,49308.57,BYBK,10.0,,,,,10,10.0,1.0,1.0,,,,,,9.0,7.0,,,,,,10.0,3.0,4.0,4.0,,,,,7.0,,,10.0,2.0,9.0,9.0,,1.0,,2.0,1.0,2.0,8.0,3.0,10.0,4.0,8.0,,,1.0,1.0,5,10.0,10,1
2014-12-04,80517,,11,3,6020.0,07203T10,BYBK,BAY BANCORP INC,BYBK,551111.0,Q,A,R,13085,3,6020.0,,,,60.0,602.0,,,,,,,4.45,-0.004474,11031.0,1.0,4.45,49087.95,BYBK,10.0,,,,,10,10.0,1.0,1.0,,,,,,9.0,7.0,,,,,,10.0,3.0,4.0,4.0,,,,,7.0,,,10.0,2.0,9.0,9.0,,1.0,,2.0,1.0,2.0,8.0,3.0,10.0,4.0,8.0,,,1.0,1.0,5,10.0,10,1
2014-12-05,80517,,11,3,6020.0,07203T10,BYBK,BAY BANCORP INC,BYBK,551111.0,Q,A,R,13085,3,6020.0,,,,60.0,602.0,,,,,,,4.47,0.004494,11031.0,1.0,4.45,49308.57,BYBK,10.0,,,,,10,10.0,1.0,1.0,,,,,,9.0,7.0,,,,,,10.0,3.0,4.0,4.0,,,,,7.0,,,10.0,2.0,9.0,9.0,,1.0,,2.0,1.0,2.0,8.0,3.0,10.0,4.0,8.0,,,1.0,1.0,5,10.0,10,1
2014-12-08,80517,,11,3,6020.0,07203T10,BYBK,BAY BANCORP INC,BYBK,551111.0,Q,A,R,13085,3,6020.0,,,,60.0,602.0,,,,,,,4.4,-0.01566,11031.0,1.0,4.42,48536.4,BYBK,10.0,,,,,10,10.0,1.0,1.0,,,,,,9.0,7.0,,,,,,10.0,3.0,4.0,4.0,,,,,7.0,,,10.0,2.0,9.0,9.0,,1.0,,2.0,1.0,2.0,8.0,3.0,10.0,4.0,8.0,,,1.0,1.0,5,10.0,10,1
2014-12-09,80517,,11,3,6020.0,07203T10,BYBK,BAY BANCORP INC,BYBK,551111.0,Q,A,R,13085,3,6020.0,,,,60.0,602.0,,,,,,,4.4,0.0,11031.0,1.0,4.4,48536.4,BYBK,10.0,,,,,10,10.0,1.0,1.0,,,,,,9.0,7.0,,,,,,10.0,3.0,4.0,4.0,,,,,7.0,,,10.0,2.0,9.0,9.0,,1.0,,2.0,1.0,2.0,8.0,3.0,10.0,4.0,8.0,,,1.0,1.0,5,10.0,10,1
2014-12-10,80517,,11,3,6020.0,07203T10,BYBK,BAY BANCORP INC,BYBK,551111.0,Q,A,R,13085,3,6020.0,,,,60.0,602.0,,,,,,,4.39,-0.002273,11031.0,1.0,4.42,48426.09,BYBK,10.0,,,,,10,10.0,1.0,1.0,,,,,,9.0,7.0,,,,,,10.0,3.0,4.0,4.0,,,,,7.0,,,10.0,2.0,9.0,9.0,,1.0,,2.0,1.0,2.0,8.0,3.0,10.0,4.0,8.0,,,1.0,1.0,5,10.0,10,1
2014-12-11,80517,,11,3,6020.0,07203T10,BYBK,BAY BANCORP INC,BYBK,551111.0,Q,A,R,13085,3,6020.0,,,,60.0,602.0,,,,,,,4.38,-0.002278,11031.0,1.0,4.38,48315.78,BYBK,10.0,,,,,10,10.0,1.0,1.0,,,,,,9.0,7.0,,,,,,10.0,3.0,4.0,4.0,,,,,7.0,,,10.0,2.0,9.0,9.0,,1.0,,2.0,1.0,2.0,8.0,3.0,10.0,4.0,8.0,,,1.0,1.0,5,10.0,10,1
2014-12-12,80517,,11,3,6020.0,07203T10,BYBK,BAY BANCORP INC,BYBK,551111.0,Q,A,R,13085,3,6020.0,,,,60.0,602.0,,,,,,,4.39,0.002283,11031.0,1.0,4.38,48426.09,BYBK,10.0,,,,,10,10.0,1.0,1.0,,,,,,9.0,7.0,,,,,,10.0,3.0,4.0,4.0,,,,,7.0,,,10.0,2.0,9.0,9.0,,1.0,,2.0,1.0,2.0,8.0,3.0,10.0,4.0,8.0,,,1.0,1.0,5,10.0,10,1
2014-12-15,80517,,11,3,6020.0,07203T10,BYBK,BAY BANCORP INC,BYBK,551111.0,Q,A,R,13085,3,6020.0,,,,60.0,602.0,,,,,,,4.4099,0.004533,11031.0,1.0,4.35,48645.6069,BYBK,10.0,,,,,10,10.0,1.0,1.0,,,,,,9.0,7.0,,,,,,10.0,3.0,4.0,4.0,,,,,7.0,,,10.0,2.0,9.0,9.0,,1.0,,2.0,1.0,2.0,8.0,3.0,10.0,4.0,8.0,,,1.0,1.0,5,10.0,10,1
2014-12-16,80517,,11,3,6020.0,07203T10,BYBK,BAY BANCORP INC,BYBK,551111.0,Q,A,R,13085,3,6020.0,,,,60.0,602.0,,,,,,,4.36,-0.011315,11031.0,1.0,4.35,48095.16,BYBK,10.0,,,,,10,10.0,1.0,1.0,,,,,,9.0,7.0,,,,,,10.0,3.0,4.0,4.0,,,,,7.0,,,10.0,2.0,9.0,9.0,,1.0,,2.0,1.0,2.0,8.0,3.0,10.0,4.0,8.0,,,1.0,1.0,5,10.0,10,1
2014-12-17,80517,,11,3,6020.0,07203T10,BYBK,BAY BANCORP INC,BYBK,551111.0,Q,A,R,13085,3,6020.0,,,,60.0,602.0,,,,,,,4.41,0.011468,11031.0,1.0,4.34,48646.71,BYBK,10.0,,,,,10,10.0,1.0,1.0,,,,,,9.0,7.0,,,,,,10.0,3.0,4.0,4.0,,,,,7.0,,,10.0,2.0,9.0,9.0,,1.0,,2.0,1.0,2.0,8.0,3.0,10.0,4.0,8.0,,,1.0,1.0,5,10.0,10,1
2014-12-18,80517,,11,3,6020.0,07203T10,BYBK,BAY BANCORP INC,BYBK,551111.0,Q,A,R,13085,3,6020.0,,,,60.0,602.0,,,,,,,4.39,-0.004535,11031.0,1.0,4.4,48426.09,BYBK,10.0,,,,,10,10.0,1.0,1.0,,,,,,9.0,7.0,,,,,,10.0,3.0,4.0,4.0,,,,,7.0,,,10.0,2.0,9.0,9.0,,1.0,,2.0,1.0,2.0,8.0,3.0,10.0,4.0,8.0,,,1.0,1.0,5,10.0,10,1
2014-12-19,80517,,11,3,6020.0,07203T10,BYBK,BAY BANCORP INC,BYBK,551111.0,Q,A,R,13085,3,6020.0,,,,60.0,602.0,,,,,,,4.36,-0.006834,11031.0,1.0,4.4,48095.16,BYBK,10.0,,,,,10,10.0,1.0,1.0,,,,,,9.0,7.0,,,,,,10.0,3.0,4.0,4.0,,,,,7.0,,,10.0,2.0,9.0,9.0,,1.0,,2.0,1.0,2.0,8.0,3.0,10.0,4.0,8.0,,,1.0,1.0,5,10.0,10,1
2014-12-22,80517,,11,3,6020.0,07203T10,BYBK,BAY BANCORP INC,BYBK,551111.0,Q,A,R,13085,3,6020.0,,,,60.0,602.0,,,,,,,4.37,0.002294,11031.0,1.0,4.33,48205.47,BYBK,10.0,,,,,10,10.0,1.0,1.0,,,,,,9.0,7.0,,,,,,10.0,3.0,4.0,4.0,,,,,7.0,,,10.0,2.0,9.0,9.0,,1.0,,2.0,1.0,2.0,8.0,3.0,10.0,4.0,8.0,,,1.0,1.0,5,10.0,10,1
2014-12-23,80517,,11,3,6020.0,07203T10,BYBK,BAY BANCORP INC,BYBK,551111.0,Q,A,R,13085,3,6020.0,,,,60.0,602.0,,,,,,,4.4,0.006865,11031.0,1.0,4.33,48536.4,BYBK,10.0,,,,,10,10.0,1.0,1.0,,,,,,9.0,7.0,,,,,,10.0,3.0,4.0,4.0,,,,,7.0,,,10.0,2.0,9.0,9.0,,1.0,,2.0,1.0,2.0,8.0,3.0,10.0,4.0,8.0,,,1.0,1.0,5,10.0,10,1
2014-12-24,80517,,11,3,6020.0,07203T10,BYBK,BAY BANCORP INC,BYBK,551111.0,Q,A,R,13085,3,6020.0,,,,60.0,602.0,,,,,,,4.3326,-0.015318,11031.0,1.0,4.33,47792.9106,BYBK,10.0,,,,,10,10.0,1.0,1.0,,,,,,9.0,7.0,,,,,,10.0,3.0,4.0,4.0,,,,,7.0,,,10.0,2.0,9.0,9.0,,1.0,,2.0,1.0,2.0,8.0,3.0,10.0,4.0,8.0,,,1.0,1.0,5,10.0,10,1
2014-12-26,80517,,11,3,6020.0,07203T10,BYBK,BAY BANCORP INC,BYBK,551111.0,Q,A,R,13085,3,6020.0,,,,60.0,602.0,,,,,,,4.33,-0.0006,11031.0,1.0,4.33,47764.23,BYBK,10.0,,,,,10,10.0,1.0,1.0,,,,,,9.0,7.0,,,,,,10.0,3.0,4.0,4.0,,,,,7.0,,,10.0,2.0,9.0,9.0,,1.0,,2.0,1.0,2.0,8.0,3.0,10.0,4.0,8.0,,,1.0,1.0,5,10.0,10,1
2014-12-29,80517,,11,3,6020.0,07203T10,BYBK,BAY BANCORP INC,BYBK,551111.0,Q,A,R,13085,3,6020.0,,,,60.0,602.0,,,,,,,4.4695,0.032217,11031.0,1.0,4.32,49303.0545,BYBK,10.0,,,,,10,10.0,1.0,1.0,,,,,,9.0,7.0,,,,,,10.0,3.0,4.0,4.0,,,,,7.0,,,10.0,2.0,9.0,9.0,,1.0,,2.0,1.0,2.0,8.0,3.0,10.0,4.0,8.0,,,1.0,1.0,5,10.0,10,1
2014-12-30,80517,,11,3,6020.0,07203T10,BYBK,BAY BANCORP INC,BYBK,551111.0,Q,A,R,13085,3,6020.0,,,,60.0,602.0,,,,,,,4.39,-0.017787,11031.0,1.0,4.399,48426.09,BYBK,10.0,,,,,10,10.0,1.0,1.0,,,,,,9.0,7.0,,,,,,10.0,3.0,4.0,4.0,,,,,7.0,,,10.0,2.0,9.0,9.0,,1.0,,2.0,1.0,2.0,8.0,3.0,10.0,4.0,8.0,,,1.0,1.0,5,10.0,10,1
2014-12-31,80517,,11,3,6020.0,07203T10,BYBK,BAY BANCORP INC,BYBK,551111.0,Q,A,R,13085,3,6020.0,,,,60.0,602.0,,,,,,,4.39,0.0,11015.0,1.0,4.33,48355.85,BYBK,10.0,,,,,10,10.0,1.0,1.0,,,,,,9.0,7.0,,,,,,10.0,3.0,4.0,4.0,,,,,7.0,,,10.0,2.0,9.0,9.0,,1.0,,2.0,1.0,2.0,8.0,3.0,10.0,4.0,8.0,,,1.0,1.0,5,10.0,10,1
2015-01-02,80517,,11,3,6020.0,07203T10,BYBK,BAY BANCORP INC,BYBK,551111.0,Q,A,R,13085,3,6020.0,,,,60.0,602.0,,,,,,,4.35,-0.009112,11015.0,1.0,4.4,47915.25,BYBK,10.0,,,,,10,10.0,1.0,1.0,,,,,,9.0,7.0,,,,,,10.0,3.0,4.0,4.0,,,,,7.0,,,10.0,4.0,6.0,9.0,,1.0,,2.0,1.0,2.0,9.0,3.0,10.0,8.0,9.0,,,1.0,1.0,5,10.0,10,1
2015-01-05,80517,,11,3,6020.0,07203T10,BYBK,BAY BANCORP INC,BYBK,551111.0,Q,A,R,13085,3,6020.0,,,,60.0,602.0,,,,,,,4.32,-0.006896,11015.0,1.0,4.31,47584.8,BYBK,10.0,,,,,10,10.0,1.0,1.0,,,,,,9.0,7.0,,,,,,10.0,3.0,4.0,4.0,,,,,7.0,,,10.0,4.0,6.0,9.0,,1.0,,2.0,1.0,2.0,9.0,3.0,10.0,8.0,9.0,,,1.0,1.0,5,10.0,10,1
2015-01-06,80517,,11,3,6020.0,07203T10,BYBK,BAY BANCORP INC,BYBK,551111.0,Q,A,R,13085,3,6020.0,,,,60.0,602.0,,,,,,,4.31,-0.002315,11015.0,1.0,4.35,47474.65,BYBK,10.0,,,,,10,10.0,1.0,1.0,,,,,,9.0,7.0,,,,,,10.0,3.0,4.0,4.0,,,,,7.0,,,10.0,4.0,6.0,9.0,,1.0,,2.0,1.0,2.0,9.0,3.0,10.0,8.0,9.0,,,1.0,1.0,5,10.0,10,1
2015-01-07,80517,,11,3,6020.0,07203T10,BYBK,BAY BANCORP INC,BYBK,551111.0,Q,A,R,13085,3,6020.0,,,,60.0,602.0,,,,,,,4.35,0.009281,11015.0,1.0,4.35,47915.25,BYBK,10.0,,,,,10,10.0,1.0,1.0,,,,,,9.0,7.0,,,,,,10.0,3.0,4.0,4.0,,,,,7.0,,,10.0,4.0,6.0,9.0,,1.0,,2.0,1.0,2.0,9.0,3.0,10.0,8.0,9.0,,,1.0,1.0,5,10.0,10,1
2015-01-08,80517,,11,3,6020.0,07203T10,BYBK,BAY BANCORP INC,BYBK,551111.0,Q,A,R,13085,3,6020.0,,,,60.0,602.0,,,,,,,4.35,0.0,11015.0,1.0,4.35,47915.25,BYBK,10.0,,,,,10,10.0,1.0,1.0,,,,,,9.0,7.0,,,,,,10.0,3.0,4.0,4.0,,,,,7.0,,,10.0,4.0,6.0,9.0,,1.0,,2.0,1.0,2.0,9.0,3.0,10.0,8.0,9.0,,,1.0,1.0,5,10.0,10,1
2015-01-09,80517,,11,3,6020.0,07203T10,BYBK,BAY BANCORP INC,BYBK,551111.0,Q,A,R,13085,3,6020.0,,,,60.0,602.0,,,,,,,4.39,0.009195,11015.0,1.0,4.4,48355.85,BYBK,10.0,,,,,10,10.0,1.0,1.0,,,,,,9.0,7.0,,,,,,10.0,3.0,4.0,4.0,,,,,7.0,,,10.0,4.0,6.0,9.0,,1.0,,2.0,1.0,2.0,9.0,3.0,10.0,8.0,9.0,,,1.0,1.0,5,10.0,10,1
2015-01-12,80517,,11,3,6020.0,07203T10,BYBK,BAY BANCORP INC,BYBK,551111.0,Q,A,R,13085,3,6020.0,,,,60.0,602.0,,,,,,,4.4,0.002278,11015.0,1.0,4.36,48466.0,BYBK,10.0,,,,,10,10.0,1.0,1.0,,,,,,9.0,7.0,,,,,,10.0,3.0,4.0,4.0,,,,,7.0,,,10.0,4.0,6.0,9.0,,1.0,,2.0,1.0,2.0,9.0,3.0,10.0,8.0,9.0,,,1.0,1.0,5,10.0,10,1
2015-01-13,80517,,11,3,6020.0,07203T10,BYBK,BAY BANCORP INC,BYBK,551111.0,Q,A,R,13085,3,6020.0,,,,60.0,602.0,,,,,,,4.42,0.004545,11015.0,1.0,4.4,48686.3,BYBK,10.0,,,,,10,10.0,1.0,1.0,,,,,,9.0,7.0,,,,,,10.0,3.0,4.0,4.0,,,,,7.0,,,10.0,4.0,6.0,9.0,,1.0,,2.0,1.0,2.0,9.0,3.0,10.0,8.0,9.0,,,1.0,1.0,5,10.0,10,1
2015-01-14,80517,,11,3,6020.0,07203T10,BYBK,BAY BANCORP INC,BYBK,551111.0,Q,A,R,13085,3,6020.0,,,,60.0,602.0,,,,,,,-4.435,0.003394,11015.0,1.0,,-48851.525,BYBK,10.0,,,,,10,10.0,1.0,1.0,,,,,,9.0,7.0,,,,,,10.0,3.0,4.0,4.0,,,,,7.0,,,10.0,4.0,6.0,9.0,,1.0,,2.0,1.0,2.0,9.0,3.0,10.0,8.0,9.0,,,1.0,1.0,5,10.0,10,1
2015-01-15,80517,,11,3,6020.0,07203T10,BYBK,BAY BANCORP INC,BYBK,551111.0,Q,A,R,13085,3,6020.0,,,,60.0,602.0,,,,,,,4.47,0.007892,11015.0,1.0,4.47,49237.05,BYBK,10.0,,,,,10,10.0,1.0,1.0,,,,,,9.0,7.0,,,,,,10.0,3.0,4.0,4.0,,,,,7.0,,,10.0,4.0,6.0,9.0,,1.0,,2.0,1.0,2.0,9.0,3.0,10.0,8.0,9.0,,,1.0,1.0,5,10.0,10,1
2015-01-16,80517,,11,3,6020.0,07203T10,BYBK,BAY BANCORP INC,BYBK,551111.0,Q,A,R,13085,3,6020.0,,,,60.0,602.0,,,,,,,4.43,-0.008949,11015.0,1.0,4.43,48796.45,BYBK,10.0,,,,,10,10.0,1.0,1.0,,,,,,9.0,7.0,,,,,,10.0,3.0,4.0,4.0,,,,,7.0,,,10.0,4.0,6.0,9.0,,1.0,,2.0,1.0,2.0,9.0,3.0,10.0,8.0,9.0,,,1.0,1.0,5,10.0,10,1
2015-01-20,80517,,11,3,6020.0,07203T10,BYBK,BAY BANCORP INC,BYBK,551111.0,Q,A,R,13085,3,6020.0,,,,60.0,602.0,,,,,,,-4.44,0.002257,11015.0,1.0,,-48906.6,BYBK,10.0,,,,,10,10.0,1.0,1.0,,,,,,9.0,7.0,,,,,,10.0,3.0,4.0,4.0,,,,,7.0,,,10.0,4.0,6.0,9.0,,1.0,,2.0,1.0,2.0,9.0,3.0,10.0,8.0,9.0,,,1.0,1.0,5,10.0,10,1
2015-01-21,80517,,11,3,6020.0,07203T10,BYBK,BAY BANCORP INC,BYBK,551111.0,Q,A,R,13085,3,6020.0,,,,60.0,602.0,,,,,,,-4.44,0.0,11015.0,1.0,,-48906.6,BYBK,10.0,,,,,10,10.0,1.0,1.0,,,,,,9.0,7.0,,,,,,10.0,3.0,4.0,4.0,,,,,7.0,,,10.0,4.0,6.0,9.0,,1.0,,2.0,1.0,2.0,9.0,3.0,10.0,8.0,9.0,,,1.0,1.0,5,10.0,10,1
2015-01-22,80517,,11,3,6020.0,07203T10,BYBK,BAY BANCORP INC,BYBK,551111.0,Q,A,R,13085,3,6020.0,,,,60.0,602.0,,,,,,,4.5,0.013514,11015.0,1.0,4.43,49567.5,BYBK,10.0,,,,,10,10.0,1.0,1.0,,,,,,9.0,7.0,,,,,,10.0,3.0,4.0,4.0,,,,,7.0,,,10.0,4.0,6.0,9.0,,1.0,,2.0,1.0,2.0,9.0,3.0,10.0,8.0,9.0,,,1.0,1.0,5,10.0,10,1
2015-01-23,80517,,11,3,6020.0,07203T10,BYBK,BAY BANCORP INC,BYBK,551111.0,Q,A,R,13085,3,6020.0,,,,60.0,602.0,,,,,,,4.5,0.0,11015.0,1.0,4.468,49567.5,BYBK,10.0,,,,,10,10.0,1.0,1.0,,,,,,9.0,7.0,,,,,,10.0,3.0,4.0,4.0,,,,,7.0,,,10.0,4.0,6.0,9.0,,1.0,,2.0,1.0,2.0,9.0,3.0,10.0,8.0,9.0,,,1.0,1.0,5,10.0,10,1
2015-01-26,80517,,11,3,6020.0,07203T10,BYBK,BAY BANCORP INC,BYBK,551111.0,Q,A,R,13085,3,6020.0,,,,60.0,602.0,,,,,,,4.45,-0.011111,11015.0,1.0,4.473,49016.75,BYBK,10.0,,,,,10,10.0,1.0,1.0,,,,,,9.0,7.0,,,,,,10.0,3.0,4.0,4.0,,,,,7.0,,,10.0,4.0,6.0,9.0,,1.0,,2.0,1.0,2.0,9.0,3.0,10.0,8.0,9.0,,,1.0,1.0,5,10.0,10,1
2015-01-27,80517,,11,3,6020.0,07203T10,BYBK,BAY BANCORP INC,BYBK,551111.0,Q,A,R,13085,3,6020.0,,,,60.0,602.0,,,,,,,4.47,0.004494,11015.0,1.0,4.46,49237.05,BYBK,10.0,,,,,10,10.0,1.0,1.0,,,,,,9.0,7.0,,,,,,10.0,3.0,4.0,4.0,,,,,7.0,,,10.0,4.0,6.0,9.0,,1.0,,2.0,1.0,2.0,9.0,3.0,10.0,8.0,9.0,,,1.0,1.0,5,10.0,10,1
2015-01-28,80517,,11,3,6020.0,07203T10,BYBK,BAY BANCORP INC,BYBK,551111.0,Q,A,R,13085,3,6020.0,,,,60.0,602.0,,,,,,,4.46,-0.002237,11015.0,1.0,4.46,49126.9,BYBK,10.0,,,,,10,10.0,1.0,1.0,,,,,,9.0,7.0,,,,,,10.0,3.0,4.0,4.0,,,,,7.0,,,10.0,4.0,6.0,9.0,,1.0,,2.0,1.0,2.0,9.0,3.0,10.0,8.0,9.0,,,1.0,1.0,5,10.0,10,1
2015-01-29,80517,,11,3,6020.0,07203T10,BYBK,BAY BANCORP INC,BYBK,551111.0,Q,A,R,13085,3,6020.0,,,,60.0,602.0,,,,,,,4.47,0.002242,11015.0,1.0,4.4501,49237.05,BYBK,10.0,,,,,10,10.0,1.0,1.0,,,,,,9.0,7.0,,,,,,10.0,3.0,4.0,4.0,,,,,7.0,,,10.0,4.0,6.0,9.0,,1.0,,2.0,1.0,2.0,9.0,3.0,10.0,8.0,9.0,,,1.0,1.0,5,10.0,10,1
2015-01-30,80517,,11,3,6020.0,07203T10,BYBK,BAY BANCORP INC,BYBK,551111.0,Q,A,R,13085,3,6020.0,,,,60.0,602.0,,,,,,,4.58,0.024609,11015.0,1.0,4.469,50448.7,BYBK,10.0,,,,,10,10.0,1.0,1.0,,,,,,9.0,7.0,,,,,,10.0,3.0,4.0,4.0,,,,,7.0,,,10.0,4.0,6.0,9.0,,1.0,,2.0,1.0,2.0,9.0,3.0,10.0,8.0,9.0,,,1.0,1.0,5,10.0,10,1
2015-02-02,80517,,11,3,6020.0,07203T10,BYBK,BAY BANCORP INC,BYBK,551111.0,Q,A,R,13085,3,6020.0,,,,60.0,602.0,,,,,,,4.5799,-2.2e-05,11015.0,1.0,4.59,50447.5985,BYBK,10.0,,,,,10,10.0,1.0,1.0,,,,,,9.0,7.0,,,,,,10.0,3.0,4.0,4.0,,,,,4.0,,,10.0,2.0,9.0,9.0,,1.0,,5.0,9.0,4.0,2.0,6.0,10.0,10.0,1.0,1.0,1.0,1.0,1.0,5,10.0,10,1
2015-02-03,80517,,11,3,6020.0,07203T10,BYBK,BAY BANCORP INC,BYBK,551111.0,Q,A,R,13085,3,6020.0,,,,60.0,602.0,,,,,,,4.54,-0.008712,11015.0,1.0,4.5501,50008.1,BYBK,10.0,,,,,10,10.0,1.0,1.0,,,,,,9.0,7.0,,,,,,10.0,3.0,4.0,4.0,,,,,4.0,,,10.0,2.0,9.0,9.0,,1.0,,5.0,9.0,4.0,2.0,6.0,10.0,10.0,1.0,1.0,1.0,1.0,1.0,5,10.0,10,1
2015-02-04,80517,,11,3,6020.0,07203T10,BYBK,BAY BANCORP INC,BYBK,551111.0,Q,A,R,13085,3,6020.0,,,,60.0,602.0,,,,,,,4.55,0.002203,11015.0,1.0,4.55,50118.25,BYBK,10.0,,,,,10,10.0,1.0,1.0,,,,,,9.0,7.0,,,,,,10.0,3.0,4.0,4.0,,,,,4.0,,,10.0,2.0,9.0,9.0,,1.0,,5.0,9.0,4.0,2.0,6.0,10.0,10.0,1.0,1.0,1.0,1.0,1.0,5,10.0,10,1
2015-02-05,80517,,11,3,6020.0,07203T10,BYBK,BAY BANCORP INC,BYBK,551111.0,Q,A,R,13085,3,6020.0,,,,60.0,602.0,,,,,,,4.55,0.0,11015.0,1.0,4.55,50118.25,BYBK,10.0,,,,,10,10.0,1.0,1.0,,,,,,9.0,7.0,,,,,,10.0,3.0,4.0,4.0,,,,,4.0,,,10.0,2.0,9.0,9.0,,1.0,,5.0,9.0,4.0,2.0,6.0,10.0,10.0,1.0,1.0,1.0,1.0,1.0,5,10.0,10,1
2015-02-06,80517,,11,3,6020.0,07203T10,BYBK,BAY BANCORP INC,BYBK,551111.0,Q,A,R,13085,3,6020.0,,,,60.0,602.0,,,,,,,4.63,0.017582,11015.0,1.0,4.586,50999.45,BYBK,10.0,,,,,10,10.0,1.0,1.0,,,,,,9.0,7.0,,,,,,10.0,3.0,4.0,4.0,,,,,4.0,,,10.0,2.0,9.0,9.0,,1.0,,5.0,9.0,4.0,2.0,6.0,10.0,10.0,1.0,1.0,1.0,1.0,1.0,5,10.0,10,1
2015-02-09,80517,,11,3,6020.0,07203T10,BYBK,BAY BANCORP INC,BYBK,551111.0,Q,A,R,13085,3,6020.0,,,,60.0,602.0,,,,,,,4.6,-0.00648,11015.0,1.0,4.6,50669.0,BYBK,10.0,,,,,10,10.0,1.0,1.0,,,,,,9.0,7.0,,,,,,10.0,3.0,4.0,4.0,,,,,4.0,,,10.0,2.0,9.0,9.0,,1.0,,5.0,9.0,4.0,2.0,6.0,10.0,10.0,1.0,1.0,1.0,1.0,1.0,5,10.0,10,1
2015-02-10,80517,,11,3,6020.0,07203T10,BYBK,BAY BANCORP INC,BYBK,551111.0,Q,A,R,13085,3,6020.0,,,,60.0,602.0,,,,,,,4.6332,0.007217,11015.0,1.0,4.61,51034.698,BYBK,10.0,,,,,10,10.0,1.0,1.0,,,,,,9.0,7.0,,,,,,10.0,3.0,4.0,4.0,,,,,4.0,,,10.0,2.0,9.0,9.0,,1.0,,5.0,9.0,4.0,2.0,6.0,10.0,10.0,1.0,1.0,1.0,1.0,1.0,5,10.0,10,1
2015-02-11,80517,,11,3,6020.0,07203T10,BYBK,BAY BANCORP INC,BYBK,551111.0,Q,A,R,13085,3,6020.0,,,,60.0,602.0,,,,,,,4.67,0.007943,11015.0,1.0,4.72,51440.05,BYBK,10.0,,,,,10,10.0,1.0,1.0,,,,,,9.0,7.0,,,,,,10.0,3.0,4.0,4.0,,,,,4.0,,,10.0,2.0,9.0,9.0,,1.0,,5.0,9.0,4.0,2.0,6.0,10.0,10.0,1.0,1.0,1.0,1.0,1.0,5,10.0,10,1
2015-02-12,80517,,11,3,6020.0,07203T10,BYBK,BAY BANCORP INC,BYBK,551111.0,Q,A,R,13085,3,6020.0,,,,60.0,602.0,,,,,,,4.74,0.014989,11015.0,1.0,4.65,52211.1,BYBK,10.0,,,,,10,10.0,1.0,1.0,,,,,,9.0,7.0,,,,,,10.0,3.0,4.0,4.0,,,,,4.0,,,10.0,2.0,9.0,9.0,,1.0,,5.0,9.0,4.0,2.0,6.0,10.0,10.0,1.0,1.0,1.0,1.0,1.0,5,10.0,10,1
2015-02-13,80517,,11,3,6020.0,07203T10,BYBK,BAY BANCORP INC,BYBK,551111.0,Q,A,R,13085,3,6020.0,,,,60.0,602.0,,,,,,,4.78,0.008439,11015.0,1.0,4.7,52651.7,BYBK,10.0,,,,,10,10.0,1.0,1.0,,,,,,9.0,7.0,,,,,,10.0,3.0,4.0,4.0,,,,,4.0,,,10.0,2.0,9.0,9.0,,1.0,,5.0,9.0,4.0,2.0,6.0,10.0,10.0,1.0,1.0,1.0,1.0,1.0,5,10.0,10,1
2015-02-17,80517,,11,3,6020.0,07203T10,BYBK,BAY BANCORP INC,BYBK,551111.0,Q,A,R,13085,3,6020.0,,,,60.0,602.0,,,,,,,4.8,0.004184,11015.0,1.0,4.7799,52872.0,BYBK,10.0,,,,,10,10.0,1.0,1.0,,,,,,9.0,7.0,,,,,,10.0,3.0,4.0,4.0,,,,,4.0,,,10.0,2.0,9.0,9.0,,1.0,,5.0,9.0,4.0,2.0,6.0,10.0,10.0,1.0,1.0,1.0,1.0,1.0,5,10.0,10,1
2015-02-18,80517,,11,3,6020.0,07203T10,BYBK,BAY BANCORP INC,BYBK,551111.0,Q,A,R,13085,3,6020.0,,,,60.0,602.0,,,,,,,4.8,0.0,11015.0,1.0,4.79,52872.0,BYBK,10.0,,,,,10,10.0,1.0,1.0,,,,,,9.0,7.0,,,,,,10.0,3.0,4.0,4.0,,,,,4.0,,,10.0,2.0,9.0,9.0,,1.0,,5.0,9.0,4.0,2.0,6.0,10.0,10.0,1.0,1.0,1.0,1.0,1.0,5,10.0,10,1
2015-02-19,80517,,11,3,6020.0,07203T10,BYBK,BAY BANCORP INC,BYBK,551111.0,Q,A,R,13085,3,6020.0,,,,60.0,602.0,,,,,,,4.78,-0.004167,11015.0,1.0,4.78,52651.7,BYBK,10.0,,,,,10,10.0,1.0,1.0,,,,,,9.0,7.0,,,,,,10.0,3.0,4.0,4.0,,,,,4.0,,,10.0,2.0,9.0,9.0,,1.0,,5.0,9.0,4.0,2.0,6.0,10.0,10.0,1.0,1.0,1.0,1.0,1.0,5,10.0,10,1
2015-02-20,80517,,11,3,6020.0,07203T10,BYBK,BAY BANCORP INC,BYBK,551111.0,Q,A,R,13085,3,6020.0,,,,60.0,602.0,,,,,,,4.75,-0.006276,11015.0,1.0,4.8,52321.25,BYBK,10.0,,,,,10,10.0,1.0,1.0,,,,,,9.0,7.0,,,,,,10.0,3.0,4.0,4.0,,,,,4.0,,,10.0,2.0,9.0,9.0,,1.0,,5.0,9.0,4.0,2.0,6.0,10.0,10.0,1.0,1.0,1.0,1.0,1.0,5,10.0,10,1
2015-02-23,80517,,11,3,6020.0,07203T10,BYBK,BAY BANCORP INC,BYBK,551111.0,Q,A,R,13085,3,6020.0,,,,60.0,602.0,,,,,,,4.81,0.012632,11015.0,1.0,4.8,52982.15,BYBK,10.0,,,,,10,10.0,1.0,1.0,,,,,,9.0,7.0,,,,,,10.0,3.0,4.0,4.0,,,,,4.0,,,10.0,2.0,9.0,9.0,,1.0,,5.0,9.0,4.0,2.0,6.0,10.0,10.0,1.0,1.0,1.0,1.0,1.0,5,10.0,10,1
2015-02-24,80517,,11,3,6020.0,07203T10,BYBK,BAY BANCORP INC,BYBK,551111.0,Q,A,R,13085,3,6020.0,,,,60.0,602.0,,,,,,,4.8,-0.002079,11015.0,1.0,4.751,52872.0,BYBK,10.0,,,,,10,10.0,1.0,1.0,,,,,,9.0,7.0,,,,,,10.0,3.0,4.0,4.0,,,,,4.0,,,10.0,2.0,9.0,9.0,,1.0,,5.0,9.0,4.0,2.0,6.0,10.0,10.0,1.0,1.0,1.0,1.0,1.0,5,10.0,10,1
2015-02-25,80517,,11,3,6020.0,07203T10,BYBK,BAY BANCORP INC,BYBK,551111.0,Q,A,R,13085,3,6020.0,,,,60.0,602.0,,,,,,,4.8,0.0,11015.0,1.0,4.8,52872.0,BYBK,10.0,,,,,10,10.0,1.0,1.0,,,,,,9.0,7.0,,,,,,10.0,3.0,4.0,4.0,,,,,4.0,,,10.0,2.0,9.0,9.0,,1.0,,5.0,9.0,4.0,2.0,6.0,10.0,10.0,1.0,1.0,1.0,1.0,1.0,5,10.0,10,1
2015-02-26,80517,,11,3,6020.0,07203T10,BYBK,BAY BANCORP INC,BYBK,551111.0,Q,A,R,13085,3,6020.0,,,,60.0,602.0,,,,,,,4.78,-0.004167,11015.0,1.0,4.78,52651.7,BYBK,10.0,,,,,10,10.0,1.0,1.0,,,,,,9.0,7.0,,,,,,10.0,3.0,4.0,4.0,,,,,4.0,,,10.0,2.0,9.0,9.0,,1.0,,5.0,9.0,4.0,2.0,6.0,10.0,10.0,1.0,1.0,1.0,1.0,1.0,5,10.0,10,1
2015-02-27,80517,,11,3,6020.0,07203T10,BYBK,BAY BANCORP INC,BYBK,551111.0,Q,A,R,13085,3,6020.0,,,,60.0,602.0,,,,,,,4.78,0.0,11015.0,1.0,4.8,52651.7,BYBK,10.0,,,,,10,10.0,1.0,1.0,,,,,,9.0,7.0,,,,,,10.0,3.0,4.0,4.0,,,,,4.0,,,10.0,2.0,9.0,9.0,,1.0,,5.0,9.0,4.0,2.0,6.0,10.0,10.0,1.0,1.0,1.0,1.0,1.0,5,10.0,10,1
2015-03-02,80517,,11,3,6020.0,07203T10,BYBK,BAY BANCORP INC,BYBK,551111.0,Q,A,R,13085,3,6020.0,,,,60.0,602.0,,,,,,,4.85,0.014644,11015.0,1.0,4.8,53422.75,BYBK,10.0,,,,,10,10.0,1.0,1.0,,,,,,9.0,7.0,,,,,,10.0,3.0,4.0,4.0,,,,4.0,5.0,,,10.0,4.0,5.0,10.0,,1.0,,5.0,9.0,3.0,7.0,9.0,10.0,1.0,8.0,8.0,7.0,1.0,1.0,5,10.0,10,1
2015-03-03,80517,,11,3,6020.0,07203T10,BYBK,BAY BANCORP INC,BYBK,551111.0,Q,A,R,13085,3,6020.0,,,,60.0,602.0,,,,,,,4.88,0.006186,11015.0,1.0,4.84,53753.2,BYBK,10.0,,,,,10,10.0,1.0,1.0,,,,,,9.0,7.0,,,,,,10.0,3.0,4.0,4.0,,,,4.0,5.0,,,10.0,4.0,5.0,10.0,,1.0,,5.0,9.0,3.0,7.0,9.0,10.0,1.0,8.0,8.0,7.0,1.0,1.0,5,10.0,10,1
2015-03-04,80517,,11,3,6020.0,07203T10,BYBK,BAY BANCORP INC,BYBK,551111.0,Q,A,R,13085,3,6020.0,,,,60.0,602.0,,,,,,,4.88,0.0,11015.0,1.0,4.81,53753.2,BYBK,10.0,,,,,10,10.0,1.0,1.0,,,,,,9.0,7.0,,,,,,10.0,3.0,4.0,4.0,,,,4.0,5.0,,,10.0,4.0,5.0,10.0,,1.0,,5.0,9.0,3.0,7.0,9.0,10.0,1.0,8.0,8.0,7.0,1.0,1.0,5,10.0,10,1
2015-03-05,80517,,11,3,6020.0,07203T10,BYBK,BAY BANCORP INC,BYBK,551111.0,Q,A,R,13085,3,6020.0,,,,60.0,602.0,,,,,,,4.95,0.014344,11015.0,1.0,4.86,54524.25,BYBK,10.0,,,,,10,10.0,1.0,1.0,,,,,,9.0,7.0,,,,,,10.0,3.0,4.0,4.0,,,,4.0,5.0,,,10.0,4.0,5.0,10.0,,1.0,,5.0,9.0,3.0,7.0,9.0,10.0,1.0,8.0,8.0,7.0,1.0,1.0,5,10.0,10,1
2015-03-06,80517,,11,3,6020.0,07203T10,BYBK,BAY BANCORP INC,BYBK,551111.0,Q,A,R,13085,3,6020.0,,,,60.0,602.0,,,,,,,4.9,-0.010101,11015.0,1.0,4.95,53973.5,BYBK,10.0,,,,,10,10.0,1.0,1.0,,,,,,9.0,7.0,,,,,,10.0,3.0,4.0,4.0,,,,4.0,5.0,,,10.0,4.0,5.0,10.0,,1.0,,5.0,9.0,3.0,7.0,9.0,10.0,1.0,8.0,8.0,7.0,1.0,1.0,5,10.0,10,1
2015-03-09,80517,,11,3,6020.0,07203T10,BYBK,BAY BANCORP INC,BYBK,551111.0,Q,A,R,13085,3,6020.0,,,,60.0,602.0,,,,,,,4.9,0.0,11015.0,1.0,4.9,53973.5,BYBK,10.0,,,,,10,10.0,1.0,1.0,,,,,,9.0,7.0,,,,,,10.0,3.0,4.0,4.0,,,,4.0,5.0,,,10.0,4.0,5.0,10.0,,1.0,,5.0,9.0,3.0,7.0,9.0,10.0,1.0,8.0,8.0,7.0,1.0,1.0,5,10.0,10,1
2015-03-10,80517,,11,3,6020.0,07203T10,BYBK,BAY BANCORP INC,BYBK,551111.0,Q,A,R,13085,3,6020.0,,,,60.0,602.0,,,,,,,4.92,0.004082,11015.0,1.0,4.92,54193.8,BYBK,10.0,,,,,10,10.0,1.0,1.0,,,,,,9.0,7.0,,,,,,10.0,3.0,4.0,4.0,,,,4.0,5.0,,,10.0,4.0,5.0,10.0,,1.0,,5.0,9.0,3.0,7.0,9.0,10.0,1.0,8.0,8.0,7.0,1.0,1.0,5,10.0,10,1
2015-03-11,80517,,11,3,6020.0,07203T10,BYBK,BAY BANCORP INC,BYBK,551111.0,Q,A,R,13085,3,6020.0,,,,60.0,602.0,,,,,,,4.94,0.004065,11015.0,1.0,4.92,54414.1,BYBK,10.0,,,,,10,10.0,1.0,1.0,,,,,,9.0,7.0,,,,,,10.0,3.0,4.0,4.0,,,,4.0,5.0,,,10.0,4.0,5.0,10.0,,1.0,,5.0,9.0,3.0,7.0,9.0,10.0,1.0,8.0,8.0,7.0,1.0,1.0,5,10.0,10,1
2015-03-12,80517,,11,3,6020.0,07203T10,BYBK,BAY BANCORP INC,BYBK,551111.0,Q,A,R,13085,3,6020.0,,,,60.0,602.0,,,,,,,5.04,0.020243,11015.0,1.0,4.95,55515.6,BYBK,10.0,,,,,10,10.0,1.0,1.0,,,,,,9.0,7.0,,,,,,10.0,3.0,4.0,4.0,,,,4.0,5.0,,,10.0,4.0,5.0,10.0,,1.0,,5.0,9.0,3.0,7.0,9.0,10.0,1.0,8.0,8.0,7.0,1.0,1.0,5,10.0,10,1
2015-03-13,80517,,11,3,6020.0,07203T10,BYBK,BAY BANCORP INC,BYBK,551111.0,Q,A,R,13085,3,6020.0,,,,60.0,602.0,,,,,,,4.98,-0.011905,11015.0,1.0,5.082,54854.7,BYBK,10.0,,,,,10,10.0,1.0,1.0,,,,,,9.0,7.0,,,,,,10.0,3.0,4.0,4.0,,,,4.0,5.0,,,10.0,4.0,5.0,10.0,,1.0,,5.0,9.0,3.0,7.0,9.0,10.0,1.0,8.0,8.0,7.0,1.0,1.0,5,10.0,10,1
2015-03-16,80517,,11,3,6020.0,07203T10,BYBK,BAY BANCORP INC,BYBK,551111.0,Q,A,R,13085,3,6020.0,,,,60.0,602.0,,,,,,,5.1,0.024096,11015.0,1.0,5.049,56176.5,BYBK,10.0,,,,,10,10.0,1.0,1.0,,,,,,9.0,7.0,,,,,,10.0,3.0,4.0,4.0,,,,4.0,5.0,,,10.0,4.0,5.0,10.0,,1.0,,5.0,9.0,3.0,7.0,9.0,10.0,1.0,8.0,8.0,7.0,1.0,1.0,5,10.0,10,1
2015-03-17,80517,,11,3,6020.0,07203T10,BYBK,BAY BANCORP INC,BYBK,551111.0,Q,A,R,13085,3,6020.0,,,,60.0,602.0,,,,,,,5.1,0.0,11015.0,1.0,5.1493,56176.5,BYBK,10.0,,,,,10,10.0,1.0,1.0,,,,,,9.0,7.0,,,,,,10.0,3.0,4.0,4.0,,,,4.0,5.0,,,10.0,4.0,5.0,10.0,,1.0,,5.0,9.0,3.0,7.0,9.0,10.0,1.0,8.0,8.0,7.0,1.0,1.0,5,10.0,10,1
2015-03-18,80517,,11,3,6020.0,07203T10,BYBK,BAY BANCORP INC,BYBK,551111.0,Q,A,R,13085,3,6020.0,,,,60.0,602.0,,,,,,,5.0,-0.019608,11015.0,1.0,5.13,55075.0,BYBK,10.0,,,,,10,10.0,1.0,1.0,,,,,,9.0,7.0,,,,,,10.0,3.0,4.0,4.0,,,,4.0,5.0,,,10.0,4.0,5.0,10.0,,1.0,,5.0,9.0,3.0,7.0,9.0,10.0,1.0,8.0,8.0,7.0,1.0,1.0,5,10.0,10,1
2015-03-19,80517,,11,3,6020.0,07203T10,BYBK,BAY BANCORP INC,BYBK,551111.0,Q,A,R,13085,3,6020.0,,,,60.0,602.0,,,,,,,5.03,0.006,11015.0,1.0,5.15,55405.45,BYBK,10.0,,,,,10,10.0,1.0,1.0,,,,,,9.0,7.0,,,,,,10.0,3.0,4.0,4.0,,,,4.0,5.0,,,10.0,4.0,5.0,10.0,,1.0,,5.0,9.0,3.0,7.0,9.0,10.0,1.0,8.0,8.0,7.0,1.0,1.0,5,10.0,10,1
2015-03-20,80517,,11,3,6020.0,07203T10,BYBK,BAY BANCORP INC,BYBK,551111.0,Q,A,R,13085,3,6020.0,,,,60.0,602.0,,,,,,,4.99,-0.007952,11015.0,1.0,5.25,54964.85,BYBK,10.0,,,,,10,10.0,1.0,1.0,,,,,,9.0,7.0,,,,,,10.0,3.0,4.0,4.0,,,,4.0,5.0,,,10.0,4.0,5.0,10.0,,1.0,,5.0,9.0,3.0,7.0,9.0,10.0,1.0,8.0,8.0,7.0,1.0,1.0,5,10.0,10,1
2015-03-23,80517,,11,3,6020.0,07203T10,BYBK,BAY BANCORP INC,BYBK,551111.0,Q,A,R,13085,3,6020.0,,,,60.0,602.0,,,,,,,5.03,0.008016,11031.0,1.0,5.03,55485.93,BYBK,10.0,,,,,10,10.0,1.0,1.0,,,,,,9.0,7.0,,,,,,10.0,3.0,4.0,4.0,,,,4.0,5.0,,,10.0,4.0,5.0,10.0,,1.0,,5.0,9.0,3.0,7.0,9.0,10.0,1.0,8.0,8.0,7.0,1.0,1.0,5,10.0,10,1
2015-03-24,80517,,11,3,6020.0,07203T10,BYBK,BAY BANCORP INC,BYBK,551111.0,Q,A,R,13085,3,6020.0,,,,60.0,602.0,,,,,,,5.03,0.0,11031.0,1.0,5.03,55485.93,BYBK,10.0,,,,,10,10.0,1.0,1.0,,,,,,9.0,7.0,,,,,,10.0,3.0,4.0,4.0,,,,4.0,5.0,,,10.0,4.0,5.0,10.0,,1.0,,5.0,9.0,3.0,7.0,9.0,10.0,1.0,8.0,8.0,7.0,1.0,1.0,5,10.0,10,1
2015-03-25,80517,,11,3,6020.0,07203T10,BYBK,BAY BANCORP INC,BYBK,551111.0,Q,A,R,13085,3,6020.0,,,,60.0,602.0,,,,,,,5.2,0.033797,11031.0,1.0,5.149,57361.2,BYBK,10.0,,,,,10,10.0,1.0,1.0,,,,,,9.0,7.0,,,,,,10.0,3.0,4.0,4.0,,,,4.0,5.0,,,10.0,4.0,5.0,10.0,,1.0,,5.0,9.0,3.0,7.0,9.0,10.0,1.0,8.0,8.0,7.0,1.0,1.0,5,10.0,10,1
2015-03-26,80517,,11,3,6020.0,07203T10,BYBK,BAY BANCORP INC,BYBK,551111.0,Q,A,R,13085,3,6020.0,,,,60.0,602.0,,,,,,,5.1,-0.019231,11031.0,1.0,5.1,56258.1,BYBK,10.0,,,,,10,10.0,1.0,1.0,,,,,,9.0,7.0,,,,,,10.0,3.0,4.0,4.0,,,,4.0,5.0,,,10.0,4.0,5.0,10.0,,1.0,,5.0,9.0,3.0,7.0,9.0,10.0,1.0,8.0,8.0,7.0,1.0,1.0,5,10.0,10,1
2015-03-27,80517,,11,3,6020.0,07203T10,BYBK,BAY BANCORP INC,BYBK,551111.0,Q,A,R,13085,3,6020.0,,,,60.0,602.0,,,,,,,5.16,0.011765,11031.0,1.0,5.1,56919.96,BYBK,10.0,,,,,10,10.0,1.0,1.0,,,,,,9.0,7.0,,,,,,10.0,3.0,4.0,4.0,,,,4.0,5.0,,,10.0,4.0,5.0,10.0,,1.0,,5.0,9.0,3.0,7.0,9.0,10.0,1.0,8.0,8.0,7.0,1.0,1.0,5,10.0,10,1
2015-03-30,80517,,11,3,6020.0,07203T10,BYBK,BAY BANCORP INC,BYBK,551111.0,Q,A,R,13085,3,6020.0,,,,60.0,602.0,,,,,,,5.2,0.007752,11031.0,1.0,5.16,57361.2,BYBK,10.0,,,,,10,10.0,1.0,1.0,,,,,,9.0,7.0,,,,,,10.0,3.0,4.0,4.0,,,,4.0,5.0,,,10.0,4.0,5.0,10.0,,1.0,,5.0,9.0,3.0,7.0,9.0,10.0,1.0,8.0,8.0,7.0,1.0,1.0,5,10.0,10,1
2015-03-31,80517,,11,3,6020.0,07203T10,BYBK,BAY BANCORP INC,BYBK,551111.0,Q,A,R,13085,3,6020.0,,,,60.0,602.0,,,,,,,5.21,0.001923,11031.0,1.0,5.21,57471.51,BYBK,10.0,,,,,10,10.0,1.0,1.0,,,,,,9.0,7.0,,,,,,10.0,3.0,4.0,4.0,,,,4.0,5.0,,,10.0,4.0,5.0,10.0,,1.0,,5.0,9.0,3.0,7.0,9.0,10.0,1.0,8.0,8.0,7.0,1.0,1.0,5,10.0,10,1
2015-04-01,80517,,11,3,6020.0,07203T10,BYBK,BAY BANCORP INC,BYBK,551111.0,Q,A,R,13085,3,6020.0,,,,60.0,602.0,,,,,,,5.2,-0.001919,11031.0,1.0,5.2,57361.2,BYBK,10.0,,,,,10,10.0,1.0,1.0,,,,,,9.0,7.0,,,,,,10.0,3.0,4.0,4.0,,,,4.0,4.0,,,10.0,3.0,9.0,9.0,,1.0,,5.0,9.0,4.0,2.0,8.0,10.0,6.0,2.0,1.0,1.0,1.0,1.0,5,10.0,10,1
2015-04-02,80517,,11,3,6020.0,07203T10,BYBK,BAY BANCORP INC,BYBK,551111.0,Q,A,R,13085,3,6020.0,,,,60.0,602.0,,,,,,,5.21,0.001923,11031.0,1.0,5.2,57471.51,BYBK,10.0,,,,,10,10.0,1.0,1.0,,,,,,9.0,7.0,,,,,,10.0,3.0,4.0,4.0,,,,4.0,4.0,,,10.0,3.0,9.0,9.0,,1.0,,5.0,9.0,4.0,2.0,8.0,10.0,6.0,2.0,1.0,1.0,1.0,1.0,5,10.0,10,1
2015-04-06,80517,,11,3,6020.0,07203T10,BYBK,BAY BANCORP INC,BYBK,551111.0,Q,A,R,13085,3,6020.0,,,,60.0,602.0,,,,,,,5.2,-0.001919,11031.0,1.0,5.2,57361.2,BYBK,10.0,,,,,10,10.0,1.0,1.0,,,,,,9.0,7.0,,,,,,10.0,3.0,4.0,4.0,,,,4.0,4.0,,,10.0,3.0,9.0,9.0,,1.0,,5.0,9.0,4.0,2.0,8.0,10.0,6.0,2.0,1.0,1.0,1.0,1.0,5,10.0,10,1
2015-04-07,80517,,11,3,6020.0,07203T10,BYBK,BAY BANCORP INC,BYBK,551111.0,Q,A,R,13085,3,6020.0,,,,60.0,602.0,,,,,,,5.2,0.0,11031.0,1.0,5.2,57361.2,BYBK,10.0,,,,,10,10.0,1.0,1.0,,,,,,9.0,7.0,,,,,,10.0,3.0,4.0,4.0,,,,4.0,4.0,,,10.0,3.0,9.0,9.0,,1.0,,5.0,9.0,4.0,2.0,8.0,10.0,6.0,2.0,1.0,1.0,1.0,1.0,5,10.0,10,1
2015-04-08,80517,,11,3,6020.0,07203T10,BYBK,BAY BANCORP INC,BYBK,551111.0,Q,A,R,13085,3,6020.0,,,,60.0,602.0,,,,,,,5.2,0.0,11031.0,1.0,5.2,57361.2,BYBK,10.0,,,,,10,10.0,1.0,1.0,,,,,,9.0,7.0,,,,,,10.0,3.0,4.0,4.0,,,,4.0,4.0,,,10.0,3.0,9.0,9.0,,1.0,,5.0,9.0,4.0,2.0,8.0,10.0,6.0,2.0,1.0,1.0,1.0,1.0,5,10.0,10,1
2015-04-09,80517,,11,3,6020.0,07203T10,BYBK,BAY BANCORP INC,BYBK,551111.0,Q,A,R,13085,3,6020.0,,,,60.0,602.0,,,,,,,5.2136,0.002615,11031.0,1.0,5.2136,57511.2216,BYBK,10.0,,,,,10,10.0,1.0,1.0,,,,,,9.0,7.0,,,,,,10.0,3.0,4.0,4.0,,,,4.0,4.0,,,10.0,3.0,9.0,9.0,,1.0,,5.0,9.0,4.0,2.0,8.0,10.0,6.0,2.0,1.0,1.0,1.0,1.0,5,10.0,10,1
2015-04-10,80517,,11,3,6020.0,07203T10,BYBK,BAY BANCORP INC,BYBK,551111.0,Q,A,R,13085,3,6020.0,,,,60.0,602.0,,,,,,,5.21,-0.000691,11031.0,1.0,5.21,57471.51,BYBK,10.0,,,,,10,10.0,1.0,1.0,,,,,,9.0,7.0,,,,,,10.0,3.0,4.0,4.0,,,,4.0,4.0,,,10.0,3.0,9.0,9.0,,1.0,,5.0,9.0,4.0,2.0,8.0,10.0,6.0,2.0,1.0,1.0,1.0,1.0,5,10.0,10,1
2015-04-13,80517,,11,3,6020.0,07203T10,BYBK,BAY BANCORP INC,BYBK,551111.0,Q,A,R,13085,3,6020.0,,,,60.0,602.0,,,,,,,5.2,-0.001919,11031.0,1.0,5.2,57361.2,BYBK,10.0,,,,,10,10.0,1.0,1.0,,,,,,9.0,7.0,,,,,,10.0,3.0,4.0,4.0,,,,4.0,4.0,,,10.0,3.0,9.0,9.0,,1.0,,5.0,9.0,4.0,2.0,8.0,10.0,6.0,2.0,1.0,1.0,1.0,1.0,5,10.0,10,1
2015-04-14,80517,,11,3,6020.0,07203T10,BYBK,BAY BANCORP INC,BYBK,551111.0,Q,A,R,13085,3,6020.0,,,,60.0,602.0,,,,,,,5.2,0.0,11031.0,1.0,5.2102,57361.2,BYBK,10.0,,,,,10,10.0,1.0,1.0,,,,,,9.0,7.0,,,,,,10.0,3.0,4.0,4.0,,,,4.0,4.0,,,10.0,3.0,9.0,9.0,,1.0,,5.0,9.0,4.0,2.0,8.0,10.0,6.0,2.0,1.0,1.0,1.0,1.0,5,10.0,10,1
2015-04-15,80517,,11,3,6020.0,07203T10,BYBK,BAY BANCORP INC,BYBK,551111.0,Q,A,R,13085,3,6020.0,,,,60.0,602.0,,,,,,,5.2,0.0,11031.0,1.0,5.2,57361.2,BYBK,10.0,,,,,10,10.0,1.0,1.0,,,,,,9.0,7.0,,,,,,10.0,3.0,4.0,4.0,,,,4.0,4.0,,,10.0,3.0,9.0,9.0,,1.0,,5.0,9.0,4.0,2.0,8.0,10.0,6.0,2.0,1.0,1.0,1.0,1.0,5,10.0,10,1
2015-04-16,80517,,11,3,6020.0,07203T10,BYBK,BAY BANCORP INC,BYBK,551111.0,Q,A,R,13085,3,6020.0,,,,60.0,602.0,,,,,,,5.2,0.0,11031.0,1.0,5.2,57361.2,BYBK,10.0,,,,,10,10.0,1.0,1.0,,,,,,9.0,7.0,,,,,,10.0,3.0,4.0,4.0,,,,4.0,4.0,,,10.0,3.0,9.0,9.0,,1.0,,5.0,9.0,4.0,2.0,8.0,10.0,6.0,2.0,1.0,1.0,1.0,1.0,5,10.0,10,1
2015-04-17,80517,,11,3,6020.0,07203T10,BYBK,BAY BANCORP INC,BYBK,551111.0,Q,A,R,13085,3,6020.0,,,,60.0,602.0,,,,,,,5.2,0.0,11031.0,1.0,5.2,57361.2,BYBK,10.0,,,,,10,10.0,1.0,1.0,,,,,,9.0,7.0,,,,,,10.0,3.0,4.0,4.0,,,,4.0,4.0,,,10.0,3.0,9.0,9.0,,1.0,,5.0,9.0,4.0,2.0,8.0,10.0,6.0,2.0,1.0,1.0,1.0,1.0,5,10.0,10,1
2015-04-20,80517,,11,3,6020.0,07203T10,BYBK,BAY BANCORP INC,BYBK,551111.0,Q,A,R,13085,3,6020.0,,,,60.0,602.0,,,,,,,5.2,0.0,11031.0,1.0,5.2,57361.2,BYBK,10.0,,,,,10,10.0,1.0,1.0,,,,,,9.0,7.0,,,,,,10.0,3.0,4.0,4.0,,,,4.0,4.0,,,10.0,3.0,9.0,9.0,,1.0,,5.0,9.0,4.0,2.0,8.0,10.0,6.0,2.0,1.0,1.0,1.0,1.0,5,10.0,10,1
2015-04-21,80517,,11,3,6020.0,07203T10,BYBK,BAY BANCORP INC,BYBK,551111.0,Q,A,R,13085,3,6020.0,,,,60.0,602.0,,,,,,,5.2,0.0,11031.0,1.0,5.2,57361.2,BYBK,10.0,,,,,10,10.0,1.0,1.0,,,,,,9.0,7.0,,,,,,10.0,3.0,4.0,4.0,,,,4.0,4.0,,,10.0,3.0,9.0,9.0,,1.0,,5.0,9.0,4.0,2.0,8.0,10.0,6.0,2.0,1.0,1.0,1.0,1.0,5,10.0,10,1
2015-04-22,80517,,11,3,6020.0,07203T10,BYBK,BAY BANCORP INC,BYBK,551111.0,Q,A,R,13085,3,6020.0,,,,60.0,602.0,,,,,,,5.2,0.0,11031.0,1.0,5.2,57361.2,BYBK,10.0,,,,,10,10.0,1.0,1.0,,,,,,9.0,7.0,,,,,,10.0,3.0,4.0,4.0,,,,4.0,4.0,,,10.0,3.0,9.0,9.0,,1.0,,5.0,9.0,4.0,2.0,8.0,10.0,6.0,2.0,1.0,1.0,1.0,1.0,5,10.0,10,1
2015-04-23,80517,,11,3,6020.0,07203T10,BYBK,BAY BANCORP INC,BYBK,551111.0,Q,A,R,13085,3,6020.0,,,,60.0,602.0,,,,,,,5.2,0.0,11031.0,1.0,5.2,57361.2,BYBK,10.0,,,,,10,10.0,1.0,1.0,,,,,,9.0,7.0,,,,,,10.0,3.0,4.0,4.0,,,,4.0,4.0,,,10.0,3.0,9.0,9.0,,1.0,,5.0,9.0,4.0,2.0,8.0,10.0,6.0,2.0,1.0,1.0,1.0,1.0,5,10.0,10,1
2015-04-24,80517,,11,3,6020.0,07203T10,BYBK,BAY BANCORP INC,BYBK,551111.0,Q,A,R,13085,3,6020.0,,,,60.0,602.0,,,,,,,5.24,0.007692,11031.0,1.0,5.221,57802.44,BYBK,10.0,,,,,10,10.0,1.0,1.0,,,,,,9.0,7.0,,,,,,10.0,3.0,4.0,4.0,,,,4.0,4.0,,,10.0,3.0,9.0,9.0,,1.0,,5.0,9.0,4.0,2.0,8.0,10.0,6.0,2.0,1.0,1.0,1.0,1.0,5,10.0,10,1
2015-04-27,80517,,11,3,6020.0,07203T10,BYBK,BAY BANCORP INC,BYBK,551111.0,Q,A,R,13085,3,6020.0,,,,60.0,602.0,,,,,,,5.23,-0.001908,11031.0,1.0,5.23,57692.13,BYBK,10.0,,,,,10,10.0,1.0,1.0,,,,,,9.0,7.0,,,,,,10.0,3.0,4.0,4.0,,,,4.0,4.0,,,10.0,3.0,9.0,9.0,,1.0,,5.0,9.0,4.0,2.0,8.0,10.0,6.0,2.0,1.0,1.0,1.0,1.0,5,10.0,10,1
2015-04-28,80517,,11,3,6020.0,07203T10,BYBK,BAY BANCORP INC,BYBK,551111.0,Q,A,R,13085,3,6020.0,,,,60.0,602.0,,,,,,,5.22,-0.001912,11031.0,1.0,5.23,57581.82,BYBK,10.0,,,,,10,10.0,1.0,1.0,,,,,,9.0,7.0,,,,,,10.0,3.0,4.0,4.0,,,,4.0,4.0,,,10.0,3.0,9.0,9.0,,1.0,,5.0,9.0,4.0,2.0,8.0,10.0,6.0,2.0,1.0,1.0,1.0,1.0,5,10.0,10,1
2015-04-29,80517,,11,3,6020.0,07203T10,BYBK,BAY BANCORP INC,BYBK,551111.0,Q,A,R,13085,3,6020.0,,,,60.0,602.0,,,,,,,-5.21,-0.001916,11031.0,1.0,,-57471.51,BYBK,10.0,,,,,10,10.0,1.0,1.0,,,,,,9.0,7.0,,,,,,10.0,3.0,4.0,4.0,,,,4.0,4.0,,,10.0,3.0,9.0,9.0,,1.0,,5.0,9.0,4.0,2.0,8.0,10.0,6.0,2.0,1.0,1.0,1.0,1.0,5,10.0,10,1
2015-04-30,80517,,11,3,6020.0,07203T10,BYBK,BAY BANCORP INC,BYBK,551111.0,Q,A,R,13085,3,6020.0,,,,60.0,602.0,,,,,,,5.21,0.0,11031.0,1.0,5.23,57471.51,BYBK,10.0,,,,,10,10.0,1.0,1.0,,,,,,9.0,7.0,,,,,,10.0,3.0,4.0,4.0,,,,4.0,4.0,,,10.0,3.0,9.0,9.0,,1.0,,5.0,9.0,4.0,2.0,8.0,10.0,6.0,2.0,1.0,1.0,1.0,1.0,5,10.0,10,1
2015-05-01,80517,,11,3,6020.0,07203T10,BYBK,BAY BANCORP INC,BYBK,551111.0,Q,A,R,13085,3,6020.0,,,,60.0,602.0,,,,,,,5.2,-0.001919,11031.0,1.0,5.184,57361.2,BYBK,10.0,,,,,10,10.0,1.0,1.0,,,,,,9.0,7.0,,,,,,10.0,3.0,4.0,4.0,,,,6.0,4.0,,,10.0,5.0,9.0,9.0,,1.0,,,,,5.0,9.0,10.0,9.0,6.0,7.0,5.0,1.0,1.0,5,10.0,10,1
2015-05-04,80517,,11,3,6020.0,07203T10,BYBK,BAY BANCORP INC,BYBK,551111.0,Q,A,R,13085,3,6020.0,,,,60.0,602.0,,,,,,,5.18,-0.003846,11031.0,1.0,5.21,57140.58,BYBK,10.0,,,,,10,10.0,1.0,1.0,,,,,,9.0,7.0,,,,,,10.0,3.0,4.0,4.0,,,,6.0,4.0,,,10.0,5.0,9.0,9.0,,1.0,,,,,5.0,9.0,10.0,9.0,6.0,7.0,5.0,1.0,1.0,5,10.0,10,1
2015-05-05,80517,,11,3,6020.0,07203T10,BYBK,BAY BANCORP INC,BYBK,551111.0,Q,A,R,13085,3,6020.0,,,,60.0,602.0,,,,,,,5.19,0.001931,11031.0,1.0,5.21,57250.89,BYBK,10.0,,,,,10,10.0,1.0,1.0,,,,,,9.0,7.0,,,,,,10.0,3.0,4.0,4.0,,,,6.0,4.0,,,10.0,5.0,9.0,9.0,,1.0,,,,,5.0,9.0,10.0,9.0,6.0,7.0,5.0,1.0,1.0,5,10.0,10,1
2015-05-06,80517,,11,3,6020.0,07203T10,BYBK,BAY BANCORP INC,BYBK,551111.0,Q,A,R,13085,3,6020.0,,,,60.0,602.0,,,,,,,5.25,0.011561,11031.0,1.0,5.18,57912.75,BYBK,10.0,,,,,10,10.0,1.0,1.0,,,,,,9.0,7.0,,,,,,10.0,3.0,4.0,4.0,,,,6.0,4.0,,,10.0,5.0,9.0,9.0,,1.0,,,,,5.0,9.0,10.0,9.0,6.0,7.0,5.0,1.0,1.0,5,10.0,10,1
2015-05-07,80517,,11,3,6020.0,07203T10,BYBK,BAY BANCORP INC,BYBK,551111.0,Q,A,R,13085,3,6020.0,,,,60.0,602.0,,,,,,,5.25,0.0,11031.0,1.0,5.25,57912.75,BYBK,10.0,,,,,10,10.0,1.0,1.0,,,,,,9.0,7.0,,,,,,10.0,3.0,4.0,4.0,,,,6.0,4.0,,,10.0,5.0,9.0,9.0,,1.0,,,,,5.0,9.0,10.0,9.0,6.0,7.0,5.0,1.0,1.0,5,10.0,10,1
2015-05-08,80517,,11,3,6020.0,07203T10,BYBK,BAY BANCORP INC,BYBK,551111.0,Q,A,R,13085,3,6020.0,,,,60.0,602.0,,,,,,,5.46,0.04,11031.0,1.0,5.29,60229.26,BYBK,10.0,,,,,10,10.0,1.0,1.0,,,,,,9.0,7.0,,,,,,10.0,3.0,4.0,4.0,,,,6.0,4.0,,,10.0,5.0,9.0,9.0,,1.0,,,,,5.0,9.0,10.0,9.0,6.0,7.0,5.0,1.0,1.0,5,10.0,10,1
2015-05-11,80517,,11,3,6020.0,07203T10,BYBK,BAY BANCORP INC,BYBK,551111.0,Q,A,R,13085,3,6020.0,,,,60.0,602.0,,,,,,,5.43,-0.005495,11031.0,1.0,5.5,59898.33,BYBK,10.0,,,,,10,10.0,1.0,1.0,,,,,,9.0,7.0,,,,,,10.0,3.0,4.0,4.0,,,,6.0,4.0,,,10.0,5.0,9.0,9.0,,1.0,,,,,5.0,9.0,10.0,9.0,6.0,7.0,5.0,1.0,1.0,5,10.0,10,1
2015-05-12,80517,,11,3,6020.0,07203T10,BYBK,BAY BANCORP INC,BYBK,551111.0,Q,A,R,13085,3,6020.0,,,,60.0,602.0,,,,,,,5.26,-0.031307,11031.0,1.0,5.42,58023.06,BYBK,10.0,,,,,10,10.0,1.0,1.0,,,,,,9.0,7.0,,,,,,10.0,3.0,4.0,4.0,,,,6.0,4.0,,,10.0,5.0,9.0,9.0,,1.0,,,,,5.0,9.0,10.0,9.0,6.0,7.0,5.0,1.0,1.0,5,10.0,10,1
2015-05-13,80517,,11,3,6020.0,07203T10,BYBK,BAY BANCORP INC,BYBK,551111.0,Q,A,R,13085,3,6020.0,,,,60.0,602.0,,,,,,,5.15,-0.020913,11031.0,1.0,5.25,56809.65,BYBK,10.0,,,,,10,10.0,1.0,1.0,,,,,,9.0,7.0,,,,,,10.0,3.0,4.0,4.0,,,,6.0,4.0,,,10.0,5.0,9.0,9.0,,1.0,,,,,5.0,9.0,10.0,9.0,6.0,7.0,5.0,1.0,1.0,5,10.0,10,1
2015-05-14,80517,,11,3,6020.0,07203T10,BYBK,BAY BANCORP INC,BYBK,551111.0,Q,A,R,13085,3,6020.0,,,,60.0,602.0,,,,,,,5.45,0.058252,11015.0,1.0,5.2,60031.75,BYBK,10.0,,,,,10,10.0,1.0,1.0,,,,,,9.0,7.0,,,,,,10.0,3.0,4.0,4.0,,,,6.0,4.0,,,10.0,5.0,9.0,9.0,,1.0,,,,,5.0,9.0,10.0,9.0,6.0,7.0,5.0,1.0,1.0,5,10.0,10,1
2015-05-15,80517,,11,3,6020.0,07203T10,BYBK,BAY BANCORP INC,BYBK,551111.0,Q,A,R,13085,3,6020.0,,,,60.0,602.0,,,,,,,5.4,-0.009174,11015.0,1.0,5.1601,59481.0,BYBK,10.0,,,,,10,10.0,1.0,1.0,,,,,,9.0,7.0,,,,,,10.0,3.0,4.0,4.0,,,,6.0,4.0,,,10.0,5.0,9.0,9.0,,1.0,,,,,5.0,9.0,10.0,9.0,6.0,7.0,5.0,1.0,1.0,5,10.0,10,1
2015-05-18,80517,,11,3,6020.0,07203T10,BYBK,BAY BANCORP INC,BYBK,551111.0,Q,A,R,13085,3,6020.0,,,,60.0,602.0,,,,,,,5.48,0.014815,11015.0,1.0,5.45,60362.2,BYBK,10.0,,,,,10,10.0,1.0,1.0,,,,,,9.0,7.0,,,,,,10.0,3.0,4.0,4.0,,,,6.0,4.0,,,10.0,5.0,9.0,9.0,,1.0,,,,,5.0,9.0,10.0,9.0,6.0,7.0,5.0,1.0,1.0,5,10.0,10,1
2015-05-19,80517,,11,3,6020.0,07203T10,BYBK,BAY BANCORP INC,BYBK,551111.0,Q,A,R,13085,3,6020.0,,,,60.0,602.0,,,,,,,5.4,-0.014599,11015.0,1.0,5.48,59481.0,BYBK,10.0,,,,,10,10.0,1.0,1.0,,,,,,9.0,7.0,,,,,,10.0,3.0,4.0,4.0,,,,6.0,4.0,,,10.0,5.0,9.0,9.0,,1.0,,,,,5.0,9.0,10.0,9.0,6.0,7.0,5.0,1.0,1.0,5,10.0,10,1
2015-05-20,80517,,11,3,6020.0,07203T10,BYBK,BAY BANCORP INC,BYBK,551111.0,Q,A,R,13085,3,6020.0,,,,60.0,602.0,,,,,,,5.3,-0.018519,11015.0,1.0,5.45,58379.5,BYBK,10.0,,,,,10,10.0,1.0,1.0,,,,,,9.0,7.0,,,,,,10.0,3.0,4.0,4.0,,,,6.0,4.0,,,10.0,5.0,9.0,9.0,,1.0,,,,,5.0,9.0,10.0,9.0,6.0,7.0,5.0,1.0,1.0,5,10.0,10,1
2015-05-21,80517,,11,3,6020.0,07203T10,BYBK,BAY BANCORP INC,BYBK,551111.0,Q,A,R,13085,3,6020.0,,,,60.0,602.0,,,,,,,5.3883,0.01666,11015.0,1.0,5.48,59352.1245,BYBK,10.0,,,,,10,10.0,1.0,1.0,,,,,,9.0,7.0,,,,,,10.0,3.0,4.0,4.0,,,,6.0,4.0,,,10.0,5.0,9.0,9.0,,1.0,,,,,5.0,9.0,10.0,9.0,6.0,7.0,5.0,1.0,1.0,5,10.0,10,1
2015-05-22,80517,,11,3,6020.0,07203T10,BYBK,BAY BANCORP INC,BYBK,551111.0,Q,A,R,13085,3,6020.0,,,,60.0,602.0,,,,,,,5.32,-0.012676,11015.0,1.0,5.34,58599.8,BYBK,10.0,,,,,10,10.0,1.0,1.0,,,,,,9.0,7.0,,,,,,10.0,3.0,4.0,4.0,,,,6.0,4.0,,,10.0,5.0,9.0,9.0,,1.0,,,,,5.0,9.0,10.0,9.0,6.0,7.0,5.0,1.0,1.0,5,10.0,10,1
2015-05-26,80517,,11,3,6020.0,07203T10,BYBK,BAY BANCORP INC,BYBK,551111.0,Q,A,R,13085,3,6020.0,,,,60.0,602.0,,,,,,,5.3298,0.001842,11015.0,1.0,5.35,58707.747,BYBK,10.0,,,,,10,10.0,1.0,1.0,,,,,,9.0,7.0,,,,,,10.0,3.0,4.0,4.0,,,,6.0,4.0,,,10.0,5.0,9.0,9.0,,1.0,,,,,5.0,9.0,10.0,9.0,6.0,7.0,5.0,1.0,1.0,5,10.0,10,1
2015-05-27,80517,,11,3,6020.0,07203T10,BYBK,BAY BANCORP INC,BYBK,551111.0,Q,A,R,13085,3,6020.0,,,,60.0,602.0,,,,,,,5.23,-0.018725,11015.0,1.0,5.35,57608.45,BYBK,10.0,,,,,10,10.0,1.0,1.0,,,,,,9.0,7.0,,,,,,10.0,3.0,4.0,4.0,,,,6.0,4.0,,,10.0,5.0,9.0,9.0,,1.0,,,,,5.0,9.0,10.0,9.0,6.0,7.0,5.0,1.0,1.0,5,10.0,10,1
2015-05-28,80517,,11,3,6020.0,07203T10,BYBK,BAY BANCORP INC,BYBK,551111.0,Q,A,R,13085,3,6020.0,,,,60.0,602.0,,,,,,,5.25,0.003824,11015.0,1.0,5.3001,57828.75,BYBK,10.0,,,,,10,10.0,1.0,1.0,,,,,,9.0,7.0,,,,,,10.0,3.0,4.0,4.0,,,,6.0,4.0,,,10.0,5.0,9.0,9.0,,1.0,,,,,5.0,9.0,10.0,9.0,6.0,7.0,5.0,1.0,1.0,5,10.0,10,1
2015-05-29,80517,,11,3,6020.0,07203T10,BYBK,BAY BANCORP INC,BYBK,551111.0,Q,A,R,13085,3,6020.0,,,,60.0,602.0,,,,,,,5.28,0.005714,11015.0,1.0,5.29,58159.2,BYBK,10.0,,,,,10,10.0,1.0,1.0,,,,,,9.0,7.0,,,,,,10.0,3.0,4.0,4.0,,,,6.0,4.0,,,10.0,5.0,9.0,9.0,,1.0,,,,,5.0,9.0,10.0,9.0,6.0,7.0,5.0,1.0,1.0,5,10.0,10,1
2015-06-01,80517,,11,3,6020.0,07203T10,BYBK,BAY BANCORP INC,BYBK,551111.0,Q,A,R,13085,3,6020.0,,,,60.0,602.0,,,,,,,5.26,-0.003788,11015.0,1.0,5.32,57938.9,BYBK,10.0,,,,,10,10.0,1.0,1.0,,,,,,9.0,7.0,,,,,,10.0,3.0,4.0,4.0,,,,7.0,5.0,,,10.0,6.0,8.0,10.0,,1.0,,4.0,4.0,3.0,5.0,5.0,10.0,3.0,6.0,,,1.0,1.0,5,10.0,10,1
2015-06-02,80517,,11,3,6020.0,07203T10,BYBK,BAY BANCORP INC,BYBK,551111.0,Q,A,R,13085,3,6020.0,,,,60.0,602.0,,,,,,,5.33,0.013308,11015.0,1.0,5.33,58709.95,BYBK,10.0,,,,,10,10.0,1.0,1.0,,,,,,9.0,7.0,,,,,,10.0,3.0,4.0,4.0,,,,7.0,5.0,,,10.0,6.0,8.0,10.0,,1.0,,4.0,4.0,3.0,5.0,5.0,10.0,3.0,6.0,,,1.0,1.0,5,10.0,10,1
2015-06-03,80517,,11,3,6020.0,07203T10,BYBK,BAY BANCORP INC,BYBK,551111.0,Q,A,R,13085,3,6020.0,,,,60.0,602.0,,,,,,,5.35,0.003752,11015.0,1.0,5.35,58930.25,BYBK,10.0,,,,,10,10.0,1.0,1.0,,,,,,9.0,7.0,,,,,,10.0,3.0,4.0,4.0,,,,7.0,5.0,,,10.0,6.0,8.0,10.0,,1.0,,4.0,4.0,3.0,5.0,5.0,10.0,3.0,6.0,,,1.0,1.0,5,10.0,10,1
2015-06-04,80517,,11,3,6020.0,07203T10,BYBK,BAY BANCORP INC,BYBK,551111.0,Q,A,R,13085,3,6020.0,,,,60.0,602.0,,,,,,,5.28,-0.013084,11015.0,1.0,5.191,58159.2,BYBK,10.0,,,,,10,10.0,1.0,1.0,,,,,,9.0,7.0,,,,,,10.0,3.0,4.0,4.0,,,,7.0,5.0,,,10.0,6.0,8.0,10.0,,1.0,,4.0,4.0,3.0,5.0,5.0,10.0,3.0,6.0,,,1.0,1.0,5,10.0,10,1
2015-06-05,80517,,11,3,6020.0,07203T10,BYBK,BAY BANCORP INC,BYBK,551111.0,Q,A,R,13085,3,6020.0,,,,60.0,602.0,,,,,,,5.29,0.001894,11015.0,1.0,5.211,58269.35,BYBK,10.0,,,,,10,10.0,1.0,1.0,,,,,,9.0,7.0,,,,,,10.0,3.0,4.0,4.0,,,,7.0,5.0,,,10.0,6.0,8.0,10.0,,1.0,,4.0,4.0,3.0,5.0,5.0,10.0,3.0,6.0,,,1.0,1.0,5,10.0,10,1
2015-06-08,80517,,11,3,6020.0,07203T10,BYBK,BAY BANCORP INC,BYBK,551111.0,Q,A,R,13085,3,6020.0,,,,60.0,602.0,,,,,,,5.18,-0.020794,11015.0,1.0,5.19,57057.7,BYBK,10.0,,,,,10,10.0,1.0,1.0,,,,,,9.0,7.0,,,,,,10.0,3.0,4.0,4.0,,,,7.0,5.0,,,10.0,6.0,8.0,10.0,,1.0,,4.0,4.0,3.0,5.0,5.0,10.0,3.0,6.0,,,1.0,1.0,5,10.0,10,1
2015-06-09,80517,,11,3,6020.0,07203T10,BYBK,BAY BANCORP INC,BYBK,551111.0,Q,A,R,13085,3,6020.0,,,,60.0,602.0,,,,,,,5.14,-0.007722,11015.0,1.0,5.16,56617.1,BYBK,10.0,,,,,10,10.0,1.0,1.0,,,,,,9.0,7.0,,,,,,10.0,3.0,4.0,4.0,,,,7.0,5.0,,,10.0,6.0,8.0,10.0,,1.0,,4.0,4.0,3.0,5.0,5.0,10.0,3.0,6.0,,,1.0,1.0,5,10.0,10,1
2015-06-10,80517,,11,3,6020.0,07203T10,BYBK,BAY BANCORP INC,BYBK,551111.0,Q,A,R,13085,3,6020.0,,,,60.0,602.0,,,,,,,5.13,-0.001945,11015.0,1.0,5.14,56506.95,BYBK,10.0,,,,,10,10.0,1.0,1.0,,,,,,9.0,7.0,,,,,,10.0,3.0,4.0,4.0,,,,7.0,5.0,,,10.0,6.0,8.0,10.0,,1.0,,4.0,4.0,3.0,5.0,5.0,10.0,3.0,6.0,,,1.0,1.0,5,10.0,10,1
2015-06-11,80517,,11,3,6020.0,07203T10,BYBK,BAY BANCORP INC,BYBK,551111.0,Q,A,R,13085,3,6020.0,,,,60.0,602.0,,,,,,,5.14,0.001949,11015.0,1.0,5.18,56617.1,BYBK,10.0,,,,,10,10.0,1.0,1.0,,,,,,9.0,7.0,,,,,,10.0,3.0,4.0,4.0,,,,7.0,5.0,,,10.0,6.0,8.0,10.0,,1.0,,4.0,4.0,3.0,5.0,5.0,10.0,3.0,6.0,,,1.0,1.0,5,10.0,10,1
2015-06-12,80517,,11,3,6020.0,07203T10,BYBK,BAY BANCORP INC,BYBK,551111.0,Q,A,R,13085,3,6020.0,,,,60.0,602.0,,,,,,,5.12,-0.003891,11015.0,1.0,5.17,56396.8,BYBK,10.0,,,,,10,10.0,1.0,1.0,,,,,,9.0,7.0,,,,,,10.0,3.0,4.0,4.0,,,,7.0,5.0,,,10.0,6.0,8.0,10.0,,1.0,,4.0,4.0,3.0,5.0,5.0,10.0,3.0,6.0,,,1.0,1.0,5,10.0,10,1
2015-06-15,80517,,11,3,6020.0,07203T10,BYBK,BAY BANCORP INC,BYBK,551111.0,Q,A,R,13085,3,6020.0,,,,60.0,602.0,,,,,,,5.23,0.021484,11015.0,1.0,5.13,57608.45,BYBK,10.0,,,,,10,10.0,1.0,1.0,,,,,,9.0,7.0,,,,,,10.0,3.0,4.0,4.0,,,,7.0,5.0,,,10.0,6.0,8.0,10.0,,1.0,,4.0,4.0,3.0,5.0,5.0,10.0,3.0,6.0,,,1.0,1.0,5,10.0,10,1
2015-06-16,80517,,11,3,6020.0,07203T10,BYBK,BAY BANCORP INC,BYBK,551111.0,Q,A,R,13085,3,6020.0,,,,60.0,602.0,,,,,,,5.27,0.007648,11015.0,1.0,5.23,58049.05,BYBK,10.0,,,,,10,10.0,1.0,1.0,,,,,,9.0,7.0,,,,,,10.0,3.0,4.0,4.0,,,,7.0,5.0,,,10.0,6.0,8.0,10.0,,1.0,,4.0,4.0,3.0,5.0,5.0,10.0,3.0,6.0,,,1.0,1.0,5,10.0,10,1
2015-06-17,80517,,11,3,6020.0,07203T10,BYBK,BAY BANCORP INC,BYBK,551111.0,Q,A,R,13085,3,6020.0,,,,60.0,602.0,,,,,,,5.3,0.005693,11015.0,1.0,5.23,58379.5,BYBK,10.0,,,,,10,10.0,1.0,1.0,,,,,,9.0,7.0,,,,,,10.0,3.0,4.0,4.0,,,,7.0,5.0,,,10.0,6.0,8.0,10.0,,1.0,,4.0,4.0,3.0,5.0,5.0,10.0,3.0,6.0,,,1.0,1.0,5,10.0,10,1
2015-06-18,80517,,11,3,6020.0,07203T10,BYBK,BAY BANCORP INC,BYBK,551111.0,Q,A,R,13085,3,6020.0,,,,60.0,602.0,,,,,,,5.43,0.024528,11015.0,1.0,5.3,59811.45,BYBK,10.0,,,,,10,10.0,1.0,1.0,,,,,,9.0,7.0,,,,,,10.0,3.0,4.0,4.0,,,,7.0,5.0,,,10.0,6.0,8.0,10.0,,1.0,,4.0,4.0,3.0,5.0,5.0,10.0,3.0,6.0,,,1.0,1.0,5,10.0,10,1
2015-06-19,80517,,11,3,6020.0,07203T10,BYBK,BAY BANCORP INC,BYBK,551111.0,Q,A,R,13085,3,6020.0,,,,60.0,602.0,,,,,,,5.15,-0.051565,11015.0,1.0,5.35,56727.25,BYBK,10.0,,,,,10,10.0,1.0,1.0,,,,,,9.0,7.0,,,,,,10.0,3.0,4.0,4.0,,,,7.0,5.0,,,10.0,6.0,8.0,10.0,,1.0,,4.0,4.0,3.0,5.0,5.0,10.0,3.0,6.0,,,1.0,1.0,5,10.0,10,1
2015-06-22,80517,,11,3,6020.0,07203T10,BYBK,BAY BANCORP INC,BYBK,551111.0,Q,A,R,13085,3,6020.0,,,,60.0,602.0,,,,,,,5.16,0.001942,11015.0,1.0,5.18,56837.4,BYBK,10.0,,,,,10,10.0,1.0,1.0,,,,,,9.0,7.0,,,,,,10.0,3.0,4.0,4.0,,,,7.0,5.0,,,10.0,6.0,8.0,10.0,,1.0,,4.0,4.0,3.0,5.0,5.0,10.0,3.0,6.0,,,1.0,1.0,5,10.0,10,1
2015-06-23,80517,,11,3,6020.0,07203T10,BYBK,BAY BANCORP INC,BYBK,551111.0,Q,A,R,13085,3,6020.0,,,,60.0,602.0,,,,,,,5.16,0.0,11015.0,1.0,5.16,56837.4,BYBK,10.0,,,,,10,10.0,1.0,1.0,,,,,,9.0,7.0,,,,,,10.0,3.0,4.0,4.0,,,,7.0,5.0,,,10.0,6.0,8.0,10.0,,1.0,,4.0,4.0,3.0,5.0,5.0,10.0,3.0,6.0,,,1.0,1.0,5,10.0,10,1
2015-06-24,80517,,11,3,6020.0,07203T10,BYBK,BAY BANCORP INC,BYBK,551111.0,Q,A,R,13085,3,6020.0,,,,60.0,602.0,,,,,,,5.173,0.002519,11015.0,1.0,5.171,56980.595,BYBK,10.0,,,,,10,10.0,1.0,1.0,,,,,,9.0,7.0,,,,,,10.0,3.0,4.0,4.0,,,,7.0,5.0,,,10.0,6.0,8.0,10.0,,1.0,,4.0,4.0,3.0,5.0,5.0,10.0,3.0,6.0,,,1.0,1.0,5,10.0,10,1
2015-06-25,80517,,11,3,6020.0,07203T10,BYBK,BAY BANCORP INC,BYBK,551111.0,Q,A,R,13085,3,6020.0,,,,60.0,602.0,,,,,,,5.16,-0.002513,11015.0,1.0,5.17,56837.4,BYBK,10.0,,,,,10,10.0,1.0,1.0,,,,,,9.0,7.0,,,,,,10.0,3.0,4.0,4.0,,,,7.0,5.0,,,10.0,6.0,8.0,10.0,,1.0,,4.0,4.0,3.0,5.0,5.0,10.0,3.0,6.0,,,1.0,1.0,5,10.0,10,1
2015-06-26,80517,,11,3,6020.0,07203T10,BYBK,BAY BANCORP INC,BYBK,551111.0,Q,A,R,13085,3,6020.0,,,,60.0,602.0,,,,,,,5.29,0.025194,11015.0,1.0,5.16,58269.35,BYBK,10.0,,,,,10,10.0,1.0,1.0,,,,,,9.0,7.0,,,,,,10.0,3.0,4.0,4.0,,,,7.0,5.0,,,10.0,6.0,8.0,10.0,,1.0,,4.0,4.0,3.0,5.0,5.0,10.0,3.0,6.0,,,1.0,1.0,5,10.0,10,1
2015-06-29,80517,,11,3,6020.0,07203T10,BYBK,BAY BANCORP INC,BYBK,551111.0,Q,A,R,13085,3,6020.0,,,,60.0,602.0,,,,,,,-5.205,-0.016068,11015.0,1.0,,-57333.075,BYBK,10.0,,,,,10,10.0,1.0,1.0,,,,,,9.0,7.0,,,,,,10.0,3.0,4.0,4.0,,,,7.0,5.0,,,10.0,6.0,8.0,10.0,,1.0,,4.0,4.0,3.0,5.0,5.0,10.0,3.0,6.0,,,1.0,1.0,5,10.0,10,1
2015-06-30,80517,,11,3,6020.0,07203T10,BYBK,BAY BANCORP INC,BYBK,551111.0,Q,A,R,13085,3,6020.0,,,,60.0,602.0,,,,,,,-5.18,-0.004803,11031.0,1.0,,-57140.58,BYBK,10.0,,,,,10,10.0,1.0,1.0,,,,,,9.0,7.0,,,,,,10.0,3.0,4.0,4.0,,,,7.0,5.0,,,10.0,6.0,8.0,10.0,,1.0,,4.0,4.0,3.0,5.0,5.0,10.0,3.0,6.0,,,1.0,1.0,5,10.0,10,1
2015-07-01,80517,,11,3,6020.0,07203T10,BYBK,BAY BANCORP INC,BYBK,551111.0,Q,A,R,13085,3,6020.0,,,,60.0,602.0,,,,,,,5.06,-0.023166,11031.0,1.0,5.16,55816.86,BYBK,10.0,,,,,10,10.0,1.0,3.0,,,,,,8.0,7.0,,,,,,10.0,3.0,3.0,5.0,,,,,6.0,,,10.0,5.0,9.0,10.0,,3.0,,3.0,4.0,3.0,6.0,5.0,10.0,1.0,8.0,,,1.0,1.0,5,10.0,10,1
2015-07-02,80517,,11,3,6020.0,07203T10,BYBK,BAY BANCORP INC,BYBK,551111.0,Q,A,R,13085,3,6020.0,,,,60.0,602.0,,,,,,,5.01,-0.009881,11031.0,1.0,5.0,55265.31,BYBK,10.0,,,,,10,10.0,1.0,3.0,,,,,,8.0,7.0,,,,,,10.0,3.0,3.0,5.0,,,,,6.0,,,10.0,5.0,9.0,10.0,,3.0,,3.0,4.0,3.0,6.0,5.0,10.0,1.0,8.0,,,1.0,1.0,5,10.0,10,1
2015-07-06,80517,,11,3,6020.0,07203T10,BYBK,BAY BANCORP INC,BYBK,551111.0,Q,A,R,13085,3,6020.0,,,,60.0,602.0,,,,,,,5.02,0.001996,11031.0,1.0,5.0,55375.62,BYBK,10.0,,,,,10,10.0,1.0,3.0,,,,,,8.0,7.0,,,,,,10.0,3.0,3.0,5.0,,,,,6.0,,,10.0,5.0,9.0,10.0,,3.0,,3.0,4.0,3.0,6.0,5.0,10.0,1.0,8.0,,,1.0,1.0,5,10.0,10,1
2015-07-07,80517,,11,3,6020.0,07203T10,BYBK,BAY BANCORP INC,BYBK,551111.0,Q,A,R,13085,3,6020.0,,,,60.0,602.0,,,,,,,-5.02,0.0,11031.0,1.0,,-55375.62,BYBK,10.0,,,,,10,10.0,1.0,3.0,,,,,,8.0,7.0,,,,,,10.0,3.0,3.0,5.0,,,,,6.0,,,10.0,5.0,9.0,10.0,,3.0,,3.0,4.0,3.0,6.0,5.0,10.0,1.0,8.0,,,1.0,1.0,5,10.0,10,1
2015-07-08,80517,,11,3,6020.0,07203T10,BYBK,BAY BANCORP INC,BYBK,551111.0,Q,A,R,13085,3,6020.0,,,,60.0,602.0,,,,,,,4.99,-0.005976,11031.0,1.0,4.99,55044.69,BYBK,10.0,,,,,10,10.0,1.0,3.0,,,,,,8.0,7.0,,,,,,10.0,3.0,3.0,5.0,,,,,6.0,,,10.0,5.0,9.0,10.0,,3.0,,3.0,4.0,3.0,6.0,5.0,10.0,1.0,8.0,,,1.0,1.0,5,10.0,10,1
2015-07-09,80517,,11,3,6020.0,07203T10,BYBK,BAY BANCORP INC,BYBK,551111.0,Q,A,R,13085,3,6020.0,,,,60.0,602.0,,,,,,,5.03,0.008016,11031.0,1.0,5.0,55485.93,BYBK,10.0,,,,,10,10.0,1.0,3.0,,,,,,8.0,7.0,,,,,,10.0,3.0,3.0,5.0,,,,,6.0,,,10.0,5.0,9.0,10.0,,3.0,,3.0,4.0,3.0,6.0,5.0,10.0,1.0,8.0,,,1.0,1.0,5,10.0,10,1
2015-07-10,80517,,11,3,6020.0,07203T10,BYBK,BAY BANCORP INC,BYBK,551111.0,Q,A,R,13085,3,6020.0,,,,60.0,602.0,,,,,,,5.12,0.017893,11031.0,1.0,4.99,56478.72,BYBK,10.0,,,,,10,10.0,1.0,3.0,,,,,,8.0,7.0,,,,,,10.0,3.0,3.0,5.0,,,,,6.0,,,10.0,5.0,9.0,10.0,,3.0,,3.0,4.0,3.0,6.0,5.0,10.0,1.0,8.0,,,1.0,1.0,5,10.0,10,1
2015-07-13,80517,,11,3,6020.0,07203T10,BYBK,BAY BANCORP INC,BYBK,551111.0,Q,A,R,13085,3,6020.0,,,,60.0,602.0,,,,,,,4.98,-0.027344,11031.0,1.0,5.0,54934.38,BYBK,10.0,,,,,10,10.0,1.0,3.0,,,,,,8.0,7.0,,,,,,10.0,3.0,3.0,5.0,,,,,6.0,,,10.0,5.0,9.0,10.0,,3.0,,3.0,4.0,3.0,6.0,5.0,10.0,1.0,8.0,,,1.0,1.0,5,10.0,10,1
2015-07-14,80517,,11,3,6020.0,07203T10,BYBK,BAY BANCORP INC,BYBK,551111.0,Q,A,R,13085,3,6020.0,,,,60.0,602.0,,,,,,,4.98,0.0,11031.0,1.0,5.0,54934.38,BYBK,10.0,,,,,10,10.0,1.0,3.0,,,,,,8.0,7.0,,,,,,10.0,3.0,3.0,5.0,,,,,6.0,,,10.0,5.0,9.0,10.0,,3.0,,3.0,4.0,3.0,6.0,5.0,10.0,1.0,8.0,,,1.0,1.0,5,10.0,10,1
2015-07-15,80517,,11,3,6020.0,07203T10,BYBK,BAY BANCORP INC,BYBK,551111.0,Q,A,R,13085,3,6020.0,,,,60.0,602.0,,,,,,,4.95,-0.006024,11031.0,1.0,5.0,54603.45,BYBK,10.0,,,,,10,10.0,1.0,3.0,,,,,,8.0,7.0,,,,,,10.0,3.0,3.0,5.0,,,,,6.0,,,10.0,5.0,9.0,10.0,,3.0,,3.0,4.0,3.0,6.0,5.0,10.0,1.0,8.0,,,1.0,1.0,5,10.0,10,1
2015-07-16,80517,,11,3,6020.0,07203T10,BYBK,BAY BANCORP INC,BYBK,551111.0,Q,A,R,13085,3,6020.0,,,,60.0,602.0,,,,,,,4.96,0.00202,11031.0,1.0,4.95,54713.76,BYBK,10.0,,,,,10,10.0,1.0,3.0,,,,,,8.0,7.0,,,,,,10.0,3.0,3.0,5.0,,,,,6.0,,,10.0,5.0,9.0,10.0,,3.0,,3.0,4.0,3.0,6.0,5.0,10.0,1.0,8.0,,,1.0,1.0,5,10.0,10,1
2015-07-17,80517,,11,3,6020.0,07203T10,BYBK,BAY BANCORP INC,BYBK,551111.0,Q,A,R,13085,3,6020.0,,,,60.0,602.0,,,,,,,-4.965,0.001008,11031.0,1.0,,-54768.915,BYBK,10.0,,,,,10,10.0,1.0,3.0,,,,,,8.0,7.0,,,,,,10.0,3.0,3.0,5.0,,,,,6.0,,,10.0,5.0,9.0,10.0,,3.0,,3.0,4.0,3.0,6.0,5.0,10.0,1.0,8.0,,,1.0,1.0,5,10.0,10,1
2015-07-20,80517,,11,3,6020.0,07203T10,BYBK,BAY BANCORP INC,BYBK,551111.0,Q,A,R,13085,3,6020.0,,,,60.0,602.0,,,,,,,-4.955,-0.002014,11031.0,1.0,,-54658.605,BYBK,10.0,,,,,10,10.0,1.0,3.0,,,,,,8.0,7.0,,,,,,10.0,3.0,3.0,5.0,,,,,6.0,,,10.0,5.0,9.0,10.0,,3.0,,3.0,4.0,3.0,6.0,5.0,10.0,1.0,8.0,,,1.0,1.0,5,10.0,10,1
2015-07-21,80517,,11,3,6020.0,07203T10,BYBK,BAY BANCORP INC,BYBK,551111.0,Q,A,R,13085,3,6020.0,,,,60.0,602.0,,,,,,,4.95,-0.001009,11031.0,1.0,4.89,54603.45,BYBK,10.0,,,,,10,10.0,1.0,3.0,,,,,,8.0,7.0,,,,,,10.0,3.0,3.0,5.0,,,,,6.0,,,10.0,5.0,9.0,10.0,,3.0,,3.0,4.0,3.0,6.0,5.0,10.0,1.0,8.0,,,1.0,1.0,5,10.0,10,1
2015-07-22,80517,,11,3,6020.0,07203T10,BYBK,BAY BANCORP INC,BYBK,551111.0,Q,A,R,13085,3,6020.0,,,,60.0,602.0,,,,,,,4.99,0.008081,11031.0,1.0,5.0,55044.69,BYBK,10.0,,,,,10,10.0,1.0,3.0,,,,,,8.0,7.0,,,,,,10.0,3.0,3.0,5.0,,,,,6.0,,,10.0,5.0,9.0,10.0,,3.0,,3.0,4.0,3.0,6.0,5.0,10.0,1.0,8.0,,,1.0,1.0,5,10.0,10,1
2015-07-23,80517,,11,3,6020.0,07203T10,BYBK,BAY BANCORP INC,BYBK,551111.0,Q,A,R,13085,3,6020.0,,,,60.0,602.0,,,,,,,5.0,0.002004,11031.0,1.0,5.0,55155.0,BYBK,10.0,,,,,10,10.0,1.0,3.0,,,,,,8.0,7.0,,,,,,10.0,3.0,3.0,5.0,,,,,6.0,,,10.0,5.0,9.0,10.0,,3.0,,3.0,4.0,3.0,6.0,5.0,10.0,1.0,8.0,,,1.0,1.0,5,10.0,10,1
2015-07-24,80517,,11,3,6020.0,07203T10,BYBK,BAY BANCORP INC,BYBK,551111.0,Q,A,R,13085,3,6020.0,,,,60.0,602.0,,,,,,,-4.97,-0.006,11031.0,1.0,,-54824.07,BYBK,10.0,,,,,10,10.0,1.0,3.0,,,,,,8.0,7.0,,,,,,10.0,3.0,3.0,5.0,,,,,6.0,,,10.0,5.0,9.0,10.0,,3.0,,3.0,4.0,3.0,6.0,5.0,10.0,1.0,8.0,,,1.0,1.0,5,10.0,10,1
2015-07-27,80517,,11,3,6020.0,07203T10,BYBK,BAY BANCORP INC,BYBK,551111.0,Q,A,R,13085,3,6020.0,,,,60.0,602.0,,,,,,,5.0,0.006036,11031.0,1.0,5.0,55155.0,BYBK,10.0,,,,,10,10.0,1.0,3.0,,,,,,8.0,7.0,,,,,,10.0,3.0,3.0,5.0,,,,,6.0,,,10.0,5.0,9.0,10.0,,3.0,,3.0,4.0,3.0,6.0,5.0,10.0,1.0,8.0,,,1.0,1.0,5,10.0,10,1
2015-07-28,80517,,11,3,6020.0,07203T10,BYBK,BAY BANCORP INC,BYBK,551111.0,Q,A,R,13085,3,6020.0,,,,60.0,602.0,,,,,,,4.98,-0.004,11031.0,1.0,5.0,54934.38,BYBK,10.0,,,,,10,10.0,1.0,3.0,,,,,,8.0,7.0,,,,,,10.0,3.0,3.0,5.0,,,,,6.0,,,10.0,5.0,9.0,10.0,,3.0,,3.0,4.0,3.0,6.0,5.0,10.0,1.0,8.0,,,1.0,1.0,5,10.0,10,1
2015-07-29,80517,,11,3,6020.0,07203T10,BYBK,BAY BANCORP INC,BYBK,551111.0,Q,A,R,13085,3,6020.0,,,,60.0,602.0,,,,,,,-4.99,0.002008,11031.0,1.0,,-55044.69,BYBK,10.0,,,,,10,10.0,1.0,3.0,,,,,,8.0,7.0,,,,,,10.0,3.0,3.0,5.0,,,,,6.0,,,10.0,5.0,9.0,10.0,,3.0,,3.0,4.0,3.0,6.0,5.0,10.0,1.0,8.0,,,1.0,1.0,5,10.0,10,1
2015-07-30,80517,,11,3,6020.0,07203T10,BYBK,BAY BANCORP INC,BYBK,551111.0,Q,A,R,13085,3,6020.0,,,,60.0,602.0,,,,,,,4.98,-0.002004,11031.0,1.0,4.98,54934.38,BYBK,10.0,,,,,10,10.0,1.0,3.0,,,,,,8.0,7.0,,,,,,10.0,3.0,3.0,5.0,,,,,6.0,,,10.0,5.0,9.0,10.0,,3.0,,3.0,4.0,3.0,6.0,5.0,10.0,1.0,8.0,,,1.0,1.0,5,10.0,10,1
2015-07-31,80517,,11,3,6020.0,07203T10,BYBK,BAY BANCORP INC,BYBK,551111.0,Q,A,R,13085,3,6020.0,,,,60.0,602.0,,,,,,,4.99,0.002008,11031.0,1.0,4.992,55044.69,BYBK,10.0,,,,,10,10.0,1.0,3.0,,,,,,8.0,7.0,,,,,,10.0,3.0,3.0,5.0,,,,,6.0,,,10.0,5.0,9.0,10.0,,3.0,,3.0,4.0,3.0,6.0,5.0,10.0,1.0,8.0,,,1.0,1.0,5,10.0,10,1
2015-08-03,80517,,11,3,6020.0,07203T10,BYBK,BAY BANCORP INC,BYBK,551111.0,Q,A,R,13085,3,6020.0,,,,60.0,602.0,,,,,,,5.0,0.002004,11031.0,1.0,5.0,55155.0,BYBK,10.0,,,,,10,10.0,1.0,3.0,,,,,,8.0,7.0,,,,,,10.0,3.0,3.0,5.0,,,,9.0,10.0,,,10.0,5.0,6.0,10.0,,3.0,,3.0,5.0,,7.0,4.0,10.0,6.0,7.0,,,1.0,1.0,5,10.0,10,1
2015-08-04,80517,,11,3,6020.0,07203T10,BYBK,BAY BANCORP INC,BYBK,551111.0,Q,A,R,13085,3,6020.0,,,,60.0,602.0,,,,,,,5.0392,0.00784,11031.0,1.0,5.05,55587.4152,BYBK,10.0,,,,,10,10.0,1.0,3.0,,,,,,8.0,7.0,,,,,,10.0,3.0,3.0,5.0,,,,9.0,10.0,,,10.0,5.0,6.0,10.0,,3.0,,3.0,5.0,,7.0,4.0,10.0,6.0,7.0,,,1.0,1.0,5,10.0,10,1
2015-08-05,80517,,11,3,6020.0,07203T10,BYBK,BAY BANCORP INC,BYBK,551111.0,Q,A,R,13085,3,6020.0,,,,60.0,602.0,,,,,,,5.05,0.002143,11031.0,1.0,5.015,55706.55,BYBK,10.0,,,,,10,10.0,1.0,3.0,,,,,,8.0,7.0,,,,,,10.0,3.0,3.0,5.0,,,,9.0,10.0,,,10.0,5.0,6.0,10.0,,3.0,,3.0,5.0,,7.0,4.0,10.0,6.0,7.0,,,1.0,1.0,5,10.0,10,1
2015-08-06,80517,,11,3,6020.0,07203T10,BYBK,BAY BANCORP INC,BYBK,551111.0,Q,A,R,13085,3,6020.0,,,,60.0,602.0,,,,,,,5.05,0.0,11031.0,1.0,5.07,55706.55,BYBK,10.0,,,,,10,10.0,1.0,3.0,,,,,,8.0,7.0,,,,,,10.0,3.0,3.0,5.0,,,,9.0,10.0,,,10.0,5.0,6.0,10.0,,3.0,,3.0,5.0,,7.0,4.0,10.0,6.0,7.0,,,1.0,1.0,5,10.0,10,1
2015-08-07,80517,,11,3,6020.0,07203T10,BYBK,BAY BANCORP INC,BYBK,551111.0,Q,A,R,13085,3,6020.0,,,,60.0,602.0,,,,,,,5.0599,0.00196,11031.0,1.0,5.0599,55815.7569,BYBK,10.0,,,,,10,10.0,1.0,3.0,,,,,,8.0,7.0,,,,,,10.0,3.0,3.0,5.0,,,,9.0,10.0,,,10.0,5.0,6.0,10.0,,3.0,,3.0,5.0,,7.0,4.0,10.0,6.0,7.0,,,1.0,1.0,5,10.0,10,1
2015-08-10,80517,,11,3,6020.0,07203T10,BYBK,BAY BANCORP INC,BYBK,551111.0,Q,A,R,13085,3,6020.0,,,,60.0,602.0,,,,,,,5.05,-0.001956,11063.0,1.0,5.0501,55868.15,BYBK,10.0,,,,,10,10.0,1.0,3.0,,,,,,8.0,7.0,,,,,,10.0,3.0,3.0,5.0,,,,9.0,10.0,,,10.0,5.0,6.0,10.0,,3.0,,3.0,5.0,,7.0,4.0,10.0,6.0,7.0,,,1.0,1.0,5,10.0,10,1
2015-08-11,80517,,11,3,6020.0,07203T10,BYBK,BAY BANCORP INC,BYBK,551111.0,Q,A,R,13085,3,6020.0,,,,60.0,602.0,,,,,,,5.07,0.00396,11063.0,1.0,5.07,56089.41,BYBK,10.0,,,,,10,10.0,1.0,3.0,,,,,,8.0,7.0,,,,,,10.0,3.0,3.0,5.0,,,,9.0,10.0,,,10.0,5.0,6.0,10.0,,3.0,,3.0,5.0,,7.0,4.0,10.0,6.0,7.0,,,1.0,1.0,5,10.0,10,1
2015-08-12,80517,,11,3,6020.0,07203T10,BYBK,BAY BANCORP INC,BYBK,551111.0,Q,A,R,13085,3,6020.0,,,,60.0,602.0,,,,,,,5.07,0.0,11063.0,1.0,5.07,56089.41,BYBK,10.0,,,,,10,10.0,1.0,3.0,,,,,,8.0,7.0,,,,,,10.0,3.0,3.0,5.0,,,,9.0,10.0,,,10.0,5.0,6.0,10.0,,3.0,,3.0,5.0,,7.0,4.0,10.0,6.0,7.0,,,1.0,1.0,5,10.0,10,1
2015-08-13,80517,,11,3,6020.0,07203T10,BYBK,BAY BANCORP INC,BYBK,551111.0,Q,A,R,13085,3,6020.0,,,,60.0,602.0,,,,,,,5.08,0.001972,11063.0,1.0,5.062,56200.04,BYBK,10.0,,,,,10,10.0,1.0,3.0,,,,,,8.0,7.0,,,,,,10.0,3.0,3.0,5.0,,,,9.0,10.0,,,10.0,5.0,6.0,10.0,,3.0,,3.0,5.0,,7.0,4.0,10.0,6.0,7.0,,,1.0,1.0,5,10.0,10,1
2015-08-14,80517,,11,3,6020.0,07203T10,BYBK,BAY BANCORP INC,BYBK,551111.0,Q,A,R,13085,3,6020.0,,,,60.0,602.0,,,,,,,5.11,0.005906,11063.0,1.0,5.07,56531.93,BYBK,10.0,,,,,10,10.0,1.0,3.0,,,,,,8.0,7.0,,,,,,10.0,3.0,3.0,5.0,,,,9.0,10.0,,,10.0,5.0,6.0,10.0,,3.0,,3.0,5.0,,7.0,4.0,10.0,6.0,7.0,,,1.0,1.0,5,10.0,10,1
2015-08-17,80517,,11,3,6020.0,07203T10,BYBK,BAY BANCORP INC,BYBK,551111.0,Q,A,R,13085,3,6020.0,,,,60.0,602.0,,,,,,,5.09,-0.003914,11063.0,1.0,5.09,56310.67,BYBK,10.0,,,,,10,10.0,1.0,3.0,,,,,,8.0,7.0,,,,,,10.0,3.0,3.0,5.0,,,,9.0,10.0,,,10.0,5.0,6.0,10.0,,3.0,,3.0,5.0,,7.0,4.0,10.0,6.0,7.0,,,1.0,1.0,5,10.0,10,1
2015-08-18,80517,,11,3,6020.0,07203T10,BYBK,BAY BANCORP INC,BYBK,551111.0,Q,A,R,13085,3,6020.0,,,,60.0,602.0,,,,,,,5.0,-0.017682,11063.0,1.0,5.05,55315.0,BYBK,10.0,,,,,10,10.0,1.0,3.0,,,,,,8.0,7.0,,,,,,10.0,3.0,3.0,5.0,,,,9.0,10.0,,,10.0,5.0,6.0,10.0,,3.0,,3.0,5.0,,7.0,4.0,10.0,6.0,7.0,,,1.0,1.0,5,10.0,10,1
2015-08-19,80517,,11,3,6020.0,07203T10,BYBK,BAY BANCORP INC,BYBK,551111.0,Q,A,R,13085,3,6020.0,,,,60.0,602.0,,,,,,,5.04,0.008,11063.0,1.0,5.0,55757.52,BYBK,10.0,,,,,10,10.0,1.0,3.0,,,,,,8.0,7.0,,,,,,10.0,3.0,3.0,5.0,,,,9.0,10.0,,,10.0,5.0,6.0,10.0,,3.0,,3.0,5.0,,7.0,4.0,10.0,6.0,7.0,,,1.0,1.0,5,10.0,10,1
2015-08-20,80517,,11,3,6020.0,07203T10,BYBK,BAY BANCORP INC,BYBK,551111.0,Q,A,R,13085,3,6020.0,,,,60.0,602.0,,,,,,,5.07,0.005952,11063.0,1.0,5.04,56089.41,BYBK,10.0,,,,,10,10.0,1.0,3.0,,,,,,8.0,7.0,,,,,,10.0,3.0,3.0,5.0,,,,9.0,10.0,,,10.0,5.0,6.0,10.0,,3.0,,3.0,5.0,,7.0,4.0,10.0,6.0,7.0,,,1.0,1.0,5,10.0,10,1
2015-08-21,80517,,11,3,6020.0,07203T10,BYBK,BAY BANCORP INC,BYBK,551111.0,Q,A,R,13085,3,6020.0,,,,60.0,602.0,,,,,,,5.02,-0.009862,11063.0,1.0,5.09,55536.26,BYBK,10.0,,,,,10,10.0,1.0,3.0,,,,,,8.0,7.0,,,,,,10.0,3.0,3.0,5.0,,,,9.0,10.0,,,10.0,5.0,6.0,10.0,,3.0,,3.0,5.0,,7.0,4.0,10.0,6.0,7.0,,,1.0,1.0,5,10.0,10,1
2015-08-24,80517,,11,3,6020.0,07203T10,BYBK,BAY BANCORP INC,BYBK,551111.0,Q,A,R,13085,3,6020.0,,,,60.0,602.0,,,,,,,5.0,-0.003984,11063.0,1.0,5.02,55315.0,BYBK,10.0,,,,,10,10.0,1.0,3.0,,,,,,8.0,7.0,,,,,,10.0,3.0,3.0,5.0,,,,9.0,10.0,,,10.0,5.0,6.0,10.0,,3.0,,3.0,5.0,,7.0,4.0,10.0,6.0,7.0,,,1.0,1.0,5,10.0,10,1
2015-08-25,80517,,11,3,6020.0,07203T10,BYBK,BAY BANCORP INC,BYBK,551111.0,Q,A,R,13085,3,6020.0,,,,60.0,602.0,,,,,,,4.92,-0.016,11063.0,1.0,4.79,54429.96,BYBK,10.0,,,,,10,10.0,1.0,3.0,,,,,,8.0,7.0,,,,,,10.0,3.0,3.0,5.0,,,,9.0,10.0,,,10.0,5.0,6.0,10.0,,3.0,,3.0,5.0,,7.0,4.0,10.0,6.0,7.0,,,1.0,1.0,5,10.0,10,1
2015-08-26,80517,,11,3,6020.0,07203T10,BYBK,BAY BANCORP INC,BYBK,551111.0,Q,A,R,13085,3,6020.0,,,,60.0,602.0,,,,,,,4.91,-0.002033,11063.0,1.0,4.9,54319.33,BYBK,10.0,,,,,10,10.0,1.0,3.0,,,,,,8.0,7.0,,,,,,10.0,3.0,3.0,5.0,,,,9.0,10.0,,,10.0,5.0,6.0,10.0,,3.0,,3.0,5.0,,7.0,4.0,10.0,6.0,7.0,,,1.0,1.0,5,10.0,10,1
2015-08-27,80517,,11,3,6020.0,07203T10,BYBK,BAY BANCORP INC,BYBK,551111.0,Q,A,R,13085,3,6020.0,,,,60.0,602.0,,,,,,,4.87,-0.008147,11063.0,1.0,5.02,53876.81,BYBK,10.0,,,,,10,10.0,1.0,3.0,,,,,,8.0,7.0,,,,,,10.0,3.0,3.0,5.0,,,,9.0,10.0,,,10.0,5.0,6.0,10.0,,3.0,,3.0,5.0,,7.0,4.0,10.0,6.0,7.0,,,1.0,1.0,5,10.0,10,1
2015-08-28,80517,,11,3,6020.0,07203T10,BYBK,BAY BANCORP INC,BYBK,551111.0,Q,A,R,13085,3,6020.0,,,,60.0,602.0,,,,,,,4.88,0.002053,11063.0,1.0,4.85,53987.44,BYBK,10.0,,,,,10,10.0,1.0,3.0,,,,,,8.0,7.0,,,,,,10.0,3.0,3.0,5.0,,,,9.0,10.0,,,10.0,5.0,6.0,10.0,,3.0,,3.0,5.0,,7.0,4.0,10.0,6.0,7.0,,,1.0,1.0,5,10.0,10,1
2015-08-31,80517,,11,3,6020.0,07203T10,BYBK,BAY BANCORP INC,BYBK,551111.0,Q,A,R,13085,3,6020.0,,,,60.0,602.0,,,,,,,5.02,0.028688,11063.0,1.0,4.85,55536.26,BYBK,10.0,,,,,10,10.0,1.0,3.0,,,,,,8.0,7.0,,,,,,10.0,3.0,3.0,5.0,,,,9.0,10.0,,,10.0,5.0,6.0,10.0,,3.0,,3.0,5.0,,7.0,4.0,10.0,6.0,7.0,,,1.0,1.0,5,10.0,10,1
2015-09-01,80517,,11,3,6020.0,07203T10,BYBK,BAY BANCORP INC,BYBK,551111.0,Q,A,R,13085,3,6020.0,,,,60.0,602.0,,,,,,,5.06,0.007968,11063.0,1.0,4.89,55978.78,BYBK,10.0,,,,,10,10.0,1.0,3.0,,,,,,8.0,7.0,,,,,,10.0,3.0,3.0,5.0,,,,6.0,9.0,,,10.0,6.0,8.0,10.0,,5.0,,4.0,5.0,3.0,2.0,7.0,10.0,7.0,2.0,1.0,4.0,1.0,1.0,5,10.0,10,1
2015-09-02,80517,,11,3,6020.0,07203T10,BYBK,BAY BANCORP INC,BYBK,551111.0,Q,A,R,13085,3,6020.0,,,,60.0,602.0,,,,,,,4.96,-0.019763,11063.0,1.0,4.96,54872.48,BYBK,10.0,,,,,10,10.0,1.0,3.0,,,,,,8.0,7.0,,,,,,10.0,3.0,3.0,5.0,,,,6.0,9.0,,,10.0,6.0,8.0,10.0,,5.0,,4.0,5.0,3.0,2.0,7.0,10.0,7.0,2.0,1.0,4.0,1.0,1.0,5,10.0,10,1
2015-09-03,80517,,11,3,6020.0,07203T10,BYBK,BAY BANCORP INC,BYBK,551111.0,Q,A,R,13085,3,6020.0,,,,60.0,602.0,,,,,,,4.95,-0.002016,11063.0,1.0,4.97,54761.85,BYBK,10.0,,,,,10,10.0,1.0,3.0,,,,,,8.0,7.0,,,,,,10.0,3.0,3.0,5.0,,,,6.0,9.0,,,10.0,6.0,8.0,10.0,,5.0,,4.0,5.0,3.0,2.0,7.0,10.0,7.0,2.0,1.0,4.0,1.0,1.0,5,10.0,10,1
2015-09-04,80517,,11,3,6020.0,07203T10,BYBK,BAY BANCORP INC,BYBK,551111.0,Q,A,R,13085,3,6020.0,,,,60.0,602.0,,,,,,,4.99,0.008081,11063.0,1.0,4.95,55204.37,BYBK,10.0,,,,,10,10.0,1.0,3.0,,,,,,8.0,7.0,,,,,,10.0,3.0,3.0,5.0,,,,6.0,9.0,,,10.0,6.0,8.0,10.0,,5.0,,4.0,5.0,3.0,2.0,7.0,10.0,7.0,2.0,1.0,4.0,1.0,1.0,5,10.0,10,1
2015-09-08,80517,,11,3,6020.0,07203T10,BYBK,BAY BANCORP INC,BYBK,551111.0,Q,A,R,13085,3,6020.0,,,,60.0,602.0,,,,,,,5.14,0.03006,11063.0,1.0,5.03,56863.82,BYBK,10.0,,,,,10,10.0,1.0,3.0,,,,,,8.0,7.0,,,,,,10.0,3.0,3.0,5.0,,,,6.0,9.0,,,10.0,6.0,8.0,10.0,,5.0,,4.0,5.0,3.0,2.0,7.0,10.0,7.0,2.0,1.0,4.0,1.0,1.0,5,10.0,10,1
2015-09-09,80517,,11,3,6020.0,07203T10,BYBK,BAY BANCORP INC,BYBK,551111.0,Q,A,R,13085,3,6020.0,,,,60.0,602.0,,,,,,,5.17,0.005837,11063.0,1.0,5.19,57195.71,BYBK,10.0,,,,,10,10.0,1.0,3.0,,,,,,8.0,7.0,,,,,,10.0,3.0,3.0,5.0,,,,6.0,9.0,,,10.0,6.0,8.0,10.0,,5.0,,4.0,5.0,3.0,2.0,7.0,10.0,7.0,2.0,1.0,4.0,1.0,1.0,5,10.0,10,1
2015-09-10,80517,,11,3,6020.0,07203T10,BYBK,BAY BANCORP INC,BYBK,551111.0,Q,A,R,13085,3,6020.0,,,,60.0,602.0,,,,,,,5.2399,0.01352,11063.0,1.0,5.18,57969.0137,BYBK,10.0,,,,,10,10.0,1.0,3.0,,,,,,8.0,7.0,,,,,,10.0,3.0,3.0,5.0,,,,6.0,9.0,,,10.0,6.0,8.0,10.0,,5.0,,4.0,5.0,3.0,2.0,7.0,10.0,7.0,2.0,1.0,4.0,1.0,1.0,5,10.0,10,1
2015-09-11,80517,,11,3,6020.0,07203T10,BYBK,BAY BANCORP INC,BYBK,551111.0,Q,A,R,13085,3,6020.0,,,,60.0,602.0,,,,,,,5.25,0.001927,11063.0,1.0,5.23,58080.75,BYBK,10.0,,,,,10,10.0,1.0,3.0,,,,,,8.0,7.0,,,,,,10.0,3.0,3.0,5.0,,,,6.0,9.0,,,10.0,6.0,8.0,10.0,,5.0,,4.0,5.0,3.0,2.0,7.0,10.0,7.0,2.0,1.0,4.0,1.0,1.0,5,10.0,10,1
2015-09-14,80517,,11,3,6020.0,07203T10,BYBK,BAY BANCORP INC,BYBK,551111.0,Q,A,R,13085,3,6020.0,,,,60.0,602.0,,,,,,,5.34,0.017143,11063.0,1.0,5.31,59076.42,BYBK,10.0,,,,,10,10.0,1.0,3.0,,,,,,8.0,7.0,,,,,,10.0,3.0,3.0,5.0,,,,6.0,9.0,,,10.0,6.0,8.0,10.0,,5.0,,4.0,5.0,3.0,2.0,7.0,10.0,7.0,2.0,1.0,4.0,1.0,1.0,5,10.0,10,1
2015-09-15,80517,,11,3,6020.0,07203T10,BYBK,BAY BANCORP INC,BYBK,551111.0,Q,A,R,13085,3,6020.0,,,,60.0,602.0,,,,,,,5.34,0.0,11063.0,1.0,5.35,59076.42,BYBK,10.0,,,,,10,10.0,1.0,3.0,,,,,,8.0,7.0,,,,,,10.0,3.0,3.0,5.0,,,,6.0,9.0,,,10.0,6.0,8.0,10.0,,5.0,,4.0,5.0,3.0,2.0,7.0,10.0,7.0,2.0,1.0,4.0,1.0,1.0,5,10.0,10,1
2015-09-16,80517,,11,3,6020.0,07203T10,BYBK,BAY BANCORP INC,BYBK,551111.0,Q,A,R,13085,3,6020.0,,,,60.0,602.0,,,,,,,5.4,0.011236,11063.0,1.0,5.35,59740.2,BYBK,10.0,,,,,10,10.0,1.0,3.0,,,,,,8.0,7.0,,,,,,10.0,3.0,3.0,5.0,,,,6.0,9.0,,,10.0,6.0,8.0,10.0,,5.0,,4.0,5.0,3.0,2.0,7.0,10.0,7.0,2.0,1.0,4.0,1.0,1.0,5,10.0,10,1
2015-09-17,80517,,11,3,6020.0,07203T10,BYBK,BAY BANCORP INC,BYBK,551111.0,Q,A,R,13085,3,6020.0,,,,60.0,602.0,,,,,,,5.18,-0.040741,11063.0,1.0,5.15,57306.34,BYBK,10.0,,,,,10,10.0,1.0,3.0,,,,,,8.0,7.0,,,,,,10.0,3.0,3.0,5.0,,,,6.0,9.0,,,10.0,6.0,8.0,10.0,,5.0,,4.0,5.0,3.0,2.0,7.0,10.0,7.0,2.0,1.0,4.0,1.0,1.0,5,10.0,10,1
2015-09-18,80517,,11,3,6020.0,07203T10,BYBK,BAY BANCORP INC,BYBK,551111.0,Q,A,R,13085,3,6020.0,,,,60.0,602.0,,,,,,,5.01,-0.032818,11063.0,1.0,5.3,55425.63,BYBK,10.0,,,,,10,10.0,1.0,3.0,,,,,,8.0,7.0,,,,,,10.0,3.0,3.0,5.0,,,,6.0,9.0,,,10.0,6.0,8.0,10.0,,5.0,,4.0,5.0,3.0,2.0,7.0,10.0,7.0,2.0,1.0,4.0,1.0,1.0,5,10.0,10,1
2015-09-21,80517,,11,3,6020.0,07203T10,BYBK,BAY BANCORP INC,BYBK,551111.0,Q,A,R,13085,3,6020.0,,,,60.0,602.0,,,,,,,5.0,-0.001996,11063.0,1.0,5.14,55315.0,BYBK,10.0,,,,,10,10.0,1.0,3.0,,,,,,8.0,7.0,,,,,,10.0,3.0,3.0,5.0,,,,6.0,9.0,,,10.0,6.0,8.0,10.0,,5.0,,4.0,5.0,3.0,2.0,7.0,10.0,7.0,2.0,1.0,4.0,1.0,1.0,5,10.0,10,1
2015-09-22,80517,,11,3,6020.0,07203T10,BYBK,BAY BANCORP INC,BYBK,551111.0,Q,A,R,13085,3,6020.0,,,,60.0,602.0,,,,,,,5.17,0.034,11063.0,1.0,5.09,57195.71,BYBK,10.0,,,,,10,10.0,1.0,3.0,,,,,,8.0,7.0,,,,,,10.0,3.0,3.0,5.0,,,,6.0,9.0,,,10.0,6.0,8.0,10.0,,5.0,,4.0,5.0,3.0,2.0,7.0,10.0,7.0,2.0,1.0,4.0,1.0,1.0,5,10.0,10,1
2015-09-23,80517,,11,3,6020.0,07203T10,BYBK,BAY BANCORP INC,BYBK,551111.0,Q,A,R,13085,3,6020.0,,,,60.0,602.0,,,,,,,5.07,-0.019342,11063.0,1.0,5.15,56089.41,BYBK,10.0,,,,,10,10.0,1.0,3.0,,,,,,8.0,7.0,,,,,,10.0,3.0,3.0,5.0,,,,6.0,9.0,,,10.0,6.0,8.0,10.0,,5.0,,4.0,5.0,3.0,2.0,7.0,10.0,7.0,2.0,1.0,4.0,1.0,1.0,5,10.0,10,1
2015-09-24,80517,,11,3,6020.0,07203T10,BYBK,BAY BANCORP INC,BYBK,551111.0,Q,A,R,13085,3,6020.0,,,,60.0,602.0,,,,,,,5.17,0.019724,11063.0,1.0,5.0461,57195.71,BYBK,10.0,,,,,10,10.0,1.0,3.0,,,,,,8.0,7.0,,,,,,10.0,3.0,3.0,5.0,,,,6.0,9.0,,,10.0,6.0,8.0,10.0,,5.0,,4.0,5.0,3.0,2.0,7.0,10.0,7.0,2.0,1.0,4.0,1.0,1.0,5,10.0,10,1
2015-09-25,80517,,11,3,6020.0,07203T10,BYBK,BAY BANCORP INC,BYBK,551111.0,Q,A,R,13085,3,6020.0,,,,60.0,602.0,,,,,,,5.34,0.032882,11063.0,1.0,5.27,59076.42,BYBK,10.0,,,,,10,10.0,1.0,3.0,,,,,,8.0,7.0,,,,,,10.0,3.0,3.0,5.0,,,,6.0,9.0,,,10.0,6.0,8.0,10.0,,5.0,,4.0,5.0,3.0,2.0,7.0,10.0,7.0,2.0,1.0,4.0,1.0,1.0,5,10.0,10,1
2015-09-28,80517,,11,3,6020.0,07203T10,BYBK,BAY BANCORP INC,BYBK,551111.0,Q,A,R,13085,3,6020.0,,,,60.0,602.0,,,,,,,5.3,-0.007491,11063.0,1.0,5.35,58633.9,BYBK,10.0,,,,,10,10.0,1.0,3.0,,,,,,8.0,7.0,,,,,,10.0,3.0,3.0,5.0,,,,6.0,9.0,,,10.0,6.0,8.0,10.0,,5.0,,4.0,5.0,3.0,2.0,7.0,10.0,7.0,2.0,1.0,4.0,1.0,1.0,5,10.0,10,1
2015-09-29,80517,,11,3,6020.0,07203T10,BYBK,BAY BANCORP INC,BYBK,551111.0,Q,A,R,13085,3,6020.0,,,,60.0,602.0,,,,,,,5.22,-0.015094,11063.0,1.0,5.25,57748.86,BYBK,10.0,,,,,10,10.0,1.0,3.0,,,,,,8.0,7.0,,,,,,10.0,3.0,3.0,5.0,,,,6.0,9.0,,,10.0,6.0,8.0,10.0,,5.0,,4.0,5.0,3.0,2.0,7.0,10.0,7.0,2.0,1.0,4.0,1.0,1.0,5,10.0,10,1
2015-09-30,80517,,11,3,6020.0,07203T10,BYBK,BAY BANCORP INC,BYBK,551111.0,Q,A,R,13085,3,6020.0,,,,60.0,602.0,,,,,,,5.1,-0.022988,11047.0,1.0,5.158,56339.7,BYBK,10.0,,,,,10,10.0,1.0,3.0,,,,,,8.0,7.0,,,,,,10.0,3.0,3.0,5.0,,,,6.0,9.0,,,10.0,6.0,8.0,10.0,,5.0,,4.0,5.0,3.0,2.0,7.0,10.0,7.0,2.0,1.0,4.0,1.0,1.0,5,10.0,10,1
2015-10-01,80517,,11,3,6020.0,07203T10,BYBK,BAY BANCORP INC,BYBK,551111.0,Q,A,R,13085,3,6020.0,,,,60.0,602.0,,,,,,,5.23,0.02549,11047.0,1.0,5.18,57775.81,BYBK,10.0,,,,,10,10.0,1.0,3.0,,,,,,8.0,7.0,,,,,,10.0,3.0,3.0,5.0,,,,8.0,9.0,,,10.0,7.0,8.0,9.0,,5.0,,4.0,5.0,3.0,2.0,6.0,10.0,1.0,2.0,3.0,5.0,1.0,1.0,5,10.0,10,1
2015-10-02,80517,,11,3,6020.0,07203T10,BYBK,BAY BANCORP INC,BYBK,551111.0,Q,A,R,13085,3,6020.0,,,,60.0,602.0,,,,,,,5.19,-0.007648,11047.0,1.0,5.16,57333.93,BYBK,10.0,,,,,10,10.0,1.0,3.0,,,,,,8.0,7.0,,,,,,10.0,3.0,3.0,5.0,,,,8.0,9.0,,,10.0,7.0,8.0,9.0,,5.0,,4.0,5.0,3.0,2.0,6.0,10.0,1.0,2.0,3.0,5.0,1.0,1.0,5,10.0,10,1
2015-10-05,80517,,11,3,6020.0,07203T10,BYBK,BAY BANCORP INC,BYBK,551111.0,Q,A,R,13085,3,6020.0,,,,60.0,602.0,,,,,,,5.22,0.00578,11047.0,1.0,5.24,57665.34,BYBK,10.0,,,,,10,10.0,1.0,3.0,,,,,,8.0,7.0,,,,,,10.0,3.0,3.0,5.0,,,,8.0,9.0,,,10.0,7.0,8.0,9.0,,5.0,,4.0,5.0,3.0,2.0,6.0,10.0,1.0,2.0,3.0,5.0,1.0,1.0,5,10.0,10,1
2015-10-06,80517,,11,3,6020.0,07203T10,BYBK,BAY BANCORP INC,BYBK,551111.0,Q,A,R,13085,3,6020.0,,,,60.0,602.0,,,,,,,5.18,-0.007663,11047.0,1.0,5.23,57223.46,BYBK,10.0,,,,,10,10.0,1.0,3.0,,,,,,8.0,7.0,,,,,,10.0,3.0,3.0,5.0,,,,8.0,9.0,,,10.0,7.0,8.0,9.0,,5.0,,4.0,5.0,3.0,2.0,6.0,10.0,1.0,2.0,3.0,5.0,1.0,1.0,5,10.0,10,1
2015-10-07,80517,,11,3,6020.0,07203T10,BYBK,BAY BANCORP INC,BYBK,551111.0,Q,A,R,13085,3,6020.0,,,,60.0,602.0,,,,,,,5.13,-0.009652,11047.0,1.0,5.21,56671.11,BYBK,10.0,,,,,10,10.0,1.0,3.0,,,,,,8.0,7.0,,,,,,10.0,3.0,3.0,5.0,,,,8.0,9.0,,,10.0,7.0,8.0,9.0,,5.0,,4.0,5.0,3.0,2.0,6.0,10.0,1.0,2.0,3.0,5.0,1.0,1.0,5,10.0,10,1
2015-10-08,80517,,11,3,6020.0,07203T10,BYBK,BAY BANCORP INC,BYBK,551111.0,Q,A,R,13085,3,6020.0,,,,60.0,602.0,,,,,,,5.23,0.019493,11047.0,1.0,5.0711,57775.81,BYBK,10.0,,,,,10,10.0,1.0,3.0,,,,,,8.0,7.0,,,,,,10.0,3.0,3.0,5.0,,,,8.0,9.0,,,10.0,7.0,8.0,9.0,,5.0,,4.0,5.0,3.0,2.0,6.0,10.0,1.0,2.0,3.0,5.0,1.0,1.0,5,10.0,10,1
2015-10-09,80517,,11,3,6020.0,07203T10,BYBK,BAY BANCORP INC,BYBK,551111.0,Q,A,R,13085,3,6020.0,,,,60.0,602.0,,,,,,,5.21,-0.003824,11047.0,1.0,5.226,57554.87,BYBK,10.0,,,,,10,10.0,1.0,3.0,,,,,,8.0,7.0,,,,,,10.0,3.0,3.0,5.0,,,,8.0,9.0,,,10.0,7.0,8.0,9.0,,5.0,,4.0,5.0,3.0,2.0,6.0,10.0,1.0,2.0,3.0,5.0,1.0,1.0,5,10.0,10,1
2015-10-12,80517,,11,3,6020.0,07203T10,BYBK,BAY BANCORP INC,BYBK,551111.0,Q,A,R,13085,3,6020.0,,,,60.0,602.0,,,,,,,5.3,0.017275,11047.0,1.0,5.2001,58549.1,BYBK,10.0,,,,,10,10.0,1.0,3.0,,,,,,8.0,7.0,,,,,,10.0,3.0,3.0,5.0,,,,8.0,9.0,,,10.0,7.0,8.0,9.0,,5.0,,4.0,5.0,3.0,2.0,6.0,10.0,1.0,2.0,3.0,5.0,1.0,1.0,5,10.0,10,1
2015-10-13,80517,,11,3,6020.0,07203T10,BYBK,BAY BANCORP INC,BYBK,551111.0,Q,A,R,13085,3,6020.0,,,,60.0,602.0,,,,,,,5.24,-0.011321,11047.0,1.0,5.23,57886.28,BYBK,10.0,,,,,10,10.0,1.0,3.0,,,,,,8.0,7.0,,,,,,10.0,3.0,3.0,5.0,,,,8.0,9.0,,,10.0,7.0,8.0,9.0,,5.0,,4.0,5.0,3.0,2.0,6.0,10.0,1.0,2.0,3.0,5.0,1.0,1.0,5,10.0,10,1
2015-10-14,80517,,11,3,6020.0,07203T10,BYBK,BAY BANCORP INC,BYBK,551111.0,Q,A,R,13085,3,6020.0,,,,60.0,602.0,,,,,,,5.26,0.003817,11047.0,1.0,5.22,58107.22,BYBK,10.0,,,,,10,10.0,1.0,3.0,,,,,,8.0,7.0,,,,,,10.0,3.0,3.0,5.0,,,,8.0,9.0,,,10.0,7.0,8.0,9.0,,5.0,,4.0,5.0,3.0,2.0,6.0,10.0,1.0,2.0,3.0,5.0,1.0,1.0,5,10.0,10,1
2015-10-15,80517,,11,3,6020.0,07203T10,BYBK,BAY BANCORP INC,BYBK,551111.0,Q,A,R,13085,3,6020.0,,,,60.0,602.0,,,,,,,5.26,0.0,11047.0,1.0,5.25,58107.22,BYBK,10.0,,,,,10,10.0,1.0,3.0,,,,,,8.0,7.0,,,,,,10.0,3.0,3.0,5.0,,,,8.0,9.0,,,10.0,7.0,8.0,9.0,,5.0,,4.0,5.0,3.0,2.0,6.0,10.0,1.0,2.0,3.0,5.0,1.0,1.0,5,10.0,10,1
2015-10-16,80517,,11,3,6020.0,07203T10,BYBK,BAY BANCORP INC,BYBK,551111.0,Q,A,R,13085,3,6020.0,,,,60.0,602.0,,,,,,,5.28,0.003802,11047.0,1.0,5.25,58328.16,BYBK,10.0,,,,,10,10.0,1.0,3.0,,,,,,8.0,7.0,,,,,,10.0,3.0,3.0,5.0,,,,8.0,9.0,,,10.0,7.0,8.0,9.0,,5.0,,4.0,5.0,3.0,2.0,6.0,10.0,1.0,2.0,3.0,5.0,1.0,1.0,5,10.0,10,1
2015-10-19,80517,,11,3,6020.0,07203T10,BYBK,BAY BANCORP INC,BYBK,551111.0,Q,A,R,13085,3,6020.0,,,,60.0,602.0,,,,,,,5.25,-0.005682,11047.0,1.0,5.28,57996.75,BYBK,10.0,,,,,10,10.0,1.0,3.0,,,,,,8.0,7.0,,,,,,10.0,3.0,3.0,5.0,,,,8.0,9.0,,,10.0,7.0,8.0,9.0,,5.0,,4.0,5.0,3.0,2.0,6.0,10.0,1.0,2.0,3.0,5.0,1.0,1.0,5,10.0,10,1
2015-10-20,80517,,11,3,6020.0,07203T10,BYBK,BAY BANCORP INC,BYBK,551111.0,Q,A,R,13085,3,6020.0,,,,60.0,602.0,,,,,,,5.29,0.007619,11047.0,1.0,5.29,58438.63,BYBK,10.0,,,,,10,10.0,1.0,3.0,,,,,,8.0,7.0,,,,,,10.0,3.0,3.0,5.0,,,,8.0,9.0,,,10.0,7.0,8.0,9.0,,5.0,,4.0,5.0,3.0,2.0,6.0,10.0,1.0,2.0,3.0,5.0,1.0,1.0,5,10.0,10,1
2015-10-21,80517,,11,3,6020.0,07203T10,BYBK,BAY BANCORP INC,BYBK,551111.0,Q,A,R,13085,3,6020.0,,,,60.0,602.0,,,,,,,5.28,-0.00189,11047.0,1.0,5.28,58328.16,BYBK,10.0,,,,,10,10.0,1.0,3.0,,,,,,8.0,7.0,,,,,,10.0,3.0,3.0,5.0,,,,8.0,9.0,,,10.0,7.0,8.0,9.0,,5.0,,4.0,5.0,3.0,2.0,6.0,10.0,1.0,2.0,3.0,5.0,1.0,1.0,5,10.0,10,1
2015-10-22,80517,,11,3,6020.0,07203T10,BYBK,BAY BANCORP INC,BYBK,551111.0,Q,A,R,13085,3,6020.0,,,,60.0,602.0,,,,,,,5.16,-0.022727,11047.0,1.0,5.2,57002.52,BYBK,10.0,,,,,10,10.0,1.0,3.0,,,,,,8.0,7.0,,,,,,10.0,3.0,3.0,5.0,,,,8.0,9.0,,,10.0,7.0,8.0,9.0,,5.0,,4.0,5.0,3.0,2.0,6.0,10.0,1.0,2.0,3.0,5.0,1.0,1.0,5,10.0,10,1
2015-10-23,80517,,11,3,6020.0,07203T10,BYBK,BAY BANCORP INC,BYBK,551111.0,Q,A,R,13085,3,6020.0,,,,60.0,602.0,,,,,,,5.23,0.013566,11047.0,1.0,5.14,57775.81,BYBK,10.0,,,,,10,10.0,1.0,3.0,,,,,,8.0,7.0,,,,,,10.0,3.0,3.0,5.0,,,,8.0,9.0,,,10.0,7.0,8.0,9.0,,5.0,,4.0,5.0,3.0,2.0,6.0,10.0,1.0,2.0,3.0,5.0,1.0,1.0,5,10.0,10,1
2015-10-26,80517,,11,3,6020.0,07203T10,BYBK,BAY BANCORP INC,BYBK,551111.0,Q,A,R,13085,3,6020.0,,,,60.0,602.0,,,,,,,5.28,0.00956,11047.0,1.0,5.22,58328.16,BYBK,10.0,,,,,10,10.0,1.0,3.0,,,,,,8.0,7.0,,,,,,10.0,3.0,3.0,5.0,,,,8.0,9.0,,,10.0,7.0,8.0,9.0,,5.0,,4.0,5.0,3.0,2.0,6.0,10.0,1.0,2.0,3.0,5.0,1.0,1.0,5,10.0,10,1
2015-10-27,80517,,11,3,6020.0,07203T10,BYBK,BAY BANCORP INC,BYBK,551111.0,Q,A,R,13085,3,6020.0,,,,60.0,602.0,,,,,,,5.14,-0.026515,11047.0,1.0,5.22,56781.58,BYBK,10.0,,,,,10,10.0,1.0,3.0,,,,,,8.0,7.0,,,,,,10.0,3.0,3.0,5.0,,,,8.0,9.0,,,10.0,7.0,8.0,9.0,,5.0,,4.0,5.0,3.0,2.0,6.0,10.0,1.0,2.0,3.0,5.0,1.0,1.0,5,10.0,10,1
2015-10-28,80517,,11,3,6020.0,07203T10,BYBK,BAY BANCORP INC,BYBK,551111.0,Q,A,R,13085,3,6020.0,,,,60.0,602.0,,,,,,,5.22,0.015564,11047.0,1.0,5.13,57665.34,BYBK,10.0,,,,,10,10.0,1.0,3.0,,,,,,8.0,7.0,,,,,,10.0,3.0,3.0,5.0,,,,8.0,9.0,,,10.0,7.0,8.0,9.0,,5.0,,4.0,5.0,3.0,2.0,6.0,10.0,1.0,2.0,3.0,5.0,1.0,1.0,5,10.0,10,1
2015-10-29,80517,,11,3,6020.0,07203T10,BYBK,BAY BANCORP INC,BYBK,551111.0,Q,A,R,13085,3,6020.0,,,,60.0,602.0,,,,,,,5.22,0.0,11047.0,1.0,5.22,57665.34,BYBK,10.0,,,,,10,10.0,1.0,3.0,,,,,,8.0,7.0,,,,,,10.0,3.0,3.0,5.0,,,,8.0,9.0,,,10.0,7.0,8.0,9.0,,5.0,,4.0,5.0,3.0,2.0,6.0,10.0,1.0,2.0,3.0,5.0,1.0,1.0,5,10.0,10,1
2015-10-30,80517,,11,3,6020.0,07203T10,BYBK,BAY BANCORP INC,BYBK,551111.0,Q,A,R,13085,3,6020.0,,,,60.0,602.0,,,,,,,5.13,-0.017241,11047.0,1.0,5.12,56671.11,BYBK,10.0,,,,,10,10.0,1.0,3.0,,,,,,8.0,7.0,,,,,,10.0,3.0,3.0,5.0,,,,8.0,9.0,,,10.0,7.0,8.0,9.0,,5.0,,4.0,5.0,3.0,2.0,6.0,10.0,1.0,2.0,3.0,5.0,1.0,1.0,5,10.0,10,1
2015-11-02,80517,,11,3,6020.0,07203T10,BYBK,BAY BANCORP INC,BYBK,551111.0,Q,A,R,13085,3,6020.0,,,,60.0,602.0,,,,,,,5.23,0.019493,11047.0,1.0,5.23,57775.81,BYBK,10.0,,,,,10,10.0,1.0,3.0,,,,,,8.0,7.0,,,,,,10.0,3.0,3.0,5.0,,,,8.0,8.0,,,10.0,8.0,8.0,10.0,,5.0,,4.0,5.0,3.0,8.0,6.0,10.0,1.0,8.0,9.0,9.0,1.0,1.0,5,10.0,10,1
2015-11-03,80517,,11,3,6020.0,07203T10,BYBK,BAY BANCORP INC,BYBK,551111.0,Q,A,R,13085,3,6020.0,,,,60.0,602.0,,,,,,,5.16,-0.013384,11047.0,1.0,5.23,57002.52,BYBK,10.0,,,,,10,10.0,1.0,3.0,,,,,,8.0,7.0,,,,,,10.0,3.0,3.0,5.0,,,,8.0,8.0,,,10.0,8.0,8.0,10.0,,5.0,,4.0,5.0,3.0,8.0,6.0,10.0,1.0,8.0,9.0,9.0,1.0,1.0,5,10.0,10,1
2015-11-04,80517,,11,3,6020.0,07203T10,BYBK,BAY BANCORP INC,BYBK,551111.0,Q,A,R,13085,3,6020.0,,,,60.0,602.0,,,,,,,5.24,0.015504,11047.0,1.0,5.21,57886.28,BYBK,10.0,,,,,10,10.0,1.0,3.0,,,,,,8.0,7.0,,,,,,10.0,3.0,3.0,5.0,,,,8.0,8.0,,,10.0,8.0,8.0,10.0,,5.0,,4.0,5.0,3.0,8.0,6.0,10.0,1.0,8.0,9.0,9.0,1.0,1.0,5,10.0,10,1
2015-11-05,80517,,11,3,6020.0,07203T10,BYBK,BAY BANCORP INC,BYBK,551111.0,Q,A,R,13085,3,6020.0,,,,60.0,602.0,,,,,,,5.28,0.007634,11047.0,1.0,5.28,58328.16,BYBK,10.0,,,,,10,10.0,1.0,3.0,,,,,,8.0,7.0,,,,,,10.0,3.0,3.0,5.0,,,,8.0,8.0,,,10.0,8.0,8.0,10.0,,5.0,,4.0,5.0,3.0,8.0,6.0,10.0,1.0,8.0,9.0,9.0,1.0,1.0,5,10.0,10,1
2015-11-06,80517,,11,3,6020.0,07203T10,BYBK,BAY BANCORP INC,BYBK,551111.0,Q,A,R,13085,3,6020.0,,,,60.0,602.0,,,,,,,5.3,0.003788,11047.0,1.0,5.27,58549.1,BYBK,10.0,,,,,10,10.0,1.0,3.0,,,,,,8.0,7.0,,,,,,10.0,3.0,3.0,5.0,,,,8.0,8.0,,,10.0,8.0,8.0,10.0,,5.0,,4.0,5.0,3.0,8.0,6.0,10.0,1.0,8.0,9.0,9.0,1.0,1.0,5,10.0,10,1
2015-11-09,80517,,11,3,6020.0,07203T10,BYBK,BAY BANCORP INC,BYBK,551111.0,Q,A,R,13085,3,6020.0,,,,60.0,602.0,,,,,,,5.33,0.00566,11047.0,1.0,5.3,58880.51,BYBK,10.0,,,,,10,10.0,1.0,3.0,,,,,,8.0,7.0,,,,,,10.0,3.0,3.0,5.0,,,,8.0,8.0,,,10.0,8.0,8.0,10.0,,5.0,,4.0,5.0,3.0,8.0,6.0,10.0,1.0,8.0,9.0,9.0,1.0,1.0,5,10.0,10,1
2015-11-10,80517,,11,3,6020.0,07203T10,BYBK,BAY BANCORP INC,BYBK,551111.0,Q,A,R,13085,3,6020.0,,,,60.0,602.0,,,,,,,5.2984,-0.005929,11047.0,1.0,5.33,58531.4248,BYBK,10.0,,,,,10,10.0,1.0,3.0,,,,,,8.0,7.0,,,,,,10.0,3.0,3.0,5.0,,,,8.0,8.0,,,10.0,8.0,8.0,10.0,,5.0,,4.0,5.0,3.0,8.0,6.0,10.0,1.0,8.0,9.0,9.0,1.0,1.0,5,10.0,10,1
2015-11-11,80517,,11,3,6020.0,07203T10,BYBK,BAY BANCORP INC,BYBK,551111.0,Q,A,R,13085,3,6020.0,,,,60.0,602.0,,,,,,,5.27,-0.00536,11047.0,1.0,5.35,58217.69,BYBK,10.0,,,,,10,10.0,1.0,3.0,,,,,,8.0,7.0,,,,,,10.0,3.0,3.0,5.0,,,,8.0,8.0,,,10.0,8.0,8.0,10.0,,5.0,,4.0,5.0,3.0,8.0,6.0,10.0,1.0,8.0,9.0,9.0,1.0,1.0,5,10.0,10,1
2015-11-12,80517,,11,3,6020.0,07203T10,BYBK,BAY BANCORP INC,BYBK,551111.0,Q,A,R,13085,3,6020.0,,,,60.0,602.0,,,,,,,5.28,0.001898,11047.0,1.0,5.29,58328.16,BYBK,10.0,,,,,10,10.0,1.0,3.0,,,,,,8.0,7.0,,,,,,10.0,3.0,3.0,5.0,,,,8.0,8.0,,,10.0,8.0,8.0,10.0,,5.0,,4.0,5.0,3.0,8.0,6.0,10.0,1.0,8.0,9.0,9.0,1.0,1.0,5,10.0,10,1
2015-11-13,80517,,11,3,6020.0,07203T10,BYBK,BAY BANCORP INC,BYBK,551111.0,Q,A,R,13085,3,6020.0,,,,60.0,602.0,,,,,,,5.34,0.011364,11047.0,1.0,5.32,58990.98,BYBK,10.0,,,,,10,10.0,1.0,3.0,,,,,,8.0,7.0,,,,,,10.0,3.0,3.0,5.0,,,,8.0,8.0,,,10.0,8.0,8.0,10.0,,5.0,,4.0,5.0,3.0,8.0,6.0,10.0,1.0,8.0,9.0,9.0,1.0,1.0,5,10.0,10,1
2015-11-16,80517,,11,3,6020.0,07203T10,BYBK,BAY BANCORP INC,BYBK,551111.0,Q,A,R,13085,3,6020.0,,,,60.0,602.0,,,,,,,5.3399,-1.9e-05,11047.0,1.0,5.3399,58989.8753,BYBK,10.0,,,,,10,10.0,1.0,3.0,,,,,,8.0,7.0,,,,,,10.0,3.0,3.0,5.0,,,,8.0,8.0,,,10.0,8.0,8.0,10.0,,5.0,,4.0,5.0,3.0,8.0,6.0,10.0,1.0,8.0,9.0,9.0,1.0,1.0,5,10.0,10,1
2015-11-17,80517,,11,3,6020.0,07203T10,BYBK,BAY BANCORP INC,BYBK,551111.0,Q,A,R,13085,3,6020.0,,,,60.0,602.0,,,,,,,5.34,1.9e-05,11047.0,1.0,5.3396,58990.98,BYBK,10.0,,,,,10,10.0,1.0,3.0,,,,,,8.0,7.0,,,,,,10.0,3.0,3.0,5.0,,,,8.0,8.0,,,10.0,8.0,8.0,10.0,,5.0,,4.0,5.0,3.0,8.0,6.0,10.0,1.0,8.0,9.0,9.0,1.0,1.0,5,10.0,10,1
2015-11-18,80517,,11,3,6020.0,07203T10,BYBK,BAY BANCORP INC,BYBK,551111.0,Q,A,R,13085,3,6020.0,,,,60.0,602.0,,,,,,,5.26,-0.014981,11047.0,1.0,5.34,58107.22,BYBK,10.0,,,,,10,10.0,1.0,3.0,,,,,,8.0,7.0,,,,,,10.0,3.0,3.0,5.0,,,,8.0,8.0,,,10.0,8.0,8.0,10.0,,5.0,,4.0,5.0,3.0,8.0,6.0,10.0,1.0,8.0,9.0,9.0,1.0,1.0,5,10.0,10,1
2015-11-19,80517,,11,3,6020.0,07203T10,BYBK,BAY BANCORP INC,BYBK,551111.0,Q,A,R,13085,3,6020.0,,,,60.0,602.0,,,,,,,5.24,-0.003802,11047.0,1.0,5.2701,57886.28,BYBK,10.0,,,,,10,10.0,1.0,3.0,,,,,,8.0,7.0,,,,,,10.0,3.0,3.0,5.0,,,,8.0,8.0,,,10.0,8.0,8.0,10.0,,5.0,,4.0,5.0,3.0,8.0,6.0,10.0,1.0,8.0,9.0,9.0,1.0,1.0,5,10.0,10,1
2015-11-20,80517,,11,3,6020.0,07203T10,BYBK,BAY BANCORP INC,BYBK,551111.0,Q,A,R,13085,3,6020.0,,,,60.0,602.0,,,,,,,5.1601,-0.015248,11047.0,1.0,5.225,57003.6247,BYBK,10.0,,,,,10,10.0,1.0,3.0,,,,,,8.0,7.0,,,,,,10.0,3.0,3.0,5.0,,,,8.0,8.0,,,10.0,8.0,8.0,10.0,,5.0,,4.0,5.0,3.0,8.0,6.0,10.0,1.0,8.0,9.0,9.0,1.0,1.0,5,10.0,10,1
2015-11-23,80517,,11,3,6020.0,07203T10,BYBK,BAY BANCORP INC,BYBK,551111.0,Q,A,R,13085,3,6020.0,,,,60.0,602.0,,,,,,,5.21,0.00967,11047.0,1.0,5.2,57554.87,BYBK,10.0,,,,,10,10.0,1.0,3.0,,,,,,8.0,7.0,,,,,,10.0,3.0,3.0,5.0,,,,8.0,8.0,,,10.0,8.0,8.0,10.0,,5.0,,4.0,5.0,3.0,8.0,6.0,10.0,1.0,8.0,9.0,9.0,1.0,1.0,5,10.0,10,1
2015-11-24,80517,,11,3,6020.0,07203T10,BYBK,BAY BANCORP INC,BYBK,551111.0,Q,A,R,13085,3,6020.0,,,,60.0,602.0,,,,,,,5.17,-0.007678,11047.0,1.0,5.2,57112.99,BYBK,10.0,,,,,10,10.0,1.0,3.0,,,,,,8.0,7.0,,,,,,10.0,3.0,3.0,5.0,,,,8.0,8.0,,,10.0,8.0,8.0,10.0,,5.0,,4.0,5.0,3.0,8.0,6.0,10.0,1.0,8.0,9.0,9.0,1.0,1.0,5,10.0,10,1
2015-11-25,80517,,11,3,6020.0,07203T10,BYBK,BAY BANCORP INC,BYBK,551111.0,Q,A,R,13085,3,6020.0,,,,60.0,602.0,,,,,,,5.2,0.005803,11047.0,1.0,5.24,57444.4,BYBK,10.0,,,,,10,10.0,1.0,3.0,,,,,,8.0,7.0,,,,,,10.0,3.0,3.0,5.0,,,,8.0,8.0,,,10.0,8.0,8.0,10.0,,5.0,,4.0,5.0,3.0,8.0,6.0,10.0,1.0,8.0,9.0,9.0,1.0,1.0,5,10.0,10,1
2015-11-27,80517,,11,3,6020.0,07203T10,BYBK,BAY BANCORP INC,BYBK,551111.0,Q,A,R,13085,3,6020.0,,,,60.0,602.0,,,,,,,5.23,0.005769,11047.0,1.0,5.23,57775.81,BYBK,10.0,,,,,10,10.0,1.0,3.0,,,,,,8.0,7.0,,,,,,10.0,3.0,3.0,5.0,,,,8.0,8.0,,,10.0,8.0,8.0,10.0,,5.0,,4.0,5.0,3.0,8.0,6.0,10.0,1.0,8.0,9.0,9.0,1.0,1.0,5,10.0,10,1
2015-11-30,80517,,11,3,6020.0,07203T10,BYBK,BAY BANCORP INC,BYBK,551111.0,Q,A,R,13085,3,6020.0,,,,60.0,602.0,,,,,,,5.29,0.011472,11047.0,1.0,5.26,58438.63,BYBK,10.0,,,,,10,10.0,1.0,3.0,,,,,,8.0,7.0,,,,,,10.0,3.0,3.0,5.0,,,,8.0,8.0,,,10.0,8.0,8.0,10.0,,5.0,,4.0,5.0,3.0,8.0,6.0,10.0,1.0,8.0,9.0,9.0,1.0,1.0,5,10.0,10,1
2015-12-01,80517,,11,3,6020.0,07203T10,BYBK,BAY BANCORP INC,BYBK,551111.0,Q,A,R,13085,3,6020.0,,,,60.0,602.0,,,,,,,5.25,-0.007561,11047.0,1.0,5.2501,57996.75,BYBK,10.0,,,,,10,10.0,1.0,3.0,,,,,,8.0,7.0,,,,,,10.0,3.0,3.0,5.0,,,,6.0,9.0,,,10.0,8.0,7.0,9.0,,5.0,,4.0,5.0,3.0,4.0,6.0,10.0,4.0,6.0,6.0,8.0,1.0,1.0,5,10.0,10,1
2015-12-02,80517,,11,3,6020.0,07203T10,BYBK,BAY BANCORP INC,BYBK,551111.0,Q,A,R,13085,3,6020.0,,,,60.0,602.0,,,,,,,5.23,-0.00381,11047.0,1.0,5.28,57775.81,BYBK,10.0,,,,,10,10.0,1.0,3.0,,,,,,8.0,7.0,,,,,,10.0,3.0,3.0,5.0,,,,6.0,9.0,,,10.0,8.0,7.0,9.0,,5.0,,4.0,5.0,3.0,4.0,6.0,10.0,4.0,6.0,6.0,8.0,1.0,1.0,5,10.0,10,1
2015-12-03,80517,,11,3,6020.0,07203T10,BYBK,BAY BANCORP INC,BYBK,551111.0,Q,A,R,13085,3,6020.0,,,,60.0,602.0,,,,,,,5.24,0.001912,11047.0,1.0,5.1639,57886.28,BYBK,10.0,,,,,10,10.0,1.0,3.0,,,,,,8.0,7.0,,,,,,10.0,3.0,3.0,5.0,,,,6.0,9.0,,,10.0,8.0,7.0,9.0,,5.0,,4.0,5.0,3.0,4.0,6.0,10.0,4.0,6.0,6.0,8.0,1.0,1.0,5,10.0,10,1
2015-12-04,80517,,11,3,6020.0,07203T10,BYBK,BAY BANCORP INC,BYBK,551111.0,Q,A,R,13085,3,6020.0,,,,60.0,602.0,,,,,,,5.29,0.009542,11047.0,1.0,5.27,58438.63,BYBK,10.0,,,,,10,10.0,1.0,3.0,,,,,,8.0,7.0,,,,,,10.0,3.0,3.0,5.0,,,,6.0,9.0,,,10.0,8.0,7.0,9.0,,5.0,,4.0,5.0,3.0,4.0,6.0,10.0,4.0,6.0,6.0,8.0,1.0,1.0,5,10.0,10,1
2015-12-07,80517,,11,3,6020.0,07203T10,BYBK,BAY BANCORP INC,BYBK,551111.0,Q,A,R,13085,3,6020.0,,,,60.0,602.0,,,,,,,5.18,-0.020794,11047.0,1.0,5.249,57223.46,BYBK,10.0,,,,,10,10.0,1.0,3.0,,,,,,8.0,7.0,,,,,,10.0,3.0,3.0,5.0,,,,6.0,9.0,,,10.0,8.0,7.0,9.0,,5.0,,4.0,5.0,3.0,4.0,6.0,10.0,4.0,6.0,6.0,8.0,1.0,1.0,5,10.0,10,1
2015-12-08,80517,,11,3,6020.0,07203T10,BYBK,BAY BANCORP INC,BYBK,551111.0,Q,A,R,13085,3,6020.0,,,,60.0,602.0,,,,,,,5.2,0.003861,11047.0,1.0,5.18,57444.4,BYBK,10.0,,,,,10,10.0,1.0,3.0,,,,,,8.0,7.0,,,,,,10.0,3.0,3.0,5.0,,,,6.0,9.0,,,10.0,8.0,7.0,9.0,,5.0,,4.0,5.0,3.0,4.0,6.0,10.0,4.0,6.0,6.0,8.0,1.0,1.0,5,10.0,10,1
2015-12-09,80517,,11,3,6020.0,07203T10,BYBK,BAY BANCORP INC,BYBK,551111.0,Q,A,R,13085,3,6020.0,,,,60.0,602.0,,,,,,,-5.155,-0.008654,11047.0,1.0,,-56947.285,BYBK,10.0,,,,,10,10.0,1.0,3.0,,,,,,8.0,7.0,,,,,,10.0,3.0,3.0,5.0,,,,6.0,9.0,,,10.0,8.0,7.0,9.0,,5.0,,4.0,5.0,3.0,4.0,6.0,10.0,4.0,6.0,6.0,8.0,1.0,1.0,5,10.0,10,1
2015-12-10,80517,,11,3,6020.0,07203T10,BYBK,BAY BANCORP INC,BYBK,551111.0,Q,A,R,13085,3,6020.0,,,,60.0,602.0,,,,,,,-5.205,0.009699,11047.0,1.0,,-57499.635,BYBK,10.0,,,,,10,10.0,1.0,3.0,,,,,,8.0,7.0,,,,,,10.0,3.0,3.0,5.0,,,,6.0,9.0,,,10.0,8.0,7.0,9.0,,5.0,,4.0,5.0,3.0,4.0,6.0,10.0,4.0,6.0,6.0,8.0,1.0,1.0,5,10.0,10,1
2015-12-11,80517,,11,3,6020.0,07203T10,BYBK,BAY BANCORP INC,BYBK,551111.0,Q,A,R,13085,3,6020.0,,,,60.0,602.0,,,,,,,5.13,-0.014409,11047.0,1.0,5.2,56671.11,BYBK,10.0,,,,,10,10.0,1.0,3.0,,,,,,8.0,7.0,,,,,,10.0,3.0,3.0,5.0,,,,6.0,9.0,,,10.0,8.0,7.0,9.0,,5.0,,4.0,5.0,3.0,4.0,6.0,10.0,4.0,6.0,6.0,8.0,1.0,1.0,5,10.0,10,1
2015-12-14,80517,,11,3,6020.0,07203T10,BYBK,BAY BANCORP INC,BYBK,551111.0,Q,A,R,13085,3,6020.0,,,,60.0,602.0,,,,,,,5.1,-0.005848,11047.0,1.0,5.16,56339.7,BYBK,10.0,,,,,10,10.0,1.0,3.0,,,,,,8.0,7.0,,,,,,10.0,3.0,3.0,5.0,,,,6.0,9.0,,,10.0,8.0,7.0,9.0,,5.0,,4.0,5.0,3.0,4.0,6.0,10.0,4.0,6.0,6.0,8.0,1.0,1.0,5,10.0,10,1
2015-12-15,80517,,11,3,6020.0,07203T10,BYBK,BAY BANCORP INC,BYBK,551111.0,Q,A,R,13085,3,6020.0,,,,60.0,602.0,,,,,,,5.14,0.007843,11047.0,1.0,5.127,56781.58,BYBK,10.0,,,,,10,10.0,1.0,3.0,,,,,,8.0,7.0,,,,,,10.0,3.0,3.0,5.0,,,,6.0,9.0,,,10.0,8.0,7.0,9.0,,5.0,,4.0,5.0,3.0,4.0,6.0,10.0,4.0,6.0,6.0,8.0,1.0,1.0,5,10.0,10,1
2015-12-16,80517,,11,3,6020.0,07203T10,BYBK,BAY BANCORP INC,BYBK,551111.0,Q,A,R,13085,3,6020.0,,,,60.0,602.0,,,,,,,5.09,-0.009728,11047.0,1.0,5.1,56229.23,BYBK,10.0,,,,,10,10.0,1.0,3.0,,,,,,8.0,7.0,,,,,,10.0,3.0,3.0,5.0,,,,6.0,9.0,,,10.0,8.0,7.0,9.0,,5.0,,4.0,5.0,3.0,4.0,6.0,10.0,4.0,6.0,6.0,8.0,1.0,1.0,5,10.0,10,1
2015-12-17,80517,,11,3,6020.0,07203T10,BYBK,BAY BANCORP INC,BYBK,551111.0,Q,A,R,13085,3,6020.0,,,,60.0,602.0,,,,,,,5.1,0.001965,11047.0,1.0,5.04,56339.7,BYBK,10.0,,,,,10,10.0,1.0,3.0,,,,,,8.0,7.0,,,,,,10.0,3.0,3.0,5.0,,,,6.0,9.0,,,10.0,8.0,7.0,9.0,,5.0,,4.0,5.0,3.0,4.0,6.0,10.0,4.0,6.0,6.0,8.0,1.0,1.0,5,10.0,10,1
2015-12-18,80517,,11,3,6020.0,07203T10,BYBK,BAY BANCORP INC,BYBK,551111.0,Q,A,R,13085,3,6020.0,,,,60.0,602.0,,,,,,,5.08,-0.003922,11047.0,1.0,5.13,56118.76,BYBK,10.0,,,,,10,10.0,1.0,3.0,,,,,,8.0,7.0,,,,,,10.0,3.0,3.0,5.0,,,,6.0,9.0,,,10.0,8.0,7.0,9.0,,5.0,,4.0,5.0,3.0,4.0,6.0,10.0,4.0,6.0,6.0,8.0,1.0,1.0,5,10.0,10,1
2015-12-21,80517,,11,3,6020.0,07203T10,BYBK,BAY BANCORP INC,BYBK,551111.0,Q,A,R,13085,3,6020.0,,,,60.0,602.0,,,,,,,5.1,0.003937,11047.0,1.0,5.0612,56339.7,BYBK,10.0,,,,,10,10.0,1.0,3.0,,,,,,8.0,7.0,,,,,,10.0,3.0,3.0,5.0,,,,6.0,9.0,,,10.0,8.0,7.0,9.0,,5.0,,4.0,5.0,3.0,4.0,6.0,10.0,4.0,6.0,6.0,8.0,1.0,1.0,5,10.0,10,1
2015-12-22,80517,,11,3,6020.0,07203T10,BYBK,BAY BANCORP INC,BYBK,551111.0,Q,A,R,13085,3,6020.0,,,,60.0,602.0,,,,,,,5.03,-0.013725,11047.0,1.0,5.15,55566.41,BYBK,10.0,,,,,10,10.0,1.0,3.0,,,,,,8.0,7.0,,,,,,10.0,3.0,3.0,5.0,,,,6.0,9.0,,,10.0,8.0,7.0,9.0,,5.0,,4.0,5.0,3.0,4.0,6.0,10.0,4.0,6.0,6.0,8.0,1.0,1.0,5,10.0,10,1
2015-12-23,80517,,11,3,6020.0,07203T10,BYBK,BAY BANCORP INC,BYBK,551111.0,Q,A,R,13085,3,6020.0,,,,60.0,602.0,,,,,,,5.17,0.027833,11047.0,1.0,5.17,57112.99,BYBK,10.0,,,,,10,10.0,1.0,3.0,,,,,,8.0,7.0,,,,,,10.0,3.0,3.0,5.0,,,,6.0,9.0,,,10.0,8.0,7.0,9.0,,5.0,,4.0,5.0,3.0,4.0,6.0,10.0,4.0,6.0,6.0,8.0,1.0,1.0,5,10.0,10,1
2015-12-24,80517,,11,3,6020.0,07203T10,BYBK,BAY BANCORP INC,BYBK,551111.0,Q,A,R,13085,3,6020.0,,,,60.0,602.0,,,,,,,5.12,-0.009671,11047.0,1.0,5.04,56560.64,BYBK,10.0,,,,,10,10.0,1.0,3.0,,,,,,8.0,7.0,,,,,,10.0,3.0,3.0,5.0,,,,6.0,9.0,,,10.0,8.0,7.0,9.0,,5.0,,4.0,5.0,3.0,4.0,6.0,10.0,4.0,6.0,6.0,8.0,1.0,1.0,5,10.0,10,1
2015-12-28,80517,,11,3,6020.0,07203T10,BYBK,BAY BANCORP INC,BYBK,551111.0,Q,A,R,13085,3,6020.0,,,,60.0,602.0,,,,,,,5.04,-0.015625,11047.0,1.0,5.12,55676.88,BYBK,10.0,,,,,10,10.0,1.0,3.0,,,,,,8.0,7.0,,,,,,10.0,3.0,3.0,5.0,,,,6.0,9.0,,,10.0,8.0,7.0,9.0,,5.0,,4.0,5.0,3.0,4.0,6.0,10.0,4.0,6.0,6.0,8.0,1.0,1.0,5,10.0,10,1
2015-12-29,80517,,11,3,6020.0,07203T10,BYBK,BAY BANCORP INC,BYBK,551111.0,Q,A,R,13085,3,6020.0,,,,60.0,602.0,,,,,,,5.0,-0.007937,11047.0,1.0,5.18,55235.0,BYBK,10.0,,,,,10,10.0,1.0,3.0,,,,,,8.0,7.0,,,,,,10.0,3.0,3.0,5.0,,,,6.0,9.0,,,10.0,8.0,7.0,9.0,,5.0,,4.0,5.0,3.0,4.0,6.0,10.0,4.0,6.0,6.0,8.0,1.0,1.0,5,10.0,10,1
2015-12-30,80517,,11,3,6020.0,07203T10,BYBK,BAY BANCORP INC,BYBK,551111.0,Q,A,R,13085,3,6020.0,,,,60.0,602.0,,,,,,,5.12,0.024,11047.0,1.0,5.12,56560.64,BYBK,10.0,,,,,10,10.0,1.0,3.0,,,,,,8.0,7.0,,,,,,10.0,3.0,3.0,5.0,,,,6.0,9.0,,,10.0,8.0,7.0,9.0,,5.0,,4.0,5.0,3.0,4.0,6.0,10.0,4.0,6.0,6.0,8.0,1.0,1.0,5,10.0,10,1
2015-12-31,80517,,11,3,6020.0,07203T10,BYBK,BAY BANCORP INC,BYBK,551111.0,Q,A,R,13085,3,6020.0,,,,60.0,602.0,,,,,,,5.06,-0.011719,11063.0,1.0,5.12,55978.78,BYBK,10.0,,,,,10,10.0,1.0,3.0,,,,,,8.0,7.0,,,,,,10.0,3.0,3.0,5.0,,,,6.0,9.0,,,10.0,8.0,7.0,9.0,,5.0,,4.0,5.0,3.0,4.0,6.0,10.0,4.0,6.0,6.0,8.0,1.0,1.0,5,10.0,10,1
2016-01-04,80517,,11,3,6020.0,07203T10,BYBK,BAY BANCORP INC,BYBK,551111.0,Q,A,R,13085,3,6020.0,,,,60.0,602.0,,,,,,,5.06,0.0,11063.0,1.0,5.05,55978.78,BYBK,10.0,,,,,10,10.0,1.0,3.0,,,,,,8.0,7.0,,,,,,10.0,3.0,3.0,5.0,,,,,7.0,,,10.0,9.0,8.0,9.0,,5.0,,4.0,5.0,3.0,5.0,8.0,10.0,8.0,5.0,6.0,7.0,1.0,1.0,5,10.0,10,1
2016-01-05,80517,,11,3,6020.0,07203T10,BYBK,BAY BANCORP INC,BYBK,551111.0,Q,A,R,13085,3,6020.0,,,,60.0,602.0,,,,,,,5.07,0.001976,11063.0,1.0,5.07,56089.41,BYBK,10.0,,,,,10,10.0,1.0,3.0,,,,,,8.0,7.0,,,,,,10.0,3.0,3.0,5.0,,,,,7.0,,,10.0,9.0,8.0,9.0,,5.0,,4.0,5.0,3.0,5.0,8.0,10.0,8.0,5.0,6.0,7.0,1.0,1.0,5,10.0,10,1
2016-01-06,80517,,11,3,6020.0,07203T10,BYBK,BAY BANCORP INC,BYBK,551111.0,Q,A,R,13085,3,6020.0,,,,60.0,602.0,,,,,,,5.0468,-0.004576,11063.0,1.0,5.09,55832.7484,BYBK,10.0,,,,,10,10.0,1.0,3.0,,,,,,8.0,7.0,,,,,,10.0,3.0,3.0,5.0,,,,,7.0,,,10.0,9.0,8.0,9.0,,5.0,,4.0,5.0,3.0,5.0,8.0,10.0,8.0,5.0,6.0,7.0,1.0,1.0,5,10.0,10,1
2016-01-07,80517,,11,3,6020.0,07203T10,BYBK,BAY BANCORP INC,BYBK,551111.0,Q,A,R,13085,3,6020.0,,,,60.0,602.0,,,,,,,5.06,0.002615,11063.0,1.0,5.05,55978.78,BYBK,10.0,,,,,10,10.0,1.0,3.0,,,,,,8.0,7.0,,,,,,10.0,3.0,3.0,5.0,,,,,7.0,,,10.0,9.0,8.0,9.0,,5.0,,4.0,5.0,3.0,5.0,8.0,10.0,8.0,5.0,6.0,7.0,1.0,1.0,5,10.0,10,1
2016-01-08,80517,,11,3,6020.0,07203T10,BYBK,BAY BANCORP INC,BYBK,551111.0,Q,A,R,13085,3,6020.0,,,,60.0,602.0,,,,,,,5.09,0.005929,11063.0,1.0,5.0799,56310.67,BYBK,10.0,,,,,10,10.0,1.0,3.0,,,,,,8.0,7.0,,,,,,10.0,3.0,3.0,5.0,,,,,7.0,,,10.0,9.0,8.0,9.0,,5.0,,4.0,5.0,3.0,5.0,8.0,10.0,8.0,5.0,6.0,7.0,1.0,1.0,5,10.0,10,1
2016-01-11,80517,,11,3,6020.0,07203T10,BYBK,BAY BANCORP INC,BYBK,551111.0,Q,A,R,13085,3,6020.0,,,,60.0,602.0,,,,,,,-5.075,-0.002947,11063.0,1.0,,-56144.725,BYBK,10.0,,,,,10,10.0,1.0,3.0,,,,,,8.0,7.0,,,,,,10.0,3.0,3.0,5.0,,,,,7.0,,,10.0,9.0,8.0,9.0,,5.0,,4.0,5.0,3.0,5.0,8.0,10.0,8.0,5.0,6.0,7.0,1.0,1.0,5,10.0,10,1
2016-01-12,80517,,11,3,6020.0,07203T10,BYBK,BAY BANCORP INC,BYBK,551111.0,Q,A,R,13085,3,6020.0,,,,60.0,602.0,,,,,,,-5.095,0.003941,11063.0,1.0,,-56365.985,BYBK,10.0,,,,,10,10.0,1.0,3.0,,,,,,8.0,7.0,,,,,,10.0,3.0,3.0,5.0,,,,,7.0,,,10.0,9.0,8.0,9.0,,5.0,,4.0,5.0,3.0,5.0,8.0,10.0,8.0,5.0,6.0,7.0,1.0,1.0,5,10.0,10,1
2016-01-13,80517,,11,3,6020.0,07203T10,BYBK,BAY BANCORP INC,BYBK,551111.0,Q,A,R,13085,3,6020.0,,,,60.0,602.0,,,,,,,5.022,-0.014328,11063.0,1.0,5.05,55558.386,BYBK,10.0,,,,,10,10.0,1.0,3.0,,,,,,8.0,7.0,,,,,,10.0,3.0,3.0,5.0,,,,,7.0,,,10.0,9.0,8.0,9.0,,5.0,,4.0,5.0,3.0,5.0,8.0,10.0,8.0,5.0,6.0,7.0,1.0,1.0,5,10.0,10,1
2016-01-14,80517,,11,3,6020.0,07203T10,BYBK,BAY BANCORP INC,BYBK,551111.0,Q,A,R,13085,3,6020.0,,,,60.0,602.0,,,,,,,-4.965,-0.01135,11063.0,1.0,,-54927.795,BYBK,10.0,,,,,10,10.0,1.0,3.0,,,,,,8.0,7.0,,,,,,10.0,3.0,3.0,5.0,,,,,7.0,,,10.0,9.0,8.0,9.0,,5.0,,4.0,5.0,3.0,5.0,8.0,10.0,8.0,5.0,6.0,7.0,1.0,1.0,5,10.0,10,1
2016-01-15,80517,,11,3,6020.0,07203T10,BYBK,BAY BANCORP INC,BYBK,551111.0,Q,A,R,13085,3,6020.0,,,,60.0,602.0,,,,,,,4.81,-0.031219,11063.0,1.0,4.86,53213.03,BYBK,10.0,,,,,10,10.0,1.0,3.0,,,,,,8.0,7.0,,,,,,10.0,3.0,3.0,5.0,,,,,7.0,,,10.0,9.0,8.0,9.0,,5.0,,4.0,5.0,3.0,5.0,8.0,10.0,8.0,5.0,6.0,7.0,1.0,1.0,5,10.0,10,1
2016-01-19,80517,,11,3,6020.0,07203T10,BYBK,BAY BANCORP INC,BYBK,551111.0,Q,A,R,13085,3,6020.0,,,,60.0,602.0,,,,,,,4.8699,0.012453,11063.0,1.0,4.7501,53875.7037,BYBK,10.0,,,,,10,10.0,1.0,3.0,,,,,,8.0,7.0,,,,,,10.0,3.0,3.0,5.0,,,,,7.0,,,10.0,9.0,8.0,9.0,,5.0,,4.0,5.0,3.0,5.0,8.0,10.0,8.0,5.0,6.0,7.0,1.0,1.0,5,10.0,10,1
2016-01-20,80517,,11,3,6020.0,07203T10,BYBK,BAY BANCORP INC,BYBK,551111.0,Q,A,R,13085,3,6020.0,,,,60.0,602.0,,,,,,,4.82,-0.010247,11063.0,1.0,4.79,53323.66,BYBK,10.0,,,,,10,10.0,1.0,3.0,,,,,,8.0,7.0,,,,,,10.0,3.0,3.0,5.0,,,,,7.0,,,10.0,9.0,8.0,9.0,,5.0,,4.0,5.0,3.0,5.0,8.0,10.0,8.0,5.0,6.0,7.0,1.0,1.0,5,10.0,10,1
2016-01-21,80517,,11,3,6020.0,07203T10,BYBK,BAY BANCORP INC,BYBK,551111.0,Q,A,R,13085,3,6020.0,,,,60.0,602.0,,,,,,,4.65,-0.03527,11063.0,1.0,4.675,51442.95,BYBK,10.0,,,,,10,10.0,1.0,3.0,,,,,,8.0,7.0,,,,,,10.0,3.0,3.0,5.0,,,,,7.0,,,10.0,9.0,8.0,9.0,,5.0,,4.0,5.0,3.0,5.0,8.0,10.0,8.0,5.0,6.0,7.0,1.0,1.0,5,10.0,10,1
2016-01-22,80517,,11,3,6020.0,07203T10,BYBK,BAY BANCORP INC,BYBK,551111.0,Q,A,R,13085,3,6020.0,,,,60.0,602.0,,,,,,,4.76,0.023656,11063.0,1.0,4.67,52659.88,BYBK,10.0,,,,,10,10.0,1.0,3.0,,,,,,8.0,7.0,,,,,,10.0,3.0,3.0,5.0,,,,,7.0,,,10.0,9.0,8.0,9.0,,5.0,,4.0,5.0,3.0,5.0,8.0,10.0,8.0,5.0,6.0,7.0,1.0,1.0,5,10.0,10,1
2016-01-25,80517,,11,3,6020.0,07203T10,BYBK,BAY BANCORP INC,BYBK,551111.0,Q,A,R,13085,3,6020.0,,,,60.0,602.0,,,,,,,4.68,-0.016807,11063.0,1.0,4.84,51774.84,BYBK,10.0,,,,,10,10.0,1.0,3.0,,,,,,8.0,7.0,,,,,,10.0,3.0,3.0,5.0,,,,,7.0,,,10.0,9.0,8.0,9.0,,5.0,,4.0,5.0,3.0,5.0,8.0,10.0,8.0,5.0,6.0,7.0,1.0,1.0,5,10.0,10,1
2016-01-26,80517,,11,3,6020.0,07203T10,BYBK,BAY BANCORP INC,BYBK,551111.0,Q,A,R,13085,3,6020.0,,,,60.0,602.0,,,,,,,4.74,0.012821,11063.0,1.0,4.714,52438.62,BYBK,10.0,,,,,10,10.0,1.0,3.0,,,,,,8.0,7.0,,,,,,10.0,3.0,3.0,5.0,,,,,7.0,,,10.0,9.0,8.0,9.0,,5.0,,4.0,5.0,3.0,5.0,8.0,10.0,8.0,5.0,6.0,7.0,1.0,1.0,5,10.0,10,1
2016-01-27,80517,,11,3,6020.0,07203T10,BYBK,BAY BANCORP INC,BYBK,551111.0,Q,A,R,13085,3,6020.0,,,,60.0,602.0,,,,,,,-4.75,0.00211,11063.0,1.0,,-52549.25,BYBK,10.0,,,,,10,10.0,1.0,3.0,,,,,,8.0,7.0,,,,,,10.0,3.0,3.0,5.0,,,,,7.0,,,10.0,9.0,8.0,9.0,,5.0,,4.0,5.0,3.0,5.0,8.0,10.0,8.0,5.0,6.0,7.0,1.0,1.0,5,10.0,10,1
2016-01-28,80517,,11,3,6020.0,07203T10,BYBK,BAY BANCORP INC,BYBK,551111.0,Q,A,R,13085,3,6020.0,,,,60.0,602.0,,,,,,,4.8,0.010526,11063.0,1.0,4.78,53102.4,BYBK,10.0,,,,,10,10.0,1.0,3.0,,,,,,8.0,7.0,,,,,,10.0,3.0,3.0,5.0,,,,,7.0,,,10.0,9.0,8.0,9.0,,5.0,,4.0,5.0,3.0,5.0,8.0,10.0,8.0,5.0,6.0,7.0,1.0,1.0,5,10.0,10,1
2016-01-29,80517,,11,3,6020.0,07203T10,BYBK,BAY BANCORP INC,BYBK,551111.0,Q,A,R,13085,3,6020.0,,,,60.0,602.0,,,,,,,4.71,-0.01875,11063.0,1.0,4.78,52106.73,BYBK,10.0,,,,,10,10.0,1.0,3.0,,,,,,8.0,7.0,,,,,,10.0,3.0,3.0,5.0,,,,,7.0,,,10.0,9.0,8.0,9.0,,5.0,,4.0,5.0,3.0,5.0,8.0,10.0,8.0,5.0,6.0,7.0,1.0,1.0,5,10.0,10,1
2016-02-01,80517,,11,3,6020.0,07203T10,BYBK,BAY BANCORP INC,BYBK,551111.0,Q,A,R,13085,3,6020.0,,,,60.0,602.0,,,,,,,4.85,0.029724,11063.0,1.0,4.798,53655.55,BYBK,10.0,,,,,10,10.0,1.0,3.0,,,,,,8.0,7.0,,,,,,10.0,3.0,3.0,5.0,,,,,4.0,,,10.0,8.0,8.0,9.0,,5.0,,,,,5.0,8.0,10.0,5.0,3.0,3.0,2.0,1.0,1.0,5,10.0,10,1
2016-02-02,80517,,11,3,6020.0,07203T10,BYBK,BAY BANCORP INC,BYBK,551111.0,Q,A,R,13085,3,6020.0,,,,60.0,602.0,,,,,,,-4.82,-0.006186,11063.0,1.0,,-53323.66,BYBK,10.0,,,,,10,10.0,1.0,3.0,,,,,,8.0,7.0,,,,,,10.0,3.0,3.0,5.0,,,,,4.0,,,10.0,8.0,8.0,9.0,,5.0,,,,,5.0,8.0,10.0,5.0,3.0,3.0,2.0,1.0,1.0,5,10.0,10,1
2016-02-03,80517,,11,3,6020.0,07203T10,BYBK,BAY BANCORP INC,BYBK,551111.0,Q,A,R,13085,3,6020.0,,,,60.0,602.0,,,,,,,4.92,0.020747,11063.0,1.0,4.89,54429.96,BYBK,10.0,,,,,10,10.0,1.0,3.0,,,,,,8.0,7.0,,,,,,10.0,3.0,3.0,5.0,,,,,4.0,,,10.0,8.0,8.0,9.0,,5.0,,,,,5.0,8.0,10.0,5.0,3.0,3.0,2.0,1.0,1.0,5,10.0,10,1
2016-02-04,80517,,11,3,6020.0,07203T10,BYBK,BAY BANCORP INC,BYBK,551111.0,Q,A,R,13085,3,6020.0,,,,60.0,602.0,,,,,,,4.81,-0.022358,11063.0,1.0,4.92,53213.03,BYBK,10.0,,,,,10,10.0,1.0,3.0,,,,,,8.0,7.0,,,,,,10.0,3.0,3.0,5.0,,,,,4.0,,,10.0,8.0,8.0,9.0,,5.0,,,,,5.0,8.0,10.0,5.0,3.0,3.0,2.0,1.0,1.0,5,10.0,10,1
2016-02-05,80517,,11,3,6020.0,07203T10,BYBK,BAY BANCORP INC,BYBK,551111.0,Q,A,R,13085,3,6020.0,,,,60.0,602.0,,,,,,,4.8001,-0.002058,11063.0,1.0,4.8001,53103.5063,BYBK,10.0,,,,,10,10.0,1.0,3.0,,,,,,8.0,7.0,,,,,,10.0,3.0,3.0,5.0,,,,,4.0,,,10.0,8.0,8.0,9.0,,5.0,,,,,5.0,8.0,10.0,5.0,3.0,3.0,2.0,1.0,1.0,5,10.0,10,1
2016-02-08,80517,,11,3,6020.0,07203T10,BYBK,BAY BANCORP INC,BYBK,551111.0,Q,A,R,13085,3,6020.0,,,,60.0,602.0,,,,,,,4.8,-2.1e-05,11063.0,1.0,4.8001,53102.4,BYBK,10.0,,,,,10,10.0,1.0,3.0,,,,,,8.0,7.0,,,,,,10.0,3.0,3.0,5.0,,,,,4.0,,,10.0,8.0,8.0,9.0,,5.0,,,,,5.0,8.0,10.0,5.0,3.0,3.0,2.0,1.0,1.0,5,10.0,10,1
2016-02-09,80517,,11,3,6020.0,07203T10,BYBK,BAY BANCORP INC,BYBK,551111.0,Q,A,R,13085,3,6020.0,,,,60.0,602.0,,,,,,,4.8,0.0,11063.0,1.0,4.77,53102.4,BYBK,10.0,,,,,10,10.0,1.0,3.0,,,,,,8.0,7.0,,,,,,10.0,3.0,3.0,5.0,,,,,4.0,,,10.0,8.0,8.0,9.0,,5.0,,,,,5.0,8.0,10.0,5.0,3.0,3.0,2.0,1.0,1.0,5,10.0,10,1
2016-02-10,80517,,11,3,6020.0,07203T10,BYBK,BAY BANCORP INC,BYBK,551111.0,Q,A,R,13085,3,6020.0,,,,60.0,602.0,,,,,,,4.8,0.0,11063.0,1.0,4.8,53102.4,BYBK,10.0,,,,,10,10.0,1.0,3.0,,,,,,8.0,7.0,,,,,,10.0,3.0,3.0,5.0,,,,,4.0,,,10.0,8.0,8.0,9.0,,5.0,,,,,5.0,8.0,10.0,5.0,3.0,3.0,2.0,1.0,1.0,5,10.0,10,1
2016-02-11,80517,,11,3,6020.0,07203T10,BYBK,BAY BANCORP INC,BYBK,551111.0,Q,A,R,13085,3,6020.0,,,,60.0,602.0,,,,,,,4.82,0.004167,11063.0,1.0,4.74,53323.66,BYBK,10.0,,,,,10,10.0,1.0,3.0,,,,,,8.0,7.0,,,,,,10.0,3.0,3.0,5.0,,,,,4.0,,,10.0,8.0,8.0,9.0,,5.0,,,,,5.0,8.0,10.0,5.0,3.0,3.0,2.0,1.0,1.0,5,10.0,10,1
2016-02-12,80517,,11,3,6020.0,07203T10,BYBK,BAY BANCORP INC,BYBK,551111.0,Q,A,R,13085,3,6020.0,,,,60.0,602.0,,,,,,,4.7,-0.024896,11063.0,1.0,4.7,51996.1,BYBK,10.0,,,,,10,10.0,1.0,3.0,,,,,,8.0,7.0,,,,,,10.0,3.0,3.0,5.0,,,,,4.0,,,10.0,8.0,8.0,9.0,,5.0,,,,,5.0,8.0,10.0,5.0,3.0,3.0,2.0,1.0,1.0,5,10.0,10,1
2016-02-16,80517,,11,3,6020.0,07203T10,BYBK,BAY BANCORP INC,BYBK,551111.0,Q,A,R,13085,3,6020.0,,,,60.0,602.0,,,,,,,4.8,0.021277,11063.0,1.0,5.05,53102.4,BYBK,10.0,,,,,10,10.0,1.0,3.0,,,,,,8.0,7.0,,,,,,10.0,3.0,3.0,5.0,,,,,4.0,,,10.0,8.0,8.0,9.0,,5.0,,,,,5.0,8.0,10.0,5.0,3.0,3.0,2.0,1.0,1.0,5,10.0,10,1
2016-02-17,80517,,11,3,6020.0,07203T10,BYBK,BAY BANCORP INC,BYBK,551111.0,Q,A,R,13085,3,6020.0,,,,60.0,602.0,,,,,,,4.94,0.029167,11063.0,1.0,4.88,54651.22,BYBK,10.0,,,,,10,10.0,1.0,3.0,,,,,,8.0,7.0,,,,,,10.0,3.0,3.0,5.0,,,,,4.0,,,10.0,8.0,8.0,9.0,,5.0,,,,,5.0,8.0,10.0,5.0,3.0,3.0,2.0,1.0,1.0,5,10.0,10,1
2016-02-18,80517,,11,3,6020.0,07203T10,BYBK,BAY BANCORP INC,BYBK,551111.0,Q,A,R,13085,3,6020.0,,,,60.0,602.0,,,,,,,-4.87,-0.01417,11063.0,1.0,,-53876.81,BYBK,10.0,,,,,10,10.0,1.0,3.0,,,,,,8.0,7.0,,,,,,10.0,3.0,3.0,5.0,,,,,4.0,,,10.0,8.0,8.0,9.0,,5.0,,,,,5.0,8.0,10.0,5.0,3.0,3.0,2.0,1.0,1.0,5,10.0,10,1
2016-02-19,80517,,11,3,6020.0,07203T10,BYBK,BAY BANCORP INC,BYBK,551111.0,Q,A,R,13085,3,6020.0,,,,60.0,602.0,,,,,,,4.92,0.010267,11063.0,1.0,4.9,54429.96,BYBK,10.0,,,,,10,10.0,1.0,3.0,,,,,,8.0,7.0,,,,,,10.0,3.0,3.0,5.0,,,,,4.0,,,10.0,8.0,8.0,9.0,,5.0,,,,,5.0,8.0,10.0,5.0,3.0,3.0,2.0,1.0,1.0,5,10.0,10,1
2016-02-22,80517,,11,3,6020.0,07203T10,BYBK,BAY BANCORP INC,BYBK,551111.0,Q,A,R,13085,3,6020.0,,,,60.0,602.0,,,,,,,4.8,-0.02439,11063.0,1.0,4.87,53102.4,BYBK,10.0,,,,,10,10.0,1.0,3.0,,,,,,8.0,7.0,,,,,,10.0,3.0,3.0,5.0,,,,,4.0,,,10.0,8.0,8.0,9.0,,5.0,,,,,5.0,8.0,10.0,5.0,3.0,3.0,2.0,1.0,1.0,5,10.0,10,1
2016-02-23,80517,,11,3,6020.0,07203T10,BYBK,BAY BANCORP INC,BYBK,551111.0,Q,A,R,13085,3,6020.0,,,,60.0,602.0,,,,,,,4.8,0.0,11063.0,1.0,4.8,53102.4,BYBK,10.0,,,,,10,10.0,1.0,3.0,,,,,,8.0,7.0,,,,,,10.0,3.0,3.0,5.0,,,,,4.0,,,10.0,8.0,8.0,9.0,,5.0,,,,,5.0,8.0,10.0,5.0,3.0,3.0,2.0,1.0,1.0,5,10.0,10,1
2016-02-24,80517,,11,3,6020.0,07203T10,BYBK,BAY BANCORP INC,BYBK,551111.0,Q,A,R,13085,3,6020.0,,,,60.0,602.0,,,,,,,-4.81,0.002083,11063.0,1.0,,-53213.03,BYBK,10.0,,,,,10,10.0,1.0,3.0,,,,,,8.0,7.0,,,,,,10.0,3.0,3.0,5.0,,,,,4.0,,,10.0,8.0,8.0,9.0,,5.0,,,,,5.0,8.0,10.0,5.0,3.0,3.0,2.0,1.0,1.0,5,10.0,10,1
2016-02-25,80517,,11,3,6020.0,07203T10,BYBK,BAY BANCORP INC,BYBK,551111.0,Q,A,R,13085,3,6020.0,,,,60.0,602.0,,,,,,,-4.815,0.001039,11063.0,1.0,,-53268.345,BYBK,10.0,,,,,10,10.0,1.0,3.0,,,,,,8.0,7.0,,,,,,10.0,3.0,3.0,5.0,,,,,4.0,,,10.0,8.0,8.0,9.0,,5.0,,,,,5.0,8.0,10.0,5.0,3.0,3.0,2.0,1.0,1.0,5,10.0,10,1
2016-02-26,80517,,11,3,6020.0,07203T10,BYBK,BAY BANCORP INC,BYBK,551111.0,Q,A,R,13085,3,6020.0,,,,60.0,602.0,,,,,,,4.89,0.015576,11063.0,1.0,4.88,54098.07,BYBK,10.0,,,,,10,10.0,1.0,3.0,,,,,,8.0,7.0,,,,,,10.0,3.0,3.0,5.0,,,,,4.0,,,10.0,8.0,8.0,9.0,,5.0,,,,,5.0,8.0,10.0,5.0,3.0,3.0,2.0,1.0,1.0,5,10.0,10,1
2016-02-29,80517,,11,3,6020.0,07203T10,BYBK,BAY BANCORP INC,BYBK,551111.0,Q,A,R,13085,3,6020.0,,,,60.0,602.0,,,,,,,4.8,-0.018405,11063.0,1.0,4.94,53102.4,BYBK,10.0,,,,,10,10.0,1.0,3.0,,,,,,8.0,7.0,,,,,,10.0,3.0,3.0,5.0,,,,,4.0,,,10.0,8.0,8.0,9.0,,5.0,,,,,5.0,8.0,10.0,5.0,3.0,3.0,2.0,1.0,1.0,5,10.0,10,1
2016-03-01,80517,,11,3,6020.0,07203T10,BYBK,BAY BANCORP INC,BYBK,551111.0,Q,A,R,13085,3,6020.0,,,,60.0,602.0,,,,,,,-4.85,0.010417,11063.0,1.0,,-53655.55,BYBK,10.0,,,,,10,10.0,1.0,3.0,,,,,,8.0,7.0,,,,,,10.0,3.0,3.0,5.0,,,,,2.0,,,10.0,8.0,7.0,8.0,,4.0,,4.0,5.0,3.0,5.0,7.0,10.0,9.0,3.0,2.0,1.0,1.0,1.0,5,10.0,10,1
2016-03-02,80517,,11,3,6020.0,07203T10,BYBK,BAY BANCORP INC,BYBK,551111.0,Q,A,R,13085,3,6020.0,,,,60.0,602.0,,,,,,,4.92,0.014433,11063.0,1.0,4.89,54429.96,BYBK,10.0,,,,,10,10.0,1.0,3.0,,,,,,8.0,7.0,,,,,,10.0,3.0,3.0,5.0,,,,,2.0,,,10.0,8.0,7.0,8.0,,4.0,,4.0,5.0,3.0,5.0,7.0,10.0,9.0,3.0,2.0,1.0,1.0,1.0,5,10.0,10,1
2016-03-03,80517,,11,3,6020.0,07203T10,BYBK,BAY BANCORP INC,BYBK,551111.0,Q,A,R,13085,3,6020.0,,,,60.0,602.0,,,,,,,4.92,0.0,11063.0,1.0,5.02,54429.96,BYBK,10.0,,,,,10,10.0,1.0,3.0,,,,,,8.0,7.0,,,,,,10.0,3.0,3.0,5.0,,,,,2.0,,,10.0,8.0,7.0,8.0,,4.0,,4.0,5.0,3.0,5.0,7.0,10.0,9.0,3.0,2.0,1.0,1.0,1.0,5,10.0,10,1
2016-03-04,80517,,11,3,6020.0,07203T10,BYBK,BAY BANCORP INC,BYBK,551111.0,Q,A,R,13085,3,6020.0,,,,60.0,602.0,,,,,,,4.92,0.0,11063.0,1.0,4.97,54429.96,BYBK,10.0,,,,,10,10.0,1.0,3.0,,,,,,8.0,7.0,,,,,,10.0,3.0,3.0,5.0,,,,,2.0,,,10.0,8.0,7.0,8.0,,4.0,,4.0,5.0,3.0,5.0,7.0,10.0,9.0,3.0,2.0,1.0,1.0,1.0,5,10.0,10,1
2016-03-07,80517,,11,3,6020.0,07203T10,BYBK,BAY BANCORP INC,BYBK,551111.0,Q,A,R,13085,3,6020.0,,,,60.0,602.0,,,,,,,4.8,-0.02439,11063.0,1.0,4.97,53102.4,BYBK,10.0,,,,,10,10.0,1.0,3.0,,,,,,8.0,7.0,,,,,,10.0,3.0,3.0,5.0,,,,,2.0,,,10.0,8.0,7.0,8.0,,4.0,,4.0,5.0,3.0,5.0,7.0,10.0,9.0,3.0,2.0,1.0,1.0,1.0,5,10.0,10,1
2016-03-08,80517,,11,3,6020.0,07203T10,BYBK,BAY BANCORP INC,BYBK,551111.0,Q,A,R,13085,3,6020.0,,,,60.0,602.0,,,,,,,4.83,0.00625,11063.0,1.0,4.89,53434.29,BYBK,10.0,,,,,10,10.0,1.0,3.0,,,,,,8.0,7.0,,,,,,10.0,3.0,3.0,5.0,,,,,2.0,,,10.0,8.0,7.0,8.0,,4.0,,4.0,5.0,3.0,5.0,7.0,10.0,9.0,3.0,2.0,1.0,1.0,1.0,5,10.0,10,1
2016-03-09,80517,,11,3,6020.0,07203T10,BYBK,BAY BANCORP INC,BYBK,551111.0,Q,A,R,13085,3,6020.0,,,,60.0,602.0,,,,,,,-4.83,0.0,11063.0,1.0,,-53434.29,BYBK,10.0,,,,,10,10.0,1.0,3.0,,,,,,8.0,7.0,,,,,,10.0,3.0,3.0,5.0,,,,,2.0,,,10.0,8.0,7.0,8.0,,4.0,,4.0,5.0,3.0,5.0,7.0,10.0,9.0,3.0,2.0,1.0,1.0,1.0,5,10.0,10,1
2016-03-10,80517,,11,3,6020.0,07203T10,BYBK,BAY BANCORP INC,BYBK,551111.0,Q,A,R,13085,3,6020.0,,,,60.0,602.0,,,,,,,4.9,0.014493,11063.0,1.0,4.87,54208.7,BYBK,10.0,,,,,10,10.0,1.0,3.0,,,,,,8.0,7.0,,,,,,10.0,3.0,3.0,5.0,,,,,2.0,,,10.0,8.0,7.0,8.0,,4.0,,4.0,5.0,3.0,5.0,7.0,10.0,9.0,3.0,2.0,1.0,1.0,1.0,5,10.0,10,1
2016-03-11,80517,,11,3,6020.0,07203T10,BYBK,BAY BANCORP INC,BYBK,551111.0,Q,A,R,13085,3,6020.0,,,,60.0,602.0,,,,,,,4.9,0.0,11063.0,1.0,4.814,54208.7,BYBK,10.0,,,,,10,10.0,1.0,3.0,,,,,,8.0,7.0,,,,,,10.0,3.0,3.0,5.0,,,,,2.0,,,10.0,8.0,7.0,8.0,,4.0,,4.0,5.0,3.0,5.0,7.0,10.0,9.0,3.0,2.0,1.0,1.0,1.0,5,10.0,10,1
2016-03-14,80517,,11,3,6020.0,07203T10,BYBK,BAY BANCORP INC,BYBK,551111.0,Q,A,R,13085,3,6020.0,,,,60.0,602.0,,,,,,,4.87,-0.006122,11063.0,1.0,4.95,53876.81,BYBK,10.0,,,,,10,10.0,1.0,3.0,,,,,,8.0,7.0,,,,,,10.0,3.0,3.0,5.0,,,,,2.0,,,10.0,8.0,7.0,8.0,,4.0,,4.0,5.0,3.0,5.0,7.0,10.0,9.0,3.0,2.0,1.0,1.0,1.0,5,10.0,10,1
2016-03-15,80517,,11,3,6020.0,07203T10,BYBK,BAY BANCORP INC,BYBK,551111.0,Q,A,R,13085,3,6020.0,,,,60.0,602.0,,,,,,,4.9503,0.016489,11063.0,1.0,4.92,54765.1689,BYBK,10.0,,,,,10,10.0,1.0,3.0,,,,,,8.0,7.0,,,,,,10.0,3.0,3.0,5.0,,,,,2.0,,,10.0,8.0,7.0,8.0,,4.0,,4.0,5.0,3.0,5.0,7.0,10.0,9.0,3.0,2.0,1.0,1.0,1.0,5,10.0,10,1
2016-03-16,80517,,11,3,6020.0,07203T10,BYBK,BAY BANCORP INC,BYBK,551111.0,Q,A,R,13085,3,6020.0,,,,60.0,602.0,,,,,,,4.95,-6.1e-05,11063.0,1.0,4.95,54761.85,BYBK,10.0,,,,,10,10.0,1.0,3.0,,,,,,8.0,7.0,,,,,,10.0,3.0,3.0,5.0,,,,,2.0,,,10.0,8.0,7.0,8.0,,4.0,,4.0,5.0,3.0,5.0,7.0,10.0,9.0,3.0,2.0,1.0,1.0,1.0,5,10.0,10,1
2016-03-17,80517,,11,3,6020.0,07203T10,BYBK,BAY BANCORP INC,BYBK,551111.0,Q,A,R,13085,3,6020.0,,,,60.0,602.0,,,,,,,-4.9,-0.010101,11063.0,1.0,,-54208.7,BYBK,10.0,,,,,10,10.0,1.0,3.0,,,,,,8.0,7.0,,,,,,10.0,3.0,3.0,5.0,,,,,2.0,,,10.0,8.0,7.0,8.0,,4.0,,4.0,5.0,3.0,5.0,7.0,10.0,9.0,3.0,2.0,1.0,1.0,1.0,5,10.0,10,1
2016-03-18,80517,,11,3,6020.0,07203T10,BYBK,BAY BANCORP INC,BYBK,551111.0,Q,A,R,13085,3,6020.0,,,,60.0,602.0,,,,,,,-4.94,0.008163,11063.0,1.0,,-54651.22,BYBK,10.0,,,,,10,10.0,1.0,3.0,,,,,,8.0,7.0,,,,,,10.0,3.0,3.0,5.0,,,,,2.0,,,10.0,8.0,7.0,8.0,,4.0,,4.0,5.0,3.0,5.0,7.0,10.0,9.0,3.0,2.0,1.0,1.0,1.0,5,10.0,10,1
2016-03-21,80517,,11,3,6020.0,07203T10,BYBK,BAY BANCORP INC,BYBK,551111.0,Q,A,R,13085,3,6020.0,,,,60.0,602.0,,,,,,,4.9499,0.002004,11063.0,1.0,4.9101,54760.7437,BYBK,10.0,,,,,10,10.0,1.0,3.0,,,,,,8.0,7.0,,,,,,10.0,3.0,3.0,5.0,,,,,2.0,,,10.0,8.0,7.0,8.0,,4.0,,4.0,5.0,3.0,5.0,7.0,10.0,9.0,3.0,2.0,1.0,1.0,1.0,5,10.0,10,1
2016-03-22,80517,,11,3,6020.0,07203T10,BYBK,BAY BANCORP INC,BYBK,551111.0,Q,A,R,13085,3,6020.0,,,,60.0,602.0,,,,,,,4.95,2e-05,11063.0,1.0,4.84,54761.85,BYBK,10.0,,,,,10,10.0,1.0,3.0,,,,,,8.0,7.0,,,,,,10.0,3.0,3.0,5.0,,,,,2.0,,,10.0,8.0,7.0,8.0,,4.0,,4.0,5.0,3.0,5.0,7.0,10.0,9.0,3.0,2.0,1.0,1.0,1.0,5,10.0,10,1
2016-03-23,80517,,11,3,6020.0,07203T10,BYBK,BAY BANCORP INC,BYBK,551111.0,Q,A,R,13085,3,6020.0,,,,60.0,602.0,,,,,,,4.91,-0.008081,11063.0,1.0,4.9101,54319.33,BYBK,10.0,,,,,10,10.0,1.0,3.0,,,,,,8.0,7.0,,,,,,10.0,3.0,3.0,5.0,,,,,2.0,,,10.0,8.0,7.0,8.0,,4.0,,4.0,5.0,3.0,5.0,7.0,10.0,9.0,3.0,2.0,1.0,1.0,1.0,5,10.0,10,1
2016-03-24,80517,,11,3,6020.0,07203T10,BYBK,BAY BANCORP INC,BYBK,551111.0,Q,A,R,13085,3,6020.0,,,,60.0,602.0,,,,,,,5.0,0.01833,11063.0,1.0,5.0,55315.0,BYBK,10.0,,,,,10,10.0,1.0,3.0,,,,,,8.0,7.0,,,,,,10.0,3.0,3.0,5.0,,,,,2.0,,,10.0,8.0,7.0,8.0,,4.0,,4.0,5.0,3.0,5.0,7.0,10.0,9.0,3.0,2.0,1.0,1.0,1.0,5,10.0,10,1
2016-03-28,80517,,11,3,6020.0,07203T10,BYBK,BAY BANCORP INC,BYBK,551111.0,Q,A,R,13085,3,6020.0,,,,60.0,602.0,,,,,,,4.97,-0.006,11063.0,1.0,4.85,54983.11,BYBK,10.0,,,,,10,10.0,1.0,3.0,,,,,,8.0,7.0,,,,,,10.0,3.0,3.0,5.0,,,,,2.0,,,10.0,8.0,7.0,8.0,,4.0,,4.0,5.0,3.0,5.0,7.0,10.0,9.0,3.0,2.0,1.0,1.0,1.0,5,10.0,10,1
2016-03-29,80517,,11,3,6020.0,07203T10,BYBK,BAY BANCORP INC,BYBK,551111.0,Q,A,R,13085,3,6020.0,,,,60.0,602.0,,,,,,,4.83,-0.028169,11063.0,1.0,4.98,53434.29,BYBK,10.0,,,,,10,10.0,1.0,3.0,,,,,,8.0,7.0,,,,,,10.0,3.0,3.0,5.0,,,,,2.0,,,10.0,8.0,7.0,8.0,,4.0,,4.0,5.0,3.0,5.0,7.0,10.0,9.0,3.0,2.0,1.0,1.0,1.0,5,10.0,10,1
2016-03-30,80517,,11,3,6020.0,07203T10,BYBK,BAY BANCORP INC,BYBK,551111.0,Q,A,R,13085,3,6020.0,,,,60.0,602.0,,,,,,,4.9,0.014493,11063.0,1.0,4.77,54208.7,BYBK,10.0,,,,,10,10.0,1.0,3.0,,,,,,8.0,7.0,,,,,,10.0,3.0,3.0,5.0,,,,,2.0,,,10.0,8.0,7.0,8.0,,4.0,,4.0,5.0,3.0,5.0,7.0,10.0,9.0,3.0,2.0,1.0,1.0,1.0,5,10.0,10,1
2016-03-31,80517,,11,3,6020.0,07203T10,BYBK,BAY BANCORP INC,BYBK,551111.0,Q,A,R,13085,3,6020.0,,,,60.0,602.0,,,,,,,4.82,-0.016327,11064.0,1.0,4.91,53328.48,BYBK,10.0,,,,,10,10.0,1.0,3.0,,,,,,8.0,7.0,,,,,,10.0,3.0,3.0,5.0,,,,,2.0,,,10.0,8.0,7.0,8.0,,4.0,,4.0,5.0,3.0,5.0,7.0,10.0,9.0,3.0,2.0,1.0,1.0,1.0,5,10.0,10,1
2016-04-01,80517,,11,3,6020.0,07203T10,BYBK,BAY BANCORP INC,BYBK,551111.0,Q,A,R,13085,3,6020.0,,,,60.0,602.0,,,,,,,4.86,0.008299,11064.0,1.0,4.85,53771.04,BYBK,10.0,,,,,10,10.0,1.0,3.0,,,,,,8.0,7.0,,,,,,10.0,3.0,3.0,5.0,,,,6.0,2.0,,,10.0,7.0,7.0,8.0,,5.0,,4.0,5.0,4.0,9.0,8.0,10.0,8.0,9.0,9.0,6.0,1.0,1.0,5,10.0,10,1
2016-04-04,80517,,11,3,6020.0,07203T10,BYBK,BAY BANCORP INC,BYBK,551111.0,Q,A,R,13085,3,6020.0,,,,60.0,602.0,,,,,,,4.84,-0.004115,11064.0,1.0,4.84,53549.76,BYBK,10.0,,,,,10,10.0,1.0,3.0,,,,,,8.0,7.0,,,,,,10.0,3.0,3.0,5.0,,,,6.0,2.0,,,10.0,7.0,7.0,8.0,,5.0,,4.0,5.0,4.0,9.0,8.0,10.0,8.0,9.0,9.0,6.0,1.0,1.0,5,10.0,10,1
2016-04-05,80517,,11,3,6020.0,07203T10,BYBK,BAY BANCORP INC,BYBK,551111.0,Q,A,R,13085,3,6020.0,,,,60.0,602.0,,,,,,,-4.85,0.002066,11064.0,1.0,,-53660.4,BYBK,10.0,,,,,10,10.0,1.0,3.0,,,,,,8.0,7.0,,,,,,10.0,3.0,3.0,5.0,,,,6.0,2.0,,,10.0,7.0,7.0,8.0,,5.0,,4.0,5.0,4.0,9.0,8.0,10.0,8.0,9.0,9.0,6.0,1.0,1.0,5,10.0,10,1
2016-04-06,80517,,11,3,6020.0,07203T10,BYBK,BAY BANCORP INC,BYBK,551111.0,Q,A,R,13085,3,6020.0,,,,60.0,602.0,,,,,,,-4.84,-0.002062,11064.0,1.0,,-53549.76,BYBK,10.0,,,,,10,10.0,1.0,3.0,,,,,,8.0,7.0,,,,,,10.0,3.0,3.0,5.0,,,,6.0,2.0,,,10.0,7.0,7.0,8.0,,5.0,,4.0,5.0,4.0,9.0,8.0,10.0,8.0,9.0,9.0,6.0,1.0,1.0,5,10.0,10,1
2016-04-07,80517,,11,3,6020.0,07203T10,BYBK,BAY BANCORP INC,BYBK,551111.0,Q,A,R,13085,3,6020.0,,,,60.0,602.0,,,,,,,-4.84,0.0,11064.0,1.0,,-53549.76,BYBK,10.0,,,,,10,10.0,1.0,3.0,,,,,,8.0,7.0,,,,,,10.0,3.0,3.0,5.0,,,,6.0,2.0,,,10.0,7.0,7.0,8.0,,5.0,,4.0,5.0,4.0,9.0,8.0,10.0,8.0,9.0,9.0,6.0,1.0,1.0,5,10.0,10,1
2016-04-08,80517,,11,3,6020.0,07203T10,BYBK,BAY BANCORP INC,BYBK,551111.0,Q,A,R,13085,3,6020.0,,,,60.0,602.0,,,,,,,-4.84,0.0,11064.0,1.0,,-53549.76,BYBK,10.0,,,,,10,10.0,1.0,3.0,,,,,,8.0,7.0,,,,,,10.0,3.0,3.0,5.0,,,,6.0,2.0,,,10.0,7.0,7.0,8.0,,5.0,,4.0,5.0,4.0,9.0,8.0,10.0,8.0,9.0,9.0,6.0,1.0,1.0,5,10.0,10,1
2016-04-11,80517,,11,3,6020.0,07203T10,BYBK,BAY BANCORP INC,BYBK,551111.0,Q,A,R,13085,3,6020.0,,,,60.0,602.0,,,,,,,4.96,0.024793,11064.0,1.0,4.84,54877.44,BYBK,10.0,,,,,10,10.0,1.0,3.0,,,,,,8.0,7.0,,,,,,10.0,3.0,3.0,5.0,,,,6.0,2.0,,,10.0,7.0,7.0,8.0,,5.0,,4.0,5.0,4.0,9.0,8.0,10.0,8.0,9.0,9.0,6.0,1.0,1.0,5,10.0,10,1
2016-04-12,80517,,11,3,6020.0,07203T10,BYBK,BAY BANCORP INC,BYBK,551111.0,Q,A,R,13085,3,6020.0,,,,60.0,602.0,,,,,,,-4.89,-0.014113,11064.0,1.0,,-54102.96,BYBK,10.0,,,,,10,10.0,1.0,3.0,,,,,,8.0,7.0,,,,,,10.0,3.0,3.0,5.0,,,,6.0,2.0,,,10.0,7.0,7.0,8.0,,5.0,,4.0,5.0,4.0,9.0,8.0,10.0,8.0,9.0,9.0,6.0,1.0,1.0,5,10.0,10,1
2016-04-13,80517,,11,3,6020.0,07203T10,BYBK,BAY BANCORP INC,BYBK,551111.0,Q,A,R,13085,3,6020.0,,,,60.0,602.0,,,,,,,4.87,-0.00409,11064.0,1.0,4.96,53881.68,BYBK,10.0,,,,,10,10.0,1.0,3.0,,,,,,8.0,7.0,,,,,,10.0,3.0,3.0,5.0,,,,6.0,2.0,,,10.0,7.0,7.0,8.0,,5.0,,4.0,5.0,4.0,9.0,8.0,10.0,8.0,9.0,9.0,6.0,1.0,1.0,5,10.0,10,1
2016-04-14,80517,,11,3,6020.0,07203T10,BYBK,BAY BANCORP INC,BYBK,551111.0,Q,A,R,13085,3,6020.0,,,,60.0,602.0,,,,,,,5.05,0.036961,11064.0,1.0,4.929,55873.2,BYBK,10.0,,,,,10,10.0,1.0,3.0,,,,,,8.0,7.0,,,,,,10.0,3.0,3.0,5.0,,,,6.0,2.0,,,10.0,7.0,7.0,8.0,,5.0,,4.0,5.0,4.0,9.0,8.0,10.0,8.0,9.0,9.0,6.0,1.0,1.0,5,10.0,10,1
2016-04-15,80517,,11,3,6020.0,07203T10,BYBK,BAY BANCORP INC,BYBK,551111.0,Q,A,R,13085,3,6020.0,,,,60.0,602.0,,,,,,,4.93,-0.023762,11064.0,1.0,5.05,54545.52,BYBK,10.0,,,,,10,10.0,1.0,3.0,,,,,,8.0,7.0,,,,,,10.0,3.0,3.0,5.0,,,,6.0,2.0,,,10.0,7.0,7.0,8.0,,5.0,,4.0,5.0,4.0,9.0,8.0,10.0,8.0,9.0,9.0,6.0,1.0,1.0,5,10.0,10,1
2016-04-18,80517,,11,3,6020.0,07203T10,BYBK,BAY BANCORP INC,BYBK,551111.0,Q,A,R,13085,3,6020.0,,,,60.0,602.0,,,,,,,4.85,-0.016227,11064.0,1.0,4.97,53660.4,BYBK,10.0,,,,,10,10.0,1.0,3.0,,,,,,8.0,7.0,,,,,,10.0,3.0,3.0,5.0,,,,6.0,2.0,,,10.0,7.0,7.0,8.0,,5.0,,4.0,5.0,4.0,9.0,8.0,10.0,8.0,9.0,9.0,6.0,1.0,1.0,5,10.0,10,1
2016-04-19,80517,,11,3,6020.0,07203T10,BYBK,BAY BANCORP INC,BYBK,551111.0,Q,A,R,13085,3,6020.0,,,,60.0,602.0,,,,,,,5.01,0.03299,11064.0,1.0,4.98,55430.64,BYBK,10.0,,,,,10,10.0,1.0,3.0,,,,,,8.0,7.0,,,,,,10.0,3.0,3.0,5.0,,,,6.0,2.0,,,10.0,7.0,7.0,8.0,,5.0,,4.0,5.0,4.0,9.0,8.0,10.0,8.0,9.0,9.0,6.0,1.0,1.0,5,10.0,10,1
2016-04-20,80517,,11,3,6020.0,07203T10,BYBK,BAY BANCORP INC,BYBK,551111.0,Q,A,R,13085,3,6020.0,,,,60.0,602.0,,,,,,,5.01,0.0,11064.0,1.0,5.01,55430.64,BYBK,10.0,,,,,10,10.0,1.0,3.0,,,,,,8.0,7.0,,,,,,10.0,3.0,3.0,5.0,,,,6.0,2.0,,,10.0,7.0,7.0,8.0,,5.0,,4.0,5.0,4.0,9.0,8.0,10.0,8.0,9.0,9.0,6.0,1.0,1.0,5,10.0,10,1
2016-04-21,80517,,11,3,6020.0,07203T10,BYBK,BAY BANCORP INC,BYBK,551111.0,Q,A,R,13085,3,6020.0,,,,60.0,602.0,,,,,,,-5.01,0.0,11064.0,1.0,,-55430.64,BYBK,10.0,,,,,10,10.0,1.0,3.0,,,,,,8.0,7.0,,,,,,10.0,3.0,3.0,5.0,,,,6.0,2.0,,,10.0,7.0,7.0,8.0,,5.0,,4.0,5.0,4.0,9.0,8.0,10.0,8.0,9.0,9.0,6.0,1.0,1.0,5,10.0,10,1
2016-04-22,80517,,11,3,6020.0,07203T10,BYBK,BAY BANCORP INC,BYBK,551111.0,Q,A,R,13085,3,6020.0,,,,60.0,602.0,,,,,,,4.92,-0.017964,11064.0,1.0,4.963,54434.88,BYBK,10.0,,,,,10,10.0,1.0,3.0,,,,,,8.0,7.0,,,,,,10.0,3.0,3.0,5.0,,,,6.0,2.0,,,10.0,7.0,7.0,8.0,,5.0,,4.0,5.0,4.0,9.0,8.0,10.0,8.0,9.0,9.0,6.0,1.0,1.0,5,10.0,10,1
2016-04-25,80517,,11,3,6020.0,07203T10,BYBK,BAY BANCORP INC,BYBK,551111.0,Q,A,R,13085,3,6020.0,,,,60.0,602.0,,,,,,,5.05,0.026423,11064.0,1.0,5.01,55873.2,BYBK,10.0,,,,,10,10.0,1.0,3.0,,,,,,8.0,7.0,,,,,,10.0,3.0,3.0,5.0,,,,6.0,2.0,,,10.0,7.0,7.0,8.0,,5.0,,4.0,5.0,4.0,9.0,8.0,10.0,8.0,9.0,9.0,6.0,1.0,1.0,5,10.0,10,1
2016-04-26,80517,,11,3,6020.0,07203T10,BYBK,BAY BANCORP INC,BYBK,551111.0,Q,A,R,13085,3,6020.0,,,,60.0,602.0,,,,,,,-4.965,-0.016832,11064.0,1.0,,-54932.76,BYBK,10.0,,,,,10,10.0,1.0,3.0,,,,,,8.0,7.0,,,,,,10.0,3.0,3.0,5.0,,,,6.0,2.0,,,10.0,7.0,7.0,8.0,,5.0,,4.0,5.0,4.0,9.0,8.0,10.0,8.0,9.0,9.0,6.0,1.0,1.0,5,10.0,10,1
2016-04-27,80517,,11,3,6020.0,07203T10,BYBK,BAY BANCORP INC,BYBK,551111.0,Q,A,R,13085,3,6020.0,,,,60.0,602.0,,,,,,,5.05,0.01712,11064.0,1.0,5.05,55873.2,BYBK,10.0,,,,,10,10.0,1.0,3.0,,,,,,8.0,7.0,,,,,,10.0,3.0,3.0,5.0,,,,6.0,2.0,,,10.0,7.0,7.0,8.0,,5.0,,4.0,5.0,4.0,9.0,8.0,10.0,8.0,9.0,9.0,6.0,1.0,1.0,5,10.0,10,1
2016-04-28,80517,,11,3,6020.0,07203T10,BYBK,BAY BANCORP INC,BYBK,551111.0,Q,A,R,13085,3,6020.0,,,,60.0,602.0,,,,,,,5.09,0.007921,11064.0,1.0,5.05,56315.76,BYBK,10.0,,,,,10,10.0,1.0,3.0,,,,,,8.0,7.0,,,,,,10.0,3.0,3.0,5.0,,,,6.0,2.0,,,10.0,7.0,7.0,8.0,,5.0,,4.0,5.0,4.0,9.0,8.0,10.0,8.0,9.0,9.0,6.0,1.0,1.0,5,10.0,10,1
2016-04-29,80517,,11,3,6020.0,07203T10,BYBK,BAY BANCORP INC,BYBK,551111.0,Q,A,R,13085,3,6020.0,,,,60.0,602.0,,,,,,,-5.075,-0.002947,11064.0,1.0,,-56149.8,BYBK,10.0,,,,,10,10.0,1.0,3.0,,,,,,8.0,7.0,,,,,,10.0,3.0,3.0,5.0,,,,6.0,2.0,,,10.0,7.0,7.0,8.0,,5.0,,4.0,5.0,4.0,9.0,8.0,10.0,8.0,9.0,9.0,6.0,1.0,1.0,5,10.0,10,1
2016-05-02,80517,,11,3,6020.0,07203T10,BYBK,BAY BANCORP INC,BYBK,551111.0,Q,A,R,13085,3,6020.0,,,,60.0,602.0,,,,,,,5.05,-0.004926,11064.0,1.0,5.06,55873.2,BYBK,10.0,,,,,10,10.0,1.0,3.0,,,,,,8.0,7.0,,,,,,10.0,3.0,3.0,5.0,,,,3.0,3.0,,,10.0,6.0,5.0,8.0,,5.0,,3.0,4.0,,4.0,7.0,10.0,8.0,7.0,6.0,4.0,1.0,1.0,5,10.0,10,1
2016-05-03,80517,,11,3,6020.0,07203T10,BYBK,BAY BANCORP INC,BYBK,551111.0,Q,A,R,13085,3,6020.0,,,,60.0,602.0,,,,,,,5.062,0.002376,11064.0,1.0,5.062,56005.968,BYBK,10.0,,,,,10,10.0,1.0,3.0,,,,,,8.0,7.0,,,,,,10.0,3.0,3.0,5.0,,,,3.0,3.0,,,10.0,6.0,5.0,8.0,,5.0,,3.0,4.0,,4.0,7.0,10.0,8.0,7.0,6.0,4.0,1.0,1.0,5,10.0,10,1
2016-05-04,80517,,11,3,6020.0,07203T10,BYBK,BAY BANCORP INC,BYBK,551111.0,Q,A,R,13085,3,6020.0,,,,60.0,602.0,,,,,,,5.05,-0.002371,11064.0,1.0,5.05,55873.2,BYBK,10.0,,,,,10,10.0,1.0,3.0,,,,,,8.0,7.0,,,,,,10.0,3.0,3.0,5.0,,,,3.0,3.0,,,10.0,6.0,5.0,8.0,,5.0,,3.0,4.0,,4.0,7.0,10.0,8.0,7.0,6.0,4.0,1.0,1.0,5,10.0,10,1
2016-05-05,80517,,11,3,6020.0,07203T10,BYBK,BAY BANCORP INC,BYBK,551111.0,Q,A,R,13085,3,6020.0,,,,60.0,602.0,,,,,,,-5.02,-0.005941,11064.0,1.0,,-55541.28,BYBK,10.0,,,,,10,10.0,1.0,3.0,,,,,,8.0,7.0,,,,,,10.0,3.0,3.0,5.0,,,,3.0,3.0,,,10.0,6.0,5.0,8.0,,5.0,,3.0,4.0,,4.0,7.0,10.0,8.0,7.0,6.0,4.0,1.0,1.0,5,10.0,10,1
2016-05-06,80517,,11,3,6020.0,07203T10,BYBK,BAY BANCORP INC,BYBK,551111.0,Q,A,R,13085,3,6020.0,,,,60.0,602.0,,,,,,,-5.025,0.000996,11064.0,1.0,,-55596.6,BYBK,10.0,,,,,10,10.0,1.0,3.0,,,,,,8.0,7.0,,,,,,10.0,3.0,3.0,5.0,,,,3.0,3.0,,,10.0,6.0,5.0,8.0,,5.0,,3.0,4.0,,4.0,7.0,10.0,8.0,7.0,6.0,4.0,1.0,1.0,5,10.0,10,1
2016-05-09,80517,,11,3,6020.0,07203T10,BYBK,BAY BANCORP INC,BYBK,551111.0,Q,A,R,13085,3,6020.0,,,,60.0,602.0,,,,,,,5.07,0.008955,11093.0,1.0,5.07,56241.51,BYBK,10.0,,,,,10,10.0,1.0,3.0,,,,,,8.0,7.0,,,,,,10.0,3.0,3.0,5.0,,,,3.0,3.0,,,10.0,6.0,5.0,8.0,,5.0,,3.0,4.0,,4.0,7.0,10.0,8.0,7.0,6.0,4.0,1.0,1.0,5,10.0,10,1
2016-05-10,80517,,11,3,6020.0,07203T10,BYBK,BAY BANCORP INC,BYBK,551111.0,Q,A,R,13085,3,6020.0,,,,60.0,602.0,,,,,,,5.0446,-0.00501,11093.0,1.0,5.04,55959.7478,BYBK,10.0,,,,,10,10.0,1.0,3.0,,,,,,8.0,7.0,,,,,,10.0,3.0,3.0,5.0,,,,3.0,3.0,,,10.0,6.0,5.0,8.0,,5.0,,3.0,4.0,,4.0,7.0,10.0,8.0,7.0,6.0,4.0,1.0,1.0,5,10.0,10,1
2016-05-11,80517,,11,3,6020.0,07203T10,BYBK,BAY BANCORP INC,BYBK,551111.0,Q,A,R,13085,3,6020.0,,,,60.0,602.0,,,,,,,5.04,-0.000912,11093.0,1.0,5.04,55908.72,BYBK,10.0,,,,,10,10.0,1.0,3.0,,,,,,8.0,7.0,,,,,,10.0,3.0,3.0,5.0,,,,3.0,3.0,,,10.0,6.0,5.0,8.0,,5.0,,3.0,4.0,,4.0,7.0,10.0,8.0,7.0,6.0,4.0,1.0,1.0,5,10.0,10,1
2016-05-12,80517,,11,3,6020.0,07203T10,BYBK,BAY BANCORP INC,BYBK,551111.0,Q,A,R,13085,3,6020.0,,,,60.0,602.0,,,,,,,5.01,-0.005952,11093.0,1.0,5.03,55575.93,BYBK,10.0,,,,,10,10.0,1.0,3.0,,,,,,8.0,7.0,,,,,,10.0,3.0,3.0,5.0,,,,3.0,3.0,,,10.0,6.0,5.0,8.0,,5.0,,3.0,4.0,,4.0,7.0,10.0,8.0,7.0,6.0,4.0,1.0,1.0,5,10.0,10,1
2016-05-13,80517,,11,3,6020.0,07203T10,BYBK,BAY BANCORP INC,BYBK,551111.0,Q,A,R,13085,3,6020.0,,,,60.0,602.0,,,,,,,-5.01,0.0,11093.0,1.0,,-55575.93,BYBK,10.0,,,,,10,10.0,1.0,3.0,,,,,,8.0,7.0,,,,,,10.0,3.0,3.0,5.0,,,,3.0,3.0,,,10.0,6.0,5.0,8.0,,5.0,,3.0,4.0,,4.0,7.0,10.0,8.0,7.0,6.0,4.0,1.0,1.0,5,10.0,10,1
2016-05-16,80517,,11,3,6020.0,07203T10,BYBK,BAY BANCORP INC,BYBK,551111.0,Q,A,R,13085,3,6020.0,,,,60.0,602.0,,,,,,,5.01,0.0,11093.0,1.0,5.0,55575.93,BYBK,10.0,,,,,10,10.0,1.0,3.0,,,,,,8.0,7.0,,,,,,10.0,3.0,3.0,5.0,,,,3.0,3.0,,,10.0,6.0,5.0,8.0,,5.0,,3.0,4.0,,4.0,7.0,10.0,8.0,7.0,6.0,4.0,1.0,1.0,5,10.0,10,1
2016-05-17,80517,,11,3,6020.0,07203T10,BYBK,BAY BANCORP INC,BYBK,551111.0,Q,A,R,13085,3,6020.0,,,,60.0,602.0,,,,,,,4.87,-0.027944,11093.0,1.0,5.01,54022.91,BYBK,10.0,,,,,10,10.0,1.0,3.0,,,,,,8.0,7.0,,,,,,10.0,3.0,3.0,5.0,,,,3.0,3.0,,,10.0,6.0,5.0,8.0,,5.0,,3.0,4.0,,4.0,7.0,10.0,8.0,7.0,6.0,4.0,1.0,1.0,5,10.0,10,1
2016-05-18,80517,,11,3,6020.0,07203T10,BYBK,BAY BANCORP INC,BYBK,551111.0,Q,A,R,13085,3,6020.0,,,,60.0,602.0,,,,,,,4.9013,0.006427,11093.0,1.0,4.9799,54370.1209,BYBK,10.0,,,,,10,10.0,1.0,3.0,,,,,,8.0,7.0,,,,,,10.0,3.0,3.0,5.0,,,,3.0,3.0,,,10.0,6.0,5.0,8.0,,5.0,,3.0,4.0,,4.0,7.0,10.0,8.0,7.0,6.0,4.0,1.0,1.0,5,10.0,10,1
2016-05-19,80517,,11,3,6020.0,07203T10,BYBK,BAY BANCORP INC,BYBK,551111.0,Q,A,R,13085,3,6020.0,,,,60.0,602.0,,,,,,,5.04,0.028299,11093.0,1.0,5.03,55908.72,BYBK,10.0,,,,,10,10.0,1.0,3.0,,,,,,8.0,7.0,,,,,,10.0,3.0,3.0,5.0,,,,3.0,3.0,,,10.0,6.0,5.0,8.0,,5.0,,3.0,4.0,,4.0,7.0,10.0,8.0,7.0,6.0,4.0,1.0,1.0,5,10.0,10,1
2016-05-20,80517,,11,3,6020.0,07203T10,BYBK,BAY BANCORP INC,BYBK,551111.0,Q,A,R,13085,3,6020.0,,,,60.0,602.0,,,,,,,4.96,-0.015873,11093.0,1.0,4.869,55021.28,BYBK,10.0,,,,,10,10.0,1.0,3.0,,,,,,8.0,7.0,,,,,,10.0,3.0,3.0,5.0,,,,3.0,3.0,,,10.0,6.0,5.0,8.0,,5.0,,3.0,4.0,,4.0,7.0,10.0,8.0,7.0,6.0,4.0,1.0,1.0,5,10.0,10,1
2016-05-23,80517,,11,3,6020.0,07203T10,BYBK,BAY BANCORP INC,BYBK,551111.0,Q,A,R,13085,3,6020.0,,,,60.0,602.0,,,,,,,5.0292,0.013952,11093.0,1.0,5.02,55788.9156,BYBK,10.0,,,,,10,10.0,1.0,3.0,,,,,,8.0,7.0,,,,,,10.0,3.0,3.0,5.0,,,,3.0,3.0,,,10.0,6.0,5.0,8.0,,5.0,,3.0,4.0,,4.0,7.0,10.0,8.0,7.0,6.0,4.0,1.0,1.0,5,10.0,10,1
2016-05-24,80517,,11,3,6020.0,07203T10,BYBK,BAY BANCORP INC,BYBK,551111.0,Q,A,R,13085,3,6020.0,,,,60.0,602.0,,,,,,,5.02,-0.001829,11093.0,1.0,5.01,55686.86,BYBK,10.0,,,,,10,10.0,1.0,3.0,,,,,,8.0,7.0,,,,,,10.0,3.0,3.0,5.0,,,,3.0,3.0,,,10.0,6.0,5.0,8.0,,5.0,,3.0,4.0,,4.0,7.0,10.0,8.0,7.0,6.0,4.0,1.0,1.0,5,10.0,10,1
2016-05-25,80517,,11,3,6020.0,07203T10,BYBK,BAY BANCORP INC,BYBK,551111.0,Q,A,R,13085,3,6020.0,,,,60.0,602.0,,,,,,,5.01,-0.001992,11093.0,1.0,5.02,55575.93,BYBK,10.0,,,,,10,10.0,1.0,3.0,,,,,,8.0,7.0,,,,,,10.0,3.0,3.0,5.0,,,,3.0,3.0,,,10.0,6.0,5.0,8.0,,5.0,,3.0,4.0,,4.0,7.0,10.0,8.0,7.0,6.0,4.0,1.0,1.0,5,10.0,10,1
2016-05-26,80517,,11,3,6020.0,07203T10,BYBK,BAY BANCORP INC,BYBK,551111.0,Q,A,R,13085,3,6020.0,,,,60.0,602.0,,,,,,,-5.005,-0.000998,11093.0,1.0,,-55520.465,BYBK,10.0,,,,,10,10.0,1.0,3.0,,,,,,8.0,7.0,,,,,,10.0,3.0,3.0,5.0,,,,3.0,3.0,,,10.0,6.0,5.0,8.0,,5.0,,3.0,4.0,,4.0,7.0,10.0,8.0,7.0,6.0,4.0,1.0,1.0,5,10.0,10,1
2016-05-27,80517,,11,3,6020.0,07203T10,BYBK,BAY BANCORP INC,BYBK,551111.0,Q,A,R,13085,3,6020.0,,,,60.0,602.0,,,,,,,-5.01,0.000999,11093.0,1.0,,-55575.93,BYBK,10.0,,,,,10,10.0,1.0,3.0,,,,,,8.0,7.0,,,,,,10.0,3.0,3.0,5.0,,,,3.0,3.0,,,10.0,6.0,5.0,8.0,,5.0,,3.0,4.0,,4.0,7.0,10.0,8.0,7.0,6.0,4.0,1.0,1.0,5,10.0,10,1
2016-05-31,80517,,11,3,6020.0,07203T10,BYBK,BAY BANCORP INC,BYBK,551111.0,Q,A,R,13085,3,6020.0,,,,60.0,602.0,,,,,,,-5.0,-0.001996,11093.0,1.0,,-55465.0,BYBK,10.0,,,,,10,10.0,1.0,3.0,,,,,,8.0,7.0,,,,,,10.0,3.0,3.0,5.0,,,,3.0,3.0,,,10.0,6.0,5.0,8.0,,5.0,,3.0,4.0,,4.0,7.0,10.0,8.0,7.0,6.0,4.0,1.0,1.0,5,10.0,10,1
2016-06-01,80517,,11,3,6020.0,07203T10,BYBK,BAY BANCORP INC,BYBK,551111.0,Q,A,R,13085,3,6020.0,,,,60.0,602.0,,,,,,,5.03,0.006,11093.0,1.0,5.02,55797.79,BYBK,10.0,,,,,10,10.0,1.0,3.0,,,,,,8.0,7.0,,,,,,10.0,3.0,3.0,5.0,,,,5.0,2.0,,,10.0,6.0,4.0,8.0,,4.0,,4.0,4.0,3.0,7.0,7.0,10.0,1.0,7.0,9.0,5.0,1.0,1.0,5,10.0,10,1
2016-06-02,80517,,11,3,6020.0,07203T10,BYBK,BAY BANCORP INC,BYBK,551111.0,Q,A,R,13085,3,6020.0,,,,60.0,602.0,,,,,,,4.97,-0.011929,11093.0,1.0,4.97,55132.21,BYBK,10.0,,,,,10,10.0,1.0,3.0,,,,,,8.0,7.0,,,,,,10.0,3.0,3.0,5.0,,,,5.0,2.0,,,10.0,6.0,4.0,8.0,,4.0,,4.0,4.0,3.0,7.0,7.0,10.0,1.0,7.0,9.0,5.0,1.0,1.0,5,10.0,10,1
2016-06-03,80517,,11,3,6020.0,07203T10,BYBK,BAY BANCORP INC,BYBK,551111.0,Q,A,R,13085,3,6020.0,,,,60.0,602.0,,,,,,,5.04,0.014085,11093.0,1.0,5.0,55908.72,BYBK,10.0,,,,,10,10.0,1.0,3.0,,,,,,8.0,7.0,,,,,,10.0,3.0,3.0,5.0,,,,5.0,2.0,,,10.0,6.0,4.0,8.0,,4.0,,4.0,4.0,3.0,7.0,7.0,10.0,1.0,7.0,9.0,5.0,1.0,1.0,5,10.0,10,1
2016-06-06,80517,,11,3,6020.0,07203T10,BYBK,BAY BANCORP INC,BYBK,551111.0,Q,A,R,13085,3,6020.0,,,,60.0,602.0,,,,,,,5.08,0.007937,11093.0,1.0,5.0,56352.44,BYBK,10.0,,,,,10,10.0,1.0,3.0,,,,,,8.0,7.0,,,,,,10.0,3.0,3.0,5.0,,,,5.0,2.0,,,10.0,6.0,4.0,8.0,,4.0,,4.0,4.0,3.0,7.0,7.0,10.0,1.0,7.0,9.0,5.0,1.0,1.0,5,10.0,10,1
2016-06-07,80517,,11,3,6020.0,07203T10,BYBK,BAY BANCORP INC,BYBK,551111.0,Q,A,R,13085,3,6020.0,,,,60.0,602.0,,,,,,,5.14,0.011811,11093.0,1.0,5.1,57018.02,BYBK,10.0,,,,,10,10.0,1.0,3.0,,,,,,8.0,7.0,,,,,,10.0,3.0,3.0,5.0,,,,5.0,2.0,,,10.0,6.0,4.0,8.0,,4.0,,4.0,4.0,3.0,7.0,7.0,10.0,1.0,7.0,9.0,5.0,1.0,1.0,5,10.0,10,1
2016-06-08,80517,,11,3,6020.0,07203T10,BYBK,BAY BANCORP INC,BYBK,551111.0,Q,A,R,13085,3,6020.0,,,,60.0,602.0,,,,,,,5.15,0.001946,11093.0,1.0,5.05,57128.95,BYBK,10.0,,,,,10,10.0,1.0,3.0,,,,,,8.0,7.0,,,,,,10.0,3.0,3.0,5.0,,,,5.0,2.0,,,10.0,6.0,4.0,8.0,,4.0,,4.0,4.0,3.0,7.0,7.0,10.0,1.0,7.0,9.0,5.0,1.0,1.0,5,10.0,10,1
2016-06-09,80517,,11,3,6020.0,07203T10,BYBK,BAY BANCORP INC,BYBK,551111.0,Q,A,R,13085,3,6020.0,,,,60.0,602.0,,,,,,,5.19,0.007767,11093.0,1.0,5.14,57572.67,BYBK,10.0,,,,,10,10.0,1.0,3.0,,,,,,8.0,7.0,,,,,,10.0,3.0,3.0,5.0,,,,5.0,2.0,,,10.0,6.0,4.0,8.0,,4.0,,4.0,4.0,3.0,7.0,7.0,10.0,1.0,7.0,9.0,5.0,1.0,1.0,5,10.0,10,1
2016-06-10,80517,,11,3,6020.0,07203T10,BYBK,BAY BANCORP INC,BYBK,551111.0,Q,A,R,13085,3,6020.0,,,,60.0,602.0,,,,,,,5.24,0.009634,11093.0,1.0,5.18,58127.32,BYBK,10.0,,,,,10,10.0,1.0,3.0,,,,,,8.0,7.0,,,,,,10.0,3.0,3.0,5.0,,,,5.0,2.0,,,10.0,6.0,4.0,8.0,,4.0,,4.0,4.0,3.0,7.0,7.0,10.0,1.0,7.0,9.0,5.0,1.0,1.0,5,10.0,10,1
2016-06-13,80517,,11,3,6020.0,07203T10,BYBK,BAY BANCORP INC,BYBK,551111.0,Q,A,R,13085,3,6020.0,,,,60.0,602.0,,,,,,,5.25,0.001908,11093.0,1.0,5.25,58238.25,BYBK,10.0,,,,,10,10.0,1.0,3.0,,,,,,8.0,7.0,,,,,,10.0,3.0,3.0,5.0,,,,5.0,2.0,,,10.0,6.0,4.0,8.0,,4.0,,4.0,4.0,3.0,7.0,7.0,10.0,1.0,7.0,9.0,5.0,1.0,1.0,5,10.0,10,1
2016-06-14,80517,,11,3,6020.0,07203T10,BYBK,BAY BANCORP INC,BYBK,551111.0,Q,A,R,13085,3,6020.0,,,,60.0,602.0,,,,,,,5.13,-0.022857,11093.0,1.0,5.22,56907.09,BYBK,10.0,,,,,10,10.0,1.0,3.0,,,,,,8.0,7.0,,,,,,10.0,3.0,3.0,5.0,,,,5.0,2.0,,,10.0,6.0,4.0,8.0,,4.0,,4.0,4.0,3.0,7.0,7.0,10.0,1.0,7.0,9.0,5.0,1.0,1.0,5,10.0,10,1
2016-06-15,80517,,11,3,6020.0,07203T10,BYBK,BAY BANCORP INC,BYBK,551111.0,Q,A,R,13085,3,6020.0,,,,60.0,602.0,,,,,,,5.24,0.021442,11093.0,1.0,5.24,58127.32,BYBK,10.0,,,,,10,10.0,1.0,3.0,,,,,,8.0,7.0,,,,,,10.0,3.0,3.0,5.0,,,,5.0,2.0,,,10.0,6.0,4.0,8.0,,4.0,,4.0,4.0,3.0,7.0,7.0,10.0,1.0,7.0,9.0,5.0,1.0,1.0,5,10.0,10,1
2016-06-16,80517,,11,3,6020.0,07203T10,BYBK,BAY BANCORP INC,BYBK,551111.0,Q,A,R,13085,3,6020.0,,,,60.0,602.0,,,,,,,5.29,0.009542,11093.0,1.0,5.08,58681.97,BYBK,10.0,,,,,10,10.0,1.0,3.0,,,,,,8.0,7.0,,,,,,10.0,3.0,3.0,5.0,,,,5.0,2.0,,,10.0,6.0,4.0,8.0,,4.0,,4.0,4.0,3.0,7.0,7.0,10.0,1.0,7.0,9.0,5.0,1.0,1.0,5,10.0,10,1
2016-06-17,80517,,11,3,6020.0,07203T10,BYBK,BAY BANCORP INC,BYBK,551111.0,Q,A,R,13085,3,6020.0,,,,60.0,602.0,,,,,,,5.4,0.020794,11093.0,1.0,5.29,59902.2,BYBK,10.0,,,,,10,10.0,1.0,3.0,,,,,,8.0,7.0,,,,,,10.0,3.0,3.0,5.0,,,,5.0,2.0,,,10.0,6.0,4.0,8.0,,4.0,,4.0,4.0,3.0,7.0,7.0,10.0,1.0,7.0,9.0,5.0,1.0,1.0,5,10.0,10,1
2016-06-20,80517,,11,3,6020.0,07203T10,BYBK,BAY BANCORP INC,BYBK,551111.0,Q,A,R,13085,3,6020.0,,,,60.0,602.0,,,,,,,5.09,-0.057407,11093.0,1.0,5.37,56463.37,BYBK,10.0,,,,,10,10.0,1.0,3.0,,,,,,8.0,7.0,,,,,,10.0,3.0,3.0,5.0,,,,5.0,2.0,,,10.0,6.0,4.0,8.0,,4.0,,4.0,4.0,3.0,7.0,7.0,10.0,1.0,7.0,9.0,5.0,1.0,1.0,5,10.0,10,1
2016-06-21,80517,,11,3,6020.0,07203T10,BYBK,BAY BANCORP INC,BYBK,551111.0,Q,A,R,13085,3,6020.0,,,,60.0,602.0,,,,,,,5.0601,-0.005874,11093.0,1.0,5.23,56131.6893,BYBK,10.0,,,,,10,10.0,1.0,3.0,,,,,,8.0,7.0,,,,,,10.0,3.0,3.0,5.0,,,,5.0,2.0,,,10.0,6.0,4.0,8.0,,4.0,,4.0,4.0,3.0,7.0,7.0,10.0,1.0,7.0,9.0,5.0,1.0,1.0,5,10.0,10,1
2016-06-22,80517,,11,3,6020.0,07203T10,BYBK,BAY BANCORP INC,BYBK,551111.0,Q,A,R,13085,3,6020.0,,,,60.0,602.0,,,,,,,5.08,0.003933,11093.0,1.0,5.1,56352.44,BYBK,10.0,,,,,10,10.0,1.0,3.0,,,,,,8.0,7.0,,,,,,10.0,3.0,3.0,5.0,,,,5.0,2.0,,,10.0,6.0,4.0,8.0,,4.0,,4.0,4.0,3.0,7.0,7.0,10.0,1.0,7.0,9.0,5.0,1.0,1.0,5,10.0,10,1
2016-06-23,80517,,11,3,6020.0,07203T10,BYBK,BAY BANCORP INC,BYBK,551111.0,Q,A,R,13085,3,6020.0,,,,60.0,602.0,,,,,,,5.15,0.01378,11093.0,1.0,5.06,57128.95,BYBK,10.0,,,,,10,10.0,1.0,3.0,,,,,,8.0,7.0,,,,,,10.0,3.0,3.0,5.0,,,,5.0,2.0,,,10.0,6.0,4.0,8.0,,4.0,,4.0,4.0,3.0,7.0,7.0,10.0,1.0,7.0,9.0,5.0,1.0,1.0,5,10.0,10,1
2016-06-24,80517,,11,3,6020.0,07203T10,BYBK,BAY BANCORP INC,BYBK,551111.0,Q,A,R,13085,3,6020.0,,,,60.0,602.0,,,,,,,5.06,-0.017476,11093.0,1.0,5.1,56130.58,BYBK,10.0,,,,,10,10.0,1.0,3.0,,,,,,8.0,7.0,,,,,,10.0,3.0,3.0,5.0,,,,5.0,2.0,,,10.0,6.0,4.0,8.0,,4.0,,4.0,4.0,3.0,7.0,7.0,10.0,1.0,7.0,9.0,5.0,1.0,1.0,5,10.0,10,1
2016-06-27,80517,,11,3,6020.0,07203T10,BYBK,BAY BANCORP INC,BYBK,551111.0,Q,A,R,13085,3,6020.0,,,,60.0,602.0,,,,,,,5.0,-0.011858,11093.0,1.0,5.0868,55465.0,BYBK,10.0,,,,,10,10.0,1.0,3.0,,,,,,8.0,7.0,,,,,,10.0,3.0,3.0,5.0,,,,5.0,2.0,,,10.0,6.0,4.0,8.0,,4.0,,4.0,4.0,3.0,7.0,7.0,10.0,1.0,7.0,9.0,5.0,1.0,1.0,5,10.0,10,1
2016-06-28,80517,,11,3,6020.0,07203T10,BYBK,BAY BANCORP INC,BYBK,551111.0,Q,A,R,13085,3,6020.0,,,,60.0,602.0,,,,,,,5.14,0.028,11093.0,1.0,5.05,57018.02,BYBK,10.0,,,,,10,10.0,1.0,3.0,,,,,,8.0,7.0,,,,,,10.0,3.0,3.0,5.0,,,,5.0,2.0,,,10.0,6.0,4.0,8.0,,4.0,,4.0,4.0,3.0,7.0,7.0,10.0,1.0,7.0,9.0,5.0,1.0,1.0,5,10.0,10,1
2016-06-29,80517,,11,3,6020.0,07203T10,BYBK,BAY BANCORP INC,BYBK,551111.0,Q,A,R,13085,3,6020.0,,,,60.0,602.0,,,,,,,5.0801,-0.011654,11093.0,1.0,5.05,56353.5493,BYBK,10.0,,,,,10,10.0,1.0,3.0,,,,,,8.0,7.0,,,,,,10.0,3.0,3.0,5.0,,,,5.0,2.0,,,10.0,6.0,4.0,8.0,,4.0,,4.0,4.0,3.0,7.0,7.0,10.0,1.0,7.0,9.0,5.0,1.0,1.0,5,10.0,10,1
2016-06-30,80517,,11,3,6020.0,07203T10,BYBK,BAY BANCORP INC,BYBK,551111.0,Q,A,R,13085,3,6020.0,,,,60.0,602.0,,,,,,,5.07,-0.001988,10918.0,1.0,5.14,55354.26,BYBK,10.0,,,,,10,10.0,1.0,3.0,,,,,,8.0,7.0,,,,,,10.0,3.0,3.0,5.0,,,,5.0,2.0,,,10.0,6.0,4.0,8.0,,4.0,,4.0,4.0,3.0,7.0,7.0,10.0,1.0,7.0,9.0,5.0,1.0,1.0,5,10.0,10,1
2016-07-01,80517,,11,3,6020.0,07203T10,BYBK,BAY BANCORP INC,BYBK,551111.0,Q,A,R,13085,3,6020.0,,,,60.0,602.0,,,,,,,5.04,-0.005917,10918.0,1.0,5.06,55026.72,BYBK,10.0,,,,,1,10.0,10.0,7.0,,,,,,4.0,3.0,,,,,,10.0,3.0,3.0,4.0,,,,4.0,1.0,,,10.0,6.0,3.0,6.0,,7.0,,3.0,4.0,3.0,5.0,5.0,10.0,2.0,2.0,,,1.0,1.0,5,10.0,10,1
2016-07-05,80517,,11,3,6020.0,07203T10,BYBK,BAY BANCORP INC,BYBK,551111.0,Q,A,R,13085,3,6020.0,,,,60.0,602.0,,,,,,,5.0389,-0.000218,10918.0,1.0,5.0389,55014.7102,BYBK,10.0,,,,,1,10.0,10.0,7.0,,,,,,4.0,3.0,,,,,,10.0,3.0,3.0,4.0,,,,4.0,1.0,,,10.0,6.0,3.0,6.0,,7.0,,3.0,4.0,3.0,5.0,5.0,10.0,2.0,2.0,,,1.0,1.0,5,10.0,10,1
2016-07-06,80517,,11,3,6020.0,07203T10,BYBK,BAY BANCORP INC,BYBK,551111.0,Q,A,R,13085,3,6020.0,,,,60.0,602.0,,,,,,,5.0,-0.00772,10918.0,1.0,5.04,54590.0,BYBK,10.0,,,,,1,10.0,10.0,7.0,,,,,,4.0,3.0,,,,,,10.0,3.0,3.0,4.0,,,,4.0,1.0,,,10.0,6.0,3.0,6.0,,7.0,,3.0,4.0,3.0,5.0,5.0,10.0,2.0,2.0,,,1.0,1.0,5,10.0,10,1
2016-07-07,80517,,11,3,6020.0,07203T10,BYBK,BAY BANCORP INC,BYBK,551111.0,Q,A,R,13085,3,6020.0,,,,60.0,602.0,,,,,,,5.0,0.0,10918.0,1.0,4.96,54590.0,BYBK,10.0,,,,,1,10.0,10.0,7.0,,,,,,4.0,3.0,,,,,,10.0,3.0,3.0,4.0,,,,4.0,1.0,,,10.0,6.0,3.0,6.0,,7.0,,3.0,4.0,3.0,5.0,5.0,10.0,2.0,2.0,,,1.0,1.0,5,10.0,10,1
2016-07-08,80517,,11,3,6020.0,07203T10,BYBK,BAY BANCORP INC,BYBK,551111.0,Q,A,R,13085,3,6020.0,,,,60.0,602.0,,,,,,,5.0,0.0,10918.0,1.0,5.0,54590.0,BYBK,10.0,,,,,1,10.0,10.0,7.0,,,,,,4.0,3.0,,,,,,10.0,3.0,3.0,4.0,,,,4.0,1.0,,,10.0,6.0,3.0,6.0,,7.0,,3.0,4.0,3.0,5.0,5.0,10.0,2.0,2.0,,,1.0,1.0,5,10.0,10,1
2016-07-11,80517,,11,3,6020.0,07203T10,BYBK,BAY BANCORP INC,BYBK,551111.0,Q,A,R,13085,3,6020.0,,,,60.0,602.0,,,,,,,-5.04,0.008,10918.0,1.0,,-55026.72,BYBK,10.0,,,,,1,10.0,10.0,7.0,,,,,,4.0,3.0,,,,,,10.0,3.0,3.0,4.0,,,,4.0,1.0,,,10.0,6.0,3.0,6.0,,7.0,,3.0,4.0,3.0,5.0,5.0,10.0,2.0,2.0,,,1.0,1.0,5,10.0,10,1
2016-07-12,80517,,11,3,6020.0,07203T10,BYBK,BAY BANCORP INC,BYBK,551111.0,Q,A,R,13085,3,6020.0,,,,60.0,602.0,,,,,,,4.9701,-0.013869,10918.0,1.0,5.0,54263.5518,BYBK,10.0,,,,,1,10.0,10.0,7.0,,,,,,4.0,3.0,,,,,,10.0,3.0,3.0,4.0,,,,4.0,1.0,,,10.0,6.0,3.0,6.0,,7.0,,3.0,4.0,3.0,5.0,5.0,10.0,2.0,2.0,,,1.0,1.0,5,10.0,10,1
2016-07-13,80517,,11,3,6020.0,07203T10,BYBK,BAY BANCORP INC,BYBK,551111.0,Q,A,R,13085,3,6020.0,,,,60.0,602.0,,,,,,,4.9692,-0.000181,10918.0,1.0,4.9692,54253.7256,BYBK,10.0,,,,,1,10.0,10.0,7.0,,,,,,4.0,3.0,,,,,,10.0,3.0,3.0,4.0,,,,4.0,1.0,,,10.0,6.0,3.0,6.0,,7.0,,3.0,4.0,3.0,5.0,5.0,10.0,2.0,2.0,,,1.0,1.0,5,10.0,10,1
2016-07-14,80517,,11,3,6020.0,07203T10,BYBK,BAY BANCORP INC,BYBK,551111.0,Q,A,R,13085,3,6020.0,,,,60.0,602.0,,,,,,,4.97,0.000161,10918.0,1.0,4.97,54262.46,BYBK,10.0,,,,,1,10.0,10.0,7.0,,,,,,4.0,3.0,,,,,,10.0,3.0,3.0,4.0,,,,4.0,1.0,,,10.0,6.0,3.0,6.0,,7.0,,3.0,4.0,3.0,5.0,5.0,10.0,2.0,2.0,,,1.0,1.0,5,10.0,10,1
2016-07-15,80517,,11,3,6020.0,07203T10,BYBK,BAY BANCORP INC,BYBK,551111.0,Q,A,R,13085,3,6020.0,,,,60.0,602.0,,,,,,,4.9846,0.002938,10918.0,1.0,5.0,54421.8628,BYBK,10.0,,,,,1,10.0,10.0,7.0,,,,,,4.0,3.0,,,,,,10.0,3.0,3.0,4.0,,,,4.0,1.0,,,10.0,6.0,3.0,6.0,,7.0,,3.0,4.0,3.0,5.0,5.0,10.0,2.0,2.0,,,1.0,1.0,5,10.0,10,1
2016-07-18,80517,,11,3,6020.0,07203T10,BYBK,BAY BANCORP INC,BYBK,551111.0,Q,A,R,13085,3,6020.0,,,,60.0,602.0,,,,,,,-5.04,0.011114,10918.0,1.0,,-55026.72,BYBK,10.0,,,,,1,10.0,10.0,7.0,,,,,,4.0,3.0,,,,,,10.0,3.0,3.0,4.0,,,,4.0,1.0,,,10.0,6.0,3.0,6.0,,7.0,,3.0,4.0,3.0,5.0,5.0,10.0,2.0,2.0,,,1.0,1.0,5,10.0,10,1
2016-07-19,80517,,11,3,6020.0,07203T10,BYBK,BAY BANCORP INC,BYBK,551111.0,Q,A,R,13085,3,6020.0,,,,60.0,602.0,,,,,,,4.98,-0.011905,10918.0,1.0,4.98,54371.64,BYBK,10.0,,,,,1,10.0,10.0,7.0,,,,,,4.0,3.0,,,,,,10.0,3.0,3.0,4.0,,,,4.0,1.0,,,10.0,6.0,3.0,6.0,,7.0,,3.0,4.0,3.0,5.0,5.0,10.0,2.0,2.0,,,1.0,1.0,5,10.0,10,1
2016-07-20,80517,,11,3,6020.0,07203T10,BYBK,BAY BANCORP INC,BYBK,551111.0,Q,A,R,13085,3,6020.0,,,,60.0,602.0,,,,,,,4.915,-0.013052,10918.0,1.0,4.96,53661.97,BYBK,10.0,,,,,1,10.0,10.0,7.0,,,,,,4.0,3.0,,,,,,10.0,3.0,3.0,4.0,,,,4.0,1.0,,,10.0,6.0,3.0,6.0,,7.0,,3.0,4.0,3.0,5.0,5.0,10.0,2.0,2.0,,,1.0,1.0,5,10.0,10,1
2016-07-21,80517,,11,3,6020.0,07203T10,BYBK,BAY BANCORP INC,BYBK,551111.0,Q,A,R,13085,3,6020.0,,,,60.0,602.0,,,,,,,-4.98,0.013225,10918.0,1.0,,-54371.64,BYBK,10.0,,,,,1,10.0,10.0,7.0,,,,,,4.0,3.0,,,,,,10.0,3.0,3.0,4.0,,,,4.0,1.0,,,10.0,6.0,3.0,6.0,,7.0,,3.0,4.0,3.0,5.0,5.0,10.0,2.0,2.0,,,1.0,1.0,5,10.0,10,1
2016-07-22,80517,,11,3,6020.0,07203T10,BYBK,BAY BANCORP INC,BYBK,551111.0,Q,A,R,13085,3,6020.0,,,,60.0,602.0,,,,,,,4.9999,0.003996,10918.0,1.0,4.9792,54588.9082,BYBK,10.0,,,,,1,10.0,10.0,7.0,,,,,,4.0,3.0,,,,,,10.0,3.0,3.0,4.0,,,,4.0,1.0,,,10.0,6.0,3.0,6.0,,7.0,,3.0,4.0,3.0,5.0,5.0,10.0,2.0,2.0,,,1.0,1.0,5,10.0,10,1
2016-07-25,80517,,11,3,6020.0,07203T10,BYBK,BAY BANCORP INC,BYBK,551111.0,Q,A,R,13085,3,6020.0,,,,60.0,602.0,,,,,,,5.09,0.01802,10918.0,1.0,4.98,55572.62,BYBK,10.0,,,,,1,10.0,10.0,7.0,,,,,,4.0,3.0,,,,,,10.0,3.0,3.0,4.0,,,,4.0,1.0,,,10.0,6.0,3.0,6.0,,7.0,,3.0,4.0,3.0,5.0,5.0,10.0,2.0,2.0,,,1.0,1.0,5,10.0,10,1
2016-07-26,80517,,11,3,6020.0,07203T10,BYBK,BAY BANCORP INC,BYBK,551111.0,Q,A,R,13085,3,6020.0,,,,60.0,602.0,,,,,,,5.08,-0.001965,10918.0,1.0,5.05,55463.44,BYBK,10.0,,,,,1,10.0,10.0,7.0,,,,,,4.0,3.0,,,,,,10.0,3.0,3.0,4.0,,,,4.0,1.0,,,10.0,6.0,3.0,6.0,,7.0,,3.0,4.0,3.0,5.0,5.0,10.0,2.0,2.0,,,1.0,1.0,5,10.0,10,1
2016-07-27,80517,,11,3,6020.0,07203T10,BYBK,BAY BANCORP INC,BYBK,551111.0,Q,A,R,13085,3,6020.0,,,,60.0,602.0,,,,,,,5.04,-0.007874,10918.0,1.0,5.04,55026.72,BYBK,10.0,,,,,1,10.0,10.0,7.0,,,,,,4.0,3.0,,,,,,10.0,3.0,3.0,4.0,,,,4.0,1.0,,,10.0,6.0,3.0,6.0,,7.0,,3.0,4.0,3.0,5.0,5.0,10.0,2.0,2.0,,,1.0,1.0,5,10.0,10,1
2016-07-28,80517,,11,3,6020.0,07203T10,BYBK,BAY BANCORP INC,BYBK,551111.0,Q,A,R,13085,3,6020.0,,,,60.0,602.0,,,,,,,5.015,-0.00496,10918.0,1.0,5.03,54753.77,BYBK,10.0,,,,,1,10.0,10.0,7.0,,,,,,4.0,3.0,,,,,,10.0,3.0,3.0,4.0,,,,4.0,1.0,,,10.0,6.0,3.0,6.0,,7.0,,3.0,4.0,3.0,5.0,5.0,10.0,2.0,2.0,,,1.0,1.0,5,10.0,10,1
2016-07-29,80517,,11,3,6020.0,07203T10,BYBK,BAY BANCORP INC,BYBK,551111.0,Q,A,R,13085,3,6020.0,,,,60.0,602.0,,,,,,,5.05,0.006979,10918.0,1.0,5.034,55135.9,BYBK,10.0,,,,,1,10.0,10.0,7.0,,,,,,4.0,3.0,,,,,,10.0,3.0,3.0,4.0,,,,4.0,1.0,,,10.0,6.0,3.0,6.0,,7.0,,3.0,4.0,3.0,5.0,5.0,10.0,2.0,2.0,,,1.0,1.0,5,10.0,10,1
2016-08-01,80517,,11,3,6020.0,07203T10,BYBK,BAY BANCORP INC,BYBK,551111.0,Q,A,R,13085,3,6020.0,,,,60.0,602.0,,,,,,,4.99,-0.011881,10918.0,1.0,5.05,54480.82,BYBK,10.0,,,,,1,10.0,10.0,7.0,,,,,,4.0,3.0,,,,,,10.0,3.0,3.0,4.0,,,,4.0,2.0,,,10.0,6.0,2.0,7.0,,7.0,,4.0,5.0,3.0,8.0,6.0,10.0,9.0,9.0,9.0,5.0,1.0,1.0,5,10.0,10,1
2016-08-02,80517,,11,3,6020.0,07203T10,BYBK,BAY BANCORP INC,BYBK,551111.0,Q,A,R,13085,3,6020.0,,,,60.0,602.0,,,,,,,4.95,-0.008016,10918.0,1.0,5.01,54044.1,BYBK,10.0,,,,,1,10.0,10.0,7.0,,,,,,4.0,3.0,,,,,,10.0,3.0,3.0,4.0,,,,4.0,2.0,,,10.0,6.0,2.0,7.0,,7.0,,4.0,5.0,3.0,8.0,6.0,10.0,9.0,9.0,9.0,5.0,1.0,1.0,5,10.0,10,1
2016-08-03,80517,,11,3,6020.0,07203T10,BYBK,BAY BANCORP INC,BYBK,551111.0,Q,A,R,13085,3,6020.0,,,,60.0,602.0,,,,,,,5.05,0.020202,10918.0,1.0,5.0,55135.9,BYBK,10.0,,,,,1,10.0,10.0,7.0,,,,,,4.0,3.0,,,,,,10.0,3.0,3.0,4.0,,,,4.0,2.0,,,10.0,6.0,2.0,7.0,,7.0,,4.0,5.0,3.0,8.0,6.0,10.0,9.0,9.0,9.0,5.0,1.0,1.0,5,10.0,10,1
2016-08-04,80517,,11,3,6020.0,07203T10,BYBK,BAY BANCORP INC,BYBK,551111.0,Q,A,R,13085,3,6020.0,,,,60.0,602.0,,,,,,,5.05,0.0,10918.0,1.0,5.076,55135.9,BYBK,10.0,,,,,1,10.0,10.0,7.0,,,,,,4.0,3.0,,,,,,10.0,3.0,3.0,4.0,,,,4.0,2.0,,,10.0,6.0,2.0,7.0,,7.0,,4.0,5.0,3.0,8.0,6.0,10.0,9.0,9.0,9.0,5.0,1.0,1.0,5,10.0,10,1
2016-08-05,80517,,11,3,6020.0,07203T10,BYBK,BAY BANCORP INC,BYBK,551111.0,Q,A,R,13085,3,6020.0,,,,60.0,602.0,,,,,,,5.09,0.007921,10948.0,1.0,5.05,55725.32,BYBK,10.0,,,,,1,10.0,10.0,7.0,,,,,,4.0,3.0,,,,,,10.0,3.0,3.0,4.0,,,,4.0,2.0,,,10.0,6.0,2.0,7.0,,7.0,,4.0,5.0,3.0,8.0,6.0,10.0,9.0,9.0,9.0,5.0,1.0,1.0,5,10.0,10,1
2016-08-08,80517,,11,3,6020.0,07203T10,BYBK,BAY BANCORP INC,BYBK,551111.0,Q,A,R,13085,3,6020.0,,,,60.0,602.0,,,,,,,5.1044,0.002829,10948.0,1.0,5.05,55882.9712,BYBK,10.0,,,,,1,10.0,10.0,7.0,,,,,,4.0,3.0,,,,,,10.0,3.0,3.0,4.0,,,,4.0,2.0,,,10.0,6.0,2.0,7.0,,7.0,,4.0,5.0,3.0,8.0,6.0,10.0,9.0,9.0,9.0,5.0,1.0,1.0,5,10.0,10,1
2016-08-09,80517,,11,3,6020.0,07203T10,BYBK,BAY BANCORP INC,BYBK,551111.0,Q,A,R,13085,3,6020.0,,,,60.0,602.0,,,,,,,5.129,0.004819,10948.0,1.0,5.129,56152.292,BYBK,10.0,,,,,1,10.0,10.0,7.0,,,,,,4.0,3.0,,,,,,10.0,3.0,3.0,4.0,,,,4.0,2.0,,,10.0,6.0,2.0,7.0,,7.0,,4.0,5.0,3.0,8.0,6.0,10.0,9.0,9.0,9.0,5.0,1.0,1.0,5,10.0,10,1
2016-08-10,80517,,11,3,6020.0,07203T10,BYBK,BAY BANCORP INC,BYBK,551111.0,Q,A,R,13085,3,6020.0,,,,60.0,602.0,,,,,,,5.17,0.007994,10948.0,1.0,5.1148,56601.16,BYBK,10.0,,,,,1,10.0,10.0,7.0,,,,,,4.0,3.0,,,,,,10.0,3.0,3.0,4.0,,,,4.0,2.0,,,10.0,6.0,2.0,7.0,,7.0,,4.0,5.0,3.0,8.0,6.0,10.0,9.0,9.0,9.0,5.0,1.0,1.0,5,10.0,10,1
2016-08-11,80517,,11,3,6020.0,07203T10,BYBK,BAY BANCORP INC,BYBK,551111.0,Q,A,R,13085,3,6020.0,,,,60.0,602.0,,,,,,,5.23,0.011605,10948.0,1.0,5.18,57258.04,BYBK,10.0,,,,,1,10.0,10.0,7.0,,,,,,4.0,3.0,,,,,,10.0,3.0,3.0,4.0,,,,4.0,2.0,,,10.0,6.0,2.0,7.0,,7.0,,4.0,5.0,3.0,8.0,6.0,10.0,9.0,9.0,9.0,5.0,1.0,1.0,5,10.0,10,1
2016-08-12,80517,,11,3,6020.0,07203T10,BYBK,BAY BANCORP INC,BYBK,551111.0,Q,A,R,13085,3,6020.0,,,,60.0,602.0,,,,,,,5.23,0.0,10948.0,1.0,5.19,57258.04,BYBK,10.0,,,,,1,10.0,10.0,7.0,,,,,,4.0,3.0,,,,,,10.0,3.0,3.0,4.0,,,,4.0,2.0,,,10.0,6.0,2.0,7.0,,7.0,,4.0,5.0,3.0,8.0,6.0,10.0,9.0,9.0,9.0,5.0,1.0,1.0,5,10.0,10,1
2016-08-15,80517,,11,3,6020.0,07203T10,BYBK,BAY BANCORP INC,BYBK,551111.0,Q,A,R,13085,3,6020.0,,,,60.0,602.0,,,,,,,5.3,0.013384,10948.0,1.0,5.25,58024.4,BYBK,10.0,,,,,1,10.0,10.0,7.0,,,,,,4.0,3.0,,,,,,10.0,3.0,3.0,4.0,,,,4.0,2.0,,,10.0,6.0,2.0,7.0,,7.0,,4.0,5.0,3.0,8.0,6.0,10.0,9.0,9.0,9.0,5.0,1.0,1.0,5,10.0,10,1
2016-08-16,80517,,11,3,6020.0,07203T10,BYBK,BAY BANCORP INC,BYBK,551111.0,Q,A,R,13085,3,6020.0,,,,60.0,602.0,,,,,,,5.26,-0.007547,10948.0,1.0,5.26,57586.48,BYBK,10.0,,,,,1,10.0,10.0,7.0,,,,,,4.0,3.0,,,,,,10.0,3.0,3.0,4.0,,,,4.0,2.0,,,10.0,6.0,2.0,7.0,,7.0,,4.0,5.0,3.0,8.0,6.0,10.0,9.0,9.0,9.0,5.0,1.0,1.0,5,10.0,10,1
2016-08-17,80517,,11,3,6020.0,07203T10,BYBK,BAY BANCORP INC,BYBK,551111.0,Q,A,R,13085,3,6020.0,,,,60.0,602.0,,,,,,,5.34,0.015209,10948.0,1.0,5.257,58462.32,BYBK,10.0,,,,,1,10.0,10.0,7.0,,,,,,4.0,3.0,,,,,,10.0,3.0,3.0,4.0,,,,4.0,2.0,,,10.0,6.0,2.0,7.0,,7.0,,4.0,5.0,3.0,8.0,6.0,10.0,9.0,9.0,9.0,5.0,1.0,1.0,5,10.0,10,1
2016-08-18,80517,,11,3,6020.0,07203T10,BYBK,BAY BANCORP INC,BYBK,551111.0,Q,A,R,13085,3,6020.0,,,,60.0,602.0,,,,,,,5.37,0.005618,10948.0,1.0,5.26,58790.76,BYBK,10.0,,,,,1,10.0,10.0,7.0,,,,,,4.0,3.0,,,,,,10.0,3.0,3.0,4.0,,,,4.0,2.0,,,10.0,6.0,2.0,7.0,,7.0,,4.0,5.0,3.0,8.0,6.0,10.0,9.0,9.0,9.0,5.0,1.0,1.0,5,10.0,10,1
2016-08-19,80517,,11,3,6020.0,07203T10,BYBK,BAY BANCORP INC,BYBK,551111.0,Q,A,R,13085,3,6020.0,,,,60.0,602.0,,,,,,,5.45,0.014898,10948.0,1.0,5.39,59666.6,BYBK,10.0,,,,,1,10.0,10.0,7.0,,,,,,4.0,3.0,,,,,,10.0,3.0,3.0,4.0,,,,4.0,2.0,,,10.0,6.0,2.0,7.0,,7.0,,4.0,5.0,3.0,8.0,6.0,10.0,9.0,9.0,9.0,5.0,1.0,1.0,5,10.0,10,1
2016-08-22,80517,,11,3,6020.0,07203T10,BYBK,BAY BANCORP INC,BYBK,551111.0,Q,A,R,13085,3,6020.0,,,,60.0,602.0,,,,,,,5.4,-0.009174,10948.0,1.0,5.49,59119.2,BYBK,10.0,,,,,1,10.0,10.0,7.0,,,,,,4.0,3.0,,,,,,10.0,3.0,3.0,4.0,,,,4.0,2.0,,,10.0,6.0,2.0,7.0,,7.0,,4.0,5.0,3.0,8.0,6.0,10.0,9.0,9.0,9.0,5.0,1.0,1.0,5,10.0,10,1
2016-08-23,80517,,11,3,6020.0,07203T10,BYBK,BAY BANCORP INC,BYBK,551111.0,Q,A,R,13085,3,6020.0,,,,60.0,602.0,,,,,,,5.36,-0.007407,10948.0,1.0,5.34,58681.28,BYBK,10.0,,,,,1,10.0,10.0,7.0,,,,,,4.0,3.0,,,,,,10.0,3.0,3.0,4.0,,,,4.0,2.0,,,10.0,6.0,2.0,7.0,,7.0,,4.0,5.0,3.0,8.0,6.0,10.0,9.0,9.0,9.0,5.0,1.0,1.0,5,10.0,10,1
2016-08-24,80517,,11,3,6020.0,07203T10,BYBK,BAY BANCORP INC,BYBK,551111.0,Q,A,R,13085,3,6020.0,,,,60.0,602.0,,,,,,,5.33,-0.005597,10948.0,1.0,5.39,58352.84,BYBK,10.0,,,,,1,10.0,10.0,7.0,,,,,,4.0,3.0,,,,,,10.0,3.0,3.0,4.0,,,,4.0,2.0,,,10.0,6.0,2.0,7.0,,7.0,,4.0,5.0,3.0,8.0,6.0,10.0,9.0,9.0,9.0,5.0,1.0,1.0,5,10.0,10,1
2016-08-25,80517,,11,3,6020.0,07203T10,BYBK,BAY BANCORP INC,BYBK,551111.0,Q,A,R,13085,3,6020.0,,,,60.0,602.0,,,,,,,5.38,0.009381,10948.0,1.0,5.38,58900.24,BYBK,10.0,,,,,1,10.0,10.0,7.0,,,,,,4.0,3.0,,,,,,10.0,3.0,3.0,4.0,,,,4.0,2.0,,,10.0,6.0,2.0,7.0,,7.0,,4.0,5.0,3.0,8.0,6.0,10.0,9.0,9.0,9.0,5.0,1.0,1.0,5,10.0,10,1
2016-08-26,80517,,11,3,6020.0,07203T10,BYBK,BAY BANCORP INC,BYBK,551111.0,Q,A,R,13085,3,6020.0,,,,60.0,602.0,,,,,,,5.36,-0.003717,10948.0,1.0,5.3799,58681.28,BYBK,10.0,,,,,1,10.0,10.0,7.0,,,,,,4.0,3.0,,,,,,10.0,3.0,3.0,4.0,,,,4.0,2.0,,,10.0,6.0,2.0,7.0,,7.0,,4.0,5.0,3.0,8.0,6.0,10.0,9.0,9.0,9.0,5.0,1.0,1.0,5,10.0,10,1
2016-08-29,80517,,11,3,6020.0,07203T10,BYBK,BAY BANCORP INC,BYBK,551111.0,Q,A,R,13085,3,6020.0,,,,60.0,602.0,,,,,,,5.39,0.005597,10948.0,1.0,5.356,59009.72,BYBK,10.0,,,,,1,10.0,10.0,7.0,,,,,,4.0,3.0,,,,,,10.0,3.0,3.0,4.0,,,,4.0,2.0,,,10.0,6.0,2.0,7.0,,7.0,,4.0,5.0,3.0,8.0,6.0,10.0,9.0,9.0,9.0,5.0,1.0,1.0,5,10.0,10,1
2016-08-30,80517,,11,3,6020.0,07203T10,BYBK,BAY BANCORP INC,BYBK,551111.0,Q,A,R,13085,3,6020.0,,,,60.0,602.0,,,,,,,5.33,-0.011132,10948.0,1.0,5.33,58352.84,BYBK,10.0,,,,,1,10.0,10.0,7.0,,,,,,4.0,3.0,,,,,,10.0,3.0,3.0,4.0,,,,4.0,2.0,,,10.0,6.0,2.0,7.0,,7.0,,4.0,5.0,3.0,8.0,6.0,10.0,9.0,9.0,9.0,5.0,1.0,1.0,5,10.0,10,1
2016-08-31,80517,,11,3,6020.0,07203T10,BYBK,BAY BANCORP INC,BYBK,551111.0,Q,A,R,13085,3,6020.0,,,,60.0,602.0,,,,,,,5.38,0.009381,10948.0,1.0,5.3001,58900.24,BYBK,10.0,,,,,1,10.0,10.0,7.0,,,,,,4.0,3.0,,,,,,10.0,3.0,3.0,4.0,,,,4.0,2.0,,,10.0,6.0,2.0,7.0,,7.0,,4.0,5.0,3.0,8.0,6.0,10.0,9.0,9.0,9.0,5.0,1.0,1.0,5,10.0,10,1
2016-09-01,80517,,11,3,6020.0,07203T10,BYBK,BAY BANCORP INC,BYBK,551111.0,Q,A,R,13085,3,6020.0,,,,60.0,602.0,,,,,,,5.39,0.001859,10948.0,1.0,5.35,59009.72,BYBK,10.0,,,,,1,10.0,10.0,7.0,,,,,,4.0,3.0,,,,,,10.0,3.0,3.0,4.0,,,,3.0,7.0,,,10.0,5.0,5.0,6.0,,7.0,,3.0,4.0,3.0,3.0,6.0,10.0,7.0,6.0,5.0,6.0,1.0,1.0,5,9.0,10,1
2016-09-02,80517,,11,3,6020.0,07203T10,BYBK,BAY BANCORP INC,BYBK,551111.0,Q,A,R,13085,3,6020.0,,,,60.0,602.0,,,,,,,5.33,-0.011132,10948.0,1.0,5.375,58352.84,BYBK,10.0,,,,,1,10.0,10.0,7.0,,,,,,4.0,3.0,,,,,,10.0,3.0,3.0,4.0,,,,3.0,7.0,,,10.0,5.0,5.0,6.0,,7.0,,3.0,4.0,3.0,3.0,6.0,10.0,7.0,6.0,5.0,6.0,1.0,1.0,5,9.0,10,1
2016-09-06,80517,,11,3,6020.0,07203T10,BYBK,BAY BANCORP INC,BYBK,551111.0,Q,A,R,13085,3,6020.0,,,,60.0,602.0,,,,,,,5.26,-0.013133,10948.0,1.0,5.3,57586.48,BYBK,10.0,,,,,1,10.0,10.0,7.0,,,,,,4.0,3.0,,,,,,10.0,3.0,3.0,4.0,,,,3.0,7.0,,,10.0,5.0,5.0,6.0,,7.0,,3.0,4.0,3.0,3.0,6.0,10.0,7.0,6.0,5.0,6.0,1.0,1.0,5,9.0,10,1
2016-09-07,80517,,11,3,6020.0,07203T10,BYBK,BAY BANCORP INC,BYBK,551111.0,Q,A,R,13085,3,6020.0,,,,60.0,602.0,,,,,,,5.28,0.003802,10948.0,1.0,5.27,57805.44,BYBK,10.0,,,,,1,10.0,10.0,7.0,,,,,,4.0,3.0,,,,,,10.0,3.0,3.0,4.0,,,,3.0,7.0,,,10.0,5.0,5.0,6.0,,7.0,,3.0,4.0,3.0,3.0,6.0,10.0,7.0,6.0,5.0,6.0,1.0,1.0,5,9.0,10,1
2016-09-08,80517,,11,3,6020.0,07203T10,BYBK,BAY BANCORP INC,BYBK,551111.0,Q,A,R,13085,3,6020.0,,,,60.0,602.0,,,,,,,5.21,-0.013258,10948.0,1.0,5.28,57039.08,BYBK,10.0,,,,,1,10.0,10.0,7.0,,,,,,4.0,3.0,,,,,,10.0,3.0,3.0,4.0,,,,3.0,7.0,,,10.0,5.0,5.0,6.0,,7.0,,3.0,4.0,3.0,3.0,6.0,10.0,7.0,6.0,5.0,6.0,1.0,1.0,5,9.0,10,1
2016-09-09,80517,,11,3,6020.0,07203T10,BYBK,BAY BANCORP INC,BYBK,551111.0,Q,A,R,13085,3,6020.0,,,,60.0,602.0,,,,,,,5.17,-0.007678,10948.0,1.0,5.203,56601.16,BYBK,10.0,,,,,1,10.0,10.0,7.0,,,,,,4.0,3.0,,,,,,10.0,3.0,3.0,4.0,,,,3.0,7.0,,,10.0,5.0,5.0,6.0,,7.0,,3.0,4.0,3.0,3.0,6.0,10.0,7.0,6.0,5.0,6.0,1.0,1.0,5,9.0,10,1
2016-09-12,80517,,11,3,6020.0,07203T10,BYBK,BAY BANCORP INC,BYBK,551111.0,Q,A,R,13085,3,6020.0,,,,60.0,602.0,,,,,,,5.2,0.005803,10948.0,1.0,5.17,56929.6,BYBK,10.0,,,,,1,10.0,10.0,7.0,,,,,,4.0,3.0,,,,,,10.0,3.0,3.0,4.0,,,,3.0,7.0,,,10.0,5.0,5.0,6.0,,7.0,,3.0,4.0,3.0,3.0,6.0,10.0,7.0,6.0,5.0,6.0,1.0,1.0,5,9.0,10,1
2016-09-13,80517,,11,3,6020.0,07203T10,BYBK,BAY BANCORP INC,BYBK,551111.0,Q,A,R,13085,3,6020.0,,,,60.0,602.0,,,,,,,5.25,0.009615,10948.0,1.0,5.19,57477.0,BYBK,10.0,,,,,1,10.0,10.0,7.0,,,,,,4.0,3.0,,,,,,10.0,3.0,3.0,4.0,,,,3.0,7.0,,,10.0,5.0,5.0,6.0,,7.0,,3.0,4.0,3.0,3.0,6.0,10.0,7.0,6.0,5.0,6.0,1.0,1.0,5,9.0,10,1
2016-09-14,80517,,11,3,6020.0,07203T10,BYBK,BAY BANCORP INC,BYBK,551111.0,Q,A,R,13085,3,6020.0,,,,60.0,602.0,,,,,,,5.26,0.001905,10948.0,1.0,5.33,57586.48,BYBK,10.0,,,,,1,10.0,10.0,7.0,,,,,,4.0,3.0,,,,,,10.0,3.0,3.0,4.0,,,,3.0,7.0,,,10.0,5.0,5.0,6.0,,7.0,,3.0,4.0,3.0,3.0,6.0,10.0,7.0,6.0,5.0,6.0,1.0,1.0,5,9.0,10,1
2016-09-15,80517,,11,3,6020.0,07203T10,BYBK,BAY BANCORP INC,BYBK,551111.0,Q,A,R,13085,3,6020.0,,,,60.0,602.0,,,,,,,5.26,0.0,10948.0,1.0,5.256,57586.48,BYBK,10.0,,,,,1,10.0,10.0,7.0,,,,,,4.0,3.0,,,,,,10.0,3.0,3.0,4.0,,,,3.0,7.0,,,10.0,5.0,5.0,6.0,,7.0,,3.0,4.0,3.0,3.0,6.0,10.0,7.0,6.0,5.0,6.0,1.0,1.0,5,9.0,10,1
2016-09-16,80517,,11,3,6020.0,07203T10,BYBK,BAY BANCORP INC,BYBK,551111.0,Q,A,R,13085,3,6020.0,,,,60.0,602.0,,,,,,,5.89,0.119772,10948.0,1.0,5.26,64483.72,BYBK,10.0,,,,,1,10.0,10.0,7.0,,,,,,4.0,3.0,,,,,,10.0,3.0,3.0,4.0,,,,3.0,7.0,,,10.0,5.0,5.0,6.0,,7.0,,3.0,4.0,3.0,3.0,6.0,10.0,7.0,6.0,5.0,6.0,1.0,1.0,5,9.0,10,1
2016-09-19,80517,,11,3,6020.0,07203T10,BYBK,BAY BANCORP INC,BYBK,551111.0,Q,A,R,13085,3,6020.0,,,,60.0,602.0,,,,,,,5.54,-0.059423,10948.0,1.0,5.7,60651.92,BYBK,10.0,,,,,1,10.0,10.0,7.0,,,,,,4.0,3.0,,,,,,10.0,3.0,3.0,4.0,,,,3.0,7.0,,,10.0,5.0,5.0,6.0,,7.0,,3.0,4.0,3.0,3.0,6.0,10.0,7.0,6.0,5.0,6.0,1.0,1.0,5,9.0,10,1
2016-09-20,80517,,11,3,6020.0,07203T10,BYBK,BAY BANCORP INC,BYBK,551111.0,Q,A,R,13085,3,6020.0,,,,60.0,602.0,,,,,,,5.43,-0.019856,10948.0,1.0,5.41,59447.64,BYBK,10.0,,,,,1,10.0,10.0,7.0,,,,,,4.0,3.0,,,,,,10.0,3.0,3.0,4.0,,,,3.0,7.0,,,10.0,5.0,5.0,6.0,,7.0,,3.0,4.0,3.0,3.0,6.0,10.0,7.0,6.0,5.0,6.0,1.0,1.0,5,9.0,10,1
2016-09-21,80517,,11,3,6020.0,07203T10,BYBK,BAY BANCORP INC,BYBK,551111.0,Q,A,R,13085,3,6020.0,,,,60.0,602.0,,,,,,,5.36,-0.012891,10948.0,1.0,5.43,58681.28,BYBK,10.0,,,,,1,10.0,10.0,7.0,,,,,,4.0,3.0,,,,,,10.0,3.0,3.0,4.0,,,,3.0,7.0,,,10.0,5.0,5.0,6.0,,7.0,,3.0,4.0,3.0,3.0,6.0,10.0,7.0,6.0,5.0,6.0,1.0,1.0,5,9.0,10,1
2016-09-22,80517,,11,3,6020.0,07203T10,BYBK,BAY BANCORP INC,BYBK,551111.0,Q,A,R,13085,3,6020.0,,,,60.0,602.0,,,,,,,5.51,0.027985,10948.0,1.0,5.38,60323.48,BYBK,10.0,,,,,1,10.0,10.0,7.0,,,,,,4.0,3.0,,,,,,10.0,3.0,3.0,4.0,,,,3.0,7.0,,,10.0,5.0,5.0,6.0,,7.0,,3.0,4.0,3.0,3.0,6.0,10.0,7.0,6.0,5.0,6.0,1.0,1.0,5,9.0,10,1
2016-09-23,80517,,11,3,6020.0,07203T10,BYBK,BAY BANCORP INC,BYBK,551111.0,Q,A,R,13085,3,6020.0,,,,60.0,602.0,,,,,,,5.47,-0.00726,10948.0,1.0,5.52,59885.56,BYBK,10.0,,,,,1,10.0,10.0,7.0,,,,,,4.0,3.0,,,,,,10.0,3.0,3.0,4.0,,,,3.0,7.0,,,10.0,5.0,5.0,6.0,,7.0,,3.0,4.0,3.0,3.0,6.0,10.0,7.0,6.0,5.0,6.0,1.0,1.0,5,9.0,10,1
2016-09-26,80517,,11,3,6020.0,07203T10,BYBK,BAY BANCORP INC,BYBK,551111.0,Q,A,R,13085,3,6020.0,,,,60.0,602.0,,,,,,,5.49,0.003656,10948.0,1.0,5.47,60104.52,BYBK,10.0,,,,,1,10.0,10.0,7.0,,,,,,4.0,3.0,,,,,,10.0,3.0,3.0,4.0,,,,3.0,7.0,,,10.0,5.0,5.0,6.0,,7.0,,3.0,4.0,3.0,3.0,6.0,10.0,7.0,6.0,5.0,6.0,1.0,1.0,5,9.0,10,1
2016-09-27,80517,,11,3,6020.0,07203T10,BYBK,BAY BANCORP INC,BYBK,551111.0,Q,A,R,13085,3,6020.0,,,,60.0,602.0,,,,,,,5.57,0.014572,10948.0,1.0,5.44,60980.36,BYBK,10.0,,,,,1,10.0,10.0,7.0,,,,,,4.0,3.0,,,,,,10.0,3.0,3.0,4.0,,,,3.0,7.0,,,10.0,5.0,5.0,6.0,,7.0,,3.0,4.0,3.0,3.0,6.0,10.0,7.0,6.0,5.0,6.0,1.0,1.0,5,9.0,10,1
2016-09-28,80517,,11,3,6020.0,07203T10,BYBK,BAY BANCORP INC,BYBK,551111.0,Q,A,R,13085,3,6020.0,,,,60.0,602.0,,,,,,,5.47,-0.017953,10948.0,1.0,5.64,59885.56,BYBK,10.0,,,,,1,10.0,10.0,7.0,,,,,,4.0,3.0,,,,,,10.0,3.0,3.0,4.0,,,,3.0,7.0,,,10.0,5.0,5.0,6.0,,7.0,,3.0,4.0,3.0,3.0,6.0,10.0,7.0,6.0,5.0,6.0,1.0,1.0,5,9.0,10,1
2016-09-29,80517,,11,3,6020.0,07203T10,BYBK,BAY BANCORP INC,BYBK,551111.0,Q,A,R,13085,3,6020.0,,,,60.0,602.0,,,,,,,5.5,0.005484,10948.0,1.0,5.53,60214.0,BYBK,10.0,,,,,1,10.0,10.0,7.0,,,,,,4.0,3.0,,,,,,10.0,3.0,3.0,4.0,,,,3.0,7.0,,,10.0,5.0,5.0,6.0,,7.0,,3.0,4.0,3.0,3.0,6.0,10.0,7.0,6.0,5.0,6.0,1.0,1.0,5,9.0,10,1
2016-09-30,80517,,11,3,6020.0,07203T10,BYBK,BAY BANCORP INC,BYBK,551111.0,Q,A,R,13085,3,6020.0,,,,60.0,602.0,,,,,,,5.51,0.001818,10364.0,1.0,5.52,57105.64,BYBK,10.0,,,,,1,10.0,10.0,7.0,,,,,,4.0,3.0,,,,,,10.0,3.0,3.0,4.0,,,,3.0,7.0,,,10.0,5.0,5.0,6.0,,7.0,,3.0,4.0,3.0,3.0,6.0,10.0,7.0,6.0,5.0,6.0,1.0,1.0,5,9.0,10,1
2016-10-03,80517,,11,3,6020.0,07203T10,BYBK,BAY BANCORP INC,BYBK,551111.0,Q,A,R,13085,3,6020.0,,,,60.0,602.0,,,,,,,5.53,0.00363,10364.0,1.0,5.55,57312.92,BYBK,10.0,,,,,1,10.0,10.0,7.0,,,,,,4.0,3.0,,,,,,10.0,3.0,3.0,4.0,,,,4.0,7.0,,,10.0,4.0,3.0,6.0,,9.0,,3.0,4.0,3.0,4.0,3.0,10.0,1.0,2.0,,,1.0,1.0,5,9.0,10,1
2016-10-04,80517,,11,3,6020.0,07203T10,BYBK,BAY BANCORP INC,BYBK,551111.0,Q,A,R,13085,3,6020.0,,,,60.0,602.0,,,,,,,5.28,-0.045208,10364.0,1.0,5.51,54721.92,BYBK,10.0,,,,,1,10.0,10.0,7.0,,,,,,4.0,3.0,,,,,,10.0,3.0,3.0,4.0,,,,4.0,7.0,,,10.0,4.0,3.0,6.0,,9.0,,3.0,4.0,3.0,4.0,3.0,10.0,1.0,2.0,,,1.0,1.0,5,9.0,10,1
2016-10-05,80517,,11,3,6020.0,07203T10,BYBK,BAY BANCORP INC,BYBK,551111.0,Q,A,R,13085,3,6020.0,,,,60.0,602.0,,,,,,,5.26,-0.003788,10364.0,1.0,5.3296,54514.64,BYBK,10.0,,,,,1,10.0,10.0,7.0,,,,,,4.0,3.0,,,,,,10.0,3.0,3.0,4.0,,,,4.0,7.0,,,10.0,4.0,3.0,6.0,,9.0,,3.0,4.0,3.0,4.0,3.0,10.0,1.0,2.0,,,1.0,1.0,5,9.0,10,1
2016-10-06,80517,,11,3,6020.0,07203T10,BYBK,BAY BANCORP INC,BYBK,551111.0,Q,A,R,13085,3,6020.0,,,,60.0,602.0,,,,,,,5.33,0.013308,10364.0,1.0,5.26,55240.12,BYBK,10.0,,,,,1,10.0,10.0,7.0,,,,,,4.0,3.0,,,,,,10.0,3.0,3.0,4.0,,,,4.0,7.0,,,10.0,4.0,3.0,6.0,,9.0,,3.0,4.0,3.0,4.0,3.0,10.0,1.0,2.0,,,1.0,1.0,5,9.0,10,1
2016-10-07,80517,,11,3,6020.0,07203T10,BYBK,BAY BANCORP INC,BYBK,551111.0,Q,A,R,13085,3,6020.0,,,,60.0,602.0,,,,,,,5.33,0.0,10364.0,1.0,5.3,55240.12,BYBK,10.0,,,,,1,10.0,10.0,7.0,,,,,,4.0,3.0,,,,,,10.0,3.0,3.0,4.0,,,,4.0,7.0,,,10.0,4.0,3.0,6.0,,9.0,,3.0,4.0,3.0,4.0,3.0,10.0,1.0,2.0,,,1.0,1.0,5,9.0,10,1
2016-10-10,80517,,11,3,6020.0,07203T10,BYBK,BAY BANCORP INC,BYBK,551111.0,Q,A,R,13085,3,6020.0,,,,60.0,602.0,,,,,,,5.3101,-0.003734,10364.0,1.0,5.35,55033.8764,BYBK,10.0,,,,,1,10.0,10.0,7.0,,,,,,4.0,3.0,,,,,,10.0,3.0,3.0,4.0,,,,4.0,7.0,,,10.0,4.0,3.0,6.0,,9.0,,3.0,4.0,3.0,4.0,3.0,10.0,1.0,2.0,,,1.0,1.0,5,9.0,10,1
2016-10-11,80517,,11,3,6020.0,07203T10,BYBK,BAY BANCORP INC,BYBK,551111.0,Q,A,R,13085,3,6020.0,,,,60.0,602.0,,,,,,,-5.325,0.002806,10364.0,1.0,,-55188.3,BYBK,10.0,,,,,1,10.0,10.0,7.0,,,,,,4.0,3.0,,,,,,10.0,3.0,3.0,4.0,,,,4.0,7.0,,,10.0,4.0,3.0,6.0,,9.0,,3.0,4.0,3.0,4.0,3.0,10.0,1.0,2.0,,,1.0,1.0,5,9.0,10,1
2016-10-12,80517,,11,3,6020.0,07203T10,BYBK,BAY BANCORP INC,BYBK,551111.0,Q,A,R,13085,3,6020.0,,,,60.0,602.0,,,,,,,5.33,0.000939,10364.0,1.0,5.38,55240.12,BYBK,10.0,,,,,1,10.0,10.0,7.0,,,,,,4.0,3.0,,,,,,10.0,3.0,3.0,4.0,,,,4.0,7.0,,,10.0,4.0,3.0,6.0,,9.0,,3.0,4.0,3.0,4.0,3.0,10.0,1.0,2.0,,,1.0,1.0,5,9.0,10,1
2016-10-13,80517,,11,3,6020.0,07203T10,BYBK,BAY BANCORP INC,BYBK,551111.0,Q,A,R,13085,3,6020.0,,,,60.0,602.0,,,,,,,5.35,0.003752,10364.0,1.0,5.4,55447.4,BYBK,10.0,,,,,1,10.0,10.0,7.0,,,,,,4.0,3.0,,,,,,10.0,3.0,3.0,4.0,,,,4.0,7.0,,,10.0,4.0,3.0,6.0,,9.0,,3.0,4.0,3.0,4.0,3.0,10.0,1.0,2.0,,,1.0,1.0,5,9.0,10,1
2016-10-14,80517,,11,3,6020.0,07203T10,BYBK,BAY BANCORP INC,BYBK,551111.0,Q,A,R,13085,3,6020.0,,,,60.0,602.0,,,,,,,5.39,0.007477,10364.0,1.0,5.4,55861.96,BYBK,10.0,,,,,1,10.0,10.0,7.0,,,,,,4.0,3.0,,,,,,10.0,3.0,3.0,4.0,,,,4.0,7.0,,,10.0,4.0,3.0,6.0,,9.0,,3.0,4.0,3.0,4.0,3.0,10.0,1.0,2.0,,,1.0,1.0,5,9.0,10,1
2016-10-17,80517,,11,3,6020.0,07203T10,BYBK,BAY BANCORP INC,BYBK,551111.0,Q,A,R,13085,3,6020.0,,,,60.0,602.0,,,,,,,5.38,-0.001855,10364.0,1.0,5.4,55758.32,BYBK,10.0,,,,,1,10.0,10.0,7.0,,,,,,4.0,3.0,,,,,,10.0,3.0,3.0,4.0,,,,4.0,7.0,,,10.0,4.0,3.0,6.0,,9.0,,3.0,4.0,3.0,4.0,3.0,10.0,1.0,2.0,,,1.0,1.0,5,9.0,10,1
2016-10-18,80517,,11,3,6020.0,07203T10,BYBK,BAY BANCORP INC,BYBK,551111.0,Q,A,R,13085,3,6020.0,,,,60.0,602.0,,,,,,,5.39,0.001859,10364.0,1.0,5.381,55861.96,BYBK,10.0,,,,,1,10.0,10.0,7.0,,,,,,4.0,3.0,,,,,,10.0,3.0,3.0,4.0,,,,4.0,7.0,,,10.0,4.0,3.0,6.0,,9.0,,3.0,4.0,3.0,4.0,3.0,10.0,1.0,2.0,,,1.0,1.0,5,9.0,10,1
2016-10-19,80517,,11,3,6020.0,07203T10,BYBK,BAY BANCORP INC,BYBK,551111.0,Q,A,R,13085,3,6020.0,,,,60.0,602.0,,,,,,,5.34,-0.009276,10364.0,1.0,5.4,55343.76,BYBK,10.0,,,,,1,10.0,10.0,7.0,,,,,,4.0,3.0,,,,,,10.0,3.0,3.0,4.0,,,,4.0,7.0,,,10.0,4.0,3.0,6.0,,9.0,,3.0,4.0,3.0,4.0,3.0,10.0,1.0,2.0,,,1.0,1.0,5,9.0,10,1
2016-10-20,80517,,11,3,6020.0,07203T10,BYBK,BAY BANCORP INC,BYBK,551111.0,Q,A,R,13085,3,6020.0,,,,60.0,602.0,,,,,,,5.395,0.0103,10364.0,1.0,5.3993,55913.78,BYBK,10.0,,,,,1,10.0,10.0,7.0,,,,,,4.0,3.0,,,,,,10.0,3.0,3.0,4.0,,,,4.0,7.0,,,10.0,4.0,3.0,6.0,,9.0,,3.0,4.0,3.0,4.0,3.0,10.0,1.0,2.0,,,1.0,1.0,5,9.0,10,1
2016-10-21,80517,,11,3,6020.0,07203T10,BYBK,BAY BANCORP INC,BYBK,551111.0,Q,A,R,13085,3,6020.0,,,,60.0,602.0,,,,,,,5.39,-0.000927,10364.0,1.0,5.39,55861.96,BYBK,10.0,,,,,1,10.0,10.0,7.0,,,,,,4.0,3.0,,,,,,10.0,3.0,3.0,4.0,,,,4.0,7.0,,,10.0,4.0,3.0,6.0,,9.0,,3.0,4.0,3.0,4.0,3.0,10.0,1.0,2.0,,,1.0,1.0,5,9.0,10,1
2016-10-24,80517,,11,3,6020.0,07203T10,BYBK,BAY BANCORP INC,BYBK,551111.0,Q,A,R,13085,3,6020.0,,,,60.0,602.0,,,,,,,5.32,-0.012987,10364.0,1.0,5.4,55136.48,BYBK,10.0,,,,,1,10.0,10.0,7.0,,,,,,4.0,3.0,,,,,,10.0,3.0,3.0,4.0,,,,4.0,7.0,,,10.0,4.0,3.0,6.0,,9.0,,3.0,4.0,3.0,4.0,3.0,10.0,1.0,2.0,,,1.0,1.0,5,9.0,10,1
2016-10-25,80517,,11,3,6020.0,07203T10,BYBK,BAY BANCORP INC,BYBK,551111.0,Q,A,R,13085,3,6020.0,,,,60.0,602.0,,,,,,,5.4,0.015038,10364.0,1.0,5.369,55965.6,BYBK,10.0,,,,,1,10.0,10.0,7.0,,,,,,4.0,3.0,,,,,,10.0,3.0,3.0,4.0,,,,4.0,7.0,,,10.0,4.0,3.0,6.0,,9.0,,3.0,4.0,3.0,4.0,3.0,10.0,1.0,2.0,,,1.0,1.0,5,9.0,10,1
2016-10-26,80517,,11,3,6020.0,07203T10,BYBK,BAY BANCORP INC,BYBK,551111.0,Q,A,R,13085,3,6020.0,,,,60.0,602.0,,,,,,,5.38,-0.003704,10364.0,1.0,5.38,55758.32,BYBK,10.0,,,,,1,10.0,10.0,7.0,,,,,,4.0,3.0,,,,,,10.0,3.0,3.0,4.0,,,,4.0,7.0,,,10.0,4.0,3.0,6.0,,9.0,,3.0,4.0,3.0,4.0,3.0,10.0,1.0,2.0,,,1.0,1.0,5,9.0,10,1
2016-10-27,80517,,11,3,6020.0,07203T10,BYBK,BAY BANCORP INC,BYBK,551111.0,Q,A,R,13085,3,6020.0,,,,60.0,602.0,,,,,,,5.35,-0.005576,10364.0,1.0,5.3465,55447.4,BYBK,10.0,,,,,1,10.0,10.0,7.0,,,,,,4.0,3.0,,,,,,10.0,3.0,3.0,4.0,,,,4.0,7.0,,,10.0,4.0,3.0,6.0,,9.0,,3.0,4.0,3.0,4.0,3.0,10.0,1.0,2.0,,,1.0,1.0,5,9.0,10,1
2016-10-28,80517,,11,3,6020.0,07203T10,BYBK,BAY BANCORP INC,BYBK,551111.0,Q,A,R,13085,3,6020.0,,,,60.0,602.0,,,,,,,-5.35,0.0,10364.0,1.0,,-55447.4,BYBK,10.0,,,,,1,10.0,10.0,7.0,,,,,,4.0,3.0,,,,,,10.0,3.0,3.0,4.0,,,,4.0,7.0,,,10.0,4.0,3.0,6.0,,9.0,,3.0,4.0,3.0,4.0,3.0,10.0,1.0,2.0,,,1.0,1.0,5,9.0,10,1
2016-10-31,80517,,11,3,6020.0,07203T10,BYBK,BAY BANCORP INC,BYBK,551111.0,Q,A,R,13085,3,6020.0,,,,60.0,602.0,,,,,,,-5.35,0.0,10364.0,1.0,,-55447.4,BYBK,10.0,,,,,1,10.0,10.0,7.0,,,,,,4.0,3.0,,,,,,10.0,3.0,3.0,4.0,,,,4.0,7.0,,,10.0,4.0,3.0,6.0,,9.0,,3.0,4.0,3.0,4.0,3.0,10.0,1.0,2.0,,,1.0,1.0,5,9.0,10,1
2016-11-01,80517,,11,3,6020.0,07203T10,BYBK,BAY BANCORP INC,BYBK,551111.0,Q,A,R,13085,3,6020.0,,,,60.0,602.0,,,,,,,-5.35,0.0,10364.0,1.0,,-55447.4,BYBK,10.0,,,,,1,10.0,10.0,7.0,,,,,,4.0,3.0,,,,,,10.0,3.0,3.0,4.0,,,,7.0,8.0,,,10.0,6.0,3.0,5.0,,10.0,,,,,5.0,3.0,10.0,2.0,8.0,,,1.0,1.0,5,9.0,10,1
2016-11-02,80517,,11,3,6020.0,07203T10,BYBK,BAY BANCORP INC,BYBK,551111.0,Q,A,R,13085,3,6020.0,,,,60.0,602.0,,,,,,,5.31,-0.007477,10364.0,1.0,5.4,55032.84,BYBK,10.0,,,,,1,10.0,10.0,7.0,,,,,,4.0,3.0,,,,,,10.0,3.0,3.0,4.0,,,,7.0,8.0,,,10.0,6.0,3.0,5.0,,10.0,,,,,5.0,3.0,10.0,2.0,8.0,,,1.0,1.0,5,9.0,10,1
2016-11-03,80517,,11,3,6020.0,07203T10,BYBK,BAY BANCORP INC,BYBK,551111.0,Q,A,R,13085,3,6020.0,,,,60.0,602.0,,,,,,,5.3,-0.001883,10364.0,1.0,5.3,54929.2,BYBK,10.0,,,,,1,10.0,10.0,7.0,,,,,,4.0,3.0,,,,,,10.0,3.0,3.0,4.0,,,,7.0,8.0,,,10.0,6.0,3.0,5.0,,10.0,,,,,5.0,3.0,10.0,2.0,8.0,,,1.0,1.0,5,9.0,10,1
2016-11-04,80517,,11,3,6020.0,07203T10,BYBK,BAY BANCORP INC,BYBK,551111.0,Q,A,R,13085,3,6020.0,,,,60.0,602.0,,,,,,,5.3,0.0,10364.0,1.0,5.3,54929.2,BYBK,10.0,,,,,1,10.0,10.0,7.0,,,,,,4.0,3.0,,,,,,10.0,3.0,3.0,4.0,,,,7.0,8.0,,,10.0,6.0,3.0,5.0,,10.0,,,,,5.0,3.0,10.0,2.0,8.0,,,1.0,1.0,5,9.0,10,1
2016-11-07,80517,,11,3,6020.0,07203T10,BYBK,BAY BANCORP INC,BYBK,551111.0,Q,A,R,13085,3,6020.0,,,,60.0,602.0,,,,,,,5.4,0.018868,10364.0,1.0,5.4,55965.6,BYBK,10.0,,,,,1,10.0,10.0,7.0,,,,,,4.0,3.0,,,,,,10.0,3.0,3.0,4.0,,,,7.0,8.0,,,10.0,6.0,3.0,5.0,,10.0,,,,,5.0,3.0,10.0,2.0,8.0,,,1.0,1.0,5,9.0,10,1
2016-11-08,80517,,11,3,6020.0,07203T10,BYBK,BAY BANCORP INC,BYBK,551111.0,Q,A,R,13085,3,6020.0,,,,60.0,602.0,,,,,,,5.4,0.0,10364.0,1.0,5.25,55965.6,BYBK,10.0,,,,,1,10.0,10.0,7.0,,,,,,4.0,3.0,,,,,,10.0,3.0,3.0,4.0,,,,7.0,8.0,,,10.0,6.0,3.0,5.0,,10.0,,,,,5.0,3.0,10.0,2.0,8.0,,,1.0,1.0,5,9.0,10,1
2016-11-09,80517,,11,3,6020.0,07203T10,BYBK,BAY BANCORP INC,BYBK,551111.0,Q,A,R,13085,3,6020.0,,,,60.0,602.0,,,,,,,5.4,0.0,10364.0,1.0,5.3,55965.6,BYBK,10.0,,,,,1,10.0,10.0,7.0,,,,,,4.0,3.0,,,,,,10.0,3.0,3.0,4.0,,,,7.0,8.0,,,10.0,6.0,3.0,5.0,,10.0,,,,,5.0,3.0,10.0,2.0,8.0,,,1.0,1.0,5,9.0,10,1
2016-11-10,80517,,11,3,6020.0,07203T10,BYBK,BAY BANCORP INC,BYBK,551111.0,Q,A,R,13085,3,6020.0,,,,60.0,602.0,,,,,,,5.5,0.018519,10364.0,1.0,5.4,57002.0,BYBK,10.0,,,,,1,10.0,10.0,7.0,,,,,,4.0,3.0,,,,,,10.0,3.0,3.0,4.0,,,,7.0,8.0,,,10.0,6.0,3.0,5.0,,10.0,,,,,5.0,3.0,10.0,2.0,8.0,,,1.0,1.0,5,9.0,10,1
2016-11-11,80517,,11,3,6020.0,07203T10,BYBK,BAY BANCORP INC,BYBK,551111.0,Q,A,R,13085,3,6020.0,,,,60.0,602.0,,,,,,,5.7314,0.042073,10364.0,1.0,5.5,59400.2296,BYBK,10.0,,,,,1,10.0,10.0,7.0,,,,,,4.0,3.0,,,,,,10.0,3.0,3.0,4.0,,,,7.0,8.0,,,10.0,6.0,3.0,5.0,,10.0,,,,,5.0,3.0,10.0,2.0,8.0,,,1.0,1.0,5,9.0,10,1
2016-11-14,80517,,11,3,6020.0,07203T10,BYBK,BAY BANCORP INC,BYBK,551111.0,Q,A,R,13085,3,6020.0,,,,60.0,602.0,,,,,,,5.9,0.029417,10364.0,1.0,5.85,61147.6,BYBK,10.0,,,,,1,10.0,10.0,7.0,,,,,,4.0,3.0,,,,,,10.0,3.0,3.0,4.0,,,,7.0,8.0,,,10.0,6.0,3.0,5.0,,10.0,,,,,5.0,3.0,10.0,2.0,8.0,,,1.0,1.0,5,9.0,10,1
2016-11-15,80517,,11,3,6020.0,07203T10,BYBK,BAY BANCORP INC,BYBK,551111.0,Q,A,R,13085,3,6020.0,,,,60.0,602.0,,,,,,,5.75,-0.025424,10370.0,1.0,5.75,59627.5,BYBK,10.0,,,,,1,10.0,10.0,7.0,,,,,,4.0,3.0,,,,,,10.0,3.0,3.0,4.0,,,,7.0,8.0,,,10.0,6.0,3.0,5.0,,10.0,,,,,5.0,3.0,10.0,2.0,8.0,,,1.0,1.0,5,9.0,10,1
2016-11-16,80517,,11,3,6020.0,07203T10,BYBK,BAY BANCORP INC,BYBK,551111.0,Q,A,R,13085,3,6020.0,,,,60.0,602.0,,,,,,,6.0,0.043478,10370.0,1.0,5.9,62220.0,BYBK,10.0,,,,,1,10.0,10.0,7.0,,,,,,4.0,3.0,,,,,,10.0,3.0,3.0,4.0,,,,7.0,8.0,,,10.0,6.0,3.0,5.0,,10.0,,,,,5.0,3.0,10.0,2.0,8.0,,,1.0,1.0,5,9.0,10,1
2016-11-17,80517,,11,3,6020.0,07203T10,BYBK,BAY BANCORP INC,BYBK,551111.0,Q,A,R,13085,3,6020.0,,,,60.0,602.0,,,,,,,6.0,0.0,10370.0,1.0,6.05,62220.0,BYBK,10.0,,,,,1,10.0,10.0,7.0,,,,,,4.0,3.0,,,,,,10.0,3.0,3.0,4.0,,,,7.0,8.0,,,10.0,6.0,3.0,5.0,,10.0,,,,,5.0,3.0,10.0,2.0,8.0,,,1.0,1.0,5,9.0,10,1
2016-11-18,80517,,11,3,6020.0,07203T10,BYBK,BAY BANCORP INC,BYBK,551111.0,Q,A,R,13085,3,6020.0,,,,60.0,602.0,,,,,,,5.95,-0.008333,10370.0,1.0,5.995,61701.5,BYBK,10.0,,,,,1,10.0,10.0,7.0,,,,,,4.0,3.0,,,,,,10.0,3.0,3.0,4.0,,,,7.0,8.0,,,10.0,6.0,3.0,5.0,,10.0,,,,,5.0,3.0,10.0,2.0,8.0,,,1.0,1.0,5,9.0,10,1
2016-11-21,80517,,11,3,6020.0,07203T10,BYBK,BAY BANCORP INC,BYBK,551111.0,Q,A,R,13085,3,6020.0,,,,60.0,602.0,,,,,,,6.06,0.018487,10370.0,1.0,5.95,62842.2,BYBK,10.0,,,,,1,10.0,10.0,7.0,,,,,,4.0,3.0,,,,,,10.0,3.0,3.0,4.0,,,,7.0,8.0,,,10.0,6.0,3.0,5.0,,10.0,,,,,5.0,3.0,10.0,2.0,8.0,,,1.0,1.0,5,9.0,10,1
2016-11-22,80517,,11,3,6020.0,07203T10,BYBK,BAY BANCORP INC,BYBK,551111.0,Q,A,R,13085,3,6020.0,,,,60.0,602.0,,,,,,,6.05,-0.00165,10370.0,1.0,6.2,62738.5,BYBK,10.0,,,,,1,10.0,10.0,7.0,,,,,,4.0,3.0,,,,,,10.0,3.0,3.0,4.0,,,,7.0,8.0,,,10.0,6.0,3.0,5.0,,10.0,,,,,5.0,3.0,10.0,2.0,8.0,,,1.0,1.0,5,9.0,10,1
2016-11-23,80517,,11,3,6020.0,07203T10,BYBK,BAY BANCORP INC,BYBK,551111.0,Q,A,R,13085,3,6020.0,,,,60.0,602.0,,,,,,,6.05,0.0,10370.0,1.0,6.05,62738.5,BYBK,10.0,,,,,1,10.0,10.0,7.0,,,,,,4.0,3.0,,,,,,10.0,3.0,3.0,4.0,,,,7.0,8.0,,,10.0,6.0,3.0,5.0,,10.0,,,,,5.0,3.0,10.0,2.0,8.0,,,1.0,1.0,5,9.0,10,1
2016-11-25,80517,,11,3,6020.0,07203T10,BYBK,BAY BANCORP INC,BYBK,551111.0,Q,A,R,13085,3,6020.0,,,,60.0,602.0,,,,,,,6.05,0.0,10370.0,1.0,6.2,62738.5,BYBK,10.0,,,,,1,10.0,10.0,7.0,,,,,,4.0,3.0,,,,,,10.0,3.0,3.0,4.0,,,,7.0,8.0,,,10.0,6.0,3.0,5.0,,10.0,,,,,5.0,3.0,10.0,2.0,8.0,,,1.0,1.0,5,9.0,10,1
2016-11-28,80517,,11,3,6020.0,07203T10,BYBK,BAY BANCORP INC,BYBK,551111.0,Q,A,R,13085,3,6020.0,,,,60.0,602.0,,,,,,,6.1,0.008264,10370.0,1.0,6.05,63257.0,BYBK,10.0,,,,,1,10.0,10.0,7.0,,,,,,4.0,3.0,,,,,,10.0,3.0,3.0,4.0,,,,7.0,8.0,,,10.0,6.0,3.0,5.0,,10.0,,,,,5.0,3.0,10.0,2.0,8.0,,,1.0,1.0,5,9.0,10,1
2016-11-29,80517,,11,3,6020.0,07203T10,BYBK,BAY BANCORP INC,BYBK,551111.0,Q,A,R,13085,3,6020.0,,,,60.0,602.0,,,,,,,6.1,0.0,10370.0,1.0,6.166,63257.0,BYBK,10.0,,,,,1,10.0,10.0,7.0,,,,,,4.0,3.0,,,,,,10.0,3.0,3.0,4.0,,,,7.0,8.0,,,10.0,6.0,3.0,5.0,,10.0,,,,,5.0,3.0,10.0,2.0,8.0,,,1.0,1.0,5,9.0,10,1
2016-11-30,80517,,11,3,6020.0,07203T10,BYBK,BAY BANCORP INC,BYBK,551111.0,Q,A,R,13085,3,6020.0,,,,60.0,602.0,,,,,,,6.0,-0.016393,10370.0,1.0,6.05,62220.0,BYBK,10.0,,,,,1,10.0,10.0,7.0,,,,,,4.0,3.0,,,,,,10.0,3.0,3.0,4.0,,,,7.0,8.0,,,10.0,6.0,3.0,5.0,,10.0,,,,,5.0,3.0,10.0,2.0,8.0,,,1.0,1.0,5,9.0,10,1
2016-12-01,80517,,11,3,6020.0,07203T10,BYBK,BAY BANCORP INC,BYBK,551111.0,Q,A,R,13085,3,6020.0,,,,60.0,602.0,,,,,,,6.0,0.0,10370.0,1.0,5.95,62220.0,BYBK,10.0,,,,,1,10.0,10.0,7.0,,,,,,4.0,3.0,,,,,,10.0,3.0,3.0,4.0,,,,6.0,9.0,,,10.0,5.0,5.0,3.0,,10.0,,3.0,3.0,3.0,5.0,3.0,10.0,5.0,7.0,,,1.0,1.0,5,10.0,10,1
2016-12-02,80517,,11,3,6020.0,07203T10,BYBK,BAY BANCORP INC,BYBK,551111.0,Q,A,R,13085,3,6020.0,,,,60.0,602.0,,,,,,,5.95,-0.008333,10370.0,1.0,6.0,61701.5,BYBK,10.0,,,,,1,10.0,10.0,7.0,,,,,,4.0,3.0,,,,,,10.0,3.0,3.0,4.0,,,,6.0,9.0,,,10.0,5.0,5.0,3.0,,10.0,,3.0,3.0,3.0,5.0,3.0,10.0,5.0,7.0,,,1.0,1.0,5,10.0,10,1
2016-12-05,80517,,11,3,6020.0,07203T10,BYBK,BAY BANCORP INC,BYBK,551111.0,Q,A,R,13085,3,6020.0,,,,60.0,602.0,,,,,,,5.95,0.0,10370.0,1.0,5.995,61701.5,BYBK,10.0,,,,,1,10.0,10.0,7.0,,,,,,4.0,3.0,,,,,,10.0,3.0,3.0,4.0,,,,6.0,9.0,,,10.0,5.0,5.0,3.0,,10.0,,3.0,3.0,3.0,5.0,3.0,10.0,5.0,7.0,,,1.0,1.0,5,10.0,10,1
2016-12-06,80517,,11,3,6020.0,07203T10,BYBK,BAY BANCORP INC,BYBK,551111.0,Q,A,R,13085,3,6020.0,,,,60.0,602.0,,,,,,,5.9,-0.008403,10370.0,1.0,6.0,61183.0,BYBK,10.0,,,,,1,10.0,10.0,7.0,,,,,,4.0,3.0,,,,,,10.0,3.0,3.0,4.0,,,,6.0,9.0,,,10.0,5.0,5.0,3.0,,10.0,,3.0,3.0,3.0,5.0,3.0,10.0,5.0,7.0,,,1.0,1.0,5,10.0,10,1
2016-12-07,80517,,11,3,6020.0,07203T10,BYBK,BAY BANCORP INC,BYBK,551111.0,Q,A,R,13085,3,6020.0,,,,60.0,602.0,,,,,,,6.25,0.059322,10370.0,1.0,5.95,64812.5,BYBK,10.0,,,,,1,10.0,10.0,7.0,,,,,,4.0,3.0,,,,,,10.0,3.0,3.0,4.0,,,,6.0,9.0,,,10.0,5.0,5.0,3.0,,10.0,,3.0,3.0,3.0,5.0,3.0,10.0,5.0,7.0,,,1.0,1.0,5,10.0,10,1
2016-12-08,80517,,11,3,6020.0,07203T10,BYBK,BAY BANCORP INC,BYBK,551111.0,Q,A,R,13085,3,6020.0,,,,60.0,602.0,,,,,,,6.3,0.008,10370.0,1.0,6.15,65331.0,BYBK,10.0,,,,,1,10.0,10.0,7.0,,,,,,4.0,3.0,,,,,,10.0,3.0,3.0,4.0,,,,6.0,9.0,,,10.0,5.0,5.0,3.0,,10.0,,3.0,3.0,3.0,5.0,3.0,10.0,5.0,7.0,,,1.0,1.0,5,10.0,10,1
2016-12-09,80517,,11,3,6020.0,07203T10,BYBK,BAY BANCORP INC,BYBK,551111.0,Q,A,R,13085,3,6020.0,,,,60.0,602.0,,,,,,,6.35,0.007936,10370.0,1.0,6.35,65849.5,BYBK,10.0,,,,,1,10.0,10.0,7.0,,,,,,4.0,3.0,,,,,,10.0,3.0,3.0,4.0,,,,6.0,9.0,,,10.0,5.0,5.0,3.0,,10.0,,3.0,3.0,3.0,5.0,3.0,10.0,5.0,7.0,,,1.0,1.0,5,10.0,10,1
2016-12-12,80517,,11,3,6020.0,07203T10,BYBK,BAY BANCORP INC,BYBK,551111.0,Q,A,R,13085,3,6020.0,,,,60.0,602.0,,,,,,,6.25,-0.015748,10370.0,1.0,6.4,64812.5,BYBK,10.0,,,,,1,10.0,10.0,7.0,,,,,,4.0,3.0,,,,,,10.0,3.0,3.0,4.0,,,,6.0,9.0,,,10.0,5.0,5.0,3.0,,10.0,,3.0,3.0,3.0,5.0,3.0,10.0,5.0,7.0,,,1.0,1.0,5,10.0,10,1
2016-12-13,80517,,11,3,6020.0,07203T10,BYBK,BAY BANCORP INC,BYBK,551111.0,Q,A,R,13085,3,6020.0,,,,60.0,602.0,,,,,,,6.3904,0.022464,10370.0,1.0,6.2,66268.448,BYBK,10.0,,,,,1,10.0,10.0,7.0,,,,,,4.0,3.0,,,,,,10.0,3.0,3.0,4.0,,,,6.0,9.0,,,10.0,5.0,5.0,3.0,,10.0,,3.0,3.0,3.0,5.0,3.0,10.0,5.0,7.0,,,1.0,1.0,5,10.0,10,1
2016-12-14,80517,,11,3,6020.0,07203T10,BYBK,BAY BANCORP INC,BYBK,551111.0,Q,A,R,13085,3,6020.0,,,,60.0,602.0,,,,,,,6.45,0.009326,10370.0,1.0,6.4,66886.5,BYBK,10.0,,,,,1,10.0,10.0,7.0,,,,,,4.0,3.0,,,,,,10.0,3.0,3.0,4.0,,,,6.0,9.0,,,10.0,5.0,5.0,3.0,,10.0,,3.0,3.0,3.0,5.0,3.0,10.0,5.0,7.0,,,1.0,1.0,5,10.0,10,1
2016-12-15,80517,,11,3,6020.0,07203T10,BYBK,BAY BANCORP INC,BYBK,551111.0,Q,A,R,13085,3,6020.0,,,,60.0,602.0,,,,,,,6.7,0.03876,10370.0,1.0,6.524,69479.0,BYBK,10.0,,,,,1,10.0,10.0,7.0,,,,,,4.0,3.0,,,,,,10.0,3.0,3.0,4.0,,,,6.0,9.0,,,10.0,5.0,5.0,3.0,,10.0,,3.0,3.0,3.0,5.0,3.0,10.0,5.0,7.0,,,1.0,1.0,5,10.0,10,1
2016-12-16,80517,,11,3,6020.0,07203T10,BYBK,BAY BANCORP INC,BYBK,551111.0,Q,A,R,13085,3,6020.0,,,,60.0,602.0,,,,,,,6.75,0.007463,10370.0,1.0,6.6,69997.5,BYBK,10.0,,,,,1,10.0,10.0,7.0,,,,,,4.0,3.0,,,,,,10.0,3.0,3.0,4.0,,,,6.0,9.0,,,10.0,5.0,5.0,3.0,,10.0,,3.0,3.0,3.0,5.0,3.0,10.0,5.0,7.0,,,1.0,1.0,5,10.0,10,1
2016-12-19,80517,,11,3,6020.0,07203T10,BYBK,BAY BANCORP INC,BYBK,551111.0,Q,A,R,13085,3,6020.0,,,,60.0,602.0,,,,,,,6.65,-0.014815,10370.0,1.0,6.75,68960.5,BYBK,10.0,,,,,1,10.0,10.0,7.0,,,,,,4.0,3.0,,,,,,10.0,3.0,3.0,4.0,,,,6.0,9.0,,,10.0,5.0,5.0,3.0,,10.0,,3.0,3.0,3.0,5.0,3.0,10.0,5.0,7.0,,,1.0,1.0,5,10.0,10,1
2016-12-20,80517,,11,3,6020.0,07203T10,BYBK,BAY BANCORP INC,BYBK,551111.0,Q,A,R,13085,3,6020.0,,,,60.0,602.0,,,,,,,6.8,0.022556,10370.0,1.0,6.6235,70516.0,BYBK,10.0,,,,,1,10.0,10.0,7.0,,,,,,4.0,3.0,,,,,,10.0,3.0,3.0,4.0,,,,6.0,9.0,,,10.0,5.0,5.0,3.0,,10.0,,3.0,3.0,3.0,5.0,3.0,10.0,5.0,7.0,,,1.0,1.0,5,10.0,10,1
2016-12-21,80517,,11,3,6020.0,07203T10,BYBK,BAY BANCORP INC,BYBK,551111.0,Q,A,R,13085,3,6020.0,,,,60.0,602.0,,,,,,,6.75,-0.007353,10370.0,1.0,6.7,69997.5,BYBK,10.0,,,,,1,10.0,10.0,7.0,,,,,,4.0,3.0,,,,,,10.0,3.0,3.0,4.0,,,,6.0,9.0,,,10.0,5.0,5.0,3.0,,10.0,,3.0,3.0,3.0,5.0,3.0,10.0,5.0,7.0,,,1.0,1.0,5,10.0,10,1
2016-12-22,80517,,11,3,6020.0,07203T10,BYBK,BAY BANCORP INC,BYBK,551111.0,Q,A,R,13085,3,6020.0,,,,60.0,602.0,,,,,,,6.6,-0.022222,10370.0,1.0,6.75,68442.0,BYBK,10.0,,,,,1,10.0,10.0,7.0,,,,,,4.0,3.0,,,,,,10.0,3.0,3.0,4.0,,,,6.0,9.0,,,10.0,5.0,5.0,3.0,,10.0,,3.0,3.0,3.0,5.0,3.0,10.0,5.0,7.0,,,1.0,1.0,5,10.0,10,1
2016-12-23,80517,,11,3,6020.0,07203T10,BYBK,BAY BANCORP INC,BYBK,551111.0,Q,A,R,13085,3,6020.0,,,,60.0,602.0,,,,,,,6.65,0.007576,10370.0,1.0,6.6,68960.5,BYBK,10.0,,,,,1,10.0,10.0,7.0,,,,,,4.0,3.0,,,,,,10.0,3.0,3.0,4.0,,,,6.0,9.0,,,10.0,5.0,5.0,3.0,,10.0,,3.0,3.0,3.0,5.0,3.0,10.0,5.0,7.0,,,1.0,1.0,5,10.0,10,1
2016-12-27,80517,,11,3,6020.0,07203T10,BYBK,BAY BANCORP INC,BYBK,551111.0,Q,A,R,13085,3,6020.0,,,,60.0,602.0,,,,,,,6.65,0.0,10370.0,1.0,6.65,68960.5,BYBK,10.0,,,,,1,10.0,10.0,7.0,,,,,,4.0,3.0,,,,,,10.0,3.0,3.0,4.0,,,,6.0,9.0,,,10.0,5.0,5.0,3.0,,10.0,,3.0,3.0,3.0,5.0,3.0,10.0,5.0,7.0,,,1.0,1.0,5,10.0,10,1
2016-12-28,80517,,11,3,6020.0,07203T10,BYBK,BAY BANCORP INC,BYBK,551111.0,Q,A,R,13085,3,6020.0,,,,60.0,602.0,,,,,,,6.6,-0.007519,10370.0,1.0,6.6,68442.0,BYBK,10.0,,,,,1,10.0,10.0,7.0,,,,,,4.0,3.0,,,,,,10.0,3.0,3.0,4.0,,,,6.0,9.0,,,10.0,5.0,5.0,3.0,,10.0,,3.0,3.0,3.0,5.0,3.0,10.0,5.0,7.0,,,1.0,1.0,5,10.0,10,1
2016-12-29,80517,,11,3,6020.0,07203T10,BYBK,BAY BANCORP INC,BYBK,551111.0,Q,A,R,13085,3,6020.0,,,,60.0,602.0,,,,,,,6.5,-0.015152,10370.0,1.0,6.5,67405.0,BYBK,10.0,,,,,1,10.0,10.0,7.0,,,,,,4.0,3.0,,,,,,10.0,3.0,3.0,4.0,,,,6.0,9.0,,,10.0,5.0,5.0,3.0,,10.0,,3.0,3.0,3.0,5.0,3.0,10.0,5.0,7.0,,,1.0,1.0,5,10.0,10,1
2016-12-30,80517,,11,3,6020.0,07203T10,BYBK,BAY BANCORP INC,BYBK,551111.0,Q,A,R,13085,3,6020.0,,,,60.0,602.0,,,,,,,6.6,0.015385,10456.0,1.0,6.5,69009.6,BYBK,10.0,,,,,1,10.0,10.0,7.0,,,,,,4.0,3.0,,,,,,10.0,3.0,3.0,4.0,,,,6.0,9.0,,,10.0,5.0,5.0,3.0,,10.0,,3.0,3.0,3.0,5.0,3.0,10.0,5.0,7.0,,,1.0,1.0,5,10.0,10,1
2017-01-03,80517,,11,3,6020.0,07203T10,BYBK,BAY BANCORP INC,BYBK,551111.0,Q,A,R,13085,3,6020.0,,,,60.0,602.0,,,,,,,6.5,-0.015152,10456.0,1.0,6.65,67964.0,BYBK,10.0,,,,,1,10.0,10.0,7.0,,,,,,4.0,3.0,,,,,,10.0,3.0,3.0,4.0,,,,7.0,10.0,,,10.0,6.0,4.0,5.0,,10.0,,3.0,3.0,3.0,2.0,5.0,10.0,8.0,3.0,,,1.0,1.0,5,10.0,10,1
2017-01-04,80517,,11,3,6020.0,07203T10,BYBK,BAY BANCORP INC,BYBK,551111.0,Q,A,R,13085,3,6020.0,,,,60.0,602.0,,,,,,,6.6,0.015385,10456.0,1.0,6.679,69009.6,BYBK,10.0,,,,,1,10.0,10.0,7.0,,,,,,4.0,3.0,,,,,,10.0,3.0,3.0,4.0,,,,7.0,10.0,,,10.0,6.0,4.0,5.0,,10.0,,3.0,3.0,3.0,2.0,5.0,10.0,8.0,3.0,,,1.0,1.0,5,10.0,10,1
2017-01-05,80517,,11,3,6020.0,07203T10,BYBK,BAY BANCORP INC,BYBK,551111.0,Q,A,R,13085,3,6020.0,,,,60.0,602.0,,,,,,,6.65,0.007576,10456.0,1.0,6.6,69532.4,BYBK,10.0,,,,,1,10.0,10.0,7.0,,,,,,4.0,3.0,,,,,,10.0,3.0,3.0,4.0,,,,7.0,10.0,,,10.0,6.0,4.0,5.0,,10.0,,3.0,3.0,3.0,2.0,5.0,10.0,8.0,3.0,,,1.0,1.0,5,10.0,10,1
2017-01-06,80517,,11,3,6020.0,07203T10,BYBK,BAY BANCORP INC,BYBK,551111.0,Q,A,R,13085,3,6020.0,,,,60.0,602.0,,,,,,,6.55,-0.015038,10456.0,1.0,6.6,68486.8,BYBK,10.0,,,,,1,10.0,10.0,7.0,,,,,,4.0,3.0,,,,,,10.0,3.0,3.0,4.0,,,,7.0,10.0,,,10.0,6.0,4.0,5.0,,10.0,,3.0,3.0,3.0,2.0,5.0,10.0,8.0,3.0,,,1.0,1.0,5,10.0,10,1
2017-01-09,80517,,11,3,6020.0,07203T10,BYBK,BAY BANCORP INC,BYBK,551111.0,Q,A,R,13085,3,6020.0,,,,60.0,602.0,,,,,,,6.65,0.015267,10456.0,1.0,6.5,69532.4,BYBK,10.0,,,,,1,10.0,10.0,7.0,,,,,,4.0,3.0,,,,,,10.0,3.0,3.0,4.0,,,,7.0,10.0,,,10.0,6.0,4.0,5.0,,10.0,,3.0,3.0,3.0,2.0,5.0,10.0,8.0,3.0,,,1.0,1.0,5,10.0,10,1
2017-01-10,80517,,11,3,6020.0,07203T10,BYBK,BAY BANCORP INC,BYBK,551111.0,Q,A,R,13085,3,6020.0,,,,60.0,602.0,,,,,,,6.65,0.0,10456.0,1.0,6.7,69532.4,BYBK,10.0,,,,,1,10.0,10.0,7.0,,,,,,4.0,3.0,,,,,,10.0,3.0,3.0,4.0,,,,7.0,10.0,,,10.0,6.0,4.0,5.0,,10.0,,3.0,3.0,3.0,2.0,5.0,10.0,8.0,3.0,,,1.0,1.0,5,10.0,10,1
2017-01-11,80517,,11,3,6020.0,07203T10,BYBK,BAY BANCORP INC,BYBK,551111.0,Q,A,R,13085,3,6020.0,,,,60.0,602.0,,,,,,,6.65,0.0,10456.0,1.0,6.65,69532.4,BYBK,10.0,,,,,1,10.0,10.0,7.0,,,,,,4.0,3.0,,,,,,10.0,3.0,3.0,4.0,,,,7.0,10.0,,,10.0,6.0,4.0,5.0,,10.0,,3.0,3.0,3.0,2.0,5.0,10.0,8.0,3.0,,,1.0,1.0,5,10.0,10,1
2017-01-12,80517,,11,3,6020.0,07203T10,BYBK,BAY BANCORP INC,BYBK,551111.0,Q,A,R,13085,3,6020.0,,,,60.0,602.0,,,,,,,6.6486,-0.000211,10456.0,1.0,6.6486,69517.7616,BYBK,10.0,,,,,1,10.0,10.0,7.0,,,,,,4.0,3.0,,,,,,10.0,3.0,3.0,4.0,,,,7.0,10.0,,,10.0,6.0,4.0,5.0,,10.0,,3.0,3.0,3.0,2.0,5.0,10.0,8.0,3.0,,,1.0,1.0,5,10.0,10,1
2017-01-13,80517,,11,3,6020.0,07203T10,BYBK,BAY BANCORP INC,BYBK,551111.0,Q,A,R,13085,3,6020.0,,,,60.0,602.0,,,,,,,6.8,0.022772,10456.0,1.0,6.7,71100.8,BYBK,10.0,,,,,1,10.0,10.0,7.0,,,,,,4.0,3.0,,,,,,10.0,3.0,3.0,4.0,,,,7.0,10.0,,,10.0,6.0,4.0,5.0,,10.0,,3.0,3.0,3.0,2.0,5.0,10.0,8.0,3.0,,,1.0,1.0,5,10.0,10,1
2017-01-17,80517,,11,3,6020.0,07203T10,BYBK,BAY BANCORP INC,BYBK,551111.0,Q,A,R,13085,3,6020.0,,,,60.0,602.0,,,,,,,6.95,0.022059,10456.0,1.0,6.8,72669.2,BYBK,10.0,,,,,1,10.0,10.0,7.0,,,,,,4.0,3.0,,,,,,10.0,3.0,3.0,4.0,,,,7.0,10.0,,,10.0,6.0,4.0,5.0,,10.0,,3.0,3.0,3.0,2.0,5.0,10.0,8.0,3.0,,,1.0,1.0,5,10.0,10,1
2017-01-18,80517,,11,3,6020.0,07203T10,BYBK,BAY BANCORP INC,BYBK,551111.0,Q,A,R,13085,3,6020.0,,,,60.0,602.0,,,,,,,6.95,0.0,10456.0,1.0,6.9,72669.2,BYBK,10.0,,,,,1,10.0,10.0,7.0,,,,,,4.0,3.0,,,,,,10.0,3.0,3.0,4.0,,,,7.0,10.0,,,10.0,6.0,4.0,5.0,,10.0,,3.0,3.0,3.0,2.0,5.0,10.0,8.0,3.0,,,1.0,1.0,5,10.0,10,1
2017-01-19,80517,,11,3,6020.0,07203T10,BYBK,BAY BANCORP INC,BYBK,551111.0,Q,A,R,13085,3,6020.0,,,,60.0,602.0,,,,,,,-6.95,0.0,10456.0,1.0,,-72669.2,BYBK,10.0,,,,,1,10.0,10.0,7.0,,,,,,4.0,3.0,,,,,,10.0,3.0,3.0,4.0,,,,7.0,10.0,,,10.0,6.0,4.0,5.0,,10.0,,3.0,3.0,3.0,2.0,5.0,10.0,8.0,3.0,,,1.0,1.0,5,10.0,10,1
2017-01-20,80517,,11,3,6020.0,07203T10,BYBK,BAY BANCORP INC,BYBK,551111.0,Q,A,R,13085,3,6020.0,,,,60.0,602.0,,,,,,,7.1,0.021583,10456.0,1.0,7.2,74237.6,BYBK,10.0,,,,,1,10.0,10.0,7.0,,,,,,4.0,3.0,,,,,,10.0,3.0,3.0,4.0,,,,7.0,10.0,,,10.0,6.0,4.0,5.0,,10.0,,3.0,3.0,3.0,2.0,5.0,10.0,8.0,3.0,,,1.0,1.0,5,10.0,10,1
2017-01-23,80517,,11,3,6020.0,07203T10,BYBK,BAY BANCORP INC,BYBK,551111.0,Q,A,R,13085,3,6020.0,,,,60.0,602.0,,,,,,,6.875,-0.03169,10456.0,1.0,7.1,71885.0,BYBK,10.0,,,,,1,10.0,10.0,7.0,,,,,,4.0,3.0,,,,,,10.0,3.0,3.0,4.0,,,,7.0,10.0,,,10.0,6.0,4.0,5.0,,10.0,,3.0,3.0,3.0,2.0,5.0,10.0,8.0,3.0,,,1.0,1.0,5,10.0,10,1
2017-01-24,80517,,11,3,6020.0,07203T10,BYBK,BAY BANCORP INC,BYBK,551111.0,Q,A,R,13085,3,6020.0,,,,60.0,602.0,,,,,,,7.05,0.025455,10456.0,1.0,6.85,73714.8,BYBK,10.0,,,,,1,10.0,10.0,7.0,,,,,,4.0,3.0,,,,,,10.0,3.0,3.0,4.0,,,,7.0,10.0,,,10.0,6.0,4.0,5.0,,10.0,,3.0,3.0,3.0,2.0,5.0,10.0,8.0,3.0,,,1.0,1.0,5,10.0,10,1
2017-01-25,80517,,11,3,6020.0,07203T10,BYBK,BAY BANCORP INC,BYBK,551111.0,Q,A,R,13085,3,6020.0,,,,60.0,602.0,,,,,,,7.1,0.007092,10456.0,1.0,7.0,74237.6,BYBK,10.0,,,,,1,10.0,10.0,7.0,,,,,,4.0,3.0,,,,,,10.0,3.0,3.0,4.0,,,,7.0,10.0,,,10.0,6.0,4.0,5.0,,10.0,,3.0,3.0,3.0,2.0,5.0,10.0,8.0,3.0,,,1.0,1.0,5,10.0,10,1
2017-01-26,80517,,11,3,6020.0,07203T10,BYBK,BAY BANCORP INC,BYBK,551111.0,Q,A,R,13085,3,6020.0,,,,60.0,602.0,,,,,,,7.0,-0.014084,10456.0,1.0,7.0,73192.0,BYBK,10.0,,,,,1,10.0,10.0,7.0,,,,,,4.0,3.0,,,,,,10.0,3.0,3.0,4.0,,,,7.0,10.0,,,10.0,6.0,4.0,5.0,,10.0,,3.0,3.0,3.0,2.0,5.0,10.0,8.0,3.0,,,1.0,1.0,5,10.0,10,1
2017-01-27,80517,,11,3,6020.0,07203T10,BYBK,BAY BANCORP INC,BYBK,551111.0,Q,A,R,13085,3,6020.0,,,,60.0,602.0,,,,,,,7.05,0.007143,10456.0,1.0,7.0,73714.8,BYBK,10.0,,,,,1,10.0,10.0,7.0,,,,,,4.0,3.0,,,,,,10.0,3.0,3.0,4.0,,,,7.0,10.0,,,10.0,6.0,4.0,5.0,,10.0,,3.0,3.0,3.0,2.0,5.0,10.0,8.0,3.0,,,1.0,1.0,5,10.0,10,1
2017-01-30,80517,,11,3,6020.0,07203T10,BYBK,BAY BANCORP INC,BYBK,551111.0,Q,A,R,13085,3,6020.0,,,,60.0,602.0,,,,,,,6.85,-0.028369,10456.0,1.0,7.05,71623.6,BYBK,10.0,,,,,1,10.0,10.0,7.0,,,,,,4.0,3.0,,,,,,10.0,3.0,3.0,4.0,,,,7.0,10.0,,,10.0,6.0,4.0,5.0,,10.0,,3.0,3.0,3.0,2.0,5.0,10.0,8.0,3.0,,,1.0,1.0,5,10.0,10,1
2017-01-31,80517,,11,3,6020.0,07203T10,BYBK,BAY BANCORP INC,BYBK,551111.0,Q,A,R,13085,3,6020.0,,,,60.0,602.0,,,,,,,6.925,0.010949,10456.0,1.0,7.0,72407.8,BYBK,10.0,,,,,1,10.0,10.0,7.0,,,,,,4.0,3.0,,,,,,10.0,3.0,3.0,4.0,,,,7.0,10.0,,,10.0,6.0,4.0,5.0,,10.0,,3.0,3.0,3.0,2.0,5.0,10.0,8.0,3.0,,,1.0,1.0,5,10.0,10,1
2017-02-01,80517,,11,3,6020.0,07203T10,BYBK,BAY BANCORP INC,BYBK,551111.0,Q,A,R,13085,3,6020.0,,,,60.0,602.0,,,,,,,7.15,0.032491,10456.0,1.0,7.0,74760.4,BYBK,10.0,,,,,1,10.0,10.0,7.0,,,,,,4.0,3.0,,,,,,10.0,3.0,3.0,4.0,,,,8.0,10.0,,,10.0,7.0,4.0,5.0,,10.0,,3.0,6.0,,3.0,5.0,10.0,6.0,2.0,,,1.0,1.0,5,10.0,10,1
2017-02-02,80517,,11,3,6020.0,07203T10,BYBK,BAY BANCORP INC,BYBK,551111.0,Q,A,R,13085,3,6020.0,,,,60.0,602.0,,,,,,,7.35,0.027972,10456.0,1.0,7.1,76851.6,BYBK,10.0,,,,,1,10.0,10.0,7.0,,,,,,4.0,3.0,,,,,,10.0,3.0,3.0,4.0,,,,8.0,10.0,,,10.0,7.0,4.0,5.0,,10.0,,3.0,6.0,,3.0,5.0,10.0,6.0,2.0,,,1.0,1.0,5,10.0,10,1
2017-02-03,80517,,11,3,6020.0,07203T10,BYBK,BAY BANCORP INC,BYBK,551111.0,Q,A,R,13085,3,6020.0,,,,60.0,602.0,,,,,,,7.75,0.054422,10456.0,1.0,7.4,81034.0,BYBK,10.0,,,,,1,10.0,10.0,7.0,,,,,,4.0,3.0,,,,,,10.0,3.0,3.0,4.0,,,,8.0,10.0,,,10.0,7.0,4.0,5.0,,10.0,,3.0,6.0,,3.0,5.0,10.0,6.0,2.0,,,1.0,1.0,5,10.0,10,1
2017-02-06,80517,,11,3,6020.0,07203T10,BYBK,BAY BANCORP INC,BYBK,551111.0,Q,A,R,13085,3,6020.0,,,,60.0,602.0,,,,,,,7.5,-0.032258,10456.0,1.0,7.55,78420.0,BYBK,10.0,,,,,1,10.0,10.0,7.0,,,,,,4.0,3.0,,,,,,10.0,3.0,3.0,4.0,,,,8.0,10.0,,,10.0,7.0,4.0,5.0,,10.0,,3.0,6.0,,3.0,5.0,10.0,6.0,2.0,,,1.0,1.0,5,10.0,10,1
2017-02-07,80517,,11,3,6020.0,07203T10,BYBK,BAY BANCORP INC,BYBK,551111.0,Q,A,R,13085,3,6020.0,,,,60.0,602.0,,,,,,,7.65,0.02,10456.0,1.0,7.475,79988.4,BYBK,10.0,,,,,1,10.0,10.0,7.0,,,,,,4.0,3.0,,,,,,10.0,3.0,3.0,4.0,,,,8.0,10.0,,,10.0,7.0,4.0,5.0,,10.0,,3.0,6.0,,3.0,5.0,10.0,6.0,2.0,,,1.0,1.0,5,10.0,10,1
2017-02-08,80517,,11,3,6020.0,07203T10,BYBK,BAY BANCORP INC,BYBK,551111.0,Q,A,R,13085,3,6020.0,,,,60.0,602.0,,,,,,,7.55,-0.013072,10456.0,1.0,7.65,78942.8,BYBK,10.0,,,,,1,10.0,10.0,7.0,,,,,,4.0,3.0,,,,,,10.0,3.0,3.0,4.0,,,,8.0,10.0,,,10.0,7.0,4.0,5.0,,10.0,,3.0,6.0,,3.0,5.0,10.0,6.0,2.0,,,1.0,1.0,5,10.0,10,1
2017-02-09,80517,,11,3,6020.0,07203T10,BYBK,BAY BANCORP INC,BYBK,551111.0,Q,A,R,13085,3,6020.0,,,,60.0,602.0,,,,,,,7.5,-0.006623,10456.0,1.0,7.45,78420.0,BYBK,10.0,,,,,1,10.0,10.0,7.0,,,,,,4.0,3.0,,,,,,10.0,3.0,3.0,4.0,,,,8.0,10.0,,,10.0,7.0,4.0,5.0,,10.0,,3.0,6.0,,3.0,5.0,10.0,6.0,2.0,,,1.0,1.0,5,10.0,10,1
2017-02-10,80517,,11,3,6020.0,07203T10,BYBK,BAY BANCORP INC,BYBK,551111.0,Q,A,R,13085,3,6020.0,,,,60.0,602.0,,,,,,,7.9,0.053333,10456.0,1.0,7.4,82602.4,BYBK,10.0,,,,,1,10.0,10.0,7.0,,,,,,4.0,3.0,,,,,,10.0,3.0,3.0,4.0,,,,8.0,10.0,,,10.0,7.0,4.0,5.0,,10.0,,3.0,6.0,,3.0,5.0,10.0,6.0,2.0,,,1.0,1.0,5,10.0,10,1
2017-02-13,80517,,11,3,6020.0,07203T10,BYBK,BAY BANCORP INC,BYBK,551111.0,Q,A,R,13085,3,6020.0,,,,60.0,602.0,,,,,,,7.85,-0.006329,10456.0,1.0,7.9,82079.6,BYBK,10.0,,,,,1,10.0,10.0,7.0,,,,,,4.0,3.0,,,,,,10.0,3.0,3.0,4.0,,,,8.0,10.0,,,10.0,7.0,4.0,5.0,,10.0,,3.0,6.0,,3.0,5.0,10.0,6.0,2.0,,,1.0,1.0,5,10.0,10,1
2017-02-14,80517,,11,3,6020.0,07203T10,BYBK,BAY BANCORP INC,BYBK,551111.0,Q,A,R,13085,3,6020.0,,,,60.0,602.0,,,,,,,8.0,0.019108,10456.0,1.0,7.86,83648.0,BYBK,10.0,,,,,1,10.0,10.0,7.0,,,,,,4.0,3.0,,,,,,10.0,3.0,3.0,4.0,,,,8.0,10.0,,,10.0,7.0,4.0,5.0,,10.0,,3.0,6.0,,3.0,5.0,10.0,6.0,2.0,,,1.0,1.0,5,10.0,10,1
2017-02-15,80517,,11,3,6020.0,07203T10,BYBK,BAY BANCORP INC,BYBK,551111.0,Q,A,R,13085,3,6020.0,,,,60.0,602.0,,,,,,,7.4824,-0.0647,10456.0,1.0,7.9,78235.9744,BYBK,10.0,,,,,1,10.0,10.0,7.0,,,,,,4.0,3.0,,,,,,10.0,3.0,3.0,4.0,,,,8.0,10.0,,,10.0,7.0,4.0,5.0,,10.0,,3.0,6.0,,3.0,5.0,10.0,6.0,2.0,,,1.0,1.0,5,10.0,10,1
2017-02-16,80517,,11,3,6020.0,07203T10,BYBK,BAY BANCORP INC,BYBK,551111.0,Q,A,R,13085,3,6020.0,,,,60.0,602.0,,,,,,,7.75,0.035764,10456.0,1.0,7.545,81034.0,BYBK,10.0,,,,,1,10.0,10.0,7.0,,,,,,4.0,3.0,,,,,,10.0,3.0,3.0,4.0,,,,8.0,10.0,,,10.0,7.0,4.0,5.0,,10.0,,3.0,6.0,,3.0,5.0,10.0,6.0,2.0,,,1.0,1.0,5,10.0,10,1
2017-02-17,80517,,11,3,6020.0,07203T10,BYBK,BAY BANCORP INC,BYBK,551111.0,Q,A,R,13085,3,6020.0,,,,60.0,602.0,,,,,,,7.85,0.012903,10456.0,1.0,7.7,82079.6,BYBK,10.0,,,,,1,10.0,10.0,7.0,,,,,,4.0,3.0,,,,,,10.0,3.0,3.0,4.0,,,,8.0,10.0,,,10.0,7.0,4.0,5.0,,10.0,,3.0,6.0,,3.0,5.0,10.0,6.0,2.0,,,1.0,1.0,5,10.0,10,1
2017-02-21,80517,,11,3,6020.0,07203T10,BYBK,BAY BANCORP INC,BYBK,551111.0,Q,A,R,13085,3,6020.0,,,,60.0,602.0,,,,,,,7.7,-0.019108,10456.0,1.0,7.85,80511.2,BYBK,10.0,,,,,1,10.0,10.0,7.0,,,,,,4.0,3.0,,,,,,10.0,3.0,3.0,4.0,,,,8.0,10.0,,,10.0,7.0,4.0,5.0,,10.0,,3.0,6.0,,3.0,5.0,10.0,6.0,2.0,,,1.0,1.0,5,10.0,10,1
2017-02-22,80517,,11,3,6020.0,07203T10,BYBK,BAY BANCORP INC,BYBK,551111.0,Q,A,R,13085,3,6020.0,,,,60.0,602.0,,,,,,,7.8,0.012987,10456.0,1.0,7.8,81556.8,BYBK,10.0,,,,,1,10.0,10.0,7.0,,,,,,4.0,3.0,,,,,,10.0,3.0,3.0,4.0,,,,8.0,10.0,,,10.0,7.0,4.0,5.0,,10.0,,3.0,6.0,,3.0,5.0,10.0,6.0,2.0,,,1.0,1.0,5,10.0,10,1
2017-02-23,80517,,11,3,6020.0,07203T10,BYBK,BAY BANCORP INC,BYBK,551111.0,Q,A,R,13085,3,6020.0,,,,60.0,602.0,,,,,,,7.725,-0.009615,10456.0,1.0,7.845,80772.6,BYBK,10.0,,,,,1,10.0,10.0,7.0,,,,,,4.0,3.0,,,,,,10.0,3.0,3.0,4.0,,,,8.0,10.0,,,10.0,7.0,4.0,5.0,,10.0,,3.0,6.0,,3.0,5.0,10.0,6.0,2.0,,,1.0,1.0,5,10.0,10,1
2017-02-24,80517,,11,3,6020.0,07203T10,BYBK,BAY BANCORP INC,BYBK,551111.0,Q,A,R,13085,3,6020.0,,,,60.0,602.0,,,,,,,7.5,-0.029126,10456.0,1.0,7.7,78420.0,BYBK,10.0,,,,,1,10.0,10.0,7.0,,,,,,4.0,3.0,,,,,,10.0,3.0,3.0,4.0,,,,8.0,10.0,,,10.0,7.0,4.0,5.0,,10.0,,3.0,6.0,,3.0,5.0,10.0,6.0,2.0,,,1.0,1.0,5,10.0,10,1
2017-02-27,80517,,11,3,6020.0,07203T10,BYBK,BAY BANCORP INC,BYBK,551111.0,Q,A,R,13085,3,6020.0,,,,60.0,602.0,,,,,,,8.0,0.066667,10456.0,1.0,7.55,83648.0,BYBK,10.0,,,,,1,10.0,10.0,7.0,,,,,,4.0,3.0,,,,,,10.0,3.0,3.0,4.0,,,,8.0,10.0,,,10.0,7.0,4.0,5.0,,10.0,,3.0,6.0,,3.0,5.0,10.0,6.0,2.0,,,1.0,1.0,5,10.0,10,1
2017-02-28,80517,,11,3,6020.0,07203T10,BYBK,BAY BANCORP INC,BYBK,551111.0,Q,A,R,13085,3,6020.0,,,,60.0,602.0,,,,,,,7.9,-0.0125,10456.0,1.0,7.95,82602.4,BYBK,10.0,,,,,1,10.0,10.0,7.0,,,,,,4.0,3.0,,,,,,10.0,3.0,3.0,4.0,,,,8.0,10.0,,,10.0,7.0,4.0,5.0,,10.0,,3.0,6.0,,3.0,5.0,10.0,6.0,2.0,,,1.0,1.0,5,10.0,10,1
2017-03-01,80517,,11,3,6020.0,07203T10,BYBK,BAY BANCORP INC,BYBK,551111.0,Q,A,R,13085,3,6020.0,,,,60.0,602.0,,,,,,,8.0,0.012658,10456.0,1.0,8.0,83648.0,BYBK,10.0,,,,,1,10.0,10.0,7.0,,,,,,4.0,3.0,,,,,,10.0,3.0,3.0,4.0,,,,9.0,10.0,,,10.0,7.0,4.0,6.0,,10.0,,4.0,6.0,3.0,1.0,3.0,10.0,9.0,1.0,,,1.0,1.0,5,10.0,10,1
2017-03-02,80517,,11,3,6020.0,07203T10,BYBK,BAY BANCORP INC,BYBK,551111.0,Q,A,R,13085,3,6020.0,,,,60.0,602.0,,,,,,,8.1,0.0125,10456.0,1.0,8.025,84693.6,BYBK,10.0,,,,,1,10.0,10.0,7.0,,,,,,4.0,3.0,,,,,,10.0,3.0,3.0,4.0,,,,9.0,10.0,,,10.0,7.0,4.0,6.0,,10.0,,4.0,6.0,3.0,1.0,3.0,10.0,9.0,1.0,,,1.0,1.0,5,10.0,10,1
2017-03-03,80517,,11,3,6020.0,07203T10,BYBK,BAY BANCORP INC,BYBK,551111.0,Q,A,R,13085,3,6020.0,,,,60.0,602.0,,,,,,,8.05,-0.006173,10456.0,1.0,8.0,84170.8,BYBK,10.0,,,,,1,10.0,10.0,7.0,,,,,,4.0,3.0,,,,,,10.0,3.0,3.0,4.0,,,,9.0,10.0,,,10.0,7.0,4.0,6.0,,10.0,,4.0,6.0,3.0,1.0,3.0,10.0,9.0,1.0,,,1.0,1.0,5,10.0,10,1
2017-03-06,80517,,11,3,6020.0,07203T10,BYBK,BAY BANCORP INC,BYBK,551111.0,Q,A,R,13085,3,6020.0,,,,60.0,602.0,,,,,,,7.75,-0.037267,10456.0,1.0,8.0,81034.0,BYBK,10.0,,,,,1,10.0,10.0,7.0,,,,,,4.0,3.0,,,,,,10.0,3.0,3.0,4.0,,,,9.0,10.0,,,10.0,7.0,4.0,6.0,,10.0,,4.0,6.0,3.0,1.0,3.0,10.0,9.0,1.0,,,1.0,1.0,5,10.0,10,1
2017-03-07,80517,,11,3,6020.0,07203T10,BYBK,BAY BANCORP INC,BYBK,551111.0,Q,A,R,13085,3,6020.0,,,,60.0,602.0,,,,,,,7.65,-0.012903,10456.0,1.0,7.825,79988.4,BYBK,10.0,,,,,1,10.0,10.0,7.0,,,,,,4.0,3.0,,,,,,10.0,3.0,3.0,4.0,,,,9.0,10.0,,,10.0,7.0,4.0,6.0,,10.0,,4.0,6.0,3.0,1.0,3.0,10.0,9.0,1.0,,,1.0,1.0,5,10.0,10,1
2017-03-08,80517,,11,3,6020.0,07203T10,BYBK,BAY BANCORP INC,BYBK,551111.0,Q,A,R,13085,3,6020.0,,,,60.0,602.0,,,,,,,7.95,0.039216,10456.0,1.0,7.7,83125.2,BYBK,10.0,,,,,1,10.0,10.0,7.0,,,,,,4.0,3.0,,,,,,10.0,3.0,3.0,4.0,,,,9.0,10.0,,,10.0,7.0,4.0,6.0,,10.0,,4.0,6.0,3.0,1.0,3.0,10.0,9.0,1.0,,,1.0,1.0,5,10.0,10,1
2017-03-09,80517,,11,3,6020.0,07203T10,BYBK,BAY BANCORP INC,BYBK,551111.0,Q,A,R,13085,3,6020.0,,,,60.0,602.0,,,,,,,8.05,0.012579,10456.0,1.0,7.9,84170.8,BYBK,10.0,,,,,1,10.0,10.0,7.0,,,,,,4.0,3.0,,,,,,10.0,3.0,3.0,4.0,,,,9.0,10.0,,,10.0,7.0,4.0,6.0,,10.0,,4.0,6.0,3.0,1.0,3.0,10.0,9.0,1.0,,,1.0,1.0,5,10.0,10,1
2017-03-10,80517,,11,3,6020.0,07203T10,BYBK,BAY BANCORP INC,BYBK,551111.0,Q,A,R,13085,3,6020.0,,,,60.0,602.0,,,,,,,8.0,-0.006211,10456.0,1.0,8.05,83648.0,BYBK,10.0,,,,,1,10.0,10.0,7.0,,,,,,4.0,3.0,,,,,,10.0,3.0,3.0,4.0,,,,9.0,10.0,,,10.0,7.0,4.0,6.0,,10.0,,4.0,6.0,3.0,1.0,3.0,10.0,9.0,1.0,,,1.0,1.0,5,10.0,10,1
2017-03-13,80517,,11,3,6020.0,07203T10,BYBK,BAY BANCORP INC,BYBK,551111.0,Q,A,R,13085,3,6020.0,,,,60.0,602.0,,,,,,,8.05,0.00625,10456.0,1.0,8.0,84170.8,BYBK,10.0,,,,,1,10.0,10.0,7.0,,,,,,4.0,3.0,,,,,,10.0,3.0,3.0,4.0,,,,9.0,10.0,,,10.0,7.0,4.0,6.0,,10.0,,4.0,6.0,3.0,1.0,3.0,10.0,9.0,1.0,,,1.0,1.0,5,10.0,10,1
2017-03-14,80517,,11,3,6020.0,07203T10,BYBK,BAY BANCORP INC,BYBK,551111.0,Q,A,R,13085,3,6020.0,,,,60.0,602.0,,,,,,,7.9,-0.018634,10456.0,1.0,8.0,82602.4,BYBK,10.0,,,,,1,10.0,10.0,7.0,,,,,,4.0,3.0,,,,,,10.0,3.0,3.0,4.0,,,,9.0,10.0,,,10.0,7.0,4.0,6.0,,10.0,,4.0,6.0,3.0,1.0,3.0,10.0,9.0,1.0,,,1.0,1.0,5,10.0,10,1
2017-03-15,80517,,11,3,6020.0,07203T10,BYBK,BAY BANCORP INC,BYBK,551111.0,Q,A,R,13085,3,6020.0,,,,60.0,602.0,,,,,,,7.9,0.0,10456.0,1.0,8.0,82602.4,BYBK,10.0,,,,,1,10.0,10.0,7.0,,,,,,4.0,3.0,,,,,,10.0,3.0,3.0,4.0,,,,9.0,10.0,,,10.0,7.0,4.0,6.0,,10.0,,4.0,6.0,3.0,1.0,3.0,10.0,9.0,1.0,,,1.0,1.0,5,10.0,10,1
2017-03-16,80517,,11,3,6020.0,07203T10,BYBK,BAY BANCORP INC,BYBK,551111.0,Q,A,R,13085,3,6020.0,,,,60.0,602.0,,,,,,,7.95,0.006329,10456.0,1.0,7.85,83125.2,BYBK,10.0,,,,,1,10.0,10.0,7.0,,,,,,4.0,3.0,,,,,,10.0,3.0,3.0,4.0,,,,9.0,10.0,,,10.0,7.0,4.0,6.0,,10.0,,4.0,6.0,3.0,1.0,3.0,10.0,9.0,1.0,,,1.0,1.0,5,10.0,10,1
2017-03-17,80517,,11,3,6020.0,07203T10,BYBK,BAY BANCORP INC,BYBK,551111.0,Q,A,R,13085,3,6020.0,,,,60.0,602.0,,,,,,,8.1,0.018868,10456.0,1.0,7.974,84693.6,BYBK,10.0,,,,,1,10.0,10.0,7.0,,,,,,4.0,3.0,,,,,,10.0,3.0,3.0,4.0,,,,9.0,10.0,,,10.0,7.0,4.0,6.0,,10.0,,4.0,6.0,3.0,1.0,3.0,10.0,9.0,1.0,,,1.0,1.0,5,10.0,10,1
2017-03-20,80517,,11,3,6020.0,07203T10,BYBK,BAY BANCORP INC,BYBK,551111.0,Q,A,R,13085,3,6020.0,,,,60.0,602.0,,,,,,,8.0,-0.012346,10544.0,1.0,8.05,84352.0,BYBK,10.0,,,,,1,10.0,10.0,7.0,,,,,,4.0,3.0,,,,,,10.0,3.0,3.0,4.0,,,,9.0,10.0,,,10.0,7.0,4.0,6.0,,10.0,,4.0,6.0,3.0,1.0,3.0,10.0,9.0,1.0,,,1.0,1.0,5,10.0,10,1
2017-03-21,80517,,11,3,6020.0,07203T10,BYBK,BAY BANCORP INC,BYBK,551111.0,Q,A,R,13085,3,6020.0,,,,60.0,602.0,,,,,,,7.85,-0.01875,10544.0,1.0,7.972,82770.4,BYBK,10.0,,,,,1,10.0,10.0,7.0,,,,,,4.0,3.0,,,,,,10.0,3.0,3.0,4.0,,,,9.0,10.0,,,10.0,7.0,4.0,6.0,,10.0,,4.0,6.0,3.0,1.0,3.0,10.0,9.0,1.0,,,1.0,1.0,5,10.0,10,1
2017-03-22,80517,,11,3,6020.0,07203T10,BYBK,BAY BANCORP INC,BYBK,551111.0,Q,A,R,13085,3,6020.0,,,,60.0,602.0,,,,,,,7.7,-0.019108,10544.0,1.0,7.75,81188.8,BYBK,10.0,,,,,1,10.0,10.0,7.0,,,,,,4.0,3.0,,,,,,10.0,3.0,3.0,4.0,,,,9.0,10.0,,,10.0,7.0,4.0,6.0,,10.0,,4.0,6.0,3.0,1.0,3.0,10.0,9.0,1.0,,,1.0,1.0,5,10.0,10,1
2017-03-23,80517,,11,3,6020.0,07203T10,BYBK,BAY BANCORP INC,BYBK,551111.0,Q,A,R,13085,3,6020.0,,,,60.0,602.0,,,,,,,7.675,-0.003247,10544.0,1.0,7.772,80925.2,BYBK,10.0,,,,,1,10.0,10.0,7.0,,,,,,4.0,3.0,,,,,,10.0,3.0,3.0,4.0,,,,9.0,10.0,,,10.0,7.0,4.0,6.0,,10.0,,4.0,6.0,3.0,1.0,3.0,10.0,9.0,1.0,,,1.0,1.0,5,10.0,10,1
2017-03-24,80517,,11,3,6020.0,07203T10,BYBK,BAY BANCORP INC,BYBK,551111.0,Q,A,R,13085,3,6020.0,,,,60.0,602.0,,,,,,,7.7,0.003257,10544.0,1.0,7.6715,81188.8,BYBK,10.0,,,,,1,10.0,10.0,7.0,,,,,,4.0,3.0,,,,,,10.0,3.0,3.0,4.0,,,,9.0,10.0,,,10.0,7.0,4.0,6.0,,10.0,,4.0,6.0,3.0,1.0,3.0,10.0,9.0,1.0,,,1.0,1.0,5,10.0,10,1
2017-03-27,80517,,11,3,6020.0,07203T10,BYBK,BAY BANCORP INC,BYBK,551111.0,Q,A,R,13085,3,6020.0,,,,60.0,602.0,,,,,,,7.75,0.006494,10544.0,1.0,7.8,81716.0,BYBK,10.0,,,,,1,10.0,10.0,7.0,,,,,,4.0,3.0,,,,,,10.0,3.0,3.0,4.0,,,,9.0,10.0,,,10.0,7.0,4.0,6.0,,10.0,,4.0,6.0,3.0,1.0,3.0,10.0,9.0,1.0,,,1.0,1.0,5,10.0,10,1
2017-03-28,80517,,11,3,6020.0,07203T10,BYBK,BAY BANCORP INC,BYBK,551111.0,Q,A,R,13085,3,6020.0,,,,60.0,602.0,,,,,,,7.65,-0.012903,10544.0,1.0,7.833,80661.6,BYBK,10.0,,,,,1,10.0,10.0,7.0,,,,,,4.0,3.0,,,,,,10.0,3.0,3.0,4.0,,,,9.0,10.0,,,10.0,7.0,4.0,6.0,,10.0,,4.0,6.0,3.0,1.0,3.0,10.0,9.0,1.0,,,1.0,1.0,5,10.0,10,1
2017-03-29,80517,,11,3,6020.0,07203T10,BYBK,BAY BANCORP INC,BYBK,551111.0,Q,A,R,13085,3,6020.0,,,,60.0,602.0,,,,,,,7.7,0.006536,10544.0,1.0,7.75,81188.8,BYBK,10.0,,,,,1,10.0,10.0,7.0,,,,,,4.0,3.0,,,,,,10.0,3.0,3.0,4.0,,,,9.0,10.0,,,10.0,7.0,4.0,6.0,,10.0,,4.0,6.0,3.0,1.0,3.0,10.0,9.0,1.0,,,1.0,1.0,5,10.0,10,1
2017-03-30,80517,,11,3,6020.0,07203T10,BYBK,BAY BANCORP INC,BYBK,551111.0,Q,A,R,13085,3,6020.0,,,,60.0,602.0,,,,,,,8.0,0.038961,10544.0,1.0,7.7,84352.0,BYBK,10.0,,,,,1,10.0,10.0,7.0,,,,,,4.0,3.0,,,,,,10.0,3.0,3.0,4.0,,,,9.0,10.0,,,10.0,7.0,4.0,6.0,,10.0,,4.0,6.0,3.0,1.0,3.0,10.0,9.0,1.0,,,1.0,1.0,5,10.0,10,1
2017-03-31,80517,,11,3,6020.0,07203T10,BYBK,BAY BANCORP INC,BYBK,551111.0,Q,A,R,13085,3,6020.0,,,,60.0,602.0,,,,,,,7.85,-0.01875,10544.0,1.0,7.95,82770.4,BYBK,10.0,,,,,1,10.0,10.0,7.0,,,,,,4.0,3.0,,,,,,10.0,3.0,3.0,4.0,,,,9.0,10.0,,,10.0,7.0,4.0,6.0,,10.0,,4.0,6.0,3.0,1.0,3.0,10.0,9.0,1.0,,,1.0,1.0,5,10.0,10,1
2017-04-03,80517,,11,3,6020.0,07203T10,BYBK,BAY BANCORP INC,BYBK,551111.0,Q,A,R,13085,3,6020.0,,,,60.0,602.0,,,,,,,7.4,-0.057325,10544.0,1.0,7.7,78025.6,BYBK,10.0,,,,,1,10.0,10.0,7.0,,,,,,4.0,3.0,,,,,,10.0,3.0,3.0,4.0,,,,10.0,10.0,,,10.0,10.0,5.0,7.0,,10.0,,4.0,6.0,3.0,6.0,3.0,10.0,9.0,3.0,,,1.0,1.0,5,10.0,10,1
2017-04-04,80517,,11,3,6020.0,07203T10,BYBK,BAY BANCORP INC,BYBK,551111.0,Q,A,R,13085,3,6020.0,,,,60.0,602.0,,,,,,,7.15,-0.033784,10544.0,1.0,7.45,75389.6,BYBK,10.0,,,,,1,10.0,10.0,7.0,,,,,,4.0,3.0,,,,,,10.0,3.0,3.0,4.0,,,,10.0,10.0,,,10.0,10.0,5.0,7.0,,10.0,,4.0,6.0,3.0,6.0,3.0,10.0,9.0,3.0,,,1.0,1.0,5,10.0,10,1
2017-04-05,80517,,11,3,6020.0,07203T10,BYBK,BAY BANCORP INC,BYBK,551111.0,Q,A,R,13085,3,6020.0,,,,60.0,602.0,,,,,,,7.2,0.006993,10544.0,1.0,7.25,75916.8,BYBK,10.0,,,,,1,10.0,10.0,7.0,,,,,,4.0,3.0,,,,,,10.0,3.0,3.0,4.0,,,,10.0,10.0,,,10.0,10.0,5.0,7.0,,10.0,,4.0,6.0,3.0,6.0,3.0,10.0,9.0,3.0,,,1.0,1.0,5,10.0,10,1
2017-04-06,80517,,11,3,6020.0,07203T10,BYBK,BAY BANCORP INC,BYBK,551111.0,Q,A,R,13085,3,6020.0,,,,60.0,602.0,,,,,,,7.3,0.013889,10544.0,1.0,7.2,76971.2,BYBK,10.0,,,,,1,10.0,10.0,7.0,,,,,,4.0,3.0,,,,,,10.0,3.0,3.0,4.0,,,,10.0,10.0,,,10.0,10.0,5.0,7.0,,10.0,,4.0,6.0,3.0,6.0,3.0,10.0,9.0,3.0,,,1.0,1.0,5,10.0,10,1
2017-04-07,80517,,11,3,6020.0,07203T10,BYBK,BAY BANCORP INC,BYBK,551111.0,Q,A,R,13085,3,6020.0,,,,60.0,602.0,,,,,,,7.275,-0.003425,10544.0,1.0,7.3,76707.6,BYBK,10.0,,,,,1,10.0,10.0,7.0,,,,,,4.0,3.0,,,,,,10.0,3.0,3.0,4.0,,,,10.0,10.0,,,10.0,10.0,5.0,7.0,,10.0,,4.0,6.0,3.0,6.0,3.0,10.0,9.0,3.0,,,1.0,1.0,5,10.0,10,1
2017-04-10,80517,,11,3,6020.0,07203T10,BYBK,BAY BANCORP INC,BYBK,551111.0,Q,A,R,13085,3,6020.0,,,,60.0,602.0,,,,,,,7.35,0.010309,10544.0,1.0,7.35,77498.4,BYBK,10.0,,,,,1,10.0,10.0,7.0,,,,,,4.0,3.0,,,,,,10.0,3.0,3.0,4.0,,,,10.0,10.0,,,10.0,10.0,5.0,7.0,,10.0,,4.0,6.0,3.0,6.0,3.0,10.0,9.0,3.0,,,1.0,1.0,5,10.0,10,1
2017-04-11,80517,,11,3,6020.0,07203T10,BYBK,BAY BANCORP INC,BYBK,551111.0,Q,A,R,13085,3,6020.0,,,,60.0,602.0,,,,,,,7.35,0.0,10544.0,1.0,7.39,77498.4,BYBK,10.0,,,,,1,10.0,10.0,7.0,,,,,,4.0,3.0,,,,,,10.0,3.0,3.0,4.0,,,,10.0,10.0,,,10.0,10.0,5.0,7.0,,10.0,,4.0,6.0,3.0,6.0,3.0,10.0,9.0,3.0,,,1.0,1.0,5,10.0,10,1
2017-04-12,80517,,11,3,6020.0,07203T10,BYBK,BAY BANCORP INC,BYBK,551111.0,Q,A,R,13085,3,6020.0,,,,60.0,602.0,,,,,,,7.25,-0.013605,10544.0,1.0,7.44,76444.0,BYBK,10.0,,,,,1,10.0,10.0,7.0,,,,,,4.0,3.0,,,,,,10.0,3.0,3.0,4.0,,,,10.0,10.0,,,10.0,10.0,5.0,7.0,,10.0,,4.0,6.0,3.0,6.0,3.0,10.0,9.0,3.0,,,1.0,1.0,5,10.0,10,1
2017-04-13,80517,,11,3,6020.0,07203T10,BYBK,BAY BANCORP INC,BYBK,551111.0,Q,A,R,13085,3,6020.0,,,,60.0,602.0,,,,,,,7.005,-0.033793,10544.0,1.0,7.25,73860.72,BYBK,10.0,,,,,1,10.0,10.0,7.0,,,,,,4.0,3.0,,,,,,10.0,3.0,3.0,4.0,,,,10.0,10.0,,,10.0,10.0,5.0,7.0,,10.0,,4.0,6.0,3.0,6.0,3.0,10.0,9.0,3.0,,,1.0,1.0,5,10.0,10,1
2017-04-17,80517,,11,3,6020.0,07203T10,BYBK,BAY BANCORP INC,BYBK,551111.0,Q,A,R,13085,3,6020.0,,,,60.0,602.0,,,,,,,7.095,0.012848,10544.0,1.0,7.15,74809.68,BYBK,10.0,,,,,1,10.0,10.0,7.0,,,,,,4.0,3.0,,,,,,10.0,3.0,3.0,4.0,,,,10.0,10.0,,,10.0,10.0,5.0,7.0,,10.0,,4.0,6.0,3.0,6.0,3.0,10.0,9.0,3.0,,,1.0,1.0,5,10.0,10,1
2017-04-18,80517,,11,3,6020.0,07203T10,BYBK,BAY BANCORP INC,BYBK,551111.0,Q,A,R,13085,3,6020.0,,,,60.0,602.0,,,,,,,6.9,-0.027484,10544.0,1.0,7.1,72753.6,BYBK,10.0,,,,,1,10.0,10.0,7.0,,,,,,4.0,3.0,,,,,,10.0,3.0,3.0,4.0,,,,10.0,10.0,,,10.0,10.0,5.0,7.0,,10.0,,4.0,6.0,3.0,6.0,3.0,10.0,9.0,3.0,,,1.0,1.0,5,10.0,10,1
2017-04-19,80517,,11,3,6020.0,07203T10,BYBK,BAY BANCORP INC,BYBK,551111.0,Q,A,R,13085,3,6020.0,,,,60.0,602.0,,,,,,,6.85,-0.007246,10544.0,1.0,6.95,72226.4,BYBK,10.0,,,,,1,10.0,10.0,7.0,,,,,,4.0,3.0,,,,,,10.0,3.0,3.0,4.0,,,,10.0,10.0,,,10.0,10.0,5.0,7.0,,10.0,,4.0,6.0,3.0,6.0,3.0,10.0,9.0,3.0,,,1.0,1.0,5,10.0,10,1
2017-04-20,80517,,11,3,6020.0,07203T10,BYBK,BAY BANCORP INC,BYBK,551111.0,Q,A,R,13085,3,6020.0,,,,60.0,602.0,,,,,,,6.9,0.007299,10544.0,1.0,6.82,72753.6,BYBK,10.0,,,,,1,10.0,10.0,7.0,,,,,,4.0,3.0,,,,,,10.0,3.0,3.0,4.0,,,,10.0,10.0,,,10.0,10.0,5.0,7.0,,10.0,,4.0,6.0,3.0,6.0,3.0,10.0,9.0,3.0,,,1.0,1.0,5,10.0,10,1
2017-04-21,80517,,11,3,6020.0,07203T10,BYBK,BAY BANCORP INC,BYBK,551111.0,Q,A,R,13085,3,6020.0,,,,60.0,602.0,,,,,,,6.8,-0.014493,10544.0,1.0,6.934,71699.2,BYBK,10.0,,,,,1,10.0,10.0,7.0,,,,,,4.0,3.0,,,,,,10.0,3.0,3.0,4.0,,,,10.0,10.0,,,10.0,10.0,5.0,7.0,,10.0,,4.0,6.0,3.0,6.0,3.0,10.0,9.0,3.0,,,1.0,1.0,5,10.0,10,1
2017-04-24,80517,,11,3,6020.0,07203T10,BYBK,BAY BANCORP INC,BYBK,551111.0,Q,A,R,13085,3,6020.0,,,,60.0,602.0,,,,,,,6.85,0.007353,10544.0,1.0,6.9,72226.4,BYBK,10.0,,,,,1,10.0,10.0,7.0,,,,,,4.0,3.0,,,,,,10.0,3.0,3.0,4.0,,,,10.0,10.0,,,10.0,10.0,5.0,7.0,,10.0,,4.0,6.0,3.0,6.0,3.0,10.0,9.0,3.0,,,1.0,1.0,5,10.0,10,1
2017-04-25,80517,,11,3,6020.0,07203T10,BYBK,BAY BANCORP INC,BYBK,551111.0,Q,A,R,13085,3,6020.0,,,,60.0,602.0,,,,,,,6.8,-0.007299,10544.0,1.0,6.85,71699.2,BYBK,10.0,,,,,1,10.0,10.0,7.0,,,,,,4.0,3.0,,,,,,10.0,3.0,3.0,4.0,,,,10.0,10.0,,,10.0,10.0,5.0,7.0,,10.0,,4.0,6.0,3.0,6.0,3.0,10.0,9.0,3.0,,,1.0,1.0,5,10.0,10,1
2017-04-26,80517,,11,3,6020.0,07203T10,BYBK,BAY BANCORP INC,BYBK,551111.0,Q,A,R,13085,3,6020.0,,,,60.0,602.0,,,,,,,6.95,0.022059,10544.0,1.0,6.8,73280.8,BYBK,10.0,,,,,1,10.0,10.0,7.0,,,,,,4.0,3.0,,,,,,10.0,3.0,3.0,4.0,,,,10.0,10.0,,,10.0,10.0,5.0,7.0,,10.0,,4.0,6.0,3.0,6.0,3.0,10.0,9.0,3.0,,,1.0,1.0,5,10.0,10,1
2017-04-27,80517,,11,3,6020.0,07203T10,BYBK,BAY BANCORP INC,BYBK,551111.0,Q,A,R,13085,3,6020.0,,,,60.0,602.0,,,,,,,6.95,0.0,10544.0,1.0,6.94,73280.8,BYBK,10.0,,,,,1,10.0,10.0,7.0,,,,,,4.0,3.0,,,,,,10.0,3.0,3.0,4.0,,,,10.0,10.0,,,10.0,10.0,5.0,7.0,,10.0,,4.0,6.0,3.0,6.0,3.0,10.0,9.0,3.0,,,1.0,1.0,5,10.0,10,1
2017-04-28,80517,,11,3,6020.0,07203T10,BYBK,BAY BANCORP INC,BYBK,551111.0,Q,A,R,13085,3,6020.0,,,,60.0,602.0,,,,,,,7.245,0.042446,10544.0,1.0,6.99,76391.28,BYBK,10.0,,,,,1,10.0,10.0,7.0,,,,,,4.0,3.0,,,,,,10.0,3.0,3.0,4.0,,,,10.0,10.0,,,10.0,10.0,5.0,7.0,,10.0,,4.0,6.0,3.0,6.0,3.0,10.0,9.0,3.0,,,1.0,1.0,5,10.0,10,1
2017-05-01,80517,,11,3,6020.0,07203T10,BYBK,BAY BANCORP INC,BYBK,551111.0,Q,A,R,13085,3,6020.0,,,,60.0,602.0,,,,,,,7.05,-0.026915,10544.0,1.0,7.25,74335.2,BYBK,10.0,,,,,1,10.0,10.0,7.0,,,,,,4.0,3.0,,,,,,10.0,3.0,3.0,4.0,,,,10.0,9.0,,,10.0,10.0,8.0,8.0,,10.0,,6.0,7.0,3.0,10.0,2.0,10.0,6.0,9.0,,,1.0,1.0,5,10.0,10,1
2017-05-02,80517,,11,3,6020.0,07203T10,BYBK,BAY BANCORP INC,BYBK,551111.0,Q,A,R,13085,3,6020.0,,,,60.0,602.0,,,,,,,7.1,0.007092,10544.0,1.0,7.1294,74862.4,BYBK,10.0,,,,,1,10.0,10.0,7.0,,,,,,4.0,3.0,,,,,,10.0,3.0,3.0,4.0,,,,10.0,9.0,,,10.0,10.0,8.0,8.0,,10.0,,6.0,7.0,3.0,10.0,2.0,10.0,6.0,9.0,,,1.0,1.0,5,10.0,10,1
2017-05-03,80517,,11,3,6020.0,07203T10,BYBK,BAY BANCORP INC,BYBK,551111.0,Q,A,R,13085,3,6020.0,,,,60.0,602.0,,,,,,,-7.15,0.007042,10544.0,1.0,,-75389.6,BYBK,10.0,,,,,1,10.0,10.0,7.0,,,,,,4.0,3.0,,,,,,10.0,3.0,3.0,4.0,,,,10.0,9.0,,,10.0,10.0,8.0,8.0,,10.0,,6.0,7.0,3.0,10.0,2.0,10.0,6.0,9.0,,,1.0,1.0,5,10.0,10,1
2017-05-04,80517,,11,3,6020.0,07203T10,BYBK,BAY BANCORP INC,BYBK,551111.0,Q,A,R,13085,3,6020.0,,,,60.0,602.0,,,,,,,6.91,-0.033566,10544.0,1.0,7.1,72859.04,BYBK,10.0,,,,,1,10.0,10.0,7.0,,,,,,4.0,3.0,,,,,,10.0,3.0,3.0,4.0,,,,10.0,9.0,,,10.0,10.0,8.0,8.0,,10.0,,6.0,7.0,3.0,10.0,2.0,10.0,6.0,9.0,,,1.0,1.0,5,10.0,10,1
2017-05-05,80517,,11,3,6020.0,07203T10,BYBK,BAY BANCORP INC,BYBK,551111.0,Q,A,R,13085,3,6020.0,,,,60.0,602.0,,,,,,,7.05,0.020261,10642.0,1.0,6.9,75026.1,BYBK,10.0,,,,,1,10.0,10.0,7.0,,,,,,4.0,3.0,,,,,,10.0,3.0,3.0,4.0,,,,10.0,9.0,,,10.0,10.0,8.0,8.0,,10.0,,6.0,7.0,3.0,10.0,2.0,10.0,6.0,9.0,,,1.0,1.0,5,10.0,10,1
2017-05-08,80517,,11,3,6020.0,07203T10,BYBK,BAY BANCORP INC,BYBK,551111.0,Q,A,R,13085,3,6020.0,,,,60.0,602.0,,,,,,,7.15,0.014184,10642.0,1.0,7.072,76090.3,BYBK,10.0,,,,,1,10.0,10.0,7.0,,,,,,4.0,3.0,,,,,,10.0,3.0,3.0,4.0,,,,10.0,9.0,,,10.0,10.0,8.0,8.0,,10.0,,6.0,7.0,3.0,10.0,2.0,10.0,6.0,9.0,,,1.0,1.0,5,10.0,10,1
2017-05-09,80517,,11,3,6020.0,07203T10,BYBK,BAY BANCORP INC,BYBK,551111.0,Q,A,R,13085,3,6020.0,,,,60.0,602.0,,,,,,,7.1,-0.006993,10642.0,1.0,7.1,75558.2,BYBK,10.0,,,,,1,10.0,10.0,7.0,,,,,,4.0,3.0,,,,,,10.0,3.0,3.0,4.0,,,,10.0,9.0,,,10.0,10.0,8.0,8.0,,10.0,,6.0,7.0,3.0,10.0,2.0,10.0,6.0,9.0,,,1.0,1.0,5,10.0,10,1
2017-05-10,80517,,11,3,6020.0,07203T10,BYBK,BAY BANCORP INC,BYBK,551111.0,Q,A,R,13085,3,6020.0,,,,60.0,602.0,,,,,,,7.3456,0.034592,10642.0,1.0,7.3456,78171.8752,BYBK,10.0,,,,,1,10.0,10.0,7.0,,,,,,4.0,3.0,,,,,,10.0,3.0,3.0,4.0,,,,10.0,9.0,,,10.0,10.0,8.0,8.0,,10.0,,6.0,7.0,3.0,10.0,2.0,10.0,6.0,9.0,,,1.0,1.0,5,10.0,10,1
2017-05-11,80517,,11,3,6020.0,07203T10,BYBK,BAY BANCORP INC,BYBK,551111.0,Q,A,R,13085,3,6020.0,,,,60.0,602.0,,,,,,,7.35,0.000599,10642.0,1.0,7.15,78218.7,BYBK,10.0,,,,,1,10.0,10.0,7.0,,,,,,4.0,3.0,,,,,,10.0,3.0,3.0,4.0,,,,10.0,9.0,,,10.0,10.0,8.0,8.0,,10.0,,6.0,7.0,3.0,10.0,2.0,10.0,6.0,9.0,,,1.0,1.0,5,10.0,10,1
2017-05-12,80517,,11,3,6020.0,07203T10,BYBK,BAY BANCORP INC,BYBK,551111.0,Q,A,R,13085,3,6020.0,,,,60.0,602.0,,,,,,,7.25,-0.013605,10642.0,1.0,7.1708,77154.5,BYBK,10.0,,,,,1,10.0,10.0,7.0,,,,,,4.0,3.0,,,,,,10.0,3.0,3.0,4.0,,,,10.0,9.0,,,10.0,10.0,8.0,8.0,,10.0,,6.0,7.0,3.0,10.0,2.0,10.0,6.0,9.0,,,1.0,1.0,5,10.0,10,1
2017-05-15,80517,,11,3,6020.0,07203T10,BYBK,BAY BANCORP INC,BYBK,551111.0,Q,A,R,13085,3,6020.0,,,,60.0,602.0,,,,,,,7.15,-0.013793,10642.0,1.0,7.2,76090.3,BYBK,10.0,,,,,1,10.0,10.0,7.0,,,,,,4.0,3.0,,,,,,10.0,3.0,3.0,4.0,,,,10.0,9.0,,,10.0,10.0,8.0,8.0,,10.0,,6.0,7.0,3.0,10.0,2.0,10.0,6.0,9.0,,,1.0,1.0,5,10.0,10,1
2017-05-16,80517,,11,3,6020.0,07203T10,BYBK,BAY BANCORP INC,BYBK,551111.0,Q,A,R,13085,3,6020.0,,,,60.0,602.0,,,,,,,7.1,-0.006993,10642.0,1.0,7.05,75558.2,BYBK,10.0,,,,,1,10.0,10.0,7.0,,,,,,4.0,3.0,,,,,,10.0,3.0,3.0,4.0,,,,10.0,9.0,,,10.0,10.0,8.0,8.0,,10.0,,6.0,7.0,3.0,10.0,2.0,10.0,6.0,9.0,,,1.0,1.0,5,10.0,10,1
2017-05-17,80517,,11,3,6020.0,07203T10,BYBK,BAY BANCORP INC,BYBK,551111.0,Q,A,R,13085,3,6020.0,,,,60.0,602.0,,,,,,,7.0659,-0.004803,10642.0,1.0,7.05,75195.3078,BYBK,10.0,,,,,1,10.0,10.0,7.0,,,,,,4.0,3.0,,,,,,10.0,3.0,3.0,4.0,,,,10.0,9.0,,,10.0,10.0,8.0,8.0,,10.0,,6.0,7.0,3.0,10.0,2.0,10.0,6.0,9.0,,,1.0,1.0,5,10.0,10,1
2017-05-18,80517,,11,3,6020.0,07203T10,BYBK,BAY BANCORP INC,BYBK,551111.0,Q,A,R,13085,3,6020.0,,,,60.0,602.0,,,,,,,7.05,-0.00225,10642.0,1.0,7.05,75026.1,BYBK,10.0,,,,,1,10.0,10.0,7.0,,,,,,4.0,3.0,,,,,,10.0,3.0,3.0,4.0,,,,10.0,9.0,,,10.0,10.0,8.0,8.0,,10.0,,6.0,7.0,3.0,10.0,2.0,10.0,6.0,9.0,,,1.0,1.0,5,10.0,10,1
2017-05-19,80517,,11,3,6020.0,07203T10,BYBK,BAY BANCORP INC,BYBK,551111.0,Q,A,R,13085,3,6020.0,,,,60.0,602.0,,,,,,,7.0,-0.007092,10642.0,1.0,7.0,74494.0,BYBK,10.0,,,,,1,10.0,10.0,7.0,,,,,,4.0,3.0,,,,,,10.0,3.0,3.0,4.0,,,,10.0,9.0,,,10.0,10.0,8.0,8.0,,10.0,,6.0,7.0,3.0,10.0,2.0,10.0,6.0,9.0,,,1.0,1.0,5,10.0,10,1
2017-05-22,80517,,11,3,6020.0,07203T10,BYBK,BAY BANCORP INC,BYBK,551111.0,Q,A,R,13085,3,6020.0,,,,60.0,602.0,,,,,,,7.0,0.0,10642.0,1.0,6.8,74494.0,BYBK,10.0,,,,,1,10.0,10.0,7.0,,,,,,4.0,3.0,,,,,,10.0,3.0,3.0,4.0,,,,10.0,9.0,,,10.0,10.0,8.0,8.0,,10.0,,6.0,7.0,3.0,10.0,2.0,10.0,6.0,9.0,,,1.0,1.0,5,10.0,10,1
2017-05-23,80517,,11,3,6020.0,07203T10,BYBK,BAY BANCORP INC,BYBK,551111.0,Q,A,R,13085,3,6020.0,,,,60.0,602.0,,,,,,,7.25,0.035714,10642.0,1.0,7.2,77154.5,BYBK,10.0,,,,,1,10.0,10.0,7.0,,,,,,4.0,3.0,,,,,,10.0,3.0,3.0,4.0,,,,10.0,9.0,,,10.0,10.0,8.0,8.0,,10.0,,6.0,7.0,3.0,10.0,2.0,10.0,6.0,9.0,,,1.0,1.0,5,10.0,10,1
2017-05-24,80517,,11,3,6020.0,07203T10,BYBK,BAY BANCORP INC,BYBK,551111.0,Q,A,R,13085,3,6020.0,,,,60.0,602.0,,,,,,,7.5,0.034483,10642.0,1.0,7.2,79815.0,BYBK,10.0,,,,,1,10.0,10.0,7.0,,,,,,4.0,3.0,,,,,,10.0,3.0,3.0,4.0,,,,10.0,9.0,,,10.0,10.0,8.0,8.0,,10.0,,6.0,7.0,3.0,10.0,2.0,10.0,6.0,9.0,,,1.0,1.0,5,10.0,10,1
2017-05-25,80517,,11,3,6020.0,07203T10,BYBK,BAY BANCORP INC,BYBK,551111.0,Q,A,R,13085,3,6020.0,,,,60.0,602.0,,,,,,,7.6,0.013333,10642.0,1.0,7.36,80879.2,BYBK,10.0,,,,,1,10.0,10.0,7.0,,,,,,4.0,3.0,,,,,,10.0,3.0,3.0,4.0,,,,10.0,9.0,,,10.0,10.0,8.0,8.0,,10.0,,6.0,7.0,3.0,10.0,2.0,10.0,6.0,9.0,,,1.0,1.0,5,10.0,10,1
2017-05-26,80517,,11,3,6020.0,07203T10,BYBK,BAY BANCORP INC,BYBK,551111.0,Q,A,R,13085,3,6020.0,,,,60.0,602.0,,,,,,,7.35,-0.032895,10642.0,1.0,7.35,78218.7,BYBK,10.0,,,,,1,10.0,10.0,7.0,,,,,,4.0,3.0,,,,,,10.0,3.0,3.0,4.0,,,,10.0,9.0,,,10.0,10.0,8.0,8.0,,10.0,,6.0,7.0,3.0,10.0,2.0,10.0,6.0,9.0,,,1.0,1.0,5,10.0,10,1
2017-05-30,80517,,11,3,6020.0,07203T10,BYBK,BAY BANCORP INC,BYBK,551111.0,Q,A,R,13085,3,6020.0,,,,60.0,602.0,,,,,,,7.45,0.013605,10642.0,1.0,7.45,79282.9,BYBK,10.0,,,,,1,10.0,10.0,7.0,,,,,,4.0,3.0,,,,,,10.0,3.0,3.0,4.0,,,,10.0,9.0,,,10.0,10.0,8.0,8.0,,10.0,,6.0,7.0,3.0,10.0,2.0,10.0,6.0,9.0,,,1.0,1.0,5,10.0,10,1
2017-05-31,80517,,11,3,6020.0,07203T10,BYBK,BAY BANCORP INC,BYBK,551111.0,Q,A,R,13085,3,6020.0,,,,60.0,602.0,,,,,,,7.45,0.0,10642.0,1.0,7.45,79282.9,BYBK,10.0,,,,,1,10.0,10.0,7.0,,,,,,4.0,3.0,,,,,,10.0,3.0,3.0,4.0,,,,10.0,9.0,,,10.0,10.0,8.0,8.0,,10.0,,6.0,7.0,3.0,10.0,2.0,10.0,6.0,9.0,,,1.0,1.0,5,10.0,10,1
2017-06-01,80517,,11,3,6020.0,07203T10,BYBK,BAY BANCORP INC,BYBK,551111.0,Q,A,R,13085,3,6020.0,,,,60.0,602.0,,,,,,,7.3,-0.020134,10642.0,1.0,7.4,77686.6,BYBK,10.0,,,,,1,10.0,10.0,7.0,,,,,,4.0,3.0,,,,,,10.0,3.0,3.0,4.0,,,,9.0,3.0,,,10.0,9.0,6.0,9.0,,10.0,,5.0,6.0,3.0,3.0,3.0,10.0,5.0,2.0,,,1.0,1.0,5,10.0,10,1
2017-06-02,80517,,11,3,6020.0,07203T10,BYBK,BAY BANCORP INC,BYBK,551111.0,Q,A,R,13085,3,6020.0,,,,60.0,602.0,,,,,,,7.6,0.041096,10642.0,1.0,7.35,80879.2,BYBK,10.0,,,,,1,10.0,10.0,7.0,,,,,,4.0,3.0,,,,,,10.0,3.0,3.0,4.0,,,,9.0,3.0,,,10.0,9.0,6.0,9.0,,10.0,,5.0,6.0,3.0,3.0,3.0,10.0,5.0,2.0,,,1.0,1.0,5,10.0,10,1
2017-06-05,80517,,11,3,6020.0,07203T10,BYBK,BAY BANCORP INC,BYBK,551111.0,Q,A,R,13085,3,6020.0,,,,60.0,602.0,,,,,,,7.65,0.006579,10642.0,1.0,7.6,81411.3,BYBK,10.0,,,,,1,10.0,10.0,7.0,,,,,,4.0,3.0,,,,,,10.0,3.0,3.0,4.0,,,,9.0,3.0,,,10.0,9.0,6.0,9.0,,10.0,,5.0,6.0,3.0,3.0,3.0,10.0,5.0,2.0,,,1.0,1.0,5,10.0,10,1
2017-06-06,80517,,11,3,6020.0,07203T10,BYBK,BAY BANCORP INC,BYBK,551111.0,Q,A,R,13085,3,6020.0,,,,60.0,602.0,,,,,,,7.55,-0.013072,10642.0,1.0,7.65,80347.1,BYBK,10.0,,,,,1,10.0,10.0,7.0,,,,,,4.0,3.0,,,,,,10.0,3.0,3.0,4.0,,,,9.0,3.0,,,10.0,9.0,6.0,9.0,,10.0,,5.0,6.0,3.0,3.0,3.0,10.0,5.0,2.0,,,1.0,1.0,5,10.0,10,1
2017-06-07,80517,,11,3,6020.0,07203T10,BYBK,BAY BANCORP INC,BYBK,551111.0,Q,A,R,13085,3,6020.0,,,,60.0,602.0,,,,,,,7.55,0.0,10642.0,1.0,7.455,80347.1,BYBK,10.0,,,,,1,10.0,10.0,7.0,,,,,,4.0,3.0,,,,,,10.0,3.0,3.0,4.0,,,,9.0,3.0,,,10.0,9.0,6.0,9.0,,10.0,,5.0,6.0,3.0,3.0,3.0,10.0,5.0,2.0,,,1.0,1.0,5,10.0,10,1
2017-06-08,80517,,11,3,6020.0,07203T10,BYBK,BAY BANCORP INC,BYBK,551111.0,Q,A,R,13085,3,6020.0,,,,60.0,602.0,,,,,,,7.6065,0.007483,10642.0,1.0,7.45,80948.373,BYBK,10.0,,,,,1,10.0,10.0,7.0,,,,,,4.0,3.0,,,,,,10.0,3.0,3.0,4.0,,,,9.0,3.0,,,10.0,9.0,6.0,9.0,,10.0,,5.0,6.0,3.0,3.0,3.0,10.0,5.0,2.0,,,1.0,1.0,5,10.0,10,1
2017-06-09,80517,,11,3,6020.0,07203T10,BYBK,BAY BANCORP INC,BYBK,551111.0,Q,A,R,13085,3,6020.0,,,,60.0,602.0,,,,,,,7.65,0.005719,10642.0,1.0,7.65,81411.3,BYBK,10.0,,,,,1,10.0,10.0,7.0,,,,,,4.0,3.0,,,,,,10.0,3.0,3.0,4.0,,,,9.0,3.0,,,10.0,9.0,6.0,9.0,,10.0,,5.0,6.0,3.0,3.0,3.0,10.0,5.0,2.0,,,1.0,1.0,5,10.0,10,1
2017-06-12,80517,,11,3,6020.0,07203T10,BYBK,BAY BANCORP INC,BYBK,551111.0,Q,A,R,13085,3,6020.0,,,,60.0,602.0,,,,,,,7.3,-0.045752,10642.0,1.0,7.5,77686.6,BYBK,10.0,,,,,1,10.0,10.0,7.0,,,,,,4.0,3.0,,,,,,10.0,3.0,3.0,4.0,,,,9.0,3.0,,,10.0,9.0,6.0,9.0,,10.0,,5.0,6.0,3.0,3.0,3.0,10.0,5.0,2.0,,,1.0,1.0,5,10.0,10,1
2017-06-13,80517,,11,3,6020.0,07203T10,BYBK,BAY BANCORP INC,BYBK,551111.0,Q,A,R,13085,3,6020.0,,,,60.0,602.0,,,,,,,7.3,0.0,10642.0,1.0,7.45,77686.6,BYBK,10.0,,,,,1,10.0,10.0,7.0,,,,,,4.0,3.0,,,,,,10.0,3.0,3.0,4.0,,,,9.0,3.0,,,10.0,9.0,6.0,9.0,,10.0,,5.0,6.0,3.0,3.0,3.0,10.0,5.0,2.0,,,1.0,1.0,5,10.0,10,1
2017-06-14,80517,,11,3,6020.0,07203T10,BYBK,BAY BANCORP INC,BYBK,551111.0,Q,A,R,13085,3,6020.0,,,,60.0,602.0,,,,,,,7.15,-0.020548,10642.0,1.0,7.25,76090.3,BYBK,10.0,,,,,1,10.0,10.0,7.0,,,,,,4.0,3.0,,,,,,10.0,3.0,3.0,4.0,,,,9.0,3.0,,,10.0,9.0,6.0,9.0,,10.0,,5.0,6.0,3.0,3.0,3.0,10.0,5.0,2.0,,,1.0,1.0,5,10.0,10,1
2017-06-15,80517,,11,3,6020.0,07203T10,BYBK,BAY BANCORP INC,BYBK,551111.0,Q,A,R,13085,3,6020.0,,,,60.0,602.0,,,,,,,7.2,0.006993,10642.0,1.0,7.1,76622.4,BYBK,10.0,,,,,1,10.0,10.0,7.0,,,,,,4.0,3.0,,,,,,10.0,3.0,3.0,4.0,,,,9.0,3.0,,,10.0,9.0,6.0,9.0,,10.0,,5.0,6.0,3.0,3.0,3.0,10.0,5.0,2.0,,,1.0,1.0,5,10.0,10,1
2017-06-16,80517,,11,3,6020.0,07203T10,BYBK,BAY BANCORP INC,BYBK,551111.0,Q,A,R,13085,3,6020.0,,,,60.0,602.0,,,,,,,7.05,-0.020833,10642.0,1.0,7.2,75026.1,BYBK,10.0,,,,,1,10.0,10.0,7.0,,,,,,4.0,3.0,,,,,,10.0,3.0,3.0,4.0,,,,9.0,3.0,,,10.0,9.0,6.0,9.0,,10.0,,5.0,6.0,3.0,3.0,3.0,10.0,5.0,2.0,,,1.0,1.0,5,10.0,10,1
2017-06-19,80517,,11,3,6020.0,07203T10,BYBK,BAY BANCORP INC,BYBK,551111.0,Q,A,R,13085,3,6020.0,,,,60.0,602.0,,,,,,,7.05,0.0,10642.0,1.0,7.1,75026.1,BYBK,10.0,,,,,1,10.0,10.0,7.0,,,,,,4.0,3.0,,,,,,10.0,3.0,3.0,4.0,,,,9.0,3.0,,,10.0,9.0,6.0,9.0,,10.0,,5.0,6.0,3.0,3.0,3.0,10.0,5.0,2.0,,,1.0,1.0,5,10.0,10,1
2017-06-20,80517,,11,3,6020.0,07203T10,BYBK,BAY BANCORP INC,BYBK,551111.0,Q,A,R,13085,3,6020.0,,,,60.0,602.0,,,,,,,-7.1,0.007092,10642.0,1.0,,-75558.2,BYBK,10.0,,,,,1,10.0,10.0,7.0,,,,,,4.0,3.0,,,,,,10.0,3.0,3.0,4.0,,,,9.0,3.0,,,10.0,9.0,6.0,9.0,,10.0,,5.0,6.0,3.0,3.0,3.0,10.0,5.0,2.0,,,1.0,1.0,5,10.0,10,1
2017-06-21,80517,,11,3,6020.0,07203T10,BYBK,BAY BANCORP INC,BYBK,551111.0,Q,A,R,13085,3,6020.0,,,,60.0,602.0,,,,,,,7.2,0.014084,10642.0,1.0,7.15,76622.4,BYBK,10.0,,,,,1,10.0,10.0,7.0,,,,,,4.0,3.0,,,,,,10.0,3.0,3.0,4.0,,,,9.0,3.0,,,10.0,9.0,6.0,9.0,,10.0,,5.0,6.0,3.0,3.0,3.0,10.0,5.0,2.0,,,1.0,1.0,5,10.0,10,1
2017-06-22,80517,,11,3,6020.0,07203T10,BYBK,BAY BANCORP INC,BYBK,551111.0,Q,A,R,13085,3,6020.0,,,,60.0,602.0,,,,,,,7.35,0.020833,10642.0,1.0,7.45,78218.7,BYBK,10.0,,,,,1,10.0,10.0,7.0,,,,,,4.0,3.0,,,,,,10.0,3.0,3.0,4.0,,,,9.0,3.0,,,10.0,9.0,6.0,9.0,,10.0,,5.0,6.0,3.0,3.0,3.0,10.0,5.0,2.0,,,1.0,1.0,5,10.0,10,1
2017-06-23,80517,,11,3,6020.0,07203T10,BYBK,BAY BANCORP INC,BYBK,551111.0,Q,A,R,13085,3,6020.0,,,,60.0,602.0,,,,,,,7.5,0.020408,10642.0,1.0,7.35,79815.0,BYBK,10.0,,,,,1,10.0,10.0,7.0,,,,,,4.0,3.0,,,,,,10.0,3.0,3.0,4.0,,,,9.0,3.0,,,10.0,9.0,6.0,9.0,,10.0,,5.0,6.0,3.0,3.0,3.0,10.0,5.0,2.0,,,1.0,1.0,5,10.0,10,1
2017-06-26,80517,,11,3,6020.0,07203T10,BYBK,BAY BANCORP INC,BYBK,551111.0,Q,A,R,13085,3,6020.0,,,,60.0,602.0,,,,,,,7.5,0.0,10642.0,1.0,7.55,79815.0,BYBK,10.0,,,,,1,10.0,10.0,7.0,,,,,,4.0,3.0,,,,,,10.0,3.0,3.0,4.0,,,,9.0,3.0,,,10.0,9.0,6.0,9.0,,10.0,,5.0,6.0,3.0,3.0,3.0,10.0,5.0,2.0,,,1.0,1.0,5,10.0,10,1
2017-06-27,80517,,11,3,6020.0,07203T10,BYBK,BAY BANCORP INC,BYBK,551111.0,Q,A,R,13085,3,6020.0,,,,60.0,602.0,,,,,,,7.425,-0.01,10642.0,1.0,7.45,79016.85,BYBK,10.0,,,,,1,10.0,10.0,7.0,,,,,,4.0,3.0,,,,,,10.0,3.0,3.0,4.0,,,,9.0,3.0,,,10.0,9.0,6.0,9.0,,10.0,,5.0,6.0,3.0,3.0,3.0,10.0,5.0,2.0,,,1.0,1.0,5,10.0,10,1
2017-06-28,80517,,11,3,6020.0,07203T10,BYBK,BAY BANCORP INC,BYBK,551111.0,Q,A,R,13085,3,6020.0,,,,60.0,602.0,,,,,,,7.4,-0.003367,10642.0,1.0,7.4174,78750.8,BYBK,10.0,,,,,1,10.0,10.0,7.0,,,,,,4.0,3.0,,,,,,10.0,3.0,3.0,4.0,,,,9.0,3.0,,,10.0,9.0,6.0,9.0,,10.0,,5.0,6.0,3.0,3.0,3.0,10.0,5.0,2.0,,,1.0,1.0,5,10.0,10,1
2017-06-29,80517,,11,3,6020.0,07203T10,BYBK,BAY BANCORP INC,BYBK,551111.0,Q,A,R,13085,3,6020.0,,,,60.0,602.0,,,,,,,7.45,0.006757,10642.0,1.0,7.4,79282.9,BYBK,10.0,,,,,1,10.0,10.0,7.0,,,,,,4.0,3.0,,,,,,10.0,3.0,3.0,4.0,,,,9.0,3.0,,,10.0,9.0,6.0,9.0,,10.0,,5.0,6.0,3.0,3.0,3.0,10.0,5.0,2.0,,,1.0,1.0,5,10.0,10,1
2017-06-30,80517,,11,3,6020.0,07203T10,BYBK,BAY BANCORP INC,BYBK,551111.0,Q,A,R,13085,3,6020.0,,,,60.0,602.0,,,,,,,7.6,0.020134,10710.0,1.0,7.175,81396.0,BYBK,10.0,,,,,1,10.0,10.0,7.0,,,,,,4.0,3.0,,,,,,10.0,3.0,3.0,4.0,,,,9.0,3.0,,,10.0,9.0,6.0,9.0,,10.0,,5.0,6.0,3.0,3.0,3.0,10.0,5.0,2.0,,,1.0,1.0,5,10.0,10,1
2017-07-03,80517,,11,3,6020.0,07203T10,BYBK,BAY BANCORP INC,BYBK,551111.0,Q,A,R,13085,3,6020.0,,,,60.0,602.0,,,,,,,7.3,-0.039474,10710.0,1.0,7.4,78183.0,BYBK,10.0,,,,,1,10.0,10.0,8.0,,,,,,4.0,2.0,,,,,,10.0,3.0,3.0,3.0,,,,9.0,3.0,,,10.0,9.0,7.0,8.0,,8.0,,4.0,6.0,3.0,6.0,3.0,10.0,1.0,9.0,,,1.0,1.0,5,10.0,10,1
2017-07-05,80517,,11,3,6020.0,07203T10,BYBK,BAY BANCORP INC,BYBK,551111.0,Q,A,R,13085,3,6020.0,,,,60.0,602.0,,,,,,,7.3,0.0,10710.0,1.0,7.25,78183.0,BYBK,10.0,,,,,1,10.0,10.0,8.0,,,,,,4.0,2.0,,,,,,10.0,3.0,3.0,3.0,,,,9.0,3.0,,,10.0,9.0,7.0,8.0,,8.0,,4.0,6.0,3.0,6.0,3.0,10.0,1.0,9.0,,,1.0,1.0,5,10.0,10,1
2017-07-06,80517,,11,3,6020.0,07203T10,BYBK,BAY BANCORP INC,BYBK,551111.0,Q,A,R,13085,3,6020.0,,,,60.0,602.0,,,,,,,7.2,-0.013699,10710.0,1.0,7.225,77112.0,BYBK,10.0,,,,,1,10.0,10.0,8.0,,,,,,4.0,2.0,,,,,,10.0,3.0,3.0,3.0,,,,9.0,3.0,,,10.0,9.0,7.0,8.0,,8.0,,4.0,6.0,3.0,6.0,3.0,10.0,1.0,9.0,,,1.0,1.0,5,10.0,10,1
2017-07-07,80517,,11,3,6020.0,07203T10,BYBK,BAY BANCORP INC,BYBK,551111.0,Q,A,R,13085,3,6020.0,,,,60.0,602.0,,,,,,,7.3,0.013889,10710.0,1.0,7.3,78183.0,BYBK,10.0,,,,,1,10.0,10.0,8.0,,,,,,4.0,2.0,,,,,,10.0,3.0,3.0,3.0,,,,9.0,3.0,,,10.0,9.0,7.0,8.0,,8.0,,4.0,6.0,3.0,6.0,3.0,10.0,1.0,9.0,,,1.0,1.0,5,10.0,10,1
2017-07-10,80517,,11,3,6020.0,07203T10,BYBK,BAY BANCORP INC,BYBK,551111.0,Q,A,R,13085,3,6020.0,,,,60.0,602.0,,,,,,,7.325,0.003425,10710.0,1.0,7.3,78450.75,BYBK,10.0,,,,,1,10.0,10.0,8.0,,,,,,4.0,2.0,,,,,,10.0,3.0,3.0,3.0,,,,9.0,3.0,,,10.0,9.0,7.0,8.0,,8.0,,4.0,6.0,3.0,6.0,3.0,10.0,1.0,9.0,,,1.0,1.0,5,10.0,10,1
2017-07-11,80517,,11,3,6020.0,07203T10,BYBK,BAY BANCORP INC,BYBK,551111.0,Q,A,R,13085,3,6020.0,,,,60.0,602.0,,,,,,,7.35,0.003413,10710.0,1.0,7.3,78718.5,BYBK,10.0,,,,,1,10.0,10.0,8.0,,,,,,4.0,2.0,,,,,,10.0,3.0,3.0,3.0,,,,9.0,3.0,,,10.0,9.0,7.0,8.0,,8.0,,4.0,6.0,3.0,6.0,3.0,10.0,1.0,9.0,,,1.0,1.0,5,10.0,10,1
2017-07-12,80517,,11,3,6020.0,07203T10,BYBK,BAY BANCORP INC,BYBK,551111.0,Q,A,R,13085,3,6020.0,,,,60.0,602.0,,,,,,,7.5,0.020408,10710.0,1.0,7.7,80325.0,BYBK,10.0,,,,,1,10.0,10.0,8.0,,,,,,4.0,2.0,,,,,,10.0,3.0,3.0,3.0,,,,9.0,3.0,,,10.0,9.0,7.0,8.0,,8.0,,4.0,6.0,3.0,6.0,3.0,10.0,1.0,9.0,,,1.0,1.0,5,10.0,10,1
2017-07-13,80517,,11,3,6020.0,07203T10,BYBK,BAY BANCORP INC,BYBK,551111.0,Q,A,R,13085,3,6020.0,,,,60.0,602.0,,,,,,,7.6,0.013333,10710.0,1.0,7.6,81396.0,BYBK,10.0,,,,,1,10.0,10.0,8.0,,,,,,4.0,2.0,,,,,,10.0,3.0,3.0,3.0,,,,9.0,3.0,,,10.0,9.0,7.0,8.0,,8.0,,4.0,6.0,3.0,6.0,3.0,10.0,1.0,9.0,,,1.0,1.0,5,10.0,10,1
2017-07-14,80517,,11,3,6020.0,07203T10,BYBK,BAY BANCORP INC,BYBK,551111.0,Q,A,R,13085,3,6020.0,,,,60.0,602.0,,,,,,,7.6,0.0,10710.0,1.0,7.65,81396.0,BYBK,10.0,,,,,1,10.0,10.0,8.0,,,,,,4.0,2.0,,,,,,10.0,3.0,3.0,3.0,,,,9.0,3.0,,,10.0,9.0,7.0,8.0,,8.0,,4.0,6.0,3.0,6.0,3.0,10.0,1.0,9.0,,,1.0,1.0,5,10.0,10,1
2017-07-17,80517,,11,3,6020.0,07203T10,BYBK,BAY BANCORP INC,BYBK,551111.0,Q,A,R,13085,3,6020.0,,,,60.0,602.0,,,,,,,7.55,-0.006579,10710.0,1.0,7.55,80860.5,BYBK,10.0,,,,,1,10.0,10.0,8.0,,,,,,4.0,2.0,,,,,,10.0,3.0,3.0,3.0,,,,9.0,3.0,,,10.0,9.0,7.0,8.0,,8.0,,4.0,6.0,3.0,6.0,3.0,10.0,1.0,9.0,,,1.0,1.0,5,10.0,10,1
2017-07-18,80517,,11,3,6020.0,07203T10,BYBK,BAY BANCORP INC,BYBK,551111.0,Q,A,R,13085,3,6020.0,,,,60.0,602.0,,,,,,,7.46,-0.011921,10710.0,1.0,7.5,79896.6,BYBK,10.0,,,,,1,10.0,10.0,8.0,,,,,,4.0,2.0,,,,,,10.0,3.0,3.0,3.0,,,,9.0,3.0,,,10.0,9.0,7.0,8.0,,8.0,,4.0,6.0,3.0,6.0,3.0,10.0,1.0,9.0,,,1.0,1.0,5,10.0,10,1
2017-07-19,80517,,11,3,6020.0,07203T10,BYBK,BAY BANCORP INC,BYBK,551111.0,Q,A,R,13085,3,6020.0,,,,60.0,602.0,,,,,,,7.5,0.005362,10710.0,1.0,7.6,80325.0,BYBK,10.0,,,,,1,10.0,10.0,8.0,,,,,,4.0,2.0,,,,,,10.0,3.0,3.0,3.0,,,,9.0,3.0,,,10.0,9.0,7.0,8.0,,8.0,,4.0,6.0,3.0,6.0,3.0,10.0,1.0,9.0,,,1.0,1.0,5,10.0,10,1
2017-07-20,80517,,11,3,6020.0,07203T10,BYBK,BAY BANCORP INC,BYBK,551111.0,Q,A,R,13085,3,6020.0,,,,60.0,602.0,,,,,,,7.45,-0.006667,10710.0,1.0,7.6,79789.5,BYBK,10.0,,,,,1,10.0,10.0,8.0,,,,,,4.0,2.0,,,,,,10.0,3.0,3.0,3.0,,,,9.0,3.0,,,10.0,9.0,7.0,8.0,,8.0,,4.0,6.0,3.0,6.0,3.0,10.0,1.0,9.0,,,1.0,1.0,5,10.0,10,1
2017-07-21,80517,,11,3,6020.0,07203T10,BYBK,BAY BANCORP INC,BYBK,551111.0,Q,A,R,13085,3,6020.0,,,,60.0,602.0,,,,,,,7.45,0.0,10710.0,1.0,7.5,79789.5,BYBK,10.0,,,,,1,10.0,10.0,8.0,,,,,,4.0,2.0,,,,,,10.0,3.0,3.0,3.0,,,,9.0,3.0,,,10.0,9.0,7.0,8.0,,8.0,,4.0,6.0,3.0,6.0,3.0,10.0,1.0,9.0,,,1.0,1.0,5,10.0,10,1
2017-07-24,80517,,11,3,6020.0,07203T10,BYBK,BAY BANCORP INC,BYBK,551111.0,Q,A,R,13085,3,6020.0,,,,60.0,602.0,,,,,,,-7.725,0.036913,10710.0,1.0,,-82734.75,BYBK,10.0,,,,,1,10.0,10.0,8.0,,,,,,4.0,2.0,,,,,,10.0,3.0,3.0,3.0,,,,9.0,3.0,,,10.0,9.0,7.0,8.0,,8.0,,4.0,6.0,3.0,6.0,3.0,10.0,1.0,9.0,,,1.0,1.0,5,10.0,10,1
2017-07-25,80517,,11,3,6020.0,07203T10,BYBK,BAY BANCORP INC,BYBK,551111.0,Q,A,R,13085,3,6020.0,,,,60.0,602.0,,,,,,,7.6,-0.016181,10710.0,1.0,7.7,81396.0,BYBK,10.0,,,,,1,10.0,10.0,8.0,,,,,,4.0,2.0,,,,,,10.0,3.0,3.0,3.0,,,,9.0,3.0,,,10.0,9.0,7.0,8.0,,8.0,,4.0,6.0,3.0,6.0,3.0,10.0,1.0,9.0,,,1.0,1.0,5,10.0,10,1
2017-07-26,80517,,11,3,6020.0,07203T10,BYBK,BAY BANCORP INC,BYBK,551111.0,Q,A,R,13085,3,6020.0,,,,60.0,602.0,,,,,,,-7.6,0.0,10710.0,1.0,,-81396.0,BYBK,10.0,,,,,1,10.0,10.0,8.0,,,,,,4.0,2.0,,,,,,10.0,3.0,3.0,3.0,,,,9.0,3.0,,,10.0,9.0,7.0,8.0,,8.0,,4.0,6.0,3.0,6.0,3.0,10.0,1.0,9.0,,,1.0,1.0,5,10.0,10,1
2017-07-27,80517,,11,3,6020.0,07203T10,BYBK,BAY BANCORP INC,BYBK,551111.0,Q,A,R,13085,3,6020.0,,,,60.0,602.0,,,,,,,7.9,0.039474,10710.0,1.0,7.7,84609.0,BYBK,10.0,,,,,1,10.0,10.0,8.0,,,,,,4.0,2.0,,,,,,10.0,3.0,3.0,3.0,,,,9.0,3.0,,,10.0,9.0,7.0,8.0,,8.0,,4.0,6.0,3.0,6.0,3.0,10.0,1.0,9.0,,,1.0,1.0,5,10.0,10,1
2017-07-28,80517,,11,3,6020.0,07203T10,BYBK,BAY BANCORP INC,BYBK,551111.0,Q,A,R,13085,3,6020.0,,,,60.0,602.0,,,,,,,7.75,-0.018987,10710.0,1.0,8.0,83002.5,BYBK,10.0,,,,,1,10.0,10.0,8.0,,,,,,4.0,2.0,,,,,,10.0,3.0,3.0,3.0,,,,9.0,3.0,,,10.0,9.0,7.0,8.0,,8.0,,4.0,6.0,3.0,6.0,3.0,10.0,1.0,9.0,,,1.0,1.0,5,10.0,10,1
2017-07-31,80517,,11,3,6020.0,07203T10,BYBK,BAY BANCORP INC,BYBK,551111.0,Q,A,R,13085,3,6020.0,,,,60.0,602.0,,,,,,,8.0,0.032258,10710.0,1.0,7.85,85680.0,BYBK,10.0,,,,,1,10.0,10.0,8.0,,,,,,4.0,2.0,,,,,,10.0,3.0,3.0,3.0,,,,9.0,3.0,,,10.0,9.0,7.0,8.0,,8.0,,4.0,6.0,3.0,6.0,3.0,10.0,1.0,9.0,,,1.0,1.0,5,10.0,10,1
2017-08-01,80517,,11,3,6020.0,07203T10,BYBK,BAY BANCORP INC,BYBK,551111.0,Q,A,R,13085,3,6020.0,,,,60.0,602.0,,,,,,,8.05,0.00625,10710.0,1.0,8.05,86215.5,BYBK,10.0,,,,,1,10.0,10.0,8.0,,,,,,4.0,2.0,,,,,,10.0,3.0,3.0,3.0,,,,8.0,4.0,,,10.0,10.0,7.0,9.0,,8.0,,5.0,8.0,3.0,3.0,4.0,10.0,9.0,2.0,,,1.0,1.0,5,10.0,10,1
2017-08-02,80517,,11,3,6020.0,07203T10,BYBK,BAY BANCORP INC,BYBK,551111.0,Q,A,R,13085,3,6020.0,,,,60.0,602.0,,,,,,,7.8,-0.031056,10710.0,1.0,8.1,83538.0,BYBK,10.0,,,,,1,10.0,10.0,8.0,,,,,,4.0,2.0,,,,,,10.0,3.0,3.0,3.0,,,,8.0,4.0,,,10.0,10.0,7.0,9.0,,8.0,,5.0,8.0,3.0,3.0,4.0,10.0,9.0,2.0,,,1.0,1.0,5,10.0,10,1
2017-08-03,80517,,11,3,6020.0,07203T10,BYBK,BAY BANCORP INC,BYBK,551111.0,Q,A,R,13085,3,6020.0,,,,60.0,602.0,,,,,,,7.95,0.019231,10710.0,1.0,8.05,85144.5,BYBK,10.0,,,,,1,10.0,10.0,8.0,,,,,,4.0,2.0,,,,,,10.0,3.0,3.0,3.0,,,,8.0,4.0,,,10.0,10.0,7.0,9.0,,8.0,,5.0,8.0,3.0,3.0,4.0,10.0,9.0,2.0,,,1.0,1.0,5,10.0,10,1
2017-08-04,80517,,11,3,6020.0,07203T10,BYBK,BAY BANCORP INC,BYBK,551111.0,Q,A,R,13085,3,6020.0,,,,60.0,602.0,,,,,,,7.85,-0.012579,10710.0,1.0,8.0,84073.5,BYBK,10.0,,,,,1,10.0,10.0,8.0,,,,,,4.0,2.0,,,,,,10.0,3.0,3.0,3.0,,,,8.0,4.0,,,10.0,10.0,7.0,9.0,,8.0,,5.0,8.0,3.0,3.0,4.0,10.0,9.0,2.0,,,1.0,1.0,5,10.0,10,1
2017-08-07,80517,,11,3,6020.0,07203T10,BYBK,BAY BANCORP INC,BYBK,551111.0,Q,A,R,13085,3,6020.0,,,,60.0,602.0,,,,,,,7.86,0.001274,10710.0,1.0,8.0,84180.6,BYBK,10.0,,,,,1,10.0,10.0,8.0,,,,,,4.0,2.0,,,,,,10.0,3.0,3.0,3.0,,,,8.0,4.0,,,10.0,10.0,7.0,9.0,,8.0,,5.0,8.0,3.0,3.0,4.0,10.0,9.0,2.0,,,1.0,1.0,5,10.0,10,1
2017-08-08,80517,,11,3,6020.0,07203T10,BYBK,BAY BANCORP INC,BYBK,551111.0,Q,A,R,13085,3,6020.0,,,,60.0,602.0,,,,,,,7.9,0.005089,10714.0,1.0,7.9,84640.6,BYBK,10.0,,,,,1,10.0,10.0,8.0,,,,,,4.0,2.0,,,,,,10.0,3.0,3.0,3.0,,,,8.0,4.0,,,10.0,10.0,7.0,9.0,,8.0,,5.0,8.0,3.0,3.0,4.0,10.0,9.0,2.0,,,1.0,1.0,5,10.0,10,1
2017-08-09,80517,,11,3,6020.0,07203T10,BYBK,BAY BANCORP INC,BYBK,551111.0,Q,A,R,13085,3,6020.0,,,,60.0,602.0,,,,,,,7.8,-0.012658,10714.0,1.0,7.8,83569.2,BYBK,10.0,,,,,1,10.0,10.0,8.0,,,,,,4.0,2.0,,,,,,10.0,3.0,3.0,3.0,,,,8.0,4.0,,,10.0,10.0,7.0,9.0,,8.0,,5.0,8.0,3.0,3.0,4.0,10.0,9.0,2.0,,,1.0,1.0,5,10.0,10,1
2017-08-10,80517,,11,3,6020.0,07203T10,BYBK,BAY BANCORP INC,BYBK,551111.0,Q,A,R,13085,3,6020.0,,,,60.0,602.0,,,,,,,7.74,-0.007692,10714.0,1.0,7.75,82926.36,BYBK,10.0,,,,,1,10.0,10.0,8.0,,,,,,4.0,2.0,,,,,,10.0,3.0,3.0,3.0,,,,8.0,4.0,,,10.0,10.0,7.0,9.0,,8.0,,5.0,8.0,3.0,3.0,4.0,10.0,9.0,2.0,,,1.0,1.0,5,10.0,10,1
2017-08-11,80517,,11,3,6020.0,07203T10,BYBK,BAY BANCORP INC,BYBK,551111.0,Q,A,R,13085,3,6020.0,,,,60.0,602.0,,,,,,,7.75,0.001292,10714.0,1.0,7.85,83033.5,BYBK,10.0,,,,,1,10.0,10.0,8.0,,,,,,4.0,2.0,,,,,,10.0,3.0,3.0,3.0,,,,8.0,4.0,,,10.0,10.0,7.0,9.0,,8.0,,5.0,8.0,3.0,3.0,4.0,10.0,9.0,2.0,,,1.0,1.0,5,10.0,10,1
2017-08-14,80517,,11,3,6020.0,07203T10,BYBK,BAY BANCORP INC,BYBK,551111.0,Q,A,R,13085,3,6020.0,,,,60.0,602.0,,,,,,,8.0,0.032258,10714.0,1.0,7.9,85712.0,BYBK,10.0,,,,,1,10.0,10.0,8.0,,,,,,4.0,2.0,,,,,,10.0,3.0,3.0,3.0,,,,8.0,4.0,,,10.0,10.0,7.0,9.0,,8.0,,5.0,8.0,3.0,3.0,4.0,10.0,9.0,2.0,,,1.0,1.0,5,10.0,10,1
2017-08-15,80517,,11,3,6020.0,07203T10,BYBK,BAY BANCORP INC,BYBK,551111.0,Q,A,R,13085,3,6020.0,,,,60.0,602.0,,,,,,,8.15,0.01875,10714.0,1.0,8.0,87319.1,BYBK,10.0,,,,,1,10.0,10.0,8.0,,,,,,4.0,2.0,,,,,,10.0,3.0,3.0,3.0,,,,8.0,4.0,,,10.0,10.0,7.0,9.0,,8.0,,5.0,8.0,3.0,3.0,4.0,10.0,9.0,2.0,,,1.0,1.0,5,10.0,10,1
2017-08-16,80517,,11,3,6020.0,07203T10,BYBK,BAY BANCORP INC,BYBK,551111.0,Q,A,R,13085,3,6020.0,,,,60.0,602.0,,,,,,,8.35,0.02454,10714.0,1.0,8.15,89461.9,BYBK,10.0,,,,,1,10.0,10.0,8.0,,,,,,4.0,2.0,,,,,,10.0,3.0,3.0,3.0,,,,8.0,4.0,,,10.0,10.0,7.0,9.0,,8.0,,5.0,8.0,3.0,3.0,4.0,10.0,9.0,2.0,,,1.0,1.0,5,10.0,10,1
2017-08-17,80517,,11,3,6020.0,07203T10,BYBK,BAY BANCORP INC,BYBK,551111.0,Q,A,R,13085,3,6020.0,,,,60.0,602.0,,,,,,,8.15,-0.023952,10714.0,1.0,8.4382,87319.1,BYBK,10.0,,,,,1,10.0,10.0,8.0,,,,,,4.0,2.0,,,,,,10.0,3.0,3.0,3.0,,,,8.0,4.0,,,10.0,10.0,7.0,9.0,,8.0,,5.0,8.0,3.0,3.0,4.0,10.0,9.0,2.0,,,1.0,1.0,5,10.0,10,1
2017-08-18,80517,,11,3,6020.0,07203T10,BYBK,BAY BANCORP INC,BYBK,551111.0,Q,A,R,13085,3,6020.0,,,,60.0,602.0,,,,,,,8.5,0.042945,10714.0,1.0,8.332,91069.0,BYBK,10.0,,,,,1,10.0,10.0,8.0,,,,,,4.0,2.0,,,,,,10.0,3.0,3.0,3.0,,,,8.0,4.0,,,10.0,10.0,7.0,9.0,,8.0,,5.0,8.0,3.0,3.0,4.0,10.0,9.0,2.0,,,1.0,1.0,5,10.0,10,1
2017-08-21,80517,,11,3,6020.0,07203T10,BYBK,BAY BANCORP INC,BYBK,551111.0,Q,A,R,13085,3,6020.0,,,,60.0,602.0,,,,,,,8.45,-0.005882,10714.0,1.0,8.495,90533.3,BYBK,10.0,,,,,1,10.0,10.0,8.0,,,,,,4.0,2.0,,,,,,10.0,3.0,3.0,3.0,,,,8.0,4.0,,,10.0,10.0,7.0,9.0,,8.0,,5.0,8.0,3.0,3.0,4.0,10.0,9.0,2.0,,,1.0,1.0,5,10.0,10,1
2017-08-22,80517,,11,3,6020.0,07203T10,BYBK,BAY BANCORP INC,BYBK,551111.0,Q,A,R,13085,3,6020.0,,,,60.0,602.0,,,,,,,8.1,-0.04142,10714.0,1.0,8.4,86783.4,BYBK,10.0,,,,,1,10.0,10.0,8.0,,,,,,4.0,2.0,,,,,,10.0,3.0,3.0,3.0,,,,8.0,4.0,,,10.0,10.0,7.0,9.0,,8.0,,5.0,8.0,3.0,3.0,4.0,10.0,9.0,2.0,,,1.0,1.0,5,10.0,10,1
2017-08-23,80517,,11,3,6020.0,07203T10,BYBK,BAY BANCORP INC,BYBK,551111.0,Q,A,R,13085,3,6020.0,,,,60.0,602.0,,,,,,,8.025,-0.009259,10714.0,1.0,8.2,85979.85,BYBK,10.0,,,,,1,10.0,10.0,8.0,,,,,,4.0,2.0,,,,,,10.0,3.0,3.0,3.0,,,,8.0,4.0,,,10.0,10.0,7.0,9.0,,8.0,,5.0,8.0,3.0,3.0,4.0,10.0,9.0,2.0,,,1.0,1.0,5,10.0,10,1
2017-08-24,80517,,11,3,6020.0,07203T10,BYBK,BAY BANCORP INC,BYBK,551111.0,Q,A,R,13085,3,6020.0,,,,60.0,602.0,,,,,,,7.975,-0.00623,10714.0,1.0,7.95,85444.15,BYBK,10.0,,,,,1,10.0,10.0,8.0,,,,,,4.0,2.0,,,,,,10.0,3.0,3.0,3.0,,,,8.0,4.0,,,10.0,10.0,7.0,9.0,,8.0,,5.0,8.0,3.0,3.0,4.0,10.0,9.0,2.0,,,1.0,1.0,5,10.0,10,1
2017-08-25,80517,,11,3,6020.0,07203T10,BYBK,BAY BANCORP INC,BYBK,551111.0,Q,A,R,13085,3,6020.0,,,,60.0,602.0,,,,,,,7.85,-0.015674,10714.0,1.0,8.0,84104.9,BYBK,10.0,,,,,1,10.0,10.0,8.0,,,,,,4.0,2.0,,,,,,10.0,3.0,3.0,3.0,,,,8.0,4.0,,,10.0,10.0,7.0,9.0,,8.0,,5.0,8.0,3.0,3.0,4.0,10.0,9.0,2.0,,,1.0,1.0,5,10.0,10,1
2017-08-28,80517,,11,3,6020.0,07203T10,BYBK,BAY BANCORP INC,BYBK,551111.0,Q,A,R,13085,3,6020.0,,,,60.0,602.0,,,,,,,7.9,0.006369,10714.0,1.0,7.95,84640.6,BYBK,10.0,,,,,1,10.0,10.0,8.0,,,,,,4.0,2.0,,,,,,10.0,3.0,3.0,3.0,,,,8.0,4.0,,,10.0,10.0,7.0,9.0,,8.0,,5.0,8.0,3.0,3.0,4.0,10.0,9.0,2.0,,,1.0,1.0,5,10.0,10,1
2017-08-29,80517,,11,3,6020.0,07203T10,BYBK,BAY BANCORP INC,BYBK,551111.0,Q,A,R,13085,3,6020.0,,,,60.0,602.0,,,,,,,7.9781,0.009886,10714.0,1.0,7.9781,85477.3634,BYBK,10.0,,,,,1,10.0,10.0,8.0,,,,,,4.0,2.0,,,,,,10.0,3.0,3.0,3.0,,,,8.0,4.0,,,10.0,10.0,7.0,9.0,,8.0,,5.0,8.0,3.0,3.0,4.0,10.0,9.0,2.0,,,1.0,1.0,5,10.0,10,1
2017-08-30,80517,,11,3,6020.0,07203T10,BYBK,BAY BANCORP INC,BYBK,551111.0,Q,A,R,13085,3,6020.0,,,,60.0,602.0,,,,,,,-7.95,-0.003522,10714.0,1.0,,-85176.3,BYBK,10.0,,,,,1,10.0,10.0,8.0,,,,,,4.0,2.0,,,,,,10.0,3.0,3.0,3.0,,,,8.0,4.0,,,10.0,10.0,7.0,9.0,,8.0,,5.0,8.0,3.0,3.0,4.0,10.0,9.0,2.0,,,1.0,1.0,5,10.0,10,1
2017-08-31,80517,,11,3,6020.0,07203T10,BYBK,BAY BANCORP INC,BYBK,551111.0,Q,A,R,13085,3,6020.0,,,,60.0,602.0,,,,,,,7.95,0.0,10714.0,1.0,8.0,85176.3,BYBK,10.0,,,,,1,10.0,10.0,8.0,,,,,,4.0,2.0,,,,,,10.0,3.0,3.0,3.0,,,,8.0,4.0,,,10.0,10.0,7.0,9.0,,8.0,,5.0,8.0,3.0,3.0,4.0,10.0,9.0,2.0,,,1.0,1.0,5,10.0,10,1
2017-09-01,80517,,11,3,6020.0,07203T10,BYBK,BAY BANCORP INC,BYBK,551111.0,Q,A,R,13085,3,6020.0,,,,60.0,602.0,,,,,,,8.0,0.006289,10714.0,1.0,7.95,85712.0,BYBK,10.0,,,,,1,10.0,10.0,8.0,,,,,,4.0,2.0,,,,,,10.0,3.0,3.0,3.0,,,,8.0,3.0,,,10.0,10.0,8.0,9.0,,9.0,,5.0,8.0,3.0,5.0,4.0,10.0,7.0,4.0,,,1.0,1.0,5,10.0,10,1
2017-09-05,80517,,11,3,6020.0,07203T10,BYBK,BAY BANCORP INC,BYBK,551111.0,Q,A,R,13085,3,6020.0,,,,60.0,602.0,,,,,,,7.8,-0.025,10714.0,1.0,7.85,83569.2,BYBK,10.0,,,,,1,10.0,10.0,8.0,,,,,,4.0,2.0,,,,,,10.0,3.0,3.0,3.0,,,,8.0,3.0,,,10.0,10.0,8.0,9.0,,9.0,,5.0,8.0,3.0,5.0,4.0,10.0,7.0,4.0,,,1.0,1.0,5,10.0,10,1
2017-09-06,80517,,11,3,6020.0,07203T10,BYBK,BAY BANCORP INC,BYBK,551111.0,Q,A,R,13085,3,6020.0,,,,60.0,602.0,,,,,,,7.8,0.0,10714.0,1.0,7.95,83569.2,BYBK,10.0,,,,,1,10.0,10.0,8.0,,,,,,4.0,2.0,,,,,,10.0,3.0,3.0,3.0,,,,8.0,3.0,,,10.0,10.0,8.0,9.0,,9.0,,5.0,8.0,3.0,5.0,4.0,10.0,7.0,4.0,,,1.0,1.0,5,10.0,10,1
2017-09-07,80517,,11,3,6020.0,07203T10,BYBK,BAY BANCORP INC,BYBK,551111.0,Q,A,R,13085,3,6020.0,,,,60.0,602.0,,,,,,,7.85,0.00641,10714.0,1.0,7.85,84104.9,BYBK,10.0,,,,,1,10.0,10.0,8.0,,,,,,4.0,2.0,,,,,,10.0,3.0,3.0,3.0,,,,8.0,3.0,,,10.0,10.0,8.0,9.0,,9.0,,5.0,8.0,3.0,5.0,4.0,10.0,7.0,4.0,,,1.0,1.0,5,10.0,10,1
2017-09-08,80517,,11,3,6020.0,07203T10,BYBK,BAY BANCORP INC,BYBK,551111.0,Q,A,R,13085,3,6020.0,,,,60.0,602.0,,,,,,,7.85,0.0,10714.0,1.0,7.9,84104.9,BYBK,10.0,,,,,1,10.0,10.0,8.0,,,,,,4.0,2.0,,,,,,10.0,3.0,3.0,3.0,,,,8.0,3.0,,,10.0,10.0,8.0,9.0,,9.0,,5.0,8.0,3.0,5.0,4.0,10.0,7.0,4.0,,,1.0,1.0,5,10.0,10,1
2017-09-11,80517,,11,3,6020.0,07203T10,BYBK,BAY BANCORP INC,BYBK,551111.0,Q,A,R,13085,3,6020.0,,,,60.0,602.0,,,,,,,7.9,0.006369,10714.0,1.0,7.8,84640.6,BYBK,10.0,,,,,1,10.0,10.0,8.0,,,,,,4.0,2.0,,,,,,10.0,3.0,3.0,3.0,,,,8.0,3.0,,,10.0,10.0,8.0,9.0,,9.0,,5.0,8.0,3.0,5.0,4.0,10.0,7.0,4.0,,,1.0,1.0,5,10.0,10,1
2017-09-12,80517,,11,3,6020.0,07203T10,BYBK,BAY BANCORP INC,BYBK,551111.0,Q,A,R,13085,3,6020.0,,,,60.0,602.0,,,,,,,7.8,-0.012658,10714.0,1.0,7.8,83569.2,BYBK,10.0,,,,,1,10.0,10.0,8.0,,,,,,4.0,2.0,,,,,,10.0,3.0,3.0,3.0,,,,8.0,3.0,,,10.0,10.0,8.0,9.0,,9.0,,5.0,8.0,3.0,5.0,4.0,10.0,7.0,4.0,,,1.0,1.0,5,10.0,10,1
2017-09-13,80517,,11,3,6020.0,07203T10,BYBK,BAY BANCORP INC,BYBK,551111.0,Q,A,R,13085,3,6020.0,,,,60.0,602.0,,,,,,,7.8,0.0,10714.0,1.0,7.8,83569.2,BYBK,10.0,,,,,1,10.0,10.0,8.0,,,,,,4.0,2.0,,,,,,10.0,3.0,3.0,3.0,,,,8.0,3.0,,,10.0,10.0,8.0,9.0,,9.0,,5.0,8.0,3.0,5.0,4.0,10.0,7.0,4.0,,,1.0,1.0,5,10.0,10,1
2017-09-14,80517,,11,3,6020.0,07203T10,BYBK,BAY BANCORP INC,BYBK,551111.0,Q,A,R,13085,3,6020.0,,,,60.0,602.0,,,,,,,7.75,-0.00641,10714.0,1.0,7.8,83033.5,BYBK,10.0,,,,,1,10.0,10.0,8.0,,,,,,4.0,2.0,,,,,,10.0,3.0,3.0,3.0,,,,8.0,3.0,,,10.0,10.0,8.0,9.0,,9.0,,5.0,8.0,3.0,5.0,4.0,10.0,7.0,4.0,,,1.0,1.0,5,10.0,10,1
2017-09-15,80517,,11,3,6020.0,07203T10,BYBK,BAY BANCORP INC,BYBK,551111.0,Q,A,R,13085,3,6020.0,,,,60.0,602.0,,,,,,,8.0,0.032258,10714.0,1.0,7.9,85712.0,BYBK,10.0,,,,,1,10.0,10.0,8.0,,,,,,4.0,2.0,,,,,,10.0,3.0,3.0,3.0,,,,8.0,3.0,,,10.0,10.0,8.0,9.0,,9.0,,5.0,8.0,3.0,5.0,4.0,10.0,7.0,4.0,,,1.0,1.0,5,10.0,10,1
2017-09-18,80517,,11,3,6020.0,07203T10,BYBK,BAY BANCORP INC,BYBK,551111.0,Q,A,R,13085,3,6020.0,,,,60.0,602.0,,,,,,,7.9004,-0.01245,10714.0,1.0,8.0,84644.8856,BYBK,10.0,,,,,1,10.0,10.0,8.0,,,,,,4.0,2.0,,,,,,10.0,3.0,3.0,3.0,,,,8.0,3.0,,,10.0,10.0,8.0,9.0,,9.0,,5.0,8.0,3.0,5.0,4.0,10.0,7.0,4.0,,,1.0,1.0,5,10.0,10,1
2017-09-19,80517,,11,3,6020.0,07203T10,BYBK,BAY BANCORP INC,BYBK,551111.0,Q,A,R,13085,3,6020.0,,,,60.0,602.0,,,,,,,7.805,-0.012075,10714.0,1.0,7.8666,83622.77,BYBK,10.0,,,,,1,10.0,10.0,8.0,,,,,,4.0,2.0,,,,,,10.0,3.0,3.0,3.0,,,,8.0,3.0,,,10.0,10.0,8.0,9.0,,9.0,,5.0,8.0,3.0,5.0,4.0,10.0,7.0,4.0,,,1.0,1.0,5,10.0,10,1
2017-09-20,80517,,11,3,6020.0,07203T10,BYBK,BAY BANCORP INC,BYBK,551111.0,Q,A,R,13085,3,6020.0,,,,60.0,602.0,,,,,,,7.8744,0.008892,10714.0,1.0,7.9,84366.3216,BYBK,10.0,,,,,1,10.0,10.0,8.0,,,,,,4.0,2.0,,,,,,10.0,3.0,3.0,3.0,,,,8.0,3.0,,,10.0,10.0,8.0,9.0,,9.0,,5.0,8.0,3.0,5.0,4.0,10.0,7.0,4.0,,,1.0,1.0,5,10.0,10,1
2017-09-21,80517,,11,3,6020.0,07203T10,BYBK,BAY BANCORP INC,BYBK,551111.0,Q,A,R,13085,3,6020.0,,,,60.0,602.0,,,,,,,7.91,0.004521,10714.0,1.0,7.85,84747.74,BYBK,10.0,,,,,1,10.0,10.0,8.0,,,,,,4.0,2.0,,,,,,10.0,3.0,3.0,3.0,,,,8.0,3.0,,,10.0,10.0,8.0,9.0,,9.0,,5.0,8.0,3.0,5.0,4.0,10.0,7.0,4.0,,,1.0,1.0,5,10.0,10,1
2017-09-22,80517,,11,3,6020.0,07203T10,BYBK,BAY BANCORP INC,BYBK,551111.0,Q,A,R,13085,3,6020.0,,,,60.0,602.0,,,,,,,8.0,0.011378,10714.0,1.0,7.95,85712.0,BYBK,10.0,,,,,1,10.0,10.0,8.0,,,,,,4.0,2.0,,,,,,10.0,3.0,3.0,3.0,,,,8.0,3.0,,,10.0,10.0,8.0,9.0,,9.0,,5.0,8.0,3.0,5.0,4.0,10.0,7.0,4.0,,,1.0,1.0,5,10.0,10,1
2017-09-25,80517,,11,3,6020.0,07203T10,BYBK,BAY BANCORP INC,BYBK,551111.0,Q,A,R,13085,3,6020.0,,,,60.0,602.0,,,,,,,7.9,-0.0125,10714.0,1.0,7.9,84640.6,BYBK,10.0,,,,,1,10.0,10.0,8.0,,,,,,4.0,2.0,,,,,,10.0,3.0,3.0,3.0,,,,8.0,3.0,,,10.0,10.0,8.0,9.0,,9.0,,5.0,8.0,3.0,5.0,4.0,10.0,7.0,4.0,,,1.0,1.0,5,10.0,10,1
2017-09-26,80517,,11,3,6020.0,07203T10,BYBK,BAY BANCORP INC,BYBK,551111.0,Q,A,R,13085,3,6020.0,,,,60.0,602.0,,,,,,,-7.925,0.003165,10714.0,1.0,,-84908.45,BYBK,10.0,,,,,1,10.0,10.0,8.0,,,,,,4.0,2.0,,,,,,10.0,3.0,3.0,3.0,,,,8.0,3.0,,,10.0,10.0,8.0,9.0,,9.0,,5.0,8.0,3.0,5.0,4.0,10.0,7.0,4.0,,,1.0,1.0,5,10.0,10,1
2017-09-27,80517,,11,3,6020.0,07203T10,BYBK,BAY BANCORP INC,BYBK,551111.0,Q,A,R,13085,3,6020.0,,,,60.0,602.0,,,,,,,7.95,0.003155,10714.0,1.0,7.95,85176.3,BYBK,10.0,,,,,1,10.0,10.0,8.0,,,,,,4.0,2.0,,,,,,10.0,3.0,3.0,3.0,,,,8.0,3.0,,,10.0,10.0,8.0,9.0,,9.0,,5.0,8.0,3.0,5.0,4.0,10.0,7.0,4.0,,,1.0,1.0,5,10.0,10,1
2017-09-28,80517,,11,3,6020.0,07203T10,BYBK,BAY BANCORP INC,BYBK,551111.0,Q,A,R,13085,3,6020.0,,,,60.0,602.0,,,,,,,11.25,0.415094,10714.0,1.0,11.35,120532.5,BYBK,10.0,,,,,1,10.0,10.0,8.0,,,,,,4.0,2.0,,,,,,10.0,3.0,3.0,3.0,,,,8.0,3.0,,,10.0,10.0,8.0,9.0,,9.0,,5.0,8.0,3.0,5.0,4.0,10.0,7.0,4.0,,,1.0,1.0,5,10.0,10,1
2017-09-29,80517,,11,3,6020.0,07203T10,BYBK,BAY BANCORP INC,BYBK,551111.0,Q,A,R,13085,3,6020.0,,,,60.0,602.0,,,,,,,11.35,0.008889,10718.0,1.0,11.2,121649.3,BYBK,10.0,,,,,1,10.0,10.0,8.0,,,,,,4.0,2.0,,,,,,10.0,3.0,3.0,3.0,,,,8.0,3.0,,,10.0,10.0,8.0,9.0,,9.0,,5.0,8.0,3.0,5.0,4.0,10.0,7.0,4.0,,,1.0,1.0,5,10.0,10,1
2017-10-02,80517,,11,3,6020.0,07203T10,BYBK,BAY BANCORP INC,BYBK,551111.0,Q,A,R,13085,3,6020.0,,,,60.0,602.0,,,,,,,11.35,0.0,10718.0,1.0,11.35,121649.3,BYBK,10.0,,,,,1,10.0,10.0,8.0,,,,,,4.0,2.0,,,,,,10.0,3.0,3.0,3.0,,,,5.0,6.0,,,10.0,9.0,7.0,8.0,,2.0,,5.0,8.0,3.0,1.0,1.0,10.0,3.0,1.0,,,1.0,2.0,5,7.0,10,1
2017-10-03,80517,,11,3,6020.0,07203T10,BYBK,BAY BANCORP INC,BYBK,551111.0,Q,A,R,13085,3,6020.0,,,,60.0,602.0,,,,,,,11.5,0.013216,10718.0,1.0,11.4,123257.0,BYBK,10.0,,,,,1,10.0,10.0,8.0,,,,,,4.0,2.0,,,,,,10.0,3.0,3.0,3.0,,,,5.0,6.0,,,10.0,9.0,7.0,8.0,,2.0,,5.0,8.0,3.0,1.0,1.0,10.0,3.0,1.0,,,1.0,2.0,5,7.0,10,1
2017-10-04,80517,,11,3,6020.0,07203T10,BYBK,BAY BANCORP INC,BYBK,551111.0,Q,A,R,13085,3,6020.0,,,,60.0,602.0,,,,,,,11.5,0.0,10718.0,1.0,11.5,123257.0,BYBK,10.0,,,,,1,10.0,10.0,8.0,,,,,,4.0,2.0,,,,,,10.0,3.0,3.0,3.0,,,,5.0,6.0,,,10.0,9.0,7.0,8.0,,2.0,,5.0,8.0,3.0,1.0,1.0,10.0,3.0,1.0,,,1.0,2.0,5,7.0,10,1
2017-10-05,80517,,11,3,6020.0,07203T10,BYBK,BAY BANCORP INC,BYBK,551111.0,Q,A,R,13085,3,6020.0,,,,60.0,602.0,,,,,,,11.5,0.0,10718.0,1.0,11.4,123257.0,BYBK,10.0,,,,,1,10.0,10.0,8.0,,,,,,4.0,2.0,,,,,,10.0,3.0,3.0,3.0,,,,5.0,6.0,,,10.0,9.0,7.0,8.0,,2.0,,5.0,8.0,3.0,1.0,1.0,10.0,3.0,1.0,,,1.0,2.0,5,7.0,10,1
2017-10-06,80517,,11,3,6020.0,07203T10,BYBK,BAY BANCORP INC,BYBK,551111.0,Q,A,R,13085,3,6020.0,,,,60.0,602.0,,,,,,,11.6,0.008696,10718.0,1.0,11.55,124328.8,BYBK,10.0,,,,,1,10.0,10.0,8.0,,,,,,4.0,2.0,,,,,,10.0,3.0,3.0,3.0,,,,5.0,6.0,,,10.0,9.0,7.0,8.0,,2.0,,5.0,8.0,3.0,1.0,1.0,10.0,3.0,1.0,,,1.0,2.0,5,7.0,10,1
2017-10-09,80517,,11,3,6020.0,07203T10,BYBK,BAY BANCORP INC,BYBK,551111.0,Q,A,R,13085,3,6020.0,,,,60.0,602.0,,,,,,,11.6,0.0,10718.0,1.0,11.6,124328.8,BYBK,10.0,,,,,1,10.0,10.0,8.0,,,,,,4.0,2.0,,,,,,10.0,3.0,3.0,3.0,,,,5.0,6.0,,,10.0,9.0,7.0,8.0,,2.0,,5.0,8.0,3.0,1.0,1.0,10.0,3.0,1.0,,,1.0,2.0,5,7.0,10,1
2017-10-10,80517,,11,3,6020.0,07203T10,BYBK,BAY BANCORP INC,BYBK,551111.0,Q,A,R,13085,3,6020.0,,,,60.0,602.0,,,,,,,11.5,-0.008621,10718.0,1.0,11.6,123257.0,BYBK,10.0,,,,,1,10.0,10.0,8.0,,,,,,4.0,2.0,,,,,,10.0,3.0,3.0,3.0,,,,5.0,6.0,,,10.0,9.0,7.0,8.0,,2.0,,5.0,8.0,3.0,1.0,1.0,10.0,3.0,1.0,,,1.0,2.0,5,7.0,10,1
2017-10-11,80517,,11,3,6020.0,07203T10,BYBK,BAY BANCORP INC,BYBK,551111.0,Q,A,R,13085,3,6020.0,,,,60.0,602.0,,,,,,,11.55,0.004348,10718.0,1.0,11.5,123792.9,BYBK,10.0,,,,,1,10.0,10.0,8.0,,,,,,4.0,2.0,,,,,,10.0,3.0,3.0,3.0,,,,5.0,6.0,,,10.0,9.0,7.0,8.0,,2.0,,5.0,8.0,3.0,1.0,1.0,10.0,3.0,1.0,,,1.0,2.0,5,7.0,10,1
2017-10-12,80517,,11,3,6020.0,07203T10,BYBK,BAY BANCORP INC,BYBK,551111.0,Q,A,R,13085,3,6020.0,,,,60.0,602.0,,,,,,,11.6,0.004329,10718.0,1.0,11.55,124328.8,BYBK,10.0,,,,,1,10.0,10.0,8.0,,,,,,4.0,2.0,,,,,,10.0,3.0,3.0,3.0,,,,5.0,6.0,,,10.0,9.0,7.0,8.0,,2.0,,5.0,8.0,3.0,1.0,1.0,10.0,3.0,1.0,,,1.0,2.0,5,7.0,10,1
2017-10-13,80517,,11,3,6020.0,07203T10,BYBK,BAY BANCORP INC,BYBK,551111.0,Q,A,R,13085,3,6020.0,,,,60.0,602.0,,,,,,,11.55,-0.00431,10718.0,1.0,11.6,123792.9,BYBK,10.0,,,,,1,10.0,10.0,8.0,,,,,,4.0,2.0,,,,,,10.0,3.0,3.0,3.0,,,,5.0,6.0,,,10.0,9.0,7.0,8.0,,2.0,,5.0,8.0,3.0,1.0,1.0,10.0,3.0,1.0,,,1.0,2.0,5,7.0,10,1
2017-10-16,80517,,11,3,6020.0,07203T10,BYBK,BAY BANCORP INC,BYBK,551111.0,Q,A,R,13085,3,6020.0,,,,60.0,602.0,,,,,,,11.6,0.004329,10718.0,1.0,11.5,124328.8,BYBK,10.0,,,,,1,10.0,10.0,8.0,,,,,,4.0,2.0,,,,,,10.0,3.0,3.0,3.0,,,,5.0,6.0,,,10.0,9.0,7.0,8.0,,2.0,,5.0,8.0,3.0,1.0,1.0,10.0,3.0,1.0,,,1.0,2.0,5,7.0,10,1
2017-10-17,80517,,11,3,6020.0,07203T10,BYBK,BAY BANCORP INC,BYBK,551111.0,Q,A,R,13085,3,6020.0,,,,60.0,602.0,,,,,,,11.5,-0.008621,10718.0,1.0,11.5,123257.0,BYBK,10.0,,,,,1,10.0,10.0,8.0,,,,,,4.0,2.0,,,,,,10.0,3.0,3.0,3.0,,,,5.0,6.0,,,10.0,9.0,7.0,8.0,,2.0,,5.0,8.0,3.0,1.0,1.0,10.0,3.0,1.0,,,1.0,2.0,5,7.0,10,1
2017-10-18,80517,,11,3,6020.0,07203T10,BYBK,BAY BANCORP INC,BYBK,551111.0,Q,A,R,13085,3,6020.0,,,,60.0,602.0,,,,,,,11.5,0.0,10718.0,1.0,11.473,123257.0,BYBK,10.0,,,,,1,10.0,10.0,8.0,,,,,,4.0,2.0,,,,,,10.0,3.0,3.0,3.0,,,,5.0,6.0,,,10.0,9.0,7.0,8.0,,2.0,,5.0,8.0,3.0,1.0,1.0,10.0,3.0,1.0,,,1.0,2.0,5,7.0,10,1
2017-10-19,80517,,11,3,6020.0,07203T10,BYBK,BAY BANCORP INC,BYBK,551111.0,Q,A,R,13085,3,6020.0,,,,60.0,602.0,,,,,,,11.6,0.008696,10718.0,1.0,11.45,124328.8,BYBK,10.0,,,,,1,10.0,10.0,8.0,,,,,,4.0,2.0,,,,,,10.0,3.0,3.0,3.0,,,,5.0,6.0,,,10.0,9.0,7.0,8.0,,2.0,,5.0,8.0,3.0,1.0,1.0,10.0,3.0,1.0,,,1.0,2.0,5,7.0,10,1
2017-10-20,80517,,11,3,6020.0,07203T10,BYBK,BAY BANCORP INC,BYBK,551111.0,Q,A,R,13085,3,6020.0,,,,60.0,602.0,,,,,,,11.55,-0.00431,10718.0,1.0,11.6,123792.9,BYBK,10.0,,,,,1,10.0,10.0,8.0,,,,,,4.0,2.0,,,,,,10.0,3.0,3.0,3.0,,,,5.0,6.0,,,10.0,9.0,7.0,8.0,,2.0,,5.0,8.0,3.0,1.0,1.0,10.0,3.0,1.0,,,1.0,2.0,5,7.0,10,1
2017-10-23,80517,,11,3,6020.0,07203T10,BYBK,BAY BANCORP INC,BYBK,551111.0,Q,A,R,13085,3,6020.0,,,,60.0,602.0,,,,,,,11.55,0.0,10718.0,1.0,11.45,123792.9,BYBK,10.0,,,,,1,10.0,10.0,8.0,,,,,,4.0,2.0,,,,,,10.0,3.0,3.0,3.0,,,,5.0,6.0,,,10.0,9.0,7.0,8.0,,2.0,,5.0,8.0,3.0,1.0,1.0,10.0,3.0,1.0,,,1.0,2.0,5,7.0,10,1
2017-10-24,80517,,11,3,6020.0,07203T10,BYBK,BAY BANCORP INC,BYBK,551111.0,Q,A,R,13085,3,6020.0,,,,60.0,602.0,,,,,,,11.65,0.008658,10718.0,1.0,11.6,124864.7,BYBK,10.0,,,,,1,10.0,10.0,8.0,,,,,,4.0,2.0,,,,,,10.0,3.0,3.0,3.0,,,,5.0,6.0,,,10.0,9.0,7.0,8.0,,2.0,,5.0,8.0,3.0,1.0,1.0,10.0,3.0,1.0,,,1.0,2.0,5,7.0,10,1
2017-10-25,80517,,11,3,6020.0,07203T10,BYBK,BAY BANCORP INC,BYBK,551111.0,Q,A,R,13085,3,6020.0,,,,60.0,602.0,,,,,,,11.775,0.01073,10718.0,1.0,11.65,126204.45,BYBK,10.0,,,,,1,10.0,10.0,8.0,,,,,,4.0,2.0,,,,,,10.0,3.0,3.0,3.0,,,,5.0,6.0,,,10.0,9.0,7.0,8.0,,2.0,,5.0,8.0,3.0,1.0,1.0,10.0,3.0,1.0,,,1.0,2.0,5,7.0,10,1
2017-10-26,80517,,11,3,6020.0,07203T10,BYBK,BAY BANCORP INC,BYBK,551111.0,Q,A,R,13085,3,6020.0,,,,60.0,602.0,,,,,,,11.85,0.006369,10718.0,1.0,11.75,127008.3,BYBK,10.0,,,,,1,10.0,10.0,8.0,,,,,,4.0,2.0,,,,,,10.0,3.0,3.0,3.0,,,,5.0,6.0,,,10.0,9.0,7.0,8.0,,2.0,,5.0,8.0,3.0,1.0,1.0,10.0,3.0,1.0,,,1.0,2.0,5,7.0,10,1
2017-10-27,80517,,11,3,6020.0,07203T10,BYBK,BAY BANCORP INC,BYBK,551111.0,Q,A,R,13085,3,6020.0,,,,60.0,602.0,,,,,,,12.05,0.016878,10718.0,1.0,11.9,129151.9,BYBK,10.0,,,,,1,10.0,10.0,8.0,,,,,,4.0,2.0,,,,,,10.0,3.0,3.0,3.0,,,,5.0,6.0,,,10.0,9.0,7.0,8.0,,2.0,,5.0,8.0,3.0,1.0,1.0,10.0,3.0,1.0,,,1.0,2.0,5,7.0,10,1
2017-10-30,80517,,11,3,6020.0,07203T10,BYBK,BAY BANCORP INC,BYBK,551111.0,Q,A,R,13085,3,6020.0,,,,60.0,602.0,,,,,,,11.9,-0.012448,10718.0,1.0,12.05,127544.2,BYBK,10.0,,,,,1,10.0,10.0,8.0,,,,,,4.0,2.0,,,,,,10.0,3.0,3.0,3.0,,,,5.0,6.0,,,10.0,9.0,7.0,8.0,,2.0,,5.0,8.0,3.0,1.0,1.0,10.0,3.0,1.0,,,1.0,2.0,5,7.0,10,1
2017-10-31,80517,,11,3,6020.0,07203T10,BYBK,BAY BANCORP INC,BYBK,551111.0,Q,A,R,13085,3,6020.0,,,,60.0,602.0,,,,,,,11.95,0.004202,10718.0,1.0,11.9,128080.1,BYBK,10.0,,,,,1,10.0,10.0,8.0,,,,,,4.0,2.0,,,,,,10.0,3.0,3.0,3.0,,,,5.0,6.0,,,10.0,9.0,7.0,8.0,,2.0,,5.0,8.0,3.0,1.0,1.0,10.0,3.0,1.0,,,1.0,2.0,5,7.0,10,1
2017-11-01,80517,,11,3,6020.0,07203T10,BYBK,BAY BANCORP INC,BYBK,551111.0,Q,A,R,13085,3,6020.0,,,,60.0,602.0,,,,,,,11.9,-0.004184,10718.0,1.0,11.95,127544.2,BYBK,10.0,,,,,1,10.0,10.0,8.0,,,,,,4.0,2.0,,,,,,10.0,3.0,3.0,3.0,,,,10.0,8.0,,,10.0,10.0,4.0,8.0,,2.0,,7.0,10.0,4.0,3.0,1.0,10.0,8.0,3.0,,,1.0,2.0,5,6.0,10,1
2017-11-02,80517,,11,3,6020.0,07203T10,BYBK,BAY BANCORP INC,BYBK,551111.0,Q,A,R,13085,3,6020.0,,,,60.0,602.0,,,,,,,11.95,0.004202,10718.0,1.0,11.8,128080.1,BYBK,10.0,,,,,1,10.0,10.0,8.0,,,,,,4.0,2.0,,,,,,10.0,3.0,3.0,3.0,,,,10.0,8.0,,,10.0,10.0,4.0,8.0,,2.0,,7.0,10.0,4.0,3.0,1.0,10.0,8.0,3.0,,,1.0,2.0,5,6.0,10,1
2017-11-03,80517,,11,3,6020.0,07203T10,BYBK,BAY BANCORP INC,BYBK,551111.0,Q,A,R,13085,3,6020.0,,,,60.0,602.0,,,,,,,11.85,-0.008368,10718.0,1.0,11.9,127008.3,BYBK,10.0,,,,,1,10.0,10.0,8.0,,,,,,4.0,2.0,,,,,,10.0,3.0,3.0,3.0,,,,10.0,8.0,,,10.0,10.0,4.0,8.0,,2.0,,7.0,10.0,4.0,3.0,1.0,10.0,8.0,3.0,,,1.0,2.0,5,6.0,10,1
2017-11-06,80517,,11,3,6020.0,07203T10,BYBK,BAY BANCORP INC,BYBK,551111.0,Q,A,R,13085,3,6020.0,,,,60.0,602.0,,,,,,,11.8,-0.004219,10718.0,1.0,11.85,126472.4,BYBK,10.0,,,,,1,10.0,10.0,8.0,,,,,,4.0,2.0,,,,,,10.0,3.0,3.0,3.0,,,,10.0,8.0,,,10.0,10.0,4.0,8.0,,2.0,,7.0,10.0,4.0,3.0,1.0,10.0,8.0,3.0,,,1.0,2.0,5,6.0,10,1
2017-11-07,80517,,11,3,6020.0,07203T10,BYBK,BAY BANCORP INC,BYBK,551111.0,Q,A,R,13085,3,6020.0,,,,60.0,602.0,,,,,,,11.775,-0.002119,10718.0,1.0,11.75,126204.45,BYBK,10.0,,,,,1,10.0,10.0,8.0,,,,,,4.0,2.0,,,,,,10.0,3.0,3.0,3.0,,,,10.0,8.0,,,10.0,10.0,4.0,8.0,,2.0,,7.0,10.0,4.0,3.0,1.0,10.0,8.0,3.0,,,1.0,2.0,5,6.0,10,1
2017-11-08,80517,,11,3,6020.0,07203T10,BYBK,BAY BANCORP INC,BYBK,551111.0,Q,A,R,13085,3,6020.0,,,,60.0,602.0,,,,,,,11.65,-0.010616,10718.0,1.0,11.85,124864.7,BYBK,10.0,,,,,1,10.0,10.0,8.0,,,,,,4.0,2.0,,,,,,10.0,3.0,3.0,3.0,,,,10.0,8.0,,,10.0,10.0,4.0,8.0,,2.0,,7.0,10.0,4.0,3.0,1.0,10.0,8.0,3.0,,,1.0,2.0,5,6.0,10,1
2017-11-09,80517,,11,3,6020.0,07203T10,BYBK,BAY BANCORP INC,BYBK,551111.0,Q,A,R,13085,3,6020.0,,,,60.0,602.0,,,,,,,11.65,0.0,10718.0,1.0,11.65,124864.7,BYBK,10.0,,,,,1,10.0,10.0,8.0,,,,,,4.0,2.0,,,,,,10.0,3.0,3.0,3.0,,,,10.0,8.0,,,10.0,10.0,4.0,8.0,,2.0,,7.0,10.0,4.0,3.0,1.0,10.0,8.0,3.0,,,1.0,2.0,5,6.0,10,1
2017-11-10,80517,,11,3,6020.0,07203T10,BYBK,BAY BANCORP INC,BYBK,551111.0,Q,A,R,13085,3,6020.0,,,,60.0,602.0,,,,,,,11.65,0.0,10718.0,1.0,11.75,124864.7,BYBK,10.0,,,,,1,10.0,10.0,8.0,,,,,,4.0,2.0,,,,,,10.0,3.0,3.0,3.0,,,,10.0,8.0,,,10.0,10.0,4.0,8.0,,2.0,,7.0,10.0,4.0,3.0,1.0,10.0,8.0,3.0,,,1.0,2.0,5,6.0,10,1
2017-11-13,80517,,11,3,6020.0,07203T10,BYBK,BAY BANCORP INC,BYBK,551111.0,Q,A,R,13085,3,6020.0,,,,60.0,602.0,,,,,,,11.85,0.017167,10718.0,1.0,11.65,127008.3,BYBK,10.0,,,,,1,10.0,10.0,8.0,,,,,,4.0,2.0,,,,,,10.0,3.0,3.0,3.0,,,,10.0,8.0,,,10.0,10.0,4.0,8.0,,2.0,,7.0,10.0,4.0,3.0,1.0,10.0,8.0,3.0,,,1.0,2.0,5,6.0,10,1
2017-11-14,80517,,11,3,6020.0,07203T10,BYBK,BAY BANCORP INC,BYBK,551111.0,Q,A,R,13085,3,6020.0,,,,60.0,602.0,,,,,,,-11.725,-0.010549,10718.0,1.0,,-125668.55,BYBK,10.0,,,,,1,10.0,10.0,8.0,,,,,,4.0,2.0,,,,,,10.0,3.0,3.0,3.0,,,,10.0,8.0,,,10.0,10.0,4.0,8.0,,2.0,,7.0,10.0,4.0,3.0,1.0,10.0,8.0,3.0,,,1.0,2.0,5,6.0,10,1
2017-11-15,80517,,11,3,6020.0,07203T10,BYBK,BAY BANCORP INC,BYBK,551111.0,Q,A,R,13085,3,6020.0,,,,60.0,602.0,,,,,,,11.85,0.010661,10718.0,1.0,11.7,127008.3,BYBK,10.0,,,,,1,10.0,10.0,8.0,,,,,,4.0,2.0,,,,,,10.0,3.0,3.0,3.0,,,,10.0,8.0,,,10.0,10.0,4.0,8.0,,2.0,,7.0,10.0,4.0,3.0,1.0,10.0,8.0,3.0,,,1.0,2.0,5,6.0,10,1
2017-11-16,80517,,11,3,6020.0,07203T10,BYBK,BAY BANCORP INC,BYBK,551111.0,Q,A,R,13085,3,6020.0,,,,60.0,602.0,,,,,,,11.85,0.0,10718.0,1.0,11.85,127008.3,BYBK,10.0,,,,,1,10.0,10.0,8.0,,,,,,4.0,2.0,,,,,,10.0,3.0,3.0,3.0,,,,10.0,8.0,,,10.0,10.0,4.0,8.0,,2.0,,7.0,10.0,4.0,3.0,1.0,10.0,8.0,3.0,,,1.0,2.0,5,6.0,10,1
2017-11-17,80517,,11,3,6020.0,07203T10,BYBK,BAY BANCORP INC,BYBK,551111.0,Q,A,R,13085,3,6020.0,,,,60.0,602.0,,,,,,,11.75,-0.008439,10718.0,1.0,11.75,125936.5,BYBK,10.0,,,,,1,10.0,10.0,8.0,,,,,,4.0,2.0,,,,,,10.0,3.0,3.0,3.0,,,,10.0,8.0,,,10.0,10.0,4.0,8.0,,2.0,,7.0,10.0,4.0,3.0,1.0,10.0,8.0,3.0,,,1.0,2.0,5,6.0,10,1
2017-11-20,80517,,11,3,6020.0,07203T10,BYBK,BAY BANCORP INC,BYBK,551111.0,Q,A,R,13085,3,6020.0,,,,60.0,602.0,,,,,,,11.8,0.004255,10718.0,1.0,11.8,126472.4,BYBK,10.0,,,,,1,10.0,10.0,8.0,,,,,,4.0,2.0,,,,,,10.0,3.0,3.0,3.0,,,,10.0,8.0,,,10.0,10.0,4.0,8.0,,2.0,,7.0,10.0,4.0,3.0,1.0,10.0,8.0,3.0,,,1.0,2.0,5,6.0,10,1
2017-11-21,80517,,11,3,6020.0,07203T10,BYBK,BAY BANCORP INC,BYBK,551111.0,Q,A,R,13085,3,6020.0,,,,60.0,602.0,,,,,,,11.75,-0.004237,10718.0,1.0,11.9,125936.5,BYBK,10.0,,,,,1,10.0,10.0,8.0,,,,,,4.0,2.0,,,,,,10.0,3.0,3.0,3.0,,,,10.0,8.0,,,10.0,10.0,4.0,8.0,,2.0,,7.0,10.0,4.0,3.0,1.0,10.0,8.0,3.0,,,1.0,2.0,5,6.0,10,1
2017-11-22,80517,,11,3,6020.0,07203T10,BYBK,BAY BANCORP INC,BYBK,551111.0,Q,A,R,13085,3,6020.0,,,,60.0,602.0,,,,,,,11.8599,0.009353,10718.0,1.0,11.8,127114.4082,BYBK,10.0,,,,,1,10.0,10.0,8.0,,,,,,4.0,2.0,,,,,,10.0,3.0,3.0,3.0,,,,10.0,8.0,,,10.0,10.0,4.0,8.0,,2.0,,7.0,10.0,4.0,3.0,1.0,10.0,8.0,3.0,,,1.0,2.0,5,6.0,10,1
2017-11-24,80517,,11,3,6020.0,07203T10,BYBK,BAY BANCORP INC,BYBK,551111.0,Q,A,R,13085,3,6020.0,,,,60.0,602.0,,,,,,,11.8,-0.005051,10718.0,1.0,11.85,126472.4,BYBK,10.0,,,,,1,10.0,10.0,8.0,,,,,,4.0,2.0,,,,,,10.0,3.0,3.0,3.0,,,,10.0,8.0,,,10.0,10.0,4.0,8.0,,2.0,,7.0,10.0,4.0,3.0,1.0,10.0,8.0,3.0,,,1.0,2.0,5,6.0,10,1
2017-11-27,80517,,11,3,6020.0,07203T10,BYBK,BAY BANCORP INC,BYBK,551111.0,Q,A,R,13085,3,6020.0,,,,60.0,602.0,,,,,,,11.9,0.008475,10718.0,1.0,11.85,127544.2,BYBK,10.0,,,,,1,10.0,10.0,8.0,,,,,,4.0,2.0,,,,,,10.0,3.0,3.0,3.0,,,,10.0,8.0,,,10.0,10.0,4.0,8.0,,2.0,,7.0,10.0,4.0,3.0,1.0,10.0,8.0,3.0,,,1.0,2.0,5,6.0,10,1
2017-11-28,80517,,11,3,6020.0,07203T10,BYBK,BAY BANCORP INC,BYBK,551111.0,Q,A,R,13085,3,6020.0,,,,60.0,602.0,,,,,,,11.95,0.004202,10718.0,1.0,11.9,128080.1,BYBK,10.0,,,,,1,10.0,10.0,8.0,,,,,,4.0,2.0,,,,,,10.0,3.0,3.0,3.0,,,,10.0,8.0,,,10.0,10.0,4.0,8.0,,2.0,,7.0,10.0,4.0,3.0,1.0,10.0,8.0,3.0,,,1.0,2.0,5,6.0,10,1
2017-11-29,80517,,11,3,6020.0,07203T10,BYBK,BAY BANCORP INC,BYBK,551111.0,Q,A,R,13085,3,6020.0,,,,60.0,602.0,,,,,,,11.9,-0.004184,10718.0,1.0,12.0,127544.2,BYBK,10.0,,,,,1,10.0,10.0,8.0,,,,,,4.0,2.0,,,,,,10.0,3.0,3.0,3.0,,,,10.0,8.0,,,10.0,10.0,4.0,8.0,,2.0,,7.0,10.0,4.0,3.0,1.0,10.0,8.0,3.0,,,1.0,2.0,5,6.0,10,1
2017-11-30,80517,,11,3,6020.0,07203T10,BYBK,BAY BANCORP INC,BYBK,551111.0,Q,A,R,13085,3,6020.0,,,,60.0,602.0,,,,,,,12.0,0.008403,10718.0,1.0,11.9,128616.0,BYBK,10.0,,,,,1,10.0,10.0,8.0,,,,,,4.0,2.0,,,,,,10.0,3.0,3.0,3.0,,,,10.0,8.0,,,10.0,10.0,4.0,8.0,,2.0,,7.0,10.0,4.0,3.0,1.0,10.0,8.0,3.0,,,1.0,2.0,5,6.0,10,1
2017-12-01,80517,,11,3,6020.0,07203T10,BYBK,BAY BANCORP INC,BYBK,551111.0,Q,A,R,13085,3,6020.0,,,,60.0,602.0,,,,,,,12.0,0.0,10718.0,1.0,12.0,128616.0,BYBK,10.0,,,,,1,10.0,10.0,8.0,,,,,,4.0,2.0,,,,,,10.0,3.0,3.0,3.0,,,,10.0,9.0,,,10.0,10.0,5.0,8.0,,2.0,,7.0,10.0,4.0,7.0,1.0,10.0,1.0,7.0,,,1.0,2.0,5,6.0,10,1
2017-12-04,80517,,11,3,6020.0,07203T10,BYBK,BAY BANCORP INC,BYBK,551111.0,Q,A,R,13085,3,6020.0,,,,60.0,602.0,,,,,,,12.3,0.025,10718.0,1.0,12.05,131831.4,BYBK,10.0,,,,,1,10.0,10.0,8.0,,,,,,4.0,2.0,,,,,,10.0,3.0,3.0,3.0,,,,10.0,9.0,,,10.0,10.0,5.0,8.0,,2.0,,7.0,10.0,4.0,7.0,1.0,10.0,1.0,7.0,,,1.0,2.0,5,6.0,10,1
2017-12-05,80517,,11,3,6020.0,07203T10,BYBK,BAY BANCORP INC,BYBK,551111.0,Q,A,R,13085,3,6020.0,,,,60.0,602.0,,,,,,,12.35,0.004065,10718.0,1.0,12.3,132367.3,BYBK,10.0,,,,,1,10.0,10.0,8.0,,,,,,4.0,2.0,,,,,,10.0,3.0,3.0,3.0,,,,10.0,9.0,,,10.0,10.0,5.0,8.0,,2.0,,7.0,10.0,4.0,7.0,1.0,10.0,1.0,7.0,,,1.0,2.0,5,6.0,10,1
2017-12-06,80517,,11,3,6020.0,07203T10,BYBK,BAY BANCORP INC,BYBK,551111.0,Q,A,R,13085,3,6020.0,,,,60.0,602.0,,,,,,,12.3715,0.001741,10718.0,1.0,12.35,132597.737,BYBK,10.0,,,,,1,10.0,10.0,8.0,,,,,,4.0,2.0,,,,,,10.0,3.0,3.0,3.0,,,,10.0,9.0,,,10.0,10.0,5.0,8.0,,2.0,,7.0,10.0,4.0,7.0,1.0,10.0,1.0,7.0,,,1.0,2.0,5,6.0,10,1
2017-12-07,80517,,11,3,6020.0,07203T10,BYBK,BAY BANCORP INC,BYBK,551111.0,Q,A,R,13085,3,6020.0,,,,60.0,602.0,,,,,,,12.345,-0.002142,10718.0,1.0,12.45,132313.71,BYBK,10.0,,,,,1,10.0,10.0,8.0,,,,,,4.0,2.0,,,,,,10.0,3.0,3.0,3.0,,,,10.0,9.0,,,10.0,10.0,5.0,8.0,,2.0,,7.0,10.0,4.0,7.0,1.0,10.0,1.0,7.0,,,1.0,2.0,5,6.0,10,1
2017-12-08,80517,,11,3,6020.0,07203T10,BYBK,BAY BANCORP INC,BYBK,551111.0,Q,A,R,13085,3,6020.0,,,,60.0,602.0,,,,,,,12.3222,-0.001847,10718.0,1.0,12.35,132069.3396,BYBK,10.0,,,,,1,10.0,10.0,8.0,,,,,,4.0,2.0,,,,,,10.0,3.0,3.0,3.0,,,,10.0,9.0,,,10.0,10.0,5.0,8.0,,2.0,,7.0,10.0,4.0,7.0,1.0,10.0,1.0,7.0,,,1.0,2.0,5,6.0,10,1
2017-12-11,80517,,11,3,6020.0,07203T10,BYBK,BAY BANCORP INC,BYBK,551111.0,Q,A,R,13085,3,6020.0,,,,60.0,602.0,,,,,,,12.3,-0.001802,10718.0,1.0,12.4,131831.4,BYBK,10.0,,,,,1,10.0,10.0,8.0,,,,,,4.0,2.0,,,,,,10.0,3.0,3.0,3.0,,,,10.0,9.0,,,10.0,10.0,5.0,8.0,,2.0,,7.0,10.0,4.0,7.0,1.0,10.0,1.0,7.0,,,1.0,2.0,5,6.0,10,1
2017-12-12,80517,,11,3,6020.0,07203T10,BYBK,BAY BANCORP INC,BYBK,551111.0,Q,A,R,13085,3,6020.0,,,,60.0,602.0,,,,,,,12.275,-0.002033,10718.0,1.0,12.2,131563.45,BYBK,10.0,,,,,1,10.0,10.0,8.0,,,,,,4.0,2.0,,,,,,10.0,3.0,3.0,3.0,,,,10.0,9.0,,,10.0,10.0,5.0,8.0,,2.0,,7.0,10.0,4.0,7.0,1.0,10.0,1.0,7.0,,,1.0,2.0,5,6.0,10,1
2017-12-13,80517,,11,3,6020.0,07203T10,BYBK,BAY BANCORP INC,BYBK,551111.0,Q,A,R,13085,3,6020.0,,,,60.0,602.0,,,,,,,12.3,0.002037,10718.0,1.0,12.35,131831.4,BYBK,10.0,,,,,1,10.0,10.0,8.0,,,,,,4.0,2.0,,,,,,10.0,3.0,3.0,3.0,,,,10.0,9.0,,,10.0,10.0,5.0,8.0,,2.0,,7.0,10.0,4.0,7.0,1.0,10.0,1.0,7.0,,,1.0,2.0,5,6.0,10,1
2017-12-14,80517,,11,3,6020.0,07203T10,BYBK,BAY BANCORP INC,BYBK,551111.0,Q,A,R,13085,3,6020.0,,,,60.0,602.0,,,,,,,12.25,-0.004065,10718.0,1.0,12.4,131295.5,BYBK,10.0,,,,,1,10.0,10.0,8.0,,,,,,4.0,2.0,,,,,,10.0,3.0,3.0,3.0,,,,10.0,9.0,,,10.0,10.0,5.0,8.0,,2.0,,7.0,10.0,4.0,7.0,1.0,10.0,1.0,7.0,,,1.0,2.0,5,6.0,10,1
2017-12-15,80517,,11,3,6020.0,07203T10,BYBK,BAY BANCORP INC,BYBK,551111.0,Q,A,R,13085,3,6020.0,,,,60.0,602.0,,,,,,,12.25,0.0,10718.0,1.0,12.295,131295.5,BYBK,10.0,,,,,1,10.0,10.0,8.0,,,,,,4.0,2.0,,,,,,10.0,3.0,3.0,3.0,,,,10.0,9.0,,,10.0,10.0,5.0,8.0,,2.0,,7.0,10.0,4.0,7.0,1.0,10.0,1.0,7.0,,,1.0,2.0,5,6.0,10,1
2017-12-18,80517,,11,3,6020.0,07203T10,BYBK,BAY BANCORP INC,BYBK,551111.0,Q,A,R,13085,3,6020.0,,,,60.0,602.0,,,,,,,12.3,0.004082,10718.0,1.0,12.355,131831.4,BYBK,10.0,,,,,1,10.0,10.0,8.0,,,,,,4.0,2.0,,,,,,10.0,3.0,3.0,3.0,,,,10.0,9.0,,,10.0,10.0,5.0,8.0,,2.0,,7.0,10.0,4.0,7.0,1.0,10.0,1.0,7.0,,,1.0,2.0,5,6.0,10,1
2017-12-19,80517,,11,3,6020.0,07203T10,BYBK,BAY BANCORP INC,BYBK,551111.0,Q,A,R,13085,3,6020.0,,,,60.0,602.0,,,,,,,12.334,0.002764,10718.0,1.0,12.35,132195.812,BYBK,10.0,,,,,1,10.0,10.0,8.0,,,,,,4.0,2.0,,,,,,10.0,3.0,3.0,3.0,,,,10.0,9.0,,,10.0,10.0,5.0,8.0,,2.0,,7.0,10.0,4.0,7.0,1.0,10.0,1.0,7.0,,,1.0,2.0,5,6.0,10,1
2017-12-20,80517,,11,3,6020.0,07203T10,BYBK,BAY BANCORP INC,BYBK,551111.0,Q,A,R,13085,3,6020.0,,,,60.0,602.0,,,,,,,12.2,-0.010864,10718.0,1.0,12.3,130759.6,BYBK,10.0,,,,,1,10.0,10.0,8.0,,,,,,4.0,2.0,,,,,,10.0,3.0,3.0,3.0,,,,10.0,9.0,,,10.0,10.0,5.0,8.0,,2.0,,7.0,10.0,4.0,7.0,1.0,10.0,1.0,7.0,,,1.0,2.0,5,6.0,10,1
2017-12-21,80517,,11,3,6020.0,07203T10,BYBK,BAY BANCORP INC,BYBK,551111.0,Q,A,R,13085,3,6020.0,,,,60.0,602.0,,,,,,,12.2,0.0,10718.0,1.0,12.2289,130759.6,BYBK,10.0,,,,,1,10.0,10.0,8.0,,,,,,4.0,2.0,,,,,,10.0,3.0,3.0,3.0,,,,10.0,9.0,,,10.0,10.0,5.0,8.0,,2.0,,7.0,10.0,4.0,7.0,1.0,10.0,1.0,7.0,,,1.0,2.0,5,6.0,10,1
2017-12-22,80517,,11,3,6020.0,07203T10,BYBK,BAY BANCORP INC,BYBK,551111.0,Q,A,R,13085,3,6020.0,,,,60.0,602.0,,,,,,,12.25,0.004098,10718.0,1.0,12.25,131295.5,BYBK,10.0,,,,,1,10.0,10.0,8.0,,,,,,4.0,2.0,,,,,,10.0,3.0,3.0,3.0,,,,10.0,9.0,,,10.0,10.0,5.0,8.0,,2.0,,7.0,10.0,4.0,7.0,1.0,10.0,1.0,7.0,,,1.0,2.0,5,6.0,10,1
2017-12-26,80517,,11,3,6020.0,07203T10,BYBK,BAY BANCORP INC,BYBK,551111.0,Q,A,R,13085,3,6020.0,,,,60.0,602.0,,,,,,,-12.25,0.0,10718.0,1.0,,-131295.5,BYBK,10.0,,,,,1,10.0,10.0,8.0,,,,,,4.0,2.0,,,,,,10.0,3.0,3.0,3.0,,,,10.0,9.0,,,10.0,10.0,5.0,8.0,,2.0,,7.0,10.0,4.0,7.0,1.0,10.0,1.0,7.0,,,1.0,2.0,5,6.0,10,1
2017-12-27,80517,,11,3,6020.0,07203T10,BYBK,BAY BANCORP INC,BYBK,551111.0,Q,A,R,13085,3,6020.0,,,,60.0,602.0,,,,,,,12.25,0.0,10718.0,1.0,12.25,131295.5,BYBK,10.0,,,,,1,10.0,10.0,8.0,,,,,,4.0,2.0,,,,,,10.0,3.0,3.0,3.0,,,,10.0,9.0,,,10.0,10.0,5.0,8.0,,2.0,,7.0,10.0,4.0,7.0,1.0,10.0,1.0,7.0,,,1.0,2.0,5,6.0,10,1
2017-12-28,80517,,11,3,6020.0,07203T10,BYBK,BAY BANCORP INC,BYBK,551111.0,Q,A,R,13085,3,6020.0,,,,60.0,602.0,,,,,,,12.25,0.0,10718.0,1.0,12.25,131295.5,BYBK,10.0,,,,,1,10.0,10.0,8.0,,,,,,4.0,2.0,,,,,,10.0,3.0,3.0,3.0,,,,10.0,9.0,,,10.0,10.0,5.0,8.0,,2.0,,7.0,10.0,4.0,7.0,1.0,10.0,1.0,7.0,,,1.0,2.0,5,6.0,10,1
2017-12-29,80517,,11,3,6020.0,07203T10,BYBK,BAY BANCORP INC,BYBK,551111.0,Q,A,R,13085,3,6020.0,,,,60.0,602.0,,,,,,,12.225,-0.002041,10718.0,1.0,12.3,131027.55,BYBK,10.0,,,,,1,10.0,10.0,8.0,,,,,,4.0,2.0,,,,,,10.0,3.0,3.0,3.0,,,,10.0,9.0,,,10.0,10.0,5.0,8.0,,2.0,,7.0,10.0,4.0,7.0,1.0,10.0,1.0,7.0,,,1.0,2.0,5,6.0,10,1
2018-01-02,80517,,11,3,6020.0,07203T10,BYBK,BAY BANCORP INC,BYBK,551111.0,Q,A,R,13085,3,6020.0,,,,60.0,602.0,,,,,,,12.25,0.002045,10718.0,1.0,12.21,131295.5,BYBK,10.0,,,,,1,10.0,10.0,8.0,,,,,,4.0,2.0,,,,,,10.0,3.0,3.0,3.0,,,,10.0,7.0,,,10.0,10.0,4.0,8.0,,2.0,,7.0,9.0,4.0,5.0,10.0,10.0,9.0,5.0,5.0,6.0,1.0,2.0,5,10.0,10,1
2018-01-03,80517,,11,3,6020.0,07203T10,BYBK,BAY BANCORP INC,BYBK,551111.0,Q,A,R,13085,3,6020.0,,,,60.0,602.0,,,,,,,12.2,-0.004082,10718.0,1.0,12.35,130759.6,BYBK,10.0,,,,,1,10.0,10.0,8.0,,,,,,4.0,2.0,,,,,,10.0,3.0,3.0,3.0,,,,10.0,7.0,,,10.0,10.0,4.0,8.0,,2.0,,7.0,9.0,4.0,5.0,10.0,10.0,9.0,5.0,5.0,6.0,1.0,2.0,5,10.0,10,1
2018-01-04,80517,,11,3,6020.0,07203T10,BYBK,BAY BANCORP INC,BYBK,551111.0,Q,A,R,13085,3,6020.0,,,,60.0,602.0,,,,,,,12.25,0.004098,10718.0,1.0,12.2,131295.5,BYBK,10.0,,,,,1,10.0,10.0,8.0,,,,,,4.0,2.0,,,,,,10.0,3.0,3.0,3.0,,,,10.0,7.0,,,10.0,10.0,4.0,8.0,,2.0,,7.0,9.0,4.0,5.0,10.0,10.0,9.0,5.0,5.0,6.0,1.0,2.0,5,10.0,10,1
2018-01-05,80517,,11,3,6020.0,07203T10,BYBK,BAY BANCORP INC,BYBK,551111.0,Q,A,R,13085,3,6020.0,,,,60.0,602.0,,,,,,,12.25,0.0,10718.0,1.0,12.2,131295.5,BYBK,10.0,,,,,1,10.0,10.0,8.0,,,,,,4.0,2.0,,,,,,10.0,3.0,3.0,3.0,,,,10.0,7.0,,,10.0,10.0,4.0,8.0,,2.0,,7.0,9.0,4.0,5.0,10.0,10.0,9.0,5.0,5.0,6.0,1.0,2.0,5,10.0,10,1
2018-01-08,80517,,11,3,6020.0,07203T10,BYBK,BAY BANCORP INC,BYBK,551111.0,Q,A,R,13085,3,6020.0,,,,60.0,602.0,,,,,,,12.2,-0.004082,10718.0,1.0,12.25,130759.6,BYBK,10.0,,,,,1,10.0,10.0,8.0,,,,,,4.0,2.0,,,,,,10.0,3.0,3.0,3.0,,,,10.0,7.0,,,10.0,10.0,4.0,8.0,,2.0,,7.0,9.0,4.0,5.0,10.0,10.0,9.0,5.0,5.0,6.0,1.0,2.0,5,10.0,10,1
2018-01-09,80517,,11,3,6020.0,07203T10,BYBK,BAY BANCORP INC,BYBK,551111.0,Q,A,R,13085,3,6020.0,,,,60.0,602.0,,,,,,,12.3,0.008197,10718.0,1.0,12.25,131831.4,BYBK,10.0,,,,,1,10.0,10.0,8.0,,,,,,4.0,2.0,,,,,,10.0,3.0,3.0,3.0,,,,10.0,7.0,,,10.0,10.0,4.0,8.0,,2.0,,7.0,9.0,4.0,5.0,10.0,10.0,9.0,5.0,5.0,6.0,1.0,2.0,5,10.0,10,1
2018-01-10,80517,,11,3,6020.0,07203T10,BYBK,BAY BANCORP INC,BYBK,551111.0,Q,A,R,13085,3,6020.0,,,,60.0,602.0,,,,,,,12.275,-0.002033,10718.0,1.0,12.39,131563.45,BYBK,10.0,,,,,1,10.0,10.0,8.0,,,,,,4.0,2.0,,,,,,10.0,3.0,3.0,3.0,,,,10.0,7.0,,,10.0,10.0,4.0,8.0,,2.0,,7.0,9.0,4.0,5.0,10.0,10.0,9.0,5.0,5.0,6.0,1.0,2.0,5,10.0,10,1
2018-01-11,80517,,11,3,6020.0,07203T10,BYBK,BAY BANCORP INC,BYBK,551111.0,Q,A,R,13085,3,6020.0,,,,60.0,602.0,,,,,,,12.355,0.006517,10718.0,1.0,12.25,132420.89,BYBK,10.0,,,,,1,10.0,10.0,8.0,,,,,,4.0,2.0,,,,,,10.0,3.0,3.0,3.0,,,,10.0,7.0,,,10.0,10.0,4.0,8.0,,2.0,,7.0,9.0,4.0,5.0,10.0,10.0,9.0,5.0,5.0,6.0,1.0,2.0,5,10.0,10,1
2018-01-12,80517,,11,3,6020.0,07203T10,BYBK,BAY BANCORP INC,BYBK,551111.0,Q,A,R,13085,3,6020.0,,,,60.0,602.0,,,,,,,12.3916,0.002962,10718.0,1.0,12.45,132813.1688,BYBK,10.0,,,,,1,10.0,10.0,8.0,,,,,,4.0,2.0,,,,,,10.0,3.0,3.0,3.0,,,,10.0,7.0,,,10.0,10.0,4.0,8.0,,2.0,,7.0,9.0,4.0,5.0,10.0,10.0,9.0,5.0,5.0,6.0,1.0,2.0,5,10.0,10,1
2018-01-16,80517,,11,3,6020.0,07203T10,BYBK,BAY BANCORP INC,BYBK,551111.0,Q,A,R,13085,3,6020.0,,,,60.0,602.0,,,,,,,12.4,0.000678,10718.0,1.0,12.45,132903.2,BYBK,10.0,,,,,1,10.0,10.0,8.0,,,,,,4.0,2.0,,,,,,10.0,3.0,3.0,3.0,,,,10.0,7.0,,,10.0,10.0,4.0,8.0,,2.0,,7.0,9.0,4.0,5.0,10.0,10.0,9.0,5.0,5.0,6.0,1.0,2.0,5,10.0,10,1
2018-01-17,80517,,11,3,6020.0,07203T10,BYBK,BAY BANCORP INC,BYBK,551111.0,Q,A,R,13085,3,6020.0,,,,60.0,602.0,,,,,,,12.45,0.004032,10718.0,1.0,12.4,133439.1,BYBK,10.0,,,,,1,10.0,10.0,8.0,,,,,,4.0,2.0,,,,,,10.0,3.0,3.0,3.0,,,,10.0,7.0,,,10.0,10.0,4.0,8.0,,2.0,,7.0,9.0,4.0,5.0,10.0,10.0,9.0,5.0,5.0,6.0,1.0,2.0,5,10.0,10,1
2018-01-18,80517,,11,3,6020.0,07203T10,BYBK,BAY BANCORP INC,BYBK,551111.0,Q,A,R,13085,3,6020.0,,,,60.0,602.0,,,,,,,12.45,0.0,10718.0,1.0,12.5,133439.1,BYBK,10.0,,,,,1,10.0,10.0,8.0,,,,,,4.0,2.0,,,,,,10.0,3.0,3.0,3.0,,,,10.0,7.0,,,10.0,10.0,4.0,8.0,,2.0,,7.0,9.0,4.0,5.0,10.0,10.0,9.0,5.0,5.0,6.0,1.0,2.0,5,10.0,10,1
2018-01-19,80517,,11,3,6020.0,07203T10,BYBK,BAY BANCORP INC,BYBK,551111.0,Q,A,R,13085,3,6020.0,,,,60.0,602.0,,,,,,,12.43,-0.001606,10718.0,1.0,12.4,133224.74,BYBK,10.0,,,,,1,10.0,10.0,8.0,,,,,,4.0,2.0,,,,,,10.0,3.0,3.0,3.0,,,,10.0,7.0,,,10.0,10.0,4.0,8.0,,2.0,,7.0,9.0,4.0,5.0,10.0,10.0,9.0,5.0,5.0,6.0,1.0,2.0,5,10.0,10,1
2018-01-22,80517,,11,3,6020.0,07203T10,BYBK,BAY BANCORP INC,BYBK,551111.0,Q,A,R,13085,3,6020.0,,,,60.0,602.0,,,,,,,12.5,0.005632,10718.0,1.0,12.5,133975.0,BYBK,10.0,,,,,1,10.0,10.0,8.0,,,,,,4.0,2.0,,,,,,10.0,3.0,3.0,3.0,,,,10.0,7.0,,,10.0,10.0,4.0,8.0,,2.0,,7.0,9.0,4.0,5.0,10.0,10.0,9.0,5.0,5.0,6.0,1.0,2.0,5,10.0,10,1
2018-01-23,80517,,11,3,6020.0,07203T10,BYBK,BAY BANCORP INC,BYBK,551111.0,Q,A,R,13085,3,6020.0,,,,60.0,602.0,,,,,,,12.5,0.0,10718.0,1.0,12.5,133975.0,BYBK,10.0,,,,,1,10.0,10.0,8.0,,,,,,4.0,2.0,,,,,,10.0,3.0,3.0,3.0,,,,10.0,7.0,,,10.0,10.0,4.0,8.0,,2.0,,7.0,9.0,4.0,5.0,10.0,10.0,9.0,5.0,5.0,6.0,1.0,2.0,5,10.0,10,1
2018-01-24,80517,,11,3,6020.0,07203T10,BYBK,BAY BANCORP INC,BYBK,551111.0,Q,A,R,13085,3,6020.0,,,,60.0,602.0,,,,,,,12.55,0.004,10718.0,1.0,12.5,134510.9,BYBK,10.0,,,,,1,10.0,10.0,8.0,,,,,,4.0,2.0,,,,,,10.0,3.0,3.0,3.0,,,,10.0,7.0,,,10.0,10.0,4.0,8.0,,2.0,,7.0,9.0,4.0,5.0,10.0,10.0,9.0,5.0,5.0,6.0,1.0,2.0,5,10.0,10,1
2018-01-25,80517,,11,3,6020.0,07203T10,BYBK,BAY BANCORP INC,BYBK,551111.0,Q,A,R,13085,3,6020.0,,,,60.0,602.0,,,,,,,12.4665,-0.006653,10718.0,1.0,12.4665,133615.947,BYBK,10.0,,,,,1,10.0,10.0,8.0,,,,,,4.0,2.0,,,,,,10.0,3.0,3.0,3.0,,,,10.0,7.0,,,10.0,10.0,4.0,8.0,,2.0,,7.0,9.0,4.0,5.0,10.0,10.0,9.0,5.0,5.0,6.0,1.0,2.0,5,10.0,10,1
2018-01-26,80517,,11,3,6020.0,07203T10,BYBK,BAY BANCORP INC,BYBK,551111.0,Q,A,R,13085,3,6020.0,,,,60.0,602.0,,,,,,,12.6,0.010709,10718.0,1.0,12.6,135046.8,BYBK,10.0,,,,,1,10.0,10.0,8.0,,,,,,4.0,2.0,,,,,,10.0,3.0,3.0,3.0,,,,10.0,7.0,,,10.0,10.0,4.0,8.0,,2.0,,7.0,9.0,4.0,5.0,10.0,10.0,9.0,5.0,5.0,6.0,1.0,2.0,5,10.0,10,1
2018-01-29,80517,,11,3,6020.0,07203T10,BYBK,BAY BANCORP INC,BYBK,551111.0,Q,A,R,13085,3,6020.0,,,,60.0,602.0,,,,,,,12.455,-0.011508,10718.0,1.0,12.45,133492.69,BYBK,10.0,,,,,1,10.0,10.0,8.0,,,,,,4.0,2.0,,,,,,10.0,3.0,3.0,3.0,,,,10.0,7.0,,,10.0,10.0,4.0,8.0,,2.0,,7.0,9.0,4.0,5.0,10.0,10.0,9.0,5.0,5.0,6.0,1.0,2.0,5,10.0,10,1
2018-01-30,80517,,11,3,6020.0,07203T10,BYBK,BAY BANCORP INC,BYBK,551111.0,Q,A,R,13085,3,6020.0,,,,60.0,602.0,,,,,,,12.55,0.007627,10718.0,1.0,12.4,134510.9,BYBK,10.0,,,,,1,10.0,10.0,8.0,,,,,,4.0,2.0,,,,,,10.0,3.0,3.0,3.0,,,,10.0,7.0,,,10.0,10.0,4.0,8.0,,2.0,,7.0,9.0,4.0,5.0,10.0,10.0,9.0,5.0,5.0,6.0,1.0,2.0,5,10.0,10,1
2018-01-31,80517,,11,3,6020.0,07203T10,BYBK,BAY BANCORP INC,BYBK,551111.0,Q,A,R,13085,3,6020.0,,,,60.0,602.0,,,,,,,12.7,0.011952,10718.0,1.0,12.45,136118.6,BYBK,10.0,,,,,1,10.0,10.0,8.0,,,,,,4.0,2.0,,,,,,10.0,3.0,3.0,3.0,,,,10.0,7.0,,,10.0,10.0,4.0,8.0,,2.0,,7.0,9.0,4.0,5.0,10.0,10.0,9.0,5.0,5.0,6.0,1.0,2.0,5,10.0,10,1
2018-02-01,80517,,11,3,6020.0,07203T10,BYBK,BAY BANCORP INC,BYBK,551111.0,Q,A,R,13085,3,6020.0,,,,60.0,602.0,,,,,,,12.75,0.003937,10718.0,1.0,12.6,136654.5,BYBK,10.0,,,,,1,10.0,10.0,8.0,,,,,,4.0,2.0,,,,,,10.0,3.0,3.0,3.0,,,,10.0,9.0,,,10.0,10.0,3.0,7.0,,2.0,,4.0,4.0,3.0,5.0,10.0,10.0,6.0,7.0,7.0,9.0,1.0,2.0,5,10.0,10,1
2018-02-02,80517,,11,3,6020.0,07203T10,BYBK,BAY BANCORP INC,BYBK,551111.0,Q,A,R,13085,3,6020.0,,,,60.0,602.0,,,,,,,12.75,0.0,10718.0,1.0,12.75,136654.5,BYBK,10.0,,,,,1,10.0,10.0,8.0,,,,,,4.0,2.0,,,,,,10.0,3.0,3.0,3.0,,,,10.0,9.0,,,10.0,10.0,3.0,7.0,,2.0,,4.0,4.0,3.0,5.0,10.0,10.0,6.0,7.0,7.0,9.0,1.0,2.0,5,10.0,10,1
2018-02-05,80517,,11,3,6020.0,07203T10,BYBK,BAY BANCORP INC,BYBK,551111.0,Q,A,R,13085,3,6020.0,,,,60.0,602.0,,,,,,,12.5,-0.019608,10718.0,1.0,12.605,133975.0,BYBK,10.0,,,,,1,10.0,10.0,8.0,,,,,,4.0,2.0,,,,,,10.0,3.0,3.0,3.0,,,,10.0,9.0,,,10.0,10.0,3.0,7.0,,2.0,,4.0,4.0,3.0,5.0,10.0,10.0,6.0,7.0,7.0,9.0,1.0,2.0,5,10.0,10,1
2018-02-06,80517,,11,3,6020.0,07203T10,BYBK,BAY BANCORP INC,BYBK,551111.0,Q,A,R,13085,3,6020.0,,,,60.0,602.0,,,,,,,12.5,0.0,10718.0,1.0,12.4,133975.0,BYBK,10.0,,,,,1,10.0,10.0,8.0,,,,,,4.0,2.0,,,,,,10.0,3.0,3.0,3.0,,,,10.0,9.0,,,10.0,10.0,3.0,7.0,,2.0,,4.0,4.0,3.0,5.0,10.0,10.0,6.0,7.0,7.0,9.0,1.0,2.0,5,10.0,10,1
2018-02-07,80517,,11,3,6020.0,07203T10,BYBK,BAY BANCORP INC,BYBK,551111.0,Q,A,R,13085,3,6020.0,,,,60.0,602.0,,,,,,,12.5,0.0,10718.0,1.0,12.475,133975.0,BYBK,10.0,,,,,1,10.0,10.0,8.0,,,,,,4.0,2.0,,,,,,10.0,3.0,3.0,3.0,,,,10.0,9.0,,,10.0,10.0,3.0,7.0,,2.0,,4.0,4.0,3.0,5.0,10.0,10.0,6.0,7.0,7.0,9.0,1.0,2.0,5,10.0,10,1
2018-02-08,80517,,11,3,6020.0,07203T10,BYBK,BAY BANCORP INC,BYBK,551111.0,Q,A,R,13085,3,6020.0,,,,60.0,602.0,,,,,,,12.55,0.004,10718.0,1.0,12.5,134510.9,BYBK,10.0,,,,,1,10.0,10.0,8.0,,,,,,4.0,2.0,,,,,,10.0,3.0,3.0,3.0,,,,10.0,9.0,,,10.0,10.0,3.0,7.0,,2.0,,4.0,4.0,3.0,5.0,10.0,10.0,6.0,7.0,7.0,9.0,1.0,2.0,5,10.0,10,1
2018-02-09,80517,,11,3,6020.0,07203T10,BYBK,BAY BANCORP INC,BYBK,551111.0,Q,A,R,13085,3,6020.0,,,,60.0,602.0,,,,,,,12.75,0.015936,10718.0,1.0,12.6,136654.5,BYBK,10.0,,,,,1,10.0,10.0,8.0,,,,,,4.0,2.0,,,,,,10.0,3.0,3.0,3.0,,,,10.0,9.0,,,10.0,10.0,3.0,7.0,,2.0,,4.0,4.0,3.0,5.0,10.0,10.0,6.0,7.0,7.0,9.0,1.0,2.0,5,10.0,10,1
2018-02-12,80517,,11,3,6020.0,07203T10,BYBK,BAY BANCORP INC,BYBK,551111.0,Q,A,R,13085,3,6020.0,,,,60.0,602.0,,,,,,,12.6,-0.011765,10718.0,1.0,12.75,135046.8,BYBK,10.0,,,,,1,10.0,10.0,8.0,,,,,,4.0,2.0,,,,,,10.0,3.0,3.0,3.0,,,,10.0,9.0,,,10.0,10.0,3.0,7.0,,2.0,,4.0,4.0,3.0,5.0,10.0,10.0,6.0,7.0,7.0,9.0,1.0,2.0,5,10.0,10,1
2018-02-13,80517,,11,3,6020.0,07203T10,BYBK,BAY BANCORP INC,BYBK,551111.0,Q,A,R,13085,3,6020.0,,,,60.0,602.0,,,,,,,12.65,0.003968,10718.0,1.0,12.6,135582.7,BYBK,10.0,,,,,1,10.0,10.0,8.0,,,,,,4.0,2.0,,,,,,10.0,3.0,3.0,3.0,,,,10.0,9.0,,,10.0,10.0,3.0,7.0,,2.0,,4.0,4.0,3.0,5.0,10.0,10.0,6.0,7.0,7.0,9.0,1.0,2.0,5,10.0,10,1
2018-02-14,80517,,11,3,6020.0,07203T10,BYBK,BAY BANCORP INC,BYBK,551111.0,Q,A,R,13085,3,6020.0,,,,60.0,602.0,,,,,,,12.7354,0.006751,10718.0,1.0,12.75,136498.0172,BYBK,10.0,,,,,1,10.0,10.0,8.0,,,,,,4.0,2.0,,,,,,10.0,3.0,3.0,3.0,,,,10.0,9.0,,,10.0,10.0,3.0,7.0,,2.0,,4.0,4.0,3.0,5.0,10.0,10.0,6.0,7.0,7.0,9.0,1.0,2.0,5,10.0,10,1
2018-02-15,80517,,11,3,6020.0,07203T10,BYBK,BAY BANCORP INC,BYBK,551111.0,Q,A,R,13085,3,6020.0,,,,60.0,602.0,,,,,,,12.9,0.012925,10718.0,1.0,12.7,138262.2,BYBK,10.0,,,,,1,10.0,10.0,8.0,,,,,,4.0,2.0,,,,,,10.0,3.0,3.0,3.0,,,,10.0,9.0,,,10.0,10.0,3.0,7.0,,2.0,,4.0,4.0,3.0,5.0,10.0,10.0,6.0,7.0,7.0,9.0,1.0,2.0,5,10.0,10,1
2018-02-16,80517,,11,3,6020.0,07203T10,BYBK,BAY BANCORP INC,BYBK,551111.0,Q,A,R,13085,3,6020.0,,,,60.0,602.0,,,,,,,12.9,0.0,10718.0,1.0,12.8,138262.2,BYBK,10.0,,,,,1,10.0,10.0,8.0,,,,,,4.0,2.0,,,,,,10.0,3.0,3.0,3.0,,,,10.0,9.0,,,10.0,10.0,3.0,7.0,,2.0,,4.0,4.0,3.0,5.0,10.0,10.0,6.0,7.0,7.0,9.0,1.0,2.0,5,10.0,10,1
2018-02-20,80517,,11,3,6020.0,07203T10,BYBK,BAY BANCORP INC,BYBK,551111.0,Q,A,R,13085,3,6020.0,,,,60.0,602.0,,,,,,,12.8,-0.007752,10718.0,1.0,12.9,137190.4,BYBK,10.0,,,,,1,10.0,10.0,8.0,,,,,,4.0,2.0,,,,,,10.0,3.0,3.0,3.0,,,,10.0,9.0,,,10.0,10.0,3.0,7.0,,2.0,,4.0,4.0,3.0,5.0,10.0,10.0,6.0,7.0,7.0,9.0,1.0,2.0,5,10.0,10,1
2018-02-21,80517,,11,3,6020.0,07203T10,BYBK,BAY BANCORP INC,BYBK,551111.0,Q,A,R,13085,3,6020.0,,,,60.0,602.0,,,,,,,12.95,0.011719,10718.0,1.0,12.8,138798.1,BYBK,10.0,,,,,1,10.0,10.0,8.0,,,,,,4.0,2.0,,,,,,10.0,3.0,3.0,3.0,,,,10.0,9.0,,,10.0,10.0,3.0,7.0,,2.0,,4.0,4.0,3.0,5.0,10.0,10.0,6.0,7.0,7.0,9.0,1.0,2.0,5,10.0,10,1
2018-02-22,80517,,11,3,6020.0,07203T10,BYBK,BAY BANCORP INC,BYBK,551111.0,Q,A,R,13085,3,6020.0,,,,60.0,602.0,,,,,,,12.95,0.0,10718.0,1.0,12.95,138798.1,BYBK,10.0,,,,,1,10.0,10.0,8.0,,,,,,4.0,2.0,,,,,,10.0,3.0,3.0,3.0,,,,10.0,9.0,,,10.0,10.0,3.0,7.0,,2.0,,4.0,4.0,3.0,5.0,10.0,10.0,6.0,7.0,7.0,9.0,1.0,2.0,5,10.0,10,1
2018-02-23,80517,,11,3,6020.0,07203T10,BYBK,BAY BANCORP INC,BYBK,551111.0,Q,A,R,13085,3,6020.0,,,,60.0,602.0,,,,,,,12.9,-0.003861,10718.0,1.0,12.9,138262.2,BYBK,10.0,,,,,1,10.0,10.0,8.0,,,,,,4.0,2.0,,,,,,10.0,3.0,3.0,3.0,,,,10.0,9.0,,,10.0,10.0,3.0,7.0,,2.0,,4.0,4.0,3.0,5.0,10.0,10.0,6.0,7.0,7.0,9.0,1.0,2.0,5,10.0,10,1
2018-02-26,80517,,11,3,6020.0,07203T10,BYBK,BAY BANCORP INC,BYBK,551111.0,Q,A,R,13085,3,6020.0,,,,60.0,602.0,,,,,,,12.95,0.003876,10718.0,1.0,12.9,138798.1,BYBK,10.0,,,,,1,10.0,10.0,8.0,,,,,,4.0,2.0,,,,,,10.0,3.0,3.0,3.0,,,,10.0,9.0,,,10.0,10.0,3.0,7.0,,2.0,,4.0,4.0,3.0,5.0,10.0,10.0,6.0,7.0,7.0,9.0,1.0,2.0,5,10.0,10,1
2018-02-27,80517,,11,3,6020.0,07203T10,BYBK,BAY BANCORP INC,BYBK,551111.0,Q,A,R,13085,3,6020.0,,,,60.0,602.0,,,,,,,13.0,0.003861,10718.0,1.0,13.0,139334.0,BYBK,10.0,,,,,1,10.0,10.0,8.0,,,,,,4.0,2.0,,,,,,10.0,3.0,3.0,3.0,,,,10.0,9.0,,,10.0,10.0,3.0,7.0,,2.0,,4.0,4.0,3.0,5.0,10.0,10.0,6.0,7.0,7.0,9.0,1.0,2.0,5,10.0,10,1
2018-02-28,80517,,11,3,6020.0,07203T10,BYBK,BAY BANCORP INC,BYBK,551111.0,Q,A,R,13085,3,6020.0,,,,60.0,602.0,,,,,,,12.95,-0.003846,10718.0,1.0,13.05,138798.1,BYBK,10.0,,,,,1,10.0,10.0,8.0,,,,,,4.0,2.0,,,,,,10.0,3.0,3.0,3.0,,,,10.0,9.0,,,10.0,10.0,3.0,7.0,,2.0,,4.0,4.0,3.0,5.0,10.0,10.0,6.0,7.0,7.0,9.0,1.0,2.0,5,10.0,10,1
2018-03-01,80517,,11,3,6020.0,07203T10,BYBK,BAY BANCORP INC,BYBK,551111.0,Q,A,R,13085,3,6020.0,,,,60.0,602.0,,,,,,,13.0,0.003861,10718.0,1.0,13.05,139334.0,BYBK,10.0,,,,,1,10.0,10.0,8.0,,,,,,4.0,2.0,,,,,,10.0,3.0,3.0,3.0,,,,10.0,9.0,,,10.0,10.0,2.0,6.0,,2.0,,4.0,4.0,4.0,2.0,10.0,10.0,5.0,3.0,2.0,5.0,1.0,2.0,5,10.0,10,1
2018-03-02,80517,,11,3,6020.0,07203T10,BYBK,BAY BANCORP INC,BYBK,551111.0,Q,A,R,13085,3,6020.0,,,,60.0,602.0,,,,,,,13.05,0.003846,10718.0,1.0,13.0,139869.9,BYBK,10.0,,,,,1,10.0,10.0,8.0,,,,,,4.0,2.0,,,,,,10.0,3.0,3.0,3.0,,,,10.0,9.0,,,10.0,10.0,2.0,6.0,,2.0,,4.0,4.0,4.0,2.0,10.0,10.0,5.0,3.0,2.0,5.0,1.0,2.0,5,10.0,10,1
2018-03-05,80517,,11,3,6020.0,07203T10,BYBK,BAY BANCORP INC,BYBK,551111.0,Q,A,R,13085,3,6020.0,,,,60.0,602.0,,,,,,,13.15,0.007663,10718.0,1.0,13.1,140941.7,BYBK,10.0,,,,,1,10.0,10.0,8.0,,,,,,4.0,2.0,,,,,,10.0,3.0,3.0,3.0,,,,10.0,9.0,,,10.0,10.0,2.0,6.0,,2.0,,4.0,4.0,4.0,2.0,10.0,10.0,5.0,3.0,2.0,5.0,1.0,2.0,5,10.0,10,1
2018-03-06,80517,,11,3,6020.0,07203T10,BYBK,BAY BANCORP INC,BYBK,551111.0,Q,A,R,13085,3,6020.0,,,,60.0,602.0,,,,,,,13.1,-0.003802,10718.0,1.0,13.15,140405.8,BYBK,10.0,,,,,1,10.0,10.0,8.0,,,,,,4.0,2.0,,,,,,10.0,3.0,3.0,3.0,,,,10.0,9.0,,,10.0,10.0,2.0,6.0,,2.0,,4.0,4.0,4.0,2.0,10.0,10.0,5.0,3.0,2.0,5.0,1.0,2.0,5,10.0,10,1
2018-03-07,80517,,11,3,6020.0,07203T10,BYBK,BAY BANCORP INC,BYBK,551111.0,Q,A,R,13085,3,6020.0,,,,60.0,602.0,,,,,,,13.25,0.01145,10718.0,1.0,13.0,142013.5,BYBK,10.0,,,,,1,10.0,10.0,8.0,,,,,,4.0,2.0,,,,,,10.0,3.0,3.0,3.0,,,,10.0,9.0,,,10.0,10.0,2.0,6.0,,2.0,,4.0,4.0,4.0,2.0,10.0,10.0,5.0,3.0,2.0,5.0,1.0,2.0,5,10.0,10,1
2018-03-08,80517,,11,3,6020.0,07203T10,BYBK,BAY BANCORP INC,BYBK,551111.0,Q,A,R,13085,3,6020.0,,,,60.0,602.0,,,,,,,13.35,0.007547,10718.0,1.0,13.3,143085.3,BYBK,10.0,,,,,1,10.0,10.0,8.0,,,,,,4.0,2.0,,,,,,10.0,3.0,3.0,3.0,,,,10.0,9.0,,,10.0,10.0,2.0,6.0,,2.0,,4.0,4.0,4.0,2.0,10.0,10.0,5.0,3.0,2.0,5.0,1.0,2.0,5,10.0,10,1
2018-03-09,80517,,11,3,6020.0,07203T10,BYBK,BAY BANCORP INC,BYBK,551111.0,Q,A,R,13085,3,6020.0,,,,60.0,602.0,,,,,,,13.55,0.014981,10718.0,1.0,13.6,145228.9,BYBK,10.0,,,,,1,10.0,10.0,8.0,,,,,,4.0,2.0,,,,,,10.0,3.0,3.0,3.0,,,,10.0,9.0,,,10.0,10.0,2.0,6.0,,2.0,,4.0,4.0,4.0,2.0,10.0,10.0,5.0,3.0,2.0,5.0,1.0,2.0,5,10.0,10,1
2018-03-12,80517,,11,3,6020.0,07203T10,BYBK,BAY BANCORP INC,BYBK,551111.0,Q,A,R,13085,3,6020.0,,,,60.0,602.0,,,,,,,13.6,0.00369,10718.0,1.0,13.75,145764.8,BYBK,10.0,,,,,1,10.0,10.0,8.0,,,,,,4.0,2.0,,,,,,10.0,3.0,3.0,3.0,,,,10.0,9.0,,,10.0,10.0,2.0,6.0,,2.0,,4.0,4.0,4.0,2.0,10.0,10.0,5.0,3.0,2.0,5.0,1.0,2.0,5,10.0,10,1
2018-03-13,80517,,11,3,6020.0,07203T10,BYBK,BAY BANCORP INC,BYBK,551111.0,Q,A,R,13085,3,6020.0,,,,60.0,602.0,,,,,,,13.65,0.003676,10718.0,1.0,14.85,146300.7,BYBK,10.0,,,,,1,10.0,10.0,8.0,,,,,,4.0,2.0,,,,,,10.0,3.0,3.0,3.0,,,,10.0,9.0,,,10.0,10.0,2.0,6.0,,2.0,,4.0,4.0,4.0,2.0,10.0,10.0,5.0,3.0,2.0,5.0,1.0,2.0,5,10.0,10,1
2018-03-14,80517,,11,3,6020.0,07203T10,BYBK,BAY BANCORP INC,BYBK,551111.0,Q,A,R,13085,3,6020.0,,,,60.0,602.0,,,,,,,13.4,-0.018315,10718.0,1.0,14.8,143621.2,BYBK,10.0,,,,,1,10.0,10.0,8.0,,,,,,4.0,2.0,,,,,,10.0,3.0,3.0,3.0,,,,10.0,9.0,,,10.0,10.0,2.0,6.0,,2.0,,4.0,4.0,4.0,2.0,10.0,10.0,5.0,3.0,2.0,5.0,1.0,2.0,5,10.0,10,1
2018-03-15,80517,,11,3,6020.0,07203T10,BYBK,BAY BANCORP INC,BYBK,551111.0,Q,A,R,13085,3,6020.0,,,,60.0,602.0,,,,,,,13.55,0.011194,10718.0,1.0,13.35,145228.9,BYBK,10.0,,,,,1,10.0,10.0,8.0,,,,,,4.0,2.0,,,,,,10.0,3.0,3.0,3.0,,,,10.0,9.0,,,10.0,10.0,2.0,6.0,,2.0,,4.0,4.0,4.0,2.0,10.0,10.0,5.0,3.0,2.0,5.0,1.0,2.0,5,10.0,10,1
2018-03-16,80517,,11,3,6020.0,07203T10,BYBK,BAY BANCORP INC,BYBK,551111.0,Q,A,R,13085,3,6020.0,,,,60.0,602.0,,,,,,,13.75,0.01476,10718.0,1.0,13.5,147372.5,BYBK,10.0,,,,,1,10.0,10.0,8.0,,,,,,4.0,2.0,,,,,,10.0,3.0,3.0,3.0,,,,10.0,9.0,,,10.0,10.0,2.0,6.0,,2.0,,4.0,4.0,4.0,2.0,10.0,10.0,5.0,3.0,2.0,5.0,1.0,2.0,5,10.0,10,1
2018-03-19,80517,,11,3,6020.0,07203T10,BYBK,BAY BANCORP INC,BYBK,551111.0,Q,A,R,13085,3,6020.0,,,,60.0,602.0,,,,,,,13.45,-0.021818,10718.0,1.0,13.6182,144157.1,BYBK,10.0,,,,,1,10.0,10.0,8.0,,,,,,4.0,2.0,,,,,,10.0,3.0,3.0,3.0,,,,10.0,9.0,,,10.0,10.0,2.0,6.0,,2.0,,4.0,4.0,4.0,2.0,10.0,10.0,5.0,3.0,2.0,5.0,1.0,2.0,5,10.0,10,1
2018-03-20,80517,,11,3,6020.0,07203T10,BYBK,BAY BANCORP INC,BYBK,551111.0,Q,A,R,13085,3,6020.0,,,,60.0,602.0,,,,,,,13.45,0.0,10718.0,1.0,13.55,144157.1,BYBK,10.0,,,,,1,10.0,10.0,8.0,,,,,,4.0,2.0,,,,,,10.0,3.0,3.0,3.0,,,,10.0,9.0,,,10.0,10.0,2.0,6.0,,2.0,,4.0,4.0,4.0,2.0,10.0,10.0,5.0,3.0,2.0,5.0,1.0,2.0,5,10.0,10,1
2018-03-21,80517,,11,3,6020.0,07203T10,BYBK,BAY BANCORP INC,BYBK,551111.0,Q,A,R,13085,3,6020.0,,,,60.0,602.0,,,,,,,13.75,0.022305,10718.0,1.0,13.355,147372.5,BYBK,10.0,,,,,1,10.0,10.0,8.0,,,,,,4.0,2.0,,,,,,10.0,3.0,3.0,3.0,,,,10.0,9.0,,,10.0,10.0,2.0,6.0,,2.0,,4.0,4.0,4.0,2.0,10.0,10.0,5.0,3.0,2.0,5.0,1.0,2.0,5,10.0,10,1
2018-03-22,80517,,11,3,6020.0,07203T10,BYBK,BAY BANCORP INC,BYBK,551111.0,Q,A,R,13085,3,6020.0,,,,60.0,602.0,,,,,,,13.4,-0.025455,10718.0,1.0,13.4,143621.2,BYBK,10.0,,,,,1,10.0,10.0,8.0,,,,,,4.0,2.0,,,,,,10.0,3.0,3.0,3.0,,,,10.0,9.0,,,10.0,10.0,2.0,6.0,,2.0,,4.0,4.0,4.0,2.0,10.0,10.0,5.0,3.0,2.0,5.0,1.0,2.0,5,10.0,10,1
2018-03-23,80517,,11,3,6020.0,07203T10,BYBK,BAY BANCORP INC,BYBK,551111.0,Q,A,R,13085,3,6020.0,,,,60.0,602.0,,,,,,,13.3,-0.007463,10718.0,1.0,13.4,142549.4,BYBK,10.0,,,,,1,10.0,10.0,8.0,,,,,,4.0,2.0,,,,,,10.0,3.0,3.0,3.0,,,,10.0,9.0,,,10.0,10.0,2.0,6.0,,2.0,,4.0,4.0,4.0,2.0,10.0,10.0,5.0,3.0,2.0,5.0,1.0,2.0,5,10.0,10,1
2018-03-26,80517,,11,3,6020.0,07203T10,BYBK,BAY BANCORP INC,BYBK,551111.0,Q,A,R,13085,3,6020.0,,,,60.0,602.0,,,,,,,13.4,0.007519,10718.0,1.0,13.351,143621.2,BYBK,10.0,,,,,1,10.0,10.0,8.0,,,,,,4.0,2.0,,,,,,10.0,3.0,3.0,3.0,,,,10.0,9.0,,,10.0,10.0,2.0,6.0,,2.0,,4.0,4.0,4.0,2.0,10.0,10.0,5.0,3.0,2.0,5.0,1.0,2.0,5,10.0,10,1
2018-03-27,80517,,11,3,6020.0,07203T10,BYBK,BAY BANCORP INC,BYBK,551111.0,Q,A,R,13085,3,6020.0,,,,60.0,602.0,,,,,,,13.4,0.0,10718.0,1.0,13.45,143621.2,BYBK,10.0,,,,,1,10.0,10.0,8.0,,,,,,4.0,2.0,,,,,,10.0,3.0,3.0,3.0,,,,10.0,9.0,,,10.0,10.0,2.0,6.0,,2.0,,4.0,4.0,4.0,2.0,10.0,10.0,5.0,3.0,2.0,5.0,1.0,2.0,5,10.0,10,1
2018-03-28,80517,,11,3,6020.0,07203T10,BYBK,BAY BANCORP INC,BYBK,551111.0,Q,A,R,13085,3,6020.0,,,,60.0,602.0,,,,,,,13.35,-0.003731,10718.0,1.0,13.2,143085.3,BYBK,10.0,,,,,1,10.0,10.0,8.0,,,,,,4.0,2.0,,,,,,10.0,3.0,3.0,3.0,,,,10.0,9.0,,,10.0,10.0,2.0,6.0,,2.0,,4.0,4.0,4.0,2.0,10.0,10.0,5.0,3.0,2.0,5.0,1.0,2.0,5,10.0,10,1
2018-03-29,80517,,11,3,6020.0,07203T10,BYBK,BAY BANCORP INC,BYBK,551111.0,Q,A,R,13085,3,6020.0,,,,60.0,602.0,,,,,,,13.35,0.0,10718.0,1.0,13.55,143085.3,BYBK,10.0,,,,,1,10.0,10.0,8.0,,,,,,4.0,2.0,,,,,,10.0,3.0,3.0,3.0,,,,10.0,9.0,,,10.0,10.0,2.0,6.0,,2.0,,4.0,4.0,4.0,2.0,10.0,10.0,5.0,3.0,2.0,5.0,1.0,2.0,5,10.0,10,1
2018-04-02,80517,,11,3,6020.0,07203T10,BYBK,BAY BANCORP INC,BYBK,551111.0,Q,A,R,13085,3,6020.0,,,,60.0,602.0,,,,,,,13.3,-0.003745,10718.0,1.0,13.25,142549.4,BYBK,10.0,,,,,1,10.0,10.0,8.0,,,,,,4.0,2.0,,,,,,10.0,3.0,3.0,3.0,,,,,6.0,,,,10.0,1.0,6.0,,3.0,,4.0,4.0,4.0,4.0,10.0,10.0,2.0,2.0,1.0,2.0,1.0,2.0,5,10.0,10,1
2018-04-03,80517,,11,3,6020.0,07203T10,BYBK,BAY BANCORP INC,BYBK,551111.0,Q,A,R,13085,3,6020.0,,,,60.0,602.0,,,,,,,13.4,0.007519,10718.0,1.0,13.3,143621.2,BYBK,10.0,,,,,1,10.0,10.0,8.0,,,,,,4.0,2.0,,,,,,10.0,3.0,3.0,3.0,,,,,6.0,,,,10.0,1.0,6.0,,3.0,,4.0,4.0,4.0,4.0,10.0,10.0,2.0,2.0,1.0,2.0,1.0,2.0,5,10.0,10,1
2018-04-04,80517,,11,3,6020.0,07203T10,BYBK,BAY BANCORP INC,BYBK,551111.0,Q,A,R,13085,3,6020.0,,,,60.0,602.0,,,,,,,13.5,0.007463,10718.0,1.0,13.4,144693.0,BYBK,10.0,,,,,1,10.0,10.0,8.0,,,,,,4.0,2.0,,,,,,10.0,3.0,3.0,3.0,,,,,6.0,,,,10.0,1.0,6.0,,3.0,,4.0,4.0,4.0,4.0,10.0,10.0,2.0,2.0,1.0,2.0,1.0,2.0,5,10.0,10,1
2018-04-05,80517,,11,3,6020.0,07203T10,BYBK,BAY BANCORP INC,BYBK,551111.0,Q,A,R,13085,3,6020.0,,,,60.0,602.0,,,,,,,13.45,-0.003704,10718.0,1.0,13.45,144157.1,BYBK,10.0,,,,,1,10.0,10.0,8.0,,,,,,4.0,2.0,,,,,,10.0,3.0,3.0,3.0,,,,,6.0,,,,10.0,1.0,6.0,,3.0,,4.0,4.0,4.0,4.0,10.0,10.0,2.0,2.0,1.0,2.0,1.0,2.0,5,10.0,10,1
2018-04-06,80517,,11,3,6020.0,07203T10,BYBK,BAY BANCORP INC,BYBK,551111.0,Q,A,R,13085,3,6020.0,,,,60.0,602.0,,,,,,,13.3366,-0.008431,10718.0,1.0,13.45,142941.6788,BYBK,10.0,,,,,1,10.0,10.0,8.0,,,,,,4.0,2.0,,,,,,10.0,3.0,3.0,3.0,,,,,6.0,,,,10.0,1.0,6.0,,3.0,,4.0,4.0,4.0,4.0,10.0,10.0,2.0,2.0,1.0,2.0,1.0,2.0,5,10.0,10,1
2018-04-09,80517,,11,3,6020.0,07203T10,BYBK,BAY BANCORP INC,BYBK,551111.0,Q,A,R,13085,3,6020.0,,,,60.0,602.0,,,,,,,13.4,0.004754,10718.0,1.0,13.3,143621.2,BYBK,10.0,,,,,1,10.0,10.0,8.0,,,,,,4.0,2.0,,,,,,10.0,3.0,3.0,3.0,,,,,6.0,,,,10.0,1.0,6.0,,3.0,,4.0,4.0,4.0,4.0,10.0,10.0,2.0,2.0,1.0,2.0,1.0,2.0,5,10.0,10,1
2018-04-10,80517,,11,3,6020.0,07203T10,BYBK,BAY BANCORP INC,BYBK,551111.0,Q,A,R,13085,3,6020.0,,,,60.0,602.0,,,,,,,13.45,0.003731,10718.0,1.0,13.4,144157.1,BYBK,10.0,,,,,1,10.0,10.0,8.0,,,,,,4.0,2.0,,,,,,10.0,3.0,3.0,3.0,,,,,6.0,,,,10.0,1.0,6.0,,3.0,,4.0,4.0,4.0,4.0,10.0,10.0,2.0,2.0,1.0,2.0,1.0,2.0,5,10.0,10,1
2018-04-11,80517,,11,3,6020.0,07203T10,BYBK,BAY BANCORP INC,BYBK,551111.0,Q,A,R,13085,3,6020.0,,,,60.0,602.0,,,,,,,13.425,-0.001859,10718.0,1.0,13.5,143889.15,BYBK,10.0,,,,,1,10.0,10.0,8.0,,,,,,4.0,2.0,,,,,,10.0,3.0,3.0,3.0,,,,,6.0,,,,10.0,1.0,6.0,,3.0,,4.0,4.0,4.0,4.0,10.0,10.0,2.0,2.0,1.0,2.0,1.0,2.0,5,10.0,10,1
2018-04-12,80517,,11,3,6020.0,07203T10,BYBK,BAY BANCORP INC,BYBK,551111.0,Q,A,R,13085,3,6020.0,,,,60.0,602.0,,,,,,,13.6,0.013035,10718.0,1.0,13.45,145764.8,BYBK,10.0,,,,,1,10.0,10.0,8.0,,,,,,4.0,2.0,,,,,,10.0,3.0,3.0,3.0,,,,,6.0,,,,10.0,1.0,6.0,,3.0,,4.0,4.0,4.0,4.0,10.0,10.0,2.0,2.0,1.0,2.0,1.0,2.0,5,10.0,10,1
2018-04-13,80517,,11,3,6020.0,07203T10,BYBK,BAY BANCORP INC,BYBK,551111.0,Q,A,R,13085,3,6020.0,,231.0,,60.0,602.0,,,,,89938.0,0.0,13.3,-0.022059,10718.0,1.0,13.7,142549.4,BYBK,10.0,,,,,1,10.0,10.0,8.0,,,,,,4.0,2.0,,,,,,10.0,3.0,3.0,3.0,,,,,6.0,,,,10.0,1.0,6.0,,3.0,,4.0,4.0,4.0,4.0,10.0,10.0,2.0,2.0,1.0,2.0,1.0,2.0,5,10.0,10,1
2018-04-16,80517,,11,3,6020.0,07203T10,BYBK,BAY BANCORP INC,BYBK,551111.0,Q,A,R,13085,3,6020.0,,,,60.0,602.0,3723.0,13.49858,-1.0,89938.0,,,,,,,,,BYBK,10.0,,,,,1,10.0,10.0,8.0,,,,,,4.0,2.0,,,,,,10.0,3.0,3.0,3.0,,,,,6.0,,,,10.0,1.0,6.0,,3.0,,4.0,4.0,4.0,4.0,10.0,10.0,2.0,2.0,1.0,2.0,1.0,2.0,5,10.0,10,1
