,PERMNO,NAMEENDT,SHRCD,EXCHCD,SICCD,NCUSIP,TICKER,COMNAM,TSYMBOL,NAICS,PRIMEXCH,TRDSTAT,SECSTAT,PERMCO,HEXCD,HSICCD,CUSIP,DLSTCD,NEXTDT,HSICMG,HSICIG,DISTCD,DIVAMT,FACPR,ACPERM,NWPERM,DLPRC,PRC,RET,SHROUT,CFACPR,OPENPRC,MARKETCAP,TAQ_TICKER,pNYSE_size,pNYSE_value,pNYSE_prof,pNYSE_dur,pNYSE_valprof,pNYSE_fscore,pNYSE_debtiss,pNYSE_repurch,pNYSE_nissa,pNYSE_accruals,pNYSE_growth,pNYSE_aturnover,pNYSE_gmargins,pNYSE_divp,pNYSE_ep,pNYSE_cfp,pNYSE_noa,pNYSE_inv,pNYSE_invcap,pNYSE_igrowth,pNYSE_sgrowth,pNYSE_lev,pNYSE_roaa,pNYSE_roea,pNYSE_sp,pNYSE_gltnoa,pNYSE_divg,pNYSE_invaci,pNYSE_mom,pNYSE_indmom,pNYSE_valmom,pNYSE_valmomprof,pNYSE_shortint,pNYSE_mom12,pNYSE_momrev,pNYSE_lrrev,pNYSE_valuem,pNYSE_nissm,pNYSE_sue,pNYSE_roe,pNYSE_rome,pNYSE_roa,pNYSE_strev,pNYSE_ivol,pNYSE_betaarb,pNYSE_season,pNYSE_indrrev,pNYSE_indrrevlv,pNYSE_indmomrev,pNYSE_ciss,pNYSE_price,pNYSE_age,pNYSE_shvol,pNYSE_exchsw,pNYSE_ipo
2005-01-03,83592,,11,2,2834.0,14160C10,CTE,CARDIOTECH INTERNATIONAL INC,CTE,325412.0,A,A,R,31655,2,3841.0,,,,38.0,384.0,,,,,,,2.88,-0.023729,17694.0,1.0,2.98,50958.72,CTE,10.0,1.0,5.0,1.0,1.0,1,10.0,10.0,1.0,1.0,10.0,3.0,8.0,,2.0,,10.0,7.0,3.0,9.0,6.0,1.0,1.0,1.0,1.0,1.0,,,,3.0,,,3.0,1.0,1.0,1.0,4.0,1.0,,1.0,1.0,1.0,6.0,2.0,7.0,10.0,7.0,,,1.0,1.0,8,8.0,10,1
2005-01-04,83592,,11,2,2834.0,14160C10,CTE,CARDIOTECH INTERNATIONAL INC,CTE,325412.0,A,A,R,31655,2,3841.0,,,,38.0,384.0,,,,,,,2.8,-0.027778,17694.0,1.0,2.8,49543.2,CTE,10.0,1.0,5.0,1.0,1.0,1,10.0,10.0,1.0,1.0,10.0,3.0,8.0,,2.0,,10.0,7.0,3.0,9.0,6.0,1.0,1.0,1.0,1.0,1.0,,,,3.0,,,3.0,1.0,1.0,1.0,4.0,1.0,,1.0,1.0,1.0,6.0,2.0,7.0,10.0,7.0,,,1.0,1.0,8,8.0,10,1
2005-01-05,83592,,11,2,2834.0,14160C10,CTE,CARDIOTECH INTERNATIONAL INC,CTE,325412.0,A,A,R,31655,2,3841.0,,,,38.0,384.0,,,,,,,2.7,-0.035714,17694.0,1.0,2.76,47773.8,CTE,10.0,1.0,5.0,1.0,1.0,1,10.0,10.0,1.0,1.0,10.0,3.0,8.0,,2.0,,10.0,7.0,3.0,9.0,6.0,1.0,1.0,1.0,1.0,1.0,,,,3.0,,,3.0,1.0,1.0,1.0,4.0,1.0,,1.0,1.0,1.0,6.0,2.0,7.0,10.0,7.0,,,1.0,1.0,8,8.0,10,1
2005-01-06,83592,,11,2,2834.0,14160C10,CTE,CARDIOTECH INTERNATIONAL INC,CTE,325412.0,A,A,R,31655,2,3841.0,,,,38.0,384.0,,,,,,,2.57,-0.048148,17694.0,1.0,2.7,45473.58,CTE,10.0,1.0,5.0,1.0,1.0,1,10.0,10.0,1.0,1.0,10.0,3.0,8.0,,2.0,,10.0,7.0,3.0,9.0,6.0,1.0,1.0,1.0,1.0,1.0,,,,3.0,,,3.0,1.0,1.0,1.0,4.0,1.0,,1.0,1.0,1.0,6.0,2.0,7.0,10.0,7.0,,,1.0,1.0,8,8.0,10,1
2005-01-07,83592,,11,2,2834.0,14160C10,CTE,CARDIOTECH INTERNATIONAL INC,CTE,325412.0,A,A,R,31655,2,3841.0,,,,38.0,384.0,,,,,,,2.46,-0.042802,17694.0,1.0,2.5,43527.24,CTE,10.0,1.0,5.0,1.0,1.0,1,10.0,10.0,1.0,1.0,10.0,3.0,8.0,,2.0,,10.0,7.0,3.0,9.0,6.0,1.0,1.0,1.0,1.0,1.0,,,,3.0,,,3.0,1.0,1.0,1.0,4.0,1.0,,1.0,1.0,1.0,6.0,2.0,7.0,10.0,7.0,,,1.0,1.0,8,8.0,10,1
2005-01-10,83592,,11,2,2834.0,14160C10,CTE,CARDIOTECH INTERNATIONAL INC,CTE,325412.0,A,A,R,31655,2,3841.0,,,,38.0,384.0,,,,,,,2.47,0.004065,17694.0,1.0,2.45,43704.18,CTE,10.0,1.0,5.0,1.0,1.0,1,10.0,10.0,1.0,1.0,10.0,3.0,8.0,,2.0,,10.0,7.0,3.0,9.0,6.0,1.0,1.0,1.0,1.0,1.0,,,,3.0,,,3.0,1.0,1.0,1.0,4.0,1.0,,1.0,1.0,1.0,6.0,2.0,7.0,10.0,7.0,,,1.0,1.0,8,8.0,10,1
2005-01-11,83592,,11,2,2834.0,14160C10,CTE,CARDIOTECH INTERNATIONAL INC,CTE,325412.0,A,A,R,31655,2,3841.0,,,,38.0,384.0,,,,,,,2.48,0.004049,17694.0,1.0,2.47,43881.12,CTE,10.0,1.0,5.0,1.0,1.0,1,10.0,10.0,1.0,1.0,10.0,3.0,8.0,,2.0,,10.0,7.0,3.0,9.0,6.0,1.0,1.0,1.0,1.0,1.0,,,,3.0,,,3.0,1.0,1.0,1.0,4.0,1.0,,1.0,1.0,1.0,6.0,2.0,7.0,10.0,7.0,,,1.0,1.0,8,8.0,10,1
2005-01-12,83592,,11,2,2834.0,14160C10,CTE,CARDIOTECH INTERNATIONAL INC,CTE,325412.0,A,A,R,31655,2,3841.0,,,,38.0,384.0,,,,,,,2.46,-0.008065,17694.0,1.0,2.47,43527.24,CTE,10.0,1.0,5.0,1.0,1.0,1,10.0,10.0,1.0,1.0,10.0,3.0,8.0,,2.0,,10.0,7.0,3.0,9.0,6.0,1.0,1.0,1.0,1.0,1.0,,,,3.0,,,3.0,1.0,1.0,1.0,4.0,1.0,,1.0,1.0,1.0,6.0,2.0,7.0,10.0,7.0,,,1.0,1.0,8,8.0,10,1
2005-01-13,83592,,11,2,2834.0,14160C10,CTE,CARDIOTECH INTERNATIONAL INC,CTE,325412.0,A,A,R,31655,2,3841.0,,,,38.0,384.0,,,,,,,2.41,-0.020325,17694.0,1.0,2.45,42642.54,CTE,10.0,1.0,5.0,1.0,1.0,1,10.0,10.0,1.0,1.0,10.0,3.0,8.0,,2.0,,10.0,7.0,3.0,9.0,6.0,1.0,1.0,1.0,1.0,1.0,,,,3.0,,,3.0,1.0,1.0,1.0,4.0,1.0,,1.0,1.0,1.0,6.0,2.0,7.0,10.0,7.0,,,1.0,1.0,8,8.0,10,1
2005-01-14,83592,,11,2,2834.0,14160C10,CTE,CARDIOTECH INTERNATIONAL INC,CTE,325412.0,A,A,R,31655,2,3841.0,,,,38.0,384.0,,,,,,,2.49,0.033195,17694.0,1.0,2.42,44058.06,CTE,10.0,1.0,5.0,1.0,1.0,1,10.0,10.0,1.0,1.0,10.0,3.0,8.0,,2.0,,10.0,7.0,3.0,9.0,6.0,1.0,1.0,1.0,1.0,1.0,,,,3.0,,,3.0,1.0,1.0,1.0,4.0,1.0,,1.0,1.0,1.0,6.0,2.0,7.0,10.0,7.0,,,1.0,1.0,8,8.0,10,1
2005-01-18,83592,,11,2,2834.0,14160C10,CTE,CARDIOTECH INTERNATIONAL INC,CTE,325412.0,A,A,R,31655,2,3841.0,,,,38.0,384.0,,,,,,,2.51,0.008032,17694.0,1.0,2.43,44411.94,CTE,10.0,1.0,5.0,1.0,1.0,1,10.0,10.0,1.0,1.0,10.0,3.0,8.0,,2.0,,10.0,7.0,3.0,9.0,6.0,1.0,1.0,1.0,1.0,1.0,,,,3.0,,,3.0,1.0,1.0,1.0,4.0,1.0,,1.0,1.0,1.0,6.0,2.0,7.0,10.0,7.0,,,1.0,1.0,8,8.0,10,1
2005-01-19,83592,,11,2,2834.0,14160C10,CTE,CARDIOTECH INTERNATIONAL INC,CTE,325412.0,A,A,R,31655,2,3841.0,,,,38.0,384.0,,,,,,,2.5,-0.003984,17694.0,1.0,2.43,44235.0,CTE,10.0,1.0,5.0,1.0,1.0,1,10.0,10.0,1.0,1.0,10.0,3.0,8.0,,2.0,,10.0,7.0,3.0,9.0,6.0,1.0,1.0,1.0,1.0,1.0,,,,3.0,,,3.0,1.0,1.0,1.0,4.0,1.0,,1.0,1.0,1.0,6.0,2.0,7.0,10.0,7.0,,,1.0,1.0,8,8.0,10,1
2005-01-20,83592,,11,2,2834.0,14160C10,CTE,CARDIOTECH INTERNATIONAL INC,CTE,325412.0,A,A,R,31655,2,3841.0,,,,38.0,384.0,,,,,,,2.45,-0.02,17694.0,1.0,2.53,43350.3,CTE,10.0,1.0,5.0,1.0,1.0,1,10.0,10.0,1.0,1.0,10.0,3.0,8.0,,2.0,,10.0,7.0,3.0,9.0,6.0,1.0,1.0,1.0,1.0,1.0,,,,3.0,,,3.0,1.0,1.0,1.0,4.0,1.0,,1.0,1.0,1.0,6.0,2.0,7.0,10.0,7.0,,,1.0,1.0,8,8.0,10,1
2005-01-21,83592,,11,2,2834.0,14160C10,CTE,CARDIOTECH INTERNATIONAL INC,CTE,325412.0,A,A,R,31655,2,3841.0,,,,38.0,384.0,,,,,,,2.4,-0.020408,17694.0,1.0,2.4,42465.6,CTE,10.0,1.0,5.0,1.0,1.0,1,10.0,10.0,1.0,1.0,10.0,3.0,8.0,,2.0,,10.0,7.0,3.0,9.0,6.0,1.0,1.0,1.0,1.0,1.0,,,,3.0,,,3.0,1.0,1.0,1.0,4.0,1.0,,1.0,1.0,1.0,6.0,2.0,7.0,10.0,7.0,,,1.0,1.0,8,8.0,10,1
2005-01-24,83592,,11,2,2834.0,14160C10,CTE,CARDIOTECH INTERNATIONAL INC,CTE,325412.0,A,A,R,31655,2,3841.0,,,,38.0,384.0,,,,,,,2.45,0.020833,17694.0,1.0,2.46,43350.3,CTE,10.0,1.0,5.0,1.0,1.0,1,10.0,10.0,1.0,1.0,10.0,3.0,8.0,,2.0,,10.0,7.0,3.0,9.0,6.0,1.0,1.0,1.0,1.0,1.0,,,,3.0,,,3.0,1.0,1.0,1.0,4.0,1.0,,1.0,1.0,1.0,6.0,2.0,7.0,10.0,7.0,,,1.0,1.0,8,8.0,10,1
2005-01-25,83592,,11,2,2834.0,14160C10,CTE,CARDIOTECH INTERNATIONAL INC,CTE,325412.0,A,A,R,31655,2,3841.0,,,,38.0,384.0,,,,,,,2.44,-0.004082,17694.0,1.0,2.45,43173.36,CTE,10.0,1.0,5.0,1.0,1.0,1,10.0,10.0,1.0,1.0,10.0,3.0,8.0,,2.0,,10.0,7.0,3.0,9.0,6.0,1.0,1.0,1.0,1.0,1.0,,,,3.0,,,3.0,1.0,1.0,1.0,4.0,1.0,,1.0,1.0,1.0,6.0,2.0,7.0,10.0,7.0,,,1.0,1.0,8,8.0,10,1
2005-01-26,83592,,11,2,2834.0,14160C10,CTE,CARDIOTECH INTERNATIONAL INC,CTE,325412.0,A,A,R,31655,2,3841.0,,,,38.0,384.0,,,,,,,2.4,-0.016393,17694.0,1.0,2.42,42465.6,CTE,10.0,1.0,5.0,1.0,1.0,1,10.0,10.0,1.0,1.0,10.0,3.0,8.0,,2.0,,10.0,7.0,3.0,9.0,6.0,1.0,1.0,1.0,1.0,1.0,,,,3.0,,,3.0,1.0,1.0,1.0,4.0,1.0,,1.0,1.0,1.0,6.0,2.0,7.0,10.0,7.0,,,1.0,1.0,8,8.0,10,1
2005-01-27,83592,,11,2,2834.0,14160C10,CTE,CARDIOTECH INTERNATIONAL INC,CTE,325412.0,A,A,R,31655,2,3841.0,,,,38.0,384.0,,,,,,,2.43,0.0125,17694.0,1.0,2.42,42996.42,CTE,10.0,1.0,5.0,1.0,1.0,1,10.0,10.0,1.0,1.0,10.0,3.0,8.0,,2.0,,10.0,7.0,3.0,9.0,6.0,1.0,1.0,1.0,1.0,1.0,,,,3.0,,,3.0,1.0,1.0,1.0,4.0,1.0,,1.0,1.0,1.0,6.0,2.0,7.0,10.0,7.0,,,1.0,1.0,8,8.0,10,1
2005-01-28,83592,,11,2,2834.0,14160C10,CTE,CARDIOTECH INTERNATIONAL INC,CTE,325412.0,A,A,R,31655,2,3841.0,,,,38.0,384.0,,,,,,,2.401,-0.011934,17694.0,1.0,2.43,42483.294,CTE,10.0,1.0,5.0,1.0,1.0,1,10.0,10.0,1.0,1.0,10.0,3.0,8.0,,2.0,,10.0,7.0,3.0,9.0,6.0,1.0,1.0,1.0,1.0,1.0,,,,3.0,,,3.0,1.0,1.0,1.0,4.0,1.0,,1.0,1.0,1.0,6.0,2.0,7.0,10.0,7.0,,,1.0,1.0,8,8.0,10,1
2005-01-31,83592,,11,2,2834.0,14160C10,CTE,CARDIOTECH INTERNATIONAL INC,CTE,325412.0,A,A,R,31655,2,3841.0,,,,38.0,384.0,,,,,,,2.4,-0.000416,17694.0,1.0,2.4,42465.6,CTE,10.0,1.0,5.0,1.0,1.0,1,10.0,10.0,1.0,1.0,10.0,3.0,8.0,,2.0,,10.0,7.0,3.0,9.0,6.0,1.0,1.0,1.0,1.0,1.0,,,,3.0,,,3.0,1.0,1.0,1.0,4.0,1.0,,1.0,1.0,1.0,6.0,2.0,7.0,10.0,7.0,,,1.0,1.0,8,8.0,10,1
2005-02-01,83592,,11,2,2834.0,14160C10,CTE,CARDIOTECH INTERNATIONAL INC,CTE,325412.0,A,A,R,31655,2,3841.0,,,,38.0,384.0,,,,,,,2.4,0.0,17694.0,1.0,2.4,42465.6,CTE,10.0,1.0,5.0,1.0,1.0,1,10.0,10.0,1.0,1.0,10.0,3.0,8.0,,2.0,,10.0,7.0,3.0,9.0,6.0,1.0,1.0,1.0,1.0,1.0,,,,4.0,,,4.0,1.0,1.0,1.0,5.0,1.0,,1.0,1.0,1.0,10.0,1.0,6.0,10.0,10.0,,,7.0,1.0,8,8.0,10,1
2005-02-02,83592,,11,2,2834.0,14160C10,CTE,CARDIOTECH INTERNATIONAL INC,CTE,325412.0,A,A,R,31655,2,3841.0,,,,38.0,384.0,,,,,,,2.47,0.029167,17694.0,1.0,2.4,43704.18,CTE,10.0,1.0,5.0,1.0,1.0,1,10.0,10.0,1.0,1.0,10.0,3.0,8.0,,2.0,,10.0,7.0,3.0,9.0,6.0,1.0,1.0,1.0,1.0,1.0,,,,4.0,,,4.0,1.0,1.0,1.0,5.0,1.0,,1.0,1.0,1.0,10.0,1.0,6.0,10.0,10.0,,,7.0,1.0,8,8.0,10,1
2005-02-03,83592,,11,2,2834.0,14160C10,CTE,CARDIOTECH INTERNATIONAL INC,CTE,325412.0,A,A,R,31655,2,3841.0,,,,38.0,384.0,,,,,,,2.48,0.004049,17694.0,1.0,2.49,43881.12,CTE,10.0,1.0,5.0,1.0,1.0,1,10.0,10.0,1.0,1.0,10.0,3.0,8.0,,2.0,,10.0,7.0,3.0,9.0,6.0,1.0,1.0,1.0,1.0,1.0,,,,4.0,,,4.0,1.0,1.0,1.0,5.0,1.0,,1.0,1.0,1.0,10.0,1.0,6.0,10.0,10.0,,,7.0,1.0,8,8.0,10,1
2005-02-04,83592,,11,2,2834.0,14160C10,CTE,CARDIOTECH INTERNATIONAL INC,CTE,325412.0,A,A,R,31655,2,3841.0,,,,38.0,384.0,,,,,,,2.64,0.064516,17694.0,1.0,2.5,46712.16,CTE,10.0,1.0,5.0,1.0,1.0,1,10.0,10.0,1.0,1.0,10.0,3.0,8.0,,2.0,,10.0,7.0,3.0,9.0,6.0,1.0,1.0,1.0,1.0,1.0,,,,4.0,,,4.0,1.0,1.0,1.0,5.0,1.0,,1.0,1.0,1.0,10.0,1.0,6.0,10.0,10.0,,,7.0,1.0,8,8.0,10,1
2005-02-07,83592,,11,2,2834.0,14160C10,CTE,CARDIOTECH INTERNATIONAL INC,CTE,325412.0,A,A,R,31655,2,3841.0,,,,38.0,384.0,,,,,,,2.61,-0.011364,17694.0,1.0,2.66,46181.34,CTE,10.0,1.0,5.0,1.0,1.0,1,10.0,10.0,1.0,1.0,10.0,3.0,8.0,,2.0,,10.0,7.0,3.0,9.0,6.0,1.0,1.0,1.0,1.0,1.0,,,,4.0,,,4.0,1.0,1.0,1.0,5.0,1.0,,1.0,1.0,1.0,10.0,1.0,6.0,10.0,10.0,,,7.0,1.0,8,8.0,10,1
2005-02-08,83592,,11,2,2834.0,14160C10,CTE,CARDIOTECH INTERNATIONAL INC,CTE,325412.0,A,A,R,31655,2,3841.0,,,,38.0,384.0,,,,,,,2.6,-0.003831,17694.0,1.0,2.6,46004.4,CTE,10.0,1.0,5.0,1.0,1.0,1,10.0,10.0,1.0,1.0,10.0,3.0,8.0,,2.0,,10.0,7.0,3.0,9.0,6.0,1.0,1.0,1.0,1.0,1.0,,,,4.0,,,4.0,1.0,1.0,1.0,5.0,1.0,,1.0,1.0,1.0,10.0,1.0,6.0,10.0,10.0,,,7.0,1.0,8,8.0,10,1
2005-02-09,83592,,11,2,2834.0,14160C10,CTE,CARDIOTECH INTERNATIONAL INC,CTE,325412.0,A,A,R,31655,2,3841.0,,,,38.0,384.0,,,,,,,2.61,0.003846,17694.0,1.0,2.6,46181.34,CTE,10.0,1.0,5.0,1.0,1.0,1,10.0,10.0,1.0,1.0,10.0,3.0,8.0,,2.0,,10.0,7.0,3.0,9.0,6.0,1.0,1.0,1.0,1.0,1.0,,,,4.0,,,4.0,1.0,1.0,1.0,5.0,1.0,,1.0,1.0,1.0,10.0,1.0,6.0,10.0,10.0,,,7.0,1.0,8,8.0,10,1
2005-02-10,83592,,11,2,2834.0,14160C10,CTE,CARDIOTECH INTERNATIONAL INC,CTE,325412.0,A,A,R,31655,2,3841.0,,,,38.0,384.0,,,,,,,2.55,-0.022988,17694.0,1.0,2.6,45119.7,CTE,10.0,1.0,5.0,1.0,1.0,1,10.0,10.0,1.0,1.0,10.0,3.0,8.0,,2.0,,10.0,7.0,3.0,9.0,6.0,1.0,1.0,1.0,1.0,1.0,,,,4.0,,,4.0,1.0,1.0,1.0,5.0,1.0,,1.0,1.0,1.0,10.0,1.0,6.0,10.0,10.0,,,7.0,1.0,8,8.0,10,1
2005-02-11,83592,,11,2,2834.0,14160C10,CTE,CARDIOTECH INTERNATIONAL INC,CTE,325412.0,A,A,R,31655,2,3841.0,,,,38.0,384.0,,,,,,,2.6,0.019608,17694.0,1.0,2.55,46004.4,CTE,10.0,1.0,5.0,1.0,1.0,1,10.0,10.0,1.0,1.0,10.0,3.0,8.0,,2.0,,10.0,7.0,3.0,9.0,6.0,1.0,1.0,1.0,1.0,1.0,,,,4.0,,,4.0,1.0,1.0,1.0,5.0,1.0,,1.0,1.0,1.0,10.0,1.0,6.0,10.0,10.0,,,7.0,1.0,8,8.0,10,1
2005-02-14,83592,,11,2,2834.0,14160C10,CTE,CARDIOTECH INTERNATIONAL INC,CTE,325412.0,A,A,R,31655,2,3841.0,,,,38.0,384.0,,,,,,,2.69,0.034615,17694.0,1.0,2.65,47596.86,CTE,10.0,1.0,5.0,1.0,1.0,1,10.0,10.0,1.0,1.0,10.0,3.0,8.0,,2.0,,10.0,7.0,3.0,9.0,6.0,1.0,1.0,1.0,1.0,1.0,,,,4.0,,,4.0,1.0,1.0,1.0,5.0,1.0,,1.0,1.0,1.0,10.0,1.0,6.0,10.0,10.0,,,7.0,1.0,8,8.0,10,1
2005-02-15,83592,,11,2,2834.0,14160C10,CTE,CARDIOTECH INTERNATIONAL INC,CTE,325412.0,A,A,R,31655,2,3841.0,,,,38.0,384.0,,,,,,,2.6,-0.033457,17694.0,1.0,2.7,46004.4,CTE,10.0,1.0,5.0,1.0,1.0,1,10.0,10.0,1.0,1.0,10.0,3.0,8.0,,2.0,,10.0,7.0,3.0,9.0,6.0,1.0,1.0,1.0,1.0,1.0,,,,4.0,,,4.0,1.0,1.0,1.0,5.0,1.0,,1.0,1.0,1.0,10.0,1.0,6.0,10.0,10.0,,,7.0,1.0,8,8.0,10,1
2005-02-16,83592,,11,2,2834.0,14160C10,CTE,CARDIOTECH INTERNATIONAL INC,CTE,325412.0,A,A,R,31655,2,3841.0,,,,38.0,384.0,,,,,,,2.55,-0.019231,17694.0,1.0,2.6,45119.7,CTE,10.0,1.0,5.0,1.0,1.0,1,10.0,10.0,1.0,1.0,10.0,3.0,8.0,,2.0,,10.0,7.0,3.0,9.0,6.0,1.0,1.0,1.0,1.0,1.0,,,,4.0,,,4.0,1.0,1.0,1.0,5.0,1.0,,1.0,1.0,1.0,10.0,1.0,6.0,10.0,10.0,,,7.0,1.0,8,8.0,10,1
2005-02-17,83592,,11,2,2834.0,14160C10,CTE,CARDIOTECH INTERNATIONAL INC,CTE,325412.0,A,A,R,31655,2,3841.0,,,,38.0,384.0,,,,,,,2.49,-0.023529,17694.0,1.0,2.54,44058.06,CTE,10.0,1.0,5.0,1.0,1.0,1,10.0,10.0,1.0,1.0,10.0,3.0,8.0,,2.0,,10.0,7.0,3.0,9.0,6.0,1.0,1.0,1.0,1.0,1.0,,,,4.0,,,4.0,1.0,1.0,1.0,5.0,1.0,,1.0,1.0,1.0,10.0,1.0,6.0,10.0,10.0,,,7.0,1.0,8,8.0,10,1
2005-02-18,83592,,11,2,2834.0,14160C10,CTE,CARDIOTECH INTERNATIONAL INC,CTE,325412.0,A,A,R,31655,2,3841.0,,,,38.0,384.0,,,,,,,2.44,-0.02008,17694.0,1.0,2.45,43173.36,CTE,10.0,1.0,5.0,1.0,1.0,1,10.0,10.0,1.0,1.0,10.0,3.0,8.0,,2.0,,10.0,7.0,3.0,9.0,6.0,1.0,1.0,1.0,1.0,1.0,,,,4.0,,,4.0,1.0,1.0,1.0,5.0,1.0,,1.0,1.0,1.0,10.0,1.0,6.0,10.0,10.0,,,7.0,1.0,8,8.0,10,1
2005-02-22,83592,,11,2,2834.0,14160C10,CTE,CARDIOTECH INTERNATIONAL INC,CTE,325412.0,A,A,R,31655,2,3841.0,,,,38.0,384.0,,,,,,,2.48,0.016393,17694.0,1.0,2.43,43881.12,CTE,10.0,1.0,5.0,1.0,1.0,1,10.0,10.0,1.0,1.0,10.0,3.0,8.0,,2.0,,10.0,7.0,3.0,9.0,6.0,1.0,1.0,1.0,1.0,1.0,,,,4.0,,,4.0,1.0,1.0,1.0,5.0,1.0,,1.0,1.0,1.0,10.0,1.0,6.0,10.0,10.0,,,7.0,1.0,8,8.0,10,1
2005-02-23,83592,,11,2,2834.0,14160C10,CTE,CARDIOTECH INTERNATIONAL INC,CTE,325412.0,A,A,R,31655,2,3841.0,,,,38.0,384.0,,,,,,,2.41,-0.028226,17694.0,1.0,2.42,42642.54,CTE,10.0,1.0,5.0,1.0,1.0,1,10.0,10.0,1.0,1.0,10.0,3.0,8.0,,2.0,,10.0,7.0,3.0,9.0,6.0,1.0,1.0,1.0,1.0,1.0,,,,4.0,,,4.0,1.0,1.0,1.0,5.0,1.0,,1.0,1.0,1.0,10.0,1.0,6.0,10.0,10.0,,,7.0,1.0,8,8.0,10,1
2005-02-24,83592,,11,2,2834.0,14160C10,CTE,CARDIOTECH INTERNATIONAL INC,CTE,325412.0,A,A,R,31655,2,3841.0,,,,38.0,384.0,,,,,,,2.39,-0.008299,17694.0,1.0,2.43,42288.66,CTE,10.0,1.0,5.0,1.0,1.0,1,10.0,10.0,1.0,1.0,10.0,3.0,8.0,,2.0,,10.0,7.0,3.0,9.0,6.0,1.0,1.0,1.0,1.0,1.0,,,,4.0,,,4.0,1.0,1.0,1.0,5.0,1.0,,1.0,1.0,1.0,10.0,1.0,6.0,10.0,10.0,,,7.0,1.0,8,8.0,10,1
2005-02-25,83592,,11,2,2834.0,14160C10,CTE,CARDIOTECH INTERNATIONAL INC,CTE,325412.0,A,A,R,31655,2,3841.0,,,,38.0,384.0,,,,,,,2.4,0.004184,17694.0,1.0,2.39,42465.6,CTE,10.0,1.0,5.0,1.0,1.0,1,10.0,10.0,1.0,1.0,10.0,3.0,8.0,,2.0,,10.0,7.0,3.0,9.0,6.0,1.0,1.0,1.0,1.0,1.0,,,,4.0,,,4.0,1.0,1.0,1.0,5.0,1.0,,1.0,1.0,1.0,10.0,1.0,6.0,10.0,10.0,,,7.0,1.0,8,8.0,10,1
2005-02-28,83592,,11,2,2834.0,14160C10,CTE,CARDIOTECH INTERNATIONAL INC,CTE,325412.0,A,A,R,31655,2,3841.0,,,,38.0,384.0,,,,,,,2.2,-0.083333,18862.0,1.0,2.38,41496.4,CTE,10.0,1.0,5.0,1.0,1.0,1,10.0,10.0,1.0,1.0,10.0,3.0,8.0,,2.0,,10.0,7.0,3.0,9.0,6.0,1.0,1.0,1.0,1.0,1.0,,,,4.0,,,4.0,1.0,1.0,1.0,5.0,1.0,,1.0,1.0,1.0,10.0,1.0,6.0,10.0,10.0,,,7.0,1.0,8,8.0,10,1
2005-03-01,83592,,11,2,2834.0,14160C10,CTE,CARDIOTECH INTERNATIONAL INC,CTE,325412.0,A,A,R,31655,2,3841.0,,,,38.0,384.0,,,,,,,2.22,0.009091,18862.0,1.0,2.2,41873.64,CTE,10.0,1.0,5.0,1.0,1.0,1,10.0,10.0,1.0,1.0,10.0,3.0,8.0,,2.0,,10.0,7.0,3.0,9.0,6.0,1.0,1.0,1.0,1.0,1.0,,,,5.0,,,4.0,1.0,1.0,2.0,6.0,2.0,,1.0,1.0,1.0,10.0,1.0,6.0,9.0,10.0,,,1.0,1.0,8,8.0,10,1
2005-03-02,83592,,11,2,2834.0,14160C10,CTE,CARDIOTECH INTERNATIONAL INC,CTE,325412.0,A,A,R,31655,2,3841.0,,,,38.0,384.0,,,,,,,2.26,0.018018,18862.0,1.0,2.22,42628.12,CTE,10.0,1.0,5.0,1.0,1.0,1,10.0,10.0,1.0,1.0,10.0,3.0,8.0,,2.0,,10.0,7.0,3.0,9.0,6.0,1.0,1.0,1.0,1.0,1.0,,,,5.0,,,4.0,1.0,1.0,2.0,6.0,2.0,,1.0,1.0,1.0,10.0,1.0,6.0,9.0,10.0,,,1.0,1.0,8,8.0,10,1
2005-03-03,83592,,11,2,2834.0,14160C10,CTE,CARDIOTECH INTERNATIONAL INC,CTE,325412.0,A,A,R,31655,2,3841.0,,,,38.0,384.0,,,,,,,2.27,0.004425,18862.0,1.0,2.22,42816.74,CTE,10.0,1.0,5.0,1.0,1.0,1,10.0,10.0,1.0,1.0,10.0,3.0,8.0,,2.0,,10.0,7.0,3.0,9.0,6.0,1.0,1.0,1.0,1.0,1.0,,,,5.0,,,4.0,1.0,1.0,2.0,6.0,2.0,,1.0,1.0,1.0,10.0,1.0,6.0,9.0,10.0,,,1.0,1.0,8,8.0,10,1
2005-03-04,83592,,11,2,2834.0,14160C10,CTE,CARDIOTECH INTERNATIONAL INC,CTE,325412.0,A,A,R,31655,2,3841.0,,,,38.0,384.0,,,,,,,2.4,0.057269,18862.0,1.0,2.35,45268.8,CTE,10.0,1.0,5.0,1.0,1.0,1,10.0,10.0,1.0,1.0,10.0,3.0,8.0,,2.0,,10.0,7.0,3.0,9.0,6.0,1.0,1.0,1.0,1.0,1.0,,,,5.0,,,4.0,1.0,1.0,2.0,6.0,2.0,,1.0,1.0,1.0,10.0,1.0,6.0,9.0,10.0,,,1.0,1.0,8,8.0,10,1
2005-03-07,83592,,11,2,2834.0,14160C10,CTE,CARDIOTECH INTERNATIONAL INC,CTE,325412.0,A,A,R,31655,2,3841.0,,,,38.0,384.0,,,,,,,2.41,0.004167,18862.0,1.0,2.47,45457.42,CTE,10.0,1.0,5.0,1.0,1.0,1,10.0,10.0,1.0,1.0,10.0,3.0,8.0,,2.0,,10.0,7.0,3.0,9.0,6.0,1.0,1.0,1.0,1.0,1.0,,,,5.0,,,4.0,1.0,1.0,2.0,6.0,2.0,,1.0,1.0,1.0,10.0,1.0,6.0,9.0,10.0,,,1.0,1.0,8,8.0,10,1
2005-03-08,83592,,11,2,2834.0,14160C10,CTE,CARDIOTECH INTERNATIONAL INC,CTE,325412.0,A,A,R,31655,2,3841.0,,,,38.0,384.0,,,,,,,2.35,-0.024896,18862.0,1.0,2.39,44325.7,CTE,10.0,1.0,5.0,1.0,1.0,1,10.0,10.0,1.0,1.0,10.0,3.0,8.0,,2.0,,10.0,7.0,3.0,9.0,6.0,1.0,1.0,1.0,1.0,1.0,,,,5.0,,,4.0,1.0,1.0,2.0,6.0,2.0,,1.0,1.0,1.0,10.0,1.0,6.0,9.0,10.0,,,1.0,1.0,8,8.0,10,1
2005-03-09,83592,,11,2,2834.0,14160C10,CTE,CARDIOTECH INTERNATIONAL INC,CTE,325412.0,A,A,R,31655,2,3841.0,,,,38.0,384.0,,,,,,,2.34,-0.004255,18862.0,1.0,2.35,44137.08,CTE,10.0,1.0,5.0,1.0,1.0,1,10.0,10.0,1.0,1.0,10.0,3.0,8.0,,2.0,,10.0,7.0,3.0,9.0,6.0,1.0,1.0,1.0,1.0,1.0,,,,5.0,,,4.0,1.0,1.0,2.0,6.0,2.0,,1.0,1.0,1.0,10.0,1.0,6.0,9.0,10.0,,,1.0,1.0,8,8.0,10,1
2005-03-10,83592,,11,2,2834.0,14160C10,CTE,CARDIOTECH INTERNATIONAL INC,CTE,325412.0,A,A,R,31655,2,3841.0,,,,38.0,384.0,,,,,,,2.26,-0.034188,18862.0,1.0,2.29,42628.12,CTE,10.0,1.0,5.0,1.0,1.0,1,10.0,10.0,1.0,1.0,10.0,3.0,8.0,,2.0,,10.0,7.0,3.0,9.0,6.0,1.0,1.0,1.0,1.0,1.0,,,,5.0,,,4.0,1.0,1.0,2.0,6.0,2.0,,1.0,1.0,1.0,10.0,1.0,6.0,9.0,10.0,,,1.0,1.0,8,8.0,10,1
2005-03-11,83592,,11,2,2834.0,14160C10,CTE,CARDIOTECH INTERNATIONAL INC,CTE,325412.0,A,A,R,31655,2,3841.0,,,,38.0,384.0,,,,,,,2.22,-0.017699,18862.0,1.0,2.22,41873.64,CTE,10.0,1.0,5.0,1.0,1.0,1,10.0,10.0,1.0,1.0,10.0,3.0,8.0,,2.0,,10.0,7.0,3.0,9.0,6.0,1.0,1.0,1.0,1.0,1.0,,,,5.0,,,4.0,1.0,1.0,2.0,6.0,2.0,,1.0,1.0,1.0,10.0,1.0,6.0,9.0,10.0,,,1.0,1.0,8,8.0,10,1
2005-03-14,83592,,11,2,2834.0,14160C10,CTE,CARDIOTECH INTERNATIONAL INC,CTE,325412.0,A,A,R,31655,2,3841.0,,,,38.0,384.0,,,,,,,2.21,-0.004504,18862.0,1.0,2.2,41685.02,CTE,10.0,1.0,5.0,1.0,1.0,1,10.0,10.0,1.0,1.0,10.0,3.0,8.0,,2.0,,10.0,7.0,3.0,9.0,6.0,1.0,1.0,1.0,1.0,1.0,,,,5.0,,,4.0,1.0,1.0,2.0,6.0,2.0,,1.0,1.0,1.0,10.0,1.0,6.0,9.0,10.0,,,1.0,1.0,8,8.0,10,1
2005-03-15,83592,,11,2,2834.0,14160C10,CTE,CARDIOTECH INTERNATIONAL INC,CTE,325412.0,A,A,R,31655,2,3841.0,,,,38.0,384.0,,,,,,,2.19,-0.00905,18862.0,1.0,2.2,41307.78,CTE,10.0,1.0,5.0,1.0,1.0,1,10.0,10.0,1.0,1.0,10.0,3.0,8.0,,2.0,,10.0,7.0,3.0,9.0,6.0,1.0,1.0,1.0,1.0,1.0,,,,5.0,,,4.0,1.0,1.0,2.0,6.0,2.0,,1.0,1.0,1.0,10.0,1.0,6.0,9.0,10.0,,,1.0,1.0,8,8.0,10,1
2005-03-16,83592,,11,2,2834.0,14160C10,CTE,CARDIOTECH INTERNATIONAL INC,CTE,325412.0,A,A,R,31655,2,3841.0,,,,38.0,384.0,,,,,,,2.19,0.0,18862.0,1.0,2.17,41307.78,CTE,10.0,1.0,5.0,1.0,1.0,1,10.0,10.0,1.0,1.0,10.0,3.0,8.0,,2.0,,10.0,7.0,3.0,9.0,6.0,1.0,1.0,1.0,1.0,1.0,,,,5.0,,,4.0,1.0,1.0,2.0,6.0,2.0,,1.0,1.0,1.0,10.0,1.0,6.0,9.0,10.0,,,1.0,1.0,8,8.0,10,1
2005-03-17,83592,,11,2,2834.0,14160C10,CTE,CARDIOTECH INTERNATIONAL INC,CTE,325412.0,A,A,R,31655,2,3841.0,,,,38.0,384.0,,,,,,,1.95,-0.109589,18862.0,1.0,2.07,36780.9,CTE,10.0,1.0,5.0,1.0,1.0,1,10.0,10.0,1.0,1.0,10.0,3.0,8.0,,2.0,,10.0,7.0,3.0,9.0,6.0,1.0,1.0,1.0,1.0,1.0,,,,5.0,,,4.0,1.0,1.0,2.0,6.0,2.0,,1.0,1.0,1.0,10.0,1.0,6.0,9.0,10.0,,,1.0,1.0,8,8.0,10,1
2005-03-18,83592,,11,2,2834.0,14160C10,CTE,CARDIOTECH INTERNATIONAL INC,CTE,325412.0,A,A,R,31655,2,3841.0,,,,38.0,384.0,,,,,,,2.08,0.066667,18862.0,1.0,1.95,39232.96,CTE,10.0,1.0,5.0,1.0,1.0,1,10.0,10.0,1.0,1.0,10.0,3.0,8.0,,2.0,,10.0,7.0,3.0,9.0,6.0,1.0,1.0,1.0,1.0,1.0,,,,5.0,,,4.0,1.0,1.0,2.0,6.0,2.0,,1.0,1.0,1.0,10.0,1.0,6.0,9.0,10.0,,,1.0,1.0,8,8.0,10,1
2005-03-21,83592,,11,2,2834.0,14160C10,CTE,CARDIOTECH INTERNATIONAL INC,CTE,325412.0,A,A,R,31655,2,3841.0,,,,38.0,384.0,,,,,,,2.1,0.009615,18862.0,1.0,2.03,39610.2,CTE,10.0,1.0,5.0,1.0,1.0,1,10.0,10.0,1.0,1.0,10.0,3.0,8.0,,2.0,,10.0,7.0,3.0,9.0,6.0,1.0,1.0,1.0,1.0,1.0,,,,5.0,,,4.0,1.0,1.0,2.0,6.0,2.0,,1.0,1.0,1.0,10.0,1.0,6.0,9.0,10.0,,,1.0,1.0,8,8.0,10,1
2005-03-22,83592,,11,2,2834.0,14160C10,CTE,CARDIOTECH INTERNATIONAL INC,CTE,325412.0,A,A,R,31655,2,3841.0,,,,38.0,384.0,,,,,,,2.1,0.0,18862.0,1.0,2.1,39610.2,CTE,10.0,1.0,5.0,1.0,1.0,1,10.0,10.0,1.0,1.0,10.0,3.0,8.0,,2.0,,10.0,7.0,3.0,9.0,6.0,1.0,1.0,1.0,1.0,1.0,,,,5.0,,,4.0,1.0,1.0,2.0,6.0,2.0,,1.0,1.0,1.0,10.0,1.0,6.0,9.0,10.0,,,1.0,1.0,8,8.0,10,1
2005-03-23,83592,,11,2,2834.0,14160C10,CTE,CARDIOTECH INTERNATIONAL INC,CTE,325412.0,A,A,R,31655,2,3841.0,,,,38.0,384.0,,,,,,,2.19,0.042857,18862.0,1.0,2.05,41307.78,CTE,10.0,1.0,5.0,1.0,1.0,1,10.0,10.0,1.0,1.0,10.0,3.0,8.0,,2.0,,10.0,7.0,3.0,9.0,6.0,1.0,1.0,1.0,1.0,1.0,,,,5.0,,,4.0,1.0,1.0,2.0,6.0,2.0,,1.0,1.0,1.0,10.0,1.0,6.0,9.0,10.0,,,1.0,1.0,8,8.0,10,1
2005-03-24,83592,,11,2,2834.0,14160C10,CTE,CARDIOTECH INTERNATIONAL INC,CTE,325412.0,A,A,R,31655,2,3841.0,,,,38.0,384.0,,,,,,,2.01,-0.082192,18862.0,1.0,2.09,37912.62,CTE,10.0,1.0,5.0,1.0,1.0,1,10.0,10.0,1.0,1.0,10.0,3.0,8.0,,2.0,,10.0,7.0,3.0,9.0,6.0,1.0,1.0,1.0,1.0,1.0,,,,5.0,,,4.0,1.0,1.0,2.0,6.0,2.0,,1.0,1.0,1.0,10.0,1.0,6.0,9.0,10.0,,,1.0,1.0,8,8.0,10,1
2005-03-28,83592,,11,2,2834.0,14160C10,CTE,CARDIOTECH INTERNATIONAL INC,CTE,325412.0,A,A,R,31655,2,3841.0,,,,38.0,384.0,,,,,,,2.08,0.034826,18862.0,1.0,2.08,39232.96,CTE,10.0,1.0,5.0,1.0,1.0,1,10.0,10.0,1.0,1.0,10.0,3.0,8.0,,2.0,,10.0,7.0,3.0,9.0,6.0,1.0,1.0,1.0,1.0,1.0,,,,5.0,,,4.0,1.0,1.0,2.0,6.0,2.0,,1.0,1.0,1.0,10.0,1.0,6.0,9.0,10.0,,,1.0,1.0,8,8.0,10,1
2005-03-29,83592,,11,2,2834.0,14160C10,CTE,CARDIOTECH INTERNATIONAL INC,CTE,325412.0,A,A,R,31655,2,3841.0,,,,38.0,384.0,,,,,,,1.98,-0.048077,18862.0,1.0,2.09,37346.76,CTE,10.0,1.0,5.0,1.0,1.0,1,10.0,10.0,1.0,1.0,10.0,3.0,8.0,,2.0,,10.0,7.0,3.0,9.0,6.0,1.0,1.0,1.0,1.0,1.0,,,,5.0,,,4.0,1.0,1.0,2.0,6.0,2.0,,1.0,1.0,1.0,10.0,1.0,6.0,9.0,10.0,,,1.0,1.0,8,8.0,10,1
2005-03-30,83592,,11,2,2834.0,14160C10,CTE,CARDIOTECH INTERNATIONAL INC,CTE,325412.0,A,A,R,31655,2,3841.0,,,,38.0,384.0,,,,,,,2.0,0.010101,18862.0,1.0,1.98,37724.0,CTE,10.0,1.0,5.0,1.0,1.0,1,10.0,10.0,1.0,1.0,10.0,3.0,8.0,,2.0,,10.0,7.0,3.0,9.0,6.0,1.0,1.0,1.0,1.0,1.0,,,,5.0,,,4.0,1.0,1.0,2.0,6.0,2.0,,1.0,1.0,1.0,10.0,1.0,6.0,9.0,10.0,,,1.0,1.0,8,8.0,10,1
2005-03-31,83592,,11,2,2834.0,14160C10,CTE,CARDIOTECH INTERNATIONAL INC,CTE,325412.0,A,A,R,31655,2,3841.0,,,,38.0,384.0,,,,,,,1.9,-0.05,19256.0,1.0,1.99,36586.4,CTE,10.0,1.0,5.0,1.0,1.0,1,10.0,10.0,1.0,1.0,10.0,3.0,8.0,,2.0,,10.0,7.0,3.0,9.0,6.0,1.0,1.0,1.0,1.0,1.0,,,,5.0,,,4.0,1.0,1.0,2.0,6.0,2.0,,1.0,1.0,1.0,10.0,1.0,6.0,9.0,10.0,,,1.0,1.0,8,8.0,10,1
2005-04-01,83592,,11,2,2834.0,14160C10,CTE,CARDIOTECH INTERNATIONAL INC,CTE,325412.0,A,A,R,31655,2,3841.0,,,,38.0,384.0,,,,,,,1.86,-0.021053,19256.0,1.0,1.93,35816.16,CTE,10.0,1.0,5.0,1.0,1.0,1,10.0,10.0,1.0,1.0,10.0,3.0,8.0,,2.0,,10.0,7.0,3.0,9.0,6.0,1.0,1.0,1.0,1.0,1.0,,,,1.0,,,5.0,1.0,2.0,5.0,6.0,1.0,,1.0,1.0,1.0,10.0,1.0,7.0,1.0,10.0,,,1.0,1.0,8,9.0,10,1
2005-04-04,83592,,11,2,2834.0,14160C10,CTE,CARDIOTECH INTERNATIONAL INC,CTE,325412.0,A,A,R,31655,2,3841.0,,,,38.0,384.0,,,,,,,1.95,0.048387,19256.0,1.0,1.85,37549.2,CTE,10.0,1.0,5.0,1.0,1.0,1,10.0,10.0,1.0,1.0,10.0,3.0,8.0,,2.0,,10.0,7.0,3.0,9.0,6.0,1.0,1.0,1.0,1.0,1.0,,,,1.0,,,5.0,1.0,2.0,5.0,6.0,1.0,,1.0,1.0,1.0,10.0,1.0,7.0,1.0,10.0,,,1.0,1.0,8,9.0,10,1
2005-04-05,83592,,11,2,2834.0,14160C10,CTE,CARDIOTECH INTERNATIONAL INC,CTE,325412.0,A,A,R,31655,2,3841.0,,,,38.0,384.0,,,,,,,1.82,-0.066667,19256.0,1.0,1.98,35045.92,CTE,10.0,1.0,5.0,1.0,1.0,1,10.0,10.0,1.0,1.0,10.0,3.0,8.0,,2.0,,10.0,7.0,3.0,9.0,6.0,1.0,1.0,1.0,1.0,1.0,,,,1.0,,,5.0,1.0,2.0,5.0,6.0,1.0,,1.0,1.0,1.0,10.0,1.0,7.0,1.0,10.0,,,1.0,1.0,8,9.0,10,1
2005-04-06,83592,,11,2,2834.0,14160C10,CTE,CARDIOTECH INTERNATIONAL INC,CTE,325412.0,A,A,R,31655,2,3841.0,,,,38.0,384.0,,,,,,,1.75,-0.038462,19256.0,1.0,1.8,33698.0,CTE,10.0,1.0,5.0,1.0,1.0,1,10.0,10.0,1.0,1.0,10.0,3.0,8.0,,2.0,,10.0,7.0,3.0,9.0,6.0,1.0,1.0,1.0,1.0,1.0,,,,1.0,,,5.0,1.0,2.0,5.0,6.0,1.0,,1.0,1.0,1.0,10.0,1.0,7.0,1.0,10.0,,,1.0,1.0,8,9.0,10,1
2005-04-07,83592,,11,2,2834.0,14160C10,CTE,CARDIOTECH INTERNATIONAL INC,CTE,325412.0,A,A,R,31655,2,3841.0,,,,38.0,384.0,,,,,,,1.79,0.022857,19256.0,1.0,1.75,34468.24,CTE,10.0,1.0,5.0,1.0,1.0,1,10.0,10.0,1.0,1.0,10.0,3.0,8.0,,2.0,,10.0,7.0,3.0,9.0,6.0,1.0,1.0,1.0,1.0,1.0,,,,1.0,,,5.0,1.0,2.0,5.0,6.0,1.0,,1.0,1.0,1.0,10.0,1.0,7.0,1.0,10.0,,,1.0,1.0,8,9.0,10,1
2005-04-08,83592,,11,2,2834.0,14160C10,CTE,CARDIOTECH INTERNATIONAL INC,CTE,325412.0,A,A,R,31655,2,3841.0,,,,38.0,384.0,,,,,,,1.97,0.100559,19256.0,1.0,1.79,37934.32,CTE,10.0,1.0,5.0,1.0,1.0,1,10.0,10.0,1.0,1.0,10.0,3.0,8.0,,2.0,,10.0,7.0,3.0,9.0,6.0,1.0,1.0,1.0,1.0,1.0,,,,1.0,,,5.0,1.0,2.0,5.0,6.0,1.0,,1.0,1.0,1.0,10.0,1.0,7.0,1.0,10.0,,,1.0,1.0,8,9.0,10,1
2005-04-11,83592,,11,2,2834.0,14160C10,CTE,CARDIOTECH INTERNATIONAL INC,CTE,325412.0,A,A,R,31655,2,3841.0,,,,38.0,384.0,,,,,,,1.93,-0.020305,19256.0,1.0,2.0,37164.08,CTE,10.0,1.0,5.0,1.0,1.0,1,10.0,10.0,1.0,1.0,10.0,3.0,8.0,,2.0,,10.0,7.0,3.0,9.0,6.0,1.0,1.0,1.0,1.0,1.0,,,,1.0,,,5.0,1.0,2.0,5.0,6.0,1.0,,1.0,1.0,1.0,10.0,1.0,7.0,1.0,10.0,,,1.0,1.0,8,9.0,10,1
2005-04-12,83592,,11,2,2834.0,14160C10,CTE,CARDIOTECH INTERNATIONAL INC,CTE,325412.0,A,A,R,31655,2,3841.0,,,,38.0,384.0,,,,,,,1.93,0.0,19256.0,1.0,1.93,37164.08,CTE,10.0,1.0,5.0,1.0,1.0,1,10.0,10.0,1.0,1.0,10.0,3.0,8.0,,2.0,,10.0,7.0,3.0,9.0,6.0,1.0,1.0,1.0,1.0,1.0,,,,1.0,,,5.0,1.0,2.0,5.0,6.0,1.0,,1.0,1.0,1.0,10.0,1.0,7.0,1.0,10.0,,,1.0,1.0,8,9.0,10,1
2005-04-13,83592,,11,2,2834.0,14160C10,CTE,CARDIOTECH INTERNATIONAL INC,CTE,325412.0,A,A,R,31655,2,3841.0,,,,38.0,384.0,,,,,,,1.92,-0.005181,19256.0,1.0,1.82,36971.52,CTE,10.0,1.0,5.0,1.0,1.0,1,10.0,10.0,1.0,1.0,10.0,3.0,8.0,,2.0,,10.0,7.0,3.0,9.0,6.0,1.0,1.0,1.0,1.0,1.0,,,,1.0,,,5.0,1.0,2.0,5.0,6.0,1.0,,1.0,1.0,1.0,10.0,1.0,7.0,1.0,10.0,,,1.0,1.0,8,9.0,10,1
2005-04-14,83592,,11,2,2834.0,14160C10,CTE,CARDIOTECH INTERNATIONAL INC,CTE,325412.0,A,A,R,31655,2,3841.0,,,,38.0,384.0,,,,,,,1.83,-0.046875,19256.0,1.0,1.91,35238.48,CTE,10.0,1.0,5.0,1.0,1.0,1,10.0,10.0,1.0,1.0,10.0,3.0,8.0,,2.0,,10.0,7.0,3.0,9.0,6.0,1.0,1.0,1.0,1.0,1.0,,,,1.0,,,5.0,1.0,2.0,5.0,6.0,1.0,,1.0,1.0,1.0,10.0,1.0,7.0,1.0,10.0,,,1.0,1.0,8,9.0,10,1
2005-04-15,83592,,11,2,2834.0,14160C10,CTE,CARDIOTECH INTERNATIONAL INC,CTE,325412.0,A,A,R,31655,2,3841.0,,,,38.0,384.0,,,,,,,1.81,-0.010929,19256.0,1.0,1.83,34853.36,CTE,10.0,1.0,5.0,1.0,1.0,1,10.0,10.0,1.0,1.0,10.0,3.0,8.0,,2.0,,10.0,7.0,3.0,9.0,6.0,1.0,1.0,1.0,1.0,1.0,,,,1.0,,,5.0,1.0,2.0,5.0,6.0,1.0,,1.0,1.0,1.0,10.0,1.0,7.0,1.0,10.0,,,1.0,1.0,8,9.0,10,1
2005-04-18,83592,,11,2,2834.0,14160C10,CTE,CARDIOTECH INTERNATIONAL INC,CTE,325412.0,A,A,R,31655,2,3841.0,,,,38.0,384.0,,,,,,,1.73,-0.044199,19256.0,1.0,1.81,33312.88,CTE,10.0,1.0,5.0,1.0,1.0,1,10.0,10.0,1.0,1.0,10.0,3.0,8.0,,2.0,,10.0,7.0,3.0,9.0,6.0,1.0,1.0,1.0,1.0,1.0,,,,1.0,,,5.0,1.0,2.0,5.0,6.0,1.0,,1.0,1.0,1.0,10.0,1.0,7.0,1.0,10.0,,,1.0,1.0,8,9.0,10,1
2005-04-19,83592,,11,2,2834.0,14160C10,CTE,CARDIOTECH INTERNATIONAL INC,CTE,325412.0,A,A,R,31655,2,3841.0,,,,38.0,384.0,,,,,,,1.73,0.0,19256.0,1.0,1.71,33312.88,CTE,10.0,1.0,5.0,1.0,1.0,1,10.0,10.0,1.0,1.0,10.0,3.0,8.0,,2.0,,10.0,7.0,3.0,9.0,6.0,1.0,1.0,1.0,1.0,1.0,,,,1.0,,,5.0,1.0,2.0,5.0,6.0,1.0,,1.0,1.0,1.0,10.0,1.0,7.0,1.0,10.0,,,1.0,1.0,8,9.0,10,1
2005-04-20,83592,,11,2,2834.0,14160C10,CTE,CARDIOTECH INTERNATIONAL INC,CTE,325412.0,A,A,R,31655,2,3841.0,,,,38.0,384.0,,,,,,,1.73,0.0,19256.0,1.0,1.73,33312.88,CTE,10.0,1.0,5.0,1.0,1.0,1,10.0,10.0,1.0,1.0,10.0,3.0,8.0,,2.0,,10.0,7.0,3.0,9.0,6.0,1.0,1.0,1.0,1.0,1.0,,,,1.0,,,5.0,1.0,2.0,5.0,6.0,1.0,,1.0,1.0,1.0,10.0,1.0,7.0,1.0,10.0,,,1.0,1.0,8,9.0,10,1
2005-04-21,83592,,11,2,2834.0,14160C10,CTE,CARDIOTECH INTERNATIONAL INC,CTE,325412.0,A,A,R,31655,2,3841.0,,,,38.0,384.0,,,,,,,1.8,0.040462,19256.0,1.0,1.7,34660.8,CTE,10.0,1.0,5.0,1.0,1.0,1,10.0,10.0,1.0,1.0,10.0,3.0,8.0,,2.0,,10.0,7.0,3.0,9.0,6.0,1.0,1.0,1.0,1.0,1.0,,,,1.0,,,5.0,1.0,2.0,5.0,6.0,1.0,,1.0,1.0,1.0,10.0,1.0,7.0,1.0,10.0,,,1.0,1.0,8,9.0,10,1
2005-04-22,83592,,11,2,2834.0,14160C10,CTE,CARDIOTECH INTERNATIONAL INC,CTE,325412.0,A,A,R,31655,2,3841.0,,,,38.0,384.0,,,,,,,1.87,0.038889,19256.0,1.0,1.85,36008.72,CTE,10.0,1.0,5.0,1.0,1.0,1,10.0,10.0,1.0,1.0,10.0,3.0,8.0,,2.0,,10.0,7.0,3.0,9.0,6.0,1.0,1.0,1.0,1.0,1.0,,,,1.0,,,5.0,1.0,2.0,5.0,6.0,1.0,,1.0,1.0,1.0,10.0,1.0,7.0,1.0,10.0,,,1.0,1.0,8,9.0,10,1
2005-04-25,83592,,11,2,2834.0,14160C10,CTE,CARDIOTECH INTERNATIONAL INC,CTE,325412.0,A,A,R,31655,2,3841.0,,,,38.0,384.0,,,,,,,1.9,0.016043,19256.0,1.0,1.8,36586.4,CTE,10.0,1.0,5.0,1.0,1.0,1,10.0,10.0,1.0,1.0,10.0,3.0,8.0,,2.0,,10.0,7.0,3.0,9.0,6.0,1.0,1.0,1.0,1.0,1.0,,,,1.0,,,5.0,1.0,2.0,5.0,6.0,1.0,,1.0,1.0,1.0,10.0,1.0,7.0,1.0,10.0,,,1.0,1.0,8,9.0,10,1
2005-04-26,83592,,11,2,2834.0,14160C10,CTE,CARDIOTECH INTERNATIONAL INC,CTE,325412.0,A,A,R,31655,2,3841.0,,,,38.0,384.0,,,,,,,1.84,-0.031579,19256.0,1.0,1.85,35431.04,CTE,10.0,1.0,5.0,1.0,1.0,1,10.0,10.0,1.0,1.0,10.0,3.0,8.0,,2.0,,10.0,7.0,3.0,9.0,6.0,1.0,1.0,1.0,1.0,1.0,,,,1.0,,,5.0,1.0,2.0,5.0,6.0,1.0,,1.0,1.0,1.0,10.0,1.0,7.0,1.0,10.0,,,1.0,1.0,8,9.0,10,1
2005-04-27,83592,,11,2,2834.0,14160C10,CTE,CARDIOTECH INTERNATIONAL INC,CTE,325412.0,A,A,R,31655,2,3841.0,,,,38.0,384.0,,,,,,,1.9,0.032609,19256.0,1.0,1.86,36586.4,CTE,10.0,1.0,5.0,1.0,1.0,1,10.0,10.0,1.0,1.0,10.0,3.0,8.0,,2.0,,10.0,7.0,3.0,9.0,6.0,1.0,1.0,1.0,1.0,1.0,,,,1.0,,,5.0,1.0,2.0,5.0,6.0,1.0,,1.0,1.0,1.0,10.0,1.0,7.0,1.0,10.0,,,1.0,1.0,8,9.0,10,1
2005-04-28,83592,,11,2,2834.0,14160C10,CTE,CARDIOTECH INTERNATIONAL INC,CTE,325412.0,A,A,R,31655,2,3841.0,,,,38.0,384.0,,,,,,,1.82,-0.042105,19256.0,1.0,1.8,35045.92,CTE,10.0,1.0,5.0,1.0,1.0,1,10.0,10.0,1.0,1.0,10.0,3.0,8.0,,2.0,,10.0,7.0,3.0,9.0,6.0,1.0,1.0,1.0,1.0,1.0,,,,1.0,,,5.0,1.0,2.0,5.0,6.0,1.0,,1.0,1.0,1.0,10.0,1.0,7.0,1.0,10.0,,,1.0,1.0,8,9.0,10,1
2005-04-29,83592,,11,2,2834.0,14160C10,CTE,CARDIOTECH INTERNATIONAL INC,CTE,325412.0,A,A,R,31655,2,3841.0,,,,38.0,384.0,,,,,,,1.86,0.021978,19256.0,1.0,1.8,35816.16,CTE,10.0,1.0,5.0,1.0,1.0,1,10.0,10.0,1.0,1.0,10.0,3.0,8.0,,2.0,,10.0,7.0,3.0,9.0,6.0,1.0,1.0,1.0,1.0,1.0,,,,1.0,,,5.0,1.0,2.0,5.0,6.0,1.0,,1.0,1.0,1.0,10.0,1.0,7.0,1.0,10.0,,,1.0,1.0,8,9.0,10,1
2005-05-02,83592,,11,2,2834.0,14160C10,CTE,CARDIOTECH INTERNATIONAL INC,CTE,325412.0,A,A,R,31655,2,3841.0,,,,38.0,384.0,,,,,,,1.8,-0.032258,19256.0,1.0,1.87,34660.8,CTE,10.0,1.0,5.0,1.0,1.0,1,10.0,10.0,1.0,1.0,10.0,3.0,8.0,,2.0,,10.0,7.0,3.0,9.0,6.0,1.0,1.0,1.0,1.0,1.0,,,,6.0,,,6.0,1.0,2.0,4.0,6.0,1.0,,1.0,1.0,1.0,4.0,1.0,8.0,8.0,8.0,,,1.0,1.0,8,9.0,10,1
2005-05-03,83592,,11,2,2834.0,14160C10,CTE,CARDIOTECH INTERNATIONAL INC,CTE,325412.0,A,A,R,31655,2,3841.0,,,,38.0,384.0,,,,,,,1.8,0.0,19256.0,1.0,1.78,34660.8,CTE,10.0,1.0,5.0,1.0,1.0,1,10.0,10.0,1.0,1.0,10.0,3.0,8.0,,2.0,,10.0,7.0,3.0,9.0,6.0,1.0,1.0,1.0,1.0,1.0,,,,6.0,,,6.0,1.0,2.0,4.0,6.0,1.0,,1.0,1.0,1.0,4.0,1.0,8.0,8.0,8.0,,,1.0,1.0,8,9.0,10,1
2005-05-04,83592,,11,2,2834.0,14160C10,CTE,CARDIOTECH INTERNATIONAL INC,CTE,325412.0,A,A,R,31655,2,3841.0,,,,38.0,384.0,,,,,,,1.94,0.077778,19256.0,1.0,1.81,37356.64,CTE,10.0,1.0,5.0,1.0,1.0,1,10.0,10.0,1.0,1.0,10.0,3.0,8.0,,2.0,,10.0,7.0,3.0,9.0,6.0,1.0,1.0,1.0,1.0,1.0,,,,6.0,,,6.0,1.0,2.0,4.0,6.0,1.0,,1.0,1.0,1.0,4.0,1.0,8.0,8.0,8.0,,,1.0,1.0,8,9.0,10,1
2005-05-05,83592,,11,2,2834.0,14160C10,CTE,CARDIOTECH INTERNATIONAL INC,CTE,325412.0,A,A,R,31655,2,3841.0,,,,38.0,384.0,,,,,,,2.05,0.056701,19256.0,1.0,1.99,39474.8,CTE,10.0,1.0,5.0,1.0,1.0,1,10.0,10.0,1.0,1.0,10.0,3.0,8.0,,2.0,,10.0,7.0,3.0,9.0,6.0,1.0,1.0,1.0,1.0,1.0,,,,6.0,,,6.0,1.0,2.0,4.0,6.0,1.0,,1.0,1.0,1.0,4.0,1.0,8.0,8.0,8.0,,,1.0,1.0,8,9.0,10,1
2005-05-06,83592,,11,2,2834.0,14160C10,CTE,CARDIOTECH INTERNATIONAL INC,CTE,325412.0,A,A,R,31655,2,3841.0,,,,38.0,384.0,,,,,,,2.01,-0.019512,19256.0,1.0,2.05,38704.56,CTE,10.0,1.0,5.0,1.0,1.0,1,10.0,10.0,1.0,1.0,10.0,3.0,8.0,,2.0,,10.0,7.0,3.0,9.0,6.0,1.0,1.0,1.0,1.0,1.0,,,,6.0,,,6.0,1.0,2.0,4.0,6.0,1.0,,1.0,1.0,1.0,4.0,1.0,8.0,8.0,8.0,,,1.0,1.0,8,9.0,10,1
2005-05-09,83592,,11,2,2834.0,14160C10,CTE,CARDIOTECH INTERNATIONAL INC,CTE,325412.0,A,A,R,31655,2,3841.0,,,,38.0,384.0,,,,,,,2.02,0.004975,19256.0,1.0,2.0,38897.12,CTE,10.0,1.0,5.0,1.0,1.0,1,10.0,10.0,1.0,1.0,10.0,3.0,8.0,,2.0,,10.0,7.0,3.0,9.0,6.0,1.0,1.0,1.0,1.0,1.0,,,,6.0,,,6.0,1.0,2.0,4.0,6.0,1.0,,1.0,1.0,1.0,4.0,1.0,8.0,8.0,8.0,,,1.0,1.0,8,9.0,10,1
2005-05-10,83592,,11,2,2834.0,14160C10,CTE,CARDIOTECH INTERNATIONAL INC,CTE,325412.0,A,A,R,31655,2,3841.0,,,,38.0,384.0,,,,,,,2.15,0.064356,19256.0,1.0,2.02,41400.4,CTE,10.0,1.0,5.0,1.0,1.0,1,10.0,10.0,1.0,1.0,10.0,3.0,8.0,,2.0,,10.0,7.0,3.0,9.0,6.0,1.0,1.0,1.0,1.0,1.0,,,,6.0,,,6.0,1.0,2.0,4.0,6.0,1.0,,1.0,1.0,1.0,4.0,1.0,8.0,8.0,8.0,,,1.0,1.0,8,9.0,10,1
2005-05-11,83592,,11,2,2834.0,14160C10,CTE,CARDIOTECH INTERNATIONAL INC,CTE,325412.0,A,A,R,31655,2,3841.0,,,,38.0,384.0,,,,,,,2.11,-0.018605,19256.0,1.0,2.12,40630.16,CTE,10.0,1.0,5.0,1.0,1.0,1,10.0,10.0,1.0,1.0,10.0,3.0,8.0,,2.0,,10.0,7.0,3.0,9.0,6.0,1.0,1.0,1.0,1.0,1.0,,,,6.0,,,6.0,1.0,2.0,4.0,6.0,1.0,,1.0,1.0,1.0,4.0,1.0,8.0,8.0,8.0,,,1.0,1.0,8,9.0,10,1
2005-05-12,83592,,11,2,2834.0,14160C10,CTE,CARDIOTECH INTERNATIONAL INC,CTE,325412.0,A,A,R,31655,2,3841.0,,,,38.0,384.0,,,,,,,2.1,-0.004739,19256.0,1.0,2.13,40437.6,CTE,10.0,1.0,5.0,1.0,1.0,1,10.0,10.0,1.0,1.0,10.0,3.0,8.0,,2.0,,10.0,7.0,3.0,9.0,6.0,1.0,1.0,1.0,1.0,1.0,,,,6.0,,,6.0,1.0,2.0,4.0,6.0,1.0,,1.0,1.0,1.0,4.0,1.0,8.0,8.0,8.0,,,1.0,1.0,8,9.0,10,1
2005-05-13,83592,,11,2,2834.0,14160C10,CTE,CARDIOTECH INTERNATIONAL INC,CTE,325412.0,A,A,R,31655,2,3841.0,,,,38.0,384.0,,,,,,,2.1,0.0,19256.0,1.0,2.1,40437.6,CTE,10.0,1.0,5.0,1.0,1.0,1,10.0,10.0,1.0,1.0,10.0,3.0,8.0,,2.0,,10.0,7.0,3.0,9.0,6.0,1.0,1.0,1.0,1.0,1.0,,,,6.0,,,6.0,1.0,2.0,4.0,6.0,1.0,,1.0,1.0,1.0,4.0,1.0,8.0,8.0,8.0,,,1.0,1.0,8,9.0,10,1
2005-05-16,83592,,11,2,2834.0,14160C10,CTE,CARDIOTECH INTERNATIONAL INC,CTE,325412.0,A,A,R,31655,2,3841.0,,,,38.0,384.0,,,,,,,2.04,-0.028571,19256.0,1.0,2.1,39282.24,CTE,10.0,1.0,5.0,1.0,1.0,1,10.0,10.0,1.0,1.0,10.0,3.0,8.0,,2.0,,10.0,7.0,3.0,9.0,6.0,1.0,1.0,1.0,1.0,1.0,,,,6.0,,,6.0,1.0,2.0,4.0,6.0,1.0,,1.0,1.0,1.0,4.0,1.0,8.0,8.0,8.0,,,1.0,1.0,8,9.0,10,1
2005-05-17,83592,,11,2,2834.0,14160C10,CTE,CARDIOTECH INTERNATIONAL INC,CTE,325412.0,A,A,R,31655,2,3841.0,,,,38.0,384.0,,,,,,,1.9,-0.068627,19256.0,1.0,2.05,36586.4,CTE,10.0,1.0,5.0,1.0,1.0,1,10.0,10.0,1.0,1.0,10.0,3.0,8.0,,2.0,,10.0,7.0,3.0,9.0,6.0,1.0,1.0,1.0,1.0,1.0,,,,6.0,,,6.0,1.0,2.0,4.0,6.0,1.0,,1.0,1.0,1.0,4.0,1.0,8.0,8.0,8.0,,,1.0,1.0,8,9.0,10,1
2005-05-18,83592,,11,2,2834.0,14160C10,CTE,CARDIOTECH INTERNATIONAL INC,CTE,325412.0,A,A,R,31655,2,3841.0,,,,38.0,384.0,,,,,,,1.94,0.021053,19256.0,1.0,1.9,37356.64,CTE,10.0,1.0,5.0,1.0,1.0,1,10.0,10.0,1.0,1.0,10.0,3.0,8.0,,2.0,,10.0,7.0,3.0,9.0,6.0,1.0,1.0,1.0,1.0,1.0,,,,6.0,,,6.0,1.0,2.0,4.0,6.0,1.0,,1.0,1.0,1.0,4.0,1.0,8.0,8.0,8.0,,,1.0,1.0,8,9.0,10,1
2005-05-19,83592,,11,2,2834.0,14160C10,CTE,CARDIOTECH INTERNATIONAL INC,CTE,325412.0,A,A,R,31655,2,3841.0,,,,38.0,384.0,,,,,,,1.94,0.0,19256.0,1.0,1.92,37356.64,CTE,10.0,1.0,5.0,1.0,1.0,1,10.0,10.0,1.0,1.0,10.0,3.0,8.0,,2.0,,10.0,7.0,3.0,9.0,6.0,1.0,1.0,1.0,1.0,1.0,,,,6.0,,,6.0,1.0,2.0,4.0,6.0,1.0,,1.0,1.0,1.0,4.0,1.0,8.0,8.0,8.0,,,1.0,1.0,8,9.0,10,1
2005-05-20,83592,,11,2,2834.0,14160C10,CTE,CARDIOTECH INTERNATIONAL INC,CTE,325412.0,A,A,R,31655,2,3841.0,,,,38.0,384.0,,,,,,,1.96,0.010309,19256.0,1.0,1.94,37741.76,CTE,10.0,1.0,5.0,1.0,1.0,1,10.0,10.0,1.0,1.0,10.0,3.0,8.0,,2.0,,10.0,7.0,3.0,9.0,6.0,1.0,1.0,1.0,1.0,1.0,,,,6.0,,,6.0,1.0,2.0,4.0,6.0,1.0,,1.0,1.0,1.0,4.0,1.0,8.0,8.0,8.0,,,1.0,1.0,8,9.0,10,1
2005-05-23,83592,,11,2,2834.0,14160C10,CTE,CARDIOTECH INTERNATIONAL INC,CTE,325412.0,A,A,R,31655,2,3841.0,,,,38.0,384.0,,,,,,,1.98,0.010204,19256.0,1.0,1.98,38126.88,CTE,10.0,1.0,5.0,1.0,1.0,1,10.0,10.0,1.0,1.0,10.0,3.0,8.0,,2.0,,10.0,7.0,3.0,9.0,6.0,1.0,1.0,1.0,1.0,1.0,,,,6.0,,,6.0,1.0,2.0,4.0,6.0,1.0,,1.0,1.0,1.0,4.0,1.0,8.0,8.0,8.0,,,1.0,1.0,8,9.0,10,1
2005-05-24,83592,,11,2,2834.0,14160C10,CTE,CARDIOTECH INTERNATIONAL INC,CTE,325412.0,A,A,R,31655,2,3841.0,,,,38.0,384.0,,,,,,,1.98,0.0,19256.0,1.0,1.98,38126.88,CTE,10.0,1.0,5.0,1.0,1.0,1,10.0,10.0,1.0,1.0,10.0,3.0,8.0,,2.0,,10.0,7.0,3.0,9.0,6.0,1.0,1.0,1.0,1.0,1.0,,,,6.0,,,6.0,1.0,2.0,4.0,6.0,1.0,,1.0,1.0,1.0,4.0,1.0,8.0,8.0,8.0,,,1.0,1.0,8,9.0,10,1
2005-05-25,83592,,11,2,2834.0,14160C10,CTE,CARDIOTECH INTERNATIONAL INC,CTE,325412.0,A,A,R,31655,2,3841.0,,,,38.0,384.0,,,,,,,1.95,-0.015152,19256.0,1.0,1.95,37549.2,CTE,10.0,1.0,5.0,1.0,1.0,1,10.0,10.0,1.0,1.0,10.0,3.0,8.0,,2.0,,10.0,7.0,3.0,9.0,6.0,1.0,1.0,1.0,1.0,1.0,,,,6.0,,,6.0,1.0,2.0,4.0,6.0,1.0,,1.0,1.0,1.0,4.0,1.0,8.0,8.0,8.0,,,1.0,1.0,8,9.0,10,1
2005-05-26,83592,,11,2,2834.0,14160C10,CTE,CARDIOTECH INTERNATIONAL INC,CTE,325412.0,A,A,R,31655,2,3841.0,,,,38.0,384.0,,,,,,,1.95,0.0,19256.0,1.0,1.88,37549.2,CTE,10.0,1.0,5.0,1.0,1.0,1,10.0,10.0,1.0,1.0,10.0,3.0,8.0,,2.0,,10.0,7.0,3.0,9.0,6.0,1.0,1.0,1.0,1.0,1.0,,,,6.0,,,6.0,1.0,2.0,4.0,6.0,1.0,,1.0,1.0,1.0,4.0,1.0,8.0,8.0,8.0,,,1.0,1.0,8,9.0,10,1
2005-05-27,83592,,11,2,2834.0,14160C10,CTE,CARDIOTECH INTERNATIONAL INC,CTE,325412.0,A,A,R,31655,2,3841.0,,,,38.0,384.0,,,,,,,1.98,0.015385,19256.0,1.0,1.86,38126.88,CTE,10.0,1.0,5.0,1.0,1.0,1,10.0,10.0,1.0,1.0,10.0,3.0,8.0,,2.0,,10.0,7.0,3.0,9.0,6.0,1.0,1.0,1.0,1.0,1.0,,,,6.0,,,6.0,1.0,2.0,4.0,6.0,1.0,,1.0,1.0,1.0,4.0,1.0,8.0,8.0,8.0,,,1.0,1.0,8,9.0,10,1
2005-05-31,83592,,11,2,2834.0,14160C10,CTE,CARDIOTECH INTERNATIONAL INC,CTE,325412.0,A,A,R,31655,2,3841.0,,,,38.0,384.0,,,,,,,1.87,-0.055556,19256.0,1.0,1.98,36008.72,CTE,10.0,1.0,5.0,1.0,1.0,1,10.0,10.0,1.0,1.0,10.0,3.0,8.0,,2.0,,10.0,7.0,3.0,9.0,6.0,1.0,1.0,1.0,1.0,1.0,,,,6.0,,,6.0,1.0,2.0,4.0,6.0,1.0,,1.0,1.0,1.0,4.0,1.0,8.0,8.0,8.0,,,1.0,1.0,8,9.0,10,1
2005-06-01,83592,,11,2,2834.0,14160C10,CTE,CARDIOTECH INTERNATIONAL INC,CTE,325412.0,A,A,R,31655,2,3841.0,,,,38.0,384.0,,,,,,,1.9,0.016043,19256.0,1.0,1.93,36586.4,CTE,10.0,1.0,5.0,1.0,1.0,1,10.0,10.0,1.0,1.0,10.0,3.0,8.0,,2.0,,10.0,7.0,3.0,9.0,6.0,1.0,1.0,1.0,1.0,1.0,,,,7.0,,,6.0,1.0,7.0,2.0,7.0,1.0,,,,,8.0,1.0,7.0,10.0,6.0,,,1.0,1.0,8,10.0,10,1
2005-06-02,83592,,11,2,2834.0,14160C10,CTE,CARDIOTECH INTERNATIONAL INC,CTE,325412.0,A,A,R,31655,2,3841.0,,,,38.0,384.0,,,,,,,1.93,0.015789,19256.0,1.0,1.88,37164.08,CTE,10.0,1.0,5.0,1.0,1.0,1,10.0,10.0,1.0,1.0,10.0,3.0,8.0,,2.0,,10.0,7.0,3.0,9.0,6.0,1.0,1.0,1.0,1.0,1.0,,,,7.0,,,6.0,1.0,7.0,2.0,7.0,1.0,,,,,8.0,1.0,7.0,10.0,6.0,,,1.0,1.0,8,10.0,10,1
2005-06-03,83592,,11,2,2834.0,14160C10,CTE,CARDIOTECH INTERNATIONAL INC,CTE,325412.0,A,A,R,31655,2,3841.0,,,,38.0,384.0,,,,,,,1.92,-0.005181,19256.0,1.0,1.9,36971.52,CTE,10.0,1.0,5.0,1.0,1.0,1,10.0,10.0,1.0,1.0,10.0,3.0,8.0,,2.0,,10.0,7.0,3.0,9.0,6.0,1.0,1.0,1.0,1.0,1.0,,,,7.0,,,6.0,1.0,7.0,2.0,7.0,1.0,,,,,8.0,1.0,7.0,10.0,6.0,,,1.0,1.0,8,10.0,10,1
2005-06-06,83592,,11,2,2834.0,14160C10,CTE,CARDIOTECH INTERNATIONAL INC,CTE,325412.0,A,A,R,31655,2,3841.0,,,,38.0,384.0,,,,,,,1.84,-0.041667,19256.0,1.0,1.89,35431.04,CTE,10.0,1.0,5.0,1.0,1.0,1,10.0,10.0,1.0,1.0,10.0,3.0,8.0,,2.0,,10.0,7.0,3.0,9.0,6.0,1.0,1.0,1.0,1.0,1.0,,,,7.0,,,6.0,1.0,7.0,2.0,7.0,1.0,,,,,8.0,1.0,7.0,10.0,6.0,,,1.0,1.0,8,10.0,10,1
2005-06-07,83592,,11,2,2834.0,14160C10,CTE,CARDIOTECH INTERNATIONAL INC,CTE,325412.0,A,A,R,31655,2,3841.0,,,,38.0,384.0,,,,,,,1.82,-0.01087,19256.0,1.0,1.83,35045.92,CTE,10.0,1.0,5.0,1.0,1.0,1,10.0,10.0,1.0,1.0,10.0,3.0,8.0,,2.0,,10.0,7.0,3.0,9.0,6.0,1.0,1.0,1.0,1.0,1.0,,,,7.0,,,6.0,1.0,7.0,2.0,7.0,1.0,,,,,8.0,1.0,7.0,10.0,6.0,,,1.0,1.0,8,10.0,10,1
2005-06-08,83592,,11,2,2834.0,14160C10,CTE,CARDIOTECH INTERNATIONAL INC,CTE,325412.0,A,A,R,31655,2,3841.0,,,,38.0,384.0,,,,,,,1.8,-0.010989,19256.0,1.0,1.81,34660.8,CTE,10.0,1.0,5.0,1.0,1.0,1,10.0,10.0,1.0,1.0,10.0,3.0,8.0,,2.0,,10.0,7.0,3.0,9.0,6.0,1.0,1.0,1.0,1.0,1.0,,,,7.0,,,6.0,1.0,7.0,2.0,7.0,1.0,,,,,8.0,1.0,7.0,10.0,6.0,,,1.0,1.0,8,10.0,10,1
2005-06-09,83592,,11,2,2834.0,14160C10,CTE,CARDIOTECH INTERNATIONAL INC,CTE,325412.0,A,A,R,31655,2,3841.0,,,,38.0,384.0,,,,,,,1.8,0.0,19256.0,1.0,1.8,34660.8,CTE,10.0,1.0,5.0,1.0,1.0,1,10.0,10.0,1.0,1.0,10.0,3.0,8.0,,2.0,,10.0,7.0,3.0,9.0,6.0,1.0,1.0,1.0,1.0,1.0,,,,7.0,,,6.0,1.0,7.0,2.0,7.0,1.0,,,,,8.0,1.0,7.0,10.0,6.0,,,1.0,1.0,8,10.0,10,1
2005-06-10,83592,,11,2,2834.0,14160C10,CTE,CARDIOTECH INTERNATIONAL INC,CTE,325412.0,A,A,R,31655,2,3841.0,,,,38.0,384.0,,,,,,,1.79,-0.005556,19256.0,1.0,1.77,34468.24,CTE,10.0,1.0,5.0,1.0,1.0,1,10.0,10.0,1.0,1.0,10.0,3.0,8.0,,2.0,,10.0,7.0,3.0,9.0,6.0,1.0,1.0,1.0,1.0,1.0,,,,7.0,,,6.0,1.0,7.0,2.0,7.0,1.0,,,,,8.0,1.0,7.0,10.0,6.0,,,1.0,1.0,8,10.0,10,1
2005-06-13,83592,,11,2,2834.0,14160C10,CTE,CARDIOTECH INTERNATIONAL INC,CTE,325412.0,A,A,R,31655,2,3841.0,,,,38.0,384.0,,,,,,,1.9,0.061453,19256.0,1.0,1.79,36586.4,CTE,10.0,1.0,5.0,1.0,1.0,1,10.0,10.0,1.0,1.0,10.0,3.0,8.0,,2.0,,10.0,7.0,3.0,9.0,6.0,1.0,1.0,1.0,1.0,1.0,,,,7.0,,,6.0,1.0,7.0,2.0,7.0,1.0,,,,,8.0,1.0,7.0,10.0,6.0,,,1.0,1.0,8,10.0,10,1
2005-06-14,83592,,11,2,2834.0,14160C10,CTE,CARDIOTECH INTERNATIONAL INC,CTE,325412.0,A,A,R,31655,2,3841.0,,,,38.0,384.0,,,,,,,1.88,-0.010526,19256.0,1.0,1.89,36201.28,CTE,10.0,1.0,5.0,1.0,1.0,1,10.0,10.0,1.0,1.0,10.0,3.0,8.0,,2.0,,10.0,7.0,3.0,9.0,6.0,1.0,1.0,1.0,1.0,1.0,,,,7.0,,,6.0,1.0,7.0,2.0,7.0,1.0,,,,,8.0,1.0,7.0,10.0,6.0,,,1.0,1.0,8,10.0,10,1
2005-06-15,83592,,11,2,2834.0,14160C10,CTE,CARDIOTECH INTERNATIONAL INC,CTE,325412.0,A,A,R,31655,2,3841.0,,,,38.0,384.0,,,,,,,1.85,-0.015957,19256.0,1.0,1.9,35623.6,CTE,10.0,1.0,5.0,1.0,1.0,1,10.0,10.0,1.0,1.0,10.0,3.0,8.0,,2.0,,10.0,7.0,3.0,9.0,6.0,1.0,1.0,1.0,1.0,1.0,,,,7.0,,,6.0,1.0,7.0,2.0,7.0,1.0,,,,,8.0,1.0,7.0,10.0,6.0,,,1.0,1.0,8,10.0,10,1
2005-06-16,83592,,11,2,2834.0,14160C10,CTE,CARDIOTECH INTERNATIONAL INC,CTE,325412.0,A,A,R,31655,2,3841.0,,,,38.0,384.0,,,,,,,1.83,-0.010811,19256.0,1.0,1.8,35238.48,CTE,10.0,1.0,5.0,1.0,1.0,1,10.0,10.0,1.0,1.0,10.0,3.0,8.0,,2.0,,10.0,7.0,3.0,9.0,6.0,1.0,1.0,1.0,1.0,1.0,,,,7.0,,,6.0,1.0,7.0,2.0,7.0,1.0,,,,,8.0,1.0,7.0,10.0,6.0,,,1.0,1.0,8,10.0,10,1
2005-06-17,83592,,11,2,2834.0,14160C10,CTE,CARDIOTECH INTERNATIONAL INC,CTE,325412.0,A,A,R,31655,2,3841.0,,,,38.0,384.0,,,,,,,1.79,-0.021858,19256.0,1.0,1.79,34468.24,CTE,10.0,1.0,5.0,1.0,1.0,1,10.0,10.0,1.0,1.0,10.0,3.0,8.0,,2.0,,10.0,7.0,3.0,9.0,6.0,1.0,1.0,1.0,1.0,1.0,,,,7.0,,,6.0,1.0,7.0,2.0,7.0,1.0,,,,,8.0,1.0,7.0,10.0,6.0,,,1.0,1.0,8,10.0,10,1
2005-06-20,83592,,11,2,2834.0,14160C10,CTE,CARDIOTECH INTERNATIONAL INC,CTE,325412.0,A,A,R,31655,2,3841.0,,,,38.0,384.0,,,,,,,1.83,0.022346,19256.0,1.0,1.78,35238.48,CTE,10.0,1.0,5.0,1.0,1.0,1,10.0,10.0,1.0,1.0,10.0,3.0,8.0,,2.0,,10.0,7.0,3.0,9.0,6.0,1.0,1.0,1.0,1.0,1.0,,,,7.0,,,6.0,1.0,7.0,2.0,7.0,1.0,,,,,8.0,1.0,7.0,10.0,6.0,,,1.0,1.0,8,10.0,10,1
2005-06-21,83592,,11,2,2834.0,14160C10,CTE,CARDIOTECH INTERNATIONAL INC,CTE,325412.0,A,A,R,31655,2,3841.0,,,,38.0,384.0,,,,,,,1.84,0.005464,19256.0,1.0,1.83,35431.04,CTE,10.0,1.0,5.0,1.0,1.0,1,10.0,10.0,1.0,1.0,10.0,3.0,8.0,,2.0,,10.0,7.0,3.0,9.0,6.0,1.0,1.0,1.0,1.0,1.0,,,,7.0,,,6.0,1.0,7.0,2.0,7.0,1.0,,,,,8.0,1.0,7.0,10.0,6.0,,,1.0,1.0,8,10.0,10,1
2005-06-22,83592,,11,2,2834.0,14160C10,CTE,CARDIOTECH INTERNATIONAL INC,CTE,325412.0,A,A,R,31655,2,3841.0,,,,38.0,384.0,,,,,,,1.85,0.005435,19256.0,1.0,1.8,35623.6,CTE,10.0,1.0,5.0,1.0,1.0,1,10.0,10.0,1.0,1.0,10.0,3.0,8.0,,2.0,,10.0,7.0,3.0,9.0,6.0,1.0,1.0,1.0,1.0,1.0,,,,7.0,,,6.0,1.0,7.0,2.0,7.0,1.0,,,,,8.0,1.0,7.0,10.0,6.0,,,1.0,1.0,8,10.0,10,1
2005-06-23,83592,,11,2,2834.0,14160C10,CTE,CARDIOTECH INTERNATIONAL INC,CTE,325412.0,A,A,R,31655,2,3841.0,,,,38.0,384.0,,,,,,,1.85,0.0,19256.0,1.0,1.82,35623.6,CTE,10.0,1.0,5.0,1.0,1.0,1,10.0,10.0,1.0,1.0,10.0,3.0,8.0,,2.0,,10.0,7.0,3.0,9.0,6.0,1.0,1.0,1.0,1.0,1.0,,,,7.0,,,6.0,1.0,7.0,2.0,7.0,1.0,,,,,8.0,1.0,7.0,10.0,6.0,,,1.0,1.0,8,10.0,10,1
2005-06-24,83592,,11,2,2834.0,14160C10,CTE,CARDIOTECH INTERNATIONAL INC,CTE,325412.0,A,A,R,31655,2,3841.0,,,,38.0,384.0,,,,,,,1.85,0.0,19256.0,1.0,1.83,35623.6,CTE,10.0,1.0,5.0,1.0,1.0,1,10.0,10.0,1.0,1.0,10.0,3.0,8.0,,2.0,,10.0,7.0,3.0,9.0,6.0,1.0,1.0,1.0,1.0,1.0,,,,7.0,,,6.0,1.0,7.0,2.0,7.0,1.0,,,,,8.0,1.0,7.0,10.0,6.0,,,1.0,1.0,8,10.0,10,1
2005-06-27,83592,,11,2,2834.0,14160C10,CTE,CARDIOTECH INTERNATIONAL INC,CTE,325412.0,A,A,R,31655,2,3841.0,,,,38.0,384.0,,,,,,,1.83,-0.010811,19256.0,1.0,1.84,35238.48,CTE,10.0,1.0,5.0,1.0,1.0,1,10.0,10.0,1.0,1.0,10.0,3.0,8.0,,2.0,,10.0,7.0,3.0,9.0,6.0,1.0,1.0,1.0,1.0,1.0,,,,7.0,,,6.0,1.0,7.0,2.0,7.0,1.0,,,,,8.0,1.0,7.0,10.0,6.0,,,1.0,1.0,8,10.0,10,1
2005-06-28,83592,,11,2,2834.0,14160C10,CTE,CARDIOTECH INTERNATIONAL INC,CTE,325412.0,A,A,R,31655,2,3841.0,,,,38.0,384.0,,,,,,,1.82,-0.005464,19256.0,1.0,1.82,35045.92,CTE,10.0,1.0,5.0,1.0,1.0,1,10.0,10.0,1.0,1.0,10.0,3.0,8.0,,2.0,,10.0,7.0,3.0,9.0,6.0,1.0,1.0,1.0,1.0,1.0,,,,7.0,,,6.0,1.0,7.0,2.0,7.0,1.0,,,,,8.0,1.0,7.0,10.0,6.0,,,1.0,1.0,8,10.0,10,1
2005-06-29,83592,,11,2,2834.0,14160C10,CTE,CARDIOTECH INTERNATIONAL INC,CTE,325412.0,A,A,R,31655,2,3841.0,,,,38.0,384.0,,,,,,,1.79,-0.016484,19256.0,1.0,1.8,34468.24,CTE,10.0,1.0,5.0,1.0,1.0,1,10.0,10.0,1.0,1.0,10.0,3.0,8.0,,2.0,,10.0,7.0,3.0,9.0,6.0,1.0,1.0,1.0,1.0,1.0,,,,7.0,,,6.0,1.0,7.0,2.0,7.0,1.0,,,,,8.0,1.0,7.0,10.0,6.0,,,1.0,1.0,8,10.0,10,1
2005-06-30,83592,,11,2,2834.0,14160C10,CTE,CARDIOTECH INTERNATIONAL INC,CTE,325412.0,A,A,R,31655,2,3841.0,,,,38.0,384.0,,,,,,,1.79,0.0,19258.0,1.0,1.78,34471.82,CTE,10.0,1.0,5.0,1.0,1.0,1,10.0,10.0,1.0,1.0,10.0,3.0,8.0,,2.0,,10.0,7.0,3.0,9.0,6.0,1.0,1.0,1.0,1.0,1.0,,,,7.0,,,6.0,1.0,7.0,2.0,7.0,1.0,,,,,8.0,1.0,7.0,10.0,6.0,,,1.0,1.0,8,10.0,10,1
2005-07-01,83592,,11,2,2834.0,14160C10,CTE,CARDIOTECH INTERNATIONAL INC,CTE,325412.0,A,A,R,31655,2,3841.0,,,,38.0,384.0,,,,,,,1.82,0.01676,19258.0,1.0,1.78,35049.56,CTE,10.0,4.0,6.0,1.0,4.0,1,10.0,10.0,1.0,1.0,1.0,5.0,6.0,,1.0,,1.0,1.0,1.0,1.0,1.0,2.0,1.0,1.0,3.0,1.0,,,,5.0,,,7.0,1.0,10.0,3.0,7.0,1.0,,1.0,1.0,1.0,9.0,1.0,7.0,3.0,8.0,,,1.0,1.0,8,10.0,10,1
2005-07-05,83592,,11,2,2834.0,14160C10,CTE,CARDIOTECH INTERNATIONAL INC,CTE,325412.0,A,A,R,31655,2,3841.0,,,,38.0,384.0,,,,,,,1.8,-0.010989,19258.0,1.0,1.83,34664.4,CTE,10.0,4.0,6.0,1.0,4.0,1,10.0,10.0,1.0,1.0,1.0,5.0,6.0,,1.0,,1.0,1.0,1.0,1.0,1.0,2.0,1.0,1.0,3.0,1.0,,,,5.0,,,7.0,1.0,10.0,3.0,7.0,1.0,,1.0,1.0,1.0,9.0,1.0,7.0,3.0,8.0,,,1.0,1.0,8,10.0,10,1
2005-07-06,83592,,11,2,2834.0,14160C10,CTE,CARDIOTECH INTERNATIONAL INC,CTE,325412.0,A,A,R,31655,2,3841.0,,,,38.0,384.0,,,,,,,1.8,0.0,19258.0,1.0,1.77,34664.4,CTE,10.0,4.0,6.0,1.0,4.0,1,10.0,10.0,1.0,1.0,1.0,5.0,6.0,,1.0,,1.0,1.0,1.0,1.0,1.0,2.0,1.0,1.0,3.0,1.0,,,,5.0,,,7.0,1.0,10.0,3.0,7.0,1.0,,1.0,1.0,1.0,9.0,1.0,7.0,3.0,8.0,,,1.0,1.0,8,10.0,10,1
2005-07-07,83592,,11,2,2834.0,14160C10,CTE,CARDIOTECH INTERNATIONAL INC,CTE,325412.0,A,A,R,31655,2,3841.0,,,,38.0,384.0,,,,,,,1.75,-0.027778,19258.0,1.0,1.75,33701.5,CTE,10.0,4.0,6.0,1.0,4.0,1,10.0,10.0,1.0,1.0,1.0,5.0,6.0,,1.0,,1.0,1.0,1.0,1.0,1.0,2.0,1.0,1.0,3.0,1.0,,,,5.0,,,7.0,1.0,10.0,3.0,7.0,1.0,,1.0,1.0,1.0,9.0,1.0,7.0,3.0,8.0,,,1.0,1.0,8,10.0,10,1
2005-07-08,83592,,11,2,2834.0,14160C10,CTE,CARDIOTECH INTERNATIONAL INC,CTE,325412.0,A,A,R,31655,2,3841.0,,,,38.0,384.0,,,,,,,1.74,-0.005714,19258.0,1.0,1.7,33508.92,CTE,10.0,4.0,6.0,1.0,4.0,1,10.0,10.0,1.0,1.0,1.0,5.0,6.0,,1.0,,1.0,1.0,1.0,1.0,1.0,2.0,1.0,1.0,3.0,1.0,,,,5.0,,,7.0,1.0,10.0,3.0,7.0,1.0,,1.0,1.0,1.0,9.0,1.0,7.0,3.0,8.0,,,1.0,1.0,8,10.0,10,1
2005-07-11,83592,,11,2,2834.0,14160C10,CTE,CARDIOTECH INTERNATIONAL INC,CTE,325412.0,A,A,R,31655,2,3841.0,,,,38.0,384.0,,,,,,,1.74,0.0,19258.0,1.0,1.72,33508.92,CTE,10.0,4.0,6.0,1.0,4.0,1,10.0,10.0,1.0,1.0,1.0,5.0,6.0,,1.0,,1.0,1.0,1.0,1.0,1.0,2.0,1.0,1.0,3.0,1.0,,,,5.0,,,7.0,1.0,10.0,3.0,7.0,1.0,,1.0,1.0,1.0,9.0,1.0,7.0,3.0,8.0,,,1.0,1.0,8,10.0,10,1
2005-07-12,83592,,11,2,2834.0,14160C10,CTE,CARDIOTECH INTERNATIONAL INC,CTE,325412.0,A,A,R,31655,2,3841.0,,,,38.0,384.0,,,,,,,1.77,0.017241,19258.0,1.0,1.74,34086.66,CTE,10.0,4.0,6.0,1.0,4.0,1,10.0,10.0,1.0,1.0,1.0,5.0,6.0,,1.0,,1.0,1.0,1.0,1.0,1.0,2.0,1.0,1.0,3.0,1.0,,,,5.0,,,7.0,1.0,10.0,3.0,7.0,1.0,,1.0,1.0,1.0,9.0,1.0,7.0,3.0,8.0,,,1.0,1.0,8,10.0,10,1
2005-07-13,83592,,11,2,2834.0,14160C10,CTE,CARDIOTECH INTERNATIONAL INC,CTE,325412.0,A,A,R,31655,2,3841.0,,,,38.0,384.0,,,,,,,1.73,-0.022599,19258.0,1.0,1.72,33316.34,CTE,10.0,4.0,6.0,1.0,4.0,1,10.0,10.0,1.0,1.0,1.0,5.0,6.0,,1.0,,1.0,1.0,1.0,1.0,1.0,2.0,1.0,1.0,3.0,1.0,,,,5.0,,,7.0,1.0,10.0,3.0,7.0,1.0,,1.0,1.0,1.0,9.0,1.0,7.0,3.0,8.0,,,1.0,1.0,8,10.0,10,1
2005-07-14,83592,,11,2,2834.0,14160C10,CTE,CARDIOTECH INTERNATIONAL INC,CTE,325412.0,A,A,R,31655,2,3841.0,,,,38.0,384.0,,,,,,,1.78,0.028902,19258.0,1.0,1.75,34279.24,CTE,10.0,4.0,6.0,1.0,4.0,1,10.0,10.0,1.0,1.0,1.0,5.0,6.0,,1.0,,1.0,1.0,1.0,1.0,1.0,2.0,1.0,1.0,3.0,1.0,,,,5.0,,,7.0,1.0,10.0,3.0,7.0,1.0,,1.0,1.0,1.0,9.0,1.0,7.0,3.0,8.0,,,1.0,1.0,8,10.0,10,1
2005-07-15,83592,,11,2,2834.0,14160C10,CTE,CARDIOTECH INTERNATIONAL INC,CTE,325412.0,A,A,R,31655,2,3841.0,,,,38.0,384.0,,,,,,,1.71,-0.039326,19258.0,1.0,1.73,32931.18,CTE,10.0,4.0,6.0,1.0,4.0,1,10.0,10.0,1.0,1.0,1.0,5.0,6.0,,1.0,,1.0,1.0,1.0,1.0,1.0,2.0,1.0,1.0,3.0,1.0,,,,5.0,,,7.0,1.0,10.0,3.0,7.0,1.0,,1.0,1.0,1.0,9.0,1.0,7.0,3.0,8.0,,,1.0,1.0,8,10.0,10,1
2005-07-18,83592,,11,2,2834.0,14160C10,CTE,CARDIOTECH INTERNATIONAL INC,CTE,325412.0,A,A,R,31655,2,3841.0,,,,38.0,384.0,,,,,,,1.74,0.017544,19258.0,1.0,1.73,33508.92,CTE,10.0,4.0,6.0,1.0,4.0,1,10.0,10.0,1.0,1.0,1.0,5.0,6.0,,1.0,,1.0,1.0,1.0,1.0,1.0,2.0,1.0,1.0,3.0,1.0,,,,5.0,,,7.0,1.0,10.0,3.0,7.0,1.0,,1.0,1.0,1.0,9.0,1.0,7.0,3.0,8.0,,,1.0,1.0,8,10.0,10,1
2005-07-19,83592,,11,2,2834.0,14160C10,CTE,CARDIOTECH INTERNATIONAL INC,CTE,325412.0,A,A,R,31655,2,3841.0,,,,38.0,384.0,,,,,,,1.75,0.005747,19258.0,1.0,1.72,33701.5,CTE,10.0,4.0,6.0,1.0,4.0,1,10.0,10.0,1.0,1.0,1.0,5.0,6.0,,1.0,,1.0,1.0,1.0,1.0,1.0,2.0,1.0,1.0,3.0,1.0,,,,5.0,,,7.0,1.0,10.0,3.0,7.0,1.0,,1.0,1.0,1.0,9.0,1.0,7.0,3.0,8.0,,,1.0,1.0,8,10.0,10,1
2005-07-20,83592,,11,2,2834.0,14160C10,CTE,CARDIOTECH INTERNATIONAL INC,CTE,325412.0,A,A,R,31655,2,3841.0,,,,38.0,384.0,,,,,,,1.718,-0.018286,19258.0,1.0,1.75,33085.244,CTE,10.0,4.0,6.0,1.0,4.0,1,10.0,10.0,1.0,1.0,1.0,5.0,6.0,,1.0,,1.0,1.0,1.0,1.0,1.0,2.0,1.0,1.0,3.0,1.0,,,,5.0,,,7.0,1.0,10.0,3.0,7.0,1.0,,1.0,1.0,1.0,9.0,1.0,7.0,3.0,8.0,,,1.0,1.0,8,10.0,10,1
2005-07-21,83592,,11,2,2834.0,14160C10,CTE,CARDIOTECH INTERNATIONAL INC,CTE,325412.0,A,A,R,31655,2,3841.0,,,,38.0,384.0,,,,,,,1.78,0.036088,19258.0,1.0,1.72,34279.24,CTE,10.0,4.0,6.0,1.0,4.0,1,10.0,10.0,1.0,1.0,1.0,5.0,6.0,,1.0,,1.0,1.0,1.0,1.0,1.0,2.0,1.0,1.0,3.0,1.0,,,,5.0,,,7.0,1.0,10.0,3.0,7.0,1.0,,1.0,1.0,1.0,9.0,1.0,7.0,3.0,8.0,,,1.0,1.0,8,10.0,10,1
2005-07-22,83592,,11,2,2834.0,14160C10,CTE,CARDIOTECH INTERNATIONAL INC,CTE,325412.0,A,A,R,31655,2,3841.0,,,,38.0,384.0,,,,,,,1.75,-0.016854,19258.0,1.0,1.78,33701.5,CTE,10.0,4.0,6.0,1.0,4.0,1,10.0,10.0,1.0,1.0,1.0,5.0,6.0,,1.0,,1.0,1.0,1.0,1.0,1.0,2.0,1.0,1.0,3.0,1.0,,,,5.0,,,7.0,1.0,10.0,3.0,7.0,1.0,,1.0,1.0,1.0,9.0,1.0,7.0,3.0,8.0,,,1.0,1.0,8,10.0,10,1
2005-07-25,83592,,11,2,2834.0,14160C10,CTE,CARDIOTECH INTERNATIONAL INC,CTE,325412.0,A,A,R,31655,2,3841.0,,,,38.0,384.0,,,,,,,1.73,-0.011429,19258.0,1.0,1.75,33316.34,CTE,10.0,4.0,6.0,1.0,4.0,1,10.0,10.0,1.0,1.0,1.0,5.0,6.0,,1.0,,1.0,1.0,1.0,1.0,1.0,2.0,1.0,1.0,3.0,1.0,,,,5.0,,,7.0,1.0,10.0,3.0,7.0,1.0,,1.0,1.0,1.0,9.0,1.0,7.0,3.0,8.0,,,1.0,1.0,8,10.0,10,1
2005-07-26,83592,,11,2,2834.0,14160C10,CTE,CARDIOTECH INTERNATIONAL INC,CTE,325412.0,A,A,R,31655,2,3841.0,,,,38.0,384.0,,,,,,,1.74,0.00578,19258.0,1.0,1.72,33508.92,CTE,10.0,4.0,6.0,1.0,4.0,1,10.0,10.0,1.0,1.0,1.0,5.0,6.0,,1.0,,1.0,1.0,1.0,1.0,1.0,2.0,1.0,1.0,3.0,1.0,,,,5.0,,,7.0,1.0,10.0,3.0,7.0,1.0,,1.0,1.0,1.0,9.0,1.0,7.0,3.0,8.0,,,1.0,1.0,8,10.0,10,1
2005-07-27,83592,,11,2,2834.0,14160C10,CTE,CARDIOTECH INTERNATIONAL INC,CTE,325412.0,A,A,R,31655,2,3841.0,,,,38.0,384.0,,,,,,,1.74,0.0,19258.0,1.0,1.72,33508.92,CTE,10.0,4.0,6.0,1.0,4.0,1,10.0,10.0,1.0,1.0,1.0,5.0,6.0,,1.0,,1.0,1.0,1.0,1.0,1.0,2.0,1.0,1.0,3.0,1.0,,,,5.0,,,7.0,1.0,10.0,3.0,7.0,1.0,,1.0,1.0,1.0,9.0,1.0,7.0,3.0,8.0,,,1.0,1.0,8,10.0,10,1
2005-07-28,83592,,11,2,2834.0,14160C10,CTE,CARDIOTECH INTERNATIONAL INC,CTE,325412.0,A,A,R,31655,2,3841.0,,,,38.0,384.0,,,,,,,1.8,0.034483,19258.0,1.0,1.74,34664.4,CTE,10.0,4.0,6.0,1.0,4.0,1,10.0,10.0,1.0,1.0,1.0,5.0,6.0,,1.0,,1.0,1.0,1.0,1.0,1.0,2.0,1.0,1.0,3.0,1.0,,,,5.0,,,7.0,1.0,10.0,3.0,7.0,1.0,,1.0,1.0,1.0,9.0,1.0,7.0,3.0,8.0,,,1.0,1.0,8,10.0,10,1
2005-07-29,83592,,11,2,2834.0,14160C10,CTE,CARDIOTECH INTERNATIONAL INC,CTE,325412.0,A,A,R,31655,2,3841.0,,,,38.0,384.0,,,,,,,1.82,0.011111,19258.0,1.0,1.75,35049.56,CTE,10.0,4.0,6.0,1.0,4.0,1,10.0,10.0,1.0,1.0,1.0,5.0,6.0,,1.0,,1.0,1.0,1.0,1.0,1.0,2.0,1.0,1.0,3.0,1.0,,,,5.0,,,7.0,1.0,10.0,3.0,7.0,1.0,,1.0,1.0,1.0,9.0,1.0,7.0,3.0,8.0,,,1.0,1.0,8,10.0,10,1
2005-08-01,83592,,11,2,2834.0,14160C10,CTE,CARDIOTECH INTERNATIONAL INC,CTE,325412.0,A,A,R,31655,2,3841.0,,,,38.0,384.0,,,,,,,1.8,-0.010989,19258.0,1.0,1.82,34664.4,CTE,10.0,4.0,6.0,1.0,4.0,1,10.0,10.0,1.0,1.0,1.0,5.0,6.0,,1.0,,1.0,1.0,1.0,1.0,1.0,2.0,1.0,1.0,3.0,1.0,,,,5.0,,,7.0,1.0,10.0,2.0,7.0,1.0,,1.0,1.0,1.0,7.0,1.0,7.0,10.0,9.0,,,2.0,1.0,8,10.0,10,1
2005-08-02,83592,,11,2,2834.0,14160C10,CTE,CARDIOTECH INTERNATIONAL INC,CTE,325412.0,A,A,R,31655,2,3841.0,,,,38.0,384.0,,,,,,,1.81,0.005556,19258.0,1.0,1.8,34856.98,CTE,10.0,4.0,6.0,1.0,4.0,1,10.0,10.0,1.0,1.0,1.0,5.0,6.0,,1.0,,1.0,1.0,1.0,1.0,1.0,2.0,1.0,1.0,3.0,1.0,,,,5.0,,,7.0,1.0,10.0,2.0,7.0,1.0,,1.0,1.0,1.0,7.0,1.0,7.0,10.0,9.0,,,2.0,1.0,8,10.0,10,1
2005-08-03,83592,,11,2,2834.0,14160C10,CTE,CARDIOTECH INTERNATIONAL INC,CTE,325412.0,A,A,R,31655,2,3841.0,,,,38.0,384.0,,,,,,,1.71,-0.055249,19258.0,1.0,1.8,32931.18,CTE,10.0,4.0,6.0,1.0,4.0,1,10.0,10.0,1.0,1.0,1.0,5.0,6.0,,1.0,,1.0,1.0,1.0,1.0,1.0,2.0,1.0,1.0,3.0,1.0,,,,5.0,,,7.0,1.0,10.0,2.0,7.0,1.0,,1.0,1.0,1.0,7.0,1.0,7.0,10.0,9.0,,,2.0,1.0,8,10.0,10,1
2005-08-04,83592,,11,2,2834.0,14160C10,CTE,CARDIOTECH INTERNATIONAL INC,CTE,325412.0,A,A,R,31655,2,3841.0,,,,38.0,384.0,,,,,,,1.8,0.052632,19258.0,1.0,1.71,34664.4,CTE,10.0,4.0,6.0,1.0,4.0,1,10.0,10.0,1.0,1.0,1.0,5.0,6.0,,1.0,,1.0,1.0,1.0,1.0,1.0,2.0,1.0,1.0,3.0,1.0,,,,5.0,,,7.0,1.0,10.0,2.0,7.0,1.0,,1.0,1.0,1.0,7.0,1.0,7.0,10.0,9.0,,,2.0,1.0,8,10.0,10,1
2005-08-05,83592,,11,2,2834.0,14160C10,CTE,CARDIOTECH INTERNATIONAL INC,CTE,325412.0,A,A,R,31655,2,3841.0,,,,38.0,384.0,,,,,,,1.85,0.027778,19258.0,1.0,1.82,35627.3,CTE,10.0,4.0,6.0,1.0,4.0,1,10.0,10.0,1.0,1.0,1.0,5.0,6.0,,1.0,,1.0,1.0,1.0,1.0,1.0,2.0,1.0,1.0,3.0,1.0,,,,5.0,,,7.0,1.0,10.0,2.0,7.0,1.0,,1.0,1.0,1.0,7.0,1.0,7.0,10.0,9.0,,,2.0,1.0,8,10.0,10,1
2005-08-08,83592,,11,2,2834.0,14160C10,CTE,CARDIOTECH INTERNATIONAL INC,CTE,325412.0,A,A,R,31655,2,3841.0,,,,38.0,384.0,,,,,,,1.79,-0.032432,19258.0,1.0,1.85,34471.82,CTE,10.0,4.0,6.0,1.0,4.0,1,10.0,10.0,1.0,1.0,1.0,5.0,6.0,,1.0,,1.0,1.0,1.0,1.0,1.0,2.0,1.0,1.0,3.0,1.0,,,,5.0,,,7.0,1.0,10.0,2.0,7.0,1.0,,1.0,1.0,1.0,7.0,1.0,7.0,10.0,9.0,,,2.0,1.0,8,10.0,10,1
2005-08-09,83592,,11,2,2834.0,14160C10,CTE,CARDIOTECH INTERNATIONAL INC,CTE,325412.0,A,A,R,31655,2,3841.0,,,,38.0,384.0,,,,,,,1.81,0.011173,19258.0,1.0,1.83,34856.98,CTE,10.0,4.0,6.0,1.0,4.0,1,10.0,10.0,1.0,1.0,1.0,5.0,6.0,,1.0,,1.0,1.0,1.0,1.0,1.0,2.0,1.0,1.0,3.0,1.0,,,,5.0,,,7.0,1.0,10.0,2.0,7.0,1.0,,1.0,1.0,1.0,7.0,1.0,7.0,10.0,9.0,,,2.0,1.0,8,10.0,10,1
2005-08-10,83592,,11,2,2834.0,14160C10,CTE,CARDIOTECH INTERNATIONAL INC,CTE,325412.0,A,A,R,31655,2,3841.0,,,,38.0,384.0,,,,,,,1.81,0.0,19258.0,1.0,1.84,34856.98,CTE,10.0,4.0,6.0,1.0,4.0,1,10.0,10.0,1.0,1.0,1.0,5.0,6.0,,1.0,,1.0,1.0,1.0,1.0,1.0,2.0,1.0,1.0,3.0,1.0,,,,5.0,,,7.0,1.0,10.0,2.0,7.0,1.0,,1.0,1.0,1.0,7.0,1.0,7.0,10.0,9.0,,,2.0,1.0,8,10.0,10,1
2005-08-11,83592,,11,2,2834.0,14160C10,CTE,CARDIOTECH INTERNATIONAL INC,CTE,325412.0,A,A,R,31655,2,3841.0,,,,38.0,384.0,,,,,,,1.88,0.038674,19258.0,1.0,1.85,36205.04,CTE,10.0,4.0,6.0,1.0,4.0,1,10.0,10.0,1.0,1.0,1.0,5.0,6.0,,1.0,,1.0,1.0,1.0,1.0,1.0,2.0,1.0,1.0,3.0,1.0,,,,5.0,,,7.0,1.0,10.0,2.0,7.0,1.0,,1.0,1.0,1.0,7.0,1.0,7.0,10.0,9.0,,,2.0,1.0,8,10.0,10,1
2005-08-12,83592,,11,2,2834.0,14160C10,CTE,CARDIOTECH INTERNATIONAL INC,CTE,325412.0,A,A,R,31655,2,3841.0,,,,38.0,384.0,,,,,,,1.88,0.0,19258.0,1.0,1.88,36205.04,CTE,10.0,4.0,6.0,1.0,4.0,1,10.0,10.0,1.0,1.0,1.0,5.0,6.0,,1.0,,1.0,1.0,1.0,1.0,1.0,2.0,1.0,1.0,3.0,1.0,,,,5.0,,,7.0,1.0,10.0,2.0,7.0,1.0,,1.0,1.0,1.0,7.0,1.0,7.0,10.0,9.0,,,2.0,1.0,8,10.0,10,1
2005-08-15,83592,,11,2,2834.0,14160C10,CTE,CARDIOTECH INTERNATIONAL INC,CTE,325412.0,A,A,R,31655,2,3841.0,,,,38.0,384.0,,,,,,,1.87,-0.005319,19258.0,1.0,1.88,36012.46,CTE,10.0,4.0,6.0,1.0,4.0,1,10.0,10.0,1.0,1.0,1.0,5.0,6.0,,1.0,,1.0,1.0,1.0,1.0,1.0,2.0,1.0,1.0,3.0,1.0,,,,5.0,,,7.0,1.0,10.0,2.0,7.0,1.0,,1.0,1.0,1.0,7.0,1.0,7.0,10.0,9.0,,,2.0,1.0,8,10.0,10,1
2005-08-16,83592,,11,2,2834.0,14160C10,CTE,CARDIOTECH INTERNATIONAL INC,CTE,325412.0,A,A,R,31655,2,3841.0,,,,38.0,384.0,,,,,,,1.85,-0.010695,19258.0,1.0,1.8,35627.3,CTE,10.0,4.0,6.0,1.0,4.0,1,10.0,10.0,1.0,1.0,1.0,5.0,6.0,,1.0,,1.0,1.0,1.0,1.0,1.0,2.0,1.0,1.0,3.0,1.0,,,,5.0,,,7.0,1.0,10.0,2.0,7.0,1.0,,1.0,1.0,1.0,7.0,1.0,7.0,10.0,9.0,,,2.0,1.0,8,10.0,10,1
2005-08-17,83592,,11,2,2834.0,14160C10,CTE,CARDIOTECH INTERNATIONAL INC,CTE,325412.0,A,A,R,31655,2,3841.0,,,,38.0,384.0,,,,,,,1.79,-0.032432,19258.0,1.0,1.8,34471.82,CTE,10.0,4.0,6.0,1.0,4.0,1,10.0,10.0,1.0,1.0,1.0,5.0,6.0,,1.0,,1.0,1.0,1.0,1.0,1.0,2.0,1.0,1.0,3.0,1.0,,,,5.0,,,7.0,1.0,10.0,2.0,7.0,1.0,,1.0,1.0,1.0,7.0,1.0,7.0,10.0,9.0,,,2.0,1.0,8,10.0,10,1
2005-08-18,83592,,11,2,2834.0,14160C10,CTE,CARDIOTECH INTERNATIONAL INC,CTE,325412.0,A,A,R,31655,2,3841.0,,,,38.0,384.0,,,,,,,1.84,0.027933,19258.0,1.0,1.78,35434.72,CTE,10.0,4.0,6.0,1.0,4.0,1,10.0,10.0,1.0,1.0,1.0,5.0,6.0,,1.0,,1.0,1.0,1.0,1.0,1.0,2.0,1.0,1.0,3.0,1.0,,,,5.0,,,7.0,1.0,10.0,2.0,7.0,1.0,,1.0,1.0,1.0,7.0,1.0,7.0,10.0,9.0,,,2.0,1.0,8,10.0,10,1
2005-08-19,83592,,11,2,2834.0,14160C10,CTE,CARDIOTECH INTERNATIONAL INC,CTE,325412.0,A,A,R,31655,2,3841.0,,,,38.0,384.0,,,,,,,1.75,-0.048913,19258.0,1.0,1.78,33701.5,CTE,10.0,4.0,6.0,1.0,4.0,1,10.0,10.0,1.0,1.0,1.0,5.0,6.0,,1.0,,1.0,1.0,1.0,1.0,1.0,2.0,1.0,1.0,3.0,1.0,,,,5.0,,,7.0,1.0,10.0,2.0,7.0,1.0,,1.0,1.0,1.0,7.0,1.0,7.0,10.0,9.0,,,2.0,1.0,8,10.0,10,1
2005-08-22,83592,,11,2,2834.0,14160C10,CTE,CARDIOTECH INTERNATIONAL INC,CTE,325412.0,A,A,R,31655,2,3841.0,,,,38.0,384.0,,,,,,,1.8,0.028571,19258.0,1.0,1.75,34664.4,CTE,10.0,4.0,6.0,1.0,4.0,1,10.0,10.0,1.0,1.0,1.0,5.0,6.0,,1.0,,1.0,1.0,1.0,1.0,1.0,2.0,1.0,1.0,3.0,1.0,,,,5.0,,,7.0,1.0,10.0,2.0,7.0,1.0,,1.0,1.0,1.0,7.0,1.0,7.0,10.0,9.0,,,2.0,1.0,8,10.0,10,1
2005-08-23,83592,,11,2,2834.0,14160C10,CTE,CARDIOTECH INTERNATIONAL INC,CTE,325412.0,A,A,R,31655,2,3841.0,,,,38.0,384.0,,,,,,,1.85,0.027778,19258.0,1.0,1.76,35627.3,CTE,10.0,4.0,6.0,1.0,4.0,1,10.0,10.0,1.0,1.0,1.0,5.0,6.0,,1.0,,1.0,1.0,1.0,1.0,1.0,2.0,1.0,1.0,3.0,1.0,,,,5.0,,,7.0,1.0,10.0,2.0,7.0,1.0,,1.0,1.0,1.0,7.0,1.0,7.0,10.0,9.0,,,2.0,1.0,8,10.0,10,1
2005-08-24,83592,,11,2,2834.0,14160C10,CTE,CARDIOTECH INTERNATIONAL INC,CTE,325412.0,A,A,R,31655,2,3841.0,,,,38.0,384.0,,,,,,,1.78,-0.037838,19258.0,1.0,1.76,34279.24,CTE,10.0,4.0,6.0,1.0,4.0,1,10.0,10.0,1.0,1.0,1.0,5.0,6.0,,1.0,,1.0,1.0,1.0,1.0,1.0,2.0,1.0,1.0,3.0,1.0,,,,5.0,,,7.0,1.0,10.0,2.0,7.0,1.0,,1.0,1.0,1.0,7.0,1.0,7.0,10.0,9.0,,,2.0,1.0,8,10.0,10,1
2005-08-25,83592,,11,2,2834.0,14160C10,CTE,CARDIOTECH INTERNATIONAL INC,CTE,325412.0,A,A,R,31655,2,3841.0,,,,38.0,384.0,,,,,,,1.83,0.02809,19258.0,1.0,1.75,35242.14,CTE,10.0,4.0,6.0,1.0,4.0,1,10.0,10.0,1.0,1.0,1.0,5.0,6.0,,1.0,,1.0,1.0,1.0,1.0,1.0,2.0,1.0,1.0,3.0,1.0,,,,5.0,,,7.0,1.0,10.0,2.0,7.0,1.0,,1.0,1.0,1.0,7.0,1.0,7.0,10.0,9.0,,,2.0,1.0,8,10.0,10,1
2005-08-26,83592,,11,2,2834.0,14160C10,CTE,CARDIOTECH INTERNATIONAL INC,CTE,325412.0,A,A,R,31655,2,3841.0,,,,38.0,384.0,,,,,,,1.8,-0.016393,19258.0,1.0,1.75,34664.4,CTE,10.0,4.0,6.0,1.0,4.0,1,10.0,10.0,1.0,1.0,1.0,5.0,6.0,,1.0,,1.0,1.0,1.0,1.0,1.0,2.0,1.0,1.0,3.0,1.0,,,,5.0,,,7.0,1.0,10.0,2.0,7.0,1.0,,1.0,1.0,1.0,7.0,1.0,7.0,10.0,9.0,,,2.0,1.0,8,10.0,10,1
2005-08-29,83592,,11,2,2834.0,14160C10,CTE,CARDIOTECH INTERNATIONAL INC,CTE,325412.0,A,A,R,31655,2,3841.0,,,,38.0,384.0,,,,,,,1.8,0.0,19258.0,1.0,1.88,34664.4,CTE,10.0,4.0,6.0,1.0,4.0,1,10.0,10.0,1.0,1.0,1.0,5.0,6.0,,1.0,,1.0,1.0,1.0,1.0,1.0,2.0,1.0,1.0,3.0,1.0,,,,5.0,,,7.0,1.0,10.0,2.0,7.0,1.0,,1.0,1.0,1.0,7.0,1.0,7.0,10.0,9.0,,,2.0,1.0,8,10.0,10,1
2005-08-30,83592,,11,2,2834.0,14160C10,CTE,CARDIOTECH INTERNATIONAL INC,CTE,325412.0,A,A,R,31655,2,3841.0,,,,38.0,384.0,,,,,,,1.79,-0.005556,19258.0,1.0,1.85,34471.82,CTE,10.0,4.0,6.0,1.0,4.0,1,10.0,10.0,1.0,1.0,1.0,5.0,6.0,,1.0,,1.0,1.0,1.0,1.0,1.0,2.0,1.0,1.0,3.0,1.0,,,,5.0,,,7.0,1.0,10.0,2.0,7.0,1.0,,1.0,1.0,1.0,7.0,1.0,7.0,10.0,9.0,,,2.0,1.0,8,10.0,10,1
2005-08-31,83592,,11,2,2834.0,14160C10,CTE,CARDIOTECH INTERNATIONAL INC,CTE,325412.0,A,A,R,31655,2,3841.0,,,,38.0,384.0,,,,,,,1.84,0.027933,19256.0,1.0,1.75,35431.04,CTE,10.0,4.0,6.0,1.0,4.0,1,10.0,10.0,1.0,1.0,1.0,5.0,6.0,,1.0,,1.0,1.0,1.0,1.0,1.0,2.0,1.0,1.0,3.0,1.0,,,,5.0,,,7.0,1.0,10.0,2.0,7.0,1.0,,1.0,1.0,1.0,7.0,1.0,7.0,10.0,9.0,,,2.0,1.0,8,10.0,10,1
2005-09-01,83592,,11,2,2834.0,14160C10,CTE,CARDIOTECH INTERNATIONAL INC,CTE,325412.0,A,A,R,31655,2,3841.0,,,,38.0,384.0,,,,,,,1.8,-0.021739,19256.0,1.0,1.81,34660.8,CTE,10.0,4.0,6.0,1.0,4.0,1,10.0,10.0,1.0,1.0,1.0,5.0,6.0,,1.0,,1.0,1.0,1.0,1.0,1.0,2.0,1.0,1.0,3.0,1.0,,,,6.0,,,7.0,1.0,10.0,7.0,7.0,1.0,,2.0,1.0,,4.0,2.0,8.0,10.0,5.0,,,1.0,1.0,8,10.0,10,1
2005-09-02,83592,,11,2,2834.0,14160C10,CTE,CARDIOTECH INTERNATIONAL INC,CTE,325412.0,A,A,R,31655,2,3841.0,,,,38.0,384.0,,,,,,,1.75,-0.027778,19256.0,1.0,1.74,33698.0,CTE,10.0,4.0,6.0,1.0,4.0,1,10.0,10.0,1.0,1.0,1.0,5.0,6.0,,1.0,,1.0,1.0,1.0,1.0,1.0,2.0,1.0,1.0,3.0,1.0,,,,6.0,,,7.0,1.0,10.0,7.0,7.0,1.0,,2.0,1.0,,4.0,2.0,8.0,10.0,5.0,,,1.0,1.0,8,10.0,10,1
2005-09-06,83592,,11,2,2834.0,14160C10,CTE,CARDIOTECH INTERNATIONAL INC,CTE,325412.0,A,A,R,31655,2,3841.0,,,,38.0,384.0,,,,,,,1.76,0.005714,19256.0,1.0,1.76,33890.56,CTE,10.0,4.0,6.0,1.0,4.0,1,10.0,10.0,1.0,1.0,1.0,5.0,6.0,,1.0,,1.0,1.0,1.0,1.0,1.0,2.0,1.0,1.0,3.0,1.0,,,,6.0,,,7.0,1.0,10.0,7.0,7.0,1.0,,2.0,1.0,,4.0,2.0,8.0,10.0,5.0,,,1.0,1.0,8,10.0,10,1
2005-09-07,83592,,11,2,2834.0,14160C10,CTE,CARDIOTECH INTERNATIONAL INC,CTE,325412.0,A,A,R,31655,2,3841.0,,,,38.0,384.0,,,,,,,2.98,0.693182,19256.0,1.0,1.73,57382.88,CTE,10.0,4.0,6.0,1.0,4.0,1,10.0,10.0,1.0,1.0,1.0,5.0,6.0,,1.0,,1.0,1.0,1.0,1.0,1.0,2.0,1.0,1.0,3.0,1.0,,,,6.0,,,7.0,1.0,10.0,7.0,7.0,1.0,,2.0,1.0,,4.0,2.0,8.0,10.0,5.0,,,1.0,1.0,8,10.0,10,1
2005-09-08,83592,,11,2,2834.0,14160C10,CTE,CARDIOTECH INTERNATIONAL INC,CTE,325412.0,A,A,R,31655,2,3841.0,,,,38.0,384.0,,,,,,,3.07,0.030201,19256.0,1.0,3.41,59115.92,CTE,10.0,4.0,6.0,1.0,4.0,1,10.0,10.0,1.0,1.0,1.0,5.0,6.0,,1.0,,1.0,1.0,1.0,1.0,1.0,2.0,1.0,1.0,3.0,1.0,,,,6.0,,,7.0,1.0,10.0,7.0,7.0,1.0,,2.0,1.0,,4.0,2.0,8.0,10.0,5.0,,,1.0,1.0,8,10.0,10,1
2005-09-09,83592,,11,2,2834.0,14160C10,CTE,CARDIOTECH INTERNATIONAL INC,CTE,325412.0,A,A,R,31655,2,3841.0,,,,38.0,384.0,,,,,,,2.83,-0.078176,19256.0,1.0,3.05,54494.48,CTE,10.0,4.0,6.0,1.0,4.0,1,10.0,10.0,1.0,1.0,1.0,5.0,6.0,,1.0,,1.0,1.0,1.0,1.0,1.0,2.0,1.0,1.0,3.0,1.0,,,,6.0,,,7.0,1.0,10.0,7.0,7.0,1.0,,2.0,1.0,,4.0,2.0,8.0,10.0,5.0,,,1.0,1.0,8,10.0,10,1
2005-09-12,83592,,11,2,2834.0,14160C10,CTE,CARDIOTECH INTERNATIONAL INC,CTE,325412.0,A,A,R,31655,2,3841.0,,,,38.0,384.0,,,,,,,2.87,0.014134,19256.0,1.0,2.9,55264.72,CTE,10.0,4.0,6.0,1.0,4.0,1,10.0,10.0,1.0,1.0,1.0,5.0,6.0,,1.0,,1.0,1.0,1.0,1.0,1.0,2.0,1.0,1.0,3.0,1.0,,,,6.0,,,7.0,1.0,10.0,7.0,7.0,1.0,,2.0,1.0,,4.0,2.0,8.0,10.0,5.0,,,1.0,1.0,8,10.0,10,1
2005-09-13,83592,,11,2,2834.0,14160C10,CTE,CARDIOTECH INTERNATIONAL INC,CTE,325412.0,A,A,R,31655,2,3841.0,,,,38.0,384.0,,,,,,,2.63,-0.083624,19256.0,1.0,2.91,50643.28,CTE,10.0,4.0,6.0,1.0,4.0,1,10.0,10.0,1.0,1.0,1.0,5.0,6.0,,1.0,,1.0,1.0,1.0,1.0,1.0,2.0,1.0,1.0,3.0,1.0,,,,6.0,,,7.0,1.0,10.0,7.0,7.0,1.0,,2.0,1.0,,4.0,2.0,8.0,10.0,5.0,,,1.0,1.0,8,10.0,10,1
2005-09-14,83592,,11,2,2834.0,14160C10,CTE,CARDIOTECH INTERNATIONAL INC,CTE,325412.0,A,A,R,31655,2,3841.0,,,,38.0,384.0,,,,,,,2.44,-0.072243,19256.0,1.0,2.6,46984.64,CTE,10.0,4.0,6.0,1.0,4.0,1,10.0,10.0,1.0,1.0,1.0,5.0,6.0,,1.0,,1.0,1.0,1.0,1.0,1.0,2.0,1.0,1.0,3.0,1.0,,,,6.0,,,7.0,1.0,10.0,7.0,7.0,1.0,,2.0,1.0,,4.0,2.0,8.0,10.0,5.0,,,1.0,1.0,8,10.0,10,1
2005-09-15,83592,,11,2,2834.0,14160C10,CTE,CARDIOTECH INTERNATIONAL INC,CTE,325412.0,A,A,R,31655,2,3841.0,,,,38.0,384.0,,,,,,,2.3,-0.057377,19256.0,1.0,2.44,44288.8,CTE,10.0,4.0,6.0,1.0,4.0,1,10.0,10.0,1.0,1.0,1.0,5.0,6.0,,1.0,,1.0,1.0,1.0,1.0,1.0,2.0,1.0,1.0,3.0,1.0,,,,6.0,,,7.0,1.0,10.0,7.0,7.0,1.0,,2.0,1.0,,4.0,2.0,8.0,10.0,5.0,,,1.0,1.0,8,10.0,10,1
2005-09-16,83592,,11,2,2834.0,14160C10,CTE,CARDIOTECH INTERNATIONAL INC,CTE,325412.0,A,A,R,31655,2,3841.0,,,,38.0,384.0,,,,,,,2.39,0.039131,19256.0,1.0,2.4,46021.84,CTE,10.0,4.0,6.0,1.0,4.0,1,10.0,10.0,1.0,1.0,1.0,5.0,6.0,,1.0,,1.0,1.0,1.0,1.0,1.0,2.0,1.0,1.0,3.0,1.0,,,,6.0,,,7.0,1.0,10.0,7.0,7.0,1.0,,2.0,1.0,,4.0,2.0,8.0,10.0,5.0,,,1.0,1.0,8,10.0,10,1
2005-09-19,83592,,11,2,2834.0,14160C10,CTE,CARDIOTECH INTERNATIONAL INC,CTE,325412.0,A,A,R,31655,2,3841.0,,,,38.0,384.0,,,,,,,2.35,-0.016736,19256.0,1.0,2.5,45251.6,CTE,10.0,4.0,6.0,1.0,4.0,1,10.0,10.0,1.0,1.0,1.0,5.0,6.0,,1.0,,1.0,1.0,1.0,1.0,1.0,2.0,1.0,1.0,3.0,1.0,,,,6.0,,,7.0,1.0,10.0,7.0,7.0,1.0,,2.0,1.0,,4.0,2.0,8.0,10.0,5.0,,,1.0,1.0,8,10.0,10,1
2005-09-20,83592,,11,2,2834.0,14160C10,CTE,CARDIOTECH INTERNATIONAL INC,CTE,325412.0,A,A,R,31655,2,3841.0,,,,38.0,384.0,,,,,,,2.4,0.021277,19256.0,1.0,2.4,46214.4,CTE,10.0,4.0,6.0,1.0,4.0,1,10.0,10.0,1.0,1.0,1.0,5.0,6.0,,1.0,,1.0,1.0,1.0,1.0,1.0,2.0,1.0,1.0,3.0,1.0,,,,6.0,,,7.0,1.0,10.0,7.0,7.0,1.0,,2.0,1.0,,4.0,2.0,8.0,10.0,5.0,,,1.0,1.0,8,10.0,10,1
2005-09-21,83592,,11,2,2834.0,14160C10,CTE,CARDIOTECH INTERNATIONAL INC,CTE,325412.0,A,A,R,31655,2,3841.0,,,,38.0,384.0,,,,,,,2.41,0.004167,19256.0,1.0,2.3,46406.96,CTE,10.0,4.0,6.0,1.0,4.0,1,10.0,10.0,1.0,1.0,1.0,5.0,6.0,,1.0,,1.0,1.0,1.0,1.0,1.0,2.0,1.0,1.0,3.0,1.0,,,,6.0,,,7.0,1.0,10.0,7.0,7.0,1.0,,2.0,1.0,,4.0,2.0,8.0,10.0,5.0,,,1.0,1.0,8,10.0,10,1
2005-09-22,83592,,11,2,2834.0,14160C10,CTE,CARDIOTECH INTERNATIONAL INC,CTE,325412.0,A,A,R,31655,2,3841.0,,,,38.0,384.0,,,,,,,2.36,-0.020747,19256.0,1.0,2.35,45444.16,CTE,10.0,4.0,6.0,1.0,4.0,1,10.0,10.0,1.0,1.0,1.0,5.0,6.0,,1.0,,1.0,1.0,1.0,1.0,1.0,2.0,1.0,1.0,3.0,1.0,,,,6.0,,,7.0,1.0,10.0,7.0,7.0,1.0,,2.0,1.0,,4.0,2.0,8.0,10.0,5.0,,,1.0,1.0,8,10.0,10,1
2005-09-23,83592,,11,2,2834.0,14160C10,CTE,CARDIOTECH INTERNATIONAL INC,CTE,325412.0,A,A,R,31655,2,3841.0,,,,38.0,384.0,,,,,,,2.4,0.016949,19256.0,1.0,2.36,46214.4,CTE,10.0,4.0,6.0,1.0,4.0,1,10.0,10.0,1.0,1.0,1.0,5.0,6.0,,1.0,,1.0,1.0,1.0,1.0,1.0,2.0,1.0,1.0,3.0,1.0,,,,6.0,,,7.0,1.0,10.0,7.0,7.0,1.0,,2.0,1.0,,4.0,2.0,8.0,10.0,5.0,,,1.0,1.0,8,10.0,10,1
2005-09-26,83592,,11,2,2834.0,14160C10,CTE,CARDIOTECH INTERNATIONAL INC,CTE,325412.0,A,A,R,31655,2,3841.0,,,,38.0,384.0,,,,,,,2.5,0.041667,19256.0,1.0,2.4,48140.0,CTE,10.0,4.0,6.0,1.0,4.0,1,10.0,10.0,1.0,1.0,1.0,5.0,6.0,,1.0,,1.0,1.0,1.0,1.0,1.0,2.0,1.0,1.0,3.0,1.0,,,,6.0,,,7.0,1.0,10.0,7.0,7.0,1.0,,2.0,1.0,,4.0,2.0,8.0,10.0,5.0,,,1.0,1.0,8,10.0,10,1
2005-09-27,83592,,11,2,2834.0,14160C10,CTE,CARDIOTECH INTERNATIONAL INC,CTE,325412.0,A,A,R,31655,2,3841.0,,,,38.0,384.0,,,,,,,2.5,0.0,19256.0,1.0,2.5,48140.0,CTE,10.0,4.0,6.0,1.0,4.0,1,10.0,10.0,1.0,1.0,1.0,5.0,6.0,,1.0,,1.0,1.0,1.0,1.0,1.0,2.0,1.0,1.0,3.0,1.0,,,,6.0,,,7.0,1.0,10.0,7.0,7.0,1.0,,2.0,1.0,,4.0,2.0,8.0,10.0,5.0,,,1.0,1.0,8,10.0,10,1
2005-09-28,83592,,11,2,2834.0,14160C10,CTE,CARDIOTECH INTERNATIONAL INC,CTE,325412.0,A,A,R,31655,2,3841.0,,,,38.0,384.0,,,,,,,2.44,-0.024,19256.0,1.0,2.57,46984.64,CTE,10.0,4.0,6.0,1.0,4.0,1,10.0,10.0,1.0,1.0,1.0,5.0,6.0,,1.0,,1.0,1.0,1.0,1.0,1.0,2.0,1.0,1.0,3.0,1.0,,,,6.0,,,7.0,1.0,10.0,7.0,7.0,1.0,,2.0,1.0,,4.0,2.0,8.0,10.0,5.0,,,1.0,1.0,8,10.0,10,1
2005-09-29,83592,,11,2,2834.0,14160C10,CTE,CARDIOTECH INTERNATIONAL INC,CTE,325412.0,A,A,R,31655,2,3841.0,,,,38.0,384.0,,,,,,,2.27,-0.069672,19256.0,1.0,2.41,43711.12,CTE,10.0,4.0,6.0,1.0,4.0,1,10.0,10.0,1.0,1.0,1.0,5.0,6.0,,1.0,,1.0,1.0,1.0,1.0,1.0,2.0,1.0,1.0,3.0,1.0,,,,6.0,,,7.0,1.0,10.0,7.0,7.0,1.0,,2.0,1.0,,4.0,2.0,8.0,10.0,5.0,,,1.0,1.0,8,10.0,10,1
2005-09-30,83592,,11,2,2834.0,14160C10,CTE,CARDIOTECH INTERNATIONAL INC,CTE,325412.0,A,A,R,31655,2,3841.0,,,,38.0,384.0,,,,,,,2.32,0.022026,19256.0,1.0,2.25,44673.92,CTE,10.0,4.0,6.0,1.0,4.0,1,10.0,10.0,1.0,1.0,1.0,5.0,6.0,,1.0,,1.0,1.0,1.0,1.0,1.0,2.0,1.0,1.0,3.0,1.0,,,,6.0,,,7.0,1.0,10.0,7.0,7.0,1.0,,2.0,1.0,,4.0,2.0,8.0,10.0,5.0,,,1.0,1.0,8,10.0,10,1
2005-10-03,83592,,11,2,2834.0,14160C10,CTE,CARDIOTECH INTERNATIONAL INC,CTE,325412.0,A,A,R,31655,2,3841.0,,,,38.0,384.0,,,,,,,2.36,0.017241,19256.0,1.0,2.27,45444.16,CTE,10.0,4.0,6.0,1.0,4.0,1,10.0,10.0,1.0,1.0,1.0,5.0,6.0,,1.0,,1.0,1.0,1.0,1.0,1.0,2.0,1.0,1.0,3.0,1.0,,,,6.0,,,7.0,1.0,10.0,8.0,6.0,1.0,,1.0,1.0,1.0,1.0,1.0,7.0,6.0,1.0,,,1.0,1.0,8,3.0,10,1
2005-10-04,83592,,11,2,2834.0,14160C10,CTE,CARDIOTECH INTERNATIONAL INC,CTE,325412.0,A,A,R,31655,2,3841.0,,,,38.0,384.0,,,,,,,2.37,0.004237,19256.0,1.0,2.3,45636.72,CTE,10.0,4.0,6.0,1.0,4.0,1,10.0,10.0,1.0,1.0,1.0,5.0,6.0,,1.0,,1.0,1.0,1.0,1.0,1.0,2.0,1.0,1.0,3.0,1.0,,,,6.0,,,7.0,1.0,10.0,8.0,6.0,1.0,,1.0,1.0,1.0,1.0,1.0,7.0,6.0,1.0,,,1.0,1.0,8,3.0,10,1
2005-10-05,83592,,11,2,2834.0,14160C10,CTE,CARDIOTECH INTERNATIONAL INC,CTE,325412.0,A,A,R,31655,2,3841.0,,,,38.0,384.0,,,,,,,2.25,-0.050633,19256.0,1.0,2.3,43326.0,CTE,10.0,4.0,6.0,1.0,4.0,1,10.0,10.0,1.0,1.0,1.0,5.0,6.0,,1.0,,1.0,1.0,1.0,1.0,1.0,2.0,1.0,1.0,3.0,1.0,,,,6.0,,,7.0,1.0,10.0,8.0,6.0,1.0,,1.0,1.0,1.0,1.0,1.0,7.0,6.0,1.0,,,1.0,1.0,8,3.0,10,1
2005-10-06,83592,,11,2,2834.0,14160C10,CTE,CARDIOTECH INTERNATIONAL INC,CTE,325412.0,A,A,R,31655,2,3841.0,,,,38.0,384.0,,,,,,,2.26,0.004444,19256.0,1.0,2.34,43518.56,CTE,10.0,4.0,6.0,1.0,4.0,1,10.0,10.0,1.0,1.0,1.0,5.0,6.0,,1.0,,1.0,1.0,1.0,1.0,1.0,2.0,1.0,1.0,3.0,1.0,,,,6.0,,,7.0,1.0,10.0,8.0,6.0,1.0,,1.0,1.0,1.0,1.0,1.0,7.0,6.0,1.0,,,1.0,1.0,8,3.0,10,1
2005-10-07,83592,,11,2,2834.0,14160C10,CTE,CARDIOTECH INTERNATIONAL INC,CTE,325412.0,A,A,R,31655,2,3841.0,,,,38.0,384.0,,,,,,,2.2,-0.026549,19256.0,1.0,2.25,42363.2,CTE,10.0,4.0,6.0,1.0,4.0,1,10.0,10.0,1.0,1.0,1.0,5.0,6.0,,1.0,,1.0,1.0,1.0,1.0,1.0,2.0,1.0,1.0,3.0,1.0,,,,6.0,,,7.0,1.0,10.0,8.0,6.0,1.0,,1.0,1.0,1.0,1.0,1.0,7.0,6.0,1.0,,,1.0,1.0,8,3.0,10,1
2005-10-10,83592,,11,2,2834.0,14160C10,CTE,CARDIOTECH INTERNATIONAL INC,CTE,325412.0,A,A,R,31655,2,3841.0,,,,38.0,384.0,,,,,,,2.15,-0.022727,19256.0,1.0,2.19,41400.4,CTE,10.0,4.0,6.0,1.0,4.0,1,10.0,10.0,1.0,1.0,1.0,5.0,6.0,,1.0,,1.0,1.0,1.0,1.0,1.0,2.0,1.0,1.0,3.0,1.0,,,,6.0,,,7.0,1.0,10.0,8.0,6.0,1.0,,1.0,1.0,1.0,1.0,1.0,7.0,6.0,1.0,,,1.0,1.0,8,3.0,10,1
2005-10-11,83592,,11,2,2834.0,14160C10,CTE,CARDIOTECH INTERNATIONAL INC,CTE,325412.0,A,A,R,31655,2,3841.0,,,,38.0,384.0,,,,,,,2.06,-0.041861,19256.0,1.0,2.18,39667.36,CTE,10.0,4.0,6.0,1.0,4.0,1,10.0,10.0,1.0,1.0,1.0,5.0,6.0,,1.0,,1.0,1.0,1.0,1.0,1.0,2.0,1.0,1.0,3.0,1.0,,,,6.0,,,7.0,1.0,10.0,8.0,6.0,1.0,,1.0,1.0,1.0,1.0,1.0,7.0,6.0,1.0,,,1.0,1.0,8,3.0,10,1
2005-10-12,83592,,11,2,2834.0,14160C10,CTE,CARDIOTECH INTERNATIONAL INC,CTE,325412.0,A,A,R,31655,2,3841.0,,,,38.0,384.0,,,,,,,2.12,0.029126,19256.0,1.0,2.1,40822.72,CTE,10.0,4.0,6.0,1.0,4.0,1,10.0,10.0,1.0,1.0,1.0,5.0,6.0,,1.0,,1.0,1.0,1.0,1.0,1.0,2.0,1.0,1.0,3.0,1.0,,,,6.0,,,7.0,1.0,10.0,8.0,6.0,1.0,,1.0,1.0,1.0,1.0,1.0,7.0,6.0,1.0,,,1.0,1.0,8,3.0,10,1
2005-10-13,83592,,11,2,2834.0,14160C10,CTE,CARDIOTECH INTERNATIONAL INC,CTE,325412.0,A,A,R,31655,2,3841.0,,,,38.0,384.0,,,,,,,2.06,-0.028302,19256.0,1.0,2.15,39667.36,CTE,10.0,4.0,6.0,1.0,4.0,1,10.0,10.0,1.0,1.0,1.0,5.0,6.0,,1.0,,1.0,1.0,1.0,1.0,1.0,2.0,1.0,1.0,3.0,1.0,,,,6.0,,,7.0,1.0,10.0,8.0,6.0,1.0,,1.0,1.0,1.0,1.0,1.0,7.0,6.0,1.0,,,1.0,1.0,8,3.0,10,1
2005-10-14,83592,,11,2,2834.0,14160C10,CTE,CARDIOTECH INTERNATIONAL INC,CTE,325412.0,A,A,R,31655,2,3841.0,,,,38.0,384.0,,,,,,,2.06,0.0,19256.0,1.0,2.1,39667.36,CTE,10.0,4.0,6.0,1.0,4.0,1,10.0,10.0,1.0,1.0,1.0,5.0,6.0,,1.0,,1.0,1.0,1.0,1.0,1.0,2.0,1.0,1.0,3.0,1.0,,,,6.0,,,7.0,1.0,10.0,8.0,6.0,1.0,,1.0,1.0,1.0,1.0,1.0,7.0,6.0,1.0,,,1.0,1.0,8,3.0,10,1
2005-10-17,83592,,11,2,2834.0,14160C10,CTE,CARDIOTECH INTERNATIONAL INC,CTE,325412.0,A,A,R,31655,2,3841.0,,,,38.0,384.0,,,,,,,2.04,-0.009709,19256.0,1.0,2.0,39282.24,CTE,10.0,4.0,6.0,1.0,4.0,1,10.0,10.0,1.0,1.0,1.0,5.0,6.0,,1.0,,1.0,1.0,1.0,1.0,1.0,2.0,1.0,1.0,3.0,1.0,,,,6.0,,,7.0,1.0,10.0,8.0,6.0,1.0,,1.0,1.0,1.0,1.0,1.0,7.0,6.0,1.0,,,1.0,1.0,8,3.0,10,1
2005-10-18,83592,,11,2,2834.0,14160C10,CTE,CARDIOTECH INTERNATIONAL INC,CTE,325412.0,A,A,R,31655,2,3841.0,,,,38.0,384.0,,,,,,,2.0,-0.019608,19256.0,1.0,2.0,38512.0,CTE,10.0,4.0,6.0,1.0,4.0,1,10.0,10.0,1.0,1.0,1.0,5.0,6.0,,1.0,,1.0,1.0,1.0,1.0,1.0,2.0,1.0,1.0,3.0,1.0,,,,6.0,,,7.0,1.0,10.0,8.0,6.0,1.0,,1.0,1.0,1.0,1.0,1.0,7.0,6.0,1.0,,,1.0,1.0,8,3.0,10,1
2005-10-19,83592,,11,2,2834.0,14160C10,CTE,CARDIOTECH INTERNATIONAL INC,CTE,325412.0,A,A,R,31655,2,3841.0,,,,38.0,384.0,,,,,,,2.04,0.02,19256.0,1.0,2.0,39282.24,CTE,10.0,4.0,6.0,1.0,4.0,1,10.0,10.0,1.0,1.0,1.0,5.0,6.0,,1.0,,1.0,1.0,1.0,1.0,1.0,2.0,1.0,1.0,3.0,1.0,,,,6.0,,,7.0,1.0,10.0,8.0,6.0,1.0,,1.0,1.0,1.0,1.0,1.0,7.0,6.0,1.0,,,1.0,1.0,8,3.0,10,1
2005-10-20,83592,,11,2,2834.0,14160C10,CTE,CARDIOTECH INTERNATIONAL INC,CTE,325412.0,A,A,R,31655,2,3841.0,,,,38.0,384.0,,,,,,,2.01,-0.014706,19256.0,1.0,2.02,38704.56,CTE,10.0,4.0,6.0,1.0,4.0,1,10.0,10.0,1.0,1.0,1.0,5.0,6.0,,1.0,,1.0,1.0,1.0,1.0,1.0,2.0,1.0,1.0,3.0,1.0,,,,6.0,,,7.0,1.0,10.0,8.0,6.0,1.0,,1.0,1.0,1.0,1.0,1.0,7.0,6.0,1.0,,,1.0,1.0,8,3.0,10,1
2005-10-21,83592,,11,2,2834.0,14160C10,CTE,CARDIOTECH INTERNATIONAL INC,CTE,325412.0,A,A,R,31655,2,3841.0,,,,38.0,384.0,,,,,,,2.01,0.0,19256.0,1.0,2.03,38704.56,CTE,10.0,4.0,6.0,1.0,4.0,1,10.0,10.0,1.0,1.0,1.0,5.0,6.0,,1.0,,1.0,1.0,1.0,1.0,1.0,2.0,1.0,1.0,3.0,1.0,,,,6.0,,,7.0,1.0,10.0,8.0,6.0,1.0,,1.0,1.0,1.0,1.0,1.0,7.0,6.0,1.0,,,1.0,1.0,8,3.0,10,1
2005-10-24,83592,,11,2,2834.0,14160C10,CTE,CARDIOTECH INTERNATIONAL INC,CTE,325412.0,A,A,R,31655,2,3841.0,,,,38.0,384.0,,,,,,,2.11,0.049751,19256.0,1.0,2.0,40630.16,CTE,10.0,4.0,6.0,1.0,4.0,1,10.0,10.0,1.0,1.0,1.0,5.0,6.0,,1.0,,1.0,1.0,1.0,1.0,1.0,2.0,1.0,1.0,3.0,1.0,,,,6.0,,,7.0,1.0,10.0,8.0,6.0,1.0,,1.0,1.0,1.0,1.0,1.0,7.0,6.0,1.0,,,1.0,1.0,8,3.0,10,1
2005-10-25,83592,,11,2,2834.0,14160C10,CTE,CARDIOTECH INTERNATIONAL INC,CTE,325412.0,A,A,R,31655,2,3841.0,,,,38.0,384.0,,,,,,,2.28,0.080569,19256.0,1.0,2.11,43903.68,CTE,10.0,4.0,6.0,1.0,4.0,1,10.0,10.0,1.0,1.0,1.0,5.0,6.0,,1.0,,1.0,1.0,1.0,1.0,1.0,2.0,1.0,1.0,3.0,1.0,,,,6.0,,,7.0,1.0,10.0,8.0,6.0,1.0,,1.0,1.0,1.0,1.0,1.0,7.0,6.0,1.0,,,1.0,1.0,8,3.0,10,1
2005-10-26,83592,,11,2,2834.0,14160C10,CTE,CARDIOTECH INTERNATIONAL INC,CTE,325412.0,A,A,R,31655,2,3841.0,,,,38.0,384.0,,,,,,,2.31,0.013158,19256.0,1.0,2.26,44481.36,CTE,10.0,4.0,6.0,1.0,4.0,1,10.0,10.0,1.0,1.0,1.0,5.0,6.0,,1.0,,1.0,1.0,1.0,1.0,1.0,2.0,1.0,1.0,3.0,1.0,,,,6.0,,,7.0,1.0,10.0,8.0,6.0,1.0,,1.0,1.0,1.0,1.0,1.0,7.0,6.0,1.0,,,1.0,1.0,8,3.0,10,1
2005-10-27,83592,,11,2,2834.0,14160C10,CTE,CARDIOTECH INTERNATIONAL INC,CTE,325412.0,A,A,R,31655,2,3841.0,,,,38.0,384.0,,,,,,,2.31,0.0,19256.0,1.0,2.32,44481.36,CTE,10.0,4.0,6.0,1.0,4.0,1,10.0,10.0,1.0,1.0,1.0,5.0,6.0,,1.0,,1.0,1.0,1.0,1.0,1.0,2.0,1.0,1.0,3.0,1.0,,,,6.0,,,7.0,1.0,10.0,8.0,6.0,1.0,,1.0,1.0,1.0,1.0,1.0,7.0,6.0,1.0,,,1.0,1.0,8,3.0,10,1
2005-10-28,83592,,11,2,2834.0,14160C10,CTE,CARDIOTECH INTERNATIONAL INC,CTE,325412.0,A,A,R,31655,2,3841.0,,,,38.0,384.0,,,,,,,2.28,-0.012987,19256.0,1.0,2.34,43903.68,CTE,10.0,4.0,6.0,1.0,4.0,1,10.0,10.0,1.0,1.0,1.0,5.0,6.0,,1.0,,1.0,1.0,1.0,1.0,1.0,2.0,1.0,1.0,3.0,1.0,,,,6.0,,,7.0,1.0,10.0,8.0,6.0,1.0,,1.0,1.0,1.0,1.0,1.0,7.0,6.0,1.0,,,1.0,1.0,8,3.0,10,1
2005-10-31,83592,,11,2,2834.0,14160C10,CTE,CARDIOTECH INTERNATIONAL INC,CTE,325412.0,A,A,R,31655,2,3841.0,,,,38.0,384.0,,,,,,,2.24,-0.017544,19256.0,1.0,2.25,43133.44,CTE,10.0,4.0,6.0,1.0,4.0,1,10.0,10.0,1.0,1.0,1.0,5.0,6.0,,1.0,,1.0,1.0,1.0,1.0,1.0,2.0,1.0,1.0,3.0,1.0,,,,6.0,,,7.0,1.0,10.0,8.0,6.0,1.0,,1.0,1.0,1.0,1.0,1.0,7.0,6.0,1.0,,,1.0,1.0,8,3.0,10,1
2005-11-01,83592,,11,2,2834.0,14160C10,CTE,CARDIOTECH INTERNATIONAL INC,CTE,325412.0,A,A,R,31655,2,3841.0,,,,38.0,384.0,,,,,,,2.11,-0.058036,19256.0,1.0,2.18,40630.16,CTE,10.0,4.0,6.0,1.0,4.0,1,10.0,10.0,1.0,1.0,1.0,5.0,6.0,,1.0,,1.0,1.0,1.0,1.0,1.0,2.0,1.0,1.0,3.0,1.0,,,,3.0,,,7.0,1.0,10.0,6.0,6.0,1.0,,1.0,1.0,1.0,6.0,1.0,8.0,4.0,6.0,,,1.0,1.0,8,3.0,10,1
2005-11-02,83592,,11,2,2834.0,14160C10,CTE,CARDIOTECH INTERNATIONAL INC,CTE,325412.0,A,A,R,31655,2,3841.0,,,,38.0,384.0,,,,,,,2.14,0.014218,19256.0,1.0,2.1,41207.84,CTE,10.0,4.0,6.0,1.0,4.0,1,10.0,10.0,1.0,1.0,1.0,5.0,6.0,,1.0,,1.0,1.0,1.0,1.0,1.0,2.0,1.0,1.0,3.0,1.0,,,,3.0,,,7.0,1.0,10.0,6.0,6.0,1.0,,1.0,1.0,1.0,6.0,1.0,8.0,4.0,6.0,,,1.0,1.0,8,3.0,10,1
2005-11-03,83592,,11,2,2834.0,14160C10,CTE,CARDIOTECH INTERNATIONAL INC,CTE,325412.0,A,A,R,31655,2,3841.0,,,,38.0,384.0,,,,,,,2.23,0.042056,19256.0,1.0,2.18,42940.88,CTE,10.0,4.0,6.0,1.0,4.0,1,10.0,10.0,1.0,1.0,1.0,5.0,6.0,,1.0,,1.0,1.0,1.0,1.0,1.0,2.0,1.0,1.0,3.0,1.0,,,,3.0,,,7.0,1.0,10.0,6.0,6.0,1.0,,1.0,1.0,1.0,6.0,1.0,8.0,4.0,6.0,,,1.0,1.0,8,3.0,10,1
2005-11-04,83592,,11,2,2834.0,14160C10,CTE,CARDIOTECH INTERNATIONAL INC,CTE,325412.0,A,A,R,31655,2,3841.0,,,,38.0,384.0,,,,,,,2.27,0.017937,19256.0,1.0,2.29,43711.12,CTE,10.0,4.0,6.0,1.0,4.0,1,10.0,10.0,1.0,1.0,1.0,5.0,6.0,,1.0,,1.0,1.0,1.0,1.0,1.0,2.0,1.0,1.0,3.0,1.0,,,,3.0,,,7.0,1.0,10.0,6.0,6.0,1.0,,1.0,1.0,1.0,6.0,1.0,8.0,4.0,6.0,,,1.0,1.0,8,3.0,10,1
2005-11-07,83592,,11,2,2834.0,14160C10,CTE,CARDIOTECH INTERNATIONAL INC,CTE,325412.0,A,A,R,31655,2,3841.0,,,,38.0,384.0,,,,,,,2.23,-0.017621,19256.0,1.0,2.26,42940.88,CTE,10.0,4.0,6.0,1.0,4.0,1,10.0,10.0,1.0,1.0,1.0,5.0,6.0,,1.0,,1.0,1.0,1.0,1.0,1.0,2.0,1.0,1.0,3.0,1.0,,,,3.0,,,7.0,1.0,10.0,6.0,6.0,1.0,,1.0,1.0,1.0,6.0,1.0,8.0,4.0,6.0,,,1.0,1.0,8,3.0,10,1
2005-11-08,83592,,11,2,2834.0,14160C10,CTE,CARDIOTECH INTERNATIONAL INC,CTE,325412.0,A,A,R,31655,2,3841.0,,,,38.0,384.0,,,,,,,2.2,-0.013453,19256.0,1.0,2.23,42363.2,CTE,10.0,4.0,6.0,1.0,4.0,1,10.0,10.0,1.0,1.0,1.0,5.0,6.0,,1.0,,1.0,1.0,1.0,1.0,1.0,2.0,1.0,1.0,3.0,1.0,,,,3.0,,,7.0,1.0,10.0,6.0,6.0,1.0,,1.0,1.0,1.0,6.0,1.0,8.0,4.0,6.0,,,1.0,1.0,8,3.0,10,1
2005-11-09,83592,,11,2,2834.0,14160C10,CTE,CARDIOTECH INTERNATIONAL INC,CTE,325412.0,A,A,R,31655,2,3841.0,,,,38.0,384.0,,,,,,,2.24,0.018182,19256.0,1.0,2.25,43133.44,CTE,10.0,4.0,6.0,1.0,4.0,1,10.0,10.0,1.0,1.0,1.0,5.0,6.0,,1.0,,1.0,1.0,1.0,1.0,1.0,2.0,1.0,1.0,3.0,1.0,,,,3.0,,,7.0,1.0,10.0,6.0,6.0,1.0,,1.0,1.0,1.0,6.0,1.0,8.0,4.0,6.0,,,1.0,1.0,8,3.0,10,1
2005-11-10,83592,,11,2,2834.0,14160C10,CTE,CARDIOTECH INTERNATIONAL INC,CTE,325412.0,A,A,R,31655,2,3841.0,,,,38.0,384.0,,,,,,,2.41,0.075893,19256.0,1.0,2.29,46406.96,CTE,10.0,4.0,6.0,1.0,4.0,1,10.0,10.0,1.0,1.0,1.0,5.0,6.0,,1.0,,1.0,1.0,1.0,1.0,1.0,2.0,1.0,1.0,3.0,1.0,,,,3.0,,,7.0,1.0,10.0,6.0,6.0,1.0,,1.0,1.0,1.0,6.0,1.0,8.0,4.0,6.0,,,1.0,1.0,8,3.0,10,1
2005-11-11,83592,,11,2,2834.0,14160C10,CTE,CARDIOTECH INTERNATIONAL INC,CTE,325412.0,A,A,R,31655,2,3841.0,,,,38.0,384.0,,,,,,,2.58,0.070539,19256.0,1.0,2.42,49680.48,CTE,10.0,4.0,6.0,1.0,4.0,1,10.0,10.0,1.0,1.0,1.0,5.0,6.0,,1.0,,1.0,1.0,1.0,1.0,1.0,2.0,1.0,1.0,3.0,1.0,,,,3.0,,,7.0,1.0,10.0,6.0,6.0,1.0,,1.0,1.0,1.0,6.0,1.0,8.0,4.0,6.0,,,1.0,1.0,8,3.0,10,1
2005-11-14,83592,,11,2,2834.0,14160C10,CTE,CARDIOTECH INTERNATIONAL INC,CTE,325412.0,A,A,R,31655,2,3841.0,,,,38.0,384.0,,,,,,,2.5,-0.031008,19256.0,1.0,2.7,48140.0,CTE,10.0,4.0,6.0,1.0,4.0,1,10.0,10.0,1.0,1.0,1.0,5.0,6.0,,1.0,,1.0,1.0,1.0,1.0,1.0,2.0,1.0,1.0,3.0,1.0,,,,3.0,,,7.0,1.0,10.0,6.0,6.0,1.0,,1.0,1.0,1.0,6.0,1.0,8.0,4.0,6.0,,,1.0,1.0,8,3.0,10,1
2005-11-15,83592,,11,2,2834.0,14160C10,CTE,CARDIOTECH INTERNATIONAL INC,CTE,325412.0,A,A,R,31655,2,3841.0,,,,38.0,384.0,,,,,,,2.46,-0.016,19256.0,1.0,2.45,47369.76,CTE,10.0,4.0,6.0,1.0,4.0,1,10.0,10.0,1.0,1.0,1.0,5.0,6.0,,1.0,,1.0,1.0,1.0,1.0,1.0,2.0,1.0,1.0,3.0,1.0,,,,3.0,,,7.0,1.0,10.0,6.0,6.0,1.0,,1.0,1.0,1.0,6.0,1.0,8.0,4.0,6.0,,,1.0,1.0,8,3.0,10,1
2005-11-16,83592,,11,2,2834.0,14160C10,CTE,CARDIOTECH INTERNATIONAL INC,CTE,325412.0,A,A,R,31655,2,3841.0,,,,38.0,384.0,,,,,,,2.58,0.04878,19256.0,1.0,2.42,49680.48,CTE,10.0,4.0,6.0,1.0,4.0,1,10.0,10.0,1.0,1.0,1.0,5.0,6.0,,1.0,,1.0,1.0,1.0,1.0,1.0,2.0,1.0,1.0,3.0,1.0,,,,3.0,,,7.0,1.0,10.0,6.0,6.0,1.0,,1.0,1.0,1.0,6.0,1.0,8.0,4.0,6.0,,,1.0,1.0,8,3.0,10,1
2005-11-17,83592,,11,2,2834.0,14160C10,CTE,CARDIOTECH INTERNATIONAL INC,CTE,325412.0,A,A,R,31655,2,3841.0,,,,38.0,384.0,,,,,,,2.7,0.046512,19256.0,1.0,2.62,51991.2,CTE,10.0,4.0,6.0,1.0,4.0,1,10.0,10.0,1.0,1.0,1.0,5.0,6.0,,1.0,,1.0,1.0,1.0,1.0,1.0,2.0,1.0,1.0,3.0,1.0,,,,3.0,,,7.0,1.0,10.0,6.0,6.0,1.0,,1.0,1.0,1.0,6.0,1.0,8.0,4.0,6.0,,,1.0,1.0,8,3.0,10,1
2005-11-18,83592,,11,2,2834.0,14160C10,CTE,CARDIOTECH INTERNATIONAL INC,CTE,325412.0,A,A,R,31655,2,3841.0,,,,38.0,384.0,,,,,,,2.72,0.007407,19256.0,1.0,2.7,52376.32,CTE,10.0,4.0,6.0,1.0,4.0,1,10.0,10.0,1.0,1.0,1.0,5.0,6.0,,1.0,,1.0,1.0,1.0,1.0,1.0,2.0,1.0,1.0,3.0,1.0,,,,3.0,,,7.0,1.0,10.0,6.0,6.0,1.0,,1.0,1.0,1.0,6.0,1.0,8.0,4.0,6.0,,,1.0,1.0,8,3.0,10,1
2005-11-21,83592,,11,2,2834.0,14160C10,CTE,CARDIOTECH INTERNATIONAL INC,CTE,325412.0,A,A,R,31655,2,3841.0,,,,38.0,384.0,,,,,,,2.67,-0.018382,19256.0,1.0,2.72,51413.52,CTE,10.0,4.0,6.0,1.0,4.0,1,10.0,10.0,1.0,1.0,1.0,5.0,6.0,,1.0,,1.0,1.0,1.0,1.0,1.0,2.0,1.0,1.0,3.0,1.0,,,,3.0,,,7.0,1.0,10.0,6.0,6.0,1.0,,1.0,1.0,1.0,6.0,1.0,8.0,4.0,6.0,,,1.0,1.0,8,3.0,10,1
2005-11-22,83592,,11,2,2834.0,14160C10,CTE,CARDIOTECH INTERNATIONAL INC,CTE,325412.0,A,A,R,31655,2,3841.0,,,,38.0,384.0,,,,,,,2.64,-0.011236,19256.0,1.0,2.65,50835.84,CTE,10.0,4.0,6.0,1.0,4.0,1,10.0,10.0,1.0,1.0,1.0,5.0,6.0,,1.0,,1.0,1.0,1.0,1.0,1.0,2.0,1.0,1.0,3.0,1.0,,,,3.0,,,7.0,1.0,10.0,6.0,6.0,1.0,,1.0,1.0,1.0,6.0,1.0,8.0,4.0,6.0,,,1.0,1.0,8,3.0,10,1
2005-11-23,83592,,11,2,2834.0,14160C10,CTE,CARDIOTECH INTERNATIONAL INC,CTE,325412.0,A,A,R,31655,2,3841.0,,,,38.0,384.0,,,,,,,2.58,-0.022727,19256.0,1.0,2.65,49680.48,CTE,10.0,4.0,6.0,1.0,4.0,1,10.0,10.0,1.0,1.0,1.0,5.0,6.0,,1.0,,1.0,1.0,1.0,1.0,1.0,2.0,1.0,1.0,3.0,1.0,,,,3.0,,,7.0,1.0,10.0,6.0,6.0,1.0,,1.0,1.0,1.0,6.0,1.0,8.0,4.0,6.0,,,1.0,1.0,8,3.0,10,1
2005-11-25,83592,,11,2,2834.0,14160C10,CTE,CARDIOTECH INTERNATIONAL INC,CTE,325412.0,A,A,R,31655,2,3841.0,,,,38.0,384.0,,,,,,,2.59,0.003876,19256.0,1.0,2.65,49873.04,CTE,10.0,4.0,6.0,1.0,4.0,1,10.0,10.0,1.0,1.0,1.0,5.0,6.0,,1.0,,1.0,1.0,1.0,1.0,1.0,2.0,1.0,1.0,3.0,1.0,,,,3.0,,,7.0,1.0,10.0,6.0,6.0,1.0,,1.0,1.0,1.0,6.0,1.0,8.0,4.0,6.0,,,1.0,1.0,8,3.0,10,1
2005-11-28,83592,,11,2,2834.0,14160C10,CTE,CARDIOTECH INTERNATIONAL INC,CTE,325412.0,A,A,R,31655,2,3841.0,,,,38.0,384.0,,,,,,,2.65,0.023166,19256.0,1.0,2.56,51028.4,CTE,10.0,4.0,6.0,1.0,4.0,1,10.0,10.0,1.0,1.0,1.0,5.0,6.0,,1.0,,1.0,1.0,1.0,1.0,1.0,2.0,1.0,1.0,3.0,1.0,,,,3.0,,,7.0,1.0,10.0,6.0,6.0,1.0,,1.0,1.0,1.0,6.0,1.0,8.0,4.0,6.0,,,1.0,1.0,8,3.0,10,1
2005-11-29,83592,,11,2,2834.0,14160C10,CTE,CARDIOTECH INTERNATIONAL INC,CTE,325412.0,A,A,R,31655,2,3841.0,,,,38.0,384.0,,,,,,,2.71,0.022641,19256.0,1.0,2.7,52183.76,CTE,10.0,4.0,6.0,1.0,4.0,1,10.0,10.0,1.0,1.0,1.0,5.0,6.0,,1.0,,1.0,1.0,1.0,1.0,1.0,2.0,1.0,1.0,3.0,1.0,,,,3.0,,,7.0,1.0,10.0,6.0,6.0,1.0,,1.0,1.0,1.0,6.0,1.0,8.0,4.0,6.0,,,1.0,1.0,8,3.0,10,1
2005-11-30,83592,,11,2,2834.0,14160C10,CTE,CARDIOTECH INTERNATIONAL INC,CTE,325412.0,A,A,R,31655,2,3841.0,,,,38.0,384.0,,,,,,,2.73,0.00738,19489.0,1.0,2.71,53204.97,CTE,10.0,4.0,6.0,1.0,4.0,1,10.0,10.0,1.0,1.0,1.0,5.0,6.0,,1.0,,1.0,1.0,1.0,1.0,1.0,2.0,1.0,1.0,3.0,1.0,,,,3.0,,,7.0,1.0,10.0,6.0,6.0,1.0,,1.0,1.0,1.0,6.0,1.0,8.0,4.0,6.0,,,1.0,1.0,8,3.0,10,1
2005-12-01,83592,,11,2,2834.0,14160C10,CTE,CARDIOTECH INTERNATIONAL INC,CTE,325412.0,A,A,R,31655,2,3841.0,,,,38.0,384.0,,,,,,,2.72,-0.003663,19489.0,1.0,2.74,53010.08,CTE,10.0,4.0,6.0,1.0,4.0,1,10.0,10.0,1.0,1.0,1.0,5.0,6.0,,1.0,,1.0,1.0,1.0,1.0,1.0,2.0,1.0,1.0,3.0,1.0,,,,4.0,,,7.0,2.0,10.0,4.0,4.0,1.0,,1.0,1.0,1.0,1.0,1.0,8.0,1.0,1.0,,,1.0,1.0,8,3.0,10,1
2005-12-02,83592,,11,2,2834.0,14160C10,CTE,CARDIOTECH INTERNATIONAL INC,CTE,325412.0,A,A,R,31655,2,3841.0,,,,38.0,384.0,,,,,,,2.73,0.003676,19489.0,1.0,2.65,53204.97,CTE,10.0,4.0,6.0,1.0,4.0,1,10.0,10.0,1.0,1.0,1.0,5.0,6.0,,1.0,,1.0,1.0,1.0,1.0,1.0,2.0,1.0,1.0,3.0,1.0,,,,4.0,,,7.0,2.0,10.0,4.0,4.0,1.0,,1.0,1.0,1.0,1.0,1.0,8.0,1.0,1.0,,,1.0,1.0,8,3.0,10,1
2005-12-05,83592,,11,2,2834.0,14160C10,CTE,CARDIOTECH INTERNATIONAL INC,CTE,325412.0,A,A,R,31655,2,3841.0,,,,38.0,384.0,,,,,,,2.72,-0.003663,19489.0,1.0,2.75,53010.08,CTE,10.0,4.0,6.0,1.0,4.0,1,10.0,10.0,1.0,1.0,1.0,5.0,6.0,,1.0,,1.0,1.0,1.0,1.0,1.0,2.0,1.0,1.0,3.0,1.0,,,,4.0,,,7.0,2.0,10.0,4.0,4.0,1.0,,1.0,1.0,1.0,1.0,1.0,8.0,1.0,1.0,,,1.0,1.0,8,3.0,10,1
2005-12-06,83592,,11,2,2834.0,14160C10,CTE,CARDIOTECH INTERNATIONAL INC,CTE,325412.0,A,A,R,31655,2,3841.0,,,,38.0,384.0,,,,,,,2.69,-0.011029,19489.0,1.0,2.73,52425.41,CTE,10.0,4.0,6.0,1.0,4.0,1,10.0,10.0,1.0,1.0,1.0,5.0,6.0,,1.0,,1.0,1.0,1.0,1.0,1.0,2.0,1.0,1.0,3.0,1.0,,,,4.0,,,7.0,2.0,10.0,4.0,4.0,1.0,,1.0,1.0,1.0,1.0,1.0,8.0,1.0,1.0,,,1.0,1.0,8,3.0,10,1
2005-12-07,83592,,11,2,2834.0,14160C10,CTE,CARDIOTECH INTERNATIONAL INC,CTE,325412.0,A,A,R,31655,2,3841.0,,,,38.0,384.0,,,,,,,2.75,0.022305,19489.0,1.0,2.7,53594.75,CTE,10.0,4.0,6.0,1.0,4.0,1,10.0,10.0,1.0,1.0,1.0,5.0,6.0,,1.0,,1.0,1.0,1.0,1.0,1.0,2.0,1.0,1.0,3.0,1.0,,,,4.0,,,7.0,2.0,10.0,4.0,4.0,1.0,,1.0,1.0,1.0,1.0,1.0,8.0,1.0,1.0,,,1.0,1.0,8,3.0,10,1
2005-12-08,83592,,11,2,2834.0,14160C10,CTE,CARDIOTECH INTERNATIONAL INC,CTE,325412.0,A,A,R,31655,2,3841.0,,,,38.0,384.0,,,,,,,2.7,-0.018182,19489.0,1.0,2.75,52620.3,CTE,10.0,4.0,6.0,1.0,4.0,1,10.0,10.0,1.0,1.0,1.0,5.0,6.0,,1.0,,1.0,1.0,1.0,1.0,1.0,2.0,1.0,1.0,3.0,1.0,,,,4.0,,,7.0,2.0,10.0,4.0,4.0,1.0,,1.0,1.0,1.0,1.0,1.0,8.0,1.0,1.0,,,1.0,1.0,8,3.0,10,1
2005-12-09,83592,,11,2,2834.0,14160C10,CTE,CARDIOTECH INTERNATIONAL INC,CTE,325412.0,A,A,R,31655,2,3841.0,,,,38.0,384.0,,,,,,,2.7,0.0,19489.0,1.0,2.72,52620.3,CTE,10.0,4.0,6.0,1.0,4.0,1,10.0,10.0,1.0,1.0,1.0,5.0,6.0,,1.0,,1.0,1.0,1.0,1.0,1.0,2.0,1.0,1.0,3.0,1.0,,,,4.0,,,7.0,2.0,10.0,4.0,4.0,1.0,,1.0,1.0,1.0,1.0,1.0,8.0,1.0,1.0,,,1.0,1.0,8,3.0,10,1
2005-12-12,83592,,11,2,2834.0,14160C10,CTE,CARDIOTECH INTERNATIONAL INC,CTE,325412.0,A,A,R,31655,2,3841.0,,,,38.0,384.0,,,,,,,2.63,-0.025926,19489.0,1.0,2.74,51256.07,CTE,10.0,4.0,6.0,1.0,4.0,1,10.0,10.0,1.0,1.0,1.0,5.0,6.0,,1.0,,1.0,1.0,1.0,1.0,1.0,2.0,1.0,1.0,3.0,1.0,,,,4.0,,,7.0,2.0,10.0,4.0,4.0,1.0,,1.0,1.0,1.0,1.0,1.0,8.0,1.0,1.0,,,1.0,1.0,8,3.0,10,1
2005-12-13,83592,,11,2,2834.0,14160C10,CTE,CARDIOTECH INTERNATIONAL INC,CTE,325412.0,A,A,R,31655,2,3841.0,,,,38.0,384.0,,,,,,,2.54,-0.034221,19489.0,1.0,2.6,49502.06,CTE,10.0,4.0,6.0,1.0,4.0,1,10.0,10.0,1.0,1.0,1.0,5.0,6.0,,1.0,,1.0,1.0,1.0,1.0,1.0,2.0,1.0,1.0,3.0,1.0,,,,4.0,,,7.0,2.0,10.0,4.0,4.0,1.0,,1.0,1.0,1.0,1.0,1.0,8.0,1.0,1.0,,,1.0,1.0,8,3.0,10,1
2005-12-14,83592,,11,2,2834.0,14160C10,CTE,CARDIOTECH INTERNATIONAL INC,CTE,325412.0,A,A,R,31655,2,3841.0,,,,38.0,384.0,,,,,,,2.58,0.015748,19489.0,1.0,2.53,50281.62,CTE,10.0,4.0,6.0,1.0,4.0,1,10.0,10.0,1.0,1.0,1.0,5.0,6.0,,1.0,,1.0,1.0,1.0,1.0,1.0,2.0,1.0,1.0,3.0,1.0,,,,4.0,,,7.0,2.0,10.0,4.0,4.0,1.0,,1.0,1.0,1.0,1.0,1.0,8.0,1.0,1.0,,,1.0,1.0,8,3.0,10,1
2005-12-15,83592,,11,2,2834.0,14160C10,CTE,CARDIOTECH INTERNATIONAL INC,CTE,325412.0,A,A,R,31655,2,3841.0,,,,38.0,384.0,,,,,,,2.49,-0.034884,19489.0,1.0,2.55,48527.61,CTE,10.0,4.0,6.0,1.0,4.0,1,10.0,10.0,1.0,1.0,1.0,5.0,6.0,,1.0,,1.0,1.0,1.0,1.0,1.0,2.0,1.0,1.0,3.0,1.0,,,,4.0,,,7.0,2.0,10.0,4.0,4.0,1.0,,1.0,1.0,1.0,1.0,1.0,8.0,1.0,1.0,,,1.0,1.0,8,3.0,10,1
2005-12-16,83592,,11,2,2834.0,14160C10,CTE,CARDIOTECH INTERNATIONAL INC,CTE,325412.0,A,A,R,31655,2,3841.0,,,,38.0,384.0,,,,,,,2.57,0.032128,19489.0,1.0,2.45,50086.73,CTE,10.0,4.0,6.0,1.0,4.0,1,10.0,10.0,1.0,1.0,1.0,5.0,6.0,,1.0,,1.0,1.0,1.0,1.0,1.0,2.0,1.0,1.0,3.0,1.0,,,,4.0,,,7.0,2.0,10.0,4.0,4.0,1.0,,1.0,1.0,1.0,1.0,1.0,8.0,1.0,1.0,,,1.0,1.0,8,3.0,10,1
2005-12-19,83592,,11,2,2834.0,14160C10,CTE,CARDIOTECH INTERNATIONAL INC,CTE,325412.0,A,A,R,31655,2,3841.0,,,,38.0,384.0,,,,,,,2.41,-0.062257,19489.0,1.0,2.55,46968.49,CTE,10.0,4.0,6.0,1.0,4.0,1,10.0,10.0,1.0,1.0,1.0,5.0,6.0,,1.0,,1.0,1.0,1.0,1.0,1.0,2.0,1.0,1.0,3.0,1.0,,,,4.0,,,7.0,2.0,10.0,4.0,4.0,1.0,,1.0,1.0,1.0,1.0,1.0,8.0,1.0,1.0,,,1.0,1.0,8,3.0,10,1
2005-12-20,83592,,11,2,2834.0,14160C10,CTE,CARDIOTECH INTERNATIONAL INC,CTE,325412.0,A,A,R,31655,2,3841.0,,,,38.0,384.0,,,,,,,2.3,-0.045643,19489.0,1.0,2.41,44824.7,CTE,10.0,4.0,6.0,1.0,4.0,1,10.0,10.0,1.0,1.0,1.0,5.0,6.0,,1.0,,1.0,1.0,1.0,1.0,1.0,2.0,1.0,1.0,3.0,1.0,,,,4.0,,,7.0,2.0,10.0,4.0,4.0,1.0,,1.0,1.0,1.0,1.0,1.0,8.0,1.0,1.0,,,1.0,1.0,8,3.0,10,1
2005-12-21,83592,,11,2,2834.0,14160C10,CTE,CARDIOTECH INTERNATIONAL INC,CTE,325412.0,A,A,R,31655,2,3841.0,,,,38.0,384.0,,,,,,,2.4,0.043478,19489.0,1.0,2.25,46773.6,CTE,10.0,4.0,6.0,1.0,4.0,1,10.0,10.0,1.0,1.0,1.0,5.0,6.0,,1.0,,1.0,1.0,1.0,1.0,1.0,2.0,1.0,1.0,3.0,1.0,,,,4.0,,,7.0,2.0,10.0,4.0,4.0,1.0,,1.0,1.0,1.0,1.0,1.0,8.0,1.0,1.0,,,1.0,1.0,8,3.0,10,1
2005-12-22,83592,,11,2,2834.0,14160C10,CTE,CARDIOTECH INTERNATIONAL INC,CTE,325412.0,A,A,R,31655,2,3841.0,,,,38.0,384.0,,,,,,,2.5,0.041667,19489.0,1.0,2.36,48722.5,CTE,10.0,4.0,6.0,1.0,4.0,1,10.0,10.0,1.0,1.0,1.0,5.0,6.0,,1.0,,1.0,1.0,1.0,1.0,1.0,2.0,1.0,1.0,3.0,1.0,,,,4.0,,,7.0,2.0,10.0,4.0,4.0,1.0,,1.0,1.0,1.0,1.0,1.0,8.0,1.0,1.0,,,1.0,1.0,8,3.0,10,1
2005-12-23,83592,,11,2,2834.0,14160C10,CTE,CARDIOTECH INTERNATIONAL INC,CTE,325412.0,A,A,R,31655,2,3841.0,,,,38.0,384.0,,,,,,,2.49,-0.004,19489.0,1.0,2.5,48527.61,CTE,10.0,4.0,6.0,1.0,4.0,1,10.0,10.0,1.0,1.0,1.0,5.0,6.0,,1.0,,1.0,1.0,1.0,1.0,1.0,2.0,1.0,1.0,3.0,1.0,,,,4.0,,,7.0,2.0,10.0,4.0,4.0,1.0,,1.0,1.0,1.0,1.0,1.0,8.0,1.0,1.0,,,1.0,1.0,8,3.0,10,1
2005-12-27,83592,,11,2,2834.0,14160C10,CTE,CARDIOTECH INTERNATIONAL INC,CTE,325412.0,A,A,R,31655,2,3841.0,,,,38.0,384.0,,,,,,,2.36,-0.052209,19489.0,1.0,2.41,45994.04,CTE,10.0,4.0,6.0,1.0,4.0,1,10.0,10.0,1.0,1.0,1.0,5.0,6.0,,1.0,,1.0,1.0,1.0,1.0,1.0,2.0,1.0,1.0,3.0,1.0,,,,4.0,,,7.0,2.0,10.0,4.0,4.0,1.0,,1.0,1.0,1.0,1.0,1.0,8.0,1.0,1.0,,,1.0,1.0,8,3.0,10,1
2005-12-28,83592,,11,2,2834.0,14160C10,CTE,CARDIOTECH INTERNATIONAL INC,CTE,325412.0,A,A,R,31655,2,3841.0,,,,38.0,384.0,,,,,,,2.34,-0.008475,19489.0,1.0,2.35,45604.26,CTE,10.0,4.0,6.0,1.0,4.0,1,10.0,10.0,1.0,1.0,1.0,5.0,6.0,,1.0,,1.0,1.0,1.0,1.0,1.0,2.0,1.0,1.0,3.0,1.0,,,,4.0,,,7.0,2.0,10.0,4.0,4.0,1.0,,1.0,1.0,1.0,1.0,1.0,8.0,1.0,1.0,,,1.0,1.0,8,3.0,10,1
2005-12-29,83592,,11,2,2834.0,14160C10,CTE,CARDIOTECH INTERNATIONAL INC,CTE,325412.0,A,A,R,31655,2,3841.0,,,,38.0,384.0,,,,,,,2.31,-0.012821,19489.0,1.0,2.34,45019.59,CTE,10.0,4.0,6.0,1.0,4.0,1,10.0,10.0,1.0,1.0,1.0,5.0,6.0,,1.0,,1.0,1.0,1.0,1.0,1.0,2.0,1.0,1.0,3.0,1.0,,,,4.0,,,7.0,2.0,10.0,4.0,4.0,1.0,,1.0,1.0,1.0,1.0,1.0,8.0,1.0,1.0,,,1.0,1.0,8,3.0,10,1
2005-12-30,83592,,11,2,2834.0,14160C10,CTE,CARDIOTECH INTERNATIONAL INC,CTE,325412.0,A,A,R,31655,2,3841.0,,,,38.0,384.0,,,,,,,2.3,-0.004329,19489.0,1.0,2.3,44824.7,CTE,10.0,4.0,6.0,1.0,4.0,1,10.0,10.0,1.0,1.0,1.0,5.0,6.0,,1.0,,1.0,1.0,1.0,1.0,1.0,2.0,1.0,1.0,3.0,1.0,,,,4.0,,,7.0,2.0,10.0,4.0,4.0,1.0,,1.0,1.0,1.0,1.0,1.0,8.0,1.0,1.0,,,1.0,1.0,8,3.0,10,1
2006-01-03,83592,,11,2,2834.0,14160C10,CTE,CARDIOTECH INTERNATIONAL INC,CTE,325412.0,A,A,R,31655,2,3841.0,,,,38.0,384.0,,,,,,,2.39,0.039131,19489.0,1.0,2.3,46578.71,CTE,10.0,4.0,6.0,1.0,4.0,1,10.0,10.0,1.0,1.0,1.0,5.0,6.0,,1.0,,1.0,1.0,1.0,1.0,1.0,2.0,1.0,1.0,3.0,1.0,,,,6.0,,,7.0,3.0,10.0,2.0,6.0,1.0,,1.0,1.0,1.0,10.0,1.0,8.0,10.0,10.0,,,2.0,1.0,8,9.0,10,1
2006-01-04,83592,,11,2,2834.0,14160C10,CTE,CARDIOTECH INTERNATIONAL INC,CTE,325412.0,A,A,R,31655,2,3841.0,,,,38.0,384.0,,,,,,,2.39,0.0,19489.0,1.0,2.4,46578.71,CTE,10.0,4.0,6.0,1.0,4.0,1,10.0,10.0,1.0,1.0,1.0,5.0,6.0,,1.0,,1.0,1.0,1.0,1.0,1.0,2.0,1.0,1.0,3.0,1.0,,,,6.0,,,7.0,3.0,10.0,2.0,6.0,1.0,,1.0,1.0,1.0,10.0,1.0,8.0,10.0,10.0,,,2.0,1.0,8,9.0,10,1
2006-01-05,83592,,11,2,2834.0,14160C10,CTE,CARDIOTECH INTERNATIONAL INC,CTE,325412.0,A,A,R,31655,2,3841.0,,,,38.0,384.0,,,,,,,2.45,0.025105,19489.0,1.0,2.44,47748.05,CTE,10.0,4.0,6.0,1.0,4.0,1,10.0,10.0,1.0,1.0,1.0,5.0,6.0,,1.0,,1.0,1.0,1.0,1.0,1.0,2.0,1.0,1.0,3.0,1.0,,,,6.0,,,7.0,3.0,10.0,2.0,6.0,1.0,,1.0,1.0,1.0,10.0,1.0,8.0,10.0,10.0,,,2.0,1.0,8,9.0,10,1
2006-01-06,83592,,11,2,2834.0,14160C10,CTE,CARDIOTECH INTERNATIONAL INC,CTE,325412.0,A,A,R,31655,2,3841.0,,,,38.0,384.0,,,,,,,2.49,0.016327,19489.0,1.0,2.4,48527.61,CTE,10.0,4.0,6.0,1.0,4.0,1,10.0,10.0,1.0,1.0,1.0,5.0,6.0,,1.0,,1.0,1.0,1.0,1.0,1.0,2.0,1.0,1.0,3.0,1.0,,,,6.0,,,7.0,3.0,10.0,2.0,6.0,1.0,,1.0,1.0,1.0,10.0,1.0,8.0,10.0,10.0,,,2.0,1.0,8,9.0,10,1
2006-01-09,83592,,11,2,2834.0,14160C10,CTE,CARDIOTECH INTERNATIONAL INC,CTE,325412.0,A,A,R,31655,2,3841.0,,,,38.0,384.0,,,,,,,2.58,0.036145,19489.0,1.0,2.49,50281.62,CTE,10.0,4.0,6.0,1.0,4.0,1,10.0,10.0,1.0,1.0,1.0,5.0,6.0,,1.0,,1.0,1.0,1.0,1.0,1.0,2.0,1.0,1.0,3.0,1.0,,,,6.0,,,7.0,3.0,10.0,2.0,6.0,1.0,,1.0,1.0,1.0,10.0,1.0,8.0,10.0,10.0,,,2.0,1.0,8,9.0,10,1
2006-01-10,83592,,11,2,2834.0,14160C10,CTE,CARDIOTECH INTERNATIONAL INC,CTE,325412.0,A,A,R,31655,2,3841.0,,,,38.0,384.0,,,,,,,2.52,-0.023256,19489.0,1.0,2.57,49112.28,CTE,10.0,4.0,6.0,1.0,4.0,1,10.0,10.0,1.0,1.0,1.0,5.0,6.0,,1.0,,1.0,1.0,1.0,1.0,1.0,2.0,1.0,1.0,3.0,1.0,,,,6.0,,,7.0,3.0,10.0,2.0,6.0,1.0,,1.0,1.0,1.0,10.0,1.0,8.0,10.0,10.0,,,2.0,1.0,8,9.0,10,1
2006-01-11,83592,,11,2,2834.0,14160C10,CTE,CARDIOTECH INTERNATIONAL INC,CTE,325412.0,A,A,R,31655,2,3841.0,,,,38.0,384.0,,,,,,,2.6,0.031746,19489.0,1.0,2.59,50671.4,CTE,10.0,4.0,6.0,1.0,4.0,1,10.0,10.0,1.0,1.0,1.0,5.0,6.0,,1.0,,1.0,1.0,1.0,1.0,1.0,2.0,1.0,1.0,3.0,1.0,,,,6.0,,,7.0,3.0,10.0,2.0,6.0,1.0,,1.0,1.0,1.0,10.0,1.0,8.0,10.0,10.0,,,2.0,1.0,8,9.0,10,1
2006-01-12,83592,,11,2,2834.0,14160C10,CTE,CARDIOTECH INTERNATIONAL INC,CTE,325412.0,A,A,R,31655,2,3841.0,,,,38.0,384.0,,,,,,,2.71,0.042308,19489.0,1.0,2.6,52815.19,CTE,10.0,4.0,6.0,1.0,4.0,1,10.0,10.0,1.0,1.0,1.0,5.0,6.0,,1.0,,1.0,1.0,1.0,1.0,1.0,2.0,1.0,1.0,3.0,1.0,,,,6.0,,,7.0,3.0,10.0,2.0,6.0,1.0,,1.0,1.0,1.0,10.0,1.0,8.0,10.0,10.0,,,2.0,1.0,8,9.0,10,1
2006-01-13,83592,,11,2,2834.0,14160C10,CTE,CARDIOTECH INTERNATIONAL INC,CTE,325412.0,A,A,R,31655,2,3841.0,,,,38.0,384.0,,,,,,,2.98,0.099631,19489.0,1.0,2.74,58077.22,CTE,10.0,4.0,6.0,1.0,4.0,1,10.0,10.0,1.0,1.0,1.0,5.0,6.0,,1.0,,1.0,1.0,1.0,1.0,1.0,2.0,1.0,1.0,3.0,1.0,,,,6.0,,,7.0,3.0,10.0,2.0,6.0,1.0,,1.0,1.0,1.0,10.0,1.0,8.0,10.0,10.0,,,2.0,1.0,8,9.0,10,1
2006-01-17,83592,,11,2,2834.0,14160C10,CTE,CARDIOTECH INTERNATIONAL INC,CTE,325412.0,A,A,R,31655,2,3841.0,,,,38.0,384.0,,,,,,,3.12,0.04698,19489.0,1.0,3.0,60805.68,CTE,10.0,4.0,6.0,1.0,4.0,1,10.0,10.0,1.0,1.0,1.0,5.0,6.0,,1.0,,1.0,1.0,1.0,1.0,1.0,2.0,1.0,1.0,3.0,1.0,,,,6.0,,,7.0,3.0,10.0,2.0,6.0,1.0,,1.0,1.0,1.0,10.0,1.0,8.0,10.0,10.0,,,2.0,1.0,8,9.0,10,1
2006-01-18,83592,,11,2,2834.0,14160C10,CTE,CARDIOTECH INTERNATIONAL INC,CTE,325412.0,A,A,R,31655,2,3841.0,,,,38.0,384.0,,,,,,,3.1,-0.00641,19489.0,1.0,3.12,60415.9,CTE,10.0,4.0,6.0,1.0,4.0,1,10.0,10.0,1.0,1.0,1.0,5.0,6.0,,1.0,,1.0,1.0,1.0,1.0,1.0,2.0,1.0,1.0,3.0,1.0,,,,6.0,,,7.0,3.0,10.0,2.0,6.0,1.0,,1.0,1.0,1.0,10.0,1.0,8.0,10.0,10.0,,,2.0,1.0,8,9.0,10,1
2006-01-19,83592,,11,2,2834.0,14160C10,CTE,CARDIOTECH INTERNATIONAL INC,CTE,325412.0,A,A,R,31655,2,3841.0,,,,38.0,384.0,,,,,,,2.98,-0.03871,19489.0,1.0,3.08,58077.22,CTE,10.0,4.0,6.0,1.0,4.0,1,10.0,10.0,1.0,1.0,1.0,5.0,6.0,,1.0,,1.0,1.0,1.0,1.0,1.0,2.0,1.0,1.0,3.0,1.0,,,,6.0,,,7.0,3.0,10.0,2.0,6.0,1.0,,1.0,1.0,1.0,10.0,1.0,8.0,10.0,10.0,,,2.0,1.0,8,9.0,10,1
2006-01-20,83592,,11,2,2834.0,14160C10,CTE,CARDIOTECH INTERNATIONAL INC,CTE,325412.0,A,A,R,31655,2,3841.0,,,,38.0,384.0,,,,,,,2.99,0.003356,19489.0,1.0,2.95,58272.11,CTE,10.0,4.0,6.0,1.0,4.0,1,10.0,10.0,1.0,1.0,1.0,5.0,6.0,,1.0,,1.0,1.0,1.0,1.0,1.0,2.0,1.0,1.0,3.0,1.0,,,,6.0,,,7.0,3.0,10.0,2.0,6.0,1.0,,1.0,1.0,1.0,10.0,1.0,8.0,10.0,10.0,,,2.0,1.0,8,9.0,10,1
2006-01-23,83592,,11,2,2834.0,14160C10,CTE,CARDIOTECH INTERNATIONAL INC,CTE,325412.0,A,A,R,31655,2,3841.0,,,,38.0,384.0,,,,,,,3.15,0.053512,19489.0,1.0,3.04,61390.35,CTE,10.0,4.0,6.0,1.0,4.0,1,10.0,10.0,1.0,1.0,1.0,5.0,6.0,,1.0,,1.0,1.0,1.0,1.0,1.0,2.0,1.0,1.0,3.0,1.0,,,,6.0,,,7.0,3.0,10.0,2.0,6.0,1.0,,1.0,1.0,1.0,10.0,1.0,8.0,10.0,10.0,,,2.0,1.0,8,9.0,10,1
2006-01-24,83592,,11,2,2834.0,14160C10,CTE,CARDIOTECH INTERNATIONAL INC,CTE,325412.0,A,A,R,31655,2,3841.0,,,,38.0,384.0,,,,,,,3.25,0.031746,19489.0,1.0,3.18,63339.25,CTE,10.0,4.0,6.0,1.0,4.0,1,10.0,10.0,1.0,1.0,1.0,5.0,6.0,,1.0,,1.0,1.0,1.0,1.0,1.0,2.0,1.0,1.0,3.0,1.0,,,,6.0,,,7.0,3.0,10.0,2.0,6.0,1.0,,1.0,1.0,1.0,10.0,1.0,8.0,10.0,10.0,,,2.0,1.0,8,9.0,10,1
2006-01-25,83592,,11,2,2834.0,14160C10,CTE,CARDIOTECH INTERNATIONAL INC,CTE,325412.0,A,A,R,31655,2,3841.0,,,,38.0,384.0,,,,,,,3.56,0.095385,19489.0,1.0,3.25,69380.84,CTE,10.0,4.0,6.0,1.0,4.0,1,10.0,10.0,1.0,1.0,1.0,5.0,6.0,,1.0,,1.0,1.0,1.0,1.0,1.0,2.0,1.0,1.0,3.0,1.0,,,,6.0,,,7.0,3.0,10.0,2.0,6.0,1.0,,1.0,1.0,1.0,10.0,1.0,8.0,10.0,10.0,,,2.0,1.0,8,9.0,10,1
2006-01-26,83592,,11,2,2834.0,14160C10,CTE,CARDIOTECH INTERNATIONAL INC,CTE,325412.0,A,A,R,31655,2,3841.0,,,,38.0,384.0,,,,,,,3.39,-0.047753,19489.0,1.0,3.58,66067.71,CTE,10.0,4.0,6.0,1.0,4.0,1,10.0,10.0,1.0,1.0,1.0,5.0,6.0,,1.0,,1.0,1.0,1.0,1.0,1.0,2.0,1.0,1.0,3.0,1.0,,,,6.0,,,7.0,3.0,10.0,2.0,6.0,1.0,,1.0,1.0,1.0,10.0,1.0,8.0,10.0,10.0,,,2.0,1.0,8,9.0,10,1
2006-01-27,83592,,11,2,2834.0,14160C10,CTE,CARDIOTECH INTERNATIONAL INC,CTE,325412.0,A,A,R,31655,2,3841.0,,,,38.0,384.0,,,,,,,3.35,-0.011799,19489.0,1.0,3.41,65288.15,CTE,10.0,4.0,6.0,1.0,4.0,1,10.0,10.0,1.0,1.0,1.0,5.0,6.0,,1.0,,1.0,1.0,1.0,1.0,1.0,2.0,1.0,1.0,3.0,1.0,,,,6.0,,,7.0,3.0,10.0,2.0,6.0,1.0,,1.0,1.0,1.0,10.0,1.0,8.0,10.0,10.0,,,2.0,1.0,8,9.0,10,1
2006-01-30,83592,,11,2,2834.0,14160C10,CTE,CARDIOTECH INTERNATIONAL INC,CTE,325412.0,A,A,R,31655,2,3841.0,,,,38.0,384.0,,,,,,,3.5,0.044776,19489.0,1.0,3.4,68211.5,CTE,10.0,4.0,6.0,1.0,4.0,1,10.0,10.0,1.0,1.0,1.0,5.0,6.0,,1.0,,1.0,1.0,1.0,1.0,1.0,2.0,1.0,1.0,3.0,1.0,,,,6.0,,,7.0,3.0,10.0,2.0,6.0,1.0,,1.0,1.0,1.0,10.0,1.0,8.0,10.0,10.0,,,2.0,1.0,8,9.0,10,1
2006-01-31,83592,,11,2,2834.0,14160C10,CTE,CARDIOTECH INTERNATIONAL INC,CTE,325412.0,A,A,R,31655,2,3841.0,,,,38.0,384.0,,,,,,,3.58,0.022857,19489.0,1.0,3.55,69770.62,CTE,10.0,4.0,6.0,1.0,4.0,1,10.0,10.0,1.0,1.0,1.0,5.0,6.0,,1.0,,1.0,1.0,1.0,1.0,1.0,2.0,1.0,1.0,3.0,1.0,,,,6.0,,,7.0,3.0,10.0,2.0,6.0,1.0,,1.0,1.0,1.0,10.0,1.0,8.0,10.0,10.0,,,2.0,1.0,8,9.0,10,1
2006-02-01,83592,,11,2,2834.0,14160C10,CTE,CARDIOTECH INTERNATIONAL INC,CTE,325412.0,A,A,R,31655,2,3841.0,,,,38.0,384.0,,,,,,,3.51,-0.019553,19489.0,1.0,3.58,68406.39,CTE,10.0,4.0,6.0,1.0,4.0,1,10.0,10.0,1.0,1.0,1.0,5.0,6.0,,1.0,,1.0,1.0,1.0,1.0,1.0,2.0,1.0,1.0,3.0,1.0,,,,4.0,,,7.0,3.0,10.0,4.0,3.0,1.0,,1.0,2.0,1.0,1.0,1.0,8.0,1.0,1.0,,,1.0,1.0,8,8.0,10,1
2006-02-02,83592,,11,2,2834.0,14160C10,CTE,CARDIOTECH INTERNATIONAL INC,CTE,325412.0,A,A,R,31655,2,3841.0,,,,38.0,384.0,,,,,,,3.43,-0.022792,19489.0,1.0,3.46,66847.27,CTE,10.0,4.0,6.0,1.0,4.0,1,10.0,10.0,1.0,1.0,1.0,5.0,6.0,,1.0,,1.0,1.0,1.0,1.0,1.0,2.0,1.0,1.0,3.0,1.0,,,,4.0,,,7.0,3.0,10.0,4.0,3.0,1.0,,1.0,2.0,1.0,1.0,1.0,8.0,1.0,1.0,,,1.0,1.0,8,8.0,10,1
2006-02-03,83592,,11,2,2834.0,14160C10,CTE,CARDIOTECH INTERNATIONAL INC,CTE,325412.0,A,A,R,31655,2,3841.0,,,,38.0,384.0,,,,,,,3.35,-0.023324,19489.0,1.0,3.4,65288.15,CTE,10.0,4.0,6.0,1.0,4.0,1,10.0,10.0,1.0,1.0,1.0,5.0,6.0,,1.0,,1.0,1.0,1.0,1.0,1.0,2.0,1.0,1.0,3.0,1.0,,,,4.0,,,7.0,3.0,10.0,4.0,3.0,1.0,,1.0,2.0,1.0,1.0,1.0,8.0,1.0,1.0,,,1.0,1.0,8,8.0,10,1
2006-02-06,83592,,11,2,2834.0,14160C10,CTE,CARDIOTECH INTERNATIONAL INC,CTE,325412.0,A,A,R,31655,2,3841.0,,,,38.0,384.0,,,,,,,3.33,-0.00597,19489.0,1.0,3.43,64898.37,CTE,10.0,4.0,6.0,1.0,4.0,1,10.0,10.0,1.0,1.0,1.0,5.0,6.0,,1.0,,1.0,1.0,1.0,1.0,1.0,2.0,1.0,1.0,3.0,1.0,,,,4.0,,,7.0,3.0,10.0,4.0,3.0,1.0,,1.0,2.0,1.0,1.0,1.0,8.0,1.0,1.0,,,1.0,1.0,8,8.0,10,1
2006-02-07,83592,,11,2,2834.0,14160C10,CTE,CARDIOTECH INTERNATIONAL INC,CTE,325412.0,A,A,R,31655,2,3841.0,,,,38.0,384.0,,,,,,,3.35,0.006006,19489.0,1.0,3.35,65288.15,CTE,10.0,4.0,6.0,1.0,4.0,1,10.0,10.0,1.0,1.0,1.0,5.0,6.0,,1.0,,1.0,1.0,1.0,1.0,1.0,2.0,1.0,1.0,3.0,1.0,,,,4.0,,,7.0,3.0,10.0,4.0,3.0,1.0,,1.0,2.0,1.0,1.0,1.0,8.0,1.0,1.0,,,1.0,1.0,8,8.0,10,1
2006-02-08,83592,,11,2,2834.0,14160C10,CTE,CARDIOTECH INTERNATIONAL INC,CTE,325412.0,A,A,R,31655,2,3841.0,,,,38.0,384.0,,,,,,,3.37,0.00597,19489.0,1.0,3.35,65677.93,CTE,10.0,4.0,6.0,1.0,4.0,1,10.0,10.0,1.0,1.0,1.0,5.0,6.0,,1.0,,1.0,1.0,1.0,1.0,1.0,2.0,1.0,1.0,3.0,1.0,,,,4.0,,,7.0,3.0,10.0,4.0,3.0,1.0,,1.0,2.0,1.0,1.0,1.0,8.0,1.0,1.0,,,1.0,1.0,8,8.0,10,1
2006-02-09,83592,,11,2,2834.0,14160C10,CTE,CARDIOTECH INTERNATIONAL INC,CTE,325412.0,A,A,R,31655,2,3841.0,,,,38.0,384.0,,,,,,,3.271,-0.029377,19489.0,1.0,3.38,63748.519,CTE,10.0,4.0,6.0,1.0,4.0,1,10.0,10.0,1.0,1.0,1.0,5.0,6.0,,1.0,,1.0,1.0,1.0,1.0,1.0,2.0,1.0,1.0,3.0,1.0,,,,4.0,,,7.0,3.0,10.0,4.0,3.0,1.0,,1.0,2.0,1.0,1.0,1.0,8.0,1.0,1.0,,,1.0,1.0,8,8.0,10,1
2006-02-10,83592,,11,2,2834.0,14160C10,CTE,CARDIOTECH INTERNATIONAL INC,CTE,325412.0,A,A,R,31655,2,3841.0,,,,38.0,384.0,,,,,,,3.35,0.024152,19489.0,1.0,3.26,65288.15,CTE,10.0,4.0,6.0,1.0,4.0,1,10.0,10.0,1.0,1.0,1.0,5.0,6.0,,1.0,,1.0,1.0,1.0,1.0,1.0,2.0,1.0,1.0,3.0,1.0,,,,4.0,,,7.0,3.0,10.0,4.0,3.0,1.0,,1.0,2.0,1.0,1.0,1.0,8.0,1.0,1.0,,,1.0,1.0,8,8.0,10,1
2006-02-13,83592,,11,2,2834.0,14160C10,CTE,CARDIOTECH INTERNATIONAL INC,CTE,325412.0,A,A,R,31655,2,3841.0,,,,38.0,384.0,,,,,,,3.38,0.008955,19489.0,1.0,3.4,65872.82,CTE,10.0,4.0,6.0,1.0,4.0,1,10.0,10.0,1.0,1.0,1.0,5.0,6.0,,1.0,,1.0,1.0,1.0,1.0,1.0,2.0,1.0,1.0,3.0,1.0,,,,4.0,,,7.0,3.0,10.0,4.0,3.0,1.0,,1.0,2.0,1.0,1.0,1.0,8.0,1.0,1.0,,,1.0,1.0,8,8.0,10,1
2006-02-14,83592,,11,2,2834.0,14160C10,CTE,CARDIOTECH INTERNATIONAL INC,CTE,325412.0,A,A,R,31655,2,3841.0,,,,38.0,384.0,,,,,,,3.07,-0.091716,19489.0,1.0,3.21,59831.23,CTE,10.0,4.0,6.0,1.0,4.0,1,10.0,10.0,1.0,1.0,1.0,5.0,6.0,,1.0,,1.0,1.0,1.0,1.0,1.0,2.0,1.0,1.0,3.0,1.0,,,,4.0,,,7.0,3.0,10.0,4.0,3.0,1.0,,1.0,2.0,1.0,1.0,1.0,8.0,1.0,1.0,,,1.0,1.0,8,8.0,10,1
2006-02-15,83592,,11,2,2834.0,14160C10,CTE,CARDIOTECH INTERNATIONAL INC,CTE,325412.0,A,A,R,31655,2,3841.0,,,,38.0,384.0,,,,,,,2.89,-0.058632,19489.0,1.0,3.03,56323.21,CTE,10.0,4.0,6.0,1.0,4.0,1,10.0,10.0,1.0,1.0,1.0,5.0,6.0,,1.0,,1.0,1.0,1.0,1.0,1.0,2.0,1.0,1.0,3.0,1.0,,,,4.0,,,7.0,3.0,10.0,4.0,3.0,1.0,,1.0,2.0,1.0,1.0,1.0,8.0,1.0,1.0,,,1.0,1.0,8,8.0,10,1
2006-02-16,83592,,11,2,2834.0,14160C10,CTE,CARDIOTECH INTERNATIONAL INC,CTE,325412.0,A,A,R,31655,2,3841.0,,,,38.0,384.0,,,,,,,2.98,0.031142,19489.0,1.0,2.88,58077.22,CTE,10.0,4.0,6.0,1.0,4.0,1,10.0,10.0,1.0,1.0,1.0,5.0,6.0,,1.0,,1.0,1.0,1.0,1.0,1.0,2.0,1.0,1.0,3.0,1.0,,,,4.0,,,7.0,3.0,10.0,4.0,3.0,1.0,,1.0,2.0,1.0,1.0,1.0,8.0,1.0,1.0,,,1.0,1.0,8,8.0,10,1
2006-02-17,83592,,11,2,2834.0,14160C10,CTE,CARDIOTECH INTERNATIONAL INC,CTE,325412.0,A,A,R,31655,2,3841.0,,,,38.0,384.0,,,,,,,2.96,-0.006711,19489.0,1.0,2.98,57687.44,CTE,10.0,4.0,6.0,1.0,4.0,1,10.0,10.0,1.0,1.0,1.0,5.0,6.0,,1.0,,1.0,1.0,1.0,1.0,1.0,2.0,1.0,1.0,3.0,1.0,,,,4.0,,,7.0,3.0,10.0,4.0,3.0,1.0,,1.0,2.0,1.0,1.0,1.0,8.0,1.0,1.0,,,1.0,1.0,8,8.0,10,1
2006-02-21,83592,,11,2,2834.0,14160C10,CTE,CARDIOTECH INTERNATIONAL INC,CTE,325412.0,A,A,R,31655,2,3841.0,,,,38.0,384.0,,,,,,,3.15,0.064189,19489.0,1.0,2.99,61390.35,CTE,10.0,4.0,6.0,1.0,4.0,1,10.0,10.0,1.0,1.0,1.0,5.0,6.0,,1.0,,1.0,1.0,1.0,1.0,1.0,2.0,1.0,1.0,3.0,1.0,,,,4.0,,,7.0,3.0,10.0,4.0,3.0,1.0,,1.0,2.0,1.0,1.0,1.0,8.0,1.0,1.0,,,1.0,1.0,8,8.0,10,1
2006-02-22,83592,,11,2,2834.0,14160C10,CTE,CARDIOTECH INTERNATIONAL INC,CTE,325412.0,A,A,R,31655,2,3841.0,,,,38.0,384.0,,,,,,,3.12,-0.009524,19489.0,1.0,3.15,60805.68,CTE,10.0,4.0,6.0,1.0,4.0,1,10.0,10.0,1.0,1.0,1.0,5.0,6.0,,1.0,,1.0,1.0,1.0,1.0,1.0,2.0,1.0,1.0,3.0,1.0,,,,4.0,,,7.0,3.0,10.0,4.0,3.0,1.0,,1.0,2.0,1.0,1.0,1.0,8.0,1.0,1.0,,,1.0,1.0,8,8.0,10,1
2006-02-23,83592,,11,2,2834.0,14160C10,CTE,CARDIOTECH INTERNATIONAL INC,CTE,325412.0,A,A,R,31655,2,3841.0,,,,38.0,384.0,,,,,,,2.93,-0.060897,19489.0,1.0,3.08,57102.77,CTE,10.0,4.0,6.0,1.0,4.0,1,10.0,10.0,1.0,1.0,1.0,5.0,6.0,,1.0,,1.0,1.0,1.0,1.0,1.0,2.0,1.0,1.0,3.0,1.0,,,,4.0,,,7.0,3.0,10.0,4.0,3.0,1.0,,1.0,2.0,1.0,1.0,1.0,8.0,1.0,1.0,,,1.0,1.0,8,8.0,10,1
2006-02-24,83592,,11,2,2834.0,14160C10,CTE,CARDIOTECH INTERNATIONAL INC,CTE,325412.0,A,A,R,31655,2,3841.0,,,,38.0,384.0,,,,,,,2.93,0.0,19489.0,1.0,2.91,57102.77,CTE,10.0,4.0,6.0,1.0,4.0,1,10.0,10.0,1.0,1.0,1.0,5.0,6.0,,1.0,,1.0,1.0,1.0,1.0,1.0,2.0,1.0,1.0,3.0,1.0,,,,4.0,,,7.0,3.0,10.0,4.0,3.0,1.0,,1.0,2.0,1.0,1.0,1.0,8.0,1.0,1.0,,,1.0,1.0,8,8.0,10,1
2006-02-27,83592,,11,2,2834.0,14160C10,CTE,CARDIOTECH INTERNATIONAL INC,CTE,325412.0,A,A,R,31655,2,3841.0,,,,38.0,384.0,,,,,,,2.96,0.010239,19489.0,1.0,2.99,57687.44,CTE,10.0,4.0,6.0,1.0,4.0,1,10.0,10.0,1.0,1.0,1.0,5.0,6.0,,1.0,,1.0,1.0,1.0,1.0,1.0,2.0,1.0,1.0,3.0,1.0,,,,4.0,,,7.0,3.0,10.0,4.0,3.0,1.0,,1.0,2.0,1.0,1.0,1.0,8.0,1.0,1.0,,,1.0,1.0,8,8.0,10,1
2006-02-28,83592,,11,2,2834.0,14160C10,CTE,CARDIOTECH INTERNATIONAL INC,CTE,325412.0,A,A,R,31655,2,3841.0,,,,38.0,384.0,,,,,,,2.89,-0.023649,19777.0,1.0,2.92,57155.53,CTE,10.0,4.0,6.0,1.0,4.0,1,10.0,10.0,1.0,1.0,1.0,5.0,6.0,,1.0,,1.0,1.0,1.0,1.0,1.0,2.0,1.0,1.0,3.0,1.0,,,,4.0,,,7.0,3.0,10.0,4.0,3.0,1.0,,1.0,2.0,1.0,1.0,1.0,8.0,1.0,1.0,,,1.0,1.0,8,8.0,10,1
2006-03-01,83592,,11,2,2834.0,14160C10,CTE,CARDIOTECH INTERNATIONAL INC,CTE,325412.0,A,A,R,31655,2,3841.0,,,,38.0,384.0,,,,,,,2.89,0.0,19777.0,1.0,2.89,57155.53,CTE,10.0,4.0,6.0,1.0,4.0,1,10.0,10.0,1.0,1.0,1.0,5.0,6.0,,1.0,,1.0,1.0,1.0,1.0,1.0,2.0,1.0,1.0,3.0,1.0,,,,2.0,,,7.0,10.0,10.0,4.0,4.0,2.0,,1.0,1.0,1.0,10.0,1.0,9.0,1.0,10.0,,,1.0,1.0,8,7.0,10,1
2006-03-02,83592,,11,2,2834.0,14160C10,CTE,CARDIOTECH INTERNATIONAL INC,CTE,325412.0,A,A,R,31655,2,3841.0,,,,38.0,384.0,,,,,,,2.9,0.00346,19777.0,1.0,2.85,57353.3,CTE,10.0,4.0,6.0,1.0,4.0,1,10.0,10.0,1.0,1.0,1.0,5.0,6.0,,1.0,,1.0,1.0,1.0,1.0,1.0,2.0,1.0,1.0,3.0,1.0,,,,2.0,,,7.0,10.0,10.0,4.0,4.0,2.0,,1.0,1.0,1.0,10.0,1.0,9.0,1.0,10.0,,,1.0,1.0,8,7.0,10,1
2006-03-03,83592,,11,2,2834.0,14160C10,CTE,CARDIOTECH INTERNATIONAL INC,CTE,325412.0,A,A,R,31655,2,3841.0,,,,38.0,384.0,,,,,,,2.75,-0.051724,19777.0,1.0,2.9,54386.75,CTE,10.0,4.0,6.0,1.0,4.0,1,10.0,10.0,1.0,1.0,1.0,5.0,6.0,,1.0,,1.0,1.0,1.0,1.0,1.0,2.0,1.0,1.0,3.0,1.0,,,,2.0,,,7.0,10.0,10.0,4.0,4.0,2.0,,1.0,1.0,1.0,10.0,1.0,9.0,1.0,10.0,,,1.0,1.0,8,7.0,10,1
2006-03-06,83592,,11,2,2834.0,14160C10,CTE,CARDIOTECH INTERNATIONAL INC,CTE,325412.0,A,A,R,31655,2,3841.0,,,,38.0,384.0,,,,,,,2.8,0.018182,19777.0,1.0,2.7,55375.6,CTE,10.0,4.0,6.0,1.0,4.0,1,10.0,10.0,1.0,1.0,1.0,5.0,6.0,,1.0,,1.0,1.0,1.0,1.0,1.0,2.0,1.0,1.0,3.0,1.0,,,,2.0,,,7.0,10.0,10.0,4.0,4.0,2.0,,1.0,1.0,1.0,10.0,1.0,9.0,1.0,10.0,,,1.0,1.0,8,7.0,10,1
2006-03-07,83592,,11,2,2834.0,14160C10,CTE,CARDIOTECH INTERNATIONAL INC,CTE,325412.0,A,A,R,31655,2,3841.0,,,,38.0,384.0,,,,,,,2.79,-0.003571,19777.0,1.0,2.75,55177.83,CTE,10.0,4.0,6.0,1.0,4.0,1,10.0,10.0,1.0,1.0,1.0,5.0,6.0,,1.0,,1.0,1.0,1.0,1.0,1.0,2.0,1.0,1.0,3.0,1.0,,,,2.0,,,7.0,10.0,10.0,4.0,4.0,2.0,,1.0,1.0,1.0,10.0,1.0,9.0,1.0,10.0,,,1.0,1.0,8,7.0,10,1
2006-03-08,83592,,11,2,2834.0,14160C10,CTE,CARDIOTECH INTERNATIONAL INC,CTE,325412.0,A,A,R,31655,2,3841.0,,,,38.0,384.0,,,,,,,2.96,0.060932,19777.0,1.0,2.7,58539.92,CTE,10.0,4.0,6.0,1.0,4.0,1,10.0,10.0,1.0,1.0,1.0,5.0,6.0,,1.0,,1.0,1.0,1.0,1.0,1.0,2.0,1.0,1.0,3.0,1.0,,,,2.0,,,7.0,10.0,10.0,4.0,4.0,2.0,,1.0,1.0,1.0,10.0,1.0,9.0,1.0,10.0,,,1.0,1.0,8,7.0,10,1
2006-03-09,83592,,11,2,2834.0,14160C10,CTE,CARDIOTECH INTERNATIONAL INC,CTE,325412.0,A,A,R,31655,2,3841.0,,,,38.0,384.0,,,,,,,2.85,-0.037162,19777.0,1.0,3.03,56364.45,CTE,10.0,4.0,6.0,1.0,4.0,1,10.0,10.0,1.0,1.0,1.0,5.0,6.0,,1.0,,1.0,1.0,1.0,1.0,1.0,2.0,1.0,1.0,3.0,1.0,,,,2.0,,,7.0,10.0,10.0,4.0,4.0,2.0,,1.0,1.0,1.0,10.0,1.0,9.0,1.0,10.0,,,1.0,1.0,8,7.0,10,1
2006-03-10,83592,,11,2,2834.0,14160C10,CTE,CARDIOTECH INTERNATIONAL INC,CTE,325412.0,A,A,R,31655,2,3841.0,,,,38.0,384.0,,,,,,,2.83,-0.007018,19777.0,1.0,2.85,55968.91,CTE,10.0,4.0,6.0,1.0,4.0,1,10.0,10.0,1.0,1.0,1.0,5.0,6.0,,1.0,,1.0,1.0,1.0,1.0,1.0,2.0,1.0,1.0,3.0,1.0,,,,2.0,,,7.0,10.0,10.0,4.0,4.0,2.0,,1.0,1.0,1.0,10.0,1.0,9.0,1.0,10.0,,,1.0,1.0,8,7.0,10,1
2006-03-13,83592,,11,2,2834.0,14160C10,CTE,CARDIOTECH INTERNATIONAL INC,CTE,325412.0,A,A,R,31655,2,3841.0,,,,38.0,384.0,,,,,,,2.73,-0.035336,19777.0,1.0,2.8,53991.21,CTE,10.0,4.0,6.0,1.0,4.0,1,10.0,10.0,1.0,1.0,1.0,5.0,6.0,,1.0,,1.0,1.0,1.0,1.0,1.0,2.0,1.0,1.0,3.0,1.0,,,,2.0,,,7.0,10.0,10.0,4.0,4.0,2.0,,1.0,1.0,1.0,10.0,1.0,9.0,1.0,10.0,,,1.0,1.0,8,7.0,10,1
2006-03-14,83592,,11,2,2834.0,14160C10,CTE,CARDIOTECH INTERNATIONAL INC,CTE,325412.0,A,A,R,31655,2,3841.0,,,,38.0,384.0,,,,,,,2.6,-0.047619,19777.0,1.0,2.72,51420.2,CTE,10.0,4.0,6.0,1.0,4.0,1,10.0,10.0,1.0,1.0,1.0,5.0,6.0,,1.0,,1.0,1.0,1.0,1.0,1.0,2.0,1.0,1.0,3.0,1.0,,,,2.0,,,7.0,10.0,10.0,4.0,4.0,2.0,,1.0,1.0,1.0,10.0,1.0,9.0,1.0,10.0,,,1.0,1.0,8,7.0,10,1
2006-03-15,83592,,11,2,2834.0,14160C10,CTE,CARDIOTECH INTERNATIONAL INC,CTE,325412.0,A,A,R,31655,2,3841.0,,,,38.0,384.0,,,,,,,2.6,0.0,19777.0,1.0,2.6,51420.2,CTE,10.0,4.0,6.0,1.0,4.0,1,10.0,10.0,1.0,1.0,1.0,5.0,6.0,,1.0,,1.0,1.0,1.0,1.0,1.0,2.0,1.0,1.0,3.0,1.0,,,,2.0,,,7.0,10.0,10.0,4.0,4.0,2.0,,1.0,1.0,1.0,10.0,1.0,9.0,1.0,10.0,,,1.0,1.0,8,7.0,10,1
2006-03-16,83592,,11,2,2834.0,14160C10,CTE,CARDIOTECH INTERNATIONAL INC,CTE,325412.0,A,A,R,31655,2,3841.0,,,,38.0,384.0,,,,,,,2.58,-0.007692,19777.0,1.0,2.6,51024.66,CTE,10.0,4.0,6.0,1.0,4.0,1,10.0,10.0,1.0,1.0,1.0,5.0,6.0,,1.0,,1.0,1.0,1.0,1.0,1.0,2.0,1.0,1.0,3.0,1.0,,,,2.0,,,7.0,10.0,10.0,4.0,4.0,2.0,,1.0,1.0,1.0,10.0,1.0,9.0,1.0,10.0,,,1.0,1.0,8,7.0,10,1
2006-03-17,83592,,11,2,2834.0,14160C10,CTE,CARDIOTECH INTERNATIONAL INC,CTE,325412.0,A,A,R,31655,2,3841.0,,,,38.0,384.0,,,,,,,2.57,-0.003876,19777.0,1.0,2.57,50826.89,CTE,10.0,4.0,6.0,1.0,4.0,1,10.0,10.0,1.0,1.0,1.0,5.0,6.0,,1.0,,1.0,1.0,1.0,1.0,1.0,2.0,1.0,1.0,3.0,1.0,,,,2.0,,,7.0,10.0,10.0,4.0,4.0,2.0,,1.0,1.0,1.0,10.0,1.0,9.0,1.0,10.0,,,1.0,1.0,8,7.0,10,1
2006-03-20,83592,,11,2,2834.0,14160C10,CTE,CARDIOTECH INTERNATIONAL INC,CTE,325412.0,A,A,R,31655,2,3841.0,,,,38.0,384.0,,,,,,,2.61,0.015564,19777.0,1.0,2.55,51617.97,CTE,10.0,4.0,6.0,1.0,4.0,1,10.0,10.0,1.0,1.0,1.0,5.0,6.0,,1.0,,1.0,1.0,1.0,1.0,1.0,2.0,1.0,1.0,3.0,1.0,,,,2.0,,,7.0,10.0,10.0,4.0,4.0,2.0,,1.0,1.0,1.0,10.0,1.0,9.0,1.0,10.0,,,1.0,1.0,8,7.0,10,1
2006-03-21,83592,,11,2,2834.0,14160C10,CTE,CARDIOTECH INTERNATIONAL INC,CTE,325412.0,A,A,R,31655,2,3841.0,,,,38.0,384.0,,,,,,,2.67,0.022989,19777.0,1.0,2.6,52804.59,CTE,10.0,4.0,6.0,1.0,4.0,1,10.0,10.0,1.0,1.0,1.0,5.0,6.0,,1.0,,1.0,1.0,1.0,1.0,1.0,2.0,1.0,1.0,3.0,1.0,,,,2.0,,,7.0,10.0,10.0,4.0,4.0,2.0,,1.0,1.0,1.0,10.0,1.0,9.0,1.0,10.0,,,1.0,1.0,8,7.0,10,1
2006-03-22,83592,,11,2,2834.0,14160C10,CTE,CARDIOTECH INTERNATIONAL INC,CTE,325412.0,A,A,R,31655,2,3841.0,,,,38.0,384.0,,,,,,,2.82,0.05618,19777.0,1.0,2.7,55771.14,CTE,10.0,4.0,6.0,1.0,4.0,1,10.0,10.0,1.0,1.0,1.0,5.0,6.0,,1.0,,1.0,1.0,1.0,1.0,1.0,2.0,1.0,1.0,3.0,1.0,,,,2.0,,,7.0,10.0,10.0,4.0,4.0,2.0,,1.0,1.0,1.0,10.0,1.0,9.0,1.0,10.0,,,1.0,1.0,8,7.0,10,1
2006-03-23,83592,,11,2,2834.0,14160C10,CTE,CARDIOTECH INTERNATIONAL INC,CTE,325412.0,A,A,R,31655,2,3841.0,,,,38.0,384.0,,,,,,,2.7,-0.042553,19777.0,1.0,2.7,53397.9,CTE,10.0,4.0,6.0,1.0,4.0,1,10.0,10.0,1.0,1.0,1.0,5.0,6.0,,1.0,,1.0,1.0,1.0,1.0,1.0,2.0,1.0,1.0,3.0,1.0,,,,2.0,,,7.0,10.0,10.0,4.0,4.0,2.0,,1.0,1.0,1.0,10.0,1.0,9.0,1.0,10.0,,,1.0,1.0,8,7.0,10,1
2006-03-24,83592,,11,2,2834.0,14160C10,CTE,CARDIOTECH INTERNATIONAL INC,CTE,325412.0,A,A,R,31655,2,3841.0,,,,38.0,384.0,,,,,,,2.71,0.003704,19777.0,1.0,2.7,53595.67,CTE,10.0,4.0,6.0,1.0,4.0,1,10.0,10.0,1.0,1.0,1.0,5.0,6.0,,1.0,,1.0,1.0,1.0,1.0,1.0,2.0,1.0,1.0,3.0,1.0,,,,2.0,,,7.0,10.0,10.0,4.0,4.0,2.0,,1.0,1.0,1.0,10.0,1.0,9.0,1.0,10.0,,,1.0,1.0,8,7.0,10,1
2006-03-27,83592,,11,2,2834.0,14160C10,CTE,CARDIOTECH INTERNATIONAL INC,CTE,325412.0,A,A,R,31655,2,3841.0,,,,38.0,384.0,,,,,,,2.63,-0.02952,19777.0,1.0,2.7,52013.51,CTE,10.0,4.0,6.0,1.0,4.0,1,10.0,10.0,1.0,1.0,1.0,5.0,6.0,,1.0,,1.0,1.0,1.0,1.0,1.0,2.0,1.0,1.0,3.0,1.0,,,,2.0,,,7.0,10.0,10.0,4.0,4.0,2.0,,1.0,1.0,1.0,10.0,1.0,9.0,1.0,10.0,,,1.0,1.0,8,7.0,10,1
2006-03-28,83592,,11,2,2834.0,14160C10,CTE,CARDIOTECH INTERNATIONAL INC,CTE,325412.0,A,A,R,31655,2,3841.0,,,,38.0,384.0,,,,,,,2.69,0.022814,19777.0,1.0,2.63,53200.13,CTE,10.0,4.0,6.0,1.0,4.0,1,10.0,10.0,1.0,1.0,1.0,5.0,6.0,,1.0,,1.0,1.0,1.0,1.0,1.0,2.0,1.0,1.0,3.0,1.0,,,,2.0,,,7.0,10.0,10.0,4.0,4.0,2.0,,1.0,1.0,1.0,10.0,1.0,9.0,1.0,10.0,,,1.0,1.0,8,7.0,10,1
2006-03-29,83592,,11,2,2834.0,14160C10,CTE,CARDIOTECH INTERNATIONAL INC,CTE,325412.0,A,A,R,31655,2,3841.0,,,,38.0,384.0,,,,,,,2.65,-0.01487,19777.0,1.0,2.71,52409.05,CTE,10.0,4.0,6.0,1.0,4.0,1,10.0,10.0,1.0,1.0,1.0,5.0,6.0,,1.0,,1.0,1.0,1.0,1.0,1.0,2.0,1.0,1.0,3.0,1.0,,,,2.0,,,7.0,10.0,10.0,4.0,4.0,2.0,,1.0,1.0,1.0,10.0,1.0,9.0,1.0,10.0,,,1.0,1.0,8,7.0,10,1
2006-03-30,83592,,11,2,2834.0,14160C10,CTE,CARDIOTECH INTERNATIONAL INC,CTE,325412.0,A,A,R,31655,2,3841.0,,,,38.0,384.0,,,,,,,2.78,0.049057,19777.0,1.0,2.66,54980.06,CTE,10.0,4.0,6.0,1.0,4.0,1,10.0,10.0,1.0,1.0,1.0,5.0,6.0,,1.0,,1.0,1.0,1.0,1.0,1.0,2.0,1.0,1.0,3.0,1.0,,,,2.0,,,7.0,10.0,10.0,4.0,4.0,2.0,,1.0,1.0,1.0,10.0,1.0,9.0,1.0,10.0,,,1.0,1.0,8,7.0,10,1
2006-03-31,83592,,11,2,2834.0,14160C10,CTE,CARDIOTECH INTERNATIONAL INC,CTE,325412.0,A,A,R,31655,2,3841.0,,,,38.0,384.0,,,,,,,2.78,0.0,19777.0,1.0,2.78,54980.06,CTE,10.0,4.0,6.0,1.0,4.0,1,10.0,10.0,1.0,1.0,1.0,5.0,6.0,,1.0,,1.0,1.0,1.0,1.0,1.0,2.0,1.0,1.0,3.0,1.0,,,,2.0,,,7.0,10.0,10.0,4.0,4.0,2.0,,1.0,1.0,1.0,10.0,1.0,9.0,1.0,10.0,,,1.0,1.0,8,7.0,10,1
2006-04-03,83592,,11,2,2834.0,14160C10,CTE,CARDIOTECH INTERNATIONAL INC,CTE,325412.0,A,A,R,31655,2,3841.0,,,,38.0,384.0,,,,,,,2.7,-0.028777,19777.0,1.0,2.72,53397.9,CTE,10.0,4.0,6.0,1.0,4.0,1,10.0,10.0,1.0,1.0,1.0,5.0,6.0,,1.0,,1.0,1.0,1.0,1.0,1.0,2.0,1.0,1.0,3.0,1.0,,,,3.0,,,7.0,9.0,10.0,4.0,5.0,3.0,,1.0,1.0,1.0,9.0,1.0,9.0,6.0,8.0,,,1.0,1.0,8,7.0,10,1
2006-04-04,83592,,11,2,2834.0,14160C10,CTE,CARDIOTECH INTERNATIONAL INC,CTE,325412.0,A,A,R,31655,2,3841.0,,,,38.0,384.0,,,,,,,2.69,-0.003704,19777.0,1.0,2.7,53200.13,CTE,10.0,4.0,6.0,1.0,4.0,1,10.0,10.0,1.0,1.0,1.0,5.0,6.0,,1.0,,1.0,1.0,1.0,1.0,1.0,2.0,1.0,1.0,3.0,1.0,,,,3.0,,,7.0,9.0,10.0,4.0,5.0,3.0,,1.0,1.0,1.0,9.0,1.0,9.0,6.0,8.0,,,1.0,1.0,8,7.0,10,1
2006-04-05,83592,,11,2,2834.0,14160C10,CTE,CARDIOTECH INTERNATIONAL INC,CTE,325412.0,A,A,R,31655,2,3841.0,,,,38.0,384.0,,,,,,,2.67,-0.007435,19777.0,1.0,2.7,52804.59,CTE,10.0,4.0,6.0,1.0,4.0,1,10.0,10.0,1.0,1.0,1.0,5.0,6.0,,1.0,,1.0,1.0,1.0,1.0,1.0,2.0,1.0,1.0,3.0,1.0,,,,3.0,,,7.0,9.0,10.0,4.0,5.0,3.0,,1.0,1.0,1.0,9.0,1.0,9.0,6.0,8.0,,,1.0,1.0,8,7.0,10,1
2006-04-06,83592,,11,2,2834.0,14160C10,CTE,CARDIOTECH INTERNATIONAL INC,CTE,325412.0,A,A,R,31655,2,3841.0,,,,38.0,384.0,,,,,,,2.73,0.022472,19777.0,1.0,2.7,53991.21,CTE,10.0,4.0,6.0,1.0,4.0,1,10.0,10.0,1.0,1.0,1.0,5.0,6.0,,1.0,,1.0,1.0,1.0,1.0,1.0,2.0,1.0,1.0,3.0,1.0,,,,3.0,,,7.0,9.0,10.0,4.0,5.0,3.0,,1.0,1.0,1.0,9.0,1.0,9.0,6.0,8.0,,,1.0,1.0,8,7.0,10,1
2006-04-07,83592,,11,2,2834.0,14160C10,CTE,CARDIOTECH INTERNATIONAL INC,CTE,325412.0,A,A,R,31655,2,3841.0,,,,38.0,384.0,,,,,,,2.71,-0.007326,19777.0,1.0,2.73,53595.67,CTE,10.0,4.0,6.0,1.0,4.0,1,10.0,10.0,1.0,1.0,1.0,5.0,6.0,,1.0,,1.0,1.0,1.0,1.0,1.0,2.0,1.0,1.0,3.0,1.0,,,,3.0,,,7.0,9.0,10.0,4.0,5.0,3.0,,1.0,1.0,1.0,9.0,1.0,9.0,6.0,8.0,,,1.0,1.0,8,7.0,10,1
2006-04-10,83592,,11,2,2834.0,14160C10,CTE,CARDIOTECH INTERNATIONAL INC,CTE,325412.0,A,A,R,31655,2,3841.0,,,,38.0,384.0,,,,,,,2.7,-0.00369,19777.0,1.0,2.77,53397.9,CTE,10.0,4.0,6.0,1.0,4.0,1,10.0,10.0,1.0,1.0,1.0,5.0,6.0,,1.0,,1.0,1.0,1.0,1.0,1.0,2.0,1.0,1.0,3.0,1.0,,,,3.0,,,7.0,9.0,10.0,4.0,5.0,3.0,,1.0,1.0,1.0,9.0,1.0,9.0,6.0,8.0,,,1.0,1.0,8,7.0,10,1
2006-04-11,83592,,11,2,2834.0,14160C10,CTE,CARDIOTECH INTERNATIONAL INC,CTE,325412.0,A,A,R,31655,2,3841.0,,,,38.0,384.0,,,,,,,2.63,-0.025926,19777.0,1.0,2.7,52013.51,CTE,10.0,4.0,6.0,1.0,4.0,1,10.0,10.0,1.0,1.0,1.0,5.0,6.0,,1.0,,1.0,1.0,1.0,1.0,1.0,2.0,1.0,1.0,3.0,1.0,,,,3.0,,,7.0,9.0,10.0,4.0,5.0,3.0,,1.0,1.0,1.0,9.0,1.0,9.0,6.0,8.0,,,1.0,1.0,8,7.0,10,1
2006-04-12,83592,,11,2,2834.0,14160C10,CTE,CARDIOTECH INTERNATIONAL INC,CTE,325412.0,A,A,R,31655,2,3841.0,,,,38.0,384.0,,,,,,,2.6,-0.011407,19777.0,1.0,2.63,51420.2,CTE,10.0,4.0,6.0,1.0,4.0,1,10.0,10.0,1.0,1.0,1.0,5.0,6.0,,1.0,,1.0,1.0,1.0,1.0,1.0,2.0,1.0,1.0,3.0,1.0,,,,3.0,,,7.0,9.0,10.0,4.0,5.0,3.0,,1.0,1.0,1.0,9.0,1.0,9.0,6.0,8.0,,,1.0,1.0,8,7.0,10,1
2006-04-13,83592,,11,2,2834.0,14160C10,CTE,CARDIOTECH INTERNATIONAL INC,CTE,325412.0,A,A,R,31655,2,3841.0,,,,38.0,384.0,,,,,,,2.64,0.015385,19777.0,1.0,2.61,52211.28,CTE,10.0,4.0,6.0,1.0,4.0,1,10.0,10.0,1.0,1.0,1.0,5.0,6.0,,1.0,,1.0,1.0,1.0,1.0,1.0,2.0,1.0,1.0,3.0,1.0,,,,3.0,,,7.0,9.0,10.0,4.0,5.0,3.0,,1.0,1.0,1.0,9.0,1.0,9.0,6.0,8.0,,,1.0,1.0,8,7.0,10,1
2006-04-17,83592,,11,2,2834.0,14160C10,CTE,CARDIOTECH INTERNATIONAL INC,CTE,325412.0,A,A,R,31655,2,3841.0,,,,38.0,384.0,,,,,,,2.59,-0.018939,19777.0,1.0,2.62,51222.43,CTE,10.0,4.0,6.0,1.0,4.0,1,10.0,10.0,1.0,1.0,1.0,5.0,6.0,,1.0,,1.0,1.0,1.0,1.0,1.0,2.0,1.0,1.0,3.0,1.0,,,,3.0,,,7.0,9.0,10.0,4.0,5.0,3.0,,1.0,1.0,1.0,9.0,1.0,9.0,6.0,8.0,,,1.0,1.0,8,7.0,10,1
2006-04-18,83592,,11,2,2834.0,14160C10,CTE,CARDIOTECH INTERNATIONAL INC,CTE,325412.0,A,A,R,31655,2,3841.0,,,,38.0,384.0,,,,,,,2.58,-0.003861,19777.0,1.0,2.59,51024.66,CTE,10.0,4.0,6.0,1.0,4.0,1,10.0,10.0,1.0,1.0,1.0,5.0,6.0,,1.0,,1.0,1.0,1.0,1.0,1.0,2.0,1.0,1.0,3.0,1.0,,,,3.0,,,7.0,9.0,10.0,4.0,5.0,3.0,,1.0,1.0,1.0,9.0,1.0,9.0,6.0,8.0,,,1.0,1.0,8,7.0,10,1
2006-04-19,83592,,11,2,2834.0,14160C10,CTE,CARDIOTECH INTERNATIONAL INC,CTE,325412.0,A,A,R,31655,2,3841.0,,,,38.0,384.0,,,,,,,2.55,-0.011628,19777.0,1.0,2.58,50431.35,CTE,10.0,4.0,6.0,1.0,4.0,1,10.0,10.0,1.0,1.0,1.0,5.0,6.0,,1.0,,1.0,1.0,1.0,1.0,1.0,2.0,1.0,1.0,3.0,1.0,,,,3.0,,,7.0,9.0,10.0,4.0,5.0,3.0,,1.0,1.0,1.0,9.0,1.0,9.0,6.0,8.0,,,1.0,1.0,8,7.0,10,1
2006-04-20,83592,,11,2,2834.0,14160C10,CTE,CARDIOTECH INTERNATIONAL INC,CTE,325412.0,A,A,R,31655,2,3841.0,,,,38.0,384.0,,,,,,,2.63,0.031373,19777.0,1.0,2.56,52013.51,CTE,10.0,4.0,6.0,1.0,4.0,1,10.0,10.0,1.0,1.0,1.0,5.0,6.0,,1.0,,1.0,1.0,1.0,1.0,1.0,2.0,1.0,1.0,3.0,1.0,,,,3.0,,,7.0,9.0,10.0,4.0,5.0,3.0,,1.0,1.0,1.0,9.0,1.0,9.0,6.0,8.0,,,1.0,1.0,8,7.0,10,1
2006-04-21,83592,,11,2,2834.0,14160C10,CTE,CARDIOTECH INTERNATIONAL INC,CTE,325412.0,A,A,R,31655,2,3841.0,,,,38.0,384.0,,,,,,,2.66,0.011407,19777.0,1.0,2.6,52606.82,CTE,10.0,4.0,6.0,1.0,4.0,1,10.0,10.0,1.0,1.0,1.0,5.0,6.0,,1.0,,1.0,1.0,1.0,1.0,1.0,2.0,1.0,1.0,3.0,1.0,,,,3.0,,,7.0,9.0,10.0,4.0,5.0,3.0,,1.0,1.0,1.0,9.0,1.0,9.0,6.0,8.0,,,1.0,1.0,8,7.0,10,1
2006-04-24,83592,,11,2,2834.0,14160C10,CTE,CARDIOTECH INTERNATIONAL INC,CTE,325412.0,A,A,R,31655,2,3841.0,,,,38.0,384.0,,,,,,,2.58,-0.030075,19777.0,1.0,2.68,51024.66,CTE,10.0,4.0,6.0,1.0,4.0,1,10.0,10.0,1.0,1.0,1.0,5.0,6.0,,1.0,,1.0,1.0,1.0,1.0,1.0,2.0,1.0,1.0,3.0,1.0,,,,3.0,,,7.0,9.0,10.0,4.0,5.0,3.0,,1.0,1.0,1.0,9.0,1.0,9.0,6.0,8.0,,,1.0,1.0,8,7.0,10,1
2006-04-25,83592,,11,2,2834.0,14160C10,CTE,CARDIOTECH INTERNATIONAL INC,CTE,325412.0,A,A,R,31655,2,3841.0,,,,38.0,384.0,,,,,,,2.55,-0.011628,19777.0,1.0,2.6,50431.35,CTE,10.0,4.0,6.0,1.0,4.0,1,10.0,10.0,1.0,1.0,1.0,5.0,6.0,,1.0,,1.0,1.0,1.0,1.0,1.0,2.0,1.0,1.0,3.0,1.0,,,,3.0,,,7.0,9.0,10.0,4.0,5.0,3.0,,1.0,1.0,1.0,9.0,1.0,9.0,6.0,8.0,,,1.0,1.0,8,7.0,10,1
2006-04-26,83592,,11,2,2834.0,14160C10,CTE,CARDIOTECH INTERNATIONAL INC,CTE,325412.0,A,A,R,31655,2,3841.0,,,,38.0,384.0,,,,,,,2.6,0.019608,19777.0,1.0,2.6,51420.2,CTE,10.0,4.0,6.0,1.0,4.0,1,10.0,10.0,1.0,1.0,1.0,5.0,6.0,,1.0,,1.0,1.0,1.0,1.0,1.0,2.0,1.0,1.0,3.0,1.0,,,,3.0,,,7.0,9.0,10.0,4.0,5.0,3.0,,1.0,1.0,1.0,9.0,1.0,9.0,6.0,8.0,,,1.0,1.0,8,7.0,10,1
2006-04-27,83592,,11,2,2834.0,14160C10,CTE,CARDIOTECH INTERNATIONAL INC,CTE,325412.0,A,A,R,31655,2,3841.0,,,,38.0,384.0,,,,,,,2.67,0.026923,19777.0,1.0,2.6,52804.59,CTE,10.0,4.0,6.0,1.0,4.0,1,10.0,10.0,1.0,1.0,1.0,5.0,6.0,,1.0,,1.0,1.0,1.0,1.0,1.0,2.0,1.0,1.0,3.0,1.0,,,,3.0,,,7.0,9.0,10.0,4.0,5.0,3.0,,1.0,1.0,1.0,9.0,1.0,9.0,6.0,8.0,,,1.0,1.0,8,7.0,10,1
2006-04-28,83592,,11,2,2834.0,14160C10,CTE,CARDIOTECH INTERNATIONAL INC,CTE,325412.0,A,A,R,31655,2,3841.0,,,,38.0,384.0,,,,,,,2.6299,-0.015019,19777.0,1.0,2.65,52011.5323,CTE,10.0,4.0,6.0,1.0,4.0,1,10.0,10.0,1.0,1.0,1.0,5.0,6.0,,1.0,,1.0,1.0,1.0,1.0,1.0,2.0,1.0,1.0,3.0,1.0,,,,3.0,,,7.0,9.0,10.0,4.0,5.0,3.0,,1.0,1.0,1.0,9.0,1.0,9.0,6.0,8.0,,,1.0,1.0,8,7.0,10,1
2006-05-01,83592,,11,2,2834.0,14160C10,CTE,CARDIOTECH INTERNATIONAL INC,CTE,325412.0,A,A,R,31655,2,3841.0,,,,38.0,384.0,,,,,,,2.53,-0.037986,19777.0,1.0,2.58,50035.81,CTE,10.0,4.0,6.0,1.0,4.0,1,10.0,10.0,1.0,1.0,1.0,5.0,6.0,,1.0,,1.0,1.0,1.0,1.0,1.0,2.0,1.0,1.0,3.0,1.0,,,,2.0,,,7.0,8.0,10.0,4.0,5.0,3.0,,1.0,1.0,1.0,9.0,1.0,9.0,10.0,8.0,,,1.0,1.0,8,9.0,10,1
2006-05-02,83592,,11,2,2834.0,14160C10,CTE,CARDIOTECH INTERNATIONAL INC,CTE,325412.0,A,A,R,31655,2,3841.0,,,,38.0,384.0,,,,,,,2.5,-0.011858,19777.0,1.0,2.54,49442.5,CTE,10.0,4.0,6.0,1.0,4.0,1,10.0,10.0,1.0,1.0,1.0,5.0,6.0,,1.0,,1.0,1.0,1.0,1.0,1.0,2.0,1.0,1.0,3.0,1.0,,,,2.0,,,7.0,8.0,10.0,4.0,5.0,3.0,,1.0,1.0,1.0,9.0,1.0,9.0,10.0,8.0,,,1.0,1.0,8,9.0,10,1
2006-05-03,83592,,11,2,2834.0,14160C10,CTE,CARDIOTECH INTERNATIONAL INC,CTE,325412.0,A,A,R,31655,2,3841.0,,,,38.0,384.0,,,,,,,2.48,-0.008,19777.0,1.0,2.47,49046.96,CTE,10.0,4.0,6.0,1.0,4.0,1,10.0,10.0,1.0,1.0,1.0,5.0,6.0,,1.0,,1.0,1.0,1.0,1.0,1.0,2.0,1.0,1.0,3.0,1.0,,,,2.0,,,7.0,8.0,10.0,4.0,5.0,3.0,,1.0,1.0,1.0,9.0,1.0,9.0,10.0,8.0,,,1.0,1.0,8,9.0,10,1
2006-05-04,83592,,11,2,2834.0,14160C10,CTE,CARDIOTECH INTERNATIONAL INC,CTE,325412.0,A,A,R,31655,2,3841.0,,,,38.0,384.0,,,,,,,2.49,0.004032,19777.0,1.0,2.45,49244.73,CTE,10.0,4.0,6.0,1.0,4.0,1,10.0,10.0,1.0,1.0,1.0,5.0,6.0,,1.0,,1.0,1.0,1.0,1.0,1.0,2.0,1.0,1.0,3.0,1.0,,,,2.0,,,7.0,8.0,10.0,4.0,5.0,3.0,,1.0,1.0,1.0,9.0,1.0,9.0,10.0,8.0,,,1.0,1.0,8,9.0,10,1
2006-05-05,83592,,11,2,2834.0,14160C10,CTE,CARDIOTECH INTERNATIONAL INC,CTE,325412.0,A,A,R,31655,2,3841.0,,,,38.0,384.0,,,,,,,2.47,-0.008032,19777.0,1.0,2.48,48849.19,CTE,10.0,4.0,6.0,1.0,4.0,1,10.0,10.0,1.0,1.0,1.0,5.0,6.0,,1.0,,1.0,1.0,1.0,1.0,1.0,2.0,1.0,1.0,3.0,1.0,,,,2.0,,,7.0,8.0,10.0,4.0,5.0,3.0,,1.0,1.0,1.0,9.0,1.0,9.0,10.0,8.0,,,1.0,1.0,8,9.0,10,1
2006-05-08,83592,,11,2,2834.0,14160C10,CTE,CARDIOTECH INTERNATIONAL INC,CTE,325412.0,A,A,R,31655,2,3841.0,,,,38.0,384.0,,,,,,,2.4399,-0.012186,19777.0,1.0,2.45,48253.9023,CTE,10.0,4.0,6.0,1.0,4.0,1,10.0,10.0,1.0,1.0,1.0,5.0,6.0,,1.0,,1.0,1.0,1.0,1.0,1.0,2.0,1.0,1.0,3.0,1.0,,,,2.0,,,7.0,8.0,10.0,4.0,5.0,3.0,,1.0,1.0,1.0,9.0,1.0,9.0,10.0,8.0,,,1.0,1.0,8,9.0,10,1
2006-05-09,83592,,11,2,2834.0,14160C10,CTE,CARDIOTECH INTERNATIONAL INC,CTE,325412.0,A,A,R,31655,2,3841.0,,,,38.0,384.0,,,,,,,2.41,-0.012255,19777.0,1.0,2.4,47662.57,CTE,10.0,4.0,6.0,1.0,4.0,1,10.0,10.0,1.0,1.0,1.0,5.0,6.0,,1.0,,1.0,1.0,1.0,1.0,1.0,2.0,1.0,1.0,3.0,1.0,,,,2.0,,,7.0,8.0,10.0,4.0,5.0,3.0,,1.0,1.0,1.0,9.0,1.0,9.0,10.0,8.0,,,1.0,1.0,8,9.0,10,1
2006-05-10,83592,,11,2,2834.0,14160C10,CTE,CARDIOTECH INTERNATIONAL INC,CTE,325412.0,A,A,R,31655,2,3841.0,,,,38.0,384.0,,,,,,,2.66,0.103734,19777.0,1.0,2.4,52606.82,CTE,10.0,4.0,6.0,1.0,4.0,1,10.0,10.0,1.0,1.0,1.0,5.0,6.0,,1.0,,1.0,1.0,1.0,1.0,1.0,2.0,1.0,1.0,3.0,1.0,,,,2.0,,,7.0,8.0,10.0,4.0,5.0,3.0,,1.0,1.0,1.0,9.0,1.0,9.0,10.0,8.0,,,1.0,1.0,8,9.0,10,1
2006-05-11,83592,,11,2,2834.0,14160C10,CTE,CARDIOTECH INTERNATIONAL INC,CTE,325412.0,A,A,R,31655,2,3841.0,,,,38.0,384.0,,,,,,,2.74,0.030075,19777.0,1.0,2.73,54188.98,CTE,10.0,4.0,6.0,1.0,4.0,1,10.0,10.0,1.0,1.0,1.0,5.0,6.0,,1.0,,1.0,1.0,1.0,1.0,1.0,2.0,1.0,1.0,3.0,1.0,,,,2.0,,,7.0,8.0,10.0,4.0,5.0,3.0,,1.0,1.0,1.0,9.0,1.0,9.0,10.0,8.0,,,1.0,1.0,8,9.0,10,1
2006-05-12,83592,,11,2,2834.0,14160C10,CTE,CARDIOTECH INTERNATIONAL INC,CTE,325412.0,A,A,R,31655,2,3841.0,,,,38.0,384.0,,,,,,,2.7,-0.014599,19777.0,1.0,2.65,53397.9,CTE,10.0,4.0,6.0,1.0,4.0,1,10.0,10.0,1.0,1.0,1.0,5.0,6.0,,1.0,,1.0,1.0,1.0,1.0,1.0,2.0,1.0,1.0,3.0,1.0,,,,2.0,,,7.0,8.0,10.0,4.0,5.0,3.0,,1.0,1.0,1.0,9.0,1.0,9.0,10.0,8.0,,,1.0,1.0,8,9.0,10,1
2006-05-15,83592,,11,2,2834.0,14160C10,CTE,CARDIOTECH INTERNATIONAL INC,CTE,325412.0,A,A,R,31655,2,3841.0,,,,38.0,384.0,,,,,,,2.68,-0.007407,19777.0,1.0,2.74,53002.36,CTE,10.0,4.0,6.0,1.0,4.0,1,10.0,10.0,1.0,1.0,1.0,5.0,6.0,,1.0,,1.0,1.0,1.0,1.0,1.0,2.0,1.0,1.0,3.0,1.0,,,,2.0,,,7.0,8.0,10.0,4.0,5.0,3.0,,1.0,1.0,1.0,9.0,1.0,9.0,10.0,8.0,,,1.0,1.0,8,9.0,10,1
2006-05-16,83592,,11,2,2834.0,14160C10,CTE,CARDIOTECH INTERNATIONAL INC,CTE,325412.0,A,A,R,31655,2,3841.0,,,,38.0,384.0,,,,,,,2.62,-0.022388,19777.0,1.0,2.65,51815.74,CTE,10.0,4.0,6.0,1.0,4.0,1,10.0,10.0,1.0,1.0,1.0,5.0,6.0,,1.0,,1.0,1.0,1.0,1.0,1.0,2.0,1.0,1.0,3.0,1.0,,,,2.0,,,7.0,8.0,10.0,4.0,5.0,3.0,,1.0,1.0,1.0,9.0,1.0,9.0,10.0,8.0,,,1.0,1.0,8,9.0,10,1
2006-05-17,83592,,11,2,2834.0,14160C10,CTE,CARDIOTECH INTERNATIONAL INC,CTE,325412.0,A,A,R,31655,2,3841.0,,,,38.0,384.0,,,,,,,2.64,0.007634,19777.0,1.0,2.64,52211.28,CTE,10.0,4.0,6.0,1.0,4.0,1,10.0,10.0,1.0,1.0,1.0,5.0,6.0,,1.0,,1.0,1.0,1.0,1.0,1.0,2.0,1.0,1.0,3.0,1.0,,,,2.0,,,7.0,8.0,10.0,4.0,5.0,3.0,,1.0,1.0,1.0,9.0,1.0,9.0,10.0,8.0,,,1.0,1.0,8,9.0,10,1
2006-05-18,83592,,11,2,2834.0,14160C10,CTE,CARDIOTECH INTERNATIONAL INC,CTE,325412.0,A,A,R,31655,2,3841.0,,,,38.0,384.0,,,,,,,2.51,-0.049242,19777.0,1.0,2.65,49640.27,CTE,10.0,4.0,6.0,1.0,4.0,1,10.0,10.0,1.0,1.0,1.0,5.0,6.0,,1.0,,1.0,1.0,1.0,1.0,1.0,2.0,1.0,1.0,3.0,1.0,,,,2.0,,,7.0,8.0,10.0,4.0,5.0,3.0,,1.0,1.0,1.0,9.0,1.0,9.0,10.0,8.0,,,1.0,1.0,8,9.0,10,1
2006-05-19,83592,,11,2,2834.0,14160C10,CTE,CARDIOTECH INTERNATIONAL INC,CTE,325412.0,A,A,R,31655,2,3841.0,,,,38.0,384.0,,,,,,,2.45,-0.023904,19777.0,1.0,2.49,48453.65,CTE,10.0,4.0,6.0,1.0,4.0,1,10.0,10.0,1.0,1.0,1.0,5.0,6.0,,1.0,,1.0,1.0,1.0,1.0,1.0,2.0,1.0,1.0,3.0,1.0,,,,2.0,,,7.0,8.0,10.0,4.0,5.0,3.0,,1.0,1.0,1.0,9.0,1.0,9.0,10.0,8.0,,,1.0,1.0,8,9.0,10,1
2006-05-22,83592,,11,2,2834.0,14160C10,CTE,CARDIOTECH INTERNATIONAL INC,CTE,325412.0,A,A,R,31655,2,3841.0,,,,38.0,384.0,,,,,,,2.42,-0.012245,19777.0,1.0,2.46,47860.34,CTE,10.0,4.0,6.0,1.0,4.0,1,10.0,10.0,1.0,1.0,1.0,5.0,6.0,,1.0,,1.0,1.0,1.0,1.0,1.0,2.0,1.0,1.0,3.0,1.0,,,,2.0,,,7.0,8.0,10.0,4.0,5.0,3.0,,1.0,1.0,1.0,9.0,1.0,9.0,10.0,8.0,,,1.0,1.0,8,9.0,10,1
2006-05-23,83592,,11,2,2834.0,14160C10,CTE,CARDIOTECH INTERNATIONAL INC,CTE,325412.0,A,A,R,31655,2,3841.0,,,,38.0,384.0,,,,,,,2.26,-0.066116,19777.0,1.0,2.41,44696.02,CTE,10.0,4.0,6.0,1.0,4.0,1,10.0,10.0,1.0,1.0,1.0,5.0,6.0,,1.0,,1.0,1.0,1.0,1.0,1.0,2.0,1.0,1.0,3.0,1.0,,,,2.0,,,7.0,8.0,10.0,4.0,5.0,3.0,,1.0,1.0,1.0,9.0,1.0,9.0,10.0,8.0,,,1.0,1.0,8,9.0,10,1
2006-05-24,83592,,11,2,2834.0,14160C10,CTE,CARDIOTECH INTERNATIONAL INC,CTE,325412.0,A,A,R,31655,2,3841.0,,,,38.0,384.0,,,,,,,2.27,0.004425,19777.0,1.0,2.28,44893.79,CTE,10.0,4.0,6.0,1.0,4.0,1,10.0,10.0,1.0,1.0,1.0,5.0,6.0,,1.0,,1.0,1.0,1.0,1.0,1.0,2.0,1.0,1.0,3.0,1.0,,,,2.0,,,7.0,8.0,10.0,4.0,5.0,3.0,,1.0,1.0,1.0,9.0,1.0,9.0,10.0,8.0,,,1.0,1.0,8,9.0,10,1
2006-05-25,83592,,11,2,2834.0,14160C10,CTE,CARDIOTECH INTERNATIONAL INC,CTE,325412.0,A,A,R,31655,2,3841.0,,,,38.0,384.0,,,,,,,2.25,-0.008811,19777.0,1.0,2.28,44498.25,CTE,10.0,4.0,6.0,1.0,4.0,1,10.0,10.0,1.0,1.0,1.0,5.0,6.0,,1.0,,1.0,1.0,1.0,1.0,1.0,2.0,1.0,1.0,3.0,1.0,,,,2.0,,,7.0,8.0,10.0,4.0,5.0,3.0,,1.0,1.0,1.0,9.0,1.0,9.0,10.0,8.0,,,1.0,1.0,8,9.0,10,1
2006-05-26,83592,,11,2,2834.0,14160C10,CTE,CARDIOTECH INTERNATIONAL INC,CTE,325412.0,A,A,R,31655,2,3841.0,,,,38.0,384.0,,,,,,,2.32,0.031111,19777.0,1.0,2.3,45882.64,CTE,10.0,4.0,6.0,1.0,4.0,1,10.0,10.0,1.0,1.0,1.0,5.0,6.0,,1.0,,1.0,1.0,1.0,1.0,1.0,2.0,1.0,1.0,3.0,1.0,,,,2.0,,,7.0,8.0,10.0,4.0,5.0,3.0,,1.0,1.0,1.0,9.0,1.0,9.0,10.0,8.0,,,1.0,1.0,8,9.0,10,1
2006-05-30,83592,,11,2,2834.0,14160C10,CTE,CARDIOTECH INTERNATIONAL INC,CTE,325412.0,A,A,R,31655,2,3841.0,,,,38.0,384.0,,,,,,,2.38,0.025862,19777.0,1.0,2.26,47069.26,CTE,10.0,4.0,6.0,1.0,4.0,1,10.0,10.0,1.0,1.0,1.0,5.0,6.0,,1.0,,1.0,1.0,1.0,1.0,1.0,2.0,1.0,1.0,3.0,1.0,,,,2.0,,,7.0,8.0,10.0,4.0,5.0,3.0,,1.0,1.0,1.0,9.0,1.0,9.0,10.0,8.0,,,1.0,1.0,8,9.0,10,1
2006-05-31,83592,,11,2,2834.0,14160C10,CTE,CARDIOTECH INTERNATIONAL INC,CTE,325412.0,A,A,R,31655,2,3841.0,,,,38.0,384.0,,,,,,,2.33,-0.021008,19777.0,1.0,2.38,46080.41,CTE,10.0,4.0,6.0,1.0,4.0,1,10.0,10.0,1.0,1.0,1.0,5.0,6.0,,1.0,,1.0,1.0,1.0,1.0,1.0,2.0,1.0,1.0,3.0,1.0,,,,2.0,,,7.0,8.0,10.0,4.0,5.0,3.0,,1.0,1.0,1.0,9.0,1.0,9.0,10.0,8.0,,,1.0,1.0,8,9.0,10,1
2006-06-01,83592,,11,2,2834.0,14160C10,CTE,CARDIOTECH INTERNATIONAL INC,CTE,325412.0,A,A,R,31655,2,3841.0,,,,38.0,384.0,,,,,,,2.46,0.055794,19777.0,1.0,2.4,48651.42,CTE,10.0,4.0,6.0,1.0,4.0,1,10.0,10.0,1.0,1.0,1.0,5.0,6.0,,1.0,,1.0,1.0,1.0,1.0,1.0,2.0,1.0,1.0,3.0,1.0,,,,2.0,,,9.0,8.0,10.0,6.0,5.0,3.0,,,,,9.0,1.0,9.0,10.0,9.0,,,1.0,1.0,8,10.0,10,1
2006-06-02,83592,,11,2,2834.0,14160C10,CTE,CARDIOTECH INTERNATIONAL INC,CTE,325412.0,A,A,R,31655,2,3841.0,,,,38.0,384.0,,,,,,,2.47,0.004065,19777.0,1.0,2.48,48849.19,CTE,10.0,4.0,6.0,1.0,4.0,1,10.0,10.0,1.0,1.0,1.0,5.0,6.0,,1.0,,1.0,1.0,1.0,1.0,1.0,2.0,1.0,1.0,3.0,1.0,,,,2.0,,,9.0,8.0,10.0,6.0,5.0,3.0,,,,,9.0,1.0,9.0,10.0,9.0,,,1.0,1.0,8,10.0,10,1
2006-06-05,83592,,11,2,2834.0,14160C10,CTE,CARDIOTECH INTERNATIONAL INC,CTE,325412.0,A,A,R,31655,2,3841.0,,,,38.0,384.0,,,,,,,2.37,-0.040486,19777.0,1.0,2.35,46871.49,CTE,10.0,4.0,6.0,1.0,4.0,1,10.0,10.0,1.0,1.0,1.0,5.0,6.0,,1.0,,1.0,1.0,1.0,1.0,1.0,2.0,1.0,1.0,3.0,1.0,,,,2.0,,,9.0,8.0,10.0,6.0,5.0,3.0,,,,,9.0,1.0,9.0,10.0,9.0,,,1.0,1.0,8,10.0,10,1
2006-06-06,83592,,11,2,2834.0,14160C10,CTE,CARDIOTECH INTERNATIONAL INC,CTE,325412.0,A,A,R,31655,2,3841.0,,,,38.0,384.0,,,,,,,2.37,0.0,19777.0,1.0,2.3,46871.49,CTE,10.0,4.0,6.0,1.0,4.0,1,10.0,10.0,1.0,1.0,1.0,5.0,6.0,,1.0,,1.0,1.0,1.0,1.0,1.0,2.0,1.0,1.0,3.0,1.0,,,,2.0,,,9.0,8.0,10.0,6.0,5.0,3.0,,,,,9.0,1.0,9.0,10.0,9.0,,,1.0,1.0,8,10.0,10,1
2006-06-07,83592,,11,2,2834.0,14160C10,CTE,CARDIOTECH INTERNATIONAL INC,CTE,325412.0,A,A,R,31655,2,3841.0,,,,38.0,384.0,,,,,,,2.3,-0.029536,19777.0,1.0,2.34,45487.1,CTE,10.0,4.0,6.0,1.0,4.0,1,10.0,10.0,1.0,1.0,1.0,5.0,6.0,,1.0,,1.0,1.0,1.0,1.0,1.0,2.0,1.0,1.0,3.0,1.0,,,,2.0,,,9.0,8.0,10.0,6.0,5.0,3.0,,,,,9.0,1.0,9.0,10.0,9.0,,,1.0,1.0,8,10.0,10,1
2006-06-08,83592,,11,2,2834.0,14160C10,CTE,CARDIOTECH INTERNATIONAL INC,CTE,325412.0,A,A,R,31655,2,3841.0,,,,38.0,384.0,,,,,,,2.23,-0.030435,19777.0,1.0,2.26,44102.71,CTE,10.0,4.0,6.0,1.0,4.0,1,10.0,10.0,1.0,1.0,1.0,5.0,6.0,,1.0,,1.0,1.0,1.0,1.0,1.0,2.0,1.0,1.0,3.0,1.0,,,,2.0,,,9.0,8.0,10.0,6.0,5.0,3.0,,,,,9.0,1.0,9.0,10.0,9.0,,,1.0,1.0,8,10.0,10,1
2006-06-09,83592,,11,2,2834.0,14160C10,CTE,CARDIOTECH INTERNATIONAL INC,CTE,325412.0,A,A,R,31655,2,3841.0,,,,38.0,384.0,,,,,,,2.2,-0.013453,19777.0,1.0,2.22,43509.4,CTE,10.0,4.0,6.0,1.0,4.0,1,10.0,10.0,1.0,1.0,1.0,5.0,6.0,,1.0,,1.0,1.0,1.0,1.0,1.0,2.0,1.0,1.0,3.0,1.0,,,,2.0,,,9.0,8.0,10.0,6.0,5.0,3.0,,,,,9.0,1.0,9.0,10.0,9.0,,,1.0,1.0,8,10.0,10,1
2006-06-12,83592,,11,2,2834.0,14160C10,CTE,CARDIOTECH INTERNATIONAL INC,CTE,325412.0,A,A,R,31655,2,3841.0,,,,38.0,384.0,,,,,,,2.15,-0.022727,19777.0,1.0,2.24,42520.55,CTE,10.0,4.0,6.0,1.0,4.0,1,10.0,10.0,1.0,1.0,1.0,5.0,6.0,,1.0,,1.0,1.0,1.0,1.0,1.0,2.0,1.0,1.0,3.0,1.0,,,,2.0,,,9.0,8.0,10.0,6.0,5.0,3.0,,,,,9.0,1.0,9.0,10.0,9.0,,,1.0,1.0,8,10.0,10,1
2006-06-13,83592,,11,2,2834.0,14160C10,CTE,CARDIOTECH INTERNATIONAL INC,CTE,325412.0,A,A,R,31655,2,3841.0,,,,38.0,384.0,,,,,,,2.1,-0.023256,19777.0,1.0,2.16,41531.7,CTE,10.0,4.0,6.0,1.0,4.0,1,10.0,10.0,1.0,1.0,1.0,5.0,6.0,,1.0,,1.0,1.0,1.0,1.0,1.0,2.0,1.0,1.0,3.0,1.0,,,,2.0,,,9.0,8.0,10.0,6.0,5.0,3.0,,,,,9.0,1.0,9.0,10.0,9.0,,,1.0,1.0,8,10.0,10,1
2006-06-14,83592,,11,2,2834.0,14160C10,CTE,CARDIOTECH INTERNATIONAL INC,CTE,325412.0,A,A,R,31655,2,3841.0,,,,38.0,384.0,,,,,,,2.13,0.014286,19777.0,1.0,2.05,42125.01,CTE,10.0,4.0,6.0,1.0,4.0,1,10.0,10.0,1.0,1.0,1.0,5.0,6.0,,1.0,,1.0,1.0,1.0,1.0,1.0,2.0,1.0,1.0,3.0,1.0,,,,2.0,,,9.0,8.0,10.0,6.0,5.0,3.0,,,,,9.0,1.0,9.0,10.0,9.0,,,1.0,1.0,8,10.0,10,1
2006-06-15,83592,,11,2,2834.0,14160C10,CTE,CARDIOTECH INTERNATIONAL INC,CTE,325412.0,A,A,R,31655,2,3841.0,,,,38.0,384.0,,,,,,,2.11,-0.00939,19777.0,1.0,2.17,41729.47,CTE,10.0,4.0,6.0,1.0,4.0,1,10.0,10.0,1.0,1.0,1.0,5.0,6.0,,1.0,,1.0,1.0,1.0,1.0,1.0,2.0,1.0,1.0,3.0,1.0,,,,2.0,,,9.0,8.0,10.0,6.0,5.0,3.0,,,,,9.0,1.0,9.0,10.0,9.0,,,1.0,1.0,8,10.0,10,1
2006-06-16,83592,,11,2,2834.0,14160C10,CTE,CARDIOTECH INTERNATIONAL INC,CTE,325412.0,A,A,R,31655,2,3841.0,,,,38.0,384.0,,,,,,,2.06,-0.023697,19777.0,1.0,2.08,40740.62,CTE,10.0,4.0,6.0,1.0,4.0,1,10.0,10.0,1.0,1.0,1.0,5.0,6.0,,1.0,,1.0,1.0,1.0,1.0,1.0,2.0,1.0,1.0,3.0,1.0,,,,2.0,,,9.0,8.0,10.0,6.0,5.0,3.0,,,,,9.0,1.0,9.0,10.0,9.0,,,1.0,1.0,8,10.0,10,1
2006-06-19,83592,,11,2,2834.0,14160C10,CTE,CARDIOTECH INTERNATIONAL INC,CTE,325412.0,A,A,R,31655,2,3841.0,,,,38.0,384.0,,,,,,,2.11,0.024272,19777.0,1.0,2.06,41729.47,CTE,10.0,4.0,6.0,1.0,4.0,1,10.0,10.0,1.0,1.0,1.0,5.0,6.0,,1.0,,1.0,1.0,1.0,1.0,1.0,2.0,1.0,1.0,3.0,1.0,,,,2.0,,,9.0,8.0,10.0,6.0,5.0,3.0,,,,,9.0,1.0,9.0,10.0,9.0,,,1.0,1.0,8,10.0,10,1
2006-06-20,83592,,11,2,2834.0,14160C10,CTE,CARDIOTECH INTERNATIONAL INC,CTE,325412.0,A,A,R,31655,2,3841.0,,,,38.0,384.0,,,,,,,2.1,-0.004739,19777.0,1.0,2.1,41531.7,CTE,10.0,4.0,6.0,1.0,4.0,1,10.0,10.0,1.0,1.0,1.0,5.0,6.0,,1.0,,1.0,1.0,1.0,1.0,1.0,2.0,1.0,1.0,3.0,1.0,,,,2.0,,,9.0,8.0,10.0,6.0,5.0,3.0,,,,,9.0,1.0,9.0,10.0,9.0,,,1.0,1.0,8,10.0,10,1
2006-06-21,83592,,11,2,2834.0,14160C10,CTE,CARDIOTECH INTERNATIONAL INC,CTE,325412.0,A,A,R,31655,2,3841.0,,,,38.0,384.0,,,,,,,2.1,0.0,19777.0,1.0,2.1,41531.7,CTE,10.0,4.0,6.0,1.0,4.0,1,10.0,10.0,1.0,1.0,1.0,5.0,6.0,,1.0,,1.0,1.0,1.0,1.0,1.0,2.0,1.0,1.0,3.0,1.0,,,,2.0,,,9.0,8.0,10.0,6.0,5.0,3.0,,,,,9.0,1.0,9.0,10.0,9.0,,,1.0,1.0,8,10.0,10,1
2006-06-22,83592,,11,2,2834.0,14160C10,CTE,CARDIOTECH INTERNATIONAL INC,CTE,325412.0,A,A,R,31655,2,3841.0,,,,38.0,384.0,,,,,,,2.08,-0.009524,19777.0,1.0,2.1,41136.16,CTE,10.0,4.0,6.0,1.0,4.0,1,10.0,10.0,1.0,1.0,1.0,5.0,6.0,,1.0,,1.0,1.0,1.0,1.0,1.0,2.0,1.0,1.0,3.0,1.0,,,,2.0,,,9.0,8.0,10.0,6.0,5.0,3.0,,,,,9.0,1.0,9.0,10.0,9.0,,,1.0,1.0,8,10.0,10,1
2006-06-23,83592,,11,2,2834.0,14160C10,CTE,CARDIOTECH INTERNATIONAL INC,CTE,325412.0,A,A,R,31655,2,3841.0,,,,38.0,384.0,,,,,,,2.08,0.0,19777.0,1.0,2.05,41136.16,CTE,10.0,4.0,6.0,1.0,4.0,1,10.0,10.0,1.0,1.0,1.0,5.0,6.0,,1.0,,1.0,1.0,1.0,1.0,1.0,2.0,1.0,1.0,3.0,1.0,,,,2.0,,,9.0,8.0,10.0,6.0,5.0,3.0,,,,,9.0,1.0,9.0,10.0,9.0,,,1.0,1.0,8,10.0,10,1
2006-06-26,83592,,11,2,2834.0,14160C10,CTE,CARDIOTECH INTERNATIONAL INC,CTE,325412.0,A,A,R,31655,2,3841.0,,,,38.0,384.0,,,,,,,2.16,0.038462,19777.0,1.0,2.06,42718.32,CTE,10.0,4.0,6.0,1.0,4.0,1,10.0,10.0,1.0,1.0,1.0,5.0,6.0,,1.0,,1.0,1.0,1.0,1.0,1.0,2.0,1.0,1.0,3.0,1.0,,,,2.0,,,9.0,8.0,10.0,6.0,5.0,3.0,,,,,9.0,1.0,9.0,10.0,9.0,,,1.0,1.0,8,10.0,10,1
2006-06-27,83592,,11,2,2834.0,14160C10,CTE,CARDIOTECH INTERNATIONAL INC,CTE,325412.0,A,A,R,31655,2,3841.0,,,,38.0,384.0,,,,,,,2.07,-0.041667,19777.0,1.0,2.12,40938.39,CTE,10.0,4.0,6.0,1.0,4.0,1,10.0,10.0,1.0,1.0,1.0,5.0,6.0,,1.0,,1.0,1.0,1.0,1.0,1.0,2.0,1.0,1.0,3.0,1.0,,,,2.0,,,9.0,8.0,10.0,6.0,5.0,3.0,,,,,9.0,1.0,9.0,10.0,9.0,,,1.0,1.0,8,10.0,10,1
2006-06-28,83592,,11,2,2834.0,14160C10,CTE,CARDIOTECH INTERNATIONAL INC,CTE,325412.0,A,A,R,31655,2,3841.0,,,,38.0,384.0,,,,,,,1.92,-0.072464,19777.0,1.0,2.08,37971.84,CTE,10.0,4.0,6.0,1.0,4.0,1,10.0,10.0,1.0,1.0,1.0,5.0,6.0,,1.0,,1.0,1.0,1.0,1.0,1.0,2.0,1.0,1.0,3.0,1.0,,,,2.0,,,9.0,8.0,10.0,6.0,5.0,3.0,,,,,9.0,1.0,9.0,10.0,9.0,,,1.0,1.0,8,10.0,10,1
2006-06-29,83592,,11,2,2834.0,14160C10,CTE,CARDIOTECH INTERNATIONAL INC,CTE,325412.0,A,A,R,31655,2,3841.0,,,,38.0,384.0,,,,,,,1.95,0.015625,19777.0,1.0,1.95,38565.15,CTE,10.0,4.0,6.0,1.0,4.0,1,10.0,10.0,1.0,1.0,1.0,5.0,6.0,,1.0,,1.0,1.0,1.0,1.0,1.0,2.0,1.0,1.0,3.0,1.0,,,,2.0,,,9.0,8.0,10.0,6.0,5.0,3.0,,,,,9.0,1.0,9.0,10.0,9.0,,,1.0,1.0,8,10.0,10,1
2006-06-30,83592,20081015.0,11,2,3841.0,14160C10,CTE,CARDIOTECH INTERNATIONAL INC,CTE,339112.0,A,A,R,31655,2,3841.0,,,,38.0,384.0,,,,,,,1.96,0.005128,19833.0,1.0,1.98,38872.68,CTE,10.0,4.0,6.0,1.0,4.0,1,10.0,10.0,1.0,1.0,1.0,5.0,6.0,,1.0,,1.0,1.0,1.0,1.0,1.0,2.0,1.0,1.0,3.0,1.0,,,,2.0,,,9.0,8.0,10.0,6.0,5.0,3.0,,,,,9.0,1.0,9.0,10.0,9.0,,,1.0,1.0,8,10.0,10,1
2006-07-03,83592,,11,2,3841.0,14160C10,CTE,CARDIOTECH INTERNATIONAL INC,CTE,339112.0,A,A,R,31655,2,3841.0,,,,38.0,384.0,,,,,,,1.9,-0.030612,19833.0,1.0,1.95,37682.7,CTE,10.0,5.0,6.0,6.0,6.0,1,10.0,10.0,3.0,3.0,6.0,5.0,6.0,,1.0,,7.0,5.0,6.0,10.0,9.0,2.0,1.0,1.0,3.0,7.0,,,,1.0,,,9.0,8.0,10.0,5.0,6.0,3.0,,1.0,1.0,1.0,10.0,1.0,9.0,6.0,10.0,,,1.0,1.0,8,10.0,10,1
2006-07-05,83592,,11,2,3841.0,14160C10,CTE,CARDIOTECH INTERNATIONAL INC,CTE,339112.0,A,A,R,31655,2,3841.0,,,,38.0,384.0,,,,,,,1.9,0.0,19833.0,1.0,1.9,37682.7,CTE,10.0,5.0,6.0,6.0,6.0,1,10.0,10.0,3.0,3.0,6.0,5.0,6.0,,1.0,,7.0,5.0,6.0,10.0,9.0,2.0,1.0,1.0,3.0,7.0,,,,1.0,,,9.0,8.0,10.0,5.0,6.0,3.0,,1.0,1.0,1.0,10.0,1.0,9.0,6.0,10.0,,,1.0,1.0,8,10.0,10,1
2006-07-06,83592,,11,2,3841.0,14160C10,CTE,CARDIOTECH INTERNATIONAL INC,CTE,339112.0,A,A,R,31655,2,3841.0,,,,38.0,384.0,,,,,,,1.86,-0.021053,19833.0,1.0,1.88,36889.38,CTE,10.0,5.0,6.0,6.0,6.0,1,10.0,10.0,3.0,3.0,6.0,5.0,6.0,,1.0,,7.0,5.0,6.0,10.0,9.0,2.0,1.0,1.0,3.0,7.0,,,,1.0,,,9.0,8.0,10.0,5.0,6.0,3.0,,1.0,1.0,1.0,10.0,1.0,9.0,6.0,10.0,,,1.0,1.0,8,10.0,10,1
2006-07-07,83592,,11,2,3841.0,14160C10,CTE,CARDIOTECH INTERNATIONAL INC,CTE,339112.0,A,A,R,31655,2,3841.0,,,,38.0,384.0,,,,,,,1.81,-0.026882,19833.0,1.0,1.8999,35897.73,CTE,10.0,5.0,6.0,6.0,6.0,1,10.0,10.0,3.0,3.0,6.0,5.0,6.0,,1.0,,7.0,5.0,6.0,10.0,9.0,2.0,1.0,1.0,3.0,7.0,,,,1.0,,,9.0,8.0,10.0,5.0,6.0,3.0,,1.0,1.0,1.0,10.0,1.0,9.0,6.0,10.0,,,1.0,1.0,8,10.0,10,1
2006-07-10,83592,,11,2,3841.0,14160C10,CTE,CARDIOTECH INTERNATIONAL INC,CTE,339112.0,A,A,R,31655,2,3841.0,,,,38.0,384.0,,,,,,,1.8,-0.005525,19833.0,1.0,1.82,35699.4,CTE,10.0,5.0,6.0,6.0,6.0,1,10.0,10.0,3.0,3.0,6.0,5.0,6.0,,1.0,,7.0,5.0,6.0,10.0,9.0,2.0,1.0,1.0,3.0,7.0,,,,1.0,,,9.0,8.0,10.0,5.0,6.0,3.0,,1.0,1.0,1.0,10.0,1.0,9.0,6.0,10.0,,,1.0,1.0,8,10.0,10,1
2006-07-11,83592,,11,2,3841.0,14160C10,CTE,CARDIOTECH INTERNATIONAL INC,CTE,339112.0,A,A,R,31655,2,3841.0,,,,38.0,384.0,,,,,,,1.77,-0.016667,19833.0,1.0,1.7701,35104.41,CTE,10.0,5.0,6.0,6.0,6.0,1,10.0,10.0,3.0,3.0,6.0,5.0,6.0,,1.0,,7.0,5.0,6.0,10.0,9.0,2.0,1.0,1.0,3.0,7.0,,,,1.0,,,9.0,8.0,10.0,5.0,6.0,3.0,,1.0,1.0,1.0,10.0,1.0,9.0,6.0,10.0,,,1.0,1.0,8,10.0,10,1
2006-07-12,83592,,11,2,3841.0,14160C10,CTE,CARDIOTECH INTERNATIONAL INC,CTE,339112.0,A,A,R,31655,2,3841.0,,,,38.0,384.0,,,,,,,1.76,-0.00565,19833.0,1.0,1.77,34906.08,CTE,10.0,5.0,6.0,6.0,6.0,1,10.0,10.0,3.0,3.0,6.0,5.0,6.0,,1.0,,7.0,5.0,6.0,10.0,9.0,2.0,1.0,1.0,3.0,7.0,,,,1.0,,,9.0,8.0,10.0,5.0,6.0,3.0,,1.0,1.0,1.0,10.0,1.0,9.0,6.0,10.0,,,1.0,1.0,8,10.0,10,1
2006-07-13,83592,,11,2,3841.0,14160C10,CTE,CARDIOTECH INTERNATIONAL INC,CTE,339112.0,A,A,R,31655,2,3841.0,,,,38.0,384.0,,,,,,,1.83,0.039773,19833.0,1.0,1.9,36294.39,CTE,10.0,5.0,6.0,6.0,6.0,1,10.0,10.0,3.0,3.0,6.0,5.0,6.0,,1.0,,7.0,5.0,6.0,10.0,9.0,2.0,1.0,1.0,3.0,7.0,,,,1.0,,,9.0,8.0,10.0,5.0,6.0,3.0,,1.0,1.0,1.0,10.0,1.0,9.0,6.0,10.0,,,1.0,1.0,8,10.0,10,1
2006-07-14,83592,,11,2,3841.0,14160C10,CTE,CARDIOTECH INTERNATIONAL INC,CTE,339112.0,A,A,R,31655,2,3841.0,,,,38.0,384.0,,,,,,,1.78,-0.027322,19833.0,1.0,1.8,35302.74,CTE,10.0,5.0,6.0,6.0,6.0,1,10.0,10.0,3.0,3.0,6.0,5.0,6.0,,1.0,,7.0,5.0,6.0,10.0,9.0,2.0,1.0,1.0,3.0,7.0,,,,1.0,,,9.0,8.0,10.0,5.0,6.0,3.0,,1.0,1.0,1.0,10.0,1.0,9.0,6.0,10.0,,,1.0,1.0,8,10.0,10,1
2006-07-17,83592,,11,2,3841.0,14160C10,CTE,CARDIOTECH INTERNATIONAL INC,CTE,339112.0,A,A,R,31655,2,3841.0,,,,38.0,384.0,,,,,,,1.8,0.011236,19833.0,1.0,1.76,35699.4,CTE,10.0,5.0,6.0,6.0,6.0,1,10.0,10.0,3.0,3.0,6.0,5.0,6.0,,1.0,,7.0,5.0,6.0,10.0,9.0,2.0,1.0,1.0,3.0,7.0,,,,1.0,,,9.0,8.0,10.0,5.0,6.0,3.0,,1.0,1.0,1.0,10.0,1.0,9.0,6.0,10.0,,,1.0,1.0,8,10.0,10,1
2006-07-18,83592,,11,2,3841.0,14160C10,CTE,CARDIOTECH INTERNATIONAL INC,CTE,339112.0,A,A,R,31655,2,3841.0,,,,38.0,384.0,,,,,,,1.7,-0.055556,19833.0,1.0,1.75,33716.1,CTE,10.0,5.0,6.0,6.0,6.0,1,10.0,10.0,3.0,3.0,6.0,5.0,6.0,,1.0,,7.0,5.0,6.0,10.0,9.0,2.0,1.0,1.0,3.0,7.0,,,,1.0,,,9.0,8.0,10.0,5.0,6.0,3.0,,1.0,1.0,1.0,10.0,1.0,9.0,6.0,10.0,,,1.0,1.0,8,10.0,10,1
2006-07-19,83592,,11,2,3841.0,14160C10,CTE,CARDIOTECH INTERNATIONAL INC,CTE,339112.0,A,A,R,31655,2,3841.0,,,,38.0,384.0,,,,,,,1.7,0.0,19833.0,1.0,1.7,33716.1,CTE,10.0,5.0,6.0,6.0,6.0,1,10.0,10.0,3.0,3.0,6.0,5.0,6.0,,1.0,,7.0,5.0,6.0,10.0,9.0,2.0,1.0,1.0,3.0,7.0,,,,1.0,,,9.0,8.0,10.0,5.0,6.0,3.0,,1.0,1.0,1.0,10.0,1.0,9.0,6.0,10.0,,,1.0,1.0,8,10.0,10,1
2006-07-20,83592,,11,2,3841.0,14160C10,CTE,CARDIOTECH INTERNATIONAL INC,CTE,339112.0,A,A,R,31655,2,3841.0,,,,38.0,384.0,,,,,,,1.75,0.029412,19833.0,1.0,1.78,34707.75,CTE,10.0,5.0,6.0,6.0,6.0,1,10.0,10.0,3.0,3.0,6.0,5.0,6.0,,1.0,,7.0,5.0,6.0,10.0,9.0,2.0,1.0,1.0,3.0,7.0,,,,1.0,,,9.0,8.0,10.0,5.0,6.0,3.0,,1.0,1.0,1.0,10.0,1.0,9.0,6.0,10.0,,,1.0,1.0,8,10.0,10,1
2006-07-21,83592,,11,2,3841.0,14160C10,CTE,CARDIOTECH INTERNATIONAL INC,CTE,339112.0,A,A,R,31655,2,3841.0,,,,38.0,384.0,,,,,,,1.7,-0.028571,19833.0,1.0,1.7,33716.1,CTE,10.0,5.0,6.0,6.0,6.0,1,10.0,10.0,3.0,3.0,6.0,5.0,6.0,,1.0,,7.0,5.0,6.0,10.0,9.0,2.0,1.0,1.0,3.0,7.0,,,,1.0,,,9.0,8.0,10.0,5.0,6.0,3.0,,1.0,1.0,1.0,10.0,1.0,9.0,6.0,10.0,,,1.0,1.0,8,10.0,10,1
2006-07-24,83592,,11,2,3841.0,14160C10,CTE,CARDIOTECH INTERNATIONAL INC,CTE,339112.0,A,A,R,31655,2,3841.0,,,,38.0,384.0,,,,,,,1.68,-0.011765,19833.0,1.0,1.72,33319.44,CTE,10.0,5.0,6.0,6.0,6.0,1,10.0,10.0,3.0,3.0,6.0,5.0,6.0,,1.0,,7.0,5.0,6.0,10.0,9.0,2.0,1.0,1.0,3.0,7.0,,,,1.0,,,9.0,8.0,10.0,5.0,6.0,3.0,,1.0,1.0,1.0,10.0,1.0,9.0,6.0,10.0,,,1.0,1.0,8,10.0,10,1
2006-07-25,83592,,11,2,3841.0,14160C10,CTE,CARDIOTECH INTERNATIONAL INC,CTE,339112.0,A,A,R,31655,2,3841.0,,,,38.0,384.0,,,,,,,1.67,-0.005952,19833.0,1.0,1.72,33121.11,CTE,10.0,5.0,6.0,6.0,6.0,1,10.0,10.0,3.0,3.0,6.0,5.0,6.0,,1.0,,7.0,5.0,6.0,10.0,9.0,2.0,1.0,1.0,3.0,7.0,,,,1.0,,,9.0,8.0,10.0,5.0,6.0,3.0,,1.0,1.0,1.0,10.0,1.0,9.0,6.0,10.0,,,1.0,1.0,8,10.0,10,1
2006-07-26,83592,,11,2,3841.0,14160C10,CTE,CARDIOTECH INTERNATIONAL INC,CTE,339112.0,A,A,R,31655,2,3841.0,,,,38.0,384.0,,,,,,,1.63,-0.023952,19833.0,1.0,1.64,32327.79,CTE,10.0,5.0,6.0,6.0,6.0,1,10.0,10.0,3.0,3.0,6.0,5.0,6.0,,1.0,,7.0,5.0,6.0,10.0,9.0,2.0,1.0,1.0,3.0,7.0,,,,1.0,,,9.0,8.0,10.0,5.0,6.0,3.0,,1.0,1.0,1.0,10.0,1.0,9.0,6.0,10.0,,,1.0,1.0,8,10.0,10,1
2006-07-27,83592,,11,2,3841.0,14160C10,CTE,CARDIOTECH INTERNATIONAL INC,CTE,339112.0,A,A,R,31655,2,3841.0,,,,38.0,384.0,,,,,,,1.59,-0.02454,19833.0,1.0,1.65,31534.47,CTE,10.0,5.0,6.0,6.0,6.0,1,10.0,10.0,3.0,3.0,6.0,5.0,6.0,,1.0,,7.0,5.0,6.0,10.0,9.0,2.0,1.0,1.0,3.0,7.0,,,,1.0,,,9.0,8.0,10.0,5.0,6.0,3.0,,1.0,1.0,1.0,10.0,1.0,9.0,6.0,10.0,,,1.0,1.0,8,10.0,10,1
2006-07-28,83592,,11,2,3841.0,14160C10,CTE,CARDIOTECH INTERNATIONAL INC,CTE,339112.0,A,A,R,31655,2,3841.0,,,,38.0,384.0,,,,,,,1.65,0.037736,19833.0,1.0,1.6,32724.45,CTE,10.0,5.0,6.0,6.0,6.0,1,10.0,10.0,3.0,3.0,6.0,5.0,6.0,,1.0,,7.0,5.0,6.0,10.0,9.0,2.0,1.0,1.0,3.0,7.0,,,,1.0,,,9.0,8.0,10.0,5.0,6.0,3.0,,1.0,1.0,1.0,10.0,1.0,9.0,6.0,10.0,,,1.0,1.0,8,10.0,10,1
2006-07-31,83592,,11,2,3841.0,14160C10,CTE,CARDIOTECH INTERNATIONAL INC,CTE,339112.0,A,A,R,31655,2,3841.0,,,,38.0,384.0,,,,,,,1.6,-0.030303,19833.0,1.0,1.65,31732.8,CTE,10.0,5.0,6.0,6.0,6.0,1,10.0,10.0,3.0,3.0,6.0,5.0,6.0,,1.0,,7.0,5.0,6.0,10.0,9.0,2.0,1.0,1.0,3.0,7.0,,,,1.0,,,9.0,8.0,10.0,5.0,6.0,3.0,,1.0,1.0,1.0,10.0,1.0,9.0,6.0,10.0,,,1.0,1.0,8,10.0,10,1
2006-08-01,83592,,11,2,3841.0,14160C10,CTE,CARDIOTECH INTERNATIONAL INC,CTE,339112.0,A,A,R,31655,2,3841.0,,,,38.0,384.0,,,,,,,1.59,-0.00625,19833.0,1.0,1.6,31534.47,CTE,10.0,5.0,6.0,6.0,6.0,1,10.0,10.0,3.0,3.0,6.0,5.0,6.0,,1.0,,7.0,5.0,6.0,10.0,9.0,2.0,1.0,1.0,3.0,7.0,,,,2.0,,,10.0,6.0,10.0,4.0,7.0,3.0,,1.0,1.0,1.0,10.0,1.0,9.0,9.0,10.0,,,1.0,1.0,8,10.0,10,1
2006-08-02,83592,,11,2,3841.0,14160C10,CTE,CARDIOTECH INTERNATIONAL INC,CTE,339112.0,A,A,R,31655,2,3841.0,,,,38.0,384.0,,,,,,,1.61,0.012579,19833.0,1.0,1.59,31931.13,CTE,10.0,5.0,6.0,6.0,6.0,1,10.0,10.0,3.0,3.0,6.0,5.0,6.0,,1.0,,7.0,5.0,6.0,10.0,9.0,2.0,1.0,1.0,3.0,7.0,,,,2.0,,,10.0,6.0,10.0,4.0,7.0,3.0,,1.0,1.0,1.0,10.0,1.0,9.0,9.0,10.0,,,1.0,1.0,8,10.0,10,1
2006-08-03,83592,,11,2,3841.0,14160C10,CTE,CARDIOTECH INTERNATIONAL INC,CTE,339112.0,A,A,R,31655,2,3841.0,,,,38.0,384.0,,,,,,,1.7199,0.068261,19833.0,1.0,1.63,34110.7767,CTE,10.0,5.0,6.0,6.0,6.0,1,10.0,10.0,3.0,3.0,6.0,5.0,6.0,,1.0,,7.0,5.0,6.0,10.0,9.0,2.0,1.0,1.0,3.0,7.0,,,,2.0,,,10.0,6.0,10.0,4.0,7.0,3.0,,1.0,1.0,1.0,10.0,1.0,9.0,9.0,10.0,,,1.0,1.0,8,10.0,10,1
2006-08-04,83592,,11,2,3841.0,14160C10,CTE,CARDIOTECH INTERNATIONAL INC,CTE,339112.0,A,A,R,31655,2,3841.0,,,,38.0,384.0,,,,,,,1.605,-0.066806,19833.0,1.0,1.7399,31831.965,CTE,10.0,5.0,6.0,6.0,6.0,1,10.0,10.0,3.0,3.0,6.0,5.0,6.0,,1.0,,7.0,5.0,6.0,10.0,9.0,2.0,1.0,1.0,3.0,7.0,,,,2.0,,,10.0,6.0,10.0,4.0,7.0,3.0,,1.0,1.0,1.0,10.0,1.0,9.0,9.0,10.0,,,1.0,1.0,8,10.0,10,1
2006-08-07,83592,,11,2,3841.0,14160C10,CTE,CARDIOTECH INTERNATIONAL INC,CTE,339112.0,A,A,R,31655,2,3841.0,,,,38.0,384.0,,,,,,,1.61,0.003115,19833.0,1.0,1.6,31931.13,CTE,10.0,5.0,6.0,6.0,6.0,1,10.0,10.0,3.0,3.0,6.0,5.0,6.0,,1.0,,7.0,5.0,6.0,10.0,9.0,2.0,1.0,1.0,3.0,7.0,,,,2.0,,,10.0,6.0,10.0,4.0,7.0,3.0,,1.0,1.0,1.0,10.0,1.0,9.0,9.0,10.0,,,1.0,1.0,8,10.0,10,1
2006-08-08,83592,,11,2,3841.0,14160C10,CTE,CARDIOTECH INTERNATIONAL INC,CTE,339112.0,A,A,R,31655,2,3841.0,,,,38.0,384.0,,,,,,,1.59,-0.012422,19833.0,1.0,1.61,31534.47,CTE,10.0,5.0,6.0,6.0,6.0,1,10.0,10.0,3.0,3.0,6.0,5.0,6.0,,1.0,,7.0,5.0,6.0,10.0,9.0,2.0,1.0,1.0,3.0,7.0,,,,2.0,,,10.0,6.0,10.0,4.0,7.0,3.0,,1.0,1.0,1.0,10.0,1.0,9.0,9.0,10.0,,,1.0,1.0,8,10.0,10,1
2006-08-09,83592,,11,2,3841.0,14160C10,CTE,CARDIOTECH INTERNATIONAL INC,CTE,339112.0,A,A,R,31655,2,3841.0,,,,38.0,384.0,,,,,,,1.31,-0.176101,19833.0,1.0,1.61,25981.23,CTE,10.0,5.0,6.0,6.0,6.0,1,10.0,10.0,3.0,3.0,6.0,5.0,6.0,,1.0,,7.0,5.0,6.0,10.0,9.0,2.0,1.0,1.0,3.0,7.0,,,,2.0,,,10.0,6.0,10.0,4.0,7.0,3.0,,1.0,1.0,1.0,10.0,1.0,9.0,9.0,10.0,,,1.0,1.0,8,10.0,10,1
2006-08-10,83592,,11,2,3841.0,14160C10,CTE,CARDIOTECH INTERNATIONAL INC,CTE,339112.0,A,A,R,31655,2,3841.0,,,,38.0,384.0,,,,,,,1.41,0.076336,19833.0,1.0,1.3,27964.53,CTE,10.0,5.0,6.0,6.0,6.0,1,10.0,10.0,3.0,3.0,6.0,5.0,6.0,,1.0,,7.0,5.0,6.0,10.0,9.0,2.0,1.0,1.0,3.0,7.0,,,,2.0,,,10.0,6.0,10.0,4.0,7.0,3.0,,1.0,1.0,1.0,10.0,1.0,9.0,9.0,10.0,,,1.0,1.0,8,10.0,10,1
2006-08-11,83592,,11,2,3841.0,14160C10,CTE,CARDIOTECH INTERNATIONAL INC,CTE,339112.0,A,A,R,31655,2,3841.0,,,,38.0,384.0,,,,,,,1.44,0.021277,19833.0,1.0,1.4,28559.52,CTE,10.0,5.0,6.0,6.0,6.0,1,10.0,10.0,3.0,3.0,6.0,5.0,6.0,,1.0,,7.0,5.0,6.0,10.0,9.0,2.0,1.0,1.0,3.0,7.0,,,,2.0,,,10.0,6.0,10.0,4.0,7.0,3.0,,1.0,1.0,1.0,10.0,1.0,9.0,9.0,10.0,,,1.0,1.0,8,10.0,10,1
2006-08-14,83592,,11,2,3841.0,14160C10,CTE,CARDIOTECH INTERNATIONAL INC,CTE,339112.0,A,A,R,31655,2,3841.0,,,,38.0,384.0,,,,,,,1.35,-0.0625,19833.0,1.0,1.38,26774.55,CTE,10.0,5.0,6.0,6.0,6.0,1,10.0,10.0,3.0,3.0,6.0,5.0,6.0,,1.0,,7.0,5.0,6.0,10.0,9.0,2.0,1.0,1.0,3.0,7.0,,,,2.0,,,10.0,6.0,10.0,4.0,7.0,3.0,,1.0,1.0,1.0,10.0,1.0,9.0,9.0,10.0,,,1.0,1.0,8,10.0,10,1
2006-08-15,83592,,11,2,3841.0,14160C10,CTE,CARDIOTECH INTERNATIONAL INC,CTE,339112.0,A,A,R,31655,2,3841.0,,,,38.0,384.0,,,,,,,1.32,-0.022222,19833.0,1.0,1.32,26179.56,CTE,10.0,5.0,6.0,6.0,6.0,1,10.0,10.0,3.0,3.0,6.0,5.0,6.0,,1.0,,7.0,5.0,6.0,10.0,9.0,2.0,1.0,1.0,3.0,7.0,,,,2.0,,,10.0,6.0,10.0,4.0,7.0,3.0,,1.0,1.0,1.0,10.0,1.0,9.0,9.0,10.0,,,1.0,1.0,8,10.0,10,1
2006-08-16,83592,,11,2,3841.0,14160C10,CTE,CARDIOTECH INTERNATIONAL INC,CTE,339112.0,A,A,R,31655,2,3841.0,,,,38.0,384.0,,,,,,,1.22,-0.075758,19833.0,1.0,1.3,24196.26,CTE,10.0,5.0,6.0,6.0,6.0,1,10.0,10.0,3.0,3.0,6.0,5.0,6.0,,1.0,,7.0,5.0,6.0,10.0,9.0,2.0,1.0,1.0,3.0,7.0,,,,2.0,,,10.0,6.0,10.0,4.0,7.0,3.0,,1.0,1.0,1.0,10.0,1.0,9.0,9.0,10.0,,,1.0,1.0,8,10.0,10,1
2006-08-17,83592,,11,2,3841.0,14160C10,CTE,CARDIOTECH INTERNATIONAL INC,CTE,339112.0,A,A,R,31655,2,3841.0,,,,38.0,384.0,,,,,,,1.24,0.016393,19833.0,1.0,1.22,24592.92,CTE,10.0,5.0,6.0,6.0,6.0,1,10.0,10.0,3.0,3.0,6.0,5.0,6.0,,1.0,,7.0,5.0,6.0,10.0,9.0,2.0,1.0,1.0,3.0,7.0,,,,2.0,,,10.0,6.0,10.0,4.0,7.0,3.0,,1.0,1.0,1.0,10.0,1.0,9.0,9.0,10.0,,,1.0,1.0,8,10.0,10,1
2006-08-18,83592,,11,2,3841.0,14160C10,CTE,CARDIOTECH INTERNATIONAL INC,CTE,339112.0,A,A,R,31655,2,3841.0,,,,38.0,384.0,,,,,,,1.23,-0.008065,19833.0,1.0,1.28,24394.59,CTE,10.0,5.0,6.0,6.0,6.0,1,10.0,10.0,3.0,3.0,6.0,5.0,6.0,,1.0,,7.0,5.0,6.0,10.0,9.0,2.0,1.0,1.0,3.0,7.0,,,,2.0,,,10.0,6.0,10.0,4.0,7.0,3.0,,1.0,1.0,1.0,10.0,1.0,9.0,9.0,10.0,,,1.0,1.0,8,10.0,10,1
2006-08-21,83592,,11,2,3841.0,14160C10,CTE,CARDIOTECH INTERNATIONAL INC,CTE,339112.0,A,A,R,31655,2,3841.0,,,,38.0,384.0,,,,,,,1.2,-0.02439,19833.0,1.0,1.23,23799.6,CTE,10.0,5.0,6.0,6.0,6.0,1,10.0,10.0,3.0,3.0,6.0,5.0,6.0,,1.0,,7.0,5.0,6.0,10.0,9.0,2.0,1.0,1.0,3.0,7.0,,,,2.0,,,10.0,6.0,10.0,4.0,7.0,3.0,,1.0,1.0,1.0,10.0,1.0,9.0,9.0,10.0,,,1.0,1.0,8,10.0,10,1
2006-08-22,83592,,11,2,3841.0,14160C10,CTE,CARDIOTECH INTERNATIONAL INC,CTE,339112.0,A,A,R,31655,2,3841.0,,,,38.0,384.0,,,,,,,1.2,0.0,19833.0,1.0,1.18,23799.6,CTE,10.0,5.0,6.0,6.0,6.0,1,10.0,10.0,3.0,3.0,6.0,5.0,6.0,,1.0,,7.0,5.0,6.0,10.0,9.0,2.0,1.0,1.0,3.0,7.0,,,,2.0,,,10.0,6.0,10.0,4.0,7.0,3.0,,1.0,1.0,1.0,10.0,1.0,9.0,9.0,10.0,,,1.0,1.0,8,10.0,10,1
2006-08-23,83592,,11,2,3841.0,14160C10,CTE,CARDIOTECH INTERNATIONAL INC,CTE,339112.0,A,A,R,31655,2,3841.0,,,,38.0,384.0,,,,,,,1.2,0.0,19833.0,1.0,1.2,23799.6,CTE,10.0,5.0,6.0,6.0,6.0,1,10.0,10.0,3.0,3.0,6.0,5.0,6.0,,1.0,,7.0,5.0,6.0,10.0,9.0,2.0,1.0,1.0,3.0,7.0,,,,2.0,,,10.0,6.0,10.0,4.0,7.0,3.0,,1.0,1.0,1.0,10.0,1.0,9.0,9.0,10.0,,,1.0,1.0,8,10.0,10,1
2006-08-24,83592,,11,2,3841.0,14160C10,CTE,CARDIOTECH INTERNATIONAL INC,CTE,339112.0,A,A,R,31655,2,3841.0,,,,38.0,384.0,,,,,,,1.18,-0.016667,19833.0,1.0,1.18,23402.94,CTE,10.0,5.0,6.0,6.0,6.0,1,10.0,10.0,3.0,3.0,6.0,5.0,6.0,,1.0,,7.0,5.0,6.0,10.0,9.0,2.0,1.0,1.0,3.0,7.0,,,,2.0,,,10.0,6.0,10.0,4.0,7.0,3.0,,1.0,1.0,1.0,10.0,1.0,9.0,9.0,10.0,,,1.0,1.0,8,10.0,10,1
2006-08-25,83592,,11,2,3841.0,14160C10,CTE,CARDIOTECH INTERNATIONAL INC,CTE,339112.0,A,A,R,31655,2,3841.0,,,,38.0,384.0,,,,,,,1.18,0.0,19833.0,1.0,1.16,23402.94,CTE,10.0,5.0,6.0,6.0,6.0,1,10.0,10.0,3.0,3.0,6.0,5.0,6.0,,1.0,,7.0,5.0,6.0,10.0,9.0,2.0,1.0,1.0,3.0,7.0,,,,2.0,,,10.0,6.0,10.0,4.0,7.0,3.0,,1.0,1.0,1.0,10.0,1.0,9.0,9.0,10.0,,,1.0,1.0,8,10.0,10,1
2006-08-28,83592,,11,2,3841.0,14160C10,CTE,CARDIOTECH INTERNATIONAL INC,CTE,339112.0,A,A,R,31655,2,3841.0,,,,38.0,384.0,,,,,,,1.15,-0.025424,19833.0,1.0,1.18,22807.95,CTE,10.0,5.0,6.0,6.0,6.0,1,10.0,10.0,3.0,3.0,6.0,5.0,6.0,,1.0,,7.0,5.0,6.0,10.0,9.0,2.0,1.0,1.0,3.0,7.0,,,,2.0,,,10.0,6.0,10.0,4.0,7.0,3.0,,1.0,1.0,1.0,10.0,1.0,9.0,9.0,10.0,,,1.0,1.0,8,10.0,10,1
2006-08-29,83592,,11,2,3841.0,14160C10,CTE,CARDIOTECH INTERNATIONAL INC,CTE,339112.0,A,A,R,31655,2,3841.0,,,,38.0,384.0,,,,,,,1.13,-0.017391,19833.0,1.0,1.14,22411.29,CTE,10.0,5.0,6.0,6.0,6.0,1,10.0,10.0,3.0,3.0,6.0,5.0,6.0,,1.0,,7.0,5.0,6.0,10.0,9.0,2.0,1.0,1.0,3.0,7.0,,,,2.0,,,10.0,6.0,10.0,4.0,7.0,3.0,,1.0,1.0,1.0,10.0,1.0,9.0,9.0,10.0,,,1.0,1.0,8,10.0,10,1
2006-08-30,83592,,11,2,3841.0,14160C10,CTE,CARDIOTECH INTERNATIONAL INC,CTE,339112.0,A,A,R,31655,2,3841.0,,,,38.0,384.0,,,,,,,1.17,0.035398,19833.0,1.0,1.11,23204.61,CTE,10.0,5.0,6.0,6.0,6.0,1,10.0,10.0,3.0,3.0,6.0,5.0,6.0,,1.0,,7.0,5.0,6.0,10.0,9.0,2.0,1.0,1.0,3.0,7.0,,,,2.0,,,10.0,6.0,10.0,4.0,7.0,3.0,,1.0,1.0,1.0,10.0,1.0,9.0,9.0,10.0,,,1.0,1.0,8,10.0,10,1
2006-08-31,83592,,11,2,3841.0,14160C10,CTE,CARDIOTECH INTERNATIONAL INC,CTE,339112.0,A,A,R,31655,2,3841.0,,,,38.0,384.0,,,,,,,1.2,0.025641,19833.0,1.0,1.17,23799.6,CTE,10.0,5.0,6.0,6.0,6.0,1,10.0,10.0,3.0,3.0,6.0,5.0,6.0,,1.0,,7.0,5.0,6.0,10.0,9.0,2.0,1.0,1.0,3.0,7.0,,,,2.0,,,10.0,6.0,10.0,4.0,7.0,3.0,,1.0,1.0,1.0,10.0,1.0,9.0,9.0,10.0,,,1.0,1.0,8,10.0,10,1
2006-09-01,83592,,11,2,3841.0,14160C10,CTE,CARDIOTECH INTERNATIONAL INC,CTE,339112.0,A,A,R,31655,2,3841.0,,,,38.0,384.0,,,,,,,1.17,-0.025,19833.0,1.0,1.2,23204.61,CTE,10.0,5.0,6.0,6.0,6.0,1,10.0,10.0,3.0,3.0,6.0,5.0,6.0,,1.0,,7.0,5.0,6.0,10.0,9.0,2.0,1.0,1.0,3.0,7.0,,,,2.0,,,10.0,3.0,10.0,6.0,9.0,3.0,,1.0,1.0,,10.0,1.0,9.0,10.0,10.0,,,2.0,1.0,8,10.0,10,1
2006-09-05,83592,,11,2,3841.0,14160C10,CTE,CARDIOTECH INTERNATIONAL INC,CTE,339112.0,A,A,R,31655,2,3841.0,,,,38.0,384.0,,,,,,,1.1725,0.002137,19833.0,1.0,1.2,23254.1925,CTE,10.0,5.0,6.0,6.0,6.0,1,10.0,10.0,3.0,3.0,6.0,5.0,6.0,,1.0,,7.0,5.0,6.0,10.0,9.0,2.0,1.0,1.0,3.0,7.0,,,,2.0,,,10.0,3.0,10.0,6.0,9.0,3.0,,1.0,1.0,,10.0,1.0,9.0,10.0,10.0,,,2.0,1.0,8,10.0,10,1
2006-09-06,83592,,11,2,3841.0,14160C10,CTE,CARDIOTECH INTERNATIONAL INC,CTE,339112.0,A,A,R,31655,2,3841.0,,,,38.0,384.0,,,,,,,1.16,-0.010661,19833.0,1.0,1.22,23006.28,CTE,10.0,5.0,6.0,6.0,6.0,1,10.0,10.0,3.0,3.0,6.0,5.0,6.0,,1.0,,7.0,5.0,6.0,10.0,9.0,2.0,1.0,1.0,3.0,7.0,,,,2.0,,,10.0,3.0,10.0,6.0,9.0,3.0,,1.0,1.0,,10.0,1.0,9.0,10.0,10.0,,,2.0,1.0,8,10.0,10,1
2006-09-07,83592,,11,2,3841.0,14160C10,CTE,CARDIOTECH INTERNATIONAL INC,CTE,339112.0,A,A,R,31655,2,3841.0,,,,38.0,384.0,,,,,,,1.15,-0.008621,19833.0,1.0,1.16,22807.95,CTE,10.0,5.0,6.0,6.0,6.0,1,10.0,10.0,3.0,3.0,6.0,5.0,6.0,,1.0,,7.0,5.0,6.0,10.0,9.0,2.0,1.0,1.0,3.0,7.0,,,,2.0,,,10.0,3.0,10.0,6.0,9.0,3.0,,1.0,1.0,,10.0,1.0,9.0,10.0,10.0,,,2.0,1.0,8,10.0,10,1
2006-09-08,83592,,11,2,3841.0,14160C10,CTE,CARDIOTECH INTERNATIONAL INC,CTE,339112.0,A,A,R,31655,2,3841.0,,,,38.0,384.0,,,,,,,1.15,0.0,19833.0,1.0,1.15,22807.95,CTE,10.0,5.0,6.0,6.0,6.0,1,10.0,10.0,3.0,3.0,6.0,5.0,6.0,,1.0,,7.0,5.0,6.0,10.0,9.0,2.0,1.0,1.0,3.0,7.0,,,,2.0,,,10.0,3.0,10.0,6.0,9.0,3.0,,1.0,1.0,,10.0,1.0,9.0,10.0,10.0,,,2.0,1.0,8,10.0,10,1
2006-09-11,83592,,11,2,3841.0,14160C10,CTE,CARDIOTECH INTERNATIONAL INC,CTE,339112.0,A,A,R,31655,2,3841.0,,,,38.0,384.0,,,,,,,1.29,0.121739,19833.0,1.0,1.12,25584.57,CTE,10.0,5.0,6.0,6.0,6.0,1,10.0,10.0,3.0,3.0,6.0,5.0,6.0,,1.0,,7.0,5.0,6.0,10.0,9.0,2.0,1.0,1.0,3.0,7.0,,,,2.0,,,10.0,3.0,10.0,6.0,9.0,3.0,,1.0,1.0,,10.0,1.0,9.0,10.0,10.0,,,2.0,1.0,8,10.0,10,1
2006-09-12,83592,,11,2,3841.0,14160C10,CTE,CARDIOTECH INTERNATIONAL INC,CTE,339112.0,A,A,R,31655,2,3841.0,,,,38.0,384.0,,,,,,,1.36,0.054264,19833.0,1.0,1.29,26972.88,CTE,10.0,5.0,6.0,6.0,6.0,1,10.0,10.0,3.0,3.0,6.0,5.0,6.0,,1.0,,7.0,5.0,6.0,10.0,9.0,2.0,1.0,1.0,3.0,7.0,,,,2.0,,,10.0,3.0,10.0,6.0,9.0,3.0,,1.0,1.0,,10.0,1.0,9.0,10.0,10.0,,,2.0,1.0,8,10.0,10,1
2006-09-13,83592,,11,2,3841.0,14160C10,CTE,CARDIOTECH INTERNATIONAL INC,CTE,339112.0,A,A,R,31655,2,3841.0,,,,38.0,384.0,,,,,,,1.44,0.058824,19833.0,1.0,1.39,28559.52,CTE,10.0,5.0,6.0,6.0,6.0,1,10.0,10.0,3.0,3.0,6.0,5.0,6.0,,1.0,,7.0,5.0,6.0,10.0,9.0,2.0,1.0,1.0,3.0,7.0,,,,2.0,,,10.0,3.0,10.0,6.0,9.0,3.0,,1.0,1.0,,10.0,1.0,9.0,10.0,10.0,,,2.0,1.0,8,10.0,10,1
2006-09-14,83592,,11,2,3841.0,14160C10,CTE,CARDIOTECH INTERNATIONAL INC,CTE,339112.0,A,A,R,31655,2,3841.0,,,,38.0,384.0,,,,,,,1.45,0.006944,19833.0,1.0,1.4,28757.85,CTE,10.0,5.0,6.0,6.0,6.0,1,10.0,10.0,3.0,3.0,6.0,5.0,6.0,,1.0,,7.0,5.0,6.0,10.0,9.0,2.0,1.0,1.0,3.0,7.0,,,,2.0,,,10.0,3.0,10.0,6.0,9.0,3.0,,1.0,1.0,,10.0,1.0,9.0,10.0,10.0,,,2.0,1.0,8,10.0,10,1
2006-09-15,83592,,11,2,3841.0,14160C10,CTE,CARDIOTECH INTERNATIONAL INC,CTE,339112.0,A,A,R,31655,2,3841.0,,,,38.0,384.0,,,,,,,1.4,-0.034483,19833.0,1.0,1.4,27766.2,CTE,10.0,5.0,6.0,6.0,6.0,1,10.0,10.0,3.0,3.0,6.0,5.0,6.0,,1.0,,7.0,5.0,6.0,10.0,9.0,2.0,1.0,1.0,3.0,7.0,,,,2.0,,,10.0,3.0,10.0,6.0,9.0,3.0,,1.0,1.0,,10.0,1.0,9.0,10.0,10.0,,,2.0,1.0,8,10.0,10,1
2006-09-18,83592,,11,2,3841.0,14160C10,CTE,CARDIOTECH INTERNATIONAL INC,CTE,339112.0,A,A,R,31655,2,3841.0,,,,38.0,384.0,,,,,,,1.32,-0.057143,19833.0,1.0,1.44,26179.56,CTE,10.0,5.0,6.0,6.0,6.0,1,10.0,10.0,3.0,3.0,6.0,5.0,6.0,,1.0,,7.0,5.0,6.0,10.0,9.0,2.0,1.0,1.0,3.0,7.0,,,,2.0,,,10.0,3.0,10.0,6.0,9.0,3.0,,1.0,1.0,,10.0,1.0,9.0,10.0,10.0,,,2.0,1.0,8,10.0,10,1
2006-09-19,83592,,11,2,3841.0,14160C10,CTE,CARDIOTECH INTERNATIONAL INC,CTE,339112.0,A,A,R,31655,2,3841.0,,,,38.0,384.0,,,,,,,1.33,0.007576,19833.0,1.0,1.32,26377.89,CTE,10.0,5.0,6.0,6.0,6.0,1,10.0,10.0,3.0,3.0,6.0,5.0,6.0,,1.0,,7.0,5.0,6.0,10.0,9.0,2.0,1.0,1.0,3.0,7.0,,,,2.0,,,10.0,3.0,10.0,6.0,9.0,3.0,,1.0,1.0,,10.0,1.0,9.0,10.0,10.0,,,2.0,1.0,8,10.0,10,1
2006-09-20,83592,,11,2,3841.0,14160C10,CTE,CARDIOTECH INTERNATIONAL INC,CTE,339112.0,A,A,R,31655,2,3841.0,,,,38.0,384.0,,,,,,,1.29,-0.030075,19833.0,1.0,1.3,25584.57,CTE,10.0,5.0,6.0,6.0,6.0,1,10.0,10.0,3.0,3.0,6.0,5.0,6.0,,1.0,,7.0,5.0,6.0,10.0,9.0,2.0,1.0,1.0,3.0,7.0,,,,2.0,,,10.0,3.0,10.0,6.0,9.0,3.0,,1.0,1.0,,10.0,1.0,9.0,10.0,10.0,,,2.0,1.0,8,10.0,10,1
2006-09-21,83592,,11,2,3841.0,14160C10,CTE,CARDIOTECH INTERNATIONAL INC,CTE,339112.0,A,A,R,31655,2,3841.0,,,,38.0,384.0,,,,,,,1.3784,0.068527,19833.0,1.0,1.3,27337.8072,CTE,10.0,5.0,6.0,6.0,6.0,1,10.0,10.0,3.0,3.0,6.0,5.0,6.0,,1.0,,7.0,5.0,6.0,10.0,9.0,2.0,1.0,1.0,3.0,7.0,,,,2.0,,,10.0,3.0,10.0,6.0,9.0,3.0,,1.0,1.0,,10.0,1.0,9.0,10.0,10.0,,,2.0,1.0,8,10.0,10,1
2006-09-22,83592,,11,2,3841.0,14160C10,CTE,CARDIOTECH INTERNATIONAL INC,CTE,339112.0,A,A,R,31655,2,3841.0,,,,38.0,384.0,,,,,,,1.41,0.022925,19833.0,1.0,1.4,27964.53,CTE,10.0,5.0,6.0,6.0,6.0,1,10.0,10.0,3.0,3.0,6.0,5.0,6.0,,1.0,,7.0,5.0,6.0,10.0,9.0,2.0,1.0,1.0,3.0,7.0,,,,2.0,,,10.0,3.0,10.0,6.0,9.0,3.0,,1.0,1.0,,10.0,1.0,9.0,10.0,10.0,,,2.0,1.0,8,10.0,10,1
2006-09-25,83592,,11,2,3841.0,14160C10,CTE,CARDIOTECH INTERNATIONAL INC,CTE,339112.0,A,A,R,31655,2,3841.0,,,,38.0,384.0,,,,,,,1.35,-0.042553,19833.0,1.0,1.35,26774.55,CTE,10.0,5.0,6.0,6.0,6.0,1,10.0,10.0,3.0,3.0,6.0,5.0,6.0,,1.0,,7.0,5.0,6.0,10.0,9.0,2.0,1.0,1.0,3.0,7.0,,,,2.0,,,10.0,3.0,10.0,6.0,9.0,3.0,,1.0,1.0,,10.0,1.0,9.0,10.0,10.0,,,2.0,1.0,8,10.0,10,1
2006-09-26,83592,,11,2,3841.0,14160C10,CTE,CARDIOTECH INTERNATIONAL INC,CTE,339112.0,A,A,R,31655,2,3841.0,,,,38.0,384.0,,,,,,,1.3,-0.037037,19833.0,1.0,1.3,25782.9,CTE,10.0,5.0,6.0,6.0,6.0,1,10.0,10.0,3.0,3.0,6.0,5.0,6.0,,1.0,,7.0,5.0,6.0,10.0,9.0,2.0,1.0,1.0,3.0,7.0,,,,2.0,,,10.0,3.0,10.0,6.0,9.0,3.0,,1.0,1.0,,10.0,1.0,9.0,10.0,10.0,,,2.0,1.0,8,10.0,10,1
2006-09-27,83592,,11,2,3841.0,14160C10,CTE,CARDIOTECH INTERNATIONAL INC,CTE,339112.0,A,A,R,31655,2,3841.0,,,,38.0,384.0,,,,,,,1.32,0.015385,19833.0,1.0,1.35,26179.56,CTE,10.0,5.0,6.0,6.0,6.0,1,10.0,10.0,3.0,3.0,6.0,5.0,6.0,,1.0,,7.0,5.0,6.0,10.0,9.0,2.0,1.0,1.0,3.0,7.0,,,,2.0,,,10.0,3.0,10.0,6.0,9.0,3.0,,1.0,1.0,,10.0,1.0,9.0,10.0,10.0,,,2.0,1.0,8,10.0,10,1
2006-09-28,83592,,11,2,3841.0,14160C10,CTE,CARDIOTECH INTERNATIONAL INC,CTE,339112.0,A,A,R,31655,2,3841.0,,,,38.0,384.0,,,,,,,1.32,0.0,19833.0,1.0,1.33,26179.56,CTE,10.0,5.0,6.0,6.0,6.0,1,10.0,10.0,3.0,3.0,6.0,5.0,6.0,,1.0,,7.0,5.0,6.0,10.0,9.0,2.0,1.0,1.0,3.0,7.0,,,,2.0,,,10.0,3.0,10.0,6.0,9.0,3.0,,1.0,1.0,,10.0,1.0,9.0,10.0,10.0,,,2.0,1.0,8,10.0,10,1
2006-09-29,83592,,11,2,3841.0,14160C10,CTE,CARDIOTECH INTERNATIONAL INC,CTE,339112.0,A,A,R,31655,2,3841.0,,,,38.0,384.0,,,,,,,1.29,-0.022727,19907.0,1.0,1.3,25680.03,CTE,10.0,5.0,6.0,6.0,6.0,1,10.0,10.0,3.0,3.0,6.0,5.0,6.0,,1.0,,7.0,5.0,6.0,10.0,9.0,2.0,1.0,1.0,3.0,7.0,,,,2.0,,,10.0,3.0,10.0,6.0,9.0,3.0,,1.0,1.0,,10.0,1.0,9.0,10.0,10.0,,,2.0,1.0,8,10.0,10,1
2006-10-02,83592,,11,2,3841.0,14160C10,CTE,CARDIOTECH INTERNATIONAL INC,CTE,339112.0,A,A,R,31655,2,3841.0,,,,38.0,384.0,,,,,,,1.32,0.023256,19907.0,1.0,1.28,26277.24,CTE,10.0,5.0,6.0,6.0,6.0,1,10.0,10.0,3.0,3.0,6.0,5.0,6.0,,1.0,,7.0,5.0,6.0,10.0,9.0,2.0,1.0,1.0,3.0,7.0,,,,3.0,,,10.0,1.0,10.0,7.0,8.0,2.0,,1.0,1.0,1.0,2.0,1.0,10.0,10.0,1.0,,,1.0,1.0,8,10.0,10,1
2006-10-03,83592,,11,2,3841.0,14160C10,CTE,CARDIOTECH INTERNATIONAL INC,CTE,339112.0,A,A,R,31655,2,3841.0,,,,38.0,384.0,,,,,,,1.35,0.022727,19907.0,1.0,1.32,26874.45,CTE,10.0,5.0,6.0,6.0,6.0,1,10.0,10.0,3.0,3.0,6.0,5.0,6.0,,1.0,,7.0,5.0,6.0,10.0,9.0,2.0,1.0,1.0,3.0,7.0,,,,3.0,,,10.0,1.0,10.0,7.0,8.0,2.0,,1.0,1.0,1.0,2.0,1.0,10.0,10.0,1.0,,,1.0,1.0,8,10.0,10,1
2006-10-04,83592,,11,2,3841.0,14160C10,CTE,CARDIOTECH INTERNATIONAL INC,CTE,339112.0,A,A,R,31655,2,3841.0,,,,38.0,384.0,,,,,,,1.35,0.0,19907.0,1.0,1.3,26874.45,CTE,10.0,5.0,6.0,6.0,6.0,1,10.0,10.0,3.0,3.0,6.0,5.0,6.0,,1.0,,7.0,5.0,6.0,10.0,9.0,2.0,1.0,1.0,3.0,7.0,,,,3.0,,,10.0,1.0,10.0,7.0,8.0,2.0,,1.0,1.0,1.0,2.0,1.0,10.0,10.0,1.0,,,1.0,1.0,8,10.0,10,1
2006-10-05,83592,,11,2,3841.0,14160C10,CTE,CARDIOTECH INTERNATIONAL INC,CTE,339112.0,A,A,R,31655,2,3841.0,,,,38.0,384.0,,,,,,,1.4,0.037037,19907.0,1.0,1.32,27869.8,CTE,10.0,5.0,6.0,6.0,6.0,1,10.0,10.0,3.0,3.0,6.0,5.0,6.0,,1.0,,7.0,5.0,6.0,10.0,9.0,2.0,1.0,1.0,3.0,7.0,,,,3.0,,,10.0,1.0,10.0,7.0,8.0,2.0,,1.0,1.0,1.0,2.0,1.0,10.0,10.0,1.0,,,1.0,1.0,8,10.0,10,1
2006-10-06,83592,,11,2,3841.0,14160C10,CTE,CARDIOTECH INTERNATIONAL INC,CTE,339112.0,A,A,R,31655,2,3841.0,,,,38.0,384.0,,,,,,,1.4,0.0,19907.0,1.0,1.4,27869.8,CTE,10.0,5.0,6.0,6.0,6.0,1,10.0,10.0,3.0,3.0,6.0,5.0,6.0,,1.0,,7.0,5.0,6.0,10.0,9.0,2.0,1.0,1.0,3.0,7.0,,,,3.0,,,10.0,1.0,10.0,7.0,8.0,2.0,,1.0,1.0,1.0,2.0,1.0,10.0,10.0,1.0,,,1.0,1.0,8,10.0,10,1
2006-10-09,83592,,11,2,3841.0,14160C10,CTE,CARDIOTECH INTERNATIONAL INC,CTE,339112.0,A,A,R,31655,2,3841.0,,,,38.0,384.0,,,,,,,1.41,0.007143,19907.0,1.0,1.4,28068.87,CTE,10.0,5.0,6.0,6.0,6.0,1,10.0,10.0,3.0,3.0,6.0,5.0,6.0,,1.0,,7.0,5.0,6.0,10.0,9.0,2.0,1.0,1.0,3.0,7.0,,,,3.0,,,10.0,1.0,10.0,7.0,8.0,2.0,,1.0,1.0,1.0,2.0,1.0,10.0,10.0,1.0,,,1.0,1.0,8,10.0,10,1
2006-10-10,83592,,11,2,3841.0,14160C10,CTE,CARDIOTECH INTERNATIONAL INC,CTE,339112.0,A,A,R,31655,2,3841.0,,,,38.0,384.0,,,,,,,1.51,0.070922,19907.0,1.0,1.4,30059.57,CTE,10.0,5.0,6.0,6.0,6.0,1,10.0,10.0,3.0,3.0,6.0,5.0,6.0,,1.0,,7.0,5.0,6.0,10.0,9.0,2.0,1.0,1.0,3.0,7.0,,,,3.0,,,10.0,1.0,10.0,7.0,8.0,2.0,,1.0,1.0,1.0,2.0,1.0,10.0,10.0,1.0,,,1.0,1.0,8,10.0,10,1
2006-10-11,83592,,11,2,3841.0,14160C10,CTE,CARDIOTECH INTERNATIONAL INC,CTE,339112.0,A,A,R,31655,2,3841.0,,,,38.0,384.0,,,,,,,1.51,0.0,19907.0,1.0,1.51,30059.57,CTE,10.0,5.0,6.0,6.0,6.0,1,10.0,10.0,3.0,3.0,6.0,5.0,6.0,,1.0,,7.0,5.0,6.0,10.0,9.0,2.0,1.0,1.0,3.0,7.0,,,,3.0,,,10.0,1.0,10.0,7.0,8.0,2.0,,1.0,1.0,1.0,2.0,1.0,10.0,10.0,1.0,,,1.0,1.0,8,10.0,10,1
2006-10-12,83592,,11,2,3841.0,14160C10,CTE,CARDIOTECH INTERNATIONAL INC,CTE,339112.0,A,A,R,31655,2,3841.0,,,,38.0,384.0,,,,,,,1.6301,0.079536,19907.0,1.0,1.55,32450.4007,CTE,10.0,5.0,6.0,6.0,6.0,1,10.0,10.0,3.0,3.0,6.0,5.0,6.0,,1.0,,7.0,5.0,6.0,10.0,9.0,2.0,1.0,1.0,3.0,7.0,,,,3.0,,,10.0,1.0,10.0,7.0,8.0,2.0,,1.0,1.0,1.0,2.0,1.0,10.0,10.0,1.0,,,1.0,1.0,8,10.0,10,1
2006-10-13,83592,,11,2,3841.0,14160C10,CTE,CARDIOTECH INTERNATIONAL INC,CTE,339112.0,A,A,R,31655,2,3841.0,,,,38.0,384.0,,,,,,,1.65,0.012208,19907.0,1.0,1.6,32846.55,CTE,10.0,5.0,6.0,6.0,6.0,1,10.0,10.0,3.0,3.0,6.0,5.0,6.0,,1.0,,7.0,5.0,6.0,10.0,9.0,2.0,1.0,1.0,3.0,7.0,,,,3.0,,,10.0,1.0,10.0,7.0,8.0,2.0,,1.0,1.0,1.0,2.0,1.0,10.0,10.0,1.0,,,1.0,1.0,8,10.0,10,1
2006-10-16,83592,,11,2,3841.0,14160C10,CTE,CARDIOTECH INTERNATIONAL INC,CTE,339112.0,A,A,R,31655,2,3841.0,,,,38.0,384.0,,,,,,,1.58,-0.042424,19907.0,1.0,1.66,31453.06,CTE,10.0,5.0,6.0,6.0,6.0,1,10.0,10.0,3.0,3.0,6.0,5.0,6.0,,1.0,,7.0,5.0,6.0,10.0,9.0,2.0,1.0,1.0,3.0,7.0,,,,3.0,,,10.0,1.0,10.0,7.0,8.0,2.0,,1.0,1.0,1.0,2.0,1.0,10.0,10.0,1.0,,,1.0,1.0,8,10.0,10,1
2006-10-17,83592,,11,2,3841.0,14160C10,CTE,CARDIOTECH INTERNATIONAL INC,CTE,339112.0,A,A,R,31655,2,3841.0,,,,38.0,384.0,,,,,,,1.53,-0.031646,19907.0,1.0,1.6,30457.71,CTE,10.0,5.0,6.0,6.0,6.0,1,10.0,10.0,3.0,3.0,6.0,5.0,6.0,,1.0,,7.0,5.0,6.0,10.0,9.0,2.0,1.0,1.0,3.0,7.0,,,,3.0,,,10.0,1.0,10.0,7.0,8.0,2.0,,1.0,1.0,1.0,2.0,1.0,10.0,10.0,1.0,,,1.0,1.0,8,10.0,10,1
2006-10-18,83592,,11,2,3841.0,14160C10,CTE,CARDIOTECH INTERNATIONAL INC,CTE,339112.0,A,A,R,31655,2,3841.0,,,,38.0,384.0,,,,,,,1.52,-0.006536,19907.0,1.0,1.51,30258.64,CTE,10.0,5.0,6.0,6.0,6.0,1,10.0,10.0,3.0,3.0,6.0,5.0,6.0,,1.0,,7.0,5.0,6.0,10.0,9.0,2.0,1.0,1.0,3.0,7.0,,,,3.0,,,10.0,1.0,10.0,7.0,8.0,2.0,,1.0,1.0,1.0,2.0,1.0,10.0,10.0,1.0,,,1.0,1.0,8,10.0,10,1
2006-10-19,83592,,11,2,3841.0,14160C10,CTE,CARDIOTECH INTERNATIONAL INC,CTE,339112.0,A,A,R,31655,2,3841.0,,,,38.0,384.0,,,,,,,1.62,0.065789,19907.0,1.0,1.47,32249.34,CTE,10.0,5.0,6.0,6.0,6.0,1,10.0,10.0,3.0,3.0,6.0,5.0,6.0,,1.0,,7.0,5.0,6.0,10.0,9.0,2.0,1.0,1.0,3.0,7.0,,,,3.0,,,10.0,1.0,10.0,7.0,8.0,2.0,,1.0,1.0,1.0,2.0,1.0,10.0,10.0,1.0,,,1.0,1.0,8,10.0,10,1
2006-10-20,83592,,11,2,3841.0,14160C10,CTE,CARDIOTECH INTERNATIONAL INC,CTE,339112.0,A,A,R,31655,2,3841.0,,,,38.0,384.0,,,,,,,1.7,0.049383,19907.0,1.0,1.65,33841.9,CTE,10.0,5.0,6.0,6.0,6.0,1,10.0,10.0,3.0,3.0,6.0,5.0,6.0,,1.0,,7.0,5.0,6.0,10.0,9.0,2.0,1.0,1.0,3.0,7.0,,,,3.0,,,10.0,1.0,10.0,7.0,8.0,2.0,,1.0,1.0,1.0,2.0,1.0,10.0,10.0,1.0,,,1.0,1.0,8,10.0,10,1
2006-10-23,83592,,11,2,3841.0,14160C10,CTE,CARDIOTECH INTERNATIONAL INC,CTE,339112.0,A,A,R,31655,2,3841.0,,,,38.0,384.0,,,,,,,1.64,-0.035294,19907.0,1.0,1.71,32647.48,CTE,10.0,5.0,6.0,6.0,6.0,1,10.0,10.0,3.0,3.0,6.0,5.0,6.0,,1.0,,7.0,5.0,6.0,10.0,9.0,2.0,1.0,1.0,3.0,7.0,,,,3.0,,,10.0,1.0,10.0,7.0,8.0,2.0,,1.0,1.0,1.0,2.0,1.0,10.0,10.0,1.0,,,1.0,1.0,8,10.0,10,1
2006-10-24,83592,,11,2,3841.0,14160C10,CTE,CARDIOTECH INTERNATIONAL INC,CTE,339112.0,A,A,R,31655,2,3841.0,,,,38.0,384.0,,,,,,,2.22,0.353659,19907.0,1.0,1.62,44193.54,CTE,10.0,5.0,6.0,6.0,6.0,1,10.0,10.0,3.0,3.0,6.0,5.0,6.0,,1.0,,7.0,5.0,6.0,10.0,9.0,2.0,1.0,1.0,3.0,7.0,,,,3.0,,,10.0,1.0,10.0,7.0,8.0,2.0,,1.0,1.0,1.0,2.0,1.0,10.0,10.0,1.0,,,1.0,1.0,8,10.0,10,1
2006-10-25,83592,,11,2,3841.0,14160C10,CTE,CARDIOTECH INTERNATIONAL INC,CTE,339112.0,A,A,R,31655,2,3841.0,,,,38.0,384.0,,,,,,,2.02,-0.09009,19907.0,1.0,2.22,40212.14,CTE,10.0,5.0,6.0,6.0,6.0,1,10.0,10.0,3.0,3.0,6.0,5.0,6.0,,1.0,,7.0,5.0,6.0,10.0,9.0,2.0,1.0,1.0,3.0,7.0,,,,3.0,,,10.0,1.0,10.0,7.0,8.0,2.0,,1.0,1.0,1.0,2.0,1.0,10.0,10.0,1.0,,,1.0,1.0,8,10.0,10,1
2006-10-26,83592,,11,2,3841.0,14160C10,CTE,CARDIOTECH INTERNATIONAL INC,CTE,339112.0,A,A,R,31655,2,3841.0,,,,38.0,384.0,,,,,,,2.0,-0.009901,19907.0,1.0,2.02,39814.0,CTE,10.0,5.0,6.0,6.0,6.0,1,10.0,10.0,3.0,3.0,6.0,5.0,6.0,,1.0,,7.0,5.0,6.0,10.0,9.0,2.0,1.0,1.0,3.0,7.0,,,,3.0,,,10.0,1.0,10.0,7.0,8.0,2.0,,1.0,1.0,1.0,2.0,1.0,10.0,10.0,1.0,,,1.0,1.0,8,10.0,10,1
2006-10-27,83592,,11,2,3841.0,14160C10,CTE,CARDIOTECH INTERNATIONAL INC,CTE,339112.0,A,A,R,31655,2,3841.0,,,,38.0,384.0,,,,,,,2.1,0.05,19907.0,1.0,2.05,41804.7,CTE,10.0,5.0,6.0,6.0,6.0,1,10.0,10.0,3.0,3.0,6.0,5.0,6.0,,1.0,,7.0,5.0,6.0,10.0,9.0,2.0,1.0,1.0,3.0,7.0,,,,3.0,,,10.0,1.0,10.0,7.0,8.0,2.0,,1.0,1.0,1.0,2.0,1.0,10.0,10.0,1.0,,,1.0,1.0,8,10.0,10,1
2006-10-30,83592,,11,2,3841.0,14160C10,CTE,CARDIOTECH INTERNATIONAL INC,CTE,339112.0,A,A,R,31655,2,3841.0,,,,38.0,384.0,,,,,,,2.45,0.166667,19907.0,1.0,2.2,48772.15,CTE,10.0,5.0,6.0,6.0,6.0,1,10.0,10.0,3.0,3.0,6.0,5.0,6.0,,1.0,,7.0,5.0,6.0,10.0,9.0,2.0,1.0,1.0,3.0,7.0,,,,3.0,,,10.0,1.0,10.0,7.0,8.0,2.0,,1.0,1.0,1.0,2.0,1.0,10.0,10.0,1.0,,,1.0,1.0,8,10.0,10,1
2006-10-31,83592,,11,2,3841.0,14160C10,CTE,CARDIOTECH INTERNATIONAL INC,CTE,339112.0,A,A,R,31655,2,3841.0,,,,38.0,384.0,,,,,,,2.3599,-0.036776,19907.0,1.0,2.45,46978.5293,CTE,10.0,5.0,6.0,6.0,6.0,1,10.0,10.0,3.0,3.0,6.0,5.0,6.0,,1.0,,7.0,5.0,6.0,10.0,9.0,2.0,1.0,1.0,3.0,7.0,,,,3.0,,,10.0,1.0,10.0,7.0,8.0,2.0,,1.0,1.0,1.0,2.0,1.0,10.0,10.0,1.0,,,1.0,1.0,8,10.0,10,1
2006-11-01,83592,,11,2,3841.0,14160C10,CTE,CARDIOTECH INTERNATIONAL INC,CTE,339112.0,A,A,R,31655,2,3841.0,,,,38.0,384.0,,,,,,,2.21,-0.06352,19907.0,1.0,2.3501,43994.47,CTE,10.0,5.0,6.0,6.0,6.0,1,10.0,10.0,3.0,3.0,6.0,5.0,6.0,,1.0,,7.0,5.0,6.0,10.0,9.0,2.0,1.0,1.0,3.0,7.0,,,,3.0,,,9.0,1.0,3.0,9.0,4.0,2.0,,1.0,1.0,1.0,1.0,1.0,10.0,10.0,1.0,,,1.0,1.0,8,10.0,10,1
2006-11-02,83592,,11,2,3841.0,14160C10,CTE,CARDIOTECH INTERNATIONAL INC,CTE,339112.0,A,A,R,31655,2,3841.0,,,,38.0,384.0,,,,,,,2.18,-0.013575,19907.0,1.0,2.22,43397.26,CTE,10.0,5.0,6.0,6.0,6.0,1,10.0,10.0,3.0,3.0,6.0,5.0,6.0,,1.0,,7.0,5.0,6.0,10.0,9.0,2.0,1.0,1.0,3.0,7.0,,,,3.0,,,9.0,1.0,3.0,9.0,4.0,2.0,,1.0,1.0,1.0,1.0,1.0,10.0,10.0,1.0,,,1.0,1.0,8,10.0,10,1
2006-11-03,83592,,11,2,3841.0,14160C10,CTE,CARDIOTECH INTERNATIONAL INC,CTE,339112.0,A,A,R,31655,2,3841.0,,,,38.0,384.0,,,,,,,2.24,0.027523,19907.0,1.0,2.18,44591.68,CTE,10.0,5.0,6.0,6.0,6.0,1,10.0,10.0,3.0,3.0,6.0,5.0,6.0,,1.0,,7.0,5.0,6.0,10.0,9.0,2.0,1.0,1.0,3.0,7.0,,,,3.0,,,9.0,1.0,3.0,9.0,4.0,2.0,,1.0,1.0,1.0,1.0,1.0,10.0,10.0,1.0,,,1.0,1.0,8,10.0,10,1
2006-11-06,83592,,11,2,3841.0,14160C10,CTE,CARDIOTECH INTERNATIONAL INC,CTE,339112.0,A,A,R,31655,2,3841.0,,,,38.0,384.0,,,,,,,2.2,-0.017857,19907.0,1.0,2.3,43795.4,CTE,10.0,5.0,6.0,6.0,6.0,1,10.0,10.0,3.0,3.0,6.0,5.0,6.0,,1.0,,7.0,5.0,6.0,10.0,9.0,2.0,1.0,1.0,3.0,7.0,,,,3.0,,,9.0,1.0,3.0,9.0,4.0,2.0,,1.0,1.0,1.0,1.0,1.0,10.0,10.0,1.0,,,1.0,1.0,8,10.0,10,1
2006-11-07,83592,,11,2,3841.0,14160C10,CTE,CARDIOTECH INTERNATIONAL INC,CTE,339112.0,A,A,R,31655,2,3841.0,,,,38.0,384.0,,,,,,,1.98,-0.1,19907.0,1.0,2.1,39415.86,CTE,10.0,5.0,6.0,6.0,6.0,1,10.0,10.0,3.0,3.0,6.0,5.0,6.0,,1.0,,7.0,5.0,6.0,10.0,9.0,2.0,1.0,1.0,3.0,7.0,,,,3.0,,,9.0,1.0,3.0,9.0,4.0,2.0,,1.0,1.0,1.0,1.0,1.0,10.0,10.0,1.0,,,1.0,1.0,8,10.0,10,1
2006-11-08,83592,,11,2,3841.0,14160C10,CTE,CARDIOTECH INTERNATIONAL INC,CTE,339112.0,A,A,R,31655,2,3841.0,,,,38.0,384.0,,,,,,,1.92,-0.030303,19907.0,1.0,1.9,38221.44,CTE,10.0,5.0,6.0,6.0,6.0,1,10.0,10.0,3.0,3.0,6.0,5.0,6.0,,1.0,,7.0,5.0,6.0,10.0,9.0,2.0,1.0,1.0,3.0,7.0,,,,3.0,,,9.0,1.0,3.0,9.0,4.0,2.0,,1.0,1.0,1.0,1.0,1.0,10.0,10.0,1.0,,,1.0,1.0,8,10.0,10,1
2006-11-09,83592,,11,2,3841.0,14160C10,CTE,CARDIOTECH INTERNATIONAL INC,CTE,339112.0,A,A,R,31655,2,3841.0,,,,38.0,384.0,,,,,,,1.92,0.0,19907.0,1.0,1.92,38221.44,CTE,10.0,5.0,6.0,6.0,6.0,1,10.0,10.0,3.0,3.0,6.0,5.0,6.0,,1.0,,7.0,5.0,6.0,10.0,9.0,2.0,1.0,1.0,3.0,7.0,,,,3.0,,,9.0,1.0,3.0,9.0,4.0,2.0,,1.0,1.0,1.0,1.0,1.0,10.0,10.0,1.0,,,1.0,1.0,8,10.0,10,1
2006-11-10,83592,,11,2,3841.0,14160C10,CTE,CARDIOTECH INTERNATIONAL INC,CTE,339112.0,A,A,R,31655,2,3841.0,,,,38.0,384.0,,,,,,,1.94,0.010417,19907.0,1.0,1.95,38619.58,CTE,10.0,5.0,6.0,6.0,6.0,1,10.0,10.0,3.0,3.0,6.0,5.0,6.0,,1.0,,7.0,5.0,6.0,10.0,9.0,2.0,1.0,1.0,3.0,7.0,,,,3.0,,,9.0,1.0,3.0,9.0,4.0,2.0,,1.0,1.0,1.0,1.0,1.0,10.0,10.0,1.0,,,1.0,1.0,8,10.0,10,1
2006-11-13,83592,,11,2,3841.0,14160C10,CTE,CARDIOTECH INTERNATIONAL INC,CTE,339112.0,A,A,R,31655,2,3841.0,,,,38.0,384.0,,,,,,,1.95,0.005155,19907.0,1.0,1.92,38818.65,CTE,10.0,5.0,6.0,6.0,6.0,1,10.0,10.0,3.0,3.0,6.0,5.0,6.0,,1.0,,7.0,5.0,6.0,10.0,9.0,2.0,1.0,1.0,3.0,7.0,,,,3.0,,,9.0,1.0,3.0,9.0,4.0,2.0,,1.0,1.0,1.0,1.0,1.0,10.0,10.0,1.0,,,1.0,1.0,8,10.0,10,1
2006-11-14,83592,,11,2,3841.0,14160C10,CTE,CARDIOTECH INTERNATIONAL INC,CTE,339112.0,A,A,R,31655,2,3841.0,,,,38.0,384.0,,,,,,,1.95,0.0,19907.0,1.0,1.96,38818.65,CTE,10.0,5.0,6.0,6.0,6.0,1,10.0,10.0,3.0,3.0,6.0,5.0,6.0,,1.0,,7.0,5.0,6.0,10.0,9.0,2.0,1.0,1.0,3.0,7.0,,,,3.0,,,9.0,1.0,3.0,9.0,4.0,2.0,,1.0,1.0,1.0,1.0,1.0,10.0,10.0,1.0,,,1.0,1.0,8,10.0,10,1
2006-11-15,83592,,11,2,3841.0,14160C10,CTE,CARDIOTECH INTERNATIONAL INC,CTE,339112.0,A,A,R,31655,2,3841.0,,,,38.0,384.0,,,,,,,1.95,0.0,19907.0,1.0,1.95,38818.65,CTE,10.0,5.0,6.0,6.0,6.0,1,10.0,10.0,3.0,3.0,6.0,5.0,6.0,,1.0,,7.0,5.0,6.0,10.0,9.0,2.0,1.0,1.0,3.0,7.0,,,,3.0,,,9.0,1.0,3.0,9.0,4.0,2.0,,1.0,1.0,1.0,1.0,1.0,10.0,10.0,1.0,,,1.0,1.0,8,10.0,10,1
2006-11-16,83592,,11,2,3841.0,14160C10,CTE,CARDIOTECH INTERNATIONAL INC,CTE,339112.0,A,A,R,31655,2,3841.0,,,,38.0,384.0,,,,,,,1.96,0.005128,19907.0,1.0,1.94,39017.72,CTE,10.0,5.0,6.0,6.0,6.0,1,10.0,10.0,3.0,3.0,6.0,5.0,6.0,,1.0,,7.0,5.0,6.0,10.0,9.0,2.0,1.0,1.0,3.0,7.0,,,,3.0,,,9.0,1.0,3.0,9.0,4.0,2.0,,1.0,1.0,1.0,1.0,1.0,10.0,10.0,1.0,,,1.0,1.0,8,10.0,10,1
2006-11-17,83592,,11,2,3841.0,14160C10,CTE,CARDIOTECH INTERNATIONAL INC,CTE,339112.0,A,A,R,31655,2,3841.0,,,,38.0,384.0,,,,,,,1.99,0.015306,19907.0,1.0,1.95,39614.93,CTE,10.0,5.0,6.0,6.0,6.0,1,10.0,10.0,3.0,3.0,6.0,5.0,6.0,,1.0,,7.0,5.0,6.0,10.0,9.0,2.0,1.0,1.0,3.0,7.0,,,,3.0,,,9.0,1.0,3.0,9.0,4.0,2.0,,1.0,1.0,1.0,1.0,1.0,10.0,10.0,1.0,,,1.0,1.0,8,10.0,10,1
2006-11-20,83592,,11,2,3841.0,14160C10,CTE,CARDIOTECH INTERNATIONAL INC,CTE,339112.0,A,A,R,31655,2,3841.0,,,,38.0,384.0,,,,,,,1.97,-0.01005,19907.0,1.0,2.0,39216.79,CTE,10.0,5.0,6.0,6.0,6.0,1,10.0,10.0,3.0,3.0,6.0,5.0,6.0,,1.0,,7.0,5.0,6.0,10.0,9.0,2.0,1.0,1.0,3.0,7.0,,,,3.0,,,9.0,1.0,3.0,9.0,4.0,2.0,,1.0,1.0,1.0,1.0,1.0,10.0,10.0,1.0,,,1.0,1.0,8,10.0,10,1
2006-11-21,83592,,11,2,3841.0,14160C10,CTE,CARDIOTECH INTERNATIONAL INC,CTE,339112.0,A,A,R,31655,2,3841.0,,,,38.0,384.0,,,,,,,1.98,0.005076,19907.0,1.0,1.96,39415.86,CTE,10.0,5.0,6.0,6.0,6.0,1,10.0,10.0,3.0,3.0,6.0,5.0,6.0,,1.0,,7.0,5.0,6.0,10.0,9.0,2.0,1.0,1.0,3.0,7.0,,,,3.0,,,9.0,1.0,3.0,9.0,4.0,2.0,,1.0,1.0,1.0,1.0,1.0,10.0,10.0,1.0,,,1.0,1.0,8,10.0,10,1
2006-11-22,83592,,11,2,3841.0,14160C10,CTE,CARDIOTECH INTERNATIONAL INC,CTE,339112.0,A,A,R,31655,2,3841.0,,,,38.0,384.0,,,,,,,1.97,-0.005051,19907.0,1.0,1.96,39216.79,CTE,10.0,5.0,6.0,6.0,6.0,1,10.0,10.0,3.0,3.0,6.0,5.0,6.0,,1.0,,7.0,5.0,6.0,10.0,9.0,2.0,1.0,1.0,3.0,7.0,,,,3.0,,,9.0,1.0,3.0,9.0,4.0,2.0,,1.0,1.0,1.0,1.0,1.0,10.0,10.0,1.0,,,1.0,1.0,8,10.0,10,1
2006-11-24,83592,,11,2,3841.0,14160C10,CTE,CARDIOTECH INTERNATIONAL INC,CTE,339112.0,A,A,R,31655,2,3841.0,,,,38.0,384.0,,,,,,,2.02,0.025381,19907.0,1.0,2.0,40212.14,CTE,10.0,5.0,6.0,6.0,6.0,1,10.0,10.0,3.0,3.0,6.0,5.0,6.0,,1.0,,7.0,5.0,6.0,10.0,9.0,2.0,1.0,1.0,3.0,7.0,,,,3.0,,,9.0,1.0,3.0,9.0,4.0,2.0,,1.0,1.0,1.0,1.0,1.0,10.0,10.0,1.0,,,1.0,1.0,8,10.0,10,1
2006-11-27,83592,,11,2,3841.0,14160C10,CTE,CARDIOTECH INTERNATIONAL INC,CTE,339112.0,A,A,R,31655,2,3841.0,,,,38.0,384.0,,,,,,,2.0,-0.009901,19907.0,1.0,2.02,39814.0,CTE,10.0,5.0,6.0,6.0,6.0,1,10.0,10.0,3.0,3.0,6.0,5.0,6.0,,1.0,,7.0,5.0,6.0,10.0,9.0,2.0,1.0,1.0,3.0,7.0,,,,3.0,,,9.0,1.0,3.0,9.0,4.0,2.0,,1.0,1.0,1.0,1.0,1.0,10.0,10.0,1.0,,,1.0,1.0,8,10.0,10,1
2006-11-28,83592,,11,2,3841.0,14160C10,CTE,CARDIOTECH INTERNATIONAL INC,CTE,339112.0,A,A,R,31655,2,3841.0,,,,38.0,384.0,,,,,,,2.0,0.0,19907.0,1.0,2.0099,39814.0,CTE,10.0,5.0,6.0,6.0,6.0,1,10.0,10.0,3.0,3.0,6.0,5.0,6.0,,1.0,,7.0,5.0,6.0,10.0,9.0,2.0,1.0,1.0,3.0,7.0,,,,3.0,,,9.0,1.0,3.0,9.0,4.0,2.0,,1.0,1.0,1.0,1.0,1.0,10.0,10.0,1.0,,,1.0,1.0,8,10.0,10,1
2006-11-29,83592,,11,2,3841.0,14160C10,CTE,CARDIOTECH INTERNATIONAL INC,CTE,339112.0,A,A,R,31655,2,3841.0,,,,38.0,384.0,,,,,,,2.0,0.0,19907.0,1.0,1.99,39814.0,CTE,10.0,5.0,6.0,6.0,6.0,1,10.0,10.0,3.0,3.0,6.0,5.0,6.0,,1.0,,7.0,5.0,6.0,10.0,9.0,2.0,1.0,1.0,3.0,7.0,,,,3.0,,,9.0,1.0,3.0,9.0,4.0,2.0,,1.0,1.0,1.0,1.0,1.0,10.0,10.0,1.0,,,1.0,1.0,8,10.0,10,1
2006-11-30,83592,,11,2,3841.0,14160C10,CTE,CARDIOTECH INTERNATIONAL INC,CTE,339112.0,A,A,R,31655,2,3841.0,,,,38.0,384.0,,,,,,,2.05,0.025,19832.0,1.0,1.99,40655.6,CTE,10.0,5.0,6.0,6.0,6.0,1,10.0,10.0,3.0,3.0,6.0,5.0,6.0,,1.0,,7.0,5.0,6.0,10.0,9.0,2.0,1.0,1.0,3.0,7.0,,,,3.0,,,9.0,1.0,3.0,9.0,4.0,2.0,,1.0,1.0,1.0,1.0,1.0,10.0,10.0,1.0,,,1.0,1.0,8,10.0,10,1
2006-12-01,83592,,11,2,3841.0,14160C10,CTE,CARDIOTECH INTERNATIONAL INC,CTE,339112.0,A,A,R,31655,2,3841.0,,,,38.0,384.0,,,,,,,2.19,0.068293,19832.0,1.0,2.09,43432.08,CTE,10.0,5.0,6.0,6.0,6.0,1,10.0,10.0,3.0,3.0,6.0,5.0,6.0,,1.0,,7.0,5.0,6.0,10.0,9.0,2.0,1.0,1.0,3.0,7.0,,,,4.0,,,10.0,2.0,3.0,6.0,5.0,3.0,,1.0,1.0,1.0,10.0,1.0,10.0,1.0,10.0,,,1.0,1.0,7,10.0,10,1
2006-12-04,83592,,11,2,3841.0,14160C10,CTE,CARDIOTECH INTERNATIONAL INC,CTE,339112.0,A,A,R,31655,2,3841.0,,,,38.0,384.0,,,,,,,2.096,-0.042922,19832.0,1.0,2.19,41567.872,CTE,10.0,5.0,6.0,6.0,6.0,1,10.0,10.0,3.0,3.0,6.0,5.0,6.0,,1.0,,7.0,5.0,6.0,10.0,9.0,2.0,1.0,1.0,3.0,7.0,,,,4.0,,,10.0,2.0,3.0,6.0,5.0,3.0,,1.0,1.0,1.0,10.0,1.0,10.0,1.0,10.0,,,1.0,1.0,7,10.0,10,1
2006-12-05,83592,,11,2,3841.0,14160C10,CTE,CARDIOTECH INTERNATIONAL INC,CTE,339112.0,A,A,R,31655,2,3841.0,,,,38.0,384.0,,,,,,,2.09,-0.002863,19832.0,1.0,2.04,41448.88,CTE,10.0,5.0,6.0,6.0,6.0,1,10.0,10.0,3.0,3.0,6.0,5.0,6.0,,1.0,,7.0,5.0,6.0,10.0,9.0,2.0,1.0,1.0,3.0,7.0,,,,4.0,,,10.0,2.0,3.0,6.0,5.0,3.0,,1.0,1.0,1.0,10.0,1.0,10.0,1.0,10.0,,,1.0,1.0,7,10.0,10,1
2006-12-06,83592,,11,2,3841.0,14160C10,CTE,CARDIOTECH INTERNATIONAL INC,CTE,339112.0,A,A,R,31655,2,3841.0,,,,38.0,384.0,,,,,,,2.08,-0.004785,19832.0,1.0,2.04,41250.56,CTE,10.0,5.0,6.0,6.0,6.0,1,10.0,10.0,3.0,3.0,6.0,5.0,6.0,,1.0,,7.0,5.0,6.0,10.0,9.0,2.0,1.0,1.0,3.0,7.0,,,,4.0,,,10.0,2.0,3.0,6.0,5.0,3.0,,1.0,1.0,1.0,10.0,1.0,10.0,1.0,10.0,,,1.0,1.0,7,10.0,10,1
2006-12-07,83592,,11,2,3841.0,14160C10,CTE,CARDIOTECH INTERNATIONAL INC,CTE,339112.0,A,A,R,31655,2,3841.0,,,,38.0,384.0,,,,,,,2.17,0.043269,19832.0,1.0,2.08,43035.44,CTE,10.0,5.0,6.0,6.0,6.0,1,10.0,10.0,3.0,3.0,6.0,5.0,6.0,,1.0,,7.0,5.0,6.0,10.0,9.0,2.0,1.0,1.0,3.0,7.0,,,,4.0,,,10.0,2.0,3.0,6.0,5.0,3.0,,1.0,1.0,1.0,10.0,1.0,10.0,1.0,10.0,,,1.0,1.0,7,10.0,10,1
2006-12-08,83592,,11,2,3841.0,14160C10,CTE,CARDIOTECH INTERNATIONAL INC,CTE,339112.0,A,A,R,31655,2,3841.0,,,,38.0,384.0,,,,,,,2.22,0.023041,19832.0,1.0,2.16,44027.04,CTE,10.0,5.0,6.0,6.0,6.0,1,10.0,10.0,3.0,3.0,6.0,5.0,6.0,,1.0,,7.0,5.0,6.0,10.0,9.0,2.0,1.0,1.0,3.0,7.0,,,,4.0,,,10.0,2.0,3.0,6.0,5.0,3.0,,1.0,1.0,1.0,10.0,1.0,10.0,1.0,10.0,,,1.0,1.0,7,10.0,10,1
2006-12-11,83592,,11,2,3841.0,14160C10,CTE,CARDIOTECH INTERNATIONAL INC,CTE,339112.0,A,A,R,31655,2,3841.0,,,,38.0,384.0,,,,,,,2.15,-0.031532,19832.0,1.0,2.2,42638.8,CTE,10.0,5.0,6.0,6.0,6.0,1,10.0,10.0,3.0,3.0,6.0,5.0,6.0,,1.0,,7.0,5.0,6.0,10.0,9.0,2.0,1.0,1.0,3.0,7.0,,,,4.0,,,10.0,2.0,3.0,6.0,5.0,3.0,,1.0,1.0,1.0,10.0,1.0,10.0,1.0,10.0,,,1.0,1.0,7,10.0,10,1
2006-12-12,83592,,11,2,3841.0,14160C10,CTE,CARDIOTECH INTERNATIONAL INC,CTE,339112.0,A,A,R,31655,2,3841.0,,,,38.0,384.0,,,,,,,2.05,-0.046512,19832.0,1.0,2.15,40655.6,CTE,10.0,5.0,6.0,6.0,6.0,1,10.0,10.0,3.0,3.0,6.0,5.0,6.0,,1.0,,7.0,5.0,6.0,10.0,9.0,2.0,1.0,1.0,3.0,7.0,,,,4.0,,,10.0,2.0,3.0,6.0,5.0,3.0,,1.0,1.0,1.0,10.0,1.0,10.0,1.0,10.0,,,1.0,1.0,7,10.0,10,1
2006-12-13,83592,,11,2,3841.0,14160C10,CTE,CARDIOTECH INTERNATIONAL INC,CTE,339112.0,A,A,R,31655,2,3841.0,,,,38.0,384.0,,,,,,,2.0701,0.009805,19832.0,1.0,2.03,41054.2232,CTE,10.0,5.0,6.0,6.0,6.0,1,10.0,10.0,3.0,3.0,6.0,5.0,6.0,,1.0,,7.0,5.0,6.0,10.0,9.0,2.0,1.0,1.0,3.0,7.0,,,,4.0,,,10.0,2.0,3.0,6.0,5.0,3.0,,1.0,1.0,1.0,10.0,1.0,10.0,1.0,10.0,,,1.0,1.0,7,10.0,10,1
2006-12-14,83592,,11,2,3841.0,14160C10,CTE,CARDIOTECH INTERNATIONAL INC,CTE,339112.0,A,A,R,31655,2,3841.0,,,,38.0,384.0,,,,,,,2.05,-0.00971,19832.0,1.0,2.07,40655.6,CTE,10.0,5.0,6.0,6.0,6.0,1,10.0,10.0,3.0,3.0,6.0,5.0,6.0,,1.0,,7.0,5.0,6.0,10.0,9.0,2.0,1.0,1.0,3.0,7.0,,,,4.0,,,10.0,2.0,3.0,6.0,5.0,3.0,,1.0,1.0,1.0,10.0,1.0,10.0,1.0,10.0,,,1.0,1.0,7,10.0,10,1
2006-12-15,83592,,11,2,3841.0,14160C10,CTE,CARDIOTECH INTERNATIONAL INC,CTE,339112.0,A,A,R,31655,2,3841.0,,,,38.0,384.0,,,,,,,2.02,-0.014634,19832.0,1.0,2.03,40060.64,CTE,10.0,5.0,6.0,6.0,6.0,1,10.0,10.0,3.0,3.0,6.0,5.0,6.0,,1.0,,7.0,5.0,6.0,10.0,9.0,2.0,1.0,1.0,3.0,7.0,,,,4.0,,,10.0,2.0,3.0,6.0,5.0,3.0,,1.0,1.0,1.0,10.0,1.0,10.0,1.0,10.0,,,1.0,1.0,7,10.0,10,1
2006-12-18,83592,,11,2,3841.0,14160C10,CTE,CARDIOTECH INTERNATIONAL INC,CTE,339112.0,A,A,R,31655,2,3841.0,,,,38.0,384.0,,,,,,,1.99,-0.014851,19832.0,1.0,2.01,39465.68,CTE,10.0,5.0,6.0,6.0,6.0,1,10.0,10.0,3.0,3.0,6.0,5.0,6.0,,1.0,,7.0,5.0,6.0,10.0,9.0,2.0,1.0,1.0,3.0,7.0,,,,4.0,,,10.0,2.0,3.0,6.0,5.0,3.0,,1.0,1.0,1.0,10.0,1.0,10.0,1.0,10.0,,,1.0,1.0,7,10.0,10,1
2006-12-19,83592,,11,2,3841.0,14160C10,CTE,CARDIOTECH INTERNATIONAL INC,CTE,339112.0,A,A,R,31655,2,3841.0,,,,38.0,384.0,,,,,,,1.92,-0.035176,19832.0,1.0,1.93,38077.44,CTE,10.0,5.0,6.0,6.0,6.0,1,10.0,10.0,3.0,3.0,6.0,5.0,6.0,,1.0,,7.0,5.0,6.0,10.0,9.0,2.0,1.0,1.0,3.0,7.0,,,,4.0,,,10.0,2.0,3.0,6.0,5.0,3.0,,1.0,1.0,1.0,10.0,1.0,10.0,1.0,10.0,,,1.0,1.0,7,10.0,10,1
2006-12-20,83592,,11,2,3841.0,14160C10,CTE,CARDIOTECH INTERNATIONAL INC,CTE,339112.0,A,A,R,31655,2,3841.0,,,,38.0,384.0,,,,,,,2.16,0.125,19832.0,1.0,1.94,42837.12,CTE,10.0,5.0,6.0,6.0,6.0,1,10.0,10.0,3.0,3.0,6.0,5.0,6.0,,1.0,,7.0,5.0,6.0,10.0,9.0,2.0,1.0,1.0,3.0,7.0,,,,4.0,,,10.0,2.0,3.0,6.0,5.0,3.0,,1.0,1.0,1.0,10.0,1.0,10.0,1.0,10.0,,,1.0,1.0,7,10.0,10,1
2006-12-21,83592,,11,2,3841.0,14160C10,CTE,CARDIOTECH INTERNATIONAL INC,CTE,339112.0,A,A,R,31655,2,3841.0,,,,38.0,384.0,,,,,,,2.2,0.018519,19832.0,1.0,2.2,43630.4,CTE,10.0,5.0,6.0,6.0,6.0,1,10.0,10.0,3.0,3.0,6.0,5.0,6.0,,1.0,,7.0,5.0,6.0,10.0,9.0,2.0,1.0,1.0,3.0,7.0,,,,4.0,,,10.0,2.0,3.0,6.0,5.0,3.0,,1.0,1.0,1.0,10.0,1.0,10.0,1.0,10.0,,,1.0,1.0,7,10.0,10,1
2006-12-22,83592,,11,2,3841.0,14160C10,CTE,CARDIOTECH INTERNATIONAL INC,CTE,339112.0,A,A,R,31655,2,3841.0,,,,38.0,384.0,,,,,,,2.05,-0.068182,19832.0,1.0,2.13,40655.6,CTE,10.0,5.0,6.0,6.0,6.0,1,10.0,10.0,3.0,3.0,6.0,5.0,6.0,,1.0,,7.0,5.0,6.0,10.0,9.0,2.0,1.0,1.0,3.0,7.0,,,,4.0,,,10.0,2.0,3.0,6.0,5.0,3.0,,1.0,1.0,1.0,10.0,1.0,10.0,1.0,10.0,,,1.0,1.0,7,10.0,10,1
2006-12-26,83592,,11,2,3841.0,14160C10,CTE,CARDIOTECH INTERNATIONAL INC,CTE,339112.0,A,A,R,31655,2,3841.0,,,,38.0,384.0,,,,,,,2.0,-0.02439,19832.0,1.0,2.05,39664.0,CTE,10.0,5.0,6.0,6.0,6.0,1,10.0,10.0,3.0,3.0,6.0,5.0,6.0,,1.0,,7.0,5.0,6.0,10.0,9.0,2.0,1.0,1.0,3.0,7.0,,,,4.0,,,10.0,2.0,3.0,6.0,5.0,3.0,,1.0,1.0,1.0,10.0,1.0,10.0,1.0,10.0,,,1.0,1.0,7,10.0,10,1
2006-12-27,83592,,11,2,3841.0,14160C10,CTE,CARDIOTECH INTERNATIONAL INC,CTE,339112.0,A,A,R,31655,2,3841.0,,,,38.0,384.0,,,,,,,2.0,0.0,19832.0,1.0,2.01,39664.0,CTE,10.0,5.0,6.0,6.0,6.0,1,10.0,10.0,3.0,3.0,6.0,5.0,6.0,,1.0,,7.0,5.0,6.0,10.0,9.0,2.0,1.0,1.0,3.0,7.0,,,,4.0,,,10.0,2.0,3.0,6.0,5.0,3.0,,1.0,1.0,1.0,10.0,1.0,10.0,1.0,10.0,,,1.0,1.0,7,10.0,10,1
2006-12-28,83592,,11,2,3841.0,14160C10,CTE,CARDIOTECH INTERNATIONAL INC,CTE,339112.0,A,A,R,31655,2,3841.0,,,,38.0,384.0,,,,,,,1.9,-0.05,19832.0,1.0,2.01,37680.8,CTE,10.0,5.0,6.0,6.0,6.0,1,10.0,10.0,3.0,3.0,6.0,5.0,6.0,,1.0,,7.0,5.0,6.0,10.0,9.0,2.0,1.0,1.0,3.0,7.0,,,,4.0,,,10.0,2.0,3.0,6.0,5.0,3.0,,1.0,1.0,1.0,10.0,1.0,10.0,1.0,10.0,,,1.0,1.0,7,10.0,10,1
2006-12-29,83592,,11,2,3841.0,14160C10,CTE,CARDIOTECH INTERNATIONAL INC,CTE,339112.0,A,A,R,31655,2,3841.0,,,,38.0,384.0,,,,,,,1.95,0.026316,19832.0,1.0,1.89,38672.4,CTE,10.0,5.0,6.0,6.0,6.0,1,10.0,10.0,3.0,3.0,6.0,5.0,6.0,,1.0,,7.0,5.0,6.0,10.0,9.0,2.0,1.0,1.0,3.0,7.0,,,,4.0,,,10.0,2.0,3.0,6.0,5.0,3.0,,1.0,1.0,1.0,10.0,1.0,10.0,1.0,10.0,,,1.0,1.0,7,10.0,10,1
2007-01-03,83592,,11,2,3841.0,14160C10,CTE,CARDIOTECH INTERNATIONAL INC,CTE,339112.0,A,A,R,31655,2,3841.0,,,,38.0,384.0,,,,,,,2.0999,0.076872,19832.0,1.0,1.99,41645.2168,CTE,10.0,5.0,6.0,6.0,6.0,1,10.0,10.0,3.0,3.0,6.0,5.0,6.0,,1.0,,7.0,5.0,6.0,10.0,9.0,2.0,1.0,1.0,3.0,7.0,,,,7.0,,,9.0,2.0,1.0,7.0,5.0,3.0,,1.0,1.0,1.0,9.0,1.0,10.0,10.0,10.0,,,1.0,1.0,7,10.0,10,1
2007-01-04,83592,,11,2,3841.0,14160C10,CTE,CARDIOTECH INTERNATIONAL INC,CTE,339112.0,A,A,R,31655,2,3841.0,,,,38.0,384.0,,,,,,,2.04,-0.028525,19832.0,1.0,2.1,40457.28,CTE,10.0,5.0,6.0,6.0,6.0,1,10.0,10.0,3.0,3.0,6.0,5.0,6.0,,1.0,,7.0,5.0,6.0,10.0,9.0,2.0,1.0,1.0,3.0,7.0,,,,7.0,,,9.0,2.0,1.0,7.0,5.0,3.0,,1.0,1.0,1.0,9.0,1.0,10.0,10.0,10.0,,,1.0,1.0,7,10.0,10,1
2007-01-05,83592,,11,2,3841.0,14160C10,CTE,CARDIOTECH INTERNATIONAL INC,CTE,339112.0,A,A,R,31655,2,3841.0,,,,38.0,384.0,,,,,,,2.08,0.019608,19832.0,1.0,2.08,41250.56,CTE,10.0,5.0,6.0,6.0,6.0,1,10.0,10.0,3.0,3.0,6.0,5.0,6.0,,1.0,,7.0,5.0,6.0,10.0,9.0,2.0,1.0,1.0,3.0,7.0,,,,7.0,,,9.0,2.0,1.0,7.0,5.0,3.0,,1.0,1.0,1.0,9.0,1.0,10.0,10.0,10.0,,,1.0,1.0,7,10.0,10,1
2007-01-08,83592,,11,2,3841.0,14160C10,CTE,CARDIOTECH INTERNATIONAL INC,CTE,339112.0,A,A,R,31655,2,3841.0,,,,38.0,384.0,,,,,,,2.14,0.028846,19832.0,1.0,2.13,42440.48,CTE,10.0,5.0,6.0,6.0,6.0,1,10.0,10.0,3.0,3.0,6.0,5.0,6.0,,1.0,,7.0,5.0,6.0,10.0,9.0,2.0,1.0,1.0,3.0,7.0,,,,7.0,,,9.0,2.0,1.0,7.0,5.0,3.0,,1.0,1.0,1.0,9.0,1.0,10.0,10.0,10.0,,,1.0,1.0,7,10.0,10,1
2007-01-09,83592,,11,2,3841.0,14160C10,CTE,CARDIOTECH INTERNATIONAL INC,CTE,339112.0,A,A,R,31655,2,3841.0,,,,38.0,384.0,,,,,,,2.15,0.004673,19832.0,1.0,2.14,42638.8,CTE,10.0,5.0,6.0,6.0,6.0,1,10.0,10.0,3.0,3.0,6.0,5.0,6.0,,1.0,,7.0,5.0,6.0,10.0,9.0,2.0,1.0,1.0,3.0,7.0,,,,7.0,,,9.0,2.0,1.0,7.0,5.0,3.0,,1.0,1.0,1.0,9.0,1.0,10.0,10.0,10.0,,,1.0,1.0,7,10.0,10,1
2007-01-10,83592,,11,2,3841.0,14160C10,CTE,CARDIOTECH INTERNATIONAL INC,CTE,339112.0,A,A,R,31655,2,3841.0,,,,38.0,384.0,,,,,,,2.09,-0.027907,19832.0,1.0,2.14,41448.88,CTE,10.0,5.0,6.0,6.0,6.0,1,10.0,10.0,3.0,3.0,6.0,5.0,6.0,,1.0,,7.0,5.0,6.0,10.0,9.0,2.0,1.0,1.0,3.0,7.0,,,,7.0,,,9.0,2.0,1.0,7.0,5.0,3.0,,1.0,1.0,1.0,9.0,1.0,10.0,10.0,10.0,,,1.0,1.0,7,10.0,10,1
2007-01-11,83592,,11,2,3841.0,14160C10,CTE,CARDIOTECH INTERNATIONAL INC,CTE,339112.0,A,A,R,31655,2,3841.0,,,,38.0,384.0,,,,,,,2.05,-0.019139,19832.0,1.0,2.12,40655.6,CTE,10.0,5.0,6.0,6.0,6.0,1,10.0,10.0,3.0,3.0,6.0,5.0,6.0,,1.0,,7.0,5.0,6.0,10.0,9.0,2.0,1.0,1.0,3.0,7.0,,,,7.0,,,9.0,2.0,1.0,7.0,5.0,3.0,,1.0,1.0,1.0,9.0,1.0,10.0,10.0,10.0,,,1.0,1.0,7,10.0,10,1
2007-01-12,83592,,11,2,3841.0,14160C10,CTE,CARDIOTECH INTERNATIONAL INC,CTE,339112.0,A,A,R,31655,2,3841.0,,,,38.0,384.0,,,,,,,2.0,-0.02439,19832.0,1.0,2.07,39664.0,CTE,10.0,5.0,6.0,6.0,6.0,1,10.0,10.0,3.0,3.0,6.0,5.0,6.0,,1.0,,7.0,5.0,6.0,10.0,9.0,2.0,1.0,1.0,3.0,7.0,,,,7.0,,,9.0,2.0,1.0,7.0,5.0,3.0,,1.0,1.0,1.0,9.0,1.0,10.0,10.0,10.0,,,1.0,1.0,7,10.0,10,1
2007-01-16,83592,,11,2,3841.0,14160C10,CTE,CARDIOTECH INTERNATIONAL INC,CTE,339112.0,A,A,R,31655,2,3841.0,,,,38.0,384.0,,,,,,,2.0,0.0,19832.0,1.0,1.98,39664.0,CTE,10.0,5.0,6.0,6.0,6.0,1,10.0,10.0,3.0,3.0,6.0,5.0,6.0,,1.0,,7.0,5.0,6.0,10.0,9.0,2.0,1.0,1.0,3.0,7.0,,,,7.0,,,9.0,2.0,1.0,7.0,5.0,3.0,,1.0,1.0,1.0,9.0,1.0,10.0,10.0,10.0,,,1.0,1.0,7,10.0,10,1
2007-01-17,83592,,11,2,3841.0,14160C10,CTE,CARDIOTECH INTERNATIONAL INC,CTE,339112.0,A,A,R,31655,2,3841.0,,,,38.0,384.0,,,,,,,1.95,-0.025,19832.0,1.0,1.99,38672.4,CTE,10.0,5.0,6.0,6.0,6.0,1,10.0,10.0,3.0,3.0,6.0,5.0,6.0,,1.0,,7.0,5.0,6.0,10.0,9.0,2.0,1.0,1.0,3.0,7.0,,,,7.0,,,9.0,2.0,1.0,7.0,5.0,3.0,,1.0,1.0,1.0,9.0,1.0,10.0,10.0,10.0,,,1.0,1.0,7,10.0,10,1
2007-01-18,83592,,11,2,3841.0,14160C10,CTE,CARDIOTECH INTERNATIONAL INC,CTE,339112.0,A,A,R,31655,2,3841.0,,,,38.0,384.0,,,,,,,1.9,-0.025641,19832.0,1.0,1.94,37680.8,CTE,10.0,5.0,6.0,6.0,6.0,1,10.0,10.0,3.0,3.0,6.0,5.0,6.0,,1.0,,7.0,5.0,6.0,10.0,9.0,2.0,1.0,1.0,3.0,7.0,,,,7.0,,,9.0,2.0,1.0,7.0,5.0,3.0,,1.0,1.0,1.0,9.0,1.0,10.0,10.0,10.0,,,1.0,1.0,7,10.0,10,1
2007-01-19,83592,,11,2,3841.0,14160C10,CTE,CARDIOTECH INTERNATIONAL INC,CTE,339112.0,A,A,R,31655,2,3841.0,,,,38.0,384.0,,,,,,,1.92,0.010526,19832.0,1.0,1.9,38077.44,CTE,10.0,5.0,6.0,6.0,6.0,1,10.0,10.0,3.0,3.0,6.0,5.0,6.0,,1.0,,7.0,5.0,6.0,10.0,9.0,2.0,1.0,1.0,3.0,7.0,,,,7.0,,,9.0,2.0,1.0,7.0,5.0,3.0,,1.0,1.0,1.0,9.0,1.0,10.0,10.0,10.0,,,1.0,1.0,7,10.0,10,1
2007-01-22,83592,,11,2,3841.0,14160C10,CTE,CARDIOTECH INTERNATIONAL INC,CTE,339112.0,A,A,R,31655,2,3841.0,,,,38.0,384.0,,,,,,,1.89,-0.015625,19832.0,1.0,1.91,37482.48,CTE,10.0,5.0,6.0,6.0,6.0,1,10.0,10.0,3.0,3.0,6.0,5.0,6.0,,1.0,,7.0,5.0,6.0,10.0,9.0,2.0,1.0,1.0,3.0,7.0,,,,7.0,,,9.0,2.0,1.0,7.0,5.0,3.0,,1.0,1.0,1.0,9.0,1.0,10.0,10.0,10.0,,,1.0,1.0,7,10.0,10,1
2007-01-23,83592,,11,2,3841.0,14160C10,CTE,CARDIOTECH INTERNATIONAL INC,CTE,339112.0,A,A,R,31655,2,3841.0,,,,38.0,384.0,,,,,,,1.85,-0.021164,19832.0,1.0,1.85,36689.2,CTE,10.0,5.0,6.0,6.0,6.0,1,10.0,10.0,3.0,3.0,6.0,5.0,6.0,,1.0,,7.0,5.0,6.0,10.0,9.0,2.0,1.0,1.0,3.0,7.0,,,,7.0,,,9.0,2.0,1.0,7.0,5.0,3.0,,1.0,1.0,1.0,9.0,1.0,10.0,10.0,10.0,,,1.0,1.0,7,10.0,10,1
2007-01-24,83592,,11,2,3841.0,14160C10,CTE,CARDIOTECH INTERNATIONAL INC,CTE,339112.0,A,A,R,31655,2,3841.0,,,,38.0,384.0,,,,,,,1.8,-0.027027,19832.0,1.0,1.84,35697.6,CTE,10.0,5.0,6.0,6.0,6.0,1,10.0,10.0,3.0,3.0,6.0,5.0,6.0,,1.0,,7.0,5.0,6.0,10.0,9.0,2.0,1.0,1.0,3.0,7.0,,,,7.0,,,9.0,2.0,1.0,7.0,5.0,3.0,,1.0,1.0,1.0,9.0,1.0,10.0,10.0,10.0,,,1.0,1.0,7,10.0,10,1
2007-01-25,83592,,11,2,3841.0,14160C10,CTE,CARDIOTECH INTERNATIONAL INC,CTE,339112.0,A,A,R,31655,2,3841.0,,,,38.0,384.0,,,,,,,1.81,0.005556,19832.0,1.0,1.85,35895.92,CTE,10.0,5.0,6.0,6.0,6.0,1,10.0,10.0,3.0,3.0,6.0,5.0,6.0,,1.0,,7.0,5.0,6.0,10.0,9.0,2.0,1.0,1.0,3.0,7.0,,,,7.0,,,9.0,2.0,1.0,7.0,5.0,3.0,,1.0,1.0,1.0,9.0,1.0,10.0,10.0,10.0,,,1.0,1.0,7,10.0,10,1
2007-01-26,83592,,11,2,3841.0,14160C10,CTE,CARDIOTECH INTERNATIONAL INC,CTE,339112.0,A,A,R,31655,2,3841.0,,,,38.0,384.0,,,,,,,1.67,-0.077348,19832.0,1.0,1.81,33119.44,CTE,10.0,5.0,6.0,6.0,6.0,1,10.0,10.0,3.0,3.0,6.0,5.0,6.0,,1.0,,7.0,5.0,6.0,10.0,9.0,2.0,1.0,1.0,3.0,7.0,,,,7.0,,,9.0,2.0,1.0,7.0,5.0,3.0,,1.0,1.0,1.0,9.0,1.0,10.0,10.0,10.0,,,1.0,1.0,7,10.0,10,1
2007-01-29,83592,,11,2,3841.0,14160C10,CTE,CARDIOTECH INTERNATIONAL INC,CTE,339112.0,A,A,R,31655,2,3841.0,,,,38.0,384.0,,,,,,,1.76,0.053892,19832.0,1.0,1.7,34904.32,CTE,10.0,5.0,6.0,6.0,6.0,1,10.0,10.0,3.0,3.0,6.0,5.0,6.0,,1.0,,7.0,5.0,6.0,10.0,9.0,2.0,1.0,1.0,3.0,7.0,,,,7.0,,,9.0,2.0,1.0,7.0,5.0,3.0,,1.0,1.0,1.0,9.0,1.0,10.0,10.0,10.0,,,1.0,1.0,7,10.0,10,1
2007-01-30,83592,,11,2,3841.0,14160C10,CTE,CARDIOTECH INTERNATIONAL INC,CTE,339112.0,A,A,R,31655,2,3841.0,,,,38.0,384.0,,,,,,,1.82,0.034091,19832.0,1.0,1.71,36094.24,CTE,10.0,5.0,6.0,6.0,6.0,1,10.0,10.0,3.0,3.0,6.0,5.0,6.0,,1.0,,7.0,5.0,6.0,10.0,9.0,2.0,1.0,1.0,3.0,7.0,,,,7.0,,,9.0,2.0,1.0,7.0,5.0,3.0,,1.0,1.0,1.0,9.0,1.0,10.0,10.0,10.0,,,1.0,1.0,7,10.0,10,1
2007-01-31,83592,,11,2,3841.0,14160C10,CTE,CARDIOTECH INTERNATIONAL INC,CTE,339112.0,A,A,R,31655,2,3841.0,,,,38.0,384.0,,,,,,,1.88,0.032967,19832.0,1.0,1.84,37284.16,CTE,10.0,5.0,6.0,6.0,6.0,1,10.0,10.0,3.0,3.0,6.0,5.0,6.0,,1.0,,7.0,5.0,6.0,10.0,9.0,2.0,1.0,1.0,3.0,7.0,,,,7.0,,,9.0,2.0,1.0,7.0,5.0,3.0,,1.0,1.0,1.0,9.0,1.0,10.0,10.0,10.0,,,1.0,1.0,7,10.0,10,1
2007-02-01,83592,,11,2,3841.0,14160C10,CTE,CARDIOTECH INTERNATIONAL INC,CTE,339112.0,A,A,R,31655,2,3841.0,,,,38.0,384.0,,,,,,,1.86,-0.010638,19832.0,1.0,1.89,36887.52,CTE,10.0,5.0,6.0,6.0,6.0,1,10.0,10.0,3.0,3.0,6.0,5.0,6.0,,1.0,,7.0,5.0,6.0,10.0,9.0,2.0,1.0,1.0,3.0,7.0,,,,6.0,,,9.0,1.0,2.0,3.0,5.0,3.0,,1.0,1.0,1.0,9.0,1.0,10.0,1.0,10.0,,,1.0,1.0,7,10.0,10,1
2007-02-02,83592,,11,2,3841.0,14160C10,CTE,CARDIOTECH INTERNATIONAL INC,CTE,339112.0,A,A,R,31655,2,3841.0,,,,38.0,384.0,,,,,,,1.8,-0.032258,19832.0,1.0,1.87,35697.6,CTE,10.0,5.0,6.0,6.0,6.0,1,10.0,10.0,3.0,3.0,6.0,5.0,6.0,,1.0,,7.0,5.0,6.0,10.0,9.0,2.0,1.0,1.0,3.0,7.0,,,,6.0,,,9.0,1.0,2.0,3.0,5.0,3.0,,1.0,1.0,1.0,9.0,1.0,10.0,1.0,10.0,,,1.0,1.0,7,10.0,10,1
2007-02-05,83592,,11,2,3841.0,14160C10,CTE,CARDIOTECH INTERNATIONAL INC,CTE,339112.0,A,A,R,31655,2,3841.0,,,,38.0,384.0,,,,,,,1.79,-0.005556,19832.0,1.0,1.8,35499.28,CTE,10.0,5.0,6.0,6.0,6.0,1,10.0,10.0,3.0,3.0,6.0,5.0,6.0,,1.0,,7.0,5.0,6.0,10.0,9.0,2.0,1.0,1.0,3.0,7.0,,,,6.0,,,9.0,1.0,2.0,3.0,5.0,3.0,,1.0,1.0,1.0,9.0,1.0,10.0,1.0,10.0,,,1.0,1.0,7,10.0,10,1
2007-02-06,83592,,11,2,3841.0,14160C10,CTE,CARDIOTECH INTERNATIONAL INC,CTE,339112.0,A,A,R,31655,2,3841.0,,,,38.0,384.0,,,,,,,1.72,-0.039106,19832.0,1.0,1.79,34111.04,CTE,10.0,5.0,6.0,6.0,6.0,1,10.0,10.0,3.0,3.0,6.0,5.0,6.0,,1.0,,7.0,5.0,6.0,10.0,9.0,2.0,1.0,1.0,3.0,7.0,,,,6.0,,,9.0,1.0,2.0,3.0,5.0,3.0,,1.0,1.0,1.0,9.0,1.0,10.0,1.0,10.0,,,1.0,1.0,7,10.0,10,1
2007-02-07,83592,,11,2,3841.0,14160C10,CTE,CARDIOTECH INTERNATIONAL INC,CTE,339112.0,A,A,R,31655,2,3841.0,,,,38.0,384.0,,,,,,,1.75,0.017442,19832.0,1.0,1.71,34706.0,CTE,10.0,5.0,6.0,6.0,6.0,1,10.0,10.0,3.0,3.0,6.0,5.0,6.0,,1.0,,7.0,5.0,6.0,10.0,9.0,2.0,1.0,1.0,3.0,7.0,,,,6.0,,,9.0,1.0,2.0,3.0,5.0,3.0,,1.0,1.0,1.0,9.0,1.0,10.0,1.0,10.0,,,1.0,1.0,7,10.0,10,1
2007-02-08,83592,,11,2,3841.0,14160C10,CTE,CARDIOTECH INTERNATIONAL INC,CTE,339112.0,A,A,R,31655,2,3841.0,,,,38.0,384.0,,,,,,,1.74,-0.005714,19832.0,1.0,1.74,34507.68,CTE,10.0,5.0,6.0,6.0,6.0,1,10.0,10.0,3.0,3.0,6.0,5.0,6.0,,1.0,,7.0,5.0,6.0,10.0,9.0,2.0,1.0,1.0,3.0,7.0,,,,6.0,,,9.0,1.0,2.0,3.0,5.0,3.0,,1.0,1.0,1.0,9.0,1.0,10.0,1.0,10.0,,,1.0,1.0,7,10.0,10,1
2007-02-09,83592,,11,2,3841.0,14160C10,CTE,CARDIOTECH INTERNATIONAL INC,CTE,339112.0,A,A,R,31655,2,3841.0,,,,38.0,384.0,,,,,,,1.75,0.005747,19832.0,1.0,1.81,34706.0,CTE,10.0,5.0,6.0,6.0,6.0,1,10.0,10.0,3.0,3.0,6.0,5.0,6.0,,1.0,,7.0,5.0,6.0,10.0,9.0,2.0,1.0,1.0,3.0,7.0,,,,6.0,,,9.0,1.0,2.0,3.0,5.0,3.0,,1.0,1.0,1.0,9.0,1.0,10.0,1.0,10.0,,,1.0,1.0,7,10.0,10,1
2007-02-12,83592,,11,2,3841.0,14160C10,CTE,CARDIOTECH INTERNATIONAL INC,CTE,339112.0,A,A,R,31655,2,3841.0,,,,38.0,384.0,,,,,,,1.66,-0.051429,19832.0,1.0,1.71,32921.12,CTE,10.0,5.0,6.0,6.0,6.0,1,10.0,10.0,3.0,3.0,6.0,5.0,6.0,,1.0,,7.0,5.0,6.0,10.0,9.0,2.0,1.0,1.0,3.0,7.0,,,,6.0,,,9.0,1.0,2.0,3.0,5.0,3.0,,1.0,1.0,1.0,9.0,1.0,10.0,1.0,10.0,,,1.0,1.0,7,10.0,10,1
2007-02-13,83592,,11,2,3841.0,14160C10,CTE,CARDIOTECH INTERNATIONAL INC,CTE,339112.0,A,A,R,31655,2,3841.0,,,,38.0,384.0,,,,,,,1.65,-0.006024,19832.0,1.0,1.68,32722.8,CTE,10.0,5.0,6.0,6.0,6.0,1,10.0,10.0,3.0,3.0,6.0,5.0,6.0,,1.0,,7.0,5.0,6.0,10.0,9.0,2.0,1.0,1.0,3.0,7.0,,,,6.0,,,9.0,1.0,2.0,3.0,5.0,3.0,,1.0,1.0,1.0,9.0,1.0,10.0,1.0,10.0,,,1.0,1.0,7,10.0,10,1
2007-02-14,83592,,11,2,3841.0,14160C10,CTE,CARDIOTECH INTERNATIONAL INC,CTE,339112.0,A,A,R,31655,2,3841.0,,,,38.0,384.0,,,,,,,1.65,0.0,19832.0,1.0,1.65,32722.8,CTE,10.0,5.0,6.0,6.0,6.0,1,10.0,10.0,3.0,3.0,6.0,5.0,6.0,,1.0,,7.0,5.0,6.0,10.0,9.0,2.0,1.0,1.0,3.0,7.0,,,,6.0,,,9.0,1.0,2.0,3.0,5.0,3.0,,1.0,1.0,1.0,9.0,1.0,10.0,1.0,10.0,,,1.0,1.0,7,10.0,10,1
2007-02-15,83592,,11,2,3841.0,14160C10,CTE,CARDIOTECH INTERNATIONAL INC,CTE,339112.0,A,A,R,31655,2,3841.0,,,,38.0,384.0,,,,,,,1.64,-0.006061,19832.0,1.0,1.63,32524.48,CTE,10.0,5.0,6.0,6.0,6.0,1,10.0,10.0,3.0,3.0,6.0,5.0,6.0,,1.0,,7.0,5.0,6.0,10.0,9.0,2.0,1.0,1.0,3.0,7.0,,,,6.0,,,9.0,1.0,2.0,3.0,5.0,3.0,,1.0,1.0,1.0,9.0,1.0,10.0,1.0,10.0,,,1.0,1.0,7,10.0,10,1
2007-02-16,83592,,11,2,3841.0,14160C10,CTE,CARDIOTECH INTERNATIONAL INC,CTE,339112.0,A,A,R,31655,2,3841.0,,,,38.0,384.0,,,,,,,1.61,-0.018293,19832.0,1.0,1.64,31929.52,CTE,10.0,5.0,6.0,6.0,6.0,1,10.0,10.0,3.0,3.0,6.0,5.0,6.0,,1.0,,7.0,5.0,6.0,10.0,9.0,2.0,1.0,1.0,3.0,7.0,,,,6.0,,,9.0,1.0,2.0,3.0,5.0,3.0,,1.0,1.0,1.0,9.0,1.0,10.0,1.0,10.0,,,1.0,1.0,7,10.0,10,1
2007-02-20,83592,,11,2,3841.0,14160C10,CTE,CARDIOTECH INTERNATIONAL INC,CTE,339112.0,A,A,R,31655,2,3841.0,,,,38.0,384.0,,,,,,,1.6399,0.018571,19832.0,1.0,1.61,32522.4968,CTE,10.0,5.0,6.0,6.0,6.0,1,10.0,10.0,3.0,3.0,6.0,5.0,6.0,,1.0,,7.0,5.0,6.0,10.0,9.0,2.0,1.0,1.0,3.0,7.0,,,,6.0,,,9.0,1.0,2.0,3.0,5.0,3.0,,1.0,1.0,1.0,9.0,1.0,10.0,1.0,10.0,,,1.0,1.0,7,10.0,10,1
2007-02-21,83592,,11,2,3841.0,14160C10,CTE,CARDIOTECH INTERNATIONAL INC,CTE,339112.0,A,A,R,31655,2,3841.0,,,,38.0,384.0,,,,,,,1.6,-0.024331,19832.0,1.0,1.63,31731.2,CTE,10.0,5.0,6.0,6.0,6.0,1,10.0,10.0,3.0,3.0,6.0,5.0,6.0,,1.0,,7.0,5.0,6.0,10.0,9.0,2.0,1.0,1.0,3.0,7.0,,,,6.0,,,9.0,1.0,2.0,3.0,5.0,3.0,,1.0,1.0,1.0,9.0,1.0,10.0,1.0,10.0,,,1.0,1.0,7,10.0,10,1
2007-02-22,83592,,11,2,3841.0,14160C10,CTE,CARDIOTECH INTERNATIONAL INC,CTE,339112.0,A,A,R,31655,2,3841.0,,,,38.0,384.0,,,,,,,1.65,0.03125,19832.0,1.0,1.62,32722.8,CTE,10.0,5.0,6.0,6.0,6.0,1,10.0,10.0,3.0,3.0,6.0,5.0,6.0,,1.0,,7.0,5.0,6.0,10.0,9.0,2.0,1.0,1.0,3.0,7.0,,,,6.0,,,9.0,1.0,2.0,3.0,5.0,3.0,,1.0,1.0,1.0,9.0,1.0,10.0,1.0,10.0,,,1.0,1.0,7,10.0,10,1
2007-02-23,83592,,11,2,3841.0,14160C10,CTE,CARDIOTECH INTERNATIONAL INC,CTE,339112.0,A,A,R,31655,2,3841.0,,,,38.0,384.0,,,,,,,1.6,-0.030303,19832.0,1.0,1.65,31731.2,CTE,10.0,5.0,6.0,6.0,6.0,1,10.0,10.0,3.0,3.0,6.0,5.0,6.0,,1.0,,7.0,5.0,6.0,10.0,9.0,2.0,1.0,1.0,3.0,7.0,,,,6.0,,,9.0,1.0,2.0,3.0,5.0,3.0,,1.0,1.0,1.0,9.0,1.0,10.0,1.0,10.0,,,1.0,1.0,7,10.0,10,1
2007-02-26,83592,,11,2,3841.0,14160C10,CTE,CARDIOTECH INTERNATIONAL INC,CTE,339112.0,A,A,R,31655,2,3841.0,,,,38.0,384.0,,,,,,,1.58,-0.0125,19832.0,1.0,1.6,31334.56,CTE,10.0,5.0,6.0,6.0,6.0,1,10.0,10.0,3.0,3.0,6.0,5.0,6.0,,1.0,,7.0,5.0,6.0,10.0,9.0,2.0,1.0,1.0,3.0,7.0,,,,6.0,,,9.0,1.0,2.0,3.0,5.0,3.0,,1.0,1.0,1.0,9.0,1.0,10.0,1.0,10.0,,,1.0,1.0,7,10.0,10,1
2007-02-27,83592,,11,2,3841.0,14160C10,CTE,CARDIOTECH INTERNATIONAL INC,CTE,339112.0,A,A,R,31655,2,3841.0,,,,38.0,384.0,,,,,,,1.55,-0.018987,19832.0,1.0,1.56,30739.6,CTE,10.0,5.0,6.0,6.0,6.0,1,10.0,10.0,3.0,3.0,6.0,5.0,6.0,,1.0,,7.0,5.0,6.0,10.0,9.0,2.0,1.0,1.0,3.0,7.0,,,,6.0,,,9.0,1.0,2.0,3.0,5.0,3.0,,1.0,1.0,1.0,9.0,1.0,10.0,1.0,10.0,,,1.0,1.0,7,10.0,10,1
2007-02-28,83592,,11,2,3841.0,14160C10,CTE,CARDIOTECH INTERNATIONAL INC,CTE,339112.0,A,A,R,31655,2,3841.0,,,,38.0,384.0,,,,,,,1.54,-0.006452,20010.0,1.0,1.52,30815.4,CTE,10.0,5.0,6.0,6.0,6.0,1,10.0,10.0,3.0,3.0,6.0,5.0,6.0,,1.0,,7.0,5.0,6.0,10.0,9.0,2.0,1.0,1.0,3.0,7.0,,,,6.0,,,9.0,1.0,2.0,3.0,5.0,3.0,,1.0,1.0,1.0,9.0,1.0,10.0,1.0,10.0,,,1.0,1.0,7,10.0,10,1
2007-03-01,83592,,11,2,3841.0,14160C10,CTE,CARDIOTECH INTERNATIONAL INC,CTE,339112.0,A,A,R,31655,2,3841.0,,,,38.0,384.0,,,,,,,1.5,-0.025974,20010.0,1.0,1.47,30015.0,CTE,10.0,5.0,6.0,6.0,6.0,1,10.0,10.0,3.0,3.0,6.0,5.0,6.0,,1.0,,7.0,5.0,6.0,10.0,9.0,2.0,1.0,1.0,3.0,7.0,,,,4.0,,,10.0,1.0,1.0,4.0,6.0,4.0,,1.0,1.0,1.0,10.0,1.0,10.0,1.0,10.0,,,1.0,1.0,7,10.0,10,1
2007-03-02,83592,,11,2,3841.0,14160C10,CTE,CARDIOTECH INTERNATIONAL INC,CTE,339112.0,A,A,R,31655,2,3841.0,,,,38.0,384.0,,,,,,,1.54,0.026667,20010.0,1.0,1.52,30815.4,CTE,10.0,5.0,6.0,6.0,6.0,1,10.0,10.0,3.0,3.0,6.0,5.0,6.0,,1.0,,7.0,5.0,6.0,10.0,9.0,2.0,1.0,1.0,3.0,7.0,,,,4.0,,,10.0,1.0,1.0,4.0,6.0,4.0,,1.0,1.0,1.0,10.0,1.0,10.0,1.0,10.0,,,1.0,1.0,7,10.0,10,1
2007-03-05,83592,,11,2,3841.0,14160C10,CTE,CARDIOTECH INTERNATIONAL INC,CTE,339112.0,A,A,R,31655,2,3841.0,,,,38.0,384.0,,,,,,,1.42,-0.077922,20010.0,1.0,1.52,28414.2,CTE,10.0,5.0,6.0,6.0,6.0,1,10.0,10.0,3.0,3.0,6.0,5.0,6.0,,1.0,,7.0,5.0,6.0,10.0,9.0,2.0,1.0,1.0,3.0,7.0,,,,4.0,,,10.0,1.0,1.0,4.0,6.0,4.0,,1.0,1.0,1.0,10.0,1.0,10.0,1.0,10.0,,,1.0,1.0,7,10.0,10,1
2007-03-06,83592,,11,2,3841.0,14160C10,CTE,CARDIOTECH INTERNATIONAL INC,CTE,339112.0,A,A,R,31655,2,3841.0,,,,38.0,384.0,,,,,,,1.45,0.021127,20010.0,1.0,1.6,29014.5,CTE,10.0,5.0,6.0,6.0,6.0,1,10.0,10.0,3.0,3.0,6.0,5.0,6.0,,1.0,,7.0,5.0,6.0,10.0,9.0,2.0,1.0,1.0,3.0,7.0,,,,4.0,,,10.0,1.0,1.0,4.0,6.0,4.0,,1.0,1.0,1.0,10.0,1.0,10.0,1.0,10.0,,,1.0,1.0,7,10.0,10,1
2007-03-07,83592,,11,2,3841.0,14160C10,CTE,CARDIOTECH INTERNATIONAL INC,CTE,339112.0,A,A,R,31655,2,3841.0,,,,38.0,384.0,,,,,,,1.53,0.055172,20010.0,1.0,1.47,30615.3,CTE,10.0,5.0,6.0,6.0,6.0,1,10.0,10.0,3.0,3.0,6.0,5.0,6.0,,1.0,,7.0,5.0,6.0,10.0,9.0,2.0,1.0,1.0,3.0,7.0,,,,4.0,,,10.0,1.0,1.0,4.0,6.0,4.0,,1.0,1.0,1.0,10.0,1.0,10.0,1.0,10.0,,,1.0,1.0,7,10.0,10,1
2007-03-08,83592,,11,2,3841.0,14160C10,CTE,CARDIOTECH INTERNATIONAL INC,CTE,339112.0,A,A,R,31655,2,3841.0,,,,38.0,384.0,,,,,,,1.46,-0.045752,20010.0,1.0,1.5,29214.6,CTE,10.0,5.0,6.0,6.0,6.0,1,10.0,10.0,3.0,3.0,6.0,5.0,6.0,,1.0,,7.0,5.0,6.0,10.0,9.0,2.0,1.0,1.0,3.0,7.0,,,,4.0,,,10.0,1.0,1.0,4.0,6.0,4.0,,1.0,1.0,1.0,10.0,1.0,10.0,1.0,10.0,,,1.0,1.0,7,10.0,10,1
2007-03-09,83592,,11,2,3841.0,14160C10,CTE,CARDIOTECH INTERNATIONAL INC,CTE,339112.0,A,A,R,31655,2,3841.0,,,,38.0,384.0,,,,,,,1.46,0.0,20010.0,1.0,1.46,29214.6,CTE,10.0,5.0,6.0,6.0,6.0,1,10.0,10.0,3.0,3.0,6.0,5.0,6.0,,1.0,,7.0,5.0,6.0,10.0,9.0,2.0,1.0,1.0,3.0,7.0,,,,4.0,,,10.0,1.0,1.0,4.0,6.0,4.0,,1.0,1.0,1.0,10.0,1.0,10.0,1.0,10.0,,,1.0,1.0,7,10.0,10,1
2007-03-12,83592,,11,2,3841.0,14160C10,CTE,CARDIOTECH INTERNATIONAL INC,CTE,339112.0,A,A,R,31655,2,3841.0,,,,38.0,384.0,,,,,,,1.48,0.013699,20010.0,1.0,1.48,29614.8,CTE,10.0,5.0,6.0,6.0,6.0,1,10.0,10.0,3.0,3.0,6.0,5.0,6.0,,1.0,,7.0,5.0,6.0,10.0,9.0,2.0,1.0,1.0,3.0,7.0,,,,4.0,,,10.0,1.0,1.0,4.0,6.0,4.0,,1.0,1.0,1.0,10.0,1.0,10.0,1.0,10.0,,,1.0,1.0,7,10.0,10,1
2007-03-13,83592,,11,2,3841.0,14160C10,CTE,CARDIOTECH INTERNATIONAL INC,CTE,339112.0,A,A,R,31655,2,3841.0,,,,38.0,384.0,,,,,,,1.49,0.006757,20010.0,1.0,1.47,29814.9,CTE,10.0,5.0,6.0,6.0,6.0,1,10.0,10.0,3.0,3.0,6.0,5.0,6.0,,1.0,,7.0,5.0,6.0,10.0,9.0,2.0,1.0,1.0,3.0,7.0,,,,4.0,,,10.0,1.0,1.0,4.0,6.0,4.0,,1.0,1.0,1.0,10.0,1.0,10.0,1.0,10.0,,,1.0,1.0,7,10.0,10,1
2007-03-14,83592,,11,2,3841.0,14160C10,CTE,CARDIOTECH INTERNATIONAL INC,CTE,339112.0,A,A,R,31655,2,3841.0,,,,38.0,384.0,,,,,,,1.43,-0.040268,20010.0,1.0,1.48,28614.3,CTE,10.0,5.0,6.0,6.0,6.0,1,10.0,10.0,3.0,3.0,6.0,5.0,6.0,,1.0,,7.0,5.0,6.0,10.0,9.0,2.0,1.0,1.0,3.0,7.0,,,,4.0,,,10.0,1.0,1.0,4.0,6.0,4.0,,1.0,1.0,1.0,10.0,1.0,10.0,1.0,10.0,,,1.0,1.0,7,10.0,10,1
2007-03-15,83592,,11,2,3841.0,14160C10,CTE,CARDIOTECH INTERNATIONAL INC,CTE,339112.0,A,A,R,31655,2,3841.0,,,,38.0,384.0,,,,,,,1.4,-0.020979,20010.0,1.0,1.43,28014.0,CTE,10.0,5.0,6.0,6.0,6.0,1,10.0,10.0,3.0,3.0,6.0,5.0,6.0,,1.0,,7.0,5.0,6.0,10.0,9.0,2.0,1.0,1.0,3.0,7.0,,,,4.0,,,10.0,1.0,1.0,4.0,6.0,4.0,,1.0,1.0,1.0,10.0,1.0,10.0,1.0,10.0,,,1.0,1.0,7,10.0,10,1
2007-03-16,83592,,11,2,3841.0,14160C10,CTE,CARDIOTECH INTERNATIONAL INC,CTE,339112.0,A,A,R,31655,2,3841.0,,,,38.0,384.0,,,,,,,1.33,-0.05,20010.0,1.0,1.4,26613.3,CTE,10.0,5.0,6.0,6.0,6.0,1,10.0,10.0,3.0,3.0,6.0,5.0,6.0,,1.0,,7.0,5.0,6.0,10.0,9.0,2.0,1.0,1.0,3.0,7.0,,,,4.0,,,10.0,1.0,1.0,4.0,6.0,4.0,,1.0,1.0,1.0,10.0,1.0,10.0,1.0,10.0,,,1.0,1.0,7,10.0,10,1
2007-03-19,83592,,11,2,3841.0,14160C10,CTE,CARDIOTECH INTERNATIONAL INC,CTE,339112.0,A,A,R,31655,2,3841.0,,,,38.0,384.0,,,,,,,1.35,0.015038,20010.0,1.0,1.33,27013.5,CTE,10.0,5.0,6.0,6.0,6.0,1,10.0,10.0,3.0,3.0,6.0,5.0,6.0,,1.0,,7.0,5.0,6.0,10.0,9.0,2.0,1.0,1.0,3.0,7.0,,,,4.0,,,10.0,1.0,1.0,4.0,6.0,4.0,,1.0,1.0,1.0,10.0,1.0,10.0,1.0,10.0,,,1.0,1.0,7,10.0,10,1
2007-03-20,83592,,11,2,3841.0,14160C10,CTE,CARDIOTECH INTERNATIONAL INC,CTE,339112.0,A,A,R,31655,2,3841.0,,,,38.0,384.0,,,,,,,1.29,-0.044444,20010.0,1.0,1.34,25812.9,CTE,10.0,5.0,6.0,6.0,6.0,1,10.0,10.0,3.0,3.0,6.0,5.0,6.0,,1.0,,7.0,5.0,6.0,10.0,9.0,2.0,1.0,1.0,3.0,7.0,,,,4.0,,,10.0,1.0,1.0,4.0,6.0,4.0,,1.0,1.0,1.0,10.0,1.0,10.0,1.0,10.0,,,1.0,1.0,7,10.0,10,1
2007-03-21,83592,,11,2,3841.0,14160C10,CTE,CARDIOTECH INTERNATIONAL INC,CTE,339112.0,A,A,R,31655,2,3841.0,,,,38.0,384.0,,,,,,,1.41,0.093023,20010.0,1.0,1.29,28214.1,CTE,10.0,5.0,6.0,6.0,6.0,1,10.0,10.0,3.0,3.0,6.0,5.0,6.0,,1.0,,7.0,5.0,6.0,10.0,9.0,2.0,1.0,1.0,3.0,7.0,,,,4.0,,,10.0,1.0,1.0,4.0,6.0,4.0,,1.0,1.0,1.0,10.0,1.0,10.0,1.0,10.0,,,1.0,1.0,7,10.0,10,1
2007-03-22,83592,,11,2,3841.0,14160C10,CTE,CARDIOTECH INTERNATIONAL INC,CTE,339112.0,A,A,R,31655,2,3841.0,,,,38.0,384.0,,,,,,,1.6924,0.200284,20010.0,1.0,1.39,33864.924,CTE,10.0,5.0,6.0,6.0,6.0,1,10.0,10.0,3.0,3.0,6.0,5.0,6.0,,1.0,,7.0,5.0,6.0,10.0,9.0,2.0,1.0,1.0,3.0,7.0,,,,4.0,,,10.0,1.0,1.0,4.0,6.0,4.0,,1.0,1.0,1.0,10.0,1.0,10.0,1.0,10.0,,,1.0,1.0,7,10.0,10,1
2007-03-23,83592,,11,2,3841.0,14160C10,CTE,CARDIOTECH INTERNATIONAL INC,CTE,339112.0,A,A,R,31655,2,3841.0,,,,38.0,384.0,,,,,,,1.67,-0.013236,20010.0,1.0,1.74,33416.7,CTE,10.0,5.0,6.0,6.0,6.0,1,10.0,10.0,3.0,3.0,6.0,5.0,6.0,,1.0,,7.0,5.0,6.0,10.0,9.0,2.0,1.0,1.0,3.0,7.0,,,,4.0,,,10.0,1.0,1.0,4.0,6.0,4.0,,1.0,1.0,1.0,10.0,1.0,10.0,1.0,10.0,,,1.0,1.0,7,10.0,10,1
2007-03-26,83592,,11,2,3841.0,14160C10,CTE,CARDIOTECH INTERNATIONAL INC,CTE,339112.0,A,A,R,31655,2,3841.0,,,,38.0,384.0,,,,,,,1.68,0.005988,20010.0,1.0,1.69,33616.8,CTE,10.0,5.0,6.0,6.0,6.0,1,10.0,10.0,3.0,3.0,6.0,5.0,6.0,,1.0,,7.0,5.0,6.0,10.0,9.0,2.0,1.0,1.0,3.0,7.0,,,,4.0,,,10.0,1.0,1.0,4.0,6.0,4.0,,1.0,1.0,1.0,10.0,1.0,10.0,1.0,10.0,,,1.0,1.0,7,10.0,10,1
2007-03-27,83592,,11,2,3841.0,14160C10,CTE,CARDIOTECH INTERNATIONAL INC,CTE,339112.0,A,A,R,31655,2,3841.0,,,,38.0,384.0,,,,,,,1.62,-0.035714,20010.0,1.0,1.68,32416.2,CTE,10.0,5.0,6.0,6.0,6.0,1,10.0,10.0,3.0,3.0,6.0,5.0,6.0,,1.0,,7.0,5.0,6.0,10.0,9.0,2.0,1.0,1.0,3.0,7.0,,,,4.0,,,10.0,1.0,1.0,4.0,6.0,4.0,,1.0,1.0,1.0,10.0,1.0,10.0,1.0,10.0,,,1.0,1.0,7,10.0,10,1
2007-03-28,83592,,11,2,3841.0,14160C10,CTE,CARDIOTECH INTERNATIONAL INC,CTE,339112.0,A,A,R,31655,2,3841.0,,,,38.0,384.0,,,,,,,1.58,-0.024691,20010.0,1.0,1.62,31615.8,CTE,10.0,5.0,6.0,6.0,6.0,1,10.0,10.0,3.0,3.0,6.0,5.0,6.0,,1.0,,7.0,5.0,6.0,10.0,9.0,2.0,1.0,1.0,3.0,7.0,,,,4.0,,,10.0,1.0,1.0,4.0,6.0,4.0,,1.0,1.0,1.0,10.0,1.0,10.0,1.0,10.0,,,1.0,1.0,7,10.0,10,1
2007-03-29,83592,,11,2,3841.0,14160C10,CTE,CARDIOTECH INTERNATIONAL INC,CTE,339112.0,A,A,R,31655,2,3841.0,,,,38.0,384.0,,,,,,,1.6296,0.031392,20010.0,1.0,1.63,32608.296,CTE,10.0,5.0,6.0,6.0,6.0,1,10.0,10.0,3.0,3.0,6.0,5.0,6.0,,1.0,,7.0,5.0,6.0,10.0,9.0,2.0,1.0,1.0,3.0,7.0,,,,4.0,,,10.0,1.0,1.0,4.0,6.0,4.0,,1.0,1.0,1.0,10.0,1.0,10.0,1.0,10.0,,,1.0,1.0,7,10.0,10,1
2007-03-30,83592,,11,2,3841.0,14160C10,CTE,CARDIOTECH INTERNATIONAL INC,CTE,339112.0,A,A,R,31655,2,3841.0,,,,38.0,384.0,,,,,,,1.56,-0.04271,20010.0,1.0,1.6,31215.6,CTE,10.0,5.0,6.0,6.0,6.0,1,10.0,10.0,3.0,3.0,6.0,5.0,6.0,,1.0,,7.0,5.0,6.0,10.0,9.0,2.0,1.0,1.0,3.0,7.0,,,,4.0,,,10.0,1.0,1.0,4.0,6.0,4.0,,1.0,1.0,1.0,10.0,1.0,10.0,1.0,10.0,,,1.0,1.0,7,10.0,10,1
2007-04-02,83592,,11,2,3841.0,14160C10,CTE,CARDIOTECH INTERNATIONAL INC,CTE,339112.0,A,A,R,31655,2,3841.0,,,,38.0,384.0,,,,,,,1.55,-0.00641,20010.0,1.0,1.56,31015.5,CTE,10.0,5.0,6.0,6.0,6.0,1,10.0,10.0,3.0,3.0,6.0,5.0,6.0,,1.0,,7.0,5.0,6.0,10.0,9.0,2.0,1.0,1.0,3.0,7.0,,,,6.0,,,10.0,1.0,1.0,3.0,6.0,4.0,,1.0,1.0,1.0,5.0,1.0,10.0,4.0,4.0,,,1.0,1.0,7,10.0,10,1
2007-04-03,83592,,11,2,3841.0,14160C10,CTE,CARDIOTECH INTERNATIONAL INC,CTE,339112.0,A,A,R,31655,2,3841.0,,,,38.0,384.0,,,,,,,1.44,-0.070968,20010.0,1.0,1.55,28814.4,CTE,10.0,5.0,6.0,6.0,6.0,1,10.0,10.0,3.0,3.0,6.0,5.0,6.0,,1.0,,7.0,5.0,6.0,10.0,9.0,2.0,1.0,1.0,3.0,7.0,,,,6.0,,,10.0,1.0,1.0,3.0,6.0,4.0,,1.0,1.0,1.0,5.0,1.0,10.0,4.0,4.0,,,1.0,1.0,7,10.0,10,1
2007-04-04,83592,,11,2,3841.0,14160C10,CTE,CARDIOTECH INTERNATIONAL INC,CTE,339112.0,A,A,R,31655,2,3841.0,,,,38.0,384.0,,,,,,,1.59,0.104167,20010.0,1.0,1.5,31815.9,CTE,10.0,5.0,6.0,6.0,6.0,1,10.0,10.0,3.0,3.0,6.0,5.0,6.0,,1.0,,7.0,5.0,6.0,10.0,9.0,2.0,1.0,1.0,3.0,7.0,,,,6.0,,,10.0,1.0,1.0,3.0,6.0,4.0,,1.0,1.0,1.0,5.0,1.0,10.0,4.0,4.0,,,1.0,1.0,7,10.0,10,1
2007-04-05,83592,,11,2,3841.0,14160C10,CTE,CARDIOTECH INTERNATIONAL INC,CTE,339112.0,A,A,R,31655,2,3841.0,,,,38.0,384.0,,,,,,,1.62,0.018868,20010.0,1.0,1.59,32416.2,CTE,10.0,5.0,6.0,6.0,6.0,1,10.0,10.0,3.0,3.0,6.0,5.0,6.0,,1.0,,7.0,5.0,6.0,10.0,9.0,2.0,1.0,1.0,3.0,7.0,,,,6.0,,,10.0,1.0,1.0,3.0,6.0,4.0,,1.0,1.0,1.0,5.0,1.0,10.0,4.0,4.0,,,1.0,1.0,7,10.0,10,1
2007-04-09,83592,,11,2,3841.0,14160C10,CTE,CARDIOTECH INTERNATIONAL INC,CTE,339112.0,A,A,R,31655,2,3841.0,,,,38.0,384.0,,,,,,,1.53,-0.055556,20010.0,1.0,1.61,30615.3,CTE,10.0,5.0,6.0,6.0,6.0,1,10.0,10.0,3.0,3.0,6.0,5.0,6.0,,1.0,,7.0,5.0,6.0,10.0,9.0,2.0,1.0,1.0,3.0,7.0,,,,6.0,,,10.0,1.0,1.0,3.0,6.0,4.0,,1.0,1.0,1.0,5.0,1.0,10.0,4.0,4.0,,,1.0,1.0,7,10.0,10,1
2007-04-10,83592,,11,2,3841.0,14160C10,CTE,CARDIOTECH INTERNATIONAL INC,CTE,339112.0,A,A,R,31655,2,3841.0,,,,38.0,384.0,,,,,,,1.52,-0.006536,20010.0,1.0,1.55,30415.2,CTE,10.0,5.0,6.0,6.0,6.0,1,10.0,10.0,3.0,3.0,6.0,5.0,6.0,,1.0,,7.0,5.0,6.0,10.0,9.0,2.0,1.0,1.0,3.0,7.0,,,,6.0,,,10.0,1.0,1.0,3.0,6.0,4.0,,1.0,1.0,1.0,5.0,1.0,10.0,4.0,4.0,,,1.0,1.0,7,10.0,10,1
2007-04-11,83592,,11,2,3841.0,14160C10,CTE,CARDIOTECH INTERNATIONAL INC,CTE,339112.0,A,A,R,31655,2,3841.0,,,,38.0,384.0,,,,,,,1.52,0.0,20010.0,1.0,1.56,30415.2,CTE,10.0,5.0,6.0,6.0,6.0,1,10.0,10.0,3.0,3.0,6.0,5.0,6.0,,1.0,,7.0,5.0,6.0,10.0,9.0,2.0,1.0,1.0,3.0,7.0,,,,6.0,,,10.0,1.0,1.0,3.0,6.0,4.0,,1.0,1.0,1.0,5.0,1.0,10.0,4.0,4.0,,,1.0,1.0,7,10.0,10,1
2007-04-12,83592,,11,2,3841.0,14160C10,CTE,CARDIOTECH INTERNATIONAL INC,CTE,339112.0,A,A,R,31655,2,3841.0,,,,38.0,384.0,,,,,,,1.53,0.006579,20010.0,1.0,1.51,30615.3,CTE,10.0,5.0,6.0,6.0,6.0,1,10.0,10.0,3.0,3.0,6.0,5.0,6.0,,1.0,,7.0,5.0,6.0,10.0,9.0,2.0,1.0,1.0,3.0,7.0,,,,6.0,,,10.0,1.0,1.0,3.0,6.0,4.0,,1.0,1.0,1.0,5.0,1.0,10.0,4.0,4.0,,,1.0,1.0,7,10.0,10,1
2007-04-13,83592,,11,2,3841.0,14160C10,CTE,CARDIOTECH INTERNATIONAL INC,CTE,339112.0,A,A,R,31655,2,3841.0,,,,38.0,384.0,,,,,,,1.5901,0.039281,20010.0,1.0,1.59,31817.901,CTE,10.0,5.0,6.0,6.0,6.0,1,10.0,10.0,3.0,3.0,6.0,5.0,6.0,,1.0,,7.0,5.0,6.0,10.0,9.0,2.0,1.0,1.0,3.0,7.0,,,,6.0,,,10.0,1.0,1.0,3.0,6.0,4.0,,1.0,1.0,1.0,5.0,1.0,10.0,4.0,4.0,,,1.0,1.0,7,10.0,10,1
2007-04-16,83592,,11,2,3841.0,14160C10,CTE,CARDIOTECH INTERNATIONAL INC,CTE,339112.0,A,A,R,31655,2,3841.0,,,,38.0,384.0,,,,,,,1.59,-6.3e-05,20010.0,1.0,1.61,31815.9,CTE,10.0,5.0,6.0,6.0,6.0,1,10.0,10.0,3.0,3.0,6.0,5.0,6.0,,1.0,,7.0,5.0,6.0,10.0,9.0,2.0,1.0,1.0,3.0,7.0,,,,6.0,,,10.0,1.0,1.0,3.0,6.0,4.0,,1.0,1.0,1.0,5.0,1.0,10.0,4.0,4.0,,,1.0,1.0,7,10.0,10,1
2007-04-17,83592,,11,2,3841.0,14160C10,CTE,CARDIOTECH INTERNATIONAL INC,CTE,339112.0,A,A,R,31655,2,3841.0,,,,38.0,384.0,,,,,,,1.58,-0.006289,20010.0,1.0,1.58,31615.8,CTE,10.0,5.0,6.0,6.0,6.0,1,10.0,10.0,3.0,3.0,6.0,5.0,6.0,,1.0,,7.0,5.0,6.0,10.0,9.0,2.0,1.0,1.0,3.0,7.0,,,,6.0,,,10.0,1.0,1.0,3.0,6.0,4.0,,1.0,1.0,1.0,5.0,1.0,10.0,4.0,4.0,,,1.0,1.0,7,10.0,10,1
2007-04-18,83592,,11,2,3841.0,14160C10,CTE,CARDIOTECH INTERNATIONAL INC,CTE,339112.0,A,A,R,31655,2,3841.0,,,,38.0,384.0,,,,,,,1.57,-0.006329,20010.0,1.0,1.57,31415.7,CTE,10.0,5.0,6.0,6.0,6.0,1,10.0,10.0,3.0,3.0,6.0,5.0,6.0,,1.0,,7.0,5.0,6.0,10.0,9.0,2.0,1.0,1.0,3.0,7.0,,,,6.0,,,10.0,1.0,1.0,3.0,6.0,4.0,,1.0,1.0,1.0,5.0,1.0,10.0,4.0,4.0,,,1.0,1.0,7,10.0,10,1
2007-04-19,83592,,11,2,3841.0,14160C10,CTE,CARDIOTECH INTERNATIONAL INC,CTE,339112.0,A,A,R,31655,2,3841.0,,,,38.0,384.0,,,,,,,1.55,-0.012739,20010.0,1.0,1.57,31015.5,CTE,10.0,5.0,6.0,6.0,6.0,1,10.0,10.0,3.0,3.0,6.0,5.0,6.0,,1.0,,7.0,5.0,6.0,10.0,9.0,2.0,1.0,1.0,3.0,7.0,,,,6.0,,,10.0,1.0,1.0,3.0,6.0,4.0,,1.0,1.0,1.0,5.0,1.0,10.0,4.0,4.0,,,1.0,1.0,7,10.0,10,1
2007-04-20,83592,,11,2,3841.0,14160C10,CTE,CARDIOTECH INTERNATIONAL INC,CTE,339112.0,A,A,R,31655,2,3841.0,,,,38.0,384.0,,,,,,,1.52,-0.019355,20010.0,1.0,1.58,30415.2,CTE,10.0,5.0,6.0,6.0,6.0,1,10.0,10.0,3.0,3.0,6.0,5.0,6.0,,1.0,,7.0,5.0,6.0,10.0,9.0,2.0,1.0,1.0,3.0,7.0,,,,6.0,,,10.0,1.0,1.0,3.0,6.0,4.0,,1.0,1.0,1.0,5.0,1.0,10.0,4.0,4.0,,,1.0,1.0,7,10.0,10,1
2007-04-23,83592,,11,2,3841.0,14160C10,CTE,CARDIOTECH INTERNATIONAL INC,CTE,339112.0,A,A,R,31655,2,3841.0,,,,38.0,384.0,,,,,,,1.57,0.032895,20010.0,1.0,1.53,31415.7,CTE,10.0,5.0,6.0,6.0,6.0,1,10.0,10.0,3.0,3.0,6.0,5.0,6.0,,1.0,,7.0,5.0,6.0,10.0,9.0,2.0,1.0,1.0,3.0,7.0,,,,6.0,,,10.0,1.0,1.0,3.0,6.0,4.0,,1.0,1.0,1.0,5.0,1.0,10.0,4.0,4.0,,,1.0,1.0,7,10.0,10,1
2007-04-24,83592,,11,2,3841.0,14160C10,CTE,CARDIOTECH INTERNATIONAL INC,CTE,339112.0,A,A,R,31655,2,3841.0,,,,38.0,384.0,,,,,,,1.52,-0.031847,20010.0,1.0,1.52,30415.2,CTE,10.0,5.0,6.0,6.0,6.0,1,10.0,10.0,3.0,3.0,6.0,5.0,6.0,,1.0,,7.0,5.0,6.0,10.0,9.0,2.0,1.0,1.0,3.0,7.0,,,,6.0,,,10.0,1.0,1.0,3.0,6.0,4.0,,1.0,1.0,1.0,5.0,1.0,10.0,4.0,4.0,,,1.0,1.0,7,10.0,10,1
2007-04-25,83592,,11,2,3841.0,14160C10,CTE,CARDIOTECH INTERNATIONAL INC,CTE,339112.0,A,A,R,31655,2,3841.0,,,,38.0,384.0,,,,,,,1.55,0.019737,20010.0,1.0,1.52,31015.5,CTE,10.0,5.0,6.0,6.0,6.0,1,10.0,10.0,3.0,3.0,6.0,5.0,6.0,,1.0,,7.0,5.0,6.0,10.0,9.0,2.0,1.0,1.0,3.0,7.0,,,,6.0,,,10.0,1.0,1.0,3.0,6.0,4.0,,1.0,1.0,1.0,5.0,1.0,10.0,4.0,4.0,,,1.0,1.0,7,10.0,10,1
2007-04-26,83592,,11,2,3841.0,14160C10,CTE,CARDIOTECH INTERNATIONAL INC,CTE,339112.0,A,A,R,31655,2,3841.0,,,,38.0,384.0,,,,,,,1.52,-0.019355,20010.0,1.0,1.55,30415.2,CTE,10.0,5.0,6.0,6.0,6.0,1,10.0,10.0,3.0,3.0,6.0,5.0,6.0,,1.0,,7.0,5.0,6.0,10.0,9.0,2.0,1.0,1.0,3.0,7.0,,,,6.0,,,10.0,1.0,1.0,3.0,6.0,4.0,,1.0,1.0,1.0,5.0,1.0,10.0,4.0,4.0,,,1.0,1.0,7,10.0,10,1
2007-04-27,83592,,11,2,3841.0,14160C10,CTE,CARDIOTECH INTERNATIONAL INC,CTE,339112.0,A,A,R,31655,2,3841.0,,,,38.0,384.0,,,,,,,1.55,0.019737,20010.0,1.0,1.53,31015.5,CTE,10.0,5.0,6.0,6.0,6.0,1,10.0,10.0,3.0,3.0,6.0,5.0,6.0,,1.0,,7.0,5.0,6.0,10.0,9.0,2.0,1.0,1.0,3.0,7.0,,,,6.0,,,10.0,1.0,1.0,3.0,6.0,4.0,,1.0,1.0,1.0,5.0,1.0,10.0,4.0,4.0,,,1.0,1.0,7,10.0,10,1
2007-04-30,83592,,11,2,3841.0,14160C10,CTE,CARDIOTECH INTERNATIONAL INC,CTE,339112.0,A,A,R,31655,2,3841.0,,,,38.0,384.0,,,,,,,1.5,-0.032258,20010.0,1.0,1.55,30015.0,CTE,10.0,5.0,6.0,6.0,6.0,1,10.0,10.0,3.0,3.0,6.0,5.0,6.0,,1.0,,7.0,5.0,6.0,10.0,9.0,2.0,1.0,1.0,3.0,7.0,,,,6.0,,,10.0,1.0,1.0,3.0,6.0,4.0,,1.0,1.0,1.0,5.0,1.0,10.0,4.0,4.0,,,1.0,1.0,7,10.0,10,1
2007-05-01,83592,,11,2,3841.0,14160C10,CTE,CARDIOTECH INTERNATIONAL INC,CTE,339112.0,A,A,R,31655,2,3841.0,,,,38.0,384.0,,,,,,,1.45,-0.033333,20010.0,1.0,1.5,29014.5,CTE,10.0,5.0,6.0,6.0,6.0,1,10.0,10.0,3.0,3.0,6.0,5.0,6.0,,1.0,,7.0,5.0,6.0,10.0,9.0,2.0,1.0,1.0,3.0,7.0,,,,6.0,,,10.0,1.0,4.0,4.0,7.0,4.0,,1.0,1.0,1.0,9.0,1.0,10.0,8.0,9.0,,,1.0,1.0,7,10.0,10,1
2007-05-02,83592,,11,2,3841.0,14160C10,CTE,CARDIOTECH INTERNATIONAL INC,CTE,339112.0,A,A,R,31655,2,3841.0,,,,38.0,384.0,,,,,,,1.42,-0.02069,20010.0,1.0,1.44,28414.2,CTE,10.0,5.0,6.0,6.0,6.0,1,10.0,10.0,3.0,3.0,6.0,5.0,6.0,,1.0,,7.0,5.0,6.0,10.0,9.0,2.0,1.0,1.0,3.0,7.0,,,,6.0,,,10.0,1.0,4.0,4.0,7.0,4.0,,1.0,1.0,1.0,9.0,1.0,10.0,8.0,9.0,,,1.0,1.0,7,10.0,10,1
2007-05-03,83592,,11,2,3841.0,14160C10,CTE,CARDIOTECH INTERNATIONAL INC,CTE,339112.0,A,A,R,31655,2,3841.0,,,,38.0,384.0,,,,,,,1.45,0.021127,20010.0,1.0,1.42,29014.5,CTE,10.0,5.0,6.0,6.0,6.0,1,10.0,10.0,3.0,3.0,6.0,5.0,6.0,,1.0,,7.0,5.0,6.0,10.0,9.0,2.0,1.0,1.0,3.0,7.0,,,,6.0,,,10.0,1.0,4.0,4.0,7.0,4.0,,1.0,1.0,1.0,9.0,1.0,10.0,8.0,9.0,,,1.0,1.0,7,10.0,10,1
2007-05-04,83592,,11,2,3841.0,14160C10,CTE,CARDIOTECH INTERNATIONAL INC,CTE,339112.0,A,A,R,31655,2,3841.0,,,,38.0,384.0,,,,,,,1.38,-0.048276,20010.0,1.0,1.48,27613.8,CTE,10.0,5.0,6.0,6.0,6.0,1,10.0,10.0,3.0,3.0,6.0,5.0,6.0,,1.0,,7.0,5.0,6.0,10.0,9.0,2.0,1.0,1.0,3.0,7.0,,,,6.0,,,10.0,1.0,4.0,4.0,7.0,4.0,,1.0,1.0,1.0,9.0,1.0,10.0,8.0,9.0,,,1.0,1.0,7,10.0,10,1
2007-05-07,83592,,11,2,3841.0,14160C10,CTE,CARDIOTECH INTERNATIONAL INC,CTE,339112.0,A,A,R,31655,2,3841.0,,,,38.0,384.0,,,,,,,1.42,0.028985,20010.0,1.0,1.38,28414.2,CTE,10.0,5.0,6.0,6.0,6.0,1,10.0,10.0,3.0,3.0,6.0,5.0,6.0,,1.0,,7.0,5.0,6.0,10.0,9.0,2.0,1.0,1.0,3.0,7.0,,,,6.0,,,10.0,1.0,4.0,4.0,7.0,4.0,,1.0,1.0,1.0,9.0,1.0,10.0,8.0,9.0,,,1.0,1.0,7,10.0,10,1
2007-05-08,83592,,11,2,3841.0,14160C10,CTE,CARDIOTECH INTERNATIONAL INC,CTE,339112.0,A,A,R,31655,2,3841.0,,,,38.0,384.0,,,,,,,1.42,0.0,20010.0,1.0,1.43,28414.2,CTE,10.0,5.0,6.0,6.0,6.0,1,10.0,10.0,3.0,3.0,6.0,5.0,6.0,,1.0,,7.0,5.0,6.0,10.0,9.0,2.0,1.0,1.0,3.0,7.0,,,,6.0,,,10.0,1.0,4.0,4.0,7.0,4.0,,1.0,1.0,1.0,9.0,1.0,10.0,8.0,9.0,,,1.0,1.0,7,10.0,10,1
2007-05-09,83592,,11,2,3841.0,14160C10,CTE,CARDIOTECH INTERNATIONAL INC,CTE,339112.0,A,A,R,31655,2,3841.0,,,,38.0,384.0,,,,,,,1.4,-0.014084,20010.0,1.0,1.47,28014.0,CTE,10.0,5.0,6.0,6.0,6.0,1,10.0,10.0,3.0,3.0,6.0,5.0,6.0,,1.0,,7.0,5.0,6.0,10.0,9.0,2.0,1.0,1.0,3.0,7.0,,,,6.0,,,10.0,1.0,4.0,4.0,7.0,4.0,,1.0,1.0,1.0,9.0,1.0,10.0,8.0,9.0,,,1.0,1.0,7,10.0,10,1
2007-05-10,83592,,11,2,3841.0,14160C10,CTE,CARDIOTECH INTERNATIONAL INC,CTE,339112.0,A,A,R,31655,2,3841.0,,,,38.0,384.0,,,,,,,1.4,0.0,20010.0,1.0,1.39,28014.0,CTE,10.0,5.0,6.0,6.0,6.0,1,10.0,10.0,3.0,3.0,6.0,5.0,6.0,,1.0,,7.0,5.0,6.0,10.0,9.0,2.0,1.0,1.0,3.0,7.0,,,,6.0,,,10.0,1.0,4.0,4.0,7.0,4.0,,1.0,1.0,1.0,9.0,1.0,10.0,8.0,9.0,,,1.0,1.0,7,10.0,10,1
2007-05-11,83592,,11,2,3841.0,14160C10,CTE,CARDIOTECH INTERNATIONAL INC,CTE,339112.0,A,A,R,31655,2,3841.0,,,,38.0,384.0,,,,,,,1.39,-0.007143,20010.0,1.0,1.45,27813.9,CTE,10.0,5.0,6.0,6.0,6.0,1,10.0,10.0,3.0,3.0,6.0,5.0,6.0,,1.0,,7.0,5.0,6.0,10.0,9.0,2.0,1.0,1.0,3.0,7.0,,,,6.0,,,10.0,1.0,4.0,4.0,7.0,4.0,,1.0,1.0,1.0,9.0,1.0,10.0,8.0,9.0,,,1.0,1.0,7,10.0,10,1
2007-05-14,83592,,11,2,3841.0,14160C10,CTE,CARDIOTECH INTERNATIONAL INC,CTE,339112.0,A,A,R,31655,2,3841.0,,,,38.0,384.0,,,,,,,1.37,-0.014388,20010.0,1.0,1.38,27413.7,CTE,10.0,5.0,6.0,6.0,6.0,1,10.0,10.0,3.0,3.0,6.0,5.0,6.0,,1.0,,7.0,5.0,6.0,10.0,9.0,2.0,1.0,1.0,3.0,7.0,,,,6.0,,,10.0,1.0,4.0,4.0,7.0,4.0,,1.0,1.0,1.0,9.0,1.0,10.0,8.0,9.0,,,1.0,1.0,7,10.0,10,1
2007-05-15,83592,,11,2,3841.0,14160C10,CTE,CARDIOTECH INTERNATIONAL INC,CTE,339112.0,A,A,R,31655,2,3841.0,,,,38.0,384.0,,,,,,,1.33,-0.029197,20010.0,1.0,1.32,26613.3,CTE,10.0,5.0,6.0,6.0,6.0,1,10.0,10.0,3.0,3.0,6.0,5.0,6.0,,1.0,,7.0,5.0,6.0,10.0,9.0,2.0,1.0,1.0,3.0,7.0,,,,6.0,,,10.0,1.0,4.0,4.0,7.0,4.0,,1.0,1.0,1.0,9.0,1.0,10.0,8.0,9.0,,,1.0,1.0,7,10.0,10,1
2007-05-16,83592,,11,2,3841.0,14160C10,CTE,CARDIOTECH INTERNATIONAL INC,CTE,339112.0,A,A,R,31655,2,3841.0,,,,38.0,384.0,,,,,,,1.3,-0.022556,20010.0,1.0,1.32,26013.0,CTE,10.0,5.0,6.0,6.0,6.0,1,10.0,10.0,3.0,3.0,6.0,5.0,6.0,,1.0,,7.0,5.0,6.0,10.0,9.0,2.0,1.0,1.0,3.0,7.0,,,,6.0,,,10.0,1.0,4.0,4.0,7.0,4.0,,1.0,1.0,1.0,9.0,1.0,10.0,8.0,9.0,,,1.0,1.0,7,10.0,10,1
2007-05-17,83592,,11,2,3841.0,14160C10,CTE,CARDIOTECH INTERNATIONAL INC,CTE,339112.0,A,A,R,31655,2,3841.0,,,,38.0,384.0,,,,,,,1.28,-0.015385,20010.0,1.0,1.26,25612.8,CTE,10.0,5.0,6.0,6.0,6.0,1,10.0,10.0,3.0,3.0,6.0,5.0,6.0,,1.0,,7.0,5.0,6.0,10.0,9.0,2.0,1.0,1.0,3.0,7.0,,,,6.0,,,10.0,1.0,4.0,4.0,7.0,4.0,,1.0,1.0,1.0,9.0,1.0,10.0,8.0,9.0,,,1.0,1.0,7,10.0,10,1
2007-05-18,83592,,11,2,3841.0,14160C10,CTE,CARDIOTECH INTERNATIONAL INC,CTE,339112.0,A,A,R,31655,2,3841.0,,,,38.0,384.0,,,,,,,1.35,0.054688,20010.0,1.0,1.31,27013.5,CTE,10.0,5.0,6.0,6.0,6.0,1,10.0,10.0,3.0,3.0,6.0,5.0,6.0,,1.0,,7.0,5.0,6.0,10.0,9.0,2.0,1.0,1.0,3.0,7.0,,,,6.0,,,10.0,1.0,4.0,4.0,7.0,4.0,,1.0,1.0,1.0,9.0,1.0,10.0,8.0,9.0,,,1.0,1.0,7,10.0,10,1
2007-05-21,83592,,11,2,3841.0,14160C10,CTE,CARDIOTECH INTERNATIONAL INC,CTE,339112.0,A,A,R,31655,2,3841.0,,,,38.0,384.0,,,,,,,1.32,-0.022222,20010.0,1.0,1.33,26413.2,CTE,10.0,5.0,6.0,6.0,6.0,1,10.0,10.0,3.0,3.0,6.0,5.0,6.0,,1.0,,7.0,5.0,6.0,10.0,9.0,2.0,1.0,1.0,3.0,7.0,,,,6.0,,,10.0,1.0,4.0,4.0,7.0,4.0,,1.0,1.0,1.0,9.0,1.0,10.0,8.0,9.0,,,1.0,1.0,7,10.0,10,1
2007-05-22,83592,,11,2,3841.0,14160C10,CTE,CARDIOTECH INTERNATIONAL INC,CTE,339112.0,A,A,R,31655,2,3841.0,,,,38.0,384.0,,,,,,,1.35,0.022727,20010.0,1.0,1.35,27013.5,CTE,10.0,5.0,6.0,6.0,6.0,1,10.0,10.0,3.0,3.0,6.0,5.0,6.0,,1.0,,7.0,5.0,6.0,10.0,9.0,2.0,1.0,1.0,3.0,7.0,,,,6.0,,,10.0,1.0,4.0,4.0,7.0,4.0,,1.0,1.0,1.0,9.0,1.0,10.0,8.0,9.0,,,1.0,1.0,7,10.0,10,1
2007-05-23,83592,,11,2,3841.0,14160C10,CTE,CARDIOTECH INTERNATIONAL INC,CTE,339112.0,A,A,R,31655,2,3841.0,,,,38.0,384.0,,,,,,,1.32,-0.022222,20010.0,1.0,1.36,26413.2,CTE,10.0,5.0,6.0,6.0,6.0,1,10.0,10.0,3.0,3.0,6.0,5.0,6.0,,1.0,,7.0,5.0,6.0,10.0,9.0,2.0,1.0,1.0,3.0,7.0,,,,6.0,,,10.0,1.0,4.0,4.0,7.0,4.0,,1.0,1.0,1.0,9.0,1.0,10.0,8.0,9.0,,,1.0,1.0,7,10.0,10,1
2007-05-24,83592,,11,2,3841.0,14160C10,CTE,CARDIOTECH INTERNATIONAL INC,CTE,339112.0,A,A,R,31655,2,3841.0,,,,38.0,384.0,,,,,,,1.2937,-0.019924,20010.0,1.0,1.32,25886.937,CTE,10.0,5.0,6.0,6.0,6.0,1,10.0,10.0,3.0,3.0,6.0,5.0,6.0,,1.0,,7.0,5.0,6.0,10.0,9.0,2.0,1.0,1.0,3.0,7.0,,,,6.0,,,10.0,1.0,4.0,4.0,7.0,4.0,,1.0,1.0,1.0,9.0,1.0,10.0,8.0,9.0,,,1.0,1.0,7,10.0,10,1
2007-05-25,83592,,11,2,3841.0,14160C10,CTE,CARDIOTECH INTERNATIONAL INC,CTE,339112.0,A,A,R,31655,2,3841.0,,,,38.0,384.0,,,,,,,1.25,-0.033779,20010.0,1.0,1.3499,25012.5,CTE,10.0,5.0,6.0,6.0,6.0,1,10.0,10.0,3.0,3.0,6.0,5.0,6.0,,1.0,,7.0,5.0,6.0,10.0,9.0,2.0,1.0,1.0,3.0,7.0,,,,6.0,,,10.0,1.0,4.0,4.0,7.0,4.0,,1.0,1.0,1.0,9.0,1.0,10.0,8.0,9.0,,,1.0,1.0,7,10.0,10,1
2007-05-29,83592,,11,2,3841.0,14160C10,CTE,CARDIOTECH INTERNATIONAL INC,CTE,339112.0,A,A,R,31655,2,3841.0,,,,38.0,384.0,,,,,,,1.3,0.04,20010.0,1.0,1.26,26013.0,CTE,10.0,5.0,6.0,6.0,6.0,1,10.0,10.0,3.0,3.0,6.0,5.0,6.0,,1.0,,7.0,5.0,6.0,10.0,9.0,2.0,1.0,1.0,3.0,7.0,,,,6.0,,,10.0,1.0,4.0,4.0,7.0,4.0,,1.0,1.0,1.0,9.0,1.0,10.0,8.0,9.0,,,1.0,1.0,7,10.0,10,1
2007-05-30,83592,,11,2,3841.0,14160C10,CTE,CARDIOTECH INTERNATIONAL INC,CTE,339112.0,A,A,R,31655,2,3841.0,,,,38.0,384.0,,,,,,,1.34,0.030769,20010.0,1.0,1.35,26813.4,CTE,10.0,5.0,6.0,6.0,6.0,1,10.0,10.0,3.0,3.0,6.0,5.0,6.0,,1.0,,7.0,5.0,6.0,10.0,9.0,2.0,1.0,1.0,3.0,7.0,,,,6.0,,,10.0,1.0,4.0,4.0,7.0,4.0,,1.0,1.0,1.0,9.0,1.0,10.0,8.0,9.0,,,1.0,1.0,7,10.0,10,1
2007-05-31,83592,,11,2,3841.0,14160C10,CTE,CARDIOTECH INTERNATIONAL INC,CTE,339112.0,A,A,R,31655,2,3841.0,,,,38.0,384.0,,,,,,,1.3,-0.029851,20010.0,1.0,1.33,26013.0,CTE,10.0,5.0,6.0,6.0,6.0,1,10.0,10.0,3.0,3.0,6.0,5.0,6.0,,1.0,,7.0,5.0,6.0,10.0,9.0,2.0,1.0,1.0,3.0,7.0,,,,6.0,,,10.0,1.0,4.0,4.0,7.0,4.0,,1.0,1.0,1.0,9.0,1.0,10.0,8.0,9.0,,,1.0,1.0,7,10.0,10,1
2007-06-01,83592,,11,2,3841.0,14160C10,CTE,CARDIOTECH INTERNATIONAL INC,CTE,339112.0,A,A,R,31655,2,3841.0,,,,38.0,384.0,,,,,,,1.3,0.0,20010.0,1.0,1.31,26013.0,CTE,10.0,5.0,6.0,6.0,6.0,1,10.0,10.0,3.0,3.0,6.0,5.0,6.0,,1.0,,7.0,5.0,6.0,10.0,9.0,2.0,1.0,1.0,3.0,7.0,,,,4.0,,,10.0,1.0,5.0,4.0,8.0,4.0,,,,,10.0,1.0,10.0,10.0,10.0,,,1.0,1.0,7,10.0,10,1
2007-06-04,83592,,11,2,3841.0,14160C10,CTE,CARDIOTECH INTERNATIONAL INC,CTE,339112.0,A,A,R,31655,2,3841.0,,,,38.0,384.0,,,,,,,1.25,-0.038462,20010.0,1.0,1.27,25012.5,CTE,10.0,5.0,6.0,6.0,6.0,1,10.0,10.0,3.0,3.0,6.0,5.0,6.0,,1.0,,7.0,5.0,6.0,10.0,9.0,2.0,1.0,1.0,3.0,7.0,,,,4.0,,,10.0,1.0,5.0,4.0,8.0,4.0,,,,,10.0,1.0,10.0,10.0,10.0,,,1.0,1.0,7,10.0,10,1
2007-06-05,83592,,11,2,3841.0,14160C10,CTE,CARDIOTECH INTERNATIONAL INC,CTE,339112.0,A,A,R,31655,2,3841.0,,,,38.0,384.0,,,,,,,1.29,0.032,20010.0,1.0,1.23,25812.9,CTE,10.0,5.0,6.0,6.0,6.0,1,10.0,10.0,3.0,3.0,6.0,5.0,6.0,,1.0,,7.0,5.0,6.0,10.0,9.0,2.0,1.0,1.0,3.0,7.0,,,,4.0,,,10.0,1.0,5.0,4.0,8.0,4.0,,,,,10.0,1.0,10.0,10.0,10.0,,,1.0,1.0,7,10.0,10,1
2007-06-06,83592,,11,2,3841.0,14160C10,CTE,CARDIOTECH INTERNATIONAL INC,CTE,339112.0,A,A,R,31655,2,3841.0,,,,38.0,384.0,,,,,,,1.36,0.054264,20010.0,1.0,1.34,27213.6,CTE,10.0,5.0,6.0,6.0,6.0,1,10.0,10.0,3.0,3.0,6.0,5.0,6.0,,1.0,,7.0,5.0,6.0,10.0,9.0,2.0,1.0,1.0,3.0,7.0,,,,4.0,,,10.0,1.0,5.0,4.0,8.0,4.0,,,,,10.0,1.0,10.0,10.0,10.0,,,1.0,1.0,7,10.0,10,1
2007-06-07,83592,,11,2,3841.0,14160C10,CTE,CARDIOTECH INTERNATIONAL INC,CTE,339112.0,A,A,R,31655,2,3841.0,,,,38.0,384.0,,,,,,,1.35,-0.007353,20010.0,1.0,1.31,27013.5,CTE,10.0,5.0,6.0,6.0,6.0,1,10.0,10.0,3.0,3.0,6.0,5.0,6.0,,1.0,,7.0,5.0,6.0,10.0,9.0,2.0,1.0,1.0,3.0,7.0,,,,4.0,,,10.0,1.0,5.0,4.0,8.0,4.0,,,,,10.0,1.0,10.0,10.0,10.0,,,1.0,1.0,7,10.0,10,1
2007-06-08,83592,,11,2,3841.0,14160C10,CTE,CARDIOTECH INTERNATIONAL INC,CTE,339112.0,A,A,R,31655,2,3841.0,,,,38.0,384.0,,,,,,,1.28,-0.051852,20010.0,1.0,1.34,25612.8,CTE,10.0,5.0,6.0,6.0,6.0,1,10.0,10.0,3.0,3.0,6.0,5.0,6.0,,1.0,,7.0,5.0,6.0,10.0,9.0,2.0,1.0,1.0,3.0,7.0,,,,4.0,,,10.0,1.0,5.0,4.0,8.0,4.0,,,,,10.0,1.0,10.0,10.0,10.0,,,1.0,1.0,7,10.0,10,1
2007-06-11,83592,,11,2,3841.0,14160C10,CTE,CARDIOTECH INTERNATIONAL INC,CTE,339112.0,A,A,R,31655,2,3841.0,,,,38.0,384.0,,,,,,,1.26,-0.015625,20010.0,1.0,1.27,25212.6,CTE,10.0,5.0,6.0,6.0,6.0,1,10.0,10.0,3.0,3.0,6.0,5.0,6.0,,1.0,,7.0,5.0,6.0,10.0,9.0,2.0,1.0,1.0,3.0,7.0,,,,4.0,,,10.0,1.0,5.0,4.0,8.0,4.0,,,,,10.0,1.0,10.0,10.0,10.0,,,1.0,1.0,7,10.0,10,1
2007-06-12,83592,,11,2,3841.0,14160C10,CTE,CARDIOTECH INTERNATIONAL INC,CTE,339112.0,A,A,R,31655,2,3841.0,,,,38.0,384.0,,,,,,,1.27,0.007937,20010.0,1.0,1.28,25412.7,CTE,10.0,5.0,6.0,6.0,6.0,1,10.0,10.0,3.0,3.0,6.0,5.0,6.0,,1.0,,7.0,5.0,6.0,10.0,9.0,2.0,1.0,1.0,3.0,7.0,,,,4.0,,,10.0,1.0,5.0,4.0,8.0,4.0,,,,,10.0,1.0,10.0,10.0,10.0,,,1.0,1.0,7,10.0,10,1
2007-06-13,83592,,11,2,3841.0,14160C10,CTE,CARDIOTECH INTERNATIONAL INC,CTE,339112.0,A,A,R,31655,2,3841.0,,,,38.0,384.0,,,,,,,1.25,-0.015748,20010.0,1.0,1.3,25012.5,CTE,10.0,5.0,6.0,6.0,6.0,1,10.0,10.0,3.0,3.0,6.0,5.0,6.0,,1.0,,7.0,5.0,6.0,10.0,9.0,2.0,1.0,1.0,3.0,7.0,,,,4.0,,,10.0,1.0,5.0,4.0,8.0,4.0,,,,,10.0,1.0,10.0,10.0,10.0,,,1.0,1.0,7,10.0,10,1
2007-06-14,83592,,11,2,3841.0,14160C10,CTE,CARDIOTECH INTERNATIONAL INC,CTE,339112.0,A,A,R,31655,2,3841.0,,,,38.0,384.0,,,,,,,1.28,0.024,20010.0,1.0,1.34,25612.8,CTE,10.0,5.0,6.0,6.0,6.0,1,10.0,10.0,3.0,3.0,6.0,5.0,6.0,,1.0,,7.0,5.0,6.0,10.0,9.0,2.0,1.0,1.0,3.0,7.0,,,,4.0,,,10.0,1.0,5.0,4.0,8.0,4.0,,,,,10.0,1.0,10.0,10.0,10.0,,,1.0,1.0,7,10.0,10,1
2007-06-15,83592,,11,2,3841.0,14160C10,CTE,CARDIOTECH INTERNATIONAL INC,CTE,339112.0,A,A,R,31655,2,3841.0,,,,38.0,384.0,,,,,,,1.3,0.015625,20010.0,1.0,1.25,26013.0,CTE,10.0,5.0,6.0,6.0,6.0,1,10.0,10.0,3.0,3.0,6.0,5.0,6.0,,1.0,,7.0,5.0,6.0,10.0,9.0,2.0,1.0,1.0,3.0,7.0,,,,4.0,,,10.0,1.0,5.0,4.0,8.0,4.0,,,,,10.0,1.0,10.0,10.0,10.0,,,1.0,1.0,7,10.0,10,1
2007-06-18,83592,,11,2,3841.0,14160C10,CTE,CARDIOTECH INTERNATIONAL INC,CTE,339112.0,A,A,R,31655,2,3841.0,,,,38.0,384.0,,,,,,,1.36,0.046154,20010.0,1.0,1.3,27213.6,CTE,10.0,5.0,6.0,6.0,6.0,1,10.0,10.0,3.0,3.0,6.0,5.0,6.0,,1.0,,7.0,5.0,6.0,10.0,9.0,2.0,1.0,1.0,3.0,7.0,,,,4.0,,,10.0,1.0,5.0,4.0,8.0,4.0,,,,,10.0,1.0,10.0,10.0,10.0,,,1.0,1.0,7,10.0,10,1
2007-06-19,83592,,11,2,3841.0,14160C10,CTE,CARDIOTECH INTERNATIONAL INC,CTE,339112.0,A,A,R,31655,2,3841.0,,,,38.0,384.0,,,,,,,1.39,0.022059,20010.0,1.0,1.35,27813.9,CTE,10.0,5.0,6.0,6.0,6.0,1,10.0,10.0,3.0,3.0,6.0,5.0,6.0,,1.0,,7.0,5.0,6.0,10.0,9.0,2.0,1.0,1.0,3.0,7.0,,,,4.0,,,10.0,1.0,5.0,4.0,8.0,4.0,,,,,10.0,1.0,10.0,10.0,10.0,,,1.0,1.0,7,10.0,10,1
2007-06-20,83592,,11,2,3841.0,14160C10,CTE,CARDIOTECH INTERNATIONAL INC,CTE,339112.0,A,A,R,31655,2,3841.0,,,,38.0,384.0,,,,,,,1.39,0.0,20010.0,1.0,1.37,27813.9,CTE,10.0,5.0,6.0,6.0,6.0,1,10.0,10.0,3.0,3.0,6.0,5.0,6.0,,1.0,,7.0,5.0,6.0,10.0,9.0,2.0,1.0,1.0,3.0,7.0,,,,4.0,,,10.0,1.0,5.0,4.0,8.0,4.0,,,,,10.0,1.0,10.0,10.0,10.0,,,1.0,1.0,7,10.0,10,1
2007-06-21,83592,,11,2,3841.0,14160C10,CTE,CARDIOTECH INTERNATIONAL INC,CTE,339112.0,A,A,R,31655,2,3841.0,,,,38.0,384.0,,,,,,,1.39,0.0,20010.0,1.0,1.31,27813.9,CTE,10.0,5.0,6.0,6.0,6.0,1,10.0,10.0,3.0,3.0,6.0,5.0,6.0,,1.0,,7.0,5.0,6.0,10.0,9.0,2.0,1.0,1.0,3.0,7.0,,,,4.0,,,10.0,1.0,5.0,4.0,8.0,4.0,,,,,10.0,1.0,10.0,10.0,10.0,,,1.0,1.0,7,10.0,10,1
2007-06-22,83592,,11,2,3841.0,14160C10,CTE,CARDIOTECH INTERNATIONAL INC,CTE,339112.0,A,A,R,31655,2,3841.0,,,,38.0,384.0,,,,,,,1.4,0.007194,20010.0,1.0,1.34,28014.0,CTE,10.0,5.0,6.0,6.0,6.0,1,10.0,10.0,3.0,3.0,6.0,5.0,6.0,,1.0,,7.0,5.0,6.0,10.0,9.0,2.0,1.0,1.0,3.0,7.0,,,,4.0,,,10.0,1.0,5.0,4.0,8.0,4.0,,,,,10.0,1.0,10.0,10.0,10.0,,,1.0,1.0,7,10.0,10,1
2007-06-25,83592,,11,2,3841.0,14160C10,CTE,CARDIOTECH INTERNATIONAL INC,CTE,339112.0,A,A,R,31655,2,3841.0,,,,38.0,384.0,,,,,,,1.4781,0.055786,20010.0,1.0,1.48,29576.781,CTE,10.0,5.0,6.0,6.0,6.0,1,10.0,10.0,3.0,3.0,6.0,5.0,6.0,,1.0,,7.0,5.0,6.0,10.0,9.0,2.0,1.0,1.0,3.0,7.0,,,,4.0,,,10.0,1.0,5.0,4.0,8.0,4.0,,,,,10.0,1.0,10.0,10.0,10.0,,,1.0,1.0,7,10.0,10,1
2007-06-26,83592,,11,2,3841.0,14160C10,CTE,CARDIOTECH INTERNATIONAL INC,CTE,339112.0,A,A,R,31655,2,3841.0,,,,38.0,384.0,,,,,,,1.4,-0.052838,20010.0,1.0,1.44,28014.0,CTE,10.0,5.0,6.0,6.0,6.0,1,10.0,10.0,3.0,3.0,6.0,5.0,6.0,,1.0,,7.0,5.0,6.0,10.0,9.0,2.0,1.0,1.0,3.0,7.0,,,,4.0,,,10.0,1.0,5.0,4.0,8.0,4.0,,,,,10.0,1.0,10.0,10.0,10.0,,,1.0,1.0,7,10.0,10,1
2007-06-27,83592,,11,2,3841.0,14160C10,CTE,CARDIOTECH INTERNATIONAL INC,CTE,339112.0,A,A,R,31655,2,3841.0,,,,38.0,384.0,,,,,,,1.4,0.0,20010.0,1.0,1.42,28014.0,CTE,10.0,5.0,6.0,6.0,6.0,1,10.0,10.0,3.0,3.0,6.0,5.0,6.0,,1.0,,7.0,5.0,6.0,10.0,9.0,2.0,1.0,1.0,3.0,7.0,,,,4.0,,,10.0,1.0,5.0,4.0,8.0,4.0,,,,,10.0,1.0,10.0,10.0,10.0,,,1.0,1.0,7,10.0,10,1
2007-06-28,83592,,11,2,3841.0,14160C10,CTE,CARDIOTECH INTERNATIONAL INC,CTE,339112.0,A,A,R,31655,2,3841.0,,,,38.0,384.0,,,,,,,1.45,0.035714,20010.0,1.0,1.5,29014.5,CTE,10.0,5.0,6.0,6.0,6.0,1,10.0,10.0,3.0,3.0,6.0,5.0,6.0,,1.0,,7.0,5.0,6.0,10.0,9.0,2.0,1.0,1.0,3.0,7.0,,,,4.0,,,10.0,1.0,5.0,4.0,8.0,4.0,,,,,10.0,1.0,10.0,10.0,10.0,,,1.0,1.0,7,10.0,10,1
2007-06-29,83592,,11,2,3841.0,14160C10,CTE,CARDIOTECH INTERNATIONAL INC,CTE,339112.0,A,A,R,31655,2,3841.0,,,,38.0,384.0,,,,,,,1.33,-0.082759,20032.0,1.0,1.42,26642.56,CTE,10.0,5.0,6.0,6.0,6.0,1,10.0,10.0,3.0,3.0,6.0,5.0,6.0,,1.0,,7.0,5.0,6.0,10.0,9.0,2.0,1.0,1.0,3.0,7.0,,,,4.0,,,10.0,1.0,5.0,4.0,8.0,4.0,,,,,10.0,1.0,10.0,10.0,10.0,,,1.0,1.0,7,10.0,10,1
2007-07-02,83592,,11,2,3841.0,14160C10,CTE,CARDIOTECH INTERNATIONAL INC,CTE,339112.0,A,A,R,31655,2,3841.0,,,,38.0,384.0,,,,,,,1.3,-0.022556,20032.0,1.0,1.27,26041.6,CTE,10.0,5.0,5.0,7.0,4.0,1,10.0,10.0,4.0,9.0,10.0,6.0,4.0,,1.0,,9.0,8.0,10.0,10.0,8.0,2.0,1.0,1.0,4.0,8.0,,,,4.0,,,10.0,1.0,9.0,8.0,7.0,4.0,,1.0,1.0,1.0,3.0,1.0,10.0,5.0,3.0,,,1.0,1.0,7,10.0,10,1
2007-07-03,83592,,11,2,3841.0,14160C10,CTE,CARDIOTECH INTERNATIONAL INC,CTE,339112.0,A,A,R,31655,2,3841.0,,,,38.0,384.0,,,,,,,1.37,0.053846,20032.0,1.0,1.28,27443.84,CTE,10.0,5.0,5.0,7.0,4.0,1,10.0,10.0,4.0,9.0,10.0,6.0,4.0,,1.0,,9.0,8.0,10.0,10.0,8.0,2.0,1.0,1.0,4.0,8.0,,,,4.0,,,10.0,1.0,9.0,8.0,7.0,4.0,,1.0,1.0,1.0,3.0,1.0,10.0,5.0,3.0,,,1.0,1.0,7,10.0,10,1
2007-07-05,83592,,11,2,3841.0,14160C10,CTE,CARDIOTECH INTERNATIONAL INC,CTE,339112.0,A,A,R,31655,2,3841.0,,,,38.0,384.0,,,,,,,1.4,0.021898,20032.0,1.0,1.37,28044.8,CTE,10.0,5.0,5.0,7.0,4.0,1,10.0,10.0,4.0,9.0,10.0,6.0,4.0,,1.0,,9.0,8.0,10.0,10.0,8.0,2.0,1.0,1.0,4.0,8.0,,,,4.0,,,10.0,1.0,9.0,8.0,7.0,4.0,,1.0,1.0,1.0,3.0,1.0,10.0,5.0,3.0,,,1.0,1.0,7,10.0,10,1
2007-07-06,83592,,11,2,3841.0,14160C10,CTE,CARDIOTECH INTERNATIONAL INC,CTE,339112.0,A,A,R,31655,2,3841.0,,,,38.0,384.0,,,,,,,1.4,0.0,20032.0,1.0,1.43,28044.8,CTE,10.0,5.0,5.0,7.0,4.0,1,10.0,10.0,4.0,9.0,10.0,6.0,4.0,,1.0,,9.0,8.0,10.0,10.0,8.0,2.0,1.0,1.0,4.0,8.0,,,,4.0,,,10.0,1.0,9.0,8.0,7.0,4.0,,1.0,1.0,1.0,3.0,1.0,10.0,5.0,3.0,,,1.0,1.0,7,10.0,10,1
2007-07-09,83592,,11,2,3841.0,14160C10,CTE,CARDIOTECH INTERNATIONAL INC,CTE,339112.0,A,A,R,31655,2,3841.0,,,,38.0,384.0,,,,,,,1.43,0.021429,20032.0,1.0,1.42,28645.76,CTE,10.0,5.0,5.0,7.0,4.0,1,10.0,10.0,4.0,9.0,10.0,6.0,4.0,,1.0,,9.0,8.0,10.0,10.0,8.0,2.0,1.0,1.0,4.0,8.0,,,,4.0,,,10.0,1.0,9.0,8.0,7.0,4.0,,1.0,1.0,1.0,3.0,1.0,10.0,5.0,3.0,,,1.0,1.0,7,10.0,10,1
2007-07-10,83592,,11,2,3841.0,14160C10,CTE,CARDIOTECH INTERNATIONAL INC,CTE,339112.0,A,A,R,31655,2,3841.0,,,,38.0,384.0,,,,,,,1.4,-0.020979,20032.0,1.0,1.43,28044.8,CTE,10.0,5.0,5.0,7.0,4.0,1,10.0,10.0,4.0,9.0,10.0,6.0,4.0,,1.0,,9.0,8.0,10.0,10.0,8.0,2.0,1.0,1.0,4.0,8.0,,,,4.0,,,10.0,1.0,9.0,8.0,7.0,4.0,,1.0,1.0,1.0,3.0,1.0,10.0,5.0,3.0,,,1.0,1.0,7,10.0,10,1
2007-07-11,83592,,11,2,3841.0,14160C10,CTE,CARDIOTECH INTERNATIONAL INC,CTE,339112.0,A,A,R,31655,2,3841.0,,,,38.0,384.0,,,,,,,1.48,0.057143,20032.0,1.0,1.4,29647.36,CTE,10.0,5.0,5.0,7.0,4.0,1,10.0,10.0,4.0,9.0,10.0,6.0,4.0,,1.0,,9.0,8.0,10.0,10.0,8.0,2.0,1.0,1.0,4.0,8.0,,,,4.0,,,10.0,1.0,9.0,8.0,7.0,4.0,,1.0,1.0,1.0,3.0,1.0,10.0,5.0,3.0,,,1.0,1.0,7,10.0,10,1
2007-07-12,83592,,11,2,3841.0,14160C10,CTE,CARDIOTECH INTERNATIONAL INC,CTE,339112.0,A,A,R,31655,2,3841.0,,,,38.0,384.0,,,,,,,1.44,-0.027027,20032.0,1.0,1.48,28846.08,CTE,10.0,5.0,5.0,7.0,4.0,1,10.0,10.0,4.0,9.0,10.0,6.0,4.0,,1.0,,9.0,8.0,10.0,10.0,8.0,2.0,1.0,1.0,4.0,8.0,,,,4.0,,,10.0,1.0,9.0,8.0,7.0,4.0,,1.0,1.0,1.0,3.0,1.0,10.0,5.0,3.0,,,1.0,1.0,7,10.0,10,1
2007-07-13,83592,,11,2,3841.0,14160C10,CTE,CARDIOTECH INTERNATIONAL INC,CTE,339112.0,A,A,R,31655,2,3841.0,,,,38.0,384.0,,,,,,,1.38,-0.041667,20032.0,1.0,1.49,27644.16,CTE,10.0,5.0,5.0,7.0,4.0,1,10.0,10.0,4.0,9.0,10.0,6.0,4.0,,1.0,,9.0,8.0,10.0,10.0,8.0,2.0,1.0,1.0,4.0,8.0,,,,4.0,,,10.0,1.0,9.0,8.0,7.0,4.0,,1.0,1.0,1.0,3.0,1.0,10.0,5.0,3.0,,,1.0,1.0,7,10.0,10,1
2007-07-16,83592,,11,2,3841.0,14160C10,CTE,CARDIOTECH INTERNATIONAL INC,CTE,339112.0,A,A,R,31655,2,3841.0,,,,38.0,384.0,,,,,,,1.35,-0.021739,20032.0,1.0,1.38,27043.2,CTE,10.0,5.0,5.0,7.0,4.0,1,10.0,10.0,4.0,9.0,10.0,6.0,4.0,,1.0,,9.0,8.0,10.0,10.0,8.0,2.0,1.0,1.0,4.0,8.0,,,,4.0,,,10.0,1.0,9.0,8.0,7.0,4.0,,1.0,1.0,1.0,3.0,1.0,10.0,5.0,3.0,,,1.0,1.0,7,10.0,10,1
2007-07-17,83592,,11,2,3841.0,14160C10,CTE,CARDIOTECH INTERNATIONAL INC,CTE,339112.0,A,A,R,31655,2,3841.0,,,,38.0,384.0,,,,,,,1.38,0.022222,20032.0,1.0,1.36,27644.16,CTE,10.0,5.0,5.0,7.0,4.0,1,10.0,10.0,4.0,9.0,10.0,6.0,4.0,,1.0,,9.0,8.0,10.0,10.0,8.0,2.0,1.0,1.0,4.0,8.0,,,,4.0,,,10.0,1.0,9.0,8.0,7.0,4.0,,1.0,1.0,1.0,3.0,1.0,10.0,5.0,3.0,,,1.0,1.0,7,10.0,10,1
2007-07-18,83592,,11,2,3841.0,14160C10,CTE,CARDIOTECH INTERNATIONAL INC,CTE,339112.0,A,A,R,31655,2,3841.0,,,,38.0,384.0,,,,,,,1.4,0.014493,20032.0,1.0,1.41,28044.8,CTE,10.0,5.0,5.0,7.0,4.0,1,10.0,10.0,4.0,9.0,10.0,6.0,4.0,,1.0,,9.0,8.0,10.0,10.0,8.0,2.0,1.0,1.0,4.0,8.0,,,,4.0,,,10.0,1.0,9.0,8.0,7.0,4.0,,1.0,1.0,1.0,3.0,1.0,10.0,5.0,3.0,,,1.0,1.0,7,10.0,10,1
2007-07-19,83592,,11,2,3841.0,14160C10,CTE,CARDIOTECH INTERNATIONAL INC,CTE,339112.0,A,A,R,31655,2,3841.0,,,,38.0,384.0,,,,,,,1.3752,-0.017714,20032.0,1.0,1.36,27548.0064,CTE,10.0,5.0,5.0,7.0,4.0,1,10.0,10.0,4.0,9.0,10.0,6.0,4.0,,1.0,,9.0,8.0,10.0,10.0,8.0,2.0,1.0,1.0,4.0,8.0,,,,4.0,,,10.0,1.0,9.0,8.0,7.0,4.0,,1.0,1.0,1.0,3.0,1.0,10.0,5.0,3.0,,,1.0,1.0,7,10.0,10,1
2007-07-20,83592,,11,2,3841.0,14160C10,CTE,CARDIOTECH INTERNATIONAL INC,CTE,339112.0,A,A,R,31655,2,3841.0,,,,38.0,384.0,,,,,,,1.33,-0.032868,20032.0,1.0,1.34,26642.56,CTE,10.0,5.0,5.0,7.0,4.0,1,10.0,10.0,4.0,9.0,10.0,6.0,4.0,,1.0,,9.0,8.0,10.0,10.0,8.0,2.0,1.0,1.0,4.0,8.0,,,,4.0,,,10.0,1.0,9.0,8.0,7.0,4.0,,1.0,1.0,1.0,3.0,1.0,10.0,5.0,3.0,,,1.0,1.0,7,10.0,10,1
2007-07-23,83592,,11,2,3841.0,14160C10,CTE,CARDIOTECH INTERNATIONAL INC,CTE,339112.0,A,A,R,31655,2,3841.0,,,,38.0,384.0,,,,,,,1.3354,0.00406,20032.0,1.0,1.33,26750.7328,CTE,10.0,5.0,5.0,7.0,4.0,1,10.0,10.0,4.0,9.0,10.0,6.0,4.0,,1.0,,9.0,8.0,10.0,10.0,8.0,2.0,1.0,1.0,4.0,8.0,,,,4.0,,,10.0,1.0,9.0,8.0,7.0,4.0,,1.0,1.0,1.0,3.0,1.0,10.0,5.0,3.0,,,1.0,1.0,7,10.0,10,1
2007-07-24,83592,,11,2,3841.0,14160C10,CTE,CARDIOTECH INTERNATIONAL INC,CTE,339112.0,A,A,R,31655,2,3841.0,,,,38.0,384.0,,,,,,,1.353,0.01318,20032.0,1.0,1.36,27103.296,CTE,10.0,5.0,5.0,7.0,4.0,1,10.0,10.0,4.0,9.0,10.0,6.0,4.0,,1.0,,9.0,8.0,10.0,10.0,8.0,2.0,1.0,1.0,4.0,8.0,,,,4.0,,,10.0,1.0,9.0,8.0,7.0,4.0,,1.0,1.0,1.0,3.0,1.0,10.0,5.0,3.0,,,1.0,1.0,7,10.0,10,1
2007-07-25,83592,,11,2,3841.0,14160C10,CTE,CARDIOTECH INTERNATIONAL INC,CTE,339112.0,A,A,R,31655,2,3841.0,,,,38.0,384.0,,,,,,,1.41,0.042129,20032.0,1.0,1.4,28245.12,CTE,10.0,5.0,5.0,7.0,4.0,1,10.0,10.0,4.0,9.0,10.0,6.0,4.0,,1.0,,9.0,8.0,10.0,10.0,8.0,2.0,1.0,1.0,4.0,8.0,,,,4.0,,,10.0,1.0,9.0,8.0,7.0,4.0,,1.0,1.0,1.0,3.0,1.0,10.0,5.0,3.0,,,1.0,1.0,7,10.0,10,1
2007-07-26,83592,,11,2,3841.0,14160C10,CTE,CARDIOTECH INTERNATIONAL INC,CTE,339112.0,A,A,R,31655,2,3841.0,,,,38.0,384.0,,,,,,,1.27,-0.099291,20032.0,1.0,1.34,25440.64,CTE,10.0,5.0,5.0,7.0,4.0,1,10.0,10.0,4.0,9.0,10.0,6.0,4.0,,1.0,,9.0,8.0,10.0,10.0,8.0,2.0,1.0,1.0,4.0,8.0,,,,4.0,,,10.0,1.0,9.0,8.0,7.0,4.0,,1.0,1.0,1.0,3.0,1.0,10.0,5.0,3.0,,,1.0,1.0,7,10.0,10,1
2007-07-27,83592,,11,2,3841.0,14160C10,CTE,CARDIOTECH INTERNATIONAL INC,CTE,339112.0,A,A,R,31655,2,3841.0,,,,38.0,384.0,,,,,,,1.31,0.031496,20032.0,1.0,1.2601,26241.92,CTE,10.0,5.0,5.0,7.0,4.0,1,10.0,10.0,4.0,9.0,10.0,6.0,4.0,,1.0,,9.0,8.0,10.0,10.0,8.0,2.0,1.0,1.0,4.0,8.0,,,,4.0,,,10.0,1.0,9.0,8.0,7.0,4.0,,1.0,1.0,1.0,3.0,1.0,10.0,5.0,3.0,,,1.0,1.0,7,10.0,10,1
2007-07-30,83592,,11,2,3841.0,14160C10,CTE,CARDIOTECH INTERNATIONAL INC,CTE,339112.0,A,A,R,31655,2,3841.0,,,,38.0,384.0,,,,,,,1.28,-0.022901,20032.0,1.0,1.29,25640.96,CTE,10.0,5.0,5.0,7.0,4.0,1,10.0,10.0,4.0,9.0,10.0,6.0,4.0,,1.0,,9.0,8.0,10.0,10.0,8.0,2.0,1.0,1.0,4.0,8.0,,,,4.0,,,10.0,1.0,9.0,8.0,7.0,4.0,,1.0,1.0,1.0,3.0,1.0,10.0,5.0,3.0,,,1.0,1.0,7,10.0,10,1
2007-07-31,83592,,11,2,3841.0,14160C10,CTE,CARDIOTECH INTERNATIONAL INC,CTE,339112.0,A,A,R,31655,2,3841.0,,,,38.0,384.0,,,,,,,1.32,0.03125,20032.0,1.0,1.28,26442.24,CTE,10.0,5.0,5.0,7.0,4.0,1,10.0,10.0,4.0,9.0,10.0,6.0,4.0,,1.0,,9.0,8.0,10.0,10.0,8.0,2.0,1.0,1.0,4.0,8.0,,,,4.0,,,10.0,1.0,9.0,8.0,7.0,4.0,,1.0,1.0,1.0,3.0,1.0,10.0,5.0,3.0,,,1.0,1.0,7,10.0,10,1
2007-08-01,83592,,11,2,3841.0,14160C10,CTE,CARDIOTECH INTERNATIONAL INC,CTE,339112.0,A,A,R,31655,2,3841.0,,,,38.0,384.0,,,,,,,1.33,0.007576,20032.0,1.0,1.3,26642.56,CTE,10.0,5.0,5.0,7.0,4.0,1,10.0,10.0,4.0,9.0,10.0,6.0,4.0,,1.0,,9.0,8.0,10.0,10.0,8.0,2.0,1.0,1.0,4.0,8.0,,,,3.0,,,10.0,1.0,9.0,9.0,7.0,4.0,,1.0,1.0,1.0,3.0,1.0,10.0,1.0,4.0,,,1.0,1.0,7,10.0,10,1
2007-08-02,83592,,11,2,3841.0,14160C10,CTE,CARDIOTECH INTERNATIONAL INC,CTE,339112.0,A,A,R,31655,2,3841.0,,,,38.0,384.0,,,,,,,1.33,0.0,20032.0,1.0,1.31,26642.56,CTE,10.0,5.0,5.0,7.0,4.0,1,10.0,10.0,4.0,9.0,10.0,6.0,4.0,,1.0,,9.0,8.0,10.0,10.0,8.0,2.0,1.0,1.0,4.0,8.0,,,,3.0,,,10.0,1.0,9.0,9.0,7.0,4.0,,1.0,1.0,1.0,3.0,1.0,10.0,1.0,4.0,,,1.0,1.0,7,10.0,10,1
2007-08-03,83592,,11,2,3841.0,14160C10,CTE,CARDIOTECH INTERNATIONAL INC,CTE,339112.0,A,A,R,31655,2,3841.0,,,,38.0,384.0,,,,,,,1.3,-0.022556,20032.0,1.0,1.3,26041.6,CTE,10.0,5.0,5.0,7.0,4.0,1,10.0,10.0,4.0,9.0,10.0,6.0,4.0,,1.0,,9.0,8.0,10.0,10.0,8.0,2.0,1.0,1.0,4.0,8.0,,,,3.0,,,10.0,1.0,9.0,9.0,7.0,4.0,,1.0,1.0,1.0,3.0,1.0,10.0,1.0,4.0,,,1.0,1.0,7,10.0,10,1
2007-08-06,83592,,11,2,3841.0,14160C10,CTE,CARDIOTECH INTERNATIONAL INC,CTE,339112.0,A,A,R,31655,2,3841.0,,,,38.0,384.0,,,,,,,1.261,-0.03,20032.0,1.0,1.31,25260.352,CTE,10.0,5.0,5.0,7.0,4.0,1,10.0,10.0,4.0,9.0,10.0,6.0,4.0,,1.0,,9.0,8.0,10.0,10.0,8.0,2.0,1.0,1.0,4.0,8.0,,,,3.0,,,10.0,1.0,9.0,9.0,7.0,4.0,,1.0,1.0,1.0,3.0,1.0,10.0,1.0,4.0,,,1.0,1.0,7,10.0,10,1
2007-08-07,83592,,11,2,3841.0,14160C10,CTE,CARDIOTECH INTERNATIONAL INC,CTE,339112.0,A,A,R,31655,2,3841.0,,,,38.0,384.0,,,,,,,1.26,-0.000793,20032.0,1.0,1.26,25240.32,CTE,10.0,5.0,5.0,7.0,4.0,1,10.0,10.0,4.0,9.0,10.0,6.0,4.0,,1.0,,9.0,8.0,10.0,10.0,8.0,2.0,1.0,1.0,4.0,8.0,,,,3.0,,,10.0,1.0,9.0,9.0,7.0,4.0,,1.0,1.0,1.0,3.0,1.0,10.0,1.0,4.0,,,1.0,1.0,7,10.0,10,1
2007-08-08,83592,,11,2,3841.0,14160C10,CTE,CARDIOTECH INTERNATIONAL INC,CTE,339112.0,A,A,R,31655,2,3841.0,,,,38.0,384.0,,,,,,,1.26,0.0,20032.0,1.0,1.25,25240.32,CTE,10.0,5.0,5.0,7.0,4.0,1,10.0,10.0,4.0,9.0,10.0,6.0,4.0,,1.0,,9.0,8.0,10.0,10.0,8.0,2.0,1.0,1.0,4.0,8.0,,,,3.0,,,10.0,1.0,9.0,9.0,7.0,4.0,,1.0,1.0,1.0,3.0,1.0,10.0,1.0,4.0,,,1.0,1.0,7,10.0,10,1
2007-08-09,83592,,11,2,3841.0,14160C10,CTE,CARDIOTECH INTERNATIONAL INC,CTE,339112.0,A,A,R,31655,2,3841.0,,,,38.0,384.0,,,,,,,1.21,-0.039683,20032.0,1.0,1.25,24238.72,CTE,10.0,5.0,5.0,7.0,4.0,1,10.0,10.0,4.0,9.0,10.0,6.0,4.0,,1.0,,9.0,8.0,10.0,10.0,8.0,2.0,1.0,1.0,4.0,8.0,,,,3.0,,,10.0,1.0,9.0,9.0,7.0,4.0,,1.0,1.0,1.0,3.0,1.0,10.0,1.0,4.0,,,1.0,1.0,7,10.0,10,1
2007-08-10,83592,,11,2,3841.0,14160C10,CTE,CARDIOTECH INTERNATIONAL INC,CTE,339112.0,A,A,R,31655,2,3841.0,,,,38.0,384.0,,,,,,,1.18,-0.024793,20032.0,1.0,1.21,23637.76,CTE,10.0,5.0,5.0,7.0,4.0,1,10.0,10.0,4.0,9.0,10.0,6.0,4.0,,1.0,,9.0,8.0,10.0,10.0,8.0,2.0,1.0,1.0,4.0,8.0,,,,3.0,,,10.0,1.0,9.0,9.0,7.0,4.0,,1.0,1.0,1.0,3.0,1.0,10.0,1.0,4.0,,,1.0,1.0,7,10.0,10,1
2007-08-13,83592,,11,2,3841.0,14160C10,CTE,CARDIOTECH INTERNATIONAL INC,CTE,339112.0,A,A,R,31655,2,3841.0,,,,38.0,384.0,,,,,,,1.27,0.076271,20032.0,1.0,1.22,25440.64,CTE,10.0,5.0,5.0,7.0,4.0,1,10.0,10.0,4.0,9.0,10.0,6.0,4.0,,1.0,,9.0,8.0,10.0,10.0,8.0,2.0,1.0,1.0,4.0,8.0,,,,3.0,,,10.0,1.0,9.0,9.0,7.0,4.0,,1.0,1.0,1.0,3.0,1.0,10.0,1.0,4.0,,,1.0,1.0,7,10.0,10,1
2007-08-14,83592,,11,2,3841.0,14160C10,CTE,CARDIOTECH INTERNATIONAL INC,CTE,339112.0,A,A,R,31655,2,3841.0,,,,38.0,384.0,,,,,,,1.23,-0.031496,20032.0,1.0,1.25,24639.36,CTE,10.0,5.0,5.0,7.0,4.0,1,10.0,10.0,4.0,9.0,10.0,6.0,4.0,,1.0,,9.0,8.0,10.0,10.0,8.0,2.0,1.0,1.0,4.0,8.0,,,,3.0,,,10.0,1.0,9.0,9.0,7.0,4.0,,1.0,1.0,1.0,3.0,1.0,10.0,1.0,4.0,,,1.0,1.0,7,10.0,10,1
2007-08-15,83592,,11,2,3841.0,14160C10,CTE,CARDIOTECH INTERNATIONAL INC,CTE,339112.0,A,A,R,31655,2,3841.0,,,,38.0,384.0,,,,,,,1.27,0.03252,20032.0,1.0,1.21,25440.64,CTE,10.0,5.0,5.0,7.0,4.0,1,10.0,10.0,4.0,9.0,10.0,6.0,4.0,,1.0,,9.0,8.0,10.0,10.0,8.0,2.0,1.0,1.0,4.0,8.0,,,,3.0,,,10.0,1.0,9.0,9.0,7.0,4.0,,1.0,1.0,1.0,3.0,1.0,10.0,1.0,4.0,,,1.0,1.0,7,10.0,10,1
2007-08-16,83592,,11,2,3841.0,14160C10,CTE,CARDIOTECH INTERNATIONAL INC,CTE,339112.0,A,A,R,31655,2,3841.0,,,,38.0,384.0,,,,,,,1.21,-0.047244,20032.0,1.0,1.27,24238.72,CTE,10.0,5.0,5.0,7.0,4.0,1,10.0,10.0,4.0,9.0,10.0,6.0,4.0,,1.0,,9.0,8.0,10.0,10.0,8.0,2.0,1.0,1.0,4.0,8.0,,,,3.0,,,10.0,1.0,9.0,9.0,7.0,4.0,,1.0,1.0,1.0,3.0,1.0,10.0,1.0,4.0,,,1.0,1.0,7,10.0,10,1
2007-08-17,83592,,11,2,3841.0,14160C10,CTE,CARDIOTECH INTERNATIONAL INC,CTE,339112.0,A,A,R,31655,2,3841.0,,,,38.0,384.0,,,,,,,1.22,0.008264,20032.0,1.0,1.52,24439.04,CTE,10.0,5.0,5.0,7.0,4.0,1,10.0,10.0,4.0,9.0,10.0,6.0,4.0,,1.0,,9.0,8.0,10.0,10.0,8.0,2.0,1.0,1.0,4.0,8.0,,,,3.0,,,10.0,1.0,9.0,9.0,7.0,4.0,,1.0,1.0,1.0,3.0,1.0,10.0,1.0,4.0,,,1.0,1.0,7,10.0,10,1
2007-08-20,83592,,11,2,3841.0,14160C10,CTE,CARDIOTECH INTERNATIONAL INC,CTE,339112.0,A,A,R,31655,2,3841.0,,,,38.0,384.0,,,,,,,1.23,0.008197,20032.0,1.0,1.23,24639.36,CTE,10.0,5.0,5.0,7.0,4.0,1,10.0,10.0,4.0,9.0,10.0,6.0,4.0,,1.0,,9.0,8.0,10.0,10.0,8.0,2.0,1.0,1.0,4.0,8.0,,,,3.0,,,10.0,1.0,9.0,9.0,7.0,4.0,,1.0,1.0,1.0,3.0,1.0,10.0,1.0,4.0,,,1.0,1.0,7,10.0,10,1
2007-08-21,83592,,11,2,3841.0,14160C10,CTE,CARDIOTECH INTERNATIONAL INC,CTE,339112.0,A,A,R,31655,2,3841.0,,,,38.0,384.0,,,,,,,1.22,-0.00813,20032.0,1.0,1.19,24439.04,CTE,10.0,5.0,5.0,7.0,4.0,1,10.0,10.0,4.0,9.0,10.0,6.0,4.0,,1.0,,9.0,8.0,10.0,10.0,8.0,2.0,1.0,1.0,4.0,8.0,,,,3.0,,,10.0,1.0,9.0,9.0,7.0,4.0,,1.0,1.0,1.0,3.0,1.0,10.0,1.0,4.0,,,1.0,1.0,7,10.0,10,1
2007-08-22,83592,,11,2,3841.0,14160C10,CTE,CARDIOTECH INTERNATIONAL INC,CTE,339112.0,A,A,R,31655,2,3841.0,,,,38.0,384.0,,,,,,,1.21,-0.008197,20032.0,1.0,1.2,24238.72,CTE,10.0,5.0,5.0,7.0,4.0,1,10.0,10.0,4.0,9.0,10.0,6.0,4.0,,1.0,,9.0,8.0,10.0,10.0,8.0,2.0,1.0,1.0,4.0,8.0,,,,3.0,,,10.0,1.0,9.0,9.0,7.0,4.0,,1.0,1.0,1.0,3.0,1.0,10.0,1.0,4.0,,,1.0,1.0,7,10.0,10,1
2007-08-23,83592,,11,2,3841.0,14160C10,CTE,CARDIOTECH INTERNATIONAL INC,CTE,339112.0,A,A,R,31655,2,3841.0,,,,38.0,384.0,,,,,,,1.18,-0.024793,20032.0,1.0,1.2,23637.76,CTE,10.0,5.0,5.0,7.0,4.0,1,10.0,10.0,4.0,9.0,10.0,6.0,4.0,,1.0,,9.0,8.0,10.0,10.0,8.0,2.0,1.0,1.0,4.0,8.0,,,,3.0,,,10.0,1.0,9.0,9.0,7.0,4.0,,1.0,1.0,1.0,3.0,1.0,10.0,1.0,4.0,,,1.0,1.0,7,10.0,10,1
2007-08-24,83592,,11,2,3841.0,14160C10,CTE,CARDIOTECH INTERNATIONAL INC,CTE,339112.0,A,A,R,31655,2,3841.0,,,,38.0,384.0,,,,,,,1.23,0.042373,20032.0,1.0,1.22,24639.36,CTE,10.0,5.0,5.0,7.0,4.0,1,10.0,10.0,4.0,9.0,10.0,6.0,4.0,,1.0,,9.0,8.0,10.0,10.0,8.0,2.0,1.0,1.0,4.0,8.0,,,,3.0,,,10.0,1.0,9.0,9.0,7.0,4.0,,1.0,1.0,1.0,3.0,1.0,10.0,1.0,4.0,,,1.0,1.0,7,10.0,10,1
2007-08-27,83592,,11,2,3841.0,14160C10,CTE,CARDIOTECH INTERNATIONAL INC,CTE,339112.0,A,A,R,31655,2,3841.0,,,,38.0,384.0,,,,,,,1.18,-0.04065,20032.0,1.0,1.2,23637.76,CTE,10.0,5.0,5.0,7.0,4.0,1,10.0,10.0,4.0,9.0,10.0,6.0,4.0,,1.0,,9.0,8.0,10.0,10.0,8.0,2.0,1.0,1.0,4.0,8.0,,,,3.0,,,10.0,1.0,9.0,9.0,7.0,4.0,,1.0,1.0,1.0,3.0,1.0,10.0,1.0,4.0,,,1.0,1.0,7,10.0,10,1
2007-08-28,83592,,11,2,3841.0,14160C10,CTE,CARDIOTECH INTERNATIONAL INC,CTE,339112.0,A,A,R,31655,2,3841.0,,,,38.0,384.0,,,,,,,1.15,-0.025424,20032.0,1.0,1.18,23036.8,CTE,10.0,5.0,5.0,7.0,4.0,1,10.0,10.0,4.0,9.0,10.0,6.0,4.0,,1.0,,9.0,8.0,10.0,10.0,8.0,2.0,1.0,1.0,4.0,8.0,,,,3.0,,,10.0,1.0,9.0,9.0,7.0,4.0,,1.0,1.0,1.0,3.0,1.0,10.0,1.0,4.0,,,1.0,1.0,7,10.0,10,1
2007-08-29,83592,,11,2,3841.0,14160C10,CTE,CARDIOTECH INTERNATIONAL INC,CTE,339112.0,A,A,R,31655,2,3841.0,,,,38.0,384.0,,,,,,,1.23,0.069565,20032.0,1.0,1.17,24639.36,CTE,10.0,5.0,5.0,7.0,4.0,1,10.0,10.0,4.0,9.0,10.0,6.0,4.0,,1.0,,9.0,8.0,10.0,10.0,8.0,2.0,1.0,1.0,4.0,8.0,,,,3.0,,,10.0,1.0,9.0,9.0,7.0,4.0,,1.0,1.0,1.0,3.0,1.0,10.0,1.0,4.0,,,1.0,1.0,7,10.0,10,1
2007-08-30,83592,,11,2,3841.0,14160C10,CTE,CARDIOTECH INTERNATIONAL INC,CTE,339112.0,A,A,R,31655,2,3841.0,,,,38.0,384.0,,,,,,,1.24,0.00813,20032.0,1.0,1.23,24839.68,CTE,10.0,5.0,5.0,7.0,4.0,1,10.0,10.0,4.0,9.0,10.0,6.0,4.0,,1.0,,9.0,8.0,10.0,10.0,8.0,2.0,1.0,1.0,4.0,8.0,,,,3.0,,,10.0,1.0,9.0,9.0,7.0,4.0,,1.0,1.0,1.0,3.0,1.0,10.0,1.0,4.0,,,1.0,1.0,7,10.0,10,1
2007-08-31,83592,,11,2,3841.0,14160C10,CTE,CARDIOTECH INTERNATIONAL INC,CTE,339112.0,A,A,R,31655,2,3841.0,,,,38.0,384.0,,,,,,,1.23,-0.008065,20032.0,1.0,1.2,24639.36,CTE,10.0,5.0,5.0,7.0,4.0,1,10.0,10.0,4.0,9.0,10.0,6.0,4.0,,1.0,,9.0,8.0,10.0,10.0,8.0,2.0,1.0,1.0,4.0,8.0,,,,3.0,,,10.0,1.0,9.0,9.0,7.0,4.0,,1.0,1.0,1.0,3.0,1.0,10.0,1.0,4.0,,,1.0,1.0,7,10.0,10,1
2007-09-04,83592,,11,2,3841.0,14160C10,CTE,CARDIOTECH INTERNATIONAL INC,CTE,339112.0,A,A,R,31655,2,3841.0,,,,38.0,384.0,,,,,,,1.18,-0.04065,20032.0,1.0,1.21,23637.76,CTE,10.0,5.0,5.0,7.0,4.0,1,10.0,10.0,4.0,9.0,10.0,6.0,4.0,,1.0,,9.0,8.0,10.0,10.0,8.0,2.0,1.0,1.0,4.0,8.0,,,,6.0,,,10.0,5.0,10.0,10.0,8.0,4.0,,2.0,1.0,,9.0,1.0,10.0,6.0,9.0,,,1.0,1.0,7,10.0,10,1
2007-09-05,83592,,11,2,3841.0,14160C10,CTE,CARDIOTECH INTERNATIONAL INC,CTE,339112.0,A,A,R,31655,2,3841.0,,,,38.0,384.0,,,,,,,1.15,-0.025424,20032.0,1.0,1.19,23036.8,CTE,10.0,5.0,5.0,7.0,4.0,1,10.0,10.0,4.0,9.0,10.0,6.0,4.0,,1.0,,9.0,8.0,10.0,10.0,8.0,2.0,1.0,1.0,4.0,8.0,,,,6.0,,,10.0,5.0,10.0,10.0,8.0,4.0,,2.0,1.0,,9.0,1.0,10.0,6.0,9.0,,,1.0,1.0,7,10.0,10,1
2007-09-06,83592,,11,2,3841.0,14160C10,CTE,CARDIOTECH INTERNATIONAL INC,CTE,339112.0,A,A,R,31655,2,3841.0,,,,38.0,384.0,,,,,,,1.23,0.069565,20032.0,1.0,1.2,24639.36,CTE,10.0,5.0,5.0,7.0,4.0,1,10.0,10.0,4.0,9.0,10.0,6.0,4.0,,1.0,,9.0,8.0,10.0,10.0,8.0,2.0,1.0,1.0,4.0,8.0,,,,6.0,,,10.0,5.0,10.0,10.0,8.0,4.0,,2.0,1.0,,9.0,1.0,10.0,6.0,9.0,,,1.0,1.0,7,10.0,10,1
2007-09-07,83592,,11,2,3841.0,14160C10,CTE,CARDIOTECH INTERNATIONAL INC,CTE,339112.0,A,A,R,31655,2,3841.0,,,,38.0,384.0,,,,,,,1.25,0.01626,20032.0,1.0,1.2,25040.0,CTE,10.0,5.0,5.0,7.0,4.0,1,10.0,10.0,4.0,9.0,10.0,6.0,4.0,,1.0,,9.0,8.0,10.0,10.0,8.0,2.0,1.0,1.0,4.0,8.0,,,,6.0,,,10.0,5.0,10.0,10.0,8.0,4.0,,2.0,1.0,,9.0,1.0,10.0,6.0,9.0,,,1.0,1.0,7,10.0,10,1
2007-09-10,83592,,11,2,3841.0,14160C10,CTE,CARDIOTECH INTERNATIONAL INC,CTE,339112.0,A,A,R,31655,2,3841.0,,,,38.0,384.0,,,,,,,1.23,-0.016,20032.0,1.0,1.25,24639.36,CTE,10.0,5.0,5.0,7.0,4.0,1,10.0,10.0,4.0,9.0,10.0,6.0,4.0,,1.0,,9.0,8.0,10.0,10.0,8.0,2.0,1.0,1.0,4.0,8.0,,,,6.0,,,10.0,5.0,10.0,10.0,8.0,4.0,,2.0,1.0,,9.0,1.0,10.0,6.0,9.0,,,1.0,1.0,7,10.0,10,1
2007-09-11,83592,,11,2,3841.0,14160C10,CTE,CARDIOTECH INTERNATIONAL INC,CTE,339112.0,A,A,R,31655,2,3841.0,,,,38.0,384.0,,,,,,,1.23,0.0,20032.0,1.0,1.23,24639.36,CTE,10.0,5.0,5.0,7.0,4.0,1,10.0,10.0,4.0,9.0,10.0,6.0,4.0,,1.0,,9.0,8.0,10.0,10.0,8.0,2.0,1.0,1.0,4.0,8.0,,,,6.0,,,10.0,5.0,10.0,10.0,8.0,4.0,,2.0,1.0,,9.0,1.0,10.0,6.0,9.0,,,1.0,1.0,7,10.0,10,1
2007-09-12,83592,,11,2,3841.0,14160C10,CTE,CARDIOTECH INTERNATIONAL INC,CTE,339112.0,A,A,R,31655,2,3841.0,,,,38.0,384.0,,,,,,,1.24,0.00813,20032.0,1.0,1.23,24839.68,CTE,10.0,5.0,5.0,7.0,4.0,1,10.0,10.0,4.0,9.0,10.0,6.0,4.0,,1.0,,9.0,8.0,10.0,10.0,8.0,2.0,1.0,1.0,4.0,8.0,,,,6.0,,,10.0,5.0,10.0,10.0,8.0,4.0,,2.0,1.0,,9.0,1.0,10.0,6.0,9.0,,,1.0,1.0,7,10.0,10,1
2007-09-13,83592,,11,2,3841.0,14160C10,CTE,CARDIOTECH INTERNATIONAL INC,CTE,339112.0,A,A,R,31655,2,3841.0,,,,38.0,384.0,,,,,,,1.24,0.0,20032.0,1.0,1.22,24839.68,CTE,10.0,5.0,5.0,7.0,4.0,1,10.0,10.0,4.0,9.0,10.0,6.0,4.0,,1.0,,9.0,8.0,10.0,10.0,8.0,2.0,1.0,1.0,4.0,8.0,,,,6.0,,,10.0,5.0,10.0,10.0,8.0,4.0,,2.0,1.0,,9.0,1.0,10.0,6.0,9.0,,,1.0,1.0,7,10.0,10,1
2007-09-14,83592,,11,2,3841.0,14160C10,CTE,CARDIOTECH INTERNATIONAL INC,CTE,339112.0,A,A,R,31655,2,3841.0,,,,38.0,384.0,,,,,,,1.24,0.0,20032.0,1.0,1.22,24839.68,CTE,10.0,5.0,5.0,7.0,4.0,1,10.0,10.0,4.0,9.0,10.0,6.0,4.0,,1.0,,9.0,8.0,10.0,10.0,8.0,2.0,1.0,1.0,4.0,8.0,,,,6.0,,,10.0,5.0,10.0,10.0,8.0,4.0,,2.0,1.0,,9.0,1.0,10.0,6.0,9.0,,,1.0,1.0,7,10.0,10,1
2007-09-17,83592,,11,2,3841.0,14160C10,CTE,CARDIOTECH INTERNATIONAL INC,CTE,339112.0,A,A,R,31655,2,3841.0,,,,38.0,384.0,,,,,,,1.179,-0.049194,20032.0,1.0,1.2,23617.728,CTE,10.0,5.0,5.0,7.0,4.0,1,10.0,10.0,4.0,9.0,10.0,6.0,4.0,,1.0,,9.0,8.0,10.0,10.0,8.0,2.0,1.0,1.0,4.0,8.0,,,,6.0,,,10.0,5.0,10.0,10.0,8.0,4.0,,2.0,1.0,,9.0,1.0,10.0,6.0,9.0,,,1.0,1.0,7,10.0,10,1
2007-09-18,83592,,11,2,3841.0,14160C10,CTE,CARDIOTECH INTERNATIONAL INC,CTE,339112.0,A,A,R,31655,2,3841.0,,,,38.0,384.0,,,,,,,1.23,0.043257,20032.0,1.0,1.15,24639.36,CTE,10.0,5.0,5.0,7.0,4.0,1,10.0,10.0,4.0,9.0,10.0,6.0,4.0,,1.0,,9.0,8.0,10.0,10.0,8.0,2.0,1.0,1.0,4.0,8.0,,,,6.0,,,10.0,5.0,10.0,10.0,8.0,4.0,,2.0,1.0,,9.0,1.0,10.0,6.0,9.0,,,1.0,1.0,7,10.0,10,1
2007-09-19,83592,,11,2,3841.0,14160C10,CTE,CARDIOTECH INTERNATIONAL INC,CTE,339112.0,A,A,R,31655,2,3841.0,,,,38.0,384.0,,,,,,,1.23,0.0,20032.0,1.0,1.17,24639.36,CTE,10.0,5.0,5.0,7.0,4.0,1,10.0,10.0,4.0,9.0,10.0,6.0,4.0,,1.0,,9.0,8.0,10.0,10.0,8.0,2.0,1.0,1.0,4.0,8.0,,,,6.0,,,10.0,5.0,10.0,10.0,8.0,4.0,,2.0,1.0,,9.0,1.0,10.0,6.0,9.0,,,1.0,1.0,7,10.0,10,1
2007-09-20,83592,,11,2,3841.0,14160C10,CTE,CARDIOTECH INTERNATIONAL INC,CTE,339112.0,A,A,R,31655,2,3841.0,,,,38.0,384.0,,,,,,,1.3,0.056911,20032.0,1.0,1.23,26041.6,CTE,10.0,5.0,5.0,7.0,4.0,1,10.0,10.0,4.0,9.0,10.0,6.0,4.0,,1.0,,9.0,8.0,10.0,10.0,8.0,2.0,1.0,1.0,4.0,8.0,,,,6.0,,,10.0,5.0,10.0,10.0,8.0,4.0,,2.0,1.0,,9.0,1.0,10.0,6.0,9.0,,,1.0,1.0,7,10.0,10,1
2007-09-21,83592,,11,2,3841.0,14160C10,CTE,CARDIOTECH INTERNATIONAL INC,CTE,339112.0,A,A,R,31655,2,3841.0,,,,38.0,384.0,,,,,,,1.33,0.023077,20032.0,1.0,1.36,26642.56,CTE,10.0,5.0,5.0,7.0,4.0,1,10.0,10.0,4.0,9.0,10.0,6.0,4.0,,1.0,,9.0,8.0,10.0,10.0,8.0,2.0,1.0,1.0,4.0,8.0,,,,6.0,,,10.0,5.0,10.0,10.0,8.0,4.0,,2.0,1.0,,9.0,1.0,10.0,6.0,9.0,,,1.0,1.0,7,10.0,10,1
2007-09-24,83592,,11,2,3841.0,14160C10,CTE,CARDIOTECH INTERNATIONAL INC,CTE,339112.0,A,A,R,31655,2,3841.0,,,,38.0,384.0,,,,,,,1.28,-0.037594,20032.0,1.0,1.25,25640.96,CTE,10.0,5.0,5.0,7.0,4.0,1,10.0,10.0,4.0,9.0,10.0,6.0,4.0,,1.0,,9.0,8.0,10.0,10.0,8.0,2.0,1.0,1.0,4.0,8.0,,,,6.0,,,10.0,5.0,10.0,10.0,8.0,4.0,,2.0,1.0,,9.0,1.0,10.0,6.0,9.0,,,1.0,1.0,7,10.0,10,1
2007-09-25,83592,,11,2,3841.0,14160C10,CTE,CARDIOTECH INTERNATIONAL INC,CTE,339112.0,A,A,R,31655,2,3841.0,,,,38.0,384.0,,,,,,,1.32,0.03125,20032.0,1.0,1.22,26442.24,CTE,10.0,5.0,5.0,7.0,4.0,1,10.0,10.0,4.0,9.0,10.0,6.0,4.0,,1.0,,9.0,8.0,10.0,10.0,8.0,2.0,1.0,1.0,4.0,8.0,,,,6.0,,,10.0,5.0,10.0,10.0,8.0,4.0,,2.0,1.0,,9.0,1.0,10.0,6.0,9.0,,,1.0,1.0,7,10.0,10,1
2007-09-26,83592,,11,2,3841.0,14160C10,CTE,CARDIOTECH INTERNATIONAL INC,CTE,339112.0,A,A,R,31655,2,3841.0,,,,38.0,384.0,,,,,,,1.35,0.022727,20032.0,1.0,1.35,27043.2,CTE,10.0,5.0,5.0,7.0,4.0,1,10.0,10.0,4.0,9.0,10.0,6.0,4.0,,1.0,,9.0,8.0,10.0,10.0,8.0,2.0,1.0,1.0,4.0,8.0,,,,6.0,,,10.0,5.0,10.0,10.0,8.0,4.0,,2.0,1.0,,9.0,1.0,10.0,6.0,9.0,,,1.0,1.0,7,10.0,10,1
2007-09-27,83592,,11,2,3841.0,14160C10,CTE,CARDIOTECH INTERNATIONAL INC,CTE,339112.0,A,A,R,31655,2,3841.0,,,,38.0,384.0,,,,,,,1.37,0.014815,20032.0,1.0,1.33,27443.84,CTE,10.0,5.0,5.0,7.0,4.0,1,10.0,10.0,4.0,9.0,10.0,6.0,4.0,,1.0,,9.0,8.0,10.0,10.0,8.0,2.0,1.0,1.0,4.0,8.0,,,,6.0,,,10.0,5.0,10.0,10.0,8.0,4.0,,2.0,1.0,,9.0,1.0,10.0,6.0,9.0,,,1.0,1.0,7,10.0,10,1
2007-09-28,83592,,11,2,3841.0,14160C10,CTE,CARDIOTECH INTERNATIONAL INC,CTE,339112.0,A,A,R,31655,2,3841.0,,,,38.0,384.0,,,,,,,1.4,0.021898,20032.0,1.0,1.36,28044.8,CTE,10.0,5.0,5.0,7.0,4.0,1,10.0,10.0,4.0,9.0,10.0,6.0,4.0,,1.0,,9.0,8.0,10.0,10.0,8.0,2.0,1.0,1.0,4.0,8.0,,,,6.0,,,10.0,5.0,10.0,10.0,8.0,4.0,,2.0,1.0,,9.0,1.0,10.0,6.0,9.0,,,1.0,1.0,7,10.0,10,1
2007-10-01,83592,,11,2,3841.0,14160C10,CTE,CARDIOTECH INTERNATIONAL INC,CTE,339112.0,A,A,R,31655,2,3841.0,,,,38.0,384.0,,,,,,,1.35,-0.035714,20032.0,1.0,1.4001,27043.2,CTE,10.0,5.0,5.0,7.0,4.0,1,10.0,10.0,4.0,9.0,10.0,6.0,4.0,,1.0,,9.0,8.0,10.0,10.0,8.0,2.0,1.0,1.0,4.0,8.0,,,,6.0,,,10.0,3.0,10.0,10.0,6.0,5.0,,1.0,1.0,1.0,1.0,1.0,10.0,10.0,1.0,,,1.0,1.0,7,10.0,10,1
2007-10-02,83592,,11,2,3841.0,14160C10,CTE,CARDIOTECH INTERNATIONAL INC,CTE,339112.0,A,A,R,31655,2,3841.0,,,,38.0,384.0,,,,,,,1.37,0.014815,20032.0,1.0,1.4,27443.84,CTE,10.0,5.0,5.0,7.0,4.0,1,10.0,10.0,4.0,9.0,10.0,6.0,4.0,,1.0,,9.0,8.0,10.0,10.0,8.0,2.0,1.0,1.0,4.0,8.0,,,,6.0,,,10.0,3.0,10.0,10.0,6.0,5.0,,1.0,1.0,1.0,1.0,1.0,10.0,10.0,1.0,,,1.0,1.0,7,10.0,10,1
2007-10-03,83592,,11,2,3841.0,14160C10,CTE,CARDIOTECH INTERNATIONAL INC,CTE,339112.0,A,A,R,31655,2,3841.0,,,,38.0,384.0,,,,,,,1.35,-0.014599,20032.0,1.0,1.31,27043.2,CTE,10.0,5.0,5.0,7.0,4.0,1,10.0,10.0,4.0,9.0,10.0,6.0,4.0,,1.0,,9.0,8.0,10.0,10.0,8.0,2.0,1.0,1.0,4.0,8.0,,,,6.0,,,10.0,3.0,10.0,10.0,6.0,5.0,,1.0,1.0,1.0,1.0,1.0,10.0,10.0,1.0,,,1.0,1.0,7,10.0,10,1
2007-10-04,83592,,11,2,3841.0,14160C10,CTE,CARDIOTECH INTERNATIONAL INC,CTE,339112.0,A,A,R,31655,2,3841.0,,,,38.0,384.0,,,,,,,1.31,-0.02963,20032.0,1.0,1.35,26241.92,CTE,10.0,5.0,5.0,7.0,4.0,1,10.0,10.0,4.0,9.0,10.0,6.0,4.0,,1.0,,9.0,8.0,10.0,10.0,8.0,2.0,1.0,1.0,4.0,8.0,,,,6.0,,,10.0,3.0,10.0,10.0,6.0,5.0,,1.0,1.0,1.0,1.0,1.0,10.0,10.0,1.0,,,1.0,1.0,7,10.0,10,1
2007-10-05,83592,,11,2,3841.0,14160C10,CTE,CARDIOTECH INTERNATIONAL INC,CTE,339112.0,A,A,R,31655,2,3841.0,,,,38.0,384.0,,,,,,,1.31,0.0,20032.0,1.0,1.34,26241.92,CTE,10.0,5.0,5.0,7.0,4.0,1,10.0,10.0,4.0,9.0,10.0,6.0,4.0,,1.0,,9.0,8.0,10.0,10.0,8.0,2.0,1.0,1.0,4.0,8.0,,,,6.0,,,10.0,3.0,10.0,10.0,6.0,5.0,,1.0,1.0,1.0,1.0,1.0,10.0,10.0,1.0,,,1.0,1.0,7,10.0,10,1
2007-10-08,83592,,11,2,3841.0,14160C10,CTE,CARDIOTECH INTERNATIONAL INC,CTE,339112.0,A,A,R,31655,2,3841.0,,,,38.0,384.0,,,,,,,1.32,0.007634,20032.0,1.0,1.3,26442.24,CTE,10.0,5.0,5.0,7.0,4.0,1,10.0,10.0,4.0,9.0,10.0,6.0,4.0,,1.0,,9.0,8.0,10.0,10.0,8.0,2.0,1.0,1.0,4.0,8.0,,,,6.0,,,10.0,3.0,10.0,10.0,6.0,5.0,,1.0,1.0,1.0,1.0,1.0,10.0,10.0,1.0,,,1.0,1.0,7,10.0,10,1
2007-10-09,83592,,11,2,3841.0,14160C10,CTE,CARDIOTECH INTERNATIONAL INC,CTE,339112.0,A,A,R,31655,2,3841.0,,,,38.0,384.0,,,,,,,1.32,0.0,20032.0,1.0,1.32,26442.24,CTE,10.0,5.0,5.0,7.0,4.0,1,10.0,10.0,4.0,9.0,10.0,6.0,4.0,,1.0,,9.0,8.0,10.0,10.0,8.0,2.0,1.0,1.0,4.0,8.0,,,,6.0,,,10.0,3.0,10.0,10.0,6.0,5.0,,1.0,1.0,1.0,1.0,1.0,10.0,10.0,1.0,,,1.0,1.0,7,10.0,10,1
2007-10-10,83592,,11,2,3841.0,14160C10,CTE,CARDIOTECH INTERNATIONAL INC,CTE,339112.0,A,A,R,31655,2,3841.0,,,,38.0,384.0,,,,,,,1.3,-0.015152,20032.0,1.0,1.28,26041.6,CTE,10.0,5.0,5.0,7.0,4.0,1,10.0,10.0,4.0,9.0,10.0,6.0,4.0,,1.0,,9.0,8.0,10.0,10.0,8.0,2.0,1.0,1.0,4.0,8.0,,,,6.0,,,10.0,3.0,10.0,10.0,6.0,5.0,,1.0,1.0,1.0,1.0,1.0,10.0,10.0,1.0,,,1.0,1.0,7,10.0,10,1
2007-10-11,83592,,11,2,3841.0,14160C10,CTE,CARDIOTECH INTERNATIONAL INC,CTE,339112.0,A,A,R,31655,2,3841.0,,,,38.0,384.0,,,,,,,1.28,-0.015385,20032.0,1.0,1.34,25640.96,CTE,10.0,5.0,5.0,7.0,4.0,1,10.0,10.0,4.0,9.0,10.0,6.0,4.0,,1.0,,9.0,8.0,10.0,10.0,8.0,2.0,1.0,1.0,4.0,8.0,,,,6.0,,,10.0,3.0,10.0,10.0,6.0,5.0,,1.0,1.0,1.0,1.0,1.0,10.0,10.0,1.0,,,1.0,1.0,7,10.0,10,1
2007-10-12,83592,,11,2,3841.0,14160C10,CTE,CARDIOTECH INTERNATIONAL INC,CTE,339112.0,A,A,R,31655,2,3841.0,,,,38.0,384.0,,,,,,,1.27,-0.007812,20032.0,1.0,1.26,25440.64,CTE,10.0,5.0,5.0,7.0,4.0,1,10.0,10.0,4.0,9.0,10.0,6.0,4.0,,1.0,,9.0,8.0,10.0,10.0,8.0,2.0,1.0,1.0,4.0,8.0,,,,6.0,,,10.0,3.0,10.0,10.0,6.0,5.0,,1.0,1.0,1.0,1.0,1.0,10.0,10.0,1.0,,,1.0,1.0,7,10.0,10,1
2007-10-15,83592,,11,2,3841.0,14160C10,CTE,CARDIOTECH INTERNATIONAL INC,CTE,339112.0,A,A,R,31655,2,3841.0,,,,38.0,384.0,,,,,,,1.28,0.007874,20032.0,1.0,1.2999,25640.96,CTE,10.0,5.0,5.0,7.0,4.0,1,10.0,10.0,4.0,9.0,10.0,6.0,4.0,,1.0,,9.0,8.0,10.0,10.0,8.0,2.0,1.0,1.0,4.0,8.0,,,,6.0,,,10.0,3.0,10.0,10.0,6.0,5.0,,1.0,1.0,1.0,1.0,1.0,10.0,10.0,1.0,,,1.0,1.0,7,10.0,10,1
2007-10-16,83592,,11,2,3841.0,14160C10,CTE,CARDIOTECH INTERNATIONAL INC,CTE,339112.0,A,A,R,31655,2,3841.0,,,,38.0,384.0,,,,,,,1.23,-0.039062,20032.0,1.0,1.28,24639.36,CTE,10.0,5.0,5.0,7.0,4.0,1,10.0,10.0,4.0,9.0,10.0,6.0,4.0,,1.0,,9.0,8.0,10.0,10.0,8.0,2.0,1.0,1.0,4.0,8.0,,,,6.0,,,10.0,3.0,10.0,10.0,6.0,5.0,,1.0,1.0,1.0,1.0,1.0,10.0,10.0,1.0,,,1.0,1.0,7,10.0,10,1
2007-10-17,83592,,11,2,3841.0,14160C10,CTE,CARDIOTECH INTERNATIONAL INC,CTE,339112.0,A,A,R,31655,2,3841.0,,,,38.0,384.0,,,,,,,1.27,0.03252,20032.0,1.0,1.22,25440.64,CTE,10.0,5.0,5.0,7.0,4.0,1,10.0,10.0,4.0,9.0,10.0,6.0,4.0,,1.0,,9.0,8.0,10.0,10.0,8.0,2.0,1.0,1.0,4.0,8.0,,,,6.0,,,10.0,3.0,10.0,10.0,6.0,5.0,,1.0,1.0,1.0,1.0,1.0,10.0,10.0,1.0,,,1.0,1.0,7,10.0,10,1
2007-10-18,83592,,11,2,3841.0,14160C10,CTE,CARDIOTECH INTERNATIONAL INC,CTE,339112.0,A,A,R,31655,2,3841.0,,,,38.0,384.0,,,,,,,1.26,-0.007874,20032.0,1.0,1.23,25240.32,CTE,10.0,5.0,5.0,7.0,4.0,1,10.0,10.0,4.0,9.0,10.0,6.0,4.0,,1.0,,9.0,8.0,10.0,10.0,8.0,2.0,1.0,1.0,4.0,8.0,,,,6.0,,,10.0,3.0,10.0,10.0,6.0,5.0,,1.0,1.0,1.0,1.0,1.0,10.0,10.0,1.0,,,1.0,1.0,7,10.0,10,1
2007-10-19,83592,,11,2,3841.0,14160C10,CTE,CARDIOTECH INTERNATIONAL INC,CTE,339112.0,A,A,R,31655,2,3841.0,,,,38.0,384.0,,,,,,,1.22,-0.031746,20032.0,1.0,1.22,24439.04,CTE,10.0,5.0,5.0,7.0,4.0,1,10.0,10.0,4.0,9.0,10.0,6.0,4.0,,1.0,,9.0,8.0,10.0,10.0,8.0,2.0,1.0,1.0,4.0,8.0,,,,6.0,,,10.0,3.0,10.0,10.0,6.0,5.0,,1.0,1.0,1.0,1.0,1.0,10.0,10.0,1.0,,,1.0,1.0,7,10.0,10,1
2007-10-22,83592,,11,2,3841.0,14160C10,CTE,CARDIOTECH INTERNATIONAL INC,CTE,339112.0,A,A,R,31655,2,3841.0,,,,38.0,384.0,,,,,,,1.27,0.040984,20032.0,1.0,1.23,25440.64,CTE,10.0,5.0,5.0,7.0,4.0,1,10.0,10.0,4.0,9.0,10.0,6.0,4.0,,1.0,,9.0,8.0,10.0,10.0,8.0,2.0,1.0,1.0,4.0,8.0,,,,6.0,,,10.0,3.0,10.0,10.0,6.0,5.0,,1.0,1.0,1.0,1.0,1.0,10.0,10.0,1.0,,,1.0,1.0,7,10.0,10,1
2007-10-23,83592,,11,2,3841.0,14160C10,CTE,CARDIOTECH INTERNATIONAL INC,CTE,339112.0,A,A,R,31655,2,3841.0,,,,38.0,384.0,,,,,,,1.34,0.055118,20032.0,1.0,1.32,26842.88,CTE,10.0,5.0,5.0,7.0,4.0,1,10.0,10.0,4.0,9.0,10.0,6.0,4.0,,1.0,,9.0,8.0,10.0,10.0,8.0,2.0,1.0,1.0,4.0,8.0,,,,6.0,,,10.0,3.0,10.0,10.0,6.0,5.0,,1.0,1.0,1.0,1.0,1.0,10.0,10.0,1.0,,,1.0,1.0,7,10.0,10,1
2007-10-24,83592,,11,2,3841.0,14160C10,CTE,CARDIOTECH INTERNATIONAL INC,CTE,339112.0,A,A,R,31655,2,3841.0,,,,38.0,384.0,,,,,,,1.31,-0.022388,20032.0,1.0,1.33,26241.92,CTE,10.0,5.0,5.0,7.0,4.0,1,10.0,10.0,4.0,9.0,10.0,6.0,4.0,,1.0,,9.0,8.0,10.0,10.0,8.0,2.0,1.0,1.0,4.0,8.0,,,,6.0,,,10.0,3.0,10.0,10.0,6.0,5.0,,1.0,1.0,1.0,1.0,1.0,10.0,10.0,1.0,,,1.0,1.0,7,10.0,10,1
2007-10-25,83592,,11,2,3841.0,14160C10,CTE,CARDIOTECH INTERNATIONAL INC,CTE,339112.0,A,A,R,31655,2,3841.0,,,,38.0,384.0,,,,,,,1.29,-0.015267,20032.0,1.0,1.33,25841.28,CTE,10.0,5.0,5.0,7.0,4.0,1,10.0,10.0,4.0,9.0,10.0,6.0,4.0,,1.0,,9.0,8.0,10.0,10.0,8.0,2.0,1.0,1.0,4.0,8.0,,,,6.0,,,10.0,3.0,10.0,10.0,6.0,5.0,,1.0,1.0,1.0,1.0,1.0,10.0,10.0,1.0,,,1.0,1.0,7,10.0,10,1
2007-10-26,83592,,11,2,3841.0,14160C10,CTE,CARDIOTECH INTERNATIONAL INC,CTE,339112.0,A,A,R,31655,2,3841.0,,,,38.0,384.0,,,,,,,1.211,-0.06124,20032.0,1.0,1.27,24258.752,CTE,10.0,5.0,5.0,7.0,4.0,1,10.0,10.0,4.0,9.0,10.0,6.0,4.0,,1.0,,9.0,8.0,10.0,10.0,8.0,2.0,1.0,1.0,4.0,8.0,,,,6.0,,,10.0,3.0,10.0,10.0,6.0,5.0,,1.0,1.0,1.0,1.0,1.0,10.0,10.0,1.0,,,1.0,1.0,7,10.0,10,1
2007-10-29,83592,,11,2,3841.0,14160C10,CTE,CARDIOTECH INTERNATIONAL INC,CTE,339112.0,A,A,R,31655,2,3841.0,,,,38.0,384.0,,,,,,,1.2797,0.05673,20032.0,1.0,1.27,25634.9504,CTE,10.0,5.0,5.0,7.0,4.0,1,10.0,10.0,4.0,9.0,10.0,6.0,4.0,,1.0,,9.0,8.0,10.0,10.0,8.0,2.0,1.0,1.0,4.0,8.0,,,,6.0,,,10.0,3.0,10.0,10.0,6.0,5.0,,1.0,1.0,1.0,1.0,1.0,10.0,10.0,1.0,,,1.0,1.0,7,10.0,10,1
2007-10-30,83592,,11,2,3841.0,14160C10,CTE,CARDIOTECH INTERNATIONAL INC,CTE,339112.0,A,A,R,31655,2,3841.0,,,,38.0,384.0,,,,,,,1.27,-0.00758,20032.0,1.0,1.25,25440.64,CTE,10.0,5.0,5.0,7.0,4.0,1,10.0,10.0,4.0,9.0,10.0,6.0,4.0,,1.0,,9.0,8.0,10.0,10.0,8.0,2.0,1.0,1.0,4.0,8.0,,,,6.0,,,10.0,3.0,10.0,10.0,6.0,5.0,,1.0,1.0,1.0,1.0,1.0,10.0,10.0,1.0,,,1.0,1.0,7,10.0,10,1
2007-10-31,83592,,11,2,3841.0,14160C10,CTE,CARDIOTECH INTERNATIONAL INC,CTE,339112.0,A,A,R,31655,2,3841.0,,,,38.0,384.0,,,,,,,1.26,-0.007874,20032.0,1.0,1.28,25240.32,CTE,10.0,5.0,5.0,7.0,4.0,1,10.0,10.0,4.0,9.0,10.0,6.0,4.0,,1.0,,9.0,8.0,10.0,10.0,8.0,2.0,1.0,1.0,4.0,8.0,,,,6.0,,,10.0,3.0,10.0,10.0,6.0,5.0,,1.0,1.0,1.0,1.0,1.0,10.0,10.0,1.0,,,1.0,1.0,7,10.0,10,1
2007-11-01,83592,,11,2,3841.0,14160C10,CTE,CARDIOTECH INTERNATIONAL INC,CTE,339112.0,A,A,R,31655,2,3841.0,,,,38.0,384.0,,,,,,,1.23,-0.02381,20032.0,1.0,1.28,24639.36,CTE,10.0,5.0,5.0,7.0,4.0,1,10.0,10.0,4.0,9.0,10.0,6.0,4.0,,1.0,,9.0,8.0,10.0,10.0,8.0,2.0,1.0,1.0,4.0,8.0,,,,4.0,,,10.0,1.0,10.0,7.0,7.0,5.0,,2.0,2.0,1.0,9.0,2.0,10.0,10.0,9.0,,,1.0,1.0,7,10.0,10,1
2007-11-02,83592,,11,2,3841.0,14160C10,CTE,CARDIOTECH INTERNATIONAL INC,CTE,339112.0,A,A,R,31655,2,3841.0,,,,38.0,384.0,,,,,,,1.2,-0.02439,20032.0,1.0,1.21,24038.4,CTE,10.0,5.0,5.0,7.0,4.0,1,10.0,10.0,4.0,9.0,10.0,6.0,4.0,,1.0,,9.0,8.0,10.0,10.0,8.0,2.0,1.0,1.0,4.0,8.0,,,,4.0,,,10.0,1.0,10.0,7.0,7.0,5.0,,2.0,2.0,1.0,9.0,2.0,10.0,10.0,9.0,,,1.0,1.0,7,10.0,10,1
2007-11-05,83592,,11,2,3841.0,14160C10,CTE,CARDIOTECH INTERNATIONAL INC,CTE,339112.0,A,A,R,31655,2,3841.0,,,,38.0,384.0,,,,,,,1.27,0.058333,20032.0,1.0,1.2,25440.64,CTE,10.0,5.0,5.0,7.0,4.0,1,10.0,10.0,4.0,9.0,10.0,6.0,4.0,,1.0,,9.0,8.0,10.0,10.0,8.0,2.0,1.0,1.0,4.0,8.0,,,,4.0,,,10.0,1.0,10.0,7.0,7.0,5.0,,2.0,2.0,1.0,9.0,2.0,10.0,10.0,9.0,,,1.0,1.0,7,10.0,10,1
2007-11-06,83592,,11,2,3841.0,14160C10,CTE,CARDIOTECH INTERNATIONAL INC,CTE,339112.0,A,A,R,31655,2,3841.0,,,,38.0,384.0,,,,,,,1.26,-0.007874,20032.0,1.0,1.27,25240.32,CTE,10.0,5.0,5.0,7.0,4.0,1,10.0,10.0,4.0,9.0,10.0,6.0,4.0,,1.0,,9.0,8.0,10.0,10.0,8.0,2.0,1.0,1.0,4.0,8.0,,,,4.0,,,10.0,1.0,10.0,7.0,7.0,5.0,,2.0,2.0,1.0,9.0,2.0,10.0,10.0,9.0,,,1.0,1.0,7,10.0,10,1
2007-11-07,83592,,11,2,3841.0,14160C10,CTE,CARDIOTECH INTERNATIONAL INC,CTE,339112.0,A,A,R,31655,2,3841.0,,,,38.0,384.0,,,,,,,1.27,0.007937,20032.0,1.0,1.3,25440.64,CTE,10.0,5.0,5.0,7.0,4.0,1,10.0,10.0,4.0,9.0,10.0,6.0,4.0,,1.0,,9.0,8.0,10.0,10.0,8.0,2.0,1.0,1.0,4.0,8.0,,,,4.0,,,10.0,1.0,10.0,7.0,7.0,5.0,,2.0,2.0,1.0,9.0,2.0,10.0,10.0,9.0,,,1.0,1.0,7,10.0,10,1
2007-11-08,83592,,11,2,3841.0,14160C10,CTE,CARDIOTECH INTERNATIONAL INC,CTE,339112.0,A,A,R,31655,2,3841.0,,,,38.0,384.0,,,,,,,1.25,-0.015748,20032.0,1.0,1.2,25040.0,CTE,10.0,5.0,5.0,7.0,4.0,1,10.0,10.0,4.0,9.0,10.0,6.0,4.0,,1.0,,9.0,8.0,10.0,10.0,8.0,2.0,1.0,1.0,4.0,8.0,,,,4.0,,,10.0,1.0,10.0,7.0,7.0,5.0,,2.0,2.0,1.0,9.0,2.0,10.0,10.0,9.0,,,1.0,1.0,7,10.0,10,1
2007-11-09,83592,,11,2,3841.0,14160C10,CTE,CARDIOTECH INTERNATIONAL INC,CTE,339112.0,A,A,R,31655,2,3841.0,,,,38.0,384.0,,,,,,,1.24,-0.008,20032.0,1.0,1.21,24839.68,CTE,10.0,5.0,5.0,7.0,4.0,1,10.0,10.0,4.0,9.0,10.0,6.0,4.0,,1.0,,9.0,8.0,10.0,10.0,8.0,2.0,1.0,1.0,4.0,8.0,,,,4.0,,,10.0,1.0,10.0,7.0,7.0,5.0,,2.0,2.0,1.0,9.0,2.0,10.0,10.0,9.0,,,1.0,1.0,7,10.0,10,1
2007-11-12,83592,,11,2,3841.0,14160C10,CTE,CARDIOTECH INTERNATIONAL INC,CTE,339112.0,A,A,R,31655,2,3841.0,,,,38.0,384.0,,,,,,,1.249,0.007258,20032.0,1.0,1.14,25019.968,CTE,10.0,5.0,5.0,7.0,4.0,1,10.0,10.0,4.0,9.0,10.0,6.0,4.0,,1.0,,9.0,8.0,10.0,10.0,8.0,2.0,1.0,1.0,4.0,8.0,,,,4.0,,,10.0,1.0,10.0,7.0,7.0,5.0,,2.0,2.0,1.0,9.0,2.0,10.0,10.0,9.0,,,1.0,1.0,7,10.0,10,1
2007-11-13,83592,,11,2,3841.0,14160C10,CTE,CARDIOTECH INTERNATIONAL INC,CTE,339112.0,A,A,R,31655,2,3841.0,,,,38.0,384.0,,,,,,,1.16,-0.071257,20032.0,1.0,1.15,23237.12,CTE,10.0,5.0,5.0,7.0,4.0,1,10.0,10.0,4.0,9.0,10.0,6.0,4.0,,1.0,,9.0,8.0,10.0,10.0,8.0,2.0,1.0,1.0,4.0,8.0,,,,4.0,,,10.0,1.0,10.0,7.0,7.0,5.0,,2.0,2.0,1.0,9.0,2.0,10.0,10.0,9.0,,,1.0,1.0,7,10.0,10,1
2007-11-14,83592,,11,2,3841.0,14160C10,CTE,CARDIOTECH INTERNATIONAL INC,CTE,339112.0,A,A,R,31655,2,3841.0,,,,38.0,384.0,,,,,,,1.1499,-0.008707,20032.0,1.0,1.15,23034.7968,CTE,10.0,5.0,5.0,7.0,4.0,1,10.0,10.0,4.0,9.0,10.0,6.0,4.0,,1.0,,9.0,8.0,10.0,10.0,8.0,2.0,1.0,1.0,4.0,8.0,,,,4.0,,,10.0,1.0,10.0,7.0,7.0,5.0,,2.0,2.0,1.0,9.0,2.0,10.0,10.0,9.0,,,1.0,1.0,7,10.0,10,1
2007-11-15,83592,,11,2,3841.0,14160C10,CTE,CARDIOTECH INTERNATIONAL INC,CTE,339112.0,A,A,R,31655,2,3841.0,,,,38.0,384.0,,,,,,,1.03,-0.10427,20032.0,1.0,1.1,20632.96,CTE,10.0,5.0,5.0,7.0,4.0,1,10.0,10.0,4.0,9.0,10.0,6.0,4.0,,1.0,,9.0,8.0,10.0,10.0,8.0,2.0,1.0,1.0,4.0,8.0,,,,4.0,,,10.0,1.0,10.0,7.0,7.0,5.0,,2.0,2.0,1.0,9.0,2.0,10.0,10.0,9.0,,,1.0,1.0,7,10.0,10,1
2007-11-16,83592,,11,2,3841.0,14160C10,CTE,CARDIOTECH INTERNATIONAL INC,CTE,339112.0,A,A,R,31655,2,3841.0,,,,38.0,384.0,,,,,,,1.0,-0.029126,20032.0,1.0,1.0,20032.0,CTE,10.0,5.0,5.0,7.0,4.0,1,10.0,10.0,4.0,9.0,10.0,6.0,4.0,,1.0,,9.0,8.0,10.0,10.0,8.0,2.0,1.0,1.0,4.0,8.0,,,,4.0,,,10.0,1.0,10.0,7.0,7.0,5.0,,2.0,2.0,1.0,9.0,2.0,10.0,10.0,9.0,,,1.0,1.0,7,10.0,10,1
2007-11-19,83592,,11,2,3841.0,14160C10,CTE,CARDIOTECH INTERNATIONAL INC,CTE,339112.0,A,A,R,31655,2,3841.0,,,,38.0,384.0,,,,,,,0.94,-0.06,20032.0,1.0,1.0,18830.08,CTE,10.0,5.0,5.0,7.0,4.0,1,10.0,10.0,4.0,9.0,10.0,6.0,4.0,,1.0,,9.0,8.0,10.0,10.0,8.0,2.0,1.0,1.0,4.0,8.0,,,,4.0,,,10.0,1.0,10.0,7.0,7.0,5.0,,2.0,2.0,1.0,9.0,2.0,10.0,10.0,9.0,,,1.0,1.0,7,10.0,10,1
2007-11-20,83592,,11,2,3841.0,14160C10,CTE,CARDIOTECH INTERNATIONAL INC,CTE,339112.0,A,A,R,31655,2,3841.0,,,,38.0,384.0,,,,,,,0.99,0.053192,20032.0,1.0,0.94,19831.68,CTE,10.0,5.0,5.0,7.0,4.0,1,10.0,10.0,4.0,9.0,10.0,6.0,4.0,,1.0,,9.0,8.0,10.0,10.0,8.0,2.0,1.0,1.0,4.0,8.0,,,,4.0,,,10.0,1.0,10.0,7.0,7.0,5.0,,2.0,2.0,1.0,9.0,2.0,10.0,10.0,9.0,,,1.0,1.0,7,10.0,10,1
2007-11-21,83592,,11,2,3841.0,14160C10,CTE,CARDIOTECH INTERNATIONAL INC,CTE,339112.0,A,A,R,31655,2,3841.0,,,,38.0,384.0,,,,,,,0.98,-0.010101,20032.0,1.0,1.01,19631.36,CTE,10.0,5.0,5.0,7.0,4.0,1,10.0,10.0,4.0,9.0,10.0,6.0,4.0,,1.0,,9.0,8.0,10.0,10.0,8.0,2.0,1.0,1.0,4.0,8.0,,,,4.0,,,10.0,1.0,10.0,7.0,7.0,5.0,,2.0,2.0,1.0,9.0,2.0,10.0,10.0,9.0,,,1.0,1.0,7,10.0,10,1
2007-11-23,83592,,11,2,3841.0,14160C10,CTE,CARDIOTECH INTERNATIONAL INC,CTE,339112.0,A,A,R,31655,2,3841.0,,,,38.0,384.0,,,,,,,1.0,0.020408,20032.0,1.0,1.0,20032.0,CTE,10.0,5.0,5.0,7.0,4.0,1,10.0,10.0,4.0,9.0,10.0,6.0,4.0,,1.0,,9.0,8.0,10.0,10.0,8.0,2.0,1.0,1.0,4.0,8.0,,,,4.0,,,10.0,1.0,10.0,7.0,7.0,5.0,,2.0,2.0,1.0,9.0,2.0,10.0,10.0,9.0,,,1.0,1.0,7,10.0,10,1
2007-11-26,83592,,11,2,3841.0,14160C10,CTE,CARDIOTECH INTERNATIONAL INC,CTE,339112.0,A,A,R,31655,2,3841.0,,,,38.0,384.0,,,,,,,0.98,-0.02,20032.0,1.0,0.9,19631.36,CTE,10.0,5.0,5.0,7.0,4.0,1,10.0,10.0,4.0,9.0,10.0,6.0,4.0,,1.0,,9.0,8.0,10.0,10.0,8.0,2.0,1.0,1.0,4.0,8.0,,,,4.0,,,10.0,1.0,10.0,7.0,7.0,5.0,,2.0,2.0,1.0,9.0,2.0,10.0,10.0,9.0,,,1.0,1.0,7,10.0,10,1
2007-11-27,83592,,11,2,3841.0,14160C10,CTE,CARDIOTECH INTERNATIONAL INC,CTE,339112.0,A,A,R,31655,2,3841.0,,,,38.0,384.0,,,,,,,0.91,-0.071429,20032.0,1.0,0.97,18229.12,CTE,10.0,5.0,5.0,7.0,4.0,1,10.0,10.0,4.0,9.0,10.0,6.0,4.0,,1.0,,9.0,8.0,10.0,10.0,8.0,2.0,1.0,1.0,4.0,8.0,,,,4.0,,,10.0,1.0,10.0,7.0,7.0,5.0,,2.0,2.0,1.0,9.0,2.0,10.0,10.0,9.0,,,1.0,1.0,7,10.0,10,1
2007-11-28,83592,,11,2,3841.0,14160C10,CTE,CARDIOTECH INTERNATIONAL INC,CTE,339112.0,A,A,R,31655,2,3841.0,,,,38.0,384.0,,,,,,,0.9,-0.010989,20032.0,1.0,0.92,18028.8,CTE,10.0,5.0,5.0,7.0,4.0,1,10.0,10.0,4.0,9.0,10.0,6.0,4.0,,1.0,,9.0,8.0,10.0,10.0,8.0,2.0,1.0,1.0,4.0,8.0,,,,4.0,,,10.0,1.0,10.0,7.0,7.0,5.0,,2.0,2.0,1.0,9.0,2.0,10.0,10.0,9.0,,,1.0,1.0,7,10.0,10,1
2007-11-29,83592,,11,2,3841.0,14160C10,CTE,CARDIOTECH INTERNATIONAL INC,CTE,339112.0,A,A,R,31655,2,3841.0,,,,38.0,384.0,,,,,,,0.88,-0.022222,20032.0,1.0,0.8699,17628.16,CTE,10.0,5.0,5.0,7.0,4.0,1,10.0,10.0,4.0,9.0,10.0,6.0,4.0,,1.0,,9.0,8.0,10.0,10.0,8.0,2.0,1.0,1.0,4.0,8.0,,,,4.0,,,10.0,1.0,10.0,7.0,7.0,5.0,,2.0,2.0,1.0,9.0,2.0,10.0,10.0,9.0,,,1.0,1.0,7,10.0,10,1
2007-11-30,83592,,11,2,3841.0,14160C10,CTE,CARDIOTECH INTERNATIONAL INC,CTE,339112.0,A,A,R,31655,2,3841.0,,,,38.0,384.0,,,,,,,0.92,0.045455,21067.0,1.0,0.85,19381.64,CTE,10.0,5.0,5.0,7.0,4.0,1,10.0,10.0,4.0,9.0,10.0,6.0,4.0,,1.0,,9.0,8.0,10.0,10.0,8.0,2.0,1.0,1.0,4.0,8.0,,,,4.0,,,10.0,1.0,10.0,7.0,7.0,5.0,,2.0,2.0,1.0,9.0,2.0,10.0,10.0,9.0,,,1.0,1.0,7,10.0,10,1
2007-12-03,83592,,11,2,3841.0,14160C10,CTE,CARDIOTECH INTERNATIONAL INC,CTE,339112.0,A,A,R,31655,2,3841.0,,,,38.0,384.0,,,,,,,0.86,-0.065217,21067.0,1.0,0.9199,18117.62,CTE,10.0,5.0,5.0,7.0,4.0,1,10.0,10.0,4.0,9.0,10.0,6.0,4.0,,1.0,,9.0,8.0,10.0,10.0,8.0,2.0,1.0,1.0,4.0,8.0,,,,6.0,,,10.0,1.0,8.0,8.0,7.0,1.0,,1.0,1.0,1.0,10.0,1.0,10.0,1.0,10.0,,,1.0,1.0,7,10.0,10,1
2007-12-04,83592,,11,2,3841.0,14160C10,CTE,CARDIOTECH INTERNATIONAL INC,CTE,339112.0,A,A,R,31655,2,3841.0,,,,38.0,384.0,,,,,,,0.82,-0.046512,21067.0,1.0,0.86,17274.94,CTE,10.0,5.0,5.0,7.0,4.0,1,10.0,10.0,4.0,9.0,10.0,6.0,4.0,,1.0,,9.0,8.0,10.0,10.0,8.0,2.0,1.0,1.0,4.0,8.0,,,,6.0,,,10.0,1.0,8.0,8.0,7.0,1.0,,1.0,1.0,1.0,10.0,1.0,10.0,1.0,10.0,,,1.0,1.0,7,10.0,10,1
2007-12-05,83592,,11,2,3841.0,14160C10,CTE,CARDIOTECH INTERNATIONAL INC,CTE,339112.0,A,A,R,31655,2,3841.0,,,,38.0,384.0,,,,,,,0.78,-0.048781,21067.0,1.0,0.73,16432.26,CTE,10.0,5.0,5.0,7.0,4.0,1,10.0,10.0,4.0,9.0,10.0,6.0,4.0,,1.0,,9.0,8.0,10.0,10.0,8.0,2.0,1.0,1.0,4.0,8.0,,,,6.0,,,10.0,1.0,8.0,8.0,7.0,1.0,,1.0,1.0,1.0,10.0,1.0,10.0,1.0,10.0,,,1.0,1.0,7,10.0,10,1
2007-12-06,83592,,11,2,3841.0,14160C10,CTE,CARDIOTECH INTERNATIONAL INC,CTE,339112.0,A,A,R,31655,2,3841.0,,,,38.0,384.0,,,,,,,0.79,0.012821,21067.0,1.0,0.85,16642.93,CTE,10.0,5.0,5.0,7.0,4.0,1,10.0,10.0,4.0,9.0,10.0,6.0,4.0,,1.0,,9.0,8.0,10.0,10.0,8.0,2.0,1.0,1.0,4.0,8.0,,,,6.0,,,10.0,1.0,8.0,8.0,7.0,1.0,,1.0,1.0,1.0,10.0,1.0,10.0,1.0,10.0,,,1.0,1.0,7,10.0,10,1
2007-12-07,83592,,11,2,3841.0,14160C10,CTE,CARDIOTECH INTERNATIONAL INC,CTE,339112.0,A,A,R,31655,2,3841.0,,,,38.0,384.0,,,,,,,0.82,0.037975,21067.0,1.0,0.78,17274.94,CTE,10.0,5.0,5.0,7.0,4.0,1,10.0,10.0,4.0,9.0,10.0,6.0,4.0,,1.0,,9.0,8.0,10.0,10.0,8.0,2.0,1.0,1.0,4.0,8.0,,,,6.0,,,10.0,1.0,8.0,8.0,7.0,1.0,,1.0,1.0,1.0,10.0,1.0,10.0,1.0,10.0,,,1.0,1.0,7,10.0,10,1
2007-12-10,83592,,11,2,3841.0,14160C10,CTE,CARDIOTECH INTERNATIONAL INC,CTE,339112.0,A,A,R,31655,2,3841.0,,,,38.0,384.0,,,,,,,0.8,-0.02439,21067.0,1.0,0.81,16853.6,CTE,10.0,5.0,5.0,7.0,4.0,1,10.0,10.0,4.0,9.0,10.0,6.0,4.0,,1.0,,9.0,8.0,10.0,10.0,8.0,2.0,1.0,1.0,4.0,8.0,,,,6.0,,,10.0,1.0,8.0,8.0,7.0,1.0,,1.0,1.0,1.0,10.0,1.0,10.0,1.0,10.0,,,1.0,1.0,7,10.0,10,1
2007-12-11,83592,,11,2,3841.0,14160C10,CTE,CARDIOTECH INTERNATIONAL INC,CTE,339112.0,A,A,R,31655,2,3841.0,,,,38.0,384.0,,,,,,,0.76,-0.05,21067.0,1.0,0.77,16010.92,CTE,10.0,5.0,5.0,7.0,4.0,1,10.0,10.0,4.0,9.0,10.0,6.0,4.0,,1.0,,9.0,8.0,10.0,10.0,8.0,2.0,1.0,1.0,4.0,8.0,,,,6.0,,,10.0,1.0,8.0,8.0,7.0,1.0,,1.0,1.0,1.0,10.0,1.0,10.0,1.0,10.0,,,1.0,1.0,7,10.0,10,1
2007-12-12,83592,,11,2,3841.0,14160C10,CTE,CARDIOTECH INTERNATIONAL INC,CTE,339112.0,A,A,R,31655,2,3841.0,,,,38.0,384.0,,,,,,,0.81,0.065789,21067.0,1.0,0.78,17064.27,CTE,10.0,5.0,5.0,7.0,4.0,1,10.0,10.0,4.0,9.0,10.0,6.0,4.0,,1.0,,9.0,8.0,10.0,10.0,8.0,2.0,1.0,1.0,4.0,8.0,,,,6.0,,,10.0,1.0,8.0,8.0,7.0,1.0,,1.0,1.0,1.0,10.0,1.0,10.0,1.0,10.0,,,1.0,1.0,7,10.0,10,1
2007-12-13,83592,,11,2,3841.0,14160C10,CTE,CARDIOTECH INTERNATIONAL INC,CTE,339112.0,A,A,R,31655,2,3841.0,,,,38.0,384.0,,,,,,,0.78,-0.037037,21067.0,1.0,0.77,16432.26,CTE,10.0,5.0,5.0,7.0,4.0,1,10.0,10.0,4.0,9.0,10.0,6.0,4.0,,1.0,,9.0,8.0,10.0,10.0,8.0,2.0,1.0,1.0,4.0,8.0,,,,6.0,,,10.0,1.0,8.0,8.0,7.0,1.0,,1.0,1.0,1.0,10.0,1.0,10.0,1.0,10.0,,,1.0,1.0,7,10.0,10,1
2007-12-14,83592,,11,2,3841.0,14160C10,CTE,CARDIOTECH INTERNATIONAL INC,CTE,339112.0,A,A,R,31655,2,3841.0,,,,38.0,384.0,,,,,,,0.76,-0.025641,21067.0,1.0,0.75,16010.92,CTE,10.0,5.0,5.0,7.0,4.0,1,10.0,10.0,4.0,9.0,10.0,6.0,4.0,,1.0,,9.0,8.0,10.0,10.0,8.0,2.0,1.0,1.0,4.0,8.0,,,,6.0,,,10.0,1.0,8.0,8.0,7.0,1.0,,1.0,1.0,1.0,10.0,1.0,10.0,1.0,10.0,,,1.0,1.0,7,10.0,10,1
2007-12-17,83592,,11,2,3841.0,14160C10,CTE,CARDIOTECH INTERNATIONAL INC,CTE,339112.0,A,A,R,31655,2,3841.0,,,,38.0,384.0,,,,,,,0.72,-0.052632,21067.0,1.0,0.85,15168.24,CTE,10.0,5.0,5.0,7.0,4.0,1,10.0,10.0,4.0,9.0,10.0,6.0,4.0,,1.0,,9.0,8.0,10.0,10.0,8.0,2.0,1.0,1.0,4.0,8.0,,,,6.0,,,10.0,1.0,8.0,8.0,7.0,1.0,,1.0,1.0,1.0,10.0,1.0,10.0,1.0,10.0,,,1.0,1.0,7,10.0,10,1
2007-12-18,83592,,11,2,3841.0,14160C10,CTE,CARDIOTECH INTERNATIONAL INC,CTE,339112.0,A,A,R,31655,2,3841.0,,,,38.0,384.0,,,,,,,0.68,-0.055556,21067.0,1.0,0.74,14325.56,CTE,10.0,5.0,5.0,7.0,4.0,1,10.0,10.0,4.0,9.0,10.0,6.0,4.0,,1.0,,9.0,8.0,10.0,10.0,8.0,2.0,1.0,1.0,4.0,8.0,,,,6.0,,,10.0,1.0,8.0,8.0,7.0,1.0,,1.0,1.0,1.0,10.0,1.0,10.0,1.0,10.0,,,1.0,1.0,7,10.0,10,1
2007-12-19,83592,,11,2,3841.0,14160C10,CTE,CARDIOTECH INTERNATIONAL INC,CTE,339112.0,A,A,R,31655,2,3841.0,,,,38.0,384.0,,,,,,,0.72,0.058824,21067.0,1.0,0.7,15168.24,CTE,10.0,5.0,5.0,7.0,4.0,1,10.0,10.0,4.0,9.0,10.0,6.0,4.0,,1.0,,9.0,8.0,10.0,10.0,8.0,2.0,1.0,1.0,4.0,8.0,,,,6.0,,,10.0,1.0,8.0,8.0,7.0,1.0,,1.0,1.0,1.0,10.0,1.0,10.0,1.0,10.0,,,1.0,1.0,7,10.0,10,1
2007-12-20,83592,,11,2,3841.0,14160C10,CTE,CARDIOTECH INTERNATIONAL INC,CTE,339112.0,A,A,R,31655,2,3841.0,,,,38.0,384.0,,,,,,,0.71,-0.013889,21067.0,1.0,0.7,14957.57,CTE,10.0,5.0,5.0,7.0,4.0,1,10.0,10.0,4.0,9.0,10.0,6.0,4.0,,1.0,,9.0,8.0,10.0,10.0,8.0,2.0,1.0,1.0,4.0,8.0,,,,6.0,,,10.0,1.0,8.0,8.0,7.0,1.0,,1.0,1.0,1.0,10.0,1.0,10.0,1.0,10.0,,,1.0,1.0,7,10.0,10,1
2007-12-21,83592,,11,2,3841.0,14160C10,CTE,CARDIOTECH INTERNATIONAL INC,CTE,339112.0,A,A,R,31655,2,3841.0,,,,38.0,384.0,,,,,,,0.7,-0.014084,21067.0,1.0,0.7,14746.9,CTE,10.0,5.0,5.0,7.0,4.0,1,10.0,10.0,4.0,9.0,10.0,6.0,4.0,,1.0,,9.0,8.0,10.0,10.0,8.0,2.0,1.0,1.0,4.0,8.0,,,,6.0,,,10.0,1.0,8.0,8.0,7.0,1.0,,1.0,1.0,1.0,10.0,1.0,10.0,1.0,10.0,,,1.0,1.0,7,10.0,10,1
2007-12-24,83592,,11,2,3841.0,14160C10,CTE,CARDIOTECH INTERNATIONAL INC,CTE,339112.0,A,A,R,31655,2,3841.0,,,,38.0,384.0,,,,,,,0.72,0.028571,21067.0,1.0,0.68,15168.24,CTE,10.0,5.0,5.0,7.0,4.0,1,10.0,10.0,4.0,9.0,10.0,6.0,4.0,,1.0,,9.0,8.0,10.0,10.0,8.0,2.0,1.0,1.0,4.0,8.0,,,,6.0,,,10.0,1.0,8.0,8.0,7.0,1.0,,1.0,1.0,1.0,10.0,1.0,10.0,1.0,10.0,,,1.0,1.0,7,10.0,10,1
2007-12-26,83592,,11,2,3841.0,14160C10,CTE,CARDIOTECH INTERNATIONAL INC,CTE,339112.0,A,A,R,31655,2,3841.0,,,,38.0,384.0,,,,,,,0.71,-0.013889,21067.0,1.0,0.7,14957.57,CTE,10.0,5.0,5.0,7.0,4.0,1,10.0,10.0,4.0,9.0,10.0,6.0,4.0,,1.0,,9.0,8.0,10.0,10.0,8.0,2.0,1.0,1.0,4.0,8.0,,,,6.0,,,10.0,1.0,8.0,8.0,7.0,1.0,,1.0,1.0,1.0,10.0,1.0,10.0,1.0,10.0,,,1.0,1.0,7,10.0,10,1
2007-12-27,83592,,11,2,3841.0,14160C10,CTE,CARDIOTECH INTERNATIONAL INC,CTE,339112.0,A,A,R,31655,2,3841.0,,,,38.0,384.0,,,,,,,0.7,-0.014084,21067.0,1.0,0.69,14746.9,CTE,10.0,5.0,5.0,7.0,4.0,1,10.0,10.0,4.0,9.0,10.0,6.0,4.0,,1.0,,9.0,8.0,10.0,10.0,8.0,2.0,1.0,1.0,4.0,8.0,,,,6.0,,,10.0,1.0,8.0,8.0,7.0,1.0,,1.0,1.0,1.0,10.0,1.0,10.0,1.0,10.0,,,1.0,1.0,7,10.0,10,1
2007-12-28,83592,,11,2,3841.0,14160C10,CTE,CARDIOTECH INTERNATIONAL INC,CTE,339112.0,A,A,R,31655,2,3841.0,,,,38.0,384.0,,,,,,,0.69,-0.014286,21067.0,1.0,0.69,14536.23,CTE,10.0,5.0,5.0,7.0,4.0,1,10.0,10.0,4.0,9.0,10.0,6.0,4.0,,1.0,,9.0,8.0,10.0,10.0,8.0,2.0,1.0,1.0,4.0,8.0,,,,6.0,,,10.0,1.0,8.0,8.0,7.0,1.0,,1.0,1.0,1.0,10.0,1.0,10.0,1.0,10.0,,,1.0,1.0,7,10.0,10,1
2007-12-31,83592,,11,2,3841.0,14160C10,CTE,CARDIOTECH INTERNATIONAL INC,CTE,339112.0,A,A,R,31655,2,3841.0,,,,38.0,384.0,,,,,,,0.68,-0.014493,21067.0,1.0,0.67,14325.56,CTE,10.0,5.0,5.0,7.0,4.0,1,10.0,10.0,4.0,9.0,10.0,6.0,4.0,,1.0,,9.0,8.0,10.0,10.0,8.0,2.0,1.0,1.0,4.0,8.0,,,,6.0,,,10.0,1.0,8.0,8.0,7.0,1.0,,1.0,1.0,1.0,10.0,1.0,10.0,1.0,10.0,,,1.0,1.0,7,10.0,10,1
2008-01-02,83592,,11,2,3841.0,14160C10,CTE,CARDIOTECH INTERNATIONAL INC,CTE,339112.0,A,A,R,31655,2,3841.0,,,,38.0,384.0,,,,,,,0.7,0.029412,21067.0,1.0,0.67,14746.9,CTE,10.0,5.0,5.0,7.0,4.0,1,10.0,10.0,4.0,9.0,10.0,6.0,4.0,,1.0,,9.0,8.0,10.0,10.0,8.0,2.0,1.0,1.0,4.0,8.0,,,,7.0,,,10.0,1.0,10.0,8.0,9.0,1.0,,1.0,1.0,1.0,10.0,1.0,10.0,10.0,10.0,,,1.0,1.0,7,10.0,10,1
2008-01-03,83592,,11,2,3841.0,14160C10,CTE,CARDIOTECH INTERNATIONAL INC,CTE,339112.0,A,A,R,31655,2,3841.0,,,,38.0,384.0,,,,,,,0.67,-0.042857,21067.0,1.0,0.71,14114.89,CTE,10.0,5.0,5.0,7.0,4.0,1,10.0,10.0,4.0,9.0,10.0,6.0,4.0,,1.0,,9.0,8.0,10.0,10.0,8.0,2.0,1.0,1.0,4.0,8.0,,,,7.0,,,10.0,1.0,10.0,8.0,9.0,1.0,,1.0,1.0,1.0,10.0,1.0,10.0,10.0,10.0,,,1.0,1.0,7,10.0,10,1
2008-01-04,83592,,11,2,3841.0,14160C10,CTE,CARDIOTECH INTERNATIONAL INC,CTE,339112.0,A,A,R,31655,2,3841.0,,,,38.0,384.0,,,,,,,0.72,0.074627,21067.0,1.0,0.69,15168.24,CTE,10.0,5.0,5.0,7.0,4.0,1,10.0,10.0,4.0,9.0,10.0,6.0,4.0,,1.0,,9.0,8.0,10.0,10.0,8.0,2.0,1.0,1.0,4.0,8.0,,,,7.0,,,10.0,1.0,10.0,8.0,9.0,1.0,,1.0,1.0,1.0,10.0,1.0,10.0,10.0,10.0,,,1.0,1.0,7,10.0,10,1
2008-01-07,83592,,11,2,3841.0,14160C10,CTE,CARDIOTECH INTERNATIONAL INC,CTE,339112.0,A,A,R,31655,2,3841.0,,,,38.0,384.0,,,,,,,0.71,-0.013889,21067.0,1.0,0.7,14957.57,CTE,10.0,5.0,5.0,7.0,4.0,1,10.0,10.0,4.0,9.0,10.0,6.0,4.0,,1.0,,9.0,8.0,10.0,10.0,8.0,2.0,1.0,1.0,4.0,8.0,,,,7.0,,,10.0,1.0,10.0,8.0,9.0,1.0,,1.0,1.0,1.0,10.0,1.0,10.0,10.0,10.0,,,1.0,1.0,7,10.0,10,1
2008-01-08,83592,,11,2,3841.0,14160C10,CTE,CARDIOTECH INTERNATIONAL INC,CTE,339112.0,A,A,R,31655,2,3841.0,,,,38.0,384.0,,,,,,,0.75,0.056338,21067.0,1.0,0.71,15800.25,CTE,10.0,5.0,5.0,7.0,4.0,1,10.0,10.0,4.0,9.0,10.0,6.0,4.0,,1.0,,9.0,8.0,10.0,10.0,8.0,2.0,1.0,1.0,4.0,8.0,,,,7.0,,,10.0,1.0,10.0,8.0,9.0,1.0,,1.0,1.0,1.0,10.0,1.0,10.0,10.0,10.0,,,1.0,1.0,7,10.0,10,1
2008-01-09,83592,,11,2,3841.0,14160C10,CTE,CARDIOTECH INTERNATIONAL INC,CTE,339112.0,A,A,R,31655,2,3841.0,,,,38.0,384.0,,,,,,,0.7,-0.066667,21067.0,1.0,0.71,14746.9,CTE,10.0,5.0,5.0,7.0,4.0,1,10.0,10.0,4.0,9.0,10.0,6.0,4.0,,1.0,,9.0,8.0,10.0,10.0,8.0,2.0,1.0,1.0,4.0,8.0,,,,7.0,,,10.0,1.0,10.0,8.0,9.0,1.0,,1.0,1.0,1.0,10.0,1.0,10.0,10.0,10.0,,,1.0,1.0,7,10.0,10,1
2008-01-10,83592,,11,2,3841.0,14160C10,CTE,CARDIOTECH INTERNATIONAL INC,CTE,339112.0,A,A,R,31655,2,3841.0,,,,38.0,384.0,,,,,,,0.61,-0.128571,21067.0,1.0,0.67,12850.87,CTE,10.0,5.0,5.0,7.0,4.0,1,10.0,10.0,4.0,9.0,10.0,6.0,4.0,,1.0,,9.0,8.0,10.0,10.0,8.0,2.0,1.0,1.0,4.0,8.0,,,,7.0,,,10.0,1.0,10.0,8.0,9.0,1.0,,1.0,1.0,1.0,10.0,1.0,10.0,10.0,10.0,,,1.0,1.0,7,10.0,10,1
2008-01-11,83592,,11,2,3841.0,14160C10,CTE,CARDIOTECH INTERNATIONAL INC,CTE,339112.0,A,A,R,31655,2,3841.0,,,,38.0,384.0,,,,,,,0.65,0.065574,21067.0,1.0,0.61,13693.55,CTE,10.0,5.0,5.0,7.0,4.0,1,10.0,10.0,4.0,9.0,10.0,6.0,4.0,,1.0,,9.0,8.0,10.0,10.0,8.0,2.0,1.0,1.0,4.0,8.0,,,,7.0,,,10.0,1.0,10.0,8.0,9.0,1.0,,1.0,1.0,1.0,10.0,1.0,10.0,10.0,10.0,,,1.0,1.0,7,10.0,10,1
2008-01-14,83592,,11,2,3841.0,14160C10,CTE,CARDIOTECH INTERNATIONAL INC,CTE,339112.0,A,A,R,31655,2,3841.0,,,,38.0,384.0,,,,,,,0.65,0.0,21067.0,1.0,0.66,13693.55,CTE,10.0,5.0,5.0,7.0,4.0,1,10.0,10.0,4.0,9.0,10.0,6.0,4.0,,1.0,,9.0,8.0,10.0,10.0,8.0,2.0,1.0,1.0,4.0,8.0,,,,7.0,,,10.0,1.0,10.0,8.0,9.0,1.0,,1.0,1.0,1.0,10.0,1.0,10.0,10.0,10.0,,,1.0,1.0,7,10.0,10,1
2008-01-15,83592,,11,2,3841.0,14160C10,CTE,CARDIOTECH INTERNATIONAL INC,CTE,339112.0,A,A,R,31655,2,3841.0,,,,38.0,384.0,,,,,,,0.62,-0.046154,21067.0,1.0,0.63,13061.54,CTE,10.0,5.0,5.0,7.0,4.0,1,10.0,10.0,4.0,9.0,10.0,6.0,4.0,,1.0,,9.0,8.0,10.0,10.0,8.0,2.0,1.0,1.0,4.0,8.0,,,,7.0,,,10.0,1.0,10.0,8.0,9.0,1.0,,1.0,1.0,1.0,10.0,1.0,10.0,10.0,10.0,,,1.0,1.0,7,10.0,10,1
2008-01-16,83592,,11,2,3841.0,14160C10,CTE,CARDIOTECH INTERNATIONAL INC,CTE,339112.0,A,A,R,31655,2,3841.0,,,,38.0,384.0,,,,,,,0.665,0.072581,21067.0,1.0,0.63,14009.555,CTE,10.0,5.0,5.0,7.0,4.0,1,10.0,10.0,4.0,9.0,10.0,6.0,4.0,,1.0,,9.0,8.0,10.0,10.0,8.0,2.0,1.0,1.0,4.0,8.0,,,,7.0,,,10.0,1.0,10.0,8.0,9.0,1.0,,1.0,1.0,1.0,10.0,1.0,10.0,10.0,10.0,,,1.0,1.0,7,10.0,10,1
2008-01-17,83592,,11,2,3841.0,14160C10,CTE,CARDIOTECH INTERNATIONAL INC,CTE,339112.0,A,A,R,31655,2,3841.0,,,,38.0,384.0,,,,,,,0.66,-0.007519,21067.0,1.0,0.66,13904.22,CTE,10.0,5.0,5.0,7.0,4.0,1,10.0,10.0,4.0,9.0,10.0,6.0,4.0,,1.0,,9.0,8.0,10.0,10.0,8.0,2.0,1.0,1.0,4.0,8.0,,,,7.0,,,10.0,1.0,10.0,8.0,9.0,1.0,,1.0,1.0,1.0,10.0,1.0,10.0,10.0,10.0,,,1.0,1.0,7,10.0,10,1
2008-01-18,83592,,11,2,3841.0,14160C10,CTE,CARDIOTECH INTERNATIONAL INC,CTE,339112.0,A,A,R,31655,2,3841.0,,,,38.0,384.0,,,,,,,0.7,0.060606,21067.0,1.0,0.68,14746.9,CTE,10.0,5.0,5.0,7.0,4.0,1,10.0,10.0,4.0,9.0,10.0,6.0,4.0,,1.0,,9.0,8.0,10.0,10.0,8.0,2.0,1.0,1.0,4.0,8.0,,,,7.0,,,10.0,1.0,10.0,8.0,9.0,1.0,,1.0,1.0,1.0,10.0,1.0,10.0,10.0,10.0,,,1.0,1.0,7,10.0,10,1
2008-01-22,83592,,11,2,3841.0,14160C10,CTE,CARDIOTECH INTERNATIONAL INC,CTE,339112.0,A,A,R,31655,2,3841.0,,,,38.0,384.0,,,,,,,0.68,-0.028571,21067.0,1.0,0.68,14325.56,CTE,10.0,5.0,5.0,7.0,4.0,1,10.0,10.0,4.0,9.0,10.0,6.0,4.0,,1.0,,9.0,8.0,10.0,10.0,8.0,2.0,1.0,1.0,4.0,8.0,,,,7.0,,,10.0,1.0,10.0,8.0,9.0,1.0,,1.0,1.0,1.0,10.0,1.0,10.0,10.0,10.0,,,1.0,1.0,7,10.0,10,1
2008-01-23,83592,,11,2,3841.0,14160C10,CTE,CARDIOTECH INTERNATIONAL INC,CTE,339112.0,A,A,R,31655,2,3841.0,,,,38.0,384.0,,,,,,,0.68,0.0,21067.0,1.0,0.69,14325.56,CTE,10.0,5.0,5.0,7.0,4.0,1,10.0,10.0,4.0,9.0,10.0,6.0,4.0,,1.0,,9.0,8.0,10.0,10.0,8.0,2.0,1.0,1.0,4.0,8.0,,,,7.0,,,10.0,1.0,10.0,8.0,9.0,1.0,,1.0,1.0,1.0,10.0,1.0,10.0,10.0,10.0,,,1.0,1.0,7,10.0,10,1
2008-01-24,83592,,11,2,3841.0,14160C10,CTE,CARDIOTECH INTERNATIONAL INC,CTE,339112.0,A,A,R,31655,2,3841.0,,,,38.0,384.0,,,,,,,0.74,0.088235,21067.0,1.0,0.72,15589.58,CTE,10.0,5.0,5.0,7.0,4.0,1,10.0,10.0,4.0,9.0,10.0,6.0,4.0,,1.0,,9.0,8.0,10.0,10.0,8.0,2.0,1.0,1.0,4.0,8.0,,,,7.0,,,10.0,1.0,10.0,8.0,9.0,1.0,,1.0,1.0,1.0,10.0,1.0,10.0,10.0,10.0,,,1.0,1.0,7,10.0,10,1
2008-01-25,83592,,11,2,3841.0,14160C10,CTE,CARDIOTECH INTERNATIONAL INC,CTE,339112.0,A,A,R,31655,2,3841.0,,,,38.0,384.0,,,,,,,0.73,-0.013514,21067.0,1.0,0.8,15378.91,CTE,10.0,5.0,5.0,7.0,4.0,1,10.0,10.0,4.0,9.0,10.0,6.0,4.0,,1.0,,9.0,8.0,10.0,10.0,8.0,2.0,1.0,1.0,4.0,8.0,,,,7.0,,,10.0,1.0,10.0,8.0,9.0,1.0,,1.0,1.0,1.0,10.0,1.0,10.0,10.0,10.0,,,1.0,1.0,7,10.0,10,1
2008-01-28,83592,,11,2,3841.0,14160C10,CTE,CARDIOTECH INTERNATIONAL INC,CTE,339112.0,A,A,R,31655,2,3841.0,,,,38.0,384.0,,,,,,,0.74,0.013699,21067.0,1.0,0.69,15589.58,CTE,10.0,5.0,5.0,7.0,4.0,1,10.0,10.0,4.0,9.0,10.0,6.0,4.0,,1.0,,9.0,8.0,10.0,10.0,8.0,2.0,1.0,1.0,4.0,8.0,,,,7.0,,,10.0,1.0,10.0,8.0,9.0,1.0,,1.0,1.0,1.0,10.0,1.0,10.0,10.0,10.0,,,1.0,1.0,7,10.0,10,1
2008-01-29,83592,,11,2,3841.0,14160C10,CTE,CARDIOTECH INTERNATIONAL INC,CTE,339112.0,A,A,R,31655,2,3841.0,,,,38.0,384.0,,,,,,,0.76,0.027027,21067.0,1.0,0.7,16010.92,CTE,10.0,5.0,5.0,7.0,4.0,1,10.0,10.0,4.0,9.0,10.0,6.0,4.0,,1.0,,9.0,8.0,10.0,10.0,8.0,2.0,1.0,1.0,4.0,8.0,,,,7.0,,,10.0,1.0,10.0,8.0,9.0,1.0,,1.0,1.0,1.0,10.0,1.0,10.0,10.0,10.0,,,1.0,1.0,7,10.0,10,1
2008-01-30,83592,,11,2,3841.0,14160C10,CTE,CARDIOTECH INTERNATIONAL INC,CTE,339112.0,A,A,R,31655,2,3841.0,,,,38.0,384.0,,,,,,,0.85,0.118421,21067.0,1.0,0.7799,17906.95,CTE,10.0,5.0,5.0,7.0,4.0,1,10.0,10.0,4.0,9.0,10.0,6.0,4.0,,1.0,,9.0,8.0,10.0,10.0,8.0,2.0,1.0,1.0,4.0,8.0,,,,7.0,,,10.0,1.0,10.0,8.0,9.0,1.0,,1.0,1.0,1.0,10.0,1.0,10.0,10.0,10.0,,,1.0,1.0,7,10.0,10,1
2008-01-31,83592,,11,2,3841.0,14160C10,CTE,CARDIOTECH INTERNATIONAL INC,CTE,339112.0,A,A,R,31655,2,3841.0,,,,38.0,384.0,,,,,,,1.0,0.176471,21067.0,1.0,0.88,21067.0,CTE,10.0,5.0,5.0,7.0,4.0,1,10.0,10.0,4.0,9.0,10.0,6.0,4.0,,1.0,,9.0,8.0,10.0,10.0,8.0,2.0,1.0,1.0,4.0,8.0,,,,7.0,,,10.0,1.0,10.0,8.0,9.0,1.0,,1.0,1.0,1.0,10.0,1.0,10.0,10.0,10.0,,,1.0,1.0,7,10.0,10,1
2008-02-01,83592,,11,2,3841.0,14160C10,CTE,CARDIOTECH INTERNATIONAL INC,CTE,339112.0,A,A,R,31655,2,3841.0,,,,38.0,384.0,,,,,,,1.0,0.0,21067.0,1.0,1.1,21067.0,CTE,10.0,5.0,5.0,7.0,4.0,1,10.0,10.0,4.0,9.0,10.0,6.0,4.0,,1.0,,9.0,8.0,10.0,10.0,8.0,2.0,1.0,1.0,4.0,8.0,,,,8.0,,,10.0,1.0,8.0,8.0,6.0,1.0,,1.0,1.0,1.0,1.0,1.0,10.0,1.0,1.0,,,1.0,1.0,7,10.0,10,1
2008-02-04,83592,,11,2,3841.0,14160C10,CTE,CARDIOTECH INTERNATIONAL INC,CTE,339112.0,A,A,R,31655,2,3841.0,,,,38.0,384.0,,,,,,,0.98,-0.02,21067.0,1.0,1.0,20645.66,CTE,10.0,5.0,5.0,7.0,4.0,1,10.0,10.0,4.0,9.0,10.0,6.0,4.0,,1.0,,9.0,8.0,10.0,10.0,8.0,2.0,1.0,1.0,4.0,8.0,,,,8.0,,,10.0,1.0,8.0,8.0,6.0,1.0,,1.0,1.0,1.0,1.0,1.0,10.0,1.0,1.0,,,1.0,1.0,7,10.0,10,1
2008-02-05,83592,,11,2,3841.0,14160C10,CTE,CARDIOTECH INTERNATIONAL INC,CTE,339112.0,A,A,R,31655,2,3841.0,,,,38.0,384.0,,,,,,,0.97,-0.010204,21067.0,1.0,1.06,20434.99,CTE,10.0,5.0,5.0,7.0,4.0,1,10.0,10.0,4.0,9.0,10.0,6.0,4.0,,1.0,,9.0,8.0,10.0,10.0,8.0,2.0,1.0,1.0,4.0,8.0,,,,8.0,,,10.0,1.0,8.0,8.0,6.0,1.0,,1.0,1.0,1.0,1.0,1.0,10.0,1.0,1.0,,,1.0,1.0,7,10.0,10,1
2008-02-06,83592,,11,2,3841.0,14160C10,CTE,CARDIOTECH INTERNATIONAL INC,CTE,339112.0,A,A,R,31655,2,3841.0,,,,38.0,384.0,,,,,,,0.9,-0.072165,21067.0,1.0,1.1,18960.3,CTE,10.0,5.0,5.0,7.0,4.0,1,10.0,10.0,4.0,9.0,10.0,6.0,4.0,,1.0,,9.0,8.0,10.0,10.0,8.0,2.0,1.0,1.0,4.0,8.0,,,,8.0,,,10.0,1.0,8.0,8.0,6.0,1.0,,1.0,1.0,1.0,1.0,1.0,10.0,1.0,1.0,,,1.0,1.0,7,10.0,10,1
2008-02-07,83592,,11,2,3841.0,14160C10,CTE,CARDIOTECH INTERNATIONAL INC,CTE,339112.0,A,A,R,31655,2,3841.0,,,,38.0,384.0,,,,,,,0.82,-0.088889,21067.0,1.0,0.878,17274.94,CTE,10.0,5.0,5.0,7.0,4.0,1,10.0,10.0,4.0,9.0,10.0,6.0,4.0,,1.0,,9.0,8.0,10.0,10.0,8.0,2.0,1.0,1.0,4.0,8.0,,,,8.0,,,10.0,1.0,8.0,8.0,6.0,1.0,,1.0,1.0,1.0,1.0,1.0,10.0,1.0,1.0,,,1.0,1.0,7,10.0,10,1
2008-02-08,83592,,11,2,3841.0,14160C10,CTE,CARDIOTECH INTERNATIONAL INC,CTE,339112.0,A,A,R,31655,2,3841.0,,,,38.0,384.0,,,,,,,0.8,-0.02439,21067.0,1.0,0.81,16853.6,CTE,10.0,5.0,5.0,7.0,4.0,1,10.0,10.0,4.0,9.0,10.0,6.0,4.0,,1.0,,9.0,8.0,10.0,10.0,8.0,2.0,1.0,1.0,4.0,8.0,,,,8.0,,,10.0,1.0,8.0,8.0,6.0,1.0,,1.0,1.0,1.0,1.0,1.0,10.0,1.0,1.0,,,1.0,1.0,7,10.0,10,1
2008-02-11,83592,,11,2,3841.0,14160C10,CTE,CARDIOTECH INTERNATIONAL INC,CTE,339112.0,A,A,R,31655,2,3841.0,,,,38.0,384.0,,,,,,,0.85,0.0625,21067.0,1.0,0.83,17906.95,CTE,10.0,5.0,5.0,7.0,4.0,1,10.0,10.0,4.0,9.0,10.0,6.0,4.0,,1.0,,9.0,8.0,10.0,10.0,8.0,2.0,1.0,1.0,4.0,8.0,,,,8.0,,,10.0,1.0,8.0,8.0,6.0,1.0,,1.0,1.0,1.0,1.0,1.0,10.0,1.0,1.0,,,1.0,1.0,7,10.0,10,1
2008-02-12,83592,,11,2,3841.0,14160C10,CTE,CARDIOTECH INTERNATIONAL INC,CTE,339112.0,A,A,R,31655,2,3841.0,,,,38.0,384.0,,,,,,,0.84,-0.011765,21067.0,1.0,0.89,17696.28,CTE,10.0,5.0,5.0,7.0,4.0,1,10.0,10.0,4.0,9.0,10.0,6.0,4.0,,1.0,,9.0,8.0,10.0,10.0,8.0,2.0,1.0,1.0,4.0,8.0,,,,8.0,,,10.0,1.0,8.0,8.0,6.0,1.0,,1.0,1.0,1.0,1.0,1.0,10.0,1.0,1.0,,,1.0,1.0,7,10.0,10,1
2008-02-13,83592,,11,2,3841.0,14160C10,CTE,CARDIOTECH INTERNATIONAL INC,CTE,339112.0,A,A,R,31655,2,3841.0,,,,38.0,384.0,,,,,,,0.81,-0.035714,21067.0,1.0,0.84,17064.27,CTE,10.0,5.0,5.0,7.0,4.0,1,10.0,10.0,4.0,9.0,10.0,6.0,4.0,,1.0,,9.0,8.0,10.0,10.0,8.0,2.0,1.0,1.0,4.0,8.0,,,,8.0,,,10.0,1.0,8.0,8.0,6.0,1.0,,1.0,1.0,1.0,1.0,1.0,10.0,1.0,1.0,,,1.0,1.0,7,10.0,10,1
2008-02-14,83592,,11,2,3841.0,14160C10,CTE,CARDIOTECH INTERNATIONAL INC,CTE,339112.0,A,A,R,31655,2,3841.0,,,,38.0,384.0,,,,,,,0.8,-0.012346,21067.0,1.0,0.85,16853.6,CTE,10.0,5.0,5.0,7.0,4.0,1,10.0,10.0,4.0,9.0,10.0,6.0,4.0,,1.0,,9.0,8.0,10.0,10.0,8.0,2.0,1.0,1.0,4.0,8.0,,,,8.0,,,10.0,1.0,8.0,8.0,6.0,1.0,,1.0,1.0,1.0,1.0,1.0,10.0,1.0,1.0,,,1.0,1.0,7,10.0,10,1
2008-02-15,83592,,11,2,3841.0,14160C10,CTE,CARDIOTECH INTERNATIONAL INC,CTE,339112.0,A,A,R,31655,2,3841.0,,,,38.0,384.0,,,,,,,0.85,0.0625,21067.0,1.0,0.78,17906.95,CTE,10.0,5.0,5.0,7.0,4.0,1,10.0,10.0,4.0,9.0,10.0,6.0,4.0,,1.0,,9.0,8.0,10.0,10.0,8.0,2.0,1.0,1.0,4.0,8.0,,,,8.0,,,10.0,1.0,8.0,8.0,6.0,1.0,,1.0,1.0,1.0,1.0,1.0,10.0,1.0,1.0,,,1.0,1.0,7,10.0,10,1
2008-02-19,83592,,11,2,3841.0,14160C10,CTE,CARDIOTECH INTERNATIONAL INC,CTE,339112.0,A,A,R,31655,2,3841.0,,,,38.0,384.0,,,,,,,0.78,-0.082353,21067.0,1.0,0.84,16432.26,CTE,10.0,5.0,5.0,7.0,4.0,1,10.0,10.0,4.0,9.0,10.0,6.0,4.0,,1.0,,9.0,8.0,10.0,10.0,8.0,2.0,1.0,1.0,4.0,8.0,,,,8.0,,,10.0,1.0,8.0,8.0,6.0,1.0,,1.0,1.0,1.0,1.0,1.0,10.0,1.0,1.0,,,1.0,1.0,7,10.0,10,1
2008-02-20,83592,,11,2,3841.0,14160C10,CTE,CARDIOTECH INTERNATIONAL INC,CTE,339112.0,A,A,R,31655,2,3841.0,,,,38.0,384.0,,,,,,,0.7602,-0.025385,21067.0,1.0,0.83,16015.1334,CTE,10.0,5.0,5.0,7.0,4.0,1,10.0,10.0,4.0,9.0,10.0,6.0,4.0,,1.0,,9.0,8.0,10.0,10.0,8.0,2.0,1.0,1.0,4.0,8.0,,,,8.0,,,10.0,1.0,8.0,8.0,6.0,1.0,,1.0,1.0,1.0,1.0,1.0,10.0,1.0,1.0,,,1.0,1.0,7,10.0,10,1
2008-02-21,83592,,11,2,3841.0,14160C10,CTE,CARDIOTECH INTERNATIONAL INC,CTE,339112.0,A,A,R,31655,2,3841.0,,,,38.0,384.0,,,,,,,0.75,-0.013418,21067.0,1.0,0.78,15800.25,CTE,10.0,5.0,5.0,7.0,4.0,1,10.0,10.0,4.0,9.0,10.0,6.0,4.0,,1.0,,9.0,8.0,10.0,10.0,8.0,2.0,1.0,1.0,4.0,8.0,,,,8.0,,,10.0,1.0,8.0,8.0,6.0,1.0,,1.0,1.0,1.0,1.0,1.0,10.0,1.0,1.0,,,1.0,1.0,7,10.0,10,1
2008-02-22,83592,,11,2,3841.0,14160C10,CTE,CARDIOTECH INTERNATIONAL INC,CTE,339112.0,A,A,R,31655,2,3841.0,,,,38.0,384.0,,,,,,,0.69,-0.08,21067.0,1.0,0.72,14536.23,CTE,10.0,5.0,5.0,7.0,4.0,1,10.0,10.0,4.0,9.0,10.0,6.0,4.0,,1.0,,9.0,8.0,10.0,10.0,8.0,2.0,1.0,1.0,4.0,8.0,,,,8.0,,,10.0,1.0,8.0,8.0,6.0,1.0,,1.0,1.0,1.0,1.0,1.0,10.0,1.0,1.0,,,1.0,1.0,7,10.0,10,1
2008-02-25,83592,,11,2,3841.0,14160C10,CTE,CARDIOTECH INTERNATIONAL INC,CTE,339112.0,A,A,R,31655,2,3841.0,,,,38.0,384.0,,,,,,,0.72,0.043478,21067.0,1.0,0.75,15168.24,CTE,10.0,5.0,5.0,7.0,4.0,1,10.0,10.0,4.0,9.0,10.0,6.0,4.0,,1.0,,9.0,8.0,10.0,10.0,8.0,2.0,1.0,1.0,4.0,8.0,,,,8.0,,,10.0,1.0,8.0,8.0,6.0,1.0,,1.0,1.0,1.0,1.0,1.0,10.0,1.0,1.0,,,1.0,1.0,7,10.0,10,1
2008-02-26,83592,,11,2,3841.0,14160C10,CTE,CARDIOTECH INTERNATIONAL INC,CTE,339112.0,A,A,R,31655,2,3841.0,,,,38.0,384.0,,,,,,,0.71,-0.013889,21067.0,1.0,0.78,14957.57,CTE,10.0,5.0,5.0,7.0,4.0,1,10.0,10.0,4.0,9.0,10.0,6.0,4.0,,1.0,,9.0,8.0,10.0,10.0,8.0,2.0,1.0,1.0,4.0,8.0,,,,8.0,,,10.0,1.0,8.0,8.0,6.0,1.0,,1.0,1.0,1.0,1.0,1.0,10.0,1.0,1.0,,,1.0,1.0,7,10.0,10,1
2008-02-27,83592,,11,2,3841.0,14160C10,CTE,CARDIOTECH INTERNATIONAL INC,CTE,339112.0,A,A,R,31655,2,3841.0,,,,38.0,384.0,,,,,,,0.69,-0.028169,21067.0,1.0,0.67,14536.23,CTE,10.0,5.0,5.0,7.0,4.0,1,10.0,10.0,4.0,9.0,10.0,6.0,4.0,,1.0,,9.0,8.0,10.0,10.0,8.0,2.0,1.0,1.0,4.0,8.0,,,,8.0,,,10.0,1.0,8.0,8.0,6.0,1.0,,1.0,1.0,1.0,1.0,1.0,10.0,1.0,1.0,,,1.0,1.0,7,10.0,10,1
2008-02-28,83592,,11,2,3841.0,14160C10,CTE,CARDIOTECH INTERNATIONAL INC,CTE,339112.0,A,A,R,31655,2,3841.0,,,,38.0,384.0,,,,,,,0.67,-0.028985,21067.0,1.0,0.7301,14114.89,CTE,10.0,5.0,5.0,7.0,4.0,1,10.0,10.0,4.0,9.0,10.0,6.0,4.0,,1.0,,9.0,8.0,10.0,10.0,8.0,2.0,1.0,1.0,4.0,8.0,,,,8.0,,,10.0,1.0,8.0,8.0,6.0,1.0,,1.0,1.0,1.0,1.0,1.0,10.0,1.0,1.0,,,1.0,1.0,7,10.0,10,1
2008-02-29,83592,,11,2,3841.0,14160C10,CTE,CARDIOTECH INTERNATIONAL INC,CTE,339112.0,A,A,R,31655,2,3841.0,,,,38.0,384.0,,,,,,,0.6799,0.014776,21067.0,1.0,0.6602,14323.4533,CTE,10.0,5.0,5.0,7.0,4.0,1,10.0,10.0,4.0,9.0,10.0,6.0,4.0,,1.0,,9.0,8.0,10.0,10.0,8.0,2.0,1.0,1.0,4.0,8.0,,,,8.0,,,10.0,1.0,8.0,8.0,6.0,1.0,,1.0,1.0,1.0,1.0,1.0,10.0,1.0,1.0,,,1.0,1.0,7,10.0,10,1
2008-03-03,83592,,11,2,3841.0,14160C10,CTE,CARDIOTECH INTERNATIONAL INC,CTE,339112.0,A,A,R,31655,2,3841.0,,,,38.0,384.0,,,,,,,0.6901,0.015002,21067.0,1.0,0.66,14538.3367,CTE,10.0,5.0,5.0,7.0,4.0,1,10.0,10.0,4.0,9.0,10.0,6.0,4.0,,1.0,,9.0,8.0,10.0,10.0,8.0,2.0,1.0,1.0,4.0,8.0,,,,8.0,,,10.0,2.0,5.0,9.0,8.0,2.0,,1.0,1.0,1.0,10.0,1.0,10.0,1.0,10.0,,,1.0,1.0,7,10.0,10,1
2008-03-04,83592,,11,2,3841.0,14160C10,CTE,CARDIOTECH INTERNATIONAL INC,CTE,339112.0,A,A,R,31655,2,3841.0,,,,38.0,384.0,,,,,,,0.72,0.043327,21067.0,1.0,0.7,15168.24,CTE,10.0,5.0,5.0,7.0,4.0,1,10.0,10.0,4.0,9.0,10.0,6.0,4.0,,1.0,,9.0,8.0,10.0,10.0,8.0,2.0,1.0,1.0,4.0,8.0,,,,8.0,,,10.0,2.0,5.0,9.0,8.0,2.0,,1.0,1.0,1.0,10.0,1.0,10.0,1.0,10.0,,,1.0,1.0,7,10.0,10,1
2008-03-05,83592,,11,2,3841.0,14160C10,CTE,CARDIOTECH INTERNATIONAL INC,CTE,339112.0,A,A,R,31655,2,3841.0,,,,38.0,384.0,,,,,,,0.68,-0.055556,21067.0,1.0,0.72,14325.56,CTE,10.0,5.0,5.0,7.0,4.0,1,10.0,10.0,4.0,9.0,10.0,6.0,4.0,,1.0,,9.0,8.0,10.0,10.0,8.0,2.0,1.0,1.0,4.0,8.0,,,,8.0,,,10.0,2.0,5.0,9.0,8.0,2.0,,1.0,1.0,1.0,10.0,1.0,10.0,1.0,10.0,,,1.0,1.0,7,10.0,10,1
2008-03-06,83592,,11,2,3841.0,14160C10,CTE,CARDIOTECH INTERNATIONAL INC,CTE,339112.0,A,A,R,31655,2,3841.0,,,,38.0,384.0,,,,,,,0.67,-0.014706,21067.0,1.0,0.69,14114.89,CTE,10.0,5.0,5.0,7.0,4.0,1,10.0,10.0,4.0,9.0,10.0,6.0,4.0,,1.0,,9.0,8.0,10.0,10.0,8.0,2.0,1.0,1.0,4.0,8.0,,,,8.0,,,10.0,2.0,5.0,9.0,8.0,2.0,,1.0,1.0,1.0,10.0,1.0,10.0,1.0,10.0,,,1.0,1.0,7,10.0,10,1
2008-03-07,83592,,11,2,3841.0,14160C10,CTE,CARDIOTECH INTERNATIONAL INC,CTE,339112.0,A,A,R,31655,2,3841.0,,,,38.0,384.0,,,,,,,0.6201,-0.074478,21067.0,1.0,0.65,13063.6467,CTE,10.0,5.0,5.0,7.0,4.0,1,10.0,10.0,4.0,9.0,10.0,6.0,4.0,,1.0,,9.0,8.0,10.0,10.0,8.0,2.0,1.0,1.0,4.0,8.0,,,,8.0,,,10.0,2.0,5.0,9.0,8.0,2.0,,1.0,1.0,1.0,10.0,1.0,10.0,1.0,10.0,,,1.0,1.0,7,10.0,10,1
2008-03-10,83592,,11,2,3841.0,14160C10,CTE,CARDIOTECH INTERNATIONAL INC,CTE,339112.0,A,A,R,31655,2,3841.0,,,,38.0,384.0,,,,,,,0.6,-0.032414,21067.0,1.0,0.6201,12640.2,CTE,10.0,5.0,5.0,7.0,4.0,1,10.0,10.0,4.0,9.0,10.0,6.0,4.0,,1.0,,9.0,8.0,10.0,10.0,8.0,2.0,1.0,1.0,4.0,8.0,,,,8.0,,,10.0,2.0,5.0,9.0,8.0,2.0,,1.0,1.0,1.0,10.0,1.0,10.0,1.0,10.0,,,1.0,1.0,7,10.0,10,1
2008-03-11,83592,,11,2,3841.0,14160C10,CTE,CARDIOTECH INTERNATIONAL INC,CTE,339112.0,A,A,R,31655,2,3841.0,,,,38.0,384.0,,,,,,,0.59,-0.016667,21067.0,1.0,0.69,12429.53,CTE,10.0,5.0,5.0,7.0,4.0,1,10.0,10.0,4.0,9.0,10.0,6.0,4.0,,1.0,,9.0,8.0,10.0,10.0,8.0,2.0,1.0,1.0,4.0,8.0,,,,8.0,,,10.0,2.0,5.0,9.0,8.0,2.0,,1.0,1.0,1.0,10.0,1.0,10.0,1.0,10.0,,,1.0,1.0,7,10.0,10,1
2008-03-12,83592,,11,2,3841.0,14160C10,CTE,CARDIOTECH INTERNATIONAL INC,CTE,339112.0,A,A,R,31655,2,3841.0,,,,38.0,384.0,,,,,,,0.63,0.067797,21067.0,1.0,0.52,13272.21,CTE,10.0,5.0,5.0,7.0,4.0,1,10.0,10.0,4.0,9.0,10.0,6.0,4.0,,1.0,,9.0,8.0,10.0,10.0,8.0,2.0,1.0,1.0,4.0,8.0,,,,8.0,,,10.0,2.0,5.0,9.0,8.0,2.0,,1.0,1.0,1.0,10.0,1.0,10.0,1.0,10.0,,,1.0,1.0,7,10.0,10,1
2008-03-13,83592,,11,2,3841.0,14160C10,CTE,CARDIOTECH INTERNATIONAL INC,CTE,339112.0,A,A,R,31655,2,3841.0,,,,38.0,384.0,,,,,,,0.64,0.015873,21067.0,1.0,0.66,13482.88,CTE,10.0,5.0,5.0,7.0,4.0,1,10.0,10.0,4.0,9.0,10.0,6.0,4.0,,1.0,,9.0,8.0,10.0,10.0,8.0,2.0,1.0,1.0,4.0,8.0,,,,8.0,,,10.0,2.0,5.0,9.0,8.0,2.0,,1.0,1.0,1.0,10.0,1.0,10.0,1.0,10.0,,,1.0,1.0,7,10.0,10,1
2008-03-14,83592,,11,2,3841.0,14160C10,CTE,CARDIOTECH INTERNATIONAL INC,CTE,339112.0,A,A,R,31655,2,3841.0,,,,38.0,384.0,,,,,,,0.56,-0.125,21067.0,1.0,0.64,11797.52,CTE,10.0,5.0,5.0,7.0,4.0,1,10.0,10.0,4.0,9.0,10.0,6.0,4.0,,1.0,,9.0,8.0,10.0,10.0,8.0,2.0,1.0,1.0,4.0,8.0,,,,8.0,,,10.0,2.0,5.0,9.0,8.0,2.0,,1.0,1.0,1.0,10.0,1.0,10.0,1.0,10.0,,,1.0,1.0,7,10.0,10,1
2008-03-17,83592,,11,2,3841.0,14160C10,CTE,CARDIOTECH INTERNATIONAL INC,CTE,339112.0,A,A,R,31655,2,3841.0,,,,38.0,384.0,,,,,,,0.55,-0.017857,21067.0,1.0,0.57,11586.85,CTE,10.0,5.0,5.0,7.0,4.0,1,10.0,10.0,4.0,9.0,10.0,6.0,4.0,,1.0,,9.0,8.0,10.0,10.0,8.0,2.0,1.0,1.0,4.0,8.0,,,,8.0,,,10.0,2.0,5.0,9.0,8.0,2.0,,1.0,1.0,1.0,10.0,1.0,10.0,1.0,10.0,,,1.0,1.0,7,10.0,10,1
2008-03-18,83592,,11,2,3841.0,14160C10,CTE,CARDIOTECH INTERNATIONAL INC,CTE,339112.0,A,A,R,31655,2,3841.0,,,,38.0,384.0,,,,,,,0.56,0.018182,21067.0,1.0,0.52,11797.52,CTE,10.0,5.0,5.0,7.0,4.0,1,10.0,10.0,4.0,9.0,10.0,6.0,4.0,,1.0,,9.0,8.0,10.0,10.0,8.0,2.0,1.0,1.0,4.0,8.0,,,,8.0,,,10.0,2.0,5.0,9.0,8.0,2.0,,1.0,1.0,1.0,10.0,1.0,10.0,1.0,10.0,,,1.0,1.0,7,10.0,10,1
2008-03-19,83592,,11,2,3841.0,14160C10,CTE,CARDIOTECH INTERNATIONAL INC,CTE,339112.0,A,A,R,31655,2,3841.0,,,,38.0,384.0,,,,,,,0.58,0.035714,21067.0,1.0,0.6,12218.86,CTE,10.0,5.0,5.0,7.0,4.0,1,10.0,10.0,4.0,9.0,10.0,6.0,4.0,,1.0,,9.0,8.0,10.0,10.0,8.0,2.0,1.0,1.0,4.0,8.0,,,,8.0,,,10.0,2.0,5.0,9.0,8.0,2.0,,1.0,1.0,1.0,10.0,1.0,10.0,1.0,10.0,,,1.0,1.0,7,10.0,10,1
2008-03-20,83592,,11,2,3841.0,14160C10,CTE,CARDIOTECH INTERNATIONAL INC,CTE,339112.0,A,A,R,31655,2,3841.0,,,,38.0,384.0,,,,,,,0.6,0.034483,21067.0,1.0,0.55,12640.2,CTE,10.0,5.0,5.0,7.0,4.0,1,10.0,10.0,4.0,9.0,10.0,6.0,4.0,,1.0,,9.0,8.0,10.0,10.0,8.0,2.0,1.0,1.0,4.0,8.0,,,,8.0,,,10.0,2.0,5.0,9.0,8.0,2.0,,1.0,1.0,1.0,10.0,1.0,10.0,1.0,10.0,,,1.0,1.0,7,10.0,10,1
2008-03-24,83592,,11,2,3841.0,14160C10,CTE,CARDIOTECH INTERNATIONAL INC,CTE,339112.0,A,A,R,31655,2,3841.0,,,,38.0,384.0,,,,,,,0.59,-0.016667,21067.0,1.0,0.6,12429.53,CTE,10.0,5.0,5.0,7.0,4.0,1,10.0,10.0,4.0,9.0,10.0,6.0,4.0,,1.0,,9.0,8.0,10.0,10.0,8.0,2.0,1.0,1.0,4.0,8.0,,,,8.0,,,10.0,2.0,5.0,9.0,8.0,2.0,,1.0,1.0,1.0,10.0,1.0,10.0,1.0,10.0,,,1.0,1.0,7,10.0,10,1
2008-03-25,83592,,11,2,3841.0,14160C10,CTE,CARDIOTECH INTERNATIONAL INC,CTE,339112.0,A,A,R,31655,2,3841.0,,,,38.0,384.0,,,,,,,0.62,0.050848,21067.0,1.0,0.59,13061.54,CTE,10.0,5.0,5.0,7.0,4.0,1,10.0,10.0,4.0,9.0,10.0,6.0,4.0,,1.0,,9.0,8.0,10.0,10.0,8.0,2.0,1.0,1.0,4.0,8.0,,,,8.0,,,10.0,2.0,5.0,9.0,8.0,2.0,,1.0,1.0,1.0,10.0,1.0,10.0,1.0,10.0,,,1.0,1.0,7,10.0,10,1
2008-03-26,83592,,11,2,3841.0,14160C10,CTE,CARDIOTECH INTERNATIONAL INC,CTE,339112.0,A,A,R,31655,2,3841.0,,,,38.0,384.0,,,,,,,0.64,0.032258,21067.0,1.0,0.58,13482.88,CTE,10.0,5.0,5.0,7.0,4.0,1,10.0,10.0,4.0,9.0,10.0,6.0,4.0,,1.0,,9.0,8.0,10.0,10.0,8.0,2.0,1.0,1.0,4.0,8.0,,,,8.0,,,10.0,2.0,5.0,9.0,8.0,2.0,,1.0,1.0,1.0,10.0,1.0,10.0,1.0,10.0,,,1.0,1.0,7,10.0,10,1
2008-03-27,83592,,11,2,3841.0,14160C10,CTE,CARDIOTECH INTERNATIONAL INC,CTE,339112.0,A,A,R,31655,2,3841.0,,,,38.0,384.0,,,,,,,0.56,-0.125,21067.0,1.0,0.6201,11797.52,CTE,10.0,5.0,5.0,7.0,4.0,1,10.0,10.0,4.0,9.0,10.0,6.0,4.0,,1.0,,9.0,8.0,10.0,10.0,8.0,2.0,1.0,1.0,4.0,8.0,,,,8.0,,,10.0,2.0,5.0,9.0,8.0,2.0,,1.0,1.0,1.0,10.0,1.0,10.0,1.0,10.0,,,1.0,1.0,7,10.0,10,1
2008-03-28,83592,,11,2,3841.0,14160C10,CTE,CARDIOTECH INTERNATIONAL INC,CTE,339112.0,A,A,R,31655,2,3841.0,,,,38.0,384.0,,,,,,,0.5715,0.020536,21067.0,1.0,0.61,12039.7905,CTE,10.0,5.0,5.0,7.0,4.0,1,10.0,10.0,4.0,9.0,10.0,6.0,4.0,,1.0,,9.0,8.0,10.0,10.0,8.0,2.0,1.0,1.0,4.0,8.0,,,,8.0,,,10.0,2.0,5.0,9.0,8.0,2.0,,1.0,1.0,1.0,10.0,1.0,10.0,1.0,10.0,,,1.0,1.0,7,10.0,10,1
2008-03-31,83592,,11,2,3841.0,14160C10,CTE,CARDIOTECH INTERNATIONAL INC,CTE,339112.0,A,A,R,31655,2,3841.0,,,,38.0,384.0,,,,,,,0.54,-0.055118,21067.0,1.0,0.59,11376.18,CTE,10.0,5.0,5.0,7.0,4.0,1,10.0,10.0,4.0,9.0,10.0,6.0,4.0,,1.0,,9.0,8.0,10.0,10.0,8.0,2.0,1.0,1.0,4.0,8.0,,,,8.0,,,10.0,2.0,5.0,9.0,8.0,2.0,,1.0,1.0,1.0,10.0,1.0,10.0,1.0,10.0,,,1.0,1.0,7,10.0,10,1
2008-04-01,83592,,11,2,3841.0,14160C10,CTE,CARDIOTECH INTERNATIONAL INC,CTE,339112.0,A,A,R,31655,2,3841.0,,,,38.0,384.0,,,,,,,0.52,-0.037037,21067.0,1.0,0.5796,10954.84,CTE,10.0,5.0,5.0,7.0,4.0,1,10.0,10.0,4.0,9.0,10.0,6.0,4.0,,1.0,,9.0,8.0,10.0,10.0,8.0,2.0,1.0,1.0,4.0,8.0,,,,8.0,,,10.0,1.0,2.0,9.0,9.0,1.0,,1.0,1.0,1.0,10.0,1.0,10.0,2.0,10.0,,,2.0,1.0,7,10.0,10,1
2008-04-02,83592,,11,2,3841.0,14160C10,CTE,CARDIOTECH INTERNATIONAL INC,CTE,339112.0,A,A,R,31655,2,3841.0,,,,38.0,384.0,,,,,,,0.5499,0.0575,21067.0,1.0,0.54,11584.7433,CTE,10.0,5.0,5.0,7.0,4.0,1,10.0,10.0,4.0,9.0,10.0,6.0,4.0,,1.0,,9.0,8.0,10.0,10.0,8.0,2.0,1.0,1.0,4.0,8.0,,,,8.0,,,10.0,1.0,2.0,9.0,9.0,1.0,,1.0,1.0,1.0,10.0,1.0,10.0,2.0,10.0,,,2.0,1.0,7,10.0,10,1
2008-04-03,83592,,11,2,3841.0,14160C10,CTE,CARDIOTECH INTERNATIONAL INC,CTE,339112.0,A,A,R,31655,2,3841.0,,,,38.0,384.0,,,,,,,0.59,0.072922,21067.0,1.0,0.57,12429.53,CTE,10.0,5.0,5.0,7.0,4.0,1,10.0,10.0,4.0,9.0,10.0,6.0,4.0,,1.0,,9.0,8.0,10.0,10.0,8.0,2.0,1.0,1.0,4.0,8.0,,,,8.0,,,10.0,1.0,2.0,9.0,9.0,1.0,,1.0,1.0,1.0,10.0,1.0,10.0,2.0,10.0,,,2.0,1.0,7,10.0,10,1
2008-04-04,83592,,11,2,3841.0,14160C10,CTE,CARDIOTECH INTERNATIONAL INC,CTE,339112.0,A,A,R,31655,2,3841.0,,,,38.0,384.0,,,,,,,0.56,-0.050847,21067.0,1.0,0.58,11797.52,CTE,10.0,5.0,5.0,7.0,4.0,1,10.0,10.0,4.0,9.0,10.0,6.0,4.0,,1.0,,9.0,8.0,10.0,10.0,8.0,2.0,1.0,1.0,4.0,8.0,,,,8.0,,,10.0,1.0,2.0,9.0,9.0,1.0,,1.0,1.0,1.0,10.0,1.0,10.0,2.0,10.0,,,2.0,1.0,7,10.0,10,1
2008-04-07,83592,,11,2,3841.0,14160C10,CTE,CARDIOTECH INTERNATIONAL INC,CTE,339112.0,A,A,R,31655,2,3841.0,,,,38.0,384.0,,,,,,,0.58,0.035714,21067.0,1.0,0.53,12218.86,CTE,10.0,5.0,5.0,7.0,4.0,1,10.0,10.0,4.0,9.0,10.0,6.0,4.0,,1.0,,9.0,8.0,10.0,10.0,8.0,2.0,1.0,1.0,4.0,8.0,,,,8.0,,,10.0,1.0,2.0,9.0,9.0,1.0,,1.0,1.0,1.0,10.0,1.0,10.0,2.0,10.0,,,2.0,1.0,7,10.0,10,1
2008-04-08,83592,,11,2,3841.0,14160C10,CTE,CARDIOTECH INTERNATIONAL INC,CTE,339112.0,A,A,R,31655,2,3841.0,,,,38.0,384.0,,,,,,,0.55,-0.051724,21067.0,1.0,0.55,11586.85,CTE,10.0,5.0,5.0,7.0,4.0,1,10.0,10.0,4.0,9.0,10.0,6.0,4.0,,1.0,,9.0,8.0,10.0,10.0,8.0,2.0,1.0,1.0,4.0,8.0,,,,8.0,,,10.0,1.0,2.0,9.0,9.0,1.0,,1.0,1.0,1.0,10.0,1.0,10.0,2.0,10.0,,,2.0,1.0,7,10.0,10,1
2008-04-09,83592,,11,2,3841.0,14160C10,CTE,CARDIOTECH INTERNATIONAL INC,CTE,339112.0,A,A,R,31655,2,3841.0,,,,38.0,384.0,,,,,,,0.63,0.145455,21067.0,1.0,0.58,13272.21,CTE,10.0,5.0,5.0,7.0,4.0,1,10.0,10.0,4.0,9.0,10.0,6.0,4.0,,1.0,,9.0,8.0,10.0,10.0,8.0,2.0,1.0,1.0,4.0,8.0,,,,8.0,,,10.0,1.0,2.0,9.0,9.0,1.0,,1.0,1.0,1.0,10.0,1.0,10.0,2.0,10.0,,,2.0,1.0,7,10.0,10,1
2008-04-10,83592,,11,2,3841.0,14160C10,CTE,CARDIOTECH INTERNATIONAL INC,CTE,339112.0,A,A,R,31655,2,3841.0,,,,38.0,384.0,,,,,,,0.65,0.031746,21067.0,1.0,0.645,13693.55,CTE,10.0,5.0,5.0,7.0,4.0,1,10.0,10.0,4.0,9.0,10.0,6.0,4.0,,1.0,,9.0,8.0,10.0,10.0,8.0,2.0,1.0,1.0,4.0,8.0,,,,8.0,,,10.0,1.0,2.0,9.0,9.0,1.0,,1.0,1.0,1.0,10.0,1.0,10.0,2.0,10.0,,,2.0,1.0,7,10.0,10,1
2008-04-11,83592,,11,2,3841.0,14160C10,CTE,CARDIOTECH INTERNATIONAL INC,CTE,339112.0,A,A,R,31655,2,3841.0,,,,38.0,384.0,,,,,,,0.62,-0.046154,21067.0,1.0,0.65,13061.54,CTE,10.0,5.0,5.0,7.0,4.0,1,10.0,10.0,4.0,9.0,10.0,6.0,4.0,,1.0,,9.0,8.0,10.0,10.0,8.0,2.0,1.0,1.0,4.0,8.0,,,,8.0,,,10.0,1.0,2.0,9.0,9.0,1.0,,1.0,1.0,1.0,10.0,1.0,10.0,2.0,10.0,,,2.0,1.0,7,10.0,10,1
2008-04-14,83592,,11,2,3841.0,14160C10,CTE,CARDIOTECH INTERNATIONAL INC,CTE,339112.0,A,A,R,31655,2,3841.0,,,,38.0,384.0,,,,,,,0.62,0.0,21067.0,1.0,0.57,13061.54,CTE,10.0,5.0,5.0,7.0,4.0,1,10.0,10.0,4.0,9.0,10.0,6.0,4.0,,1.0,,9.0,8.0,10.0,10.0,8.0,2.0,1.0,1.0,4.0,8.0,,,,8.0,,,10.0,1.0,2.0,9.0,9.0,1.0,,1.0,1.0,1.0,10.0,1.0,10.0,2.0,10.0,,,2.0,1.0,7,10.0,10,1
2008-04-15,83592,,11,2,3841.0,14160C10,CTE,CARDIOTECH INTERNATIONAL INC,CTE,339112.0,A,A,R,31655,2,3841.0,,,,38.0,384.0,,,,,,,0.62,0.0,21067.0,1.0,0.57,13061.54,CTE,10.0,5.0,5.0,7.0,4.0,1,10.0,10.0,4.0,9.0,10.0,6.0,4.0,,1.0,,9.0,8.0,10.0,10.0,8.0,2.0,1.0,1.0,4.0,8.0,,,,8.0,,,10.0,1.0,2.0,9.0,9.0,1.0,,1.0,1.0,1.0,10.0,1.0,10.0,2.0,10.0,,,2.0,1.0,7,10.0,10,1
2008-04-16,83592,,11,2,3841.0,14160C10,CTE,CARDIOTECH INTERNATIONAL INC,CTE,339112.0,A,A,R,31655,2,3841.0,,,,38.0,384.0,,,,,,,0.57,-0.080645,21067.0,1.0,0.57,12008.19,CTE,10.0,5.0,5.0,7.0,4.0,1,10.0,10.0,4.0,9.0,10.0,6.0,4.0,,1.0,,9.0,8.0,10.0,10.0,8.0,2.0,1.0,1.0,4.0,8.0,,,,8.0,,,10.0,1.0,2.0,9.0,9.0,1.0,,1.0,1.0,1.0,10.0,1.0,10.0,2.0,10.0,,,2.0,1.0,7,10.0,10,1
2008-04-17,83592,,11,2,3841.0,14160C10,CTE,CARDIOTECH INTERNATIONAL INC,CTE,339112.0,A,A,R,31655,2,3841.0,,,,38.0,384.0,,,,,,,0.6,0.052632,21067.0,1.0,0.57,12640.2,CTE,10.0,5.0,5.0,7.0,4.0,1,10.0,10.0,4.0,9.0,10.0,6.0,4.0,,1.0,,9.0,8.0,10.0,10.0,8.0,2.0,1.0,1.0,4.0,8.0,,,,8.0,,,10.0,1.0,2.0,9.0,9.0,1.0,,1.0,1.0,1.0,10.0,1.0,10.0,2.0,10.0,,,2.0,1.0,7,10.0,10,1
2008-04-18,83592,,11,2,3841.0,14160C10,CTE,CARDIOTECH INTERNATIONAL INC,CTE,339112.0,A,A,R,31655,2,3841.0,,,,38.0,384.0,,,,,,,0.5999,-0.000167,21067.0,1.0,0.56,12638.0933,CTE,10.0,5.0,5.0,7.0,4.0,1,10.0,10.0,4.0,9.0,10.0,6.0,4.0,,1.0,,9.0,8.0,10.0,10.0,8.0,2.0,1.0,1.0,4.0,8.0,,,,8.0,,,10.0,1.0,2.0,9.0,9.0,1.0,,1.0,1.0,1.0,10.0,1.0,10.0,2.0,10.0,,,2.0,1.0,7,10.0,10,1
2008-04-21,83592,,11,2,3841.0,14160C10,CTE,CARDIOTECH INTERNATIONAL INC,CTE,339112.0,A,A,R,31655,2,3841.0,,,,38.0,384.0,,,,,,,0.6,0.000167,21067.0,1.0,0.57,12640.2,CTE,10.0,5.0,5.0,7.0,4.0,1,10.0,10.0,4.0,9.0,10.0,6.0,4.0,,1.0,,9.0,8.0,10.0,10.0,8.0,2.0,1.0,1.0,4.0,8.0,,,,8.0,,,10.0,1.0,2.0,9.0,9.0,1.0,,1.0,1.0,1.0,10.0,1.0,10.0,2.0,10.0,,,2.0,1.0,7,10.0,10,1
2008-04-22,83592,,11,2,3841.0,14160C10,CTE,CARDIOTECH INTERNATIONAL INC,CTE,339112.0,A,A,R,31655,2,3841.0,,,,38.0,384.0,,,,,,,0.57,-0.05,21067.0,1.0,0.6,12008.19,CTE,10.0,5.0,5.0,7.0,4.0,1,10.0,10.0,4.0,9.0,10.0,6.0,4.0,,1.0,,9.0,8.0,10.0,10.0,8.0,2.0,1.0,1.0,4.0,8.0,,,,8.0,,,10.0,1.0,2.0,9.0,9.0,1.0,,1.0,1.0,1.0,10.0,1.0,10.0,2.0,10.0,,,2.0,1.0,7,10.0,10,1
2008-04-23,83592,,11,2,3841.0,14160C10,CTE,CARDIOTECH INTERNATIONAL INC,CTE,339112.0,A,A,R,31655,2,3841.0,,,,38.0,384.0,,,,,,,0.6299,0.105088,21067.0,1.0,0.57,13270.1033,CTE,10.0,5.0,5.0,7.0,4.0,1,10.0,10.0,4.0,9.0,10.0,6.0,4.0,,1.0,,9.0,8.0,10.0,10.0,8.0,2.0,1.0,1.0,4.0,8.0,,,,8.0,,,10.0,1.0,2.0,9.0,9.0,1.0,,1.0,1.0,1.0,10.0,1.0,10.0,2.0,10.0,,,2.0,1.0,7,10.0,10,1
2008-04-24,83592,,11,2,3841.0,14160C10,CTE,CARDIOTECH INTERNATIONAL INC,CTE,339112.0,A,A,R,31655,2,3841.0,,,,38.0,384.0,,,,,,,0.5801,-0.07906,21067.0,1.0,0.6299,12220.9667,CTE,10.0,5.0,5.0,7.0,4.0,1,10.0,10.0,4.0,9.0,10.0,6.0,4.0,,1.0,,9.0,8.0,10.0,10.0,8.0,2.0,1.0,1.0,4.0,8.0,,,,8.0,,,10.0,1.0,2.0,9.0,9.0,1.0,,1.0,1.0,1.0,10.0,1.0,10.0,2.0,10.0,,,2.0,1.0,7,10.0,10,1
2008-04-25,83592,,11,2,3841.0,14160C10,CTE,CARDIOTECH INTERNATIONAL INC,CTE,339112.0,A,A,R,31655,2,3841.0,,,,38.0,384.0,,,,,,,0.58,-0.000172,21067.0,1.0,0.58,12218.86,CTE,10.0,5.0,5.0,7.0,4.0,1,10.0,10.0,4.0,9.0,10.0,6.0,4.0,,1.0,,9.0,8.0,10.0,10.0,8.0,2.0,1.0,1.0,4.0,8.0,,,,8.0,,,10.0,1.0,2.0,9.0,9.0,1.0,,1.0,1.0,1.0,10.0,1.0,10.0,2.0,10.0,,,2.0,1.0,7,10.0,10,1
2008-04-28,83592,,11,2,3841.0,14160C10,CTE,CARDIOTECH INTERNATIONAL INC,CTE,339112.0,A,A,R,31655,2,3841.0,,,,38.0,384.0,,,,,,,0.6,0.034483,21067.0,1.0,0.58,12640.2,CTE,10.0,5.0,5.0,7.0,4.0,1,10.0,10.0,4.0,9.0,10.0,6.0,4.0,,1.0,,9.0,8.0,10.0,10.0,8.0,2.0,1.0,1.0,4.0,8.0,,,,8.0,,,10.0,1.0,2.0,9.0,9.0,1.0,,1.0,1.0,1.0,10.0,1.0,10.0,2.0,10.0,,,2.0,1.0,7,10.0,10,1
2008-04-29,83592,,11,2,3841.0,14160C10,CTE,CARDIOTECH INTERNATIONAL INC,CTE,339112.0,A,A,R,31655,2,3841.0,,,,38.0,384.0,,,,,,,0.59,-0.016667,21067.0,1.0,0.58,12429.53,CTE,10.0,5.0,5.0,7.0,4.0,1,10.0,10.0,4.0,9.0,10.0,6.0,4.0,,1.0,,9.0,8.0,10.0,10.0,8.0,2.0,1.0,1.0,4.0,8.0,,,,8.0,,,10.0,1.0,2.0,9.0,9.0,1.0,,1.0,1.0,1.0,10.0,1.0,10.0,2.0,10.0,,,2.0,1.0,7,10.0,10,1
2008-04-30,83592,,11,2,3841.0,14160C10,CTE,CARDIOTECH INTERNATIONAL INC,CTE,339112.0,A,A,R,31655,2,3841.0,,,,38.0,384.0,,,,,,,0.6,0.016949,21067.0,1.0,0.56,12640.2,CTE,10.0,5.0,5.0,7.0,4.0,1,10.0,10.0,4.0,9.0,10.0,6.0,4.0,,1.0,,9.0,8.0,10.0,10.0,8.0,2.0,1.0,1.0,4.0,8.0,,,,8.0,,,10.0,1.0,2.0,9.0,9.0,1.0,,1.0,1.0,1.0,10.0,1.0,10.0,2.0,10.0,,,2.0,1.0,7,10.0,10,1
2008-05-01,83592,,11,2,3841.0,14160C10,CTE,CARDIOTECH INTERNATIONAL INC,CTE,339112.0,A,A,R,31655,2,3841.0,,,,38.0,384.0,,,,,,,0.59,-0.016667,21067.0,1.0,0.58,12429.53,CTE,10.0,5.0,5.0,7.0,4.0,1,10.0,10.0,4.0,9.0,10.0,6.0,4.0,,1.0,,9.0,8.0,10.0,10.0,8.0,2.0,1.0,1.0,4.0,8.0,,,,8.0,,,10.0,1.0,4.0,9.0,9.0,1.0,,1.0,1.0,1.0,3.0,1.0,10.0,5.0,2.0,,,3.0,1.0,7,10.0,10,1
2008-05-02,83592,,11,2,3841.0,14160C10,CTE,CARDIOTECH INTERNATIONAL INC,CTE,339112.0,A,A,R,31655,2,3841.0,,,,38.0,384.0,,,,,,,0.52,-0.118644,21067.0,1.0,0.59,10954.84,CTE,10.0,5.0,5.0,7.0,4.0,1,10.0,10.0,4.0,9.0,10.0,6.0,4.0,,1.0,,9.0,8.0,10.0,10.0,8.0,2.0,1.0,1.0,4.0,8.0,,,,8.0,,,10.0,1.0,4.0,9.0,9.0,1.0,,1.0,1.0,1.0,3.0,1.0,10.0,5.0,2.0,,,3.0,1.0,7,10.0,10,1
2008-05-05,83592,,11,2,3841.0,14160C10,CTE,CARDIOTECH INTERNATIONAL INC,CTE,339112.0,A,A,R,31655,2,3841.0,,,,38.0,384.0,,,,,,,0.52,0.0,21067.0,1.0,0.53,10954.84,CTE,10.0,5.0,5.0,7.0,4.0,1,10.0,10.0,4.0,9.0,10.0,6.0,4.0,,1.0,,9.0,8.0,10.0,10.0,8.0,2.0,1.0,1.0,4.0,8.0,,,,8.0,,,10.0,1.0,4.0,9.0,9.0,1.0,,1.0,1.0,1.0,3.0,1.0,10.0,5.0,2.0,,,3.0,1.0,7,10.0,10,1
2008-05-06,83592,,11,2,3841.0,14160C10,CTE,CARDIOTECH INTERNATIONAL INC,CTE,339112.0,A,A,R,31655,2,3841.0,,,,38.0,384.0,,,,,,,0.52,0.0,21067.0,1.0,0.52,10954.84,CTE,10.0,5.0,5.0,7.0,4.0,1,10.0,10.0,4.0,9.0,10.0,6.0,4.0,,1.0,,9.0,8.0,10.0,10.0,8.0,2.0,1.0,1.0,4.0,8.0,,,,8.0,,,10.0,1.0,4.0,9.0,9.0,1.0,,1.0,1.0,1.0,3.0,1.0,10.0,5.0,2.0,,,3.0,1.0,7,10.0,10,1
2008-05-07,83592,,11,2,3841.0,14160C10,CTE,CARDIOTECH INTERNATIONAL INC,CTE,339112.0,A,A,R,31655,2,3841.0,,,,38.0,384.0,,,,,,,0.55,0.057692,21067.0,1.0,0.53,11586.85,CTE,10.0,5.0,5.0,7.0,4.0,1,10.0,10.0,4.0,9.0,10.0,6.0,4.0,,1.0,,9.0,8.0,10.0,10.0,8.0,2.0,1.0,1.0,4.0,8.0,,,,8.0,,,10.0,1.0,4.0,9.0,9.0,1.0,,1.0,1.0,1.0,3.0,1.0,10.0,5.0,2.0,,,3.0,1.0,7,10.0,10,1
2008-05-08,83592,,11,2,3841.0,14160C10,CTE,CARDIOTECH INTERNATIONAL INC,CTE,339112.0,A,A,R,31655,2,3841.0,,,,38.0,384.0,,,,,,,0.5151,-0.063455,21067.0,1.0,0.5499,10851.6117,CTE,10.0,5.0,5.0,7.0,4.0,1,10.0,10.0,4.0,9.0,10.0,6.0,4.0,,1.0,,9.0,8.0,10.0,10.0,8.0,2.0,1.0,1.0,4.0,8.0,,,,8.0,,,10.0,1.0,4.0,9.0,9.0,1.0,,1.0,1.0,1.0,3.0,1.0,10.0,5.0,2.0,,,3.0,1.0,7,10.0,10,1
2008-05-09,83592,,11,2,3841.0,14160C10,CTE,CARDIOTECH INTERNATIONAL INC,CTE,339112.0,A,A,R,31655,2,3841.0,,,,38.0,384.0,,,,,,,0.57,0.106581,21067.0,1.0,0.5989,12008.19,CTE,10.0,5.0,5.0,7.0,4.0,1,10.0,10.0,4.0,9.0,10.0,6.0,4.0,,1.0,,9.0,8.0,10.0,10.0,8.0,2.0,1.0,1.0,4.0,8.0,,,,8.0,,,10.0,1.0,4.0,9.0,9.0,1.0,,1.0,1.0,1.0,3.0,1.0,10.0,5.0,2.0,,,3.0,1.0,7,10.0,10,1
2008-05-12,83592,,11,2,3841.0,14160C10,CTE,CARDIOTECH INTERNATIONAL INC,CTE,339112.0,A,A,R,31655,2,3841.0,,,,38.0,384.0,,,,,,,0.5699,-0.000175,21067.0,1.0,0.57,12006.0833,CTE,10.0,5.0,5.0,7.0,4.0,1,10.0,10.0,4.0,9.0,10.0,6.0,4.0,,1.0,,9.0,8.0,10.0,10.0,8.0,2.0,1.0,1.0,4.0,8.0,,,,8.0,,,10.0,1.0,4.0,9.0,9.0,1.0,,1.0,1.0,1.0,3.0,1.0,10.0,5.0,2.0,,,3.0,1.0,7,10.0,10,1
2008-05-13,83592,,11,2,3841.0,14160C10,CTE,CARDIOTECH INTERNATIONAL INC,CTE,339112.0,A,A,R,31655,2,3841.0,,,,38.0,384.0,,,,,,,0.57,0.000175,21067.0,1.0,0.53,12008.19,CTE,10.0,5.0,5.0,7.0,4.0,1,10.0,10.0,4.0,9.0,10.0,6.0,4.0,,1.0,,9.0,8.0,10.0,10.0,8.0,2.0,1.0,1.0,4.0,8.0,,,,8.0,,,10.0,1.0,4.0,9.0,9.0,1.0,,1.0,1.0,1.0,3.0,1.0,10.0,5.0,2.0,,,3.0,1.0,7,10.0,10,1
2008-05-14,83592,,11,2,3841.0,14160C10,CTE,CARDIOTECH INTERNATIONAL INC,CTE,339112.0,A,A,R,31655,2,3841.0,,,,38.0,384.0,,,,,,,0.58,0.017544,21067.0,1.0,0.57,12218.86,CTE,10.0,5.0,5.0,7.0,4.0,1,10.0,10.0,4.0,9.0,10.0,6.0,4.0,,1.0,,9.0,8.0,10.0,10.0,8.0,2.0,1.0,1.0,4.0,8.0,,,,8.0,,,10.0,1.0,4.0,9.0,9.0,1.0,,1.0,1.0,1.0,3.0,1.0,10.0,5.0,2.0,,,3.0,1.0,7,10.0,10,1
2008-05-15,83592,,11,2,3841.0,14160C10,CTE,CARDIOTECH INTERNATIONAL INC,CTE,339112.0,A,A,R,31655,2,3841.0,,,,38.0,384.0,,,,,,,0.57,-0.017241,21067.0,1.0,0.55,12008.19,CTE,10.0,5.0,5.0,7.0,4.0,1,10.0,10.0,4.0,9.0,10.0,6.0,4.0,,1.0,,9.0,8.0,10.0,10.0,8.0,2.0,1.0,1.0,4.0,8.0,,,,8.0,,,10.0,1.0,4.0,9.0,9.0,1.0,,1.0,1.0,1.0,3.0,1.0,10.0,5.0,2.0,,,3.0,1.0,7,10.0,10,1
2008-05-16,83592,,11,2,3841.0,14160C10,CTE,CARDIOTECH INTERNATIONAL INC,CTE,339112.0,A,A,R,31655,2,3841.0,,,,38.0,384.0,,,,,,,0.5321,-0.066491,21067.0,1.0,0.58,11209.7507,CTE,10.0,5.0,5.0,7.0,4.0,1,10.0,10.0,4.0,9.0,10.0,6.0,4.0,,1.0,,9.0,8.0,10.0,10.0,8.0,2.0,1.0,1.0,4.0,8.0,,,,8.0,,,10.0,1.0,4.0,9.0,9.0,1.0,,1.0,1.0,1.0,3.0,1.0,10.0,5.0,2.0,,,3.0,1.0,7,10.0,10,1
2008-05-19,83592,,11,2,3841.0,14160C10,CTE,CARDIOTECH INTERNATIONAL INC,CTE,339112.0,A,A,R,31655,2,3841.0,,,,38.0,384.0,,,,,,,0.5202,-0.022364,21067.0,1.0,0.58,10959.0534,CTE,10.0,5.0,5.0,7.0,4.0,1,10.0,10.0,4.0,9.0,10.0,6.0,4.0,,1.0,,9.0,8.0,10.0,10.0,8.0,2.0,1.0,1.0,4.0,8.0,,,,8.0,,,10.0,1.0,4.0,9.0,9.0,1.0,,1.0,1.0,1.0,3.0,1.0,10.0,5.0,2.0,,,3.0,1.0,7,10.0,10,1
2008-05-20,83592,,11,2,3841.0,14160C10,CTE,CARDIOTECH INTERNATIONAL INC,CTE,339112.0,A,A,R,31655,2,3841.0,,,,38.0,384.0,,,,,,,0.53,0.018839,21067.0,1.0,0.5201,11165.51,CTE,10.0,5.0,5.0,7.0,4.0,1,10.0,10.0,4.0,9.0,10.0,6.0,4.0,,1.0,,9.0,8.0,10.0,10.0,8.0,2.0,1.0,1.0,4.0,8.0,,,,8.0,,,10.0,1.0,4.0,9.0,9.0,1.0,,1.0,1.0,1.0,3.0,1.0,10.0,5.0,2.0,,,3.0,1.0,7,10.0,10,1
2008-05-21,83592,,11,2,3841.0,14160C10,CTE,CARDIOTECH INTERNATIONAL INC,CTE,339112.0,A,A,R,31655,2,3841.0,,,,38.0,384.0,,,,,,,0.52,-0.018868,21067.0,1.0,0.52,10954.84,CTE,10.0,5.0,5.0,7.0,4.0,1,10.0,10.0,4.0,9.0,10.0,6.0,4.0,,1.0,,9.0,8.0,10.0,10.0,8.0,2.0,1.0,1.0,4.0,8.0,,,,8.0,,,10.0,1.0,4.0,9.0,9.0,1.0,,1.0,1.0,1.0,3.0,1.0,10.0,5.0,2.0,,,3.0,1.0,7,10.0,10,1
2008-05-22,83592,,11,2,3841.0,14160C10,CTE,CARDIOTECH INTERNATIONAL INC,CTE,339112.0,A,A,R,31655,2,3841.0,,,,38.0,384.0,,,,,,,0.52,0.0,21067.0,1.0,0.5,10954.84,CTE,10.0,5.0,5.0,7.0,4.0,1,10.0,10.0,4.0,9.0,10.0,6.0,4.0,,1.0,,9.0,8.0,10.0,10.0,8.0,2.0,1.0,1.0,4.0,8.0,,,,8.0,,,10.0,1.0,4.0,9.0,9.0,1.0,,1.0,1.0,1.0,3.0,1.0,10.0,5.0,2.0,,,3.0,1.0,7,10.0,10,1
2008-05-23,83592,,11,2,3841.0,14160C10,CTE,CARDIOTECH INTERNATIONAL INC,CTE,339112.0,A,A,R,31655,2,3841.0,,,,38.0,384.0,,,,,,,0.518,-0.003846,21067.0,1.0,0.5,10912.706,CTE,10.0,5.0,5.0,7.0,4.0,1,10.0,10.0,4.0,9.0,10.0,6.0,4.0,,1.0,,9.0,8.0,10.0,10.0,8.0,2.0,1.0,1.0,4.0,8.0,,,,8.0,,,10.0,1.0,4.0,9.0,9.0,1.0,,1.0,1.0,1.0,3.0,1.0,10.0,5.0,2.0,,,3.0,1.0,7,10.0,10,1
2008-05-27,83592,,11,2,3841.0,14160C10,CTE,CARDIOTECH INTERNATIONAL INC,CTE,339112.0,A,A,R,31655,2,3841.0,,,,38.0,384.0,,,,,,,0.51,-0.015444,21067.0,1.0,0.51,10744.17,CTE,10.0,5.0,5.0,7.0,4.0,1,10.0,10.0,4.0,9.0,10.0,6.0,4.0,,1.0,,9.0,8.0,10.0,10.0,8.0,2.0,1.0,1.0,4.0,8.0,,,,8.0,,,10.0,1.0,4.0,9.0,9.0,1.0,,1.0,1.0,1.0,3.0,1.0,10.0,5.0,2.0,,,3.0,1.0,7,10.0,10,1
2008-05-28,83592,,11,2,3841.0,14160C10,CTE,CARDIOTECH INTERNATIONAL INC,CTE,339112.0,A,A,R,31655,2,3841.0,,,,38.0,384.0,,,,,,,0.5199,0.019412,21067.0,1.0,0.5,10952.7333,CTE,10.0,5.0,5.0,7.0,4.0,1,10.0,10.0,4.0,9.0,10.0,6.0,4.0,,1.0,,9.0,8.0,10.0,10.0,8.0,2.0,1.0,1.0,4.0,8.0,,,,8.0,,,10.0,1.0,4.0,9.0,9.0,1.0,,1.0,1.0,1.0,3.0,1.0,10.0,5.0,2.0,,,3.0,1.0,7,10.0,10,1
2008-05-29,83592,,11,2,3841.0,14160C10,CTE,CARDIOTECH INTERNATIONAL INC,CTE,339112.0,A,A,R,31655,2,3841.0,,,,38.0,384.0,,,,,,,0.48,-0.076746,21067.0,1.0,0.51,10112.16,CTE,10.0,5.0,5.0,7.0,4.0,1,10.0,10.0,4.0,9.0,10.0,6.0,4.0,,1.0,,9.0,8.0,10.0,10.0,8.0,2.0,1.0,1.0,4.0,8.0,,,,8.0,,,10.0,1.0,4.0,9.0,9.0,1.0,,1.0,1.0,1.0,3.0,1.0,10.0,5.0,2.0,,,3.0,1.0,7,10.0,10,1
2008-05-30,83592,,11,2,3841.0,14160C10,CTE,CARDIOTECH INTERNATIONAL INC,CTE,339112.0,A,A,R,31655,2,3841.0,,,,38.0,384.0,,,,,,,0.51,0.0625,21067.0,1.0,0.48,10744.17,CTE,10.0,5.0,5.0,7.0,4.0,1,10.0,10.0,4.0,9.0,10.0,6.0,4.0,,1.0,,9.0,8.0,10.0,10.0,8.0,2.0,1.0,1.0,4.0,8.0,,,,8.0,,,10.0,1.0,4.0,9.0,9.0,1.0,,1.0,1.0,1.0,3.0,1.0,10.0,5.0,2.0,,,3.0,1.0,7,10.0,10,1
2008-06-02,83592,,11,2,3841.0,14160C10,CTE,CARDIOTECH INTERNATIONAL INC,CTE,339112.0,A,A,R,31655,2,3841.0,,,,38.0,384.0,,,,,,,0.52,0.019608,21067.0,1.0,0.52,10954.84,CTE,10.0,5.0,5.0,7.0,4.0,1,10.0,10.0,4.0,9.0,10.0,6.0,4.0,,1.0,,9.0,8.0,10.0,10.0,8.0,2.0,1.0,1.0,4.0,8.0,,,,7.0,,,10.0,1.0,10.0,10.0,9.0,2.0,,,,,10.0,1.0,10.0,10.0,10.0,,,8.0,1.0,7,10.0,10,1
2008-06-03,83592,,11,2,3841.0,14160C10,CTE,CARDIOTECH INTERNATIONAL INC,CTE,339112.0,A,A,R,31655,2,3841.0,,,,38.0,384.0,,,,,,,0.51,-0.019231,21067.0,1.0,0.52,10744.17,CTE,10.0,5.0,5.0,7.0,4.0,1,10.0,10.0,4.0,9.0,10.0,6.0,4.0,,1.0,,9.0,8.0,10.0,10.0,8.0,2.0,1.0,1.0,4.0,8.0,,,,7.0,,,10.0,1.0,10.0,10.0,9.0,2.0,,,,,10.0,1.0,10.0,10.0,10.0,,,8.0,1.0,7,10.0,10,1
2008-06-04,83592,,11,2,3841.0,14160C10,CTE,CARDIOTECH INTERNATIONAL INC,CTE,339112.0,A,A,R,31655,2,3841.0,,,,38.0,384.0,,,,,,,0.52,0.019608,21067.0,1.0,0.51,10954.84,CTE,10.0,5.0,5.0,7.0,4.0,1,10.0,10.0,4.0,9.0,10.0,6.0,4.0,,1.0,,9.0,8.0,10.0,10.0,8.0,2.0,1.0,1.0,4.0,8.0,,,,7.0,,,10.0,1.0,10.0,10.0,9.0,2.0,,,,,10.0,1.0,10.0,10.0,10.0,,,8.0,1.0,7,10.0,10,1
2008-06-05,83592,,11,2,3841.0,14160C10,CTE,CARDIOTECH INTERNATIONAL INC,CTE,339112.0,A,A,R,31655,2,3841.0,,,,38.0,384.0,,,,,,,0.55,0.057692,21067.0,1.0,0.55,11586.85,CTE,10.0,5.0,5.0,7.0,4.0,1,10.0,10.0,4.0,9.0,10.0,6.0,4.0,,1.0,,9.0,8.0,10.0,10.0,8.0,2.0,1.0,1.0,4.0,8.0,,,,7.0,,,10.0,1.0,10.0,10.0,9.0,2.0,,,,,10.0,1.0,10.0,10.0,10.0,,,8.0,1.0,7,10.0,10,1
2008-06-06,83592,,11,2,3841.0,14160C10,CTE,CARDIOTECH INTERNATIONAL INC,CTE,339112.0,A,A,R,31655,2,3841.0,,,,38.0,384.0,,,,,,,0.55,0.0,21067.0,1.0,0.523,11586.85,CTE,10.0,5.0,5.0,7.0,4.0,1,10.0,10.0,4.0,9.0,10.0,6.0,4.0,,1.0,,9.0,8.0,10.0,10.0,8.0,2.0,1.0,1.0,4.0,8.0,,,,7.0,,,10.0,1.0,10.0,10.0,9.0,2.0,,,,,10.0,1.0,10.0,10.0,10.0,,,8.0,1.0,7,10.0,10,1
2008-06-09,83592,,11,2,3841.0,14160C10,CTE,CARDIOTECH INTERNATIONAL INC,CTE,339112.0,A,A,R,31655,2,3841.0,,,,38.0,384.0,,,,,,,0.49,-0.109091,21067.0,1.0,0.5301,10322.83,CTE,10.0,5.0,5.0,7.0,4.0,1,10.0,10.0,4.0,9.0,10.0,6.0,4.0,,1.0,,9.0,8.0,10.0,10.0,8.0,2.0,1.0,1.0,4.0,8.0,,,,7.0,,,10.0,1.0,10.0,10.0,9.0,2.0,,,,,10.0,1.0,10.0,10.0,10.0,,,8.0,1.0,7,10.0,10,1
2008-06-10,83592,,11,2,3841.0,14160C10,CTE,CARDIOTECH INTERNATIONAL INC,CTE,339112.0,A,A,R,31655,2,3841.0,,,,38.0,384.0,,,,,,,0.5,0.020408,21067.0,1.0,0.49,10533.5,CTE,10.0,5.0,5.0,7.0,4.0,1,10.0,10.0,4.0,9.0,10.0,6.0,4.0,,1.0,,9.0,8.0,10.0,10.0,8.0,2.0,1.0,1.0,4.0,8.0,,,,7.0,,,10.0,1.0,10.0,10.0,9.0,2.0,,,,,10.0,1.0,10.0,10.0,10.0,,,8.0,1.0,7,10.0,10,1
2008-06-11,83592,,11,2,3841.0,14160C10,CTE,CARDIOTECH INTERNATIONAL INC,CTE,339112.0,A,A,R,31655,2,3841.0,,,,38.0,384.0,,,,,,,0.52,0.04,21067.0,1.0,0.5,10954.84,CTE,10.0,5.0,5.0,7.0,4.0,1,10.0,10.0,4.0,9.0,10.0,6.0,4.0,,1.0,,9.0,8.0,10.0,10.0,8.0,2.0,1.0,1.0,4.0,8.0,,,,7.0,,,10.0,1.0,10.0,10.0,9.0,2.0,,,,,10.0,1.0,10.0,10.0,10.0,,,8.0,1.0,7,10.0,10,1
2008-06-12,83592,,11,2,3841.0,14160C10,CTE,CARDIOTECH INTERNATIONAL INC,CTE,339112.0,A,A,R,31655,2,3841.0,,,,38.0,384.0,,,,,,,0.47,-0.096154,21067.0,1.0,0.49,9901.49,CTE,10.0,5.0,5.0,7.0,4.0,1,10.0,10.0,4.0,9.0,10.0,6.0,4.0,,1.0,,9.0,8.0,10.0,10.0,8.0,2.0,1.0,1.0,4.0,8.0,,,,7.0,,,10.0,1.0,10.0,10.0,9.0,2.0,,,,,10.0,1.0,10.0,10.0,10.0,,,8.0,1.0,7,10.0,10,1
2008-06-13,83592,,11,2,3841.0,14160C10,CTE,CARDIOTECH INTERNATIONAL INC,CTE,339112.0,A,A,R,31655,2,3841.0,,,,38.0,384.0,,,,,,,0.5199,0.10617,21067.0,1.0,0.53,10952.7333,CTE,10.0,5.0,5.0,7.0,4.0,1,10.0,10.0,4.0,9.0,10.0,6.0,4.0,,1.0,,9.0,8.0,10.0,10.0,8.0,2.0,1.0,1.0,4.0,8.0,,,,7.0,,,10.0,1.0,10.0,10.0,9.0,2.0,,,,,10.0,1.0,10.0,10.0,10.0,,,8.0,1.0,7,10.0,10,1
2008-06-16,83592,,11,2,3841.0,14160C10,CTE,CARDIOTECH INTERNATIONAL INC,CTE,339112.0,A,A,R,31655,2,3841.0,,,,38.0,384.0,,,,,,,0.5,-0.038277,21067.0,1.0,0.55,10533.5,CTE,10.0,5.0,5.0,7.0,4.0,1,10.0,10.0,4.0,9.0,10.0,6.0,4.0,,1.0,,9.0,8.0,10.0,10.0,8.0,2.0,1.0,1.0,4.0,8.0,,,,7.0,,,10.0,1.0,10.0,10.0,9.0,2.0,,,,,10.0,1.0,10.0,10.0,10.0,,,8.0,1.0,7,10.0,10,1
2008-06-17,83592,,11,2,3841.0,14160C10,CTE,CARDIOTECH INTERNATIONAL INC,CTE,339112.0,A,A,R,31655,2,3841.0,,,,38.0,384.0,,,,,,,0.6,0.2,21067.0,1.0,0.53,12640.2,CTE,10.0,5.0,5.0,7.0,4.0,1,10.0,10.0,4.0,9.0,10.0,6.0,4.0,,1.0,,9.0,8.0,10.0,10.0,8.0,2.0,1.0,1.0,4.0,8.0,,,,7.0,,,10.0,1.0,10.0,10.0,9.0,2.0,,,,,10.0,1.0,10.0,10.0,10.0,,,8.0,1.0,7,10.0,10,1
2008-06-18,83592,,11,2,3841.0,14160C10,CTE,CARDIOTECH INTERNATIONAL INC,CTE,339112.0,A,A,R,31655,2,3841.0,,,,38.0,384.0,,,,,,,0.6,0.0,21067.0,1.0,0.57,12640.2,CTE,10.0,5.0,5.0,7.0,4.0,1,10.0,10.0,4.0,9.0,10.0,6.0,4.0,,1.0,,9.0,8.0,10.0,10.0,8.0,2.0,1.0,1.0,4.0,8.0,,,,7.0,,,10.0,1.0,10.0,10.0,9.0,2.0,,,,,10.0,1.0,10.0,10.0,10.0,,,8.0,1.0,7,10.0,10,1
2008-06-19,83592,,11,2,3841.0,14160C10,CTE,CARDIOTECH INTERNATIONAL INC,CTE,339112.0,A,A,R,31655,2,3841.0,,,,38.0,384.0,,,,,,,0.6,0.0,21067.0,1.0,0.6,12640.2,CTE,10.0,5.0,5.0,7.0,4.0,1,10.0,10.0,4.0,9.0,10.0,6.0,4.0,,1.0,,9.0,8.0,10.0,10.0,8.0,2.0,1.0,1.0,4.0,8.0,,,,7.0,,,10.0,1.0,10.0,10.0,9.0,2.0,,,,,10.0,1.0,10.0,10.0,10.0,,,8.0,1.0,7,10.0,10,1
2008-06-20,83592,,11,2,3841.0,14160C10,CTE,CARDIOTECH INTERNATIONAL INC,CTE,339112.0,A,A,R,31655,2,3841.0,,,,38.0,384.0,,,,,,,0.72,0.2,21067.0,1.0,0.7,15168.24,CTE,10.0,5.0,5.0,7.0,4.0,1,10.0,10.0,4.0,9.0,10.0,6.0,4.0,,1.0,,9.0,8.0,10.0,10.0,8.0,2.0,1.0,1.0,4.0,8.0,,,,7.0,,,10.0,1.0,10.0,10.0,9.0,2.0,,,,,10.0,1.0,10.0,10.0,10.0,,,8.0,1.0,7,10.0,10,1
2008-06-23,83592,,11,2,3841.0,14160C10,CTE,CARDIOTECH INTERNATIONAL INC,CTE,339112.0,A,A,R,31655,2,3841.0,,,,38.0,384.0,,,,,,,0.75,0.041667,21067.0,1.0,0.78,15800.25,CTE,10.0,5.0,5.0,7.0,4.0,1,10.0,10.0,4.0,9.0,10.0,6.0,4.0,,1.0,,9.0,8.0,10.0,10.0,8.0,2.0,1.0,1.0,4.0,8.0,,,,7.0,,,10.0,1.0,10.0,10.0,9.0,2.0,,,,,10.0,1.0,10.0,10.0,10.0,,,8.0,1.0,7,10.0,10,1
2008-06-24,83592,,11,2,3841.0,14160C10,CTE,CARDIOTECH INTERNATIONAL INC,CTE,339112.0,A,A,R,31655,2,3841.0,,,,38.0,384.0,,,,,,,0.9,0.2,21067.0,1.0,0.78,18960.3,CTE,10.0,5.0,5.0,7.0,4.0,1,10.0,10.0,4.0,9.0,10.0,6.0,4.0,,1.0,,9.0,8.0,10.0,10.0,8.0,2.0,1.0,1.0,4.0,8.0,,,,7.0,,,10.0,1.0,10.0,10.0,9.0,2.0,,,,,10.0,1.0,10.0,10.0,10.0,,,8.0,1.0,7,10.0,10,1
2008-06-25,83592,,11,2,3841.0,14160C10,CTE,CARDIOTECH INTERNATIONAL INC,CTE,339112.0,A,A,R,31655,2,3841.0,,,,38.0,384.0,,,,,,,0.84,-0.066667,21067.0,1.0,0.94,17696.28,CTE,10.0,5.0,5.0,7.0,4.0,1,10.0,10.0,4.0,9.0,10.0,6.0,4.0,,1.0,,9.0,8.0,10.0,10.0,8.0,2.0,1.0,1.0,4.0,8.0,,,,7.0,,,10.0,1.0,10.0,10.0,9.0,2.0,,,,,10.0,1.0,10.0,10.0,10.0,,,8.0,1.0,7,10.0,10,1
2008-06-26,83592,,11,2,3841.0,14160C10,CTE,CARDIOTECH INTERNATIONAL INC,CTE,339112.0,A,A,R,31655,2,3841.0,,,,38.0,384.0,,,,,,,0.8,-0.047619,21067.0,1.0,0.87,16853.6,CTE,10.0,5.0,5.0,7.0,4.0,1,10.0,10.0,4.0,9.0,10.0,6.0,4.0,,1.0,,9.0,8.0,10.0,10.0,8.0,2.0,1.0,1.0,4.0,8.0,,,,7.0,,,10.0,1.0,10.0,10.0,9.0,2.0,,,,,10.0,1.0,10.0,10.0,10.0,,,8.0,1.0,7,10.0,10,1
2008-06-27,83592,,11,2,3841.0,14160C10,CTE,CARDIOTECH INTERNATIONAL INC,CTE,339112.0,A,A,R,31655,2,3841.0,,,,38.0,384.0,,,,,,,0.67,-0.1625,21067.0,1.0,0.75,14114.89,CTE,10.0,5.0,5.0,7.0,4.0,1,10.0,10.0,4.0,9.0,10.0,6.0,4.0,,1.0,,9.0,8.0,10.0,10.0,8.0,2.0,1.0,1.0,4.0,8.0,,,,7.0,,,10.0,1.0,10.0,10.0,9.0,2.0,,,,,10.0,1.0,10.0,10.0,10.0,,,8.0,1.0,7,10.0,10,1
2008-06-30,83592,,11,2,3841.0,14160C10,CTE,CARDIOTECH INTERNATIONAL INC,CTE,339112.0,A,A,R,31655,2,3841.0,,,,38.0,384.0,,,,,,,0.72,0.074627,21067.0,1.0,0.67,15168.24,CTE,10.0,5.0,5.0,7.0,4.0,1,10.0,10.0,4.0,9.0,10.0,6.0,4.0,,1.0,,9.0,8.0,10.0,10.0,8.0,2.0,1.0,1.0,4.0,8.0,,,,7.0,,,10.0,1.0,10.0,10.0,9.0,2.0,,,,,10.0,1.0,10.0,10.0,10.0,,,8.0,1.0,7,10.0,10,1
2008-07-01,83592,,11,2,3841.0,14160C10,CTE,CARDIOTECH INTERNATIONAL INC,CTE,339112.0,A,A,R,31655,2,3841.0,,,,38.0,384.0,,,,,,,0.78,0.083333,21067.0,1.0,0.702,16432.26,CTE,10.0,9.0,7.0,9.0,9.0,10,10.0,10.0,2.0,2.0,10.0,7.0,5.0,,1.0,,8.0,5.0,6.0,1.0,9.0,6.0,1.0,1.0,8.0,1.0,,,,8.0,,,10.0,1.0,10.0,10.0,7.0,2.0,,1.0,1.0,1.0,1.0,1.0,10.0,8.0,1.0,,,4.0,1.0,7,10.0,10,1
2008-07-02,83592,,11,2,3841.0,14160C10,CTE,CARDIOTECH INTERNATIONAL INC,CTE,339112.0,A,A,R,31655,2,3841.0,,,,38.0,384.0,,,,,,,0.79,0.012821,21067.0,1.0,0.718,16642.93,CTE,10.0,9.0,7.0,9.0,9.0,10,10.0,10.0,2.0,2.0,10.0,7.0,5.0,,1.0,,8.0,5.0,6.0,1.0,9.0,6.0,1.0,1.0,8.0,1.0,,,,8.0,,,10.0,1.0,10.0,10.0,7.0,2.0,,1.0,1.0,1.0,1.0,1.0,10.0,8.0,1.0,,,4.0,1.0,7,10.0,10,1
2008-07-03,83592,,11,2,3841.0,14160C10,CTE,CARDIOTECH INTERNATIONAL INC,CTE,339112.0,A,A,R,31655,2,3841.0,,,,38.0,384.0,,,,,,,0.7599,-0.038101,21067.0,1.0,0.76,16008.8133,CTE,10.0,9.0,7.0,9.0,9.0,10,10.0,10.0,2.0,2.0,10.0,7.0,5.0,,1.0,,8.0,5.0,6.0,1.0,9.0,6.0,1.0,1.0,8.0,1.0,,,,8.0,,,10.0,1.0,10.0,10.0,7.0,2.0,,1.0,1.0,1.0,1.0,1.0,10.0,8.0,1.0,,,4.0,1.0,7,10.0,10,1
2008-07-07,83592,,11,2,3841.0,14160C10,CTE,CARDIOTECH INTERNATIONAL INC,CTE,339112.0,A,A,R,31655,2,3841.0,,,,38.0,384.0,,,,,,,0.69,-0.091986,21067.0,1.0,0.73,14536.23,CTE,10.0,9.0,7.0,9.0,9.0,10,10.0,10.0,2.0,2.0,10.0,7.0,5.0,,1.0,,8.0,5.0,6.0,1.0,9.0,6.0,1.0,1.0,8.0,1.0,,,,8.0,,,10.0,1.0,10.0,10.0,7.0,2.0,,1.0,1.0,1.0,1.0,1.0,10.0,8.0,1.0,,,4.0,1.0,7,10.0,10,1
2008-07-08,83592,,11,2,3841.0,14160C10,CTE,CARDIOTECH INTERNATIONAL INC,CTE,339112.0,A,A,R,31655,2,3841.0,,,,38.0,384.0,,,,,,,0.7,0.014493,21067.0,1.0,0.69,14746.9,CTE,10.0,9.0,7.0,9.0,9.0,10,10.0,10.0,2.0,2.0,10.0,7.0,5.0,,1.0,,8.0,5.0,6.0,1.0,9.0,6.0,1.0,1.0,8.0,1.0,,,,8.0,,,10.0,1.0,10.0,10.0,7.0,2.0,,1.0,1.0,1.0,1.0,1.0,10.0,8.0,1.0,,,4.0,1.0,7,10.0,10,1
2008-07-09,83592,,11,2,3841.0,14160C10,CTE,CARDIOTECH INTERNATIONAL INC,CTE,339112.0,A,A,R,31655,2,3841.0,,,,38.0,384.0,,,,,,,0.7,0.0,21067.0,1.0,0.7,14746.9,CTE,10.0,9.0,7.0,9.0,9.0,10,10.0,10.0,2.0,2.0,10.0,7.0,5.0,,1.0,,8.0,5.0,6.0,1.0,9.0,6.0,1.0,1.0,8.0,1.0,,,,8.0,,,10.0,1.0,10.0,10.0,7.0,2.0,,1.0,1.0,1.0,1.0,1.0,10.0,8.0,1.0,,,4.0,1.0,7,10.0,10,1
2008-07-10,83592,,11,2,3841.0,14160C10,CTE,CARDIOTECH INTERNATIONAL INC,CTE,339112.0,A,A,R,31655,2,3841.0,,,,38.0,384.0,,,,,,,0.7,0.0,21067.0,1.0,0.6,14746.9,CTE,10.0,9.0,7.0,9.0,9.0,10,10.0,10.0,2.0,2.0,10.0,7.0,5.0,,1.0,,8.0,5.0,6.0,1.0,9.0,6.0,1.0,1.0,8.0,1.0,,,,8.0,,,10.0,1.0,10.0,10.0,7.0,2.0,,1.0,1.0,1.0,1.0,1.0,10.0,8.0,1.0,,,4.0,1.0,7,10.0,10,1
2008-07-11,83592,,11,2,3841.0,14160C10,CTE,CARDIOTECH INTERNATIONAL INC,CTE,339112.0,A,A,R,31655,2,3841.0,,,,38.0,384.0,,,,,,,0.6,-0.142857,21067.0,1.0,0.66,12640.2,CTE,10.0,9.0,7.0,9.0,9.0,10,10.0,10.0,2.0,2.0,10.0,7.0,5.0,,1.0,,8.0,5.0,6.0,1.0,9.0,6.0,1.0,1.0,8.0,1.0,,,,8.0,,,10.0,1.0,10.0,10.0,7.0,2.0,,1.0,1.0,1.0,1.0,1.0,10.0,8.0,1.0,,,4.0,1.0,7,10.0,10,1
2008-07-14,83592,,11,2,3841.0,14160C10,CTE,CARDIOTECH INTERNATIONAL INC,CTE,339112.0,A,A,R,31655,2,3841.0,,,,38.0,384.0,,,,,,,0.6,0.0,21067.0,1.0,0.61,12640.2,CTE,10.0,9.0,7.0,9.0,9.0,10,10.0,10.0,2.0,2.0,10.0,7.0,5.0,,1.0,,8.0,5.0,6.0,1.0,9.0,6.0,1.0,1.0,8.0,1.0,,,,8.0,,,10.0,1.0,10.0,10.0,7.0,2.0,,1.0,1.0,1.0,1.0,1.0,10.0,8.0,1.0,,,4.0,1.0,7,10.0,10,1
2008-07-15,83592,,11,2,3841.0,14160C10,CTE,CARDIOTECH INTERNATIONAL INC,CTE,339112.0,A,A,R,31655,2,3841.0,,,,38.0,384.0,,,,,,,0.6,0.0,21067.0,1.0,0.6,12640.2,CTE,10.0,9.0,7.0,9.0,9.0,10,10.0,10.0,2.0,2.0,10.0,7.0,5.0,,1.0,,8.0,5.0,6.0,1.0,9.0,6.0,1.0,1.0,8.0,1.0,,,,8.0,,,10.0,1.0,10.0,10.0,7.0,2.0,,1.0,1.0,1.0,1.0,1.0,10.0,8.0,1.0,,,4.0,1.0,7,10.0,10,1
2008-07-16,83592,,11,2,3841.0,14160C10,CTE,CARDIOTECH INTERNATIONAL INC,CTE,339112.0,A,A,R,31655,2,3841.0,,,,38.0,384.0,,,,,,,0.65,0.083333,21067.0,1.0,0.6,13693.55,CTE,10.0,9.0,7.0,9.0,9.0,10,10.0,10.0,2.0,2.0,10.0,7.0,5.0,,1.0,,8.0,5.0,6.0,1.0,9.0,6.0,1.0,1.0,8.0,1.0,,,,8.0,,,10.0,1.0,10.0,10.0,7.0,2.0,,1.0,1.0,1.0,1.0,1.0,10.0,8.0,1.0,,,4.0,1.0,7,10.0,10,1
2008-07-17,83592,,11,2,3841.0,14160C10,CTE,CARDIOTECH INTERNATIONAL INC,CTE,339112.0,A,A,R,31655,2,3841.0,,,,38.0,384.0,,,,,,,0.65,0.0,21067.0,1.0,0.65,13693.55,CTE,10.0,9.0,7.0,9.0,9.0,10,10.0,10.0,2.0,2.0,10.0,7.0,5.0,,1.0,,8.0,5.0,6.0,1.0,9.0,6.0,1.0,1.0,8.0,1.0,,,,8.0,,,10.0,1.0,10.0,10.0,7.0,2.0,,1.0,1.0,1.0,1.0,1.0,10.0,8.0,1.0,,,4.0,1.0,7,10.0,10,1
2008-07-18,83592,,11,2,3841.0,14160C10,CTE,CARDIOTECH INTERNATIONAL INC,CTE,339112.0,A,A,R,31655,2,3841.0,,,,38.0,384.0,,,,,,,0.605,-0.069231,21067.0,1.0,0.66,12745.535,CTE,10.0,9.0,7.0,9.0,9.0,10,10.0,10.0,2.0,2.0,10.0,7.0,5.0,,1.0,,8.0,5.0,6.0,1.0,9.0,6.0,1.0,1.0,8.0,1.0,,,,8.0,,,10.0,1.0,10.0,10.0,7.0,2.0,,1.0,1.0,1.0,1.0,1.0,10.0,8.0,1.0,,,4.0,1.0,7,10.0,10,1
2008-07-21,83592,,11,2,3841.0,14160C10,CTE,CARDIOTECH INTERNATIONAL INC,CTE,339112.0,A,A,R,31655,2,3841.0,,,,38.0,384.0,,,,,,,0.64,0.057851,21067.0,1.0,0.6,13482.88,CTE,10.0,9.0,7.0,9.0,9.0,10,10.0,10.0,2.0,2.0,10.0,7.0,5.0,,1.0,,8.0,5.0,6.0,1.0,9.0,6.0,1.0,1.0,8.0,1.0,,,,8.0,,,10.0,1.0,10.0,10.0,7.0,2.0,,1.0,1.0,1.0,1.0,1.0,10.0,8.0,1.0,,,4.0,1.0,7,10.0,10,1
2008-07-22,83592,,11,2,3841.0,14160C10,CTE,CARDIOTECH INTERNATIONAL INC,CTE,339112.0,A,A,R,31655,2,3841.0,,,,38.0,384.0,,,,,,,0.59,-0.078125,21067.0,1.0,0.65,12429.53,CTE,10.0,9.0,7.0,9.0,9.0,10,10.0,10.0,2.0,2.0,10.0,7.0,5.0,,1.0,,8.0,5.0,6.0,1.0,9.0,6.0,1.0,1.0,8.0,1.0,,,,8.0,,,10.0,1.0,10.0,10.0,7.0,2.0,,1.0,1.0,1.0,1.0,1.0,10.0,8.0,1.0,,,4.0,1.0,7,10.0,10,1
2008-07-23,83592,,11,2,3841.0,14160C10,CTE,CARDIOTECH INTERNATIONAL INC,CTE,339112.0,A,A,R,31655,2,3841.0,,,,38.0,384.0,,,,,,,0.58,-0.016949,21067.0,1.0,0.648,12218.86,CTE,10.0,9.0,7.0,9.0,9.0,10,10.0,10.0,2.0,2.0,10.0,7.0,5.0,,1.0,,8.0,5.0,6.0,1.0,9.0,6.0,1.0,1.0,8.0,1.0,,,,8.0,,,10.0,1.0,10.0,10.0,7.0,2.0,,1.0,1.0,1.0,1.0,1.0,10.0,8.0,1.0,,,4.0,1.0,7,10.0,10,1
2008-07-24,83592,,11,2,3841.0,14160C10,CTE,CARDIOTECH INTERNATIONAL INC,CTE,339112.0,A,A,R,31655,2,3841.0,,,,38.0,384.0,,,,,,,0.6,0.034483,21067.0,1.0,0.58,12640.2,CTE,10.0,9.0,7.0,9.0,9.0,10,10.0,10.0,2.0,2.0,10.0,7.0,5.0,,1.0,,8.0,5.0,6.0,1.0,9.0,6.0,1.0,1.0,8.0,1.0,,,,8.0,,,10.0,1.0,10.0,10.0,7.0,2.0,,1.0,1.0,1.0,1.0,1.0,10.0,8.0,1.0,,,4.0,1.0,7,10.0,10,1
2008-07-25,83592,,11,2,3841.0,14160C10,CTE,CARDIOTECH INTERNATIONAL INC,CTE,339112.0,A,A,R,31655,2,3841.0,,,,38.0,384.0,,,,,,,0.58,-0.033333,21067.0,1.0,0.57,12218.86,CTE,10.0,9.0,7.0,9.0,9.0,10,10.0,10.0,2.0,2.0,10.0,7.0,5.0,,1.0,,8.0,5.0,6.0,1.0,9.0,6.0,1.0,1.0,8.0,1.0,,,,8.0,,,10.0,1.0,10.0,10.0,7.0,2.0,,1.0,1.0,1.0,1.0,1.0,10.0,8.0,1.0,,,4.0,1.0,7,10.0,10,1
2008-07-28,83592,,11,2,3841.0,14160C10,CTE,CARDIOTECH INTERNATIONAL INC,CTE,339112.0,A,A,R,31655,2,3841.0,,,,38.0,384.0,,,,,,,0.59,0.017241,21067.0,1.0,0.598,12429.53,CTE,10.0,9.0,7.0,9.0,9.0,10,10.0,10.0,2.0,2.0,10.0,7.0,5.0,,1.0,,8.0,5.0,6.0,1.0,9.0,6.0,1.0,1.0,8.0,1.0,,,,8.0,,,10.0,1.0,10.0,10.0,7.0,2.0,,1.0,1.0,1.0,1.0,1.0,10.0,8.0,1.0,,,4.0,1.0,7,10.0,10,1
2008-07-29,83592,,11,2,3841.0,14160C10,CTE,CARDIOTECH INTERNATIONAL INC,CTE,339112.0,A,A,R,31655,2,3841.0,,,,38.0,384.0,,,,,,,0.5501,-0.067627,21067.0,1.0,0.6,11588.9567,CTE,10.0,9.0,7.0,9.0,9.0,10,10.0,10.0,2.0,2.0,10.0,7.0,5.0,,1.0,,8.0,5.0,6.0,1.0,9.0,6.0,1.0,1.0,8.0,1.0,,,,8.0,,,10.0,1.0,10.0,10.0,7.0,2.0,,1.0,1.0,1.0,1.0,1.0,10.0,8.0,1.0,,,4.0,1.0,7,10.0,10,1
2008-07-30,83592,,11,2,3841.0,14160C10,CTE,CARDIOTECH INTERNATIONAL INC,CTE,339112.0,A,A,R,31655,2,3841.0,,,,38.0,384.0,,,,,,,0.52,-0.054717,21067.0,1.0,0.55,10954.84,CTE,10.0,9.0,7.0,9.0,9.0,10,10.0,10.0,2.0,2.0,10.0,7.0,5.0,,1.0,,8.0,5.0,6.0,1.0,9.0,6.0,1.0,1.0,8.0,1.0,,,,8.0,,,10.0,1.0,10.0,10.0,7.0,2.0,,1.0,1.0,1.0,1.0,1.0,10.0,8.0,1.0,,,4.0,1.0,7,10.0,10,1
2008-07-31,83592,,11,2,3841.0,14160C10,CTE,CARDIOTECH INTERNATIONAL INC,CTE,339112.0,A,A,R,31655,2,3841.0,,,,38.0,384.0,,,,,,,0.53,0.019231,21067.0,1.0,0.548,11165.51,CTE,10.0,9.0,7.0,9.0,9.0,10,10.0,10.0,2.0,2.0,10.0,7.0,5.0,,1.0,,8.0,5.0,6.0,1.0,9.0,6.0,1.0,1.0,8.0,1.0,,,,8.0,,,10.0,1.0,10.0,10.0,7.0,2.0,,1.0,1.0,1.0,1.0,1.0,10.0,8.0,1.0,,,4.0,1.0,7,10.0,10,1
2008-08-01,83592,,11,2,3841.0,14160C10,CTE,CARDIOTECH INTERNATIONAL INC,CTE,339112.0,A,A,R,31655,2,3841.0,,,,38.0,384.0,,,,,,,0.58,0.09434,21067.0,1.0,0.5,12218.86,CTE,10.0,9.0,7.0,9.0,9.0,10,10.0,10.0,2.0,2.0,10.0,7.0,5.0,,1.0,,8.0,5.0,6.0,1.0,9.0,6.0,1.0,1.0,8.0,1.0,,,,8.0,,,10.0,2.0,10.0,10.0,9.0,2.0,,1.0,1.0,1.0,10.0,1.0,10.0,1.0,10.0,,,1.0,1.0,7,10.0,10,1
2008-08-04,83592,,11,2,3841.0,14160C10,CTE,CARDIOTECH INTERNATIONAL INC,CTE,339112.0,A,A,R,31655,2,3841.0,,,,38.0,384.0,,,,,,,0.52,-0.103448,21067.0,1.0,0.54,10954.84,CTE,10.0,9.0,7.0,9.0,9.0,10,10.0,10.0,2.0,2.0,10.0,7.0,5.0,,1.0,,8.0,5.0,6.0,1.0,9.0,6.0,1.0,1.0,8.0,1.0,,,,8.0,,,10.0,2.0,10.0,10.0,9.0,2.0,,1.0,1.0,1.0,10.0,1.0,10.0,1.0,10.0,,,1.0,1.0,7,10.0,10,1
2008-08-05,83592,,11,2,3841.0,14160C10,CTE,CARDIOTECH INTERNATIONAL INC,CTE,339112.0,A,A,R,31655,2,3841.0,,,,38.0,384.0,,,,,,,0.5,-0.038462,21067.0,1.0,0.52,10533.5,CTE,10.0,9.0,7.0,9.0,9.0,10,10.0,10.0,2.0,2.0,10.0,7.0,5.0,,1.0,,8.0,5.0,6.0,1.0,9.0,6.0,1.0,1.0,8.0,1.0,,,,8.0,,,10.0,2.0,10.0,10.0,9.0,2.0,,1.0,1.0,1.0,10.0,1.0,10.0,1.0,10.0,,,1.0,1.0,7,10.0,10,1
2008-08-06,83592,,11,2,3841.0,14160C10,CTE,CARDIOTECH INTERNATIONAL INC,CTE,339112.0,A,A,R,31655,2,3841.0,,,,38.0,384.0,,,,,,,0.5001,0.0002,21067.0,1.0,0.5,10535.6067,CTE,10.0,9.0,7.0,9.0,9.0,10,10.0,10.0,2.0,2.0,10.0,7.0,5.0,,1.0,,8.0,5.0,6.0,1.0,9.0,6.0,1.0,1.0,8.0,1.0,,,,8.0,,,10.0,2.0,10.0,10.0,9.0,2.0,,1.0,1.0,1.0,10.0,1.0,10.0,1.0,10.0,,,1.0,1.0,7,10.0,10,1
2008-08-07,83592,,11,2,3841.0,14160C10,CTE,CARDIOTECH INTERNATIONAL INC,CTE,339112.0,A,A,R,31655,2,3841.0,,,,38.0,384.0,,,,,,,0.5,-0.0002,21067.0,1.0,0.53,10533.5,CTE,10.0,9.0,7.0,9.0,9.0,10,10.0,10.0,2.0,2.0,10.0,7.0,5.0,,1.0,,8.0,5.0,6.0,1.0,9.0,6.0,1.0,1.0,8.0,1.0,,,,8.0,,,10.0,2.0,10.0,10.0,9.0,2.0,,1.0,1.0,1.0,10.0,1.0,10.0,1.0,10.0,,,1.0,1.0,7,10.0,10,1
2008-08-08,83592,,11,2,3841.0,14160C10,CTE,CARDIOTECH INTERNATIONAL INC,CTE,339112.0,A,A,R,31655,2,3841.0,,,,38.0,384.0,,,,,,,0.6,0.2,21067.0,1.0,0.52,12640.2,CTE,10.0,9.0,7.0,9.0,9.0,10,10.0,10.0,2.0,2.0,10.0,7.0,5.0,,1.0,,8.0,5.0,6.0,1.0,9.0,6.0,1.0,1.0,8.0,1.0,,,,8.0,,,10.0,2.0,10.0,10.0,9.0,2.0,,1.0,1.0,1.0,10.0,1.0,10.0,1.0,10.0,,,1.0,1.0,7,10.0,10,1
2008-08-11,83592,,11,2,3841.0,14160C10,CTE,CARDIOTECH INTERNATIONAL INC,CTE,339112.0,A,A,R,31655,2,3841.0,,,,38.0,384.0,,,,,,,0.75,0.25,21067.0,1.0,0.6,15800.25,CTE,10.0,9.0,7.0,9.0,9.0,10,10.0,10.0,2.0,2.0,10.0,7.0,5.0,,1.0,,8.0,5.0,6.0,1.0,9.0,6.0,1.0,1.0,8.0,1.0,,,,8.0,,,10.0,2.0,10.0,10.0,9.0,2.0,,1.0,1.0,1.0,10.0,1.0,10.0,1.0,10.0,,,1.0,1.0,7,10.0,10,1
2008-08-12,83592,,11,2,3841.0,14160C10,CTE,CARDIOTECH INTERNATIONAL INC,CTE,339112.0,A,A,R,31655,2,3841.0,,,,38.0,384.0,,,,,,,0.6,-0.2,21067.0,1.0,0.75,12640.2,CTE,10.0,9.0,7.0,9.0,9.0,10,10.0,10.0,2.0,2.0,10.0,7.0,5.0,,1.0,,8.0,5.0,6.0,1.0,9.0,6.0,1.0,1.0,8.0,1.0,,,,8.0,,,10.0,2.0,10.0,10.0,9.0,2.0,,1.0,1.0,1.0,10.0,1.0,10.0,1.0,10.0,,,1.0,1.0,7,10.0,10,1
2008-08-13,83592,,11,2,3841.0,14160C10,CTE,CARDIOTECH INTERNATIONAL INC,CTE,339112.0,A,A,R,31655,2,3841.0,,,,38.0,384.0,,,,,,,0.59,-0.016667,21067.0,1.0,0.5806,12429.53,CTE,10.0,9.0,7.0,9.0,9.0,10,10.0,10.0,2.0,2.0,10.0,7.0,5.0,,1.0,,8.0,5.0,6.0,1.0,9.0,6.0,1.0,1.0,8.0,1.0,,,,8.0,,,10.0,2.0,10.0,10.0,9.0,2.0,,1.0,1.0,1.0,10.0,1.0,10.0,1.0,10.0,,,1.0,1.0,7,10.0,10,1
2008-08-14,83592,,11,2,3841.0,14160C10,CTE,CARDIOTECH INTERNATIONAL INC,CTE,339112.0,A,A,R,31655,2,3841.0,,,,38.0,384.0,,,,,,,0.57,-0.033898,21067.0,1.0,0.62,12008.19,CTE,10.0,9.0,7.0,9.0,9.0,10,10.0,10.0,2.0,2.0,10.0,7.0,5.0,,1.0,,8.0,5.0,6.0,1.0,9.0,6.0,1.0,1.0,8.0,1.0,,,,8.0,,,10.0,2.0,10.0,10.0,9.0,2.0,,1.0,1.0,1.0,10.0,1.0,10.0,1.0,10.0,,,1.0,1.0,7,10.0,10,1
2008-08-15,83592,,11,2,3841.0,14160C10,CTE,CARDIOTECH INTERNATIONAL INC,CTE,339112.0,A,A,R,31655,2,3841.0,,,,38.0,384.0,,,,,,,0.53,-0.070175,21067.0,1.0,0.59,11165.51,CTE,10.0,9.0,7.0,9.0,9.0,10,10.0,10.0,2.0,2.0,10.0,7.0,5.0,,1.0,,8.0,5.0,6.0,1.0,9.0,6.0,1.0,1.0,8.0,1.0,,,,8.0,,,10.0,2.0,10.0,10.0,9.0,2.0,,1.0,1.0,1.0,10.0,1.0,10.0,1.0,10.0,,,1.0,1.0,7,10.0,10,1
2008-08-18,83592,,11,2,3841.0,14160C10,CTE,CARDIOTECH INTERNATIONAL INC,CTE,339112.0,A,A,R,31655,2,3841.0,,,,38.0,384.0,,,,,,,0.53,0.0,21067.0,1.0,0.53,11165.51,CTE,10.0,9.0,7.0,9.0,9.0,10,10.0,10.0,2.0,2.0,10.0,7.0,5.0,,1.0,,8.0,5.0,6.0,1.0,9.0,6.0,1.0,1.0,8.0,1.0,,,,8.0,,,10.0,2.0,10.0,10.0,9.0,2.0,,1.0,1.0,1.0,10.0,1.0,10.0,1.0,10.0,,,1.0,1.0,7,10.0,10,1
2008-08-19,83592,,11,2,3841.0,14160C10,CTE,CARDIOTECH INTERNATIONAL INC,CTE,339112.0,A,A,R,31655,2,3841.0,,,,38.0,384.0,,,,,,,0.5,-0.056604,21067.0,1.0,0.51,10533.5,CTE,10.0,9.0,7.0,9.0,9.0,10,10.0,10.0,2.0,2.0,10.0,7.0,5.0,,1.0,,8.0,5.0,6.0,1.0,9.0,6.0,1.0,1.0,8.0,1.0,,,,8.0,,,10.0,2.0,10.0,10.0,9.0,2.0,,1.0,1.0,1.0,10.0,1.0,10.0,1.0,10.0,,,1.0,1.0,7,10.0,10,1
2008-08-20,83592,,11,2,3841.0,14160C10,CTE,CARDIOTECH INTERNATIONAL INC,CTE,339112.0,A,A,R,31655,2,3841.0,,,,38.0,384.0,,,,,,,0.5,0.0,21067.0,1.0,0.518,10533.5,CTE,10.0,9.0,7.0,9.0,9.0,10,10.0,10.0,2.0,2.0,10.0,7.0,5.0,,1.0,,8.0,5.0,6.0,1.0,9.0,6.0,1.0,1.0,8.0,1.0,,,,8.0,,,10.0,2.0,10.0,10.0,9.0,2.0,,1.0,1.0,1.0,10.0,1.0,10.0,1.0,10.0,,,1.0,1.0,7,10.0,10,1
2008-08-21,83592,,11,2,3841.0,14160C10,CTE,CARDIOTECH INTERNATIONAL INC,CTE,339112.0,A,A,R,31655,2,3841.0,,,,38.0,384.0,,,,,,,0.504,0.008,21067.0,1.0,0.51,10617.768,CTE,10.0,9.0,7.0,9.0,9.0,10,10.0,10.0,2.0,2.0,10.0,7.0,5.0,,1.0,,8.0,5.0,6.0,1.0,9.0,6.0,1.0,1.0,8.0,1.0,,,,8.0,,,10.0,2.0,10.0,10.0,9.0,2.0,,1.0,1.0,1.0,10.0,1.0,10.0,1.0,10.0,,,1.0,1.0,7,10.0,10,1
2008-08-22,83592,,11,2,3841.0,14160C10,CTE,CARDIOTECH INTERNATIONAL INC,CTE,339112.0,A,A,R,31655,2,3841.0,,,,38.0,384.0,,,,,,,0.54,0.071429,21067.0,1.0,0.54,11376.18,CTE,10.0,9.0,7.0,9.0,9.0,10,10.0,10.0,2.0,2.0,10.0,7.0,5.0,,1.0,,8.0,5.0,6.0,1.0,9.0,6.0,1.0,1.0,8.0,1.0,,,,8.0,,,10.0,2.0,10.0,10.0,9.0,2.0,,1.0,1.0,1.0,10.0,1.0,10.0,1.0,10.0,,,1.0,1.0,7,10.0,10,1
2008-08-25,83592,,11,2,3841.0,14160C10,CTE,CARDIOTECH INTERNATIONAL INC,CTE,339112.0,A,A,R,31655,2,3841.0,,,,38.0,384.0,,,,,,,0.51,-0.055556,21067.0,1.0,0.54,10744.17,CTE,10.0,9.0,7.0,9.0,9.0,10,10.0,10.0,2.0,2.0,10.0,7.0,5.0,,1.0,,8.0,5.0,6.0,1.0,9.0,6.0,1.0,1.0,8.0,1.0,,,,8.0,,,10.0,2.0,10.0,10.0,9.0,2.0,,1.0,1.0,1.0,10.0,1.0,10.0,1.0,10.0,,,1.0,1.0,7,10.0,10,1
2008-08-26,83592,,11,2,3841.0,14160C10,CTE,CARDIOTECH INTERNATIONAL INC,CTE,339112.0,A,A,R,31655,2,3841.0,,,,38.0,384.0,,,,,,,0.52,0.019608,21067.0,1.0,0.4999,10954.84,CTE,10.0,9.0,7.0,9.0,9.0,10,10.0,10.0,2.0,2.0,10.0,7.0,5.0,,1.0,,8.0,5.0,6.0,1.0,9.0,6.0,1.0,1.0,8.0,1.0,,,,8.0,,,10.0,2.0,10.0,10.0,9.0,2.0,,1.0,1.0,1.0,10.0,1.0,10.0,1.0,10.0,,,1.0,1.0,7,10.0,10,1
2008-08-27,83592,,11,2,3841.0,14160C10,CTE,CARDIOTECH INTERNATIONAL INC,CTE,339112.0,A,A,R,31655,2,3841.0,,,,38.0,384.0,,,,,,,0.528,0.015385,21067.0,1.0,0.4901,11123.376,CTE,10.0,9.0,7.0,9.0,9.0,10,10.0,10.0,2.0,2.0,10.0,7.0,5.0,,1.0,,8.0,5.0,6.0,1.0,9.0,6.0,1.0,1.0,8.0,1.0,,,,8.0,,,10.0,2.0,10.0,10.0,9.0,2.0,,1.0,1.0,1.0,10.0,1.0,10.0,1.0,10.0,,,1.0,1.0,7,10.0,10,1
2008-08-28,83592,,11,2,3841.0,14160C10,CTE,CARDIOTECH INTERNATIONAL INC,CTE,339112.0,A,A,R,31655,2,3841.0,,,,38.0,384.0,,,,,,,0.51,-0.034091,21067.0,1.0,0.51,10744.17,CTE,10.0,9.0,7.0,9.0,9.0,10,10.0,10.0,2.0,2.0,10.0,7.0,5.0,,1.0,,8.0,5.0,6.0,1.0,9.0,6.0,1.0,1.0,8.0,1.0,,,,8.0,,,10.0,2.0,10.0,10.0,9.0,2.0,,1.0,1.0,1.0,10.0,1.0,10.0,1.0,10.0,,,1.0,1.0,7,10.0,10,1
2008-08-29,83592,,11,2,3841.0,14160C10,CTE,CARDIOTECH INTERNATIONAL INC,CTE,339112.0,A,A,R,31655,2,3841.0,,,,38.0,384.0,,,,,,,0.518,0.015686,21067.0,1.0,0.49,10912.706,CTE,10.0,9.0,7.0,9.0,9.0,10,10.0,10.0,2.0,2.0,10.0,7.0,5.0,,1.0,,8.0,5.0,6.0,1.0,9.0,6.0,1.0,1.0,8.0,1.0,,,,8.0,,,10.0,2.0,10.0,10.0,9.0,2.0,,1.0,1.0,1.0,10.0,1.0,10.0,1.0,10.0,,,1.0,1.0,7,10.0,10,1
2008-09-02,83592,,11,2,3841.0,14160C10,CTE,CARDIOTECH INTERNATIONAL INC,CTE,339112.0,A,A,R,31655,2,3841.0,,,,38.0,384.0,,,,,,,0.548,0.057915,21067.0,1.0,0.538,11544.716,CTE,10.0,9.0,7.0,9.0,9.0,10,10.0,10.0,2.0,2.0,10.0,7.0,5.0,,1.0,,8.0,5.0,6.0,1.0,9.0,6.0,1.0,1.0,8.0,1.0,,,,9.0,,,10.0,1.0,10.0,10.0,10.0,2.0,,2.0,1.0,,8.0,1.0,10.0,9.0,9.0,,,1.0,1.0,7,10.0,10,1
2008-09-03,83592,,11,2,3841.0,14160C10,CTE,CARDIOTECH INTERNATIONAL INC,CTE,339112.0,A,A,R,31655,2,3841.0,,,,38.0,384.0,,,,,,,0.568,0.036496,21067.0,1.0,0.55,11966.056,CTE,10.0,9.0,7.0,9.0,9.0,10,10.0,10.0,2.0,2.0,10.0,7.0,5.0,,1.0,,8.0,5.0,6.0,1.0,9.0,6.0,1.0,1.0,8.0,1.0,,,,9.0,,,10.0,1.0,10.0,10.0,10.0,2.0,,2.0,1.0,,8.0,1.0,10.0,9.0,9.0,,,1.0,1.0,7,10.0,10,1
2008-09-04,83592,,11,2,3841.0,14160C10,CTE,CARDIOTECH INTERNATIONAL INC,CTE,339112.0,A,A,R,31655,2,3841.0,,,,38.0,384.0,,,,,,,0.501,-0.117958,21067.0,1.0,0.57,10554.567,CTE,10.0,9.0,7.0,9.0,9.0,10,10.0,10.0,2.0,2.0,10.0,7.0,5.0,,1.0,,8.0,5.0,6.0,1.0,9.0,6.0,1.0,1.0,8.0,1.0,,,,9.0,,,10.0,1.0,10.0,10.0,10.0,2.0,,2.0,1.0,,8.0,1.0,10.0,9.0,9.0,,,1.0,1.0,7,10.0,10,1
2008-09-05,83592,,11,2,3841.0,14160C10,CTE,CARDIOTECH INTERNATIONAL INC,CTE,339112.0,A,A,R,31655,2,3841.0,,,,38.0,384.0,,,,,,,0.5,-0.001996,21067.0,1.0,0.5,10533.5,CTE,10.0,9.0,7.0,9.0,9.0,10,10.0,10.0,2.0,2.0,10.0,7.0,5.0,,1.0,,8.0,5.0,6.0,1.0,9.0,6.0,1.0,1.0,8.0,1.0,,,,9.0,,,10.0,1.0,10.0,10.0,10.0,2.0,,2.0,1.0,,8.0,1.0,10.0,9.0,9.0,,,1.0,1.0,7,10.0,10,1
2008-09-08,83592,,11,2,3841.0,14160C10,CTE,CARDIOTECH INTERNATIONAL INC,CTE,339112.0,A,A,R,31655,2,3841.0,,,,38.0,384.0,,,,,,,0.51,0.02,21067.0,1.0,0.51,10744.17,CTE,10.0,9.0,7.0,9.0,9.0,10,10.0,10.0,2.0,2.0,10.0,7.0,5.0,,1.0,,8.0,5.0,6.0,1.0,9.0,6.0,1.0,1.0,8.0,1.0,,,,9.0,,,10.0,1.0,10.0,10.0,10.0,2.0,,2.0,1.0,,8.0,1.0,10.0,9.0,9.0,,,1.0,1.0,7,10.0,10,1
2008-09-09,83592,,11,2,3841.0,14160C10,CTE,CARDIOTECH INTERNATIONAL INC,CTE,339112.0,A,A,R,31655,2,3841.0,,,,38.0,384.0,,,,,,,0.538,0.054902,21067.0,1.0,0.54,11334.046,CTE,10.0,9.0,7.0,9.0,9.0,10,10.0,10.0,2.0,2.0,10.0,7.0,5.0,,1.0,,8.0,5.0,6.0,1.0,9.0,6.0,1.0,1.0,8.0,1.0,,,,9.0,,,10.0,1.0,10.0,10.0,10.0,2.0,,2.0,1.0,,8.0,1.0,10.0,9.0,9.0,,,1.0,1.0,7,10.0,10,1
2008-09-10,83592,,11,2,3841.0,14160C10,CTE,CARDIOTECH INTERNATIONAL INC,CTE,339112.0,A,A,R,31655,2,3841.0,,,,38.0,384.0,,,,,,,0.49,-0.089219,21067.0,1.0,0.5,10322.83,CTE,10.0,9.0,7.0,9.0,9.0,10,10.0,10.0,2.0,2.0,10.0,7.0,5.0,,1.0,,8.0,5.0,6.0,1.0,9.0,6.0,1.0,1.0,8.0,1.0,,,,9.0,,,10.0,1.0,10.0,10.0,10.0,2.0,,2.0,1.0,,8.0,1.0,10.0,9.0,9.0,,,1.0,1.0,7,10.0,10,1
2008-09-11,83592,,11,2,3841.0,14160C10,CTE,CARDIOTECH INTERNATIONAL INC,CTE,339112.0,A,A,R,31655,2,3841.0,,,,38.0,384.0,,,,,,,0.508,0.036735,21067.0,1.0,0.51,10702.036,CTE,10.0,9.0,7.0,9.0,9.0,10,10.0,10.0,2.0,2.0,10.0,7.0,5.0,,1.0,,8.0,5.0,6.0,1.0,9.0,6.0,1.0,1.0,8.0,1.0,,,,9.0,,,10.0,1.0,10.0,10.0,10.0,2.0,,2.0,1.0,,8.0,1.0,10.0,9.0,9.0,,,1.0,1.0,7,10.0,10,1
2008-09-12,83592,,11,2,3841.0,14160C10,CTE,CARDIOTECH INTERNATIONAL INC,CTE,339112.0,A,A,R,31655,2,3841.0,,,,38.0,384.0,,,,,,,0.47,-0.074803,21067.0,1.0,0.498,9901.49,CTE,10.0,9.0,7.0,9.0,9.0,10,10.0,10.0,2.0,2.0,10.0,7.0,5.0,,1.0,,8.0,5.0,6.0,1.0,9.0,6.0,1.0,1.0,8.0,1.0,,,,9.0,,,10.0,1.0,10.0,10.0,10.0,2.0,,2.0,1.0,,8.0,1.0,10.0,9.0,9.0,,,1.0,1.0,7,10.0,10,1
2008-09-15,83592,,11,2,3841.0,14160C10,CTE,CARDIOTECH INTERNATIONAL INC,CTE,339112.0,A,A,R,31655,2,3841.0,,,,38.0,384.0,,,,,,,0.43,-0.085106,21067.0,1.0,0.45,9058.81,CTE,10.0,9.0,7.0,9.0,9.0,10,10.0,10.0,2.0,2.0,10.0,7.0,5.0,,1.0,,8.0,5.0,6.0,1.0,9.0,6.0,1.0,1.0,8.0,1.0,,,,9.0,,,10.0,1.0,10.0,10.0,10.0,2.0,,2.0,1.0,,8.0,1.0,10.0,9.0,9.0,,,1.0,1.0,7,10.0,10,1
2008-09-16,83592,,11,2,3841.0,14160C10,CTE,CARDIOTECH INTERNATIONAL INC,CTE,339112.0,A,A,R,31655,2,3841.0,,,,38.0,384.0,,,,,,,0.45,0.046512,21067.0,1.0,0.45,9480.15,CTE,10.0,9.0,7.0,9.0,9.0,10,10.0,10.0,2.0,2.0,10.0,7.0,5.0,,1.0,,8.0,5.0,6.0,1.0,9.0,6.0,1.0,1.0,8.0,1.0,,,,9.0,,,10.0,1.0,10.0,10.0,10.0,2.0,,2.0,1.0,,8.0,1.0,10.0,9.0,9.0,,,1.0,1.0,7,10.0,10,1
2008-09-17,83592,,11,2,3841.0,14160C10,CTE,CARDIOTECH INTERNATIONAL INC,CTE,339112.0,A,A,R,31655,2,3841.0,,,,38.0,384.0,,,,,,,0.41,-0.088889,21067.0,1.0,0.45,8637.47,CTE,10.0,9.0,7.0,9.0,9.0,10,10.0,10.0,2.0,2.0,10.0,7.0,5.0,,1.0,,8.0,5.0,6.0,1.0,9.0,6.0,1.0,1.0,8.0,1.0,,,,9.0,,,10.0,1.0,10.0,10.0,10.0,2.0,,2.0,1.0,,8.0,1.0,10.0,9.0,9.0,,,1.0,1.0,7,10.0,10,1
2008-09-18,83592,,11,2,3841.0,14160C10,CTE,CARDIOTECH INTERNATIONAL INC,CTE,339112.0,A,A,R,31655,2,3841.0,,,,38.0,384.0,,,,,,,0.4,-0.02439,21067.0,1.0,0.41,8426.8,CTE,10.0,9.0,7.0,9.0,9.0,10,10.0,10.0,2.0,2.0,10.0,7.0,5.0,,1.0,,8.0,5.0,6.0,1.0,9.0,6.0,1.0,1.0,8.0,1.0,,,,9.0,,,10.0,1.0,10.0,10.0,10.0,2.0,,2.0,1.0,,8.0,1.0,10.0,9.0,9.0,,,1.0,1.0,7,10.0,10,1
2008-09-19,83592,,11,2,3841.0,14160C10,CTE,CARDIOTECH INTERNATIONAL INC,CTE,339112.0,A,A,R,31655,2,3841.0,,,,38.0,384.0,,,,,,,0.4039,0.00975,21067.0,1.0,0.4,8508.9613,CTE,10.0,9.0,7.0,9.0,9.0,10,10.0,10.0,2.0,2.0,10.0,7.0,5.0,,1.0,,8.0,5.0,6.0,1.0,9.0,6.0,1.0,1.0,8.0,1.0,,,,9.0,,,10.0,1.0,10.0,10.0,10.0,2.0,,2.0,1.0,,8.0,1.0,10.0,9.0,9.0,,,1.0,1.0,7,10.0,10,1
2008-09-22,83592,,11,2,3841.0,14160C10,CTE,CARDIOTECH INTERNATIONAL INC,CTE,339112.0,A,A,R,31655,2,3841.0,,,,38.0,384.0,,,,,,,0.4117,0.019312,21067.0,1.0,0.41,8673.2839,CTE,10.0,9.0,7.0,9.0,9.0,10,10.0,10.0,2.0,2.0,10.0,7.0,5.0,,1.0,,8.0,5.0,6.0,1.0,9.0,6.0,1.0,1.0,8.0,1.0,,,,9.0,,,10.0,1.0,10.0,10.0,10.0,2.0,,2.0,1.0,,8.0,1.0,10.0,9.0,9.0,,,1.0,1.0,7,10.0,10,1
2008-09-23,83592,,11,2,3841.0,14160C10,CTE,CARDIOTECH INTERNATIONAL INC,CTE,339112.0,A,A,R,31655,2,3841.0,,,,38.0,384.0,,,,,,,0.4311,0.047122,21067.0,1.0,0.4899,9081.9837,CTE,10.0,9.0,7.0,9.0,9.0,10,10.0,10.0,2.0,2.0,10.0,7.0,5.0,,1.0,,8.0,5.0,6.0,1.0,9.0,6.0,1.0,1.0,8.0,1.0,,,,9.0,,,10.0,1.0,10.0,10.0,10.0,2.0,,2.0,1.0,,8.0,1.0,10.0,9.0,9.0,,,1.0,1.0,7,10.0,10,1
2008-09-24,83592,,11,2,3841.0,14160C10,CTE,CARDIOTECH INTERNATIONAL INC,CTE,339112.0,A,A,R,31655,2,3841.0,,,,38.0,384.0,,,,,,,0.393,-0.088379,21067.0,1.0,0.42,8279.331,CTE,10.0,9.0,7.0,9.0,9.0,10,10.0,10.0,2.0,2.0,10.0,7.0,5.0,,1.0,,8.0,5.0,6.0,1.0,9.0,6.0,1.0,1.0,8.0,1.0,,,,9.0,,,10.0,1.0,10.0,10.0,10.0,2.0,,2.0,1.0,,8.0,1.0,10.0,9.0,9.0,,,1.0,1.0,7,10.0,10,1
2008-09-25,83592,,11,2,3841.0,14160C10,CTE,CARDIOTECH INTERNATIONAL INC,CTE,339112.0,A,A,R,31655,2,3841.0,,,,38.0,384.0,,,,,,,0.42,0.068702,21067.0,1.0,0.4,8848.14,CTE,10.0,9.0,7.0,9.0,9.0,10,10.0,10.0,2.0,2.0,10.0,7.0,5.0,,1.0,,8.0,5.0,6.0,1.0,9.0,6.0,1.0,1.0,8.0,1.0,,,,9.0,,,10.0,1.0,10.0,10.0,10.0,2.0,,2.0,1.0,,8.0,1.0,10.0,9.0,9.0,,,1.0,1.0,7,10.0,10,1
2008-09-26,83592,,11,2,3841.0,14160C10,CTE,CARDIOTECH INTERNATIONAL INC,CTE,339112.0,A,A,R,31655,2,3841.0,,,,38.0,384.0,,,,,,,0.4,-0.047619,21067.0,1.0,0.44,8426.8,CTE,10.0,9.0,7.0,9.0,9.0,10,10.0,10.0,2.0,2.0,10.0,7.0,5.0,,1.0,,8.0,5.0,6.0,1.0,9.0,6.0,1.0,1.0,8.0,1.0,,,,9.0,,,10.0,1.0,10.0,10.0,10.0,2.0,,2.0,1.0,,8.0,1.0,10.0,9.0,9.0,,,1.0,1.0,7,10.0,10,1
2008-09-29,83592,,11,2,3841.0,14160C10,CTE,CARDIOTECH INTERNATIONAL INC,CTE,339112.0,A,A,R,31655,2,3841.0,,,,38.0,384.0,,,,,,,0.43,0.075,21067.0,1.0,0.37,9058.81,CTE,10.0,9.0,7.0,9.0,9.0,10,10.0,10.0,2.0,2.0,10.0,7.0,5.0,,1.0,,8.0,5.0,6.0,1.0,9.0,6.0,1.0,1.0,8.0,1.0,,,,9.0,,,10.0,1.0,10.0,10.0,10.0,2.0,,2.0,1.0,,8.0,1.0,10.0,9.0,9.0,,,1.0,1.0,7,10.0,10,1
2008-09-30,83592,,11,2,3841.0,14160C10,CTE,CARDIOTECH INTERNATIONAL INC,CTE,339112.0,A,A,R,31655,2,3841.0,,,,38.0,384.0,,,,,,,0.4399,0.023023,21067.0,1.0,0.4,9267.3733,CTE,10.0,9.0,7.0,9.0,9.0,10,10.0,10.0,2.0,2.0,10.0,7.0,5.0,,1.0,,8.0,5.0,6.0,1.0,9.0,6.0,1.0,1.0,8.0,1.0,,,,9.0,,,10.0,1.0,10.0,10.0,10.0,2.0,,2.0,1.0,,8.0,1.0,10.0,9.0,9.0,,,1.0,1.0,7,10.0,10,1
2008-10-01,83592,,11,2,3841.0,14160C10,CTE,CARDIOTECH INTERNATIONAL INC,CTE,339112.0,A,A,R,31655,2,3841.0,,,,38.0,384.0,,,,,,,0.41,-0.06797,21067.0,1.0,0.41,8637.47,CTE,10.0,9.0,7.0,9.0,9.0,10,10.0,10.0,2.0,2.0,10.0,7.0,5.0,,1.0,,8.0,5.0,6.0,1.0,9.0,6.0,1.0,1.0,8.0,1.0,,,,9.0,,,10.0,1.0,9.0,10.0,9.0,2.0,,1.0,1.0,1.0,7.0,1.0,10.0,10.0,8.0,,,2.0,1.0,7,10.0,10,1
2008-10-02,83592,,11,2,3841.0,14160C10,CTE,CARDIOTECH INTERNATIONAL INC,CTE,339112.0,A,A,R,31655,2,3841.0,,,,38.0,384.0,,,,,,,0.4,-0.02439,21067.0,1.0,0.41,8426.8,CTE,10.0,9.0,7.0,9.0,9.0,10,10.0,10.0,2.0,2.0,10.0,7.0,5.0,,1.0,,8.0,5.0,6.0,1.0,9.0,6.0,1.0,1.0,8.0,1.0,,,,9.0,,,10.0,1.0,9.0,10.0,9.0,2.0,,1.0,1.0,1.0,7.0,1.0,10.0,10.0,8.0,,,2.0,1.0,7,10.0,10,1
2008-10-03,83592,,11,2,3841.0,14160C10,CTE,CARDIOTECH INTERNATIONAL INC,CTE,339112.0,A,A,R,31655,2,3841.0,,,,38.0,384.0,,,,,,,0.47,0.175,21067.0,1.0,0.4,9901.49,CTE,10.0,9.0,7.0,9.0,9.0,10,10.0,10.0,2.0,2.0,10.0,7.0,5.0,,1.0,,8.0,5.0,6.0,1.0,9.0,6.0,1.0,1.0,8.0,1.0,,,,9.0,,,10.0,1.0,9.0,10.0,9.0,2.0,,1.0,1.0,1.0,7.0,1.0,10.0,10.0,8.0,,,2.0,1.0,7,10.0,10,1
2008-10-06,83592,,11,2,3841.0,14160C10,CTE,CARDIOTECH INTERNATIONAL INC,CTE,339112.0,A,A,R,31655,2,3841.0,,,,38.0,384.0,,,,,,,0.36,-0.234043,21067.0,1.0,0.5,7584.12,CTE,10.0,9.0,7.0,9.0,9.0,10,10.0,10.0,2.0,2.0,10.0,7.0,5.0,,1.0,,8.0,5.0,6.0,1.0,9.0,6.0,1.0,1.0,8.0,1.0,,,,9.0,,,10.0,1.0,9.0,10.0,9.0,2.0,,1.0,1.0,1.0,7.0,1.0,10.0,10.0,8.0,,,2.0,1.0,7,10.0,10,1
2008-10-07,83592,,11,2,3841.0,14160C10,CTE,CARDIOTECH INTERNATIONAL INC,CTE,339112.0,A,A,R,31655,2,3841.0,,,,38.0,384.0,,,,,,,0.4399,0.221944,21067.0,1.0,0.35,9267.3733,CTE,10.0,9.0,7.0,9.0,9.0,10,10.0,10.0,2.0,2.0,10.0,7.0,5.0,,1.0,,8.0,5.0,6.0,1.0,9.0,6.0,1.0,1.0,8.0,1.0,,,,9.0,,,10.0,1.0,9.0,10.0,9.0,2.0,,1.0,1.0,1.0,7.0,1.0,10.0,10.0,8.0,,,2.0,1.0,7,10.0,10,1
2008-10-08,83592,,11,2,3841.0,14160C10,CTE,CARDIOTECH INTERNATIONAL INC,CTE,339112.0,A,A,R,31655,2,3841.0,,,,38.0,384.0,,,,,,,0.42,-0.045238,21067.0,1.0,0.39,8848.14,CTE,10.0,9.0,7.0,9.0,9.0,10,10.0,10.0,2.0,2.0,10.0,7.0,5.0,,1.0,,8.0,5.0,6.0,1.0,9.0,6.0,1.0,1.0,8.0,1.0,,,,9.0,,,10.0,1.0,9.0,10.0,9.0,2.0,,1.0,1.0,1.0,7.0,1.0,10.0,10.0,8.0,,,2.0,1.0,7,10.0,10,1
2008-10-09,83592,,11,2,3841.0,14160C10,CTE,CARDIOTECH INTERNATIONAL INC,CTE,339112.0,A,A,R,31655,2,3841.0,,,,38.0,384.0,,,,,,,0.46,0.095238,21067.0,1.0,0.39,9690.82,CTE,10.0,9.0,7.0,9.0,9.0,10,10.0,10.0,2.0,2.0,10.0,7.0,5.0,,1.0,,8.0,5.0,6.0,1.0,9.0,6.0,1.0,1.0,8.0,1.0,,,,9.0,,,10.0,1.0,9.0,10.0,9.0,2.0,,1.0,1.0,1.0,7.0,1.0,10.0,10.0,8.0,,,2.0,1.0,7,10.0,10,1
2008-10-10,83592,,11,2,3841.0,14160C10,CTE,CARDIOTECH INTERNATIONAL INC,CTE,339112.0,A,A,R,31655,2,3841.0,,,,38.0,384.0,,,,,,,0.39,-0.152174,21067.0,1.0,0.46,8216.13,CTE,10.0,9.0,7.0,9.0,9.0,10,10.0,10.0,2.0,2.0,10.0,7.0,5.0,,1.0,,8.0,5.0,6.0,1.0,9.0,6.0,1.0,1.0,8.0,1.0,,,,9.0,,,10.0,1.0,9.0,10.0,9.0,2.0,,1.0,1.0,1.0,7.0,1.0,10.0,10.0,8.0,,,2.0,1.0,7,10.0,10,1
2008-10-13,83592,,11,2,3841.0,14160C10,CTE,CARDIOTECH INTERNATIONAL INC,CTE,339112.0,A,A,R,31655,2,3841.0,,,,38.0,384.0,,,,,,,0.4388,0.125128,21067.0,1.0,0.34,9244.1996,CTE,10.0,9.0,7.0,9.0,9.0,10,10.0,10.0,2.0,2.0,10.0,7.0,5.0,,1.0,,8.0,5.0,6.0,1.0,9.0,6.0,1.0,1.0,8.0,1.0,,,,9.0,,,10.0,1.0,9.0,10.0,9.0,2.0,,1.0,1.0,1.0,7.0,1.0,10.0,10.0,8.0,,,2.0,1.0,7,10.0,10,1
2008-10-14,83592,,11,2,3841.0,14160C10,CTE,CARDIOTECH INTERNATIONAL INC,CTE,339112.0,A,A,R,31655,2,3841.0,,,,38.0,384.0,,,,,,,0.37,-0.156791,21067.0,1.0,0.41,7794.79,CTE,10.0,9.0,7.0,9.0,9.0,10,10.0,10.0,2.0,2.0,10.0,7.0,5.0,,1.0,,8.0,5.0,6.0,1.0,9.0,6.0,1.0,1.0,8.0,1.0,,,,9.0,,,10.0,1.0,9.0,10.0,9.0,2.0,,1.0,1.0,1.0,7.0,1.0,10.0,10.0,8.0,,,2.0,1.0,7,10.0,10,1
2008-10-15,83592,,11,2,3841.0,14160C10,CTE,CARDIOTECH INTERNATIONAL INC,CTE,339112.0,A,A,R,31655,2,3841.0,,,,38.0,384.0,,,,,,,0.3991,0.078649,21067.0,1.0,0.4,8407.8397,CTE,10.0,9.0,7.0,9.0,9.0,10,10.0,10.0,2.0,2.0,10.0,7.0,5.0,,1.0,,8.0,5.0,6.0,1.0,9.0,6.0,1.0,1.0,8.0,1.0,,,,9.0,,,10.0,1.0,9.0,10.0,9.0,2.0,,1.0,1.0,1.0,7.0,1.0,10.0,10.0,8.0,,,2.0,1.0,7,10.0,10,1
2008-10-16,83592,20101123.0,11,2,3841.0,00767T10,ASB,ADVANSOURCE BIOMATERIALS CORP,ASB,339112.0,A,A,R,31655,2,3841.0,,,,38.0,384.0,,,,,,,0.38,-0.047858,21067.0,1.0,0.2501,8005.46,ASB,10.0,9.0,7.0,9.0,9.0,10,10.0,10.0,2.0,2.0,10.0,7.0,5.0,,1.0,,8.0,5.0,6.0,1.0,9.0,6.0,1.0,1.0,8.0,1.0,,,,9.0,,,10.0,1.0,9.0,10.0,9.0,2.0,,1.0,1.0,1.0,7.0,1.0,10.0,10.0,8.0,,,2.0,1.0,7,10.0,10,1
2008-10-17,83592,,11,2,3841.0,00767T10,ASB,ADVANSOURCE BIOMATERIALS CORP,ASB,339112.0,A,A,R,31655,2,3841.0,,,,38.0,384.0,,,,,,,0.4,0.052632,21067.0,1.0,0.3801,8426.8,ASB,10.0,9.0,7.0,9.0,9.0,10,10.0,10.0,2.0,2.0,10.0,7.0,5.0,,1.0,,8.0,5.0,6.0,1.0,9.0,6.0,1.0,1.0,8.0,1.0,,,,9.0,,,10.0,1.0,9.0,10.0,9.0,2.0,,1.0,1.0,1.0,7.0,1.0,10.0,10.0,8.0,,,2.0,1.0,7,10.0,10,1
2008-10-20,83592,,11,2,3841.0,00767T10,ASB,ADVANSOURCE BIOMATERIALS CORP,ASB,339112.0,A,A,R,31655,2,3841.0,,,,38.0,384.0,,,,,,,0.3608,-0.098,21067.0,1.0,0.3502,7600.9736,ASB,10.0,9.0,7.0,9.0,9.0,10,10.0,10.0,2.0,2.0,10.0,7.0,5.0,,1.0,,8.0,5.0,6.0,1.0,9.0,6.0,1.0,1.0,8.0,1.0,,,,9.0,,,10.0,1.0,9.0,10.0,9.0,2.0,,1.0,1.0,1.0,7.0,1.0,10.0,10.0,8.0,,,2.0,1.0,7,10.0,10,1
2008-10-21,83592,,11,2,3841.0,00767T10,ASB,ADVANSOURCE BIOMATERIALS CORP,ASB,339112.0,A,A,R,31655,2,3841.0,,,,38.0,384.0,,,,,,,0.46,0.274945,21067.0,1.0,0.4001,9690.82,ASB,10.0,9.0,7.0,9.0,9.0,10,10.0,10.0,2.0,2.0,10.0,7.0,5.0,,1.0,,8.0,5.0,6.0,1.0,9.0,6.0,1.0,1.0,8.0,1.0,,,,9.0,,,10.0,1.0,9.0,10.0,9.0,2.0,,1.0,1.0,1.0,7.0,1.0,10.0,10.0,8.0,,,2.0,1.0,7,10.0,10,1
2008-10-22,83592,,11,2,3841.0,00767T10,ASB,ADVANSOURCE BIOMATERIALS CORP,ASB,339112.0,A,A,R,31655,2,3841.0,,,,38.0,384.0,,,,,,,0.31,-0.326087,21067.0,1.0,0.4,6530.77,ASB,10.0,9.0,7.0,9.0,9.0,10,10.0,10.0,2.0,2.0,10.0,7.0,5.0,,1.0,,8.0,5.0,6.0,1.0,9.0,6.0,1.0,1.0,8.0,1.0,,,,9.0,,,10.0,1.0,9.0,10.0,9.0,2.0,,1.0,1.0,1.0,7.0,1.0,10.0,10.0,8.0,,,2.0,1.0,7,10.0,10,1
2008-10-23,83592,,11,2,3841.0,00767T10,ASB,ADVANSOURCE BIOMATERIALS CORP,ASB,339112.0,A,A,R,31655,2,3841.0,,,,38.0,384.0,,,,,,,0.41,0.322581,21067.0,1.0,0.32,8637.47,ASB,10.0,9.0,7.0,9.0,9.0,10,10.0,10.0,2.0,2.0,10.0,7.0,5.0,,1.0,,8.0,5.0,6.0,1.0,9.0,6.0,1.0,1.0,8.0,1.0,,,,9.0,,,10.0,1.0,9.0,10.0,9.0,2.0,,1.0,1.0,1.0,7.0,1.0,10.0,10.0,8.0,,,2.0,1.0,7,10.0,10,1
2008-10-24,83592,,11,2,3841.0,00767T10,ASB,ADVANSOURCE BIOMATERIALS CORP,ASB,339112.0,A,A,R,31655,2,3841.0,,,,38.0,384.0,,,,,,,0.35,-0.146341,21067.0,1.0,0.3501,7373.45,ASB,10.0,9.0,7.0,9.0,9.0,10,10.0,10.0,2.0,2.0,10.0,7.0,5.0,,1.0,,8.0,5.0,6.0,1.0,9.0,6.0,1.0,1.0,8.0,1.0,,,,9.0,,,10.0,1.0,9.0,10.0,9.0,2.0,,1.0,1.0,1.0,7.0,1.0,10.0,10.0,8.0,,,2.0,1.0,7,10.0,10,1
2008-10-27,83592,,11,2,3841.0,00767T10,ASB,ADVANSOURCE BIOMATERIALS CORP,ASB,339112.0,A,A,R,31655,2,3841.0,,,,38.0,384.0,,,,,,,0.3,-0.142857,21067.0,1.0,0.3133,6320.1,ASB,10.0,9.0,7.0,9.0,9.0,10,10.0,10.0,2.0,2.0,10.0,7.0,5.0,,1.0,,8.0,5.0,6.0,1.0,9.0,6.0,1.0,1.0,8.0,1.0,,,,9.0,,,10.0,1.0,9.0,10.0,9.0,2.0,,1.0,1.0,1.0,7.0,1.0,10.0,10.0,8.0,,,2.0,1.0,7,10.0,10,1
2008-10-28,83592,,11,2,3841.0,00767T10,ASB,ADVANSOURCE BIOMATERIALS CORP,ASB,339112.0,A,A,R,31655,2,3841.0,,,,38.0,384.0,,,,,,,0.2501,-0.166333,21067.0,1.0,0.27,5268.8567,ASB,10.0,9.0,7.0,9.0,9.0,10,10.0,10.0,2.0,2.0,10.0,7.0,5.0,,1.0,,8.0,5.0,6.0,1.0,9.0,6.0,1.0,1.0,8.0,1.0,,,,9.0,,,10.0,1.0,9.0,10.0,9.0,2.0,,1.0,1.0,1.0,7.0,1.0,10.0,10.0,8.0,,,2.0,1.0,7,10.0,10,1
2008-10-29,83592,,11,2,3841.0,00767T10,ASB,ADVANSOURCE BIOMATERIALS CORP,ASB,339112.0,A,A,R,31655,2,3841.0,,,,38.0,384.0,,,,,,,0.2702,0.080368,21067.0,1.0,0.25,5692.3034,ASB,10.0,9.0,7.0,9.0,9.0,10,10.0,10.0,2.0,2.0,10.0,7.0,5.0,,1.0,,8.0,5.0,6.0,1.0,9.0,6.0,1.0,1.0,8.0,1.0,,,,9.0,,,10.0,1.0,9.0,10.0,9.0,2.0,,1.0,1.0,1.0,7.0,1.0,10.0,10.0,8.0,,,2.0,1.0,7,10.0,10,1
2008-10-30,83592,,11,2,3841.0,00767T10,ASB,ADVANSOURCE BIOMATERIALS CORP,ASB,339112.0,A,A,R,31655,2,3841.0,,,,38.0,384.0,,,,,,,0.32,0.184308,21067.0,1.0,0.2652,6741.44,ASB,10.0,9.0,7.0,9.0,9.0,10,10.0,10.0,2.0,2.0,10.0,7.0,5.0,,1.0,,8.0,5.0,6.0,1.0,9.0,6.0,1.0,1.0,8.0,1.0,,,,9.0,,,10.0,1.0,9.0,10.0,9.0,2.0,,1.0,1.0,1.0,7.0,1.0,10.0,10.0,8.0,,,2.0,1.0,7,10.0,10,1
2008-10-31,83592,,11,2,3841.0,00767T10,ASB,ADVANSOURCE BIOMATERIALS CORP,ASB,339112.0,A,A,R,31655,2,3841.0,,,,38.0,384.0,,,,,,,0.31,-0.03125,21067.0,1.0,0.37,6530.77,ASB,10.0,9.0,7.0,9.0,9.0,10,10.0,10.0,2.0,2.0,10.0,7.0,5.0,,1.0,,8.0,5.0,6.0,1.0,9.0,6.0,1.0,1.0,8.0,1.0,,,,9.0,,,10.0,1.0,9.0,10.0,9.0,2.0,,1.0,1.0,1.0,7.0,1.0,10.0,10.0,8.0,,,2.0,1.0,7,10.0,10,1
2008-11-03,83592,,11,2,3841.0,00767T10,ASB,ADVANSOURCE BIOMATERIALS CORP,ASB,339112.0,A,A,R,31655,2,3841.0,,,,38.0,384.0,,,,,,,0.31,0.0,21067.0,1.0,0.3,6530.77,ASB,10.0,9.0,7.0,9.0,9.0,10,10.0,10.0,2.0,2.0,10.0,7.0,5.0,,1.0,,8.0,5.0,6.0,1.0,9.0,6.0,1.0,1.0,8.0,1.0,,,,9.0,,,10.0,1.0,8.0,10.0,8.0,2.0,,1.0,1.0,1.0,7.0,1.0,10.0,10.0,7.0,,,10.0,1.0,7,10.0,10,1
2008-11-04,83592,,11,2,3841.0,00767T10,ASB,ADVANSOURCE BIOMATERIALS CORP,ASB,339112.0,A,A,R,31655,2,3841.0,,,,38.0,384.0,,,,,,,0.3,-0.032258,21067.0,1.0,0.3,6320.1,ASB,10.0,9.0,7.0,9.0,9.0,10,10.0,10.0,2.0,2.0,10.0,7.0,5.0,,1.0,,8.0,5.0,6.0,1.0,9.0,6.0,1.0,1.0,8.0,1.0,,,,9.0,,,10.0,1.0,8.0,10.0,8.0,2.0,,1.0,1.0,1.0,7.0,1.0,10.0,10.0,7.0,,,10.0,1.0,7,10.0,10,1
2008-11-05,83592,,11,2,3841.0,00767T10,ASB,ADVANSOURCE BIOMATERIALS CORP,ASB,339112.0,A,A,R,31655,2,3841.0,,,,38.0,384.0,,,,,,,0.37,0.233333,21067.0,1.0,0.3,7794.79,ASB,10.0,9.0,7.0,9.0,9.0,10,10.0,10.0,2.0,2.0,10.0,7.0,5.0,,1.0,,8.0,5.0,6.0,1.0,9.0,6.0,1.0,1.0,8.0,1.0,,,,9.0,,,10.0,1.0,8.0,10.0,8.0,2.0,,1.0,1.0,1.0,7.0,1.0,10.0,10.0,7.0,,,10.0,1.0,7,10.0,10,1
2008-11-06,83592,,11,2,3841.0,00767T10,ASB,ADVANSOURCE BIOMATERIALS CORP,ASB,339112.0,A,A,R,31655,2,3841.0,,,,38.0,384.0,,,,,,,0.3285,-0.112162,21067.0,1.0,0.37,6920.5095,ASB,10.0,9.0,7.0,9.0,9.0,10,10.0,10.0,2.0,2.0,10.0,7.0,5.0,,1.0,,8.0,5.0,6.0,1.0,9.0,6.0,1.0,1.0,8.0,1.0,,,,9.0,,,10.0,1.0,8.0,10.0,8.0,2.0,,1.0,1.0,1.0,7.0,1.0,10.0,10.0,7.0,,,10.0,1.0,7,10.0,10,1
2008-11-07,83592,,11,2,3841.0,00767T10,ASB,ADVANSOURCE BIOMATERIALS CORP,ASB,339112.0,A,A,R,31655,2,3841.0,,,,38.0,384.0,,,,,,,0.4,0.217656,21067.0,1.0,0.3,8426.8,ASB,10.0,9.0,7.0,9.0,9.0,10,10.0,10.0,2.0,2.0,10.0,7.0,5.0,,1.0,,8.0,5.0,6.0,1.0,9.0,6.0,1.0,1.0,8.0,1.0,,,,9.0,,,10.0,1.0,8.0,10.0,8.0,2.0,,1.0,1.0,1.0,7.0,1.0,10.0,10.0,7.0,,,10.0,1.0,7,10.0,10,1
2008-11-10,83592,,11,2,3841.0,00767T10,ASB,ADVANSOURCE BIOMATERIALS CORP,ASB,339112.0,A,A,R,31655,2,3841.0,,,,38.0,384.0,,,,,,,0.45,0.125,21067.0,1.0,0.43,9480.15,ASB,10.0,9.0,7.0,9.0,9.0,10,10.0,10.0,2.0,2.0,10.0,7.0,5.0,,1.0,,8.0,5.0,6.0,1.0,9.0,6.0,1.0,1.0,8.0,1.0,,,,9.0,,,10.0,1.0,8.0,10.0,8.0,2.0,,1.0,1.0,1.0,7.0,1.0,10.0,10.0,7.0,,,10.0,1.0,7,10.0,10,1
2008-11-11,83592,,11,2,3841.0,00767T10,ASB,ADVANSOURCE BIOMATERIALS CORP,ASB,339112.0,A,A,R,31655,2,3841.0,,,,38.0,384.0,,,,,,,0.35,-0.222222,21067.0,1.0,0.45,7373.45,ASB,10.0,9.0,7.0,9.0,9.0,10,10.0,10.0,2.0,2.0,10.0,7.0,5.0,,1.0,,8.0,5.0,6.0,1.0,9.0,6.0,1.0,1.0,8.0,1.0,,,,9.0,,,10.0,1.0,8.0,10.0,8.0,2.0,,1.0,1.0,1.0,7.0,1.0,10.0,10.0,7.0,,,10.0,1.0,7,10.0,10,1
2008-11-12,83592,,11,2,3841.0,00767T10,ASB,ADVANSOURCE BIOMATERIALS CORP,ASB,339112.0,A,A,R,31655,2,3841.0,,,,38.0,384.0,,,,,,,0.41,0.171429,21067.0,1.0,0.41,8637.47,ASB,10.0,9.0,7.0,9.0,9.0,10,10.0,10.0,2.0,2.0,10.0,7.0,5.0,,1.0,,8.0,5.0,6.0,1.0,9.0,6.0,1.0,1.0,8.0,1.0,,,,9.0,,,10.0,1.0,8.0,10.0,8.0,2.0,,1.0,1.0,1.0,7.0,1.0,10.0,10.0,7.0,,,10.0,1.0,7,10.0,10,1
2008-11-13,83592,,11,2,3841.0,00767T10,ASB,ADVANSOURCE BIOMATERIALS CORP,ASB,339112.0,A,A,R,31655,2,3841.0,,,,38.0,384.0,,,,,,,0.4,-0.02439,21067.0,1.0,0.42,8426.8,ASB,10.0,9.0,7.0,9.0,9.0,10,10.0,10.0,2.0,2.0,10.0,7.0,5.0,,1.0,,8.0,5.0,6.0,1.0,9.0,6.0,1.0,1.0,8.0,1.0,,,,9.0,,,10.0,1.0,8.0,10.0,8.0,2.0,,1.0,1.0,1.0,7.0,1.0,10.0,10.0,7.0,,,10.0,1.0,7,10.0,10,1
2008-11-14,83592,,11,2,3841.0,00767T10,ASB,ADVANSOURCE BIOMATERIALS CORP,ASB,339112.0,A,A,R,31655,2,3841.0,,,,38.0,384.0,,,,,,,0.4199,0.04975,21067.0,1.0,0.41,8846.0333,ASB,10.0,9.0,7.0,9.0,9.0,10,10.0,10.0,2.0,2.0,10.0,7.0,5.0,,1.0,,8.0,5.0,6.0,1.0,9.0,6.0,1.0,1.0,8.0,1.0,,,,9.0,,,10.0,1.0,8.0,10.0,8.0,2.0,,1.0,1.0,1.0,7.0,1.0,10.0,10.0,7.0,,,10.0,1.0,7,10.0,10,1
2008-11-17,83592,,11,2,3841.0,00767T10,ASB,ADVANSOURCE BIOMATERIALS CORP,ASB,339112.0,A,A,R,31655,2,3841.0,,,,38.0,384.0,,,,,,,0.41,-0.023577,21067.0,1.0,0.44,8637.47,ASB,10.0,9.0,7.0,9.0,9.0,10,10.0,10.0,2.0,2.0,10.0,7.0,5.0,,1.0,,8.0,5.0,6.0,1.0,9.0,6.0,1.0,1.0,8.0,1.0,,,,9.0,,,10.0,1.0,8.0,10.0,8.0,2.0,,1.0,1.0,1.0,7.0,1.0,10.0,10.0,7.0,,,10.0,1.0,7,10.0,10,1
2008-11-18,83592,,11,2,3841.0,00767T10,ASB,ADVANSOURCE BIOMATERIALS CORP,ASB,339112.0,A,A,R,31655,2,3841.0,,,,38.0,384.0,,,,,,,0.34,-0.170732,21067.0,1.0,0.41,7162.78,ASB,10.0,9.0,7.0,9.0,9.0,10,10.0,10.0,2.0,2.0,10.0,7.0,5.0,,1.0,,8.0,5.0,6.0,1.0,9.0,6.0,1.0,1.0,8.0,1.0,,,,9.0,,,10.0,1.0,8.0,10.0,8.0,2.0,,1.0,1.0,1.0,7.0,1.0,10.0,10.0,7.0,,,10.0,1.0,7,10.0,10,1
2008-11-19,83592,,11,2,3841.0,00767T10,ASB,ADVANSOURCE BIOMATERIALS CORP,ASB,339112.0,A,A,R,31655,2,3841.0,,,,38.0,384.0,,,,,,,0.31,-0.088235,21067.0,1.0,0.4,6530.77,ASB,10.0,9.0,7.0,9.0,9.0,10,10.0,10.0,2.0,2.0,10.0,7.0,5.0,,1.0,,8.0,5.0,6.0,1.0,9.0,6.0,1.0,1.0,8.0,1.0,,,,9.0,,,10.0,1.0,8.0,10.0,8.0,2.0,,1.0,1.0,1.0,7.0,1.0,10.0,10.0,7.0,,,10.0,1.0,7,10.0,10,1
2008-11-20,83592,,11,2,3841.0,00767T10,ASB,ADVANSOURCE BIOMATERIALS CORP,ASB,339112.0,A,A,R,31655,2,3841.0,,,,38.0,384.0,,,,,,,0.3,-0.032258,21067.0,1.0,0.3,6320.1,ASB,10.0,9.0,7.0,9.0,9.0,10,10.0,10.0,2.0,2.0,10.0,7.0,5.0,,1.0,,8.0,5.0,6.0,1.0,9.0,6.0,1.0,1.0,8.0,1.0,,,,9.0,,,10.0,1.0,8.0,10.0,8.0,2.0,,1.0,1.0,1.0,7.0,1.0,10.0,10.0,7.0,,,10.0,1.0,7,10.0,10,1
2008-11-21,83592,,11,2,3841.0,00767T10,ASB,ADVANSOURCE BIOMATERIALS CORP,ASB,339112.0,A,A,R,31655,2,3841.0,,,,38.0,384.0,,,,,,,0.24,-0.2,21067.0,1.0,0.31,5056.08,ASB,10.0,9.0,7.0,9.0,9.0,10,10.0,10.0,2.0,2.0,10.0,7.0,5.0,,1.0,,8.0,5.0,6.0,1.0,9.0,6.0,1.0,1.0,8.0,1.0,,,,9.0,,,10.0,1.0,8.0,10.0,8.0,2.0,,1.0,1.0,1.0,7.0,1.0,10.0,10.0,7.0,,,10.0,1.0,7,10.0,10,1
2008-11-24,83592,,11,2,3841.0,00767T10,ASB,ADVANSOURCE BIOMATERIALS CORP,ASB,339112.0,A,A,R,31655,2,3841.0,,,,38.0,384.0,,,,,,,0.3,0.25,21067.0,1.0,0.22,6320.1,ASB,10.0,9.0,7.0,9.0,9.0,10,10.0,10.0,2.0,2.0,10.0,7.0,5.0,,1.0,,8.0,5.0,6.0,1.0,9.0,6.0,1.0,1.0,8.0,1.0,,,,9.0,,,10.0,1.0,8.0,10.0,8.0,2.0,,1.0,1.0,1.0,7.0,1.0,10.0,10.0,7.0,,,10.0,1.0,7,10.0,10,1
2008-11-25,83592,,11,2,3841.0,00767T10,ASB,ADVANSOURCE BIOMATERIALS CORP,ASB,339112.0,A,A,R,31655,2,3841.0,,,,38.0,384.0,,,,,,,0.36,0.2,21067.0,1.0,0.34,7584.12,ASB,10.0,9.0,7.0,9.0,9.0,10,10.0,10.0,2.0,2.0,10.0,7.0,5.0,,1.0,,8.0,5.0,6.0,1.0,9.0,6.0,1.0,1.0,8.0,1.0,,,,9.0,,,10.0,1.0,8.0,10.0,8.0,2.0,,1.0,1.0,1.0,7.0,1.0,10.0,10.0,7.0,,,10.0,1.0,7,10.0,10,1
2008-11-26,83592,,11,2,3841.0,00767T10,ASB,ADVANSOURCE BIOMATERIALS CORP,ASB,339112.0,A,A,R,31655,2,3841.0,,,,38.0,384.0,,,,,,,0.3001,-0.166389,21067.0,1.0,0.3348,6322.2067,ASB,10.0,9.0,7.0,9.0,9.0,10,10.0,10.0,2.0,2.0,10.0,7.0,5.0,,1.0,,8.0,5.0,6.0,1.0,9.0,6.0,1.0,1.0,8.0,1.0,,,,9.0,,,10.0,1.0,8.0,10.0,8.0,2.0,,1.0,1.0,1.0,7.0,1.0,10.0,10.0,7.0,,,10.0,1.0,7,10.0,10,1
2008-11-28,83592,,11,2,3841.0,00767T10,ASB,ADVANSOURCE BIOMATERIALS CORP,ASB,339112.0,A,A,R,31655,2,3841.0,,,,38.0,384.0,,,,,,,0.2834,-0.055648,21126.0,1.0,0.28,5987.1084,ASB,10.0,9.0,7.0,9.0,9.0,10,10.0,10.0,2.0,2.0,10.0,7.0,5.0,,1.0,,8.0,5.0,6.0,1.0,9.0,6.0,1.0,1.0,8.0,1.0,,,,9.0,,,10.0,1.0,8.0,10.0,8.0,2.0,,1.0,1.0,1.0,7.0,1.0,10.0,10.0,7.0,,,10.0,1.0,7,10.0,10,1
2008-12-01,83592,,11,2,3841.0,00767T10,ASB,ADVANSOURCE BIOMATERIALS CORP,ASB,339112.0,A,A,R,31655,2,3841.0,,,,38.0,384.0,,,,,,,0.3,0.058574,21126.0,1.0,0.3001,6337.8,ASB,10.0,9.0,7.0,9.0,9.0,10,10.0,10.0,2.0,2.0,10.0,7.0,5.0,,1.0,,8.0,5.0,6.0,1.0,9.0,6.0,1.0,1.0,8.0,1.0,,,,7.0,,,10.0,2.0,8.0,10.0,8.0,5.0,,1.0,1.0,1.0,5.0,1.0,10.0,1.0,2.0,,,1.0,1.0,7,10.0,10,1
2008-12-02,83592,,11,2,3841.0,00767T10,ASB,ADVANSOURCE BIOMATERIALS CORP,ASB,339112.0,A,A,R,31655,2,3841.0,,,,38.0,384.0,,,,,,,0.3,0.0,21126.0,1.0,0.31,6337.8,ASB,10.0,9.0,7.0,9.0,9.0,10,10.0,10.0,2.0,2.0,10.0,7.0,5.0,,1.0,,8.0,5.0,6.0,1.0,9.0,6.0,1.0,1.0,8.0,1.0,,,,7.0,,,10.0,2.0,8.0,10.0,8.0,5.0,,1.0,1.0,1.0,5.0,1.0,10.0,1.0,2.0,,,1.0,1.0,7,10.0,10,1
2008-12-03,83592,,11,2,3841.0,00767T10,ASB,ADVANSOURCE BIOMATERIALS CORP,ASB,339112.0,A,A,R,31655,2,3841.0,,,,38.0,384.0,,,,,,,0.31,0.033333,21126.0,1.0,0.29,6549.06,ASB,10.0,9.0,7.0,9.0,9.0,10,10.0,10.0,2.0,2.0,10.0,7.0,5.0,,1.0,,8.0,5.0,6.0,1.0,9.0,6.0,1.0,1.0,8.0,1.0,,,,7.0,,,10.0,2.0,8.0,10.0,8.0,5.0,,1.0,1.0,1.0,5.0,1.0,10.0,1.0,2.0,,,1.0,1.0,7,10.0,10,1
2008-12-04,83592,,11,2,3841.0,00767T10,ASB,ADVANSOURCE BIOMATERIALS CORP,ASB,339112.0,A,A,R,31655,2,3841.0,,,,38.0,384.0,,,,,,,0.3,-0.032258,21126.0,1.0,0.34,6337.8,ASB,10.0,9.0,7.0,9.0,9.0,10,10.0,10.0,2.0,2.0,10.0,7.0,5.0,,1.0,,8.0,5.0,6.0,1.0,9.0,6.0,1.0,1.0,8.0,1.0,,,,7.0,,,10.0,2.0,8.0,10.0,8.0,5.0,,1.0,1.0,1.0,5.0,1.0,10.0,1.0,2.0,,,1.0,1.0,7,10.0,10,1
2008-12-05,83592,,11,2,3841.0,00767T10,ASB,ADVANSOURCE BIOMATERIALS CORP,ASB,339112.0,A,A,R,31655,2,3841.0,,,,38.0,384.0,,,,,,,0.31,0.033333,21126.0,1.0,0.31,6549.06,ASB,10.0,9.0,7.0,9.0,9.0,10,10.0,10.0,2.0,2.0,10.0,7.0,5.0,,1.0,,8.0,5.0,6.0,1.0,9.0,6.0,1.0,1.0,8.0,1.0,,,,7.0,,,10.0,2.0,8.0,10.0,8.0,5.0,,1.0,1.0,1.0,5.0,1.0,10.0,1.0,2.0,,,1.0,1.0,7,10.0,10,1
2008-12-08,83592,,11,2,3841.0,00767T10,ASB,ADVANSOURCE BIOMATERIALS CORP,ASB,339112.0,A,A,R,31655,2,3841.0,,,,38.0,384.0,,,,,,,0.33,0.064516,21126.0,1.0,0.28,6971.58,ASB,10.0,9.0,7.0,9.0,9.0,10,10.0,10.0,2.0,2.0,10.0,7.0,5.0,,1.0,,8.0,5.0,6.0,1.0,9.0,6.0,1.0,1.0,8.0,1.0,,,,7.0,,,10.0,2.0,8.0,10.0,8.0,5.0,,1.0,1.0,1.0,5.0,1.0,10.0,1.0,2.0,,,1.0,1.0,7,10.0,10,1
2008-12-09,83592,,11,2,3841.0,00767T10,ASB,ADVANSOURCE BIOMATERIALS CORP,ASB,339112.0,A,A,R,31655,2,3841.0,,,,38.0,384.0,,,,,,,0.3,-0.090909,21126.0,1.0,0.33,6337.8,ASB,10.0,9.0,7.0,9.0,9.0,10,10.0,10.0,2.0,2.0,10.0,7.0,5.0,,1.0,,8.0,5.0,6.0,1.0,9.0,6.0,1.0,1.0,8.0,1.0,,,,7.0,,,10.0,2.0,8.0,10.0,8.0,5.0,,1.0,1.0,1.0,5.0,1.0,10.0,1.0,2.0,,,1.0,1.0,7,10.0,10,1
2008-12-10,83592,,11,2,3841.0,00767T10,ASB,ADVANSOURCE BIOMATERIALS CORP,ASB,339112.0,A,A,R,31655,2,3841.0,,,,38.0,384.0,,,,,,,0.28,-0.066667,21126.0,1.0,0.32,5915.28,ASB,10.0,9.0,7.0,9.0,9.0,10,10.0,10.0,2.0,2.0,10.0,7.0,5.0,,1.0,,8.0,5.0,6.0,1.0,9.0,6.0,1.0,1.0,8.0,1.0,,,,7.0,,,10.0,2.0,8.0,10.0,8.0,5.0,,1.0,1.0,1.0,5.0,1.0,10.0,1.0,2.0,,,1.0,1.0,7,10.0,10,1
2008-12-11,83592,,11,2,3841.0,00767T10,ASB,ADVANSOURCE BIOMATERIALS CORP,ASB,339112.0,A,A,R,31655,2,3841.0,,,,38.0,384.0,,,,,,,0.3,0.071429,21126.0,1.0,0.28,6337.8,ASB,10.0,9.0,7.0,9.0,9.0,10,10.0,10.0,2.0,2.0,10.0,7.0,5.0,,1.0,,8.0,5.0,6.0,1.0,9.0,6.0,1.0,1.0,8.0,1.0,,,,7.0,,,10.0,2.0,8.0,10.0,8.0,5.0,,1.0,1.0,1.0,5.0,1.0,10.0,1.0,2.0,,,1.0,1.0,7,10.0,10,1
2008-12-12,83592,,11,2,3841.0,00767T10,ASB,ADVANSOURCE BIOMATERIALS CORP,ASB,339112.0,A,A,R,31655,2,3841.0,,,,38.0,384.0,,,,,,,0.23,-0.233333,21126.0,1.0,0.29,4858.98,ASB,10.0,9.0,7.0,9.0,9.0,10,10.0,10.0,2.0,2.0,10.0,7.0,5.0,,1.0,,8.0,5.0,6.0,1.0,9.0,6.0,1.0,1.0,8.0,1.0,,,,7.0,,,10.0,2.0,8.0,10.0,8.0,5.0,,1.0,1.0,1.0,5.0,1.0,10.0,1.0,2.0,,,1.0,1.0,7,10.0,10,1
2008-12-15,83592,,11,2,3841.0,00767T10,ASB,ADVANSOURCE BIOMATERIALS CORP,ASB,339112.0,A,A,R,31655,2,3841.0,,,,38.0,384.0,,,,,,,0.24,0.043478,21126.0,1.0,0.21,5070.24,ASB,10.0,9.0,7.0,9.0,9.0,10,10.0,10.0,2.0,2.0,10.0,7.0,5.0,,1.0,,8.0,5.0,6.0,1.0,9.0,6.0,1.0,1.0,8.0,1.0,,,,7.0,,,10.0,2.0,8.0,10.0,8.0,5.0,,1.0,1.0,1.0,5.0,1.0,10.0,1.0,2.0,,,1.0,1.0,7,10.0,10,1
2008-12-16,83592,,11,2,3841.0,00767T10,ASB,ADVANSOURCE BIOMATERIALS CORP,ASB,339112.0,A,A,R,31655,2,3841.0,,,,38.0,384.0,,,,,,,0.28,0.166667,21126.0,1.0,0.23,5915.28,ASB,10.0,9.0,7.0,9.0,9.0,10,10.0,10.0,2.0,2.0,10.0,7.0,5.0,,1.0,,8.0,5.0,6.0,1.0,9.0,6.0,1.0,1.0,8.0,1.0,,,,7.0,,,10.0,2.0,8.0,10.0,8.0,5.0,,1.0,1.0,1.0,5.0,1.0,10.0,1.0,2.0,,,1.0,1.0,7,10.0,10,1
2008-12-17,83592,,11,2,3841.0,00767T10,ASB,ADVANSOURCE BIOMATERIALS CORP,ASB,339112.0,A,A,R,31655,2,3841.0,,,,38.0,384.0,,,,,,,0.29,0.035714,21126.0,1.0,0.26,6126.54,ASB,10.0,9.0,7.0,9.0,9.0,10,10.0,10.0,2.0,2.0,10.0,7.0,5.0,,1.0,,8.0,5.0,6.0,1.0,9.0,6.0,1.0,1.0,8.0,1.0,,,,7.0,,,10.0,2.0,8.0,10.0,8.0,5.0,,1.0,1.0,1.0,5.0,1.0,10.0,1.0,2.0,,,1.0,1.0,7,10.0,10,1
2008-12-18,83592,,11,2,3841.0,00767T10,ASB,ADVANSOURCE BIOMATERIALS CORP,ASB,339112.0,A,A,R,31655,2,3841.0,,,,38.0,384.0,,,,,,,0.26,-0.103448,21126.0,1.0,0.27,5492.76,ASB,10.0,9.0,7.0,9.0,9.0,10,10.0,10.0,2.0,2.0,10.0,7.0,5.0,,1.0,,8.0,5.0,6.0,1.0,9.0,6.0,1.0,1.0,8.0,1.0,,,,7.0,,,10.0,2.0,8.0,10.0,8.0,5.0,,1.0,1.0,1.0,5.0,1.0,10.0,1.0,2.0,,,1.0,1.0,7,10.0,10,1
2008-12-19,83592,,11,2,3841.0,00767T10,ASB,ADVANSOURCE BIOMATERIALS CORP,ASB,339112.0,A,A,R,31655,2,3841.0,,,,38.0,384.0,,,,,,,0.24,-0.076923,21126.0,1.0,0.25,5070.24,ASB,10.0,9.0,7.0,9.0,9.0,10,10.0,10.0,2.0,2.0,10.0,7.0,5.0,,1.0,,8.0,5.0,6.0,1.0,9.0,6.0,1.0,1.0,8.0,1.0,,,,7.0,,,10.0,2.0,8.0,10.0,8.0,5.0,,1.0,1.0,1.0,5.0,1.0,10.0,1.0,2.0,,,1.0,1.0,7,10.0,10,1
2008-12-22,83592,,11,2,3841.0,00767T10,ASB,ADVANSOURCE BIOMATERIALS CORP,ASB,339112.0,A,A,R,31655,2,3841.0,,,,38.0,384.0,,,,,,,0.26,0.083333,21126.0,1.0,0.24,5492.76,ASB,10.0,9.0,7.0,9.0,9.0,10,10.0,10.0,2.0,2.0,10.0,7.0,5.0,,1.0,,8.0,5.0,6.0,1.0,9.0,6.0,1.0,1.0,8.0,1.0,,,,7.0,,,10.0,2.0,8.0,10.0,8.0,5.0,,1.0,1.0,1.0,5.0,1.0,10.0,1.0,2.0,,,1.0,1.0,7,10.0,10,1
2008-12-23,83592,,11,2,3841.0,00767T10,ASB,ADVANSOURCE BIOMATERIALS CORP,ASB,339112.0,A,A,R,31655,2,3841.0,,,,38.0,384.0,,,,,,,0.24,-0.076923,21126.0,1.0,0.24,5070.24,ASB,10.0,9.0,7.0,9.0,9.0,10,10.0,10.0,2.0,2.0,10.0,7.0,5.0,,1.0,,8.0,5.0,6.0,1.0,9.0,6.0,1.0,1.0,8.0,1.0,,,,7.0,,,10.0,2.0,8.0,10.0,8.0,5.0,,1.0,1.0,1.0,5.0,1.0,10.0,1.0,2.0,,,1.0,1.0,7,10.0,10,1
2008-12-24,83592,,11,2,3841.0,00767T10,ASB,ADVANSOURCE BIOMATERIALS CORP,ASB,339112.0,A,A,R,31655,2,3841.0,,,,38.0,384.0,,,,,,,0.23,-0.041667,21126.0,1.0,0.24,4858.98,ASB,10.0,9.0,7.0,9.0,9.0,10,10.0,10.0,2.0,2.0,10.0,7.0,5.0,,1.0,,8.0,5.0,6.0,1.0,9.0,6.0,1.0,1.0,8.0,1.0,,,,7.0,,,10.0,2.0,8.0,10.0,8.0,5.0,,1.0,1.0,1.0,5.0,1.0,10.0,1.0,2.0,,,1.0,1.0,7,10.0,10,1
2008-12-26,83592,,11,2,3841.0,00767T10,ASB,ADVANSOURCE BIOMATERIALS CORP,ASB,339112.0,A,A,R,31655,2,3841.0,,,,38.0,384.0,,,,,,,0.23,0.0,21126.0,1.0,0.23,4858.98,ASB,10.0,9.0,7.0,9.0,9.0,10,10.0,10.0,2.0,2.0,10.0,7.0,5.0,,1.0,,8.0,5.0,6.0,1.0,9.0,6.0,1.0,1.0,8.0,1.0,,,,7.0,,,10.0,2.0,8.0,10.0,8.0,5.0,,1.0,1.0,1.0,5.0,1.0,10.0,1.0,2.0,,,1.0,1.0,7,10.0,10,1
2008-12-29,83592,,11,2,3841.0,00767T10,ASB,ADVANSOURCE BIOMATERIALS CORP,ASB,339112.0,A,A,R,31655,2,3841.0,,,,38.0,384.0,,,,,,,0.27,0.173913,21126.0,1.0,0.21,5704.02,ASB,10.0,9.0,7.0,9.0,9.0,10,10.0,10.0,2.0,2.0,10.0,7.0,5.0,,1.0,,8.0,5.0,6.0,1.0,9.0,6.0,1.0,1.0,8.0,1.0,,,,7.0,,,10.0,2.0,8.0,10.0,8.0,5.0,,1.0,1.0,1.0,5.0,1.0,10.0,1.0,2.0,,,1.0,1.0,7,10.0,10,1
2008-12-30,83592,,11,2,3841.0,00767T10,ASB,ADVANSOURCE BIOMATERIALS CORP,ASB,339112.0,A,A,R,31655,2,3841.0,,,,38.0,384.0,,,,,,,0.287,0.062963,21126.0,1.0,0.24,6063.162,ASB,10.0,9.0,7.0,9.0,9.0,10,10.0,10.0,2.0,2.0,10.0,7.0,5.0,,1.0,,8.0,5.0,6.0,1.0,9.0,6.0,1.0,1.0,8.0,1.0,,,,7.0,,,10.0,2.0,8.0,10.0,8.0,5.0,,1.0,1.0,1.0,5.0,1.0,10.0,1.0,2.0,,,1.0,1.0,7,10.0,10,1
2008-12-31,83592,,11,2,3841.0,00767T10,ASB,ADVANSOURCE BIOMATERIALS CORP,ASB,339112.0,A,A,R,31655,2,3841.0,,,,38.0,384.0,,,,,,,0.25,-0.12892,21126.0,1.0,0.26,5281.5,ASB,10.0,9.0,7.0,9.0,9.0,10,10.0,10.0,2.0,2.0,10.0,7.0,5.0,,1.0,,8.0,5.0,6.0,1.0,9.0,6.0,1.0,1.0,8.0,1.0,,,,7.0,,,10.0,2.0,8.0,10.0,8.0,5.0,,1.0,1.0,1.0,5.0,1.0,10.0,1.0,2.0,,,1.0,1.0,7,10.0,10,1
2009-01-02,83592,,11,2,3841.0,00767T10,ASB,ADVANSOURCE BIOMATERIALS CORP,ASB,339112.0,A,A,R,31655,2,3841.0,,,,38.0,384.0,,,,,,,0.3,0.2,21126.0,1.0,0.27,6337.8,ASB,10.0,9.0,7.0,9.0,9.0,10,10.0,10.0,2.0,2.0,10.0,7.0,5.0,,1.0,,8.0,5.0,6.0,1.0,9.0,6.0,1.0,1.0,8.0,1.0,,,,5.0,,,10.0,4.0,9.0,10.0,8.0,5.0,,2.0,1.0,1.0,9.0,1.0,10.0,10.0,10.0,,,3.0,1.0,7,10.0,10,1
2009-01-05,83592,,11,2,3841.0,00767T10,ASB,ADVANSOURCE BIOMATERIALS CORP,ASB,339112.0,A,A,R,31655,2,3841.0,,,,38.0,384.0,,,,,,,0.31,0.033333,21126.0,1.0,0.3,6549.06,ASB,10.0,9.0,7.0,9.0,9.0,10,10.0,10.0,2.0,2.0,10.0,7.0,5.0,,1.0,,8.0,5.0,6.0,1.0,9.0,6.0,1.0,1.0,8.0,1.0,,,,5.0,,,10.0,4.0,9.0,10.0,8.0,5.0,,2.0,1.0,1.0,9.0,1.0,10.0,10.0,10.0,,,3.0,1.0,7,10.0,10,1
2009-01-06,83592,,11,2,3841.0,00767T10,ASB,ADVANSOURCE BIOMATERIALS CORP,ASB,339112.0,A,A,R,31655,2,3841.0,,,,38.0,384.0,,,,,,,-0.305,-0.016129,21126.0,1.0,,-6443.43,ASB,10.0,9.0,7.0,9.0,9.0,10,10.0,10.0,2.0,2.0,10.0,7.0,5.0,,1.0,,8.0,5.0,6.0,1.0,9.0,6.0,1.0,1.0,8.0,1.0,,,,5.0,,,10.0,4.0,9.0,10.0,8.0,5.0,,2.0,1.0,1.0,9.0,1.0,10.0,10.0,10.0,,,3.0,1.0,7,10.0,10,1
2009-01-07,83592,,11,2,3841.0,00767T10,ASB,ADVANSOURCE BIOMATERIALS CORP,ASB,339112.0,A,A,R,31655,2,3841.0,,,,38.0,384.0,,,,,,,0.35,0.147541,21126.0,1.0,0.32,7394.1,ASB,10.0,9.0,7.0,9.0,9.0,10,10.0,10.0,2.0,2.0,10.0,7.0,5.0,,1.0,,8.0,5.0,6.0,1.0,9.0,6.0,1.0,1.0,8.0,1.0,,,,5.0,,,10.0,4.0,9.0,10.0,8.0,5.0,,2.0,1.0,1.0,9.0,1.0,10.0,10.0,10.0,,,3.0,1.0,7,10.0,10,1
2009-01-08,83592,,11,2,3841.0,00767T10,ASB,ADVANSOURCE BIOMATERIALS CORP,ASB,339112.0,A,A,R,31655,2,3841.0,,,,38.0,384.0,,,,,,,0.36,0.028571,21126.0,1.0,0.35,7605.36,ASB,10.0,9.0,7.0,9.0,9.0,10,10.0,10.0,2.0,2.0,10.0,7.0,5.0,,1.0,,8.0,5.0,6.0,1.0,9.0,6.0,1.0,1.0,8.0,1.0,,,,5.0,,,10.0,4.0,9.0,10.0,8.0,5.0,,2.0,1.0,1.0,9.0,1.0,10.0,10.0,10.0,,,3.0,1.0,7,10.0,10,1
2009-01-09,83592,,11,2,3841.0,00767T10,ASB,ADVANSOURCE BIOMATERIALS CORP,ASB,339112.0,A,A,R,31655,2,3841.0,,,,38.0,384.0,,,,,,,0.36,0.0,21126.0,1.0,0.33,7605.36,ASB,10.0,9.0,7.0,9.0,9.0,10,10.0,10.0,2.0,2.0,10.0,7.0,5.0,,1.0,,8.0,5.0,6.0,1.0,9.0,6.0,1.0,1.0,8.0,1.0,,,,5.0,,,10.0,4.0,9.0,10.0,8.0,5.0,,2.0,1.0,1.0,9.0,1.0,10.0,10.0,10.0,,,3.0,1.0,7,10.0,10,1
2009-01-12,83592,,11,2,3841.0,00767T10,ASB,ADVANSOURCE BIOMATERIALS CORP,ASB,339112.0,A,A,R,31655,2,3841.0,,,,38.0,384.0,,,,,,,0.4,0.111111,21126.0,1.0,0.36,8450.4,ASB,10.0,9.0,7.0,9.0,9.0,10,10.0,10.0,2.0,2.0,10.0,7.0,5.0,,1.0,,8.0,5.0,6.0,1.0,9.0,6.0,1.0,1.0,8.0,1.0,,,,5.0,,,10.0,4.0,9.0,10.0,8.0,5.0,,2.0,1.0,1.0,9.0,1.0,10.0,10.0,10.0,,,3.0,1.0,7,10.0,10,1
2009-01-13,83592,,11,2,3841.0,00767T10,ASB,ADVANSOURCE BIOMATERIALS CORP,ASB,339112.0,A,A,R,31655,2,3841.0,,,,38.0,384.0,,,,,,,0.4,0.0,21126.0,1.0,0.38,8450.4,ASB,10.0,9.0,7.0,9.0,9.0,10,10.0,10.0,2.0,2.0,10.0,7.0,5.0,,1.0,,8.0,5.0,6.0,1.0,9.0,6.0,1.0,1.0,8.0,1.0,,,,5.0,,,10.0,4.0,9.0,10.0,8.0,5.0,,2.0,1.0,1.0,9.0,1.0,10.0,10.0,10.0,,,3.0,1.0,7,10.0,10,1
2009-01-14,83592,,11,2,3841.0,00767T10,ASB,ADVANSOURCE BIOMATERIALS CORP,ASB,339112.0,A,A,R,31655,2,3841.0,,,,38.0,384.0,,,,,,,0.4,0.0,21126.0,1.0,0.38,8450.4,ASB,10.0,9.0,7.0,9.0,9.0,10,10.0,10.0,2.0,2.0,10.0,7.0,5.0,,1.0,,8.0,5.0,6.0,1.0,9.0,6.0,1.0,1.0,8.0,1.0,,,,5.0,,,10.0,4.0,9.0,10.0,8.0,5.0,,2.0,1.0,1.0,9.0,1.0,10.0,10.0,10.0,,,3.0,1.0,7,10.0,10,1
2009-01-15,83592,,11,2,3841.0,00767T10,ASB,ADVANSOURCE BIOMATERIALS CORP,ASB,339112.0,A,A,R,31655,2,3841.0,,,,38.0,384.0,,,,,,,0.38,-0.05,21126.0,1.0,0.38,8027.88,ASB,10.0,9.0,7.0,9.0,9.0,10,10.0,10.0,2.0,2.0,10.0,7.0,5.0,,1.0,,8.0,5.0,6.0,1.0,9.0,6.0,1.0,1.0,8.0,1.0,,,,5.0,,,10.0,4.0,9.0,10.0,8.0,5.0,,2.0,1.0,1.0,9.0,1.0,10.0,10.0,10.0,,,3.0,1.0,7,10.0,10,1
2009-01-16,83592,,11,2,3841.0,00767T10,ASB,ADVANSOURCE BIOMATERIALS CORP,ASB,339112.0,A,A,R,31655,2,3841.0,,,,38.0,384.0,,,,,,,0.39,0.026316,21126.0,1.0,0.4,8239.14,ASB,10.0,9.0,7.0,9.0,9.0,10,10.0,10.0,2.0,2.0,10.0,7.0,5.0,,1.0,,8.0,5.0,6.0,1.0,9.0,6.0,1.0,1.0,8.0,1.0,,,,5.0,,,10.0,4.0,9.0,10.0,8.0,5.0,,2.0,1.0,1.0,9.0,1.0,10.0,10.0,10.0,,,3.0,1.0,7,10.0,10,1
2009-01-20,83592,,11,2,3841.0,00767T10,ASB,ADVANSOURCE BIOMATERIALS CORP,ASB,339112.0,A,A,R,31655,2,3841.0,,,,38.0,384.0,,,,,,,0.39,0.0,21126.0,1.0,0.3657,8239.14,ASB,10.0,9.0,7.0,9.0,9.0,10,10.0,10.0,2.0,2.0,10.0,7.0,5.0,,1.0,,8.0,5.0,6.0,1.0,9.0,6.0,1.0,1.0,8.0,1.0,,,,5.0,,,10.0,4.0,9.0,10.0,8.0,5.0,,2.0,1.0,1.0,9.0,1.0,10.0,10.0,10.0,,,3.0,1.0,7,10.0,10,1
2009-01-21,83592,,11,2,3841.0,00767T10,ASB,ADVANSOURCE BIOMATERIALS CORP,ASB,339112.0,A,A,R,31655,2,3841.0,,,,38.0,384.0,,,,,,,0.4,0.025641,21126.0,1.0,0.37,8450.4,ASB,10.0,9.0,7.0,9.0,9.0,10,10.0,10.0,2.0,2.0,10.0,7.0,5.0,,1.0,,8.0,5.0,6.0,1.0,9.0,6.0,1.0,1.0,8.0,1.0,,,,5.0,,,10.0,4.0,9.0,10.0,8.0,5.0,,2.0,1.0,1.0,9.0,1.0,10.0,10.0,10.0,,,3.0,1.0,7,10.0,10,1
2009-01-22,83592,,11,2,3841.0,00767T10,ASB,ADVANSOURCE BIOMATERIALS CORP,ASB,339112.0,A,A,R,31655,2,3841.0,,,,38.0,384.0,,,,,,,0.39,-0.025,21126.0,1.0,0.39,8239.14,ASB,10.0,9.0,7.0,9.0,9.0,10,10.0,10.0,2.0,2.0,10.0,7.0,5.0,,1.0,,8.0,5.0,6.0,1.0,9.0,6.0,1.0,1.0,8.0,1.0,,,,5.0,,,10.0,4.0,9.0,10.0,8.0,5.0,,2.0,1.0,1.0,9.0,1.0,10.0,10.0,10.0,,,3.0,1.0,7,10.0,10,1
2009-01-23,83592,,11,2,3841.0,00767T10,ASB,ADVANSOURCE BIOMATERIALS CORP,ASB,339112.0,A,A,R,31655,2,3841.0,,,,38.0,384.0,,,,,,,0.33,-0.153846,21126.0,1.0,0.36,6971.58,ASB,10.0,9.0,7.0,9.0,9.0,10,10.0,10.0,2.0,2.0,10.0,7.0,5.0,,1.0,,8.0,5.0,6.0,1.0,9.0,6.0,1.0,1.0,8.0,1.0,,,,5.0,,,10.0,4.0,9.0,10.0,8.0,5.0,,2.0,1.0,1.0,9.0,1.0,10.0,10.0,10.0,,,3.0,1.0,7,10.0,10,1
2009-01-26,83592,,11,2,3841.0,00767T10,ASB,ADVANSOURCE BIOMATERIALS CORP,ASB,339112.0,A,A,R,31655,2,3841.0,,,,38.0,384.0,,,,,,,0.35,0.060606,21126.0,1.0,0.35,7394.1,ASB,10.0,9.0,7.0,9.0,9.0,10,10.0,10.0,2.0,2.0,10.0,7.0,5.0,,1.0,,8.0,5.0,6.0,1.0,9.0,6.0,1.0,1.0,8.0,1.0,,,,5.0,,,10.0,4.0,9.0,10.0,8.0,5.0,,2.0,1.0,1.0,9.0,1.0,10.0,10.0,10.0,,,3.0,1.0,7,10.0,10,1
2009-01-27,83592,,11,2,3841.0,00767T10,ASB,ADVANSOURCE BIOMATERIALS CORP,ASB,339112.0,A,A,R,31655,2,3841.0,,,,38.0,384.0,,,,,,,0.35,0.0,21126.0,1.0,0.34,7394.1,ASB,10.0,9.0,7.0,9.0,9.0,10,10.0,10.0,2.0,2.0,10.0,7.0,5.0,,1.0,,8.0,5.0,6.0,1.0,9.0,6.0,1.0,1.0,8.0,1.0,,,,5.0,,,10.0,4.0,9.0,10.0,8.0,5.0,,2.0,1.0,1.0,9.0,1.0,10.0,10.0,10.0,,,3.0,1.0,7,10.0,10,1
2009-01-28,83592,,11,2,3841.0,00767T10,ASB,ADVANSOURCE BIOMATERIALS CORP,ASB,339112.0,A,A,R,31655,2,3841.0,,,,38.0,384.0,,,,,,,0.3301,-0.056857,21126.0,1.0,0.35,6973.6926,ASB,10.0,9.0,7.0,9.0,9.0,10,10.0,10.0,2.0,2.0,10.0,7.0,5.0,,1.0,,8.0,5.0,6.0,1.0,9.0,6.0,1.0,1.0,8.0,1.0,,,,5.0,,,10.0,4.0,9.0,10.0,8.0,5.0,,2.0,1.0,1.0,9.0,1.0,10.0,10.0,10.0,,,3.0,1.0,7,10.0,10,1
2009-01-29,83592,,11,2,3841.0,00767T10,ASB,ADVANSOURCE BIOMATERIALS CORP,ASB,339112.0,A,A,R,31655,2,3841.0,,,,38.0,384.0,,,,,,,0.34,0.029991,21126.0,1.0,0.3301,7182.84,ASB,10.0,9.0,7.0,9.0,9.0,10,10.0,10.0,2.0,2.0,10.0,7.0,5.0,,1.0,,8.0,5.0,6.0,1.0,9.0,6.0,1.0,1.0,8.0,1.0,,,,5.0,,,10.0,4.0,9.0,10.0,8.0,5.0,,2.0,1.0,1.0,9.0,1.0,10.0,10.0,10.0,,,3.0,1.0,7,10.0,10,1
2009-01-30,83592,,11,2,3841.0,00767T10,ASB,ADVANSOURCE BIOMATERIALS CORP,ASB,339112.0,A,A,R,31655,2,3841.0,,,,38.0,384.0,,,,,,,0.32,-0.058824,21126.0,1.0,0.335,6760.32,ASB,10.0,9.0,7.0,9.0,9.0,10,10.0,10.0,2.0,2.0,10.0,7.0,5.0,,1.0,,8.0,5.0,6.0,1.0,9.0,6.0,1.0,1.0,8.0,1.0,,,,5.0,,,10.0,4.0,9.0,10.0,8.0,5.0,,2.0,1.0,1.0,9.0,1.0,10.0,10.0,10.0,,,3.0,1.0,7,10.0,10,1
2009-02-02,83592,,11,2,3841.0,00767T10,ASB,ADVANSOURCE BIOMATERIALS CORP,ASB,339112.0,A,A,R,31655,2,3841.0,,,,38.0,384.0,,,,,,,0.35,0.09375,21126.0,1.0,0.31,7394.1,ASB,10.0,9.0,7.0,9.0,9.0,10,10.0,10.0,2.0,2.0,10.0,7.0,5.0,,1.0,,8.0,5.0,6.0,1.0,9.0,6.0,1.0,1.0,8.0,1.0,,,,7.0,,,10.0,1.0,10.0,10.0,7.0,5.0,,2.0,2.0,1.0,1.0,1.0,10.0,1.0,1.0,,,1.0,1.0,7,10.0,10,1
2009-02-03,83592,,11,2,3841.0,00767T10,ASB,ADVANSOURCE BIOMATERIALS CORP,ASB,339112.0,A,A,R,31655,2,3841.0,,,,38.0,384.0,,,,,,,-0.335,-0.042857,21126.0,1.0,,-7077.21,ASB,10.0,9.0,7.0,9.0,9.0,10,10.0,10.0,2.0,2.0,10.0,7.0,5.0,,1.0,,8.0,5.0,6.0,1.0,9.0,6.0,1.0,1.0,8.0,1.0,,,,7.0,,,10.0,1.0,10.0,10.0,7.0,5.0,,2.0,2.0,1.0,1.0,1.0,10.0,1.0,1.0,,,1.0,1.0,7,10.0,10,1
2009-02-04,83592,,11,2,3841.0,00767T10,ASB,ADVANSOURCE BIOMATERIALS CORP,ASB,339112.0,A,A,R,31655,2,3841.0,,,,38.0,384.0,,,,,,,0.35,0.044776,21126.0,1.0,0.35,7394.1,ASB,10.0,9.0,7.0,9.0,9.0,10,10.0,10.0,2.0,2.0,10.0,7.0,5.0,,1.0,,8.0,5.0,6.0,1.0,9.0,6.0,1.0,1.0,8.0,1.0,,,,7.0,,,10.0,1.0,10.0,10.0,7.0,5.0,,2.0,2.0,1.0,1.0,1.0,10.0,1.0,1.0,,,1.0,1.0,7,10.0,10,1
2009-02-05,83592,,11,2,3841.0,00767T10,ASB,ADVANSOURCE BIOMATERIALS CORP,ASB,339112.0,A,A,R,31655,2,3841.0,,,,38.0,384.0,,,,,,,-0.34,-0.028571,21126.0,1.0,,-7182.84,ASB,10.0,9.0,7.0,9.0,9.0,10,10.0,10.0,2.0,2.0,10.0,7.0,5.0,,1.0,,8.0,5.0,6.0,1.0,9.0,6.0,1.0,1.0,8.0,1.0,,,,7.0,,,10.0,1.0,10.0,10.0,7.0,5.0,,2.0,2.0,1.0,1.0,1.0,10.0,1.0,1.0,,,1.0,1.0,7,10.0,10,1
2009-02-06,83592,,11,2,3841.0,00767T10,ASB,ADVANSOURCE BIOMATERIALS CORP,ASB,339112.0,A,A,R,31655,2,3841.0,,,,38.0,384.0,,,,,,,0.34,0.0,21126.0,1.0,0.35,7182.84,ASB,10.0,9.0,7.0,9.0,9.0,10,10.0,10.0,2.0,2.0,10.0,7.0,5.0,,1.0,,8.0,5.0,6.0,1.0,9.0,6.0,1.0,1.0,8.0,1.0,,,,7.0,,,10.0,1.0,10.0,10.0,7.0,5.0,,2.0,2.0,1.0,1.0,1.0,10.0,1.0,1.0,,,1.0,1.0,7,10.0,10,1
2009-02-09,83592,,11,2,3841.0,00767T10,ASB,ADVANSOURCE BIOMATERIALS CORP,ASB,339112.0,A,A,R,31655,2,3841.0,,,,38.0,384.0,,,,,,,0.33,-0.029412,21126.0,1.0,0.32,6971.58,ASB,10.0,9.0,7.0,9.0,9.0,10,10.0,10.0,2.0,2.0,10.0,7.0,5.0,,1.0,,8.0,5.0,6.0,1.0,9.0,6.0,1.0,1.0,8.0,1.0,,,,7.0,,,10.0,1.0,10.0,10.0,7.0,5.0,,2.0,2.0,1.0,1.0,1.0,10.0,1.0,1.0,,,1.0,1.0,7,10.0,10,1
2009-02-10,83592,,11,2,3841.0,00767T10,ASB,ADVANSOURCE BIOMATERIALS CORP,ASB,339112.0,A,A,R,31655,2,3841.0,,,,38.0,384.0,,,,,,,0.34,0.030303,21126.0,1.0,0.32,7182.84,ASB,10.0,9.0,7.0,9.0,9.0,10,10.0,10.0,2.0,2.0,10.0,7.0,5.0,,1.0,,8.0,5.0,6.0,1.0,9.0,6.0,1.0,1.0,8.0,1.0,,,,7.0,,,10.0,1.0,10.0,10.0,7.0,5.0,,2.0,2.0,1.0,1.0,1.0,10.0,1.0,1.0,,,1.0,1.0,7,10.0,10,1
2009-02-11,83592,,11,2,3841.0,00767T10,ASB,ADVANSOURCE BIOMATERIALS CORP,ASB,339112.0,A,A,R,31655,2,3841.0,,,,38.0,384.0,,,,,,,0.32,-0.058824,21126.0,1.0,0.3201,6760.32,ASB,10.0,9.0,7.0,9.0,9.0,10,10.0,10.0,2.0,2.0,10.0,7.0,5.0,,1.0,,8.0,5.0,6.0,1.0,9.0,6.0,1.0,1.0,8.0,1.0,,,,7.0,,,10.0,1.0,10.0,10.0,7.0,5.0,,2.0,2.0,1.0,1.0,1.0,10.0,1.0,1.0,,,1.0,1.0,7,10.0,10,1
2009-02-12,83592,,11,2,3841.0,00767T10,ASB,ADVANSOURCE BIOMATERIALS CORP,ASB,339112.0,A,A,R,31655,2,3841.0,,,,38.0,384.0,,,,,,,-0.315,-0.015625,21126.0,1.0,,-6654.69,ASB,10.0,9.0,7.0,9.0,9.0,10,10.0,10.0,2.0,2.0,10.0,7.0,5.0,,1.0,,8.0,5.0,6.0,1.0,9.0,6.0,1.0,1.0,8.0,1.0,,,,7.0,,,10.0,1.0,10.0,10.0,7.0,5.0,,2.0,2.0,1.0,1.0,1.0,10.0,1.0,1.0,,,1.0,1.0,7,10.0,10,1
2009-02-13,83592,,11,2,3841.0,00767T10,ASB,ADVANSOURCE BIOMATERIALS CORP,ASB,339112.0,A,A,R,31655,2,3841.0,,,,38.0,384.0,,,,,,,0.2901,-0.079048,21126.0,1.0,0.3,6128.6526,ASB,10.0,9.0,7.0,9.0,9.0,10,10.0,10.0,2.0,2.0,10.0,7.0,5.0,,1.0,,8.0,5.0,6.0,1.0,9.0,6.0,1.0,1.0,8.0,1.0,,,,7.0,,,10.0,1.0,10.0,10.0,7.0,5.0,,2.0,2.0,1.0,1.0,1.0,10.0,1.0,1.0,,,1.0,1.0,7,10.0,10,1
2009-02-17,83592,,11,2,3841.0,00767T10,ASB,ADVANSOURCE BIOMATERIALS CORP,ASB,339112.0,A,A,R,31655,2,3841.0,,,,38.0,384.0,,,,,,,0.3084,0.063082,21126.0,1.0,0.31,6515.2584,ASB,10.0,9.0,7.0,9.0,9.0,10,10.0,10.0,2.0,2.0,10.0,7.0,5.0,,1.0,,8.0,5.0,6.0,1.0,9.0,6.0,1.0,1.0,8.0,1.0,,,,7.0,,,10.0,1.0,10.0,10.0,7.0,5.0,,2.0,2.0,1.0,1.0,1.0,10.0,1.0,1.0,,,1.0,1.0,7,10.0,10,1
2009-02-18,83592,,11,2,3841.0,00767T10,ASB,ADVANSOURCE BIOMATERIALS CORP,ASB,339112.0,A,A,R,31655,2,3841.0,,,,38.0,384.0,,,,,,,0.29,-0.059663,21126.0,1.0,0.29,6126.54,ASB,10.0,9.0,7.0,9.0,9.0,10,10.0,10.0,2.0,2.0,10.0,7.0,5.0,,1.0,,8.0,5.0,6.0,1.0,9.0,6.0,1.0,1.0,8.0,1.0,,,,7.0,,,10.0,1.0,10.0,10.0,7.0,5.0,,2.0,2.0,1.0,1.0,1.0,10.0,1.0,1.0,,,1.0,1.0,7,10.0,10,1
2009-02-19,83592,,11,2,3841.0,00767T10,ASB,ADVANSOURCE BIOMATERIALS CORP,ASB,339112.0,A,A,R,31655,2,3841.0,,,,38.0,384.0,,,,,,,0.25,-0.137931,21126.0,1.0,0.28,5281.5,ASB,10.0,9.0,7.0,9.0,9.0,10,10.0,10.0,2.0,2.0,10.0,7.0,5.0,,1.0,,8.0,5.0,6.0,1.0,9.0,6.0,1.0,1.0,8.0,1.0,,,,7.0,,,10.0,1.0,10.0,10.0,7.0,5.0,,2.0,2.0,1.0,1.0,1.0,10.0,1.0,1.0,,,1.0,1.0,7,10.0,10,1
2009-02-20,83592,,11,2,3841.0,00767T10,ASB,ADVANSOURCE BIOMATERIALS CORP,ASB,339112.0,A,A,R,31655,2,3841.0,,,,38.0,384.0,,,,,,,0.21,-0.16,21126.0,1.0,0.24,4436.46,ASB,10.0,9.0,7.0,9.0,9.0,10,10.0,10.0,2.0,2.0,10.0,7.0,5.0,,1.0,,8.0,5.0,6.0,1.0,9.0,6.0,1.0,1.0,8.0,1.0,,,,7.0,,,10.0,1.0,10.0,10.0,7.0,5.0,,2.0,2.0,1.0,1.0,1.0,10.0,1.0,1.0,,,1.0,1.0,7,10.0,10,1
2009-02-23,83592,,11,2,3841.0,00767T10,ASB,ADVANSOURCE BIOMATERIALS CORP,ASB,339112.0,A,A,R,31655,2,3841.0,,,,38.0,384.0,,,,,,,0.2,-0.047619,21126.0,1.0,0.22,4225.2,ASB,10.0,9.0,7.0,9.0,9.0,10,10.0,10.0,2.0,2.0,10.0,7.0,5.0,,1.0,,8.0,5.0,6.0,1.0,9.0,6.0,1.0,1.0,8.0,1.0,,,,7.0,,,10.0,1.0,10.0,10.0,7.0,5.0,,2.0,2.0,1.0,1.0,1.0,10.0,1.0,1.0,,,1.0,1.0,7,10.0,10,1
2009-02-24,83592,,11,2,3841.0,00767T10,ASB,ADVANSOURCE BIOMATERIALS CORP,ASB,339112.0,A,A,R,31655,2,3841.0,,,,38.0,384.0,,,,,,,0.17,-0.15,21126.0,1.0,0.176,3591.42,ASB,10.0,9.0,7.0,9.0,9.0,10,10.0,10.0,2.0,2.0,10.0,7.0,5.0,,1.0,,8.0,5.0,6.0,1.0,9.0,6.0,1.0,1.0,8.0,1.0,,,,7.0,,,10.0,1.0,10.0,10.0,7.0,5.0,,2.0,2.0,1.0,1.0,1.0,10.0,1.0,1.0,,,1.0,1.0,7,10.0,10,1
2009-02-25,83592,,11,2,3841.0,00767T10,ASB,ADVANSOURCE BIOMATERIALS CORP,ASB,339112.0,A,A,R,31655,2,3841.0,,,,38.0,384.0,,,,,,,0.16,-0.058824,21126.0,1.0,0.17,3380.16,ASB,10.0,9.0,7.0,9.0,9.0,10,10.0,10.0,2.0,2.0,10.0,7.0,5.0,,1.0,,8.0,5.0,6.0,1.0,9.0,6.0,1.0,1.0,8.0,1.0,,,,7.0,,,10.0,1.0,10.0,10.0,7.0,5.0,,2.0,2.0,1.0,1.0,1.0,10.0,1.0,1.0,,,1.0,1.0,7,10.0,10,1
2009-02-26,83592,,11,2,3841.0,00767T10,ASB,ADVANSOURCE BIOMATERIALS CORP,ASB,339112.0,A,A,R,31655,2,3841.0,,,,38.0,384.0,,,,,,,0.16,0.0,21126.0,1.0,0.16,3380.16,ASB,10.0,9.0,7.0,9.0,9.0,10,10.0,10.0,2.0,2.0,10.0,7.0,5.0,,1.0,,8.0,5.0,6.0,1.0,9.0,6.0,1.0,1.0,8.0,1.0,,,,7.0,,,10.0,1.0,10.0,10.0,7.0,5.0,,2.0,2.0,1.0,1.0,1.0,10.0,1.0,1.0,,,1.0,1.0,7,10.0,10,1
2009-02-27,83592,,11,2,3841.0,00767T10,ASB,ADVANSOURCE BIOMATERIALS CORP,ASB,339112.0,A,A,R,31655,2,3841.0,,,,38.0,384.0,,,,,,,0.17,0.0625,21126.0,1.0,0.15,3591.42,ASB,10.0,9.0,7.0,9.0,9.0,10,10.0,10.0,2.0,2.0,10.0,7.0,5.0,,1.0,,8.0,5.0,6.0,1.0,9.0,6.0,1.0,1.0,8.0,1.0,,,,7.0,,,10.0,1.0,10.0,10.0,7.0,5.0,,2.0,2.0,1.0,1.0,1.0,10.0,1.0,1.0,,,1.0,1.0,7,10.0,10,1
2009-03-02,83592,,11,2,3841.0,00767T10,ASB,ADVANSOURCE BIOMATERIALS CORP,ASB,339112.0,A,A,R,31655,2,3841.0,,,,38.0,384.0,,,,,,,0.17,0.0,21126.0,1.0,0.19,3591.42,ASB,10.0,9.0,7.0,9.0,9.0,10,10.0,10.0,2.0,2.0,10.0,7.0,5.0,,1.0,,8.0,5.0,6.0,1.0,9.0,6.0,1.0,1.0,8.0,1.0,,,,6.0,,,10.0,4.0,8.0,10.0,9.0,5.0,,2.0,2.0,1.0,10.0,1.0,10.0,1.0,10.0,,,1.0,1.0,7,10.0,10,1
2009-03-03,83592,,11,2,3841.0,00767T10,ASB,ADVANSOURCE BIOMATERIALS CORP,ASB,339112.0,A,A,R,31655,2,3841.0,,,,38.0,384.0,,,,,,,0.15,-0.117647,21126.0,1.0,0.16,3168.9,ASB,10.0,9.0,7.0,9.0,9.0,10,10.0,10.0,2.0,2.0,10.0,7.0,5.0,,1.0,,8.0,5.0,6.0,1.0,9.0,6.0,1.0,1.0,8.0,1.0,,,,6.0,,,10.0,4.0,8.0,10.0,9.0,5.0,,2.0,2.0,1.0,10.0,1.0,10.0,1.0,10.0,,,1.0,1.0,7,10.0,10,1
2009-03-04,83592,,11,2,3841.0,00767T10,ASB,ADVANSOURCE BIOMATERIALS CORP,ASB,339112.0,A,A,R,31655,2,3841.0,,,,38.0,384.0,,,,,,,0.15,0.0,21126.0,1.0,0.15,3168.9,ASB,10.0,9.0,7.0,9.0,9.0,10,10.0,10.0,2.0,2.0,10.0,7.0,5.0,,1.0,,8.0,5.0,6.0,1.0,9.0,6.0,1.0,1.0,8.0,1.0,,,,6.0,,,10.0,4.0,8.0,10.0,9.0,5.0,,2.0,2.0,1.0,10.0,1.0,10.0,1.0,10.0,,,1.0,1.0,7,10.0,10,1
2009-03-05,83592,,11,2,3841.0,00767T10,ASB,ADVANSOURCE BIOMATERIALS CORP,ASB,339112.0,A,A,R,31655,2,3841.0,,,,38.0,384.0,,,,,,,0.14,-0.066667,21126.0,1.0,0.15,2957.64,ASB,10.0,9.0,7.0,9.0,9.0,10,10.0,10.0,2.0,2.0,10.0,7.0,5.0,,1.0,,8.0,5.0,6.0,1.0,9.0,6.0,1.0,1.0,8.0,1.0,,,,6.0,,,10.0,4.0,8.0,10.0,9.0,5.0,,2.0,2.0,1.0,10.0,1.0,10.0,1.0,10.0,,,1.0,1.0,7,10.0,10,1
2009-03-06,83592,,11,2,3841.0,00767T10,ASB,ADVANSOURCE BIOMATERIALS CORP,ASB,339112.0,A,A,R,31655,2,3841.0,,,,38.0,384.0,,,,,,,0.1201,-0.142143,21126.0,1.0,0.12,2537.2326,ASB,10.0,9.0,7.0,9.0,9.0,10,10.0,10.0,2.0,2.0,10.0,7.0,5.0,,1.0,,8.0,5.0,6.0,1.0,9.0,6.0,1.0,1.0,8.0,1.0,,,,6.0,,,10.0,4.0,8.0,10.0,9.0,5.0,,2.0,2.0,1.0,10.0,1.0,10.0,1.0,10.0,,,1.0,1.0,7,10.0,10,1
2009-03-09,83592,,11,2,3841.0,00767T10,ASB,ADVANSOURCE BIOMATERIALS CORP,ASB,339112.0,A,A,R,31655,2,3841.0,,,,38.0,384.0,,,,,,,0.11,-0.084097,21126.0,1.0,0.13,2323.86,ASB,10.0,9.0,7.0,9.0,9.0,10,10.0,10.0,2.0,2.0,10.0,7.0,5.0,,1.0,,8.0,5.0,6.0,1.0,9.0,6.0,1.0,1.0,8.0,1.0,,,,6.0,,,10.0,4.0,8.0,10.0,9.0,5.0,,2.0,2.0,1.0,10.0,1.0,10.0,1.0,10.0,,,1.0,1.0,7,10.0,10,1
2009-03-10,83592,,11,2,3841.0,00767T10,ASB,ADVANSOURCE BIOMATERIALS CORP,ASB,339112.0,A,A,R,31655,2,3841.0,,,,38.0,384.0,,,,,,,0.126,0.145455,21126.0,1.0,0.11,2661.876,ASB,10.0,9.0,7.0,9.0,9.0,10,10.0,10.0,2.0,2.0,10.0,7.0,5.0,,1.0,,8.0,5.0,6.0,1.0,9.0,6.0,1.0,1.0,8.0,1.0,,,,6.0,,,10.0,4.0,8.0,10.0,9.0,5.0,,2.0,2.0,1.0,10.0,1.0,10.0,1.0,10.0,,,1.0,1.0,7,10.0,10,1
2009-03-11,83592,,11,2,3841.0,00767T10,ASB,ADVANSOURCE BIOMATERIALS CORP,ASB,339112.0,A,A,R,31655,2,3841.0,,,,38.0,384.0,,,,,,,0.11,-0.126984,21126.0,1.0,0.11,2323.86,ASB,10.0,9.0,7.0,9.0,9.0,10,10.0,10.0,2.0,2.0,10.0,7.0,5.0,,1.0,,8.0,5.0,6.0,1.0,9.0,6.0,1.0,1.0,8.0,1.0,,,,6.0,,,10.0,4.0,8.0,10.0,9.0,5.0,,2.0,2.0,1.0,10.0,1.0,10.0,1.0,10.0,,,1.0,1.0,7,10.0,10,1
2009-03-12,83592,,11,2,3841.0,00767T10,ASB,ADVANSOURCE BIOMATERIALS CORP,ASB,339112.0,A,A,R,31655,2,3841.0,,,,38.0,384.0,,,,,,,0.13,0.181818,21126.0,1.0,0.12,2746.38,ASB,10.0,9.0,7.0,9.0,9.0,10,10.0,10.0,2.0,2.0,10.0,7.0,5.0,,1.0,,8.0,5.0,6.0,1.0,9.0,6.0,1.0,1.0,8.0,1.0,,,,6.0,,,10.0,4.0,8.0,10.0,9.0,5.0,,2.0,2.0,1.0,10.0,1.0,10.0,1.0,10.0,,,1.0,1.0,7,10.0,10,1
2009-03-13,83592,,11,2,3841.0,00767T10,ASB,ADVANSOURCE BIOMATERIALS CORP,ASB,339112.0,A,A,R,31655,2,3841.0,,,,38.0,384.0,,,,,,,0.15,0.153846,21126.0,1.0,0.14,3168.9,ASB,10.0,9.0,7.0,9.0,9.0,10,10.0,10.0,2.0,2.0,10.0,7.0,5.0,,1.0,,8.0,5.0,6.0,1.0,9.0,6.0,1.0,1.0,8.0,1.0,,,,6.0,,,10.0,4.0,8.0,10.0,9.0,5.0,,2.0,2.0,1.0,10.0,1.0,10.0,1.0,10.0,,,1.0,1.0,7,10.0,10,1
2009-03-16,83592,,11,2,3841.0,00767T10,ASB,ADVANSOURCE BIOMATERIALS CORP,ASB,339112.0,A,A,R,31655,2,3841.0,,,,38.0,384.0,,,,,,,0.14,-0.066667,21126.0,1.0,0.15,2957.64,ASB,10.0,9.0,7.0,9.0,9.0,10,10.0,10.0,2.0,2.0,10.0,7.0,5.0,,1.0,,8.0,5.0,6.0,1.0,9.0,6.0,1.0,1.0,8.0,1.0,,,,6.0,,,10.0,4.0,8.0,10.0,9.0,5.0,,2.0,2.0,1.0,10.0,1.0,10.0,1.0,10.0,,,1.0,1.0,7,10.0,10,1
2009-03-17,83592,,11,2,3841.0,00767T10,ASB,ADVANSOURCE BIOMATERIALS CORP,ASB,339112.0,A,A,R,31655,2,3841.0,,,,38.0,384.0,,,,,,,0.13,-0.071429,21126.0,1.0,0.14,2746.38,ASB,10.0,9.0,7.0,9.0,9.0,10,10.0,10.0,2.0,2.0,10.0,7.0,5.0,,1.0,,8.0,5.0,6.0,1.0,9.0,6.0,1.0,1.0,8.0,1.0,,,,6.0,,,10.0,4.0,8.0,10.0,9.0,5.0,,2.0,2.0,1.0,10.0,1.0,10.0,1.0,10.0,,,1.0,1.0,7,10.0,10,1
2009-03-18,83592,,11,2,3841.0,00767T10,ASB,ADVANSOURCE BIOMATERIALS CORP,ASB,339112.0,A,A,R,31655,2,3841.0,,,,38.0,384.0,,,,,,,0.16,0.230769,21126.0,1.0,0.14,3380.16,ASB,10.0,9.0,7.0,9.0,9.0,10,10.0,10.0,2.0,2.0,10.0,7.0,5.0,,1.0,,8.0,5.0,6.0,1.0,9.0,6.0,1.0,1.0,8.0,1.0,,,,6.0,,,10.0,4.0,8.0,10.0,9.0,5.0,,2.0,2.0,1.0,10.0,1.0,10.0,1.0,10.0,,,1.0,1.0,7,10.0,10,1
2009-03-19,83592,,11,2,3841.0,00767T10,ASB,ADVANSOURCE BIOMATERIALS CORP,ASB,339112.0,A,A,R,31655,2,3841.0,,,,38.0,384.0,,,,,,,0.16,0.0,21126.0,1.0,0.18,3380.16,ASB,10.0,9.0,7.0,9.0,9.0,10,10.0,10.0,2.0,2.0,10.0,7.0,5.0,,1.0,,8.0,5.0,6.0,1.0,9.0,6.0,1.0,1.0,8.0,1.0,,,,6.0,,,10.0,4.0,8.0,10.0,9.0,5.0,,2.0,2.0,1.0,10.0,1.0,10.0,1.0,10.0,,,1.0,1.0,7,10.0,10,1
2009-03-20,83592,,11,2,3841.0,00767T10,ASB,ADVANSOURCE BIOMATERIALS CORP,ASB,339112.0,A,A,R,31655,2,3841.0,,,,38.0,384.0,,,,,,,0.15,-0.0625,21126.0,1.0,0.16,3168.9,ASB,10.0,9.0,7.0,9.0,9.0,10,10.0,10.0,2.0,2.0,10.0,7.0,5.0,,1.0,,8.0,5.0,6.0,1.0,9.0,6.0,1.0,1.0,8.0,1.0,,,,6.0,,,10.0,4.0,8.0,10.0,9.0,5.0,,2.0,2.0,1.0,10.0,1.0,10.0,1.0,10.0,,,1.0,1.0,7,10.0,10,1
2009-03-23,83592,,11,2,3841.0,00767T10,ASB,ADVANSOURCE BIOMATERIALS CORP,ASB,339112.0,A,A,R,31655,2,3841.0,,,,38.0,384.0,,,,,,,0.17,0.133333,21126.0,1.0,0.15,3591.42,ASB,10.0,9.0,7.0,9.0,9.0,10,10.0,10.0,2.0,2.0,10.0,7.0,5.0,,1.0,,8.0,5.0,6.0,1.0,9.0,6.0,1.0,1.0,8.0,1.0,,,,6.0,,,10.0,4.0,8.0,10.0,9.0,5.0,,2.0,2.0,1.0,10.0,1.0,10.0,1.0,10.0,,,1.0,1.0,7,10.0,10,1
2009-03-24,83592,,11,2,3841.0,00767T10,ASB,ADVANSOURCE BIOMATERIALS CORP,ASB,339112.0,A,A,R,31655,2,3841.0,,,,38.0,384.0,,,,,,,0.16,-0.058824,21126.0,1.0,0.11,3380.16,ASB,10.0,9.0,7.0,9.0,9.0,10,10.0,10.0,2.0,2.0,10.0,7.0,5.0,,1.0,,8.0,5.0,6.0,1.0,9.0,6.0,1.0,1.0,8.0,1.0,,,,6.0,,,10.0,4.0,8.0,10.0,9.0,5.0,,2.0,2.0,1.0,10.0,1.0,10.0,1.0,10.0,,,1.0,1.0,7,10.0,10,1
2009-03-25,83592,,11,2,3841.0,00767T10,ASB,ADVANSOURCE BIOMATERIALS CORP,ASB,339112.0,A,A,R,31655,2,3841.0,,,,38.0,384.0,,,,,,,0.17,0.0625,21126.0,1.0,0.16,3591.42,ASB,10.0,9.0,7.0,9.0,9.0,10,10.0,10.0,2.0,2.0,10.0,7.0,5.0,,1.0,,8.0,5.0,6.0,1.0,9.0,6.0,1.0,1.0,8.0,1.0,,,,6.0,,,10.0,4.0,8.0,10.0,9.0,5.0,,2.0,2.0,1.0,10.0,1.0,10.0,1.0,10.0,,,1.0,1.0,7,10.0,10,1
2009-03-26,83592,,11,2,3841.0,00767T10,ASB,ADVANSOURCE BIOMATERIALS CORP,ASB,339112.0,A,A,R,31655,2,3841.0,,,,38.0,384.0,,,,,,,0.17,0.0,21126.0,1.0,0.17,3591.42,ASB,10.0,9.0,7.0,9.0,9.0,10,10.0,10.0,2.0,2.0,10.0,7.0,5.0,,1.0,,8.0,5.0,6.0,1.0,9.0,6.0,1.0,1.0,8.0,1.0,,,,6.0,,,10.0,4.0,8.0,10.0,9.0,5.0,,2.0,2.0,1.0,10.0,1.0,10.0,1.0,10.0,,,1.0,1.0,7,10.0,10,1
2009-03-27,83592,,11,2,3841.0,00767T10,ASB,ADVANSOURCE BIOMATERIALS CORP,ASB,339112.0,A,A,R,31655,2,3841.0,,,,38.0,384.0,,,,,,,0.16,-0.058824,21126.0,1.0,0.17,3380.16,ASB,10.0,9.0,7.0,9.0,9.0,10,10.0,10.0,2.0,2.0,10.0,7.0,5.0,,1.0,,8.0,5.0,6.0,1.0,9.0,6.0,1.0,1.0,8.0,1.0,,,,6.0,,,10.0,4.0,8.0,10.0,9.0,5.0,,2.0,2.0,1.0,10.0,1.0,10.0,1.0,10.0,,,1.0,1.0,7,10.0,10,1
2009-03-30,83592,,11,2,3841.0,00767T10,ASB,ADVANSOURCE BIOMATERIALS CORP,ASB,339112.0,A,A,R,31655,2,3841.0,,,,38.0,384.0,,,,,,,0.15,-0.0625,21126.0,1.0,0.16,3168.9,ASB,10.0,9.0,7.0,9.0,9.0,10,10.0,10.0,2.0,2.0,10.0,7.0,5.0,,1.0,,8.0,5.0,6.0,1.0,9.0,6.0,1.0,1.0,8.0,1.0,,,,6.0,,,10.0,4.0,8.0,10.0,9.0,5.0,,2.0,2.0,1.0,10.0,1.0,10.0,1.0,10.0,,,1.0,1.0,7,10.0,10,1
2009-03-31,83592,,11,2,3841.0,00767T10,ASB,ADVANSOURCE BIOMATERIALS CORP,ASB,339112.0,A,A,R,31655,2,3841.0,,,,38.0,384.0,,,,,,,0.179,0.193333,21126.0,1.0,0.15,3781.554,ASB,10.0,9.0,7.0,9.0,9.0,10,10.0,10.0,2.0,2.0,10.0,7.0,5.0,,1.0,,8.0,5.0,6.0,1.0,9.0,6.0,1.0,1.0,8.0,1.0,,,,6.0,,,10.0,4.0,8.0,10.0,9.0,5.0,,2.0,2.0,1.0,10.0,1.0,10.0,1.0,10.0,,,1.0,1.0,7,10.0,10,1
2009-04-01,83592,,11,2,3841.0,00767T10,ASB,ADVANSOURCE BIOMATERIALS CORP,ASB,339112.0,A,A,R,31655,2,3841.0,,,,38.0,384.0,,,,,,,0.18,0.005587,21126.0,1.0,0.16,3802.68,ASB,10.0,9.0,7.0,9.0,9.0,10,10.0,10.0,2.0,2.0,10.0,7.0,5.0,,1.0,,8.0,5.0,6.0,1.0,9.0,6.0,1.0,1.0,8.0,1.0,,,,5.0,,,10.0,3.0,10.0,10.0,9.0,5.0,,2.0,2.0,1.0,7.0,1.0,10.0,1.0,6.0,,,1.0,1.0,7,10.0,10,1
2009-04-02,83592,,11,2,3841.0,00767T10,ASB,ADVANSOURCE BIOMATERIALS CORP,ASB,339112.0,A,A,R,31655,2,3841.0,,,,38.0,384.0,,,,,,,0.18,0.0,21126.0,1.0,0.16,3802.68,ASB,10.0,9.0,7.0,9.0,9.0,10,10.0,10.0,2.0,2.0,10.0,7.0,5.0,,1.0,,8.0,5.0,6.0,1.0,9.0,6.0,1.0,1.0,8.0,1.0,,,,5.0,,,10.0,3.0,10.0,10.0,9.0,5.0,,2.0,2.0,1.0,7.0,1.0,10.0,1.0,6.0,,,1.0,1.0,7,10.0,10,1
2009-04-03,83592,,11,2,3841.0,00767T10,ASB,ADVANSOURCE BIOMATERIALS CORP,ASB,339112.0,A,A,R,31655,2,3841.0,,,,38.0,384.0,,,,,,,0.17,-0.055556,21126.0,1.0,0.19,3591.42,ASB,10.0,9.0,7.0,9.0,9.0,10,10.0,10.0,2.0,2.0,10.0,7.0,5.0,,1.0,,8.0,5.0,6.0,1.0,9.0,6.0,1.0,1.0,8.0,1.0,,,,5.0,,,10.0,3.0,10.0,10.0,9.0,5.0,,2.0,2.0,1.0,7.0,1.0,10.0,1.0,6.0,,,1.0,1.0,7,10.0,10,1
2009-04-06,83592,,11,2,3841.0,00767T10,ASB,ADVANSOURCE BIOMATERIALS CORP,ASB,339112.0,A,A,R,31655,2,3841.0,,,,38.0,384.0,,,,,,,0.19,0.117647,21126.0,1.0,0.147,4013.94,ASB,10.0,9.0,7.0,9.0,9.0,10,10.0,10.0,2.0,2.0,10.0,7.0,5.0,,1.0,,8.0,5.0,6.0,1.0,9.0,6.0,1.0,1.0,8.0,1.0,,,,5.0,,,10.0,3.0,10.0,10.0,9.0,5.0,,2.0,2.0,1.0,7.0,1.0,10.0,1.0,6.0,,,1.0,1.0,7,10.0,10,1
2009-04-07,83592,,11,2,3841.0,00767T10,ASB,ADVANSOURCE BIOMATERIALS CORP,ASB,339112.0,A,A,R,31655,2,3841.0,,,,38.0,384.0,,,,,,,0.19,0.0,21126.0,1.0,0.19,4013.94,ASB,10.0,9.0,7.0,9.0,9.0,10,10.0,10.0,2.0,2.0,10.0,7.0,5.0,,1.0,,8.0,5.0,6.0,1.0,9.0,6.0,1.0,1.0,8.0,1.0,,,,5.0,,,10.0,3.0,10.0,10.0,9.0,5.0,,2.0,2.0,1.0,7.0,1.0,10.0,1.0,6.0,,,1.0,1.0,7,10.0,10,1
2009-04-08,83592,,11,2,3841.0,00767T10,ASB,ADVANSOURCE BIOMATERIALS CORP,ASB,339112.0,A,A,R,31655,2,3841.0,,,,38.0,384.0,,,,,,,0.19,0.0,21126.0,1.0,0.21,4013.94,ASB,10.0,9.0,7.0,9.0,9.0,10,10.0,10.0,2.0,2.0,10.0,7.0,5.0,,1.0,,8.0,5.0,6.0,1.0,9.0,6.0,1.0,1.0,8.0,1.0,,,,5.0,,,10.0,3.0,10.0,10.0,9.0,5.0,,2.0,2.0,1.0,7.0,1.0,10.0,1.0,6.0,,,1.0,1.0,7,10.0,10,1
2009-04-09,83592,,11,2,3841.0,00767T10,ASB,ADVANSOURCE BIOMATERIALS CORP,ASB,339112.0,A,A,R,31655,2,3841.0,,,,38.0,384.0,,,,,,,0.15,-0.210526,21126.0,1.0,0.19,3168.9,ASB,10.0,9.0,7.0,9.0,9.0,10,10.0,10.0,2.0,2.0,10.0,7.0,5.0,,1.0,,8.0,5.0,6.0,1.0,9.0,6.0,1.0,1.0,8.0,1.0,,,,5.0,,,10.0,3.0,10.0,10.0,9.0,5.0,,2.0,2.0,1.0,7.0,1.0,10.0,1.0,6.0,,,1.0,1.0,7,10.0,10,1
2009-04-13,83592,,11,2,3841.0,00767T10,ASB,ADVANSOURCE BIOMATERIALS CORP,ASB,339112.0,A,A,R,31655,2,3841.0,,,,38.0,384.0,,,,,,,0.15,0.0,21126.0,1.0,0.15,3168.9,ASB,10.0,9.0,7.0,9.0,9.0,10,10.0,10.0,2.0,2.0,10.0,7.0,5.0,,1.0,,8.0,5.0,6.0,1.0,9.0,6.0,1.0,1.0,8.0,1.0,,,,5.0,,,10.0,3.0,10.0,10.0,9.0,5.0,,2.0,2.0,1.0,7.0,1.0,10.0,1.0,6.0,,,1.0,1.0,7,10.0,10,1
2009-04-14,83592,,11,2,3841.0,00767T10,ASB,ADVANSOURCE BIOMATERIALS CORP,ASB,339112.0,A,A,R,31655,2,3841.0,,,,38.0,384.0,,,,,,,0.18,0.2,21126.0,1.0,0.1279,3802.68,ASB,10.0,9.0,7.0,9.0,9.0,10,10.0,10.0,2.0,2.0,10.0,7.0,5.0,,1.0,,8.0,5.0,6.0,1.0,9.0,6.0,1.0,1.0,8.0,1.0,,,,5.0,,,10.0,3.0,10.0,10.0,9.0,5.0,,2.0,2.0,1.0,7.0,1.0,10.0,1.0,6.0,,,1.0,1.0,7,10.0,10,1
2009-04-15,83592,,11,2,3841.0,00767T10,ASB,ADVANSOURCE BIOMATERIALS CORP,ASB,339112.0,A,A,R,31655,2,3841.0,,,,38.0,384.0,,,,,,,0.23,0.277778,21126.0,1.0,0.18,4858.98,ASB,10.0,9.0,7.0,9.0,9.0,10,10.0,10.0,2.0,2.0,10.0,7.0,5.0,,1.0,,8.0,5.0,6.0,1.0,9.0,6.0,1.0,1.0,8.0,1.0,,,,5.0,,,10.0,3.0,10.0,10.0,9.0,5.0,,2.0,2.0,1.0,7.0,1.0,10.0,1.0,6.0,,,1.0,1.0,7,10.0,10,1
2009-04-16,83592,,11,2,3841.0,00767T10,ASB,ADVANSOURCE BIOMATERIALS CORP,ASB,339112.0,A,A,R,31655,2,3841.0,,,,38.0,384.0,,,,,,,0.2101,-0.086522,21126.0,1.0,0.23,4438.5726,ASB,10.0,9.0,7.0,9.0,9.0,10,10.0,10.0,2.0,2.0,10.0,7.0,5.0,,1.0,,8.0,5.0,6.0,1.0,9.0,6.0,1.0,1.0,8.0,1.0,,,,5.0,,,10.0,3.0,10.0,10.0,9.0,5.0,,2.0,2.0,1.0,7.0,1.0,10.0,1.0,6.0,,,1.0,1.0,7,10.0,10,1
2009-04-17,83592,,11,2,3841.0,00767T10,ASB,ADVANSOURCE BIOMATERIALS CORP,ASB,339112.0,A,A,R,31655,2,3841.0,,,,38.0,384.0,,,,,,,0.24,0.142313,21126.0,1.0,0.22,5070.24,ASB,10.0,9.0,7.0,9.0,9.0,10,10.0,10.0,2.0,2.0,10.0,7.0,5.0,,1.0,,8.0,5.0,6.0,1.0,9.0,6.0,1.0,1.0,8.0,1.0,,,,5.0,,,10.0,3.0,10.0,10.0,9.0,5.0,,2.0,2.0,1.0,7.0,1.0,10.0,1.0,6.0,,,1.0,1.0,7,10.0,10,1
2009-04-20,83592,,11,2,3841.0,00767T10,ASB,ADVANSOURCE BIOMATERIALS CORP,ASB,339112.0,A,A,R,31655,2,3841.0,,,,38.0,384.0,,,,,,,0.25,0.041667,21126.0,1.0,0.26,5281.5,ASB,10.0,9.0,7.0,9.0,9.0,10,10.0,10.0,2.0,2.0,10.0,7.0,5.0,,1.0,,8.0,5.0,6.0,1.0,9.0,6.0,1.0,1.0,8.0,1.0,,,,5.0,,,10.0,3.0,10.0,10.0,9.0,5.0,,2.0,2.0,1.0,7.0,1.0,10.0,1.0,6.0,,,1.0,1.0,7,10.0,10,1
2009-04-21,83592,,11,2,3841.0,00767T10,ASB,ADVANSOURCE BIOMATERIALS CORP,ASB,339112.0,A,A,R,31655,2,3841.0,,,,38.0,384.0,,,,,,,0.25,0.0,21126.0,1.0,0.24,5281.5,ASB,10.0,9.0,7.0,9.0,9.0,10,10.0,10.0,2.0,2.0,10.0,7.0,5.0,,1.0,,8.0,5.0,6.0,1.0,9.0,6.0,1.0,1.0,8.0,1.0,,,,5.0,,,10.0,3.0,10.0,10.0,9.0,5.0,,2.0,2.0,1.0,7.0,1.0,10.0,1.0,6.0,,,1.0,1.0,7,10.0,10,1
2009-04-22,83592,,11,2,3841.0,00767T10,ASB,ADVANSOURCE BIOMATERIALS CORP,ASB,339112.0,A,A,R,31655,2,3841.0,,,,38.0,384.0,,,,,,,0.24,-0.04,21126.0,1.0,0.24,5070.24,ASB,10.0,9.0,7.0,9.0,9.0,10,10.0,10.0,2.0,2.0,10.0,7.0,5.0,,1.0,,8.0,5.0,6.0,1.0,9.0,6.0,1.0,1.0,8.0,1.0,,,,5.0,,,10.0,3.0,10.0,10.0,9.0,5.0,,2.0,2.0,1.0,7.0,1.0,10.0,1.0,6.0,,,1.0,1.0,7,10.0,10,1
2009-04-23,83592,,11,2,3841.0,00767T10,ASB,ADVANSOURCE BIOMATERIALS CORP,ASB,339112.0,A,A,R,31655,2,3841.0,,,,38.0,384.0,,,,,,,0.2213,-0.077917,21126.0,1.0,0.22,4675.1838,ASB,10.0,9.0,7.0,9.0,9.0,10,10.0,10.0,2.0,2.0,10.0,7.0,5.0,,1.0,,8.0,5.0,6.0,1.0,9.0,6.0,1.0,1.0,8.0,1.0,,,,5.0,,,10.0,3.0,10.0,10.0,9.0,5.0,,2.0,2.0,1.0,7.0,1.0,10.0,1.0,6.0,,,1.0,1.0,7,10.0,10,1
2009-04-24,83592,,11,2,3841.0,00767T10,ASB,ADVANSOURCE BIOMATERIALS CORP,ASB,339112.0,A,A,R,31655,2,3841.0,,,,38.0,384.0,,,,,,,0.34,0.536376,21126.0,1.0,0.25,7182.84,ASB,10.0,9.0,7.0,9.0,9.0,10,10.0,10.0,2.0,2.0,10.0,7.0,5.0,,1.0,,8.0,5.0,6.0,1.0,9.0,6.0,1.0,1.0,8.0,1.0,,,,5.0,,,10.0,3.0,10.0,10.0,9.0,5.0,,2.0,2.0,1.0,7.0,1.0,10.0,1.0,6.0,,,1.0,1.0,7,10.0,10,1
2009-04-27,83592,,11,2,3841.0,00767T10,ASB,ADVANSOURCE BIOMATERIALS CORP,ASB,339112.0,A,A,R,31655,2,3841.0,,,,38.0,384.0,,,,,,,0.24,-0.294118,21126.0,1.0,0.316,5070.24,ASB,10.0,9.0,7.0,9.0,9.0,10,10.0,10.0,2.0,2.0,10.0,7.0,5.0,,1.0,,8.0,5.0,6.0,1.0,9.0,6.0,1.0,1.0,8.0,1.0,,,,5.0,,,10.0,3.0,10.0,10.0,9.0,5.0,,2.0,2.0,1.0,7.0,1.0,10.0,1.0,6.0,,,1.0,1.0,7,10.0,10,1
2009-04-28,83592,,11,2,3841.0,00767T10,ASB,ADVANSOURCE BIOMATERIALS CORP,ASB,339112.0,A,A,R,31655,2,3841.0,,,,38.0,384.0,,,,,,,0.32,0.333333,21126.0,1.0,0.26,6760.32,ASB,10.0,9.0,7.0,9.0,9.0,10,10.0,10.0,2.0,2.0,10.0,7.0,5.0,,1.0,,8.0,5.0,6.0,1.0,9.0,6.0,1.0,1.0,8.0,1.0,,,,5.0,,,10.0,3.0,10.0,10.0,9.0,5.0,,2.0,2.0,1.0,7.0,1.0,10.0,1.0,6.0,,,1.0,1.0,7,10.0,10,1
2009-04-29,83592,,11,2,3841.0,00767T10,ASB,ADVANSOURCE BIOMATERIALS CORP,ASB,339112.0,A,A,R,31655,2,3841.0,,,,38.0,384.0,,,,,,,0.33,0.03125,21126.0,1.0,0.3443,6971.58,ASB,10.0,9.0,7.0,9.0,9.0,10,10.0,10.0,2.0,2.0,10.0,7.0,5.0,,1.0,,8.0,5.0,6.0,1.0,9.0,6.0,1.0,1.0,8.0,1.0,,,,5.0,,,10.0,3.0,10.0,10.0,9.0,5.0,,2.0,2.0,1.0,7.0,1.0,10.0,1.0,6.0,,,1.0,1.0,7,10.0,10,1
2009-04-30,83592,,11,2,3841.0,00767T10,ASB,ADVANSOURCE BIOMATERIALS CORP,ASB,339112.0,A,A,R,31655,2,3841.0,,,,38.0,384.0,,,,,,,0.2601,-0.211818,21126.0,1.0,0.33,5494.8726,ASB,10.0,9.0,7.0,9.0,9.0,10,10.0,10.0,2.0,2.0,10.0,7.0,5.0,,1.0,,8.0,5.0,6.0,1.0,9.0,6.0,1.0,1.0,8.0,1.0,,,,5.0,,,10.0,3.0,10.0,10.0,9.0,5.0,,2.0,2.0,1.0,7.0,1.0,10.0,1.0,6.0,,,1.0,1.0,7,10.0,10,1
2009-05-01,83592,,11,2,3841.0,00767T10,ASB,ADVANSOURCE BIOMATERIALS CORP,ASB,339112.0,A,A,R,31655,2,3841.0,,,,38.0,384.0,,,,,,,0.33,0.268743,21126.0,1.0,0.27,6971.58,ASB,10.0,9.0,7.0,9.0,9.0,10,10.0,10.0,2.0,2.0,10.0,7.0,5.0,,1.0,,8.0,5.0,6.0,1.0,9.0,6.0,1.0,1.0,8.0,1.0,,,,2.0,,,10.0,3.0,10.0,10.0,9.0,5.0,,2.0,2.0,1.0,2.0,1.0,10.0,1.0,2.0,,,2.0,1.0,7,10.0,10,1
2009-05-04,83592,,11,2,3841.0,00767T10,ASB,ADVANSOURCE BIOMATERIALS CORP,ASB,339112.0,A,A,R,31655,2,3841.0,,,,38.0,384.0,,,,,,,0.34,0.030303,21126.0,1.0,0.33,7182.84,ASB,10.0,9.0,7.0,9.0,9.0,10,10.0,10.0,2.0,2.0,10.0,7.0,5.0,,1.0,,8.0,5.0,6.0,1.0,9.0,6.0,1.0,1.0,8.0,1.0,,,,2.0,,,10.0,3.0,10.0,10.0,9.0,5.0,,2.0,2.0,1.0,2.0,1.0,10.0,1.0,2.0,,,2.0,1.0,7,10.0,10,1
2009-05-05,83592,,11,2,3841.0,00767T10,ASB,ADVANSOURCE BIOMATERIALS CORP,ASB,339112.0,A,A,R,31655,2,3841.0,,,,38.0,384.0,,,,,,,0.31,-0.088235,21126.0,1.0,0.314,6549.06,ASB,10.0,9.0,7.0,9.0,9.0,10,10.0,10.0,2.0,2.0,10.0,7.0,5.0,,1.0,,8.0,5.0,6.0,1.0,9.0,6.0,1.0,1.0,8.0,1.0,,,,2.0,,,10.0,3.0,10.0,10.0,9.0,5.0,,2.0,2.0,1.0,2.0,1.0,10.0,1.0,2.0,,,2.0,1.0,7,10.0,10,1
2009-05-06,83592,,11,2,3841.0,00767T10,ASB,ADVANSOURCE BIOMATERIALS CORP,ASB,339112.0,A,A,R,31655,2,3841.0,,,,38.0,384.0,,,,,,,0.29,-0.064516,21126.0,1.0,0.31,6126.54,ASB,10.0,9.0,7.0,9.0,9.0,10,10.0,10.0,2.0,2.0,10.0,7.0,5.0,,1.0,,8.0,5.0,6.0,1.0,9.0,6.0,1.0,1.0,8.0,1.0,,,,2.0,,,10.0,3.0,10.0,10.0,9.0,5.0,,2.0,2.0,1.0,2.0,1.0,10.0,1.0,2.0,,,2.0,1.0,7,10.0,10,1
2009-05-07,83592,,11,2,3841.0,00767T10,ASB,ADVANSOURCE BIOMATERIALS CORP,ASB,339112.0,A,A,R,31655,2,3841.0,,,,38.0,384.0,,,,,,,0.31,0.068966,21126.0,1.0,0.27,6549.06,ASB,10.0,9.0,7.0,9.0,9.0,10,10.0,10.0,2.0,2.0,10.0,7.0,5.0,,1.0,,8.0,5.0,6.0,1.0,9.0,6.0,1.0,1.0,8.0,1.0,,,,2.0,,,10.0,3.0,10.0,10.0,9.0,5.0,,2.0,2.0,1.0,2.0,1.0,10.0,1.0,2.0,,,2.0,1.0,7,10.0,10,1
2009-05-08,83592,,11,2,3841.0,00767T10,ASB,ADVANSOURCE BIOMATERIALS CORP,ASB,339112.0,A,A,R,31655,2,3841.0,,,,38.0,384.0,,,,,,,0.31,0.0,21126.0,1.0,0.33,6549.06,ASB,10.0,9.0,7.0,9.0,9.0,10,10.0,10.0,2.0,2.0,10.0,7.0,5.0,,1.0,,8.0,5.0,6.0,1.0,9.0,6.0,1.0,1.0,8.0,1.0,,,,2.0,,,10.0,3.0,10.0,10.0,9.0,5.0,,2.0,2.0,1.0,2.0,1.0,10.0,1.0,2.0,,,2.0,1.0,7,10.0,10,1
2009-05-11,83592,,11,2,3841.0,00767T10,ASB,ADVANSOURCE BIOMATERIALS CORP,ASB,339112.0,A,A,R,31655,2,3841.0,,,,38.0,384.0,,,,,,,0.29,-0.064516,21126.0,1.0,0.29,6126.54,ASB,10.0,9.0,7.0,9.0,9.0,10,10.0,10.0,2.0,2.0,10.0,7.0,5.0,,1.0,,8.0,5.0,6.0,1.0,9.0,6.0,1.0,1.0,8.0,1.0,,,,2.0,,,10.0,3.0,10.0,10.0,9.0,5.0,,2.0,2.0,1.0,2.0,1.0,10.0,1.0,2.0,,,2.0,1.0,7,10.0,10,1
2009-05-12,83592,,11,2,3841.0,00767T10,ASB,ADVANSOURCE BIOMATERIALS CORP,ASB,339112.0,A,A,R,31655,2,3841.0,,,,38.0,384.0,,,,,,,0.2899,-0.000345,21126.0,1.0,0.2776,6124.4274,ASB,10.0,9.0,7.0,9.0,9.0,10,10.0,10.0,2.0,2.0,10.0,7.0,5.0,,1.0,,8.0,5.0,6.0,1.0,9.0,6.0,1.0,1.0,8.0,1.0,,,,2.0,,,10.0,3.0,10.0,10.0,9.0,5.0,,2.0,2.0,1.0,2.0,1.0,10.0,1.0,2.0,,,2.0,1.0,7,10.0,10,1
2009-05-13,83592,,11,2,3841.0,00767T10,ASB,ADVANSOURCE BIOMATERIALS CORP,ASB,339112.0,A,A,R,31655,2,3841.0,,,,38.0,384.0,,,,,,,0.2899,0.0,21126.0,1.0,0.27,6124.4274,ASB,10.0,9.0,7.0,9.0,9.0,10,10.0,10.0,2.0,2.0,10.0,7.0,5.0,,1.0,,8.0,5.0,6.0,1.0,9.0,6.0,1.0,1.0,8.0,1.0,,,,2.0,,,10.0,3.0,10.0,10.0,9.0,5.0,,2.0,2.0,1.0,2.0,1.0,10.0,1.0,2.0,,,2.0,1.0,7,10.0,10,1
2009-05-14,83592,,11,2,3841.0,00767T10,ASB,ADVANSOURCE BIOMATERIALS CORP,ASB,339112.0,A,A,R,31655,2,3841.0,,,,38.0,384.0,,,,,,,0.3199,0.103484,21126.0,1.0,0.29,6758.2074,ASB,10.0,9.0,7.0,9.0,9.0,10,10.0,10.0,2.0,2.0,10.0,7.0,5.0,,1.0,,8.0,5.0,6.0,1.0,9.0,6.0,1.0,1.0,8.0,1.0,,,,2.0,,,10.0,3.0,10.0,10.0,9.0,5.0,,2.0,2.0,1.0,2.0,1.0,10.0,1.0,2.0,,,2.0,1.0,7,10.0,10,1
2009-05-15,83592,,11,2,3841.0,00767T10,ASB,ADVANSOURCE BIOMATERIALS CORP,ASB,339112.0,A,A,R,31655,2,3841.0,,,,38.0,384.0,,,,,,,0.319,-0.002813,21126.0,1.0,0.319,6739.194,ASB,10.0,9.0,7.0,9.0,9.0,10,10.0,10.0,2.0,2.0,10.0,7.0,5.0,,1.0,,8.0,5.0,6.0,1.0,9.0,6.0,1.0,1.0,8.0,1.0,,,,2.0,,,10.0,3.0,10.0,10.0,9.0,5.0,,2.0,2.0,1.0,2.0,1.0,10.0,1.0,2.0,,,2.0,1.0,7,10.0,10,1
2009-05-18,83592,,11,2,3841.0,00767T10,ASB,ADVANSOURCE BIOMATERIALS CORP,ASB,339112.0,A,A,R,31655,2,3841.0,,,,38.0,384.0,,,,,,,0.33,0.034483,21126.0,1.0,0.33,6971.58,ASB,10.0,9.0,7.0,9.0,9.0,10,10.0,10.0,2.0,2.0,10.0,7.0,5.0,,1.0,,8.0,5.0,6.0,1.0,9.0,6.0,1.0,1.0,8.0,1.0,,,,2.0,,,10.0,3.0,10.0,10.0,9.0,5.0,,2.0,2.0,1.0,2.0,1.0,10.0,1.0,2.0,,,2.0,1.0,7,10.0,10,1
2009-05-19,83592,,11,2,3841.0,00767T10,ASB,ADVANSOURCE BIOMATERIALS CORP,ASB,339112.0,A,A,R,31655,2,3841.0,,,,38.0,384.0,,,,,,,0.32,-0.030303,21126.0,1.0,0.32,6760.32,ASB,10.0,9.0,7.0,9.0,9.0,10,10.0,10.0,2.0,2.0,10.0,7.0,5.0,,1.0,,8.0,5.0,6.0,1.0,9.0,6.0,1.0,1.0,8.0,1.0,,,,2.0,,,10.0,3.0,10.0,10.0,9.0,5.0,,2.0,2.0,1.0,2.0,1.0,10.0,1.0,2.0,,,2.0,1.0,7,10.0,10,1
2009-05-20,83592,,11,2,3841.0,00767T10,ASB,ADVANSOURCE BIOMATERIALS CORP,ASB,339112.0,A,A,R,31655,2,3841.0,,,,38.0,384.0,,,,,,,0.33,0.03125,21126.0,1.0,0.31,6971.58,ASB,10.0,9.0,7.0,9.0,9.0,10,10.0,10.0,2.0,2.0,10.0,7.0,5.0,,1.0,,8.0,5.0,6.0,1.0,9.0,6.0,1.0,1.0,8.0,1.0,,,,2.0,,,10.0,3.0,10.0,10.0,9.0,5.0,,2.0,2.0,1.0,2.0,1.0,10.0,1.0,2.0,,,2.0,1.0,7,10.0,10,1
2009-05-21,83592,,11,2,3841.0,00767T10,ASB,ADVANSOURCE BIOMATERIALS CORP,ASB,339112.0,A,A,R,31655,2,3841.0,,,,38.0,384.0,,,,,,,0.31,-0.060606,21126.0,1.0,0.35,6549.06,ASB,10.0,9.0,7.0,9.0,9.0,10,10.0,10.0,2.0,2.0,10.0,7.0,5.0,,1.0,,8.0,5.0,6.0,1.0,9.0,6.0,1.0,1.0,8.0,1.0,,,,2.0,,,10.0,3.0,10.0,10.0,9.0,5.0,,2.0,2.0,1.0,2.0,1.0,10.0,1.0,2.0,,,2.0,1.0,7,10.0,10,1
2009-05-22,83592,,11,2,3841.0,00767T10,ASB,ADVANSOURCE BIOMATERIALS CORP,ASB,339112.0,A,A,R,31655,2,3841.0,,,,38.0,384.0,,,,,,,0.32,0.032258,21126.0,1.0,0.31,6760.32,ASB,10.0,9.0,7.0,9.0,9.0,10,10.0,10.0,2.0,2.0,10.0,7.0,5.0,,1.0,,8.0,5.0,6.0,1.0,9.0,6.0,1.0,1.0,8.0,1.0,,,,2.0,,,10.0,3.0,10.0,10.0,9.0,5.0,,2.0,2.0,1.0,2.0,1.0,10.0,1.0,2.0,,,2.0,1.0,7,10.0,10,1
2009-05-26,83592,,11,2,3841.0,00767T10,ASB,ADVANSOURCE BIOMATERIALS CORP,ASB,339112.0,A,A,R,31655,2,3841.0,,,,38.0,384.0,,,,,,,0.32,0.0,21126.0,1.0,0.36,6760.32,ASB,10.0,9.0,7.0,9.0,9.0,10,10.0,10.0,2.0,2.0,10.0,7.0,5.0,,1.0,,8.0,5.0,6.0,1.0,9.0,6.0,1.0,1.0,8.0,1.0,,,,2.0,,,10.0,3.0,10.0,10.0,9.0,5.0,,2.0,2.0,1.0,2.0,1.0,10.0,1.0,2.0,,,2.0,1.0,7,10.0,10,1
2009-05-27,83592,,11,2,3841.0,00767T10,ASB,ADVANSOURCE BIOMATERIALS CORP,ASB,339112.0,A,A,R,31655,2,3841.0,,,,38.0,384.0,,,,,,,0.33,0.03125,21126.0,1.0,0.32,6971.58,ASB,10.0,9.0,7.0,9.0,9.0,10,10.0,10.0,2.0,2.0,10.0,7.0,5.0,,1.0,,8.0,5.0,6.0,1.0,9.0,6.0,1.0,1.0,8.0,1.0,,,,2.0,,,10.0,3.0,10.0,10.0,9.0,5.0,,2.0,2.0,1.0,2.0,1.0,10.0,1.0,2.0,,,2.0,1.0,7,10.0,10,1
2009-05-28,83592,,11,2,3841.0,00767T10,ASB,ADVANSOURCE BIOMATERIALS CORP,ASB,339112.0,A,A,R,31655,2,3841.0,,,,38.0,384.0,,,,,,,0.33,0.0,21126.0,1.0,0.32,6971.58,ASB,10.0,9.0,7.0,9.0,9.0,10,10.0,10.0,2.0,2.0,10.0,7.0,5.0,,1.0,,8.0,5.0,6.0,1.0,9.0,6.0,1.0,1.0,8.0,1.0,,,,2.0,,,10.0,3.0,10.0,10.0,9.0,5.0,,2.0,2.0,1.0,2.0,1.0,10.0,1.0,2.0,,,2.0,1.0,7,10.0,10,1
2009-05-29,83592,,11,2,3841.0,00767T10,ASB,ADVANSOURCE BIOMATERIALS CORP,ASB,339112.0,A,A,R,31655,2,3841.0,,,,38.0,384.0,,,,,,,0.31,-0.060606,21126.0,1.0,0.31,6549.06,ASB,10.0,9.0,7.0,9.0,9.0,10,10.0,10.0,2.0,2.0,10.0,7.0,5.0,,1.0,,8.0,5.0,6.0,1.0,9.0,6.0,1.0,1.0,8.0,1.0,,,,2.0,,,10.0,3.0,10.0,10.0,9.0,5.0,,2.0,2.0,1.0,2.0,1.0,10.0,1.0,2.0,,,2.0,1.0,7,10.0,10,1
2009-06-01,83592,,11,2,3841.0,00767T10,ASB,ADVANSOURCE BIOMATERIALS CORP,ASB,339112.0,A,A,R,31655,2,3841.0,,,,38.0,384.0,,,,,,,0.36,0.16129,21126.0,1.0,0.35,7605.36,ASB,10.0,9.0,7.0,9.0,9.0,10,10.0,10.0,2.0,2.0,10.0,7.0,5.0,,1.0,,8.0,5.0,6.0,1.0,9.0,6.0,1.0,1.0,8.0,1.0,,,,6.0,,,10.0,4.0,10.0,10.0,8.0,6.0,,,,,2.0,1.0,10.0,10.0,2.0,,,3.0,1.0,7,10.0,10,1
2009-06-02,83592,,11,2,3841.0,00767T10,ASB,ADVANSOURCE BIOMATERIALS CORP,ASB,339112.0,A,A,R,31655,2,3841.0,,,,38.0,384.0,,,,,,,0.37,0.027778,21126.0,1.0,0.37,7816.62,ASB,10.0,9.0,7.0,9.0,9.0,10,10.0,10.0,2.0,2.0,10.0,7.0,5.0,,1.0,,8.0,5.0,6.0,1.0,9.0,6.0,1.0,1.0,8.0,1.0,,,,6.0,,,10.0,4.0,10.0,10.0,8.0,6.0,,,,,2.0,1.0,10.0,10.0,2.0,,,3.0,1.0,7,10.0,10,1
2009-06-03,83592,,11,2,3841.0,00767T10,ASB,ADVANSOURCE BIOMATERIALS CORP,ASB,339112.0,A,A,R,31655,2,3841.0,,,,38.0,384.0,,,,,,,0.34,-0.081081,21126.0,1.0,0.37,7182.84,ASB,10.0,9.0,7.0,9.0,9.0,10,10.0,10.0,2.0,2.0,10.0,7.0,5.0,,1.0,,8.0,5.0,6.0,1.0,9.0,6.0,1.0,1.0,8.0,1.0,,,,6.0,,,10.0,4.0,10.0,10.0,8.0,6.0,,,,,2.0,1.0,10.0,10.0,2.0,,,3.0,1.0,7,10.0,10,1
2009-06-04,83592,,11,2,3841.0,00767T10,ASB,ADVANSOURCE BIOMATERIALS CORP,ASB,339112.0,A,A,R,31655,2,3841.0,,,,38.0,384.0,,,,,,,0.37,0.088235,21126.0,1.0,0.33,7816.62,ASB,10.0,9.0,7.0,9.0,9.0,10,10.0,10.0,2.0,2.0,10.0,7.0,5.0,,1.0,,8.0,5.0,6.0,1.0,9.0,6.0,1.0,1.0,8.0,1.0,,,,6.0,,,10.0,4.0,10.0,10.0,8.0,6.0,,,,,2.0,1.0,10.0,10.0,2.0,,,3.0,1.0,7,10.0,10,1
2009-06-05,83592,,11,2,3841.0,00767T10,ASB,ADVANSOURCE BIOMATERIALS CORP,ASB,339112.0,A,A,R,31655,2,3841.0,,,,38.0,384.0,,,,,,,0.4,0.081081,21126.0,1.0,0.34,8450.4,ASB,10.0,9.0,7.0,9.0,9.0,10,10.0,10.0,2.0,2.0,10.0,7.0,5.0,,1.0,,8.0,5.0,6.0,1.0,9.0,6.0,1.0,1.0,8.0,1.0,,,,6.0,,,10.0,4.0,10.0,10.0,8.0,6.0,,,,,2.0,1.0,10.0,10.0,2.0,,,3.0,1.0,7,10.0,10,1
2009-06-08,83592,,11,2,3841.0,00767T10,ASB,ADVANSOURCE BIOMATERIALS CORP,ASB,339112.0,A,A,R,31655,2,3841.0,,,,38.0,384.0,,,,,,,0.45,0.125,21126.0,1.0,0.42,9506.7,ASB,10.0,9.0,7.0,9.0,9.0,10,10.0,10.0,2.0,2.0,10.0,7.0,5.0,,1.0,,8.0,5.0,6.0,1.0,9.0,6.0,1.0,1.0,8.0,1.0,,,,6.0,,,10.0,4.0,10.0,10.0,8.0,6.0,,,,,2.0,1.0,10.0,10.0,2.0,,,3.0,1.0,7,10.0,10,1
2009-06-09,83592,,11,2,3841.0,00767T10,ASB,ADVANSOURCE BIOMATERIALS CORP,ASB,339112.0,A,A,R,31655,2,3841.0,,,,38.0,384.0,,,,,,,0.46,0.022222,21126.0,1.0,0.45,9717.96,ASB,10.0,9.0,7.0,9.0,9.0,10,10.0,10.0,2.0,2.0,10.0,7.0,5.0,,1.0,,8.0,5.0,6.0,1.0,9.0,6.0,1.0,1.0,8.0,1.0,,,,6.0,,,10.0,4.0,10.0,10.0,8.0,6.0,,,,,2.0,1.0,10.0,10.0,2.0,,,3.0,1.0,7,10.0,10,1
2009-06-10,83592,,11,2,3841.0,00767T10,ASB,ADVANSOURCE BIOMATERIALS CORP,ASB,339112.0,A,A,R,31655,2,3841.0,,,,38.0,384.0,,,,,,,0.46,0.0,21126.0,1.0,0.46,9717.96,ASB,10.0,9.0,7.0,9.0,9.0,10,10.0,10.0,2.0,2.0,10.0,7.0,5.0,,1.0,,8.0,5.0,6.0,1.0,9.0,6.0,1.0,1.0,8.0,1.0,,,,6.0,,,10.0,4.0,10.0,10.0,8.0,6.0,,,,,2.0,1.0,10.0,10.0,2.0,,,3.0,1.0,7,10.0,10,1
2009-06-11,83592,,11,2,3841.0,00767T10,ASB,ADVANSOURCE BIOMATERIALS CORP,ASB,339112.0,A,A,R,31655,2,3841.0,,,,38.0,384.0,,,,,,,0.4,-0.130435,21126.0,1.0,0.46,8450.4,ASB,10.0,9.0,7.0,9.0,9.0,10,10.0,10.0,2.0,2.0,10.0,7.0,5.0,,1.0,,8.0,5.0,6.0,1.0,9.0,6.0,1.0,1.0,8.0,1.0,,,,6.0,,,10.0,4.0,10.0,10.0,8.0,6.0,,,,,2.0,1.0,10.0,10.0,2.0,,,3.0,1.0,7,10.0,10,1
2009-06-12,83592,,11,2,3841.0,00767T10,ASB,ADVANSOURCE BIOMATERIALS CORP,ASB,339112.0,A,A,R,31655,2,3841.0,,,,38.0,384.0,,,,,,,0.36,-0.1,21126.0,1.0,0.42,7605.36,ASB,10.0,9.0,7.0,9.0,9.0,10,10.0,10.0,2.0,2.0,10.0,7.0,5.0,,1.0,,8.0,5.0,6.0,1.0,9.0,6.0,1.0,1.0,8.0,1.0,,,,6.0,,,10.0,4.0,10.0,10.0,8.0,6.0,,,,,2.0,1.0,10.0,10.0,2.0,,,3.0,1.0,7,10.0,10,1
2009-06-15,83592,,11,2,3841.0,00767T10,ASB,ADVANSOURCE BIOMATERIALS CORP,ASB,339112.0,A,A,R,31655,2,3841.0,,,,38.0,384.0,,,,,,,0.4,0.111111,21126.0,1.0,0.36,8450.4,ASB,10.0,9.0,7.0,9.0,9.0,10,10.0,10.0,2.0,2.0,10.0,7.0,5.0,,1.0,,8.0,5.0,6.0,1.0,9.0,6.0,1.0,1.0,8.0,1.0,,,,6.0,,,10.0,4.0,10.0,10.0,8.0,6.0,,,,,2.0,1.0,10.0,10.0,2.0,,,3.0,1.0,7,10.0,10,1
2009-06-16,83592,,11,2,3841.0,00767T10,ASB,ADVANSOURCE BIOMATERIALS CORP,ASB,339112.0,A,A,R,31655,2,3841.0,,,,38.0,384.0,,,,,,,0.38,-0.05,21126.0,1.0,0.41,8027.88,ASB,10.0,9.0,7.0,9.0,9.0,10,10.0,10.0,2.0,2.0,10.0,7.0,5.0,,1.0,,8.0,5.0,6.0,1.0,9.0,6.0,1.0,1.0,8.0,1.0,,,,6.0,,,10.0,4.0,10.0,10.0,8.0,6.0,,,,,2.0,1.0,10.0,10.0,2.0,,,3.0,1.0,7,10.0,10,1
2009-06-17,83592,,11,2,3841.0,00767T10,ASB,ADVANSOURCE BIOMATERIALS CORP,ASB,339112.0,A,A,R,31655,2,3841.0,,,,38.0,384.0,,,,,,,0.38,0.0,21126.0,1.0,0.36,8027.88,ASB,10.0,9.0,7.0,9.0,9.0,10,10.0,10.0,2.0,2.0,10.0,7.0,5.0,,1.0,,8.0,5.0,6.0,1.0,9.0,6.0,1.0,1.0,8.0,1.0,,,,6.0,,,10.0,4.0,10.0,10.0,8.0,6.0,,,,,2.0,1.0,10.0,10.0,2.0,,,3.0,1.0,7,10.0,10,1
2009-06-18,83592,,11,2,3841.0,00767T10,ASB,ADVANSOURCE BIOMATERIALS CORP,ASB,339112.0,A,A,R,31655,2,3841.0,,,,38.0,384.0,,,,,,,0.37,-0.026316,21126.0,1.0,0.4,7816.62,ASB,10.0,9.0,7.0,9.0,9.0,10,10.0,10.0,2.0,2.0,10.0,7.0,5.0,,1.0,,8.0,5.0,6.0,1.0,9.0,6.0,1.0,1.0,8.0,1.0,,,,6.0,,,10.0,4.0,10.0,10.0,8.0,6.0,,,,,2.0,1.0,10.0,10.0,2.0,,,3.0,1.0,7,10.0,10,1
2009-06-19,83592,,11,2,3841.0,00767T10,ASB,ADVANSOURCE BIOMATERIALS CORP,ASB,339112.0,A,A,R,31655,2,3841.0,,,,38.0,384.0,,,,,,,0.37,0.0,21126.0,1.0,0.37,7816.62,ASB,10.0,9.0,7.0,9.0,9.0,10,10.0,10.0,2.0,2.0,10.0,7.0,5.0,,1.0,,8.0,5.0,6.0,1.0,9.0,6.0,1.0,1.0,8.0,1.0,,,,6.0,,,10.0,4.0,10.0,10.0,8.0,6.0,,,,,2.0,1.0,10.0,10.0,2.0,,,3.0,1.0,7,10.0,10,1
2009-06-22,83592,,11,2,3841.0,00767T10,ASB,ADVANSOURCE BIOMATERIALS CORP,ASB,339112.0,A,A,R,31655,2,3841.0,,,,38.0,384.0,,,,,,,0.35,-0.054054,21126.0,1.0,0.37,7394.1,ASB,10.0,9.0,7.0,9.0,9.0,10,10.0,10.0,2.0,2.0,10.0,7.0,5.0,,1.0,,8.0,5.0,6.0,1.0,9.0,6.0,1.0,1.0,8.0,1.0,,,,6.0,,,10.0,4.0,10.0,10.0,8.0,6.0,,,,,2.0,1.0,10.0,10.0,2.0,,,3.0,1.0,7,10.0,10,1
2009-06-23,83592,,11,2,3841.0,00767T10,ASB,ADVANSOURCE BIOMATERIALS CORP,ASB,339112.0,A,A,R,31655,2,3841.0,,,,38.0,384.0,,,,,,,0.37,0.057143,21126.0,1.0,0.35,7816.62,ASB,10.0,9.0,7.0,9.0,9.0,10,10.0,10.0,2.0,2.0,10.0,7.0,5.0,,1.0,,8.0,5.0,6.0,1.0,9.0,6.0,1.0,1.0,8.0,1.0,,,,6.0,,,10.0,4.0,10.0,10.0,8.0,6.0,,,,,2.0,1.0,10.0,10.0,2.0,,,3.0,1.0,7,10.0,10,1
2009-06-24,83592,,11,2,3841.0,00767T10,ASB,ADVANSOURCE BIOMATERIALS CORP,ASB,339112.0,A,A,R,31655,2,3841.0,,,,38.0,384.0,,,,,,,0.36,-0.027027,21126.0,1.0,0.36,7605.36,ASB,10.0,9.0,7.0,9.0,9.0,10,10.0,10.0,2.0,2.0,10.0,7.0,5.0,,1.0,,8.0,5.0,6.0,1.0,9.0,6.0,1.0,1.0,8.0,1.0,,,,6.0,,,10.0,4.0,10.0,10.0,8.0,6.0,,,,,2.0,1.0,10.0,10.0,2.0,,,3.0,1.0,7,10.0,10,1
2009-06-25,83592,,11,2,3841.0,00767T10,ASB,ADVANSOURCE BIOMATERIALS CORP,ASB,339112.0,A,A,R,31655,2,3841.0,,,,38.0,384.0,,,,,,,0.3601,0.000278,21126.0,1.0,0.38,7607.4726,ASB,10.0,9.0,7.0,9.0,9.0,10,10.0,10.0,2.0,2.0,10.0,7.0,5.0,,1.0,,8.0,5.0,6.0,1.0,9.0,6.0,1.0,1.0,8.0,1.0,,,,6.0,,,10.0,4.0,10.0,10.0,8.0,6.0,,,,,2.0,1.0,10.0,10.0,2.0,,,3.0,1.0,7,10.0,10,1
2009-06-26,83592,,11,2,3841.0,00767T10,ASB,ADVANSOURCE BIOMATERIALS CORP,ASB,339112.0,A,A,R,31655,2,3841.0,,,,38.0,384.0,,,,,,,0.36,-0.000278,21126.0,1.0,0.36,7605.36,ASB,10.0,9.0,7.0,9.0,9.0,10,10.0,10.0,2.0,2.0,10.0,7.0,5.0,,1.0,,8.0,5.0,6.0,1.0,9.0,6.0,1.0,1.0,8.0,1.0,,,,6.0,,,10.0,4.0,10.0,10.0,8.0,6.0,,,,,2.0,1.0,10.0,10.0,2.0,,,3.0,1.0,7,10.0,10,1
2009-06-29,83592,,11,2,3841.0,00767T10,ASB,ADVANSOURCE BIOMATERIALS CORP,ASB,339112.0,A,A,R,31655,2,3841.0,,,,38.0,384.0,,,,,,,0.36,0.0,21126.0,1.0,0.36,7605.36,ASB,10.0,9.0,7.0,9.0,9.0,10,10.0,10.0,2.0,2.0,10.0,7.0,5.0,,1.0,,8.0,5.0,6.0,1.0,9.0,6.0,1.0,1.0,8.0,1.0,,,,6.0,,,10.0,4.0,10.0,10.0,8.0,6.0,,,,,2.0,1.0,10.0,10.0,2.0,,,3.0,1.0,7,10.0,10,1
2009-06-30,83592,,11,2,3841.0,00767T10,ASB,ADVANSOURCE BIOMATERIALS CORP,ASB,339112.0,A,A,R,31655,2,3841.0,,,,38.0,384.0,,,,,,,0.36,0.0,21126.0,1.0,0.36,7605.36,ASB,10.0,9.0,7.0,9.0,9.0,10,10.0,10.0,2.0,2.0,10.0,7.0,5.0,,1.0,,8.0,5.0,6.0,1.0,9.0,6.0,1.0,1.0,8.0,1.0,,,,6.0,,,10.0,4.0,10.0,10.0,8.0,6.0,,,,,2.0,1.0,10.0,10.0,2.0,,,3.0,1.0,7,10.0,10,1
2009-07-01,83592,,11,2,3841.0,00767T10,ASB,ADVANSOURCE BIOMATERIALS CORP,ASB,339112.0,A,A,R,31655,2,3841.0,,,,38.0,384.0,,,,,,,0.35,-0.027778,21126.0,1.0,0.33,7394.1,ASB,10.0,9.0,3.0,10.0,8.0,1,10.0,1.0,6.0,10.0,10.0,1.0,10.0,,1.0,,10.0,10.0,4.0,5.0,10.0,6.0,1.0,2.0,2.0,10.0,,,,7.0,,,10.0,2.0,10.0,10.0,8.0,6.0,,,,,1.0,1.0,10.0,1.0,2.0,,,2.0,1.0,7,10.0,10,1
2009-07-02,83592,,11,2,3841.0,00767T10,ASB,ADVANSOURCE BIOMATERIALS CORP,ASB,339112.0,A,A,R,31655,2,3841.0,,,,38.0,384.0,,,,,,,0.3199,-0.086,21126.0,1.0,0.33,6758.2074,ASB,10.0,9.0,3.0,10.0,8.0,1,10.0,1.0,6.0,10.0,10.0,1.0,10.0,,1.0,,10.0,10.0,4.0,5.0,10.0,6.0,1.0,2.0,2.0,10.0,,,,7.0,,,10.0,2.0,10.0,10.0,8.0,6.0,,,,,1.0,1.0,10.0,1.0,2.0,,,2.0,1.0,7,10.0,10,1
2009-07-06,83592,,11,2,3841.0,00767T10,ASB,ADVANSOURCE BIOMATERIALS CORP,ASB,339112.0,A,A,R,31655,2,3841.0,,,,38.0,384.0,,,,,,,0.36,0.125352,21126.0,1.0,0.32,7605.36,ASB,10.0,9.0,3.0,10.0,8.0,1,10.0,1.0,6.0,10.0,10.0,1.0,10.0,,1.0,,10.0,10.0,4.0,5.0,10.0,6.0,1.0,2.0,2.0,10.0,,,,7.0,,,10.0,2.0,10.0,10.0,8.0,6.0,,,,,1.0,1.0,10.0,1.0,2.0,,,2.0,1.0,7,10.0,10,1
2009-07-07,83592,,11,2,3841.0,00767T10,ASB,ADVANSOURCE BIOMATERIALS CORP,ASB,339112.0,A,A,R,31655,2,3841.0,,,,38.0,384.0,,,,,,,0.33,-0.083333,21126.0,1.0,0.32,6971.58,ASB,10.0,9.0,3.0,10.0,8.0,1,10.0,1.0,6.0,10.0,10.0,1.0,10.0,,1.0,,10.0,10.0,4.0,5.0,10.0,6.0,1.0,2.0,2.0,10.0,,,,7.0,,,10.0,2.0,10.0,10.0,8.0,6.0,,,,,1.0,1.0,10.0,1.0,2.0,,,2.0,1.0,7,10.0,10,1
2009-07-08,83592,,11,2,3841.0,00767T10,ASB,ADVANSOURCE BIOMATERIALS CORP,ASB,339112.0,A,A,R,31655,2,3841.0,,,,38.0,384.0,,,,,,,0.26,-0.212121,21126.0,1.0,0.33,5492.76,ASB,10.0,9.0,3.0,10.0,8.0,1,10.0,1.0,6.0,10.0,10.0,1.0,10.0,,1.0,,10.0,10.0,4.0,5.0,10.0,6.0,1.0,2.0,2.0,10.0,,,,7.0,,,10.0,2.0,10.0,10.0,8.0,6.0,,,,,1.0,1.0,10.0,1.0,2.0,,,2.0,1.0,7,10.0,10,1
2009-07-09,83592,,11,2,3841.0,00767T10,ASB,ADVANSOURCE BIOMATERIALS CORP,ASB,339112.0,A,A,R,31655,2,3841.0,,,,38.0,384.0,,,,,,,0.21,-0.192308,21126.0,1.0,0.26,4436.46,ASB,10.0,9.0,3.0,10.0,8.0,1,10.0,1.0,6.0,10.0,10.0,1.0,10.0,,1.0,,10.0,10.0,4.0,5.0,10.0,6.0,1.0,2.0,2.0,10.0,,,,7.0,,,10.0,2.0,10.0,10.0,8.0,6.0,,,,,1.0,1.0,10.0,1.0,2.0,,,2.0,1.0,7,10.0,10,1
2009-07-10,83592,,11,2,3841.0,00767T10,ASB,ADVANSOURCE BIOMATERIALS CORP,ASB,339112.0,A,A,R,31655,2,3841.0,,,,38.0,384.0,,,,,,,0.2,-0.047619,21126.0,1.0,0.21,4225.2,ASB,10.0,9.0,3.0,10.0,8.0,1,10.0,1.0,6.0,10.0,10.0,1.0,10.0,,1.0,,10.0,10.0,4.0,5.0,10.0,6.0,1.0,2.0,2.0,10.0,,,,7.0,,,10.0,2.0,10.0,10.0,8.0,6.0,,,,,1.0,1.0,10.0,1.0,2.0,,,2.0,1.0,7,10.0,10,1
2009-07-13,83592,,11,2,3841.0,00767T10,ASB,ADVANSOURCE BIOMATERIALS CORP,ASB,339112.0,A,A,R,31655,2,3841.0,,,,38.0,384.0,,,,,,,0.2033,0.0165,21126.0,1.0,0.2,4294.9158,ASB,10.0,9.0,3.0,10.0,8.0,1,10.0,1.0,6.0,10.0,10.0,1.0,10.0,,1.0,,10.0,10.0,4.0,5.0,10.0,6.0,1.0,2.0,2.0,10.0,,,,7.0,,,10.0,2.0,10.0,10.0,8.0,6.0,,,,,1.0,1.0,10.0,1.0,2.0,,,2.0,1.0,7,10.0,10,1
2009-07-14,83592,,11,2,3841.0,00767T10,ASB,ADVANSOURCE BIOMATERIALS CORP,ASB,339112.0,A,A,R,31655,2,3841.0,,,,38.0,384.0,,,,,,,0.1801,-0.114117,21126.0,1.0,0.19,3804.7926,ASB,10.0,9.0,3.0,10.0,8.0,1,10.0,1.0,6.0,10.0,10.0,1.0,10.0,,1.0,,10.0,10.0,4.0,5.0,10.0,6.0,1.0,2.0,2.0,10.0,,,,7.0,,,10.0,2.0,10.0,10.0,8.0,6.0,,,,,1.0,1.0,10.0,1.0,2.0,,,2.0,1.0,7,10.0,10,1
2009-07-15,83592,,11,2,3841.0,00767T10,ASB,ADVANSOURCE BIOMATERIALS CORP,ASB,339112.0,A,A,R,31655,2,3841.0,,,,38.0,384.0,,,,,,,0.1802,0.000555,21126.0,1.0,0.2019,3806.9052,ASB,10.0,9.0,3.0,10.0,8.0,1,10.0,1.0,6.0,10.0,10.0,1.0,10.0,,1.0,,10.0,10.0,4.0,5.0,10.0,6.0,1.0,2.0,2.0,10.0,,,,7.0,,,10.0,2.0,10.0,10.0,8.0,6.0,,,,,1.0,1.0,10.0,1.0,2.0,,,2.0,1.0,7,10.0,10,1
2009-07-16,83592,,11,2,3841.0,00767T10,ASB,ADVANSOURCE BIOMATERIALS CORP,ASB,339112.0,A,A,R,31655,2,3841.0,,,,38.0,384.0,,,,,,,0.1814,0.006659,21126.0,1.0,0.18,3832.2564,ASB,10.0,9.0,3.0,10.0,8.0,1,10.0,1.0,6.0,10.0,10.0,1.0,10.0,,1.0,,10.0,10.0,4.0,5.0,10.0,6.0,1.0,2.0,2.0,10.0,,,,7.0,,,10.0,2.0,10.0,10.0,8.0,6.0,,,,,1.0,1.0,10.0,1.0,2.0,,,2.0,1.0,7,10.0,10,1
2009-07-17,83592,,11,2,3841.0,00767T10,ASB,ADVANSOURCE BIOMATERIALS CORP,ASB,339112.0,A,A,R,31655,2,3841.0,,,,38.0,384.0,,,,,,,0.1801,-0.007167,21126.0,1.0,0.2,3804.7926,ASB,10.0,9.0,3.0,10.0,8.0,1,10.0,1.0,6.0,10.0,10.0,1.0,10.0,,1.0,,10.0,10.0,4.0,5.0,10.0,6.0,1.0,2.0,2.0,10.0,,,,7.0,,,10.0,2.0,10.0,10.0,8.0,6.0,,,,,1.0,1.0,10.0,1.0,2.0,,,2.0,1.0,7,10.0,10,1
2009-07-20,83592,,11,2,3841.0,00767T10,ASB,ADVANSOURCE BIOMATERIALS CORP,ASB,339112.0,A,A,R,31655,2,3841.0,,,,38.0,384.0,,,,,,,0.18,-0.000555,21126.0,1.0,0.19,3802.68,ASB,10.0,9.0,3.0,10.0,8.0,1,10.0,1.0,6.0,10.0,10.0,1.0,10.0,,1.0,,10.0,10.0,4.0,5.0,10.0,6.0,1.0,2.0,2.0,10.0,,,,7.0,,,10.0,2.0,10.0,10.0,8.0,6.0,,,,,1.0,1.0,10.0,1.0,2.0,,,2.0,1.0,7,10.0,10,1
2009-07-21,83592,,11,2,3841.0,00767T10,ASB,ADVANSOURCE BIOMATERIALS CORP,ASB,339112.0,A,A,R,31655,2,3841.0,,,,38.0,384.0,,,,,,,0.202,0.122222,21126.0,1.0,0.19,4267.452,ASB,10.0,9.0,3.0,10.0,8.0,1,10.0,1.0,6.0,10.0,10.0,1.0,10.0,,1.0,,10.0,10.0,4.0,5.0,10.0,6.0,1.0,2.0,2.0,10.0,,,,7.0,,,10.0,2.0,10.0,10.0,8.0,6.0,,,,,1.0,1.0,10.0,1.0,2.0,,,2.0,1.0,7,10.0,10,1
2009-07-22,83592,,11,2,3841.0,00767T10,ASB,ADVANSOURCE BIOMATERIALS CORP,ASB,339112.0,A,A,R,31655,2,3841.0,,,,38.0,384.0,,,,,,,0.2,-0.009901,21126.0,1.0,0.21,4225.2,ASB,10.0,9.0,3.0,10.0,8.0,1,10.0,1.0,6.0,10.0,10.0,1.0,10.0,,1.0,,10.0,10.0,4.0,5.0,10.0,6.0,1.0,2.0,2.0,10.0,,,,7.0,,,10.0,2.0,10.0,10.0,8.0,6.0,,,,,1.0,1.0,10.0,1.0,2.0,,,2.0,1.0,7,10.0,10,1
2009-07-23,83592,,11,2,3841.0,00767T10,ASB,ADVANSOURCE BIOMATERIALS CORP,ASB,339112.0,A,A,R,31655,2,3841.0,,,,38.0,384.0,,,,,,,0.18,-0.1,21126.0,1.0,0.18,3802.68,ASB,10.0,9.0,3.0,10.0,8.0,1,10.0,1.0,6.0,10.0,10.0,1.0,10.0,,1.0,,10.0,10.0,4.0,5.0,10.0,6.0,1.0,2.0,2.0,10.0,,,,7.0,,,10.0,2.0,10.0,10.0,8.0,6.0,,,,,1.0,1.0,10.0,1.0,2.0,,,2.0,1.0,7,10.0,10,1
2009-07-24,83592,,11,2,3841.0,00767T10,ASB,ADVANSOURCE BIOMATERIALS CORP,ASB,339112.0,A,A,R,31655,2,3841.0,,,,38.0,384.0,,,,,,,0.1994,0.107778,21126.0,1.0,0.18,4212.5244,ASB,10.0,9.0,3.0,10.0,8.0,1,10.0,1.0,6.0,10.0,10.0,1.0,10.0,,1.0,,10.0,10.0,4.0,5.0,10.0,6.0,1.0,2.0,2.0,10.0,,,,7.0,,,10.0,2.0,10.0,10.0,8.0,6.0,,,,,1.0,1.0,10.0,1.0,2.0,,,2.0,1.0,7,10.0,10,1
2009-07-27,83592,,11,2,3841.0,00767T10,ASB,ADVANSOURCE BIOMATERIALS CORP,ASB,339112.0,A,A,R,31655,2,3841.0,,,,38.0,384.0,,,,,,,0.18,-0.097292,21126.0,1.0,0.18,3802.68,ASB,10.0,9.0,3.0,10.0,8.0,1,10.0,1.0,6.0,10.0,10.0,1.0,10.0,,1.0,,10.0,10.0,4.0,5.0,10.0,6.0,1.0,2.0,2.0,10.0,,,,7.0,,,10.0,2.0,10.0,10.0,8.0,6.0,,,,,1.0,1.0,10.0,1.0,2.0,,,2.0,1.0,7,10.0,10,1
2009-07-28,83592,,11,2,3841.0,00767T10,ASB,ADVANSOURCE BIOMATERIALS CORP,ASB,339112.0,A,A,R,31655,2,3841.0,,,,38.0,384.0,,,,,,,0.17,-0.055556,21126.0,1.0,0.17,3591.42,ASB,10.0,9.0,3.0,10.0,8.0,1,10.0,1.0,6.0,10.0,10.0,1.0,10.0,,1.0,,10.0,10.0,4.0,5.0,10.0,6.0,1.0,2.0,2.0,10.0,,,,7.0,,,10.0,2.0,10.0,10.0,8.0,6.0,,,,,1.0,1.0,10.0,1.0,2.0,,,2.0,1.0,7,10.0,10,1
2009-07-29,83592,,11,2,3841.0,00767T10,ASB,ADVANSOURCE BIOMATERIALS CORP,ASB,339112.0,A,A,R,31655,2,3841.0,,,,38.0,384.0,,,,,,,0.175,0.029412,21126.0,1.0,0.2,3697.05,ASB,10.0,9.0,3.0,10.0,8.0,1,10.0,1.0,6.0,10.0,10.0,1.0,10.0,,1.0,,10.0,10.0,4.0,5.0,10.0,6.0,1.0,2.0,2.0,10.0,,,,7.0,,,10.0,2.0,10.0,10.0,8.0,6.0,,,,,1.0,1.0,10.0,1.0,2.0,,,2.0,1.0,7,10.0,10,1
2009-07-30,83592,,11,2,3841.0,00767T10,ASB,ADVANSOURCE BIOMATERIALS CORP,ASB,339112.0,A,A,R,31655,2,3841.0,,,,38.0,384.0,,,,,,,0.2,0.142857,21126.0,1.0,0.2,4225.2,ASB,10.0,9.0,3.0,10.0,8.0,1,10.0,1.0,6.0,10.0,10.0,1.0,10.0,,1.0,,10.0,10.0,4.0,5.0,10.0,6.0,1.0,2.0,2.0,10.0,,,,7.0,,,10.0,2.0,10.0,10.0,8.0,6.0,,,,,1.0,1.0,10.0,1.0,2.0,,,2.0,1.0,7,10.0,10,1
2009-07-31,83592,,11,2,3841.0,00767T10,ASB,ADVANSOURCE BIOMATERIALS CORP,ASB,339112.0,A,A,R,31655,2,3841.0,,,,38.0,384.0,,,,,,,0.32,0.6,21129.0,1.0,0.22,6761.28,ASB,10.0,9.0,3.0,10.0,8.0,1,10.0,1.0,6.0,10.0,10.0,1.0,10.0,,1.0,,10.0,10.0,4.0,5.0,10.0,6.0,1.0,2.0,2.0,10.0,,,,7.0,,,10.0,2.0,10.0,10.0,8.0,6.0,,,,,1.0,1.0,10.0,1.0,2.0,,,2.0,1.0,7,10.0,10,1
2009-08-03,83592,,11,2,3841.0,00767T10,ASB,ADVANSOURCE BIOMATERIALS CORP,ASB,339112.0,A,A,R,31655,2,3841.0,,,,38.0,384.0,,,,,,,0.3,-0.0625,21129.0,1.0,0.32,6338.7,ASB,10.0,9.0,3.0,10.0,8.0,1,10.0,1.0,6.0,10.0,10.0,1.0,10.0,,1.0,,10.0,10.0,4.0,5.0,10.0,6.0,1.0,2.0,2.0,10.0,,,,2.0,,,10.0,5.0,3.0,10.0,9.0,6.0,,1.0,1.0,1.0,10.0,1.0,10.0,1.0,10.0,,,1.0,1.0,7,10.0,10,1
2009-08-04,83592,,11,2,3841.0,00767T10,ASB,ADVANSOURCE BIOMATERIALS CORP,ASB,339112.0,A,A,R,31655,2,3841.0,,,,38.0,384.0,,,,,,,0.28,-0.066667,21129.0,1.0,0.3,5916.12,ASB,10.0,9.0,3.0,10.0,8.0,1,10.0,1.0,6.0,10.0,10.0,1.0,10.0,,1.0,,10.0,10.0,4.0,5.0,10.0,6.0,1.0,2.0,2.0,10.0,,,,2.0,,,10.0,5.0,3.0,10.0,9.0,6.0,,1.0,1.0,1.0,10.0,1.0,10.0,1.0,10.0,,,1.0,1.0,7,10.0,10,1
2009-08-05,83592,,11,2,3841.0,00767T10,ASB,ADVANSOURCE BIOMATERIALS CORP,ASB,339112.0,A,A,R,31655,2,3841.0,,,,38.0,384.0,,,,,,,0.29,0.035714,21129.0,1.0,0.28,6127.41,ASB,10.0,9.0,3.0,10.0,8.0,1,10.0,1.0,6.0,10.0,10.0,1.0,10.0,,1.0,,10.0,10.0,4.0,5.0,10.0,6.0,1.0,2.0,2.0,10.0,,,,2.0,,,10.0,5.0,3.0,10.0,9.0,6.0,,1.0,1.0,1.0,10.0,1.0,10.0,1.0,10.0,,,1.0,1.0,7,10.0,10,1
2009-08-06,83592,,11,2,3841.0,00767T10,ASB,ADVANSOURCE BIOMATERIALS CORP,ASB,339112.0,A,A,R,31655,2,3841.0,,,,38.0,384.0,,,,,,,0.24,-0.172414,21129.0,1.0,0.29,5070.96,ASB,10.0,9.0,3.0,10.0,8.0,1,10.0,1.0,6.0,10.0,10.0,1.0,10.0,,1.0,,10.0,10.0,4.0,5.0,10.0,6.0,1.0,2.0,2.0,10.0,,,,2.0,,,10.0,5.0,3.0,10.0,9.0,6.0,,1.0,1.0,1.0,10.0,1.0,10.0,1.0,10.0,,,1.0,1.0,7,10.0,10,1
2009-08-07,83592,,11,2,3841.0,00767T10,ASB,ADVANSOURCE BIOMATERIALS CORP,ASB,339112.0,A,A,R,31655,2,3841.0,,,,38.0,384.0,,,,,,,0.29,0.208333,21129.0,1.0,0.27,6127.41,ASB,10.0,9.0,3.0,10.0,8.0,1,10.0,1.0,6.0,10.0,10.0,1.0,10.0,,1.0,,10.0,10.0,4.0,5.0,10.0,6.0,1.0,2.0,2.0,10.0,,,,2.0,,,10.0,5.0,3.0,10.0,9.0,6.0,,1.0,1.0,1.0,10.0,1.0,10.0,1.0,10.0,,,1.0,1.0,7,10.0,10,1
2009-08-10,83592,,11,2,3841.0,00767T10,ASB,ADVANSOURCE BIOMATERIALS CORP,ASB,339112.0,A,A,R,31655,2,3841.0,,,,38.0,384.0,,,,,,,0.27,-0.068965,21129.0,1.0,0.235,5704.83,ASB,10.0,9.0,3.0,10.0,8.0,1,10.0,1.0,6.0,10.0,10.0,1.0,10.0,,1.0,,10.0,10.0,4.0,5.0,10.0,6.0,1.0,2.0,2.0,10.0,,,,2.0,,,10.0,5.0,3.0,10.0,9.0,6.0,,1.0,1.0,1.0,10.0,1.0,10.0,1.0,10.0,,,1.0,1.0,7,10.0,10,1
2009-08-11,83592,,11,2,3841.0,00767T10,ASB,ADVANSOURCE BIOMATERIALS CORP,ASB,339112.0,A,A,R,31655,2,3841.0,,,,38.0,384.0,,,,,,,0.29,0.074074,21129.0,1.0,0.25,6127.41,ASB,10.0,9.0,3.0,10.0,8.0,1,10.0,1.0,6.0,10.0,10.0,1.0,10.0,,1.0,,10.0,10.0,4.0,5.0,10.0,6.0,1.0,2.0,2.0,10.0,,,,2.0,,,10.0,5.0,3.0,10.0,9.0,6.0,,1.0,1.0,1.0,10.0,1.0,10.0,1.0,10.0,,,1.0,1.0,7,10.0,10,1
2009-08-12,83592,,11,2,3841.0,00767T10,ASB,ADVANSOURCE BIOMATERIALS CORP,ASB,339112.0,A,A,R,31655,2,3841.0,,,,38.0,384.0,,,,,,,0.3,0.034483,21129.0,1.0,0.3,6338.7,ASB,10.0,9.0,3.0,10.0,8.0,1,10.0,1.0,6.0,10.0,10.0,1.0,10.0,,1.0,,10.0,10.0,4.0,5.0,10.0,6.0,1.0,2.0,2.0,10.0,,,,2.0,,,10.0,5.0,3.0,10.0,9.0,6.0,,1.0,1.0,1.0,10.0,1.0,10.0,1.0,10.0,,,1.0,1.0,7,10.0,10,1
2009-08-13,83592,,11,2,3841.0,00767T10,ASB,ADVANSOURCE BIOMATERIALS CORP,ASB,339112.0,A,A,R,31655,2,3841.0,,,,38.0,384.0,,,,,,,0.28,-0.066667,21129.0,1.0,0.24,5916.12,ASB,10.0,9.0,3.0,10.0,8.0,1,10.0,1.0,6.0,10.0,10.0,1.0,10.0,,1.0,,10.0,10.0,4.0,5.0,10.0,6.0,1.0,2.0,2.0,10.0,,,,2.0,,,10.0,5.0,3.0,10.0,9.0,6.0,,1.0,1.0,1.0,10.0,1.0,10.0,1.0,10.0,,,1.0,1.0,7,10.0,10,1
2009-08-14,83592,,11,2,3841.0,00767T10,ASB,ADVANSOURCE BIOMATERIALS CORP,ASB,339112.0,A,A,R,31655,2,3841.0,,,,38.0,384.0,,,,,,,0.25,-0.107143,21129.0,1.0,0.26,5282.25,ASB,10.0,9.0,3.0,10.0,8.0,1,10.0,1.0,6.0,10.0,10.0,1.0,10.0,,1.0,,10.0,10.0,4.0,5.0,10.0,6.0,1.0,2.0,2.0,10.0,,,,2.0,,,10.0,5.0,3.0,10.0,9.0,6.0,,1.0,1.0,1.0,10.0,1.0,10.0,1.0,10.0,,,1.0,1.0,7,10.0,10,1
2009-08-17,83592,,11,2,3841.0,00767T10,ASB,ADVANSOURCE BIOMATERIALS CORP,ASB,339112.0,A,A,R,31655,2,3841.0,,,,38.0,384.0,,,,,,,0.3,0.2,21129.0,1.0,0.24,6338.7,ASB,10.0,9.0,3.0,10.0,8.0,1,10.0,1.0,6.0,10.0,10.0,1.0,10.0,,1.0,,10.0,10.0,4.0,5.0,10.0,6.0,1.0,2.0,2.0,10.0,,,,2.0,,,10.0,5.0,3.0,10.0,9.0,6.0,,1.0,1.0,1.0,10.0,1.0,10.0,1.0,10.0,,,1.0,1.0,7,10.0,10,1
2009-08-18,83592,,11,2,3841.0,00767T10,ASB,ADVANSOURCE BIOMATERIALS CORP,ASB,339112.0,A,A,R,31655,2,3841.0,,,,38.0,384.0,,,,,,,0.29,-0.033333,21129.0,1.0,0.3,6127.41,ASB,10.0,9.0,3.0,10.0,8.0,1,10.0,1.0,6.0,10.0,10.0,1.0,10.0,,1.0,,10.0,10.0,4.0,5.0,10.0,6.0,1.0,2.0,2.0,10.0,,,,2.0,,,10.0,5.0,3.0,10.0,9.0,6.0,,1.0,1.0,1.0,10.0,1.0,10.0,1.0,10.0,,,1.0,1.0,7,10.0,10,1
2009-08-19,83592,,11,2,3841.0,00767T10,ASB,ADVANSOURCE BIOMATERIALS CORP,ASB,339112.0,A,A,R,31655,2,3841.0,,,,38.0,384.0,,,,,,,0.35,0.206897,21129.0,1.0,0.291,7395.15,ASB,10.0,9.0,3.0,10.0,8.0,1,10.0,1.0,6.0,10.0,10.0,1.0,10.0,,1.0,,10.0,10.0,4.0,5.0,10.0,6.0,1.0,2.0,2.0,10.0,,,,2.0,,,10.0,5.0,3.0,10.0,9.0,6.0,,1.0,1.0,1.0,10.0,1.0,10.0,1.0,10.0,,,1.0,1.0,7,10.0,10,1
2009-08-20,83592,,11,2,3841.0,00767T10,ASB,ADVANSOURCE BIOMATERIALS CORP,ASB,339112.0,A,A,R,31655,2,3841.0,,,,38.0,384.0,,,,,,,0.32,-0.085714,21129.0,1.0,0.36,6761.28,ASB,10.0,9.0,3.0,10.0,8.0,1,10.0,1.0,6.0,10.0,10.0,1.0,10.0,,1.0,,10.0,10.0,4.0,5.0,10.0,6.0,1.0,2.0,2.0,10.0,,,,2.0,,,10.0,5.0,3.0,10.0,9.0,6.0,,1.0,1.0,1.0,10.0,1.0,10.0,1.0,10.0,,,1.0,1.0,7,10.0,10,1
2009-08-21,83592,,11,2,3841.0,00767T10,ASB,ADVANSOURCE BIOMATERIALS CORP,ASB,339112.0,A,A,R,31655,2,3841.0,,,,38.0,384.0,,,,,,,0.34,0.0625,21129.0,1.0,0.33,7183.86,ASB,10.0,9.0,3.0,10.0,8.0,1,10.0,1.0,6.0,10.0,10.0,1.0,10.0,,1.0,,10.0,10.0,4.0,5.0,10.0,6.0,1.0,2.0,2.0,10.0,,,,2.0,,,10.0,5.0,3.0,10.0,9.0,6.0,,1.0,1.0,1.0,10.0,1.0,10.0,1.0,10.0,,,1.0,1.0,7,10.0,10,1
2009-08-24,83592,,11,2,3841.0,00767T10,ASB,ADVANSOURCE BIOMATERIALS CORP,ASB,339112.0,A,A,R,31655,2,3841.0,,,,38.0,384.0,,,,,,,0.35,0.029412,21129.0,1.0,0.34,7395.15,ASB,10.0,9.0,3.0,10.0,8.0,1,10.0,1.0,6.0,10.0,10.0,1.0,10.0,,1.0,,10.0,10.0,4.0,5.0,10.0,6.0,1.0,2.0,2.0,10.0,,,,2.0,,,10.0,5.0,3.0,10.0,9.0,6.0,,1.0,1.0,1.0,10.0,1.0,10.0,1.0,10.0,,,1.0,1.0,7,10.0,10,1
2009-08-25,83592,,11,2,3841.0,00767T10,ASB,ADVANSOURCE BIOMATERIALS CORP,ASB,339112.0,A,A,R,31655,2,3841.0,,,,38.0,384.0,,,,,,,0.31,-0.114286,21129.0,1.0,0.345,6549.99,ASB,10.0,9.0,3.0,10.0,8.0,1,10.0,1.0,6.0,10.0,10.0,1.0,10.0,,1.0,,10.0,10.0,4.0,5.0,10.0,6.0,1.0,2.0,2.0,10.0,,,,2.0,,,10.0,5.0,3.0,10.0,9.0,6.0,,1.0,1.0,1.0,10.0,1.0,10.0,1.0,10.0,,,1.0,1.0,7,10.0,10,1
2009-08-26,83592,,11,2,3841.0,00767T10,ASB,ADVANSOURCE BIOMATERIALS CORP,ASB,339112.0,A,A,R,31655,2,3841.0,,,,38.0,384.0,,,,,,,0.32,0.032258,21129.0,1.0,0.32,6761.28,ASB,10.0,9.0,3.0,10.0,8.0,1,10.0,1.0,6.0,10.0,10.0,1.0,10.0,,1.0,,10.0,10.0,4.0,5.0,10.0,6.0,1.0,2.0,2.0,10.0,,,,2.0,,,10.0,5.0,3.0,10.0,9.0,6.0,,1.0,1.0,1.0,10.0,1.0,10.0,1.0,10.0,,,1.0,1.0,7,10.0,10,1
2009-08-27,83592,,11,2,3841.0,00767T10,ASB,ADVANSOURCE BIOMATERIALS CORP,ASB,339112.0,A,A,R,31655,2,3841.0,,,,38.0,384.0,,,,,,,0.28,-0.125,21129.0,1.0,0.34,5916.12,ASB,10.0,9.0,3.0,10.0,8.0,1,10.0,1.0,6.0,10.0,10.0,1.0,10.0,,1.0,,10.0,10.0,4.0,5.0,10.0,6.0,1.0,2.0,2.0,10.0,,,,2.0,,,10.0,5.0,3.0,10.0,9.0,6.0,,1.0,1.0,1.0,10.0,1.0,10.0,1.0,10.0,,,1.0,1.0,7,10.0,10,1
2009-08-28,83592,,11,2,3841.0,00767T10,ASB,ADVANSOURCE BIOMATERIALS CORP,ASB,339112.0,A,A,R,31655,2,3841.0,,,,38.0,384.0,,,,,,,0.32,0.142857,21129.0,1.0,0.3,6761.28,ASB,10.0,9.0,3.0,10.0,8.0,1,10.0,1.0,6.0,10.0,10.0,1.0,10.0,,1.0,,10.0,10.0,4.0,5.0,10.0,6.0,1.0,2.0,2.0,10.0,,,,2.0,,,10.0,5.0,3.0,10.0,9.0,6.0,,1.0,1.0,1.0,10.0,1.0,10.0,1.0,10.0,,,1.0,1.0,7,10.0,10,1
2009-08-31,83592,,11,2,3841.0,00767T10,ASB,ADVANSOURCE BIOMATERIALS CORP,ASB,339112.0,A,A,R,31655,2,3841.0,,,,38.0,384.0,,,,,,,0.32,0.0,21129.0,1.0,0.32,6761.28,ASB,10.0,9.0,3.0,10.0,8.0,1,10.0,1.0,6.0,10.0,10.0,1.0,10.0,,1.0,,10.0,10.0,4.0,5.0,10.0,6.0,1.0,2.0,2.0,10.0,,,,2.0,,,10.0,5.0,3.0,10.0,9.0,6.0,,1.0,1.0,1.0,10.0,1.0,10.0,1.0,10.0,,,1.0,1.0,7,10.0,10,1
2009-09-01,83592,,11,2,3841.0,00767T10,ASB,ADVANSOURCE BIOMATERIALS CORP,ASB,339112.0,A,A,R,31655,2,3841.0,,,,38.0,384.0,,,,,,,0.28,-0.125,21129.0,1.0,0.31,5916.12,ASB,10.0,9.0,3.0,10.0,8.0,1,10.0,1.0,6.0,10.0,10.0,1.0,10.0,,1.0,,10.0,10.0,4.0,5.0,10.0,6.0,1.0,2.0,2.0,10.0,,,,4.0,,,10.0,3.0,10.0,10.0,10.0,6.0,,3.0,1.0,,7.0,1.0,10.0,10.0,8.0,,,1.0,1.0,7,10.0,10,1
2009-09-02,83592,,11,2,3841.0,00767T10,ASB,ADVANSOURCE BIOMATERIALS CORP,ASB,339112.0,A,A,R,31655,2,3841.0,,,,38.0,384.0,,,,,,,0.28,0.0,21129.0,1.0,0.28,5916.12,ASB,10.0,9.0,3.0,10.0,8.0,1,10.0,1.0,6.0,10.0,10.0,1.0,10.0,,1.0,,10.0,10.0,4.0,5.0,10.0,6.0,1.0,2.0,2.0,10.0,,,,4.0,,,10.0,3.0,10.0,10.0,10.0,6.0,,3.0,1.0,,7.0,1.0,10.0,10.0,8.0,,,1.0,1.0,7,10.0,10,1
2009-09-03,83592,,11,2,3841.0,00767T10,ASB,ADVANSOURCE BIOMATERIALS CORP,ASB,339112.0,A,A,R,31655,2,3841.0,,,,38.0,384.0,,,,,,,0.32,0.142857,21129.0,1.0,0.29,6761.28,ASB,10.0,9.0,3.0,10.0,8.0,1,10.0,1.0,6.0,10.0,10.0,1.0,10.0,,1.0,,10.0,10.0,4.0,5.0,10.0,6.0,1.0,2.0,2.0,10.0,,,,4.0,,,10.0,3.0,10.0,10.0,10.0,6.0,,3.0,1.0,,7.0,1.0,10.0,10.0,8.0,,,1.0,1.0,7,10.0,10,1
2009-09-04,83592,,11,2,3841.0,00767T10,ASB,ADVANSOURCE BIOMATERIALS CORP,ASB,339112.0,A,A,R,31655,2,3841.0,,,,38.0,384.0,,,,,,,0.32,0.0,21129.0,1.0,0.329,6761.28,ASB,10.0,9.0,3.0,10.0,8.0,1,10.0,1.0,6.0,10.0,10.0,1.0,10.0,,1.0,,10.0,10.0,4.0,5.0,10.0,6.0,1.0,2.0,2.0,10.0,,,,4.0,,,10.0,3.0,10.0,10.0,10.0,6.0,,3.0,1.0,,7.0,1.0,10.0,10.0,8.0,,,1.0,1.0,7,10.0,10,1
2009-09-08,83592,,11,2,3841.0,00767T10,ASB,ADVANSOURCE BIOMATERIALS CORP,ASB,339112.0,A,A,R,31655,2,3841.0,,,,38.0,384.0,,,,,,,0.294,-0.08125,21129.0,1.0,0.329,6211.926,ASB,10.0,9.0,3.0,10.0,8.0,1,10.0,1.0,6.0,10.0,10.0,1.0,10.0,,1.0,,10.0,10.0,4.0,5.0,10.0,6.0,1.0,2.0,2.0,10.0,,,,4.0,,,10.0,3.0,10.0,10.0,10.0,6.0,,3.0,1.0,,7.0,1.0,10.0,10.0,8.0,,,1.0,1.0,7,10.0,10,1
2009-09-09,83592,,11,2,3841.0,00767T10,ASB,ADVANSOURCE BIOMATERIALS CORP,ASB,339112.0,A,A,R,31655,2,3841.0,,,,38.0,384.0,,,,,,,0.32,0.088435,21129.0,1.0,0.2999,6761.28,ASB,10.0,9.0,3.0,10.0,8.0,1,10.0,1.0,6.0,10.0,10.0,1.0,10.0,,1.0,,10.0,10.0,4.0,5.0,10.0,6.0,1.0,2.0,2.0,10.0,,,,4.0,,,10.0,3.0,10.0,10.0,10.0,6.0,,3.0,1.0,,7.0,1.0,10.0,10.0,8.0,,,1.0,1.0,7,10.0,10,1
2009-09-10,83592,,11,2,3841.0,00767T10,ASB,ADVANSOURCE BIOMATERIALS CORP,ASB,339112.0,A,A,R,31655,2,3841.0,,,,38.0,384.0,,,,,,,0.32,0.0,21129.0,1.0,0.34,6761.28,ASB,10.0,9.0,3.0,10.0,8.0,1,10.0,1.0,6.0,10.0,10.0,1.0,10.0,,1.0,,10.0,10.0,4.0,5.0,10.0,6.0,1.0,2.0,2.0,10.0,,,,4.0,,,10.0,3.0,10.0,10.0,10.0,6.0,,3.0,1.0,,7.0,1.0,10.0,10.0,8.0,,,1.0,1.0,7,10.0,10,1
2009-09-11,83592,,11,2,3841.0,00767T10,ASB,ADVANSOURCE BIOMATERIALS CORP,ASB,339112.0,A,A,R,31655,2,3841.0,,,,38.0,384.0,,,,,,,0.32,0.0,21129.0,1.0,0.32,6761.28,ASB,10.0,9.0,3.0,10.0,8.0,1,10.0,1.0,6.0,10.0,10.0,1.0,10.0,,1.0,,10.0,10.0,4.0,5.0,10.0,6.0,1.0,2.0,2.0,10.0,,,,4.0,,,10.0,3.0,10.0,10.0,10.0,6.0,,3.0,1.0,,7.0,1.0,10.0,10.0,8.0,,,1.0,1.0,7,10.0,10,1
2009-09-14,83592,,11,2,3841.0,00767T10,ASB,ADVANSOURCE BIOMATERIALS CORP,ASB,339112.0,A,A,R,31655,2,3841.0,,,,38.0,384.0,,,,,,,0.3399,0.062187,21129.0,1.0,0.34,7181.7471,ASB,10.0,9.0,3.0,10.0,8.0,1,10.0,1.0,6.0,10.0,10.0,1.0,10.0,,1.0,,10.0,10.0,4.0,5.0,10.0,6.0,1.0,2.0,2.0,10.0,,,,4.0,,,10.0,3.0,10.0,10.0,10.0,6.0,,3.0,1.0,,7.0,1.0,10.0,10.0,8.0,,,1.0,1.0,7,10.0,10,1
2009-09-15,83592,,11,2,3841.0,00767T10,ASB,ADVANSOURCE BIOMATERIALS CORP,ASB,339112.0,A,A,R,31655,2,3841.0,,,,38.0,384.0,,,,,,,0.31,-0.087967,21129.0,1.0,0.31,6549.99,ASB,10.0,9.0,3.0,10.0,8.0,1,10.0,1.0,6.0,10.0,10.0,1.0,10.0,,1.0,,10.0,10.0,4.0,5.0,10.0,6.0,1.0,2.0,2.0,10.0,,,,4.0,,,10.0,3.0,10.0,10.0,10.0,6.0,,3.0,1.0,,7.0,1.0,10.0,10.0,8.0,,,1.0,1.0,7,10.0,10,1
2009-09-16,83592,,11,2,3841.0,00767T10,ASB,ADVANSOURCE BIOMATERIALS CORP,ASB,339112.0,A,A,R,31655,2,3841.0,,,,38.0,384.0,,,,,,,0.304,-0.019355,21129.0,1.0,0.31,6423.216,ASB,10.0,9.0,3.0,10.0,8.0,1,10.0,1.0,6.0,10.0,10.0,1.0,10.0,,1.0,,10.0,10.0,4.0,5.0,10.0,6.0,1.0,2.0,2.0,10.0,,,,4.0,,,10.0,3.0,10.0,10.0,10.0,6.0,,3.0,1.0,,7.0,1.0,10.0,10.0,8.0,,,1.0,1.0,7,10.0,10,1
2009-09-17,83592,,11,2,3841.0,00767T10,ASB,ADVANSOURCE BIOMATERIALS CORP,ASB,339112.0,A,A,R,31655,2,3841.0,,,,38.0,384.0,,,,,,,0.33,0.085526,21129.0,1.0,0.31,6972.57,ASB,10.0,9.0,3.0,10.0,8.0,1,10.0,1.0,6.0,10.0,10.0,1.0,10.0,,1.0,,10.0,10.0,4.0,5.0,10.0,6.0,1.0,2.0,2.0,10.0,,,,4.0,,,10.0,3.0,10.0,10.0,10.0,6.0,,3.0,1.0,,7.0,1.0,10.0,10.0,8.0,,,1.0,1.0,7,10.0,10,1
2009-09-18,83592,,11,2,3841.0,00767T10,ASB,ADVANSOURCE BIOMATERIALS CORP,ASB,339112.0,A,A,R,31655,2,3841.0,,,,38.0,384.0,,,,,,,0.31,-0.060606,21129.0,1.0,0.31,6549.99,ASB,10.0,9.0,3.0,10.0,8.0,1,10.0,1.0,6.0,10.0,10.0,1.0,10.0,,1.0,,10.0,10.0,4.0,5.0,10.0,6.0,1.0,2.0,2.0,10.0,,,,4.0,,,10.0,3.0,10.0,10.0,10.0,6.0,,3.0,1.0,,7.0,1.0,10.0,10.0,8.0,,,1.0,1.0,7,10.0,10,1
2009-09-21,83592,,11,2,3841.0,00767T10,ASB,ADVANSOURCE BIOMATERIALS CORP,ASB,339112.0,A,A,R,31655,2,3841.0,,,,38.0,384.0,,,,,,,0.32,0.032258,21129.0,1.0,0.31,6761.28,ASB,10.0,9.0,3.0,10.0,8.0,1,10.0,1.0,6.0,10.0,10.0,1.0,10.0,,1.0,,10.0,10.0,4.0,5.0,10.0,6.0,1.0,2.0,2.0,10.0,,,,4.0,,,10.0,3.0,10.0,10.0,10.0,6.0,,3.0,1.0,,7.0,1.0,10.0,10.0,8.0,,,1.0,1.0,7,10.0,10,1
2009-09-22,83592,,11,2,3841.0,00767T10,ASB,ADVANSOURCE BIOMATERIALS CORP,ASB,339112.0,A,A,R,31655,2,3841.0,,,,38.0,384.0,,,,,,,0.34,0.0625,21129.0,1.0,0.31,7183.86,ASB,10.0,9.0,3.0,10.0,8.0,1,10.0,1.0,6.0,10.0,10.0,1.0,10.0,,1.0,,10.0,10.0,4.0,5.0,10.0,6.0,1.0,2.0,2.0,10.0,,,,4.0,,,10.0,3.0,10.0,10.0,10.0,6.0,,3.0,1.0,,7.0,1.0,10.0,10.0,8.0,,,1.0,1.0,7,10.0,10,1
2009-09-23,83592,,11,2,3841.0,00767T10,ASB,ADVANSOURCE BIOMATERIALS CORP,ASB,339112.0,A,A,R,31655,2,3841.0,,,,38.0,384.0,,,,,,,0.33,-0.029412,21129.0,1.0,0.34,6972.57,ASB,10.0,9.0,3.0,10.0,8.0,1,10.0,1.0,6.0,10.0,10.0,1.0,10.0,,1.0,,10.0,10.0,4.0,5.0,10.0,6.0,1.0,2.0,2.0,10.0,,,,4.0,,,10.0,3.0,10.0,10.0,10.0,6.0,,3.0,1.0,,7.0,1.0,10.0,10.0,8.0,,,1.0,1.0,7,10.0,10,1
2009-09-24,83592,,11,2,3841.0,00767T10,ASB,ADVANSOURCE BIOMATERIALS CORP,ASB,339112.0,A,A,R,31655,2,3841.0,,,,38.0,384.0,,,,,,,0.31,-0.060606,21129.0,1.0,0.31,6549.99,ASB,10.0,9.0,3.0,10.0,8.0,1,10.0,1.0,6.0,10.0,10.0,1.0,10.0,,1.0,,10.0,10.0,4.0,5.0,10.0,6.0,1.0,2.0,2.0,10.0,,,,4.0,,,10.0,3.0,10.0,10.0,10.0,6.0,,3.0,1.0,,7.0,1.0,10.0,10.0,8.0,,,1.0,1.0,7,10.0,10,1
2009-09-25,83592,,11,2,3841.0,00767T10,ASB,ADVANSOURCE BIOMATERIALS CORP,ASB,339112.0,A,A,R,31655,2,3841.0,,,,38.0,384.0,,,,,,,0.31,0.0,21129.0,1.0,0.31,6549.99,ASB,10.0,9.0,3.0,10.0,8.0,1,10.0,1.0,6.0,10.0,10.0,1.0,10.0,,1.0,,10.0,10.0,4.0,5.0,10.0,6.0,1.0,2.0,2.0,10.0,,,,4.0,,,10.0,3.0,10.0,10.0,10.0,6.0,,3.0,1.0,,7.0,1.0,10.0,10.0,8.0,,,1.0,1.0,7,10.0,10,1
2009-09-28,83592,,11,2,3841.0,00767T10,ASB,ADVANSOURCE BIOMATERIALS CORP,ASB,339112.0,A,A,R,31655,2,3841.0,,,,38.0,384.0,,,,,,,0.3,-0.032258,21129.0,1.0,0.32,6338.7,ASB,10.0,9.0,3.0,10.0,8.0,1,10.0,1.0,6.0,10.0,10.0,1.0,10.0,,1.0,,10.0,10.0,4.0,5.0,10.0,6.0,1.0,2.0,2.0,10.0,,,,4.0,,,10.0,3.0,10.0,10.0,10.0,6.0,,3.0,1.0,,7.0,1.0,10.0,10.0,8.0,,,1.0,1.0,7,10.0,10,1
2009-09-29,83592,,11,2,3841.0,00767T10,ASB,ADVANSOURCE BIOMATERIALS CORP,ASB,339112.0,A,A,R,31655,2,3841.0,,,,38.0,384.0,,,,,,,0.3006,0.002,21129.0,1.0,0.32,6351.3774,ASB,10.0,9.0,3.0,10.0,8.0,1,10.0,1.0,6.0,10.0,10.0,1.0,10.0,,1.0,,10.0,10.0,4.0,5.0,10.0,6.0,1.0,2.0,2.0,10.0,,,,4.0,,,10.0,3.0,10.0,10.0,10.0,6.0,,3.0,1.0,,7.0,1.0,10.0,10.0,8.0,,,1.0,1.0,7,10.0,10,1
2009-09-30,83592,,11,2,3841.0,00767T10,ASB,ADVANSOURCE BIOMATERIALS CORP,ASB,339112.0,A,A,R,31655,2,3841.0,,,,38.0,384.0,,,,,,,0.3002,-0.001331,21205.0,1.0,0.3,6365.741,ASB,10.0,9.0,3.0,10.0,8.0,1,10.0,1.0,6.0,10.0,10.0,1.0,10.0,,1.0,,10.0,10.0,4.0,5.0,10.0,6.0,1.0,2.0,2.0,10.0,,,,4.0,,,10.0,3.0,10.0,10.0,10.0,6.0,,3.0,1.0,,7.0,1.0,10.0,10.0,8.0,,,1.0,1.0,7,10.0,10,1
2009-10-01,83592,,11,2,3841.0,00767T10,ASB,ADVANSOURCE BIOMATERIALS CORP,ASB,339112.0,A,A,R,31655,2,3841.0,,,,38.0,384.0,,,,,,,0.3002,0.0,21205.0,1.0,0.31,6365.741,ASB,10.0,9.0,3.0,10.0,8.0,1,10.0,1.0,6.0,10.0,10.0,1.0,10.0,,1.0,,10.0,10.0,4.0,5.0,10.0,6.0,1.0,2.0,2.0,10.0,,,,3.0,,,10.0,3.0,9.0,10.0,10.0,5.0,,3.0,1.0,,10.0,1.0,10.0,10.0,9.0,,,2.0,1.0,7,10.0,10,1
2009-10-02,83592,,11,2,3841.0,00767T10,ASB,ADVANSOURCE BIOMATERIALS CORP,ASB,339112.0,A,A,R,31655,2,3841.0,,,,38.0,384.0,,,,,,,0.3,-0.000666,21205.0,1.0,0.3022,6361.5,ASB,10.0,9.0,3.0,10.0,8.0,1,10.0,1.0,6.0,10.0,10.0,1.0,10.0,,1.0,,10.0,10.0,4.0,5.0,10.0,6.0,1.0,2.0,2.0,10.0,,,,3.0,,,10.0,3.0,9.0,10.0,10.0,5.0,,3.0,1.0,,10.0,1.0,10.0,10.0,9.0,,,2.0,1.0,7,10.0,10,1
2009-10-05,83592,,11,2,3841.0,00767T10,ASB,ADVANSOURCE BIOMATERIALS CORP,ASB,339112.0,A,A,R,31655,2,3841.0,,,,38.0,384.0,,,,,,,0.3,0.0,21205.0,1.0,0.3001,6361.5,ASB,10.0,9.0,3.0,10.0,8.0,1,10.0,1.0,6.0,10.0,10.0,1.0,10.0,,1.0,,10.0,10.0,4.0,5.0,10.0,6.0,1.0,2.0,2.0,10.0,,,,3.0,,,10.0,3.0,9.0,10.0,10.0,5.0,,3.0,1.0,,10.0,1.0,10.0,10.0,9.0,,,2.0,1.0,7,10.0,10,1
2009-10-06,83592,,11,2,3841.0,00767T10,ASB,ADVANSOURCE BIOMATERIALS CORP,ASB,339112.0,A,A,R,31655,2,3841.0,,,,38.0,384.0,,,,,,,0.3,0.0,21205.0,1.0,0.3,6361.5,ASB,10.0,9.0,3.0,10.0,8.0,1,10.0,1.0,6.0,10.0,10.0,1.0,10.0,,1.0,,10.0,10.0,4.0,5.0,10.0,6.0,1.0,2.0,2.0,10.0,,,,3.0,,,10.0,3.0,9.0,10.0,10.0,5.0,,3.0,1.0,,10.0,1.0,10.0,10.0,9.0,,,2.0,1.0,7,10.0,10,1
2009-10-07,83592,,11,2,3841.0,00767T10,ASB,ADVANSOURCE BIOMATERIALS CORP,ASB,339112.0,A,A,R,31655,2,3841.0,,,,38.0,384.0,,,,,,,0.2921,-0.026333,21205.0,1.0,0.29,6193.9805,ASB,10.0,9.0,3.0,10.0,8.0,1,10.0,1.0,6.0,10.0,10.0,1.0,10.0,,1.0,,10.0,10.0,4.0,5.0,10.0,6.0,1.0,2.0,2.0,10.0,,,,3.0,,,10.0,3.0,9.0,10.0,10.0,5.0,,3.0,1.0,,10.0,1.0,10.0,10.0,9.0,,,2.0,1.0,7,10.0,10,1
2009-10-08,83592,,11,2,3841.0,00767T10,ASB,ADVANSOURCE BIOMATERIALS CORP,ASB,339112.0,A,A,R,31655,2,3841.0,,,,38.0,384.0,,,,,,,0.285,-0.024307,21205.0,1.0,0.28,6043.425,ASB,10.0,9.0,3.0,10.0,8.0,1,10.0,1.0,6.0,10.0,10.0,1.0,10.0,,1.0,,10.0,10.0,4.0,5.0,10.0,6.0,1.0,2.0,2.0,10.0,,,,3.0,,,10.0,3.0,9.0,10.0,10.0,5.0,,3.0,1.0,,10.0,1.0,10.0,10.0,9.0,,,2.0,1.0,7,10.0,10,1
2009-10-09,83592,,11,2,3841.0,00767T10,ASB,ADVANSOURCE BIOMATERIALS CORP,ASB,339112.0,A,A,R,31655,2,3841.0,,,,38.0,384.0,,,,,,,0.28,-0.017544,21205.0,1.0,0.27,5937.4,ASB,10.0,9.0,3.0,10.0,8.0,1,10.0,1.0,6.0,10.0,10.0,1.0,10.0,,1.0,,10.0,10.0,4.0,5.0,10.0,6.0,1.0,2.0,2.0,10.0,,,,3.0,,,10.0,3.0,9.0,10.0,10.0,5.0,,3.0,1.0,,10.0,1.0,10.0,10.0,9.0,,,2.0,1.0,7,10.0,10,1
2009-10-12,83592,,11,2,3841.0,00767T10,ASB,ADVANSOURCE BIOMATERIALS CORP,ASB,339112.0,A,A,R,31655,2,3841.0,,,,38.0,384.0,,,,,,,0.2781,-0.006786,21205.0,1.0,0.29,5897.1105,ASB,10.0,9.0,3.0,10.0,8.0,1,10.0,1.0,6.0,10.0,10.0,1.0,10.0,,1.0,,10.0,10.0,4.0,5.0,10.0,6.0,1.0,2.0,2.0,10.0,,,,3.0,,,10.0,3.0,9.0,10.0,10.0,5.0,,3.0,1.0,,10.0,1.0,10.0,10.0,9.0,,,2.0,1.0,7,10.0,10,1
2009-10-13,83592,,11,2,3841.0,00767T10,ASB,ADVANSOURCE BIOMATERIALS CORP,ASB,339112.0,A,A,R,31655,2,3841.0,,,,38.0,384.0,,,,,,,0.2606,-0.062927,21205.0,1.0,0.27,5526.023,ASB,10.0,9.0,3.0,10.0,8.0,1,10.0,1.0,6.0,10.0,10.0,1.0,10.0,,1.0,,10.0,10.0,4.0,5.0,10.0,6.0,1.0,2.0,2.0,10.0,,,,3.0,,,10.0,3.0,9.0,10.0,10.0,5.0,,3.0,1.0,,10.0,1.0,10.0,10.0,9.0,,,2.0,1.0,7,10.0,10,1
2009-10-14,83592,,11,2,3841.0,00767T10,ASB,ADVANSOURCE BIOMATERIALS CORP,ASB,339112.0,A,A,R,31655,2,3841.0,,,,38.0,384.0,,,,,,,0.27,0.036071,21205.0,1.0,0.27,5725.35,ASB,10.0,9.0,3.0,10.0,8.0,1,10.0,1.0,6.0,10.0,10.0,1.0,10.0,,1.0,,10.0,10.0,4.0,5.0,10.0,6.0,1.0,2.0,2.0,10.0,,,,3.0,,,10.0,3.0,9.0,10.0,10.0,5.0,,3.0,1.0,,10.0,1.0,10.0,10.0,9.0,,,2.0,1.0,7,10.0,10,1
2009-10-15,83592,,11,2,3841.0,00767T10,ASB,ADVANSOURCE BIOMATERIALS CORP,ASB,339112.0,A,A,R,31655,2,3841.0,,,,38.0,384.0,,,,,,,0.27,0.0,21205.0,1.0,0.2799,5725.35,ASB,10.0,9.0,3.0,10.0,8.0,1,10.0,1.0,6.0,10.0,10.0,1.0,10.0,,1.0,,10.0,10.0,4.0,5.0,10.0,6.0,1.0,2.0,2.0,10.0,,,,3.0,,,10.0,3.0,9.0,10.0,10.0,5.0,,3.0,1.0,,10.0,1.0,10.0,10.0,9.0,,,2.0,1.0,7,10.0,10,1
2009-10-16,83592,,11,2,3841.0,00767T10,ASB,ADVANSOURCE BIOMATERIALS CORP,ASB,339112.0,A,A,R,31655,2,3841.0,,,,38.0,384.0,,,,,,,0.27,0.0,21205.0,1.0,0.27,5725.35,ASB,10.0,9.0,3.0,10.0,8.0,1,10.0,1.0,6.0,10.0,10.0,1.0,10.0,,1.0,,10.0,10.0,4.0,5.0,10.0,6.0,1.0,2.0,2.0,10.0,,,,3.0,,,10.0,3.0,9.0,10.0,10.0,5.0,,3.0,1.0,,10.0,1.0,10.0,10.0,9.0,,,2.0,1.0,7,10.0,10,1
2009-10-19,83592,,11,2,3841.0,00767T10,ASB,ADVANSOURCE BIOMATERIALS CORP,ASB,339112.0,A,A,R,31655,2,3841.0,,,,38.0,384.0,,,,,,,0.27,0.0,21205.0,1.0,0.28,5725.35,ASB,10.0,9.0,3.0,10.0,8.0,1,10.0,1.0,6.0,10.0,10.0,1.0,10.0,,1.0,,10.0,10.0,4.0,5.0,10.0,6.0,1.0,2.0,2.0,10.0,,,,3.0,,,10.0,3.0,9.0,10.0,10.0,5.0,,3.0,1.0,,10.0,1.0,10.0,10.0,9.0,,,2.0,1.0,7,10.0,10,1
2009-10-20,83592,,11,2,3841.0,00767T10,ASB,ADVANSOURCE BIOMATERIALS CORP,ASB,339112.0,A,A,R,31655,2,3841.0,,,,38.0,384.0,,,,,,,0.27,0.0,21205.0,1.0,0.27,5725.35,ASB,10.0,9.0,3.0,10.0,8.0,1,10.0,1.0,6.0,10.0,10.0,1.0,10.0,,1.0,,10.0,10.0,4.0,5.0,10.0,6.0,1.0,2.0,2.0,10.0,,,,3.0,,,10.0,3.0,9.0,10.0,10.0,5.0,,3.0,1.0,,10.0,1.0,10.0,10.0,9.0,,,2.0,1.0,7,10.0,10,1
2009-10-21,83592,,11,2,3841.0,00767T10,ASB,ADVANSOURCE BIOMATERIALS CORP,ASB,339112.0,A,A,R,31655,2,3841.0,,,,38.0,384.0,,,,,,,0.2599,-0.037407,21205.0,1.0,0.27,5511.1795,ASB,10.0,9.0,3.0,10.0,8.0,1,10.0,1.0,6.0,10.0,10.0,1.0,10.0,,1.0,,10.0,10.0,4.0,5.0,10.0,6.0,1.0,2.0,2.0,10.0,,,,3.0,,,10.0,3.0,9.0,10.0,10.0,5.0,,3.0,1.0,,10.0,1.0,10.0,10.0,9.0,,,2.0,1.0,7,10.0,10,1
2009-10-22,83592,,11,2,3841.0,00767T10,ASB,ADVANSOURCE BIOMATERIALS CORP,ASB,339112.0,A,A,R,31655,2,3841.0,,,,38.0,384.0,,,,,,,0.27,0.038861,21205.0,1.0,0.25,5725.35,ASB,10.0,9.0,3.0,10.0,8.0,1,10.0,1.0,6.0,10.0,10.0,1.0,10.0,,1.0,,10.0,10.0,4.0,5.0,10.0,6.0,1.0,2.0,2.0,10.0,,,,3.0,,,10.0,3.0,9.0,10.0,10.0,5.0,,3.0,1.0,,10.0,1.0,10.0,10.0,9.0,,,2.0,1.0,7,10.0,10,1
2009-10-23,83592,,11,2,3841.0,00767T10,ASB,ADVANSOURCE BIOMATERIALS CORP,ASB,339112.0,A,A,R,31655,2,3841.0,,,,38.0,384.0,,,,,,,0.2501,-0.073704,21205.0,1.0,0.27,5303.3705,ASB,10.0,9.0,3.0,10.0,8.0,1,10.0,1.0,6.0,10.0,10.0,1.0,10.0,,1.0,,10.0,10.0,4.0,5.0,10.0,6.0,1.0,2.0,2.0,10.0,,,,3.0,,,10.0,3.0,9.0,10.0,10.0,5.0,,3.0,1.0,,10.0,1.0,10.0,10.0,9.0,,,2.0,1.0,7,10.0,10,1
2009-10-26,83592,,11,2,3841.0,00767T10,ASB,ADVANSOURCE BIOMATERIALS CORP,ASB,339112.0,A,A,R,31655,2,3841.0,,,,38.0,384.0,,,,,,,0.25,-0.0004,21205.0,1.0,0.25,5301.25,ASB,10.0,9.0,3.0,10.0,8.0,1,10.0,1.0,6.0,10.0,10.0,1.0,10.0,,1.0,,10.0,10.0,4.0,5.0,10.0,6.0,1.0,2.0,2.0,10.0,,,,3.0,,,10.0,3.0,9.0,10.0,10.0,5.0,,3.0,1.0,,10.0,1.0,10.0,10.0,9.0,,,2.0,1.0,7,10.0,10,1
2009-10-27,83592,,11,2,3841.0,00767T10,ASB,ADVANSOURCE BIOMATERIALS CORP,ASB,339112.0,A,A,R,31655,2,3841.0,,,,38.0,384.0,,,,,,,0.2699,0.0796,21205.0,1.0,0.2799,5723.2295,ASB,10.0,9.0,3.0,10.0,8.0,1,10.0,1.0,6.0,10.0,10.0,1.0,10.0,,1.0,,10.0,10.0,4.0,5.0,10.0,6.0,1.0,2.0,2.0,10.0,,,,3.0,,,10.0,3.0,9.0,10.0,10.0,5.0,,3.0,1.0,,10.0,1.0,10.0,10.0,9.0,,,2.0,1.0,7,10.0,10,1
2009-10-28,83592,,11,2,3841.0,00767T10,ASB,ADVANSOURCE BIOMATERIALS CORP,ASB,339112.0,A,A,R,31655,2,3841.0,,,,38.0,384.0,,,,,,,0.26,-0.03668,21205.0,1.0,0.25,5513.3,ASB,10.0,9.0,3.0,10.0,8.0,1,10.0,1.0,6.0,10.0,10.0,1.0,10.0,,1.0,,10.0,10.0,4.0,5.0,10.0,6.0,1.0,2.0,2.0,10.0,,,,3.0,,,10.0,3.0,9.0,10.0,10.0,5.0,,3.0,1.0,,10.0,1.0,10.0,10.0,9.0,,,2.0,1.0,7,10.0,10,1
2009-10-29,83592,,11,2,3841.0,00767T10,ASB,ADVANSOURCE BIOMATERIALS CORP,ASB,339112.0,A,A,R,31655,2,3841.0,,,,38.0,384.0,,,,,,,0.26,0.0,21205.0,1.0,0.25,5513.3,ASB,10.0,9.0,3.0,10.0,8.0,1,10.0,1.0,6.0,10.0,10.0,1.0,10.0,,1.0,,10.0,10.0,4.0,5.0,10.0,6.0,1.0,2.0,2.0,10.0,,,,3.0,,,10.0,3.0,9.0,10.0,10.0,5.0,,3.0,1.0,,10.0,1.0,10.0,10.0,9.0,,,2.0,1.0,7,10.0,10,1
2009-10-30,83592,,11,2,3841.0,00767T10,ASB,ADVANSOURCE BIOMATERIALS CORP,ASB,339112.0,A,A,R,31655,2,3841.0,,,,38.0,384.0,,,,,,,0.27,0.038462,21205.0,1.0,0.26,5725.35,ASB,10.0,9.0,3.0,10.0,8.0,1,10.0,1.0,6.0,10.0,10.0,1.0,10.0,,1.0,,10.0,10.0,4.0,5.0,10.0,6.0,1.0,2.0,2.0,10.0,,,,3.0,,,10.0,3.0,9.0,10.0,10.0,5.0,,3.0,1.0,,10.0,1.0,10.0,10.0,9.0,,,2.0,1.0,7,10.0,10,1
2009-11-02,83592,,11,2,3841.0,00767T10,ASB,ADVANSOURCE BIOMATERIALS CORP,ASB,339112.0,A,A,R,31655,2,3841.0,,,,38.0,384.0,,,,,,,0.27,0.0,21205.0,1.0,0.28,5725.35,ASB,10.0,9.0,3.0,10.0,8.0,1,10.0,1.0,6.0,10.0,10.0,1.0,10.0,,1.0,,10.0,10.0,4.0,5.0,10.0,6.0,1.0,2.0,2.0,10.0,,,,4.0,,,10.0,3.0,8.0,10.0,9.0,5.0,,1.0,1.0,1.0,8.0,1.0,10.0,2.0,7.0,,,2.0,1.0,7,10.0,10,1
2009-11-03,83592,,11,2,3841.0,00767T10,ASB,ADVANSOURCE BIOMATERIALS CORP,ASB,339112.0,A,A,R,31655,2,3841.0,,,,38.0,384.0,,,,,,,0.26,-0.037037,21205.0,1.0,0.26,5513.3,ASB,10.0,9.0,3.0,10.0,8.0,1,10.0,1.0,6.0,10.0,10.0,1.0,10.0,,1.0,,10.0,10.0,4.0,5.0,10.0,6.0,1.0,2.0,2.0,10.0,,,,4.0,,,10.0,3.0,8.0,10.0,9.0,5.0,,1.0,1.0,1.0,8.0,1.0,10.0,2.0,7.0,,,2.0,1.0,7,10.0,10,1
2009-11-04,83592,,11,2,3841.0,00767T10,ASB,ADVANSOURCE BIOMATERIALS CORP,ASB,339112.0,A,A,R,31655,2,3841.0,,,,38.0,384.0,,,,,,,0.26,0.0,21205.0,1.0,0.27,5513.3,ASB,10.0,9.0,3.0,10.0,8.0,1,10.0,1.0,6.0,10.0,10.0,1.0,10.0,,1.0,,10.0,10.0,4.0,5.0,10.0,6.0,1.0,2.0,2.0,10.0,,,,4.0,,,10.0,3.0,8.0,10.0,9.0,5.0,,1.0,1.0,1.0,8.0,1.0,10.0,2.0,7.0,,,2.0,1.0,7,10.0,10,1
2009-11-05,83592,,11,2,3841.0,00767T10,ASB,ADVANSOURCE BIOMATERIALS CORP,ASB,339112.0,A,A,R,31655,2,3841.0,,,,38.0,384.0,,,,,,,0.26,0.0,21205.0,1.0,0.2507,5513.3,ASB,10.0,9.0,3.0,10.0,8.0,1,10.0,1.0,6.0,10.0,10.0,1.0,10.0,,1.0,,10.0,10.0,4.0,5.0,10.0,6.0,1.0,2.0,2.0,10.0,,,,4.0,,,10.0,3.0,8.0,10.0,9.0,5.0,,1.0,1.0,1.0,8.0,1.0,10.0,2.0,7.0,,,2.0,1.0,7,10.0,10,1
2009-11-06,83592,,11,2,3841.0,00767T10,ASB,ADVANSOURCE BIOMATERIALS CORP,ASB,339112.0,A,A,R,31655,2,3841.0,,,,38.0,384.0,,,,,,,0.27,0.038462,21205.0,1.0,0.26,5725.35,ASB,10.0,9.0,3.0,10.0,8.0,1,10.0,1.0,6.0,10.0,10.0,1.0,10.0,,1.0,,10.0,10.0,4.0,5.0,10.0,6.0,1.0,2.0,2.0,10.0,,,,4.0,,,10.0,3.0,8.0,10.0,9.0,5.0,,1.0,1.0,1.0,8.0,1.0,10.0,2.0,7.0,,,2.0,1.0,7,10.0,10,1
2009-11-09,83592,,11,2,3841.0,00767T10,ASB,ADVANSOURCE BIOMATERIALS CORP,ASB,339112.0,A,A,R,31655,2,3841.0,,,,38.0,384.0,,,,,,,0.27,0.0,21205.0,1.0,0.27,5725.35,ASB,10.0,9.0,3.0,10.0,8.0,1,10.0,1.0,6.0,10.0,10.0,1.0,10.0,,1.0,,10.0,10.0,4.0,5.0,10.0,6.0,1.0,2.0,2.0,10.0,,,,4.0,,,10.0,3.0,8.0,10.0,9.0,5.0,,1.0,1.0,1.0,8.0,1.0,10.0,2.0,7.0,,,2.0,1.0,7,10.0,10,1
2009-11-10,83592,,11,2,3841.0,00767T10,ASB,ADVANSOURCE BIOMATERIALS CORP,ASB,339112.0,A,A,R,31655,2,3841.0,,,,38.0,384.0,,,,,,,0.28,0.037037,21205.0,1.0,0.27,5937.4,ASB,10.0,9.0,3.0,10.0,8.0,1,10.0,1.0,6.0,10.0,10.0,1.0,10.0,,1.0,,10.0,10.0,4.0,5.0,10.0,6.0,1.0,2.0,2.0,10.0,,,,4.0,,,10.0,3.0,8.0,10.0,9.0,5.0,,1.0,1.0,1.0,8.0,1.0,10.0,2.0,7.0,,,2.0,1.0,7,10.0,10,1
2009-11-11,83592,,11,2,3841.0,00767T10,ASB,ADVANSOURCE BIOMATERIALS CORP,ASB,339112.0,A,A,R,31655,2,3841.0,,,,38.0,384.0,,,,,,,0.26,-0.071429,21205.0,1.0,0.26,5513.3,ASB,10.0,9.0,3.0,10.0,8.0,1,10.0,1.0,6.0,10.0,10.0,1.0,10.0,,1.0,,10.0,10.0,4.0,5.0,10.0,6.0,1.0,2.0,2.0,10.0,,,,4.0,,,10.0,3.0,8.0,10.0,9.0,5.0,,1.0,1.0,1.0,8.0,1.0,10.0,2.0,7.0,,,2.0,1.0,7,10.0,10,1
2009-11-12,83592,,11,2,3841.0,00767T10,ASB,ADVANSOURCE BIOMATERIALS CORP,ASB,339112.0,A,A,R,31655,2,3841.0,,,,38.0,384.0,,,,,,,0.27,0.038462,21205.0,1.0,0.26,5725.35,ASB,10.0,9.0,3.0,10.0,8.0,1,10.0,1.0,6.0,10.0,10.0,1.0,10.0,,1.0,,10.0,10.0,4.0,5.0,10.0,6.0,1.0,2.0,2.0,10.0,,,,4.0,,,10.0,3.0,8.0,10.0,9.0,5.0,,1.0,1.0,1.0,8.0,1.0,10.0,2.0,7.0,,,2.0,1.0,7,10.0,10,1
2009-11-13,83592,,11,2,3841.0,00767T10,ASB,ADVANSOURCE BIOMATERIALS CORP,ASB,339112.0,A,A,R,31655,2,3841.0,,,,38.0,384.0,,,,,,,0.29,0.074074,21205.0,1.0,0.3,6149.45,ASB,10.0,9.0,3.0,10.0,8.0,1,10.0,1.0,6.0,10.0,10.0,1.0,10.0,,1.0,,10.0,10.0,4.0,5.0,10.0,6.0,1.0,2.0,2.0,10.0,,,,4.0,,,10.0,3.0,8.0,10.0,9.0,5.0,,1.0,1.0,1.0,8.0,1.0,10.0,2.0,7.0,,,2.0,1.0,7,10.0,10,1
2009-11-16,83592,,11,2,3841.0,00767T10,ASB,ADVANSOURCE BIOMATERIALS CORP,ASB,339112.0,A,A,R,31655,2,3841.0,,,,38.0,384.0,,,,,,,0.29,0.0,21205.0,1.0,0.262,6149.45,ASB,10.0,9.0,3.0,10.0,8.0,1,10.0,1.0,6.0,10.0,10.0,1.0,10.0,,1.0,,10.0,10.0,4.0,5.0,10.0,6.0,1.0,2.0,2.0,10.0,,,,4.0,,,10.0,3.0,8.0,10.0,9.0,5.0,,1.0,1.0,1.0,8.0,1.0,10.0,2.0,7.0,,,2.0,1.0,7,10.0,10,1
2009-11-17,83592,,11,2,3841.0,00767T10,ASB,ADVANSOURCE BIOMATERIALS CORP,ASB,339112.0,A,A,R,31655,2,3841.0,,,,38.0,384.0,,,,,,,0.29,0.0,21205.0,1.0,0.28,6149.45,ASB,10.0,9.0,3.0,10.0,8.0,1,10.0,1.0,6.0,10.0,10.0,1.0,10.0,,1.0,,10.0,10.0,4.0,5.0,10.0,6.0,1.0,2.0,2.0,10.0,,,,4.0,,,10.0,3.0,8.0,10.0,9.0,5.0,,1.0,1.0,1.0,8.0,1.0,10.0,2.0,7.0,,,2.0,1.0,7,10.0,10,1
2009-11-18,83592,,11,2,3841.0,00767T10,ASB,ADVANSOURCE BIOMATERIALS CORP,ASB,339112.0,A,A,R,31655,2,3841.0,,,,38.0,384.0,,,,,,,0.29,0.0,21205.0,1.0,0.28,6149.45,ASB,10.0,9.0,3.0,10.0,8.0,1,10.0,1.0,6.0,10.0,10.0,1.0,10.0,,1.0,,10.0,10.0,4.0,5.0,10.0,6.0,1.0,2.0,2.0,10.0,,,,4.0,,,10.0,3.0,8.0,10.0,9.0,5.0,,1.0,1.0,1.0,8.0,1.0,10.0,2.0,7.0,,,2.0,1.0,7,10.0,10,1
2009-11-19,83592,,11,2,3841.0,00767T10,ASB,ADVANSOURCE BIOMATERIALS CORP,ASB,339112.0,A,A,R,31655,2,3841.0,,,,38.0,384.0,,,,,,,0.28,-0.034483,21205.0,1.0,0.28,5937.4,ASB,10.0,9.0,3.0,10.0,8.0,1,10.0,1.0,6.0,10.0,10.0,1.0,10.0,,1.0,,10.0,10.0,4.0,5.0,10.0,6.0,1.0,2.0,2.0,10.0,,,,4.0,,,10.0,3.0,8.0,10.0,9.0,5.0,,1.0,1.0,1.0,8.0,1.0,10.0,2.0,7.0,,,2.0,1.0,7,10.0,10,1
2009-11-20,83592,,11,2,3841.0,00767T10,ASB,ADVANSOURCE BIOMATERIALS CORP,ASB,339112.0,A,A,R,31655,2,3841.0,,,,38.0,384.0,,,,,,,0.2801,0.000357,21205.0,1.0,0.2701,5939.5205,ASB,10.0,9.0,3.0,10.0,8.0,1,10.0,1.0,6.0,10.0,10.0,1.0,10.0,,1.0,,10.0,10.0,4.0,5.0,10.0,6.0,1.0,2.0,2.0,10.0,,,,4.0,,,10.0,3.0,8.0,10.0,9.0,5.0,,1.0,1.0,1.0,8.0,1.0,10.0,2.0,7.0,,,2.0,1.0,7,10.0,10,1
2009-11-23,83592,,11,2,3841.0,00767T10,ASB,ADVANSOURCE BIOMATERIALS CORP,ASB,339112.0,A,A,R,31655,2,3841.0,,,,38.0,384.0,,,,,,,0.28,-0.000357,21205.0,1.0,0.28,5937.4,ASB,10.0,9.0,3.0,10.0,8.0,1,10.0,1.0,6.0,10.0,10.0,1.0,10.0,,1.0,,10.0,10.0,4.0,5.0,10.0,6.0,1.0,2.0,2.0,10.0,,,,4.0,,,10.0,3.0,8.0,10.0,9.0,5.0,,1.0,1.0,1.0,8.0,1.0,10.0,2.0,7.0,,,2.0,1.0,7,10.0,10,1
2009-11-24,83592,,11,2,3841.0,00767T10,ASB,ADVANSOURCE BIOMATERIALS CORP,ASB,339112.0,A,A,R,31655,2,3841.0,,,,38.0,384.0,,,,,,,0.27,-0.035714,21205.0,1.0,0.276,5725.35,ASB,10.0,9.0,3.0,10.0,8.0,1,10.0,1.0,6.0,10.0,10.0,1.0,10.0,,1.0,,10.0,10.0,4.0,5.0,10.0,6.0,1.0,2.0,2.0,10.0,,,,4.0,,,10.0,3.0,8.0,10.0,9.0,5.0,,1.0,1.0,1.0,8.0,1.0,10.0,2.0,7.0,,,2.0,1.0,7,10.0,10,1
2009-11-25,83592,,11,2,3841.0,00767T10,ASB,ADVANSOURCE BIOMATERIALS CORP,ASB,339112.0,A,A,R,31655,2,3841.0,,,,38.0,384.0,,,,,,,0.26,-0.037037,21205.0,1.0,0.27,5513.3,ASB,10.0,9.0,3.0,10.0,8.0,1,10.0,1.0,6.0,10.0,10.0,1.0,10.0,,1.0,,10.0,10.0,4.0,5.0,10.0,6.0,1.0,2.0,2.0,10.0,,,,4.0,,,10.0,3.0,8.0,10.0,9.0,5.0,,1.0,1.0,1.0,8.0,1.0,10.0,2.0,7.0,,,2.0,1.0,7,10.0,10,1
2009-11-27,83592,,11,2,3841.0,00767T10,ASB,ADVANSOURCE BIOMATERIALS CORP,ASB,339112.0,A,A,R,31655,2,3841.0,,,,38.0,384.0,,,,,,,0.26,0.0,21205.0,1.0,0.25,5513.3,ASB,10.0,9.0,3.0,10.0,8.0,1,10.0,1.0,6.0,10.0,10.0,1.0,10.0,,1.0,,10.0,10.0,4.0,5.0,10.0,6.0,1.0,2.0,2.0,10.0,,,,4.0,,,10.0,3.0,8.0,10.0,9.0,5.0,,1.0,1.0,1.0,8.0,1.0,10.0,2.0,7.0,,,2.0,1.0,7,10.0,10,1
2009-11-30,83592,,11,2,3841.0,00767T10,ASB,ADVANSOURCE BIOMATERIALS CORP,ASB,339112.0,A,A,R,31655,2,3841.0,,,,38.0,384.0,,,,,,,0.24,-0.076923,21168.0,1.0,0.2502,5080.32,ASB,10.0,9.0,3.0,10.0,8.0,1,10.0,1.0,6.0,10.0,10.0,1.0,10.0,,1.0,,10.0,10.0,4.0,5.0,10.0,6.0,1.0,2.0,2.0,10.0,,,,4.0,,,10.0,3.0,8.0,10.0,9.0,5.0,,1.0,1.0,1.0,8.0,1.0,10.0,2.0,7.0,,,2.0,1.0,7,10.0,10,1
2009-12-01,83592,,11,2,3841.0,00767T10,ASB,ADVANSOURCE BIOMATERIALS CORP,ASB,339112.0,A,A,R,31655,2,3841.0,,,,38.0,384.0,,,,,,,0.23,-0.041667,21168.0,1.0,0.23,4868.64,ASB,10.0,9.0,3.0,10.0,8.0,1,10.0,1.0,6.0,10.0,10.0,1.0,10.0,,1.0,,10.0,10.0,4.0,5.0,10.0,6.0,1.0,2.0,2.0,10.0,,,,6.0,,,10.0,2.0,8.0,10.0,10.0,7.0,,1.0,1.0,1.0,10.0,1.0,10.0,1.0,10.0,,,2.0,1.0,7,10.0,10,1
2009-12-02,83592,,11,2,3841.0,00767T10,ASB,ADVANSOURCE BIOMATERIALS CORP,ASB,339112.0,A,A,R,31655,2,3841.0,,,,38.0,384.0,,,,,,,0.2398,0.042609,21168.0,1.0,0.23,5076.0864,ASB,10.0,9.0,3.0,10.0,8.0,1,10.0,1.0,6.0,10.0,10.0,1.0,10.0,,1.0,,10.0,10.0,4.0,5.0,10.0,6.0,1.0,2.0,2.0,10.0,,,,6.0,,,10.0,2.0,8.0,10.0,10.0,7.0,,1.0,1.0,1.0,10.0,1.0,10.0,1.0,10.0,,,2.0,1.0,7,10.0,10,1
2009-12-03,83592,,11,2,3841.0,00767T10,ASB,ADVANSOURCE BIOMATERIALS CORP,ASB,339112.0,A,A,R,31655,2,3841.0,,,,38.0,384.0,,,,,,,0.25,0.042535,21168.0,1.0,0.24,5292.0,ASB,10.0,9.0,3.0,10.0,8.0,1,10.0,1.0,6.0,10.0,10.0,1.0,10.0,,1.0,,10.0,10.0,4.0,5.0,10.0,6.0,1.0,2.0,2.0,10.0,,,,6.0,,,10.0,2.0,8.0,10.0,10.0,7.0,,1.0,1.0,1.0,10.0,1.0,10.0,1.0,10.0,,,2.0,1.0,7,10.0,10,1
2009-12-04,83592,,11,2,3841.0,00767T10,ASB,ADVANSOURCE BIOMATERIALS CORP,ASB,339112.0,A,A,R,31655,2,3841.0,,,,38.0,384.0,,,,,,,0.24,-0.04,21168.0,1.0,0.23,5080.32,ASB,10.0,9.0,3.0,10.0,8.0,1,10.0,1.0,6.0,10.0,10.0,1.0,10.0,,1.0,,10.0,10.0,4.0,5.0,10.0,6.0,1.0,2.0,2.0,10.0,,,,6.0,,,10.0,2.0,8.0,10.0,10.0,7.0,,1.0,1.0,1.0,10.0,1.0,10.0,1.0,10.0,,,2.0,1.0,7,10.0,10,1
2009-12-07,83592,,11,2,3841.0,00767T10,ASB,ADVANSOURCE BIOMATERIALS CORP,ASB,339112.0,A,A,R,31655,2,3841.0,,,,38.0,384.0,,,,,,,0.2549,0.062083,21168.0,1.0,0.23,5395.7232,ASB,10.0,9.0,3.0,10.0,8.0,1,10.0,1.0,6.0,10.0,10.0,1.0,10.0,,1.0,,10.0,10.0,4.0,5.0,10.0,6.0,1.0,2.0,2.0,10.0,,,,6.0,,,10.0,2.0,8.0,10.0,10.0,7.0,,1.0,1.0,1.0,10.0,1.0,10.0,1.0,10.0,,,2.0,1.0,7,10.0,10,1
2009-12-08,83592,,11,2,3841.0,00767T10,ASB,ADVANSOURCE BIOMATERIALS CORP,ASB,339112.0,A,A,R,31655,2,3841.0,,,,38.0,384.0,,,,,,,0.24,-0.058454,21168.0,1.0,0.24,5080.32,ASB,10.0,9.0,3.0,10.0,8.0,1,10.0,1.0,6.0,10.0,10.0,1.0,10.0,,1.0,,10.0,10.0,4.0,5.0,10.0,6.0,1.0,2.0,2.0,10.0,,,,6.0,,,10.0,2.0,8.0,10.0,10.0,7.0,,1.0,1.0,1.0,10.0,1.0,10.0,1.0,10.0,,,2.0,1.0,7,10.0,10,1
2009-12-09,83592,,11,2,3841.0,00767T10,ASB,ADVANSOURCE BIOMATERIALS CORP,ASB,339112.0,A,A,R,31655,2,3841.0,,,,38.0,384.0,,,,,,,0.331,0.379167,21168.0,1.0,0.25,7006.608,ASB,10.0,9.0,3.0,10.0,8.0,1,10.0,1.0,6.0,10.0,10.0,1.0,10.0,,1.0,,10.0,10.0,4.0,5.0,10.0,6.0,1.0,2.0,2.0,10.0,,,,6.0,,,10.0,2.0,8.0,10.0,10.0,7.0,,1.0,1.0,1.0,10.0,1.0,10.0,1.0,10.0,,,2.0,1.0,7,10.0,10,1
2009-12-10,83592,,11,2,3841.0,00767T10,ASB,ADVANSOURCE BIOMATERIALS CORP,ASB,339112.0,A,A,R,31655,2,3841.0,,,,38.0,384.0,,,,,,,0.3172,-0.041692,21168.0,1.0,0.37,6714.4896,ASB,10.0,9.0,3.0,10.0,8.0,1,10.0,1.0,6.0,10.0,10.0,1.0,10.0,,1.0,,10.0,10.0,4.0,5.0,10.0,6.0,1.0,2.0,2.0,10.0,,,,6.0,,,10.0,2.0,8.0,10.0,10.0,7.0,,1.0,1.0,1.0,10.0,1.0,10.0,1.0,10.0,,,2.0,1.0,7,10.0,10,1
2009-12-11,83592,,11,2,3841.0,00767T10,ASB,ADVANSOURCE BIOMATERIALS CORP,ASB,339112.0,A,A,R,31655,2,3841.0,,,,38.0,384.0,,,,,,,0.3,-0.054224,21168.0,1.0,0.31,6350.4,ASB,10.0,9.0,3.0,10.0,8.0,1,10.0,1.0,6.0,10.0,10.0,1.0,10.0,,1.0,,10.0,10.0,4.0,5.0,10.0,6.0,1.0,2.0,2.0,10.0,,,,6.0,,,10.0,2.0,8.0,10.0,10.0,7.0,,1.0,1.0,1.0,10.0,1.0,10.0,1.0,10.0,,,2.0,1.0,7,10.0,10,1
2009-12-14,83592,,11,2,3841.0,00767T10,ASB,ADVANSOURCE BIOMATERIALS CORP,ASB,339112.0,A,A,R,31655,2,3841.0,,,,38.0,384.0,,,,,,,0.2612,-0.129333,21168.0,1.0,0.29,5529.0816,ASB,10.0,9.0,3.0,10.0,8.0,1,10.0,1.0,6.0,10.0,10.0,1.0,10.0,,1.0,,10.0,10.0,4.0,5.0,10.0,6.0,1.0,2.0,2.0,10.0,,,,6.0,,,10.0,2.0,8.0,10.0,10.0,7.0,,1.0,1.0,1.0,10.0,1.0,10.0,1.0,10.0,,,2.0,1.0,7,10.0,10,1
2009-12-15,83592,,11,2,3841.0,00767T10,ASB,ADVANSOURCE BIOMATERIALS CORP,ASB,339112.0,A,A,R,31655,2,3841.0,,,,38.0,384.0,,,,,,,0.262,0.003063,21168.0,1.0,0.2899,5546.016,ASB,10.0,9.0,3.0,10.0,8.0,1,10.0,1.0,6.0,10.0,10.0,1.0,10.0,,1.0,,10.0,10.0,4.0,5.0,10.0,6.0,1.0,2.0,2.0,10.0,,,,6.0,,,10.0,2.0,8.0,10.0,10.0,7.0,,1.0,1.0,1.0,10.0,1.0,10.0,1.0,10.0,,,2.0,1.0,7,10.0,10,1
2009-12-16,83592,,11,2,3841.0,00767T10,ASB,ADVANSOURCE BIOMATERIALS CORP,ASB,339112.0,A,A,R,31655,2,3841.0,,,,38.0,384.0,,,,,,,0.2599,-0.008015,21168.0,1.0,0.2602,5501.5632,ASB,10.0,9.0,3.0,10.0,8.0,1,10.0,1.0,6.0,10.0,10.0,1.0,10.0,,1.0,,10.0,10.0,4.0,5.0,10.0,6.0,1.0,2.0,2.0,10.0,,,,6.0,,,10.0,2.0,8.0,10.0,10.0,7.0,,1.0,1.0,1.0,10.0,1.0,10.0,1.0,10.0,,,2.0,1.0,7,10.0,10,1
2009-12-17,83592,,11,2,3841.0,00767T10,ASB,ADVANSOURCE BIOMATERIALS CORP,ASB,339112.0,A,A,R,31655,2,3841.0,,,,38.0,384.0,,,,,,,0.26,0.000385,21168.0,1.0,0.25,5503.68,ASB,10.0,9.0,3.0,10.0,8.0,1,10.0,1.0,6.0,10.0,10.0,1.0,10.0,,1.0,,10.0,10.0,4.0,5.0,10.0,6.0,1.0,2.0,2.0,10.0,,,,6.0,,,10.0,2.0,8.0,10.0,10.0,7.0,,1.0,1.0,1.0,10.0,1.0,10.0,1.0,10.0,,,2.0,1.0,7,10.0,10,1
2009-12-18,83592,,11,2,3841.0,00767T10,ASB,ADVANSOURCE BIOMATERIALS CORP,ASB,339112.0,A,A,R,31655,2,3841.0,,,,38.0,384.0,,,,,,,0.22,-0.153846,21168.0,1.0,0.25,4656.96,ASB,10.0,9.0,3.0,10.0,8.0,1,10.0,1.0,6.0,10.0,10.0,1.0,10.0,,1.0,,10.0,10.0,4.0,5.0,10.0,6.0,1.0,2.0,2.0,10.0,,,,6.0,,,10.0,2.0,8.0,10.0,10.0,7.0,,1.0,1.0,1.0,10.0,1.0,10.0,1.0,10.0,,,2.0,1.0,7,10.0,10,1
2009-12-21,83592,,11,2,3841.0,00767T10,ASB,ADVANSOURCE BIOMATERIALS CORP,ASB,339112.0,A,A,R,31655,2,3841.0,,,,38.0,384.0,,,,,,,0.2497,0.135,21168.0,1.0,0.22,5285.6496,ASB,10.0,9.0,3.0,10.0,8.0,1,10.0,1.0,6.0,10.0,10.0,1.0,10.0,,1.0,,10.0,10.0,4.0,5.0,10.0,6.0,1.0,2.0,2.0,10.0,,,,6.0,,,10.0,2.0,8.0,10.0,10.0,7.0,,1.0,1.0,1.0,10.0,1.0,10.0,1.0,10.0,,,2.0,1.0,7,10.0,10,1
2009-12-22,83592,,11,2,3841.0,00767T10,ASB,ADVANSOURCE BIOMATERIALS CORP,ASB,339112.0,A,A,R,31655,2,3841.0,,,,38.0,384.0,,,,,,,0.242,-0.030837,21168.0,1.0,0.25,5122.656,ASB,10.0,9.0,3.0,10.0,8.0,1,10.0,1.0,6.0,10.0,10.0,1.0,10.0,,1.0,,10.0,10.0,4.0,5.0,10.0,6.0,1.0,2.0,2.0,10.0,,,,6.0,,,10.0,2.0,8.0,10.0,10.0,7.0,,1.0,1.0,1.0,10.0,1.0,10.0,1.0,10.0,,,2.0,1.0,7,10.0,10,1
2009-12-23,83592,,11,2,3841.0,00767T10,ASB,ADVANSOURCE BIOMATERIALS CORP,ASB,339112.0,A,A,R,31655,2,3841.0,,,,38.0,384.0,,,,,,,0.23,-0.049587,21168.0,1.0,0.221,4868.64,ASB,10.0,9.0,3.0,10.0,8.0,1,10.0,1.0,6.0,10.0,10.0,1.0,10.0,,1.0,,10.0,10.0,4.0,5.0,10.0,6.0,1.0,2.0,2.0,10.0,,,,6.0,,,10.0,2.0,8.0,10.0,10.0,7.0,,1.0,1.0,1.0,10.0,1.0,10.0,1.0,10.0,,,2.0,1.0,7,10.0,10,1
2009-12-24,83592,,11,2,3841.0,00767T10,ASB,ADVANSOURCE BIOMATERIALS CORP,ASB,339112.0,A,A,R,31655,2,3841.0,,,,38.0,384.0,,,,,,,0.23,0.0,21168.0,1.0,0.23,4868.64,ASB,10.0,9.0,3.0,10.0,8.0,1,10.0,1.0,6.0,10.0,10.0,1.0,10.0,,1.0,,10.0,10.0,4.0,5.0,10.0,6.0,1.0,2.0,2.0,10.0,,,,6.0,,,10.0,2.0,8.0,10.0,10.0,7.0,,1.0,1.0,1.0,10.0,1.0,10.0,1.0,10.0,,,2.0,1.0,7,10.0,10,1
2009-12-28,83592,,11,2,3841.0,00767T10,ASB,ADVANSOURCE BIOMATERIALS CORP,ASB,339112.0,A,A,R,31655,2,3841.0,,,,38.0,384.0,,,,,,,0.24,0.043478,21168.0,1.0,0.23,5080.32,ASB,10.0,9.0,3.0,10.0,8.0,1,10.0,1.0,6.0,10.0,10.0,1.0,10.0,,1.0,,10.0,10.0,4.0,5.0,10.0,6.0,1.0,2.0,2.0,10.0,,,,6.0,,,10.0,2.0,8.0,10.0,10.0,7.0,,1.0,1.0,1.0,10.0,1.0,10.0,1.0,10.0,,,2.0,1.0,7,10.0,10,1
2009-12-29,83592,,11,2,3841.0,00767T10,ASB,ADVANSOURCE BIOMATERIALS CORP,ASB,339112.0,A,A,R,31655,2,3841.0,,,,38.0,384.0,,,,,,,0.28,0.166667,21168.0,1.0,0.2312,5927.04,ASB,10.0,9.0,3.0,10.0,8.0,1,10.0,1.0,6.0,10.0,10.0,1.0,10.0,,1.0,,10.0,10.0,4.0,5.0,10.0,6.0,1.0,2.0,2.0,10.0,,,,6.0,,,10.0,2.0,8.0,10.0,10.0,7.0,,1.0,1.0,1.0,10.0,1.0,10.0,1.0,10.0,,,2.0,1.0,7,10.0,10,1
2009-12-30,83592,,11,2,3841.0,00767T10,ASB,ADVANSOURCE BIOMATERIALS CORP,ASB,339112.0,A,A,R,31655,2,3841.0,,,,38.0,384.0,,,,,,,0.28,0.0,21168.0,1.0,0.3,5927.04,ASB,10.0,9.0,3.0,10.0,8.0,1,10.0,1.0,6.0,10.0,10.0,1.0,10.0,,1.0,,10.0,10.0,4.0,5.0,10.0,6.0,1.0,2.0,2.0,10.0,,,,6.0,,,10.0,2.0,8.0,10.0,10.0,7.0,,1.0,1.0,1.0,10.0,1.0,10.0,1.0,10.0,,,2.0,1.0,7,10.0,10,1
2009-12-31,83592,,11,2,3841.0,00767T10,ASB,ADVANSOURCE BIOMATERIALS CORP,ASB,339112.0,A,A,R,31655,2,3841.0,,,,38.0,384.0,,,,,,,0.28,0.0,21168.0,1.0,0.28,5927.04,ASB,10.0,9.0,3.0,10.0,8.0,1,10.0,1.0,6.0,10.0,10.0,1.0,10.0,,1.0,,10.0,10.0,4.0,5.0,10.0,6.0,1.0,2.0,2.0,10.0,,,,6.0,,,10.0,2.0,8.0,10.0,10.0,7.0,,1.0,1.0,1.0,10.0,1.0,10.0,1.0,10.0,,,2.0,1.0,7,10.0,10,1
2010-01-04,83592,,11,2,3841.0,00767T10,ASB,ADVANSOURCE BIOMATERIALS CORP,ASB,339112.0,A,A,R,31655,2,3841.0,,,,38.0,384.0,,,,,,,0.271,-0.032143,21168.0,1.0,0.271,5736.528,ASB,10.0,9.0,3.0,10.0,8.0,1,10.0,1.0,6.0,10.0,10.0,1.0,10.0,,1.0,,10.0,10.0,4.0,5.0,10.0,6.0,1.0,2.0,2.0,10.0,,,,4.0,,,10.0,2.0,6.0,10.0,10.0,7.0,,1.0,1.0,1.0,2.0,1.0,10.0,10.0,2.0,,,1.0,1.0,7,10.0,10,1
2010-01-05,83592,,11,2,3841.0,00767T10,ASB,ADVANSOURCE BIOMATERIALS CORP,ASB,339112.0,A,A,R,31655,2,3841.0,,,,38.0,384.0,,,,,,,0.31,0.143911,21168.0,1.0,0.265,6562.08,ASB,10.0,9.0,3.0,10.0,8.0,1,10.0,1.0,6.0,10.0,10.0,1.0,10.0,,1.0,,10.0,10.0,4.0,5.0,10.0,6.0,1.0,2.0,2.0,10.0,,,,4.0,,,10.0,2.0,6.0,10.0,10.0,7.0,,1.0,1.0,1.0,2.0,1.0,10.0,10.0,2.0,,,1.0,1.0,7,10.0,10,1
2010-01-06,83592,,11,2,3841.0,00767T10,ASB,ADVANSOURCE BIOMATERIALS CORP,ASB,339112.0,A,A,R,31655,2,3841.0,,,,38.0,384.0,,,,,,,0.37,0.193548,21168.0,1.0,0.3,7832.16,ASB,10.0,9.0,3.0,10.0,8.0,1,10.0,1.0,6.0,10.0,10.0,1.0,10.0,,1.0,,10.0,10.0,4.0,5.0,10.0,6.0,1.0,2.0,2.0,10.0,,,,4.0,,,10.0,2.0,6.0,10.0,10.0,7.0,,1.0,1.0,1.0,2.0,1.0,10.0,10.0,2.0,,,1.0,1.0,7,10.0,10,1
2010-01-07,83592,,11,2,3841.0,00767T10,ASB,ADVANSOURCE BIOMATERIALS CORP,ASB,339112.0,A,A,R,31655,2,3841.0,,,,38.0,384.0,,,,,,,0.33,-0.108108,21168.0,1.0,0.36,6985.44,ASB,10.0,9.0,3.0,10.0,8.0,1,10.0,1.0,6.0,10.0,10.0,1.0,10.0,,1.0,,10.0,10.0,4.0,5.0,10.0,6.0,1.0,2.0,2.0,10.0,,,,4.0,,,10.0,2.0,6.0,10.0,10.0,7.0,,1.0,1.0,1.0,2.0,1.0,10.0,10.0,2.0,,,1.0,1.0,7,10.0,10,1
2010-01-08,83592,,11,2,3841.0,00767T10,ASB,ADVANSOURCE BIOMATERIALS CORP,ASB,339112.0,A,A,R,31655,2,3841.0,,,,38.0,384.0,,,,,,,0.33,0.0,21168.0,1.0,0.33,6985.44,ASB,10.0,9.0,3.0,10.0,8.0,1,10.0,1.0,6.0,10.0,10.0,1.0,10.0,,1.0,,10.0,10.0,4.0,5.0,10.0,6.0,1.0,2.0,2.0,10.0,,,,4.0,,,10.0,2.0,6.0,10.0,10.0,7.0,,1.0,1.0,1.0,2.0,1.0,10.0,10.0,2.0,,,1.0,1.0,7,10.0,10,1
2010-01-11,83592,,11,2,3841.0,00767T10,ASB,ADVANSOURCE BIOMATERIALS CORP,ASB,339112.0,A,A,R,31655,2,3841.0,,,,38.0,384.0,,,,,,,0.31,-0.060606,21168.0,1.0,0.31,6562.08,ASB,10.0,9.0,3.0,10.0,8.0,1,10.0,1.0,6.0,10.0,10.0,1.0,10.0,,1.0,,10.0,10.0,4.0,5.0,10.0,6.0,1.0,2.0,2.0,10.0,,,,4.0,,,10.0,2.0,6.0,10.0,10.0,7.0,,1.0,1.0,1.0,2.0,1.0,10.0,10.0,2.0,,,1.0,1.0,7,10.0,10,1
2010-01-12,83592,,11,2,3841.0,00767T10,ASB,ADVANSOURCE BIOMATERIALS CORP,ASB,339112.0,A,A,R,31655,2,3841.0,,,,38.0,384.0,,,,,,,0.3,-0.032258,21168.0,1.0,0.29,6350.4,ASB,10.0,9.0,3.0,10.0,8.0,1,10.0,1.0,6.0,10.0,10.0,1.0,10.0,,1.0,,10.0,10.0,4.0,5.0,10.0,6.0,1.0,2.0,2.0,10.0,,,,4.0,,,10.0,2.0,6.0,10.0,10.0,7.0,,1.0,1.0,1.0,2.0,1.0,10.0,10.0,2.0,,,1.0,1.0,7,10.0,10,1
2010-01-13,83592,,11,2,3841.0,00767T10,ASB,ADVANSOURCE BIOMATERIALS CORP,ASB,339112.0,A,A,R,31655,2,3841.0,,,,38.0,384.0,,,,,,,0.32,0.066667,21168.0,1.0,0.3,6773.76,ASB,10.0,9.0,3.0,10.0,8.0,1,10.0,1.0,6.0,10.0,10.0,1.0,10.0,,1.0,,10.0,10.0,4.0,5.0,10.0,6.0,1.0,2.0,2.0,10.0,,,,4.0,,,10.0,2.0,6.0,10.0,10.0,7.0,,1.0,1.0,1.0,2.0,1.0,10.0,10.0,2.0,,,1.0,1.0,7,10.0,10,1
2010-01-14,83592,,11,2,3841.0,00767T10,ASB,ADVANSOURCE BIOMATERIALS CORP,ASB,339112.0,A,A,R,31655,2,3841.0,,,,38.0,384.0,,,,,,,0.35,0.09375,21168.0,1.0,0.3,7408.8,ASB,10.0,9.0,3.0,10.0,8.0,1,10.0,1.0,6.0,10.0,10.0,1.0,10.0,,1.0,,10.0,10.0,4.0,5.0,10.0,6.0,1.0,2.0,2.0,10.0,,,,4.0,,,10.0,2.0,6.0,10.0,10.0,7.0,,1.0,1.0,1.0,2.0,1.0,10.0,10.0,2.0,,,1.0,1.0,7,10.0,10,1
2010-01-15,83592,,11,2,3841.0,00767T10,ASB,ADVANSOURCE BIOMATERIALS CORP,ASB,339112.0,A,A,R,31655,2,3841.0,,,,38.0,384.0,,,,,,,0.33,-0.057143,21168.0,1.0,0.35,6985.44,ASB,10.0,9.0,3.0,10.0,8.0,1,10.0,1.0,6.0,10.0,10.0,1.0,10.0,,1.0,,10.0,10.0,4.0,5.0,10.0,6.0,1.0,2.0,2.0,10.0,,,,4.0,,,10.0,2.0,6.0,10.0,10.0,7.0,,1.0,1.0,1.0,2.0,1.0,10.0,10.0,2.0,,,1.0,1.0,7,10.0,10,1
2010-01-19,83592,,11,2,3841.0,00767T10,ASB,ADVANSOURCE BIOMATERIALS CORP,ASB,339112.0,A,A,R,31655,2,3841.0,,,,38.0,384.0,,,,,,,0.351,0.063636,21168.0,1.0,0.32,7429.968,ASB,10.0,9.0,3.0,10.0,8.0,1,10.0,1.0,6.0,10.0,10.0,1.0,10.0,,1.0,,10.0,10.0,4.0,5.0,10.0,6.0,1.0,2.0,2.0,10.0,,,,4.0,,,10.0,2.0,6.0,10.0,10.0,7.0,,1.0,1.0,1.0,2.0,1.0,10.0,10.0,2.0,,,1.0,1.0,7,10.0,10,1
2010-01-20,83592,,11,2,3841.0,00767T10,ASB,ADVANSOURCE BIOMATERIALS CORP,ASB,339112.0,A,A,R,31655,2,3841.0,,,,38.0,384.0,,,,,,,0.3475,-0.009972,21168.0,1.0,0.36,7355.88,ASB,10.0,9.0,3.0,10.0,8.0,1,10.0,1.0,6.0,10.0,10.0,1.0,10.0,,1.0,,10.0,10.0,4.0,5.0,10.0,6.0,1.0,2.0,2.0,10.0,,,,4.0,,,10.0,2.0,6.0,10.0,10.0,7.0,,1.0,1.0,1.0,2.0,1.0,10.0,10.0,2.0,,,1.0,1.0,7,10.0,10,1
2010-01-21,83592,,11,2,3841.0,00767T10,ASB,ADVANSOURCE BIOMATERIALS CORP,ASB,339112.0,A,A,R,31655,2,3841.0,,,,38.0,384.0,,,,,,,0.33,-0.05036,21168.0,1.0,0.3475,6985.44,ASB,10.0,9.0,3.0,10.0,8.0,1,10.0,1.0,6.0,10.0,10.0,1.0,10.0,,1.0,,10.0,10.0,4.0,5.0,10.0,6.0,1.0,2.0,2.0,10.0,,,,4.0,,,10.0,2.0,6.0,10.0,10.0,7.0,,1.0,1.0,1.0,2.0,1.0,10.0,10.0,2.0,,,1.0,1.0,7,10.0,10,1
2010-01-22,83592,,11,2,3841.0,00767T10,ASB,ADVANSOURCE BIOMATERIALS CORP,ASB,339112.0,A,A,R,31655,2,3841.0,,,,38.0,384.0,,,,,,,0.35,0.060606,21168.0,1.0,0.32,7408.8,ASB,10.0,9.0,3.0,10.0,8.0,1,10.0,1.0,6.0,10.0,10.0,1.0,10.0,,1.0,,10.0,10.0,4.0,5.0,10.0,6.0,1.0,2.0,2.0,10.0,,,,4.0,,,10.0,2.0,6.0,10.0,10.0,7.0,,1.0,1.0,1.0,2.0,1.0,10.0,10.0,2.0,,,1.0,1.0,7,10.0,10,1
2010-01-25,83592,,11,2,3841.0,00767T10,ASB,ADVANSOURCE BIOMATERIALS CORP,ASB,339112.0,A,A,R,31655,2,3841.0,,,,38.0,384.0,,,,,,,0.3325,-0.05,21168.0,1.0,0.35,7038.36,ASB,10.0,9.0,3.0,10.0,8.0,1,10.0,1.0,6.0,10.0,10.0,1.0,10.0,,1.0,,10.0,10.0,4.0,5.0,10.0,6.0,1.0,2.0,2.0,10.0,,,,4.0,,,10.0,2.0,6.0,10.0,10.0,7.0,,1.0,1.0,1.0,2.0,1.0,10.0,10.0,2.0,,,1.0,1.0,7,10.0,10,1
2010-01-26,83592,,11,2,3841.0,00767T10,ASB,ADVANSOURCE BIOMATERIALS CORP,ASB,339112.0,A,A,R,31655,2,3841.0,,,,38.0,384.0,,,,,,,0.3175,-0.045113,21168.0,1.0,0.3213,6720.84,ASB,10.0,9.0,3.0,10.0,8.0,1,10.0,1.0,6.0,10.0,10.0,1.0,10.0,,1.0,,10.0,10.0,4.0,5.0,10.0,6.0,1.0,2.0,2.0,10.0,,,,4.0,,,10.0,2.0,6.0,10.0,10.0,7.0,,1.0,1.0,1.0,2.0,1.0,10.0,10.0,2.0,,,1.0,1.0,7,10.0,10,1
2010-01-27,83592,,11,2,3841.0,00767T10,ASB,ADVANSOURCE BIOMATERIALS CORP,ASB,339112.0,A,A,R,31655,2,3841.0,,,,38.0,384.0,,,,,,,0.3175,0.0,21168.0,1.0,0.3175,6720.84,ASB,10.0,9.0,3.0,10.0,8.0,1,10.0,1.0,6.0,10.0,10.0,1.0,10.0,,1.0,,10.0,10.0,4.0,5.0,10.0,6.0,1.0,2.0,2.0,10.0,,,,4.0,,,10.0,2.0,6.0,10.0,10.0,7.0,,1.0,1.0,1.0,2.0,1.0,10.0,10.0,2.0,,,1.0,1.0,7,10.0,10,1
2010-01-28,83592,,11,2,3841.0,00767T10,ASB,ADVANSOURCE BIOMATERIALS CORP,ASB,339112.0,A,A,R,31655,2,3841.0,,,,38.0,384.0,,,,,,,0.3175,0.0,21168.0,1.0,0.3175,6720.84,ASB,10.0,9.0,3.0,10.0,8.0,1,10.0,1.0,6.0,10.0,10.0,1.0,10.0,,1.0,,10.0,10.0,4.0,5.0,10.0,6.0,1.0,2.0,2.0,10.0,,,,4.0,,,10.0,2.0,6.0,10.0,10.0,7.0,,1.0,1.0,1.0,2.0,1.0,10.0,10.0,2.0,,,1.0,1.0,7,10.0,10,1
2010-01-29,83592,,11,2,3841.0,00767T10,ASB,ADVANSOURCE BIOMATERIALS CORP,ASB,339112.0,A,A,R,31655,2,3841.0,,,,38.0,384.0,,,,,,,0.31,-0.023622,21168.0,1.0,0.31,6562.08,ASB,10.0,9.0,3.0,10.0,8.0,1,10.0,1.0,6.0,10.0,10.0,1.0,10.0,,1.0,,10.0,10.0,4.0,5.0,10.0,6.0,1.0,2.0,2.0,10.0,,,,4.0,,,10.0,2.0,6.0,10.0,10.0,7.0,,1.0,1.0,1.0,2.0,1.0,10.0,10.0,2.0,,,1.0,1.0,7,10.0,10,1
2010-02-01,83592,,11,2,3841.0,00767T10,ASB,ADVANSOURCE BIOMATERIALS CORP,ASB,339112.0,A,A,R,31655,2,3841.0,,,,38.0,384.0,,,,,,,0.3,-0.032258,21168.0,1.0,0.31,6350.4,ASB,10.0,9.0,3.0,10.0,8.0,1,10.0,1.0,6.0,10.0,10.0,1.0,10.0,,1.0,,10.0,10.0,4.0,5.0,10.0,6.0,1.0,2.0,2.0,10.0,,,,9.0,,,10.0,1.0,9.0,10.0,9.0,7.0,,1.0,1.0,1.0,1.0,1.0,10.0,1.0,1.0,,,2.0,1.0,7,10.0,10,1
2010-02-02,83592,,11,2,3841.0,00767T10,ASB,ADVANSOURCE BIOMATERIALS CORP,ASB,339112.0,A,A,R,31655,2,3841.0,,,,38.0,384.0,,,,,,,0.31,0.033333,21168.0,1.0,0.31,6562.08,ASB,10.0,9.0,3.0,10.0,8.0,1,10.0,1.0,6.0,10.0,10.0,1.0,10.0,,1.0,,10.0,10.0,4.0,5.0,10.0,6.0,1.0,2.0,2.0,10.0,,,,9.0,,,10.0,1.0,9.0,10.0,9.0,7.0,,1.0,1.0,1.0,1.0,1.0,10.0,1.0,1.0,,,2.0,1.0,7,10.0,10,1
2010-02-03,83592,,11,2,3841.0,00767T10,ASB,ADVANSOURCE BIOMATERIALS CORP,ASB,339112.0,A,A,R,31655,2,3841.0,,,,38.0,384.0,,,,,,,0.295,-0.048387,21168.0,1.0,0.31,6244.56,ASB,10.0,9.0,3.0,10.0,8.0,1,10.0,1.0,6.0,10.0,10.0,1.0,10.0,,1.0,,10.0,10.0,4.0,5.0,10.0,6.0,1.0,2.0,2.0,10.0,,,,9.0,,,10.0,1.0,9.0,10.0,9.0,7.0,,1.0,1.0,1.0,1.0,1.0,10.0,1.0,1.0,,,2.0,1.0,7,10.0,10,1
2010-02-04,83592,,11,2,3841.0,00767T10,ASB,ADVANSOURCE BIOMATERIALS CORP,ASB,339112.0,A,A,R,31655,2,3841.0,,,,38.0,384.0,,,,,,,0.3098,0.05017,21168.0,1.0,0.3,6557.8464,ASB,10.0,9.0,3.0,10.0,8.0,1,10.0,1.0,6.0,10.0,10.0,1.0,10.0,,1.0,,10.0,10.0,4.0,5.0,10.0,6.0,1.0,2.0,2.0,10.0,,,,9.0,,,10.0,1.0,9.0,10.0,9.0,7.0,,1.0,1.0,1.0,1.0,1.0,10.0,1.0,1.0,,,2.0,1.0,7,10.0,10,1
2010-02-05,83592,,11,2,3841.0,00767T10,ASB,ADVANSOURCE BIOMATERIALS CORP,ASB,339112.0,A,A,R,31655,2,3841.0,,,,38.0,384.0,,,,,,,0.305,-0.015494,21168.0,1.0,0.31,6456.24,ASB,10.0,9.0,3.0,10.0,8.0,1,10.0,1.0,6.0,10.0,10.0,1.0,10.0,,1.0,,10.0,10.0,4.0,5.0,10.0,6.0,1.0,2.0,2.0,10.0,,,,9.0,,,10.0,1.0,9.0,10.0,9.0,7.0,,1.0,1.0,1.0,1.0,1.0,10.0,1.0,1.0,,,2.0,1.0,7,10.0,10,1
2010-02-08,83592,,11,2,3841.0,00767T10,ASB,ADVANSOURCE BIOMATERIALS CORP,ASB,339112.0,A,A,R,31655,2,3841.0,,,,38.0,384.0,,,,,,,0.34,0.114754,21168.0,1.0,0.28,7197.12,ASB,10.0,9.0,3.0,10.0,8.0,1,10.0,1.0,6.0,10.0,10.0,1.0,10.0,,1.0,,10.0,10.0,4.0,5.0,10.0,6.0,1.0,2.0,2.0,10.0,,,,9.0,,,10.0,1.0,9.0,10.0,9.0,7.0,,1.0,1.0,1.0,1.0,1.0,10.0,1.0,1.0,,,2.0,1.0,7,10.0,10,1
2010-02-09,83592,,11,2,3841.0,00767T10,ASB,ADVANSOURCE BIOMATERIALS CORP,ASB,339112.0,A,A,R,31655,2,3841.0,,,,38.0,384.0,,,,,,,0.35,0.029412,21168.0,1.0,0.34,7408.8,ASB,10.0,9.0,3.0,10.0,8.0,1,10.0,1.0,6.0,10.0,10.0,1.0,10.0,,1.0,,10.0,10.0,4.0,5.0,10.0,6.0,1.0,2.0,2.0,10.0,,,,9.0,,,10.0,1.0,9.0,10.0,9.0,7.0,,1.0,1.0,1.0,1.0,1.0,10.0,1.0,1.0,,,2.0,1.0,7,10.0,10,1
2010-02-10,83592,,11,2,3841.0,00767T10,ASB,ADVANSOURCE BIOMATERIALS CORP,ASB,339112.0,A,A,R,31655,2,3841.0,,,,38.0,384.0,,,,,,,0.3,-0.142857,21168.0,1.0,0.33,6350.4,ASB,10.0,9.0,3.0,10.0,8.0,1,10.0,1.0,6.0,10.0,10.0,1.0,10.0,,1.0,,10.0,10.0,4.0,5.0,10.0,6.0,1.0,2.0,2.0,10.0,,,,9.0,,,10.0,1.0,9.0,10.0,9.0,7.0,,1.0,1.0,1.0,1.0,1.0,10.0,1.0,1.0,,,2.0,1.0,7,10.0,10,1
2010-02-11,83592,,11,2,3841.0,00767T10,ASB,ADVANSOURCE BIOMATERIALS CORP,ASB,339112.0,A,A,R,31655,2,3841.0,,,,38.0,384.0,,,,,,,0.3,0.0,21168.0,1.0,0.3,6350.4,ASB,10.0,9.0,3.0,10.0,8.0,1,10.0,1.0,6.0,10.0,10.0,1.0,10.0,,1.0,,10.0,10.0,4.0,5.0,10.0,6.0,1.0,2.0,2.0,10.0,,,,9.0,,,10.0,1.0,9.0,10.0,9.0,7.0,,1.0,1.0,1.0,1.0,1.0,10.0,1.0,1.0,,,2.0,1.0,7,10.0,10,1
2010-02-12,83592,,11,2,3841.0,00767T10,ASB,ADVANSOURCE BIOMATERIALS CORP,ASB,339112.0,A,A,R,31655,2,3841.0,,,,38.0,384.0,,,,,,,0.3099,0.033,21168.0,1.0,0.305,6559.9632,ASB,10.0,9.0,3.0,10.0,8.0,1,10.0,1.0,6.0,10.0,10.0,1.0,10.0,,1.0,,10.0,10.0,4.0,5.0,10.0,6.0,1.0,2.0,2.0,10.0,,,,9.0,,,10.0,1.0,9.0,10.0,9.0,7.0,,1.0,1.0,1.0,1.0,1.0,10.0,1.0,1.0,,,2.0,1.0,7,10.0,10,1
2010-02-16,83592,,11,2,3841.0,00767T10,ASB,ADVANSOURCE BIOMATERIALS CORP,ASB,339112.0,A,A,R,31655,2,3841.0,,,,38.0,384.0,,,,,,,0.305,-0.015811,21168.0,1.0,0.305,6456.24,ASB,10.0,9.0,3.0,10.0,8.0,1,10.0,1.0,6.0,10.0,10.0,1.0,10.0,,1.0,,10.0,10.0,4.0,5.0,10.0,6.0,1.0,2.0,2.0,10.0,,,,9.0,,,10.0,1.0,9.0,10.0,9.0,7.0,,1.0,1.0,1.0,1.0,1.0,10.0,1.0,1.0,,,2.0,1.0,7,10.0,10,1
2010-02-17,83592,,11,2,3841.0,00767T10,ASB,ADVANSOURCE BIOMATERIALS CORP,ASB,339112.0,A,A,R,31655,2,3841.0,,,,38.0,384.0,,,,,,,0.315,0.032787,21168.0,1.0,0.305,6667.92,ASB,10.0,9.0,3.0,10.0,8.0,1,10.0,1.0,6.0,10.0,10.0,1.0,10.0,,1.0,,10.0,10.0,4.0,5.0,10.0,6.0,1.0,2.0,2.0,10.0,,,,9.0,,,10.0,1.0,9.0,10.0,9.0,7.0,,1.0,1.0,1.0,1.0,1.0,10.0,1.0,1.0,,,2.0,1.0,7,10.0,10,1
2010-02-18,83592,,11,2,3841.0,00767T10,ASB,ADVANSOURCE BIOMATERIALS CORP,ASB,339112.0,A,A,R,31655,2,3841.0,,,,38.0,384.0,,,,,,,0.29,-0.079365,21168.0,1.0,0.32,6138.72,ASB,10.0,9.0,3.0,10.0,8.0,1,10.0,1.0,6.0,10.0,10.0,1.0,10.0,,1.0,,10.0,10.0,4.0,5.0,10.0,6.0,1.0,2.0,2.0,10.0,,,,9.0,,,10.0,1.0,9.0,10.0,9.0,7.0,,1.0,1.0,1.0,1.0,1.0,10.0,1.0,1.0,,,2.0,1.0,7,10.0,10,1
2010-02-19,83592,,11,2,3841.0,00767T10,ASB,ADVANSOURCE BIOMATERIALS CORP,ASB,339112.0,A,A,R,31655,2,3841.0,,,,38.0,384.0,,,,,,,0.302,0.041379,21168.0,1.0,0.3,6392.736,ASB,10.0,9.0,3.0,10.0,8.0,1,10.0,1.0,6.0,10.0,10.0,1.0,10.0,,1.0,,10.0,10.0,4.0,5.0,10.0,6.0,1.0,2.0,2.0,10.0,,,,9.0,,,10.0,1.0,9.0,10.0,9.0,7.0,,1.0,1.0,1.0,1.0,1.0,10.0,1.0,1.0,,,2.0,1.0,7,10.0,10,1
2010-02-22,83592,,11,2,3841.0,00767T10,ASB,ADVANSOURCE BIOMATERIALS CORP,ASB,339112.0,A,A,R,31655,2,3841.0,,,,38.0,384.0,,,,,,,0.33,0.092715,21168.0,1.0,0.33,6985.44,ASB,10.0,9.0,3.0,10.0,8.0,1,10.0,1.0,6.0,10.0,10.0,1.0,10.0,,1.0,,10.0,10.0,4.0,5.0,10.0,6.0,1.0,2.0,2.0,10.0,,,,9.0,,,10.0,1.0,9.0,10.0,9.0,7.0,,1.0,1.0,1.0,1.0,1.0,10.0,1.0,1.0,,,2.0,1.0,7,10.0,10,1
2010-02-23,83592,,11,2,3841.0,00767T10,ASB,ADVANSOURCE BIOMATERIALS CORP,ASB,339112.0,A,A,R,31655,2,3841.0,,,,38.0,384.0,,,,,,,0.3199,-0.030606,21168.0,1.0,0.33,6771.6432,ASB,10.0,9.0,3.0,10.0,8.0,1,10.0,1.0,6.0,10.0,10.0,1.0,10.0,,1.0,,10.0,10.0,4.0,5.0,10.0,6.0,1.0,2.0,2.0,10.0,,,,9.0,,,10.0,1.0,9.0,10.0,9.0,7.0,,1.0,1.0,1.0,1.0,1.0,10.0,1.0,1.0,,,2.0,1.0,7,10.0,10,1
2010-02-24,83592,,11,2,3841.0,00767T10,ASB,ADVANSOURCE BIOMATERIALS CORP,ASB,339112.0,A,A,R,31655,2,3841.0,,,,38.0,384.0,,,,,,,0.31,-0.030947,21168.0,1.0,0.31,6562.08,ASB,10.0,9.0,3.0,10.0,8.0,1,10.0,1.0,6.0,10.0,10.0,1.0,10.0,,1.0,,10.0,10.0,4.0,5.0,10.0,6.0,1.0,2.0,2.0,10.0,,,,9.0,,,10.0,1.0,9.0,10.0,9.0,7.0,,1.0,1.0,1.0,1.0,1.0,10.0,1.0,1.0,,,2.0,1.0,7,10.0,10,1
2010-02-25,83592,,11,2,3841.0,00767T10,ASB,ADVANSOURCE BIOMATERIALS CORP,ASB,339112.0,A,A,R,31655,2,3841.0,,,,38.0,384.0,,,,,,,0.3212,0.036129,21168.0,1.0,0.3195,6799.1616,ASB,10.0,9.0,3.0,10.0,8.0,1,10.0,1.0,6.0,10.0,10.0,1.0,10.0,,1.0,,10.0,10.0,4.0,5.0,10.0,6.0,1.0,2.0,2.0,10.0,,,,9.0,,,10.0,1.0,9.0,10.0,9.0,7.0,,1.0,1.0,1.0,1.0,1.0,10.0,1.0,1.0,,,2.0,1.0,7,10.0,10,1
2010-02-26,83592,,11,2,3841.0,00767T10,ASB,ADVANSOURCE BIOMATERIALS CORP,ASB,339112.0,A,A,R,31655,2,3841.0,,,,38.0,384.0,,,,,,,-0.32575,0.014166,21168.0,1.0,,-6895.476,ASB,10.0,9.0,3.0,10.0,8.0,1,10.0,1.0,6.0,10.0,10.0,1.0,10.0,,1.0,,10.0,10.0,4.0,5.0,10.0,6.0,1.0,2.0,2.0,10.0,,,,9.0,,,10.0,1.0,9.0,10.0,9.0,7.0,,1.0,1.0,1.0,1.0,1.0,10.0,1.0,1.0,,,2.0,1.0,7,10.0,10,1
2010-03-01,83592,,11,2,3841.0,00767T10,ASB,ADVANSOURCE BIOMATERIALS CORP,ASB,339112.0,A,A,R,31655,2,3841.0,,,,38.0,384.0,,,,,,,0.31,-0.04835,21168.0,1.0,0.31,6562.08,ASB,10.0,9.0,3.0,10.0,8.0,1,10.0,1.0,6.0,10.0,10.0,1.0,10.0,,1.0,,10.0,10.0,4.0,5.0,10.0,6.0,1.0,2.0,2.0,10.0,,,,6.0,,,10.0,7.0,5.0,10.0,9.0,7.0,,1.0,1.0,1.0,5.0,1.0,10.0,1.0,4.0,,,2.0,1.0,7,9.0,10,1
2010-03-02,83592,,11,2,3841.0,00767T10,ASB,ADVANSOURCE BIOMATERIALS CORP,ASB,339112.0,A,A,R,31655,2,3841.0,,,,38.0,384.0,,,,,,,0.309,-0.003226,21168.0,1.0,0.31,6540.912,ASB,10.0,9.0,3.0,10.0,8.0,1,10.0,1.0,6.0,10.0,10.0,1.0,10.0,,1.0,,10.0,10.0,4.0,5.0,10.0,6.0,1.0,2.0,2.0,10.0,,,,6.0,,,10.0,7.0,5.0,10.0,9.0,7.0,,1.0,1.0,1.0,5.0,1.0,10.0,1.0,4.0,,,2.0,1.0,7,9.0,10,1
2010-03-03,83592,,11,2,3841.0,00767T10,ASB,ADVANSOURCE BIOMATERIALS CORP,ASB,339112.0,A,A,R,31655,2,3841.0,,,,38.0,384.0,,,,,,,0.3099,0.002913,21168.0,1.0,0.309,6559.9632,ASB,10.0,9.0,3.0,10.0,8.0,1,10.0,1.0,6.0,10.0,10.0,1.0,10.0,,1.0,,10.0,10.0,4.0,5.0,10.0,6.0,1.0,2.0,2.0,10.0,,,,6.0,,,10.0,7.0,5.0,10.0,9.0,7.0,,1.0,1.0,1.0,5.0,1.0,10.0,1.0,4.0,,,2.0,1.0,7,9.0,10,1
2010-03-04,83592,,11,2,3841.0,00767T10,ASB,ADVANSOURCE BIOMATERIALS CORP,ASB,339112.0,A,A,R,31655,2,3841.0,,,,38.0,384.0,,,,,,,0.3002,-0.0313,21168.0,1.0,0.3002,6354.6336,ASB,10.0,9.0,3.0,10.0,8.0,1,10.0,1.0,6.0,10.0,10.0,1.0,10.0,,1.0,,10.0,10.0,4.0,5.0,10.0,6.0,1.0,2.0,2.0,10.0,,,,6.0,,,10.0,7.0,5.0,10.0,9.0,7.0,,1.0,1.0,1.0,5.0,1.0,10.0,1.0,4.0,,,2.0,1.0,7,9.0,10,1
2010-03-05,83592,,11,2,3841.0,00767T10,ASB,ADVANSOURCE BIOMATERIALS CORP,ASB,339112.0,A,A,R,31655,2,3841.0,,,,38.0,384.0,,,,,,,0.3094,0.030646,21168.0,1.0,0.3002,6549.3792,ASB,10.0,9.0,3.0,10.0,8.0,1,10.0,1.0,6.0,10.0,10.0,1.0,10.0,,1.0,,10.0,10.0,4.0,5.0,10.0,6.0,1.0,2.0,2.0,10.0,,,,6.0,,,10.0,7.0,5.0,10.0,9.0,7.0,,1.0,1.0,1.0,5.0,1.0,10.0,1.0,4.0,,,2.0,1.0,7,9.0,10,1
2010-03-08,83592,,11,2,3841.0,00767T10,ASB,ADVANSOURCE BIOMATERIALS CORP,ASB,339112.0,A,A,R,31655,2,3841.0,,,,38.0,384.0,,,,,,,0.31,0.001939,21168.0,1.0,0.31,6562.08,ASB,10.0,9.0,3.0,10.0,8.0,1,10.0,1.0,6.0,10.0,10.0,1.0,10.0,,1.0,,10.0,10.0,4.0,5.0,10.0,6.0,1.0,2.0,2.0,10.0,,,,6.0,,,10.0,7.0,5.0,10.0,9.0,7.0,,1.0,1.0,1.0,5.0,1.0,10.0,1.0,4.0,,,2.0,1.0,7,9.0,10,1
2010-03-09,83592,,11,2,3841.0,00767T10,ASB,ADVANSOURCE BIOMATERIALS CORP,ASB,339112.0,A,A,R,31655,2,3841.0,,,,38.0,384.0,,,,,,,0.31,0.0,21168.0,1.0,0.3294,6562.08,ASB,10.0,9.0,3.0,10.0,8.0,1,10.0,1.0,6.0,10.0,10.0,1.0,10.0,,1.0,,10.0,10.0,4.0,5.0,10.0,6.0,1.0,2.0,2.0,10.0,,,,6.0,,,10.0,7.0,5.0,10.0,9.0,7.0,,1.0,1.0,1.0,5.0,1.0,10.0,1.0,4.0,,,2.0,1.0,7,9.0,10,1
2010-03-10,83592,,11,2,3841.0,00767T10,ASB,ADVANSOURCE BIOMATERIALS CORP,ASB,339112.0,A,A,R,31655,2,3841.0,,,,38.0,384.0,,,,,,,0.3,-0.032258,21168.0,1.0,0.305,6350.4,ASB,10.0,9.0,3.0,10.0,8.0,1,10.0,1.0,6.0,10.0,10.0,1.0,10.0,,1.0,,10.0,10.0,4.0,5.0,10.0,6.0,1.0,2.0,2.0,10.0,,,,6.0,,,10.0,7.0,5.0,10.0,9.0,7.0,,1.0,1.0,1.0,5.0,1.0,10.0,1.0,4.0,,,2.0,1.0,7,9.0,10,1
2010-03-11,83592,,11,2,3841.0,00767T10,ASB,ADVANSOURCE BIOMATERIALS CORP,ASB,339112.0,A,A,R,31655,2,3841.0,,,,38.0,384.0,,,,,,,0.3,0.0,21168.0,1.0,0.3,6350.4,ASB,10.0,9.0,3.0,10.0,8.0,1,10.0,1.0,6.0,10.0,10.0,1.0,10.0,,1.0,,10.0,10.0,4.0,5.0,10.0,6.0,1.0,2.0,2.0,10.0,,,,6.0,,,10.0,7.0,5.0,10.0,9.0,7.0,,1.0,1.0,1.0,5.0,1.0,10.0,1.0,4.0,,,2.0,1.0,7,9.0,10,1
2010-03-12,83592,,11,2,3841.0,00767T10,ASB,ADVANSOURCE BIOMATERIALS CORP,ASB,339112.0,A,A,R,31655,2,3841.0,,,,38.0,384.0,,,,,,,0.305,0.016667,21168.0,1.0,0.305,6456.24,ASB,10.0,9.0,3.0,10.0,8.0,1,10.0,1.0,6.0,10.0,10.0,1.0,10.0,,1.0,,10.0,10.0,4.0,5.0,10.0,6.0,1.0,2.0,2.0,10.0,,,,6.0,,,10.0,7.0,5.0,10.0,9.0,7.0,,1.0,1.0,1.0,5.0,1.0,10.0,1.0,4.0,,,2.0,1.0,7,9.0,10,1
2010-03-15,83592,,11,2,3841.0,00767T10,ASB,ADVANSOURCE BIOMATERIALS CORP,ASB,339112.0,A,A,R,31655,2,3841.0,,,,38.0,384.0,,,,,,,0.3098,0.015738,21168.0,1.0,0.305,6557.8464,ASB,10.0,9.0,3.0,10.0,8.0,1,10.0,1.0,6.0,10.0,10.0,1.0,10.0,,1.0,,10.0,10.0,4.0,5.0,10.0,6.0,1.0,2.0,2.0,10.0,,,,6.0,,,10.0,7.0,5.0,10.0,9.0,7.0,,1.0,1.0,1.0,5.0,1.0,10.0,1.0,4.0,,,2.0,1.0,7,9.0,10,1
2010-03-16,83592,,11,2,3841.0,00767T10,ASB,ADVANSOURCE BIOMATERIALS CORP,ASB,339112.0,A,A,R,31655,2,3841.0,,,,38.0,384.0,,,,,,,0.2851,-0.079729,21168.0,1.0,0.3098,6034.9968,ASB,10.0,9.0,3.0,10.0,8.0,1,10.0,1.0,6.0,10.0,10.0,1.0,10.0,,1.0,,10.0,10.0,4.0,5.0,10.0,6.0,1.0,2.0,2.0,10.0,,,,6.0,,,10.0,7.0,5.0,10.0,9.0,7.0,,1.0,1.0,1.0,5.0,1.0,10.0,1.0,4.0,,,2.0,1.0,7,9.0,10,1
2010-03-17,83592,,11,2,3841.0,00767T10,ASB,ADVANSOURCE BIOMATERIALS CORP,ASB,339112.0,A,A,R,31655,2,3841.0,,,,38.0,384.0,,,,,,,0.29,0.017187,21168.0,1.0,0.297,6138.72,ASB,10.0,9.0,3.0,10.0,8.0,1,10.0,1.0,6.0,10.0,10.0,1.0,10.0,,1.0,,10.0,10.0,4.0,5.0,10.0,6.0,1.0,2.0,2.0,10.0,,,,6.0,,,10.0,7.0,5.0,10.0,9.0,7.0,,1.0,1.0,1.0,5.0,1.0,10.0,1.0,4.0,,,2.0,1.0,7,9.0,10,1
2010-03-18,83592,,11,2,3841.0,00767T10,ASB,ADVANSOURCE BIOMATERIALS CORP,ASB,339112.0,A,A,R,31655,2,3841.0,,,,38.0,384.0,,,,,,,0.2999,0.034138,21168.0,1.0,0.2969,6348.2832,ASB,10.0,9.0,3.0,10.0,8.0,1,10.0,1.0,6.0,10.0,10.0,1.0,10.0,,1.0,,10.0,10.0,4.0,5.0,10.0,6.0,1.0,2.0,2.0,10.0,,,,6.0,,,10.0,7.0,5.0,10.0,9.0,7.0,,1.0,1.0,1.0,5.0,1.0,10.0,1.0,4.0,,,2.0,1.0,7,9.0,10,1
2010-03-19,83592,,11,2,3841.0,00767T10,ASB,ADVANSOURCE BIOMATERIALS CORP,ASB,339112.0,A,A,R,31655,2,3841.0,,,,38.0,384.0,,,,,,,0.29,-0.033011,21168.0,1.0,0.3,6138.72,ASB,10.0,9.0,3.0,10.0,8.0,1,10.0,1.0,6.0,10.0,10.0,1.0,10.0,,1.0,,10.0,10.0,4.0,5.0,10.0,6.0,1.0,2.0,2.0,10.0,,,,6.0,,,10.0,7.0,5.0,10.0,9.0,7.0,,1.0,1.0,1.0,5.0,1.0,10.0,1.0,4.0,,,2.0,1.0,7,9.0,10,1
2010-03-22,83592,,11,2,3841.0,00767T10,ASB,ADVANSOURCE BIOMATERIALS CORP,ASB,339112.0,A,A,R,31655,2,3841.0,,,,38.0,384.0,,,,,,,0.29,0.0,21168.0,1.0,0.29,6138.72,ASB,10.0,9.0,3.0,10.0,8.0,1,10.0,1.0,6.0,10.0,10.0,1.0,10.0,,1.0,,10.0,10.0,4.0,5.0,10.0,6.0,1.0,2.0,2.0,10.0,,,,6.0,,,10.0,7.0,5.0,10.0,9.0,7.0,,1.0,1.0,1.0,5.0,1.0,10.0,1.0,4.0,,,2.0,1.0,7,9.0,10,1
2010-03-23,83592,,11,2,3841.0,00767T10,ASB,ADVANSOURCE BIOMATERIALS CORP,ASB,339112.0,A,A,R,31655,2,3841.0,,,,38.0,384.0,,,,,,,0.29,0.0,21168.0,1.0,0.3,6138.72,ASB,10.0,9.0,3.0,10.0,8.0,1,10.0,1.0,6.0,10.0,10.0,1.0,10.0,,1.0,,10.0,10.0,4.0,5.0,10.0,6.0,1.0,2.0,2.0,10.0,,,,6.0,,,10.0,7.0,5.0,10.0,9.0,7.0,,1.0,1.0,1.0,5.0,1.0,10.0,1.0,4.0,,,2.0,1.0,7,9.0,10,1
2010-03-24,83592,,11,2,3841.0,00767T10,ASB,ADVANSOURCE BIOMATERIALS CORP,ASB,339112.0,A,A,R,31655,2,3841.0,,,,38.0,384.0,,,,,,,0.315,0.086207,21168.0,1.0,0.2805,6667.92,ASB,10.0,9.0,3.0,10.0,8.0,1,10.0,1.0,6.0,10.0,10.0,1.0,10.0,,1.0,,10.0,10.0,4.0,5.0,10.0,6.0,1.0,2.0,2.0,10.0,,,,6.0,,,10.0,7.0,5.0,10.0,9.0,7.0,,1.0,1.0,1.0,5.0,1.0,10.0,1.0,4.0,,,2.0,1.0,7,9.0,10,1
2010-03-25,83592,,11,2,3841.0,00767T10,ASB,ADVANSOURCE BIOMATERIALS CORP,ASB,339112.0,A,A,R,31655,2,3841.0,,,,38.0,384.0,,,,,,,0.33,0.047619,21168.0,1.0,0.3295,6985.44,ASB,10.0,9.0,3.0,10.0,8.0,1,10.0,1.0,6.0,10.0,10.0,1.0,10.0,,1.0,,10.0,10.0,4.0,5.0,10.0,6.0,1.0,2.0,2.0,10.0,,,,6.0,,,10.0,7.0,5.0,10.0,9.0,7.0,,1.0,1.0,1.0,5.0,1.0,10.0,1.0,4.0,,,2.0,1.0,7,9.0,10,1
2010-03-26,83592,,11,2,3841.0,00767T10,ASB,ADVANSOURCE BIOMATERIALS CORP,ASB,339112.0,A,A,R,31655,2,3841.0,,,,38.0,384.0,,,,,,,0.3,-0.090909,21168.0,1.0,0.3101,6350.4,ASB,10.0,9.0,3.0,10.0,8.0,1,10.0,1.0,6.0,10.0,10.0,1.0,10.0,,1.0,,10.0,10.0,4.0,5.0,10.0,6.0,1.0,2.0,2.0,10.0,,,,6.0,,,10.0,7.0,5.0,10.0,9.0,7.0,,1.0,1.0,1.0,5.0,1.0,10.0,1.0,4.0,,,2.0,1.0,7,9.0,10,1
2010-03-29,83592,,11,2,3841.0,00767T10,ASB,ADVANSOURCE BIOMATERIALS CORP,ASB,339112.0,A,A,R,31655,2,3841.0,,,,38.0,384.0,,,,,,,0.2964,-0.012,21168.0,1.0,0.3,6274.1952,ASB,10.0,9.0,3.0,10.0,8.0,1,10.0,1.0,6.0,10.0,10.0,1.0,10.0,,1.0,,10.0,10.0,4.0,5.0,10.0,6.0,1.0,2.0,2.0,10.0,,,,6.0,,,10.0,7.0,5.0,10.0,9.0,7.0,,1.0,1.0,1.0,5.0,1.0,10.0,1.0,4.0,,,2.0,1.0,7,9.0,10,1
2010-03-30,83592,,11,2,3841.0,00767T10,ASB,ADVANSOURCE BIOMATERIALS CORP,ASB,339112.0,A,A,R,31655,2,3841.0,,,,38.0,384.0,,,,,,,0.296,-0.00135,21168.0,1.0,0.296,6265.728,ASB,10.0,9.0,3.0,10.0,8.0,1,10.0,1.0,6.0,10.0,10.0,1.0,10.0,,1.0,,10.0,10.0,4.0,5.0,10.0,6.0,1.0,2.0,2.0,10.0,,,,6.0,,,10.0,7.0,5.0,10.0,9.0,7.0,,1.0,1.0,1.0,5.0,1.0,10.0,1.0,4.0,,,2.0,1.0,7,9.0,10,1
2010-03-31,83592,,11,2,3841.0,00767T10,ASB,ADVANSOURCE BIOMATERIALS CORP,ASB,339112.0,A,A,R,31655,2,3841.0,,,,38.0,384.0,,,,,,,0.3,0.013514,21168.0,1.0,0.28,6350.4,ASB,10.0,9.0,3.0,10.0,8.0,1,10.0,1.0,6.0,10.0,10.0,1.0,10.0,,1.0,,10.0,10.0,4.0,5.0,10.0,6.0,1.0,2.0,2.0,10.0,,,,6.0,,,10.0,7.0,5.0,10.0,9.0,7.0,,1.0,1.0,1.0,5.0,1.0,10.0,1.0,4.0,,,2.0,1.0,7,9.0,10,1
2010-04-01,83592,,11,2,3841.0,00767T10,ASB,ADVANSOURCE BIOMATERIALS CORP,ASB,339112.0,A,A,R,31655,2,3841.0,,,,38.0,384.0,,,,,,,0.3001,0.000333,21168.0,1.0,0.285,6352.5168,ASB,10.0,9.0,3.0,10.0,8.0,1,10.0,1.0,6.0,10.0,10.0,1.0,10.0,,1.0,,10.0,10.0,4.0,5.0,10.0,6.0,1.0,2.0,2.0,10.0,,,,6.0,,,10.0,7.0,8.0,10.0,10.0,7.0,,1.0,1.0,1.0,10.0,1.0,10.0,8.0,10.0,,,3.0,1.0,7,10.0,10,1
2010-04-05,83592,,11,2,3841.0,00767T10,ASB,ADVANSOURCE BIOMATERIALS CORP,ASB,339112.0,A,A,R,31655,2,3841.0,,,,38.0,384.0,,,,,,,0.2857,-0.047984,21168.0,1.0,0.2801,6047.6976,ASB,10.0,9.0,3.0,10.0,8.0,1,10.0,1.0,6.0,10.0,10.0,1.0,10.0,,1.0,,10.0,10.0,4.0,5.0,10.0,6.0,1.0,2.0,2.0,10.0,,,,6.0,,,10.0,7.0,8.0,10.0,10.0,7.0,,1.0,1.0,1.0,10.0,1.0,10.0,8.0,10.0,,,3.0,1.0,7,10.0,10,1
2010-04-06,83592,,11,2,3841.0,00767T10,ASB,ADVANSOURCE BIOMATERIALS CORP,ASB,339112.0,A,A,R,31655,2,3841.0,,,,38.0,384.0,,,,,,,0.31,0.085054,21168.0,1.0,0.28,6562.08,ASB,10.0,9.0,3.0,10.0,8.0,1,10.0,1.0,6.0,10.0,10.0,1.0,10.0,,1.0,,10.0,10.0,4.0,5.0,10.0,6.0,1.0,2.0,2.0,10.0,,,,6.0,,,10.0,7.0,8.0,10.0,10.0,7.0,,1.0,1.0,1.0,10.0,1.0,10.0,8.0,10.0,,,3.0,1.0,7,10.0,10,1
2010-04-07,83592,,11,2,3841.0,00767T10,ASB,ADVANSOURCE BIOMATERIALS CORP,ASB,339112.0,A,A,R,31655,2,3841.0,,,,38.0,384.0,,,,,,,0.2808,-0.094194,21168.0,1.0,0.31,5943.9744,ASB,10.0,9.0,3.0,10.0,8.0,1,10.0,1.0,6.0,10.0,10.0,1.0,10.0,,1.0,,10.0,10.0,4.0,5.0,10.0,6.0,1.0,2.0,2.0,10.0,,,,6.0,,,10.0,7.0,8.0,10.0,10.0,7.0,,1.0,1.0,1.0,10.0,1.0,10.0,8.0,10.0,,,3.0,1.0,7,10.0,10,1
2010-04-08,83592,,11,2,3841.0,00767T10,ASB,ADVANSOURCE BIOMATERIALS CORP,ASB,339112.0,A,A,R,31655,2,3841.0,,,,38.0,384.0,,,,,,,0.35,0.246439,21168.0,1.0,0.27,7408.8,ASB,10.0,9.0,3.0,10.0,8.0,1,10.0,1.0,6.0,10.0,10.0,1.0,10.0,,1.0,,10.0,10.0,4.0,5.0,10.0,6.0,1.0,2.0,2.0,10.0,,,,6.0,,,10.0,7.0,8.0,10.0,10.0,7.0,,1.0,1.0,1.0,10.0,1.0,10.0,8.0,10.0,,,3.0,1.0,7,10.0,10,1
2010-04-09,83592,,11,2,3841.0,00767T10,ASB,ADVANSOURCE BIOMATERIALS CORP,ASB,339112.0,A,A,R,31655,2,3841.0,,,,38.0,384.0,,,,,,,0.35,0.0,21168.0,1.0,0.35,7408.8,ASB,10.0,9.0,3.0,10.0,8.0,1,10.0,1.0,6.0,10.0,10.0,1.0,10.0,,1.0,,10.0,10.0,4.0,5.0,10.0,6.0,1.0,2.0,2.0,10.0,,,,6.0,,,10.0,7.0,8.0,10.0,10.0,7.0,,1.0,1.0,1.0,10.0,1.0,10.0,8.0,10.0,,,3.0,1.0,7,10.0,10,1
2010-04-12,83592,,11,2,3841.0,00767T10,ASB,ADVANSOURCE BIOMATERIALS CORP,ASB,339112.0,A,A,R,31655,2,3841.0,,,,38.0,384.0,,,,,,,0.35,0.0,21168.0,1.0,0.37,7408.8,ASB,10.0,9.0,3.0,10.0,8.0,1,10.0,1.0,6.0,10.0,10.0,1.0,10.0,,1.0,,10.0,10.0,4.0,5.0,10.0,6.0,1.0,2.0,2.0,10.0,,,,6.0,,,10.0,7.0,8.0,10.0,10.0,7.0,,1.0,1.0,1.0,10.0,1.0,10.0,8.0,10.0,,,3.0,1.0,7,10.0,10,1
2010-04-13,83592,,11,2,3841.0,00767T10,ASB,ADVANSOURCE BIOMATERIALS CORP,ASB,339112.0,A,A,R,31655,2,3841.0,,,,38.0,384.0,,,,,,,0.32,-0.085714,21168.0,1.0,0.35,6773.76,ASB,10.0,9.0,3.0,10.0,8.0,1,10.0,1.0,6.0,10.0,10.0,1.0,10.0,,1.0,,10.0,10.0,4.0,5.0,10.0,6.0,1.0,2.0,2.0,10.0,,,,6.0,,,10.0,7.0,8.0,10.0,10.0,7.0,,1.0,1.0,1.0,10.0,1.0,10.0,8.0,10.0,,,3.0,1.0,7,10.0,10,1
2010-04-14,83592,,11,2,3841.0,00767T10,ASB,ADVANSOURCE BIOMATERIALS CORP,ASB,339112.0,A,A,R,31655,2,3841.0,,,,38.0,384.0,,,,,,,0.3449,0.077813,21168.0,1.0,0.3005,7300.8432,ASB,10.0,9.0,3.0,10.0,8.0,1,10.0,1.0,6.0,10.0,10.0,1.0,10.0,,1.0,,10.0,10.0,4.0,5.0,10.0,6.0,1.0,2.0,2.0,10.0,,,,6.0,,,10.0,7.0,8.0,10.0,10.0,7.0,,1.0,1.0,1.0,10.0,1.0,10.0,8.0,10.0,,,3.0,1.0,7,10.0,10,1
2010-04-15,83592,,11,2,3841.0,00767T10,ASB,ADVANSOURCE BIOMATERIALS CORP,ASB,339112.0,A,A,R,31655,2,3841.0,,,,38.0,384.0,,,,,,,0.33,-0.043201,21168.0,1.0,0.32,6985.44,ASB,10.0,9.0,3.0,10.0,8.0,1,10.0,1.0,6.0,10.0,10.0,1.0,10.0,,1.0,,10.0,10.0,4.0,5.0,10.0,6.0,1.0,2.0,2.0,10.0,,,,6.0,,,10.0,7.0,8.0,10.0,10.0,7.0,,1.0,1.0,1.0,10.0,1.0,10.0,8.0,10.0,,,3.0,1.0,7,10.0,10,1
2010-04-16,83592,,11,2,3841.0,00767T10,ASB,ADVANSOURCE BIOMATERIALS CORP,ASB,339112.0,A,A,R,31655,2,3841.0,,,,38.0,384.0,,,,,,,0.34,0.030303,21168.0,1.0,0.34,7197.12,ASB,10.0,9.0,3.0,10.0,8.0,1,10.0,1.0,6.0,10.0,10.0,1.0,10.0,,1.0,,10.0,10.0,4.0,5.0,10.0,6.0,1.0,2.0,2.0,10.0,,,,6.0,,,10.0,7.0,8.0,10.0,10.0,7.0,,1.0,1.0,1.0,10.0,1.0,10.0,8.0,10.0,,,3.0,1.0,7,10.0,10,1
2010-04-19,83592,,11,2,3841.0,00767T10,ASB,ADVANSOURCE BIOMATERIALS CORP,ASB,339112.0,A,A,R,31655,2,3841.0,,,,38.0,384.0,,,,,,,0.3799,0.117353,21168.0,1.0,0.34,8041.7232,ASB,10.0,9.0,3.0,10.0,8.0,1,10.0,1.0,6.0,10.0,10.0,1.0,10.0,,1.0,,10.0,10.0,4.0,5.0,10.0,6.0,1.0,2.0,2.0,10.0,,,,6.0,,,10.0,7.0,8.0,10.0,10.0,7.0,,1.0,1.0,1.0,10.0,1.0,10.0,8.0,10.0,,,3.0,1.0,7,10.0,10,1
2010-04-20,83592,,11,2,3841.0,00767T10,ASB,ADVANSOURCE BIOMATERIALS CORP,ASB,339112.0,A,A,R,31655,2,3841.0,,,,38.0,384.0,,,,,,,0.4,0.052909,21168.0,1.0,0.39,8467.2,ASB,10.0,9.0,3.0,10.0,8.0,1,10.0,1.0,6.0,10.0,10.0,1.0,10.0,,1.0,,10.0,10.0,4.0,5.0,10.0,6.0,1.0,2.0,2.0,10.0,,,,6.0,,,10.0,7.0,8.0,10.0,10.0,7.0,,1.0,1.0,1.0,10.0,1.0,10.0,8.0,10.0,,,3.0,1.0,7,10.0,10,1
2010-04-21,83592,,11,2,3841.0,00767T10,ASB,ADVANSOURCE BIOMATERIALS CORP,ASB,339112.0,A,A,R,31655,2,3841.0,,,,38.0,384.0,,,,,,,0.43,0.075,21168.0,1.0,0.4,9102.24,ASB,10.0,9.0,3.0,10.0,8.0,1,10.0,1.0,6.0,10.0,10.0,1.0,10.0,,1.0,,10.0,10.0,4.0,5.0,10.0,6.0,1.0,2.0,2.0,10.0,,,,6.0,,,10.0,7.0,8.0,10.0,10.0,7.0,,1.0,1.0,1.0,10.0,1.0,10.0,8.0,10.0,,,3.0,1.0,7,10.0,10,1
2010-04-22,83592,,11,2,3841.0,00767T10,ASB,ADVANSOURCE BIOMATERIALS CORP,ASB,339112.0,A,A,R,31655,2,3841.0,,,,38.0,384.0,,,,,,,0.39,-0.093023,21168.0,1.0,0.425,8255.52,ASB,10.0,9.0,3.0,10.0,8.0,1,10.0,1.0,6.0,10.0,10.0,1.0,10.0,,1.0,,10.0,10.0,4.0,5.0,10.0,6.0,1.0,2.0,2.0,10.0,,,,6.0,,,10.0,7.0,8.0,10.0,10.0,7.0,,1.0,1.0,1.0,10.0,1.0,10.0,8.0,10.0,,,3.0,1.0,7,10.0,10,1
2010-04-23,83592,,11,2,3841.0,00767T10,ASB,ADVANSOURCE BIOMATERIALS CORP,ASB,339112.0,A,A,R,31655,2,3841.0,,,,38.0,384.0,,,,,,,0.4025,0.032051,21168.0,1.0,0.4,8520.12,ASB,10.0,9.0,3.0,10.0,8.0,1,10.0,1.0,6.0,10.0,10.0,1.0,10.0,,1.0,,10.0,10.0,4.0,5.0,10.0,6.0,1.0,2.0,2.0,10.0,,,,6.0,,,10.0,7.0,8.0,10.0,10.0,7.0,,1.0,1.0,1.0,10.0,1.0,10.0,8.0,10.0,,,3.0,1.0,7,10.0,10,1
2010-04-26,83592,,11,2,3841.0,00767T10,ASB,ADVANSOURCE BIOMATERIALS CORP,ASB,339112.0,A,A,R,31655,2,3841.0,,,,38.0,384.0,,,,,,,0.38,-0.055901,21168.0,1.0,0.39,8043.84,ASB,10.0,9.0,3.0,10.0,8.0,1,10.0,1.0,6.0,10.0,10.0,1.0,10.0,,1.0,,10.0,10.0,4.0,5.0,10.0,6.0,1.0,2.0,2.0,10.0,,,,6.0,,,10.0,7.0,8.0,10.0,10.0,7.0,,1.0,1.0,1.0,10.0,1.0,10.0,8.0,10.0,,,3.0,1.0,7,10.0,10,1
2010-04-27,83592,,11,2,3841.0,00767T10,ASB,ADVANSOURCE BIOMATERIALS CORP,ASB,339112.0,A,A,R,31655,2,3841.0,,,,38.0,384.0,,,,,,,0.38,0.0,21168.0,1.0,0.4099,8043.84,ASB,10.0,9.0,3.0,10.0,8.0,1,10.0,1.0,6.0,10.0,10.0,1.0,10.0,,1.0,,10.0,10.0,4.0,5.0,10.0,6.0,1.0,2.0,2.0,10.0,,,,6.0,,,10.0,7.0,8.0,10.0,10.0,7.0,,1.0,1.0,1.0,10.0,1.0,10.0,8.0,10.0,,,3.0,1.0,7,10.0,10,1
2010-04-28,83592,,11,2,3841.0,00767T10,ASB,ADVANSOURCE BIOMATERIALS CORP,ASB,339112.0,A,A,R,31655,2,3841.0,,,,38.0,384.0,,,,,,,0.3805,0.001316,21168.0,1.0,0.38,8054.424,ASB,10.0,9.0,3.0,10.0,8.0,1,10.0,1.0,6.0,10.0,10.0,1.0,10.0,,1.0,,10.0,10.0,4.0,5.0,10.0,6.0,1.0,2.0,2.0,10.0,,,,6.0,,,10.0,7.0,8.0,10.0,10.0,7.0,,1.0,1.0,1.0,10.0,1.0,10.0,8.0,10.0,,,3.0,1.0,7,10.0,10,1
2010-04-29,83592,,11,2,3841.0,00767T10,ASB,ADVANSOURCE BIOMATERIALS CORP,ASB,339112.0,A,A,R,31655,2,3841.0,,,,38.0,384.0,,,,,,,0.3807,0.000526,21168.0,1.0,0.3805,8058.6576,ASB,10.0,9.0,3.0,10.0,8.0,1,10.0,1.0,6.0,10.0,10.0,1.0,10.0,,1.0,,10.0,10.0,4.0,5.0,10.0,6.0,1.0,2.0,2.0,10.0,,,,6.0,,,10.0,7.0,8.0,10.0,10.0,7.0,,1.0,1.0,1.0,10.0,1.0,10.0,8.0,10.0,,,3.0,1.0,7,10.0,10,1
2010-04-30,83592,,11,2,3841.0,00767T10,ASB,ADVANSOURCE BIOMATERIALS CORP,ASB,339112.0,A,A,R,31655,2,3841.0,,,,38.0,384.0,,,,,,,0.3805,-0.000525,21168.0,1.0,0.3805,8054.424,ASB,10.0,9.0,3.0,10.0,8.0,1,10.0,1.0,6.0,10.0,10.0,1.0,10.0,,1.0,,10.0,10.0,4.0,5.0,10.0,6.0,1.0,2.0,2.0,10.0,,,,6.0,,,10.0,7.0,8.0,10.0,10.0,7.0,,1.0,1.0,1.0,10.0,1.0,10.0,8.0,10.0,,,3.0,1.0,7,10.0,10,1
2010-05-03,83592,,11,2,3841.0,00767T10,ASB,ADVANSOURCE BIOMATERIALS CORP,ASB,339112.0,A,A,R,31655,2,3841.0,,,,38.0,384.0,,,,,,,0.41,0.07753,21168.0,1.0,0.3805,8678.88,ASB,10.0,9.0,3.0,10.0,8.0,1,10.0,1.0,6.0,10.0,10.0,1.0,10.0,,1.0,,10.0,10.0,4.0,5.0,10.0,6.0,1.0,2.0,2.0,10.0,,,,5.0,,,10.0,3.0,8.0,10.0,9.0,8.0,,1.0,1.0,1.0,1.0,1.0,10.0,1.0,1.0,,,2.0,1.0,7,10.0,10,1
2010-05-04,83592,,11,2,3841.0,00767T10,ASB,ADVANSOURCE BIOMATERIALS CORP,ASB,339112.0,A,A,R,31655,2,3841.0,,,,38.0,384.0,,,,,,,0.41,0.0,21168.0,1.0,0.43,8678.88,ASB,10.0,9.0,3.0,10.0,8.0,1,10.0,1.0,6.0,10.0,10.0,1.0,10.0,,1.0,,10.0,10.0,4.0,5.0,10.0,6.0,1.0,2.0,2.0,10.0,,,,5.0,,,10.0,3.0,8.0,10.0,9.0,8.0,,1.0,1.0,1.0,1.0,1.0,10.0,1.0,1.0,,,2.0,1.0,7,10.0,10,1
2010-05-05,83592,,11,2,3841.0,00767T10,ASB,ADVANSOURCE BIOMATERIALS CORP,ASB,339112.0,A,A,R,31655,2,3841.0,,,,38.0,384.0,,,,,,,0.392,-0.043902,21168.0,1.0,0.41,8297.856,ASB,10.0,9.0,3.0,10.0,8.0,1,10.0,1.0,6.0,10.0,10.0,1.0,10.0,,1.0,,10.0,10.0,4.0,5.0,10.0,6.0,1.0,2.0,2.0,10.0,,,,5.0,,,10.0,3.0,8.0,10.0,9.0,8.0,,1.0,1.0,1.0,1.0,1.0,10.0,1.0,1.0,,,2.0,1.0,7,10.0,10,1
2010-05-06,83592,,11,2,3841.0,00767T10,ASB,ADVANSOURCE BIOMATERIALS CORP,ASB,339112.0,A,A,R,31655,2,3841.0,,,,38.0,384.0,,,,,,,0.38,-0.030612,21168.0,1.0,0.39,8043.84,ASB,10.0,9.0,3.0,10.0,8.0,1,10.0,1.0,6.0,10.0,10.0,1.0,10.0,,1.0,,10.0,10.0,4.0,5.0,10.0,6.0,1.0,2.0,2.0,10.0,,,,5.0,,,10.0,3.0,8.0,10.0,9.0,8.0,,1.0,1.0,1.0,1.0,1.0,10.0,1.0,1.0,,,2.0,1.0,7,10.0,10,1
2010-05-07,83592,,11,2,3841.0,00767T10,ASB,ADVANSOURCE BIOMATERIALS CORP,ASB,339112.0,A,A,R,31655,2,3841.0,,,,38.0,384.0,,,,,,,0.3051,-0.197105,21168.0,1.0,0.3801,6458.3568,ASB,10.0,9.0,3.0,10.0,8.0,1,10.0,1.0,6.0,10.0,10.0,1.0,10.0,,1.0,,10.0,10.0,4.0,5.0,10.0,6.0,1.0,2.0,2.0,10.0,,,,5.0,,,10.0,3.0,8.0,10.0,9.0,8.0,,1.0,1.0,1.0,1.0,1.0,10.0,1.0,1.0,,,2.0,1.0,7,10.0,10,1
2010-05-10,83592,,11,2,3841.0,00767T10,ASB,ADVANSOURCE BIOMATERIALS CORP,ASB,339112.0,A,A,R,31655,2,3841.0,,,,38.0,384.0,,,,,,,0.35,0.147165,21168.0,1.0,0.3298,7408.8,ASB,10.0,9.0,3.0,10.0,8.0,1,10.0,1.0,6.0,10.0,10.0,1.0,10.0,,1.0,,10.0,10.0,4.0,5.0,10.0,6.0,1.0,2.0,2.0,10.0,,,,5.0,,,10.0,3.0,8.0,10.0,9.0,8.0,,1.0,1.0,1.0,1.0,1.0,10.0,1.0,1.0,,,2.0,1.0,7,10.0,10,1
2010-05-11,83592,,11,2,3841.0,00767T10,ASB,ADVANSOURCE BIOMATERIALS CORP,ASB,339112.0,A,A,R,31655,2,3841.0,,,,38.0,384.0,,,,,,,0.36,0.028571,21168.0,1.0,0.36,7620.48,ASB,10.0,9.0,3.0,10.0,8.0,1,10.0,1.0,6.0,10.0,10.0,1.0,10.0,,1.0,,10.0,10.0,4.0,5.0,10.0,6.0,1.0,2.0,2.0,10.0,,,,5.0,,,10.0,3.0,8.0,10.0,9.0,8.0,,1.0,1.0,1.0,1.0,1.0,10.0,1.0,1.0,,,2.0,1.0,7,10.0,10,1
2010-05-12,83592,,11,2,3841.0,00767T10,ASB,ADVANSOURCE BIOMATERIALS CORP,ASB,339112.0,A,A,R,31655,2,3841.0,,,,38.0,384.0,,,,,,,0.36,0.0,21168.0,1.0,0.3601,7620.48,ASB,10.0,9.0,3.0,10.0,8.0,1,10.0,1.0,6.0,10.0,10.0,1.0,10.0,,1.0,,10.0,10.0,4.0,5.0,10.0,6.0,1.0,2.0,2.0,10.0,,,,5.0,,,10.0,3.0,8.0,10.0,9.0,8.0,,1.0,1.0,1.0,1.0,1.0,10.0,1.0,1.0,,,2.0,1.0,7,10.0,10,1
2010-05-13,83592,,11,2,3841.0,00767T10,ASB,ADVANSOURCE BIOMATERIALS CORP,ASB,339112.0,A,A,R,31655,2,3841.0,,,,38.0,384.0,,,,,,,0.3601,0.000278,21168.0,1.0,0.34,7622.5968,ASB,10.0,9.0,3.0,10.0,8.0,1,10.0,1.0,6.0,10.0,10.0,1.0,10.0,,1.0,,10.0,10.0,4.0,5.0,10.0,6.0,1.0,2.0,2.0,10.0,,,,5.0,,,10.0,3.0,8.0,10.0,9.0,8.0,,1.0,1.0,1.0,1.0,1.0,10.0,1.0,1.0,,,2.0,1.0,7,10.0,10,1
2010-05-14,83592,,11,2,3841.0,00767T10,ASB,ADVANSOURCE BIOMATERIALS CORP,ASB,339112.0,A,A,R,31655,2,3841.0,,,,38.0,384.0,,,,,,,0.34,-0.055818,21168.0,1.0,0.36,7197.12,ASB,10.0,9.0,3.0,10.0,8.0,1,10.0,1.0,6.0,10.0,10.0,1.0,10.0,,1.0,,10.0,10.0,4.0,5.0,10.0,6.0,1.0,2.0,2.0,10.0,,,,5.0,,,10.0,3.0,8.0,10.0,9.0,8.0,,1.0,1.0,1.0,1.0,1.0,10.0,1.0,1.0,,,2.0,1.0,7,10.0,10,1
2010-05-17,83592,,11,2,3841.0,00767T10,ASB,ADVANSOURCE BIOMATERIALS CORP,ASB,339112.0,A,A,R,31655,2,3841.0,,,,38.0,384.0,,,,,,,0.34,0.0,21168.0,1.0,0.4,7197.12,ASB,10.0,9.0,3.0,10.0,8.0,1,10.0,1.0,6.0,10.0,10.0,1.0,10.0,,1.0,,10.0,10.0,4.0,5.0,10.0,6.0,1.0,2.0,2.0,10.0,,,,5.0,,,10.0,3.0,8.0,10.0,9.0,8.0,,1.0,1.0,1.0,1.0,1.0,10.0,1.0,1.0,,,2.0,1.0,7,10.0,10,1
2010-05-18,83592,,11,2,3841.0,00767T10,ASB,ADVANSOURCE BIOMATERIALS CORP,ASB,339112.0,A,A,R,31655,2,3841.0,,,,38.0,384.0,,,,,,,0.345,0.014706,21168.0,1.0,0.35,7302.96,ASB,10.0,9.0,3.0,10.0,8.0,1,10.0,1.0,6.0,10.0,10.0,1.0,10.0,,1.0,,10.0,10.0,4.0,5.0,10.0,6.0,1.0,2.0,2.0,10.0,,,,5.0,,,10.0,3.0,8.0,10.0,9.0,8.0,,1.0,1.0,1.0,1.0,1.0,10.0,1.0,1.0,,,2.0,1.0,7,10.0,10,1
2010-05-19,83592,,11,2,3841.0,00767T10,ASB,ADVANSOURCE BIOMATERIALS CORP,ASB,339112.0,A,A,R,31655,2,3841.0,,,,38.0,384.0,,,,,,,0.34,-0.014493,21168.0,1.0,0.34,7197.12,ASB,10.0,9.0,3.0,10.0,8.0,1,10.0,1.0,6.0,10.0,10.0,1.0,10.0,,1.0,,10.0,10.0,4.0,5.0,10.0,6.0,1.0,2.0,2.0,10.0,,,,5.0,,,10.0,3.0,8.0,10.0,9.0,8.0,,1.0,1.0,1.0,1.0,1.0,10.0,1.0,1.0,,,2.0,1.0,7,10.0,10,1
2010-05-20,83592,,11,2,3841.0,00767T10,ASB,ADVANSOURCE BIOMATERIALS CORP,ASB,339112.0,A,A,R,31655,2,3841.0,,,,38.0,384.0,,,,,,,0.315,-0.073529,21168.0,1.0,0.332,6667.92,ASB,10.0,9.0,3.0,10.0,8.0,1,10.0,1.0,6.0,10.0,10.0,1.0,10.0,,1.0,,10.0,10.0,4.0,5.0,10.0,6.0,1.0,2.0,2.0,10.0,,,,5.0,,,10.0,3.0,8.0,10.0,9.0,8.0,,1.0,1.0,1.0,1.0,1.0,10.0,1.0,1.0,,,2.0,1.0,7,10.0,10,1
2010-05-21,83592,,11,2,3841.0,00767T10,ASB,ADVANSOURCE BIOMATERIALS CORP,ASB,339112.0,A,A,R,31655,2,3841.0,,,,38.0,384.0,,,,,,,0.315,0.0,21168.0,1.0,0.315,6667.92,ASB,10.0,9.0,3.0,10.0,8.0,1,10.0,1.0,6.0,10.0,10.0,1.0,10.0,,1.0,,10.0,10.0,4.0,5.0,10.0,6.0,1.0,2.0,2.0,10.0,,,,5.0,,,10.0,3.0,8.0,10.0,9.0,8.0,,1.0,1.0,1.0,1.0,1.0,10.0,1.0,1.0,,,2.0,1.0,7,10.0,10,1
2010-05-24,83592,,11,2,3841.0,00767T10,ASB,ADVANSOURCE BIOMATERIALS CORP,ASB,339112.0,A,A,R,31655,2,3841.0,,,,38.0,384.0,,,,,,,0.32,0.015873,21168.0,1.0,0.3201,6773.76,ASB,10.0,9.0,3.0,10.0,8.0,1,10.0,1.0,6.0,10.0,10.0,1.0,10.0,,1.0,,10.0,10.0,4.0,5.0,10.0,6.0,1.0,2.0,2.0,10.0,,,,5.0,,,10.0,3.0,8.0,10.0,9.0,8.0,,1.0,1.0,1.0,1.0,1.0,10.0,1.0,1.0,,,2.0,1.0,7,10.0,10,1
2010-05-25,83592,,11,2,3841.0,00767T10,ASB,ADVANSOURCE BIOMATERIALS CORP,ASB,339112.0,A,A,R,31655,2,3841.0,,,,38.0,384.0,,,,,,,0.31,-0.03125,21168.0,1.0,0.3299,6562.08,ASB,10.0,9.0,3.0,10.0,8.0,1,10.0,1.0,6.0,10.0,10.0,1.0,10.0,,1.0,,10.0,10.0,4.0,5.0,10.0,6.0,1.0,2.0,2.0,10.0,,,,5.0,,,10.0,3.0,8.0,10.0,9.0,8.0,,1.0,1.0,1.0,1.0,1.0,10.0,1.0,1.0,,,2.0,1.0,7,10.0,10,1
2010-05-26,83592,,11,2,3841.0,00767T10,ASB,ADVANSOURCE BIOMATERIALS CORP,ASB,339112.0,A,A,R,31655,2,3841.0,,,,38.0,384.0,,,,,,,0.35,0.129032,21168.0,1.0,0.32,7408.8,ASB,10.0,9.0,3.0,10.0,8.0,1,10.0,1.0,6.0,10.0,10.0,1.0,10.0,,1.0,,10.0,10.0,4.0,5.0,10.0,6.0,1.0,2.0,2.0,10.0,,,,5.0,,,10.0,3.0,8.0,10.0,9.0,8.0,,1.0,1.0,1.0,1.0,1.0,10.0,1.0,1.0,,,2.0,1.0,7,10.0,10,1
2010-05-27,83592,,11,2,3841.0,00767T10,ASB,ADVANSOURCE BIOMATERIALS CORP,ASB,339112.0,A,A,R,31655,2,3841.0,,,,38.0,384.0,,,,,,,0.3126,-0.106857,21168.0,1.0,0.3501,6617.1168,ASB,10.0,9.0,3.0,10.0,8.0,1,10.0,1.0,6.0,10.0,10.0,1.0,10.0,,1.0,,10.0,10.0,4.0,5.0,10.0,6.0,1.0,2.0,2.0,10.0,,,,5.0,,,10.0,3.0,8.0,10.0,9.0,8.0,,1.0,1.0,1.0,1.0,1.0,10.0,1.0,1.0,,,2.0,1.0,7,10.0,10,1
2010-05-28,83592,,11,2,3841.0,00767T10,ASB,ADVANSOURCE BIOMATERIALS CORP,ASB,339112.0,A,A,R,31655,2,3841.0,,,,38.0,384.0,,,,,,,0.3001,-0.039987,21168.0,1.0,0.3499,6352.5168,ASB,10.0,9.0,3.0,10.0,8.0,1,10.0,1.0,6.0,10.0,10.0,1.0,10.0,,1.0,,10.0,10.0,4.0,5.0,10.0,6.0,1.0,2.0,2.0,10.0,,,,5.0,,,10.0,3.0,8.0,10.0,9.0,8.0,,1.0,1.0,1.0,1.0,1.0,10.0,1.0,1.0,,,2.0,1.0,7,10.0,10,1
2010-06-01,83592,,11,2,3841.0,00767T10,ASB,ADVANSOURCE BIOMATERIALS CORP,ASB,339112.0,A,A,R,31655,2,3841.0,,,,38.0,384.0,,,,,,,0.3001,0.0,21168.0,1.0,0.3001,6352.5168,ASB,10.0,9.0,3.0,10.0,8.0,1,10.0,1.0,6.0,10.0,10.0,1.0,10.0,,1.0,,10.0,10.0,4.0,5.0,10.0,6.0,1.0,2.0,2.0,10.0,,,,3.0,,,10.0,3.0,7.0,10.0,9.0,8.0,,,,,10.0,1.0,10.0,10.0,10.0,,,2.0,1.0,7,10.0,10,1
2010-06-02,83592,,11,2,3841.0,00767T10,ASB,ADVANSOURCE BIOMATERIALS CORP,ASB,339112.0,A,A,R,31655,2,3841.0,,,,38.0,384.0,,,,,,,0.3201,0.066644,21168.0,1.0,0.3191,6775.8768,ASB,10.0,9.0,3.0,10.0,8.0,1,10.0,1.0,6.0,10.0,10.0,1.0,10.0,,1.0,,10.0,10.0,4.0,5.0,10.0,6.0,1.0,2.0,2.0,10.0,,,,3.0,,,10.0,3.0,7.0,10.0,9.0,8.0,,,,,10.0,1.0,10.0,10.0,10.0,,,2.0,1.0,7,10.0,10,1
2010-06-03,83592,,11,2,3841.0,00767T10,ASB,ADVANSOURCE BIOMATERIALS CORP,ASB,339112.0,A,A,R,31655,2,3841.0,,,,38.0,384.0,,,,,,,0.301,-0.059669,21168.0,1.0,0.31,6371.568,ASB,10.0,9.0,3.0,10.0,8.0,1,10.0,1.0,6.0,10.0,10.0,1.0,10.0,,1.0,,10.0,10.0,4.0,5.0,10.0,6.0,1.0,2.0,2.0,10.0,,,,3.0,,,10.0,3.0,7.0,10.0,9.0,8.0,,,,,10.0,1.0,10.0,10.0,10.0,,,2.0,1.0,7,10.0,10,1
2010-06-04,83592,,11,2,3841.0,00767T10,ASB,ADVANSOURCE BIOMATERIALS CORP,ASB,339112.0,A,A,R,31655,2,3841.0,,,,38.0,384.0,,,,,,,0.3005,-0.001661,21168.0,1.0,0.301,6360.984,ASB,10.0,9.0,3.0,10.0,8.0,1,10.0,1.0,6.0,10.0,10.0,1.0,10.0,,1.0,,10.0,10.0,4.0,5.0,10.0,6.0,1.0,2.0,2.0,10.0,,,,3.0,,,10.0,3.0,7.0,10.0,9.0,8.0,,,,,10.0,1.0,10.0,10.0,10.0,,,2.0,1.0,7,10.0,10,1
2010-06-07,83592,,11,2,3841.0,00767T10,ASB,ADVANSOURCE BIOMATERIALS CORP,ASB,339112.0,A,A,R,31655,2,3841.0,,,,38.0,384.0,,,,,,,0.301,0.001664,21168.0,1.0,0.301,6371.568,ASB,10.0,9.0,3.0,10.0,8.0,1,10.0,1.0,6.0,10.0,10.0,1.0,10.0,,1.0,,10.0,10.0,4.0,5.0,10.0,6.0,1.0,2.0,2.0,10.0,,,,3.0,,,10.0,3.0,7.0,10.0,9.0,8.0,,,,,10.0,1.0,10.0,10.0,10.0,,,2.0,1.0,7,10.0,10,1
2010-06-08,83592,,11,2,3841.0,00767T10,ASB,ADVANSOURCE BIOMATERIALS CORP,ASB,339112.0,A,A,R,31655,2,3841.0,,,,38.0,384.0,,,,,,,0.301,0.0,21168.0,1.0,0.3011,6371.568,ASB,10.0,9.0,3.0,10.0,8.0,1,10.0,1.0,6.0,10.0,10.0,1.0,10.0,,1.0,,10.0,10.0,4.0,5.0,10.0,6.0,1.0,2.0,2.0,10.0,,,,3.0,,,10.0,3.0,7.0,10.0,9.0,8.0,,,,,10.0,1.0,10.0,10.0,10.0,,,2.0,1.0,7,10.0,10,1
2010-06-09,83592,,11,2,3841.0,00767T10,ASB,ADVANSOURCE BIOMATERIALS CORP,ASB,339112.0,A,A,R,31655,2,3841.0,,,,38.0,384.0,,,,,,,0.302,0.003322,21168.0,1.0,0.302,6392.736,ASB,10.0,9.0,3.0,10.0,8.0,1,10.0,1.0,6.0,10.0,10.0,1.0,10.0,,1.0,,10.0,10.0,4.0,5.0,10.0,6.0,1.0,2.0,2.0,10.0,,,,3.0,,,10.0,3.0,7.0,10.0,9.0,8.0,,,,,10.0,1.0,10.0,10.0,10.0,,,2.0,1.0,7,10.0,10,1
2010-06-10,83592,,11,2,3841.0,00767T10,ASB,ADVANSOURCE BIOMATERIALS CORP,ASB,339112.0,A,A,R,31655,2,3841.0,,,,38.0,384.0,,,,,,,0.3099,0.026159,21168.0,1.0,0.3,6559.9632,ASB,10.0,9.0,3.0,10.0,8.0,1,10.0,1.0,6.0,10.0,10.0,1.0,10.0,,1.0,,10.0,10.0,4.0,5.0,10.0,6.0,1.0,2.0,2.0,10.0,,,,3.0,,,10.0,3.0,7.0,10.0,9.0,8.0,,,,,10.0,1.0,10.0,10.0,10.0,,,2.0,1.0,7,10.0,10,1
2010-06-11,83592,,11,2,3841.0,00767T10,ASB,ADVANSOURCE BIOMATERIALS CORP,ASB,339112.0,A,A,R,31655,2,3841.0,,,,38.0,384.0,,,,,,,0.302,-0.025492,21168.0,1.0,0.31,6392.736,ASB,10.0,9.0,3.0,10.0,8.0,1,10.0,1.0,6.0,10.0,10.0,1.0,10.0,,1.0,,10.0,10.0,4.0,5.0,10.0,6.0,1.0,2.0,2.0,10.0,,,,3.0,,,10.0,3.0,7.0,10.0,9.0,8.0,,,,,10.0,1.0,10.0,10.0,10.0,,,2.0,1.0,7,10.0,10,1
2010-06-14,83592,,11,2,3841.0,00767T10,ASB,ADVANSOURCE BIOMATERIALS CORP,ASB,339112.0,A,A,R,31655,2,3841.0,,,,38.0,384.0,,,,,,,0.3,-0.006622,21168.0,1.0,0.302,6350.4,ASB,10.0,9.0,3.0,10.0,8.0,1,10.0,1.0,6.0,10.0,10.0,1.0,10.0,,1.0,,10.0,10.0,4.0,5.0,10.0,6.0,1.0,2.0,2.0,10.0,,,,3.0,,,10.0,3.0,7.0,10.0,9.0,8.0,,,,,10.0,1.0,10.0,10.0,10.0,,,2.0,1.0,7,10.0,10,1
2010-06-15,83592,,11,2,3841.0,00767T10,ASB,ADVANSOURCE BIOMATERIALS CORP,ASB,339112.0,A,A,R,31655,2,3841.0,,,,38.0,384.0,,,,,,,0.3,0.0,21168.0,1.0,0.3,6350.4,ASB,10.0,9.0,3.0,10.0,8.0,1,10.0,1.0,6.0,10.0,10.0,1.0,10.0,,1.0,,10.0,10.0,4.0,5.0,10.0,6.0,1.0,2.0,2.0,10.0,,,,3.0,,,10.0,3.0,7.0,10.0,9.0,8.0,,,,,10.0,1.0,10.0,10.0,10.0,,,2.0,1.0,7,10.0,10,1
2010-06-16,83592,,11,2,3841.0,00767T10,ASB,ADVANSOURCE BIOMATERIALS CORP,ASB,339112.0,A,A,R,31655,2,3841.0,,,,38.0,384.0,,,,,,,0.3,0.0,21168.0,1.0,0.29,6350.4,ASB,10.0,9.0,3.0,10.0,8.0,1,10.0,1.0,6.0,10.0,10.0,1.0,10.0,,1.0,,10.0,10.0,4.0,5.0,10.0,6.0,1.0,2.0,2.0,10.0,,,,3.0,,,10.0,3.0,7.0,10.0,9.0,8.0,,,,,10.0,1.0,10.0,10.0,10.0,,,2.0,1.0,7,10.0,10,1
2010-06-17,83592,,11,2,3841.0,00767T10,ASB,ADVANSOURCE BIOMATERIALS CORP,ASB,339112.0,A,A,R,31655,2,3841.0,,,,38.0,384.0,,,,,,,0.3,0.0,21168.0,1.0,0.29,6350.4,ASB,10.0,9.0,3.0,10.0,8.0,1,10.0,1.0,6.0,10.0,10.0,1.0,10.0,,1.0,,10.0,10.0,4.0,5.0,10.0,6.0,1.0,2.0,2.0,10.0,,,,3.0,,,10.0,3.0,7.0,10.0,9.0,8.0,,,,,10.0,1.0,10.0,10.0,10.0,,,2.0,1.0,7,10.0,10,1
2010-06-18,83592,,11,2,3841.0,00767T10,ASB,ADVANSOURCE BIOMATERIALS CORP,ASB,339112.0,A,A,R,31655,2,3841.0,,,,38.0,384.0,,,,,,,0.3,0.0,21168.0,1.0,0.3,6350.4,ASB,10.0,9.0,3.0,10.0,8.0,1,10.0,1.0,6.0,10.0,10.0,1.0,10.0,,1.0,,10.0,10.0,4.0,5.0,10.0,6.0,1.0,2.0,2.0,10.0,,,,3.0,,,10.0,3.0,7.0,10.0,9.0,8.0,,,,,10.0,1.0,10.0,10.0,10.0,,,2.0,1.0,7,10.0,10,1
2010-06-21,83592,,11,2,3841.0,00767T10,ASB,ADVANSOURCE BIOMATERIALS CORP,ASB,339112.0,A,A,R,31655,2,3841.0,,,,38.0,384.0,,,,,,,0.29,-0.033333,21168.0,1.0,0.2607,6138.72,ASB,10.0,9.0,3.0,10.0,8.0,1,10.0,1.0,6.0,10.0,10.0,1.0,10.0,,1.0,,10.0,10.0,4.0,5.0,10.0,6.0,1.0,2.0,2.0,10.0,,,,3.0,,,10.0,3.0,7.0,10.0,9.0,8.0,,,,,10.0,1.0,10.0,10.0,10.0,,,2.0,1.0,7,10.0,10,1
2010-06-22,83592,,11,2,3841.0,00767T10,ASB,ADVANSOURCE BIOMATERIALS CORP,ASB,339112.0,A,A,R,31655,2,3841.0,,,,38.0,384.0,,,,,,,0.2899,-0.000345,21168.0,1.0,0.29,6136.6032,ASB,10.0,9.0,3.0,10.0,8.0,1,10.0,1.0,6.0,10.0,10.0,1.0,10.0,,1.0,,10.0,10.0,4.0,5.0,10.0,6.0,1.0,2.0,2.0,10.0,,,,3.0,,,10.0,3.0,7.0,10.0,9.0,8.0,,,,,10.0,1.0,10.0,10.0,10.0,,,2.0,1.0,7,10.0,10,1
2010-06-23,83592,,11,2,3841.0,00767T10,ASB,ADVANSOURCE BIOMATERIALS CORP,ASB,339112.0,A,A,R,31655,2,3841.0,,,,38.0,384.0,,,,,,,0.29,0.000345,21168.0,1.0,0.29,6138.72,ASB,10.0,9.0,3.0,10.0,8.0,1,10.0,1.0,6.0,10.0,10.0,1.0,10.0,,1.0,,10.0,10.0,4.0,5.0,10.0,6.0,1.0,2.0,2.0,10.0,,,,3.0,,,10.0,3.0,7.0,10.0,9.0,8.0,,,,,10.0,1.0,10.0,10.0,10.0,,,2.0,1.0,7,10.0,10,1
2010-06-24,83592,,11,2,3841.0,00767T10,ASB,ADVANSOURCE BIOMATERIALS CORP,ASB,339112.0,A,A,R,31655,2,3841.0,,,,38.0,384.0,,,,,,,0.2726,-0.06,21168.0,1.0,0.3,5770.3968,ASB,10.0,9.0,3.0,10.0,8.0,1,10.0,1.0,6.0,10.0,10.0,1.0,10.0,,1.0,,10.0,10.0,4.0,5.0,10.0,6.0,1.0,2.0,2.0,10.0,,,,3.0,,,10.0,3.0,7.0,10.0,9.0,8.0,,,,,10.0,1.0,10.0,10.0,10.0,,,2.0,1.0,7,10.0,10,1
2010-06-25,83592,,11,2,3841.0,00767T10,ASB,ADVANSOURCE BIOMATERIALS CORP,ASB,339112.0,A,A,R,31655,2,3841.0,,,,38.0,384.0,,,,,,,0.2799,0.026779,21168.0,1.0,0.274,5924.9232,ASB,10.0,9.0,3.0,10.0,8.0,1,10.0,1.0,6.0,10.0,10.0,1.0,10.0,,1.0,,10.0,10.0,4.0,5.0,10.0,6.0,1.0,2.0,2.0,10.0,,,,3.0,,,10.0,3.0,7.0,10.0,9.0,8.0,,,,,10.0,1.0,10.0,10.0,10.0,,,2.0,1.0,7,10.0,10,1
2010-06-28,83592,,11,2,3841.0,00767T10,ASB,ADVANSOURCE BIOMATERIALS CORP,ASB,339112.0,A,A,R,31655,2,3841.0,,,,38.0,384.0,,,,,,,0.274,-0.021079,21168.0,1.0,0.28,5800.032,ASB,10.0,9.0,3.0,10.0,8.0,1,10.0,1.0,6.0,10.0,10.0,1.0,10.0,,1.0,,10.0,10.0,4.0,5.0,10.0,6.0,1.0,2.0,2.0,10.0,,,,3.0,,,10.0,3.0,7.0,10.0,9.0,8.0,,,,,10.0,1.0,10.0,10.0,10.0,,,2.0,1.0,7,10.0,10,1
2010-06-29,83592,,11,2,3841.0,00767T10,ASB,ADVANSOURCE BIOMATERIALS CORP,ASB,339112.0,A,A,R,31655,2,3841.0,,,,38.0,384.0,,,,,,,0.274,0.0,21168.0,1.0,0.28,5800.032,ASB,10.0,9.0,3.0,10.0,8.0,1,10.0,1.0,6.0,10.0,10.0,1.0,10.0,,1.0,,10.0,10.0,4.0,5.0,10.0,6.0,1.0,2.0,2.0,10.0,,,,3.0,,,10.0,3.0,7.0,10.0,9.0,8.0,,,,,10.0,1.0,10.0,10.0,10.0,,,2.0,1.0,7,10.0,10,1
2010-06-30,83592,,11,2,3841.0,00767T10,ASB,ADVANSOURCE BIOMATERIALS CORP,ASB,339112.0,A,A,R,31655,2,3841.0,,,,38.0,384.0,,,,,,,0.29,0.058394,21168.0,1.0,0.28,6138.72,ASB,10.0,9.0,3.0,10.0,8.0,1,10.0,1.0,6.0,10.0,10.0,1.0,10.0,,1.0,,10.0,10.0,4.0,5.0,10.0,6.0,1.0,2.0,2.0,10.0,,,,3.0,,,10.0,3.0,7.0,10.0,9.0,8.0,,,,,10.0,1.0,10.0,10.0,10.0,,,2.0,1.0,7,10.0,10,1
2010-07-01,83592,,11,2,3841.0,00767T10,ASB,ADVANSOURCE BIOMATERIALS CORP,ASB,339112.0,A,A,R,31655,2,3841.0,,,,38.0,384.0,,,,,,,0.2939,0.013448,21168.0,1.0,0.274,6221.2752,ASB,10.0,10.0,6.0,10.0,9.0,1,10.0,10.0,8.0,1.0,10.0,2.0,10.0,,1.0,,9.0,3.0,8.0,10.0,3.0,5.0,1.0,1.0,3.0,1.0,,,,4.0,,,10.0,1.0,6.0,10.0,9.0,8.0,,,,,4.0,1.0,10.0,1.0,5.0,,,2.0,1.0,7,10.0,10,1
2010-07-02,83592,,11,2,3841.0,00767T10,ASB,ADVANSOURCE BIOMATERIALS CORP,ASB,339112.0,A,A,R,31655,2,3841.0,,,,38.0,384.0,,,,,,,0.2656,-0.096291,21168.0,1.0,0.28,5622.2208,ASB,10.0,10.0,6.0,10.0,9.0,1,10.0,10.0,8.0,1.0,10.0,2.0,10.0,,1.0,,9.0,3.0,8.0,10.0,3.0,5.0,1.0,1.0,3.0,1.0,,,,4.0,,,10.0,1.0,6.0,10.0,9.0,8.0,,,,,4.0,1.0,10.0,1.0,5.0,,,2.0,1.0,7,10.0,10,1
2010-07-06,83592,,11,2,3841.0,00767T10,ASB,ADVANSOURCE BIOMATERIALS CORP,ASB,339112.0,A,A,R,31655,2,3841.0,,,,38.0,384.0,,,,,,,0.2302,-0.133283,21168.0,1.0,0.251,4872.8736,ASB,10.0,10.0,6.0,10.0,9.0,1,10.0,10.0,8.0,1.0,10.0,2.0,10.0,,1.0,,9.0,3.0,8.0,10.0,3.0,5.0,1.0,1.0,3.0,1.0,,,,4.0,,,10.0,1.0,6.0,10.0,9.0,8.0,,,,,4.0,1.0,10.0,1.0,5.0,,,2.0,1.0,7,10.0,10,1
2010-07-07,83592,,11,2,3841.0,00767T10,ASB,ADVANSOURCE BIOMATERIALS CORP,ASB,339112.0,A,A,R,31655,2,3841.0,,,,38.0,384.0,,,,,,,0.2205,-0.042137,21168.0,1.0,0.22,4667.544,ASB,10.0,10.0,6.0,10.0,9.0,1,10.0,10.0,8.0,1.0,10.0,2.0,10.0,,1.0,,9.0,3.0,8.0,10.0,3.0,5.0,1.0,1.0,3.0,1.0,,,,4.0,,,10.0,1.0,6.0,10.0,9.0,8.0,,,,,4.0,1.0,10.0,1.0,5.0,,,2.0,1.0,7,10.0,10,1
2010-07-08,83592,,11,2,3841.0,00767T10,ASB,ADVANSOURCE BIOMATERIALS CORP,ASB,339112.0,A,A,R,31655,2,3841.0,,,,38.0,384.0,,,,,,,0.22,-0.002268,21168.0,1.0,0.22,4656.96,ASB,10.0,10.0,6.0,10.0,9.0,1,10.0,10.0,8.0,1.0,10.0,2.0,10.0,,1.0,,9.0,3.0,8.0,10.0,3.0,5.0,1.0,1.0,3.0,1.0,,,,4.0,,,10.0,1.0,6.0,10.0,9.0,8.0,,,,,4.0,1.0,10.0,1.0,5.0,,,2.0,1.0,7,10.0,10,1
2010-07-09,83592,,11,2,3841.0,00767T10,ASB,ADVANSOURCE BIOMATERIALS CORP,ASB,339112.0,A,A,R,31655,2,3841.0,,,,38.0,384.0,,,,,,,0.211,-0.040909,21168.0,1.0,0.211,4466.448,ASB,10.0,10.0,6.0,10.0,9.0,1,10.0,10.0,8.0,1.0,10.0,2.0,10.0,,1.0,,9.0,3.0,8.0,10.0,3.0,5.0,1.0,1.0,3.0,1.0,,,,4.0,,,10.0,1.0,6.0,10.0,9.0,8.0,,,,,4.0,1.0,10.0,1.0,5.0,,,2.0,1.0,7,10.0,10,1
2010-07-12,83592,,11,2,3841.0,00767T10,ASB,ADVANSOURCE BIOMATERIALS CORP,ASB,339112.0,A,A,R,31655,2,3841.0,,,,38.0,384.0,,,,,,,0.22,0.042654,21168.0,1.0,0.2111,4656.96,ASB,10.0,10.0,6.0,10.0,9.0,1,10.0,10.0,8.0,1.0,10.0,2.0,10.0,,1.0,,9.0,3.0,8.0,10.0,3.0,5.0,1.0,1.0,3.0,1.0,,,,4.0,,,10.0,1.0,6.0,10.0,9.0,8.0,,,,,4.0,1.0,10.0,1.0,5.0,,,2.0,1.0,7,10.0,10,1
2010-07-13,83592,,11,2,3841.0,00767T10,ASB,ADVANSOURCE BIOMATERIALS CORP,ASB,339112.0,A,A,R,31655,2,3841.0,,,,38.0,384.0,,,,,,,0.28,0.272727,21168.0,1.0,0.24,5927.04,ASB,10.0,10.0,6.0,10.0,9.0,1,10.0,10.0,8.0,1.0,10.0,2.0,10.0,,1.0,,9.0,3.0,8.0,10.0,3.0,5.0,1.0,1.0,3.0,1.0,,,,4.0,,,10.0,1.0,6.0,10.0,9.0,8.0,,,,,4.0,1.0,10.0,1.0,5.0,,,2.0,1.0,7,10.0,10,1
2010-07-14,83592,,11,2,3841.0,00767T10,ASB,ADVANSOURCE BIOMATERIALS CORP,ASB,339112.0,A,A,R,31655,2,3841.0,,,,38.0,384.0,,,,,,,0.23,-0.178571,21168.0,1.0,0.26,4868.64,ASB,10.0,10.0,6.0,10.0,9.0,1,10.0,10.0,8.0,1.0,10.0,2.0,10.0,,1.0,,9.0,3.0,8.0,10.0,3.0,5.0,1.0,1.0,3.0,1.0,,,,4.0,,,10.0,1.0,6.0,10.0,9.0,8.0,,,,,4.0,1.0,10.0,1.0,5.0,,,2.0,1.0,7,10.0,10,1
2010-07-15,83592,,11,2,3841.0,00767T10,ASB,ADVANSOURCE BIOMATERIALS CORP,ASB,339112.0,A,A,R,31655,2,3841.0,,,,38.0,384.0,,,,,,,0.23,0.0,21168.0,1.0,0.22,4868.64,ASB,10.0,10.0,6.0,10.0,9.0,1,10.0,10.0,8.0,1.0,10.0,2.0,10.0,,1.0,,9.0,3.0,8.0,10.0,3.0,5.0,1.0,1.0,3.0,1.0,,,,4.0,,,10.0,1.0,6.0,10.0,9.0,8.0,,,,,4.0,1.0,10.0,1.0,5.0,,,2.0,1.0,7,10.0,10,1
2010-07-16,83592,,11,2,3841.0,00767T10,ASB,ADVANSOURCE BIOMATERIALS CORP,ASB,339112.0,A,A,R,31655,2,3841.0,,,,38.0,384.0,,,,,,,0.24,0.043478,21168.0,1.0,0.24,5080.32,ASB,10.0,10.0,6.0,10.0,9.0,1,10.0,10.0,8.0,1.0,10.0,2.0,10.0,,1.0,,9.0,3.0,8.0,10.0,3.0,5.0,1.0,1.0,3.0,1.0,,,,4.0,,,10.0,1.0,6.0,10.0,9.0,8.0,,,,,4.0,1.0,10.0,1.0,5.0,,,2.0,1.0,7,10.0,10,1
2010-07-19,83592,,11,2,3841.0,00767T10,ASB,ADVANSOURCE BIOMATERIALS CORP,ASB,339112.0,A,A,R,31655,2,3841.0,,,,38.0,384.0,,,,,,,0.228,-0.05,21168.0,1.0,0.23,4826.304,ASB,10.0,10.0,6.0,10.0,9.0,1,10.0,10.0,8.0,1.0,10.0,2.0,10.0,,1.0,,9.0,3.0,8.0,10.0,3.0,5.0,1.0,1.0,3.0,1.0,,,,4.0,,,10.0,1.0,6.0,10.0,9.0,8.0,,,,,4.0,1.0,10.0,1.0,5.0,,,2.0,1.0,7,10.0,10,1
2010-07-20,83592,,11,2,3841.0,00767T10,ASB,ADVANSOURCE BIOMATERIALS CORP,ASB,339112.0,A,A,R,31655,2,3841.0,,,,38.0,384.0,,,,,,,0.23,0.008772,21168.0,1.0,0.23,4868.64,ASB,10.0,10.0,6.0,10.0,9.0,1,10.0,10.0,8.0,1.0,10.0,2.0,10.0,,1.0,,9.0,3.0,8.0,10.0,3.0,5.0,1.0,1.0,3.0,1.0,,,,4.0,,,10.0,1.0,6.0,10.0,9.0,8.0,,,,,4.0,1.0,10.0,1.0,5.0,,,2.0,1.0,7,10.0,10,1
2010-07-21,83592,,11,2,3841.0,00767T10,ASB,ADVANSOURCE BIOMATERIALS CORP,ASB,339112.0,A,A,R,31655,2,3841.0,,,,38.0,384.0,,,,,,,0.23,0.0,21168.0,1.0,0.22,4868.64,ASB,10.0,10.0,6.0,10.0,9.0,1,10.0,10.0,8.0,1.0,10.0,2.0,10.0,,1.0,,9.0,3.0,8.0,10.0,3.0,5.0,1.0,1.0,3.0,1.0,,,,4.0,,,10.0,1.0,6.0,10.0,9.0,8.0,,,,,4.0,1.0,10.0,1.0,5.0,,,2.0,1.0,7,10.0,10,1
2010-07-22,83592,,11,2,3841.0,00767T10,ASB,ADVANSOURCE BIOMATERIALS CORP,ASB,339112.0,A,A,R,31655,2,3841.0,,,,38.0,384.0,,,,,,,0.22,-0.043478,21168.0,1.0,0.22,4656.96,ASB,10.0,10.0,6.0,10.0,9.0,1,10.0,10.0,8.0,1.0,10.0,2.0,10.0,,1.0,,9.0,3.0,8.0,10.0,3.0,5.0,1.0,1.0,3.0,1.0,,,,4.0,,,10.0,1.0,6.0,10.0,9.0,8.0,,,,,4.0,1.0,10.0,1.0,5.0,,,2.0,1.0,7,10.0,10,1
2010-07-23,83592,,11,2,3841.0,00767T10,ASB,ADVANSOURCE BIOMATERIALS CORP,ASB,339112.0,A,A,R,31655,2,3841.0,,,,38.0,384.0,,,,,,,0.22,0.0,21168.0,1.0,0.22,4656.96,ASB,10.0,10.0,6.0,10.0,9.0,1,10.0,10.0,8.0,1.0,10.0,2.0,10.0,,1.0,,9.0,3.0,8.0,10.0,3.0,5.0,1.0,1.0,3.0,1.0,,,,4.0,,,10.0,1.0,6.0,10.0,9.0,8.0,,,,,4.0,1.0,10.0,1.0,5.0,,,2.0,1.0,7,10.0,10,1
2010-07-26,83592,,11,2,3841.0,00767T10,ASB,ADVANSOURCE BIOMATERIALS CORP,ASB,339112.0,A,A,R,31655,2,3841.0,,,,38.0,384.0,,,,,,,0.22,0.0,21168.0,1.0,0.22,4656.96,ASB,10.0,10.0,6.0,10.0,9.0,1,10.0,10.0,8.0,1.0,10.0,2.0,10.0,,1.0,,9.0,3.0,8.0,10.0,3.0,5.0,1.0,1.0,3.0,1.0,,,,4.0,,,10.0,1.0,6.0,10.0,9.0,8.0,,,,,4.0,1.0,10.0,1.0,5.0,,,2.0,1.0,7,10.0,10,1
2010-07-27,83592,,11,2,3841.0,00767T10,ASB,ADVANSOURCE BIOMATERIALS CORP,ASB,339112.0,A,A,R,31655,2,3841.0,,,,38.0,384.0,,,,,,,0.23,0.045455,21168.0,1.0,0.2201,4868.64,ASB,10.0,10.0,6.0,10.0,9.0,1,10.0,10.0,8.0,1.0,10.0,2.0,10.0,,1.0,,9.0,3.0,8.0,10.0,3.0,5.0,1.0,1.0,3.0,1.0,,,,4.0,,,10.0,1.0,6.0,10.0,9.0,8.0,,,,,4.0,1.0,10.0,1.0,5.0,,,2.0,1.0,7,10.0,10,1
2010-07-28,83592,,11,2,3841.0,00767T10,ASB,ADVANSOURCE BIOMATERIALS CORP,ASB,339112.0,A,A,R,31655,2,3841.0,,,,38.0,384.0,,,,,,,0.24,0.043478,21168.0,1.0,0.25,5080.32,ASB,10.0,10.0,6.0,10.0,9.0,1,10.0,10.0,8.0,1.0,10.0,2.0,10.0,,1.0,,9.0,3.0,8.0,10.0,3.0,5.0,1.0,1.0,3.0,1.0,,,,4.0,,,10.0,1.0,6.0,10.0,9.0,8.0,,,,,4.0,1.0,10.0,1.0,5.0,,,2.0,1.0,7,10.0,10,1
2010-07-29,83592,,11,2,3841.0,00767T10,ASB,ADVANSOURCE BIOMATERIALS CORP,ASB,339112.0,A,A,R,31655,2,3841.0,,,,38.0,384.0,,,,,,,0.2498,0.040833,21168.0,1.0,0.24,5287.7664,ASB,10.0,10.0,6.0,10.0,9.0,1,10.0,10.0,8.0,1.0,10.0,2.0,10.0,,1.0,,9.0,3.0,8.0,10.0,3.0,5.0,1.0,1.0,3.0,1.0,,,,4.0,,,10.0,1.0,6.0,10.0,9.0,8.0,,,,,4.0,1.0,10.0,1.0,5.0,,,2.0,1.0,7,10.0,10,1
2010-07-30,83592,,11,2,3841.0,00767T10,ASB,ADVANSOURCE BIOMATERIALS CORP,ASB,339112.0,A,A,R,31655,2,3841.0,,,,38.0,384.0,,,,,,,0.2416,-0.032826,21202.0,1.0,0.2257,5122.4032,ASB,10.0,10.0,6.0,10.0,9.0,1,10.0,10.0,8.0,1.0,10.0,2.0,10.0,,1.0,,9.0,3.0,8.0,10.0,3.0,5.0,1.0,1.0,3.0,1.0,,,,4.0,,,10.0,1.0,6.0,10.0,9.0,8.0,,,,,4.0,1.0,10.0,1.0,5.0,,,2.0,1.0,7,10.0,10,1
2010-08-02,83592,,11,2,3841.0,00767T10,ASB,ADVANSOURCE BIOMATERIALS CORP,ASB,339112.0,A,A,R,31655,2,3841.0,,,,38.0,384.0,,,,,,,0.24,-0.006623,21202.0,1.0,0.25,5088.48,ASB,10.0,10.0,6.0,10.0,9.0,1,10.0,10.0,8.0,1.0,10.0,2.0,10.0,,1.0,,9.0,3.0,8.0,10.0,3.0,5.0,1.0,1.0,3.0,1.0,,,,2.0,,,10.0,3.0,2.0,10.0,10.0,7.0,,1.0,1.0,1.0,10.0,1.0,10.0,1.0,10.0,,,3.0,1.0,7,10.0,10,1
2010-08-03,83592,,11,2,3841.0,00767T10,ASB,ADVANSOURCE BIOMATERIALS CORP,ASB,339112.0,A,A,R,31655,2,3841.0,,,,38.0,384.0,,,,,,,0.2401,0.000417,21202.0,1.0,0.23,5090.6002,ASB,10.0,10.0,6.0,10.0,9.0,1,10.0,10.0,8.0,1.0,10.0,2.0,10.0,,1.0,,9.0,3.0,8.0,10.0,3.0,5.0,1.0,1.0,3.0,1.0,,,,2.0,,,10.0,3.0,2.0,10.0,10.0,7.0,,1.0,1.0,1.0,10.0,1.0,10.0,1.0,10.0,,,3.0,1.0,7,10.0,10,1
2010-08-04,83592,,11,2,3841.0,00767T10,ASB,ADVANSOURCE BIOMATERIALS CORP,ASB,339112.0,A,A,R,31655,2,3841.0,,,,38.0,384.0,,,,,,,0.2218,-0.076218,21202.0,1.0,0.23,4702.6036,ASB,10.0,10.0,6.0,10.0,9.0,1,10.0,10.0,8.0,1.0,10.0,2.0,10.0,,1.0,,9.0,3.0,8.0,10.0,3.0,5.0,1.0,1.0,3.0,1.0,,,,2.0,,,10.0,3.0,2.0,10.0,10.0,7.0,,1.0,1.0,1.0,10.0,1.0,10.0,1.0,10.0,,,3.0,1.0,7,10.0,10,1
2010-08-05,83592,,11,2,3841.0,00767T10,ASB,ADVANSOURCE BIOMATERIALS CORP,ASB,339112.0,A,A,R,31655,2,3841.0,,,,38.0,384.0,,,,,,,0.25,0.127142,21202.0,1.0,0.26,5300.5,ASB,10.0,10.0,6.0,10.0,9.0,1,10.0,10.0,8.0,1.0,10.0,2.0,10.0,,1.0,,9.0,3.0,8.0,10.0,3.0,5.0,1.0,1.0,3.0,1.0,,,,2.0,,,10.0,3.0,2.0,10.0,10.0,7.0,,1.0,1.0,1.0,10.0,1.0,10.0,1.0,10.0,,,3.0,1.0,7,10.0,10,1
2010-08-06,83592,,11,2,3841.0,00767T10,ASB,ADVANSOURCE BIOMATERIALS CORP,ASB,339112.0,A,A,R,31655,2,3841.0,,,,38.0,384.0,,,,,,,0.25,0.0,21202.0,1.0,0.25,5300.5,ASB,10.0,10.0,6.0,10.0,9.0,1,10.0,10.0,8.0,1.0,10.0,2.0,10.0,,1.0,,9.0,3.0,8.0,10.0,3.0,5.0,1.0,1.0,3.0,1.0,,,,2.0,,,10.0,3.0,2.0,10.0,10.0,7.0,,1.0,1.0,1.0,10.0,1.0,10.0,1.0,10.0,,,3.0,1.0,7,10.0,10,1
2010-08-09,83592,,11,2,3841.0,00767T10,ASB,ADVANSOURCE BIOMATERIALS CORP,ASB,339112.0,A,A,R,31655,2,3841.0,,,,38.0,384.0,,,,,,,0.24,-0.04,21202.0,1.0,0.255,5088.48,ASB,10.0,10.0,6.0,10.0,9.0,1,10.0,10.0,8.0,1.0,10.0,2.0,10.0,,1.0,,9.0,3.0,8.0,10.0,3.0,5.0,1.0,1.0,3.0,1.0,,,,2.0,,,10.0,3.0,2.0,10.0,10.0,7.0,,1.0,1.0,1.0,10.0,1.0,10.0,1.0,10.0,,,3.0,1.0,7,10.0,10,1
2010-08-10,83592,,11,2,3841.0,00767T10,ASB,ADVANSOURCE BIOMATERIALS CORP,ASB,339112.0,A,A,R,31655,2,3841.0,,,,38.0,384.0,,,,,,,0.225,-0.0625,21202.0,1.0,0.25,4770.45,ASB,10.0,10.0,6.0,10.0,9.0,1,10.0,10.0,8.0,1.0,10.0,2.0,10.0,,1.0,,9.0,3.0,8.0,10.0,3.0,5.0,1.0,1.0,3.0,1.0,,,,2.0,,,10.0,3.0,2.0,10.0,10.0,7.0,,1.0,1.0,1.0,10.0,1.0,10.0,1.0,10.0,,,3.0,1.0,7,10.0,10,1
2010-08-11,83592,,11,2,3841.0,00767T10,ASB,ADVANSOURCE BIOMATERIALS CORP,ASB,339112.0,A,A,R,31655,2,3841.0,,,,38.0,384.0,,,,,,,0.2111,-0.061778,21202.0,1.0,0.22,4475.7422,ASB,10.0,10.0,6.0,10.0,9.0,1,10.0,10.0,8.0,1.0,10.0,2.0,10.0,,1.0,,9.0,3.0,8.0,10.0,3.0,5.0,1.0,1.0,3.0,1.0,,,,2.0,,,10.0,3.0,2.0,10.0,10.0,7.0,,1.0,1.0,1.0,10.0,1.0,10.0,1.0,10.0,,,3.0,1.0,7,10.0,10,1
2010-08-12,83592,,11,2,3841.0,00767T10,ASB,ADVANSOURCE BIOMATERIALS CORP,ASB,339112.0,A,A,R,31655,2,3841.0,,,,38.0,384.0,,,,,,,0.211,-0.000474,21202.0,1.0,0.2174,4473.622,ASB,10.0,10.0,6.0,10.0,9.0,1,10.0,10.0,8.0,1.0,10.0,2.0,10.0,,1.0,,9.0,3.0,8.0,10.0,3.0,5.0,1.0,1.0,3.0,1.0,,,,2.0,,,10.0,3.0,2.0,10.0,10.0,7.0,,1.0,1.0,1.0,10.0,1.0,10.0,1.0,10.0,,,3.0,1.0,7,10.0,10,1
2010-08-13,83592,,11,2,3841.0,00767T10,ASB,ADVANSOURCE BIOMATERIALS CORP,ASB,339112.0,A,A,R,31655,2,3841.0,,,,38.0,384.0,,,,,,,0.2105,-0.00237,21202.0,1.0,0.211,4463.021,ASB,10.0,10.0,6.0,10.0,9.0,1,10.0,10.0,8.0,1.0,10.0,2.0,10.0,,1.0,,9.0,3.0,8.0,10.0,3.0,5.0,1.0,1.0,3.0,1.0,,,,2.0,,,10.0,3.0,2.0,10.0,10.0,7.0,,1.0,1.0,1.0,10.0,1.0,10.0,1.0,10.0,,,3.0,1.0,7,10.0,10,1
2010-08-16,83592,,11,2,3841.0,00767T10,ASB,ADVANSOURCE BIOMATERIALS CORP,ASB,339112.0,A,A,R,31655,2,3841.0,,,,38.0,384.0,,,,,,,0.2168,0.029929,21202.0,1.0,0.21,4596.5936,ASB,10.0,10.0,6.0,10.0,9.0,1,10.0,10.0,8.0,1.0,10.0,2.0,10.0,,1.0,,9.0,3.0,8.0,10.0,3.0,5.0,1.0,1.0,3.0,1.0,,,,2.0,,,10.0,3.0,2.0,10.0,10.0,7.0,,1.0,1.0,1.0,10.0,1.0,10.0,1.0,10.0,,,3.0,1.0,7,10.0,10,1
2010-08-17,83592,,11,2,3841.0,00767T10,ASB,ADVANSOURCE BIOMATERIALS CORP,ASB,339112.0,A,A,R,31655,2,3841.0,,,,38.0,384.0,,,,,,,0.2299,0.060424,21202.0,1.0,0.2233,4874.3398,ASB,10.0,10.0,6.0,10.0,9.0,1,10.0,10.0,8.0,1.0,10.0,2.0,10.0,,1.0,,9.0,3.0,8.0,10.0,3.0,5.0,1.0,1.0,3.0,1.0,,,,2.0,,,10.0,3.0,2.0,10.0,10.0,7.0,,1.0,1.0,1.0,10.0,1.0,10.0,1.0,10.0,,,3.0,1.0,7,10.0,10,1
2010-08-18,83592,,11,2,3841.0,00767T10,ASB,ADVANSOURCE BIOMATERIALS CORP,ASB,339112.0,A,A,R,31655,2,3841.0,,,,38.0,384.0,,,,,,,0.201,-0.125707,21202.0,1.0,0.2208,4261.602,ASB,10.0,10.0,6.0,10.0,9.0,1,10.0,10.0,8.0,1.0,10.0,2.0,10.0,,1.0,,9.0,3.0,8.0,10.0,3.0,5.0,1.0,1.0,3.0,1.0,,,,2.0,,,10.0,3.0,2.0,10.0,10.0,7.0,,1.0,1.0,1.0,10.0,1.0,10.0,1.0,10.0,,,3.0,1.0,7,10.0,10,1
2010-08-19,83592,,11,2,3841.0,00767T10,ASB,ADVANSOURCE BIOMATERIALS CORP,ASB,339112.0,A,A,R,31655,2,3841.0,,,,38.0,384.0,,,,,,,0.21,0.044776,21202.0,1.0,0.21,4452.42,ASB,10.0,10.0,6.0,10.0,9.0,1,10.0,10.0,8.0,1.0,10.0,2.0,10.0,,1.0,,9.0,3.0,8.0,10.0,3.0,5.0,1.0,1.0,3.0,1.0,,,,2.0,,,10.0,3.0,2.0,10.0,10.0,7.0,,1.0,1.0,1.0,10.0,1.0,10.0,1.0,10.0,,,3.0,1.0,7,10.0,10,1
2010-08-20,83592,,11,2,3841.0,00767T10,ASB,ADVANSOURCE BIOMATERIALS CORP,ASB,339112.0,A,A,R,31655,2,3841.0,,,,38.0,384.0,,,,,,,0.21,0.0,21202.0,1.0,0.21,4452.42,ASB,10.0,10.0,6.0,10.0,9.0,1,10.0,10.0,8.0,1.0,10.0,2.0,10.0,,1.0,,9.0,3.0,8.0,10.0,3.0,5.0,1.0,1.0,3.0,1.0,,,,2.0,,,10.0,3.0,2.0,10.0,10.0,7.0,,1.0,1.0,1.0,10.0,1.0,10.0,1.0,10.0,,,3.0,1.0,7,10.0,10,1
2010-08-23,83592,,11,2,3841.0,00767T10,ASB,ADVANSOURCE BIOMATERIALS CORP,ASB,339112.0,A,A,R,31655,2,3841.0,,,,38.0,384.0,,,,,,,0.2,-0.047619,21202.0,1.0,0.21,4240.4,ASB,10.0,10.0,6.0,10.0,9.0,1,10.0,10.0,8.0,1.0,10.0,2.0,10.0,,1.0,,9.0,3.0,8.0,10.0,3.0,5.0,1.0,1.0,3.0,1.0,,,,2.0,,,10.0,3.0,2.0,10.0,10.0,7.0,,1.0,1.0,1.0,10.0,1.0,10.0,1.0,10.0,,,3.0,1.0,7,10.0,10,1
2010-08-24,83592,,11,2,3841.0,00767T10,ASB,ADVANSOURCE BIOMATERIALS CORP,ASB,339112.0,A,A,R,31655,2,3841.0,,,,38.0,384.0,,,,,,,0.1888,-0.056,21202.0,1.0,0.2,4002.9376,ASB,10.0,10.0,6.0,10.0,9.0,1,10.0,10.0,8.0,1.0,10.0,2.0,10.0,,1.0,,9.0,3.0,8.0,10.0,3.0,5.0,1.0,1.0,3.0,1.0,,,,2.0,,,10.0,3.0,2.0,10.0,10.0,7.0,,1.0,1.0,1.0,10.0,1.0,10.0,1.0,10.0,,,3.0,1.0,7,10.0,10,1
2010-08-25,83592,,11,2,3841.0,00767T10,ASB,ADVANSOURCE BIOMATERIALS CORP,ASB,339112.0,A,A,R,31655,2,3841.0,,,,38.0,384.0,,,,,,,0.33,0.747881,21202.0,1.0,0.1888,6996.66,ASB,10.0,10.0,6.0,10.0,9.0,1,10.0,10.0,8.0,1.0,10.0,2.0,10.0,,1.0,,9.0,3.0,8.0,10.0,3.0,5.0,1.0,1.0,3.0,1.0,,,,2.0,,,10.0,3.0,2.0,10.0,10.0,7.0,,1.0,1.0,1.0,10.0,1.0,10.0,1.0,10.0,,,3.0,1.0,7,10.0,10,1
2010-08-26,83592,,11,2,3841.0,00767T10,ASB,ADVANSOURCE BIOMATERIALS CORP,ASB,339112.0,A,A,R,31655,2,3841.0,,,,38.0,384.0,,,,,,,0.2999,-0.091212,21202.0,1.0,0.42,6358.4798,ASB,10.0,10.0,6.0,10.0,9.0,1,10.0,10.0,8.0,1.0,10.0,2.0,10.0,,1.0,,9.0,3.0,8.0,10.0,3.0,5.0,1.0,1.0,3.0,1.0,,,,2.0,,,10.0,3.0,2.0,10.0,10.0,7.0,,1.0,1.0,1.0,10.0,1.0,10.0,1.0,10.0,,,3.0,1.0,7,10.0,10,1
2010-08-27,83592,,11,2,3841.0,00767T10,ASB,ADVANSOURCE BIOMATERIALS CORP,ASB,339112.0,A,A,R,31655,2,3841.0,,,,38.0,384.0,,,,,,,0.27,-0.0997,21202.0,1.0,0.2999,5724.54,ASB,10.0,10.0,6.0,10.0,9.0,1,10.0,10.0,8.0,1.0,10.0,2.0,10.0,,1.0,,9.0,3.0,8.0,10.0,3.0,5.0,1.0,1.0,3.0,1.0,,,,2.0,,,10.0,3.0,2.0,10.0,10.0,7.0,,1.0,1.0,1.0,10.0,1.0,10.0,1.0,10.0,,,3.0,1.0,7,10.0,10,1
2010-08-30,83592,,11,2,3841.0,00767T10,ASB,ADVANSOURCE BIOMATERIALS CORP,ASB,339112.0,A,A,R,31655,2,3841.0,,,,38.0,384.0,,,,,,,0.2828,0.047407,21202.0,1.0,0.2511,5995.9256,ASB,10.0,10.0,6.0,10.0,9.0,1,10.0,10.0,8.0,1.0,10.0,2.0,10.0,,1.0,,9.0,3.0,8.0,10.0,3.0,5.0,1.0,1.0,3.0,1.0,,,,2.0,,,10.0,3.0,2.0,10.0,10.0,7.0,,1.0,1.0,1.0,10.0,1.0,10.0,1.0,10.0,,,3.0,1.0,7,10.0,10,1
2010-08-31,83592,,11,2,3841.0,00767T10,ASB,ADVANSOURCE BIOMATERIALS CORP,ASB,339112.0,A,A,R,31655,2,3841.0,,,,38.0,384.0,,,,,,,0.27,-0.045262,21202.0,1.0,0.28,5724.54,ASB,10.0,10.0,6.0,10.0,9.0,1,10.0,10.0,8.0,1.0,10.0,2.0,10.0,,1.0,,9.0,3.0,8.0,10.0,3.0,5.0,1.0,1.0,3.0,1.0,,,,2.0,,,10.0,3.0,2.0,10.0,10.0,7.0,,1.0,1.0,1.0,10.0,1.0,10.0,1.0,10.0,,,3.0,1.0,7,10.0,10,1
2010-09-01,83592,,11,2,3841.0,00767T10,ASB,ADVANSOURCE BIOMATERIALS CORP,ASB,339112.0,A,A,R,31655,2,3841.0,,,,38.0,384.0,,,,,,,0.28,0.037037,21202.0,1.0,0.252,5936.56,ASB,10.0,10.0,6.0,10.0,9.0,1,10.0,10.0,8.0,1.0,10.0,2.0,10.0,,1.0,,9.0,3.0,8.0,10.0,3.0,5.0,1.0,1.0,3.0,1.0,,,,2.0,,,10.0,1.0,9.0,10.0,10.0,7.0,,2.0,1.0,,1.0,1.0,10.0,10.0,1.0,,,7.0,1.0,7,10.0,10,1
2010-09-02,83592,,11,2,3841.0,00767T10,ASB,ADVANSOURCE BIOMATERIALS CORP,ASB,339112.0,A,A,R,31655,2,3841.0,,,,38.0,384.0,,,,,,,0.29,0.035714,21202.0,1.0,0.31,6148.58,ASB,10.0,10.0,6.0,10.0,9.0,1,10.0,10.0,8.0,1.0,10.0,2.0,10.0,,1.0,,9.0,3.0,8.0,10.0,3.0,5.0,1.0,1.0,3.0,1.0,,,,2.0,,,10.0,1.0,9.0,10.0,10.0,7.0,,2.0,1.0,,1.0,1.0,10.0,10.0,1.0,,,7.0,1.0,7,10.0,10,1
2010-09-03,83592,,11,2,3841.0,00767T10,ASB,ADVANSOURCE BIOMATERIALS CORP,ASB,339112.0,A,A,R,31655,2,3841.0,,,,38.0,384.0,,,,,,,0.25,-0.137931,21202.0,1.0,0.3,5300.5,ASB,10.0,10.0,6.0,10.0,9.0,1,10.0,10.0,8.0,1.0,10.0,2.0,10.0,,1.0,,9.0,3.0,8.0,10.0,3.0,5.0,1.0,1.0,3.0,1.0,,,,2.0,,,10.0,1.0,9.0,10.0,10.0,7.0,,2.0,1.0,,1.0,1.0,10.0,10.0,1.0,,,7.0,1.0,7,10.0,10,1
2010-09-07,83592,,11,2,3841.0,00767T10,ASB,ADVANSOURCE BIOMATERIALS CORP,ASB,339112.0,A,A,R,31655,2,3841.0,,,,38.0,384.0,,,,,,,0.2699,0.0796,21202.0,1.0,0.26,5722.4198,ASB,10.0,10.0,6.0,10.0,9.0,1,10.0,10.0,8.0,1.0,10.0,2.0,10.0,,1.0,,9.0,3.0,8.0,10.0,3.0,5.0,1.0,1.0,3.0,1.0,,,,2.0,,,10.0,1.0,9.0,10.0,10.0,7.0,,2.0,1.0,,1.0,1.0,10.0,10.0,1.0,,,7.0,1.0,7,10.0,10,1
2010-09-08,83592,,11,2,3841.0,00767T10,ASB,ADVANSOURCE BIOMATERIALS CORP,ASB,339112.0,A,A,R,31655,2,3841.0,,,,38.0,384.0,,,,,,,0.26,-0.03668,21202.0,1.0,0.25,5512.52,ASB,10.0,10.0,6.0,10.0,9.0,1,10.0,10.0,8.0,1.0,10.0,2.0,10.0,,1.0,,9.0,3.0,8.0,10.0,3.0,5.0,1.0,1.0,3.0,1.0,,,,2.0,,,10.0,1.0,9.0,10.0,10.0,7.0,,2.0,1.0,,1.0,1.0,10.0,10.0,1.0,,,7.0,1.0,7,10.0,10,1
2010-09-09,83592,,11,2,3841.0,00767T10,ASB,ADVANSOURCE BIOMATERIALS CORP,ASB,339112.0,A,A,R,31655,2,3841.0,,,,38.0,384.0,,,,,,,0.32,0.230769,21202.0,1.0,0.25,6784.64,ASB,10.0,10.0,6.0,10.0,9.0,1,10.0,10.0,8.0,1.0,10.0,2.0,10.0,,1.0,,9.0,3.0,8.0,10.0,3.0,5.0,1.0,1.0,3.0,1.0,,,,2.0,,,10.0,1.0,9.0,10.0,10.0,7.0,,2.0,1.0,,1.0,1.0,10.0,10.0,1.0,,,7.0,1.0,7,10.0,10,1
2010-09-10,83592,,11,2,3841.0,00767T10,ASB,ADVANSOURCE BIOMATERIALS CORP,ASB,339112.0,A,A,R,31655,2,3841.0,,,,38.0,384.0,,,,,,,0.31,-0.03125,21202.0,1.0,0.31,6572.62,ASB,10.0,10.0,6.0,10.0,9.0,1,10.0,10.0,8.0,1.0,10.0,2.0,10.0,,1.0,,9.0,3.0,8.0,10.0,3.0,5.0,1.0,1.0,3.0,1.0,,,,2.0,,,10.0,1.0,9.0,10.0,10.0,7.0,,2.0,1.0,,1.0,1.0,10.0,10.0,1.0,,,7.0,1.0,7,10.0,10,1
2010-09-13,83592,,11,2,3841.0,00767T10,ASB,ADVANSOURCE BIOMATERIALS CORP,ASB,339112.0,A,A,R,31655,2,3841.0,,,,38.0,384.0,,,,,,,0.28,-0.096774,21202.0,1.0,0.3,5936.56,ASB,10.0,10.0,6.0,10.0,9.0,1,10.0,10.0,8.0,1.0,10.0,2.0,10.0,,1.0,,9.0,3.0,8.0,10.0,3.0,5.0,1.0,1.0,3.0,1.0,,,,2.0,,,10.0,1.0,9.0,10.0,10.0,7.0,,2.0,1.0,,1.0,1.0,10.0,10.0,1.0,,,7.0,1.0,7,10.0,10,1
2010-09-14,83592,,11,2,3841.0,00767T10,ASB,ADVANSOURCE BIOMATERIALS CORP,ASB,339112.0,A,A,R,31655,2,3841.0,,,,38.0,384.0,,,,,,,0.29,0.035714,21202.0,1.0,0.291,6148.58,ASB,10.0,10.0,6.0,10.0,9.0,1,10.0,10.0,8.0,1.0,10.0,2.0,10.0,,1.0,,9.0,3.0,8.0,10.0,3.0,5.0,1.0,1.0,3.0,1.0,,,,2.0,,,10.0,1.0,9.0,10.0,10.0,7.0,,2.0,1.0,,1.0,1.0,10.0,10.0,1.0,,,7.0,1.0,7,10.0,10,1
2010-09-15,83592,,11,2,3841.0,00767T10,ASB,ADVANSOURCE BIOMATERIALS CORP,ASB,339112.0,A,A,R,31655,2,3841.0,,,,38.0,384.0,,,,,,,0.2802,-0.033793,21202.0,1.0,0.29,5940.8004,ASB,10.0,10.0,6.0,10.0,9.0,1,10.0,10.0,8.0,1.0,10.0,2.0,10.0,,1.0,,9.0,3.0,8.0,10.0,3.0,5.0,1.0,1.0,3.0,1.0,,,,2.0,,,10.0,1.0,9.0,10.0,10.0,7.0,,2.0,1.0,,1.0,1.0,10.0,10.0,1.0,,,7.0,1.0,7,10.0,10,1
2010-09-16,83592,,11,2,3841.0,00767T10,ASB,ADVANSOURCE BIOMATERIALS CORP,ASB,339112.0,A,A,R,31655,2,3841.0,,,,38.0,384.0,,,,,,,0.27,-0.036403,21202.0,1.0,0.28,5724.54,ASB,10.0,10.0,6.0,10.0,9.0,1,10.0,10.0,8.0,1.0,10.0,2.0,10.0,,1.0,,9.0,3.0,8.0,10.0,3.0,5.0,1.0,1.0,3.0,1.0,,,,2.0,,,10.0,1.0,9.0,10.0,10.0,7.0,,2.0,1.0,,1.0,1.0,10.0,10.0,1.0,,,7.0,1.0,7,10.0,10,1
2010-09-17,83592,,11,2,3841.0,00767T10,ASB,ADVANSOURCE BIOMATERIALS CORP,ASB,339112.0,A,A,R,31655,2,3841.0,,,,38.0,384.0,,,,,,,0.3,0.111111,21202.0,1.0,0.28,6360.6,ASB,10.0,10.0,6.0,10.0,9.0,1,10.0,10.0,8.0,1.0,10.0,2.0,10.0,,1.0,,9.0,3.0,8.0,10.0,3.0,5.0,1.0,1.0,3.0,1.0,,,,2.0,,,10.0,1.0,9.0,10.0,10.0,7.0,,2.0,1.0,,1.0,1.0,10.0,10.0,1.0,,,7.0,1.0,7,10.0,10,1
2010-09-20,83592,,11,2,3841.0,00767T10,ASB,ADVANSOURCE BIOMATERIALS CORP,ASB,339112.0,A,A,R,31655,2,3841.0,,,,38.0,384.0,,,,,,,0.28,-0.066667,21202.0,1.0,0.33,5936.56,ASB,10.0,10.0,6.0,10.0,9.0,1,10.0,10.0,8.0,1.0,10.0,2.0,10.0,,1.0,,9.0,3.0,8.0,10.0,3.0,5.0,1.0,1.0,3.0,1.0,,,,2.0,,,10.0,1.0,9.0,10.0,10.0,7.0,,2.0,1.0,,1.0,1.0,10.0,10.0,1.0,,,7.0,1.0,7,10.0,10,1
2010-09-21,83592,,11,2,3841.0,00767T10,ASB,ADVANSOURCE BIOMATERIALS CORP,ASB,339112.0,A,A,R,31655,2,3841.0,,,,38.0,384.0,,,,,,,0.27,-0.035714,21202.0,1.0,0.2601,5724.54,ASB,10.0,10.0,6.0,10.0,9.0,1,10.0,10.0,8.0,1.0,10.0,2.0,10.0,,1.0,,9.0,3.0,8.0,10.0,3.0,5.0,1.0,1.0,3.0,1.0,,,,2.0,,,10.0,1.0,9.0,10.0,10.0,7.0,,2.0,1.0,,1.0,1.0,10.0,10.0,1.0,,,7.0,1.0,7,10.0,10,1
2010-09-22,83592,,11,2,3841.0,00767T10,ASB,ADVANSOURCE BIOMATERIALS CORP,ASB,339112.0,A,A,R,31655,2,3841.0,,,,38.0,384.0,,,,,,,0.271,0.003704,21202.0,1.0,0.271,5745.742,ASB,10.0,10.0,6.0,10.0,9.0,1,10.0,10.0,8.0,1.0,10.0,2.0,10.0,,1.0,,9.0,3.0,8.0,10.0,3.0,5.0,1.0,1.0,3.0,1.0,,,,2.0,,,10.0,1.0,9.0,10.0,10.0,7.0,,2.0,1.0,,1.0,1.0,10.0,10.0,1.0,,,7.0,1.0,7,10.0,10,1
2010-09-23,83592,,11,2,3841.0,00767T10,ASB,ADVANSOURCE BIOMATERIALS CORP,ASB,339112.0,A,A,R,31655,2,3841.0,,,,38.0,384.0,,,,,,,0.273,0.00738,21202.0,1.0,0.27,5788.146,ASB,10.0,10.0,6.0,10.0,9.0,1,10.0,10.0,8.0,1.0,10.0,2.0,10.0,,1.0,,9.0,3.0,8.0,10.0,3.0,5.0,1.0,1.0,3.0,1.0,,,,2.0,,,10.0,1.0,9.0,10.0,10.0,7.0,,2.0,1.0,,1.0,1.0,10.0,10.0,1.0,,,7.0,1.0,7,10.0,10,1
2010-09-24,83592,,11,2,3841.0,00767T10,ASB,ADVANSOURCE BIOMATERIALS CORP,ASB,339112.0,A,A,R,31655,2,3841.0,,,,38.0,384.0,,,,,,,0.28,0.025641,21202.0,1.0,0.2813,5936.56,ASB,10.0,10.0,6.0,10.0,9.0,1,10.0,10.0,8.0,1.0,10.0,2.0,10.0,,1.0,,9.0,3.0,8.0,10.0,3.0,5.0,1.0,1.0,3.0,1.0,,,,2.0,,,10.0,1.0,9.0,10.0,10.0,7.0,,2.0,1.0,,1.0,1.0,10.0,10.0,1.0,,,7.0,1.0,7,10.0,10,1
2010-09-27,83592,,11,2,3841.0,00767T10,ASB,ADVANSOURCE BIOMATERIALS CORP,ASB,339112.0,A,A,R,31655,2,3841.0,,,,38.0,384.0,,,,,,,0.263,-0.060714,21202.0,1.0,0.2505,5576.126,ASB,10.0,10.0,6.0,10.0,9.0,1,10.0,10.0,8.0,1.0,10.0,2.0,10.0,,1.0,,9.0,3.0,8.0,10.0,3.0,5.0,1.0,1.0,3.0,1.0,,,,2.0,,,10.0,1.0,9.0,10.0,10.0,7.0,,2.0,1.0,,1.0,1.0,10.0,10.0,1.0,,,7.0,1.0,7,10.0,10,1
2010-09-28,83592,,11,2,3841.0,00767T10,ASB,ADVANSOURCE BIOMATERIALS CORP,ASB,339112.0,A,A,R,31655,2,3841.0,,,,38.0,384.0,,,,,,,0.2601,-0.011027,21202.0,1.0,0.2501,5514.6402,ASB,10.0,10.0,6.0,10.0,9.0,1,10.0,10.0,8.0,1.0,10.0,2.0,10.0,,1.0,,9.0,3.0,8.0,10.0,3.0,5.0,1.0,1.0,3.0,1.0,,,,2.0,,,10.0,1.0,9.0,10.0,10.0,7.0,,2.0,1.0,,1.0,1.0,10.0,10.0,1.0,,,7.0,1.0,7,10.0,10,1
2010-09-29,83592,,11,2,3841.0,00767T10,ASB,ADVANSOURCE BIOMATERIALS CORP,ASB,339112.0,A,A,R,31655,2,3841.0,,,,38.0,384.0,,,,,,,0.27,0.038062,21202.0,1.0,0.255,5724.54,ASB,10.0,10.0,6.0,10.0,9.0,1,10.0,10.0,8.0,1.0,10.0,2.0,10.0,,1.0,,9.0,3.0,8.0,10.0,3.0,5.0,1.0,1.0,3.0,1.0,,,,2.0,,,10.0,1.0,9.0,10.0,10.0,7.0,,2.0,1.0,,1.0,1.0,10.0,10.0,1.0,,,7.0,1.0,7,10.0,10,1
2010-09-30,83592,,11,2,3841.0,00767T10,ASB,ADVANSOURCE BIOMATERIALS CORP,ASB,339112.0,A,A,R,31655,2,3841.0,,,,38.0,384.0,,,,,,,0.28,0.037037,21202.0,1.0,0.279,5936.56,ASB,10.0,10.0,6.0,10.0,9.0,1,10.0,10.0,8.0,1.0,10.0,2.0,10.0,,1.0,,9.0,3.0,8.0,10.0,3.0,5.0,1.0,1.0,3.0,1.0,,,,2.0,,,10.0,1.0,9.0,10.0,10.0,7.0,,2.0,1.0,,1.0,1.0,10.0,10.0,1.0,,,7.0,1.0,7,10.0,10,1
2010-10-01,83592,,11,2,3841.0,00767T10,ASB,ADVANSOURCE BIOMATERIALS CORP,ASB,339112.0,A,A,R,31655,2,3841.0,,,,38.0,384.0,,,,,,,0.27,-0.035714,21202.0,1.0,0.3,5724.54,ASB,10.0,10.0,6.0,10.0,9.0,1,10.0,10.0,8.0,1.0,10.0,2.0,10.0,,1.0,,9.0,3.0,8.0,10.0,3.0,5.0,1.0,1.0,3.0,1.0,,,,2.0,,,10.0,4.0,3.0,10.0,10.0,8.0,,2.0,1.0,,9.0,1.0,10.0,10.0,10.0,,,3.0,1.0,7,10.0,10,1
2010-10-04,83592,,11,2,3841.0,00767T10,ASB,ADVANSOURCE BIOMATERIALS CORP,ASB,339112.0,A,A,R,31655,2,3841.0,,,,38.0,384.0,,,,,,,0.2602,-0.036296,21202.0,1.0,0.2688,5516.7604,ASB,10.0,10.0,6.0,10.0,9.0,1,10.0,10.0,8.0,1.0,10.0,2.0,10.0,,1.0,,9.0,3.0,8.0,10.0,3.0,5.0,1.0,1.0,3.0,1.0,,,,2.0,,,10.0,4.0,3.0,10.0,10.0,8.0,,2.0,1.0,,9.0,1.0,10.0,10.0,10.0,,,3.0,1.0,7,10.0,10,1
2010-10-05,83592,,11,2,3841.0,00767T10,ASB,ADVANSOURCE BIOMATERIALS CORP,ASB,339112.0,A,A,R,31655,2,3841.0,,,,38.0,384.0,,,,,,,0.28,0.076095,21202.0,1.0,0.2601,5936.56,ASB,10.0,10.0,6.0,10.0,9.0,1,10.0,10.0,8.0,1.0,10.0,2.0,10.0,,1.0,,9.0,3.0,8.0,10.0,3.0,5.0,1.0,1.0,3.0,1.0,,,,2.0,,,10.0,4.0,3.0,10.0,10.0,8.0,,2.0,1.0,,9.0,1.0,10.0,10.0,10.0,,,3.0,1.0,7,10.0,10,1
2010-10-06,83592,,11,2,3841.0,00767T10,ASB,ADVANSOURCE BIOMATERIALS CORP,ASB,339112.0,A,A,R,31655,2,3841.0,,,,38.0,384.0,,,,,,,0.264,-0.057143,21202.0,1.0,0.27,5597.328,ASB,10.0,10.0,6.0,10.0,9.0,1,10.0,10.0,8.0,1.0,10.0,2.0,10.0,,1.0,,9.0,3.0,8.0,10.0,3.0,5.0,1.0,1.0,3.0,1.0,,,,2.0,,,10.0,4.0,3.0,10.0,10.0,8.0,,2.0,1.0,,9.0,1.0,10.0,10.0,10.0,,,3.0,1.0,7,10.0,10,1
2010-10-07,83592,,11,2,3841.0,00767T10,ASB,ADVANSOURCE BIOMATERIALS CORP,ASB,339112.0,A,A,R,31655,2,3841.0,,,,38.0,384.0,,,,,,,0.27,0.022727,21202.0,1.0,0.2601,5724.54,ASB,10.0,10.0,6.0,10.0,9.0,1,10.0,10.0,8.0,1.0,10.0,2.0,10.0,,1.0,,9.0,3.0,8.0,10.0,3.0,5.0,1.0,1.0,3.0,1.0,,,,2.0,,,10.0,4.0,3.0,10.0,10.0,8.0,,2.0,1.0,,9.0,1.0,10.0,10.0,10.0,,,3.0,1.0,7,10.0,10,1
2010-10-08,83592,,11,2,3841.0,00767T10,ASB,ADVANSOURCE BIOMATERIALS CORP,ASB,339112.0,A,A,R,31655,2,3841.0,,,,38.0,384.0,,,,,,,0.265,-0.018519,21202.0,1.0,0.2806,5618.53,ASB,10.0,10.0,6.0,10.0,9.0,1,10.0,10.0,8.0,1.0,10.0,2.0,10.0,,1.0,,9.0,3.0,8.0,10.0,3.0,5.0,1.0,1.0,3.0,1.0,,,,2.0,,,10.0,4.0,3.0,10.0,10.0,8.0,,2.0,1.0,,9.0,1.0,10.0,10.0,10.0,,,3.0,1.0,7,10.0,10,1
2010-10-11,83592,,11,2,3841.0,00767T10,ASB,ADVANSOURCE BIOMATERIALS CORP,ASB,339112.0,A,A,R,31655,2,3841.0,,,,38.0,384.0,,,,,,,0.2601,-0.01849,21202.0,1.0,0.27,5514.6402,ASB,10.0,10.0,6.0,10.0,9.0,1,10.0,10.0,8.0,1.0,10.0,2.0,10.0,,1.0,,9.0,3.0,8.0,10.0,3.0,5.0,1.0,1.0,3.0,1.0,,,,2.0,,,10.0,4.0,3.0,10.0,10.0,8.0,,2.0,1.0,,9.0,1.0,10.0,10.0,10.0,,,3.0,1.0,7,10.0,10,1
2010-10-12,83592,,11,2,3841.0,00767T10,ASB,ADVANSOURCE BIOMATERIALS CORP,ASB,339112.0,A,A,R,31655,2,3841.0,,,,38.0,384.0,,,,,,,0.264,0.014994,21202.0,1.0,0.2706,5597.328,ASB,10.0,10.0,6.0,10.0,9.0,1,10.0,10.0,8.0,1.0,10.0,2.0,10.0,,1.0,,9.0,3.0,8.0,10.0,3.0,5.0,1.0,1.0,3.0,1.0,,,,2.0,,,10.0,4.0,3.0,10.0,10.0,8.0,,2.0,1.0,,9.0,1.0,10.0,10.0,10.0,,,3.0,1.0,7,10.0,10,1
2010-10-13,83592,,11,2,3841.0,00767T10,ASB,ADVANSOURCE BIOMATERIALS CORP,ASB,339112.0,A,A,R,31655,2,3841.0,,,,38.0,384.0,,,,,,,0.2621,-0.007197,21202.0,1.0,0.2621,5557.0442,ASB,10.0,10.0,6.0,10.0,9.0,1,10.0,10.0,8.0,1.0,10.0,2.0,10.0,,1.0,,9.0,3.0,8.0,10.0,3.0,5.0,1.0,1.0,3.0,1.0,,,,2.0,,,10.0,4.0,3.0,10.0,10.0,8.0,,2.0,1.0,,9.0,1.0,10.0,10.0,10.0,,,3.0,1.0,7,10.0,10,1
2010-10-14,83592,,11,2,3841.0,00767T10,ASB,ADVANSOURCE BIOMATERIALS CORP,ASB,339112.0,A,A,R,31655,2,3841.0,,,,38.0,384.0,,,,,,,0.2701,0.030523,21202.0,1.0,0.2799,5726.6602,ASB,10.0,10.0,6.0,10.0,9.0,1,10.0,10.0,8.0,1.0,10.0,2.0,10.0,,1.0,,9.0,3.0,8.0,10.0,3.0,5.0,1.0,1.0,3.0,1.0,,,,2.0,,,10.0,4.0,3.0,10.0,10.0,8.0,,2.0,1.0,,9.0,1.0,10.0,10.0,10.0,,,3.0,1.0,7,10.0,10,1
2010-10-15,83592,,11,2,3841.0,00767T10,ASB,ADVANSOURCE BIOMATERIALS CORP,ASB,339112.0,A,A,R,31655,2,3841.0,,,,38.0,384.0,,,,,,,0.27,-0.00037,21202.0,1.0,0.27,5724.54,ASB,10.0,10.0,6.0,10.0,9.0,1,10.0,10.0,8.0,1.0,10.0,2.0,10.0,,1.0,,9.0,3.0,8.0,10.0,3.0,5.0,1.0,1.0,3.0,1.0,,,,2.0,,,10.0,4.0,3.0,10.0,10.0,8.0,,2.0,1.0,,9.0,1.0,10.0,10.0,10.0,,,3.0,1.0,7,10.0,10,1
2010-10-18,83592,,11,2,3841.0,00767T10,ASB,ADVANSOURCE BIOMATERIALS CORP,ASB,339112.0,A,A,R,31655,2,3841.0,,,,38.0,384.0,,,,,,,0.2651,-0.018148,21202.0,1.0,0.29,5620.6502,ASB,10.0,10.0,6.0,10.0,9.0,1,10.0,10.0,8.0,1.0,10.0,2.0,10.0,,1.0,,9.0,3.0,8.0,10.0,3.0,5.0,1.0,1.0,3.0,1.0,,,,2.0,,,10.0,4.0,3.0,10.0,10.0,8.0,,2.0,1.0,,9.0,1.0,10.0,10.0,10.0,,,3.0,1.0,7,10.0,10,1
2010-10-19,83592,,11,2,3841.0,00767T10,ASB,ADVANSOURCE BIOMATERIALS CORP,ASB,339112.0,A,A,R,31655,2,3841.0,,,,38.0,384.0,,,,,,,0.267,0.007167,21202.0,1.0,0.27,5660.934,ASB,10.0,10.0,6.0,10.0,9.0,1,10.0,10.0,8.0,1.0,10.0,2.0,10.0,,1.0,,9.0,3.0,8.0,10.0,3.0,5.0,1.0,1.0,3.0,1.0,,,,2.0,,,10.0,4.0,3.0,10.0,10.0,8.0,,2.0,1.0,,9.0,1.0,10.0,10.0,10.0,,,3.0,1.0,7,10.0,10,1
2010-10-20,83592,,11,2,3841.0,00767T10,ASB,ADVANSOURCE BIOMATERIALS CORP,ASB,339112.0,A,A,R,31655,2,3841.0,,,,38.0,384.0,,,,,,,0.27,0.011236,21202.0,1.0,0.267,5724.54,ASB,10.0,10.0,6.0,10.0,9.0,1,10.0,10.0,8.0,1.0,10.0,2.0,10.0,,1.0,,9.0,3.0,8.0,10.0,3.0,5.0,1.0,1.0,3.0,1.0,,,,2.0,,,10.0,4.0,3.0,10.0,10.0,8.0,,2.0,1.0,,9.0,1.0,10.0,10.0,10.0,,,3.0,1.0,7,10.0,10,1
2010-10-21,83592,,11,2,3841.0,00767T10,ASB,ADVANSOURCE BIOMATERIALS CORP,ASB,339112.0,A,A,R,31655,2,3841.0,,,,38.0,384.0,,,,,,,0.2626,-0.027407,21202.0,1.0,0.2605,5567.6452,ASB,10.0,10.0,6.0,10.0,9.0,1,10.0,10.0,8.0,1.0,10.0,2.0,10.0,,1.0,,9.0,3.0,8.0,10.0,3.0,5.0,1.0,1.0,3.0,1.0,,,,2.0,,,10.0,4.0,3.0,10.0,10.0,8.0,,2.0,1.0,,9.0,1.0,10.0,10.0,10.0,,,3.0,1.0,7,10.0,10,1
2010-10-22,83592,,11,2,3841.0,00767T10,ASB,ADVANSOURCE BIOMATERIALS CORP,ASB,339112.0,A,A,R,31655,2,3841.0,,,,38.0,384.0,,,,,,,0.26,-0.009901,21202.0,1.0,0.2608,5512.52,ASB,10.0,10.0,6.0,10.0,9.0,1,10.0,10.0,8.0,1.0,10.0,2.0,10.0,,1.0,,9.0,3.0,8.0,10.0,3.0,5.0,1.0,1.0,3.0,1.0,,,,2.0,,,10.0,4.0,3.0,10.0,10.0,8.0,,2.0,1.0,,9.0,1.0,10.0,10.0,10.0,,,3.0,1.0,7,10.0,10,1
2010-10-25,83592,,11,2,3841.0,00767T10,ASB,ADVANSOURCE BIOMATERIALS CORP,ASB,339112.0,A,A,R,31655,2,3841.0,,,,38.0,384.0,,,,,,,0.2401,-0.076538,21202.0,1.0,0.24,5090.6002,ASB,10.0,10.0,6.0,10.0,9.0,1,10.0,10.0,8.0,1.0,10.0,2.0,10.0,,1.0,,9.0,3.0,8.0,10.0,3.0,5.0,1.0,1.0,3.0,1.0,,,,2.0,,,10.0,4.0,3.0,10.0,10.0,8.0,,2.0,1.0,,9.0,1.0,10.0,10.0,10.0,,,3.0,1.0,7,10.0,10,1
2010-10-26,83592,,11,2,3841.0,00767T10,ASB,ADVANSOURCE BIOMATERIALS CORP,ASB,339112.0,A,A,R,31655,2,3841.0,,,,38.0,384.0,,,,,,,0.2629,0.09496,21202.0,1.0,0.255,5574.0058,ASB,10.0,10.0,6.0,10.0,9.0,1,10.0,10.0,8.0,1.0,10.0,2.0,10.0,,1.0,,9.0,3.0,8.0,10.0,3.0,5.0,1.0,1.0,3.0,1.0,,,,2.0,,,10.0,4.0,3.0,10.0,10.0,8.0,,2.0,1.0,,9.0,1.0,10.0,10.0,10.0,,,3.0,1.0,7,10.0,10,1
2010-10-27,83592,,11,2,3841.0,00767T10,ASB,ADVANSOURCE BIOMATERIALS CORP,ASB,339112.0,A,A,R,31655,2,3841.0,,,,38.0,384.0,,,,,,,0.24,-0.087105,21202.0,1.0,0.25,5088.48,ASB,10.0,10.0,6.0,10.0,9.0,1,10.0,10.0,8.0,1.0,10.0,2.0,10.0,,1.0,,9.0,3.0,8.0,10.0,3.0,5.0,1.0,1.0,3.0,1.0,,,,2.0,,,10.0,4.0,3.0,10.0,10.0,8.0,,2.0,1.0,,9.0,1.0,10.0,10.0,10.0,,,3.0,1.0,7,10.0,10,1
2010-10-28,83592,,11,2,3841.0,00767T10,ASB,ADVANSOURCE BIOMATERIALS CORP,ASB,339112.0,A,A,R,31655,2,3841.0,,,,38.0,384.0,,,,,,,0.2221,-0.074583,21202.0,1.0,0.23,4708.9642,ASB,10.0,10.0,6.0,10.0,9.0,1,10.0,10.0,8.0,1.0,10.0,2.0,10.0,,1.0,,9.0,3.0,8.0,10.0,3.0,5.0,1.0,1.0,3.0,1.0,,,,2.0,,,10.0,4.0,3.0,10.0,10.0,8.0,,2.0,1.0,,9.0,1.0,10.0,10.0,10.0,,,3.0,1.0,7,10.0,10,1
2010-10-29,83592,,11,2,3841.0,00767T10,ASB,ADVANSOURCE BIOMATERIALS CORP,ASB,339112.0,A,A,R,31655,2,3841.0,,,,38.0,384.0,,,,,,,0.231,0.040072,21202.0,1.0,0.2309,4897.662,ASB,10.0,10.0,6.0,10.0,9.0,1,10.0,10.0,8.0,1.0,10.0,2.0,10.0,,1.0,,9.0,3.0,8.0,10.0,3.0,5.0,1.0,1.0,3.0,1.0,,,,2.0,,,10.0,4.0,3.0,10.0,10.0,8.0,,2.0,1.0,,9.0,1.0,10.0,10.0,10.0,,,3.0,1.0,7,10.0,10,1
2010-11-01,83592,,11,2,3841.0,00767T10,ASB,ADVANSOURCE BIOMATERIALS CORP,ASB,339112.0,A,A,R,31655,2,3841.0,,,,38.0,384.0,,,,,,,0.232,0.004329,21202.0,1.0,0.2221,4918.864,ASB,10.0,10.0,6.0,10.0,9.0,1,10.0,10.0,8.0,1.0,10.0,2.0,10.0,,1.0,,9.0,3.0,8.0,10.0,3.0,5.0,1.0,1.0,3.0,1.0,,,,2.0,,,,3.0,4.0,10.0,10.0,8.0,,1.0,1.0,1.0,10.0,1.0,10.0,2.0,10.0,,,6.0,1.0,7,10.0,10,1
2010-11-02,83592,,11,2,3841.0,00767T10,ASB,ADVANSOURCE BIOMATERIALS CORP,ASB,339112.0,A,A,R,31655,2,3841.0,,,,38.0,384.0,,,,,,,0.23,-0.008621,21202.0,1.0,0.23,4876.46,ASB,10.0,10.0,6.0,10.0,9.0,1,10.0,10.0,8.0,1.0,10.0,2.0,10.0,,1.0,,9.0,3.0,8.0,10.0,3.0,5.0,1.0,1.0,3.0,1.0,,,,2.0,,,,3.0,4.0,10.0,10.0,8.0,,1.0,1.0,1.0,10.0,1.0,10.0,2.0,10.0,,,6.0,1.0,7,10.0,10,1
2010-11-03,83592,,11,2,3841.0,00767T10,ASB,ADVANSOURCE BIOMATERIALS CORP,ASB,339112.0,A,A,R,31655,2,3841.0,,,,38.0,384.0,,,,,,,0.2254,-0.02,21202.0,1.0,0.2227,4778.9308,ASB,10.0,10.0,6.0,10.0,9.0,1,10.0,10.0,8.0,1.0,10.0,2.0,10.0,,1.0,,9.0,3.0,8.0,10.0,3.0,5.0,1.0,1.0,3.0,1.0,,,,2.0,,,,3.0,4.0,10.0,10.0,8.0,,1.0,1.0,1.0,10.0,1.0,10.0,2.0,10.0,,,6.0,1.0,7,10.0,10,1
2010-11-04,83592,,11,2,3841.0,00767T10,ASB,ADVANSOURCE BIOMATERIALS CORP,ASB,339112.0,A,A,R,31655,2,3841.0,,,,38.0,384.0,,,,,,,0.22,-0.023957,21202.0,1.0,0.225,4664.44,ASB,10.0,10.0,6.0,10.0,9.0,1,10.0,10.0,8.0,1.0,10.0,2.0,10.0,,1.0,,9.0,3.0,8.0,10.0,3.0,5.0,1.0,1.0,3.0,1.0,,,,2.0,,,,3.0,4.0,10.0,10.0,8.0,,1.0,1.0,1.0,10.0,1.0,10.0,2.0,10.0,,,6.0,1.0,7,10.0,10,1
2010-11-05,83592,,11,2,3841.0,00767T10,ASB,ADVANSOURCE BIOMATERIALS CORP,ASB,339112.0,A,A,R,31655,2,3841.0,,,,38.0,384.0,,,,,,,0.22,0.0,21202.0,1.0,0.22,4664.44,ASB,10.0,10.0,6.0,10.0,9.0,1,10.0,10.0,8.0,1.0,10.0,2.0,10.0,,1.0,,9.0,3.0,8.0,10.0,3.0,5.0,1.0,1.0,3.0,1.0,,,,2.0,,,,3.0,4.0,10.0,10.0,8.0,,1.0,1.0,1.0,10.0,1.0,10.0,2.0,10.0,,,6.0,1.0,7,10.0,10,1
2010-11-08,83592,,11,2,3841.0,00767T10,ASB,ADVANSOURCE BIOMATERIALS CORP,ASB,339112.0,A,A,R,31655,2,3841.0,,,,38.0,384.0,,,,,,,0.2175,-0.011364,21202.0,1.0,0.24,4611.435,ASB,10.0,10.0,6.0,10.0,9.0,1,10.0,10.0,8.0,1.0,10.0,2.0,10.0,,1.0,,9.0,3.0,8.0,10.0,3.0,5.0,1.0,1.0,3.0,1.0,,,,2.0,,,,3.0,4.0,10.0,10.0,8.0,,1.0,1.0,1.0,10.0,1.0,10.0,2.0,10.0,,,6.0,1.0,7,10.0,10,1
2010-11-09,83592,,11,2,3841.0,00767T10,ASB,ADVANSOURCE BIOMATERIALS CORP,ASB,339112.0,A,A,R,31655,2,3841.0,,,,38.0,384.0,,,,,,,0.22,0.011494,21202.0,1.0,0.22,4664.44,ASB,10.0,10.0,6.0,10.0,9.0,1,10.0,10.0,8.0,1.0,10.0,2.0,10.0,,1.0,,9.0,3.0,8.0,10.0,3.0,5.0,1.0,1.0,3.0,1.0,,,,2.0,,,,3.0,4.0,10.0,10.0,8.0,,1.0,1.0,1.0,10.0,1.0,10.0,2.0,10.0,,,6.0,1.0,7,10.0,10,1
2010-11-10,83592,,11,2,3841.0,00767T10,ASB,ADVANSOURCE BIOMATERIALS CORP,ASB,339112.0,A,A,R,31655,2,3841.0,,,,38.0,384.0,,,,,,,0.2288,0.04,21202.0,1.0,0.2175,4851.0176,ASB,10.0,10.0,6.0,10.0,9.0,1,10.0,10.0,8.0,1.0,10.0,2.0,10.0,,1.0,,9.0,3.0,8.0,10.0,3.0,5.0,1.0,1.0,3.0,1.0,,,,2.0,,,,3.0,4.0,10.0,10.0,8.0,,1.0,1.0,1.0,10.0,1.0,10.0,2.0,10.0,,,6.0,1.0,7,10.0,10,1
2010-11-11,83592,,11,2,3841.0,00767T10,ASB,ADVANSOURCE BIOMATERIALS CORP,ASB,339112.0,A,A,R,31655,2,3841.0,,,,38.0,384.0,,,,,,,0.22,-0.038462,21202.0,1.0,0.22,4664.44,ASB,10.0,10.0,6.0,10.0,9.0,1,10.0,10.0,8.0,1.0,10.0,2.0,10.0,,1.0,,9.0,3.0,8.0,10.0,3.0,5.0,1.0,1.0,3.0,1.0,,,,2.0,,,,3.0,4.0,10.0,10.0,8.0,,1.0,1.0,1.0,10.0,1.0,10.0,2.0,10.0,,,6.0,1.0,7,10.0,10,1
2010-11-12,83592,,11,2,3841.0,00767T10,ASB,ADVANSOURCE BIOMATERIALS CORP,ASB,339112.0,A,A,R,31655,2,3841.0,,,,38.0,384.0,,,,,,,0.2101,-0.045,21202.0,1.0,0.211,4454.5402,ASB,10.0,10.0,6.0,10.0,9.0,1,10.0,10.0,8.0,1.0,10.0,2.0,10.0,,1.0,,9.0,3.0,8.0,10.0,3.0,5.0,1.0,1.0,3.0,1.0,,,,2.0,,,,3.0,4.0,10.0,10.0,8.0,,1.0,1.0,1.0,10.0,1.0,10.0,2.0,10.0,,,6.0,1.0,7,10.0,10,1
2010-11-15,83592,,11,2,3841.0,00767T10,ASB,ADVANSOURCE BIOMATERIALS CORP,ASB,339112.0,A,A,R,31655,2,3841.0,,,,38.0,384.0,,,,,,,0.21,-0.000476,21202.0,1.0,0.2299,4452.42,ASB,10.0,10.0,6.0,10.0,9.0,1,10.0,10.0,8.0,1.0,10.0,2.0,10.0,,1.0,,9.0,3.0,8.0,10.0,3.0,5.0,1.0,1.0,3.0,1.0,,,,2.0,,,,3.0,4.0,10.0,10.0,8.0,,1.0,1.0,1.0,10.0,1.0,10.0,2.0,10.0,,,6.0,1.0,7,10.0,10,1
2010-11-16,83592,,11,2,3841.0,00767T10,ASB,ADVANSOURCE BIOMATERIALS CORP,ASB,339112.0,A,A,R,31655,2,3841.0,,,,38.0,384.0,,,,,,,0.17,-0.190476,21202.0,1.0,0.21,3604.34,ASB,10.0,10.0,6.0,10.0,9.0,1,10.0,10.0,8.0,1.0,10.0,2.0,10.0,,1.0,,9.0,3.0,8.0,10.0,3.0,5.0,1.0,1.0,3.0,1.0,,,,2.0,,,,3.0,4.0,10.0,10.0,8.0,,1.0,1.0,1.0,10.0,1.0,10.0,2.0,10.0,,,6.0,1.0,7,10.0,10,1
2010-11-17,83592,,11,2,3841.0,00767T10,ASB,ADVANSOURCE BIOMATERIALS CORP,ASB,339112.0,A,A,R,31655,2,3841.0,,,,38.0,384.0,,,,,,,0.16,-0.058824,21202.0,1.0,0.17,3392.32,ASB,10.0,10.0,6.0,10.0,9.0,1,10.0,10.0,8.0,1.0,10.0,2.0,10.0,,1.0,,9.0,3.0,8.0,10.0,3.0,5.0,1.0,1.0,3.0,1.0,,,,2.0,,,,3.0,4.0,10.0,10.0,8.0,,1.0,1.0,1.0,10.0,1.0,10.0,2.0,10.0,,,6.0,1.0,7,10.0,10,1
2010-11-18,83592,,11,2,3841.0,00767T10,ASB,ADVANSOURCE BIOMATERIALS CORP,ASB,339112.0,A,A,R,31655,2,3841.0,,,,38.0,384.0,,,,,,,0.16,0.0,21202.0,1.0,0.16,3392.32,ASB,10.0,10.0,6.0,10.0,9.0,1,10.0,10.0,8.0,1.0,10.0,2.0,10.0,,1.0,,9.0,3.0,8.0,10.0,3.0,5.0,1.0,1.0,3.0,1.0,,,,2.0,,,,3.0,4.0,10.0,10.0,8.0,,1.0,1.0,1.0,10.0,1.0,10.0,2.0,10.0,,,6.0,1.0,7,10.0,10,1
2010-11-19,83592,,11,2,3841.0,00767T10,ASB,ADVANSOURCE BIOMATERIALS CORP,ASB,339112.0,A,A,R,31655,2,3841.0,,,,38.0,384.0,,,,,,,0.25,0.5625,21202.0,1.0,0.13,5300.5,ASB,10.0,10.0,6.0,10.0,9.0,1,10.0,10.0,8.0,1.0,10.0,2.0,10.0,,1.0,,9.0,3.0,8.0,10.0,3.0,5.0,1.0,1.0,3.0,1.0,,,,2.0,,,,3.0,4.0,10.0,10.0,8.0,,1.0,1.0,1.0,10.0,1.0,10.0,2.0,10.0,,,6.0,1.0,7,10.0,10,1
2010-11-22,83592,,11,2,3841.0,00767T10,ASB,ADVANSOURCE BIOMATERIALS CORP,ASB,339112.0,A,A,R,31655,2,3841.0,,,,38.0,384.0,,,,,,,0.185,-0.26,21202.0,1.0,0.23,3922.37,ASB,10.0,10.0,6.0,10.0,9.0,1,10.0,10.0,8.0,1.0,10.0,2.0,10.0,,1.0,,9.0,3.0,8.0,10.0,3.0,5.0,1.0,1.0,3.0,1.0,,,,2.0,,,,3.0,4.0,10.0,10.0,8.0,,1.0,1.0,1.0,10.0,1.0,10.0,2.0,10.0,,,6.0,1.0,7,10.0,10,1
2010-11-23,83592,,11,2,3841.0,00767T10,ASB,ADVANSOURCE BIOMATERIALS CORP,ASB,339112.0,A,A,R,31655,2,3841.0,,560.0,20101124.0,38.0,384.0,,,,,0.0,0.121,0.2,0.081081,21236.0,1.0,0.185,4247.2,ASB,10.0,10.0,6.0,10.0,9.0,1,10.0,10.0,8.0,1.0,10.0,2.0,10.0,,1.0,,9.0,3.0,8.0,10.0,3.0,5.0,1.0,1.0,3.0,1.0,,,,2.0,,,,3.0,4.0,10.0,10.0,8.0,,1.0,1.0,1.0,10.0,1.0,10.0,2.0,10.0,,,6.0,1.0,7,10.0,10,1
